
/Users/zanderchierici/Documents/GitHub/ME433/HW3/build/HW3.elf:     file format elf32-littlearm

Sections:
Idx Name          Size      VMA       LMA       File off  Algn
  0 .text         0000cd60  10000000  10000000  00001000  2**3
                  CONTENTS, ALLOC, LOAD, READONLY, CODE
  1 .rodata       00007448  1000cd60  1000cd60  0000dd60  2**3
                  CONTENTS, ALLOC, LOAD, READONLY, DATA
  2 .ARM.exidx    00000008  100141a8  100141a8  000151a8  2**2
                  CONTENTS, ALLOC, LOAD, READONLY, DATA
  3 .binary_info  00000024  100141b0  100141b0  000151b0  2**2
                  CONTENTS, ALLOC, LOAD, READONLY, DATA
  4 .ram_vector_table 00000110  20000000  20000000  00018000  2**2
                  ALLOC
  5 .uninitialized_data 00000000  20000110  20000110  00017d48  2**0
                  CONTENTS
  6 .data         00001b60  20000110  100141d4  00016110  2**3
                  CONTENTS, ALLOC, LOAD, READONLY, CODE
  7 .tdata        00000000  20001c70  20001c70  00017d48  2**0
                  CONTENTS, ALLOC, LOAD, DATA, THREAD_LOCAL
  8 .tbss         00000000  20001c70  20001c70  00000000  2**0
                  ALLOC, THREAD_LOCAL
  9 .bss          00000db8  20001c70  10015d34  00018c70  2**3
                  ALLOC
 10 .heap         00000800  20002a28  20002a28  00017d48  2**2
                  CONTENTS, READONLY
 11 .scratch_x    00000000  20080000  20080000  00018548  2**0
                  CONTENTS
 12 .scratch_y    00000000  20081000  20081000  00018548  2**0
                  CONTENTS
 13 .stack_dummy  00000800  20081000  20081000  00018560  2**5
                  CONTENTS, READONLY
 14 .flash_end    00000014  10015d34  10015d34  00017d34  2**2
                  CONTENTS, ALLOC, LOAD, READONLY, DATA
 15 .ARM.attributes 00000034  00000000  00000000  00018d60  2**0
                  CONTENTS, READONLY
 16 .comment      00000045  00000000  00000000  00018d94  2**0
                  CONTENTS, READONLY
 17 .debug_info   00033bab  00000000  00000000  00018dd9  2**0
                  CONTENTS, READONLY, DEBUGGING, OCTETS
 18 .debug_abbrev 00008f35  00000000  00000000  0004c984  2**0
                  CONTENTS, READONLY, DEBUGGING, OCTETS
 19 .debug_loclists 00018aed  00000000  00000000  000558b9  2**0
                  CONTENTS, READONLY, DEBUGGING, OCTETS
 20 .debug_aranges 00001318  00000000  00000000  0006e3a8  2**3
                  CONTENTS, READONLY, DEBUGGING, OCTETS
 21 .debug_rnglists 00004655  00000000  00000000  0006f6c0  2**0
                  CONTENTS, READONLY, DEBUGGING, OCTETS
 22 .debug_line   00021767  00000000  00000000  00073d15  2**0
                  CONTENTS, READONLY, DEBUGGING, OCTETS
 23 .debug_str    00009191  00000000  00000000  0009547c  2**0
                  CONTENTS, READONLY, DEBUGGING, OCTETS
 24 .debug_frame  000047e4  00000000  00000000  0009e610  2**2
                  CONTENTS, READONLY, DEBUGGING, OCTETS
 25 .debug_line_str 000002de  00000000  00000000  000a2df4  2**0
                  CONTENTS, READONLY, DEBUGGING, OCTETS

/Users/zanderchierici/Documents/GitHub/ME433/HW3/build/HW3.elf:     file format elf32-littlearm


Disassembly of section .text:

10000000 <__VECTOR_TABLE>:
10000000:	20082000 	.word	0x20082000
10000004:	1000015d 	.word	0x1000015d
10000008:	10000113 	.word	0x10000113
1000000c:	10000115 	.word	0x10000115
10000010:	10000111 	.word	0x10000111
10000014:	10000111 	.word	0x10000111
10000018:	10000111 	.word	0x10000111
1000001c:	10000111 	.word	0x10000111
10000020:	10000111 	.word	0x10000111
10000024:	10000111 	.word	0x10000111
10000028:	10000111 	.word	0x10000111
1000002c:	10000117 	.word	0x10000117
10000030:	10000111 	.word	0x10000111
10000034:	10000111 	.word	0x10000111
10000038:	10000119 	.word	0x10000119
1000003c:	1000011b 	.word	0x1000011b
10000040:	1000011d 	.word	0x1000011d
10000044:	1000011d 	.word	0x1000011d
10000048:	1000011d 	.word	0x1000011d
1000004c:	1000011d 	.word	0x1000011d
10000050:	1000011d 	.word	0x1000011d
10000054:	1000011d 	.word	0x1000011d
10000058:	1000011d 	.word	0x1000011d
1000005c:	1000011d 	.word	0x1000011d
10000060:	1000011d 	.word	0x1000011d
10000064:	1000011d 	.word	0x1000011d
10000068:	1000011d 	.word	0x1000011d
1000006c:	1000011d 	.word	0x1000011d
10000070:	1000011d 	.word	0x1000011d
10000074:	1000011d 	.word	0x1000011d
10000078:	1000011d 	.word	0x1000011d
1000007c:	1000011d 	.word	0x1000011d
10000080:	1000011d 	.word	0x1000011d
10000084:	1000011d 	.word	0x1000011d
10000088:	1000011d 	.word	0x1000011d
1000008c:	1000011d 	.word	0x1000011d
10000090:	1000011d 	.word	0x1000011d
10000094:	1000011d 	.word	0x1000011d
10000098:	1000011d 	.word	0x1000011d
1000009c:	1000011d 	.word	0x1000011d
100000a0:	1000011d 	.word	0x1000011d
100000a4:	1000011d 	.word	0x1000011d
100000a8:	1000011d 	.word	0x1000011d
100000ac:	1000011d 	.word	0x1000011d
100000b0:	1000011d 	.word	0x1000011d
100000b4:	1000011d 	.word	0x1000011d
100000b8:	1000011d 	.word	0x1000011d
100000bc:	1000011d 	.word	0x1000011d
100000c0:	1000011d 	.word	0x1000011d
100000c4:	1000011d 	.word	0x1000011d
100000c8:	1000011d 	.word	0x1000011d
100000cc:	1000011d 	.word	0x1000011d
100000d0:	1000011d 	.word	0x1000011d
100000d4:	1000011d 	.word	0x1000011d
100000d8:	1000011d 	.word	0x1000011d
100000dc:	1000011d 	.word	0x1000011d
100000e0:	1000011d 	.word	0x1000011d
100000e4:	1000011d 	.word	0x1000011d
100000e8:	1000011d 	.word	0x1000011d
100000ec:	1000011d 	.word	0x1000011d
100000f0:	1000011d 	.word	0x1000011d
100000f4:	1000011d 	.word	0x1000011d
100000f8:	1000011d 	.word	0x1000011d
100000fc:	1000011d 	.word	0x1000011d
10000100:	1000011d 	.word	0x1000011d
10000104:	1000011d 	.word	0x1000011d
10000108:	1000011d 	.word	0x1000011d
1000010c:	1000011d 	.word	0x1000011d

10000110 <isr_invalid>:
10000110:	be00      	bkpt	0x0000

10000112 <isr_nmi>:
10000112:	be00      	bkpt	0x0000

10000114 <isr_hardfault>:
10000114:	be00      	bkpt	0x0000

10000116 <isr_svcall>:
10000116:	be00      	bkpt	0x0000

10000118 <isr_pendsv>:
10000118:	be00      	bkpt	0x0000

1000011a <isr_systick>:
1000011a:	be00      	bkpt	0x0000

1000011c <__unhandled_user_irq>:
1000011c:	f3ef 8005 	mrs	r0, IPSR
10000120:	3810      	subs	r0, #16

10000122 <unhandled_user_irq_num_in_r0>:
10000122:	be00      	bkpt	0x0000

10000124 <binary_info_header>:
10000124:	7188ebf2 	.word	0x7188ebf2
10000128:	100141b0 	.word	0x100141b0
1000012c:	100141d4 	.word	0x100141d4
10000130:	100001a8 	.word	0x100001a8
10000134:	e71aa390 	.word	0xe71aa390

10000138 <__binary_info_header_end>:
10000138:	ffffded3 	.word	0xffffded3
1000013c:	10210142 	.word	0x10210142
10000140:	000001ff 	.word	0x000001ff
10000144:	00015bfc 	.word	0x00015bfc
10000148:	ab123579 	.word	0xab123579

1000014c <_entry_point>:
1000014c:	f04f 0000 	mov.w	r0, #0

10000150 <_enter_vtable_in_r0>:
10000150:	4920      	ldr	r1, [pc, #128]	@ (100001d4 <data_cpy_table+0x2c>)
10000152:	6008      	str	r0, [r1, #0]
10000154:	c806      	ldmia	r0!, {r1, r2}
10000156:	f381 8808 	msr	MSP, r1
1000015a:	4710      	bx	r2

1000015c <_reset_handler>:
1000015c:	f04f 4050 	mov.w	r0, #3489660928	@ 0xd0000000
10000160:	6800      	ldr	r0, [r0, #0]
10000162:	b110      	cbz	r0, 1000016a <hold_non_core0_in_bootrom+0x6>

10000164 <hold_non_core0_in_bootrom>:
10000164:	f04f 0000 	mov.w	r0, #0
10000168:	e7f2      	b.n	10000150 <_enter_vtable_in_r0>
1000016a:	a40f      	add	r4, pc, #60	@ (adr r4, 100001a8 <data_cpy_table>)
1000016c:	cc0e      	ldmia	r4!, {r1, r2, r3}
1000016e:	2900      	cmp	r1, #0
10000170:	d002      	beq.n	10000178 <hold_non_core0_in_bootrom+0x14>
10000172:	f000 f815 	bl	100001a0 <data_cpy>
10000176:	e7f9      	b.n	1000016c <hold_non_core0_in_bootrom+0x8>
10000178:	4917      	ldr	r1, [pc, #92]	@ (100001d8 <data_cpy_table+0x30>)
1000017a:	4a18      	ldr	r2, [pc, #96]	@ (100001dc <data_cpy_table+0x34>)
1000017c:	2000      	movs	r0, #0
1000017e:	e000      	b.n	10000182 <bss_fill_test>

10000180 <bss_fill_loop>:
10000180:	c101      	stmia	r1!, {r0}

10000182 <bss_fill_test>:
10000182:	4291      	cmp	r1, r2
10000184:	d1fc      	bne.n	10000180 <bss_fill_loop>

10000186 <platform_entry>:
10000186:	2000      	movs	r0, #0
10000188:	f380 880a 	msr	MSPLIM, r0
1000018c:	4914      	ldr	r1, [pc, #80]	@ (100001e0 <data_cpy_table+0x38>)
1000018e:	4788      	blx	r1
10000190:	4914      	ldr	r1, [pc, #80]	@ (100001e4 <data_cpy_table+0x3c>)
10000192:	4788      	blx	r1
10000194:	4914      	ldr	r1, [pc, #80]	@ (100001e8 <data_cpy_table+0x40>)
10000196:	4788      	blx	r1
10000198:	be00      	bkpt	0x0000
1000019a:	e7fd      	b.n	10000198 <platform_entry+0x12>

1000019c <data_cpy_loop>:
1000019c:	c901      	ldmia	r1!, {r0}
1000019e:	c201      	stmia	r2!, {r0}

100001a0 <data_cpy>:
100001a0:	429a      	cmp	r2, r3
100001a2:	d3fb      	bcc.n	1000019c <data_cpy_loop>
100001a4:	4770      	bx	lr
100001a6:	bf00      	nop

100001a8 <data_cpy_table>:
100001a8:	100141d4 	.word	0x100141d4
100001ac:	20000110 	.word	0x20000110
100001b0:	20001c70 	.word	0x20001c70
100001b4:	10015d34 	.word	0x10015d34
100001b8:	20080000 	.word	0x20080000
100001bc:	20080000 	.word	0x20080000
100001c0:	10015d34 	.word	0x10015d34
100001c4:	20081000 	.word	0x20081000
100001c8:	20081000 	.word	0x20081000
100001cc:	00000000 	.word	0x00000000
100001d0:	4770      	bx	lr
100001d2:	0000      	.short	0x0000
100001d4:	e000ed08 	.word	0xe000ed08
100001d8:	20001c70 	.word	0x20001c70
100001dc:	20002a28 	.word	0x20002a28
100001e0:	10003af9 	.word	0x10003af9
100001e4:	10000261 	.word	0x10000261
100001e8:	10003abd 	.word	0x10003abd

100001ec <_init>:
100001ec:	b5f8      	push	{r3, r4, r5, r6, r7, lr}
100001ee:	bf00      	nop

100001f0 <register_tm_clones>:
100001f0:	4b06      	ldr	r3, [pc, #24]	@ (1000020c <register_tm_clones+0x1c>)
100001f2:	4907      	ldr	r1, [pc, #28]	@ (10000210 <register_tm_clones+0x20>)
100001f4:	1ac9      	subs	r1, r1, r3
100001f6:	1089      	asrs	r1, r1, #2
100001f8:	bf48      	it	mi
100001fa:	3101      	addmi	r1, #1
100001fc:	1049      	asrs	r1, r1, #1
100001fe:	d003      	beq.n	10000208 <register_tm_clones+0x18>
10000200:	4b04      	ldr	r3, [pc, #16]	@ (10000214 <register_tm_clones+0x24>)
10000202:	b10b      	cbz	r3, 10000208 <register_tm_clones+0x18>
10000204:	4801      	ldr	r0, [pc, #4]	@ (1000020c <register_tm_clones+0x1c>)
10000206:	4718      	bx	r3
10000208:	4770      	bx	lr
1000020a:	bf00      	nop
1000020c:	20001c70 	.word	0x20001c70
10000210:	20001c70 	.word	0x20001c70
10000214:	00000000 	.word	0x00000000

10000218 <frame_dummy>:
10000218:	b508      	push	{r3, lr}
1000021a:	4b05      	ldr	r3, [pc, #20]	@ (10000230 <frame_dummy+0x18>)
1000021c:	b11b      	cbz	r3, 10000226 <frame_dummy+0xe>
1000021e:	4905      	ldr	r1, [pc, #20]	@ (10000234 <frame_dummy+0x1c>)
10000220:	4805      	ldr	r0, [pc, #20]	@ (10000238 <frame_dummy+0x20>)
10000222:	f3af 8000 	nop.w
10000226:	e8bd 4008 	ldmia.w	sp!, {r3, lr}
1000022a:	f7ff bfe1 	b.w	100001f0 <register_tm_clones>
1000022e:	bf00      	nop
10000230:	00000000 	.word	0x00000000
10000234:	200029b0 	.word	0x200029b0
10000238:	1000cd60 	.word	0x1000cd60

1000023c <gpio_callback>:
1000023c:	280e      	cmp	r0, #14
1000023e:	d000      	beq.n	10000242 <gpio_callback+0x6>
10000240:	4770      	bx	lr
10000242:	074b      	lsls	r3, r1, #29
10000244:	d5fc      	bpl.n	10000240 <gpio_callback+0x4>
10000246:	2001      	movs	r0, #1
10000248:	4a03      	ldr	r2, [pc, #12]	@ (10000258 <gpio_callback+0x1c>)
1000024a:	4904      	ldr	r1, [pc, #16]	@ (1000025c <gpio_callback+0x20>)
1000024c:	7813      	ldrb	r3, [r2, #0]
1000024e:	4043      	eors	r3, r0
10000250:	7013      	strb	r3, [r2, #0]
10000252:	7008      	strb	r0, [r1, #0]
10000254:	4770      	bx	lr
10000256:	bf00      	nop
10000258:	200014f8 	.word	0x200014f8
1000025c:	20002a20 	.word	0x20002a20

10000260 <main>:
10000260:	e92d 4ff0 	stmdb	sp!, {r4, r5, r6, r7, r8, r9, sl, fp, lr}
10000264:	b085      	sub	sp, #20
10000266:	af00      	add	r7, sp, #0
10000268:	f003 fdac 	bl	10003dc4 <stdio_init_all>
1000026c:	e002      	b.n	10000274 <main+0x14>
1000026e:	2064      	movs	r0, #100	@ 0x64
10000270:	f001 f982 	bl	10001578 <sleep_ms>
10000274:	f004 f8fa 	bl	1000446c <stdio_usb_connected>
10000278:	2800      	cmp	r0, #0
1000027a:	d0f8      	beq.n	1000026e <main+0xe>
1000027c:	484c      	ldr	r0, [pc, #304]	@ (100003b0 <main+0x150>)
1000027e:	f003 fde5 	bl	10003e4c <__wrap_puts>
10000282:	200f      	movs	r0, #15
10000284:	f000 fa2e 	bl	100006e4 <gpio_init>
10000288:	230f      	movs	r3, #15
1000028a:	f04f 0201 	mov.w	r2, #1
1000028e:	ec42 3044 	gpioc_bit_oe_put r3, r2
10000292:	4a48      	ldr	r2, [pc, #288]	@ (100003b4 <main+0x154>)
10000294:	7812      	ldrb	r2, [r2, #0]
10000296:	ec42 3040 	gpioc_bit_out_put r3, r2
1000029a:	200e      	movs	r0, #14
1000029c:	f000 fa22 	bl	100006e4 <gpio_init>
100002a0:	240e      	movs	r4, #14
100002a2:	f04f 0300 	mov.w	r3, #0
100002a6:	ec43 4044 	gpioc_bit_oe_put r4, r3
100002aa:	f20f 0bfc 	addw	fp, pc, #252	@ 0xfc
100002ae:	e9db ab00 	ldrd	sl, fp, [fp]
100002b2:	2200      	movs	r2, #0
100002b4:	2101      	movs	r1, #1
100002b6:	4620      	mov	r0, r4
100002b8:	f000 f99c 	bl	100005f4 <gpio_set_pulls>
100002bc:	4b3e      	ldr	r3, [pc, #248]	@ (100003b8 <main+0x158>)
100002be:	2201      	movs	r2, #1
100002c0:	2104      	movs	r1, #4
100002c2:	4620      	mov	r0, r4
100002c4:	f000 f9aa 	bl	1000061c <gpio_set_irq_enabled_with_callback>
100002c8:	f006 f9ca 	bl	10006660 <adc_init>
100002cc:	211f      	movs	r1, #31
100002ce:	201a      	movs	r0, #26
100002d0:	f000 f972 	bl	100005b8 <gpio_set_function>
100002d4:	2200      	movs	r2, #0
100002d6:	201a      	movs	r0, #26
100002d8:	4611      	mov	r1, r2
100002da:	f000 f98b 	bl	100005f4 <gpio_set_pulls>
100002de:	2100      	movs	r1, #0
100002e0:	201a      	movs	r0, #26
100002e2:	f000 f9ef 	bl	100006c4 <gpio_set_input_enabled>
100002e6:	4b35      	ldr	r3, [pc, #212]	@ (100003bc <main+0x15c>)
100002e8:	4a35      	ldr	r2, [pc, #212]	@ (100003c0 <main+0x160>)
100002ea:	681b      	ldr	r3, [r3, #0]
100002ec:	f403 4370 	and.w	r3, r3, #61440	@ 0xf000
100002f0:	6013      	str	r3, [r2, #0]
100002f2:	4a30      	ldr	r2, [pc, #192]	@ (100003b4 <main+0x154>)
100002f4:	230f      	movs	r3, #15
100002f6:	7812      	ldrb	r2, [r2, #0]
100002f8:	ec42 3040 	gpioc_bit_out_put r3, r2
100002fc:	4b31      	ldr	r3, [pc, #196]	@ (100003c4 <main+0x164>)
100002fe:	781b      	ldrb	r3, [r3, #0]
10000300:	2b00      	cmp	r3, #0
10000302:	d04b      	beq.n	1000039c <main+0x13c>
10000304:	4830      	ldr	r0, [pc, #192]	@ (100003c8 <main+0x168>)
10000306:	f8c7 d004 	str.w	sp, [r7, #4]
1000030a:	f003 fd9f 	bl	10003e4c <__wrap_puts>
1000030e:	f107 010c 	add.w	r1, r7, #12
10000312:	482e      	ldr	r0, [pc, #184]	@ (100003cc <main+0x16c>)
10000314:	f006 fe8e 	bl	10007034 <scanf>
10000318:	68f9      	ldr	r1, [r7, #12]
1000031a:	482d      	ldr	r0, [pc, #180]	@ (100003d0 <main+0x170>)
1000031c:	f003 fe16 	bl	10003f4c <__wrap_printf>
10000320:	482c      	ldr	r0, [pc, #176]	@ (100003d4 <main+0x174>)
10000322:	f003 fd93 	bl	10003e4c <__wrap_puts>
10000326:	68fa      	ldr	r2, [r7, #12]
10000328:	0093      	lsls	r3, r2, #2
1000032a:	3307      	adds	r3, #7
1000032c:	f023 0307 	bic.w	r3, r3, #7
10000330:	ebad 0d03 	sub.w	sp, sp, r3
10000334:	2a00      	cmp	r2, #0
10000336:	46e8      	mov	r8, sp
10000338:	dd23      	ble.n	10000382 <main+0x122>
1000033a:	2500      	movs	r5, #0
1000033c:	f04f 0904 	mov.w	r9, #4
10000340:	4e25      	ldr	r6, [pc, #148]	@ (100003d8 <main+0x178>)
10000342:	4c1e      	ldr	r4, [pc, #120]	@ (100003bc <main+0x15c>)
10000344:	f8c6 9000 	str.w	r9, [r6]
10000348:	6823      	ldr	r3, [r4, #0]
1000034a:	05db      	lsls	r3, r3, #23
1000034c:	d5fc      	bpl.n	10000348 <main+0xe8>
1000034e:	6860      	ldr	r0, [r4, #4]
10000350:	3501      	adds	r5, #1
10000352:	b280      	uxth	r0, r0
10000354:	f001 fd7a 	bl	10001e4c <__wrap___aeabi_i2d>
10000358:	4652      	mov	r2, sl
1000035a:	465b      	mov	r3, fp
1000035c:	f001 fcf4 	bl	10001d48 <__wrap___aeabi_dmul>
10000360:	f001 fd66 	bl	10001e30 <__wrap___aeabi_d2f>
10000364:	f848 0b04 	str.w	r0, [r8], #4
10000368:	f00c fcba 	bl	1000cce0 <____aeabi_f2d_veneer>
1000036c:	4602      	mov	r2, r0
1000036e:	460b      	mov	r3, r1
10000370:	481a      	ldr	r0, [pc, #104]	@ (100003dc <main+0x17c>)
10000372:	f003 fdeb 	bl	10003f4c <__wrap_printf>
10000376:	200a      	movs	r0, #10
10000378:	f001 f8fe 	bl	10001578 <sleep_ms>
1000037c:	68fb      	ldr	r3, [r7, #12]
1000037e:	42ab      	cmp	r3, r5
10000380:	dce0      	bgt.n	10000344 <main+0xe4>
10000382:	4817      	ldr	r0, [pc, #92]	@ (100003e0 <main+0x180>)
10000384:	f003 fd62 	bl	10003e4c <__wrap_puts>
10000388:	2200      	movs	r2, #0
1000038a:	490a      	ldr	r1, [pc, #40]	@ (100003b4 <main+0x154>)
1000038c:	780b      	ldrb	r3, [r1, #0]
1000038e:	f083 0301 	eor.w	r3, r3, #1
10000392:	700b      	strb	r3, [r1, #0]
10000394:	4b0b      	ldr	r3, [pc, #44]	@ (100003c4 <main+0x164>)
10000396:	701a      	strb	r2, [r3, #0]
10000398:	f8d7 d004 	ldr.w	sp, [r7, #4]
1000039c:	2032      	movs	r0, #50	@ 0x32
1000039e:	f001 f8eb 	bl	10001578 <sleep_ms>
100003a2:	e7a6      	b.n	100002f2 <main+0x92>
100003a4:	f3af 8000 	nop.w
100003a8:	eb1c432d 	.word	0xeb1c432d
100003ac:	3f4a36e2 	.word	0x3f4a36e2
100003b0:	1000cd60 	.word	0x1000cd60
100003b4:	200014f8 	.word	0x200014f8
100003b8:	1000023d 	.word	0x1000023d
100003bc:	400a0000 	.word	0x400a0000
100003c0:	400a1000 	.word	0x400a1000
100003c4:	20002a20 	.word	0x20002a20
100003c8:	1000cd68 	.word	0x1000cd68
100003cc:	1000cda0 	.word	0x1000cda0
100003d0:	1000cda4 	.word	0x1000cda4
100003d4:	1000cdb8 	.word	0x1000cdb8
100003d8:	400a2000 	.word	0x400a2000
100003dc:	1000cddc 	.word	0x1000cddc
100003e0:	1000cde0 	.word	0x1000cde0

100003e4 <gpio_default_irq_handler>:
100003e4:	f04f 4250 	mov.w	r2, #3489660928	@ 0xd0000000
100003e8:	e92d 4ff8 	stmdb	sp!, {r3, r4, r5, r6, r7, r8, r9, sl, fp, lr}
100003ec:	4b6d      	ldr	r3, [pc, #436]	@ (100005a4 <gpio_default_irq_handler+0x1c0>)
100003ee:	f8d2 a000 	ldr.w	sl, [r2]
100003f2:	f853 702a 	ldr.w	r7, [r3, sl, lsl #2]
100003f6:	f1ba 0f00 	cmp.w	sl, #0
100003fa:	d02c      	beq.n	10000456 <gpio_default_irq_handler+0x72>
100003fc:	f8df 81b0 	ldr.w	r8, [pc, #432]	@ 100005b0 <gpio_default_irq_handler+0x1cc>
10000400:	b36f      	cbz	r7, 1000045e <gpio_default_irq_handler+0x7a>
10000402:	2600      	movs	r6, #0
10000404:	f8df b1a0 	ldr.w	fp, [pc, #416]	@ 100005a8 <gpio_default_irq_handler+0x1c4>
10000408:	f8df 91a0 	ldr.w	r9, [pc, #416]	@ 100005ac <gpio_default_irq_handler+0x1c8>
1000040c:	08f3      	lsrs	r3, r6, #3
1000040e:	330c      	adds	r3, #12
10000410:	f858 5023 	ldr.w	r5, [r8, r3, lsl #2]
10000414:	4634      	mov	r4, r6
10000416:	3608      	adds	r6, #8
10000418:	b1cd      	cbz	r5, 1000044e <gpio_default_irq_handler+0x6a>
1000041a:	f005 010f 	and.w	r1, r5, #15
1000041e:	4620      	mov	r0, r4
10000420:	092d      	lsrs	r5, r5, #4
10000422:	3401      	adds	r4, #1
10000424:	b189      	cbz	r1, 1000044a <gpio_default_irq_handler+0x66>
10000426:	f85b 202a 	ldr.w	r2, [fp, sl, lsl #2]
1000042a:	f000 0307 	and.w	r3, r0, #7
1000042e:	40c2      	lsrs	r2, r0
10000430:	ea4f 0cd0 	mov.w	ip, r0, lsr #3
10000434:	009b      	lsls	r3, r3, #2
10000436:	07d2      	lsls	r2, r2, #31
10000438:	fa01 f303 	lsl.w	r3, r1, r3
1000043c:	f10c 0c8c 	add.w	ip, ip, #140	@ 0x8c
10000440:	d402      	bmi.n	10000448 <gpio_default_irq_handler+0x64>
10000442:	f849 302c 	str.w	r3, [r9, ip, lsl #2]
10000446:	47b8      	blx	r7
10000448:	b10d      	cbz	r5, 1000044e <gpio_default_irq_handler+0x6a>
1000044a:	42b4      	cmp	r4, r6
1000044c:	d3e5      	bcc.n	1000041a <gpio_default_irq_handler+0x36>
1000044e:	2e20      	cmp	r6, #32
10000450:	d1dc      	bne.n	1000040c <gpio_default_irq_handler+0x28>
10000452:	e8bd 8ff8 	ldmia.w	sp!, {r3, r4, r5, r6, r7, r8, r9, sl, fp, pc}
10000456:	f8df 815c 	ldr.w	r8, [pc, #348]	@ 100005b4 <gpio_default_irq_handler+0x1d0>
1000045a:	2f00      	cmp	r7, #0
1000045c:	d1d1      	bne.n	10000402 <gpio_default_irq_handler+0x1e>
1000045e:	4852      	ldr	r0, [pc, #328]	@ (100005a8 <gpio_default_irq_handler+0x1c4>)
10000460:	08f9      	lsrs	r1, r7, #3
10000462:	f101 030c 	add.w	r3, r1, #12
10000466:	f858 3023 	ldr.w	r3, [r8, r3, lsl #2]
1000046a:	2b00      	cmp	r3, #0
1000046c:	d07b      	beq.n	10000566 <gpio_default_irq_handler+0x182>
1000046e:	f013 050f 	ands.w	r5, r3, #15
10000472:	ea4f 1213 	mov.w	r2, r3, lsr #4
10000476:	d00a      	beq.n	1000048e <gpio_default_irq_handler+0xaa>
10000478:	f850 402a 	ldr.w	r4, [r0, sl, lsl #2]
1000047c:	40fc      	lsrs	r4, r7
1000047e:	07e6      	lsls	r6, r4, #31
10000480:	d403      	bmi.n	1000048a <gpio_default_irq_handler+0xa6>
10000482:	4c4a      	ldr	r4, [pc, #296]	@ (100005ac <gpio_default_irq_handler+0x1c8>)
10000484:	318c      	adds	r1, #140	@ 0x8c
10000486:	f844 5021 	str.w	r5, [r4, r1, lsl #2]
1000048a:	2a00      	cmp	r2, #0
1000048c:	d06b      	beq.n	10000566 <gpio_default_irq_handler+0x182>
1000048e:	f012 020f 	ands.w	r2, r2, #15
10000492:	ea4f 2113 	mov.w	r1, r3, lsr #8
10000496:	d00d      	beq.n	100004b4 <gpio_default_irq_handler+0xd0>
10000498:	f850 402a 	ldr.w	r4, [r0, sl, lsl #2]
1000049c:	1c7d      	adds	r5, r7, #1
1000049e:	40ec      	lsrs	r4, r5
100004a0:	07e4      	lsls	r4, r4, #31
100004a2:	d405      	bmi.n	100004b0 <gpio_default_irq_handler+0xcc>
100004a4:	08ec      	lsrs	r4, r5, #3
100004a6:	4d41      	ldr	r5, [pc, #260]	@ (100005ac <gpio_default_irq_handler+0x1c8>)
100004a8:	0112      	lsls	r2, r2, #4
100004aa:	348c      	adds	r4, #140	@ 0x8c
100004ac:	f845 2024 	str.w	r2, [r5, r4, lsl #2]
100004b0:	2900      	cmp	r1, #0
100004b2:	d058      	beq.n	10000566 <gpio_default_irq_handler+0x182>
100004b4:	f011 010f 	ands.w	r1, r1, #15
100004b8:	ea4f 3213 	mov.w	r2, r3, lsr #12
100004bc:	d007      	beq.n	100004ce <gpio_default_irq_handler+0xea>
100004be:	f850 402a 	ldr.w	r4, [r0, sl, lsl #2]
100004c2:	1cbd      	adds	r5, r7, #2
100004c4:	40ec      	lsrs	r4, r5
100004c6:	07e6      	lsls	r6, r4, #31
100004c8:	d557      	bpl.n	1000057a <gpio_default_irq_handler+0x196>
100004ca:	2a00      	cmp	r2, #0
100004cc:	d04b      	beq.n	10000566 <gpio_default_irq_handler+0x182>
100004ce:	f012 020f 	ands.w	r2, r2, #15
100004d2:	ea4f 4113 	mov.w	r1, r3, lsr #16
100004d6:	d007      	beq.n	100004e8 <gpio_default_irq_handler+0x104>
100004d8:	f850 402a 	ldr.w	r4, [r0, sl, lsl #2]
100004dc:	1cfd      	adds	r5, r7, #3
100004de:	40ec      	lsrs	r4, r5
100004e0:	07e4      	lsls	r4, r4, #31
100004e2:	d551      	bpl.n	10000588 <gpio_default_irq_handler+0x1a4>
100004e4:	2900      	cmp	r1, #0
100004e6:	d03e      	beq.n	10000566 <gpio_default_irq_handler+0x182>
100004e8:	f011 010f 	ands.w	r1, r1, #15
100004ec:	ea4f 5213 	mov.w	r2, r3, lsr #20
100004f0:	d007      	beq.n	10000502 <gpio_default_irq_handler+0x11e>
100004f2:	4c2d      	ldr	r4, [pc, #180]	@ (100005a8 <gpio_default_irq_handler+0x1c4>)
100004f4:	f854 502a 	ldr.w	r5, [r4, sl, lsl #2]
100004f8:	1d3c      	adds	r4, r7, #4
100004fa:	40e5      	lsrs	r5, r4
100004fc:	07ee      	lsls	r6, r5, #31
100004fe:	d54a      	bpl.n	10000596 <gpio_default_irq_handler+0x1b2>
10000500:	b38a      	cbz	r2, 10000566 <gpio_default_irq_handler+0x182>
10000502:	f012 020f 	ands.w	r2, r2, #15
10000506:	ea4f 6113 	mov.w	r1, r3, lsr #24
1000050a:	d00d      	beq.n	10000528 <gpio_default_irq_handler+0x144>
1000050c:	4c26      	ldr	r4, [pc, #152]	@ (100005a8 <gpio_default_irq_handler+0x1c4>)
1000050e:	f854 502a 	ldr.w	r5, [r4, sl, lsl #2]
10000512:	1d7c      	adds	r4, r7, #5
10000514:	40e5      	lsrs	r5, r4
10000516:	07ed      	lsls	r5, r5, #31
10000518:	d405      	bmi.n	10000526 <gpio_default_irq_handler+0x142>
1000051a:	4d24      	ldr	r5, [pc, #144]	@ (100005ac <gpio_default_irq_handler+0x1c8>)
1000051c:	08e4      	lsrs	r4, r4, #3
1000051e:	0512      	lsls	r2, r2, #20
10000520:	348c      	adds	r4, #140	@ 0x8c
10000522:	f845 2024 	str.w	r2, [r5, r4, lsl #2]
10000526:	b1f1      	cbz	r1, 10000566 <gpio_default_irq_handler+0x182>
10000528:	f011 010f 	ands.w	r1, r1, #15
1000052c:	ea4f 7313 	mov.w	r3, r3, lsr #28
10000530:	d01f      	beq.n	10000572 <gpio_default_irq_handler+0x18e>
10000532:	4c1d      	ldr	r4, [pc, #116]	@ (100005a8 <gpio_default_irq_handler+0x1c4>)
10000534:	1dbd      	adds	r5, r7, #6
10000536:	f854 202a 	ldr.w	r2, [r4, sl, lsl #2]
1000053a:	40ea      	lsrs	r2, r5
1000053c:	07d6      	lsls	r6, r2, #31
1000053e:	d405      	bmi.n	1000054c <gpio_default_irq_handler+0x168>
10000540:	08ea      	lsrs	r2, r5, #3
10000542:	4d1a      	ldr	r5, [pc, #104]	@ (100005ac <gpio_default_irq_handler+0x1c8>)
10000544:	0609      	lsls	r1, r1, #24
10000546:	328c      	adds	r2, #140	@ 0x8c
10000548:	f845 1022 	str.w	r1, [r5, r2, lsl #2]
1000054c:	b15b      	cbz	r3, 10000566 <gpio_default_irq_handler+0x182>
1000054e:	f854 102a 	ldr.w	r1, [r4, sl, lsl #2]
10000552:	1dfa      	adds	r2, r7, #7
10000554:	40d1      	lsrs	r1, r2
10000556:	07c9      	lsls	r1, r1, #31
10000558:	d405      	bmi.n	10000566 <gpio_default_irq_handler+0x182>
1000055a:	4914      	ldr	r1, [pc, #80]	@ (100005ac <gpio_default_irq_handler+0x1c8>)
1000055c:	08d2      	lsrs	r2, r2, #3
1000055e:	071b      	lsls	r3, r3, #28
10000560:	328c      	adds	r2, #140	@ 0x8c
10000562:	f841 3022 	str.w	r3, [r1, r2, lsl #2]
10000566:	3708      	adds	r7, #8
10000568:	2f20      	cmp	r7, #32
1000056a:	f47f af79 	bne.w	10000460 <gpio_default_irq_handler+0x7c>
1000056e:	e8bd 8ff8 	ldmia.w	sp!, {r3, r4, r5, r6, r7, r8, r9, sl, fp, pc}
10000572:	2b00      	cmp	r3, #0
10000574:	d0f7      	beq.n	10000566 <gpio_default_irq_handler+0x182>
10000576:	4c0c      	ldr	r4, [pc, #48]	@ (100005a8 <gpio_default_irq_handler+0x1c4>)
10000578:	e7e9      	b.n	1000054e <gpio_default_irq_handler+0x16a>
1000057a:	08ec      	lsrs	r4, r5, #3
1000057c:	4d0b      	ldr	r5, [pc, #44]	@ (100005ac <gpio_default_irq_handler+0x1c8>)
1000057e:	0209      	lsls	r1, r1, #8
10000580:	348c      	adds	r4, #140	@ 0x8c
10000582:	f845 1024 	str.w	r1, [r5, r4, lsl #2]
10000586:	e7a0      	b.n	100004ca <gpio_default_irq_handler+0xe6>
10000588:	08ec      	lsrs	r4, r5, #3
1000058a:	4d08      	ldr	r5, [pc, #32]	@ (100005ac <gpio_default_irq_handler+0x1c8>)
1000058c:	0312      	lsls	r2, r2, #12
1000058e:	348c      	adds	r4, #140	@ 0x8c
10000590:	f845 2024 	str.w	r2, [r5, r4, lsl #2]
10000594:	e7a6      	b.n	100004e4 <gpio_default_irq_handler+0x100>
10000596:	4d05      	ldr	r5, [pc, #20]	@ (100005ac <gpio_default_irq_handler+0x1c8>)
10000598:	08e4      	lsrs	r4, r4, #3
1000059a:	0409      	lsls	r1, r1, #16
1000059c:	348c      	adds	r4, #140	@ 0x8c
1000059e:	f845 1024 	str.w	r1, [r5, r4, lsl #2]
100005a2:	e7ad      	b.n	10000500 <gpio_default_irq_handler+0x11c>
100005a4:	20002528 	.word	0x20002528
100005a8:	200029f0 	.word	0x200029f0
100005ac:	40028000 	.word	0x40028000
100005b0:	40028290 	.word	0x40028290
100005b4:	40028248 	.word	0x40028248

100005b8 <gpio_set_function>:
100005b8:	b410      	push	{r4}
100005ba:	f44f 7480 	mov.w	r4, #256	@ 0x100
100005be:	4b0c      	ldr	r3, [pc, #48]	@ (100005f0 <gpio_set_function+0x38>)
100005c0:	f853 2020 	ldr.w	r2, [r3, r0, lsl #2]
100005c4:	eb03 0380 	add.w	r3, r3, r0, lsl #2
100005c8:	00c0      	lsls	r0, r0, #3
100005ca:	f082 0240 	eor.w	r2, r2, #64	@ 0x40
100005ce:	f100 4080 	add.w	r0, r0, #1073741824	@ 0x40000000
100005d2:	f503 5c80 	add.w	ip, r3, #4096	@ 0x1000
100005d6:	f002 02c0 	and.w	r2, r2, #192	@ 0xc0
100005da:	f500 3020 	add.w	r0, r0, #163840	@ 0x28000
100005de:	f503 5340 	add.w	r3, r3, #12288	@ 0x3000
100005e2:	f8cc 2000 	str.w	r2, [ip]
100005e6:	6041      	str	r1, [r0, #4]
100005e8:	601c      	str	r4, [r3, #0]
100005ea:	f85d 4b04 	ldr.w	r4, [sp], #4
100005ee:	4770      	bx	lr
100005f0:	40038004 	.word	0x40038004

100005f4 <gpio_set_pulls>:
100005f4:	b410      	push	{r4}
100005f6:	4c08      	ldr	r4, [pc, #32]	@ (10000618 <gpio_set_pulls+0x24>)
100005f8:	00c9      	lsls	r1, r1, #3
100005fa:	ea41 0182 	orr.w	r1, r1, r2, lsl #2
100005fe:	f854 2020 	ldr.w	r2, [r4, r0, lsl #2]
10000602:	eb04 0380 	add.w	r3, r4, r0, lsl #2
10000606:	4051      	eors	r1, r2
10000608:	f503 5380 	add.w	r3, r3, #4096	@ 0x1000
1000060c:	f001 010c 	and.w	r1, r1, #12
10000610:	f85d 4b04 	ldr.w	r4, [sp], #4
10000614:	6019      	str	r1, [r3, #0]
10000616:	4770      	bx	lr
10000618:	40038004 	.word	0x40038004

1000061c <gpio_set_irq_enabled_with_callback>:
1000061c:	e92d 43f0 	stmdb	sp!, {r4, r5, r6, r7, r8, r9, lr}
10000620:	f04f 4950 	mov.w	r9, #3489660928	@ 0xd0000000
10000624:	461f      	mov	r7, r3
10000626:	f8df 8098 	ldr.w	r8, [pc, #152]	@ 100006c0 <gpio_set_irq_enabled_with_callback+0xa4>
1000062a:	f8d9 3000 	ldr.w	r3, [r9]
1000062e:	4616      	mov	r6, r2
10000630:	f858 2023 	ldr.w	r2, [r8, r3, lsl #2]
10000634:	4604      	mov	r4, r0
10000636:	460d      	mov	r5, r1
10000638:	b083      	sub	sp, #12
1000063a:	b332      	cbz	r2, 1000068a <gpio_set_irq_enabled_with_callback+0x6e>
1000063c:	b387      	cbz	r7, 100006a0 <gpio_set_irq_enabled_with_callback+0x84>
1000063e:	f848 7023 	str.w	r7, [r8, r3, lsl #2]
10000642:	f04f 4350 	mov.w	r3, #3489660928	@ 0xd0000000
10000646:	681b      	ldr	r3, [r3, #0]
10000648:	b1bb      	cbz	r3, 1000067a <gpio_set_irq_enabled_with_callback+0x5e>
1000064a:	4b19      	ldr	r3, [pc, #100]	@ (100006b0 <gpio_set_irq_enabled_with_callback+0x94>)
1000064c:	08e1      	lsrs	r1, r4, #3
1000064e:	f004 0407 	and.w	r4, r4, #7
10000652:	4a18      	ldr	r2, [pc, #96]	@ (100006b4 <gpio_set_irq_enabled_with_callback+0x98>)
10000654:	00a4      	lsls	r4, r4, #2
10000656:	fa05 f404 	lsl.w	r4, r5, r4
1000065a:	eb03 0381 	add.w	r3, r3, r1, lsl #2
1000065e:	318c      	adds	r1, #140	@ 0x8c
10000660:	f842 4021 	str.w	r4, [r2, r1, lsl #2]
10000664:	b15e      	cbz	r6, 1000067e <gpio_set_irq_enabled_with_callback+0x62>
10000666:	2101      	movs	r1, #1
10000668:	2015      	movs	r0, #21
1000066a:	f503 5300 	add.w	r3, r3, #8192	@ 0x2000
1000066e:	601c      	str	r4, [r3, #0]
10000670:	b003      	add	sp, #12
10000672:	e8bd 43f0 	ldmia.w	sp!, {r4, r5, r6, r7, r8, r9, lr}
10000676:	f000 b92d 	b.w	100008d4 <irq_set_enabled>
1000067a:	4b0f      	ldr	r3, [pc, #60]	@ (100006b8 <gpio_set_irq_enabled_with_callback+0x9c>)
1000067c:	e7e6      	b.n	1000064c <gpio_set_irq_enabled_with_callback+0x30>
1000067e:	f503 5340 	add.w	r3, r3, #12288	@ 0x3000
10000682:	601c      	str	r4, [r3, #0]
10000684:	b003      	add	sp, #12
10000686:	e8bd 83f0 	ldmia.w	sp!, {r4, r5, r6, r7, r8, r9, pc}
1000068a:	2f00      	cmp	r7, #0
1000068c:	d0dc      	beq.n	10000648 <gpio_set_irq_enabled_with_callback+0x2c>
1000068e:	2015      	movs	r0, #21
10000690:	490a      	ldr	r1, [pc, #40]	@ (100006bc <gpio_set_irq_enabled_with_callback+0xa0>)
10000692:	f848 7023 	str.w	r7, [r8, r3, lsl #2]
10000696:	f000 f98f 	bl	100009b8 <irq_add_shared_handler>
1000069a:	f8d9 3000 	ldr.w	r3, [r9]
1000069e:	e7d3      	b.n	10000648 <gpio_set_irq_enabled_with_callback+0x2c>
100006a0:	2015      	movs	r0, #21
100006a2:	4906      	ldr	r1, [pc, #24]	@ (100006bc <gpio_set_irq_enabled_with_callback+0xa0>)
100006a4:	9301      	str	r3, [sp, #4]
100006a6:	f000 fa7b 	bl	10000ba0 <irq_remove_handler>
100006aa:	9b01      	ldr	r3, [sp, #4]
100006ac:	e7c7      	b.n	1000063e <gpio_set_irq_enabled_with_callback+0x22>
100006ae:	bf00      	nop
100006b0:	40028290 	.word	0x40028290
100006b4:	40028000 	.word	0x40028000
100006b8:	40028248 	.word	0x40028248
100006bc:	100003e5 	.word	0x100003e5
100006c0:	20002528 	.word	0x20002528

100006c4 <gpio_set_input_enabled>:
100006c4:	4b06      	ldr	r3, [pc, #24]	@ (100006e0 <gpio_set_input_enabled+0x1c>)
100006c6:	2240      	movs	r2, #64	@ 0x40
100006c8:	eb03 0380 	add.w	r3, r3, r0, lsl #2
100006cc:	b119      	cbz	r1, 100006d6 <gpio_set_input_enabled+0x12>
100006ce:	f503 5300 	add.w	r3, r3, #8192	@ 0x2000
100006d2:	601a      	str	r2, [r3, #0]
100006d4:	4770      	bx	lr
100006d6:	f503 5340 	add.w	r3, r3, #12288	@ 0x3000
100006da:	601a      	str	r2, [r3, #0]
100006dc:	4770      	bx	lr
100006de:	bf00      	nop
100006e0:	40038004 	.word	0x40038004

100006e4 <gpio_init>:
100006e4:	b430      	push	{r4, r5}
100006e6:	f04f 0300 	mov.w	r3, #0
100006ea:	ec43 0044 	gpioc_bit_oe_put r0, r3
100006ee:	ec43 0040 	gpioc_bit_out_put r0, r3
100006f2:	2505      	movs	r5, #5
100006f4:	f44f 7480 	mov.w	r4, #256	@ 0x100
100006f8:	4b0b      	ldr	r3, [pc, #44]	@ (10000728 <gpio_init+0x44>)
100006fa:	00c2      	lsls	r2, r0, #3
100006fc:	f853 1020 	ldr.w	r1, [r3, r0, lsl #2]
10000700:	eb03 0080 	add.w	r0, r3, r0, lsl #2
10000704:	f081 0140 	eor.w	r1, r1, #64	@ 0x40
10000708:	f102 4380 	add.w	r3, r2, #1073741824	@ 0x40000000
1000070c:	f503 3320 	add.w	r3, r3, #163840	@ 0x28000
10000710:	f001 02c0 	and.w	r2, r1, #192	@ 0xc0
10000714:	f500 5180 	add.w	r1, r0, #4096	@ 0x1000
10000718:	f500 5040 	add.w	r0, r0, #12288	@ 0x3000
1000071c:	600a      	str	r2, [r1, #0]
1000071e:	605d      	str	r5, [r3, #4]
10000720:	6004      	str	r4, [r0, #0]
10000722:	bc30      	pop	{r4, r5}
10000724:	4770      	bx	lr
10000726:	bf00      	nop
10000728:	40038004 	.word	0x40038004

1000072c <panic>:
1000072c:	b40f      	push	{r0, r1, r2, r3}
1000072e:	b500      	push	{lr}
10000730:	b083      	sub	sp, #12
10000732:	9c04      	ldr	r4, [sp, #16]
10000734:	4807      	ldr	r0, [pc, #28]	@ (10000754 <panic+0x28>)
10000736:	f003 fb89 	bl	10003e4c <__wrap_puts>
1000073a:	b13c      	cbz	r4, 1000074c <panic+0x20>
1000073c:	a905      	add	r1, sp, #20
1000073e:	4620      	mov	r0, r4
10000740:	9101      	str	r1, [sp, #4]
10000742:	f003 f95b 	bl	100039fc <weak_raw_vprintf>
10000746:	4804      	ldr	r0, [pc, #16]	@ (10000758 <panic+0x2c>)
10000748:	f003 fb80 	bl	10003e4c <__wrap_puts>
1000074c:	2001      	movs	r0, #1
1000074e:	f003 f96d 	bl	10003a2c <_exit>
10000752:	bf00      	nop
10000754:	1000ce00 	.word	0x1000ce00
10000758:	1000ce10 	.word	0x1000ce10

1000075c <hw_claim_or_assert>:
1000075c:	b570      	push	{r4, r5, r6, lr}
1000075e:	4686      	mov	lr, r0
10000760:	f3ef 8510 	mrs	r5, PRIMASK
10000764:	b672      	cpsid	i
10000766:	4c12      	ldr	r4, [pc, #72]	@ (100007b0 <hw_claim_or_assert+0x54>)
10000768:	e8d4 6fcf 	ldaexb	r6, [r4]
1000076c:	2001      	movs	r0, #1
1000076e:	2e00      	cmp	r6, #0
10000770:	d1fa      	bne.n	10000768 <hw_claim_or_assert+0xc>
10000772:	e8c4 0f46 	strexb	r6, r0, [r4]
10000776:	2e00      	cmp	r6, #0
10000778:	d1f6      	bne.n	10000768 <hw_claim_or_assert+0xc>
1000077a:	f3bf 8f5f 	dmb	sy
1000077e:	f04f 0c01 	mov.w	ip, #1
10000782:	08c8      	lsrs	r0, r1, #3
10000784:	f001 0307 	and.w	r3, r1, #7
10000788:	fa0c f303 	lsl.w	r3, ip, r3
1000078c:	f81e c000 	ldrb.w	ip, [lr, r0]
10000790:	ea1c 0603 	ands.w	r6, ip, r3
10000794:	d108      	bne.n	100007a8 <hw_claim_or_assert+0x4c>
10000796:	ea4c 0c03 	orr.w	ip, ip, r3
1000079a:	f80e c000 	strb.w	ip, [lr, r0]
1000079e:	e8c4 6f8f 	stlb	r6, [r4]
100007a2:	f385 8810 	msr	PRIMASK, r5
100007a6:	bd70      	pop	{r4, r5, r6, pc}
100007a8:	4610      	mov	r0, r2
100007aa:	f7ff ffbf 	bl	1000072c <panic>
100007ae:	bf00      	nop
100007b0:	2000211f 	.word	0x2000211f

100007b4 <hw_claim_unused_from_range>:
100007b4:	b5f8      	push	{r3, r4, r5, r6, r7, lr}
100007b6:	f3ef 8710 	mrs	r7, PRIMASK
100007ba:	b672      	cpsid	i
100007bc:	4e1c      	ldr	r6, [pc, #112]	@ (10000830 <hw_claim_unused_from_range+0x7c>)
100007be:	e8d6 5fcf 	ldaexb	r5, [r6]
100007c2:	2401      	movs	r4, #1
100007c4:	2d00      	cmp	r5, #0
100007c6:	d1fa      	bne.n	100007be <hw_claim_unused_from_range+0xa>
100007c8:	e8c6 4f45 	strexb	r5, r4, [r6]
100007cc:	2d00      	cmp	r5, #0
100007ce:	d1f6      	bne.n	100007be <hw_claim_unused_from_range+0xa>
100007d0:	f3bf 8f5f 	dmb	sy
100007d4:	429a      	cmp	r2, r3
100007d6:	d81b      	bhi.n	10000810 <hw_claim_unused_from_range+0x5c>
100007d8:	2501      	movs	r5, #1
100007da:	e002      	b.n	100007e2 <hw_claim_unused_from_range+0x2e>
100007dc:	3201      	adds	r2, #1
100007de:	4293      	cmp	r3, r2
100007e0:	d322      	bcc.n	10000828 <hw_claim_unused_from_range+0x74>
100007e2:	08d4      	lsrs	r4, r2, #3
100007e4:	f810 e004 	ldrb.w	lr, [r0, r4]
100007e8:	f002 0c07 	and.w	ip, r2, #7
100007ec:	fa05 fc0c 	lsl.w	ip, r5, ip
100007f0:	ea1e 0f0c 	tst.w	lr, ip
100007f4:	d1f2      	bne.n	100007dc <hw_claim_unused_from_range+0x28>
100007f6:	ea4e 0e0c 	orr.w	lr, lr, ip
100007fa:	f800 e004 	strb.w	lr, [r0, r4]
100007fe:	4610      	mov	r0, r2
10000800:	2300      	movs	r3, #0
10000802:	e8c6 3f8f 	stlb	r3, [r6]
10000806:	f387 8810 	msr	PRIMASK, r7
1000080a:	4298      	cmp	r0, r3
1000080c:	db07      	blt.n	1000081e <hw_claim_unused_from_range+0x6a>
1000080e:	bdf8      	pop	{r3, r4, r5, r6, r7, pc}
10000810:	2300      	movs	r3, #0
10000812:	e8c6 3f8f 	stlb	r3, [r6]
10000816:	f387 8810 	msr	PRIMASK, r7
1000081a:	f04f 30ff 	mov.w	r0, #4294967295	@ 0xffffffff
1000081e:	2900      	cmp	r1, #0
10000820:	d0f5      	beq.n	1000080e <hw_claim_unused_from_range+0x5a>
10000822:	9806      	ldr	r0, [sp, #24]
10000824:	f7ff ff82 	bl	1000072c <panic>
10000828:	f04f 30ff 	mov.w	r0, #4294967295	@ 0xffffffff
1000082c:	e7e8      	b.n	10000800 <hw_claim_unused_from_range+0x4c>
1000082e:	bf00      	nop
10000830:	2000211f 	.word	0x2000211f

10000834 <next_striped_spin_lock_num>:
10000834:	4a04      	ldr	r2, [pc, #16]	@ (10000848 <next_striped_spin_lock_num+0x14>)
10000836:	7810      	ldrb	r0, [r2, #0]
10000838:	1c43      	adds	r3, r0, #1
1000083a:	b2db      	uxtb	r3, r3
1000083c:	2b18      	cmp	r3, #24
1000083e:	bf28      	it	cs
10000840:	2310      	movcs	r3, #16
10000842:	7013      	strb	r3, [r2, #0]
10000844:	4770      	bx	lr
10000846:	bf00      	nop
10000848:	200014f9 	.word	0x200014f9

1000084c <spin_lock_claim_unused>:
1000084c:	b510      	push	{r4, lr}
1000084e:	4c05      	ldr	r4, [pc, #20]	@ (10000864 <spin_lock_claim_unused+0x18>)
10000850:	b082      	sub	sp, #8
10000852:	4601      	mov	r1, r0
10000854:	231f      	movs	r3, #31
10000856:	2218      	movs	r2, #24
10000858:	9400      	str	r4, [sp, #0]
1000085a:	4803      	ldr	r0, [pc, #12]	@ (10000868 <spin_lock_claim_unused+0x1c>)
1000085c:	f7ff ffaa 	bl	100007b4 <hw_claim_unused_from_range>
10000860:	b002      	add	sp, #8
10000862:	bd10      	pop	{r4, pc}
10000864:	1000ce14 	.word	0x1000ce14
10000868:	20002538 	.word	0x20002538

1000086c <spinlock_set_extexclall>:
1000086c:	f04f 22e0 	mov.w	r2, #3758153728	@ 0xe000e000
10000870:	6893      	ldr	r3, [r2, #8]
10000872:	f043 5300 	orr.w	r3, r3, #536870912	@ 0x20000000
10000876:	6093      	str	r3, [r2, #8]
10000878:	4770      	bx	lr
1000087a:	bf00      	nop

1000087c <spin_locks_reset>:
1000087c:	2100      	movs	r1, #0
1000087e:	4b04      	ldr	r3, [pc, #16]	@ (10000890 <spin_locks_reset+0x14>)
10000880:	f103 0220 	add.w	r2, r3, #32
10000884:	e8c3 1f8f 	stlb	r1, [r3]
10000888:	3301      	adds	r3, #1
1000088a:	4293      	cmp	r3, r2
1000088c:	d1fa      	bne.n	10000884 <spin_locks_reset+0x8>
1000088e:	4770      	bx	lr
10000890:	20002114 	.word	0x20002114

10000894 <runtime_init_per_core_irq_priorities>:
10000894:	f04f 23e0 	mov.w	r3, #3758153728	@ 0xe000e000
10000898:	f04f 3280 	mov.w	r2, #2155905152	@ 0x80808080
1000089c:	f8c3 2400 	str.w	r2, [r3, #1024]	@ 0x400
100008a0:	f8c3 2404 	str.w	r2, [r3, #1028]	@ 0x404
100008a4:	f8c3 2408 	str.w	r2, [r3, #1032]	@ 0x408
100008a8:	f8c3 240c 	str.w	r2, [r3, #1036]	@ 0x40c
100008ac:	f8c3 2410 	str.w	r2, [r3, #1040]	@ 0x410
100008b0:	f8c3 2414 	str.w	r2, [r3, #1044]	@ 0x414
100008b4:	f8c3 2418 	str.w	r2, [r3, #1048]	@ 0x418
100008b8:	f8c3 241c 	str.w	r2, [r3, #1052]	@ 0x41c
100008bc:	f8c3 2420 	str.w	r2, [r3, #1056]	@ 0x420
100008c0:	f8c3 2424 	str.w	r2, [r3, #1060]	@ 0x424
100008c4:	f8c3 2428 	str.w	r2, [r3, #1064]	@ 0x428
100008c8:	f8c3 242c 	str.w	r2, [r3, #1068]	@ 0x42c
100008cc:	f8c3 2430 	str.w	r2, [r3, #1072]	@ 0x430
100008d0:	4770      	bx	lr
100008d2:	bf00      	nop

100008d4 <irq_set_enabled>:
100008d4:	2301      	movs	r3, #1
100008d6:	f000 021f 	and.w	r2, r0, #31
100008da:	4093      	lsls	r3, r2
100008dc:	0940      	lsrs	r0, r0, #5
100008de:	b141      	cbz	r1, 100008f2 <irq_set_enabled+0x1e>
100008e0:	0080      	lsls	r0, r0, #2
100008e2:	f100 4060 	add.w	r0, r0, #3758096384	@ 0xe0000000
100008e6:	f500 4061 	add.w	r0, r0, #57600	@ 0xe100
100008ea:	f8c0 3180 	str.w	r3, [r0, #384]	@ 0x180
100008ee:	6003      	str	r3, [r0, #0]
100008f0:	4770      	bx	lr
100008f2:	4a02      	ldr	r2, [pc, #8]	@ (100008fc <irq_set_enabled+0x28>)
100008f4:	3020      	adds	r0, #32
100008f6:	f842 3020 	str.w	r3, [r2, r0, lsl #2]
100008fa:	4770      	bx	lr
100008fc:	e000e100 	.word	0xe000e100

10000900 <irq_is_enabled>:
10000900:	2301      	movs	r3, #1
10000902:	4a06      	ldr	r2, [pc, #24]	@ (1000091c <irq_is_enabled+0x1c>)
10000904:	0941      	lsrs	r1, r0, #5
10000906:	f852 2021 	ldr.w	r2, [r2, r1, lsl #2]
1000090a:	f000 001f 	and.w	r0, r0, #31
1000090e:	fa03 f000 	lsl.w	r0, r3, r0
10000912:	4010      	ands	r0, r2
10000914:	3800      	subs	r0, #0
10000916:	bf18      	it	ne
10000918:	2001      	movne	r0, #1
1000091a:	4770      	bx	lr
1000091c:	e000e100 	.word	0xe000e100

10000920 <irq_set_pending>:
10000920:	2201      	movs	r2, #1
10000922:	0943      	lsrs	r3, r0, #5
10000924:	4903      	ldr	r1, [pc, #12]	@ (10000934 <irq_set_pending+0x14>)
10000926:	f000 001f 	and.w	r0, r0, #31
1000092a:	4082      	lsls	r2, r0
1000092c:	3340      	adds	r3, #64	@ 0x40
1000092e:	f841 2023 	str.w	r2, [r1, r3, lsl #2]
10000932:	4770      	bx	lr
10000934:	e000e100 	.word	0xe000e100

10000938 <irq_has_shared_handler>:
10000938:	4a05      	ldr	r2, [pc, #20]	@ (10000950 <irq_has_shared_handler+0x18>)
1000093a:	3010      	adds	r0, #16
1000093c:	6892      	ldr	r2, [r2, #8]
1000093e:	4b05      	ldr	r3, [pc, #20]	@ (10000954 <irq_has_shared_handler+0x1c>)
10000940:	f852 0020 	ldr.w	r0, [r2, r0, lsl #2]
10000944:	1ac0      	subs	r0, r0, r3
10000946:	282f      	cmp	r0, #47	@ 0x2f
10000948:	bf8c      	ite	hi
1000094a:	2000      	movhi	r0, #0
1000094c:	2001      	movls	r0, #1
1000094e:	4770      	bx	lr
10000950:	e000ed00 	.word	0xe000ed00
10000954:	200014fc 	.word	0x200014fc

10000958 <irq_set_exclusive_handler>:
10000958:	b5f8      	push	{r3, r4, r5, r6, r7, lr}
1000095a:	460d      	mov	r5, r1
1000095c:	f3ef 8710 	mrs	r7, PRIMASK
10000960:	b672      	cpsid	i
10000962:	4e12      	ldr	r6, [pc, #72]	@ (100009ac <irq_set_exclusive_handler+0x54>)
10000964:	e8d6 2fcf 	ldaexb	r2, [r6]
10000968:	2301      	movs	r3, #1
1000096a:	2a00      	cmp	r2, #0
1000096c:	d1fa      	bne.n	10000964 <irq_set_exclusive_handler+0xc>
1000096e:	e8c6 3f42 	strexb	r2, r3, [r6]
10000972:	2a00      	cmp	r2, #0
10000974:	d1f6      	bne.n	10000964 <irq_set_exclusive_handler+0xc>
10000976:	f3bf 8f5f 	dmb	sy
1000097a:	4b0d      	ldr	r3, [pc, #52]	@ (100009b0 <irq_set_exclusive_handler+0x58>)
1000097c:	f100 0410 	add.w	r4, r0, #16
10000980:	689b      	ldr	r3, [r3, #8]
10000982:	4a0c      	ldr	r2, [pc, #48]	@ (100009b4 <irq_set_exclusive_handler+0x5c>)
10000984:	f853 3024 	ldr.w	r3, [r3, r4, lsl #2]
10000988:	4293      	cmp	r3, r2
1000098a:	d003      	beq.n	10000994 <irq_set_exclusive_handler+0x3c>
1000098c:	4299      	cmp	r1, r3
1000098e:	d001      	beq.n	10000994 <irq_set_exclusive_handler+0x3c>
10000990:	f001 f8a0 	bl	10001ad4 <hard_assertion_failure>
10000994:	4b06      	ldr	r3, [pc, #24]	@ (100009b0 <irq_set_exclusive_handler+0x58>)
10000996:	689b      	ldr	r3, [r3, #8]
10000998:	f843 5024 	str.w	r5, [r3, r4, lsl #2]
1000099c:	f3bf 8f5f 	dmb	sy
100009a0:	2300      	movs	r3, #0
100009a2:	e8c6 3f8f 	stlb	r3, [r6]
100009a6:	f387 8810 	msr	PRIMASK, r7
100009aa:	bdf8      	pop	{r3, r4, r5, r6, r7, pc}
100009ac:	2000211d 	.word	0x2000211d
100009b0:	e000ed00 	.word	0xe000ed00
100009b4:	1000011d 	.word	0x1000011d

100009b8 <irq_add_shared_handler>:
100009b8:	e92d 4ff0 	stmdb	sp!, {r4, r5, r6, r7, r8, r9, sl, fp, lr}
100009bc:	4681      	mov	r9, r0
100009be:	468b      	mov	fp, r1
100009c0:	4616      	mov	r6, r2
100009c2:	b083      	sub	sp, #12
100009c4:	f3ef 8310 	mrs	r3, PRIMASK
100009c8:	b672      	cpsid	i
100009ca:	f8df a1d0 	ldr.w	sl, [pc, #464]	@ 10000b9c <irq_add_shared_handler+0x1e4>
100009ce:	9300      	str	r3, [sp, #0]
100009d0:	e8da 1fcf 	ldaexb	r1, [sl]
100009d4:	2301      	movs	r3, #1
100009d6:	2900      	cmp	r1, #0
100009d8:	d1fa      	bne.n	100009d0 <irq_add_shared_handler+0x18>
100009da:	e8ca 3f41 	strexb	r1, r3, [sl]
100009de:	2900      	cmp	r1, #0
100009e0:	d1f6      	bne.n	100009d0 <irq_add_shared_handler+0x18>
100009e2:	f3bf 8f5f 	dmb	sy
100009e6:	4b66      	ldr	r3, [pc, #408]	@ (10000b80 <irq_add_shared_handler+0x1c8>)
100009e8:	f993 4000 	ldrsb.w	r4, [r3]
100009ec:	2c00      	cmp	r4, #0
100009ee:	f2c0 80a0 	blt.w	10000b32 <irq_add_shared_handler+0x17a>
100009f2:	4d64      	ldr	r5, [pc, #400]	@ (10000b84 <irq_add_shared_handler+0x1cc>)
100009f4:	eb04 0744 	add.w	r7, r4, r4, lsl #1
100009f8:	eb05 0887 	add.w	r8, r5, r7, lsl #2
100009fc:	f898 1006 	ldrb.w	r1, [r8, #6]
10000a00:	f109 0910 	add.w	r9, r9, #16
10000a04:	7019      	strb	r1, [r3, #0]
10000a06:	4b60      	ldr	r3, [pc, #384]	@ (10000b88 <irq_add_shared_handler+0x1d0>)
10000a08:	00bf      	lsls	r7, r7, #2
10000a0a:	689b      	ldr	r3, [r3, #8]
10000a0c:	f853 0029 	ldr.w	r0, [r3, r9, lsl #2]
10000a10:	0063      	lsls	r3, r4, #1
10000a12:	1b41      	subs	r1, r0, r5
10000a14:	292f      	cmp	r1, #47	@ 0x2f
10000a16:	d92f      	bls.n	10000a78 <irq_add_shared_handler+0xc0>
10000a18:	495c      	ldr	r1, [pc, #368]	@ (10000b8c <irq_add_shared_handler+0x1d4>)
10000a1a:	4288      	cmp	r0, r1
10000a1c:	f040 80a4 	bne.w	10000b68 <irq_add_shared_handler+0x1b0>
10000a20:	441c      	add	r4, r3
10000a22:	4b5b      	ldr	r3, [pc, #364]	@ (10000b90 <irq_add_shared_handler+0x1d8>)
10000a24:	3702      	adds	r7, #2
10000a26:	442f      	add	r7, r5
10000a28:	3b04      	subs	r3, #4
10000a2a:	1bdb      	subs	r3, r3, r7
10000a2c:	f3c3 034a 	ubfx	r3, r3, #1, #11
10000a30:	ea6f 43c3 	mvn.w	r3, r3, lsl #19
10000a34:	f44f 4121 	mov.w	r1, #41216	@ 0xa100
10000a38:	ea6f 43d3 	mvn.w	r3, r3, lsr #19
10000a3c:	f825 1024 	strh.w	r1, [r5, r4, lsl #2]
10000a40:	eb05 0484 	add.w	r4, r5, r4, lsl #2
10000a44:	8063      	strh	r3, [r4, #2]
10000a46:	f64b 5301 	movw	r3, #48385	@ 0xbd01
10000a4a:	80a3      	strh	r3, [r4, #4]
10000a4c:	23ff      	movs	r3, #255	@ 0xff
10000a4e:	f048 0001 	orr.w	r0, r8, #1
10000a52:	71e6      	strb	r6, [r4, #7]
10000a54:	f8c4 b008 	str.w	fp, [r4, #8]
10000a58:	71a3      	strb	r3, [r4, #6]
10000a5a:	4b4b      	ldr	r3, [pc, #300]	@ (10000b88 <irq_add_shared_handler+0x1d0>)
10000a5c:	689b      	ldr	r3, [r3, #8]
10000a5e:	f843 0029 	str.w	r0, [r3, r9, lsl #2]
10000a62:	f3bf 8f5f 	dmb	sy
10000a66:	2300      	movs	r3, #0
10000a68:	e8ca 3f8f 	stlb	r3, [sl]
10000a6c:	9b00      	ldr	r3, [sp, #0]
10000a6e:	f383 8810 	msr	PRIMASK, r3
10000a72:	b003      	add	sp, #12
10000a74:	e8bd 8ff0 	ldmia.w	sp!, {r4, r5, r6, r7, r8, r9, sl, fp, pc}
10000a78:	f020 0e01 	bic.w	lr, r0, #1
10000a7c:	f89e 1007 	ldrb.w	r1, [lr, #7]
10000a80:	42b1      	cmp	r1, r6
10000a82:	d82e      	bhi.n	10000ae2 <irq_add_shared_handler+0x12a>
10000a84:	f44f 4321 	mov.w	r3, #41216	@ 0xa100
10000a88:	53eb      	strh	r3, [r5, r7]
10000a8a:	4b41      	ldr	r3, [pc, #260]	@ (10000b90 <irq_add_shared_handler+0x1d8>)
10000a8c:	1cb9      	adds	r1, r7, #2
10000a8e:	4429      	add	r1, r5
10000a90:	3b04      	subs	r3, #4
10000a92:	3704      	adds	r7, #4
10000a94:	1a5b      	subs	r3, r3, r1
10000a96:	442f      	add	r7, r5
10000a98:	f1ae 0104 	sub.w	r1, lr, #4
10000a9c:	1bc9      	subs	r1, r1, r7
10000a9e:	f3c1 044a 	ubfx	r4, r1, #1, #11
10000aa2:	493c      	ldr	r1, [pc, #240]	@ (10000b94 <irq_add_shared_handler+0x1dc>)
10000aa4:	f3c3 034a 	ubfx	r3, r3, #1, #11
10000aa8:	430b      	orrs	r3, r1
10000aaa:	4321      	orrs	r1, r4
10000aac:	f8a8 1004 	strh.w	r1, [r8, #4]
10000ab0:	4939      	ldr	r1, [pc, #228]	@ (10000b98 <irq_add_shared_handler+0x1e0>)
10000ab2:	f8a8 3002 	strh.w	r3, [r8, #2]
10000ab6:	f64a 20aa 	movw	r0, #43690	@ 0xaaaa
10000aba:	4673      	mov	r3, lr
10000abc:	1b5b      	subs	r3, r3, r5
10000abe:	415b      	adcs	r3, r3
10000ac0:	4358      	muls	r0, r3
10000ac2:	0d00      	lsrs	r0, r0, #20
10000ac4:	f888 6007 	strb.w	r6, [r8, #7]
10000ac8:	f888 0006 	strb.w	r0, [r8, #6]
10000acc:	f8c8 b008 	str.w	fp, [r8, #8]
10000ad0:	f048 0001 	orr.w	r0, r8, #1
10000ad4:	f8ce 1000 	str.w	r1, [lr]
10000ad8:	e7bf      	b.n	10000a5a <irq_add_shared_handler+0xa2>
10000ada:	79d1      	ldrb	r1, [r2, #7]
10000adc:	42b1      	cmp	r1, r6
10000ade:	d92e      	bls.n	10000b3e <irq_add_shared_handler+0x186>
10000ae0:	4696      	mov	lr, r2
10000ae2:	f99e c006 	ldrsb.w	ip, [lr, #6]
10000ae6:	eb0c 024c 	add.w	r2, ip, ip, lsl #1
10000aea:	f1bc 0f00 	cmp.w	ip, #0
10000aee:	eb05 0282 	add.w	r2, r5, r2, lsl #2
10000af2:	daf2      	bge.n	10000ada <irq_add_shared_handler+0x122>
10000af4:	f64b 5101 	movw	r1, #48385	@ 0xbd01
10000af8:	f10e 0204 	add.w	r2, lr, #4
10000afc:	f1a8 0704 	sub.w	r7, r8, #4
10000b00:	1abf      	subs	r7, r7, r2
10000b02:	f3c7 074a 	ubfx	r7, r7, #1, #11
10000b06:	ea6f 47c7 	mvn.w	r7, r7, lsl #19
10000b0a:	ea6f 47d7 	mvn.w	r7, r7, lsr #19
10000b0e:	f88e 4006 	strb.w	r4, [lr, #6]
10000b12:	eb03 0804 	add.w	r8, r3, r4
10000b16:	4c20      	ldr	r4, [pc, #128]	@ (10000b98 <irq_add_shared_handler+0x1e0>)
10000b18:	eb05 0388 	add.w	r3, r5, r8, lsl #2
10000b1c:	f8ae 7004 	strh.w	r7, [lr, #4]
10000b20:	f845 4028 	str.w	r4, [r5, r8, lsl #2]
10000b24:	8099      	strh	r1, [r3, #4]
10000b26:	f883 c006 	strb.w	ip, [r3, #6]
10000b2a:	71de      	strb	r6, [r3, #7]
10000b2c:	f8c3 b008 	str.w	fp, [r3, #8]
10000b30:	e793      	b.n	10000a5a <irq_add_shared_handler+0xa2>
10000b32:	f000 ffcf 	bl	10001ad4 <hard_assertion_failure>
10000b36:	4b12      	ldr	r3, [pc, #72]	@ (10000b80 <irq_add_shared_handler+0x1c8>)
10000b38:	f993 4000 	ldrsb.w	r4, [r3]
10000b3c:	e759      	b.n	100009f2 <irq_add_shared_handler+0x3a>
10000b3e:	4672      	mov	r2, lr
10000b40:	f832 1f04 	ldrh.w	r1, [r2, #4]!
10000b44:	0549      	lsls	r1, r1, #21
10000b46:	d414      	bmi.n	10000b72 <irq_add_shared_handler+0x1ba>
10000b48:	1549      	asrs	r1, r1, #21
10000b4a:	3102      	adds	r1, #2
10000b4c:	eb02 0141 	add.w	r1, r2, r1, lsl #1
10000b50:	9101      	str	r1, [sp, #4]
10000b52:	f06f 0107 	mvn.w	r1, #7
10000b56:	1bc9      	subs	r1, r1, r7
10000b58:	9f01      	ldr	r7, [sp, #4]
10000b5a:	1b49      	subs	r1, r1, r5
10000b5c:	4439      	add	r1, r7
10000b5e:	f3c1 014a 	ubfx	r1, r1, #1, #11
10000b62:	f441 4160 	orr.w	r1, r1, #57344	@ 0xe000
10000b66:	e7c9      	b.n	10000afc <irq_add_shared_handler+0x144>
10000b68:	9301      	str	r3, [sp, #4]
10000b6a:	f000 ffb3 	bl	10001ad4 <hard_assertion_failure>
10000b6e:	9b01      	ldr	r3, [sp, #4]
10000b70:	e756      	b.n	10000a20 <irq_add_shared_handler+0x68>
10000b72:	f501 11ff 	add.w	r1, r1, #2088960	@ 0x1fe000
10000b76:	f501 51ff 	add.w	r1, r1, #8160	@ 0x1fe0
10000b7a:	311f      	adds	r1, #31
10000b7c:	e7e4      	b.n	10000b48 <irq_add_shared_handler+0x190>
10000b7e:	bf00      	nop
10000b80:	20002a21 	.word	0x20002a21
10000b84:	200014fc 	.word	0x200014fc
10000b88:	e000ed00 	.word	0xe000ed00
10000b8c:	1000011d 	.word	0x1000011d
10000b90:	2000152c 	.word	0x2000152c
10000b94:	ffffe000 	.word	0xffffe000
10000b98:	47804801 	.word	0x47804801
10000b9c:	2000211d 	.word	0x2000211d

10000ba0 <irq_remove_handler>:
10000ba0:	e92d 4ff0 	stmdb	sp!, {r4, r5, r6, r7, r8, r9, sl, fp, lr}
10000ba4:	b083      	sub	sp, #12
10000ba6:	f3ef 8a10 	mrs	sl, PRIMASK
10000baa:	b672      	cpsid	i
10000bac:	4e71      	ldr	r6, [pc, #452]	@ (10000d74 <irq_remove_handler+0x1d4>)
10000bae:	e8d6 2fcf 	ldaexb	r2, [r6]
10000bb2:	2301      	movs	r3, #1
10000bb4:	2a00      	cmp	r2, #0
10000bb6:	d1fa      	bne.n	10000bae <irq_remove_handler+0xe>
10000bb8:	e8c6 3f42 	strexb	r2, r3, [r6]
10000bbc:	2a00      	cmp	r2, #0
10000bbe:	d1f6      	bne.n	10000bae <irq_remove_handler+0xe>
10000bc0:	f3bf 8f5f 	dmb	sy
10000bc4:	4b6c      	ldr	r3, [pc, #432]	@ (10000d78 <irq_remove_handler+0x1d8>)
10000bc6:	f100 0810 	add.w	r8, r0, #16
10000bca:	689b      	ldr	r3, [r3, #8]
10000bcc:	4a6b      	ldr	r2, [pc, #428]	@ (10000d7c <irq_remove_handler+0x1dc>)
10000bce:	f853 5028 	ldr.w	r5, [r3, r8, lsl #2]
10000bd2:	4295      	cmp	r5, r2
10000bd4:	d045      	beq.n	10000c62 <irq_remove_handler+0xc2>
10000bd6:	428d      	cmp	r5, r1
10000bd8:	460c      	mov	r4, r1
10000bda:	d050      	beq.n	10000c7e <irq_remove_handler+0xde>
10000bdc:	4f68      	ldr	r7, [pc, #416]	@ (10000d80 <irq_remove_handler+0x1e0>)
10000bde:	1beb      	subs	r3, r5, r7
10000be0:	2b2f      	cmp	r3, #47	@ 0x2f
10000be2:	d83e      	bhi.n	10000c62 <irq_remove_handler+0xc2>
10000be4:	2101      	movs	r1, #1
10000be6:	ea4f 1950 	mov.w	r9, r0, lsr #5
10000bea:	ea4f 0989 	mov.w	r9, r9, lsl #2
10000bee:	f109 4960 	add.w	r9, r9, #3758096384	@ 0xe0000000
10000bf2:	f509 4961 	add.w	r9, r9, #57600	@ 0xe100
10000bf6:	f000 031f 	and.w	r3, r0, #31
10000bfa:	fa01 f003 	lsl.w	r0, r1, r3
10000bfe:	f8d9 3000 	ldr.w	r3, [r9]
10000c02:	f8c9 0080 	str.w	r0, [r9, #128]	@ 0x80
10000c06:	ea00 0b03 	and.w	fp, r0, r3
10000c0a:	f3bf 8f5f 	dmb	sy
10000c0e:	f3ef 8105 	mrs	r1, IPSR
10000c12:	b2c9      	uxtb	r1, r1
10000c14:	2900      	cmp	r1, #0
10000c16:	d034      	beq.n	10000c82 <irq_remove_handler+0xe2>
10000c18:	4588      	cmp	r8, r1
10000c1a:	d005      	beq.n	10000c28 <irq_remove_handler+0x88>
10000c1c:	e9cd 1000 	strd	r1, r0, [sp]
10000c20:	f000 ff58 	bl	10001ad4 <hard_assertion_failure>
10000c24:	e9dd 1000 	ldrd	r1, r0, [sp]
10000c28:	f025 0e01 	bic.w	lr, r5, #1
10000c2c:	f8de c008 	ldr.w	ip, [lr, #8]
10000c30:	4564      	cmp	r4, ip
10000c32:	d105      	bne.n	10000c40 <irq_remove_handler+0xa0>
10000c34:	e089      	b.n	10000d4a <irq_remove_handler+0x1aa>
10000c36:	f8d3 c008 	ldr.w	ip, [r3, #8]
10000c3a:	4564      	cmp	r4, ip
10000c3c:	d031      	beq.n	10000ca2 <irq_remove_handler+0x102>
10000c3e:	469e      	mov	lr, r3
10000c40:	f99e 2006 	ldrsb.w	r2, [lr, #6]
10000c44:	eb02 0342 	add.w	r3, r2, r2, lsl #1
10000c48:	2a00      	cmp	r2, #0
10000c4a:	eb07 0383 	add.w	r3, r7, r3, lsl #2
10000c4e:	daf2      	bge.n	10000c36 <irq_remove_handler+0x96>
10000c50:	4564      	cmp	r4, ip
10000c52:	d061      	beq.n	10000d18 <irq_remove_handler+0x178>
10000c54:	f1bb 0f00 	cmp.w	fp, #0
10000c58:	d020      	beq.n	10000c9c <irq_remove_handler+0xfc>
10000c5a:	f8c9 0180 	str.w	r0, [r9, #384]	@ 0x180
10000c5e:	f8c9 0000 	str.w	r0, [r9]
10000c62:	4b45      	ldr	r3, [pc, #276]	@ (10000d78 <irq_remove_handler+0x1d8>)
10000c64:	689b      	ldr	r3, [r3, #8]
10000c66:	f843 5028 	str.w	r5, [r3, r8, lsl #2]
10000c6a:	f3bf 8f5f 	dmb	sy
10000c6e:	2300      	movs	r3, #0
10000c70:	e8c6 3f8f 	stlb	r3, [r6]
10000c74:	f38a 8810 	msr	PRIMASK, sl
10000c78:	b003      	add	sp, #12
10000c7a:	e8bd 8ff0 	ldmia.w	sp!, {r4, r5, r6, r7, r8, r9, sl, fp, pc}
10000c7e:	4615      	mov	r5, r2
10000c80:	e7ef      	b.n	10000c62 <irq_remove_handler+0xc2>
10000c82:	f025 0e01 	bic.w	lr, r5, #1
10000c86:	f8de c008 	ldr.w	ip, [lr, #8]
10000c8a:	4564      	cmp	r4, ip
10000c8c:	d1d8      	bne.n	10000c40 <irq_remove_handler+0xa0>
10000c8e:	f99e 4006 	ldrsb.w	r4, [lr, #6]
10000c92:	4673      	mov	r3, lr
10000c94:	2c00      	cmp	r4, #0
10000c96:	da08      	bge.n	10000caa <irq_remove_handler+0x10a>
10000c98:	4615      	mov	r5, r2
10000c9a:	e046      	b.n	10000d2a <irq_remove_handler+0x18a>
10000c9c:	f8c9 0080 	str.w	r0, [r9, #128]	@ 0x80
10000ca0:	e7df      	b.n	10000c62 <irq_remove_handler+0xc2>
10000ca2:	f993 4006 	ldrsb.w	r4, [r3, #6]
10000ca6:	2c00      	cmp	r4, #0
10000ca8:	db37      	blt.n	10000d1a <irq_remove_handler+0x17a>
10000caa:	eb04 0c44 	add.w	ip, r4, r4, lsl #1
10000cae:	eb07 0c8c 	add.w	ip, r7, ip, lsl #2
10000cb2:	f89c 1007 	ldrb.w	r1, [ip, #7]
10000cb6:	f8dc 2008 	ldr.w	r2, [ip, #8]
10000cba:	71d9      	strb	r1, [r3, #7]
10000cbc:	609a      	str	r2, [r3, #8]
10000cbe:	f99c 2006 	ldrsb.w	r2, [ip, #6]
10000cc2:	0061      	lsls	r1, r4, #1
10000cc4:	2a00      	cmp	r2, #0
10000cc6:	719a      	strb	r2, [r3, #6]
10000cc8:	db3d      	blt.n	10000d46 <irq_remove_handler+0x1a6>
10000cca:	f8bc e004 	ldrh.w	lr, [ip, #4]
10000cce:	ea5f 5e4e 	movs.w	lr, lr, lsl #21
10000cd2:	d505      	bpl.n	10000ce0 <irq_remove_handler+0x140>
10000cd4:	f50e 1eff 	add.w	lr, lr, #2088960	@ 0x1fe000
10000cd8:	f50e 5eff 	add.w	lr, lr, #8160	@ 0x1fe0
10000cdc:	f10e 0e1f 	add.w	lr, lr, #31
10000ce0:	f06f 0c07 	mvn.w	ip, #7
10000ce4:	190a      	adds	r2, r1, r4
10000ce6:	ea4f 5e6e 	mov.w	lr, lr, asr #21
10000cea:	0092      	lsls	r2, r2, #2
10000cec:	eb02 024e 	add.w	r2, r2, lr, lsl #1
10000cf0:	3208      	adds	r2, #8
10000cf2:	443a      	add	r2, r7
10000cf4:	ebac 0c03 	sub.w	ip, ip, r3
10000cf8:	4462      	add	r2, ip
10000cfa:	f3c2 024a 	ubfx	r2, r2, #1, #11
10000cfe:	ea6f 42c2 	mvn.w	r2, r2, lsl #19
10000d02:	ea6f 42d2 	mvn.w	r2, r2, lsr #19
10000d06:	809a      	strh	r2, [r3, #4]
10000d08:	4b1e      	ldr	r3, [pc, #120]	@ (10000d84 <irq_remove_handler+0x1e4>)
10000d0a:	4421      	add	r1, r4
10000d0c:	781a      	ldrb	r2, [r3, #0]
10000d0e:	eb07 0181 	add.w	r1, r7, r1, lsl #2
10000d12:	701c      	strb	r4, [r3, #0]
10000d14:	718a      	strb	r2, [r1, #6]
10000d16:	e79d      	b.n	10000c54 <irq_remove_handler+0xb4>
10000d18:	4673      	mov	r3, lr
10000d1a:	b9d9      	cbnz	r1, 10000d54 <irq_remove_handler+0x1b4>
10000d1c:	22ff      	movs	r2, #255	@ 0xff
10000d1e:	f88e 2006 	strb.w	r2, [lr, #6]
10000d22:	f64b 5201 	movw	r2, #48385	@ 0xbd01
10000d26:	f8ae 2004 	strh.w	r2, [lr, #4]
10000d2a:	4c16      	ldr	r4, [pc, #88]	@ (10000d84 <irq_remove_handler+0x1e4>)
10000d2c:	f64a 22aa 	movw	r2, #43690	@ 0xaaaa
10000d30:	f894 c000 	ldrb.w	ip, [r4]
10000d34:	4619      	mov	r1, r3
10000d36:	1bc9      	subs	r1, r1, r7
10000d38:	4149      	adcs	r1, r1
10000d3a:	434a      	muls	r2, r1
10000d3c:	0d12      	lsrs	r2, r2, #20
10000d3e:	f883 c006 	strb.w	ip, [r3, #6]
10000d42:	7022      	strb	r2, [r4, #0]
10000d44:	e786      	b.n	10000c54 <irq_remove_handler+0xb4>
10000d46:	4a10      	ldr	r2, [pc, #64]	@ (10000d88 <irq_remove_handler+0x1e8>)
10000d48:	e7dd      	b.n	10000d06 <irq_remove_handler+0x166>
10000d4a:	f99e 4006 	ldrsb.w	r4, [lr, #6]
10000d4e:	4673      	mov	r3, lr
10000d50:	2c00      	cmp	r4, #0
10000d52:	daaa      	bge.n	10000caa <irq_remove_handler+0x10a>
10000d54:	4a0d      	ldr	r2, [pc, #52]	@ (10000d8c <irq_remove_handler+0x1ec>)
10000d56:	4c0e      	ldr	r4, [pc, #56]	@ (10000d90 <irq_remove_handler+0x1f0>)
10000d58:	1ad2      	subs	r2, r2, r3
10000d5a:	3a08      	subs	r2, #8
10000d5c:	f3c2 310a 	ubfx	r1, r2, #12, #11
10000d60:	ea6f 5101 	mvn.w	r1, r1, lsl #20
10000d64:	ea6f 5111 	mvn.w	r1, r1, lsr #20
10000d68:	ea44 0252 	orr.w	r2, r4, r2, lsr #1
10000d6c:	80da      	strh	r2, [r3, #6]
10000d6e:	8099      	strh	r1, [r3, #4]
10000d70:	e770      	b.n	10000c54 <irq_remove_handler+0xb4>
10000d72:	bf00      	nop
10000d74:	2000211d 	.word	0x2000211d
10000d78:	e000ed00 	.word	0xe000ed00
10000d7c:	1000011d 	.word	0x1000011d
10000d80:	200014fc 	.word	0x200014fc
10000d84:	20002a21 	.word	0x20002a21
10000d88:	ffffbd01 	.word	0xffffbd01
10000d8c:	20001536 	.word	0x20001536
10000d90:	fffff800 	.word	0xfffff800

10000d94 <irq_add_tail_to_free_list>:
10000d94:	b5f0      	push	{r4, r5, r6, r7, lr}
10000d96:	f3ef 8505 	mrs	r5, IPSR
10000d9a:	b2ed      	uxtb	r5, r5
10000d9c:	f3ef 8c10 	mrs	ip, PRIMASK
10000da0:	b672      	cpsid	i
10000da2:	4926      	ldr	r1, [pc, #152]	@ (10000e3c <irq_add_tail_to_free_list+0xa8>)
10000da4:	e8d1 2fcf 	ldaexb	r2, [r1]
10000da8:	2301      	movs	r3, #1
10000daa:	2a00      	cmp	r2, #0
10000dac:	d1fa      	bne.n	10000da4 <irq_add_tail_to_free_list+0x10>
10000dae:	e8c1 3f42 	strexb	r2, r3, [r1]
10000db2:	2a00      	cmp	r2, #0
10000db4:	d1f6      	bne.n	10000da4 <irq_add_tail_to_free_list+0x10>
10000db6:	f3bf 8f5f 	dmb	sy
10000dba:	4e21      	ldr	r6, [pc, #132]	@ (10000e40 <irq_add_tail_to_free_list+0xac>)
10000dbc:	f040 0e01 	orr.w	lr, r0, #1
10000dc0:	68b4      	ldr	r4, [r6, #8]
10000dc2:	f64a 23aa 	movw	r3, #43690	@ 0xaaaa
10000dc6:	f854 7025 	ldr.w	r7, [r4, r5, lsl #2]
10000dca:	4a1e      	ldr	r2, [pc, #120]	@ (10000e44 <irq_add_tail_to_free_list+0xb0>)
10000dcc:	4604      	mov	r4, r0
10000dce:	1aa4      	subs	r4, r4, r2
10000dd0:	4164      	adcs	r4, r4
10000dd2:	4363      	muls	r3, r4
10000dd4:	0d1b      	lsrs	r3, r3, #20
10000dd6:	4577      	cmp	r7, lr
10000dd8:	b25b      	sxtb	r3, r3
10000dda:	d01b      	beq.n	10000e14 <irq_add_tail_to_free_list+0x80>
10000ddc:	f992 4006 	ldrsb.w	r4, [r2, #6]
10000de0:	429c      	cmp	r4, r3
10000de2:	d01c      	beq.n	10000e1e <irq_add_tail_to_free_list+0x8a>
10000de4:	f992 4012 	ldrsb.w	r4, [r2, #18]
10000de8:	429c      	cmp	r4, r3
10000dea:	d023      	beq.n	10000e34 <irq_add_tail_to_free_list+0xa0>
10000dec:	f992 401e 	ldrsb.w	r4, [r2, #30]
10000df0:	429c      	cmp	r4, r3
10000df2:	d021      	beq.n	10000e38 <irq_add_tail_to_free_list+0xa4>
10000df4:	f992 402a 	ldrsb.w	r4, [r2, #42]	@ 0x2a
10000df8:	429c      	cmp	r4, r3
10000dfa:	bf08      	it	eq
10000dfc:	2403      	moveq	r4, #3
10000dfe:	d00f      	beq.n	10000e20 <irq_add_tail_to_free_list+0x8c>
10000e00:	4a11      	ldr	r2, [pc, #68]	@ (10000e48 <irq_add_tail_to_free_list+0xb4>)
10000e02:	2400      	movs	r4, #0
10000e04:	7815      	ldrb	r5, [r2, #0]
10000e06:	7013      	strb	r3, [r2, #0]
10000e08:	7185      	strb	r5, [r0, #6]
10000e0a:	e8c1 4f8f 	stlb	r4, [r1]
10000e0e:	f38c 8810 	msr	PRIMASK, ip
10000e12:	bdf0      	pop	{r4, r5, r6, r7, pc}
10000e14:	68b2      	ldr	r2, [r6, #8]
10000e16:	4c0d      	ldr	r4, [pc, #52]	@ (10000e4c <irq_add_tail_to_free_list+0xb8>)
10000e18:	f842 4025 	str.w	r4, [r2, r5, lsl #2]
10000e1c:	e7f0      	b.n	10000e00 <irq_add_tail_to_free_list+0x6c>
10000e1e:	2400      	movs	r4, #0
10000e20:	eb04 0444 	add.w	r4, r4, r4, lsl #1
10000e24:	eb02 0284 	add.w	r2, r2, r4, lsl #2
10000e28:	24ff      	movs	r4, #255	@ 0xff
10000e2a:	7194      	strb	r4, [r2, #6]
10000e2c:	f64b 5401 	movw	r4, #48385	@ 0xbd01
10000e30:	8094      	strh	r4, [r2, #4]
10000e32:	e7e5      	b.n	10000e00 <irq_add_tail_to_free_list+0x6c>
10000e34:	2401      	movs	r4, #1
10000e36:	e7f3      	b.n	10000e20 <irq_add_tail_to_free_list+0x8c>
10000e38:	2402      	movs	r4, #2
10000e3a:	e7f1      	b.n	10000e20 <irq_add_tail_to_free_list+0x8c>
10000e3c:	2000211d 	.word	0x2000211d
10000e40:	e000ed00 	.word	0xe000ed00
10000e44:	200014fc 	.word	0x200014fc
10000e48:	20002a21 	.word	0x20002a21
10000e4c:	1000011d 	.word	0x1000011d

10000e50 <user_irq_claim_unused>:
10000e50:	b510      	push	{r4, lr}
10000e52:	4c07      	ldr	r4, [pc, #28]	@ (10000e70 <user_irq_claim_unused+0x20>)
10000e54:	b082      	sub	sp, #8
10000e56:	4601      	mov	r1, r0
10000e58:	2305      	movs	r3, #5
10000e5a:	2200      	movs	r2, #0
10000e5c:	9400      	str	r4, [sp, #0]
10000e5e:	4805      	ldr	r0, [pc, #20]	@ (10000e74 <user_irq_claim_unused+0x24>)
10000e60:	f7ff fca8 	bl	100007b4 <hw_claim_unused_from_range>
10000e64:	2800      	cmp	r0, #0
10000e66:	bfa8      	it	ge
10000e68:	f1c0 0033 	rsbge	r0, r0, #51	@ 0x33
10000e6c:	b002      	add	sp, #8
10000e6e:	bd10      	pop	{r4, pc}
10000e70:	1000ce30 	.word	0x1000ce30
10000e74:	20002a25 	.word	0x20002a25

10000e78 <lock_init>:
10000e78:	4b01      	ldr	r3, [pc, #4]	@ (10000e80 <lock_init+0x8>)
10000e7a:	440b      	add	r3, r1
10000e7c:	6003      	str	r3, [r0, #0]
10000e7e:	4770      	bx	lr
10000e80:	20002114 	.word	0x20002114

10000e84 <runtime_init_mutex>:
10000e84:	b570      	push	{r4, r5, r6, lr}
10000e86:	4c10      	ldr	r4, [pc, #64]	@ (10000ec8 <runtime_init_mutex+0x44>)
10000e88:	4d10      	ldr	r5, [pc, #64]	@ (10000ecc <runtime_init_mutex+0x48>)
10000e8a:	42ac      	cmp	r4, r5
10000e8c:	d20e      	bcs.n	10000eac <runtime_init_mutex+0x28>
10000e8e:	26ff      	movs	r6, #255	@ 0xff
10000e90:	6823      	ldr	r3, [r4, #0]
10000e92:	b163      	cbz	r3, 10000eae <runtime_init_mutex+0x2a>
10000e94:	f7ff fcce 	bl	10000834 <next_striped_spin_lock_num>
10000e98:	4601      	mov	r1, r0
10000e9a:	4620      	mov	r0, r4
10000e9c:	f7ff ffec 	bl	10000e78 <lock_init>
10000ea0:	80a6      	strh	r6, [r4, #4]
10000ea2:	f3bf 8f5f 	dmb	sy
10000ea6:	3408      	adds	r4, #8
10000ea8:	42ac      	cmp	r4, r5
10000eaa:	d3f1      	bcc.n	10000e90 <runtime_init_mutex+0xc>
10000eac:	bd70      	pop	{r4, r5, r6, pc}
10000eae:	f7ff fcc1 	bl	10000834 <next_striped_spin_lock_num>
10000eb2:	4601      	mov	r1, r0
10000eb4:	4620      	mov	r0, r4
10000eb6:	f7ff ffdf 	bl	10000e78 <lock_init>
10000eba:	7126      	strb	r6, [r4, #4]
10000ebc:	f3bf 8f5f 	dmb	sy
10000ec0:	3408      	adds	r4, #8
10000ec2:	42ac      	cmp	r4, r5
10000ec4:	d3e4      	bcc.n	10000e90 <runtime_init_mutex+0xc>
10000ec6:	bd70      	pop	{r4, r5, r6, pc}
10000ec8:	20001c68 	.word	0x20001c68
10000ecc:	20001c70 	.word	0x20001c70

10000ed0 <mutex_init>:
10000ed0:	b510      	push	{r4, lr}
10000ed2:	4604      	mov	r4, r0
10000ed4:	f7ff fcae 	bl	10000834 <next_striped_spin_lock_num>
10000ed8:	4601      	mov	r1, r0
10000eda:	4620      	mov	r0, r4
10000edc:	f7ff ffcc 	bl	10000e78 <lock_init>
10000ee0:	23ff      	movs	r3, #255	@ 0xff
10000ee2:	7123      	strb	r3, [r4, #4]
10000ee4:	f3bf 8f5f 	dmb	sy
10000ee8:	bd10      	pop	{r4, pc}
10000eea:	bf00      	nop

10000eec <critical_section_init>:
10000eec:	b510      	push	{r4, lr}
10000eee:	4604      	mov	r4, r0
10000ef0:	2001      	movs	r0, #1
10000ef2:	f7ff fcab 	bl	1000084c <spin_lock_claim_unused>
10000ef6:	4b03      	ldr	r3, [pc, #12]	@ (10000f04 <critical_section_init+0x18>)
10000ef8:	4403      	add	r3, r0
10000efa:	6023      	str	r3, [r4, #0]
10000efc:	f3bf 8f5f 	dmb	sy
10000f00:	bd10      	pop	{r4, pc}
10000f02:	bf00      	nop
10000f04:	20002114 	.word	0x20002114

10000f08 <critical_section_init_with_lock_num>:
10000f08:	4b02      	ldr	r3, [pc, #8]	@ (10000f14 <critical_section_init_with_lock_num+0xc>)
10000f0a:	440b      	add	r3, r1
10000f0c:	6003      	str	r3, [r0, #0]
10000f0e:	f3bf 8f5f 	dmb	sy
10000f12:	4770      	bx	lr
10000f14:	20002114 	.word	0x20002114

10000f18 <sleep_until_callback>:
10000f18:	4b0d      	ldr	r3, [pc, #52]	@ (10000f50 <sleep_until_callback+0x38>)
10000f1a:	681a      	ldr	r2, [r3, #0]
10000f1c:	f3ef 8110 	mrs	r1, PRIMASK
10000f20:	b672      	cpsid	i
10000f22:	e8d2 cfcf 	ldaexb	ip, [r2]
10000f26:	2001      	movs	r0, #1
10000f28:	f1bc 0f00 	cmp.w	ip, #0
10000f2c:	d1f9      	bne.n	10000f22 <sleep_until_callback+0xa>
10000f2e:	e8c2 0f4c 	strexb	ip, r0, [r2]
10000f32:	f1bc 0f00 	cmp.w	ip, #0
10000f36:	d1f4      	bne.n	10000f22 <sleep_until_callback+0xa>
10000f38:	f3bf 8f5f 	dmb	sy
10000f3c:	2200      	movs	r2, #0
10000f3e:	681b      	ldr	r3, [r3, #0]
10000f40:	e8c3 2f8f 	stlb	r2, [r3]
10000f44:	f381 8810 	msr	PRIMASK, r1
10000f48:	bf40      	sev
10000f4a:	2000      	movs	r0, #0
10000f4c:	2100      	movs	r1, #0
10000f4e:	4770      	bx	lr
10000f50:	20002a00 	.word	0x20002a00
10000f54:	00000000 	.word	0x00000000

10000f58 <alarm_pool_irq_handler>:
10000f58:	e92d 4ff0 	stmdb	sp!, {r4, r5, r6, r7, r8, r9, sl, fp, lr}
10000f5c:	ed2d 8b02 	vpush	{d8}
10000f60:	b085      	sub	sp, #20
10000f62:	f3ef 8305 	mrs	r3, IPSR
10000f66:	b2db      	uxtb	r3, r3
10000f68:	3b10      	subs	r3, #16
10000f6a:	089a      	lsrs	r2, r3, #2
10000f6c:	bf18      	it	ne
10000f6e:	2201      	movne	r2, #1
10000f70:	f04f 0101 	mov.w	r1, #1
10000f74:	f003 0b03 	and.w	fp, r3, #3
10000f78:	bf18      	it	ne
10000f7a:	4daf      	ldrne	r5, [pc, #700]	@ (10001238 <alarm_pool_irq_handler+0x2e0>)
10000f7c:	4baf      	ldr	r3, [pc, #700]	@ (1000123c <alarm_pool_irq_handler+0x2e4>)
10000f7e:	bf08      	it	eq
10000f80:	4daf      	ldreq	r5, [pc, #700]	@ (10001240 <alarm_pool_irq_handler+0x2e8>)
10000f82:	eb0b 0282 	add.w	r2, fp, r2, lsl #2
10000f86:	f853 6022 	ldr.w	r6, [r3, r2, lsl #2]
10000f8a:	fa01 f20b 	lsl.w	r2, r1, fp
10000f8e:	f505 5341 	add.w	r3, r5, #12352	@ 0x3040
10000f92:	ed9f 8ba7 	vldr	d8, [pc, #668]	@ 10001230 <alarm_pool_irq_handler+0x2d8>
10000f96:	9201      	str	r2, [sp, #4]
10000f98:	605a      	str	r2, [r3, #4]
10000f9a:	e02f      	b.n	10000ffc <alarm_pool_irq_handler+0xa4>
10000f9c:	88b3      	ldrh	r3, [r6, #4]
10000f9e:	041c      	lsls	r4, r3, #16
10000fa0:	f140 8093 	bpl.w	100010ca <alarm_pool_irq_handler+0x172>
10000fa4:	79b3      	ldrb	r3, [r6, #6]
10000fa6:	2b00      	cmp	r3, #0
10000fa8:	f040 80dd 	bne.w	10001166 <alarm_pool_irq_handler+0x20e>
10000fac:	f9b6 2008 	ldrsh.w	r2, [r6, #8]
10000fb0:	2a00      	cmp	r2, #0
10000fb2:	f2c0 811e 	blt.w	100011f2 <alarm_pool_irq_handler+0x29a>
10000fb6:	6973      	ldr	r3, [r6, #20]
10000fb8:	eb02 0242 	add.w	r2, r2, r2, lsl #1
10000fbc:	eb03 03c2 	add.w	r3, r3, r2, lsl #3
10000fc0:	e9d3 4702 	ldrd	r4, r7, [r3, #8]
10000fc4:	f1b7 3fff 	cmp.w	r7, #4294967295	@ 0xffffffff
10000fc8:	bf08      	it	eq
10000fca:	f1b4 3fff 	cmpeq.w	r4, #4294967295	@ 0xffffffff
10000fce:	d00e      	beq.n	10000fee <alarm_pool_irq_handler+0x96>
10000fd0:	eb05 018b 	add.w	r1, r5, fp, lsl #2
10000fd4:	6aab      	ldr	r3, [r5, #40]	@ 0x28
10000fd6:	690a      	ldr	r2, [r1, #16]
10000fd8:	1ad2      	subs	r2, r2, r3
10000fda:	1ae3      	subs	r3, r4, r3
10000fdc:	4293      	cmp	r3, r2
10000fde:	d305      	bcc.n	10000fec <alarm_pool_irq_handler+0x94>
10000fe0:	2301      	movs	r3, #1
10000fe2:	6a2a      	ldr	r2, [r5, #32]
10000fe4:	fa03 f30b 	lsl.w	r3, r3, fp
10000fe8:	4213      	tst	r3, r2
10000fea:	d100      	bne.n	10000fee <alarm_pool_irq_handler+0x96>
10000fec:	610c      	str	r4, [r1, #16]
10000fee:	4628      	mov	r0, r5
10000ff0:	f000 fbac 	bl	1000174c <timer_time_us_64>
10000ff4:	42a0      	cmp	r0, r4
10000ff6:	41b9      	sbcs	r1, r7
10000ff8:	f2c0 80fb 	blt.w	100011f2 <alarm_pool_irq_handler+0x29a>
10000ffc:	f9b6 3008 	ldrsh.w	r3, [r6, #8]
10001000:	9a01      	ldr	r2, [sp, #4]
10001002:	2b00      	cmp	r3, #0
10001004:	9300      	str	r3, [sp, #0]
10001006:	63ea      	str	r2, [r5, #60]	@ 0x3c
10001008:	dbc8      	blt.n	10000f9c <alarm_pool_irq_handler+0x44>
1000100a:	f8d6 8014 	ldr.w	r8, [r6, #20]
1000100e:	eb03 0943 	add.w	r9, r3, r3, lsl #1
10001012:	4628      	mov	r0, r5
10001014:	eb08 07c9 	add.w	r7, r8, r9, lsl #3
10001018:	e9d7 4a02 	ldrd	r4, sl, [r7, #8]
1000101c:	f000 fb96 	bl	1000174c <timer_time_us_64>
10001020:	42a0      	cmp	r0, r4
10001022:	eb71 010a 	sbcs.w	r1, r1, sl
10001026:	dbb9      	blt.n	10000f9c <alarm_pool_irq_handler+0x44>
10001028:	f1ba 0f00 	cmp.w	sl, #0
1000102c:	f2c0 80c3 	blt.w	100011b6 <alarm_pool_irq_handler+0x25e>
10001030:	e9d7 3104 	ldrd	r3, r1, [r7, #16]
10001034:	4a83      	ldr	r2, [pc, #524]	@ (10001244 <alarm_pool_irq_handler+0x2ec>)
10001036:	4293      	cmp	r3, r2
10001038:	f000 80ed 	beq.w	10001216 <alarm_pool_irq_handler+0x2be>
1000103c:	887a      	ldrh	r2, [r7, #2]
1000103e:	f9b6 0008 	ldrsh.w	r0, [r6, #8]
10001042:	b292      	uxth	r2, r2
10001044:	ea42 4000 	orr.w	r0, r2, r0, lsl #16
10001048:	4798      	blx	r3
1000104a:	4602      	mov	r2, r0
1000104c:	460b      	mov	r3, r1
1000104e:	ea52 0103 	orrs.w	r1, r2, r3
10001052:	f000 80b0 	beq.w	100011b6 <alarm_pool_irq_handler+0x25e>
10001056:	2b00      	cmp	r3, #0
10001058:	f280 80d1 	bge.w	100011fe <alarm_pool_irq_handler+0x2a6>
1000105c:	ebb4 0e02 	subs.w	lr, r4, r2
10001060:	eb6a 0a03 	sbc.w	sl, sl, r3
10001064:	f938 3039 	ldrsh.w	r3, [r8, r9, lsl #3]
10001068:	e9c7 ea02 	strd	lr, sl, [r7, #8]
1000106c:	2b00      	cmp	r3, #0
1000106e:	db95      	blt.n	10000f9c <alarm_pool_irq_handler+0x44>
10001070:	6971      	ldr	r1, [r6, #20]
10001072:	eb03 0243 	add.w	r2, r3, r3, lsl #1
10001076:	eb01 02c2 	add.w	r2, r1, r2, lsl #3
1000107a:	e9d2 7002 	ldrd	r7, r0, [r2, #8]
1000107e:	45be      	cmp	lr, r7
10001080:	eb7a 0c00 	sbcs.w	ip, sl, r0
10001084:	ea4f 0243 	mov.w	r2, r3, lsl #1
10001088:	db88      	blt.n	10000f9c <alarm_pool_irq_handler+0x44>
1000108a:	46b4      	mov	ip, r6
1000108c:	f82c 3f08 	strh.w	r3, [ip, #8]!
10001090:	e006      	b.n	100010a0 <alarm_pool_irq_handler+0x148>
10001092:	eb03 0043 	add.w	r0, r3, r3, lsl #1
10001096:	eb01 00c0 	add.w	r0, r1, r0, lsl #3
1000109a:	005a      	lsls	r2, r3, #1
1000109c:	e9d0 7002 	ldrd	r7, r0, [r0, #8]
100010a0:	45be      	cmp	lr, r7
100010a2:	441a      	add	r2, r3
100010a4:	eb7a 0000 	sbcs.w	r0, sl, r0
100010a8:	eb01 04c2 	add.w	r4, r1, r2, lsl #3
100010ac:	db04      	blt.n	100010b8 <alarm_pool_irq_handler+0x160>
100010ae:	f931 3032 	ldrsh.w	r3, [r1, r2, lsl #3]
100010b2:	46a4      	mov	ip, r4
100010b4:	2b00      	cmp	r3, #0
100010b6:	daec      	bge.n	10001092 <alarm_pool_irq_handler+0x13a>
100010b8:	f828 3039 	strh.w	r3, [r8, r9, lsl #3]
100010bc:	9b00      	ldr	r3, [sp, #0]
100010be:	f8ac 3000 	strh.w	r3, [ip]
100010c2:	88b3      	ldrh	r3, [r6, #4]
100010c4:	041c      	lsls	r4, r3, #16
100010c6:	f53f af6d 	bmi.w	10000fa4 <alarm_pool_irq_handler+0x4c>
100010ca:	6933      	ldr	r3, [r6, #16]
100010cc:	f3ef 8210 	mrs	r2, PRIMASK
100010d0:	b672      	cpsid	i
100010d2:	e8d3 0fcf 	ldaexb	r0, [r3]
100010d6:	2101      	movs	r1, #1
100010d8:	2800      	cmp	r0, #0
100010da:	d1fa      	bne.n	100010d2 <alarm_pool_irq_handler+0x17a>
100010dc:	e8c3 1f40 	strexb	r0, r1, [r3]
100010e0:	2800      	cmp	r0, #0
100010e2:	d1f6      	bne.n	100010d2 <alarm_pool_irq_handler+0x17a>
100010e4:	f3bf 8f5f 	dmb	sy
100010e8:	f64f 74ff 	movw	r4, #65535	@ 0xffff
100010ec:	88b0      	ldrh	r0, [r6, #4]
100010ee:	2300      	movs	r3, #0
100010f0:	6931      	ldr	r1, [r6, #16]
100010f2:	b200      	sxth	r0, r0
100010f4:	80b4      	strh	r4, [r6, #4]
100010f6:	e8c1 3f8f 	stlb	r3, [r1]
100010fa:	f382 8810 	msr	PRIMASK, r2
100010fe:	4298      	cmp	r0, r3
10001100:	f6ff af50 	blt.w	10000fa4 <alarm_pool_irq_handler+0x4c>
10001104:	4607      	mov	r7, r0
10001106:	46a9      	mov	r9, r5
10001108:	6974      	ldr	r4, [r6, #20]
1000110a:	f106 0808 	add.w	r8, r6, #8
1000110e:	eb07 0e47 	add.w	lr, r7, r7, lsl #1
10001112:	eb04 03ce 	add.w	r3, r4, lr, lsl #3
10001116:	e9d3 5002 	ldrd	r5, r0, [r3, #8]
1000111a:	f9b6 3008 	ldrsh.w	r3, [r6, #8]
1000111e:	46c4      	mov	ip, r8
10001120:	2b00      	cmp	r3, #0
10001122:	db13      	blt.n	1000114c <alarm_pool_irq_handler+0x1f4>
10001124:	46b2      	mov	sl, r6
10001126:	9700      	str	r7, [sp, #0]
10001128:	e004      	b.n	10001134 <alarm_pool_irq_handler+0x1dc>
1000112a:	f934 3036 	ldrsh.w	r3, [r4, r6, lsl #3]
1000112e:	4694      	mov	ip, r2
10001130:	2b00      	cmp	r3, #0
10001132:	db09      	blt.n	10001148 <alarm_pool_irq_handler+0x1f0>
10001134:	eb03 0643 	add.w	r6, r3, r3, lsl #1
10001138:	eb04 02c6 	add.w	r2, r4, r6, lsl #3
1000113c:	e9d2 7102 	ldrd	r7, r1, [r2, #8]
10001140:	42bd      	cmp	r5, r7
10001142:	eb70 0101 	sbcs.w	r1, r0, r1
10001146:	daf0      	bge.n	1000112a <alarm_pool_irq_handler+0x1d2>
10001148:	4656      	mov	r6, sl
1000114a:	9f00      	ldr	r7, [sp, #0]
1000114c:	f8ac 7000 	strh.w	r7, [ip]
10001150:	f934 703e 	ldrsh.w	r7, [r4, lr, lsl #3]
10001154:	f824 303e 	strh.w	r3, [r4, lr, lsl #3]
10001158:	2f00      	cmp	r7, #0
1000115a:	dad8      	bge.n	1000110e <alarm_pool_irq_handler+0x1b6>
1000115c:	79b3      	ldrb	r3, [r6, #6]
1000115e:	464d      	mov	r5, r9
10001160:	2b00      	cmp	r3, #0
10001162:	f43f af23 	beq.w	10000fac <alarm_pool_irq_handler+0x54>
10001166:	2300      	movs	r3, #0
10001168:	71b3      	strb	r3, [r6, #6]
1000116a:	f9b6 3008 	ldrsh.w	r3, [r6, #8]
1000116e:	f106 0808 	add.w	r8, r6, #8
10001172:	1c58      	adds	r0, r3, #1
10001174:	d03d      	beq.n	100011f2 <alarm_pool_irq_handler+0x29a>
10001176:	461a      	mov	r2, r3
10001178:	6977      	ldr	r7, [r6, #20]
1000117a:	e003      	b.n	10001184 <alarm_pool_irq_handler+0x22c>
1000117c:	4680      	mov	r8, r0
1000117e:	1c59      	adds	r1, r3, #1
10001180:	f43f af16 	beq.w	10000fb0 <alarm_pool_irq_handler+0x58>
10001184:	eb03 0143 	add.w	r1, r3, r3, lsl #1
10001188:	eb07 00c1 	add.w	r0, r7, r1, lsl #3
1000118c:	f8b0 c002 	ldrh.w	ip, [r0, #2]
10001190:	461c      	mov	r4, r3
10001192:	f41c 4f00 	tst.w	ip, #32768	@ 0x8000
10001196:	469e      	mov	lr, r3
10001198:	f937 3031 	ldrsh.w	r3, [r7, r1, lsl #3]
1000119c:	d0ee      	beq.n	1000117c <alarm_pool_irq_handler+0x224>
1000119e:	4294      	cmp	r4, r2
100011a0:	ed80 8b02 	vstr	d8, [r0, #8]
100011a4:	d005      	beq.n	100011b2 <alarm_pool_irq_handler+0x25a>
100011a6:	f8a8 3000 	strh.w	r3, [r8]
100011aa:	8932      	ldrh	r2, [r6, #8]
100011ac:	f827 2031 	strh.w	r2, [r7, r1, lsl #3]
100011b0:	8134      	strh	r4, [r6, #8]
100011b2:	4672      	mov	r2, lr
100011b4:	e7e3      	b.n	1000117e <alarm_pool_irq_handler+0x226>
100011b6:	f838 3039 	ldrh.w	r3, [r8, r9, lsl #3]
100011ba:	8133      	strh	r3, [r6, #8]
100011bc:	6933      	ldr	r3, [r6, #16]
100011be:	f3ef 8210 	mrs	r2, PRIMASK
100011c2:	b672      	cpsid	i
100011c4:	e8d3 0fcf 	ldaexb	r0, [r3]
100011c8:	2101      	movs	r1, #1
100011ca:	2800      	cmp	r0, #0
100011cc:	d1fa      	bne.n	100011c4 <alarm_pool_irq_handler+0x26c>
100011ce:	e8c3 1f40 	strexb	r0, r1, [r3]
100011d2:	2800      	cmp	r0, #0
100011d4:	d1f6      	bne.n	100011c4 <alarm_pool_irq_handler+0x26c>
100011d6:	f3bf 8f5f 	dmb	sy
100011da:	8873      	ldrh	r3, [r6, #2]
100011dc:	6931      	ldr	r1, [r6, #16]
100011de:	f828 3039 	strh.w	r3, [r8, r9, lsl #3]
100011e2:	9b00      	ldr	r3, [sp, #0]
100011e4:	8073      	strh	r3, [r6, #2]
100011e6:	2300      	movs	r3, #0
100011e8:	e8c1 3f8f 	stlb	r3, [r1]
100011ec:	f382 8810 	msr	PRIMASK, r2
100011f0:	e6d4      	b.n	10000f9c <alarm_pool_irq_handler+0x44>
100011f2:	bf40      	sev
100011f4:	b005      	add	sp, #20
100011f6:	ecbd 8b02 	vpop	{d8}
100011fa:	e8bd 8ff0 	ldmia.w	sp!, {r4, r5, r6, r7, r8, r9, sl, fp, pc}
100011fe:	4628      	mov	r0, r5
10001200:	e9cd 2302 	strd	r2, r3, [sp, #8]
10001204:	f000 faa2 	bl	1000174c <timer_time_us_64>
10001208:	9a02      	ldr	r2, [sp, #8]
1000120a:	9b03      	ldr	r3, [sp, #12]
1000120c:	eb10 0e02 	adds.w	lr, r0, r2
10001210:	eb43 0a01 	adc.w	sl, r3, r1
10001214:	e726      	b.n	10001064 <alarm_pool_irq_handler+0x10c>
10001216:	4608      	mov	r0, r1
10001218:	690b      	ldr	r3, [r1, #16]
1000121a:	9102      	str	r1, [sp, #8]
1000121c:	4798      	blx	r3
1000121e:	2800      	cmp	r0, #0
10001220:	d0c9      	beq.n	100011b6 <alarm_pool_irq_handler+0x25e>
10001222:	9902      	ldr	r1, [sp, #8]
10001224:	e9d1 2300 	ldrd	r2, r3, [r1]
10001228:	e711      	b.n	1000104e <alarm_pool_irq_handler+0xf6>
1000122a:	bf00      	nop
1000122c:	f3af 8000 	nop.w
10001230:	ffffffff 	.word	0xffffffff
10001234:	ffffffff 	.word	0xffffffff
10001238:	400b8000 	.word	0x400b8000
1000123c:	200029d0 	.word	0x200029d0
10001240:	400b0000 	.word	0x400b0000
10001244:	10000f59 	.word	0x10000f59

10001248 <runtime_init_default_alarm_pool>:
10001248:	e92d 4ff8 	stmdb	sp!, {r3, r4, r5, r6, r7, r8, r9, sl, fp, lr}
1000124c:	4c36      	ldr	r4, [pc, #216]	@ (10001328 <runtime_init_default_alarm_pool+0xe0>)
1000124e:	6925      	ldr	r5, [r4, #16]
10001250:	b12d      	cbz	r5, 1000125e <runtime_init_default_alarm_pool+0x16>
10001252:	e8bd 4ff8 	ldmia.w	sp!, {r3, r4, r5, r6, r7, r8, r9, sl, fp, lr}
10001256:	210a      	movs	r1, #10
10001258:	4834      	ldr	r0, [pc, #208]	@ (1000132c <runtime_init_default_alarm_pool+0xe4>)
1000125a:	f7ff be0d 	b.w	10000e78 <lock_init>
1000125e:	f8df 80e4 	ldr.w	r8, [pc, #228]	@ 10001344 <runtime_init_default_alarm_pool+0xfc>
10001262:	2103      	movs	r1, #3
10001264:	4640      	mov	r0, r8
10001266:	f000 fa5f 	bl	10001728 <timer_hardware_alarm_claim>
1000126a:	2603      	movs	r6, #3
1000126c:	f8c4 800c 	str.w	r8, [r4, #12]
10001270:	f7ff fae0 	bl	10000834 <next_striped_spin_lock_num>
10001274:	f04f 4c50 	mov.w	ip, #3489660928	@ 0xd0000000
10001278:	4b2d      	ldr	r3, [pc, #180]	@ (10001330 <runtime_init_default_alarm_pool+0xe8>)
1000127a:	7026      	strb	r6, [r4, #0]
1000127c:	4403      	add	r3, r0
1000127e:	6123      	str	r3, [r4, #16]
10001280:	f8dc 3000 	ldr.w	r3, [ip]
10001284:	210f      	movs	r1, #15
10001286:	7063      	strb	r3, [r4, #1]
10001288:	6963      	ldr	r3, [r4, #20]
1000128a:	8061      	strh	r1, [r4, #2]
1000128c:	831d      	strh	r5, [r3, #24]
1000128e:	f04f 0504 	mov.w	r5, #4
10001292:	f8a3 5078 	strh.w	r5, [r3, #120]	@ 0x78
10001296:	f04f 0505 	mov.w	r5, #5
1000129a:	f8a3 5090 	strh.w	r5, [r3, #144]	@ 0x90
1000129e:	f04f 0506 	mov.w	r5, #6
100012a2:	f8a3 50a8 	strh.w	r5, [r3, #168]	@ 0xa8
100012a6:	f04f 0507 	mov.w	r5, #7
100012aa:	210e      	movs	r1, #14
100012ac:	f64f 72ff 	movw	r2, #65535	@ 0xffff
100012b0:	2708      	movs	r7, #8
100012b2:	f04f 0e0a 	mov.w	lr, #10
100012b6:	f8a3 50c0 	strh.w	r5, [r3, #192]	@ 0xc0
100012ba:	f04f 0901 	mov.w	r9, #1
100012be:	f04f 0c0c 	mov.w	ip, #12
100012c2:	f04f 0b02 	mov.w	fp, #2
100012c6:	f04f 0a09 	mov.w	sl, #9
100012ca:	200d      	movs	r0, #13
100012cc:	f04f 050b 	mov.w	r5, #11
100012d0:	f8a3 1168 	strh.w	r1, [r3, #360]	@ 0x168
100012d4:	4917      	ldr	r1, [pc, #92]	@ (10001334 <runtime_init_default_alarm_pool+0xec>)
100012d6:	80a2      	strh	r2, [r4, #4]
100012d8:	f8a3 e108 	strh.w	lr, [r3, #264]	@ 0x108
100012dc:	60a1      	str	r1, [r4, #8]
100012de:	f8a3 b048 	strh.w	fp, [r3, #72]	@ 0x48
100012e2:	f8a3 a0f0 	strh.w	sl, [r3, #240]	@ 0xf0
100012e6:	f8a3 5120 	strh.w	r5, [r3, #288]	@ 0x120
100012ea:	f8a3 c138 	strh.w	ip, [r3, #312]	@ 0x138
100012ee:	f8a3 0150 	strh.w	r0, [r3, #336]	@ 0x150
100012f2:	f8a3 9030 	strh.w	r9, [r3, #48]	@ 0x30
100012f6:	f8a3 6060 	strh.w	r6, [r3, #96]	@ 0x60
100012fa:	f8a3 70d8 	strh.w	r7, [r3, #216]	@ 0xd8
100012fe:	801a      	strh	r2, [r3, #0]
10001300:	4b0d      	ldr	r3, [pc, #52]	@ (10001338 <runtime_init_default_alarm_pool+0xf0>)
10001302:	4630      	mov	r0, r6
10001304:	f8c8 7020 	str.w	r7, [r8, #32]
10001308:	490c      	ldr	r1, [pc, #48]	@ (1000133c <runtime_init_default_alarm_pool+0xf4>)
1000130a:	60dc      	str	r4, [r3, #12]
1000130c:	f7ff fb24 	bl	10000958 <irq_set_exclusive_handler>
10001310:	4649      	mov	r1, r9
10001312:	4630      	mov	r0, r6
10001314:	f7ff fade 	bl	100008d4 <irq_set_enabled>
10001318:	4b09      	ldr	r3, [pc, #36]	@ (10001340 <runtime_init_default_alarm_pool+0xf8>)
1000131a:	210a      	movs	r1, #10
1000131c:	641f      	str	r7, [r3, #64]	@ 0x40
1000131e:	4803      	ldr	r0, [pc, #12]	@ (1000132c <runtime_init_default_alarm_pool+0xe4>)
10001320:	e8bd 4ff8 	ldmia.w	sp!, {r3, r4, r5, r6, r7, r8, r9, sl, fp, lr}
10001324:	f7ff bda8 	b.w	10000e78 <lock_init>
10001328:	20001544 	.word	0x20001544
1000132c:	20002a00 	.word	0x20002a00
10001330:	20002114 	.word	0x20002114
10001334:	0010ffff 	.word	0x0010ffff
10001338:	200029d0 	.word	0x200029d0
1000133c:	10000f59 	.word	0x10000f59
10001340:	400b2000 	.word	0x400b2000
10001344:	400b0000 	.word	0x400b0000

10001348 <alarm_pool_get_default>:
10001348:	4800      	ldr	r0, [pc, #0]	@ (1000134c <alarm_pool_get_default+0x4>)
1000134a:	4770      	bx	lr
1000134c:	20001544 	.word	0x20001544

10001350 <alarm_pool_add_alarm_at>:
10001350:	b5f8      	push	{r3, r4, r5, r6, r7, lr}
10001352:	f89d 5020 	ldrb.w	r5, [sp, #32]
10001356:	4604      	mov	r4, r0
10001358:	4617      	mov	r7, r2
1000135a:	461e      	mov	r6, r3
1000135c:	b935      	cbnz	r5, 1000136c <alarm_pool_add_alarm_at+0x1c>
1000135e:	f000 f9fd 	bl	1000175c <time_us_64>
10001362:	4287      	cmp	r7, r0
10001364:	eb66 0101 	sbc.w	r1, r6, r1
10001368:	2900      	cmp	r1, #0
1000136a:	db5c      	blt.n	10001426 <alarm_pool_add_alarm_at+0xd6>
1000136c:	6921      	ldr	r1, [r4, #16]
1000136e:	f3ef 8310 	mrs	r3, PRIMASK
10001372:	b672      	cpsid	i
10001374:	e8d1 0fcf 	ldaexb	r0, [r1]
10001378:	2201      	movs	r2, #1
1000137a:	2800      	cmp	r0, #0
1000137c:	d1fa      	bne.n	10001374 <alarm_pool_add_alarm_at+0x24>
1000137e:	e8c1 2f40 	strexb	r0, r2, [r1]
10001382:	2800      	cmp	r0, #0
10001384:	d1f6      	bne.n	10001374 <alarm_pool_add_alarm_at+0x24>
10001386:	f3bf 8f5f 	dmb	sy
1000138a:	f9b4 2002 	ldrsh.w	r2, [r4, #2]
1000138e:	6965      	ldr	r5, [r4, #20]
10001390:	eb02 0142 	add.w	r1, r2, r2, lsl #1
10001394:	2a00      	cmp	r2, #0
10001396:	ea4f 0cc1 	mov.w	ip, r1, lsl #3
1000139a:	6920      	ldr	r0, [r4, #16]
1000139c:	eb05 01c1 	add.w	r1, r5, r1, lsl #3
100013a0:	db39      	blt.n	10001416 <alarm_pool_add_alarm_at+0xc6>
100013a2:	f835 e00c 	ldrh.w	lr, [r5, ip]
100013a6:	f8a4 e002 	strh.w	lr, [r4, #2]
100013aa:	f04f 0e00 	mov.w	lr, #0
100013ae:	e8c0 ef8f 	stlb	lr, [r0]
100013b2:	f383 8810 	msr	PRIMASK, r3
100013b6:	8848      	ldrh	r0, [r1, #2]
100013b8:	9b06      	ldr	r3, [sp, #24]
100013ba:	3001      	adds	r0, #1
100013bc:	f3c0 000e 	ubfx	r0, r0, #0, #15
100013c0:	2801      	cmp	r0, #1
100013c2:	bf38      	it	cc
100013c4:	2001      	movcc	r0, #1
100013c6:	610b      	str	r3, [r1, #16]
100013c8:	9b07      	ldr	r3, [sp, #28]
100013ca:	8048      	strh	r0, [r1, #2]
100013cc:	614b      	str	r3, [r1, #20]
100013ce:	e9c1 7602 	strd	r7, r6, [r1, #8]
100013d2:	ea40 4002 	orr.w	r0, r0, r2, lsl #16
100013d6:	6923      	ldr	r3, [r4, #16]
100013d8:	f3ef 8110 	mrs	r1, PRIMASK
100013dc:	b672      	cpsid	i
100013de:	e8d3 7fcf 	ldaexb	r7, [r3]
100013e2:	2601      	movs	r6, #1
100013e4:	2f00      	cmp	r7, #0
100013e6:	d1fa      	bne.n	100013de <alarm_pool_add_alarm_at+0x8e>
100013e8:	e8c3 6f47 	strexb	r7, r6, [r3]
100013ec:	2f00      	cmp	r7, #0
100013ee:	d1f6      	bne.n	100013de <alarm_pool_add_alarm_at+0x8e>
100013f0:	f3bf 8f5f 	dmb	sy
100013f4:	88a3      	ldrh	r3, [r4, #4]
100013f6:	f825 300c 	strh.w	r3, [r5, ip]
100013fa:	80a2      	strh	r2, [r4, #4]
100013fc:	6923      	ldr	r3, [r4, #16]
100013fe:	e8c3 ef8f 	stlb	lr, [r3]
10001402:	f381 8810 	msr	PRIMASK, r1
10001406:	2201      	movs	r2, #1
10001408:	68e3      	ldr	r3, [r4, #12]
1000140a:	7821      	ldrb	r1, [r4, #0]
1000140c:	f503 5301 	add.w	r3, r3, #8256	@ 0x2040
10001410:	408a      	lsls	r2, r1
10001412:	605a      	str	r2, [r3, #4]
10001414:	bdf8      	pop	{r3, r4, r5, r6, r7, pc}
10001416:	2200      	movs	r2, #0
10001418:	e8c0 2f8f 	stlb	r2, [r0]
1000141c:	f383 8810 	msr	PRIMASK, r3
10001420:	f04f 30ff 	mov.w	r0, #4294967295	@ 0xffffffff
10001424:	bdf8      	pop	{r3, r4, r5, r6, r7, pc}
10001426:	4628      	mov	r0, r5
10001428:	bdf8      	pop	{r3, r4, r5, r6, r7, pc}
1000142a:	bf00      	nop

1000142c <alarm_pool_add_alarm_at_force_in_context>:
1000142c:	4601      	mov	r1, r0
1000142e:	b5f0      	push	{r4, r5, r6, r7, lr}
10001430:	6900      	ldr	r0, [r0, #16]
10001432:	f3ef 8710 	mrs	r7, PRIMASK
10001436:	b672      	cpsid	i
10001438:	e8d0 5fcf 	ldaexb	r5, [r0]
1000143c:	2401      	movs	r4, #1
1000143e:	2d00      	cmp	r5, #0
10001440:	d1fa      	bne.n	10001438 <alarm_pool_add_alarm_at_force_in_context+0xc>
10001442:	e8c0 4f45 	strexb	r5, r4, [r0]
10001446:	2d00      	cmp	r5, #0
10001448:	d1f6      	bne.n	10001438 <alarm_pool_add_alarm_at_force_in_context+0xc>
1000144a:	f3bf 8f5f 	dmb	sy
1000144e:	f9b1 e002 	ldrsh.w	lr, [r1, #2]
10001452:	694c      	ldr	r4, [r1, #20]
10001454:	eb0e 0c4e 	add.w	ip, lr, lr, lsl #1
10001458:	f1be 0f00 	cmp.w	lr, #0
1000145c:	ea4f 05cc 	mov.w	r5, ip, lsl #3
10001460:	6908      	ldr	r0, [r1, #16]
10001462:	eb04 0ccc 	add.w	ip, r4, ip, lsl #3
10001466:	db3c      	blt.n	100014e2 <alarm_pool_add_alarm_at_force_in_context+0xb6>
10001468:	5b66      	ldrh	r6, [r4, r5]
1000146a:	804e      	strh	r6, [r1, #2]
1000146c:	2600      	movs	r6, #0
1000146e:	e8c0 6f8f 	stlb	r6, [r0]
10001472:	f387 8810 	msr	PRIMASK, r7
10001476:	f8bc 0002 	ldrh.w	r0, [ip, #2]
1000147a:	e9cc 2302 	strd	r2, r3, [ip, #8]
1000147e:	3001      	adds	r0, #1
10001480:	f3c0 000e 	ubfx	r0, r0, #0, #15
10001484:	2801      	cmp	r0, #1
10001486:	bf38      	it	cc
10001488:	2001      	movcc	r0, #1
1000148a:	9b05      	ldr	r3, [sp, #20]
1000148c:	f8ac 0002 	strh.w	r0, [ip, #2]
10001490:	f8cc 3010 	str.w	r3, [ip, #16]
10001494:	9b06      	ldr	r3, [sp, #24]
10001496:	ea40 400e 	orr.w	r0, r0, lr, lsl #16
1000149a:	f8cc 3014 	str.w	r3, [ip, #20]
1000149e:	690b      	ldr	r3, [r1, #16]
100014a0:	f3ef 8210 	mrs	r2, PRIMASK
100014a4:	b672      	cpsid	i
100014a6:	e8d3 cfcf 	ldaexb	ip, [r3]
100014aa:	2701      	movs	r7, #1
100014ac:	f1bc 0f00 	cmp.w	ip, #0
100014b0:	d1f9      	bne.n	100014a6 <alarm_pool_add_alarm_at_force_in_context+0x7a>
100014b2:	e8c3 7f4c 	strexb	ip, r7, [r3]
100014b6:	f1bc 0f00 	cmp.w	ip, #0
100014ba:	d1f4      	bne.n	100014a6 <alarm_pool_add_alarm_at_force_in_context+0x7a>
100014bc:	f3bf 8f5f 	dmb	sy
100014c0:	888b      	ldrh	r3, [r1, #4]
100014c2:	5363      	strh	r3, [r4, r5]
100014c4:	f8a1 e004 	strh.w	lr, [r1, #4]
100014c8:	690b      	ldr	r3, [r1, #16]
100014ca:	e8c3 6f8f 	stlb	r6, [r3]
100014ce:	f382 8810 	msr	PRIMASK, r2
100014d2:	2201      	movs	r2, #1
100014d4:	68cb      	ldr	r3, [r1, #12]
100014d6:	7809      	ldrb	r1, [r1, #0]
100014d8:	f503 5301 	add.w	r3, r3, #8256	@ 0x2040
100014dc:	408a      	lsls	r2, r1
100014de:	605a      	str	r2, [r3, #4]
100014e0:	bdf0      	pop	{r4, r5, r6, r7, pc}
100014e2:	2300      	movs	r3, #0
100014e4:	e8c0 3f8f 	stlb	r3, [r0]
100014e8:	f387 8810 	msr	PRIMASK, r7
100014ec:	f04f 30ff 	mov.w	r0, #4294967295	@ 0xffffffff
100014f0:	bdf0      	pop	{r4, r5, r6, r7, pc}
100014f2:	bf00      	nop

100014f4 <alarm_pool_cancel_alarm>:
100014f4:	4603      	mov	r3, r0
100014f6:	8940      	ldrh	r0, [r0, #10]
100014f8:	ebb0 4f21 	cmp.w	r0, r1, asr #16
100014fc:	dd37      	ble.n	1000156e <alarm_pool_cancel_alarm+0x7a>
100014fe:	6958      	ldr	r0, [r3, #20]
10001500:	140a      	asrs	r2, r1, #16
10001502:	eb02 0242 	add.w	r2, r2, r2, lsl #1
10001506:	b510      	push	{r4, lr}
10001508:	eb00 00c2 	add.w	r0, r0, r2, lsl #3
1000150c:	691c      	ldr	r4, [r3, #16]
1000150e:	f3ef 8c10 	mrs	ip, PRIMASK
10001512:	b672      	cpsid	i
10001514:	e8d4 efcf 	ldaexb	lr, [r4]
10001518:	2201      	movs	r2, #1
1000151a:	f1be 0f00 	cmp.w	lr, #0
1000151e:	d1f9      	bne.n	10001514 <alarm_pool_cancel_alarm+0x20>
10001520:	e8c4 2f4e 	strexb	lr, r2, [r4]
10001524:	f1be 0f00 	cmp.w	lr, #0
10001528:	d1f4      	bne.n	10001514 <alarm_pool_cancel_alarm+0x20>
1000152a:	f3bf 8f5f 	dmb	sy
1000152e:	8842      	ldrh	r2, [r0, #2]
10001530:	b289      	uxth	r1, r1
10001532:	b292      	uxth	r2, r2
10001534:	428a      	cmp	r2, r1
10001536:	d007      	beq.n	10001548 <alarm_pool_cancel_alarm+0x54>
10001538:	2200      	movs	r2, #0
1000153a:	691b      	ldr	r3, [r3, #16]
1000153c:	e8c3 2f8f 	stlb	r2, [r3]
10001540:	f38c 8810 	msr	PRIMASK, ip
10001544:	2000      	movs	r0, #0
10001546:	bd10      	pop	{r4, pc}
10001548:	f442 4200 	orr.w	r2, r2, #32768	@ 0x8000
1000154c:	8042      	strh	r2, [r0, #2]
1000154e:	2101      	movs	r1, #1
10001550:	2200      	movs	r2, #0
10001552:	6918      	ldr	r0, [r3, #16]
10001554:	7199      	strb	r1, [r3, #6]
10001556:	e8c0 2f8f 	stlb	r2, [r0]
1000155a:	f38c 8810 	msr	PRIMASK, ip
1000155e:	781c      	ldrb	r4, [r3, #0]
10001560:	68da      	ldr	r2, [r3, #12]
10001562:	4608      	mov	r0, r1
10001564:	f502 5301 	add.w	r3, r2, #8256	@ 0x2040
10001568:	40a1      	lsls	r1, r4
1000156a:	6059      	str	r1, [r3, #4]
1000156c:	bd10      	pop	{r4, pc}
1000156e:	2000      	movs	r0, #0
10001570:	4770      	bx	lr
10001572:	bf00      	nop

10001574 <alarm_pool_core_num>:
10001574:	7840      	ldrb	r0, [r0, #1]
10001576:	4770      	bx	lr

10001578 <sleep_ms>:
10001578:	e92d 41f0 	stmdb	sp!, {r4, r5, r6, r7, r8, lr}
1000157c:	b082      	sub	sp, #8
1000157e:	4606      	mov	r6, r0
10001580:	f000 f8ec 	bl	1000175c <time_us_64>
10001584:	f44f 737a 	mov.w	r3, #1000	@ 0x3e8
10001588:	4604      	mov	r4, r0
1000158a:	f04f 30ff 	mov.w	r0, #4294967295	@ 0xffffffff
1000158e:	f06f 4200 	mvn.w	r2, #2147483648	@ 0x80000000
10001592:	fbe6 4103 	umlal	r4, r1, r6, r3
10001596:	42a0      	cmp	r0, r4
10001598:	eb72 0301 	sbcs.w	r3, r2, r1
1000159c:	bf3a      	itte	cc
1000159e:	4604      	movcc	r4, r0
100015a0:	4615      	movcc	r5, r2
100015a2:	460d      	movcs	r5, r1
100015a4:	1fa6      	subs	r6, r4, #6
100015a6:	f145 37ff 	adc.w	r7, r5, #4294967295	@ 0xffffffff
100015aa:	42b4      	cmp	r4, r6
100015ac:	eb75 0307 	sbcs.w	r3, r5, r7
100015b0:	bf3c      	itt	cc
100015b2:	2600      	movcc	r6, #0
100015b4:	4637      	movcc	r7, r6
100015b6:	f000 f8d1 	bl	1000175c <time_us_64>
100015ba:	1a30      	subs	r0, r6, r0
100015bc:	eb67 0101 	sbc.w	r1, r7, r1
100015c0:	2801      	cmp	r0, #1
100015c2:	f171 0100 	sbcs.w	r1, r1, #0
100015c6:	da06      	bge.n	100015d6 <sleep_ms+0x5e>
100015c8:	4620      	mov	r0, r4
100015ca:	4629      	mov	r1, r5
100015cc:	b002      	add	sp, #8
100015ce:	e8bd 41f0 	ldmia.w	sp!, {r4, r5, r6, r7, r8, lr}
100015d2:	f000 b8fb 	b.w	100017cc <busy_wait_until>
100015d6:	f000 f8c1 	bl	1000175c <time_us_64>
100015da:	4286      	cmp	r6, r0
100015dc:	eb67 0101 	sbc.w	r1, r7, r1
100015e0:	2900      	cmp	r1, #0
100015e2:	db0a      	blt.n	100015fa <sleep_ms+0x82>
100015e4:	2100      	movs	r1, #0
100015e6:	4b17      	ldr	r3, [pc, #92]	@ (10001644 <sleep_ms+0xcc>)
100015e8:	4632      	mov	r2, r6
100015ea:	9300      	str	r3, [sp, #0]
100015ec:	4816      	ldr	r0, [pc, #88]	@ (10001648 <sleep_ms+0xd0>)
100015ee:	463b      	mov	r3, r7
100015f0:	9101      	str	r1, [sp, #4]
100015f2:	f7ff ff1b 	bl	1000142c <alarm_pool_add_alarm_at_force_in_context>
100015f6:	3001      	adds	r0, #1
100015f8:	d0e6      	beq.n	100015c8 <sleep_ms+0x50>
100015fa:	f04f 0c00 	mov.w	ip, #0
100015fe:	4a13      	ldr	r2, [pc, #76]	@ (1000164c <sleep_ms+0xd4>)
10001600:	4913      	ldr	r1, [pc, #76]	@ (10001650 <sleep_ms+0xd8>)
10001602:	6a53      	ldr	r3, [r2, #36]	@ 0x24
10001604:	429f      	cmp	r7, r3
10001606:	d804      	bhi.n	10001612 <sleep_ms+0x9a>
10001608:	6a90      	ldr	r0, [r2, #40]	@ 0x28
1000160a:	42b0      	cmp	r0, r6
1000160c:	d2dc      	bcs.n	100015c8 <sleep_ms+0x50>
1000160e:	429f      	cmp	r7, r3
10001610:	d1da      	bne.n	100015c8 <sleep_ms+0x50>
10001612:	680b      	ldr	r3, [r1, #0]
10001614:	f3ef 8010 	mrs	r0, PRIMASK
10001618:	b672      	cpsid	i
1000161a:	e8d3 8fcf 	ldaexb	r8, [r3]
1000161e:	f05f 0e01 	movs.w	lr, #1
10001622:	f1b8 0f00 	cmp.w	r8, #0
10001626:	d1f8      	bne.n	1000161a <sleep_ms+0xa2>
10001628:	e8c3 ef48 	strexb	r8, lr, [r3]
1000162c:	f1b8 0f00 	cmp.w	r8, #0
10001630:	d1f3      	bne.n	1000161a <sleep_ms+0xa2>
10001632:	f3bf 8f5f 	dmb	sy
10001636:	680b      	ldr	r3, [r1, #0]
10001638:	e8c3 cf8f 	stlb	ip, [r3]
1000163c:	f380 8810 	msr	PRIMASK, r0
10001640:	bf20      	wfe
10001642:	e7de      	b.n	10001602 <sleep_ms+0x8a>
10001644:	10000f19 	.word	0x10000f19
10001648:	20001544 	.word	0x20001544
1000164c:	400b0000 	.word	0x400b0000
10001650:	20002a00 	.word	0x20002a00

10001654 <best_effort_wfe_or_timeout>:
10001654:	e92d 43f0 	stmdb	sp!, {r4, r5, r6, r7, r8, r9, lr}
10001658:	4606      	mov	r6, r0
1000165a:	460d      	mov	r5, r1
1000165c:	b083      	sub	sp, #12
1000165e:	f3ef 8405 	mrs	r4, IPSR
10001662:	b2e4      	uxtb	r4, r4
10001664:	b13c      	cbz	r4, 10001676 <best_effort_wfe_or_timeout+0x22>
10001666:	4b2d      	ldr	r3, [pc, #180]	@ (1000171c <best_effort_wfe_or_timeout+0xc8>)
10001668:	6a5a      	ldr	r2, [r3, #36]	@ 0x24
1000166a:	42aa      	cmp	r2, r5
1000166c:	d21c      	bcs.n	100016a8 <best_effort_wfe_or_timeout+0x54>
1000166e:	2000      	movs	r0, #0
10001670:	b003      	add	sp, #12
10001672:	e8bd 83f0 	ldmia.w	sp!, {r4, r5, r6, r7, r8, r9, pc}
10001676:	4f2a      	ldr	r7, [pc, #168]	@ (10001720 <best_effort_wfe_or_timeout+0xcc>)
10001678:	f8d7 900c 	ldr.w	r9, [r7, #12]
1000167c:	f897 8000 	ldrb.w	r8, [r7]
10001680:	4648      	mov	r0, r9
10001682:	f000 f863 	bl	1000174c <timer_time_us_64>
10001686:	f108 0804 	add.w	r8, r8, #4
1000168a:	f859 3028 	ldr.w	r3, [r9, r8, lsl #2]
1000168e:	1a1b      	subs	r3, r3, r0
10001690:	1a30      	subs	r0, r6, r0
10001692:	eb65 0101 	sbc.w	r1, r5, r1
10001696:	4298      	cmp	r0, r3
10001698:	f171 0100 	sbcs.w	r1, r1, #0
1000169c:	db10      	blt.n	100016c0 <best_effort_wfe_or_timeout+0x6c>
1000169e:	bf20      	wfe
100016a0:	4b1e      	ldr	r3, [pc, #120]	@ (1000171c <best_effort_wfe_or_timeout+0xc8>)
100016a2:	6a5a      	ldr	r2, [r3, #36]	@ 0x24
100016a4:	42aa      	cmp	r2, r5
100016a6:	d3e2      	bcc.n	1000166e <best_effort_wfe_or_timeout+0x1a>
100016a8:	bf14      	ite	ne
100016aa:	2401      	movne	r4, #1
100016ac:	2400      	moveq	r4, #0
100016ae:	6a9b      	ldr	r3, [r3, #40]	@ 0x28
100016b0:	42b3      	cmp	r3, r6
100016b2:	bf34      	ite	cc
100016b4:	4620      	movcc	r0, r4
100016b6:	f044 0001 	orrcs.w	r0, r4, #1
100016ba:	b003      	add	sp, #12
100016bc:	e8bd 83f0 	ldmia.w	sp!, {r4, r5, r6, r7, r8, r9, pc}
100016c0:	f000 f84c 	bl	1000175c <time_us_64>
100016c4:	4286      	cmp	r6, r0
100016c6:	eb65 0101 	sbc.w	r1, r5, r1
100016ca:	2900      	cmp	r1, #0
100016cc:	db14      	blt.n	100016f8 <best_effort_wfe_or_timeout+0xa4>
100016ce:	4b15      	ldr	r3, [pc, #84]	@ (10001724 <best_effort_wfe_or_timeout+0xd0>)
100016d0:	4638      	mov	r0, r7
100016d2:	e9cd 3400 	strd	r3, r4, [sp]
100016d6:	4632      	mov	r2, r6
100016d8:	462b      	mov	r3, r5
100016da:	f7ff fea7 	bl	1000142c <alarm_pool_add_alarm_at_force_in_context>
100016de:	1e01      	subs	r1, r0, #0
100016e0:	dd0a      	ble.n	100016f8 <best_effort_wfe_or_timeout+0xa4>
100016e2:	4b0e      	ldr	r3, [pc, #56]	@ (1000171c <best_effort_wfe_or_timeout+0xc8>)
100016e4:	6a5a      	ldr	r2, [r3, #36]	@ 0x24
100016e6:	42aa      	cmp	r2, r5
100016e8:	d316      	bcc.n	10001718 <best_effort_wfe_or_timeout+0xc4>
100016ea:	6a9b      	ldr	r3, [r3, #40]	@ 0x28
100016ec:	42b3      	cmp	r3, r6
100016ee:	d311      	bcc.n	10001714 <best_effort_wfe_or_timeout+0xc0>
100016f0:	480b      	ldr	r0, [pc, #44]	@ (10001720 <best_effort_wfe_or_timeout+0xcc>)
100016f2:	f7ff feff 	bl	100014f4 <alarm_pool_cancel_alarm>
100016f6:	e7b6      	b.n	10001666 <best_effort_wfe_or_timeout+0x12>
100016f8:	4b08      	ldr	r3, [pc, #32]	@ (1000171c <best_effort_wfe_or_timeout+0xc8>)
100016fa:	6a5c      	ldr	r4, [r3, #36]	@ 0x24
100016fc:	42ac      	cmp	r4, r5
100016fe:	d3b6      	bcc.n	1000166e <best_effort_wfe_or_timeout+0x1a>
10001700:	1b64      	subs	r4, r4, r5
10001702:	bf18      	it	ne
10001704:	2401      	movne	r4, #1
10001706:	6a9b      	ldr	r3, [r3, #40]	@ 0x28
10001708:	42b3      	cmp	r3, r6
1000170a:	bf34      	ite	cc
1000170c:	4620      	movcc	r0, r4
1000170e:	f044 0001 	orrcs.w	r0, r4, #1
10001712:	e7ad      	b.n	10001670 <best_effort_wfe_or_timeout+0x1c>
10001714:	42aa      	cmp	r2, r5
10001716:	d1eb      	bne.n	100016f0 <best_effort_wfe_or_timeout+0x9c>
10001718:	bf20      	wfe
1000171a:	e7e9      	b.n	100016f0 <best_effort_wfe_or_timeout+0x9c>
1000171c:	400b0000 	.word	0x400b0000
10001720:	20001544 	.word	0x20001544
10001724:	10000f19 	.word	0x10000f19

10001728 <timer_hardware_alarm_claim>:
10001728:	b410      	push	{r4}
1000172a:	4b05      	ldr	r3, [pc, #20]	@ (10001740 <timer_hardware_alarm_claim+0x18>)
1000172c:	4c05      	ldr	r4, [pc, #20]	@ (10001744 <timer_hardware_alarm_claim+0x1c>)
1000172e:	4a06      	ldr	r2, [pc, #24]	@ (10001748 <timer_hardware_alarm_claim+0x20>)
10001730:	42a0      	cmp	r0, r4
10001732:	bf14      	ite	ne
10001734:	4618      	movne	r0, r3
10001736:	1c58      	addeq	r0, r3, #1
10001738:	f85d 4b04 	ldr.w	r4, [sp], #4
1000173c:	f7ff b80e 	b.w	1000075c <hw_claim_or_assert>
10001740:	2000253c 	.word	0x2000253c
10001744:	400b8000 	.word	0x400b8000
10001748:	1000ce4c 	.word	0x1000ce4c

1000174c <timer_time_us_64>:
1000174c:	4603      	mov	r3, r0
1000174e:	6a41      	ldr	r1, [r0, #36]	@ 0x24
10001750:	460a      	mov	r2, r1
10001752:	6a98      	ldr	r0, [r3, #40]	@ 0x28
10001754:	6a59      	ldr	r1, [r3, #36]	@ 0x24
10001756:	428a      	cmp	r2, r1
10001758:	d1fa      	bne.n	10001750 <timer_time_us_64+0x4>
1000175a:	4770      	bx	lr

1000175c <time_us_64>:
1000175c:	4b03      	ldr	r3, [pc, #12]	@ (1000176c <time_us_64+0x10>)
1000175e:	6a59      	ldr	r1, [r3, #36]	@ 0x24
10001760:	460a      	mov	r2, r1
10001762:	6a98      	ldr	r0, [r3, #40]	@ 0x28
10001764:	6a59      	ldr	r1, [r3, #36]	@ 0x24
10001766:	4291      	cmp	r1, r2
10001768:	d1fa      	bne.n	10001760 <time_us_64+0x4>
1000176a:	4770      	bx	lr
1000176c:	400b0000 	.word	0x400b0000

10001770 <busy_wait_us>:
10001770:	b430      	push	{r4, r5}
10001772:	4a15      	ldr	r2, [pc, #84]	@ (100017c8 <busy_wait_us+0x58>)
10001774:	6a53      	ldr	r3, [r2, #36]	@ 0x24
10001776:	469c      	mov	ip, r3
10001778:	6a94      	ldr	r4, [r2, #40]	@ 0x28
1000177a:	6a53      	ldr	r3, [r2, #36]	@ 0x24
1000177c:	4563      	cmp	r3, ip
1000177e:	d1fa      	bne.n	10001776 <busy_wait_us+0x6>
10001780:	1902      	adds	r2, r0, r4
10001782:	4159      	adcs	r1, r3
10001784:	f04f 0500 	mov.w	r5, #0
10001788:	bf28      	it	cs
1000178a:	2501      	movcs	r5, #1
1000178c:	4b0e      	ldr	r3, [pc, #56]	@ (100017c8 <busy_wait_us+0x58>)
1000178e:	6a5b      	ldr	r3, [r3, #36]	@ 0x24
10001790:	b1b5      	cbz	r5, 100017c0 <busy_wait_us+0x50>
10001792:	1c5a      	adds	r2, r3, #1
10001794:	bf08      	it	eq
10001796:	461a      	moveq	r2, r3
10001798:	d008      	beq.n	100017ac <busy_wait_us+0x3c>
1000179a:	f04f 31ff 	mov.w	r1, #4294967295	@ 0xffffffff
1000179e:	460a      	mov	r2, r1
100017a0:	4809      	ldr	r0, [pc, #36]	@ (100017c8 <busy_wait_us+0x58>)
100017a2:	6a43      	ldr	r3, [r0, #36]	@ 0x24
100017a4:	428b      	cmp	r3, r1
100017a6:	d3fc      	bcc.n	100017a2 <busy_wait_us+0x32>
100017a8:	428b      	cmp	r3, r1
100017aa:	d107      	bne.n	100017bc <busy_wait_us+0x4c>
100017ac:	4906      	ldr	r1, [pc, #24]	@ (100017c8 <busy_wait_us+0x58>)
100017ae:	e002      	b.n	100017b6 <busy_wait_us+0x46>
100017b0:	6a48      	ldr	r0, [r1, #36]	@ 0x24
100017b2:	4298      	cmp	r0, r3
100017b4:	d102      	bne.n	100017bc <busy_wait_us+0x4c>
100017b6:	6a88      	ldr	r0, [r1, #40]	@ 0x28
100017b8:	4290      	cmp	r0, r2
100017ba:	d3f9      	bcc.n	100017b0 <busy_wait_us+0x40>
100017bc:	bc30      	pop	{r4, r5}
100017be:	4770      	bx	lr
100017c0:	4299      	cmp	r1, r3
100017c2:	d8ed      	bhi.n	100017a0 <busy_wait_us+0x30>
100017c4:	e7f0      	b.n	100017a8 <busy_wait_us+0x38>
100017c6:	bf00      	nop
100017c8:	400b0000 	.word	0x400b0000

100017cc <busy_wait_until>:
100017cc:	4a07      	ldr	r2, [pc, #28]	@ (100017ec <busy_wait_until+0x20>)
100017ce:	6a53      	ldr	r3, [r2, #36]	@ 0x24
100017d0:	4299      	cmp	r1, r3
100017d2:	d8fc      	bhi.n	100017ce <busy_wait_until+0x2>
100017d4:	4299      	cmp	r1, r3
100017d6:	d107      	bne.n	100017e8 <busy_wait_until+0x1c>
100017d8:	4b04      	ldr	r3, [pc, #16]	@ (100017ec <busy_wait_until+0x20>)
100017da:	e002      	b.n	100017e2 <busy_wait_until+0x16>
100017dc:	6a5a      	ldr	r2, [r3, #36]	@ 0x24
100017de:	4291      	cmp	r1, r2
100017e0:	d102      	bne.n	100017e8 <busy_wait_until+0x1c>
100017e2:	6a9a      	ldr	r2, [r3, #40]	@ 0x28
100017e4:	4290      	cmp	r0, r2
100017e6:	d8f9      	bhi.n	100017dc <busy_wait_until+0x10>
100017e8:	4770      	bx	lr
100017ea:	bf00      	nop
100017ec:	400b0000 	.word	0x400b0000

100017f0 <clock_configure_undivided>:
100017f0:	eb00 0c40 	add.w	ip, r0, r0, lsl #1
100017f4:	ea4f 0c8c 	mov.w	ip, ip, lsl #2
100017f8:	f10c 4c80 	add.w	ip, ip, #1073741824	@ 0x40000000
100017fc:	f50c 3c80 	add.w	ip, ip, #65536	@ 0x10000
10001800:	b5f0      	push	{r4, r5, r6, r7, lr}
10001802:	4616      	mov	r6, r2
10001804:	f8dc 2004 	ldr.w	r2, [ip, #4]
10001808:	1f05      	subs	r5, r0, #4
1000180a:	f5b2 3f80 	cmp.w	r2, #65536	@ 0x10000
1000180e:	bf38      	it	cc
10001810:	f44f 3280 	movcc.w	r2, #65536	@ 0x10000
10001814:	b2ed      	uxtb	r5, r5
10001816:	bf38      	it	cc
10001818:	f8cc 2004 	strcc.w	r2, [ip, #4]
1000181c:	2d01      	cmp	r5, #1
1000181e:	d92a      	bls.n	10001876 <clock_configure_undivided+0x86>
10001820:	f44f 6700 	mov.w	r7, #2048	@ 0x800
10001824:	4c25      	ldr	r4, [pc, #148]	@ (100018bc <clock_configure_undivided+0xcc>)
10001826:	f50c 5240 	add.w	r2, ip, #12288	@ 0x3000
1000182a:	6017      	str	r7, [r2, #0]
1000182c:	f854 2020 	ldr.w	r2, [r4, r0, lsl #2]
10001830:	b9b2      	cbnz	r2, 10001860 <clock_configure_undivided+0x70>
10001832:	f8dc 2000 	ldr.w	r2, [ip]
10001836:	2d01      	cmp	r5, #1
10001838:	ea82 1246 	eor.w	r2, r2, r6, lsl #5
1000183c:	f002 02e0 	and.w	r2, r2, #224	@ 0xe0
10001840:	f50c 5680 	add.w	r6, ip, #4096	@ 0x1000
10001844:	6032      	str	r2, [r6, #0]
10001846:	d92a      	bls.n	1000189e <clock_configure_undivided+0xae>
10001848:	f44f 6100 	mov.w	r1, #2048	@ 0x800
1000184c:	f844 3020 	str.w	r3, [r4, r0, lsl #2]
10001850:	f44f 3380 	mov.w	r3, #65536	@ 0x10000
10001854:	f50c 5200 	add.w	r2, ip, #8192	@ 0x2000
10001858:	6011      	str	r1, [r2, #0]
1000185a:	f8cc 3004 	str.w	r3, [ip, #4]
1000185e:	bdf0      	pop	{r4, r5, r6, r7, pc}
10001860:	6967      	ldr	r7, [r4, #20]
10001862:	fbb7 fef2 	udiv	lr, r7, r2
10001866:	f10e 0e01 	add.w	lr, lr, #1
1000186a:	eb0e 0e4e 	add.w	lr, lr, lr, lsl #1
1000186e:	f1be 0e03 	subs.w	lr, lr, #3
10001872:	d2fc      	bcs.n	1000186e <clock_configure_undivided+0x7e>
10001874:	e7dd      	b.n	10001832 <clock_configure_undivided+0x42>
10001876:	2901      	cmp	r1, #1
10001878:	d1d2      	bne.n	10001820 <clock_configure_undivided+0x30>
1000187a:	2403      	movs	r4, #3
1000187c:	f50c 5240 	add.w	r2, ip, #12288	@ 0x3000
10001880:	6014      	str	r4, [r2, #0]
10001882:	f8dc 2008 	ldr.w	r2, [ip, #8]
10001886:	07d2      	lsls	r2, r2, #31
10001888:	d5fb      	bpl.n	10001882 <clock_configure_undivided+0x92>
1000188a:	f8dc 2000 	ldr.w	r2, [ip]
1000188e:	4c0b      	ldr	r4, [pc, #44]	@ (100018bc <clock_configure_undivided+0xcc>)
10001890:	ea82 1246 	eor.w	r2, r2, r6, lsl #5
10001894:	f002 02e0 	and.w	r2, r2, #224	@ 0xe0
10001898:	f50c 5680 	add.w	r6, ip, #4096	@ 0x1000
1000189c:	6032      	str	r2, [r6, #0]
1000189e:	2201      	movs	r2, #1
100018a0:	f8dc 5000 	ldr.w	r5, [ip]
100018a4:	404d      	eors	r5, r1
100018a6:	f005 0503 	and.w	r5, r5, #3
100018aa:	6035      	str	r5, [r6, #0]
100018ac:	fa02 f101 	lsl.w	r1, r2, r1
100018b0:	f8dc 2008 	ldr.w	r2, [ip, #8]
100018b4:	420a      	tst	r2, r1
100018b6:	d0fb      	beq.n	100018b0 <clock_configure_undivided+0xc0>
100018b8:	e7c6      	b.n	10001848 <clock_configure_undivided+0x58>
100018ba:	bf00      	nop
100018bc:	20002540 	.word	0x20002540

100018c0 <clock_get_hz>:
100018c0:	4b01      	ldr	r3, [pc, #4]	@ (100018c8 <clock_get_hz+0x8>)
100018c2:	f853 0020 	ldr.w	r0, [r3, r0, lsl #2]
100018c6:	4770      	bx	lr
100018c8:	20002540 	.word	0x20002540

100018cc <pll_init>:
100018cc:	b470      	push	{r4, r5, r6}
100018ce:	9d03      	ldr	r5, [sp, #12]
100018d0:	6804      	ldr	r4, [r0, #0]
100018d2:	032d      	lsls	r5, r5, #12
100018d4:	ea45 4503 	orr.w	r5, r5, r3, lsl #16
100018d8:	4b1b      	ldr	r3, [pc, #108]	@ (10001948 <pll_init+0x7c>)
100018da:	2c00      	cmp	r4, #0
100018dc:	fbb3 f3f1 	udiv	r3, r3, r1
100018e0:	fbb2 f6f3 	udiv	r6, r2, r3
100018e4:	db1f      	blt.n	10001926 <pll_init+0x5a>
100018e6:	4a19      	ldr	r2, [pc, #100]	@ (1000194c <pll_init+0x80>)
100018e8:	4b19      	ldr	r3, [pc, #100]	@ (10001950 <pll_init+0x84>)
100018ea:	4290      	cmp	r0, r2
100018ec:	bf14      	ite	ne
100018ee:	f44f 4280 	movne.w	r2, #16384	@ 0x4000
100018f2:	f44f 4200 	moveq.w	r2, #32768	@ 0x8000
100018f6:	4c17      	ldr	r4, [pc, #92]	@ (10001954 <pll_init+0x88>)
100018f8:	601a      	str	r2, [r3, #0]
100018fa:	f503 5380 	add.w	r3, r3, #4096	@ 0x1000
100018fe:	601a      	str	r2, [r3, #0]
10001900:	68a3      	ldr	r3, [r4, #8]
10001902:	ea32 0303 	bics.w	r3, r2, r3
10001906:	d1fb      	bne.n	10001900 <pll_init+0x34>
10001908:	2221      	movs	r2, #33	@ 0x21
1000190a:	f500 5340 	add.w	r3, r0, #12288	@ 0x3000
1000190e:	3304      	adds	r3, #4
10001910:	6001      	str	r1, [r0, #0]
10001912:	6086      	str	r6, [r0, #8]
10001914:	601a      	str	r2, [r3, #0]
10001916:	6802      	ldr	r2, [r0, #0]
10001918:	2a00      	cmp	r2, #0
1000191a:	dafc      	bge.n	10001916 <pll_init+0x4a>
1000191c:	2208      	movs	r2, #8
1000191e:	60c5      	str	r5, [r0, #12]
10001920:	601a      	str	r2, [r3, #0]
10001922:	bc70      	pop	{r4, r5, r6}
10001924:	4770      	bx	lr
10001926:	6803      	ldr	r3, [r0, #0]
10001928:	f003 033f 	and.w	r3, r3, #63	@ 0x3f
1000192c:	428b      	cmp	r3, r1
1000192e:	d1da      	bne.n	100018e6 <pll_init+0x1a>
10001930:	6883      	ldr	r3, [r0, #8]
10001932:	f3c3 030b 	ubfx	r3, r3, #0, #12
10001936:	42b3      	cmp	r3, r6
10001938:	d1d5      	bne.n	100018e6 <pll_init+0x1a>
1000193a:	68c3      	ldr	r3, [r0, #12]
1000193c:	f403 23ee 	and.w	r3, r3, #487424	@ 0x77000
10001940:	42ab      	cmp	r3, r5
10001942:	d1d0      	bne.n	100018e6 <pll_init+0x1a>
10001944:	e7ed      	b.n	10001922 <pll_init+0x56>
10001946:	bf00      	nop
10001948:	00b71b00 	.word	0x00b71b00
1000194c:	40058000 	.word	0x40058000
10001950:	40022000 	.word	0x40022000
10001954:	40020000 	.word	0x40020000

10001958 <watchdog_reboot>:
10001958:	b430      	push	{r4, r5}
1000195a:	f04f 4480 	mov.w	r4, #1073741824	@ 0x40000000
1000195e:	4b1c      	ldr	r3, [pc, #112]	@ (100019d0 <watchdog_reboot+0x78>)
10001960:	601c      	str	r4, [r3, #0]
10001962:	b1e0      	cbz	r0, 1000199e <watchdog_reboot+0x46>
10001964:	4c1b      	ldr	r4, [pc, #108]	@ (100019d4 <watchdog_reboot+0x7c>)
10001966:	f5a3 5340 	sub.w	r3, r3, #12288	@ 0x3000
1000196a:	61dc      	str	r4, [r3, #28]
1000196c:	4c1a      	ldr	r4, [pc, #104]	@ (100019d8 <watchdog_reboot+0x80>)
1000196e:	f040 0001 	orr.w	r0, r0, #1
10001972:	4044      	eors	r4, r0
10001974:	621c      	str	r4, [r3, #32]
10001976:	6259      	str	r1, [r3, #36]	@ 0x24
10001978:	6298      	str	r0, [r3, #40]	@ 0x28
1000197a:	f04f 4580 	mov.w	r5, #1073741824	@ 0x40000000
1000197e:	f04f 61e0 	mov.w	r1, #117440512	@ 0x7000000
10001982:	4b13      	ldr	r3, [pc, #76]	@ (100019d0 <watchdog_reboot+0x78>)
10001984:	4815      	ldr	r0, [pc, #84]	@ (100019dc <watchdog_reboot+0x84>)
10001986:	4c16      	ldr	r4, [pc, #88]	@ (100019e0 <watchdog_reboot+0x88>)
10001988:	601d      	str	r5, [r3, #0]
1000198a:	6084      	str	r4, [r0, #8]
1000198c:	6019      	str	r1, [r3, #0]
1000198e:	b94a      	cbnz	r2, 100019a4 <watchdog_reboot+0x4c>
10001990:	bc30      	pop	{r4, r5}
10001992:	f04f 4200 	mov.w	r2, #2147483648	@ 0x80000000
10001996:	f5a3 5380 	sub.w	r3, r3, #4096	@ 0x1000
1000199a:	601a      	str	r2, [r3, #0]
1000199c:	4770      	bx	lr
1000199e:	4b11      	ldr	r3, [pc, #68]	@ (100019e4 <watchdog_reboot+0x8c>)
100019a0:	61d8      	str	r0, [r3, #28]
100019a2:	e7ea      	b.n	1000197a <watchdog_reboot+0x22>
100019a4:	f44f 737a 	mov.w	r3, #1000	@ 0x3e8
100019a8:	fb03 f202 	mul.w	r2, r3, r2
100019ac:	f1b2 7f80 	cmp.w	r2, #16777216	@ 0x1000000
100019b0:	bf2a      	itet	cs
100019b2:	f06f 437f 	mvncs.w	r3, #4278190080	@ 0xff000000
100019b6:	4613      	movcc	r3, r2
100019b8:	461a      	movcs	r2, r3
100019ba:	f04f 4180 	mov.w	r1, #1073741824	@ 0x40000000
100019be:	4c0a      	ldr	r4, [pc, #40]	@ (100019e8 <watchdog_reboot+0x90>)
100019c0:	4808      	ldr	r0, [pc, #32]	@ (100019e4 <watchdog_reboot+0x8c>)
100019c2:	6023      	str	r3, [r4, #0]
100019c4:	4b09      	ldr	r3, [pc, #36]	@ (100019ec <watchdog_reboot+0x94>)
100019c6:	6042      	str	r2, [r0, #4]
100019c8:	bc30      	pop	{r4, r5}
100019ca:	6019      	str	r1, [r3, #0]
100019cc:	4770      	bx	lr
100019ce:	bf00      	nop
100019d0:	400db000 	.word	0x400db000
100019d4:	b007c0d3 	.word	0xb007c0d3
100019d8:	4ff83f2d 	.word	0x4ff83f2d
100019dc:	4001a000 	.word	0x4001a000
100019e0:	01fffff3 	.word	0x01fffff3
100019e4:	400d8000 	.word	0x400d8000
100019e8:	200029a8 	.word	0x200029a8
100019ec:	400da000 	.word	0x400da000

100019f0 <tick_start>:
100019f0:	2301      	movs	r3, #1
100019f2:	eb00 0040 	add.w	r0, r0, r0, lsl #1
100019f6:	0080      	lsls	r0, r0, #2
100019f8:	f100 4080 	add.w	r0, r0, #1073741824	@ 0x40000000
100019fc:	f500 1084 	add.w	r0, r0, #1081344	@ 0x108000
10001a00:	6041      	str	r1, [r0, #4]
10001a02:	6003      	str	r3, [r0, #0]
10001a04:	4770      	bx	lr
10001a06:	bf00      	nop

10001a08 <rom_reboot.constprop.0.isra.0>:
10001a08:	2300      	movs	r3, #0
10001a0a:	b570      	push	{r4, r5, r6, lr}
10001a0c:	8adb      	ldrh	r3, [r3, #22]
10001a0e:	4604      	mov	r4, r0
10001a10:	460d      	mov	r5, r1
10001a12:	2200      	movs	r2, #0
10001a14:	e842 f200 	tt	r2, r2
10001a18:	0252      	lsls	r2, r2, #9
10001a1a:	bf54      	ite	pl
10001a1c:	2110      	movpl	r1, #16
10001a1e:	2104      	movmi	r1, #4
10001a20:	f244 2052 	movw	r0, #16978	@ 0x4252
10001a24:	4798      	blx	r3
10001a26:	4686      	mov	lr, r0
10001a28:	462b      	mov	r3, r5
10001a2a:	4622      	mov	r2, r4
10001a2c:	46f4      	mov	ip, lr
10001a2e:	e8bd 4070 	ldmia.w	sp!, {r4, r5, r6, lr}
10001a32:	210a      	movs	r1, #10
10001a34:	f44f 7081 	mov.w	r0, #258	@ 0x102
10001a38:	4760      	bx	ip
10001a3a:	bf00      	nop

10001a3c <rom_func_lookup>:
10001a3c:	2300      	movs	r3, #0
10001a3e:	8adb      	ldrh	r3, [r3, #22]
10001a40:	2200      	movs	r2, #0
10001a42:	e842 f200 	tt	r2, r2
10001a46:	0252      	lsls	r2, r2, #9
10001a48:	d401      	bmi.n	10001a4e <rom_func_lookup+0x12>
10001a4a:	2110      	movs	r1, #16
10001a4c:	4718      	bx	r3
10001a4e:	2104      	movs	r1, #4
10001a50:	4718      	bx	r3
10001a52:	bf00      	nop

10001a54 <rom_reset_usb_boot_extra>:
10001a54:	b508      	push	{r3, lr}
10001a56:	4603      	mov	r3, r0
10001a58:	4608      	mov	r0, r1
10001a5a:	1e19      	subs	r1, r3, #0
10001a5c:	db02      	blt.n	10001a64 <rom_reset_usb_boot_extra+0x10>
10001a5e:	b11a      	cbz	r2, 10001a68 <rom_reset_usb_boot_extra+0x14>
10001a60:	f040 0030 	orr.w	r0, r0, #48	@ 0x30
10001a64:	f7ff ffd0 	bl	10001a08 <rom_reboot.constprop.0.isra.0>
10001a68:	f040 0020 	orr.w	r0, r0, #32
10001a6c:	e7fa      	b.n	10001a64 <rom_reset_usb_boot_extra+0x10>
10001a6e:	bf00      	nop

10001a70 <runtime_init_bootrom_locking_enable>:
10001a70:	4a03      	ldr	r2, [pc, #12]	@ (10001a80 <runtime_init_bootrom_locking_enable+0x10>)
10001a72:	f8d2 3828 	ldr.w	r3, [r2, #2088]	@ 0x828
10001a76:	2b00      	cmp	r3, #0
10001a78:	d0fb      	beq.n	10001a72 <runtime_init_bootrom_locking_enable+0x2>
10001a7a:	f3bf 8f5f 	dmb	sy
10001a7e:	4770      	bx	lr
10001a80:	400e0000 	.word	0x400e0000

10001a84 <runtime_init_boot_locks_reset>:
10001a84:	2100      	movs	r1, #0
10001a86:	4b04      	ldr	r3, [pc, #16]	@ (10001a98 <runtime_init_boot_locks_reset+0x14>)
10001a88:	4a04      	ldr	r2, [pc, #16]	@ (10001a9c <runtime_init_boot_locks_reset+0x18>)
10001a8a:	f3bf 8f5f 	dmb	sy
10001a8e:	f843 1b04 	str.w	r1, [r3], #4
10001a92:	4293      	cmp	r3, r2
10001a94:	d1f9      	bne.n	10001a8a <runtime_init_boot_locks_reset+0x6>
10001a96:	4770      	bx	lr
10001a98:	400e080c 	.word	0x400e080c
10001a9c:	400e082c 	.word	0x400e082c

10001aa0 <xosc_init>:
10001aa0:	b410      	push	{r4}
10001aa2:	f44f 708d 	mov.w	r0, #282	@ 0x11a
10001aa6:	f44f 642a 	mov.w	r4, #2720	@ 0xaa0
10001aaa:	4a06      	ldr	r2, [pc, #24]	@ (10001ac4 <xosc_init+0x24>)
10001aac:	4b06      	ldr	r3, [pc, #24]	@ (10001ac8 <xosc_init+0x28>)
10001aae:	4907      	ldr	r1, [pc, #28]	@ (10001acc <xosc_init+0x2c>)
10001ab0:	6014      	str	r4, [r2, #0]
10001ab2:	60d0      	str	r0, [r2, #12]
10001ab4:	6019      	str	r1, [r3, #0]
10001ab6:	6853      	ldr	r3, [r2, #4]
10001ab8:	2b00      	cmp	r3, #0
10001aba:	dafc      	bge.n	10001ab6 <xosc_init+0x16>
10001abc:	f85d 4b04 	ldr.w	r4, [sp], #4
10001ac0:	4770      	bx	lr
10001ac2:	bf00      	nop
10001ac4:	40048000 	.word	0x40048000
10001ac8:	4004a000 	.word	0x4004a000
10001acc:	00fab000 	.word	0x00fab000

10001ad0 <first_per_core_initializer>:
10001ad0:	4770      	bx	lr
10001ad2:	bf00      	nop

10001ad4 <hard_assertion_failure>:
10001ad4:	b508      	push	{r3, lr}
10001ad6:	4801      	ldr	r0, [pc, #4]	@ (10001adc <hard_assertion_failure+0x8>)
10001ad8:	f7fe fe28 	bl	1000072c <panic>
10001adc:	1000ce70 	.word	0x1000ce70

10001ae0 <runtime_run_initializers>:
10001ae0:	b538      	push	{r3, r4, r5, lr}
10001ae2:	4c05      	ldr	r4, [pc, #20]	@ (10001af8 <runtime_run_initializers+0x18>)
10001ae4:	4d05      	ldr	r5, [pc, #20]	@ (10001afc <runtime_run_initializers+0x1c>)
10001ae6:	42ac      	cmp	r4, r5
10001ae8:	d204      	bcs.n	10001af4 <runtime_run_initializers+0x14>
10001aea:	f854 3b04 	ldr.w	r3, [r4], #4
10001aee:	4798      	blx	r3
10001af0:	42ac      	cmp	r4, r5
10001af2:	d3fa      	bcc.n	10001aea <runtime_run_initializers+0xa>
10001af4:	bd38      	pop	{r3, r4, r5, pc}
10001af6:	bf00      	nop
10001af8:	1000cd18 	.word	0x1000cd18
10001afc:	1000cd58 	.word	0x1000cd58

10001b00 <runtime_init_early_resets>:
10001b00:	b410      	push	{r4}
10001b02:	4807      	ldr	r0, [pc, #28]	@ (10001b20 <runtime_init_early_resets+0x20>)
10001b04:	4c07      	ldr	r4, [pc, #28]	@ (10001b24 <runtime_init_early_resets+0x24>)
10001b06:	4b08      	ldr	r3, [pc, #32]	@ (10001b28 <runtime_init_early_resets+0x28>)
10001b08:	4a08      	ldr	r2, [pc, #32]	@ (10001b2c <runtime_init_early_resets+0x2c>)
10001b0a:	4909      	ldr	r1, [pc, #36]	@ (10001b30 <runtime_init_early_resets+0x30>)
10001b0c:	6004      	str	r4, [r0, #0]
10001b0e:	601a      	str	r2, [r3, #0]
10001b10:	688b      	ldr	r3, [r1, #8]
10001b12:	ea32 0303 	bics.w	r3, r2, r3
10001b16:	d1fb      	bne.n	10001b10 <runtime_init_early_resets+0x10>
10001b18:	f85d 4b04 	ldr.w	r4, [sp], #4
10001b1c:	4770      	bx	lr
10001b1e:	bf00      	nop
10001b20:	40022000 	.word	0x40022000
10001b24:	efef3b7f 	.word	0xefef3b7f
10001b28:	40023000 	.word	0x40023000
10001b2c:	03f3fff6 	.word	0x03f3fff6
10001b30:	40020000 	.word	0x40020000

10001b34 <runtime_init_usb_power_down>:
10001b34:	4b04      	ldr	r3, [pc, #16]	@ (10001b48 <runtime_init_usb_power_down+0x14>)
10001b36:	6cdb      	ldr	r3, [r3, #76]	@ 0x4c
10001b38:	f5b3 4f00 	cmp.w	r3, #32768	@ 0x8000
10001b3c:	d103      	bne.n	10001b46 <runtime_init_usb_power_down+0x12>
10001b3e:	f44f 2280 	mov.w	r2, #262144	@ 0x40000
10001b42:	4b02      	ldr	r3, [pc, #8]	@ (10001b4c <runtime_init_usb_power_down+0x18>)
10001b44:	64da      	str	r2, [r3, #76]	@ 0x4c
10001b46:	4770      	bx	lr
10001b48:	50110000 	.word	0x50110000
10001b4c:	50112000 	.word	0x50112000

10001b50 <runtime_init_per_core_enable_coprocessors>:
10001b50:	f04f 22e0 	mov.w	r2, #3758153728	@ 0xe000e000
10001b54:	4b04      	ldr	r3, [pc, #16]	@ (10001b68 <runtime_init_per_core_enable_coprocessors+0x18>)
10001b56:	f8d2 1d88 	ldr.w	r1, [r2, #3464]	@ 0xd88
10001b5a:	430b      	orrs	r3, r1
10001b5c:	f8c2 3d88 	str.w	r3, [r2, #3464]	@ 0xd88
10001b60:	ee10 0430 			dcp_rcmp r0
10001b64:	4770      	bx	lr
10001b66:	bf00      	nop
10001b68:	00300303 	.word	0x00300303

10001b6c <runtime_init_post_clock_resets>:
10001b6c:	f06f 4160 	mvn.w	r1, #3758096384	@ 0xe0000000
10001b70:	4b04      	ldr	r3, [pc, #16]	@ (10001b84 <runtime_init_post_clock_resets+0x18>)
10001b72:	4a05      	ldr	r2, [pc, #20]	@ (10001b88 <runtime_init_post_clock_resets+0x1c>)
10001b74:	6019      	str	r1, [r3, #0]
10001b76:	6893      	ldr	r3, [r2, #8]
10001b78:	43db      	mvns	r3, r3
10001b7a:	f033 4360 	bics.w	r3, r3, #3758096384	@ 0xe0000000
10001b7e:	d1fa      	bne.n	10001b76 <runtime_init_post_clock_resets+0xa>
10001b80:	4770      	bx	lr
10001b82:	bf00      	nop
10001b84:	40023000 	.word	0x40023000
10001b88:	40020000 	.word	0x40020000

10001b8c <runtime_init_bootrom_reset>:
10001b8c:	b510      	push	{r4, lr}
10001b8e:	f245 2053 	movw	r0, #21075	@ 0x5253
10001b92:	f7ff ff53 	bl	10001a3c <rom_func_lookup>
10001b96:	e8bd 4010 	ldmia.w	sp!, {r4, lr}
10001b9a:	4603      	mov	r3, r0
10001b9c:	2004      	movs	r0, #4
10001b9e:	4718      	bx	r3

10001ba0 <runtime_init_per_core_bootrom_reset>:
10001ba0:	b510      	push	{r4, lr}
10001ba2:	f245 2053 	movw	r0, #21075	@ 0x5253
10001ba6:	f7ff ff49 	bl	10001a3c <rom_func_lookup>
10001baa:	e8bd 4010 	ldmia.w	sp!, {r4, lr}
10001bae:	4603      	mov	r3, r0
10001bb0:	2001      	movs	r0, #1
10001bb2:	4718      	bx	r3

10001bb4 <runtime_init_spin_locks_reset>:
10001bb4:	f7fe be62 	b.w	1000087c <spin_locks_reset>

10001bb8 <runtime_init_install_ram_vector_table>:
10001bb8:	b510      	push	{r4, lr}
10001bba:	4b05      	ldr	r3, [pc, #20]	@ (10001bd0 <runtime_init_install_ram_vector_table+0x18>)
10001bbc:	4c05      	ldr	r4, [pc, #20]	@ (10001bd4 <runtime_init_install_ram_vector_table+0x1c>)
10001bbe:	f44f 7288 	mov.w	r2, #272	@ 0x110
10001bc2:	4618      	mov	r0, r3
10001bc4:	68a1      	ldr	r1, [r4, #8]
10001bc6:	f005 fc21 	bl	1000740c <memcpy>
10001bca:	60a0      	str	r0, [r4, #8]
10001bcc:	bd10      	pop	{r4, pc}
10001bce:	bf00      	nop
10001bd0:	20000000 	.word	0x20000000
10001bd4:	e000ed00 	.word	0xe000ed00

10001bd8 <runtime_init_clocks>:
10001bd8:	2300      	movs	r3, #0
10001bda:	b570      	push	{r4, r5, r6, lr}
10001bdc:	4c2b      	ldr	r4, [pc, #172]	@ (10001c8c <runtime_init_clocks+0xb4>)
10001bde:	b082      	sub	sp, #8
10001be0:	f8c4 3084 	str.w	r3, [r4, #132]	@ 0x84
10001be4:	f7ff ff5c 	bl	10001aa0 <xosc_init>
10001be8:	2201      	movs	r2, #1
10001bea:	4b29      	ldr	r3, [pc, #164]	@ (10001c90 <runtime_init_clocks+0xb8>)
10001bec:	63da      	str	r2, [r3, #60]	@ 0x3c
10001bee:	6c63      	ldr	r3, [r4, #68]	@ 0x44
10001bf0:	2b01      	cmp	r3, #1
10001bf2:	d1fc      	bne.n	10001bee <runtime_init_clocks+0x16>
10001bf4:	2103      	movs	r1, #3
10001bf6:	4a26      	ldr	r2, [pc, #152]	@ (10001c90 <runtime_init_clocks+0xb8>)
10001bf8:	4b24      	ldr	r3, [pc, #144]	@ (10001c8c <runtime_init_clocks+0xb4>)
10001bfa:	6311      	str	r1, [r2, #48]	@ 0x30
10001bfc:	6b9c      	ldr	r4, [r3, #56]	@ 0x38
10001bfe:	2c01      	cmp	r4, #1
10001c00:	d1fc      	bne.n	10001bfc <runtime_init_clocks+0x24>
10001c02:	2602      	movs	r6, #2
10001c04:	2505      	movs	r5, #5
10001c06:	4621      	mov	r1, r4
10001c08:	2305      	movs	r3, #5
10001c0a:	4a22      	ldr	r2, [pc, #136]	@ (10001c94 <runtime_init_clocks+0xbc>)
10001c0c:	4822      	ldr	r0, [pc, #136]	@ (10001c98 <runtime_init_clocks+0xc0>)
10001c0e:	9600      	str	r6, [sp, #0]
10001c10:	f7ff fe5c 	bl	100018cc <pll_init>
10001c14:	4621      	mov	r1, r4
10001c16:	462b      	mov	r3, r5
10001c18:	4a20      	ldr	r2, [pc, #128]	@ (10001c9c <runtime_init_clocks+0xc4>)
10001c1a:	4821      	ldr	r0, [pc, #132]	@ (10001ca0 <runtime_init_clocks+0xc8>)
10001c1c:	9500      	str	r5, [sp, #0]
10001c1e:	f7ff fe55 	bl	100018cc <pll_init>
10001c22:	2200      	movs	r2, #0
10001c24:	2004      	movs	r0, #4
10001c26:	4631      	mov	r1, r6
10001c28:	4b1e      	ldr	r3, [pc, #120]	@ (10001ca4 <runtime_init_clocks+0xcc>)
10001c2a:	f7ff fde1 	bl	100017f0 <clock_configure_undivided>
10001c2e:	4621      	mov	r1, r4
10001c30:	4628      	mov	r0, r5
10001c32:	2200      	movs	r2, #0
10001c34:	4b1c      	ldr	r3, [pc, #112]	@ (10001ca8 <runtime_init_clocks+0xd0>)
10001c36:	f7ff fddb 	bl	100017f0 <clock_configure_undivided>
10001c3a:	2200      	movs	r2, #0
10001c3c:	2008      	movs	r0, #8
10001c3e:	4611      	mov	r1, r2
10001c40:	4b1a      	ldr	r3, [pc, #104]	@ (10001cac <runtime_init_clocks+0xd4>)
10001c42:	f7ff fdd5 	bl	100017f0 <clock_configure_undivided>
10001c46:	2200      	movs	r2, #0
10001c48:	2009      	movs	r0, #9
10001c4a:	4611      	mov	r1, r2
10001c4c:	4b17      	ldr	r3, [pc, #92]	@ (10001cac <runtime_init_clocks+0xd4>)
10001c4e:	f7ff fdcf 	bl	100017f0 <clock_configure_undivided>
10001c52:	2200      	movs	r2, #0
10001c54:	2006      	movs	r0, #6
10001c56:	4611      	mov	r1, r2
10001c58:	4b13      	ldr	r3, [pc, #76]	@ (10001ca8 <runtime_init_clocks+0xd0>)
10001c5a:	f7ff fdc9 	bl	100017f0 <clock_configure_undivided>
10001c5e:	2200      	movs	r2, #0
10001c60:	4b11      	ldr	r3, [pc, #68]	@ (10001ca8 <runtime_init_clocks+0xd0>)
10001c62:	2007      	movs	r0, #7
10001c64:	4611      	mov	r1, r2
10001c66:	f7ff fdc3 	bl	100017f0 <clock_configure_undivided>
10001c6a:	2004      	movs	r0, #4
10001c6c:	f7ff fe28 	bl	100018c0 <clock_get_hz>
10001c70:	2400      	movs	r4, #0
10001c72:	4b0f      	ldr	r3, [pc, #60]	@ (10001cb0 <runtime_init_clocks+0xd8>)
10001c74:	fba3 3500 	umull	r3, r5, r3, r0
10001c78:	0cad      	lsrs	r5, r5, #18
10001c7a:	b2e0      	uxtb	r0, r4
10001c7c:	4629      	mov	r1, r5
10001c7e:	3401      	adds	r4, #1
10001c80:	f7ff feb6 	bl	100019f0 <tick_start>
10001c84:	2c06      	cmp	r4, #6
10001c86:	d1f8      	bne.n	10001c7a <runtime_init_clocks+0xa2>
10001c88:	b002      	add	sp, #8
10001c8a:	bd70      	pop	{r4, r5, r6, pc}
10001c8c:	40010000 	.word	0x40010000
10001c90:	40013000 	.word	0x40013000
10001c94:	59682f00 	.word	0x59682f00
10001c98:	40050000 	.word	0x40050000
10001c9c:	47868c00 	.word	0x47868c00
10001ca0:	40058000 	.word	0x40058000
10001ca4:	00b71b00 	.word	0x00b71b00
10001ca8:	08f0d180 	.word	0x08f0d180
10001cac:	02dc6c00 	.word	0x02dc6c00
10001cb0:	431bde83 	.word	0x431bde83

10001cb4 <generic_save_state>:
10001cb4:	b086      	sub	sp, #24
10001cb6:	b403      	push	{r0, r1}
10001cb8:	fc51 0408 	dcp_pxmd r0, r1
10001cbc:	e9cd 0102 	strd	r0, r1, [sp, #8]
10001cc0:	fc51 0409 	dcp_pymd r0, r1
10001cc4:	e9cd 0104 	strd	r0, r1, [sp, #16]
10001cc8:	ec51 040a 	dcp_refd r0, r1
10001ccc:	e9cd 0106 	strd	r0, r1, [sp, #24]
10001cd0:	bc03      	pop	{r0, r1}
10001cd2:	47f0      	blx	lr

10001cd4 <generic_restore_state>:
10001cd4:	e8bd 5000 	ldmia.w	sp!, {ip, lr}
10001cd8:	ec4e c400 	dcp_wxmd ip, lr
10001cdc:	e8bd 5000 	ldmia.w	sp!, {ip, lr}
10001ce0:	ec4e c401 	dcp_wymd ip, lr
10001ce4:	e8bd 5000 	ldmia.w	sp!, {ip, lr}
10001ce8:	ec4e c402 	dcp_wefd ip, lr
10001cec:	bd00      	pop	{pc}
10001cee:	0000      	movs	r0, r0
10001cf0:	b500      	push	{lr}
10001cf2:	f7ff ffdf 	bl	10001cb4 <generic_save_state>
10001cf6:	e002      	b.n	10001cfe <__wrap___aeabi_dadd+0x6>

10001cf8 <__wrap___aeabi_dadd>:
10001cf8:	fe10 f430 	dcp_pcmp APSR_nzcv
10001cfc:	d4f8      	bmi.n	10001cf0 <generic_restore_state+0x1c>
10001cfe:	ec41 0410 	dcp_wxup r0, r1
10001d02:	ec43 2411 	dcp_wyup r2, r3
10001d06:	ee00 0401 			dcp_add0
10001d0a:	ee10 0401 			dcp_add1
10001d0e:	ee80 0420 			dcp_nrdd
10001d12:	ec51 0410 	dcp_rdda r0, r1
10001d16:	4770      	bx	lr
10001d18:	b500      	push	{lr}
10001d1a:	f7ff ffcb 	bl	10001cb4 <generic_save_state>
10001d1e:	e002      	b.n	10001d26 <__wrap___aeabi_dsub+0x6>

10001d20 <__wrap___aeabi_dsub>:
10001d20:	fe10 f430 	dcp_pcmp APSR_nzcv
10001d24:	d4f8      	bmi.n	10001d18 <__wrap___aeabi_dadd+0x20>
10001d26:	ec41 0410 	dcp_wxup r0, r1
10001d2a:	ec43 2411 	dcp_wyup r2, r3
10001d2e:	ee00 0401 			dcp_add0
10001d32:	ee10 0421 			dcp_sub1
10001d36:	ee80 0420 			dcp_nrdd
10001d3a:	ec51 0430 	dcp_rdds r0, r1
10001d3e:	4770      	bx	lr
10001d40:	b500      	push	{lr}
10001d42:	f7ff ffb7 	bl	10001cb4 <generic_save_state>
10001d46:	e002      	b.n	10001d4e <__wrap___aeabi_dmul+0x6>

10001d48 <__wrap___aeabi_dmul>:
10001d48:	fe10 f430 	dcp_pcmp APSR_nzcv
10001d4c:	d4f8      	bmi.n	10001d40 <__wrap___aeabi_dsub+0x20>
10001d4e:	b510      	push	{r4, lr}
10001d50:	ec41 0410 	dcp_wxup r0, r1
10001d54:	ec43 2411 	dcp_wyup r2, r3
10001d58:	ec51 0404 	dcp_rxms r0, r1, #0x0
10001d5c:	ec53 2405 	dcp_ryms r2, r3, #0x0
10001d60:	fba0 4c02 	umull	r4, ip, r0, r2
10001d64:	f05f 0e00 	movs.w	lr, #0
10001d68:	fbe0 ce03 	umlal	ip, lr, r0, r3
10001d6c:	fbe1 ce02 	umlal	ip, lr, r1, r2
10001d70:	ec4c 4420 	dcp_wxms r4, ip
10001d74:	2400      	movs	r4, #0
10001d76:	fbe1 e403 	umlal	lr, r4, r1, r3
10001d7a:	ec44 e430 	dcp_wxmo lr, r4
10001d7e:	ee80 0420 			dcp_nrdd
10001d82:	ec51 0450 	dcp_rddm r0, r1
10001d86:	e8bd 4010 	ldmia.w	sp!, {r4, lr}
10001d8a:	4770      	bx	lr
10001d8c:	b500      	push	{lr}
10001d8e:	f7ff ff91 	bl	10001cb4 <generic_save_state>
10001d92:	e002      	b.n	10001d9a <__wrap___aeabi_ddiv+0x6>

10001d94 <__wrap___aeabi_ddiv>:
10001d94:	fe10 f430 	dcp_pcmp APSR_nzcv
10001d98:	d4f8      	bmi.n	10001d8c <__wrap___aeabi_dmul+0x44>
10001d9a:	ec41 0410 	dcp_wxup r0, r1
10001d9e:	ec43 2411 	dcp_wyup r2, r3
10001da2:	ec51 0421 	dcp_rymr r0, r1
10001da6:	fba0 1201 	umull	r1, r2, r0, r1
10001daa:	ea6f 0282 	mvn.w	r2, r2, lsl #2
10001dae:	fb52 0010 	smmlar	r0, r2, r0, r0
10001db2:	fb52 f212 	smmulr	r2, r2, r2
10001db6:	fb52 0010 	smmlar	r0, r2, r0, r0
10001dba:	eba0 7cd0 	sub.w	ip, r0, r0, lsr #31
10001dbe:	ec53 2404 	dcp_rxms r2, r3, #0x0
10001dc2:	fb5c f113 	smmulr	r1, ip, r3
10001dc6:	ec53 2415 	dcp_ryms r2, r3, #0x1
10001dca:	fba1 2002 	umull	r2, r0, r1, r2
10001dce:	fb01 0003 	mla	r0, r1, r3, r0
10001dd2:	ec53 2444 	dcp_rxms r2, r3, #0x4
10001dd6:	eba2 0000 	sub.w	r0, r2, r0
10001dda:	fb50 f21c 	smmulr	r2, r0, ip
10001dde:	ea4f 1311 	mov.w	r3, r1, lsr #4
10001de2:	eb12 7001 	adds.w	r0, r2, r1, lsl #28
10001de6:	eb43 71e2 	adc.w	r1, r3, r2, asr #31
10001dea:	ea40 5051 	orr.w	r0, r0, r1, lsr #21
10001dee:	ea20 5091 	bic.w	r0, r0, r1, lsr #22
10001df2:	f020 0007 	bic.w	r0, r0, #7
10001df6:	ec53 2475 	dcp_ryms r2, r3, #0x7
10001dfa:	fba0 3c02 	umull	r3, ip, r0, r2
10001dfe:	ec53 2475 	dcp_ryms r2, r3, #0x7
10001e02:	fb00 cc03 	mla	ip, r0, r3, ip
10001e06:	fb01 cc02 	mla	ip, r1, r2, ip
10001e0a:	ec53 2404 	dcp_rxms r2, r3, #0x0
10001e0e:	ebac 4c82 	sub.w	ip, ip, r2, lsl #18
10001e12:	ea40 705c 	orr.w	r0, r0, ip, lsr #29
10001e16:	f1a0 0001 	sub.w	r0, r0, #1
10001e1a:	ec41 0440 	dcp_wxdd r0, r1
10001e1e:	ee80 0420 			dcp_nrdd
10001e22:	ec51 0470 	dcp_rddd r0, r1
10001e26:	4770      	bx	lr
10001e28:	b500      	push	{lr}
10001e2a:	f7ff ff43 	bl	10001cb4 <generic_save_state>
10001e2e:	e002      	b.n	10001e36 <__wrap___aeabi_d2f+0x6>

10001e30 <__wrap___aeabi_d2f>:
10001e30:	fe10 f430 	dcp_pcmp APSR_nzcv
10001e34:	d4f8      	bmi.n	10001e28 <__wrap___aeabi_ddiv+0x94>
10001e36:	ec41 0410 	dcp_wxup r0, r1
10001e3a:	ee80 0422 			dcp_nrdf
10001e3e:	ee10 04b2 			dcp_rdfg r0
10001e42:	4770      	bx	lr
10001e44:	b500      	push	{lr}
10001e46:	f7ff ff35 	bl	10001cb4 <generic_save_state>
10001e4a:	e002      	b.n	10001e52 <__wrap___aeabi_i2d+0x6>

10001e4c <__wrap___aeabi_i2d>:
10001e4c:	fe10 f430 	dcp_pcmp APSR_nzcv
10001e50:	d4f8      	bmi.n	10001e44 <__wrap___aeabi_d2f+0x14>
10001e52:	ec40 0470 	dcp_wxic r0, r0
10001e56:	ee00 0401 			dcp_add0
10001e5a:	ee10 0421 			dcp_sub1
10001e5e:	ee80 0420 			dcp_nrdd
10001e62:	ec51 0430 	dcp_rdds r0, r1
10001e66:	4770      	bx	lr
10001e68:	b500      	push	{lr}
10001e6a:	f7ff ff23 	bl	10001cb4 <generic_save_state>
10001e6e:	e002      	b.n	10001e76 <__wrap___aeabi_ui2d+0x6>

10001e70 <__wrap___aeabi_ui2d>:
10001e70:	fe10 f430 	dcp_pcmp APSR_nzcv
10001e74:	d4f8      	bmi.n	10001e68 <__wrap___aeabi_i2d+0x1c>
10001e76:	ec40 0460 	dcp_wxuc r0, r0
10001e7a:	ee00 0401 			dcp_add0
10001e7e:	ee10 0421 			dcp_sub1
10001e82:	ee80 0420 			dcp_nrdd
10001e86:	ec51 0430 	dcp_rdds r0, r1
10001e8a:	4770      	bx	lr
10001e8c:	b500      	push	{lr}
10001e8e:	f7ff ff11 	bl	10001cb4 <generic_save_state>
10001e92:	e002      	b.n	10001e9a <double2int_z_entry>

10001e94 <__wrap___aeabi_d2iz>:
10001e94:	fe10 f430 	dcp_pcmp APSR_nzcv
10001e98:	d4f8      	bmi.n	10001e8c <__wrap___aeabi_ui2d+0x1c>

10001e9a <double2int_z_entry>:
10001e9a:	ec41 0480 	dcp_wxdc r0, r1
10001e9e:	ee00 0401 			dcp_add0
10001ea2:	ee10 0401 			dcp_add1
10001ea6:	ee80 0440 			dcp_ntdc
10001eaa:	ee10 0413 			dcp_rdic r0
10001eae:	4770      	bx	lr
10001eb0:	b500      	push	{lr}
10001eb2:	f7ff feff 	bl	10001cb4 <generic_save_state>
10001eb6:	e002      	b.n	10001ebe <double2uint_z_entry>

10001eb8 <__wrap___aeabi_d2uiz>:
10001eb8:	fe10 f430 	dcp_pcmp APSR_nzcv
10001ebc:	d4f8      	bmi.n	10001eb0 <double2int_z_entry+0x16>

10001ebe <double2uint_z_entry>:
10001ebe:	ec41 0480 	dcp_wxdc r0, r1
10001ec2:	ee00 0401 			dcp_add0
10001ec6:	ee10 0401 			dcp_add1
10001eca:	ee80 0440 			dcp_ntdc
10001ece:	ee10 0433 			dcp_rduc r0
10001ed2:	4770      	bx	lr
10001ed4:	b500      	push	{lr}
10001ed6:	f7ff feed 	bl	10001cb4 <generic_save_state>
10001eda:	e002      	b.n	10001ee2 <__wrap___aeabi_dcmpun+0x6>

10001edc <__wrap___aeabi_dcmpun>:
10001edc:	fe10 f430 	dcp_pcmp APSR_nzcv
10001ee0:	d4f8      	bmi.n	10001ed4 <double2uint_z_entry+0x16>
10001ee2:	ec41 0410 	dcp_wxup r0, r1
10001ee6:	ec43 2411 	dcp_wyup r2, r3
10001eea:	ee00 0401 			dcp_add0
10001eee:	ee10 0430 			dcp_rcmp r0
10001ef2:	f3c0 7000 	ubfx	r0, r0, #28, #1
10001ef6:	4770      	bx	lr
10001ef8:	b500      	push	{lr}
10001efa:	f7ff fedb 	bl	10001cb4 <generic_save_state>
10001efe:	e002      	b.n	10001f06 <__wrap___aeabi_dcmpeq+0x6>

10001f00 <__wrap___aeabi_dcmpeq>:
10001f00:	fe10 f430 	dcp_pcmp APSR_nzcv
10001f04:	d4f8      	bmi.n	10001ef8 <__wrap___aeabi_dcmpun+0x1c>
10001f06:	ec41 0410 	dcp_wxup r0, r1
10001f0a:	ec43 2411 	dcp_wyup r2, r3
10001f0e:	ee00 0401 			dcp_add0
10001f12:	ee10 0430 			dcp_rcmp r0
10001f16:	f3c0 7080 	ubfx	r0, r0, #30, #1
10001f1a:	4770      	bx	lr
10001f1c:	b500      	push	{lr}
10001f1e:	f7ff fec9 	bl	10001cb4 <generic_save_state>
10001f22:	e002      	b.n	10001f2a <__wrap___aeabi_dcmplt+0x6>

10001f24 <__wrap___aeabi_dcmplt>:
10001f24:	fe10 f430 	dcp_pcmp APSR_nzcv
10001f28:	d4f8      	bmi.n	10001f1c <__wrap___aeabi_dcmpeq+0x1c>
10001f2a:	ec43 2410 	dcp_wxup r2, r3
10001f2e:	ec41 0411 	dcp_wyup r0, r1
10001f32:	ee00 0401 			dcp_add0
10001f36:	ee10 f430 			dcp_rcmp APSR_nzcv
10001f3a:	bf8c      	ite	hi
10001f3c:	2001      	movhi	r0, #1
10001f3e:	2000      	movls	r0, #0
10001f40:	4770      	bx	lr
10001f42:	bf00      	nop
10001f44:	b500      	push	{lr}
10001f46:	f7ff feb5 	bl	10001cb4 <generic_save_state>
10001f4a:	e002      	b.n	10001f52 <__wrap___aeabi_dcmple+0x6>

10001f4c <__wrap___aeabi_dcmple>:
10001f4c:	fe10 f430 	dcp_pcmp APSR_nzcv
10001f50:	d4f8      	bmi.n	10001f44 <__wrap___aeabi_dcmplt+0x20>
10001f52:	ec43 2410 	dcp_wxup r2, r3
10001f56:	ec41 0411 	dcp_wyup r0, r1
10001f5a:	ee00 0401 			dcp_add0
10001f5e:	ee10 f430 			dcp_rcmp APSR_nzcv
10001f62:	bf2c      	ite	cs
10001f64:	2001      	movcs	r0, #1
10001f66:	2000      	movcc	r0, #0
10001f68:	4770      	bx	lr
10001f6a:	bf00      	nop
10001f6c:	b500      	push	{lr}
10001f6e:	f7ff fea1 	bl	10001cb4 <generic_save_state>
10001f72:	e002      	b.n	10001f7a <__wrap___aeabi_dcmpge+0x6>

10001f74 <__wrap___aeabi_dcmpge>:
10001f74:	fe10 f430 	dcp_pcmp APSR_nzcv
10001f78:	d4f8      	bmi.n	10001f6c <__wrap___aeabi_dcmple+0x20>
10001f7a:	ec41 0410 	dcp_wxup r0, r1
10001f7e:	ec43 2411 	dcp_wyup r2, r3
10001f82:	ee00 0401 			dcp_add0
10001f86:	ee10 f430 			dcp_rcmp APSR_nzcv
10001f8a:	bf2c      	ite	cs
10001f8c:	2001      	movcs	r0, #1
10001f8e:	2000      	movcc	r0, #0
10001f90:	4770      	bx	lr
10001f92:	bf00      	nop
10001f94:	b500      	push	{lr}
10001f96:	f7ff fe8d 	bl	10001cb4 <generic_save_state>
10001f9a:	e002      	b.n	10001fa2 <__wrap___aeabi_dcmpgt+0x6>

10001f9c <__wrap___aeabi_dcmpgt>:
10001f9c:	fe10 f430 	dcp_pcmp APSR_nzcv
10001fa0:	d4f8      	bmi.n	10001f94 <__wrap___aeabi_dcmpge+0x20>
10001fa2:	ec41 0410 	dcp_wxup r0, r1
10001fa6:	ec43 2411 	dcp_wyup r2, r3
10001faa:	ee00 0401 			dcp_add0
10001fae:	ee10 f430 			dcp_rcmp APSR_nzcv
10001fb2:	bf8c      	ite	hi
10001fb4:	2001      	movhi	r0, #1
10001fb6:	2000      	movls	r0, #0
10001fb8:	4770      	bx	lr
10001fba:	bf00      	nop

10001fbc <__wrap___aeabi_l2d>:
10001fbc:	2200      	movs	r2, #0

10001fbe <fix642double>:
10001fbe:	2900      	cmp	r1, #0
10001fc0:	da50      	bge.n	10002064 <ufix642double>
10001fc2:	4240      	negs	r0, r0
10001fc4:	eb61 0141 	sbc.w	r1, r1, r1, lsl #1
10001fc8:	b1c9      	cbz	r1, 10001ffe <fix642double+0x40>
10001fca:	fab1 f381 	clz	r3, r1
10001fce:	3b0b      	subs	r3, #11
10001fd0:	d417      	bmi.n	10002002 <fix642double+0x44>
10001fd2:	f1d3 0c20 	rsbs	ip, r3, #32
10001fd6:	fa30 fc0c 	lsrs.w	ip, r0, ip
10001fda:	4098      	lsls	r0, r3
10001fdc:	4099      	lsls	r1, r3
10001fde:	ea51 010c 	orrs.w	r1, r1, ip
10001fe2:	441a      	add	r2, r3
10001fe4:	4252      	negs	r2, r2
10001fe6:	f202 4232 	addw	r2, r2, #1074	@ 0x432
10001fea:	eb01 5102 	add.w	r1, r1, r2, lsl #20
10001fee:	f041 4100 	orr.w	r1, r1, #2147483648	@ 0x80000000
10001ff2:	f240 73fe 	movw	r3, #2046	@ 0x7fe
10001ff6:	429a      	cmp	r2, r3
10001ff8:	bf38      	it	cc
10001ffa:	4770      	bxcc	lr
10001ffc:	e021      	b.n	10002042 <fix642double+0x84>
10001ffe:	4611      	mov	r1, r2
10002000:	e07e      	b.n	10002100 <fix2double_neg>
10002002:	f103 0321 	add.w	r3, r3, #33	@ 0x21
10002006:	fa10 fc03 	lsls.w	ip, r0, r3
1000200a:	f1a3 0301 	sub.w	r3, r3, #1
1000200e:	fa01 fc03 	lsl.w	ip, r1, r3
10002012:	f1c3 0320 	rsb	r3, r3, #32
10002016:	fa20 f003 	lsr.w	r0, r0, r3
1000201a:	fa21 f103 	lsr.w	r1, r1, r3
1000201e:	ea40 000c 	orr.w	r0, r0, ip
10002022:	eba3 0202 	sub.w	r2, r3, r2
10002026:	f202 4232 	addw	r2, r2, #1074	@ 0x432
1000202a:	d014      	beq.n	10002056 <fix642double+0x98>
1000202c:	f150 0000 	adcs.w	r0, r0, #0
10002030:	eb41 5102 	adc.w	r1, r1, r2, lsl #20
10002034:	f041 4100 	orr.w	r1, r1, #2147483648	@ 0x80000000
10002038:	f240 73fe 	movw	r3, #2046	@ 0x7fe
1000203c:	429a      	cmp	r2, r3
1000203e:	bf38      	it	cc
10002040:	4770      	bxcc	lr
10002042:	f04f 0100 	mov.w	r1, #0
10002046:	bfa8      	it	ge
10002048:	f6c7 71f0 	movtge	r1, #32752	@ 0x7ff0
1000204c:	f04f 0000 	mov.w	r0, #0
10002050:	4770      	bx	lr
10002052:	2100      	movs	r1, #0
10002054:	4770      	bx	lr
10002056:	d3eb      	bcc.n	10002030 <fix642double+0x72>
10002058:	f150 0000 	adcs.w	r0, r0, #0
1000205c:	f020 0001 	bic.w	r0, r0, #1
10002060:	e7e6      	b.n	10002030 <fix642double+0x72>

10002062 <__wrap___aeabi_ul2d>:
10002062:	2200      	movs	r2, #0

10002064 <ufix642double>:
10002064:	b1b9      	cbz	r1, 10002096 <ufix642double+0x32>
10002066:	fab1 f381 	clz	r3, r1
1000206a:	3b0b      	subs	r3, #11
1000206c:	d416      	bmi.n	1000209c <ufix642double+0x38>
1000206e:	f1d3 0c20 	rsbs	ip, r3, #32
10002072:	fa30 fc0c 	lsrs.w	ip, r0, ip
10002076:	4098      	lsls	r0, r3
10002078:	4099      	lsls	r1, r3
1000207a:	ea51 010c 	orrs.w	r1, r1, ip
1000207e:	441a      	add	r2, r3
10002080:	4252      	negs	r2, r2
10002082:	f202 4232 	addw	r2, r2, #1074	@ 0x432
10002086:	eb01 5102 	add.w	r1, r1, r2, lsl #20
1000208a:	f240 73fe 	movw	r3, #2046	@ 0x7fe
1000208e:	429a      	cmp	r2, r3
10002090:	bf38      	it	cc
10002092:	4770      	bxcc	lr
10002094:	e020      	b.n	100020d8 <ufix642double+0x74>
10002096:	4611      	mov	r1, r2
10002098:	f000 b866 	b.w	10002168 <ufix2double>
1000209c:	f103 0321 	add.w	r3, r3, #33	@ 0x21
100020a0:	fa10 fc03 	lsls.w	ip, r0, r3
100020a4:	f1a3 0301 	sub.w	r3, r3, #1
100020a8:	fa01 fc03 	lsl.w	ip, r1, r3
100020ac:	f1c3 0320 	rsb	r3, r3, #32
100020b0:	fa20 f003 	lsr.w	r0, r0, r3
100020b4:	fa21 f103 	lsr.w	r1, r1, r3
100020b8:	ea40 000c 	orr.w	r0, r0, ip
100020bc:	eba3 0202 	sub.w	r2, r3, r2
100020c0:	f202 4232 	addw	r2, r2, #1074	@ 0x432
100020c4:	d012      	beq.n	100020ec <ufix642double+0x88>
100020c6:	f150 0000 	adcs.w	r0, r0, #0
100020ca:	eb41 5102 	adc.w	r1, r1, r2, lsl #20
100020ce:	f240 73fe 	movw	r3, #2046	@ 0x7fe
100020d2:	429a      	cmp	r2, r3
100020d4:	bf38      	it	cc
100020d6:	4770      	bxcc	lr
100020d8:	f04f 0100 	mov.w	r1, #0
100020dc:	bfa8      	it	ge
100020de:	f6c7 71f0 	movtge	r1, #32752	@ 0x7ff0
100020e2:	f04f 0000 	mov.w	r0, #0
100020e6:	4770      	bx	lr
100020e8:	2100      	movs	r1, #0
100020ea:	4770      	bx	lr
100020ec:	d3ed      	bcc.n	100020ca <ufix642double+0x66>
100020ee:	f150 0000 	adcs.w	r0, r0, #0
100020f2:	f020 0001 	bic.w	r0, r0, #1
100020f6:	e7e8      	b.n	100020ca <ufix642double+0x66>

100020f8 <fix2double>:
100020f8:	2800      	cmp	r0, #0
100020fa:	f280 8035 	bge.w	10002168 <ufix2double>
100020fe:	4240      	negs	r0, r0

10002100 <fix2double_neg>:
10002100:	fab0 f380 	clz	r3, r0
10002104:	3b0b      	subs	r3, #11
10002106:	d411      	bmi.n	1000212c <fix2double_neg+0x2c>
10002108:	4098      	lsls	r0, r3
1000210a:	eb01 0203 	add.w	r2, r1, r3
1000210e:	4252      	negs	r2, r2
10002110:	f202 4212 	addw	r2, r2, #1042	@ 0x412
10002114:	eb00 5102 	add.w	r1, r0, r2, lsl #20
10002118:	f041 4100 	orr.w	r1, r1, #2147483648	@ 0x80000000
1000211c:	f04f 0000 	mov.w	r0, #0
10002120:	f240 73fe 	movw	r3, #2046	@ 0x7fe
10002124:	429a      	cmp	r2, r3
10002126:	bf38      	it	cc
10002128:	4770      	bxcc	lr
1000212a:	e013      	b.n	10002154 <fix2double_neg+0x54>
1000212c:	f1c3 0300 	rsb	r3, r3, #0
10002130:	fa30 fc03 	lsrs.w	ip, r0, r3
10002134:	f1c3 0220 	rsb	r2, r3, #32
10002138:	4090      	lsls	r0, r2
1000213a:	eba3 0201 	sub.w	r2, r3, r1
1000213e:	f202 4212 	addw	r2, r2, #1042	@ 0x412
10002142:	eb0c 5102 	add.w	r1, ip, r2, lsl #20
10002146:	f041 4100 	orr.w	r1, r1, #2147483648	@ 0x80000000
1000214a:	f240 73fe 	movw	r3, #2046	@ 0x7fe
1000214e:	429a      	cmp	r2, r3
10002150:	bf38      	it	cc
10002152:	4770      	bxcc	lr
10002154:	f04f 4100 	mov.w	r1, #2147483648	@ 0x80000000
10002158:	bfa8      	it	ge
1000215a:	f6cf 71f0 	movtge	r1, #65520	@ 0xfff0
1000215e:	f04f 0000 	mov.w	r0, #0
10002162:	4770      	bx	lr
10002164:	2100      	movs	r1, #0
10002166:	4770      	bx	lr

10002168 <ufix2double>:
10002168:	b360      	cbz	r0, 100021c4 <ufix2double+0x5c>
1000216a:	fab0 f380 	clz	r3, r0
1000216e:	3b0b      	subs	r3, #11
10002170:	d40f      	bmi.n	10002192 <ufix2double+0x2a>
10002172:	4098      	lsls	r0, r3
10002174:	eb01 0203 	add.w	r2, r1, r3
10002178:	4252      	negs	r2, r2
1000217a:	f202 4212 	addw	r2, r2, #1042	@ 0x412
1000217e:	eb00 5102 	add.w	r1, r0, r2, lsl #20
10002182:	f04f 0000 	mov.w	r0, #0
10002186:	f240 73fe 	movw	r3, #2046	@ 0x7fe
1000218a:	429a      	cmp	r2, r3
1000218c:	bf38      	it	cc
1000218e:	4770      	bxcc	lr
10002190:	e010      	b.n	100021b4 <ufix2double+0x4c>
10002192:	425b      	negs	r3, r3
10002194:	fa30 fc03 	lsrs.w	ip, r0, r3
10002198:	f1c3 0220 	rsb	r2, r3, #32
1000219c:	4090      	lsls	r0, r2
1000219e:	eba3 0201 	sub.w	r2, r3, r1
100021a2:	f202 4212 	addw	r2, r2, #1042	@ 0x412
100021a6:	eb0c 5102 	add.w	r1, ip, r2, lsl #20
100021aa:	f240 73fe 	movw	r3, #2046	@ 0x7fe
100021ae:	429a      	cmp	r2, r3
100021b0:	bf38      	it	cc
100021b2:	4770      	bxcc	lr
100021b4:	f04f 0100 	mov.w	r1, #0
100021b8:	bfa8      	it	ge
100021ba:	f6c7 71f0 	movtge	r1, #32752	@ 0x7ff0
100021be:	f04f 0000 	mov.w	r0, #0
100021c2:	4770      	bx	lr
100021c4:	2100      	movs	r1, #0
100021c6:	4770      	bx	lr

100021c8 <__wrap___aeabi_d2lz>:
100021c8:	2200      	movs	r2, #0

100021ca <double2fix64_z>:
100021ca:	f2a2 4232 	subw	r2, r2, #1074	@ 0x432
100021ce:	ea5f 5c21 	movs.w	ip, r1, asr #20
100021d2:	f1ac 0301 	sub.w	r3, ip, #1
100021d6:	eba1 5103 	sub.w	r1, r1, r3, lsl #20
100021da:	055b      	lsls	r3, r3, #21
100021dc:	f513 0f80 	cmn.w	r3, #4194304	@ 0x400000
100021e0:	d232      	bcs.n	10002248 <double2fix64_z+0x7e>
100021e2:	eb12 5253 	adds.w	r2, r2, r3, lsr #21
100021e6:	d410      	bmi.n	1000220a <double2fix64_z+0x40>
100021e8:	2a0b      	cmp	r2, #11
100021ea:	da36      	bge.n	1000225a <double2fix64_z+0x90>
100021ec:	4091      	lsls	r1, r2
100021ee:	f1d2 0320 	rsbs	r3, r2, #32
100021f2:	fa30 f303 	lsrs.w	r3, r0, r3
100021f6:	4319      	orrs	r1, r3
100021f8:	4090      	lsls	r0, r2
100021fa:	f1bc 0f00 	cmp.w	ip, #0
100021fe:	bfa8      	it	ge
10002200:	4770      	bxge	lr
10002202:	4240      	negs	r0, r0
10002204:	eb61 0141 	sbc.w	r1, r1, r1, lsl #1
10002208:	4770      	bx	lr
1000220a:	3220      	adds	r2, #32
1000220c:	dd0e      	ble.n	1000222c <double2fix64_z+0x62>
1000220e:	fa01 f302 	lsl.w	r3, r1, r2
10002212:	f1d2 0220 	rsbs	r2, r2, #32
10002216:	40d1      	lsrs	r1, r2
10002218:	40d0      	lsrs	r0, r2
1000221a:	4318      	orrs	r0, r3
1000221c:	f1bc 0f00 	cmp.w	ip, #0
10002220:	bfa8      	it	ge
10002222:	4770      	bxge	lr
10002224:	4240      	negs	r0, r0
10002226:	eb61 0141 	sbc.w	r1, r1, r1, lsl #1
1000222a:	4770      	bx	lr
1000222c:	4252      	negs	r2, r2
1000222e:	f382 0205 	usat	r2, #5, r2
10002232:	fa31 f002 	lsrs.w	r0, r1, r2
10002236:	2100      	movs	r1, #0
10002238:	f1bc 0f00 	cmp.w	ip, #0
1000223c:	bfa8      	it	ge
1000223e:	4770      	bxge	lr
10002240:	4240      	negs	r0, r0
10002242:	eb61 0141 	sbc.w	r1, r1, r1, lsl #1
10002246:	4770      	bx	lr
10002248:	d002      	beq.n	10002250 <double2fix64_z+0x86>
1000224a:	2000      	movs	r0, #0
1000224c:	2100      	movs	r1, #0
1000224e:	4770      	bx	lr
10002250:	ea50 3101 	orrs.w	r1, r0, r1, lsl #12
10002254:	bf18      	it	ne
10002256:	f04f 0c00 	movne.w	ip, #0
1000225a:	f06f 4100 	mvn.w	r1, #2147483648	@ 0x80000000
1000225e:	eb01 71dc 	add.w	r1, r1, ip, lsr #31
10002262:	ea6f 70ec 	mvn.w	r0, ip, asr #31
10002266:	4770      	bx	lr

10002268 <__wrap_malloc>:
10002268:	b510      	push	{r4, lr}
1000226a:	4604      	mov	r4, r0
1000226c:	f004 fa48 	bl	10006700 <malloc>
10002270:	b128      	cbz	r0, 1000227e <__wrap_malloc+0x16>
10002272:	4603      	mov	r3, r0
10002274:	4a03      	ldr	r2, [pc, #12]	@ (10002284 <__wrap_malloc+0x1c>)
10002276:	4423      	add	r3, r4
10002278:	4293      	cmp	r3, r2
1000227a:	d800      	bhi.n	1000227e <__wrap_malloc+0x16>
1000227c:	bd10      	pop	{r4, pc}
1000227e:	4802      	ldr	r0, [pc, #8]	@ (10002288 <__wrap_malloc+0x20>)
10002280:	f7fe fa54 	bl	1000072c <panic>
10002284:	20080000 	.word	0x20080000
10002288:	1000ce7c 	.word	0x1000ce7c

1000228c <__wrap_realloc>:
1000228c:	b510      	push	{r4, lr}
1000228e:	460c      	mov	r4, r1
10002290:	f004 fd0e 	bl	10006cb0 <realloc>
10002294:	b128      	cbz	r0, 100022a2 <__wrap_realloc+0x16>
10002296:	4603      	mov	r3, r0
10002298:	4a03      	ldr	r2, [pc, #12]	@ (100022a8 <__wrap_realloc+0x1c>)
1000229a:	4423      	add	r3, r4
1000229c:	4293      	cmp	r3, r2
1000229e:	d800      	bhi.n	100022a2 <__wrap_realloc+0x16>
100022a0:	bd10      	pop	{r4, pc}
100022a2:	4802      	ldr	r0, [pc, #8]	@ (100022ac <__wrap_realloc+0x20>)
100022a4:	f7fe fa42 	bl	1000072c <panic>
100022a8:	20080000 	.word	0x20080000
100022ac:	1000ce7c 	.word	0x1000ce7c

100022b0 <__wrap_free>:
100022b0:	f004 ba2e 	b.w	10006710 <free>

100022b4 <_out_buffer>:
100022b4:	429a      	cmp	r2, r3
100022b6:	bf38      	it	cc
100022b8:	5488      	strbcc	r0, [r1, r2]
100022ba:	4770      	bx	lr

100022bc <_out_null>:
100022bc:	4770      	bx	lr
100022be:	bf00      	nop

100022c0 <_out_rev>:
100022c0:	e92d 4ff0 	stmdb	sp!, {r4, r5, r6, r7, r8, r9, sl, fp, lr}
100022c4:	b083      	sub	sp, #12
100022c6:	4699      	mov	r9, r3
100022c8:	e9dd ab0d 	ldrd	sl, fp, [sp, #52]	@ 0x34
100022cc:	9b0f      	ldr	r3, [sp, #60]	@ 0x3c
100022ce:	4688      	mov	r8, r1
100022d0:	4611      	mov	r1, r2
100022d2:	079a      	lsls	r2, r3, #30
100022d4:	4607      	mov	r7, r0
100022d6:	d116      	bne.n	10002306 <_out_rev+0x46>
100022d8:	45da      	cmp	sl, fp
100022da:	d23a      	bcs.n	10002352 <_out_rev+0x92>
100022dc:	460c      	mov	r4, r1
100022de:	460d      	mov	r5, r1
100022e0:	ebab 060a 	sub.w	r6, fp, sl
100022e4:	440e      	add	r6, r1
100022e6:	4622      	mov	r2, r4
100022e8:	464b      	mov	r3, r9
100022ea:	4641      	mov	r1, r8
100022ec:	2020      	movs	r0, #32
100022ee:	3401      	adds	r4, #1
100022f0:	47b8      	blx	r7
100022f2:	42b4      	cmp	r4, r6
100022f4:	d1f7      	bne.n	100022e6 <_out_rev+0x26>
100022f6:	4629      	mov	r1, r5
100022f8:	f1ba 0f00 	cmp.w	sl, #0
100022fc:	d108      	bne.n	10002310 <_out_rev+0x50>
100022fe:	4620      	mov	r0, r4
10002300:	b003      	add	sp, #12
10002302:	e8bd 8ff0 	ldmia.w	sp!, {r4, r5, r6, r7, r8, r9, sl, fp, pc}
10002306:	460c      	mov	r4, r1
10002308:	f1ba 0f00 	cmp.w	sl, #0
1000230c:	d010      	beq.n	10002330 <_out_rev+0x70>
1000230e:	460e      	mov	r6, r1
10002310:	4655      	mov	r5, sl
10002312:	9b0c      	ldr	r3, [sp, #48]	@ 0x30
10002314:	442e      	add	r6, r5
10002316:	449a      	add	sl, r3
10002318:	9101      	str	r1, [sp, #4]
1000231a:	1b72      	subs	r2, r6, r5
1000231c:	464b      	mov	r3, r9
1000231e:	3d01      	subs	r5, #1
10002320:	4641      	mov	r1, r8
10002322:	f81a 0d01 	ldrb.w	r0, [sl, #-1]!
10002326:	4634      	mov	r4, r6
10002328:	47b8      	blx	r7
1000232a:	2d00      	cmp	r5, #0
1000232c:	d1f5      	bne.n	1000231a <_out_rev+0x5a>
1000232e:	9901      	ldr	r1, [sp, #4]
10002330:	9b0f      	ldr	r3, [sp, #60]	@ 0x3c
10002332:	079b      	lsls	r3, r3, #30
10002334:	d5e3      	bpl.n	100022fe <_out_rev+0x3e>
10002336:	1a65      	subs	r5, r4, r1
10002338:	45ab      	cmp	fp, r5
1000233a:	d9e0      	bls.n	100022fe <_out_rev+0x3e>
1000233c:	4622      	mov	r2, r4
1000233e:	464b      	mov	r3, r9
10002340:	4641      	mov	r1, r8
10002342:	2020      	movs	r0, #32
10002344:	3501      	adds	r5, #1
10002346:	47b8      	blx	r7
10002348:	455d      	cmp	r5, fp
1000234a:	f104 0401 	add.w	r4, r4, #1
1000234e:	d3f5      	bcc.n	1000233c <_out_rev+0x7c>
10002350:	e7d5      	b.n	100022fe <_out_rev+0x3e>
10002352:	460c      	mov	r4, r1
10002354:	f1ba 0f00 	cmp.w	sl, #0
10002358:	d1d9      	bne.n	1000230e <_out_rev+0x4e>
1000235a:	e7d0      	b.n	100022fe <_out_rev+0x3e>

1000235c <_ntoa_format>:
1000235c:	e92d 4ff0 	stmdb	sp!, {r4, r5, r6, r7, r8, r9, sl, fp, lr}
10002360:	9f0f      	ldr	r7, [sp, #60]	@ 0x3c
10002362:	f8dd 8024 	ldr.w	r8, [sp, #36]	@ 0x24
10002366:	f017 0f02 	tst.w	r7, #2
1000236a:	9c0a      	ldr	r4, [sp, #40]	@ 0x28
1000236c:	f89d a02c 	ldrb.w	sl, [sp, #44]	@ 0x2c
10002370:	9d0e      	ldr	r5, [sp, #56]	@ 0x38
10002372:	e9dd 960c 	ldrd	r9, r6, [sp, #48]	@ 0x30
10002376:	d144      	bne.n	10002402 <_ntoa_format+0xa6>
10002378:	bbf5      	cbnz	r5, 100023f8 <_ntoa_format+0x9c>
1000237a:	42b4      	cmp	r4, r6
1000237c:	d241      	bcs.n	10002402 <_ntoa_format+0xa6>
1000237e:	f007 0b01 	and.w	fp, r7, #1
10002382:	f104 3cff 	add.w	ip, r4, #4294967295	@ 0xffffffff
10002386:	f04f 0e30 	mov.w	lr, #48	@ 0x30
1000238a:	44c4      	add	ip, r8
1000238c:	e004      	b.n	10002398 <_ntoa_format+0x3c>
1000238e:	3401      	adds	r4, #1
10002390:	42a6      	cmp	r6, r4
10002392:	f80c ef01 	strb.w	lr, [ip, #1]!
10002396:	d901      	bls.n	1000239c <_ntoa_format+0x40>
10002398:	2c20      	cmp	r4, #32
1000239a:	d1f8      	bne.n	1000238e <_ntoa_format+0x32>
1000239c:	f1bb 0f00 	cmp.w	fp, #0
100023a0:	f000 8088 	beq.w	100024b4 <_ntoa_format+0x158>
100023a4:	42a5      	cmp	r5, r4
100023a6:	d92c      	bls.n	10002402 <_ntoa_format+0xa6>
100023a8:	f104 3cff 	add.w	ip, r4, #4294967295	@ 0xffffffff
100023ac:	f04f 0e30 	mov.w	lr, #48	@ 0x30
100023b0:	44c4      	add	ip, r8
100023b2:	e004      	b.n	100023be <_ntoa_format+0x62>
100023b4:	3401      	adds	r4, #1
100023b6:	42ac      	cmp	r4, r5
100023b8:	f80c ef01 	strb.w	lr, [ip, #1]!
100023bc:	d021      	beq.n	10002402 <_ntoa_format+0xa6>
100023be:	2c20      	cmp	r4, #32
100023c0:	d1f8      	bne.n	100023b4 <_ntoa_format+0x58>
100023c2:	f017 0f10 	tst.w	r7, #16
100023c6:	d00e      	beq.n	100023e6 <_ntoa_format+0x8a>
100023c8:	f417 6f80 	tst.w	r7, #1024	@ 0x400
100023cc:	d154      	bne.n	10002478 <_ntoa_format+0x11c>
100023ce:	42a6      	cmp	r6, r4
100023d0:	d063      	beq.n	1000249a <_ntoa_format+0x13e>
100023d2:	42a5      	cmp	r5, r4
100023d4:	d061      	beq.n	1000249a <_ntoa_format+0x13e>
100023d6:	f1b9 0f10 	cmp.w	r9, #16
100023da:	d050      	beq.n	1000247e <_ntoa_format+0x122>
100023dc:	f1b9 0f02 	cmp.w	r9, #2
100023e0:	d056      	beq.n	10002490 <_ntoa_format+0x134>
100023e2:	2c20      	cmp	r4, #32
100023e4:	d129      	bne.n	1000243a <_ntoa_format+0xde>
100023e6:	2420      	movs	r4, #32
100023e8:	e9cd 570b 	strd	r5, r7, [sp, #44]	@ 0x2c
100023ec:	e9cd 8409 	strd	r8, r4, [sp, #36]	@ 0x24
100023f0:	e8bd 4ff0 	ldmia.w	sp!, {r4, r5, r6, r7, r8, r9, sl, fp, lr}
100023f4:	f7ff bf64 	b.w	100022c0 <_out_rev>
100023f8:	f017 0b01 	ands.w	fp, r7, #1
100023fc:	d134      	bne.n	10002468 <_ntoa_format+0x10c>
100023fe:	42b4      	cmp	r4, r6
10002400:	d3bf      	bcc.n	10002382 <_ntoa_format+0x26>
10002402:	f017 0f10 	tst.w	r7, #16
10002406:	d01e      	beq.n	10002446 <_ntoa_format+0xea>
10002408:	f417 6f80 	tst.w	r7, #1024	@ 0x400
1000240c:	d1e3      	bne.n	100023d6 <_ntoa_format+0x7a>
1000240e:	2c00      	cmp	r4, #0
10002410:	d1dd      	bne.n	100023ce <_ntoa_format+0x72>
10002412:	f1b9 0f10 	cmp.w	r9, #16
10002416:	d063      	beq.n	100024e0 <_ntoa_format+0x184>
10002418:	f1b9 0f02 	cmp.w	r9, #2
1000241c:	d077      	beq.n	1000250e <_ntoa_format+0x1b2>
1000241e:	2430      	movs	r4, #48	@ 0x30
10002420:	f888 4000 	strb.w	r4, [r8]
10002424:	2401      	movs	r4, #1
10002426:	f1ba 0f00 	cmp.w	sl, #0
1000242a:	d111      	bne.n	10002450 <_ntoa_format+0xf4>
1000242c:	077e      	lsls	r6, r7, #29
1000242e:	d548      	bpl.n	100024c2 <_ntoa_format+0x166>
10002430:	262b      	movs	r6, #43	@ 0x2b
10002432:	f808 6004 	strb.w	r6, [r8, r4]
10002436:	3401      	adds	r4, #1
10002438:	e7d6      	b.n	100023e8 <_ntoa_format+0x8c>
1000243a:	4626      	mov	r6, r4
1000243c:	3401      	adds	r4, #1
1000243e:	f04f 0c30 	mov.w	ip, #48	@ 0x30
10002442:	f808 c006 	strb.w	ip, [r8, r6]
10002446:	2c20      	cmp	r4, #32
10002448:	d0cd      	beq.n	100023e6 <_ntoa_format+0x8a>
1000244a:	f1ba 0f00 	cmp.w	sl, #0
1000244e:	d0ed      	beq.n	1000242c <_ntoa_format+0xd0>
10002450:	262d      	movs	r6, #45	@ 0x2d
10002452:	f808 6004 	strb.w	r6, [r8, r4]
10002456:	3401      	adds	r4, #1
10002458:	e9cd 570b 	strd	r5, r7, [sp, #44]	@ 0x2c
1000245c:	e9cd 8409 	strd	r8, r4, [sp, #36]	@ 0x24
10002460:	e8bd 4ff0 	ldmia.w	sp!, {r4, r5, r6, r7, r8, r9, sl, fp, lr}
10002464:	f7ff bf2c 	b.w	100022c0 <_out_rev>
10002468:	f1ba 0f00 	cmp.w	sl, #0
1000246c:	d030      	beq.n	100024d0 <_ntoa_format+0x174>
1000246e:	42b4      	cmp	r4, r6
10002470:	f105 35ff 	add.w	r5, r5, #4294967295	@ 0xffffffff
10002474:	d385      	bcc.n	10002382 <_ntoa_format+0x26>
10002476:	e795      	b.n	100023a4 <_ntoa_format+0x48>
10002478:	f1b9 0f10 	cmp.w	r9, #16
1000247c:	d1b3      	bne.n	100023e6 <_ntoa_format+0x8a>
1000247e:	06be      	lsls	r6, r7, #26
10002480:	d53b      	bpl.n	100024fa <_ntoa_format+0x19e>
10002482:	2c20      	cmp	r4, #32
10002484:	d0af      	beq.n	100023e6 <_ntoa_format+0x8a>
10002486:	2658      	movs	r6, #88	@ 0x58
10002488:	f808 6004 	strb.w	r6, [r8, r4]
1000248c:	3401      	adds	r4, #1
1000248e:	e7a8      	b.n	100023e2 <_ntoa_format+0x86>
10002490:	2c20      	cmp	r4, #32
10002492:	d0a8      	beq.n	100023e6 <_ntoa_format+0x8a>
10002494:	4626      	mov	r6, r4
10002496:	3401      	adds	r4, #1
10002498:	e007      	b.n	100024aa <_ntoa_format+0x14e>
1000249a:	1e66      	subs	r6, r4, #1
1000249c:	d0b9      	beq.n	10002412 <_ntoa_format+0xb6>
1000249e:	f1b9 0f10 	cmp.w	r9, #16
100024a2:	d036      	beq.n	10002512 <_ntoa_format+0x1b6>
100024a4:	f1b9 0f02 	cmp.w	r9, #2
100024a8:	d1c9      	bne.n	1000243e <_ntoa_format+0xe2>
100024aa:	f04f 0c62 	mov.w	ip, #98	@ 0x62
100024ae:	f808 c006 	strb.w	ip, [r8, r6]
100024b2:	e796      	b.n	100023e2 <_ntoa_format+0x86>
100024b4:	f017 0f10 	tst.w	r7, #16
100024b8:	d0c5      	beq.n	10002446 <_ntoa_format+0xea>
100024ba:	f417 6f80 	tst.w	r7, #1024	@ 0x400
100024be:	d086      	beq.n	100023ce <_ntoa_format+0x72>
100024c0:	e789      	b.n	100023d6 <_ntoa_format+0x7a>
100024c2:	073e      	lsls	r6, r7, #28
100024c4:	d590      	bpl.n	100023e8 <_ntoa_format+0x8c>
100024c6:	2620      	movs	r6, #32
100024c8:	f808 6004 	strb.w	r6, [r8, r4]
100024cc:	3401      	adds	r4, #1
100024ce:	e78b      	b.n	100023e8 <_ntoa_format+0x8c>
100024d0:	f017 0f0c 	tst.w	r7, #12
100024d4:	d000      	beq.n	100024d8 <_ntoa_format+0x17c>
100024d6:	3d01      	subs	r5, #1
100024d8:	42b4      	cmp	r4, r6
100024da:	f4ff af52 	bcc.w	10002382 <_ntoa_format+0x26>
100024de:	e761      	b.n	100023a4 <_ntoa_format+0x48>
100024e0:	06bc      	lsls	r4, r7, #26
100024e2:	d412      	bmi.n	1000250a <_ntoa_format+0x1ae>
100024e4:	2478      	movs	r4, #120	@ 0x78
100024e6:	f888 4000 	strb.w	r4, [r8]
100024ea:	2430      	movs	r4, #48	@ 0x30
100024ec:	f888 4001 	strb.w	r4, [r8, #1]
100024f0:	2402      	movs	r4, #2
100024f2:	f1ba 0f00 	cmp.w	sl, #0
100024f6:	d099      	beq.n	1000242c <_ntoa_format+0xd0>
100024f8:	e7aa      	b.n	10002450 <_ntoa_format+0xf4>
100024fa:	2c20      	cmp	r4, #32
100024fc:	f43f af73 	beq.w	100023e6 <_ntoa_format+0x8a>
10002500:	2678      	movs	r6, #120	@ 0x78
10002502:	f808 6004 	strb.w	r6, [r8, r4]
10002506:	3401      	adds	r4, #1
10002508:	e76b      	b.n	100023e2 <_ntoa_format+0x86>
1000250a:	2458      	movs	r4, #88	@ 0x58
1000250c:	e7eb      	b.n	100024e6 <_ntoa_format+0x18a>
1000250e:	2462      	movs	r4, #98	@ 0x62
10002510:	e7e9      	b.n	100024e6 <_ntoa_format+0x18a>
10002512:	f017 0f20 	tst.w	r7, #32
10002516:	f1a4 0c02 	sub.w	ip, r4, #2
1000251a:	d004      	beq.n	10002526 <_ntoa_format+0x1ca>
1000251c:	f04f 0e58 	mov.w	lr, #88	@ 0x58
10002520:	f808 e00c 	strb.w	lr, [r8, ip]
10002524:	e78b      	b.n	1000243e <_ntoa_format+0xe2>
10002526:	f04f 0e78 	mov.w	lr, #120	@ 0x78
1000252a:	f808 e00c 	strb.w	lr, [r8, ip]
1000252e:	e786      	b.n	1000243e <_ntoa_format+0xe2>

10002530 <_out_char>:
10002530:	b900      	cbnz	r0, 10002534 <_out_char+0x4>
10002532:	4770      	bx	lr
10002534:	f001 bc48 	b.w	10003dc8 <__wrap_putchar>

10002538 <_out_fct>:
10002538:	b110      	cbz	r0, 10002540 <_out_fct+0x8>
1000253a:	e9d1 3100 	ldrd	r3, r1, [r1]
1000253e:	4718      	bx	r3
10002540:	4770      	bx	lr
10002542:	bf00      	nop
10002544:	0000      	movs	r0, r0
	...

10002548 <_ftoa>:
10002548:	e92d 4ff0 	stmdb	sp!, {r4, r5, r6, r7, r8, r9, sl, fp, lr}
1000254c:	b097      	sub	sp, #92	@ 0x5c
1000254e:	ed9d 7b20 	vldr	d7, [sp, #128]	@ 0x80
10002552:	e9dd 5b22 	ldrd	r5, fp, [sp, #136]	@ 0x88
10002556:	4607      	mov	r7, r0
10002558:	4688      	mov	r8, r1
1000255a:	ec51 0b17 	vmov	r0, r1, d7
1000255e:	9c24      	ldr	r4, [sp, #144]	@ 0x90
10002560:	4699      	mov	r9, r3
10002562:	920c      	str	r2, [sp, #48]	@ 0x30
10002564:	460b      	mov	r3, r1
10002566:	4602      	mov	r2, r0
10002568:	ed8d 7b04 	vstr	d7, [sp, #16]
1000256c:	9407      	str	r4, [sp, #28]
1000256e:	f7ff fcb5 	bl	10001edc <__wrap___aeabi_dcmpun>
10002572:	2800      	cmp	r0, #0
10002574:	f040 81f4 	bne.w	10002960 <_ftoa+0x418>
10002578:	e9dd 0104 	ldrd	r0, r1, [sp, #16]
1000257c:	f04f 32ff 	mov.w	r2, #4294967295	@ 0xffffffff
10002580:	f46f 1380 	mvn.w	r3, #1048576	@ 0x100000
10002584:	f7ff fcce 	bl	10001f24 <__wrap___aeabi_dcmplt>
10002588:	2800      	cmp	r0, #0
1000258a:	f040 811b 	bne.w	100027c4 <_ftoa+0x27c>
1000258e:	e9dd 0104 	ldrd	r0, r1, [sp, #16]
10002592:	f04f 32ff 	mov.w	r2, #4294967295	@ 0xffffffff
10002596:	4bac      	ldr	r3, [pc, #688]	@ (10002848 <_ftoa+0x300>)
10002598:	f7ff fd00 	bl	10001f9c <__wrap___aeabi_dcmpgt>
1000259c:	2800      	cmp	r0, #0
1000259e:	f040 80ee 	bne.w	1000277e <_ftoa+0x236>
100025a2:	e9dd 0104 	ldrd	r0, r1, [sp, #16]
100025a6:	a3a4      	add	r3, pc, #656	@ (adr r3, 10002838 <_ftoa+0x2f0>)
100025a8:	e9d3 2300 	ldrd	r2, r3, [r3]
100025ac:	f7ff fcf6 	bl	10001f9c <__wrap___aeabi_dcmpgt>
100025b0:	2800      	cmp	r0, #0
100025b2:	f040 80d3 	bne.w	1000275c <_ftoa+0x214>
100025b6:	e9dd 0104 	ldrd	r0, r1, [sp, #16]
100025ba:	a3a1      	add	r3, pc, #644	@ (adr r3, 10002840 <_ftoa+0x2f8>)
100025bc:	e9d3 2300 	ldrd	r2, r3, [r3]
100025c0:	f7ff fcb0 	bl	10001f24 <__wrap___aeabi_dcmplt>
100025c4:	2800      	cmp	r0, #0
100025c6:	f040 80c9 	bne.w	1000275c <_ftoa+0x214>
100025ca:	e9dd 0104 	ldrd	r0, r1, [sp, #16]
100025ce:	2200      	movs	r2, #0
100025d0:	2300      	movs	r3, #0
100025d2:	f7ff fca7 	bl	10001f24 <__wrap___aeabi_dcmplt>
100025d6:	2800      	cmp	r0, #0
100025d8:	f040 80e8 	bne.w	100027ac <_ftoa+0x264>
100025dc:	4623      	mov	r3, r4
100025de:	900d      	str	r0, [sp, #52]	@ 0x34
100025e0:	f413 6f80 	tst.w	r3, #1024	@ 0x400
100025e4:	bf08      	it	eq
100025e6:	2506      	moveq	r5, #6
100025e8:	2130      	movs	r1, #48	@ 0x30
100025ea:	462b      	mov	r3, r5
100025ec:	aa0e      	add	r2, sp, #56	@ 0x38
100025ee:	f1a5 0620 	sub.w	r6, r5, #32
100025f2:	e005      	b.n	10002600 <_ftoa+0xb8>
100025f4:	3b01      	subs	r3, #1
100025f6:	42b3      	cmp	r3, r6
100025f8:	f802 1b01 	strb.w	r1, [r2], #1
100025fc:	f000 8193 	beq.w	10002926 <_ftoa+0x3de>
10002600:	2b09      	cmp	r3, #9
10002602:	d8f7      	bhi.n	100025f4 <_ftoa+0xac>
10002604:	461e      	mov	r6, r3
10002606:	1aed      	subs	r5, r5, r3
10002608:	e9dd 0104 	ldrd	r0, r1, [sp, #16]
1000260c:	f7ff fc42 	bl	10001e94 <__wrap___aeabi_d2iz>
10002610:	4b8e      	ldr	r3, [pc, #568]	@ (1000284c <_ftoa+0x304>)
10002612:	4604      	mov	r4, r0
10002614:	eb03 03c6 	add.w	r3, r3, r6, lsl #3
10002618:	ed93 7b00 	vldr	d7, [r3]
1000261c:	ed8d 7b08 	vstr	d7, [sp, #32]
10002620:	f7ff fc14 	bl	10001e4c <__wrap___aeabi_i2d>
10002624:	4602      	mov	r2, r0
10002626:	460b      	mov	r3, r1
10002628:	e9dd 0104 	ldrd	r0, r1, [sp, #16]
1000262c:	f7ff fb78 	bl	10001d20 <__wrap___aeabi_dsub>
10002630:	e9dd 2308 	ldrd	r2, r3, [sp, #32]
10002634:	f7ff fb88 	bl	10001d48 <__wrap___aeabi_dmul>
10002638:	4602      	mov	r2, r0
1000263a:	460b      	mov	r3, r1
1000263c:	e9cd 230a 	strd	r2, r3, [sp, #40]	@ 0x28
10002640:	f7ff fc3a 	bl	10001eb8 <__wrap___aeabi_d2uiz>
10002644:	4682      	mov	sl, r0
10002646:	f7ff fc13 	bl	10001e70 <__wrap___aeabi_ui2d>
1000264a:	4602      	mov	r2, r0
1000264c:	460b      	mov	r3, r1
1000264e:	e9dd 010a 	ldrd	r0, r1, [sp, #40]	@ 0x28
10002652:	f7ff fb65 	bl	10001d20 <__wrap___aeabi_dsub>
10002656:	4602      	mov	r2, r0
10002658:	460b      	mov	r3, r1
1000265a:	e9cd 230a 	strd	r2, r3, [sp, #40]	@ 0x28
1000265e:	2200      	movs	r2, #0
10002660:	4b7b      	ldr	r3, [pc, #492]	@ (10002850 <_ftoa+0x308>)
10002662:	f7ff fc9b 	bl	10001f9c <__wrap___aeabi_dcmpgt>
10002666:	2800      	cmp	r0, #0
10002668:	f000 80fe 	beq.w	10002868 <_ftoa+0x320>
1000266c:	f10a 0a01 	add.w	sl, sl, #1
10002670:	4650      	mov	r0, sl
10002672:	f7ff fbfd 	bl	10001e70 <__wrap___aeabi_ui2d>
10002676:	4602      	mov	r2, r0
10002678:	460b      	mov	r3, r1
1000267a:	e9dd 0108 	ldrd	r0, r1, [sp, #32]
1000267e:	f7ff fc65 	bl	10001f4c <__wrap___aeabi_dcmple>
10002682:	b110      	cbz	r0, 1000268a <_ftoa+0x142>
10002684:	f04f 0a00 	mov.w	sl, #0
10002688:	3401      	adds	r4, #1
1000268a:	2e00      	cmp	r6, #0
1000268c:	f000 80fd 	beq.w	1000288a <_ftoa+0x342>
10002690:	1e68      	subs	r0, r5, #1
10002692:	ab0e      	add	r3, sp, #56	@ 0x38
10002694:	f8df c1cc 	ldr.w	ip, [pc, #460]	@ 10002864 <_ftoa+0x31c>
10002698:	4418      	add	r0, r3
1000269a:	e00f      	b.n	100026bc <_ftoa+0x174>
1000269c:	fbac 210a 	umull	r2, r1, ip, sl
100026a0:	08c9      	lsrs	r1, r1, #3
100026a2:	eb01 0281 	add.w	r2, r1, r1, lsl #2
100026a6:	ebaa 0242 	sub.w	r2, sl, r2, lsl #1
100026aa:	3230      	adds	r2, #48	@ 0x30
100026ac:	f1ba 0f09 	cmp.w	sl, #9
100026b0:	f800 2f01 	strb.w	r2, [r0, #1]!
100026b4:	f240 811c 	bls.w	100028f0 <_ftoa+0x3a8>
100026b8:	468a      	mov	sl, r1
100026ba:	461d      	mov	r5, r3
100026bc:	2d20      	cmp	r5, #32
100026be:	f105 0301 	add.w	r3, r5, #1
100026c2:	f106 36ff 	add.w	r6, r6, #4294967295	@ 0xffffffff
100026c6:	d1e9      	bne.n	1000269c <_ftoa+0x154>
100026c8:	2520      	movs	r5, #32
100026ca:	1e69      	subs	r1, r5, #1
100026cc:	ab0e      	add	r3, sp, #56	@ 0x38
100026ce:	4861      	ldr	r0, [pc, #388]	@ (10002854 <_ftoa+0x30c>)
100026d0:	4419      	add	r1, r3
100026d2:	e010      	b.n	100026f6 <_ftoa+0x1ae>
100026d4:	fb80 6204 	smull	r6, r2, r0, r4
100026d8:	ebc3 03a2 	rsb	r3, r3, r2, asr #2
100026dc:	eb03 0283 	add.w	r2, r3, r3, lsl #2
100026e0:	eba4 0442 	sub.w	r4, r4, r2, lsl #1
100026e4:	f104 0230 	add.w	r2, r4, #48	@ 0x30
100026e8:	3501      	adds	r5, #1
100026ea:	461c      	mov	r4, r3
100026ec:	f801 2f01 	strb.w	r2, [r1, #1]!
100026f0:	2b00      	cmp	r3, #0
100026f2:	f000 80eb 	beq.w	100028cc <_ftoa+0x384>
100026f6:	2d20      	cmp	r5, #32
100026f8:	ea4f 73e4 	mov.w	r3, r4, asr #31
100026fc:	d1ea      	bne.n	100026d4 <_ftoa+0x18c>
100026fe:	9b07      	ldr	r3, [sp, #28]
10002700:	f003 0303 	and.w	r3, r3, #3
10002704:	2b01      	cmp	r3, #1
10002706:	d118      	bne.n	1000273a <_ftoa+0x1f2>
10002708:	f1bb 0f00 	cmp.w	fp, #0
1000270c:	d015      	beq.n	1000273a <_ftoa+0x1f2>
1000270e:	9b0d      	ldr	r3, [sp, #52]	@ 0x34
10002710:	2b00      	cmp	r3, #0
10002712:	f000 810a 	beq.w	1000292a <_ftoa+0x3e2>
10002716:	f10b 3bff 	add.w	fp, fp, #4294967295	@ 0xffffffff
1000271a:	f1bb 0f20 	cmp.w	fp, #32
1000271e:	d90c      	bls.n	1000273a <_ftoa+0x1f2>
10002720:	1e6b      	subs	r3, r5, #1
10002722:	a90e      	add	r1, sp, #56	@ 0x38
10002724:	2230      	movs	r2, #48	@ 0x30
10002726:	440b      	add	r3, r1
10002728:	e005      	b.n	10002736 <_ftoa+0x1ee>
1000272a:	3501      	adds	r5, #1
1000272c:	455d      	cmp	r5, fp
1000272e:	f803 2f01 	strb.w	r2, [r3, #1]!
10002732:	f080 80d1 	bcs.w	100028d8 <_ftoa+0x390>
10002736:	2d20      	cmp	r5, #32
10002738:	d1f7      	bne.n	1000272a <_ftoa+0x1e2>
1000273a:	9b07      	ldr	r3, [sp, #28]
1000273c:	ac0e      	add	r4, sp, #56	@ 0x38
1000273e:	e9cd b302 	strd	fp, r3, [sp, #8]
10002742:	4641      	mov	r1, r8
10002744:	464b      	mov	r3, r9
10002746:	4638      	mov	r0, r7
10002748:	9a0c      	ldr	r2, [sp, #48]	@ 0x30
1000274a:	9501      	str	r5, [sp, #4]
1000274c:	9400      	str	r4, [sp, #0]
1000274e:	f7ff fdb7 	bl	100022c0 <_out_rev>
10002752:	4682      	mov	sl, r0
10002754:	4650      	mov	r0, sl
10002756:	b017      	add	sp, #92	@ 0x5c
10002758:	e8bd 8ff0 	ldmia.w	sp!, {r4, r5, r6, r7, r8, r9, sl, fp, pc}
1000275c:	9b07      	ldr	r3, [sp, #28]
1000275e:	ed9d 7b04 	vldr	d7, [sp, #16]
10002762:	e9cd b323 	strd	fp, r3, [sp, #140]	@ 0x8c
10002766:	4641      	mov	r1, r8
10002768:	464b      	mov	r3, r9
1000276a:	4638      	mov	r0, r7
1000276c:	9a0c      	ldr	r2, [sp, #48]	@ 0x30
1000276e:	ed8d 7b20 	vstr	d7, [sp, #128]	@ 0x80
10002772:	9522      	str	r5, [sp, #136]	@ 0x88
10002774:	b017      	add	sp, #92	@ 0x5c
10002776:	e8bd 4ff0 	ldmia.w	sp!, {r4, r5, r6, r7, r8, r9, sl, fp, lr}
1000277a:	f000 b945 	b.w	10002a08 <_etoa>
1000277e:	0761      	lsls	r1, r4, #29
10002780:	4623      	mov	r3, r4
10002782:	bf4c      	ite	mi
10002784:	2304      	movmi	r3, #4
10002786:	2303      	movpl	r3, #3
10002788:	4641      	mov	r1, r8
1000278a:	9321      	str	r3, [sp, #132]	@ 0x84
1000278c:	4638      	mov	r0, r7
1000278e:	464b      	mov	r3, r9
10002790:	9a07      	ldr	r2, [sp, #28]
10002792:	bf48      	it	mi
10002794:	4c30      	ldrmi	r4, [pc, #192]	@ (10002858 <_ftoa+0x310>)
10002796:	e9cd b222 	strd	fp, r2, [sp, #136]	@ 0x88
1000279a:	bf58      	it	pl
1000279c:	4c2f      	ldrpl	r4, [pc, #188]	@ (1000285c <_ftoa+0x314>)
1000279e:	9a0c      	ldr	r2, [sp, #48]	@ 0x30
100027a0:	9420      	str	r4, [sp, #128]	@ 0x80
100027a2:	b017      	add	sp, #92	@ 0x5c
100027a4:	e8bd 4ff0 	ldmia.w	sp!, {r4, r5, r6, r7, r8, r9, sl, fp, lr}
100027a8:	f7ff bd8a 	b.w	100022c0 <_out_rev>
100027ac:	e9dd 2304 	ldrd	r2, r3, [sp, #16]
100027b0:	2000      	movs	r0, #0
100027b2:	2100      	movs	r1, #0
100027b4:	f7ff fab4 	bl	10001d20 <__wrap___aeabi_dsub>
100027b8:	2301      	movs	r3, #1
100027ba:	e9cd 0104 	strd	r0, r1, [sp, #16]
100027be:	930d      	str	r3, [sp, #52]	@ 0x34
100027c0:	4623      	mov	r3, r4
100027c2:	e70d      	b.n	100025e0 <_ftoa+0x98>
100027c4:	4623      	mov	r3, r4
100027c6:	079c      	lsls	r4, r3, #30
100027c8:	f040 80aa 	bne.w	10002920 <_ftoa+0x3d8>
100027cc:	f1bb 0f04 	cmp.w	fp, #4
100027d0:	f240 80a6 	bls.w	10002920 <_ftoa+0x3d8>
100027d4:	9b0c      	ldr	r3, [sp, #48]	@ 0x30
100027d6:	461d      	mov	r5, r3
100027d8:	1f1c      	subs	r4, r3, #4
100027da:	eb04 0a0b 	add.w	sl, r4, fp
100027de:	462a      	mov	r2, r5
100027e0:	464b      	mov	r3, r9
100027e2:	4641      	mov	r1, r8
100027e4:	2020      	movs	r0, #32
100027e6:	3501      	adds	r5, #1
100027e8:	47b8      	blx	r7
100027ea:	45aa      	cmp	sl, r5
100027ec:	d1f7      	bne.n	100027de <_ftoa+0x296>
100027ee:	4655      	mov	r5, sl
100027f0:	4c1b      	ldr	r4, [pc, #108]	@ (10002860 <_ftoa+0x318>)
100027f2:	1f26      	subs	r6, r4, #4
100027f4:	f814 0d01 	ldrb.w	r0, [r4, #-1]!
100027f8:	462a      	mov	r2, r5
100027fa:	464b      	mov	r3, r9
100027fc:	4641      	mov	r1, r8
100027fe:	47b8      	blx	r7
10002800:	42b4      	cmp	r4, r6
10002802:	f105 0501 	add.w	r5, r5, #1
10002806:	d1f5      	bne.n	100027f4 <_ftoa+0x2ac>
10002808:	9b07      	ldr	r3, [sp, #28]
1000280a:	f10a 0a04 	add.w	sl, sl, #4
1000280e:	0798      	lsls	r0, r3, #30
10002810:	d5a0      	bpl.n	10002754 <_ftoa+0x20c>
10002812:	9c0c      	ldr	r4, [sp, #48]	@ 0x30
10002814:	ebaa 0304 	sub.w	r3, sl, r4
10002818:	459b      	cmp	fp, r3
1000281a:	d99b      	bls.n	10002754 <_ftoa+0x20c>
1000281c:	4652      	mov	r2, sl
1000281e:	464b      	mov	r3, r9
10002820:	4641      	mov	r1, r8
10002822:	2020      	movs	r0, #32
10002824:	f10a 0a01 	add.w	sl, sl, #1
10002828:	47b8      	blx	r7
1000282a:	ebaa 0304 	sub.w	r3, sl, r4
1000282e:	455b      	cmp	r3, fp
10002830:	d3f4      	bcc.n	1000281c <_ftoa+0x2d4>
10002832:	e78f      	b.n	10002754 <_ftoa+0x20c>
10002834:	f3af 8000 	nop.w
10002838:	00000000 	.word	0x00000000
1000283c:	41cdcd65 	.word	0x41cdcd65
10002840:	00000000 	.word	0x00000000
10002844:	c1cdcd65 	.word	0xc1cdcd65
10002848:	7fefffff 	.word	0x7fefffff
1000284c:	1000d178 	.word	0x1000d178
10002850:	3fe00000 	.word	0x3fe00000
10002854:	66666667 	.word	0x66666667
10002858:	1000cec8 	.word	0x1000cec8
1000285c:	1000ced0 	.word	0x1000ced0
10002860:	1000cedc 	.word	0x1000cedc
10002864:	cccccccd 	.word	0xcccccccd
10002868:	2200      	movs	r2, #0
1000286a:	e9dd 010a 	ldrd	r0, r1, [sp, #40]	@ 0x28
1000286e:	4b63      	ldr	r3, [pc, #396]	@ (100029fc <_ftoa+0x4b4>)
10002870:	f7ff fb58 	bl	10001f24 <__wrap___aeabi_dcmplt>
10002874:	2800      	cmp	r0, #0
10002876:	f47f af08 	bne.w	1000268a <_ftoa+0x142>
1000287a:	f1ba 0f00 	cmp.w	sl, #0
1000287e:	d16a      	bne.n	10002956 <_ftoa+0x40e>
10002880:	f10a 0a01 	add.w	sl, sl, #1
10002884:	2e00      	cmp	r6, #0
10002886:	f47f af03 	bne.w	10002690 <_ftoa+0x148>
1000288a:	4620      	mov	r0, r4
1000288c:	f7ff fade 	bl	10001e4c <__wrap___aeabi_i2d>
10002890:	4602      	mov	r2, r0
10002892:	460b      	mov	r3, r1
10002894:	e9dd 0104 	ldrd	r0, r1, [sp, #16]
10002898:	f7ff fa42 	bl	10001d20 <__wrap___aeabi_dsub>
1000289c:	4602      	mov	r2, r0
1000289e:	460b      	mov	r3, r1
100028a0:	e9cd 2304 	strd	r2, r3, [sp, #16]
100028a4:	2200      	movs	r2, #0
100028a6:	4b55      	ldr	r3, [pc, #340]	@ (100029fc <_ftoa+0x4b4>)
100028a8:	f7ff fb3c 	bl	10001f24 <__wrap___aeabi_dcmplt>
100028ac:	2800      	cmp	r0, #0
100028ae:	f47f af0c 	bne.w	100026ca <_ftoa+0x182>
100028b2:	e9dd 0104 	ldrd	r0, r1, [sp, #16]
100028b6:	2200      	movs	r2, #0
100028b8:	4b50      	ldr	r3, [pc, #320]	@ (100029fc <_ftoa+0x4b4>)
100028ba:	f7ff fb6f 	bl	10001f9c <__wrap___aeabi_dcmpgt>
100028be:	2800      	cmp	r0, #0
100028c0:	f47f af03 	bne.w	100026ca <_ftoa+0x182>
100028c4:	3401      	adds	r4, #1
100028c6:	f024 0401 	bic.w	r4, r4, #1
100028ca:	e6fe      	b.n	100026ca <_ftoa+0x182>
100028cc:	9b07      	ldr	r3, [sp, #28]
100028ce:	f003 0303 	and.w	r3, r3, #3
100028d2:	2b01      	cmp	r3, #1
100028d4:	f000 8082 	beq.w	100029dc <_ftoa+0x494>
100028d8:	2d20      	cmp	r5, #32
100028da:	f43f af2e 	beq.w	1000273a <_ftoa+0x1f2>
100028de:	9b0d      	ldr	r3, [sp, #52]	@ 0x34
100028e0:	b37b      	cbz	r3, 10002942 <_ftoa+0x3fa>
100028e2:	222d      	movs	r2, #45	@ 0x2d
100028e4:	eb0d 0305 	add.w	r3, sp, r5
100028e8:	f883 2038 	strb.w	r2, [r3, #56]	@ 0x38
100028ec:	3501      	adds	r5, #1
100028ee:	e724      	b.n	1000273a <_ftoa+0x1f2>
100028f0:	2b20      	cmp	r3, #32
100028f2:	f43f aee9 	beq.w	100026c8 <_ftoa+0x180>
100028f6:	aa0e      	add	r2, sp, #56	@ 0x38
100028f8:	4415      	add	r5, r2
100028fa:	441e      	add	r6, r3
100028fc:	2230      	movs	r2, #48	@ 0x30
100028fe:	e004      	b.n	1000290a <_ftoa+0x3c2>
10002900:	2b20      	cmp	r3, #32
10002902:	f805 2f01 	strb.w	r2, [r5, #1]!
10002906:	f43f aedf 	beq.w	100026c8 <_ftoa+0x180>
1000290a:	429e      	cmp	r6, r3
1000290c:	f103 0301 	add.w	r3, r3, #1
10002910:	d1f6      	bne.n	10002900 <_ftoa+0x3b8>
10002912:	222e      	movs	r2, #46	@ 0x2e
10002914:	eb0d 0306 	add.w	r3, sp, r6
10002918:	f883 2038 	strb.w	r2, [r3, #56]	@ 0x38
1000291c:	1c75      	adds	r5, r6, #1
1000291e:	e6d4      	b.n	100026ca <_ftoa+0x182>
10002920:	f8dd a030 	ldr.w	sl, [sp, #48]	@ 0x30
10002924:	e763      	b.n	100027ee <_ftoa+0x2a6>
10002926:	2520      	movs	r5, #32
10002928:	e66e      	b.n	10002608 <_ftoa+0xc0>
1000292a:	9b07      	ldr	r3, [sp, #28]
1000292c:	f013 0f0c 	tst.w	r3, #12
10002930:	d050      	beq.n	100029d4 <_ftoa+0x48c>
10002932:	f10b 3bff 	add.w	fp, fp, #4294967295	@ 0xffffffff
10002936:	45ab      	cmp	fp, r5
10002938:	f63f aef2 	bhi.w	10002720 <_ftoa+0x1d8>
1000293c:	2d20      	cmp	r5, #32
1000293e:	f43f aefc 	beq.w	1000273a <_ftoa+0x1f2>
10002942:	9b07      	ldr	r3, [sp, #28]
10002944:	075a      	lsls	r2, r3, #29
10002946:	d501      	bpl.n	1000294c <_ftoa+0x404>
10002948:	222b      	movs	r2, #43	@ 0x2b
1000294a:	e7cb      	b.n	100028e4 <_ftoa+0x39c>
1000294c:	071b      	lsls	r3, r3, #28
1000294e:	f57f aef4 	bpl.w	1000273a <_ftoa+0x1f2>
10002952:	2220      	movs	r2, #32
10002954:	e7c6      	b.n	100028e4 <_ftoa+0x39c>
10002956:	f01a 0f01 	tst.w	sl, #1
1000295a:	f43f ae96 	beq.w	1000268a <_ftoa+0x142>
1000295e:	e78f      	b.n	10002880 <_ftoa+0x338>
10002960:	07a6      	lsls	r6, r4, #30
10002962:	d134      	bne.n	100029ce <_ftoa+0x486>
10002964:	f1bb 0f03 	cmp.w	fp, #3
10002968:	d931      	bls.n	100029ce <_ftoa+0x486>
1000296a:	9b0c      	ldr	r3, [sp, #48]	@ 0x30
1000296c:	461d      	mov	r5, r3
1000296e:	1edc      	subs	r4, r3, #3
10002970:	eb04 0a0b 	add.w	sl, r4, fp
10002974:	462a      	mov	r2, r5
10002976:	464b      	mov	r3, r9
10002978:	4641      	mov	r1, r8
1000297a:	2020      	movs	r0, #32
1000297c:	3501      	adds	r5, #1
1000297e:	47b8      	blx	r7
10002980:	4555      	cmp	r5, sl
10002982:	d1f7      	bne.n	10002974 <_ftoa+0x42c>
10002984:	4655      	mov	r5, sl
10002986:	4c1e      	ldr	r4, [pc, #120]	@ (10002a00 <_ftoa+0x4b8>)
10002988:	1ee6      	subs	r6, r4, #3
1000298a:	f814 0d01 	ldrb.w	r0, [r4, #-1]!
1000298e:	462a      	mov	r2, r5
10002990:	464b      	mov	r3, r9
10002992:	4641      	mov	r1, r8
10002994:	47b8      	blx	r7
10002996:	42a6      	cmp	r6, r4
10002998:	f105 0501 	add.w	r5, r5, #1
1000299c:	d1f5      	bne.n	1000298a <_ftoa+0x442>
1000299e:	9b07      	ldr	r3, [sp, #28]
100029a0:	f10a 0a03 	add.w	sl, sl, #3
100029a4:	079d      	lsls	r5, r3, #30
100029a6:	f57f aed5 	bpl.w	10002754 <_ftoa+0x20c>
100029aa:	9c0c      	ldr	r4, [sp, #48]	@ 0x30
100029ac:	ebaa 0304 	sub.w	r3, sl, r4
100029b0:	459b      	cmp	fp, r3
100029b2:	f67f aecf 	bls.w	10002754 <_ftoa+0x20c>
100029b6:	4652      	mov	r2, sl
100029b8:	464b      	mov	r3, r9
100029ba:	4641      	mov	r1, r8
100029bc:	2020      	movs	r0, #32
100029be:	f10a 0a01 	add.w	sl, sl, #1
100029c2:	47b8      	blx	r7
100029c4:	ebaa 0304 	sub.w	r3, sl, r4
100029c8:	459b      	cmp	fp, r3
100029ca:	d8f4      	bhi.n	100029b6 <_ftoa+0x46e>
100029cc:	e6c2      	b.n	10002754 <_ftoa+0x20c>
100029ce:	f8dd a030 	ldr.w	sl, [sp, #48]	@ 0x30
100029d2:	e7d7      	b.n	10002984 <_ftoa+0x43c>
100029d4:	45ab      	cmp	fp, r5
100029d6:	f63f aea3 	bhi.w	10002720 <_ftoa+0x1d8>
100029da:	e6ae      	b.n	1000273a <_ftoa+0x1f2>
100029dc:	f1bb 0f00 	cmp.w	fp, #0
100029e0:	f43f af7a 	beq.w	100028d8 <_ftoa+0x390>
100029e4:	9b0d      	ldr	r3, [sp, #52]	@ 0x34
100029e6:	2b00      	cmp	r3, #0
100029e8:	d09f      	beq.n	1000292a <_ftoa+0x3e2>
100029ea:	f10b 3bff 	add.w	fp, fp, #4294967295	@ 0xffffffff
100029ee:	455d      	cmp	r5, fp
100029f0:	f4ff ae96 	bcc.w	10002720 <_ftoa+0x1d8>
100029f4:	2d20      	cmp	r5, #32
100029f6:	f47f af74 	bne.w	100028e2 <_ftoa+0x39a>
100029fa:	e69e      	b.n	1000273a <_ftoa+0x1f2>
100029fc:	3fe00000 	.word	0x3fe00000
10002a00:	1000ced7 	.word	0x1000ced7
10002a04:	00000000 	.word	0x00000000

10002a08 <_etoa>:
10002a08:	e92d 4ff0 	stmdb	sp!, {r4, r5, r6, r7, r8, r9, sl, fp, lr}
10002a0c:	b09f      	sub	sp, #124	@ 0x7c
10002a0e:	9e2a      	ldr	r6, [sp, #168]	@ 0xa8
10002a10:	e9dd 4528 	ldrd	r4, r5, [sp, #160]	@ 0xa0
10002a14:	4607      	mov	r7, r0
10002a16:	4693      	mov	fp, r2
10002a18:	9108      	str	r1, [sp, #32]
10002a1a:	9309      	str	r3, [sp, #36]	@ 0x24
10002a1c:	4622      	mov	r2, r4
10002a1e:	462b      	mov	r3, r5
10002a20:	4620      	mov	r0, r4
10002a22:	4629      	mov	r1, r5
10002a24:	960e      	str	r6, [sp, #56]	@ 0x38
10002a26:	e9dd a62b 	ldrd	sl, r6, [sp, #172]	@ 0xac
10002a2a:	f7ff fa57 	bl	10001edc <__wrap___aeabi_dcmpun>
10002a2e:	2800      	cmp	r0, #0
10002a30:	f040 80be 	bne.w	10002bb0 <_etoa+0x1a8>
10002a34:	4620      	mov	r0, r4
10002a36:	4629      	mov	r1, r5
10002a38:	f04f 32ff 	mov.w	r2, #4294967295	@ 0xffffffff
10002a3c:	4b78      	ldr	r3, [pc, #480]	@ (10002c20 <_etoa+0x218>)
10002a3e:	f7ff faad 	bl	10001f9c <__wrap___aeabi_dcmpgt>
10002a42:	2800      	cmp	r0, #0
10002a44:	f040 80b4 	bne.w	10002bb0 <_etoa+0x1a8>
10002a48:	4620      	mov	r0, r4
10002a4a:	4629      	mov	r1, r5
10002a4c:	f04f 32ff 	mov.w	r2, #4294967295	@ 0xffffffff
10002a50:	f46f 1380 	mvn.w	r3, #1048576	@ 0x100000
10002a54:	f7ff fa66 	bl	10001f24 <__wrap___aeabi_dcmplt>
10002a58:	2800      	cmp	r0, #0
10002a5a:	f040 80a9 	bne.w	10002bb0 <_etoa+0x1a8>
10002a5e:	4620      	mov	r0, r4
10002a60:	4629      	mov	r1, r5
10002a62:	2200      	movs	r2, #0
10002a64:	2300      	movs	r3, #0
10002a66:	f7ff fa5d 	bl	10001f24 <__wrap___aeabi_dcmplt>
10002a6a:	2800      	cmp	r0, #0
10002a6c:	f040 81d5 	bne.w	10002e1a <_etoa+0x412>
10002a70:	e9cd 450a 	strd	r4, r5, [sp, #40]	@ 0x28
10002a74:	e9dd 230a 	ldrd	r2, r3, [sp, #40]	@ 0x28
10002a78:	4690      	mov	r8, r2
10002a7a:	4699      	mov	r9, r3
10002a7c:	f406 6200 	and.w	r2, r6, #2048	@ 0x800
10002a80:	f416 6380 	ands.w	r3, r6, #1024	@ 0x400
10002a84:	920f      	str	r2, [sp, #60]	@ 0x3c
10002a86:	9313      	str	r3, [sp, #76]	@ 0x4c
10002a88:	f040 80a1 	bne.w	10002bce <_etoa+0x1c6>
10002a8c:	ea58 0309 	orrs.w	r3, r8, r9
10002a90:	f040 80ca 	bne.w	10002c28 <_etoa+0x220>
10002a94:	2a00      	cmp	r2, #0
10002a96:	f040 81e3 	bne.w	10002e60 <_etoa+0x458>
10002a9a:	2306      	movs	r3, #6
10002a9c:	930e      	str	r3, [sp, #56]	@ 0x38
10002a9e:	f016 0202 	ands.w	r2, r6, #2
10002aa2:	9210      	str	r2, [sp, #64]	@ 0x40
10002aa4:	f040 81d4 	bne.w	10002e50 <_etoa+0x448>
10002aa8:	4653      	mov	r3, sl
10002aaa:	2b04      	cmp	r3, #4
10002aac:	bf38      	it	cc
10002aae:	2304      	movcc	r3, #4
10002ab0:	920c      	str	r2, [sp, #48]	@ 0x30
10002ab2:	2204      	movs	r2, #4
10002ab4:	3b04      	subs	r3, #4
10002ab6:	9212      	str	r2, [sp, #72]	@ 0x48
10002ab8:	930f      	str	r3, [sp, #60]	@ 0x3c
10002aba:	4620      	mov	r0, r4
10002abc:	4629      	mov	r1, r5
10002abe:	2200      	movs	r2, #0
10002ac0:	2300      	movs	r3, #0
10002ac2:	f7ff fa2f 	bl	10001f24 <__wrap___aeabi_dcmplt>
10002ac6:	2800      	cmp	r0, #0
10002ac8:	f040 81f3 	bne.w	10002eb2 <_etoa+0x4aa>
10002acc:	ed9d 7b0a 	vldr	d7, [sp, #40]	@ 0x28
10002ad0:	9b0f      	ldr	r3, [sp, #60]	@ 0x3c
10002ad2:	465a      	mov	r2, fp
10002ad4:	9303      	str	r3, [sp, #12]
10002ad6:	9b0e      	ldr	r3, [sp, #56]	@ 0x38
10002ad8:	ed8d 7b00 	vstr	d7, [sp]
10002adc:	9302      	str	r3, [sp, #8]
10002ade:	f426 6300 	bic.w	r3, r6, #2048	@ 0x800
10002ae2:	9304      	str	r3, [sp, #16]
10002ae4:	4638      	mov	r0, r7
10002ae6:	9b09      	ldr	r3, [sp, #36]	@ 0x24
10002ae8:	9908      	ldr	r1, [sp, #32]
10002aea:	f7ff fd2d 	bl	10002548 <_ftoa>
10002aee:	4602      	mov	r2, r0
10002af0:	f016 0f20 	tst.w	r6, #32
10002af4:	9b09      	ldr	r3, [sp, #36]	@ 0x24
10002af6:	9908      	ldr	r1, [sp, #32]
10002af8:	bf0c      	ite	eq
10002afa:	2065      	moveq	r0, #101	@ 0x65
10002afc:	2045      	movne	r0, #69	@ 0x45
10002afe:	f102 0801 	add.w	r8, r2, #1
10002b02:	47b8      	blx	r7
10002b04:	9a0c      	ldr	r2, [sp, #48]	@ 0x30
10002b06:	9b12      	ldr	r3, [sp, #72]	@ 0x48
10002b08:	ac16      	add	r4, sp, #88	@ 0x58
10002b0a:	1e5d      	subs	r5, r3, #1
10002b0c:	ea82 73e2 	eor.w	r3, r2, r2, asr #31
10002b10:	eba3 73e2 	sub.w	r3, r3, r2, asr #31
10002b14:	0fd1      	lsrs	r1, r2, #31
10002b16:	2600      	movs	r6, #0
10002b18:	4622      	mov	r2, r4
10002b1a:	4699      	mov	r9, r3
10002b1c:	f8df c104 	ldr.w	ip, [pc, #260]	@ 10002c24 <_etoa+0x21c>
10002b20:	e001      	b.n	10002b26 <_etoa+0x11e>
10002b22:	2e20      	cmp	r6, #32
10002b24:	d010      	beq.n	10002b48 <_etoa+0x140>
10002b26:	46ce      	mov	lr, r9
10002b28:	fbac 3009 	umull	r3, r0, ip, r9
10002b2c:	08c0      	lsrs	r0, r0, #3
10002b2e:	eb00 0380 	add.w	r3, r0, r0, lsl #2
10002b32:	eba9 0343 	sub.w	r3, r9, r3, lsl #1
10002b36:	3330      	adds	r3, #48	@ 0x30
10002b38:	f1be 0f09 	cmp.w	lr, #9
10002b3c:	4681      	mov	r9, r0
10002b3e:	f106 0601 	add.w	r6, r6, #1
10002b42:	f802 3b01 	strb.w	r3, [r2], #1
10002b46:	d8ec      	bhi.n	10002b22 <_etoa+0x11a>
10002b48:	2305      	movs	r3, #5
10002b4a:	2000      	movs	r0, #0
10002b4c:	9306      	str	r3, [sp, #24]
10002b4e:	230a      	movs	r3, #10
10002b50:	9505      	str	r5, [sp, #20]
10002b52:	9400      	str	r4, [sp, #0]
10002b54:	9d09      	ldr	r5, [sp, #36]	@ 0x24
10002b56:	9c08      	ldr	r4, [sp, #32]
10002b58:	4642      	mov	r2, r8
10002b5a:	e9cd 3003 	strd	r3, r0, [sp, #12]
10002b5e:	e9cd 6101 	strd	r6, r1, [sp, #4]
10002b62:	462b      	mov	r3, r5
10002b64:	4621      	mov	r1, r4
10002b66:	4638      	mov	r0, r7
10002b68:	f7ff fbf8 	bl	1000235c <_ntoa_format>
10002b6c:	9a10      	ldr	r2, [sp, #64]	@ 0x40
10002b6e:	4680      	mov	r8, r0
10002b70:	b1d2      	cbz	r2, 10002ba8 <_etoa+0x1a0>
10002b72:	eba0 060b 	sub.w	r6, r0, fp
10002b76:	45b2      	cmp	sl, r6
10002b78:	d916      	bls.n	10002ba8 <_etoa+0x1a0>
10002b7a:	eb0b 0206 	add.w	r2, fp, r6
10002b7e:	462b      	mov	r3, r5
10002b80:	4621      	mov	r1, r4
10002b82:	2020      	movs	r0, #32
10002b84:	3601      	adds	r6, #1
10002b86:	47b8      	blx	r7
10002b88:	45b2      	cmp	sl, r6
10002b8a:	d8f6      	bhi.n	10002b7a <_etoa+0x172>
10002b8c:	f10b 33ff 	add.w	r3, fp, #4294967295	@ 0xffffffff
10002b90:	4453      	add	r3, sl
10002b92:	f1cb 0201 	rsb	r2, fp, #1
10002b96:	eba3 0308 	sub.w	r3, r3, r8
10002b9a:	4442      	add	r2, r8
10002b9c:	4592      	cmp	sl, r2
10002b9e:	bf38      	it	cc
10002ba0:	2300      	movcc	r3, #0
10002ba2:	f108 0801 	add.w	r8, r8, #1
10002ba6:	4498      	add	r8, r3
10002ba8:	4640      	mov	r0, r8
10002baa:	b01f      	add	sp, #124	@ 0x7c
10002bac:	e8bd 8ff0 	ldmia.w	sp!, {r4, r5, r6, r7, r8, r9, sl, fp, pc}
10002bb0:	465a      	mov	r2, fp
10002bb2:	4638      	mov	r0, r7
10002bb4:	e9cd 4528 	strd	r4, r5, [sp, #160]	@ 0xa0
10002bb8:	e9cd a62b 	strd	sl, r6, [sp, #172]	@ 0xac
10002bbc:	9c0e      	ldr	r4, [sp, #56]	@ 0x38
10002bbe:	9b09      	ldr	r3, [sp, #36]	@ 0x24
10002bc0:	9908      	ldr	r1, [sp, #32]
10002bc2:	942a      	str	r4, [sp, #168]	@ 0xa8
10002bc4:	b01f      	add	sp, #124	@ 0x7c
10002bc6:	e8bd 4ff0 	ldmia.w	sp!, {r4, r5, r6, r7, r8, r9, sl, fp, lr}
10002bca:	f7ff bcbd 	b.w	10002548 <_ftoa>
10002bce:	ea58 0309 	orrs.w	r3, r8, r9
10002bd2:	d12b      	bne.n	10002c2c <_etoa+0x224>
10002bd4:	2a00      	cmp	r2, #0
10002bd6:	f43f af62 	beq.w	10002a9e <_etoa+0x96>
10002bda:	2300      	movs	r3, #0
10002bdc:	930c      	str	r3, [sp, #48]	@ 0x30
10002bde:	9b0e      	ldr	r3, [sp, #56]	@ 0x38
10002be0:	9a0c      	ldr	r2, [sp, #48]	@ 0x30
10002be2:	4293      	cmp	r3, r2
10002be4:	f300 81b9 	bgt.w	10002f5a <_etoa+0x552>
10002be8:	f04f 0800 	mov.w	r8, #0
10002bec:	4620      	mov	r0, r4
10002bee:	4629      	mov	r1, r5
10002bf0:	2200      	movs	r2, #0
10002bf2:	2300      	movs	r3, #0
10002bf4:	f7ff f996 	bl	10001f24 <__wrap___aeabi_dcmplt>
10002bf8:	2800      	cmp	r0, #0
10002bfa:	f040 8113 	bne.w	10002e24 <_etoa+0x41c>
10002bfe:	ed9d 7b0a 	vldr	d7, [sp, #40]	@ 0x28
10002c02:	f426 6600 	bic.w	r6, r6, #2048	@ 0x800
10002c06:	f446 6680 	orr.w	r6, r6, #1024	@ 0x400
10002c0a:	ed8d 7b28 	vstr	d7, [sp, #160]	@ 0xa0
10002c0e:	465a      	mov	r2, fp
10002c10:	4638      	mov	r0, r7
10002c12:	e9cd 8a2a 	strd	r8, sl, [sp, #168]	@ 0xa8
10002c16:	9b09      	ldr	r3, [sp, #36]	@ 0x24
10002c18:	9908      	ldr	r1, [sp, #32]
10002c1a:	962c      	str	r6, [sp, #176]	@ 0xb0
10002c1c:	e7d2      	b.n	10002bc4 <_etoa+0x1bc>
10002c1e:	bf00      	nop
10002c20:	7fefffff 	.word	0x7fefffff
10002c24:	cccccccd 	.word	0xcccccccd
10002c28:	2306      	movs	r3, #6
10002c2a:	930e      	str	r3, [sp, #56]	@ 0x38
10002c2c:	f3c9 500a 	ubfx	r0, r9, #20, #11
10002c30:	f2a0 30ff 	subw	r0, r0, #1023	@ 0x3ff
10002c34:	f7ff f90a 	bl	10001e4c <__wrap___aeabi_i2d>
10002c38:	a3c1      	add	r3, pc, #772	@ (adr r3, 10002f40 <_etoa+0x538>)
10002c3a:	e9d3 2300 	ldrd	r2, r3, [r3]
10002c3e:	f7ff f883 	bl	10001d48 <__wrap___aeabi_dmul>
10002c42:	a3c1      	add	r3, pc, #772	@ (adr r3, 10002f48 <_etoa+0x540>)
10002c44:	e9d3 2300 	ldrd	r2, r3, [r3]
10002c48:	f7ff f856 	bl	10001cf8 <__wrap___aeabi_dadd>
10002c4c:	f3c9 0913 	ubfx	r9, r9, #0, #20
10002c50:	e9cd 010c 	strd	r0, r1, [sp, #48]	@ 0x30
10002c54:	f049 517f 	orr.w	r1, r9, #1069547520	@ 0x3fc00000
10002c58:	4640      	mov	r0, r8
10002c5a:	2200      	movs	r2, #0
10002c5c:	4bb2      	ldr	r3, [pc, #712]	@ (10002f28 <_etoa+0x520>)
10002c5e:	f441 1140 	orr.w	r1, r1, #3145728	@ 0x300000
10002c62:	f7ff f85d 	bl	10001d20 <__wrap___aeabi_dsub>
10002c66:	a3a4      	add	r3, pc, #656	@ (adr r3, 10002ef8 <_etoa+0x4f0>)
10002c68:	e9d3 2300 	ldrd	r2, r3, [r3]
10002c6c:	f7ff f86c 	bl	10001d48 <__wrap___aeabi_dmul>
10002c70:	4602      	mov	r2, r0
10002c72:	460b      	mov	r3, r1
10002c74:	e9dd 010c 	ldrd	r0, r1, [sp, #48]	@ 0x30
10002c78:	f7ff f83e 	bl	10001cf8 <__wrap___aeabi_dadd>
10002c7c:	f7ff f90a 	bl	10001e94 <__wrap___aeabi_d2iz>
10002c80:	900c      	str	r0, [sp, #48]	@ 0x30
10002c82:	f7ff f8e3 	bl	10001e4c <__wrap___aeabi_i2d>
10002c86:	a39e      	add	r3, pc, #632	@ (adr r3, 10002f00 <_etoa+0x4f8>)
10002c88:	e9d3 2300 	ldrd	r2, r3, [r3]
10002c8c:	4680      	mov	r8, r0
10002c8e:	4689      	mov	r9, r1
10002c90:	f7ff f85a 	bl	10001d48 <__wrap___aeabi_dmul>
10002c94:	2200      	movs	r2, #0
10002c96:	4ba5      	ldr	r3, [pc, #660]	@ (10002f2c <_etoa+0x524>)
10002c98:	f7ff f82e 	bl	10001cf8 <__wrap___aeabi_dadd>
10002c9c:	f7ff f8fa 	bl	10001e94 <__wrap___aeabi_d2iz>
10002ca0:	4603      	mov	r3, r0
10002ca2:	4649      	mov	r1, r9
10002ca4:	4640      	mov	r0, r8
10002ca6:	9312      	str	r3, [sp, #72]	@ 0x48
10002ca8:	a397      	add	r3, pc, #604	@ (adr r3, 10002f08 <_etoa+0x500>)
10002caa:	e9d3 2300 	ldrd	r2, r3, [r3]
10002cae:	f7ff f84b 	bl	10001d48 <__wrap___aeabi_dmul>
10002cb2:	4680      	mov	r8, r0
10002cb4:	9812      	ldr	r0, [sp, #72]	@ 0x48
10002cb6:	4689      	mov	r9, r1
10002cb8:	f7ff f8c8 	bl	10001e4c <__wrap___aeabi_i2d>
10002cbc:	a394      	add	r3, pc, #592	@ (adr r3, 10002f10 <_etoa+0x508>)
10002cbe:	e9d3 2300 	ldrd	r2, r3, [r3]
10002cc2:	f7ff f841 	bl	10001d48 <__wrap___aeabi_dmul>
10002cc6:	4602      	mov	r2, r0
10002cc8:	460b      	mov	r3, r1
10002cca:	4640      	mov	r0, r8
10002ccc:	4649      	mov	r1, r9
10002cce:	f7ff f827 	bl	10001d20 <__wrap___aeabi_dsub>
10002cd2:	4602      	mov	r2, r0
10002cd4:	460b      	mov	r3, r1
10002cd6:	4680      	mov	r8, r0
10002cd8:	4689      	mov	r9, r1
10002cda:	f7ff f835 	bl	10001d48 <__wrap___aeabi_dmul>
10002cde:	4642      	mov	r2, r8
10002ce0:	464b      	mov	r3, r9
10002ce2:	e9cd 0110 	strd	r0, r1, [sp, #64]	@ 0x40
10002ce6:	4640      	mov	r0, r8
10002ce8:	4649      	mov	r1, r9
10002cea:	f7ff f805 	bl	10001cf8 <__wrap___aeabi_dadd>
10002cee:	2200      	movs	r2, #0
10002cf0:	e9cd 0114 	strd	r0, r1, [sp, #80]	@ 0x50
10002cf4:	e9dd 0110 	ldrd	r0, r1, [sp, #64]	@ 0x40
10002cf8:	4b8d      	ldr	r3, [pc, #564]	@ (10002f30 <_etoa+0x528>)
10002cfa:	f7ff f84b 	bl	10001d94 <__wrap___aeabi_ddiv>
10002cfe:	2200      	movs	r2, #0
10002d00:	4b8c      	ldr	r3, [pc, #560]	@ (10002f34 <_etoa+0x52c>)
10002d02:	f7fe fff9 	bl	10001cf8 <__wrap___aeabi_dadd>
10002d06:	4602      	mov	r2, r0
10002d08:	460b      	mov	r3, r1
10002d0a:	e9dd 0110 	ldrd	r0, r1, [sp, #64]	@ 0x40
10002d0e:	f7ff f841 	bl	10001d94 <__wrap___aeabi_ddiv>
10002d12:	2200      	movs	r2, #0
10002d14:	4b88      	ldr	r3, [pc, #544]	@ (10002f38 <_etoa+0x530>)
10002d16:	f7fe ffef 	bl	10001cf8 <__wrap___aeabi_dadd>
10002d1a:	4602      	mov	r2, r0
10002d1c:	460b      	mov	r3, r1
10002d1e:	e9dd 0110 	ldrd	r0, r1, [sp, #64]	@ 0x40
10002d22:	f7ff f837 	bl	10001d94 <__wrap___aeabi_ddiv>
10002d26:	4642      	mov	r2, r8
10002d28:	464b      	mov	r3, r9
10002d2a:	4680      	mov	r8, r0
10002d2c:	4689      	mov	r9, r1
10002d2e:	2000      	movs	r0, #0
10002d30:	f04f 4180 	mov.w	r1, #1073741824	@ 0x40000000
10002d34:	f7fe fff4 	bl	10001d20 <__wrap___aeabi_dsub>
10002d38:	4602      	mov	r2, r0
10002d3a:	460b      	mov	r3, r1
10002d3c:	4640      	mov	r0, r8
10002d3e:	4649      	mov	r1, r9
10002d40:	f7fe ffda 	bl	10001cf8 <__wrap___aeabi_dadd>
10002d44:	4602      	mov	r2, r0
10002d46:	460b      	mov	r3, r1
10002d48:	e9dd 0114 	ldrd	r0, r1, [sp, #80]	@ 0x50
10002d4c:	f7ff f822 	bl	10001d94 <__wrap___aeabi_ddiv>
10002d50:	2200      	movs	r2, #0
10002d52:	4b7a      	ldr	r3, [pc, #488]	@ (10002f3c <_etoa+0x534>)
10002d54:	f7fe ffd0 	bl	10001cf8 <__wrap___aeabi_dadd>
10002d58:	9b12      	ldr	r3, [sp, #72]	@ 0x48
10002d5a:	2200      	movs	r2, #0
10002d5c:	f203 3cff 	addw	ip, r3, #1023	@ 0x3ff
10002d60:	ea4f 530c 	mov.w	r3, ip, lsl #20
10002d64:	f7fe fff0 	bl	10001d48 <__wrap___aeabi_dmul>
10002d68:	4680      	mov	r8, r0
10002d6a:	4689      	mov	r9, r1
10002d6c:	e9dd 010a 	ldrd	r0, r1, [sp, #40]	@ 0x28
10002d70:	4642      	mov	r2, r8
10002d72:	464b      	mov	r3, r9
10002d74:	f7ff f8d6 	bl	10001f24 <__wrap___aeabi_dcmplt>
10002d78:	b150      	cbz	r0, 10002d90 <_etoa+0x388>
10002d7a:	9b0c      	ldr	r3, [sp, #48]	@ 0x30
10002d7c:	4640      	mov	r0, r8
10002d7e:	3b01      	subs	r3, #1
10002d80:	4649      	mov	r1, r9
10002d82:	930c      	str	r3, [sp, #48]	@ 0x30
10002d84:	2200      	movs	r2, #0
10002d86:	4b6b      	ldr	r3, [pc, #428]	@ (10002f34 <_etoa+0x52c>)
10002d88:	f7ff f804 	bl	10001d94 <__wrap___aeabi_ddiv>
10002d8c:	4680      	mov	r8, r0
10002d8e:	4689      	mov	r9, r1
10002d90:	9a0c      	ldr	r2, [sp, #48]	@ 0x30
10002d92:	4643      	mov	r3, r8
10002d94:	3263      	adds	r2, #99	@ 0x63
10002d96:	2ac6      	cmp	r2, #198	@ 0xc6
10002d98:	f006 0202 	and.w	r2, r6, #2
10002d9c:	9210      	str	r2, [sp, #64]	@ 0x40
10002d9e:	4649      	mov	r1, r9
10002da0:	9a0f      	ldr	r2, [sp, #60]	@ 0x3c
10002da2:	d82c      	bhi.n	10002dfe <_etoa+0x3f6>
10002da4:	2a00      	cmp	r2, #0
10002da6:	d05e      	beq.n	10002e66 <_etoa+0x45e>
10002da8:	2204      	movs	r2, #4
10002daa:	9212      	str	r2, [sp, #72]	@ 0x48
10002dac:	430b      	orrs	r3, r1
10002dae:	f43f af16 	beq.w	10002bde <_etoa+0x1d6>
10002db2:	e9dd 010a 	ldrd	r0, r1, [sp, #40]	@ 0x28
10002db6:	a358      	add	r3, pc, #352	@ (adr r3, 10002f18 <_etoa+0x510>)
10002db8:	e9d3 2300 	ldrd	r2, r3, [r3]
10002dbc:	f7ff f8da 	bl	10001f74 <__wrap___aeabi_dcmpge>
10002dc0:	b148      	cbz	r0, 10002dd6 <_etoa+0x3ce>
10002dc2:	e9dd 010a 	ldrd	r0, r1, [sp, #40]	@ 0x28
10002dc6:	a356      	add	r3, pc, #344	@ (adr r3, 10002f20 <_etoa+0x518>)
10002dc8:	e9d3 2300 	ldrd	r2, r3, [r3]
10002dcc:	f7ff f8aa 	bl	10001f24 <__wrap___aeabi_dcmplt>
10002dd0:	2800      	cmp	r0, #0
10002dd2:	f47f af04 	bne.w	10002bde <_etoa+0x1d6>
10002dd6:	9b0e      	ldr	r3, [sp, #56]	@ 0x38
10002dd8:	2b00      	cmp	r3, #0
10002dda:	d050      	beq.n	10002e7e <_etoa+0x476>
10002ddc:	9a13      	ldr	r2, [sp, #76]	@ 0x4c
10002dde:	2a00      	cmp	r2, #0
10002de0:	d07d      	beq.n	10002ede <_etoa+0x4d6>
10002de2:	3b01      	subs	r3, #1
10002de4:	930e      	str	r3, [sp, #56]	@ 0x38
10002de6:	9b12      	ldr	r3, [sp, #72]	@ 0x48
10002de8:	459a      	cmp	sl, r3
10002dea:	d905      	bls.n	10002df8 <_etoa+0x3f0>
10002dec:	9b10      	ldr	r3, [sp, #64]	@ 0x40
10002dee:	2b00      	cmp	r3, #0
10002df0:	f000 80ae 	beq.w	10002f50 <_etoa+0x548>
10002df4:	2302      	movs	r3, #2
10002df6:	9310      	str	r3, [sp, #64]	@ 0x40
10002df8:	2300      	movs	r3, #0
10002dfa:	930f      	str	r3, [sp, #60]	@ 0x3c
10002dfc:	e044      	b.n	10002e88 <_etoa+0x480>
10002dfe:	bb22      	cbnz	r2, 10002e4a <_etoa+0x442>
10002e00:	f1ba 0f05 	cmp.w	sl, #5
10002e04:	d94f      	bls.n	10002ea6 <_etoa+0x49e>
10002e06:	f006 0302 	and.w	r3, r6, #2
10002e0a:	2b00      	cmp	r3, #0
10002e0c:	d149      	bne.n	10002ea2 <_etoa+0x49a>
10002e0e:	2305      	movs	r3, #5
10002e10:	9312      	str	r3, [sp, #72]	@ 0x48
10002e12:	f1aa 0305 	sub.w	r3, sl, #5
10002e16:	930f      	str	r3, [sp, #60]	@ 0x3c
10002e18:	e03a      	b.n	10002e90 <_etoa+0x488>
10002e1a:	f105 4300 	add.w	r3, r5, #2147483648	@ 0x80000000
10002e1e:	940a      	str	r4, [sp, #40]	@ 0x28
10002e20:	930b      	str	r3, [sp, #44]	@ 0x2c
10002e22:	e627      	b.n	10002a74 <_etoa+0x6c>
10002e24:	f426 6600 	bic.w	r6, r6, #2048	@ 0x800
10002e28:	f446 6680 	orr.w	r6, r6, #1024	@ 0x400
10002e2c:	4638      	mov	r0, r7
10002e2e:	962c      	str	r6, [sp, #176]	@ 0xb0
10002e30:	e9dd 670a 	ldrd	r6, r7, [sp, #40]	@ 0x28
10002e34:	4634      	mov	r4, r6
10002e36:	f107 4500 	add.w	r5, r7, #2147483648	@ 0x80000000
10002e3a:	465a      	mov	r2, fp
10002e3c:	e9cd 8a2a 	strd	r8, sl, [sp, #168]	@ 0xa8
10002e40:	e9cd 4528 	strd	r4, r5, [sp, #160]	@ 0xa0
10002e44:	9b09      	ldr	r3, [sp, #36]	@ 0x24
10002e46:	9908      	ldr	r1, [sp, #32]
10002e48:	e6bc      	b.n	10002bc4 <_etoa+0x1bc>
10002e4a:	2205      	movs	r2, #5
10002e4c:	9212      	str	r2, [sp, #72]	@ 0x48
10002e4e:	e7ad      	b.n	10002dac <_etoa+0x3a4>
10002e50:	2300      	movs	r3, #0
10002e52:	2202      	movs	r2, #2
10002e54:	e9cd 320f 	strd	r3, r2, [sp, #60]	@ 0x3c
10002e58:	2204      	movs	r2, #4
10002e5a:	930c      	str	r3, [sp, #48]	@ 0x30
10002e5c:	9212      	str	r2, [sp, #72]	@ 0x48
10002e5e:	e62c      	b.n	10002aba <_etoa+0xb2>
10002e60:	f04f 0805 	mov.w	r8, #5
10002e64:	e6c2      	b.n	10002bec <_etoa+0x1e4>
10002e66:	f1ba 0f04 	cmp.w	sl, #4
10002e6a:	d91f      	bls.n	10002eac <_etoa+0x4a4>
10002e6c:	9b10      	ldr	r3, [sp, #64]	@ 0x40
10002e6e:	2b00      	cmp	r3, #0
10002e70:	d178      	bne.n	10002f64 <_etoa+0x55c>
10002e72:	2304      	movs	r3, #4
10002e74:	9312      	str	r3, [sp, #72]	@ 0x48
10002e76:	f1aa 0304 	sub.w	r3, sl, #4
10002e7a:	930f      	str	r3, [sp, #60]	@ 0x3c
10002e7c:	e004      	b.n	10002e88 <_etoa+0x480>
10002e7e:	9b12      	ldr	r3, [sp, #72]	@ 0x48
10002e80:	459a      	cmp	sl, r3
10002e82:	d831      	bhi.n	10002ee8 <_etoa+0x4e0>
10002e84:	9b0e      	ldr	r3, [sp, #56]	@ 0x38
10002e86:	930f      	str	r3, [sp, #60]	@ 0x3c
10002e88:	9b0c      	ldr	r3, [sp, #48]	@ 0x30
10002e8a:	2b00      	cmp	r3, #0
10002e8c:	f43f ae15 	beq.w	10002aba <_etoa+0xb2>
10002e90:	e9dd 010a 	ldrd	r0, r1, [sp, #40]	@ 0x28
10002e94:	4642      	mov	r2, r8
10002e96:	464b      	mov	r3, r9
10002e98:	f7fe ff7c 	bl	10001d94 <__wrap___aeabi_ddiv>
10002e9c:	e9cd 010a 	strd	r0, r1, [sp, #40]	@ 0x28
10002ea0:	e60b      	b.n	10002aba <_etoa+0xb2>
10002ea2:	2302      	movs	r3, #2
10002ea4:	9310      	str	r3, [sp, #64]	@ 0x40
10002ea6:	2305      	movs	r3, #5
10002ea8:	9312      	str	r3, [sp, #72]	@ 0x48
10002eaa:	e7f1      	b.n	10002e90 <_etoa+0x488>
10002eac:	2304      	movs	r3, #4
10002eae:	9312      	str	r3, [sp, #72]	@ 0x48
10002eb0:	e7ea      	b.n	10002e88 <_etoa+0x480>
10002eb2:	e9dd 450a 	ldrd	r4, r5, [sp, #40]	@ 0x28
10002eb6:	46a0      	mov	r8, r4
10002eb8:	9b0f      	ldr	r3, [sp, #60]	@ 0x3c
10002eba:	f105 4900 	add.w	r9, r5, #2147483648	@ 0x80000000
10002ebe:	9303      	str	r3, [sp, #12]
10002ec0:	9b0e      	ldr	r3, [sp, #56]	@ 0x38
10002ec2:	465a      	mov	r2, fp
10002ec4:	9302      	str	r3, [sp, #8]
10002ec6:	f426 6300 	bic.w	r3, r6, #2048	@ 0x800
10002eca:	9304      	str	r3, [sp, #16]
10002ecc:	4638      	mov	r0, r7
10002ece:	e9cd 8900 	strd	r8, r9, [sp]
10002ed2:	9b09      	ldr	r3, [sp, #36]	@ 0x24
10002ed4:	9908      	ldr	r1, [sp, #32]
10002ed6:	f7ff fb37 	bl	10002548 <_ftoa>
10002eda:	4602      	mov	r2, r0
10002edc:	e608      	b.n	10002af0 <_etoa+0xe8>
10002ede:	9b12      	ldr	r3, [sp, #72]	@ 0x48
10002ee0:	459a      	cmp	sl, r3
10002ee2:	d844      	bhi.n	10002f6e <_etoa+0x566>
10002ee4:	920f      	str	r2, [sp, #60]	@ 0x3c
10002ee6:	e7cf      	b.n	10002e88 <_etoa+0x480>
10002ee8:	9b10      	ldr	r3, [sp, #64]	@ 0x40
10002eea:	b38b      	cbz	r3, 10002f50 <_etoa+0x548>
10002eec:	9b0e      	ldr	r3, [sp, #56]	@ 0x38
10002eee:	930f      	str	r3, [sp, #60]	@ 0x3c
10002ef0:	2302      	movs	r3, #2
10002ef2:	9310      	str	r3, [sp, #64]	@ 0x40
10002ef4:	e7c8      	b.n	10002e88 <_etoa+0x480>
10002ef6:	bf00      	nop
10002ef8:	636f4361 	.word	0x636f4361
10002efc:	3fd287a7 	.word	0x3fd287a7
10002f00:	0979a371 	.word	0x0979a371
10002f04:	400a934f 	.word	0x400a934f
10002f08:	bbb55516 	.word	0xbbb55516
10002f0c:	40026bb1 	.word	0x40026bb1
10002f10:	fefa39ef 	.word	0xfefa39ef
10002f14:	3fe62e42 	.word	0x3fe62e42
10002f18:	eb1c432d 	.word	0xeb1c432d
10002f1c:	3f1a36e2 	.word	0x3f1a36e2
10002f20:	00000000 	.word	0x00000000
10002f24:	412e8480 	.word	0x412e8480
10002f28:	3ff80000 	.word	0x3ff80000
10002f2c:	3fe00000 	.word	0x3fe00000
10002f30:	402c0000 	.word	0x402c0000
10002f34:	40240000 	.word	0x40240000
10002f38:	40180000 	.word	0x40180000
10002f3c:	3ff00000 	.word	0x3ff00000
10002f40:	509f79fb 	.word	0x509f79fb
10002f44:	3fd34413 	.word	0x3fd34413
10002f48:	8b60c8b3 	.word	0x8b60c8b3
10002f4c:	3fc68a28 	.word	0x3fc68a28
10002f50:	9b12      	ldr	r3, [sp, #72]	@ 0x48
10002f52:	ebaa 0303 	sub.w	r3, sl, r3
10002f56:	930f      	str	r3, [sp, #60]	@ 0x3c
10002f58:	e796      	b.n	10002e88 <_etoa+0x480>
10002f5a:	eba3 0802 	sub.w	r8, r3, r2
10002f5e:	f108 38ff 	add.w	r8, r8, #4294967295	@ 0xffffffff
10002f62:	e643      	b.n	10002bec <_etoa+0x1e4>
10002f64:	2304      	movs	r3, #4
10002f66:	9312      	str	r3, [sp, #72]	@ 0x48
10002f68:	2302      	movs	r3, #2
10002f6a:	9310      	str	r3, [sp, #64]	@ 0x40
10002f6c:	e78c      	b.n	10002e88 <_etoa+0x480>
10002f6e:	9b10      	ldr	r3, [sp, #64]	@ 0x40
10002f70:	2b00      	cmp	r3, #0
10002f72:	d0ed      	beq.n	10002f50 <_etoa+0x548>
10002f74:	2302      	movs	r3, #2
10002f76:	920f      	str	r2, [sp, #60]	@ 0x3c
10002f78:	9310      	str	r3, [sp, #64]	@ 0x40
10002f7a:	e785      	b.n	10002e88 <_etoa+0x480>

10002f7c <_vsnprintf>:
10002f7c:	e92d 4ff0 	stmdb	sp!, {r4, r5, r6, r7, r8, r9, sl, fp, lr}
10002f80:	b09b      	sub	sp, #108	@ 0x6c
10002f82:	9c24      	ldr	r4, [sp, #144]	@ 0x90
10002f84:	4d95      	ldr	r5, [pc, #596]	@ (100031dc <_vsnprintf+0x260>)
10002f86:	940a      	str	r4, [sp, #40]	@ 0x28
10002f88:	4c95      	ldr	r4, [pc, #596]	@ (100031e0 <_vsnprintf+0x264>)
10002f8a:	f1b1 0a00 	subs.w	sl, r1, #0
10002f8e:	bf18      	it	ne
10002f90:	4683      	movne	fp, r0
10002f92:	6025      	str	r5, [r4, #0]
10002f94:	7818      	ldrb	r0, [r3, #0]
10002f96:	4c93      	ldr	r4, [pc, #588]	@ (100031e4 <_vsnprintf+0x268>)
10002f98:	4691      	mov	r9, r2
10002f9a:	bf08      	it	eq
10002f9c:	46a3      	moveq	fp, r4
10002f9e:	9309      	str	r3, [sp, #36]	@ 0x24
10002fa0:	2800      	cmp	r0, #0
10002fa2:	f000 8293 	beq.w	100034cc <_vsnprintf+0x550>
10002fa6:	f04f 0800 	mov.w	r8, #0
10002faa:	e00a      	b.n	10002fc2 <_vsnprintf+0x46>
10002fac:	4642      	mov	r2, r8
10002fae:	464b      	mov	r3, r9
10002fb0:	4651      	mov	r1, sl
10002fb2:	f108 0801 	add.w	r8, r8, #1
10002fb6:	47d8      	blx	fp
10002fb8:	9b09      	ldr	r3, [sp, #36]	@ 0x24
10002fba:	7818      	ldrb	r0, [r3, #0]
10002fbc:	2800      	cmp	r0, #0
10002fbe:	f000 80ce 	beq.w	1000315e <_vsnprintf+0x1e2>
10002fc2:	9b09      	ldr	r3, [sp, #36]	@ 0x24
10002fc4:	2825      	cmp	r0, #37	@ 0x25
10002fc6:	f103 0301 	add.w	r3, r3, #1
10002fca:	9309      	str	r3, [sp, #36]	@ 0x24
10002fcc:	d1ee      	bne.n	10002fac <_vsnprintf+0x30>
10002fce:	461c      	mov	r4, r3
10002fd0:	2300      	movs	r3, #0
10002fd2:	4622      	mov	r2, r4
10002fd4:	f812 0b01 	ldrb.w	r0, [r2], #1
10002fd8:	f1a0 0120 	sub.w	r1, r0, #32
10002fdc:	2910      	cmp	r1, #16
10002fde:	d80a      	bhi.n	10002ff6 <_vsnprintf+0x7a>
10002fe0:	e8df f001 	tbb	[pc, r1]
10002fe4:	3c090940 	.word	0x3c090940
10002fe8:	09090909 	.word	0x09090909
10002fec:	38090909 	.word	0x38090909
10002ff0:	09093409 	.word	0x09093409
10002ff4:	30          	.byte	0x30
10002ff5:	00          	.byte	0x00
10002ff6:	f1a0 0130 	sub.w	r1, r0, #48	@ 0x30
10002ffa:	2909      	cmp	r1, #9
10002ffc:	9409      	str	r4, [sp, #36]	@ 0x24
10002ffe:	f240 808a 	bls.w	10003116 <_vsnprintf+0x19a>
10003002:	282a      	cmp	r0, #42	@ 0x2a
10003004:	f000 80f0 	beq.w	100031e8 <_vsnprintf+0x26c>
10003008:	2500      	movs	r5, #0
1000300a:	282e      	cmp	r0, #46	@ 0x2e
1000300c:	f000 8096 	beq.w	1000313c <_vsnprintf+0x1c0>
10003010:	2600      	movs	r6, #0
10003012:	f1a0 0168 	sub.w	r1, r0, #104	@ 0x68
10003016:	2912      	cmp	r1, #18
10003018:	d82d      	bhi.n	10003076 <_vsnprintf+0xfa>
1000301a:	e8df f011 	tbh	[pc, r1, lsl #1]
1000301e:	0149      	.short	0x0149
10003020:	0143002c 	.word	0x0143002c
10003024:	0138002c 	.word	0x0138002c
10003028:	002c002c 	.word	0x002c002c
1000302c:	002c002c 	.word	0x002c002c
10003030:	002c002c 	.word	0x002c002c
10003034:	0027002c 	.word	0x0027002c
10003038:	002c002c 	.word	0x002c002c
1000303c:	002c002c 	.word	0x002c002c
10003040:	0027002c 	.word	0x0027002c
10003044:	4614      	mov	r4, r2
10003046:	f043 0301 	orr.w	r3, r3, #1
1000304a:	e7c2      	b.n	10002fd2 <_vsnprintf+0x56>
1000304c:	4614      	mov	r4, r2
1000304e:	f043 0302 	orr.w	r3, r3, #2
10003052:	e7be      	b.n	10002fd2 <_vsnprintf+0x56>
10003054:	4614      	mov	r4, r2
10003056:	f043 0304 	orr.w	r3, r3, #4
1000305a:	e7ba      	b.n	10002fd2 <_vsnprintf+0x56>
1000305c:	4614      	mov	r4, r2
1000305e:	f043 0310 	orr.w	r3, r3, #16
10003062:	e7b6      	b.n	10002fd2 <_vsnprintf+0x56>
10003064:	4614      	mov	r4, r2
10003066:	f043 0308 	orr.w	r3, r3, #8
1000306a:	e7b2      	b.n	10002fd2 <_vsnprintf+0x56>
1000306c:	9909      	ldr	r1, [sp, #36]	@ 0x24
1000306e:	7848      	ldrb	r0, [r1, #1]
10003070:	f443 7380 	orr.w	r3, r3, #256	@ 0x100
10003074:	3201      	adds	r2, #1
10003076:	2867      	cmp	r0, #103	@ 0x67
10003078:	9209      	str	r2, [sp, #36]	@ 0x24
1000307a:	d87e      	bhi.n	1000317a <_vsnprintf+0x1fe>
1000307c:	2824      	cmp	r0, #36	@ 0x24
1000307e:	f240 80c1 	bls.w	10003204 <_vsnprintf+0x288>
10003082:	f1a0 0225 	sub.w	r2, r0, #37	@ 0x25
10003086:	2a42      	cmp	r2, #66	@ 0x42
10003088:	f200 80bc 	bhi.w	10003204 <_vsnprintf+0x288>
1000308c:	e8df f012 	tbh	[pc, r2, lsl #1]
10003090:	00ba0150 	.word	0x00ba0150
10003094:	00ba00ba 	.word	0x00ba00ba
10003098:	00ba00ba 	.word	0x00ba00ba
1000309c:	00ba00ba 	.word	0x00ba00ba
100030a0:	00ba00ba 	.word	0x00ba00ba
100030a4:	00ba00ba 	.word	0x00ba00ba
100030a8:	00ba00ba 	.word	0x00ba00ba
100030ac:	00ba00ba 	.word	0x00ba00ba
100030b0:	00ba00ba 	.word	0x00ba00ba
100030b4:	00ba00ba 	.word	0x00ba00ba
100030b8:	00ba00ba 	.word	0x00ba00ba
100030bc:	00ba00ba 	.word	0x00ba00ba
100030c0:	00ba00ba 	.word	0x00ba00ba
100030c4:	00ba00ba 	.word	0x00ba00ba
100030c8:	00ba00ba 	.word	0x00ba00ba
100030cc:	00ba00ba 	.word	0x00ba00ba
100030d0:	01370119 	.word	0x01370119
100030d4:	00ba0119 	.word	0x00ba0119
100030d8:	00ba00ba 	.word	0x00ba00ba
100030dc:	00ba00ba 	.word	0x00ba00ba
100030e0:	00ba00ba 	.word	0x00ba00ba
100030e4:	00ba00ba 	.word	0x00ba00ba
100030e8:	00ba00ba 	.word	0x00ba00ba
100030ec:	00ba00ba 	.word	0x00ba00ba
100030f0:	00ba00ba 	.word	0x00ba00ba
100030f4:	01bc00ba 	.word	0x01bc00ba
100030f8:	00ba00ba 	.word	0x00ba00ba
100030fc:	00ba00ba 	.word	0x00ba00ba
10003100:	00ba00ba 	.word	0x00ba00ba
10003104:	00ba00ba 	.word	0x00ba00ba
10003108:	01bc00ba 	.word	0x01bc00ba
1000310c:	01bc0158 	.word	0x01bc0158
10003110:	01370119 	.word	0x01370119
10003114:	0119      	.short	0x0119
10003116:	2500      	movs	r5, #0
10003118:	e000      	b.n	1000311c <_vsnprintf+0x1a0>
1000311a:	3201      	adds	r2, #1
1000311c:	eb05 0585 	add.w	r5, r5, r5, lsl #2
10003120:	eb00 0545 	add.w	r5, r0, r5, lsl #1
10003124:	7810      	ldrb	r0, [r2, #0]
10003126:	3d30      	subs	r5, #48	@ 0x30
10003128:	f1a0 0130 	sub.w	r1, r0, #48	@ 0x30
1000312c:	2909      	cmp	r1, #9
1000312e:	d9f4      	bls.n	1000311a <_vsnprintf+0x19e>
10003130:	282e      	cmp	r0, #46	@ 0x2e
10003132:	9209      	str	r2, [sp, #36]	@ 0x24
10003134:	f102 0201 	add.w	r2, r2, #1
10003138:	f47f af6a 	bne.w	10003010 <_vsnprintf+0x94>
1000313c:	9909      	ldr	r1, [sp, #36]	@ 0x24
1000313e:	f443 6380 	orr.w	r3, r3, #1024	@ 0x400
10003142:	7848      	ldrb	r0, [r1, #1]
10003144:	4611      	mov	r1, r2
10003146:	f1a0 0630 	sub.w	r6, r0, #48	@ 0x30
1000314a:	2e09      	cmp	r6, #9
1000314c:	f240 8121 	bls.w	10003392 <_vsnprintf+0x416>
10003150:	282a      	cmp	r0, #42	@ 0x2a
10003152:	f000 812f 	beq.w	100033b4 <_vsnprintf+0x438>
10003156:	9209      	str	r2, [sp, #36]	@ 0x24
10003158:	2600      	movs	r6, #0
1000315a:	3201      	adds	r2, #1
1000315c:	e759      	b.n	10003012 <_vsnprintf+0x96>
1000315e:	4644      	mov	r4, r8
10003160:	45c1      	cmp	r9, r8
10003162:	d801      	bhi.n	10003168 <_vsnprintf+0x1ec>
10003164:	f109 38ff 	add.w	r8, r9, #4294967295	@ 0xffffffff
10003168:	464b      	mov	r3, r9
1000316a:	4642      	mov	r2, r8
1000316c:	4651      	mov	r1, sl
1000316e:	2000      	movs	r0, #0
10003170:	47d8      	blx	fp
10003172:	4620      	mov	r0, r4
10003174:	b01b      	add	sp, #108	@ 0x6c
10003176:	e8bd 8ff0 	ldmia.w	sp!, {r4, r5, r6, r7, r8, r9, sl, fp, pc}
1000317a:	f1a0 0269 	sub.w	r2, r0, #105	@ 0x69
1000317e:	b2d2      	uxtb	r2, r2
10003180:	2a0f      	cmp	r2, #15
10003182:	d83f      	bhi.n	10003204 <_vsnprintf+0x288>
10003184:	2101      	movs	r1, #1
10003186:	f249 0741 	movw	r7, #36929	@ 0x9041
1000318a:	4091      	lsls	r1, r2
1000318c:	4039      	ands	r1, r7
1000318e:	f040 80f3 	bne.w	10003378 <_vsnprintf+0x3fc>
10003192:	2a0a      	cmp	r2, #10
10003194:	d03d      	beq.n	10003212 <_vsnprintf+0x296>
10003196:	2a07      	cmp	r2, #7
10003198:	d134      	bne.n	10003204 <_vsnprintf+0x288>
1000319a:	9d0a      	ldr	r5, [sp, #40]	@ 0x28
1000319c:	f855 2b04 	ldr.w	r2, [r5], #4
100031a0:	2a00      	cmp	r2, #0
100031a2:	f000 8113 	beq.w	100033cc <_vsnprintf+0x450>
100031a6:	f043 0021 	orr.w	r0, r3, #33	@ 0x21
100031aa:	ab12      	add	r3, sp, #72	@ 0x48
100031ac:	461f      	mov	r7, r3
100031ae:	930b      	str	r3, [sp, #44]	@ 0x2c
100031b0:	e003      	b.n	100031ba <_vsnprintf+0x23e>
100031b2:	2920      	cmp	r1, #32
100031b4:	f000 8114 	beq.w	100033e0 <_vsnprintf+0x464>
100031b8:	461a      	mov	r2, r3
100031ba:	f002 040f 	and.w	r4, r2, #15
100031be:	4623      	mov	r3, r4
100031c0:	2c09      	cmp	r4, #9
100031c2:	bf94      	ite	ls
100031c4:	3330      	addls	r3, #48	@ 0x30
100031c6:	3337      	addhi	r3, #55	@ 0x37
100031c8:	2a0f      	cmp	r2, #15
100031ca:	f807 3b01 	strb.w	r3, [r7], #1
100031ce:	f101 0101 	add.w	r1, r1, #1
100031d2:	ea4f 1312 	mov.w	r3, r2, lsr #4
100031d6:	d8ec      	bhi.n	100031b2 <_vsnprintf+0x236>
100031d8:	e102      	b.n	100033e0 <_vsnprintf+0x464>
100031da:	bf00      	nop
100031dc:	10002f7d 	.word	0x10002f7d
100031e0:	200029a4 	.word	0x200029a4
100031e4:	100022bd 	.word	0x100022bd
100031e8:	990a      	ldr	r1, [sp, #40]	@ 0x28
100031ea:	9809      	ldr	r0, [sp, #36]	@ 0x24
100031ec:	f851 5b04 	ldr.w	r5, [r1], #4
100031f0:	7840      	ldrb	r0, [r0, #1]
100031f2:	2d00      	cmp	r5, #0
100031f4:	e9cd 2109 	strd	r2, r1, [sp, #36]	@ 0x24
100031f8:	bfbc      	itt	lt
100031fa:	f043 0302 	orrlt.w	r3, r3, #2
100031fe:	426d      	neglt	r5, r5
10003200:	3201      	adds	r2, #1
10003202:	e702      	b.n	1000300a <_vsnprintf+0x8e>
10003204:	4642      	mov	r2, r8
10003206:	464b      	mov	r3, r9
10003208:	4651      	mov	r1, sl
1000320a:	f108 0801 	add.w	r8, r8, #1
1000320e:	47d8      	blx	fp
10003210:	e6d2      	b.n	10002fb8 <_vsnprintf+0x3c>
10003212:	990a      	ldr	r1, [sp, #40]	@ 0x28
10003214:	2e00      	cmp	r6, #0
10003216:	f851 7b04 	ldr.w	r7, [r1], #4
1000321a:	bf18      	it	ne
1000321c:	4632      	movne	r2, r6
1000321e:	7838      	ldrb	r0, [r7, #0]
10003220:	bf08      	it	eq
10003222:	f04f 32ff 	moveq.w	r2, #4294967295	@ 0xffffffff
10003226:	2800      	cmp	r0, #0
10003228:	f000 837b 	beq.w	10003922 <_vsnprintf+0x9a6>
1000322c:	18bc      	adds	r4, r7, r2
1000322e:	46a4      	mov	ip, r4
10003230:	463a      	mov	r2, r7
10003232:	e004      	b.n	1000323e <_vsnprintf+0x2c2>
10003234:	f812 4f01 	ldrb.w	r4, [r2, #1]!
10003238:	2c00      	cmp	r4, #0
1000323a:	f000 813f 	beq.w	100034bc <_vsnprintf+0x540>
1000323e:	4594      	cmp	ip, r2
10003240:	d1f8      	bne.n	10003234 <_vsnprintf+0x2b8>
10003242:	4664      	mov	r4, ip
10003244:	1be4      	subs	r4, r4, r7
10003246:	055a      	lsls	r2, r3, #21
10003248:	f140 8122 	bpl.w	10003490 <_vsnprintf+0x514>
1000324c:	42b4      	cmp	r4, r6
1000324e:	bf28      	it	cs
10003250:	4634      	movcs	r4, r6
10003252:	f013 0302 	ands.w	r3, r3, #2
10003256:	f000 8288 	beq.w	1000376a <_vsnprintf+0x7ee>
1000325a:	2302      	movs	r3, #2
1000325c:	e9cd 510a 	strd	r5, r1, [sp, #40]	@ 0x28
10003260:	4642      	mov	r2, r8
10003262:	461d      	mov	r5, r3
10003264:	4446      	add	r6, r8
10003266:	e008      	b.n	1000327a <_vsnprintf+0x2fe>
10003268:	464b      	mov	r3, r9
1000326a:	4651      	mov	r1, sl
1000326c:	47d8      	blx	fp
1000326e:	f817 0f01 	ldrb.w	r0, [r7, #1]!
10003272:	f108 0801 	add.w	r8, r8, #1
10003276:	b110      	cbz	r0, 1000327e <_vsnprintf+0x302>
10003278:	4642      	mov	r2, r8
1000327a:	4546      	cmp	r6, r8
1000327c:	d1f4      	bne.n	10003268 <_vsnprintf+0x2ec>
1000327e:	462b      	mov	r3, r5
10003280:	990b      	ldr	r1, [sp, #44]	@ 0x2c
10003282:	9d0a      	ldr	r5, [sp, #40]	@ 0x28
10003284:	2b00      	cmp	r3, #0
10003286:	f040 8141 	bne.w	1000350c <_vsnprintf+0x590>
1000328a:	910a      	str	r1, [sp, #40]	@ 0x28
1000328c:	e694      	b.n	10002fb8 <_vsnprintf+0x3c>
1000328e:	9909      	ldr	r1, [sp, #36]	@ 0x24
10003290:	7848      	ldrb	r0, [r1, #1]
10003292:	286c      	cmp	r0, #108	@ 0x6c
10003294:	f47f aeec 	bne.w	10003070 <_vsnprintf+0xf4>
10003298:	460a      	mov	r2, r1
1000329a:	7888      	ldrb	r0, [r1, #2]
1000329c:	f443 7340 	orr.w	r3, r3, #768	@ 0x300
100032a0:	3203      	adds	r2, #3
100032a2:	e6e8      	b.n	10003076 <_vsnprintf+0xfa>
100032a4:	9909      	ldr	r1, [sp, #36]	@ 0x24
100032a6:	f443 7300 	orr.w	r3, r3, #512	@ 0x200
100032aa:	7848      	ldrb	r0, [r1, #1]
100032ac:	3201      	adds	r2, #1
100032ae:	e6e2      	b.n	10003076 <_vsnprintf+0xfa>
100032b0:	9909      	ldr	r1, [sp, #36]	@ 0x24
100032b2:	7848      	ldrb	r0, [r1, #1]
100032b4:	2868      	cmp	r0, #104	@ 0x68
100032b6:	f000 8103 	beq.w	100034c0 <_vsnprintf+0x544>
100032ba:	f043 0380 	orr.w	r3, r3, #128	@ 0x80
100032be:	3201      	adds	r2, #1
100032c0:	e6d9      	b.n	10003076 <_vsnprintf+0xfa>
100032c2:	2867      	cmp	r0, #103	@ 0x67
100032c4:	f000 80d9 	beq.w	1000347a <_vsnprintf+0x4fe>
100032c8:	2847      	cmp	r0, #71	@ 0x47
100032ca:	f000 80dc 	beq.w	10003486 <_vsnprintf+0x50a>
100032ce:	2845      	cmp	r0, #69	@ 0x45
100032d0:	f000 80db 	beq.w	1000348a <_vsnprintf+0x50e>
100032d4:	e9cd 5303 	strd	r5, r3, [sp, #12]
100032d8:	9b0a      	ldr	r3, [sp, #40]	@ 0x28
100032da:	9602      	str	r6, [sp, #8]
100032dc:	3307      	adds	r3, #7
100032de:	f023 0307 	bic.w	r3, r3, #7
100032e2:	461c      	mov	r4, r3
100032e4:	4642      	mov	r2, r8
100032e6:	e8f4 6702 	ldrd	r6, r7, [r4], #8
100032ea:	464b      	mov	r3, r9
100032ec:	4651      	mov	r1, sl
100032ee:	4658      	mov	r0, fp
100032f0:	e9cd 6700 	strd	r6, r7, [sp]
100032f4:	940a      	str	r4, [sp, #40]	@ 0x28
100032f6:	f7ff fb87 	bl	10002a08 <_etoa>
100032fa:	4680      	mov	r8, r0
100032fc:	e65c      	b.n	10002fb8 <_vsnprintf+0x3c>
100032fe:	2846      	cmp	r0, #70	@ 0x46
10003300:	bf08      	it	eq
10003302:	f043 0320 	orreq.w	r3, r3, #32
10003306:	e9cd 5303 	strd	r5, r3, [sp, #12]
1000330a:	9b0a      	ldr	r3, [sp, #40]	@ 0x28
1000330c:	9602      	str	r6, [sp, #8]
1000330e:	3307      	adds	r3, #7
10003310:	f023 0307 	bic.w	r3, r3, #7
10003314:	461c      	mov	r4, r3
10003316:	4642      	mov	r2, r8
10003318:	e8f4 6702 	ldrd	r6, r7, [r4], #8
1000331c:	464b      	mov	r3, r9
1000331e:	4651      	mov	r1, sl
10003320:	4658      	mov	r0, fp
10003322:	e9cd 6700 	strd	r6, r7, [sp]
10003326:	940a      	str	r4, [sp, #40]	@ 0x28
10003328:	f7ff f90e 	bl	10002548 <_ftoa>
1000332c:	4680      	mov	r8, r0
1000332e:	e643      	b.n	10002fb8 <_vsnprintf+0x3c>
10003330:	4642      	mov	r2, r8
10003332:	464b      	mov	r3, r9
10003334:	4651      	mov	r1, sl
10003336:	2025      	movs	r0, #37	@ 0x25
10003338:	f108 0801 	add.w	r8, r8, #1
1000333c:	47d8      	blx	fp
1000333e:	e63b      	b.n	10002fb8 <_vsnprintf+0x3c>
10003340:	9a0a      	ldr	r2, [sp, #40]	@ 0x28
10003342:	0799      	lsls	r1, r3, #30
10003344:	f102 0404 	add.w	r4, r2, #4
10003348:	f108 0601 	add.w	r6, r8, #1
1000334c:	f140 80c6 	bpl.w	100034dc <_vsnprintf+0x560>
10003350:	7810      	ldrb	r0, [r2, #0]
10003352:	464b      	mov	r3, r9
10003354:	4642      	mov	r2, r8
10003356:	4651      	mov	r1, sl
10003358:	47d8      	blx	fp
1000335a:	2d01      	cmp	r5, #1
1000335c:	bf88      	it	hi
1000335e:	44a8      	addhi	r8, r5
10003360:	f240 81bd 	bls.w	100036de <_vsnprintf+0x762>
10003364:	4632      	mov	r2, r6
10003366:	464b      	mov	r3, r9
10003368:	4651      	mov	r1, sl
1000336a:	2020      	movs	r0, #32
1000336c:	3601      	adds	r6, #1
1000336e:	47d8      	blx	fp
10003370:	4546      	cmp	r6, r8
10003372:	d1f7      	bne.n	10003364 <_vsnprintf+0x3e8>
10003374:	940a      	str	r4, [sp, #40]	@ 0x28
10003376:	e61f      	b.n	10002fb8 <_vsnprintf+0x3c>
10003378:	286f      	cmp	r0, #111	@ 0x6f
1000337a:	f000 8081 	beq.w	10003480 <_vsnprintf+0x504>
1000337e:	f240 8248 	bls.w	10003812 <_vsnprintf+0x896>
10003382:	2878      	cmp	r0, #120	@ 0x78
10003384:	f000 8190 	beq.w	100036a8 <_vsnprintf+0x72c>
10003388:	270a      	movs	r7, #10
1000338a:	f023 0310 	bic.w	r3, r3, #16
1000338e:	46bc      	mov	ip, r7
10003390:	e041      	b.n	10003416 <_vsnprintf+0x49a>
10003392:	2600      	movs	r6, #0
10003394:	eb06 0686 	add.w	r6, r6, r6, lsl #2
10003398:	eb00 0046 	add.w	r0, r0, r6, lsl #1
1000339c:	f1a0 0630 	sub.w	r6, r0, #48	@ 0x30
100033a0:	f811 0f01 	ldrb.w	r0, [r1, #1]!
100033a4:	f1a0 0230 	sub.w	r2, r0, #48	@ 0x30
100033a8:	2a09      	cmp	r2, #9
100033aa:	d9f3      	bls.n	10003394 <_vsnprintf+0x418>
100033ac:	460a      	mov	r2, r1
100033ae:	9109      	str	r1, [sp, #36]	@ 0x24
100033b0:	3201      	adds	r2, #1
100033b2:	e62e      	b.n	10003012 <_vsnprintf+0x96>
100033b4:	e9dd 2109 	ldrd	r2, r1, [sp, #36]	@ 0x24
100033b8:	f851 6b04 	ldr.w	r6, [r1], #4
100033bc:	7890      	ldrb	r0, [r2, #2]
100033be:	3202      	adds	r2, #2
100033c0:	9209      	str	r2, [sp, #36]	@ 0x24
100033c2:	910a      	str	r1, [sp, #40]	@ 0x28
100033c4:	3201      	adds	r2, #1
100033c6:	ea26 76e6 	bic.w	r6, r6, r6, asr #31
100033ca:	e622      	b.n	10003012 <_vsnprintf+0x96>
100033cc:	f023 0010 	bic.w	r0, r3, #16
100033d0:	f413 6280 	ands.w	r2, r3, #1024	@ 0x400
100033d4:	f040 0021 	orr.w	r0, r0, #33	@ 0x21
100033d8:	f43f aee7 	beq.w	100031aa <_vsnprintf+0x22e>
100033dc:	ab12      	add	r3, sp, #72	@ 0x48
100033de:	930b      	str	r3, [sp, #44]	@ 0x2c
100033e0:	9b0b      	ldr	r3, [sp, #44]	@ 0x2c
100033e2:	9006      	str	r0, [sp, #24]
100033e4:	9300      	str	r3, [sp, #0]
100033e6:	2308      	movs	r3, #8
100033e8:	2010      	movs	r0, #16
100033ea:	9305      	str	r3, [sp, #20]
100033ec:	2300      	movs	r3, #0
100033ee:	4642      	mov	r2, r8
100033f0:	e9cd 3002 	strd	r3, r0, [sp, #8]
100033f4:	9101      	str	r1, [sp, #4]
100033f6:	464b      	mov	r3, r9
100033f8:	4651      	mov	r1, sl
100033fa:	4658      	mov	r0, fp
100033fc:	9604      	str	r6, [sp, #16]
100033fe:	f7fe ffad 	bl	1000235c <_ntoa_format>
10003402:	950a      	str	r5, [sp, #40]	@ 0x28
10003404:	4680      	mov	r8, r0
10003406:	e5d7      	b.n	10002fb8 <_vsnprintf+0x3c>
10003408:	2858      	cmp	r0, #88	@ 0x58
1000340a:	d062      	beq.n	100034d2 <_vsnprintf+0x556>
1000340c:	2862      	cmp	r0, #98	@ 0x62
1000340e:	f040 808f 	bne.w	10003530 <_vsnprintf+0x5b4>
10003412:	2702      	movs	r7, #2
10003414:	46bc      	mov	ip, r7
10003416:	f413 6080 	ands.w	r0, r3, #1024	@ 0x400
1000341a:	f000 80dd 	beq.w	100035d8 <_vsnprintf+0x65c>
1000341e:	f023 030d 	bic.w	r3, r3, #13
10003422:	f413 7200 	ands.w	r2, r3, #512	@ 0x200
10003426:	f040 8181 	bne.w	1000372c <_vsnprintf+0x7b0>
1000342a:	990a      	ldr	r1, [sp, #40]	@ 0x28
1000342c:	1d0f      	adds	r7, r1, #4
1000342e:	f413 7180 	ands.w	r1, r3, #256	@ 0x100
10003432:	f040 8237 	bne.w	100038a4 <_vsnprintf+0x928>
10003436:	065c      	lsls	r4, r3, #25
10003438:	9a0a      	ldr	r2, [sp, #40]	@ 0x28
1000343a:	f140 813b 	bpl.w	100036b4 <_vsnprintf+0x738>
1000343e:	7812      	ldrb	r2, [r2, #0]
10003440:	2a00      	cmp	r2, #0
10003442:	f040 814e 	bne.w	100036e2 <_vsnprintf+0x766>
10003446:	f023 0310 	bic.w	r3, r3, #16
1000344a:	2800      	cmp	r0, #0
1000344c:	f000 8149 	beq.w	100036e2 <_vsnprintf+0x766>
10003450:	4611      	mov	r1, r2
10003452:	aa12      	add	r2, sp, #72	@ 0x48
10003454:	920b      	str	r2, [sp, #44]	@ 0x2c
10003456:	e9cd 5305 	strd	r5, r3, [sp, #20]
1000345a:	e9cd c603 	strd	ip, r6, [sp, #12]
1000345e:	9101      	str	r1, [sp, #4]
10003460:	9b0b      	ldr	r3, [sp, #44]	@ 0x2c
10003462:	4642      	mov	r2, r8
10003464:	9300      	str	r3, [sp, #0]
10003466:	2300      	movs	r3, #0
10003468:	4651      	mov	r1, sl
1000346a:	9302      	str	r3, [sp, #8]
1000346c:	4658      	mov	r0, fp
1000346e:	464b      	mov	r3, r9
10003470:	f7fe ff74 	bl	1000235c <_ntoa_format>
10003474:	970a      	str	r7, [sp, #40]	@ 0x28
10003476:	4680      	mov	r8, r0
10003478:	e59e      	b.n	10002fb8 <_vsnprintf+0x3c>
1000347a:	f443 6300 	orr.w	r3, r3, #2048	@ 0x800
1000347e:	e729      	b.n	100032d4 <_vsnprintf+0x358>
10003480:	2708      	movs	r7, #8
10003482:	46bc      	mov	ip, r7
10003484:	e7c7      	b.n	10003416 <_vsnprintf+0x49a>
10003486:	f443 6300 	orr.w	r3, r3, #2048	@ 0x800
1000348a:	f043 0320 	orr.w	r3, r3, #32
1000348e:	e721      	b.n	100032d4 <_vsnprintf+0x358>
10003490:	f013 0302 	ands.w	r3, r3, #2
10003494:	f000 818e 	beq.w	100037b4 <_vsnprintf+0x838>
10003498:	2302      	movs	r3, #2
1000349a:	950a      	str	r5, [sp, #40]	@ 0x28
1000349c:	461e      	mov	r6, r3
1000349e:	460d      	mov	r5, r1
100034a0:	4642      	mov	r2, r8
100034a2:	464b      	mov	r3, r9
100034a4:	4651      	mov	r1, sl
100034a6:	47d8      	blx	fp
100034a8:	f817 0f01 	ldrb.w	r0, [r7, #1]!
100034ac:	f108 0801 	add.w	r8, r8, #1
100034b0:	2800      	cmp	r0, #0
100034b2:	d1f5      	bne.n	100034a0 <_vsnprintf+0x524>
100034b4:	4629      	mov	r1, r5
100034b6:	4633      	mov	r3, r6
100034b8:	9d0a      	ldr	r5, [sp, #40]	@ 0x28
100034ba:	e6e3      	b.n	10003284 <_vsnprintf+0x308>
100034bc:	1bd4      	subs	r4, r2, r7
100034be:	e6c2      	b.n	10003246 <_vsnprintf+0x2ca>
100034c0:	460a      	mov	r2, r1
100034c2:	7888      	ldrb	r0, [r1, #2]
100034c4:	f043 03c0 	orr.w	r3, r3, #192	@ 0xc0
100034c8:	3203      	adds	r2, #3
100034ca:	e5d4      	b.n	10003076 <_vsnprintf+0xfa>
100034cc:	4604      	mov	r4, r0
100034ce:	4680      	mov	r8, r0
100034d0:	e646      	b.n	10003160 <_vsnprintf+0x1e4>
100034d2:	2710      	movs	r7, #16
100034d4:	f043 0320 	orr.w	r3, r3, #32
100034d8:	46bc      	mov	ip, r7
100034da:	e79c      	b.n	10003416 <_vsnprintf+0x49a>
100034dc:	2d01      	cmp	r5, #1
100034de:	f240 80f8 	bls.w	100036d2 <_vsnprintf+0x756>
100034e2:	4646      	mov	r6, r8
100034e4:	f108 37ff 	add.w	r7, r8, #4294967295	@ 0xffffffff
100034e8:	442f      	add	r7, r5
100034ea:	4632      	mov	r2, r6
100034ec:	464b      	mov	r3, r9
100034ee:	4651      	mov	r1, sl
100034f0:	2020      	movs	r0, #32
100034f2:	3601      	adds	r6, #1
100034f4:	47d8      	blx	fp
100034f6:	42be      	cmp	r6, r7
100034f8:	d1f7      	bne.n	100034ea <_vsnprintf+0x56e>
100034fa:	9b0a      	ldr	r3, [sp, #40]	@ 0x28
100034fc:	4632      	mov	r2, r6
100034fe:	7818      	ldrb	r0, [r3, #0]
10003500:	4651      	mov	r1, sl
10003502:	464b      	mov	r3, r9
10003504:	47d8      	blx	fp
10003506:	44a8      	add	r8, r5
10003508:	940a      	str	r4, [sp, #40]	@ 0x28
1000350a:	e555      	b.n	10002fb8 <_vsnprintf+0x3c>
1000350c:	4646      	mov	r6, r8
1000350e:	42a5      	cmp	r5, r4
10003510:	f67f aebb 	bls.w	1000328a <_vsnprintf+0x30e>
10003514:	44a8      	add	r8, r5
10003516:	eba8 0804 	sub.w	r8, r8, r4
1000351a:	460c      	mov	r4, r1
1000351c:	4632      	mov	r2, r6
1000351e:	464b      	mov	r3, r9
10003520:	4651      	mov	r1, sl
10003522:	2020      	movs	r0, #32
10003524:	3601      	adds	r6, #1
10003526:	47d8      	blx	fp
10003528:	4546      	cmp	r6, r8
1000352a:	d1f7      	bne.n	1000351c <_vsnprintf+0x5a0>
1000352c:	4621      	mov	r1, r4
1000352e:	e6ac      	b.n	1000328a <_vsnprintf+0x30e>
10003530:	f413 6280 	ands.w	r2, r3, #1024	@ 0x400
10003534:	f000 80bb 	beq.w	100036ae <_vsnprintf+0x732>
10003538:	f44f 6280 	mov.w	r2, #1024	@ 0x400
1000353c:	f023 0c11 	bic.w	ip, r3, #17
10003540:	f41c 7700 	ands.w	r7, ip, #512	@ 0x200
10003544:	9b0a      	ldr	r3, [sp, #40]	@ 0x28
10003546:	d14a      	bne.n	100035de <_vsnprintf+0x662>
10003548:	f41c 7080 	ands.w	r0, ip, #256	@ 0x100
1000354c:	f103 0404 	add.w	r4, r3, #4
10003550:	f040 8134 	bne.w	100037bc <_vsnprintf+0x840>
10003554:	f01c 0f40 	tst.w	ip, #64	@ 0x40
10003558:	f040 80a3 	bne.w	100036a2 <_vsnprintf+0x726>
1000355c:	f01c 0f80 	tst.w	ip, #128	@ 0x80
10003560:	f000 81d3 	beq.w	1000390a <_vsnprintf+0x98e>
10003564:	f9b3 1000 	ldrsh.w	r1, [r3]
10003568:	ea81 77e1 	eor.w	r7, r1, r1, asr #31
1000356c:	eba7 77e1 	sub.w	r7, r7, r1, asr #31
10003570:	b2bf      	uxth	r7, r7
10003572:	0fcb      	lsrs	r3, r1, #31
10003574:	2900      	cmp	r1, #0
10003576:	f000 8156 	beq.w	10003826 <_vsnprintf+0x8aa>
1000357a:	463a      	mov	r2, r7
1000357c:	a912      	add	r1, sp, #72	@ 0x48
1000357e:	460f      	mov	r7, r1
10003580:	f8df e3d8 	ldr.w	lr, [pc, #984]	@ 1000395c <_vsnprintf+0x9e0>
10003584:	910b      	str	r1, [sp, #44]	@ 0x2c
10003586:	930a      	str	r3, [sp, #40]	@ 0x28
10003588:	950c      	str	r5, [sp, #48]	@ 0x30
1000358a:	e001      	b.n	10003590 <_vsnprintf+0x614>
1000358c:	2820      	cmp	r0, #32
1000358e:	d00f      	beq.n	100035b0 <_vsnprintf+0x634>
10003590:	4615      	mov	r5, r2
10003592:	fbae 1302 	umull	r1, r3, lr, r2
10003596:	08db      	lsrs	r3, r3, #3
10003598:	eb03 0183 	add.w	r1, r3, r3, lsl #2
1000359c:	eba2 0141 	sub.w	r1, r2, r1, lsl #1
100035a0:	3130      	adds	r1, #48	@ 0x30
100035a2:	2d09      	cmp	r5, #9
100035a4:	461a      	mov	r2, r3
100035a6:	f100 0001 	add.w	r0, r0, #1
100035aa:	f807 1b01 	strb.w	r1, [r7], #1
100035ae:	d8ed      	bhi.n	1000358c <_vsnprintf+0x610>
100035b0:	9b0a      	ldr	r3, [sp, #40]	@ 0x28
100035b2:	9d0c      	ldr	r5, [sp, #48]	@ 0x30
100035b4:	e9cd 5c05 	strd	r5, ip, [sp, #20]
100035b8:	e9cd 0301 	strd	r0, r3, [sp, #4]
100035bc:	9604      	str	r6, [sp, #16]
100035be:	9b0b      	ldr	r3, [sp, #44]	@ 0x2c
100035c0:	4642      	mov	r2, r8
100035c2:	9300      	str	r3, [sp, #0]
100035c4:	230a      	movs	r3, #10
100035c6:	4651      	mov	r1, sl
100035c8:	9303      	str	r3, [sp, #12]
100035ca:	4658      	mov	r0, fp
100035cc:	464b      	mov	r3, r9
100035ce:	f7fe fec5 	bl	1000235c <_ntoa_format>
100035d2:	940a      	str	r4, [sp, #40]	@ 0x28
100035d4:	4680      	mov	r8, r0
100035d6:	e4ef      	b.n	10002fb8 <_vsnprintf+0x3c>
100035d8:	f023 030c 	bic.w	r3, r3, #12
100035dc:	e721      	b.n	10003422 <_vsnprintf+0x4a6>
100035de:	3307      	adds	r3, #7
100035e0:	f023 0307 	bic.w	r3, r3, #7
100035e4:	4619      	mov	r1, r3
100035e6:	4608      	mov	r0, r1
100035e8:	685b      	ldr	r3, [r3, #4]
100035ea:	f850 1b08 	ldr.w	r1, [r0], #8
100035ee:	0fdf      	lsrs	r7, r3, #31
100035f0:	900a      	str	r0, [sp, #40]	@ 0x28
100035f2:	ea51 0003 	orrs.w	r0, r1, r3
100035f6:	d162      	bne.n	100036be <_vsnprintf+0x742>
100035f8:	2a00      	cmp	r2, #0
100035fa:	f040 819f 	bne.w	1000393c <_vsnprintf+0x9c0>
100035fe:	4613      	mov	r3, r2
10003600:	4611      	mov	r1, r2
10003602:	aa12      	add	r2, sp, #72	@ 0x48
10003604:	e9cd 750c 	strd	r7, r5, [sp, #48]	@ 0x30
10003608:	2000      	movs	r0, #0
1000360a:	4615      	mov	r5, r2
1000360c:	e9cd 680e 	strd	r6, r8, [sp, #56]	@ 0x38
10003610:	f8df e348 	ldr.w	lr, [pc, #840]	@ 1000395c <_vsnprintf+0x9e0>
10003614:	920b      	str	r2, [sp, #44]	@ 0x2c
10003616:	e001      	b.n	1000361c <_vsnprintf+0x6a0>
10003618:	2820      	cmp	r0, #32
1000361a:	d02d      	beq.n	10003678 <_vsnprintf+0x6fc>
1000361c:	185a      	adds	r2, r3, r1
1000361e:	f142 0200 	adc.w	r2, r2, #0
10003622:	fbae 7802 	umull	r7, r8, lr, r2
10003626:	f028 0703 	bic.w	r7, r8, #3
1000362a:	eb07 0798 	add.w	r7, r7, r8, lsr #2
1000362e:	1bd2      	subs	r2, r2, r7
10003630:	461e      	mov	r6, r3
10003632:	1a9b      	subs	r3, r3, r2
10003634:	f161 0700 	sbc.w	r7, r1, #0
10003638:	460c      	mov	r4, r1
1000363a:	f04f 31cc 	mov.w	r1, #3435973836	@ 0xcccccccc
1000363e:	fb01 f103 	mul.w	r1, r1, r3
10003642:	fb0e 1107 	mla	r1, lr, r7, r1
10003646:	fba3 730e 	umull	r7, r3, r3, lr
1000364a:	4419      	add	r1, r3
1000364c:	2305      	movs	r3, #5
1000364e:	f007 0801 	and.w	r8, r7, #1
10003652:	fba8 3803 	umull	r3, r8, r8, r3
10003656:	189b      	adds	r3, r3, r2
10003658:	2e0a      	cmp	r6, #10
1000365a:	f103 0330 	add.w	r3, r3, #48	@ 0x30
1000365e:	ea4f 0757 	mov.w	r7, r7, lsr #1
10003662:	f174 0400 	sbcs.w	r4, r4, #0
10003666:	f805 3b01 	strb.w	r3, [r5], #1
1000366a:	f100 0001 	add.w	r0, r0, #1
1000366e:	ea47 73c1 	orr.w	r3, r7, r1, lsl #31
10003672:	ea4f 0151 	mov.w	r1, r1, lsr #1
10003676:	d2cf      	bcs.n	10003618 <_vsnprintf+0x69c>
10003678:	e9dd 750c 	ldrd	r7, r5, [sp, #48]	@ 0x30
1000367c:	e9dd 680e 	ldrd	r6, r8, [sp, #56]	@ 0x38
10003680:	9b0b      	ldr	r3, [sp, #44]	@ 0x2c
10003682:	4642      	mov	r2, r8
10003684:	9300      	str	r3, [sp, #0]
10003686:	230a      	movs	r3, #10
10003688:	e9cd 5c05 	strd	r5, ip, [sp, #20]
1000368c:	e9cd 0701 	strd	r0, r7, [sp, #4]
10003690:	9604      	str	r6, [sp, #16]
10003692:	9303      	str	r3, [sp, #12]
10003694:	464b      	mov	r3, r9
10003696:	4651      	mov	r1, sl
10003698:	4658      	mov	r0, fp
1000369a:	f7fe fe5f 	bl	1000235c <_ntoa_format>
1000369e:	4680      	mov	r8, r0
100036a0:	e48a      	b.n	10002fb8 <_vsnprintf+0x3c>
100036a2:	7819      	ldrb	r1, [r3, #0]
100036a4:	460f      	mov	r7, r1
100036a6:	e764      	b.n	10003572 <_vsnprintf+0x5f6>
100036a8:	2710      	movs	r7, #16
100036aa:	46bc      	mov	ip, r7
100036ac:	e6b3      	b.n	10003416 <_vsnprintf+0x49a>
100036ae:	f023 0c10 	bic.w	ip, r3, #16
100036b2:	e745      	b.n	10003540 <_vsnprintf+0x5c4>
100036b4:	061c      	lsls	r4, r3, #24
100036b6:	bf4c      	ite	mi
100036b8:	8812      	ldrhmi	r2, [r2, #0]
100036ba:	6812      	ldrpl	r2, [r2, #0]
100036bc:	e6c0      	b.n	10003440 <_vsnprintf+0x4c4>
100036be:	460a      	mov	r2, r1
100036c0:	1e19      	subs	r1, r3, #0
100036c2:	db01      	blt.n	100036c8 <_vsnprintf+0x74c>
100036c4:	4613      	mov	r3, r2
100036c6:	e79c      	b.n	10003602 <_vsnprintf+0x686>
100036c8:	4252      	negs	r2, r2
100036ca:	4613      	mov	r3, r2
100036cc:	eb61 0141 	sbc.w	r1, r1, r1, lsl #1
100036d0:	e797      	b.n	10003602 <_vsnprintf+0x686>
100036d2:	4613      	mov	r3, r2
100036d4:	4651      	mov	r1, sl
100036d6:	7818      	ldrb	r0, [r3, #0]
100036d8:	4642      	mov	r2, r8
100036da:	464b      	mov	r3, r9
100036dc:	47d8      	blx	fp
100036de:	46b0      	mov	r8, r6
100036e0:	e648      	b.n	10003374 <_vsnprintf+0x3f8>
100036e2:	f013 0f20 	tst.w	r3, #32
100036e6:	bf14      	ite	ne
100036e8:	2041      	movne	r0, #65	@ 0x41
100036ea:	2061      	moveq	r0, #97	@ 0x61
100036ec:	ac12      	add	r4, sp, #72	@ 0x48
100036ee:	46a6      	mov	lr, r4
100036f0:	940b      	str	r4, [sp, #44]	@ 0x2c
100036f2:	930a      	str	r3, [sp, #40]	@ 0x28
100036f4:	f1a0 040a 	sub.w	r4, r0, #10
100036f8:	950c      	str	r5, [sp, #48]	@ 0x30
100036fa:	e002      	b.n	10003702 <_vsnprintf+0x786>
100036fc:	2920      	cmp	r1, #32
100036fe:	d012      	beq.n	10003726 <_vsnprintf+0x7aa>
10003700:	462a      	mov	r2, r5
10003702:	fbb2 f5fc 	udiv	r5, r2, ip
10003706:	fb0c 2015 	mls	r0, ip, r5, r2
1000370a:	b2c3      	uxtb	r3, r0
1000370c:	2809      	cmp	r0, #9
1000370e:	f103 0030 	add.w	r0, r3, #48	@ 0x30
10003712:	bf8a      	itet	hi
10003714:	191b      	addhi	r3, r3, r4
10003716:	b2c3      	uxtbls	r3, r0
10003718:	b2db      	uxtbhi	r3, r3
1000371a:	4562      	cmp	r2, ip
1000371c:	f80e 3b01 	strb.w	r3, [lr], #1
10003720:	f101 0101 	add.w	r1, r1, #1
10003724:	d2ea      	bcs.n	100036fc <_vsnprintf+0x780>
10003726:	9b0a      	ldr	r3, [sp, #40]	@ 0x28
10003728:	9d0c      	ldr	r5, [sp, #48]	@ 0x30
1000372a:	e694      	b.n	10003456 <_vsnprintf+0x4da>
1000372c:	9a0a      	ldr	r2, [sp, #40]	@ 0x28
1000372e:	3207      	adds	r2, #7
10003730:	f022 0207 	bic.w	r2, r2, #7
10003734:	6851      	ldr	r1, [r2, #4]
10003736:	f852 4b08 	ldr.w	r4, [r2], #8
1000373a:	468e      	mov	lr, r1
1000373c:	920a      	str	r2, [sp, #40]	@ 0x28
1000373e:	ea54 0201 	orrs.w	r2, r4, r1
10003742:	d176      	bne.n	10003832 <_vsnprintf+0x8b6>
10003744:	f023 0310 	bic.w	r3, r3, #16
10003748:	2800      	cmp	r0, #0
1000374a:	d072      	beq.n	10003832 <_vsnprintf+0x8b6>
1000374c:	2200      	movs	r2, #0
1000374e:	4611      	mov	r1, r2
10003750:	aa12      	add	r2, sp, #72	@ 0x48
10003752:	920b      	str	r2, [sp, #44]	@ 0x2c
10003754:	e9cd 5305 	strd	r5, r3, [sp, #20]
10003758:	9b0b      	ldr	r3, [sp, #44]	@ 0x2c
1000375a:	4642      	mov	r2, r8
1000375c:	9300      	str	r3, [sp, #0]
1000375e:	2300      	movs	r3, #0
10003760:	e9cd c603 	strd	ip, r6, [sp, #12]
10003764:	9101      	str	r1, [sp, #4]
10003766:	9302      	str	r3, [sp, #8]
10003768:	e794      	b.n	10003694 <_vsnprintf+0x718>
1000376a:	42a5      	cmp	r5, r4
1000376c:	bf98      	it	ls
1000376e:	3401      	addls	r4, #1
10003770:	f67f ad74 	bls.w	1000325c <_vsnprintf+0x2e0>
10003774:	f44f 6380 	mov.w	r3, #1024	@ 0x400
10003778:	e9cd 750a 	strd	r7, r5, [sp, #40]	@ 0x28
1000377c:	eb05 0208 	add.w	r2, r5, r8
10003780:	461f      	mov	r7, r3
10003782:	460d      	mov	r5, r1
10003784:	1b14      	subs	r4, r2, r4
10003786:	4642      	mov	r2, r8
10003788:	464b      	mov	r3, r9
1000378a:	4651      	mov	r1, sl
1000378c:	2020      	movs	r0, #32
1000378e:	f108 0801 	add.w	r8, r8, #1
10003792:	47d8      	blx	fp
10003794:	45a0      	cmp	r8, r4
10003796:	d1f6      	bne.n	10003786 <_vsnprintf+0x80a>
10003798:	463b      	mov	r3, r7
1000379a:	9f0a      	ldr	r7, [sp, #40]	@ 0x28
1000379c:	4629      	mov	r1, r5
1000379e:	7838      	ldrb	r0, [r7, #0]
100037a0:	9d0b      	ldr	r5, [sp, #44]	@ 0x2c
100037a2:	1c6c      	adds	r4, r5, #1
100037a4:	2800      	cmp	r0, #0
100037a6:	f43f ad70 	beq.w	1000328a <_vsnprintf+0x30e>
100037aa:	2b00      	cmp	r3, #0
100037ac:	f43f ae75 	beq.w	1000349a <_vsnprintf+0x51e>
100037b0:	2300      	movs	r3, #0
100037b2:	e553      	b.n	1000325c <_vsnprintf+0x2e0>
100037b4:	42a5      	cmp	r5, r4
100037b6:	d8df      	bhi.n	10003778 <_vsnprintf+0x7fc>
100037b8:	3401      	adds	r4, #1
100037ba:	e66e      	b.n	1000349a <_vsnprintf+0x51e>
100037bc:	6819      	ldr	r1, [r3, #0]
100037be:	0fcb      	lsrs	r3, r1, #31
100037c0:	2900      	cmp	r1, #0
100037c2:	f000 80a8 	beq.w	10003916 <_vsnprintf+0x99a>
100037c6:	ea81 72e1 	eor.w	r2, r1, r1, asr #31
100037ca:	eba2 72e1 	sub.w	r2, r2, r1, asr #31
100037ce:	a912      	add	r1, sp, #72	@ 0x48
100037d0:	4608      	mov	r0, r1
100037d2:	f8df e188 	ldr.w	lr, [pc, #392]	@ 1000395c <_vsnprintf+0x9e0>
100037d6:	910b      	str	r1, [sp, #44]	@ 0x2c
100037d8:	930a      	str	r3, [sp, #40]	@ 0x28
100037da:	950c      	str	r5, [sp, #48]	@ 0x30
100037dc:	e001      	b.n	100037e2 <_vsnprintf+0x866>
100037de:	2f20      	cmp	r7, #32
100037e0:	d00f      	beq.n	10003802 <_vsnprintf+0x886>
100037e2:	4615      	mov	r5, r2
100037e4:	fbae 1302 	umull	r1, r3, lr, r2
100037e8:	08db      	lsrs	r3, r3, #3
100037ea:	eb03 0183 	add.w	r1, r3, r3, lsl #2
100037ee:	eba2 0141 	sub.w	r1, r2, r1, lsl #1
100037f2:	3130      	adds	r1, #48	@ 0x30
100037f4:	2d09      	cmp	r5, #9
100037f6:	461a      	mov	r2, r3
100037f8:	f107 0701 	add.w	r7, r7, #1
100037fc:	f800 1b01 	strb.w	r1, [r0], #1
10003800:	d8ed      	bhi.n	100037de <_vsnprintf+0x862>
10003802:	9b0a      	ldr	r3, [sp, #40]	@ 0x28
10003804:	9d0c      	ldr	r5, [sp, #48]	@ 0x30
10003806:	e9cd 5c05 	strd	r5, ip, [sp, #20]
1000380a:	e9cd 7301 	strd	r7, r3, [sp, #4]
1000380e:	9604      	str	r6, [sp, #16]
10003810:	e6d5      	b.n	100035be <_vsnprintf+0x642>
10003812:	2869      	cmp	r0, #105	@ 0x69
10003814:	f023 0c10 	bic.w	ip, r3, #16
10003818:	f040 808c 	bne.w	10003934 <_vsnprintf+0x9b8>
1000381c:	f413 6280 	ands.w	r2, r3, #1024	@ 0x400
10003820:	f43f ae8e 	beq.w	10003540 <_vsnprintf+0x5c4>
10003824:	e688      	b.n	10003538 <_vsnprintf+0x5bc>
10003826:	2a00      	cmp	r2, #0
10003828:	f43f aea8 	beq.w	1000357c <_vsnprintf+0x600>
1000382c:	aa12      	add	r2, sp, #72	@ 0x48
1000382e:	920b      	str	r2, [sp, #44]	@ 0x2c
10003830:	e6c0      	b.n	100035b4 <_vsnprintf+0x638>
10003832:	f013 0f20 	tst.w	r3, #32
10003836:	bf14      	ite	ne
10003838:	2241      	movne	r2, #65	@ 0x41
1000383a:	2261      	moveq	r2, #97	@ 0x61
1000383c:	2000      	movs	r0, #0
1000383e:	a912      	add	r1, sp, #72	@ 0x48
10003840:	3a0a      	subs	r2, #10
10003842:	e9cd 680e 	strd	r6, r8, [sp, #56]	@ 0x38
10003846:	e9cd 350c 	strd	r3, r5, [sp, #48]	@ 0x30
1000384a:	f8cd b044 	str.w	fp, [sp, #68]	@ 0x44
1000384e:	4606      	mov	r6, r0
10003850:	4688      	mov	r8, r1
10003852:	4675      	mov	r5, lr
10003854:	4693      	mov	fp, r2
10003856:	910b      	str	r1, [sp, #44]	@ 0x2c
10003858:	f8cd c040 	str.w	ip, [sp, #64]	@ 0x40
1000385c:	e003      	b.n	10003866 <_vsnprintf+0x8ea>
1000385e:	2e20      	cmp	r6, #32
10003860:	d017      	beq.n	10003892 <_vsnprintf+0x916>
10003862:	4604      	mov	r4, r0
10003864:	460d      	mov	r5, r1
10003866:	4629      	mov	r1, r5
10003868:	463a      	mov	r2, r7
1000386a:	2300      	movs	r3, #0
1000386c:	4620      	mov	r0, r4
1000386e:	f009 fa3b 	bl	1000cce8 <____aeabi_uldivmod_veneer>
10003872:	b2d2      	uxtb	r2, r2
10003874:	2a09      	cmp	r2, #9
10003876:	f102 0330 	add.w	r3, r2, #48	@ 0x30
1000387a:	bf88      	it	hi
1000387c:	eb02 030b 	addhi.w	r3, r2, fp
10003880:	42bc      	cmp	r4, r7
10003882:	b2db      	uxtb	r3, r3
10003884:	f175 0500 	sbcs.w	r5, r5, #0
10003888:	f808 3b01 	strb.w	r3, [r8], #1
1000388c:	f106 0601 	add.w	r6, r6, #1
10003890:	d2e5      	bcs.n	1000385e <_vsnprintf+0x8e2>
10003892:	4631      	mov	r1, r6
10003894:	e9dd 350c 	ldrd	r3, r5, [sp, #48]	@ 0x30
10003898:	e9dd cb10 	ldrd	ip, fp, [sp, #64]	@ 0x40
1000389c:	f8dd 803c 	ldr.w	r8, [sp, #60]	@ 0x3c
100038a0:	9e0e      	ldr	r6, [sp, #56]	@ 0x38
100038a2:	e757      	b.n	10003754 <_vsnprintf+0x7d8>
100038a4:	990a      	ldr	r1, [sp, #40]	@ 0x28
100038a6:	6809      	ldr	r1, [r1, #0]
100038a8:	b951      	cbnz	r1, 100038c0 <_vsnprintf+0x944>
100038aa:	f023 0310 	bic.w	r3, r3, #16
100038ae:	b138      	cbz	r0, 100038c0 <_vsnprintf+0x944>
100038b0:	a912      	add	r1, sp, #72	@ 0x48
100038b2:	910b      	str	r1, [sp, #44]	@ 0x2c
100038b4:	e9cd 5305 	strd	r5, r3, [sp, #20]
100038b8:	e9cd c603 	strd	ip, r6, [sp, #12]
100038bc:	9201      	str	r2, [sp, #4]
100038be:	e5cf      	b.n	10003460 <_vsnprintf+0x4e4>
100038c0:	f013 0f20 	tst.w	r3, #32
100038c4:	bf14      	ite	ne
100038c6:	2041      	movne	r0, #65	@ 0x41
100038c8:	2061      	moveq	r0, #97	@ 0x61
100038ca:	ac12      	add	r4, sp, #72	@ 0x48
100038cc:	46a6      	mov	lr, r4
100038ce:	940b      	str	r4, [sp, #44]	@ 0x2c
100038d0:	930a      	str	r3, [sp, #40]	@ 0x28
100038d2:	f1a0 040a 	sub.w	r4, r0, #10
100038d6:	950c      	str	r5, [sp, #48]	@ 0x30
100038d8:	e002      	b.n	100038e0 <_vsnprintf+0x964>
100038da:	2a20      	cmp	r2, #32
100038dc:	d012      	beq.n	10003904 <_vsnprintf+0x988>
100038de:	4629      	mov	r1, r5
100038e0:	fbb1 f5fc 	udiv	r5, r1, ip
100038e4:	fb0c 1015 	mls	r0, ip, r5, r1
100038e8:	b2c3      	uxtb	r3, r0
100038ea:	2809      	cmp	r0, #9
100038ec:	f103 0030 	add.w	r0, r3, #48	@ 0x30
100038f0:	bf8a      	itet	hi
100038f2:	191b      	addhi	r3, r3, r4
100038f4:	b2c3      	uxtbls	r3, r0
100038f6:	b2db      	uxtbhi	r3, r3
100038f8:	4561      	cmp	r1, ip
100038fa:	f80e 3b01 	strb.w	r3, [lr], #1
100038fe:	f102 0201 	add.w	r2, r2, #1
10003902:	d2ea      	bcs.n	100038da <_vsnprintf+0x95e>
10003904:	9b0a      	ldr	r3, [sp, #40]	@ 0x28
10003906:	9d0c      	ldr	r5, [sp, #48]	@ 0x30
10003908:	e7d4      	b.n	100038b4 <_vsnprintf+0x938>
1000390a:	6819      	ldr	r1, [r3, #0]
1000390c:	ea81 77e1 	eor.w	r7, r1, r1, asr #31
10003910:	eba7 77e1 	sub.w	r7, r7, r1, asr #31
10003914:	e62d      	b.n	10003572 <_vsnprintf+0x5f6>
10003916:	2a00      	cmp	r2, #0
10003918:	f43f af59 	beq.w	100037ce <_vsnprintf+0x852>
1000391c:	aa12      	add	r2, sp, #72	@ 0x48
1000391e:	920b      	str	r2, [sp, #44]	@ 0x2c
10003920:	e771      	b.n	10003806 <_vsnprintf+0x88a>
10003922:	f413 6480 	ands.w	r4, r3, #1024	@ 0x400
10003926:	d00d      	beq.n	10003944 <_vsnprintf+0x9c8>
10003928:	f013 0402 	ands.w	r4, r3, #2
1000392c:	d012      	beq.n	10003954 <_vsnprintf+0x9d8>
1000392e:	4604      	mov	r4, r0
10003930:	4646      	mov	r6, r8
10003932:	e5ec      	b.n	1000350e <_vsnprintf+0x592>
10003934:	270a      	movs	r7, #10
10003936:	4663      	mov	r3, ip
10003938:	46bc      	mov	ip, r7
1000393a:	e56c      	b.n	10003416 <_vsnprintf+0x49a>
1000393c:	ab12      	add	r3, sp, #72	@ 0x48
1000393e:	2000      	movs	r0, #0
10003940:	930b      	str	r3, [sp, #44]	@ 0x2c
10003942:	e69d      	b.n	10003680 <_vsnprintf+0x704>
10003944:	f013 0302 	ands.w	r3, r3, #2
10003948:	f47f ade0 	bne.w	1000350c <_vsnprintf+0x590>
1000394c:	2d00      	cmp	r5, #0
1000394e:	f47f af13 	bne.w	10003778 <_vsnprintf+0x7fc>
10003952:	e49a      	b.n	1000328a <_vsnprintf+0x30e>
10003954:	2d00      	cmp	r5, #0
10003956:	f47f af0d 	bne.w	10003774 <_vsnprintf+0x7f8>
1000395a:	e496      	b.n	1000328a <_vsnprintf+0x30e>
1000395c:	cccccccd 	.word	0xcccccccd

10003960 <__wrap_sprintf>:
10003960:	b40e      	push	{r1, r2, r3}
10003962:	b510      	push	{r4, lr}
10003964:	b085      	sub	sp, #20
10003966:	ac07      	add	r4, sp, #28
10003968:	f854 3b04 	ldr.w	r3, [r4], #4
1000396c:	4601      	mov	r1, r0
1000396e:	f04f 32ff 	mov.w	r2, #4294967295	@ 0xffffffff
10003972:	9400      	str	r4, [sp, #0]
10003974:	4804      	ldr	r0, [pc, #16]	@ (10003988 <__wrap_sprintf+0x28>)
10003976:	9403      	str	r4, [sp, #12]
10003978:	f7ff fb00 	bl	10002f7c <_vsnprintf>
1000397c:	b005      	add	sp, #20
1000397e:	e8bd 4010 	ldmia.w	sp!, {r4, lr}
10003982:	b003      	add	sp, #12
10003984:	4770      	bx	lr
10003986:	bf00      	nop
10003988:	100022b5 	.word	0x100022b5

1000398c <vfctprintf>:
1000398c:	b570      	push	{r4, r5, r6, lr}
1000398e:	4694      	mov	ip, r2
10003990:	461e      	mov	r6, r3
10003992:	4605      	mov	r5, r0
10003994:	460c      	mov	r4, r1
10003996:	b084      	sub	sp, #16
10003998:	f04f 32ff 	mov.w	r2, #4294967295	@ 0xffffffff
1000399c:	4663      	mov	r3, ip
1000399e:	a902      	add	r1, sp, #8
100039a0:	9600      	str	r6, [sp, #0]
100039a2:	4803      	ldr	r0, [pc, #12]	@ (100039b0 <vfctprintf+0x24>)
100039a4:	e9cd 5402 	strd	r5, r4, [sp, #8]
100039a8:	f7ff fae8 	bl	10002f7c <_vsnprintf>
100039ac:	b004      	add	sp, #16
100039ae:	bd70      	pop	{r4, r5, r6, pc}
100039b0:	10002539 	.word	0x10002539

100039b4 <weak_raw_printf>:
100039b4:	b40f      	push	{r0, r1, r2, r3}
100039b6:	b510      	push	{r4, lr}
100039b8:	4b0e      	ldr	r3, [pc, #56]	@ (100039f4 <weak_raw_printf+0x40>)
100039ba:	b084      	sub	sp, #16
100039bc:	a906      	add	r1, sp, #24
100039be:	681c      	ldr	r4, [r3, #0]
100039c0:	f851 3b04 	ldr.w	r3, [r1], #4
100039c4:	9103      	str	r1, [sp, #12]
100039c6:	b15c      	cbz	r4, 100039e0 <weak_raw_printf+0x2c>
100039c8:	9100      	str	r1, [sp, #0]
100039ca:	f04f 32ff 	mov.w	r2, #4294967295	@ 0xffffffff
100039ce:	a902      	add	r1, sp, #8
100039d0:	4809      	ldr	r0, [pc, #36]	@ (100039f8 <weak_raw_printf+0x44>)
100039d2:	47a0      	blx	r4
100039d4:	2001      	movs	r0, #1
100039d6:	b004      	add	sp, #16
100039d8:	e8bd 4010 	ldmia.w	sp!, {r4, lr}
100039dc:	b004      	add	sp, #16
100039de:	4770      	bx	lr
100039e0:	4618      	mov	r0, r3
100039e2:	f000 fa33 	bl	10003e4c <__wrap_puts>
100039e6:	4620      	mov	r0, r4
100039e8:	b004      	add	sp, #16
100039ea:	e8bd 4010 	ldmia.w	sp!, {r4, lr}
100039ee:	b004      	add	sp, #16
100039f0:	4770      	bx	lr
100039f2:	bf00      	nop
100039f4:	200029a4 	.word	0x200029a4
100039f8:	10002531 	.word	0x10002531

100039fc <weak_raw_vprintf>:
100039fc:	b510      	push	{r4, lr}
100039fe:	4b09      	ldr	r3, [pc, #36]	@ (10003a24 <weak_raw_vprintf+0x28>)
10003a00:	b084      	sub	sp, #16
10003a02:	681c      	ldr	r4, [r3, #0]
10003a04:	b14c      	cbz	r4, 10003a1a <weak_raw_vprintf+0x1e>
10003a06:	4603      	mov	r3, r0
10003a08:	9100      	str	r1, [sp, #0]
10003a0a:	f04f 32ff 	mov.w	r2, #4294967295	@ 0xffffffff
10003a0e:	a903      	add	r1, sp, #12
10003a10:	4805      	ldr	r0, [pc, #20]	@ (10003a28 <weak_raw_vprintf+0x2c>)
10003a12:	47a0      	blx	r4
10003a14:	2001      	movs	r0, #1
10003a16:	b004      	add	sp, #16
10003a18:	bd10      	pop	{r4, pc}
10003a1a:	f000 fa17 	bl	10003e4c <__wrap_puts>
10003a1e:	4620      	mov	r0, r4
10003a20:	b004      	add	sp, #16
10003a22:	bd10      	pop	{r4, pc}
10003a24:	200029a4 	.word	0x200029a4
10003a28:	10002531 	.word	0x10002531

10003a2c <_exit>:
10003a2c:	be00      	bkpt	0x0000
10003a2e:	e7fd      	b.n	10003a2c <_exit>

10003a30 <_sbrk>:
10003a30:	4a07      	ldr	r2, [pc, #28]	@ (10003a50 <_sbrk+0x20>)
10003a32:	4603      	mov	r3, r0
10003a34:	6810      	ldr	r0, [r2, #0]
10003a36:	b138      	cbz	r0, 10003a48 <_sbrk+0x18>
10003a38:	4906      	ldr	r1, [pc, #24]	@ (10003a54 <_sbrk+0x24>)
10003a3a:	4403      	add	r3, r0
10003a3c:	428b      	cmp	r3, r1
10003a3e:	bf8c      	ite	hi
10003a40:	f04f 30ff 	movhi.w	r0, #4294967295	@ 0xffffffff
10003a44:	6013      	strls	r3, [r2, #0]
10003a46:	4770      	bx	lr
10003a48:	4903      	ldr	r1, [pc, #12]	@ (10003a58 <_sbrk+0x28>)
10003a4a:	4608      	mov	r0, r1
10003a4c:	6011      	str	r1, [r2, #0]
10003a4e:	e7f3      	b.n	10003a38 <_sbrk+0x8>
10003a50:	200025a0 	.word	0x200025a0
10003a54:	20080000 	.word	0x20080000
10003a58:	20002a28 	.word	0x20002a28

10003a5c <_read>:
10003a5c:	4603      	mov	r3, r0
10003a5e:	4608      	mov	r0, r1
10003a60:	4611      	mov	r1, r2
10003a62:	b923      	cbnz	r3, 10003a6e <_read+0x12>
10003a64:	4b03      	ldr	r3, [pc, #12]	@ (10003a74 <_read+0x18>)
10003a66:	e9d3 2300 	ldrd	r2, r3, [r3]
10003a6a:	f000 b959 	b.w	10003d20 <stdio_get_until>
10003a6e:	f04f 30ff 	mov.w	r0, #4294967295	@ 0xffffffff
10003a72:	4770      	bx	lr
10003a74:	1000d110 	.word	0x1000d110

10003a78 <_write>:
10003a78:	1e43      	subs	r3, r0, #1
10003a7a:	2b01      	cmp	r3, #1
10003a7c:	d809      	bhi.n	10003a92 <_write+0x1a>
10003a7e:	b510      	push	{r4, lr}
10003a80:	4614      	mov	r4, r2
10003a82:	4608      	mov	r0, r1
10003a84:	2301      	movs	r3, #1
10003a86:	2200      	movs	r2, #0
10003a88:	4621      	mov	r1, r4
10003a8a:	f000 f8d3 	bl	10003c34 <stdio_put_string>
10003a8e:	4620      	mov	r0, r4
10003a90:	bd10      	pop	{r4, pc}
10003a92:	f04f 30ff 	mov.w	r0, #4294967295	@ 0xffffffff
10003a96:	4770      	bx	lr

10003a98 <_close>:
10003a98:	f04f 30ff 	mov.w	r0, #4294967295	@ 0xffffffff
10003a9c:	4770      	bx	lr
10003a9e:	bf00      	nop

10003aa0 <_lseek>:
10003aa0:	f04f 30ff 	mov.w	r0, #4294967295	@ 0xffffffff
10003aa4:	4770      	bx	lr
10003aa6:	bf00      	nop

10003aa8 <_fstat>:
10003aa8:	f04f 30ff 	mov.w	r0, #4294967295	@ 0xffffffff
10003aac:	4770      	bx	lr
10003aae:	bf00      	nop

10003ab0 <_isatty>:
10003ab0:	2802      	cmp	r0, #2
10003ab2:	bf8c      	ite	hi
10003ab4:	2000      	movhi	r0, #0
10003ab6:	2001      	movls	r0, #1
10003ab8:	4770      	bx	lr
10003aba:	bf00      	nop

10003abc <exit>:
10003abc:	b508      	push	{r3, lr}
10003abe:	f7ff ffb5 	bl	10003a2c <_exit>
10003ac2:	bf00      	nop

10003ac4 <__assert_func>:
10003ac4:	469c      	mov	ip, r3
10003ac6:	4614      	mov	r4, r2
10003ac8:	b500      	push	{lr}
10003aca:	460b      	mov	r3, r1
10003acc:	4602      	mov	r2, r0
10003ace:	4661      	mov	r1, ip
10003ad0:	b083      	sub	sp, #12
10003ad2:	b144      	cbz	r4, 10003ae6 <__assert_func+0x22>
10003ad4:	4d05      	ldr	r5, [pc, #20]	@ (10003aec <__assert_func+0x28>)
10003ad6:	4806      	ldr	r0, [pc, #24]	@ (10003af0 <__assert_func+0x2c>)
10003ad8:	9401      	str	r4, [sp, #4]
10003ada:	9500      	str	r5, [sp, #0]
10003adc:	f7ff ff6a 	bl	100039b4 <weak_raw_printf>
10003ae0:	2001      	movs	r0, #1
10003ae2:	f7ff ffa3 	bl	10003a2c <_exit>
10003ae6:	4d03      	ldr	r5, [pc, #12]	@ (10003af4 <__assert_func+0x30>)
10003ae8:	462c      	mov	r4, r5
10003aea:	e7f4      	b.n	10003ad6 <__assert_func+0x12>
10003aec:	1000cee0 	.word	0x1000cee0
10003af0:	1000cef0 	.word	0x1000cef0
10003af4:	1000cdb4 	.word	0x1000cdb4

10003af8 <runtime_init>:
10003af8:	b538      	push	{r3, r4, r5, lr}
10003afa:	4c06      	ldr	r4, [pc, #24]	@ (10003b14 <runtime_init+0x1c>)
10003afc:	4d06      	ldr	r5, [pc, #24]	@ (10003b18 <runtime_init+0x20>)
10003afe:	f7fd ffef 	bl	10001ae0 <runtime_run_initializers>
10003b02:	42ac      	cmp	r4, r5
10003b04:	d204      	bcs.n	10003b10 <runtime_init+0x18>
10003b06:	f854 3b04 	ldr.w	r3, [r4], #4
10003b0a:	4798      	blx	r3
10003b0c:	42ac      	cmp	r4, r5
10003b0e:	d3fa      	bcc.n	10003b06 <runtime_init+0xe>
10003b10:	bd38      	pop	{r3, r4, r5, pc}
10003b12:	bf00      	nop
10003b14:	1000cd58 	.word	0x1000cd58
10003b18:	1000cd60 	.word	0x1000cd60

10003b1c <stdio_out_chars_no_crlf>:
10003b1c:	6803      	ldr	r3, [r0, #0]
10003b1e:	4608      	mov	r0, r1
10003b20:	4611      	mov	r1, r2
10003b22:	4718      	bx	r3

10003b24 <stdio_out_chars_crlf>:
10003b24:	e92d 41f0 	stmdb	sp!, {r4, r5, r6, r7, r8, lr}
10003b28:	4615      	mov	r5, r2
10003b2a:	7d42      	ldrb	r2, [r0, #21]
10003b2c:	4607      	mov	r7, r0
10003b2e:	4688      	mov	r8, r1
10003b30:	2a00      	cmp	r2, #0
10003b32:	d046      	beq.n	10003bc2 <stdio_out_chars_crlf+0x9e>
10003b34:	2d00      	cmp	r5, #0
10003b36:	dd1d      	ble.n	10003b74 <stdio_out_chars_crlf+0x50>
10003b38:	780b      	ldrb	r3, [r1, #0]
10003b3a:	2b0a      	cmp	r3, #10
10003b3c:	d023      	beq.n	10003b86 <stdio_out_chars_crlf+0x62>
10003b3e:	2d01      	cmp	r5, #1
10003b40:	f04f 0c00 	mov.w	ip, #0
10003b44:	d018      	beq.n	10003b78 <stdio_out_chars_crlf+0x54>
10003b46:	4646      	mov	r6, r8
10003b48:	2401      	movs	r4, #1
10003b4a:	f816 2f01 	ldrb.w	r2, [r6, #1]!
10003b4e:	4621      	mov	r1, r4
10003b50:	2a0a      	cmp	r2, #10
10003b52:	f104 0401 	add.w	r4, r4, #1
10003b56:	d022      	beq.n	10003b9e <stdio_out_chars_crlf+0x7a>
10003b58:	42a5      	cmp	r5, r4
10003b5a:	d1f6      	bne.n	10003b4a <stdio_out_chars_crlf+0x26>
10003b5c:	4565      	cmp	r5, ip
10003b5e:	dc0b      	bgt.n	10003b78 <stdio_out_chars_crlf+0x54>
10003b60:	eb08 0305 	add.w	r3, r8, r5
10003b64:	f813 3c01 	ldrb.w	r3, [r3, #-1]
10003b68:	f1a3 030d 	sub.w	r3, r3, #13
10003b6c:	fab3 f383 	clz	r3, r3
10003b70:	095b      	lsrs	r3, r3, #5
10003b72:	753b      	strb	r3, [r7, #20]
10003b74:	e8bd 81f0 	ldmia.w	sp!, {r4, r5, r6, r7, r8, pc}
10003b78:	683b      	ldr	r3, [r7, #0]
10003b7a:	eba5 010c 	sub.w	r1, r5, ip
10003b7e:	eb08 000c 	add.w	r0, r8, ip
10003b82:	4798      	blx	r3
10003b84:	e7ec      	b.n	10003b60 <stdio_out_chars_crlf+0x3c>
10003b86:	7d03      	ldrb	r3, [r0, #20]
10003b88:	2b00      	cmp	r3, #0
10003b8a:	d1d8      	bne.n	10003b3e <stdio_out_chars_crlf+0x1a>
10003b8c:	6803      	ldr	r3, [r0, #0]
10003b8e:	2102      	movs	r1, #2
10003b90:	480f      	ldr	r0, [pc, #60]	@ (10003bd0 <stdio_out_chars_crlf+0xac>)
10003b92:	4798      	blx	r3
10003b94:	2d01      	cmp	r5, #1
10003b96:	d0e3      	beq.n	10003b60 <stdio_out_chars_crlf+0x3c>
10003b98:	f04f 0c01 	mov.w	ip, #1
10003b9c:	e7d3      	b.n	10003b46 <stdio_out_chars_crlf+0x22>
10003b9e:	f816 3c01 	ldrb.w	r3, [r6, #-1]
10003ba2:	2b0d      	cmp	r3, #13
10003ba4:	d0d8      	beq.n	10003b58 <stdio_out_chars_crlf+0x34>
10003ba6:	458c      	cmp	ip, r1
10003ba8:	eb08 000c 	add.w	r0, r8, ip
10003bac:	eba1 010c 	sub.w	r1, r1, ip
10003bb0:	da01      	bge.n	10003bb6 <stdio_out_chars_crlf+0x92>
10003bb2:	683b      	ldr	r3, [r7, #0]
10003bb4:	4798      	blx	r3
10003bb6:	2102      	movs	r1, #2
10003bb8:	4805      	ldr	r0, [pc, #20]	@ (10003bd0 <stdio_out_chars_crlf+0xac>)
10003bba:	683b      	ldr	r3, [r7, #0]
10003bbc:	4798      	blx	r3
10003bbe:	46a4      	mov	ip, r4
10003bc0:	e7ca      	b.n	10003b58 <stdio_out_chars_crlf+0x34>
10003bc2:	4629      	mov	r1, r5
10003bc4:	4640      	mov	r0, r8
10003bc6:	683b      	ldr	r3, [r7, #0]
10003bc8:	e8bd 41f0 	ldmia.w	sp!, {r4, r5, r6, r7, r8, lr}
10003bcc:	4718      	bx	r3
10003bce:	bf00      	nop
10003bd0:	1000d1c8 	.word	0x1000d1c8

10003bd4 <stdio_buffered_printer>:
10003bd4:	680b      	ldr	r3, [r1, #0]
10003bd6:	e92d 41f0 	stmdb	sp!, {r4, r5, r6, r7, r8, lr}
10003bda:	2b80      	cmp	r3, #128	@ 0x80
10003bdc:	460d      	mov	r5, r1
10003bde:	4606      	mov	r6, r0
10003be0:	d005      	beq.n	10003bee <stdio_buffered_printer+0x1a>
10003be2:	1c5a      	adds	r2, r3, #1
10003be4:	442b      	add	r3, r5
10003be6:	602a      	str	r2, [r5, #0]
10003be8:	711e      	strb	r6, [r3, #4]
10003bea:	e8bd 81f0 	ldmia.w	sp!, {r4, r5, r6, r7, r8, pc}
10003bee:	4b0f      	ldr	r3, [pc, #60]	@ (10003c2c <stdio_buffered_printer+0x58>)
10003bf0:	681c      	ldr	r4, [r3, #0]
10003bf2:	b1a4      	cbz	r4, 10003c1e <stdio_buffered_printer+0x4a>
10003bf4:	4f0e      	ldr	r7, [pc, #56]	@ (10003c30 <stdio_buffered_printer+0x5c>)
10003bf6:	f101 0804 	add.w	r8, r1, #4
10003bfa:	e001      	b.n	10003c00 <stdio_buffered_printer+0x2c>
10003bfc:	6924      	ldr	r4, [r4, #16]
10003bfe:	b174      	cbz	r4, 10003c1e <stdio_buffered_printer+0x4a>
10003c00:	6823      	ldr	r3, [r4, #0]
10003c02:	2b00      	cmp	r3, #0
10003c04:	d0fa      	beq.n	10003bfc <stdio_buffered_printer+0x28>
10003c06:	683b      	ldr	r3, [r7, #0]
10003c08:	b10b      	cbz	r3, 10003c0e <stdio_buffered_printer+0x3a>
10003c0a:	42a3      	cmp	r3, r4
10003c0c:	d1f6      	bne.n	10003bfc <stdio_buffered_printer+0x28>
10003c0e:	4620      	mov	r0, r4
10003c10:	4641      	mov	r1, r8
10003c12:	682a      	ldr	r2, [r5, #0]
10003c14:	f7ff ff86 	bl	10003b24 <stdio_out_chars_crlf>
10003c18:	6924      	ldr	r4, [r4, #16]
10003c1a:	2c00      	cmp	r4, #0
10003c1c:	d1f0      	bne.n	10003c00 <stdio_buffered_printer+0x2c>
10003c1e:	2300      	movs	r3, #0
10003c20:	2201      	movs	r2, #1
10003c22:	442b      	add	r3, r5
10003c24:	602a      	str	r2, [r5, #0]
10003c26:	711e      	strb	r6, [r3, #4]
10003c28:	e8bd 81f0 	ldmia.w	sp!, {r4, r5, r6, r7, r8, pc}
10003c2c:	20002590 	.word	0x20002590
10003c30:	2000259c 	.word	0x2000259c

10003c34 <stdio_put_string>:
10003c34:	e92d 47f0 	stmdb	sp!, {r4, r5, r6, r7, r8, r9, sl, lr}
10003c38:	b082      	sub	sp, #8
10003c3a:	460d      	mov	r5, r1
10003c3c:	4691      	mov	r9, r2
10003c3e:	461c      	mov	r4, r3
10003c40:	4606      	mov	r6, r0
10003c42:	f7fd fd8b 	bl	1000175c <time_us_64>
10003c46:	f04f 3cff 	mov.w	ip, #4294967295	@ 0xffffffff
10003c4a:	f06f 4700 	mvn.w	r7, #2147483648	@ 0x80000000
10003c4e:	4a2e      	ldr	r2, [pc, #184]	@ (10003d08 <stdio_put_string+0xd4>)
10003c50:	1882      	adds	r2, r0, r2
10003c52:	f141 0300 	adc.w	r3, r1, #0
10003c56:	4594      	cmp	ip, r2
10003c58:	eb77 0103 	sbcs.w	r1, r7, r3
10003c5c:	bf3c      	itt	cc
10003c5e:	4662      	movcc	r2, ip
10003c60:	463b      	movcc	r3, r7
10003c62:	482a      	ldr	r0, [pc, #168]	@ (10003d0c <stdio_put_string+0xd8>)
10003c64:	f009 f850 	bl	1000cd08 <__mutex_try_enter_block_until_veneer>
10003c68:	1c6b      	adds	r3, r5, #1
10003c6a:	4680      	mov	r8, r0
10003c6c:	d040      	beq.n	10003cf0 <stdio_put_string+0xbc>
10003c6e:	b30c      	cbz	r4, 10003cb4 <stdio_put_string+0x80>
10003c70:	4f27      	ldr	r7, [pc, #156]	@ (10003d10 <stdio_put_string+0xdc>)
10003c72:	4b28      	ldr	r3, [pc, #160]	@ (10003d14 <stdio_put_string+0xe0>)
10003c74:	681c      	ldr	r4, [r3, #0]
10003c76:	b1b4      	cbz	r4, 10003ca6 <stdio_put_string+0x72>
10003c78:	f1b9 0f00 	cmp.w	r9, #0
10003c7c:	d11c      	bne.n	10003cb8 <stdio_put_string+0x84>
10003c7e:	f8df 909c 	ldr.w	r9, [pc, #156]	@ 10003d1c <stdio_put_string+0xe8>
10003c82:	e001      	b.n	10003c88 <stdio_put_string+0x54>
10003c84:	6924      	ldr	r4, [r4, #16]
10003c86:	b174      	cbz	r4, 10003ca6 <stdio_put_string+0x72>
10003c88:	6823      	ldr	r3, [r4, #0]
10003c8a:	2b00      	cmp	r3, #0
10003c8c:	d0fa      	beq.n	10003c84 <stdio_put_string+0x50>
10003c8e:	f8d9 3000 	ldr.w	r3, [r9]
10003c92:	b10b      	cbz	r3, 10003c98 <stdio_put_string+0x64>
10003c94:	429c      	cmp	r4, r3
10003c96:	d1f5      	bne.n	10003c84 <stdio_put_string+0x50>
10003c98:	4620      	mov	r0, r4
10003c9a:	462a      	mov	r2, r5
10003c9c:	4631      	mov	r1, r6
10003c9e:	47b8      	blx	r7
10003ca0:	6924      	ldr	r4, [r4, #16]
10003ca2:	2c00      	cmp	r4, #0
10003ca4:	d1f0      	bne.n	10003c88 <stdio_put_string+0x54>
10003ca6:	f1b8 0f00 	cmp.w	r8, #0
10003caa:	d126      	bne.n	10003cfa <stdio_put_string+0xc6>
10003cac:	4628      	mov	r0, r5
10003cae:	b002      	add	sp, #8
10003cb0:	e8bd 87f0 	ldmia.w	sp!, {r4, r5, r6, r7, r8, r9, sl, pc}
10003cb4:	4f18      	ldr	r7, [pc, #96]	@ (10003d18 <stdio_put_string+0xe4>)
10003cb6:	e7dc      	b.n	10003c72 <stdio_put_string+0x3e>
10003cb8:	f04f 0a0a 	mov.w	sl, #10
10003cbc:	f8df 905c 	ldr.w	r9, [pc, #92]	@ 10003d1c <stdio_put_string+0xe8>
10003cc0:	e002      	b.n	10003cc8 <stdio_put_string+0x94>
10003cc2:	6924      	ldr	r4, [r4, #16]
10003cc4:	2c00      	cmp	r4, #0
10003cc6:	d0ee      	beq.n	10003ca6 <stdio_put_string+0x72>
10003cc8:	6823      	ldr	r3, [r4, #0]
10003cca:	2b00      	cmp	r3, #0
10003ccc:	d0f9      	beq.n	10003cc2 <stdio_put_string+0x8e>
10003cce:	f8d9 3000 	ldr.w	r3, [r9]
10003cd2:	b10b      	cbz	r3, 10003cd8 <stdio_put_string+0xa4>
10003cd4:	42a3      	cmp	r3, r4
10003cd6:	d1f4      	bne.n	10003cc2 <stdio_put_string+0x8e>
10003cd8:	462a      	mov	r2, r5
10003cda:	4631      	mov	r1, r6
10003cdc:	4620      	mov	r0, r4
10003cde:	47b8      	blx	r7
10003ce0:	2201      	movs	r2, #1
10003ce2:	4620      	mov	r0, r4
10003ce4:	f10d 0107 	add.w	r1, sp, #7
10003ce8:	f88d a007 	strb.w	sl, [sp, #7]
10003cec:	47b8      	blx	r7
10003cee:	e7e8      	b.n	10003cc2 <stdio_put_string+0x8e>
10003cf0:	4630      	mov	r0, r6
10003cf2:	f003 fc01 	bl	100074f8 <strlen>
10003cf6:	4605      	mov	r5, r0
10003cf8:	e7b9      	b.n	10003c6e <stdio_put_string+0x3a>
10003cfa:	4804      	ldr	r0, [pc, #16]	@ (10003d0c <stdio_put_string+0xd8>)
10003cfc:	f008 fff8 	bl	1000ccf0 <__mutex_exit_veneer>
10003d00:	4628      	mov	r0, r5
10003d02:	b002      	add	sp, #8
10003d04:	e8bd 87f0 	ldmia.w	sp!, {r4, r5, r6, r7, r8, r9, sl, pc}
10003d08:	000f4240 	.word	0x000f4240
10003d0c:	20001c68 	.word	0x20001c68
10003d10:	10003b25 	.word	0x10003b25
10003d14:	20002590 	.word	0x20002590
10003d18:	10003b1d 	.word	0x10003b1d
10003d1c:	2000259c 	.word	0x2000259c

10003d20 <stdio_get_until>:
10003d20:	e92d 4ff0 	stmdb	sp!, {r4, r5, r6, r7, r8, r9, sl, fp, lr}
10003d24:	4698      	mov	r8, r3
10003d26:	4607      	mov	r7, r0
10003d28:	460e      	mov	r6, r1
10003d2a:	b083      	sub	sp, #12
10003d2c:	f8df b060 	ldr.w	fp, [pc, #96]	@ 10003d90 <stdio_get_until+0x70>
10003d30:	f8df 9060 	ldr.w	r9, [pc, #96]	@ 10003d94 <stdio_get_until+0x74>
10003d34:	f8df a060 	ldr.w	sl, [pc, #96]	@ 10003d98 <stdio_get_until+0x78>
10003d38:	9201      	str	r2, [sp, #4]
10003d3a:	f8db 4000 	ldr.w	r4, [fp]
10003d3e:	b914      	cbnz	r4, 10003d46 <stdio_get_until+0x26>
10003d40:	e011      	b.n	10003d66 <stdio_get_until+0x46>
10003d42:	6924      	ldr	r4, [r4, #16]
10003d44:	b17c      	cbz	r4, 10003d66 <stdio_get_until+0x46>
10003d46:	f8d9 5000 	ldr.w	r5, [r9]
10003d4a:	b10d      	cbz	r5, 10003d50 <stdio_get_until+0x30>
10003d4c:	42a5      	cmp	r5, r4
10003d4e:	d1f8      	bne.n	10003d42 <stdio_get_until+0x22>
10003d50:	68a2      	ldr	r2, [r4, #8]
10003d52:	2a00      	cmp	r2, #0
10003d54:	d0f5      	beq.n	10003d42 <stdio_get_until+0x22>
10003d56:	4631      	mov	r1, r6
10003d58:	4638      	mov	r0, r7
10003d5a:	4790      	blx	r2
10003d5c:	2800      	cmp	r0, #0
10003d5e:	ddf0      	ble.n	10003d42 <stdio_get_until+0x22>
10003d60:	b003      	add	sp, #12
10003d62:	e8bd 8ff0 	ldmia.w	sp!, {r4, r5, r6, r7, r8, r9, sl, fp, pc}
10003d66:	f8da 2024 	ldr.w	r2, [sl, #36]	@ 0x24
10003d6a:	4590      	cmp	r8, r2
10003d6c:	d80b      	bhi.n	10003d86 <stdio_get_until+0x66>
10003d6e:	f8da 1028 	ldr.w	r1, [sl, #40]	@ 0x28
10003d72:	9b01      	ldr	r3, [sp, #4]
10003d74:	4299      	cmp	r1, r3
10003d76:	d304      	bcc.n	10003d82 <stdio_get_until+0x62>
10003d78:	f06f 0001 	mvn.w	r0, #1
10003d7c:	b003      	add	sp, #12
10003d7e:	e8bd 8ff0 	ldmia.w	sp!, {r4, r5, r6, r7, r8, r9, sl, fp, pc}
10003d82:	4590      	cmp	r8, r2
10003d84:	d1f8      	bne.n	10003d78 <stdio_get_until+0x58>
10003d86:	2001      	movs	r0, #1
10003d88:	2100      	movs	r1, #0
10003d8a:	f7fd fcf1 	bl	10001770 <busy_wait_us>
10003d8e:	e7d4      	b.n	10003d3a <stdio_get_until+0x1a>
10003d90:	20002590 	.word	0x20002590
10003d94:	2000259c 	.word	0x2000259c
10003d98:	400b0000 	.word	0x400b0000

10003d9c <stdio_set_driver_enabled>:
10003d9c:	4a08      	ldr	r2, [pc, #32]	@ (10003dc0 <stdio_set_driver_enabled+0x24>)
10003d9e:	6813      	ldr	r3, [r2, #0]
10003da0:	b923      	cbnz	r3, 10003dac <stdio_set_driver_enabled+0x10>
10003da2:	e00a      	b.n	10003dba <stdio_set_driver_enabled+0x1e>
10003da4:	f103 0210 	add.w	r2, r3, #16
10003da8:	691b      	ldr	r3, [r3, #16]
10003daa:	b133      	cbz	r3, 10003dba <stdio_set_driver_enabled+0x1e>
10003dac:	4283      	cmp	r3, r0
10003dae:	d1f9      	bne.n	10003da4 <stdio_set_driver_enabled+0x8>
10003db0:	b929      	cbnz	r1, 10003dbe <stdio_set_driver_enabled+0x22>
10003db2:	6918      	ldr	r0, [r3, #16]
10003db4:	6010      	str	r0, [r2, #0]
10003db6:	6119      	str	r1, [r3, #16]
10003db8:	4770      	bx	lr
10003dba:	b101      	cbz	r1, 10003dbe <stdio_set_driver_enabled+0x22>
10003dbc:	6010      	str	r0, [r2, #0]
10003dbe:	4770      	bx	lr
10003dc0:	20002590 	.word	0x20002590

10003dc4 <stdio_init_all>:
10003dc4:	f000 bade 	b.w	10004384 <stdio_usb_init>

10003dc8 <__wrap_putchar>:
10003dc8:	b5f0      	push	{r4, r5, r6, r7, lr}
10003dca:	b083      	sub	sp, #12
10003dcc:	4606      	mov	r6, r0
10003dce:	f88d 0007 	strb.w	r0, [sp, #7]
10003dd2:	f7fd fcc3 	bl	1000175c <time_us_64>
10003dd6:	f04f 35ff 	mov.w	r5, #4294967295	@ 0xffffffff
10003dda:	f06f 4400 	mvn.w	r4, #2147483648	@ 0x80000000
10003dde:	4a17      	ldr	r2, [pc, #92]	@ (10003e3c <__wrap_putchar+0x74>)
10003de0:	1882      	adds	r2, r0, r2
10003de2:	f141 0300 	adc.w	r3, r1, #0
10003de6:	4295      	cmp	r5, r2
10003de8:	eb74 0103 	sbcs.w	r1, r4, r3
10003dec:	bf3c      	itt	cc
10003dee:	4623      	movcc	r3, r4
10003df0:	462a      	movcc	r2, r5
10003df2:	4813      	ldr	r0, [pc, #76]	@ (10003e40 <__wrap_putchar+0x78>)
10003df4:	f008 ff88 	bl	1000cd08 <__mutex_try_enter_block_until_veneer>
10003df8:	4b12      	ldr	r3, [pc, #72]	@ (10003e44 <__wrap_putchar+0x7c>)
10003dfa:	4607      	mov	r7, r0
10003dfc:	681c      	ldr	r4, [r3, #0]
10003dfe:	b19c      	cbz	r4, 10003e28 <__wrap_putchar+0x60>
10003e00:	4d11      	ldr	r5, [pc, #68]	@ (10003e48 <__wrap_putchar+0x80>)
10003e02:	e001      	b.n	10003e08 <__wrap_putchar+0x40>
10003e04:	6924      	ldr	r4, [r4, #16]
10003e06:	b17c      	cbz	r4, 10003e28 <__wrap_putchar+0x60>
10003e08:	6823      	ldr	r3, [r4, #0]
10003e0a:	2b00      	cmp	r3, #0
10003e0c:	d0fa      	beq.n	10003e04 <__wrap_putchar+0x3c>
10003e0e:	682b      	ldr	r3, [r5, #0]
10003e10:	b10b      	cbz	r3, 10003e16 <__wrap_putchar+0x4e>
10003e12:	429c      	cmp	r4, r3
10003e14:	d1f6      	bne.n	10003e04 <__wrap_putchar+0x3c>
10003e16:	4620      	mov	r0, r4
10003e18:	2201      	movs	r2, #1
10003e1a:	f10d 0107 	add.w	r1, sp, #7
10003e1e:	f7ff fe81 	bl	10003b24 <stdio_out_chars_crlf>
10003e22:	6924      	ldr	r4, [r4, #16]
10003e24:	2c00      	cmp	r4, #0
10003e26:	d1ef      	bne.n	10003e08 <__wrap_putchar+0x40>
10003e28:	b917      	cbnz	r7, 10003e30 <__wrap_putchar+0x68>
10003e2a:	4630      	mov	r0, r6
10003e2c:	b003      	add	sp, #12
10003e2e:	bdf0      	pop	{r4, r5, r6, r7, pc}
10003e30:	4803      	ldr	r0, [pc, #12]	@ (10003e40 <__wrap_putchar+0x78>)
10003e32:	f008 ff5d 	bl	1000ccf0 <__mutex_exit_veneer>
10003e36:	4630      	mov	r0, r6
10003e38:	b003      	add	sp, #12
10003e3a:	bdf0      	pop	{r4, r5, r6, r7, pc}
10003e3c:	000f4240 	.word	0x000f4240
10003e40:	20001c68 	.word	0x20001c68
10003e44:	20002590 	.word	0x20002590
10003e48:	2000259c 	.word	0x2000259c

10003e4c <__wrap_puts>:
10003e4c:	b538      	push	{r3, r4, r5, lr}
10003e4e:	4604      	mov	r4, r0
10003e50:	f003 fb52 	bl	100074f8 <strlen>
10003e54:	2301      	movs	r3, #1
10003e56:	4605      	mov	r5, r0
10003e58:	461a      	mov	r2, r3
10003e5a:	4620      	mov	r0, r4
10003e5c:	4629      	mov	r1, r5
10003e5e:	f7ff fee9 	bl	10003c34 <stdio_put_string>
10003e62:	4b08      	ldr	r3, [pc, #32]	@ (10003e84 <__wrap_puts+0x38>)
10003e64:	681c      	ldr	r4, [r3, #0]
10003e66:	b12c      	cbz	r4, 10003e74 <__wrap_puts+0x28>
10003e68:	6863      	ldr	r3, [r4, #4]
10003e6a:	b12b      	cbz	r3, 10003e78 <__wrap_puts+0x2c>
10003e6c:	4798      	blx	r3
10003e6e:	6924      	ldr	r4, [r4, #16]
10003e70:	2c00      	cmp	r4, #0
10003e72:	d1f9      	bne.n	10003e68 <__wrap_puts+0x1c>
10003e74:	4628      	mov	r0, r5
10003e76:	bd38      	pop	{r3, r4, r5, pc}
10003e78:	6924      	ldr	r4, [r4, #16]
10003e7a:	2c00      	cmp	r4, #0
10003e7c:	d1f4      	bne.n	10003e68 <__wrap_puts+0x1c>
10003e7e:	4628      	mov	r0, r5
10003e80:	bd38      	pop	{r3, r4, r5, pc}
10003e82:	bf00      	nop
10003e84:	20002590 	.word	0x20002590

10003e88 <__wrap_vprintf>:
10003e88:	e92d 41f0 	stmdb	sp!, {r4, r5, r6, r7, r8, lr}
10003e8c:	b0a2      	sub	sp, #136	@ 0x88
10003e8e:	4604      	mov	r4, r0
10003e90:	460d      	mov	r5, r1
10003e92:	f7fd fc63 	bl	1000175c <time_us_64>
10003e96:	f04f 37ff 	mov.w	r7, #4294967295	@ 0xffffffff
10003e9a:	f06f 4600 	mvn.w	r6, #2147483648	@ 0x80000000
10003e9e:	4a26      	ldr	r2, [pc, #152]	@ (10003f38 <__wrap_vprintf+0xb0>)
10003ea0:	f8df 80a4 	ldr.w	r8, [pc, #164]	@ 10003f48 <__wrap_vprintf+0xc0>
10003ea4:	1882      	adds	r2, r0, r2
10003ea6:	f141 0300 	adc.w	r3, r1, #0
10003eaa:	4297      	cmp	r7, r2
10003eac:	eb76 0103 	sbcs.w	r1, r6, r3
10003eb0:	bf3c      	itt	cc
10003eb2:	463a      	movcc	r2, r7
10003eb4:	4633      	movcc	r3, r6
10003eb6:	4821      	ldr	r0, [pc, #132]	@ (10003f3c <__wrap_vprintf+0xb4>)
10003eb8:	f008 ff26 	bl	1000cd08 <__mutex_try_enter_block_until_veneer>
10003ebc:	2700      	movs	r7, #0
10003ebe:	462b      	mov	r3, r5
10003ec0:	4622      	mov	r2, r4
10003ec2:	4606      	mov	r6, r0
10003ec4:	a901      	add	r1, sp, #4
10003ec6:	481e      	ldr	r0, [pc, #120]	@ (10003f40 <__wrap_vprintf+0xb8>)
10003ec8:	9701      	str	r7, [sp, #4]
10003eca:	f7ff fd5f 	bl	1000398c <vfctprintf>
10003ece:	9b01      	ldr	r3, [sp, #4]
10003ed0:	4605      	mov	r5, r0
10003ed2:	f8d8 4000 	ldr.w	r4, [r8]
10003ed6:	b1c3      	cbz	r3, 10003f0a <__wrap_vprintf+0x82>
10003ed8:	2c00      	cmp	r4, #0
10003eda:	d02b      	beq.n	10003f34 <__wrap_vprintf+0xac>
10003edc:	4f19      	ldr	r7, [pc, #100]	@ (10003f44 <__wrap_vprintf+0xbc>)
10003ede:	e001      	b.n	10003ee4 <__wrap_vprintf+0x5c>
10003ee0:	6924      	ldr	r4, [r4, #16]
10003ee2:	b174      	cbz	r4, 10003f02 <__wrap_vprintf+0x7a>
10003ee4:	6823      	ldr	r3, [r4, #0]
10003ee6:	2b00      	cmp	r3, #0
10003ee8:	d0fa      	beq.n	10003ee0 <__wrap_vprintf+0x58>
10003eea:	683b      	ldr	r3, [r7, #0]
10003eec:	b10b      	cbz	r3, 10003ef2 <__wrap_vprintf+0x6a>
10003eee:	42a3      	cmp	r3, r4
10003ef0:	d1f6      	bne.n	10003ee0 <__wrap_vprintf+0x58>
10003ef2:	4620      	mov	r0, r4
10003ef4:	9a01      	ldr	r2, [sp, #4]
10003ef6:	a902      	add	r1, sp, #8
10003ef8:	f7ff fe14 	bl	10003b24 <stdio_out_chars_crlf>
10003efc:	6924      	ldr	r4, [r4, #16]
10003efe:	2c00      	cmp	r4, #0
10003f00:	d1f0      	bne.n	10003ee4 <__wrap_vprintf+0x5c>
10003f02:	2300      	movs	r3, #0
10003f04:	f8d8 4000 	ldr.w	r4, [r8]
10003f08:	9301      	str	r3, [sp, #4]
10003f0a:	b12c      	cbz	r4, 10003f18 <__wrap_vprintf+0x90>
10003f0c:	6863      	ldr	r3, [r4, #4]
10003f0e:	b143      	cbz	r3, 10003f22 <__wrap_vprintf+0x9a>
10003f10:	4798      	blx	r3
10003f12:	6924      	ldr	r4, [r4, #16]
10003f14:	2c00      	cmp	r4, #0
10003f16:	d1f9      	bne.n	10003f0c <__wrap_vprintf+0x84>
10003f18:	b92e      	cbnz	r6, 10003f26 <__wrap_vprintf+0x9e>
10003f1a:	4628      	mov	r0, r5
10003f1c:	b022      	add	sp, #136	@ 0x88
10003f1e:	e8bd 81f0 	ldmia.w	sp!, {r4, r5, r6, r7, r8, pc}
10003f22:	6924      	ldr	r4, [r4, #16]
10003f24:	e7f1      	b.n	10003f0a <__wrap_vprintf+0x82>
10003f26:	4805      	ldr	r0, [pc, #20]	@ (10003f3c <__wrap_vprintf+0xb4>)
10003f28:	f008 fee2 	bl	1000ccf0 <__mutex_exit_veneer>
10003f2c:	4628      	mov	r0, r5
10003f2e:	b022      	add	sp, #136	@ 0x88
10003f30:	e8bd 81f0 	ldmia.w	sp!, {r4, r5, r6, r7, r8, pc}
10003f34:	9401      	str	r4, [sp, #4]
10003f36:	e7ef      	b.n	10003f18 <__wrap_vprintf+0x90>
10003f38:	000f4240 	.word	0x000f4240
10003f3c:	20001c68 	.word	0x20001c68
10003f40:	10003bd5 	.word	0x10003bd5
10003f44:	2000259c 	.word	0x2000259c
10003f48:	20002590 	.word	0x20002590

10003f4c <__wrap_printf>:
10003f4c:	b40f      	push	{r0, r1, r2, r3}
10003f4e:	b500      	push	{lr}
10003f50:	b083      	sub	sp, #12
10003f52:	a904      	add	r1, sp, #16
10003f54:	f851 0b04 	ldr.w	r0, [r1], #4
10003f58:	9101      	str	r1, [sp, #4]
10003f5a:	f7ff ff95 	bl	10003e88 <__wrap_vprintf>
10003f5e:	b003      	add	sp, #12
10003f60:	f85d eb04 	ldr.w	lr, [sp], #4
10003f64:	b004      	add	sp, #16
10003f66:	4770      	bx	lr

10003f68 <resetd_init>:
10003f68:	4770      	bx	lr
10003f6a:	bf00      	nop

10003f6c <resetd_reset>:
10003f6c:	2200      	movs	r2, #0
10003f6e:	4b01      	ldr	r3, [pc, #4]	@ (10003f74 <resetd_reset+0x8>)
10003f70:	701a      	strb	r2, [r3, #0]
10003f72:	4770      	bx	lr
10003f74:	20002a22 	.word	0x20002a22

10003f78 <resetd_open>:
10003f78:	794b      	ldrb	r3, [r1, #5]
10003f7a:	2bff      	cmp	r3, #255	@ 0xff
10003f7c:	d10b      	bne.n	10003f96 <resetd_open+0x1e>
10003f7e:	7988      	ldrb	r0, [r1, #6]
10003f80:	b948      	cbnz	r0, 10003f96 <resetd_open+0x1e>
10003f82:	79cb      	ldrb	r3, [r1, #7]
10003f84:	2b01      	cmp	r3, #1
10003f86:	d107      	bne.n	10003f98 <resetd_open+0x20>
10003f88:	2a08      	cmp	r2, #8
10003f8a:	d905      	bls.n	10003f98 <resetd_open+0x20>
10003f8c:	4b03      	ldr	r3, [pc, #12]	@ (10003f9c <resetd_open+0x24>)
10003f8e:	788a      	ldrb	r2, [r1, #2]
10003f90:	2009      	movs	r0, #9
10003f92:	701a      	strb	r2, [r3, #0]
10003f94:	4770      	bx	lr
10003f96:	2000      	movs	r0, #0
10003f98:	4770      	bx	lr
10003f9a:	bf00      	nop
10003f9c:	20002a22 	.word	0x20002a22

10003fa0 <resetd_xfer_cb>:
10003fa0:	2001      	movs	r0, #1
10003fa2:	4770      	bx	lr

10003fa4 <resetd_control_xfer_cb>:
10003fa4:	2901      	cmp	r1, #1
10003fa6:	d001      	beq.n	10003fac <resetd_control_xfer_cb+0x8>
10003fa8:	2001      	movs	r0, #1
10003faa:	4770      	bx	lr
10003fac:	b508      	push	{r3, lr}
10003fae:	4b10      	ldr	r3, [pc, #64]	@ (10003ff0 <resetd_control_xfer_cb+0x4c>)
10003fb0:	8891      	ldrh	r1, [r2, #4]
10003fb2:	781b      	ldrb	r3, [r3, #0]
10003fb4:	4299      	cmp	r1, r3
10003fb6:	d001      	beq.n	10003fbc <resetd_control_xfer_cb+0x18>
10003fb8:	2000      	movs	r0, #0
10003fba:	bd08      	pop	{r3, pc}
10003fbc:	7853      	ldrb	r3, [r2, #1]
10003fbe:	2b01      	cmp	r3, #1
10003fc0:	d008      	beq.n	10003fd4 <resetd_control_xfer_cb+0x30>
10003fc2:	2b02      	cmp	r3, #2
10003fc4:	d1f8      	bne.n	10003fb8 <resetd_control_xfer_cb+0x14>
10003fc6:	2100      	movs	r1, #0
10003fc8:	2264      	movs	r2, #100	@ 0x64
10003fca:	4608      	mov	r0, r1
10003fcc:	f7fd fcc4 	bl	10001958 <watchdog_reboot>
10003fd0:	2001      	movs	r0, #1
10003fd2:	bd08      	pop	{r3, pc}
10003fd4:	8851      	ldrh	r1, [r2, #2]
10003fd6:	05cb      	lsls	r3, r1, #23
10003fd8:	bf48      	it	mi
10003fda:	0a48      	lsrmi	r0, r1, #9
10003fdc:	f3c1 2240 	ubfx	r2, r1, #9, #1
10003fe0:	bf58      	it	pl
10003fe2:	f04f 30ff 	movpl.w	r0, #4294967295	@ 0xffffffff
10003fe6:	f001 017f 	and.w	r1, r1, #127	@ 0x7f
10003fea:	f7fd fd33 	bl	10001a54 <rom_reset_usb_boot_extra>
10003fee:	bf00      	nop
10003ff0:	20002a22 	.word	0x20002a22

10003ff4 <tud_descriptor_bos_cb>:
10003ff4:	4800      	ldr	r0, [pc, #0]	@ (10003ff8 <tud_descriptor_bos_cb+0x4>)
10003ff6:	4770      	bx	lr
10003ff8:	1000d294 	.word	0x1000d294

10003ffc <tud_vendor_control_xfer_cb>:
10003ffc:	2901      	cmp	r1, #1
10003ffe:	d107      	bne.n	10004010 <tud_vendor_control_xfer_cb+0x14>
10004000:	7853      	ldrb	r3, [r2, #1]
10004002:	2b01      	cmp	r3, #1
10004004:	d102      	bne.n	1000400c <tud_vendor_control_xfer_cb+0x10>
10004006:	8893      	ldrh	r3, [r2, #4]
10004008:	2b07      	cmp	r3, #7
1000400a:	d003      	beq.n	10004014 <tud_vendor_control_xfer_cb+0x18>
1000400c:	2000      	movs	r0, #0
1000400e:	4770      	bx	lr
10004010:	2001      	movs	r0, #1
10004012:	4770      	bx	lr
10004014:	4611      	mov	r1, r2
10004016:	23a6      	movs	r3, #166	@ 0xa6
10004018:	4a01      	ldr	r2, [pc, #4]	@ (10004020 <tud_vendor_control_xfer_cb+0x24>)
1000401a:	f001 ba3d 	b.w	10005498 <tud_control_xfer>
1000401e:	bf00      	nop
10004020:	1000d1ec 	.word	0x1000d1ec

10004024 <usbd_app_driver_get_cb>:
10004024:	4603      	mov	r3, r0
10004026:	2201      	movs	r2, #1
10004028:	4801      	ldr	r0, [pc, #4]	@ (10004030 <usbd_app_driver_get_cb+0xc>)
1000402a:	701a      	strb	r2, [r3, #0]
1000402c:	4770      	bx	lr
1000402e:	bf00      	nop
10004030:	1000d1cc 	.word	0x1000d1cc

10004034 <tud_cdc_line_coding_cb>:
10004034:	b508      	push	{r3, lr}
10004036:	680b      	ldr	r3, [r1, #0]
10004038:	f5b3 6f96 	cmp.w	r3, #1200	@ 0x4b0
1000403c:	d000      	beq.n	10004040 <tud_cdc_line_coding_cb+0xc>
1000403e:	bd08      	pop	{r3, pc}
10004040:	2200      	movs	r2, #0
10004042:	f04f 30ff 	mov.w	r0, #4294967295	@ 0xffffffff
10004046:	4611      	mov	r1, r2
10004048:	f7fd fd04 	bl	10001a54 <rom_reset_usb_boot_extra>

1000404c <stdio_usb_set_chars_available_callback>:
1000404c:	4a02      	ldr	r2, [pc, #8]	@ (10004058 <stdio_usb_set_chars_available_callback+0xc>)
1000404e:	4b03      	ldr	r3, [pc, #12]	@ (1000405c <stdio_usb_set_chars_available_callback+0x10>)
10004050:	6010      	str	r0, [r2, #0]
10004052:	6019      	str	r1, [r3, #0]
10004054:	4770      	bx	lr
10004056:	bf00      	nop
10004058:	20002530 	.word	0x20002530
1000405c:	20002534 	.word	0x20002534

10004060 <timer_task>:
10004060:	4b18      	ldr	r3, [pc, #96]	@ (100040c4 <timer_task+0x64>)
10004062:	b570      	push	{r4, r5, r6, lr}
10004064:	681a      	ldr	r2, [r3, #0]
10004066:	2a00      	cmp	r2, #0
10004068:	d028      	beq.n	100040bc <timer_task+0x5c>
1000406a:	f3ef 8110 	mrs	r1, PRIMASK
1000406e:	b672      	cpsid	i
10004070:	e8d2 4fcf 	ldaexb	r4, [r2]
10004074:	2001      	movs	r0, #1
10004076:	2c00      	cmp	r4, #0
10004078:	d1fa      	bne.n	10004070 <timer_task+0x10>
1000407a:	e8c2 0f44 	strexb	r4, r0, [r2]
1000407e:	2c00      	cmp	r4, #0
10004080:	d1f6      	bne.n	10004070 <timer_task+0x10>
10004082:	f3bf 8f5f 	dmb	sy
10004086:	2200      	movs	r2, #0
10004088:	4c0f      	ldr	r4, [pc, #60]	@ (100040c8 <timer_task+0x68>)
1000408a:	6818      	ldr	r0, [r3, #0]
1000408c:	6059      	str	r1, [r3, #4]
1000408e:	7022      	strb	r2, [r4, #0]
10004090:	e8c0 2f8f 	stlb	r2, [r0]
10004094:	f381 8810 	msr	PRIMASK, r1
10004098:	2400      	movs	r4, #0
1000409a:	2500      	movs	r5, #0
1000409c:	4e0b      	ldr	r6, [pc, #44]	@ (100040cc <timer_task+0x6c>)
1000409e:	7830      	ldrb	r0, [r6, #0]
100040a0:	f7fc fc2e 	bl	10000900 <irq_is_enabled>
100040a4:	b920      	cbnz	r0, 100040b0 <timer_task+0x50>
100040a6:	2400      	movs	r4, #0
100040a8:	2500      	movs	r5, #0
100040aa:	4620      	mov	r0, r4
100040ac:	4629      	mov	r1, r5
100040ae:	bd70      	pop	{r4, r5, r6, pc}
100040b0:	7830      	ldrb	r0, [r6, #0]
100040b2:	f7fc fc35 	bl	10000920 <irq_set_pending>
100040b6:	4620      	mov	r0, r4
100040b8:	4629      	mov	r1, r5
100040ba:	bd70      	pop	{r4, r5, r6, pc}
100040bc:	f44f 747a 	mov.w	r4, #1000	@ 0x3e8
100040c0:	2500      	movs	r5, #0
100040c2:	e7eb      	b.n	1000409c <timer_task+0x3c>
100040c4:	200029c8 	.word	0x200029c8
100040c8:	20002a24 	.word	0x20002a24
100040cc:	20002a23 	.word	0x20002a23

100040d0 <usb_irq>:
100040d0:	4b01      	ldr	r3, [pc, #4]	@ (100040d8 <usb_irq+0x8>)
100040d2:	7818      	ldrb	r0, [r3, #0]
100040d4:	f7fc bc24 	b.w	10000920 <irq_set_pending>
100040d8:	20002a23 	.word	0x20002a23

100040dc <stdio_usb_in_chars>:
100040dc:	b538      	push	{r3, r4, r5, lr}
100040de:	4604      	mov	r4, r0
100040e0:	2000      	movs	r0, #0
100040e2:	460d      	mov	r5, r1
100040e4:	f001 fb08 	bl	100056f8 <tud_cdc_n_connected>
100040e8:	b3a8      	cbz	r0, 10004156 <stdio_usb_in_chars+0x7a>
100040ea:	2000      	movs	r0, #0
100040ec:	f001 fb1a 	bl	10005724 <tud_cdc_n_available>
100040f0:	b388      	cbz	r0, 10004156 <stdio_usb_in_chars+0x7a>
100040f2:	f7fd fb33 	bl	1000175c <time_us_64>
100040f6:	f04f 3eff 	mov.w	lr, #4294967295	@ 0xffffffff
100040fa:	f06f 4c00 	mvn.w	ip, #2147483648	@ 0x80000000
100040fe:	4a17      	ldr	r2, [pc, #92]	@ (1000415c <stdio_usb_in_chars+0x80>)
10004100:	1882      	adds	r2, r0, r2
10004102:	f141 0300 	adc.w	r3, r1, #0
10004106:	4596      	cmp	lr, r2
10004108:	eb7c 0103 	sbcs.w	r1, ip, r3
1000410c:	bf3c      	itt	cc
1000410e:	4672      	movcc	r2, lr
10004110:	4663      	movcc	r3, ip
10004112:	4813      	ldr	r0, [pc, #76]	@ (10004160 <stdio_usb_in_chars+0x84>)
10004114:	f008 fdf8 	bl	1000cd08 <__mutex_try_enter_block_until_veneer>
10004118:	b1e8      	cbz	r0, 10004156 <stdio_usb_in_chars+0x7a>
1000411a:	2000      	movs	r0, #0
1000411c:	f001 faec 	bl	100056f8 <tud_cdc_n_connected>
10004120:	b958      	cbnz	r0, 1000413a <stdio_usb_in_chars+0x5e>
10004122:	2100      	movs	r1, #0
10004124:	f04f 30ff 	mov.w	r0, #4294967295	@ 0xffffffff
10004128:	f000 fd0e 	bl	10004b48 <tud_task_ext>
1000412c:	f06f 0402 	mvn.w	r4, #2
10004130:	480b      	ldr	r0, [pc, #44]	@ (10004160 <stdio_usb_in_chars+0x84>)
10004132:	f008 fddd 	bl	1000ccf0 <__mutex_exit_veneer>
10004136:	4620      	mov	r0, r4
10004138:	bd38      	pop	{r3, r4, r5, pc}
1000413a:	2000      	movs	r0, #0
1000413c:	f001 faf2 	bl	10005724 <tud_cdc_n_available>
10004140:	2800      	cmp	r0, #0
10004142:	d0ee      	beq.n	10004122 <stdio_usb_in_chars+0x46>
10004144:	4621      	mov	r1, r4
10004146:	462a      	mov	r2, r5
10004148:	2000      	movs	r0, #0
1000414a:	f001 faf5 	bl	10005738 <tud_cdc_n_read>
1000414e:	4604      	mov	r4, r0
10004150:	2800      	cmp	r0, #0
10004152:	d1ed      	bne.n	10004130 <stdio_usb_in_chars+0x54>
10004154:	e7ea      	b.n	1000412c <stdio_usb_in_chars+0x50>
10004156:	f06f 0402 	mvn.w	r4, #2
1000415a:	e7ec      	b.n	10004136 <stdio_usb_in_chars+0x5a>
1000415c:	000f4240 	.word	0x000f4240
10004160:	20002a04 	.word	0x20002a04

10004164 <stdio_usb_out_flush>:
10004164:	b508      	push	{r3, lr}
10004166:	f7fd faf9 	bl	1000175c <time_us_64>
1000416a:	f04f 3eff 	mov.w	lr, #4294967295	@ 0xffffffff
1000416e:	f06f 4c00 	mvn.w	ip, #2147483648	@ 0x80000000
10004172:	4a0f      	ldr	r2, [pc, #60]	@ (100041b0 <stdio_usb_out_flush+0x4c>)
10004174:	1882      	adds	r2, r0, r2
10004176:	f141 0300 	adc.w	r3, r1, #0
1000417a:	4596      	cmp	lr, r2
1000417c:	eb7c 0103 	sbcs.w	r1, ip, r3
10004180:	bf3c      	itt	cc
10004182:	4672      	movcc	r2, lr
10004184:	4663      	movcc	r3, ip
10004186:	480b      	ldr	r0, [pc, #44]	@ (100041b4 <stdio_usb_out_flush+0x50>)
10004188:	f008 fdbe 	bl	1000cd08 <__mutex_try_enter_block_until_veneer>
1000418c:	b170      	cbz	r0, 100041ac <stdio_usb_out_flush+0x48>
1000418e:	f04f 30ff 	mov.w	r0, #4294967295	@ 0xffffffff
10004192:	2100      	movs	r1, #0
10004194:	f000 fcd8 	bl	10004b48 <tud_task_ext>
10004198:	2000      	movs	r0, #0
1000419a:	f001 fb15 	bl	100057c8 <tud_cdc_n_write_flush>
1000419e:	2800      	cmp	r0, #0
100041a0:	d1f5      	bne.n	1000418e <stdio_usb_out_flush+0x2a>
100041a2:	e8bd 4008 	ldmia.w	sp!, {r3, lr}
100041a6:	4803      	ldr	r0, [pc, #12]	@ (100041b4 <stdio_usb_out_flush+0x50>)
100041a8:	f008 bda2 	b.w	1000ccf0 <__mutex_exit_veneer>
100041ac:	bd08      	pop	{r3, pc}
100041ae:	bf00      	nop
100041b0:	000f4240 	.word	0x000f4240
100041b4:	20002a04 	.word	0x20002a04

100041b8 <stdio_usb_out_chars>:
100041b8:	e92d 43f8 	stmdb	sp!, {r3, r4, r5, r6, r7, r8, r9, lr}
100041bc:	4680      	mov	r8, r0
100041be:	460f      	mov	r7, r1
100041c0:	f7fd facc 	bl	1000175c <time_us_64>
100041c4:	f04f 35ff 	mov.w	r5, #4294967295	@ 0xffffffff
100041c8:	f06f 4400 	mvn.w	r4, #2147483648	@ 0x80000000
100041cc:	4a33      	ldr	r2, [pc, #204]	@ (1000429c <stdio_usb_out_chars+0xe4>)
100041ce:	1882      	adds	r2, r0, r2
100041d0:	f141 0300 	adc.w	r3, r1, #0
100041d4:	4295      	cmp	r5, r2
100041d6:	eb74 0103 	sbcs.w	r1, r4, r3
100041da:	bf3c      	itt	cc
100041dc:	462a      	movcc	r2, r5
100041de:	4623      	movcc	r3, r4
100041e0:	482f      	ldr	r0, [pc, #188]	@ (100042a0 <stdio_usb_out_chars+0xe8>)
100041e2:	f008 fd91 	bl	1000cd08 <__mutex_try_enter_block_until_veneer>
100041e6:	b908      	cbnz	r0, 100041ec <stdio_usb_out_chars+0x34>
100041e8:	e8bd 83f8 	ldmia.w	sp!, {r3, r4, r5, r6, r7, r8, r9, pc}
100041ec:	2000      	movs	r0, #0
100041ee:	f001 fa83 	bl	100056f8 <tud_cdc_n_connected>
100041f2:	2800      	cmp	r0, #0
100041f4:	d047      	beq.n	10004286 <stdio_usb_out_chars+0xce>
100041f6:	2f00      	cmp	r7, #0
100041f8:	dd40      	ble.n	1000427c <stdio_usb_out_chars+0xc4>
100041fa:	2500      	movs	r5, #0
100041fc:	f8df 90a8 	ldr.w	r9, [pc, #168]	@ 100042a8 <stdio_usb_out_chars+0xf0>
10004200:	4e28      	ldr	r6, [pc, #160]	@ (100042a4 <stdio_usb_out_chars+0xec>)
10004202:	e013      	b.n	1000422c <stdio_usb_out_chars+0x74>
10004204:	4622      	mov	r2, r4
10004206:	2000      	movs	r0, #0
10004208:	f001 fb24 	bl	10005854 <tud_cdc_n_write>
1000420c:	2100      	movs	r1, #0
1000420e:	4604      	mov	r4, r0
10004210:	f04f 30ff 	mov.w	r0, #4294967295	@ 0xffffffff
10004214:	f000 fc98 	bl	10004b48 <tud_task_ext>
10004218:	2000      	movs	r0, #0
1000421a:	f001 fad5 	bl	100057c8 <tud_cdc_n_write_flush>
1000421e:	f7fd fa9d 	bl	1000175c <time_us_64>
10004222:	e9c9 0100 	strd	r0, r1, [r9]
10004226:	4425      	add	r5, r4
10004228:	42af      	cmp	r7, r5
1000422a:	dd27      	ble.n	1000427c <stdio_usb_out_chars+0xc4>
1000422c:	2000      	movs	r0, #0
1000422e:	f001 fb31 	bl	10005894 <tud_cdc_n_write_available>
10004232:	1b7c      	subs	r4, r7, r5
10004234:	4284      	cmp	r4, r0
10004236:	bfa8      	it	ge
10004238:	4604      	movge	r4, r0
1000423a:	eb08 0105 	add.w	r1, r8, r5
1000423e:	2c00      	cmp	r4, #0
10004240:	d1e0      	bne.n	10004204 <stdio_usb_out_chars+0x4c>
10004242:	4621      	mov	r1, r4
10004244:	f04f 30ff 	mov.w	r0, #4294967295	@ 0xffffffff
10004248:	f000 fc7e 	bl	10004b48 <tud_task_ext>
1000424c:	4620      	mov	r0, r4
1000424e:	f001 fabb 	bl	100057c8 <tud_cdc_n_write_flush>
10004252:	4620      	mov	r0, r4
10004254:	f001 fa50 	bl	100056f8 <tud_cdc_n_connected>
10004258:	b180      	cbz	r0, 1000427c <stdio_usb_out_chars+0xc4>
1000425a:	4620      	mov	r0, r4
1000425c:	f001 fb1a 	bl	10005894 <tud_cdc_n_write_available>
10004260:	2800      	cmp	r0, #0
10004262:	d1e1      	bne.n	10004228 <stdio_usb_out_chars+0x70>
10004264:	f7fd fa7a 	bl	1000175c <time_us_64>
10004268:	f8d9 3000 	ldr.w	r3, [r9]
1000426c:	f8d9 2004 	ldr.w	r2, [r9, #4]
10004270:	199b      	adds	r3, r3, r6
10004272:	f142 0200 	adc.w	r2, r2, #0
10004276:	4283      	cmp	r3, r0
10004278:	418a      	sbcs	r2, r1
1000427a:	d2d5      	bcs.n	10004228 <stdio_usb_out_chars+0x70>
1000427c:	4808      	ldr	r0, [pc, #32]	@ (100042a0 <stdio_usb_out_chars+0xe8>)
1000427e:	e8bd 43f8 	ldmia.w	sp!, {r3, r4, r5, r6, r7, r8, r9, lr}
10004282:	f008 bd35 	b.w	1000ccf0 <__mutex_exit_veneer>
10004286:	2000      	movs	r0, #0
10004288:	2100      	movs	r1, #0
1000428a:	4b07      	ldr	r3, [pc, #28]	@ (100042a8 <stdio_usb_out_chars+0xf0>)
1000428c:	e9c3 0100 	strd	r0, r1, [r3]
10004290:	e8bd 43f8 	ldmia.w	sp!, {r3, r4, r5, r6, r7, r8, r9, lr}
10004294:	4802      	ldr	r0, [pc, #8]	@ (100042a0 <stdio_usb_out_chars+0xe8>)
10004296:	f008 bd2b 	b.w	1000ccf0 <__mutex_exit_veneer>
1000429a:	bf00      	nop
1000429c:	000f4240 	.word	0x000f4240
100042a0:	20002a04 	.word	0x20002a04
100042a4:	0007a120 	.word	0x0007a120
100042a8:	20001df0 	.word	0x20001df0

100042ac <low_priority_worker_irq>:
100042ac:	b530      	push	{r4, r5, lr}
100042ae:	2100      	movs	r1, #0
100042b0:	b085      	sub	sp, #20
100042b2:	482e      	ldr	r0, [pc, #184]	@ (1000436c <low_priority_worker_irq+0xc0>)
100042b4:	f008 fd2c 	bl	1000cd10 <__mutex_try_enter_veneer>
100042b8:	b9f0      	cbnz	r0, 100042f8 <low_priority_worker_irq+0x4c>
100042ba:	4b2d      	ldr	r3, [pc, #180]	@ (10004370 <low_priority_worker_irq+0xc4>)
100042bc:	681a      	ldr	r2, [r3, #0]
100042be:	b1ca      	cbz	r2, 100042f4 <low_priority_worker_irq+0x48>
100042c0:	f3ef 8110 	mrs	r1, PRIMASK
100042c4:	b672      	cpsid	i
100042c6:	e8d2 5fcf 	ldaexb	r5, [r2]
100042ca:	2401      	movs	r4, #1
100042cc:	2d00      	cmp	r5, #0
100042ce:	d1fa      	bne.n	100042c6 <low_priority_worker_irq+0x1a>
100042d0:	e8c2 4f45 	strexb	r5, r4, [r2]
100042d4:	2d00      	cmp	r5, #0
100042d6:	d1f6      	bne.n	100042c6 <low_priority_worker_irq+0x1a>
100042d8:	f3bf 8f5f 	dmb	sy
100042dc:	4c25      	ldr	r4, [pc, #148]	@ (10004374 <low_priority_worker_irq+0xc8>)
100042de:	681d      	ldr	r5, [r3, #0]
100042e0:	7822      	ldrb	r2, [r4, #0]
100042e2:	6059      	str	r1, [r3, #4]
100042e4:	b2d3      	uxtb	r3, r2
100042e6:	2201      	movs	r2, #1
100042e8:	7022      	strb	r2, [r4, #0]
100042ea:	e8c5 0f8f 	stlb	r0, [r5]
100042ee:	f381 8810 	msr	PRIMASK, r1
100042f2:	b1cb      	cbz	r3, 10004328 <low_priority_worker_irq+0x7c>
100042f4:	b005      	add	sp, #20
100042f6:	bd30      	pop	{r4, r5, pc}
100042f8:	2100      	movs	r1, #0
100042fa:	f04f 30ff 	mov.w	r0, #4294967295	@ 0xffffffff
100042fe:	f000 fc23 	bl	10004b48 <tud_task_ext>
10004302:	2000      	movs	r0, #0
10004304:	f001 fa0e 	bl	10005724 <tud_cdc_n_available>
10004308:	4604      	mov	r4, r0
1000430a:	4818      	ldr	r0, [pc, #96]	@ (1000436c <low_priority_worker_irq+0xc0>)
1000430c:	f008 fcf0 	bl	1000ccf0 <__mutex_exit_veneer>
10004310:	2c00      	cmp	r4, #0
10004312:	d0ef      	beq.n	100042f4 <low_priority_worker_irq+0x48>
10004314:	4b18      	ldr	r3, [pc, #96]	@ (10004378 <low_priority_worker_irq+0xcc>)
10004316:	681b      	ldr	r3, [r3, #0]
10004318:	2b00      	cmp	r3, #0
1000431a:	d0eb      	beq.n	100042f4 <low_priority_worker_irq+0x48>
1000431c:	4a17      	ldr	r2, [pc, #92]	@ (1000437c <low_priority_worker_irq+0xd0>)
1000431e:	6810      	ldr	r0, [r2, #0]
10004320:	b005      	add	sp, #20
10004322:	e8bd 4030 	ldmia.w	sp!, {r4, r5, lr}
10004326:	4718      	bx	r3
10004328:	f7fd f80e 	bl	10001348 <alarm_pool_get_default>
1000432c:	4604      	mov	r4, r0
1000432e:	f7fd fa15 	bl	1000175c <time_us_64>
10004332:	f04f 3cff 	mov.w	ip, #4294967295	@ 0xffffffff
10004336:	f06f 4500 	mvn.w	r5, #2147483648	@ 0x80000000
1000433a:	f510 727a 	adds.w	r2, r0, #1000	@ 0x3e8
1000433e:	f141 0300 	adc.w	r3, r1, #0
10004342:	4594      	cmp	ip, r2
10004344:	eb75 0103 	sbcs.w	r1, r5, r3
10004348:	bf38      	it	cc
1000434a:	462b      	movcc	r3, r5
1000434c:	f04f 0100 	mov.w	r1, #0
10004350:	f04f 0501 	mov.w	r5, #1
10004354:	4620      	mov	r0, r4
10004356:	4c0a      	ldr	r4, [pc, #40]	@ (10004380 <low_priority_worker_irq+0xd4>)
10004358:	bf38      	it	cc
1000435a:	4662      	movcc	r2, ip
1000435c:	e9cd 1501 	strd	r1, r5, [sp, #4]
10004360:	9400      	str	r4, [sp, #0]
10004362:	f7fc fff5 	bl	10001350 <alarm_pool_add_alarm_at>
10004366:	b005      	add	sp, #20
10004368:	bd30      	pop	{r4, r5, pc}
1000436a:	bf00      	nop
1000436c:	20002a04 	.word	0x20002a04
10004370:	200029c8 	.word	0x200029c8
10004374:	20002a24 	.word	0x20002a24
10004378:	20002530 	.word	0x20002530
1000437c:	20002534 	.word	0x20002534
10004380:	10004061 	.word	0x10004061

10004384 <stdio_usb_init>:
10004384:	f04f 4350 	mov.w	r3, #3489660928	@ 0xd0000000
10004388:	b530      	push	{r4, r5, lr}
1000438a:	b085      	sub	sp, #20
1000438c:	681c      	ldr	r4, [r3, #0]
1000438e:	f7fc ffdb 	bl	10001348 <alarm_pool_get_default>
10004392:	f7fd f8ef 	bl	10001574 <alarm_pool_core_num>
10004396:	42a0      	cmp	r0, r4
10004398:	d002      	beq.n	100043a0 <stdio_usb_init+0x1c>
1000439a:	2000      	movs	r0, #0
1000439c:	b005      	add	sp, #20
1000439e:	bd30      	pop	{r4, r5, pc}
100043a0:	2100      	movs	r1, #0
100043a2:	4b2a      	ldr	r3, [pc, #168]	@ (1000444c <stdio_usb_init+0xc8>)
100043a4:	4608      	mov	r0, r1
100043a6:	781b      	ldrb	r3, [r3, #0]
100043a8:	f001 fd3c 	bl	10005e24 <tusb_rhport_init>
100043ac:	4828      	ldr	r0, [pc, #160]	@ (10004450 <stdio_usb_init+0xcc>)
100043ae:	6803      	ldr	r3, [r0, #0]
100043b0:	2b00      	cmp	r3, #0
100043b2:	d047      	beq.n	10004444 <stdio_usb_init+0xc0>
100043b4:	2001      	movs	r0, #1
100043b6:	f7fc fd4b 	bl	10000e50 <user_irq_claim_unused>
100043ba:	4603      	mov	r3, r0
100043bc:	4c25      	ldr	r4, [pc, #148]	@ (10004454 <stdio_usb_init+0xd0>)
100043be:	4926      	ldr	r1, [pc, #152]	@ (10004458 <stdio_usb_init+0xd4>)
100043c0:	b2c0      	uxtb	r0, r0
100043c2:	7023      	strb	r3, [r4, #0]
100043c4:	f7fc fac8 	bl	10000958 <irq_set_exclusive_handler>
100043c8:	7820      	ldrb	r0, [r4, #0]
100043ca:	2101      	movs	r1, #1
100043cc:	f7fc fa82 	bl	100008d4 <irq_set_enabled>
100043d0:	200e      	movs	r0, #14
100043d2:	f7fc fab1 	bl	10000938 <irq_has_shared_handler>
100043d6:	bb40      	cbnz	r0, 1000442a <stdio_usb_init+0xa6>
100043d8:	4b20      	ldr	r3, [pc, #128]	@ (1000445c <stdio_usb_init+0xd8>)
100043da:	2501      	movs	r5, #1
100043dc:	e9c3 0000 	strd	r0, r0, [r3]
100043e0:	f7fc ffb2 	bl	10001348 <alarm_pool_get_default>
100043e4:	4604      	mov	r4, r0
100043e6:	f7fd f9b9 	bl	1000175c <time_us_64>
100043ea:	f04f 3eff 	mov.w	lr, #4294967295	@ 0xffffffff
100043ee:	f06f 4c00 	mvn.w	ip, #2147483648	@ 0x80000000
100043f2:	f510 727a 	adds.w	r2, r0, #1000	@ 0x3e8
100043f6:	f141 0300 	adc.w	r3, r1, #0
100043fa:	4596      	cmp	lr, r2
100043fc:	eb7c 0103 	sbcs.w	r1, ip, r3
10004400:	f04f 0100 	mov.w	r1, #0
10004404:	4620      	mov	r0, r4
10004406:	4c16      	ldr	r4, [pc, #88]	@ (10004460 <stdio_usb_init+0xdc>)
10004408:	bf3c      	itt	cc
1000440a:	4672      	movcc	r2, lr
1000440c:	4663      	movcc	r3, ip
1000440e:	e9cd 1501 	strd	r1, r5, [sp, #4]
10004412:	9400      	str	r4, [sp, #0]
10004414:	f7fc ff9c 	bl	10001350 <alarm_pool_add_alarm_at>
10004418:	2800      	cmp	r0, #0
1000441a:	dbbe      	blt.n	1000439a <stdio_usb_init+0x16>
1000441c:	2101      	movs	r1, #1
1000441e:	4811      	ldr	r0, [pc, #68]	@ (10004464 <stdio_usb_init+0xe0>)
10004420:	f7ff fcbc 	bl	10003d9c <stdio_set_driver_enabled>
10004424:	2001      	movs	r0, #1
10004426:	b005      	add	sp, #20
10004428:	bd30      	pop	{r4, r5, pc}
1000442a:	2001      	movs	r0, #1
1000442c:	f7fc fa0e 	bl	1000084c <spin_lock_claim_unused>
10004430:	4601      	mov	r1, r0
10004432:	480a      	ldr	r0, [pc, #40]	@ (1000445c <stdio_usb_init+0xd8>)
10004434:	f7fc fd68 	bl	10000f08 <critical_section_init_with_lock_num>
10004438:	2200      	movs	r2, #0
1000443a:	200e      	movs	r0, #14
1000443c:	490a      	ldr	r1, [pc, #40]	@ (10004468 <stdio_usb_init+0xe4>)
1000443e:	f7fc fabb 	bl	100009b8 <irq_add_shared_handler>
10004442:	e7eb      	b.n	1000441c <stdio_usb_init+0x98>
10004444:	f7fc fd44 	bl	10000ed0 <mutex_init>
10004448:	e7b4      	b.n	100043b4 <stdio_usb_init+0x30>
1000444a:	bf00      	nop
1000444c:	100141d0 	.word	0x100141d0
10004450:	20002a04 	.word	0x20002a04
10004454:	20002a23 	.word	0x20002a23
10004458:	100042ad 	.word	0x100042ad
1000445c:	200029c8 	.word	0x200029c8
10004460:	10004061 	.word	0x10004061
10004464:	2000155c 	.word	0x2000155c
10004468:	100040d1 	.word	0x100040d1

1000446c <stdio_usb_connected>:
1000446c:	2000      	movs	r0, #0
1000446e:	f001 b943 	b.w	100056f8 <tud_cdc_n_connected>
10004472:	bf00      	nop

10004474 <tud_descriptor_device_cb>:
10004474:	4800      	ldr	r0, [pc, #0]	@ (10004478 <tud_descriptor_device_cb+0x4>)
10004476:	4770      	bx	lr
10004478:	1000d330 	.word	0x1000d330

1000447c <tud_descriptor_configuration_cb>:
1000447c:	4800      	ldr	r0, [pc, #0]	@ (10004480 <tud_descriptor_configuration_cb+0x4>)
1000447e:	4770      	bx	lr
10004480:	1000d2dc 	.word	0x1000d2dc

10004484 <tud_descriptor_string_cb>:
10004484:	b538      	push	{r3, r4, r5, lr}
10004486:	4b18      	ldr	r3, [pc, #96]	@ (100044e8 <tud_descriptor_string_cb+0x64>)
10004488:	4604      	mov	r4, r0
1000448a:	781a      	ldrb	r2, [r3, #0]
1000448c:	b30a      	cbz	r2, 100044d2 <tud_descriptor_string_cb+0x4e>
1000448e:	b944      	cbnz	r4, 100044a2 <tud_descriptor_string_cb+0x1e>
10004490:	f240 4209 	movw	r2, #1033	@ 0x409
10004494:	f44f 7341 	mov.w	r3, #772	@ 0x304
10004498:	4d14      	ldr	r5, [pc, #80]	@ (100044ec <tud_descriptor_string_cb+0x68>)
1000449a:	806a      	strh	r2, [r5, #2]
1000449c:	4813      	ldr	r0, [pc, #76]	@ (100044ec <tud_descriptor_string_cb+0x68>)
1000449e:	802b      	strh	r3, [r5, #0]
100044a0:	bd38      	pop	{r3, r4, r5, pc}
100044a2:	2c05      	cmp	r4, #5
100044a4:	d81d      	bhi.n	100044e2 <tud_descriptor_string_cb+0x5e>
100044a6:	4b12      	ldr	r3, [pc, #72]	@ (100044f0 <tud_descriptor_string_cb+0x6c>)
100044a8:	4d10      	ldr	r5, [pc, #64]	@ (100044ec <tud_descriptor_string_cb+0x68>)
100044aa:	f853 1024 	ldr.w	r1, [r3, r4, lsl #2]
100044ae:	4628      	mov	r0, r5
100044b0:	2300      	movs	r3, #0
100044b2:	3901      	subs	r1, #1
100044b4:	e003      	b.n	100044be <tud_descriptor_string_cb+0x3a>
100044b6:	2b13      	cmp	r3, #19
100044b8:	f820 2f02 	strh.w	r2, [r0, #2]!
100044bc:	d00e      	beq.n	100044dc <tud_descriptor_string_cb+0x58>
100044be:	f811 2f01 	ldrb.w	r2, [r1, #1]!
100044c2:	3301      	adds	r3, #1
100044c4:	b2db      	uxtb	r3, r3
100044c6:	2a00      	cmp	r2, #0
100044c8:	d1f5      	bne.n	100044b6 <tud_descriptor_string_cb+0x32>
100044ca:	005b      	lsls	r3, r3, #1
100044cc:	f443 7340 	orr.w	r3, r3, #768	@ 0x300
100044d0:	e7e4      	b.n	1000449c <tud_descriptor_string_cb+0x18>
100044d2:	2111      	movs	r1, #17
100044d4:	4618      	mov	r0, r3
100044d6:	f000 f825 	bl	10004524 <pico_get_unique_board_id_string>
100044da:	e7d8      	b.n	1000448e <tud_descriptor_string_cb+0xa>
100044dc:	f44f 734a 	mov.w	r3, #808	@ 0x328
100044e0:	e7dc      	b.n	1000449c <tud_descriptor_string_cb+0x18>
100044e2:	2000      	movs	r0, #0
100044e4:	bd38      	pop	{r3, r4, r5, pc}
100044e6:	bf00      	nop
100044e8:	20002a0c 	.word	0x20002a0c
100044ec:	20002568 	.word	0x20002568
100044f0:	1000d2c4 	.word	0x1000d2c4

100044f4 <_retrieve_unique_id_on_boot>:
100044f4:	b500      	push	{lr}
100044f6:	f245 3047 	movw	r0, #21319	@ 0x5347
100044fa:	b08b      	sub	sp, #44	@ 0x2c
100044fc:	f7fd fa9e 	bl	10001a3c <rom_func_lookup>
10004500:	2201      	movs	r2, #1
10004502:	4603      	mov	r3, r0
10004504:	2109      	movs	r1, #9
10004506:	a801      	add	r0, sp, #4
10004508:	4798      	blx	r3
1000450a:	e9dd 3203 	ldrd	r3, r2, [sp, #12]
1000450e:	4904      	ldr	r1, [pc, #16]	@ (10004520 <_retrieve_unique_id_on_boot+0x2c>)
10004510:	ba12      	rev	r2, r2
10004512:	ba1b      	rev	r3, r3
10004514:	e9c1 2300 	strd	r2, r3, [r1]
10004518:	b00b      	add	sp, #44	@ 0x2c
1000451a:	f85d fb04 	ldr.w	pc, [sp], #4
1000451e:	bf00      	nop
10004520:	200029f8 	.word	0x200029f8

10004524 <pico_get_unique_board_id_string>:
10004524:	2901      	cmp	r1, #1
10004526:	f101 33ff 	add.w	r3, r1, #4294967295	@ 0xffffffff
1000452a:	f000 80b3 	beq.w	10004694 <pico_get_unique_board_id_string+0x170>
1000452e:	495d      	ldr	r1, [pc, #372]	@ (100046a4 <pico_get_unique_board_id_string+0x180>)
10004530:	780a      	ldrb	r2, [r1, #0]
10004532:	ea4f 1c12 	mov.w	ip, r2, lsr #4
10004536:	2a9f      	cmp	r2, #159	@ 0x9f
10004538:	bf8c      	ite	hi
1000453a:	f10c 0c37 	addhi.w	ip, ip, #55	@ 0x37
1000453e:	f10c 0c30 	addls.w	ip, ip, #48	@ 0x30
10004542:	2b01      	cmp	r3, #1
10004544:	f880 c000 	strb.w	ip, [r0]
10004548:	f000 80a7 	beq.w	1000469a <pico_get_unique_board_id_string+0x176>
1000454c:	f002 020f 	and.w	r2, r2, #15
10004550:	2a09      	cmp	r2, #9
10004552:	bf8c      	ite	hi
10004554:	3237      	addhi	r2, #55	@ 0x37
10004556:	3230      	addls	r2, #48	@ 0x30
10004558:	2b02      	cmp	r3, #2
1000455a:	7042      	strb	r2, [r0, #1]
1000455c:	f000 809d 	beq.w	1000469a <pico_get_unique_board_id_string+0x176>
10004560:	784a      	ldrb	r2, [r1, #1]
10004562:	ea4f 1c12 	mov.w	ip, r2, lsr #4
10004566:	2a9f      	cmp	r2, #159	@ 0x9f
10004568:	bf8c      	ite	hi
1000456a:	f10c 0c37 	addhi.w	ip, ip, #55	@ 0x37
1000456e:	f10c 0c30 	addls.w	ip, ip, #48	@ 0x30
10004572:	2b03      	cmp	r3, #3
10004574:	f880 c002 	strb.w	ip, [r0, #2]
10004578:	f000 808f 	beq.w	1000469a <pico_get_unique_board_id_string+0x176>
1000457c:	f002 020f 	and.w	r2, r2, #15
10004580:	2a09      	cmp	r2, #9
10004582:	bf8c      	ite	hi
10004584:	3237      	addhi	r2, #55	@ 0x37
10004586:	3230      	addls	r2, #48	@ 0x30
10004588:	2b04      	cmp	r3, #4
1000458a:	70c2      	strb	r2, [r0, #3]
1000458c:	f000 8085 	beq.w	1000469a <pico_get_unique_board_id_string+0x176>
10004590:	788a      	ldrb	r2, [r1, #2]
10004592:	ea4f 1c12 	mov.w	ip, r2, lsr #4
10004596:	2a9f      	cmp	r2, #159	@ 0x9f
10004598:	bf8c      	ite	hi
1000459a:	f10c 0c37 	addhi.w	ip, ip, #55	@ 0x37
1000459e:	f10c 0c30 	addls.w	ip, ip, #48	@ 0x30
100045a2:	2b05      	cmp	r3, #5
100045a4:	f880 c004 	strb.w	ip, [r0, #4]
100045a8:	d077      	beq.n	1000469a <pico_get_unique_board_id_string+0x176>
100045aa:	f002 020f 	and.w	r2, r2, #15
100045ae:	2a09      	cmp	r2, #9
100045b0:	bf8c      	ite	hi
100045b2:	3237      	addhi	r2, #55	@ 0x37
100045b4:	3230      	addls	r2, #48	@ 0x30
100045b6:	2b06      	cmp	r3, #6
100045b8:	7142      	strb	r2, [r0, #5]
100045ba:	d06e      	beq.n	1000469a <pico_get_unique_board_id_string+0x176>
100045bc:	78ca      	ldrb	r2, [r1, #3]
100045be:	ea4f 1c12 	mov.w	ip, r2, lsr #4
100045c2:	2a9f      	cmp	r2, #159	@ 0x9f
100045c4:	bf8c      	ite	hi
100045c6:	f10c 0c37 	addhi.w	ip, ip, #55	@ 0x37
100045ca:	f10c 0c30 	addls.w	ip, ip, #48	@ 0x30
100045ce:	2b07      	cmp	r3, #7
100045d0:	f880 c006 	strb.w	ip, [r0, #6]
100045d4:	d061      	beq.n	1000469a <pico_get_unique_board_id_string+0x176>
100045d6:	f002 020f 	and.w	r2, r2, #15
100045da:	2a09      	cmp	r2, #9
100045dc:	bf8c      	ite	hi
100045de:	3237      	addhi	r2, #55	@ 0x37
100045e0:	3230      	addls	r2, #48	@ 0x30
100045e2:	2b08      	cmp	r3, #8
100045e4:	71c2      	strb	r2, [r0, #7]
100045e6:	d058      	beq.n	1000469a <pico_get_unique_board_id_string+0x176>
100045e8:	790a      	ldrb	r2, [r1, #4]
100045ea:	ea4f 1c12 	mov.w	ip, r2, lsr #4
100045ee:	2a9f      	cmp	r2, #159	@ 0x9f
100045f0:	bf8c      	ite	hi
100045f2:	f10c 0c37 	addhi.w	ip, ip, #55	@ 0x37
100045f6:	f10c 0c30 	addls.w	ip, ip, #48	@ 0x30
100045fa:	2b09      	cmp	r3, #9
100045fc:	f880 c008 	strb.w	ip, [r0, #8]
10004600:	d04b      	beq.n	1000469a <pico_get_unique_board_id_string+0x176>
10004602:	f002 020f 	and.w	r2, r2, #15
10004606:	2a09      	cmp	r2, #9
10004608:	bf8c      	ite	hi
1000460a:	3237      	addhi	r2, #55	@ 0x37
1000460c:	3230      	addls	r2, #48	@ 0x30
1000460e:	2b0a      	cmp	r3, #10
10004610:	7242      	strb	r2, [r0, #9]
10004612:	d042      	beq.n	1000469a <pico_get_unique_board_id_string+0x176>
10004614:	794a      	ldrb	r2, [r1, #5]
10004616:	ea4f 1c12 	mov.w	ip, r2, lsr #4
1000461a:	2a9f      	cmp	r2, #159	@ 0x9f
1000461c:	bf8c      	ite	hi
1000461e:	f10c 0c37 	addhi.w	ip, ip, #55	@ 0x37
10004622:	f10c 0c30 	addls.w	ip, ip, #48	@ 0x30
10004626:	2b0b      	cmp	r3, #11
10004628:	f880 c00a 	strb.w	ip, [r0, #10]
1000462c:	d035      	beq.n	1000469a <pico_get_unique_board_id_string+0x176>
1000462e:	f002 020f 	and.w	r2, r2, #15
10004632:	2a09      	cmp	r2, #9
10004634:	bf8c      	ite	hi
10004636:	3237      	addhi	r2, #55	@ 0x37
10004638:	3230      	addls	r2, #48	@ 0x30
1000463a:	2b0c      	cmp	r3, #12
1000463c:	72c2      	strb	r2, [r0, #11]
1000463e:	d02c      	beq.n	1000469a <pico_get_unique_board_id_string+0x176>
10004640:	798a      	ldrb	r2, [r1, #6]
10004642:	ea4f 1c12 	mov.w	ip, r2, lsr #4
10004646:	2a9f      	cmp	r2, #159	@ 0x9f
10004648:	bf8c      	ite	hi
1000464a:	f10c 0c37 	addhi.w	ip, ip, #55	@ 0x37
1000464e:	f10c 0c30 	addls.w	ip, ip, #48	@ 0x30
10004652:	2b0d      	cmp	r3, #13
10004654:	f880 c00c 	strb.w	ip, [r0, #12]
10004658:	d01f      	beq.n	1000469a <pico_get_unique_board_id_string+0x176>
1000465a:	f002 020f 	and.w	r2, r2, #15
1000465e:	2a09      	cmp	r2, #9
10004660:	bf8c      	ite	hi
10004662:	3237      	addhi	r2, #55	@ 0x37
10004664:	3230      	addls	r2, #48	@ 0x30
10004666:	2b0e      	cmp	r3, #14
10004668:	7342      	strb	r2, [r0, #13]
1000466a:	d016      	beq.n	1000469a <pico_get_unique_board_id_string+0x176>
1000466c:	79ca      	ldrb	r2, [r1, #7]
1000466e:	0911      	lsrs	r1, r2, #4
10004670:	2a9f      	cmp	r2, #159	@ 0x9f
10004672:	bf8c      	ite	hi
10004674:	3137      	addhi	r1, #55	@ 0x37
10004676:	3130      	addls	r1, #48	@ 0x30
10004678:	2b0f      	cmp	r3, #15
1000467a:	7381      	strb	r1, [r0, #14]
1000467c:	d00d      	beq.n	1000469a <pico_get_unique_board_id_string+0x176>
1000467e:	f002 020f 	and.w	r2, r2, #15
10004682:	2a09      	cmp	r2, #9
10004684:	bf94      	ite	ls
10004686:	3230      	addls	r2, #48	@ 0x30
10004688:	3237      	addhi	r2, #55	@ 0x37
1000468a:	2b10      	cmp	r3, #16
1000468c:	73c2      	strb	r2, [r0, #15]
1000468e:	bf18      	it	ne
10004690:	3010      	addne	r0, #16
10004692:	d002      	beq.n	1000469a <pico_get_unique_board_id_string+0x176>
10004694:	2300      	movs	r3, #0
10004696:	7003      	strb	r3, [r0, #0]
10004698:	4770      	bx	lr
1000469a:	4418      	add	r0, r3
1000469c:	2300      	movs	r3, #0
1000469e:	7003      	strb	r3, [r0, #0]
100046a0:	4770      	bx	lr
100046a2:	bf00      	nop
100046a4:	200029f8 	.word	0x200029f8

100046a8 <dcd_init>:
100046a8:	b570      	push	{r4, r5, r6, lr}
100046aa:	f000 f92d 	bl	10004908 <rp2040_usb_init>
100046ae:	230c      	movs	r3, #12
100046b0:	2640      	movs	r6, #64	@ 0x40
100046b2:	4c19      	ldr	r4, [pc, #100]	@ (10004718 <dcd_init+0x70>)
100046b4:	22ff      	movs	r2, #255	@ 0xff
100046b6:	67a3      	str	r3, [r4, #120]	@ 0x78
100046b8:	200e      	movs	r0, #14
100046ba:	4918      	ldr	r1, [pc, #96]	@ (1000471c <dcd_init+0x74>)
100046bc:	f7fc f97c 	bl	100009b8 <irq_add_shared_handler>
100046c0:	4632      	mov	r2, r6
100046c2:	2100      	movs	r1, #0
100046c4:	4816      	ldr	r0, [pc, #88]	@ (10004720 <dcd_init+0x78>)
100046c6:	f002 fd47 	bl	10007158 <memset>
100046ca:	2501      	movs	r5, #1
100046cc:	2300      	movs	r3, #0
100046ce:	2180      	movs	r1, #128	@ 0x80
100046d0:	4813      	ldr	r0, [pc, #76]	@ (10004720 <dcd_init+0x78>)
100046d2:	4a14      	ldr	r2, [pc, #80]	@ (10004724 <dcd_init+0x7c>)
100046d4:	8441      	strh	r1, [r0, #34]	@ 0x22
100046d6:	7045      	strb	r5, [r0, #1]
100046d8:	8306      	strh	r6, [r0, #24]
100046da:	8706      	strh	r6, [r0, #56]	@ 0x38
100046dc:	6082      	str	r2, [r0, #8]
100046de:	6043      	str	r3, [r0, #4]
100046e0:	6013      	str	r3, [r2, #0]
100046e2:	f842 3c04 	str.w	r3, [r2, #-4]
100046e6:	f880 3021 	strb.w	r3, [r0, #33]	@ 0x21
100046ea:	f880 303b 	strb.w	r3, [r0, #59]	@ 0x3b
100046ee:	6243      	str	r3, [r0, #36]	@ 0x24
100046f0:	4b0d      	ldr	r3, [pc, #52]	@ (10004728 <dcd_init+0x80>)
100046f2:	f04f 5600 	mov.w	r6, #536870912	@ 0x20000000
100046f6:	60c3      	str	r3, [r0, #12]
100046f8:	62c3      	str	r3, [r0, #44]	@ 0x2c
100046fa:	3b80      	subs	r3, #128	@ 0x80
100046fc:	6283      	str	r3, [r0, #40]	@ 0x28
100046fe:	f008 faeb 	bl	1000ccd8 <__reset_non_control_endpoints_veneer>
10004702:	f44f 3280 	mov.w	r2, #65536	@ 0x10000
10004706:	4909      	ldr	r1, [pc, #36]	@ (1000472c <dcd_init+0x84>)
10004708:	4b09      	ldr	r3, [pc, #36]	@ (10004730 <dcd_init+0x88>)
1000470a:	6425      	str	r5, [r4, #64]	@ 0x40
1000470c:	4628      	mov	r0, r5
1000470e:	64e6      	str	r6, [r4, #76]	@ 0x4c
10004710:	f8c4 1090 	str.w	r1, [r4, #144]	@ 0x90
10004714:	64da      	str	r2, [r3, #76]	@ 0x4c
10004716:	bd70      	pop	{r4, r5, r6, pc}
10004718:	50110000 	.word	0x50110000
1000471c:	2000039d 	.word	0x2000039d
10004720:	200025a4 	.word	0x200025a4
10004724:	50100084 	.word	0x50100084
10004728:	50100100 	.word	0x50100100
1000472c:	0001d010 	.word	0x0001d010
10004730:	50112000 	.word	0x50112000

10004734 <dcd_int_enable>:
10004734:	2101      	movs	r1, #1
10004736:	200e      	movs	r0, #14
10004738:	f7fc b8cc 	b.w	100008d4 <irq_set_enabled>

1000473c <dcd_set_address>:
1000473c:	2200      	movs	r2, #0
1000473e:	4802      	ldr	r0, [pc, #8]	@ (10004748 <dcd_set_address+0xc>)
10004740:	4611      	mov	r1, r2
10004742:	f000 b901 	b.w	10004948 <hw_endpoint_xfer_start>
10004746:	bf00      	nop
10004748:	200025c4 	.word	0x200025c4

1000474c <dcd_sof_enable>:
1000474c:	4b04      	ldr	r3, [pc, #16]	@ (10004760 <dcd_sof_enable+0x14>)
1000474e:	7019      	strb	r1, [r3, #0]
10004750:	b121      	cbz	r1, 1000475c <dcd_sof_enable+0x10>
10004752:	f44f 3200 	mov.w	r2, #131072	@ 0x20000
10004756:	4b03      	ldr	r3, [pc, #12]	@ (10004764 <dcd_sof_enable+0x18>)
10004758:	f8c3 2090 	str.w	r2, [r3, #144]	@ 0x90
1000475c:	4770      	bx	lr
1000475e:	bf00      	nop
10004760:	20002a1e 	.word	0x20002a1e
10004764:	50112000 	.word	0x50112000

10004768 <dcd_edpt0_status_complete>:
10004768:	780b      	ldrb	r3, [r1, #0]
1000476a:	065b      	lsls	r3, r3, #25
1000476c:	d102      	bne.n	10004774 <dcd_edpt0_status_complete+0xc>
1000476e:	784b      	ldrb	r3, [r1, #1]
10004770:	2b05      	cmp	r3, #5
10004772:	d000      	beq.n	10004776 <dcd_edpt0_status_complete+0xe>
10004774:	4770      	bx	lr
10004776:	884b      	ldrh	r3, [r1, #2]
10004778:	4a01      	ldr	r2, [pc, #4]	@ (10004780 <dcd_edpt0_status_complete+0x18>)
1000477a:	b2db      	uxtb	r3, r3
1000477c:	6013      	str	r3, [r2, #0]
1000477e:	4770      	bx	lr
10004780:	50110000 	.word	0x50110000

10004784 <dcd_edpt_open>:
10004784:	78cb      	ldrb	r3, [r1, #3]
10004786:	e92d 41f0 	stmdb	sp!, {r4, r5, r6, r7, r8, lr}
1000478a:	f003 0e03 	and.w	lr, r3, #3
1000478e:	f1be 0f01 	cmp.w	lr, #1
10004792:	f3c3 0001 	ubfx	r0, r3, #0, #2
10004796:	d05b      	beq.n	10004850 <dcd_edpt_open+0xcc>
10004798:	2700      	movs	r7, #0
1000479a:	f891 c002 	ldrb.w	ip, [r1, #2]
1000479e:	4c34      	ldr	r4, [pc, #208]	@ (10004870 <dcd_edpt_open+0xec>)
100047a0:	f00c 027f 	and.w	r2, ip, #127	@ 0x7f
100047a4:	0056      	lsls	r6, r2, #1
100047a6:	8889      	ldrh	r1, [r1, #4]
100047a8:	eb06 13dc 	add.w	r3, r6, ip, lsr #7
100047ac:	eb04 1343 	add.w	r3, r4, r3, lsl #5
100047b0:	ea4f 15dc 	mov.w	r5, ip, lsr #7
100047b4:	76d8      	strb	r0, [r3, #27]
100047b6:	f3c1 010a 	ubfx	r1, r1, #0, #11
100047ba:	f085 0001 	eor.w	r0, r5, #1
100047be:	f883 c002 	strb.w	ip, [r3, #2]
100047c2:	8319      	strh	r1, [r3, #24]
100047c4:	7058      	strb	r0, [r3, #1]
100047c6:	70df      	strb	r7, [r3, #3]
100047c8:	00d3      	lsls	r3, r2, #3
100047ca:	bb8d      	cbnz	r5, 10004830 <dcd_edpt_open+0xac>
100047cc:	4829      	ldr	r0, [pc, #164]	@ (10004874 <dcd_edpt_open+0xf0>)
100047ce:	3304      	adds	r3, #4
100047d0:	eb04 1c82 	add.w	ip, r4, r2, lsl #6
100047d4:	eb03 0800 	add.w	r8, r3, r0
100047d8:	f8cc 8008 	str.w	r8, [ip, #8]
100047dc:	501f      	str	r7, [r3, r0]
100047de:	b382      	cbz	r2, 10004842 <dcd_edpt_open+0xbe>
100047e0:	4b25      	ldr	r3, [pc, #148]	@ (10004878 <dcd_edpt_open+0xf4>)
100047e2:	00d2      	lsls	r2, r2, #3
100047e4:	4413      	add	r3, r2
100047e6:	f8cc 3004 	str.w	r3, [ip, #4]
100047ea:	4b24      	ldr	r3, [pc, #144]	@ (1000487c <dcd_edpt_open+0xf8>)
100047ec:	313f      	adds	r1, #63	@ 0x3f
100047ee:	681a      	ldr	r2, [r3, #0]
100047f0:	f021 013f 	bic.w	r1, r1, #63	@ 0x3f
100047f4:	f1be 0f02 	cmp.w	lr, #2
100047f8:	bf08      	it	eq
100047fa:	0049      	lsleq	r1, r1, #1
100047fc:	4411      	add	r1, r2
100047fe:	6019      	str	r1, [r3, #0]
10004800:	4b1f      	ldr	r3, [pc, #124]	@ (10004880 <dcd_edpt_open+0xfc>)
10004802:	1977      	adds	r7, r6, r5
10004804:	eb04 1747 	add.w	r7, r4, r7, lsl #5
10004808:	4299      	cmp	r1, r3
1000480a:	60fa      	str	r2, [r7, #12]
1000480c:	d82b      	bhi.n	10004866 <dcd_edpt_open+0xe2>
1000480e:	442e      	add	r6, r5
10004810:	eb04 1346 	add.w	r3, r4, r6, lsl #5
10004814:	7ed9      	ldrb	r1, [r3, #27]
10004816:	f082 42a0 	eor.w	r2, r2, #1342177280	@ 0x50000000
1000481a:	f482 1280 	eor.w	r2, r2, #1048576	@ 0x100000
1000481e:	685b      	ldr	r3, [r3, #4]
10004820:	ea42 6281 	orr.w	r2, r2, r1, lsl #26
10004824:	f042 4200 	orr.w	r2, r2, #2147483648	@ 0x80000000
10004828:	601a      	str	r2, [r3, #0]
1000482a:	2001      	movs	r0, #1
1000482c:	e8bd 81f0 	ldmia.w	sp!, {r4, r5, r6, r7, r8, pc}
10004830:	4810      	ldr	r0, [pc, #64]	@ (10004874 <dcd_edpt_open+0xf0>)
10004832:	eb04 1c82 	add.w	ip, r4, r2, lsl #6
10004836:	4403      	add	r3, r0
10004838:	f8cc 3028 	str.w	r3, [ip, #40]	@ 0x28
1000483c:	f840 7032 	str.w	r7, [r0, r2, lsl #3]
10004840:	b94a      	cbnz	r2, 10004856 <dcd_edpt_open+0xd2>
10004842:	2200      	movs	r2, #0
10004844:	490f      	ldr	r1, [pc, #60]	@ (10004884 <dcd_edpt_open+0x100>)
10004846:	eb04 1345 	add.w	r3, r4, r5, lsl #5
1000484a:	60d9      	str	r1, [r3, #12]
1000484c:	605a      	str	r2, [r3, #4]
1000484e:	e7ec      	b.n	1000482a <dcd_edpt_open+0xa6>
10004850:	2000      	movs	r0, #0
10004852:	e8bd 81f0 	ldmia.w	sp!, {r4, r5, r6, r7, r8, pc}
10004856:	00d2      	lsls	r2, r2, #3
10004858:	f102 42a0 	add.w	r2, r2, #1342177280	@ 0x50000000
1000485c:	f502 1280 	add.w	r2, r2, #1048576	@ 0x100000
10004860:	f8cc 2024 	str.w	r2, [ip, #36]	@ 0x24
10004864:	e7c1      	b.n	100047ea <dcd_edpt_open+0x66>
10004866:	f7fd f935 	bl	10001ad4 <hard_assertion_failure>
1000486a:	68fa      	ldr	r2, [r7, #12]
1000486c:	e7cf      	b.n	1000480e <dcd_edpt_open+0x8a>
1000486e:	bf00      	nop
10004870:	200025a4 	.word	0x200025a4
10004874:	50100080 	.word	0x50100080
10004878:	50100004 	.word	0x50100004
1000487c:	200029ac 	.word	0x200029ac
10004880:	50100fff 	.word	0x50100fff
10004884:	50100100 	.word	0x50100100

10004888 <dcd_edpt_close_all>:
10004888:	f008 ba26 	b.w	1000ccd8 <__reset_non_control_endpoints_veneer>

1000488c <dcd_edpt_xfer>:
1000488c:	468c      	mov	ip, r1
1000488e:	b508      	push	{r3, lr}
10004890:	4611      	mov	r1, r2
10004892:	4807      	ldr	r0, [pc, #28]	@ (100048b0 <dcd_edpt_xfer+0x24>)
10004894:	461a      	mov	r2, r3
10004896:	f00c 037f 	and.w	r3, ip, #127	@ 0x7f
1000489a:	ea4f 1cdc 	mov.w	ip, ip, lsr #7
1000489e:	eb0c 0c43 	add.w	ip, ip, r3, lsl #1
100048a2:	eb00 104c 	add.w	r0, r0, ip, lsl #5
100048a6:	f000 f84f 	bl	10004948 <hw_endpoint_xfer_start>
100048aa:	2001      	movs	r0, #1
100048ac:	bd08      	pop	{r3, pc}
100048ae:	bf00      	nop
100048b0:	200025a4 	.word	0x200025a4

100048b4 <dcd_edpt_stall>:
100048b4:	f011 027f 	ands.w	r2, r1, #127	@ 0x7f
100048b8:	d105      	bne.n	100048c6 <dcd_edpt_stall+0x12>
100048ba:	2900      	cmp	r1, #0
100048bc:	bf0c      	ite	eq
100048be:	2002      	moveq	r0, #2
100048c0:	2001      	movne	r0, #1
100048c2:	4b06      	ldr	r3, [pc, #24]	@ (100048dc <dcd_edpt_stall+0x28>)
100048c4:	6698      	str	r0, [r3, #104]	@ 0x68
100048c6:	09c9      	lsrs	r1, r1, #7
100048c8:	4b05      	ldr	r3, [pc, #20]	@ (100048e0 <dcd_edpt_stall+0x2c>)
100048ca:	eb01 0042 	add.w	r0, r1, r2, lsl #1
100048ce:	eb03 1040 	add.w	r0, r3, r0, lsl #5
100048d2:	f44f 6200 	mov.w	r2, #2048	@ 0x800
100048d6:	2100      	movs	r1, #0
100048d8:	f008 ba12 	b.w	1000cd00 <___hw_endpoint_buffer_control_update32_veneer>
100048dc:	50112000 	.word	0x50112000
100048e0:	200025a4 	.word	0x200025a4

100048e4 <dcd_edpt_clear_stall>:
100048e4:	f011 037f 	ands.w	r3, r1, #127	@ 0x7f
100048e8:	d100      	bne.n	100048ec <dcd_edpt_clear_stall+0x8>
100048ea:	4770      	bx	lr
100048ec:	2200      	movs	r2, #0
100048ee:	4805      	ldr	r0, [pc, #20]	@ (10004904 <dcd_edpt_clear_stall+0x20>)
100048f0:	005b      	lsls	r3, r3, #1
100048f2:	eb03 13d1 	add.w	r3, r3, r1, lsr #7
100048f6:	eb00 1043 	add.w	r0, r0, r3, lsl #5
100048fa:	f46f 6100 	mvn.w	r1, #2048	@ 0x800
100048fe:	70c2      	strb	r2, [r0, #3]
10004900:	f008 b9fe 	b.w	1000cd00 <___hw_endpoint_buffer_control_update32_veneer>
10004904:	200025a4 	.word	0x200025a4

10004908 <rp2040_usb_init>:
10004908:	f04f 5280 	mov.w	r2, #268435456	@ 0x10000000
1000490c:	4809      	ldr	r0, [pc, #36]	@ (10004934 <rp2040_usb_init+0x2c>)
1000490e:	490a      	ldr	r1, [pc, #40]	@ (10004938 <rp2040_usb_init+0x30>)
10004910:	b508      	push	{r3, lr}
10004912:	4b0a      	ldr	r3, [pc, #40]	@ (1000493c <rp2040_usb_init+0x34>)
10004914:	6002      	str	r2, [r0, #0]
10004916:	600a      	str	r2, [r1, #0]
10004918:	6899      	ldr	r1, [r3, #8]
1000491a:	43c9      	mvns	r1, r1
1000491c:	f011 5180 	ands.w	r1, r1, #268435456	@ 0x10000000
10004920:	d1fa      	bne.n	10004918 <rp2040_usb_init+0x10>
10004922:	f44f 5280 	mov.w	r2, #4096	@ 0x1000
10004926:	4806      	ldr	r0, [pc, #24]	@ (10004940 <rp2040_usb_init+0x38>)
10004928:	f002 fc16 	bl	10007158 <memset>
1000492c:	2209      	movs	r2, #9
1000492e:	4b05      	ldr	r3, [pc, #20]	@ (10004944 <rp2040_usb_init+0x3c>)
10004930:	675a      	str	r2, [r3, #116]	@ 0x74
10004932:	bd08      	pop	{r3, pc}
10004934:	40022000 	.word	0x40022000
10004938:	40023000 	.word	0x40023000
1000493c:	40020000 	.word	0x40020000
10004940:	50100000 	.word	0x50100000
10004944:	50110000 	.word	0x50110000

10004948 <hw_endpoint_xfer_start>:
10004948:	2300      	movs	r3, #0
1000494a:	f04f 0c01 	mov.w	ip, #1
1000494e:	b510      	push	{r4, lr}
10004950:	f880 c01a 	strb.w	ip, [r0, #26]
10004954:	8282      	strh	r2, [r0, #20]
10004956:	82c3      	strh	r3, [r0, #22]
10004958:	6101      	str	r1, [r0, #16]
1000495a:	4604      	mov	r4, r0
1000495c:	f008 f9b0 	bl	1000ccc0 <__e15_is_bulkin_ep_veneer>
10004960:	b120      	cbz	r0, 1000496c <hw_endpoint_xfer_start+0x24>
10004962:	f44f 3200 	mov.w	r2, #131072	@ 0x20000
10004966:	4b07      	ldr	r3, [pc, #28]	@ (10004984 <hw_endpoint_xfer_start+0x3c>)
10004968:	f8c3 2090 	str.w	r2, [r3, #144]	@ 0x90
1000496c:	4620      	mov	r0, r4
1000496e:	f008 f9c3 	bl	1000ccf8 <__e15_is_critical_frame_period_veneer>
10004972:	b110      	cbz	r0, 1000497a <hw_endpoint_xfer_start+0x32>
10004974:	2301      	movs	r3, #1
10004976:	7723      	strb	r3, [r4, #28]
10004978:	bd10      	pop	{r4, pc}
1000497a:	4620      	mov	r0, r4
1000497c:	e8bd 4010 	ldmia.w	sp!, {r4, lr}
10004980:	f008 b9a6 	b.w	1000ccd0 <__hw_endpoint_start_next_buffer_veneer>
10004984:	50112000 	.word	0x50112000

10004988 <configuration_reset>:
10004988:	e92d 41f0 	stmdb	sp!, {r4, r5, r6, r7, r8, lr}
1000498c:	2400      	movs	r4, #0
1000498e:	4e1d      	ldr	r6, [pc, #116]	@ (10004a04 <configuration_reset+0x7c>)
10004990:	4605      	mov	r5, r0
10004992:	4623      	mov	r3, r4
10004994:	7832      	ldrb	r2, [r6, #0]
10004996:	f8df 8078 	ldr.w	r8, [pc, #120]	@ 10004a10 <configuration_reset+0x88>
1000499a:	4f1b      	ldr	r7, [pc, #108]	@ (10004a08 <configuration_reset+0x80>)
1000499c:	e00d      	b.n	100049ba <configuration_reset+0x32>
1000499e:	683b      	ldr	r3, [r7, #0]
100049a0:	eb13 1344 	adds.w	r3, r3, r4, lsl #5
100049a4:	d024      	beq.n	100049f0 <configuration_reset+0x68>
100049a6:	68db      	ldr	r3, [r3, #12]
100049a8:	4628      	mov	r0, r5
100049aa:	4798      	blx	r3
100049ac:	7832      	ldrb	r2, [r6, #0]
100049ae:	3401      	adds	r4, #1
100049b0:	b2e4      	uxtb	r4, r4
100049b2:	1c51      	adds	r1, r2, #1
100049b4:	42a1      	cmp	r1, r4
100049b6:	4623      	mov	r3, r4
100049b8:	db06      	blt.n	100049c8 <configuration_reset+0x40>
100049ba:	42a2      	cmp	r2, r4
100049bc:	eba3 0302 	sub.w	r3, r3, r2
100049c0:	d8ed      	bhi.n	1000499e <configuration_reset+0x16>
100049c2:	eb08 1343 	add.w	r3, r8, r3, lsl #5
100049c6:	e7ee      	b.n	100049a6 <configuration_reset+0x1e>
100049c8:	2254      	movs	r2, #84	@ 0x54
100049ca:	2100      	movs	r1, #0
100049cc:	480f      	ldr	r0, [pc, #60]	@ (10004a0c <configuration_reset+0x84>)
100049ce:	f002 fbc3 	bl	10007158 <memset>
100049d2:	f04f 33ff 	mov.w	r3, #4294967295	@ 0xffffffff
100049d6:	480d      	ldr	r0, [pc, #52]	@ (10004a0c <configuration_reset+0x84>)
100049d8:	2220      	movs	r2, #32
100049da:	1d04      	adds	r4, r0, #4
100049dc:	6043      	str	r3, [r0, #4]
100049de:	e9c4 3301 	strd	r3, r3, [r4, #4]
100049e2:	60e3      	str	r3, [r4, #12]
100049e4:	21ff      	movs	r1, #255	@ 0xff
100049e6:	e8bd 41f0 	ldmia.w	sp!, {r4, r5, r6, r7, r8, lr}
100049ea:	3014      	adds	r0, #20
100049ec:	f002 bbb4 	b.w	10007158 <memset>
100049f0:	f04f 23e0 	mov.w	r3, #3758153728	@ 0xe000e000
100049f4:	f8d3 3df0 	ldr.w	r3, [r3, #3568]	@ 0xdf0
100049f8:	07db      	lsls	r3, r3, #31
100049fa:	d500      	bpl.n	100049fe <configuration_reset+0x76>
100049fc:	be00      	bkpt	0x0000
100049fe:	e8bd 81f0 	ldmia.w	sp!, {r4, r5, r6, r7, r8, pc}
10004a02:	bf00      	nop
10004a04:	20002a1d 	.word	0x20002a1d
10004a08:	20001f70 	.word	0x20001f70
10004a0c:	20002140 	.word	0x20002140
10004a10:	1000d344 	.word	0x1000d344

10004a14 <tud_event_hook_cb>:
10004a14:	4770      	bx	lr
10004a16:	bf00      	nop

10004a18 <tud_sof_cb>:
10004a18:	4770      	bx	lr
10004a1a:	bf00      	nop

10004a1c <tud_descriptor_device_qualifier_cb>:
10004a1c:	2000      	movs	r0, #0
10004a1e:	4770      	bx	lr

10004a20 <tud_descriptor_other_speed_configuration_cb>:
10004a20:	2000      	movs	r0, #0
10004a22:	4770      	bx	lr

10004a24 <tud_mount_cb>:
10004a24:	4770      	bx	lr
10004a26:	bf00      	nop

10004a28 <tud_umount_cb>:
10004a28:	4770      	bx	lr
10004a2a:	bf00      	nop

10004a2c <tud_suspend_cb>:
10004a2c:	4770      	bx	lr
10004a2e:	bf00      	nop

10004a30 <tud_resume_cb>:
10004a30:	4770      	bx	lr
10004a32:	bf00      	nop

10004a34 <tud_mounted>:
10004a34:	4b02      	ldr	r3, [pc, #8]	@ (10004a40 <tud_mounted+0xc>)
10004a36:	7858      	ldrb	r0, [r3, #1]
10004a38:	3800      	subs	r0, #0
10004a3a:	bf18      	it	ne
10004a3c:	2001      	movne	r0, #1
10004a3e:	4770      	bx	lr
10004a40:	20002140 	.word	0x20002140

10004a44 <tud_suspended>:
10004a44:	4b02      	ldr	r3, [pc, #8]	@ (10004a50 <tud_suspended+0xc>)
10004a46:	7818      	ldrb	r0, [r3, #0]
10004a48:	f3c0 0080 	ubfx	r0, r0, #2, #1
10004a4c:	4770      	bx	lr
10004a4e:	bf00      	nop
10004a50:	20002140 	.word	0x20002140

10004a54 <tud_rhport_init>:
10004a54:	e92d 47f0 	stmdb	sp!, {r4, r5, r6, r7, r8, r9, sl, lr}
10004a58:	f8df a0e4 	ldr.w	sl, [pc, #228]	@ 10004b40 <tud_rhport_init+0xec>
10004a5c:	f89a 3000 	ldrb.w	r3, [sl]
10004a60:	2bff      	cmp	r3, #255	@ 0xff
10004a62:	d156      	bne.n	10004b12 <tud_rhport_init+0xbe>
10004a64:	460e      	mov	r6, r1
10004a66:	2900      	cmp	r1, #0
10004a68:	d03e      	beq.n	10004ae8 <tud_rhport_init+0x94>
10004a6a:	2100      	movs	r1, #0
10004a6c:	2254      	movs	r2, #84	@ 0x54
10004a6e:	4607      	mov	r7, r0
10004a70:	4829      	ldr	r0, [pc, #164]	@ (10004b18 <tud_rhport_init+0xc4>)
10004a72:	f002 fb71 	bl	10007158 <memset>
10004a76:	2200      	movs	r2, #0
10004a78:	4c28      	ldr	r4, [pc, #160]	@ (10004b1c <tud_rhport_init+0xc8>)
10004a7a:	4b29      	ldr	r3, [pc, #164]	@ (10004b20 <tud_rhport_init+0xcc>)
10004a7c:	4620      	mov	r0, r4
10004a7e:	701a      	strb	r2, [r3, #0]
10004a80:	f7fc fa26 	bl	10000ed0 <mutex_init>
10004a84:	4b27      	ldr	r3, [pc, #156]	@ (10004b24 <tud_rhport_init+0xd0>)
10004a86:	4828      	ldr	r0, [pc, #160]	@ (10004b28 <tud_rhport_init+0xd4>)
10004a88:	601c      	str	r4, [r3, #0]
10004a8a:	4c28      	ldr	r4, [pc, #160]	@ (10004b2c <tud_rhport_init+0xd8>)
10004a8c:	f7fc fa2e 	bl	10000eec <critical_section_init>
10004a90:	4620      	mov	r0, r4
10004a92:	f001 fdab 	bl	100065ec <tu_fifo_clear>
10004a96:	4a26      	ldr	r2, [pc, #152]	@ (10004b30 <tud_rhport_init+0xdc>)
10004a98:	4b26      	ldr	r3, [pc, #152]	@ (10004b34 <tud_rhport_init+0xe0>)
10004a9a:	6014      	str	r4, [r2, #0]
10004a9c:	b123      	cbz	r3, 10004aa8 <tud_rhport_init+0x54>
10004a9e:	4826      	ldr	r0, [pc, #152]	@ (10004b38 <tud_rhport_init+0xe4>)
10004aa0:	f7ff fac0 	bl	10004024 <usbd_app_driver_get_cb>
10004aa4:	4b25      	ldr	r3, [pc, #148]	@ (10004b3c <tud_rhport_init+0xe8>)
10004aa6:	6018      	str	r0, [r3, #0]
10004aa8:	2400      	movs	r4, #0
10004aaa:	4d23      	ldr	r5, [pc, #140]	@ (10004b38 <tud_rhport_init+0xe4>)
10004aac:	4623      	mov	r3, r4
10004aae:	782a      	ldrb	r2, [r5, #0]
10004ab0:	f8df 9090 	ldr.w	r9, [pc, #144]	@ 10004b44 <tud_rhport_init+0xf0>
10004ab4:	f8df 8084 	ldr.w	r8, [pc, #132]	@ 10004b3c <tud_rhport_init+0xe8>
10004ab8:	e00e      	b.n	10004ad8 <tud_rhport_init+0x84>
10004aba:	f8d8 3000 	ldr.w	r3, [r8]
10004abe:	eb13 1344 	adds.w	r3, r3, r4, lsl #5
10004ac2:	d011      	beq.n	10004ae8 <tud_rhport_init+0x94>
10004ac4:	685b      	ldr	r3, [r3, #4]
10004ac6:	b17b      	cbz	r3, 10004ae8 <tud_rhport_init+0x94>
10004ac8:	4798      	blx	r3
10004aca:	782a      	ldrb	r2, [r5, #0]
10004acc:	3401      	adds	r4, #1
10004ace:	b2e4      	uxtb	r4, r4
10004ad0:	1c51      	adds	r1, r2, #1
10004ad2:	42a1      	cmp	r1, r4
10004ad4:	4623      	mov	r3, r4
10004ad6:	db11      	blt.n	10004afc <tud_rhport_init+0xa8>
10004ad8:	42a2      	cmp	r2, r4
10004ada:	d8ee      	bhi.n	10004aba <tud_rhport_init+0x66>
10004adc:	1a9b      	subs	r3, r3, r2
10004ade:	eb09 1343 	add.w	r3, r9, r3, lsl #5
10004ae2:	685b      	ldr	r3, [r3, #4]
10004ae4:	2b00      	cmp	r3, #0
10004ae6:	d1ef      	bne.n	10004ac8 <tud_rhport_init+0x74>
10004ae8:	f04f 23e0 	mov.w	r3, #3758153728	@ 0xe000e000
10004aec:	f8d3 3df0 	ldr.w	r3, [r3, #3568]	@ 0xdf0
10004af0:	07db      	lsls	r3, r3, #31
10004af2:	d500      	bpl.n	10004af6 <tud_rhport_init+0xa2>
10004af4:	be00      	bkpt	0x0000
10004af6:	2000      	movs	r0, #0
10004af8:	e8bd 87f0 	ldmia.w	sp!, {r4, r5, r6, r7, r8, r9, sl, pc}
10004afc:	4631      	mov	r1, r6
10004afe:	4638      	mov	r0, r7
10004b00:	f88a 7000 	strb.w	r7, [sl]
10004b04:	f7ff fdd0 	bl	100046a8 <dcd_init>
10004b08:	2800      	cmp	r0, #0
10004b0a:	d0ed      	beq.n	10004ae8 <tud_rhport_init+0x94>
10004b0c:	4638      	mov	r0, r7
10004b0e:	f7ff fe11 	bl	10004734 <dcd_int_enable>
10004b12:	2001      	movs	r0, #1
10004b14:	e8bd 87f0 	ldmia.w	sp!, {r4, r5, r6, r7, r8, r9, sl, pc}
10004b18:	20002140 	.word	0x20002140
10004b1c:	20002138 	.word	0x20002138
10004b20:	20002a1f 	.word	0x20002a1f
10004b24:	20002194 	.word	0x20002194
10004b28:	20001588 	.word	0x20001588
10004b2c:	20001574 	.word	0x20001574
10004b30:	20002198 	.word	0x20002198
10004b34:	10004025 	.word	0x10004025
10004b38:	20002a1d 	.word	0x20002a1d
10004b3c:	20001f70 	.word	0x20001f70
10004b40:	20001590 	.word	0x20001590
10004b44:	1000d344 	.word	0x1000d344

10004b48 <tud_task_ext>:
10004b48:	e92d 4ff0 	stmdb	sp!, {r4, r5, r6, r7, r8, r9, sl, fp, lr}
10004b4c:	f8df 92c8 	ldr.w	r9, [pc, #712]	@ 10004e18 <tud_task_ext+0x2d0>
10004b50:	b08b      	sub	sp, #44	@ 0x2c
10004b52:	f899 3000 	ldrb.w	r3, [r9]
10004b56:	2bff      	cmp	r3, #255	@ 0xff
10004b58:	f000 80f1 	beq.w	10004d3e <tud_task_ext+0x1f6>
10004b5c:	4ca8      	ldr	r4, [pc, #672]	@ (10004e00 <tud_task_ext+0x2b8>)
10004b5e:	4da9      	ldr	r5, [pc, #676]	@ (10004e04 <tud_task_ext+0x2bc>)
10004b60:	f8df a2b0 	ldr.w	sl, [pc, #688]	@ 10004e14 <tud_task_ext+0x2cc>
10004b64:	f8df b2b4 	ldr.w	fp, [pc, #692]	@ 10004e1c <tud_task_ext+0x2d4>
10004b68:	6826      	ldr	r6, [r4, #0]
10004b6a:	6973      	ldr	r3, [r6, #20]
10004b6c:	f3ef 8210 	mrs	r2, PRIMASK
10004b70:	b672      	cpsid	i
10004b72:	e8d3 0fcf 	ldaexb	r0, [r3]
10004b76:	2101      	movs	r1, #1
10004b78:	2800      	cmp	r0, #0
10004b7a:	d1fa      	bne.n	10004b72 <tud_task_ext+0x2a>
10004b7c:	e8c3 1f40 	strexb	r0, r1, [r3]
10004b80:	2800      	cmp	r0, #0
10004b82:	d1f6      	bne.n	10004b72 <tud_task_ext+0x2a>
10004b84:	f3bf 8f5f 	dmb	sy
10004b88:	61b2      	str	r2, [r6, #24]
10004b8a:	4630      	mov	r0, r6
10004b8c:	a907      	add	r1, sp, #28
10004b8e:	f001 fb77 	bl	10006280 <tu_fifo_read>
10004b92:	2300      	movs	r3, #0
10004b94:	6972      	ldr	r2, [r6, #20]
10004b96:	e8c2 3f8f 	stlb	r3, [r2]
10004b9a:	69b3      	ldr	r3, [r6, #24]
10004b9c:	f383 8810 	msr	PRIMASK, r3
10004ba0:	2800      	cmp	r0, #0
10004ba2:	f000 80cc 	beq.w	10004d3e <tud_task_ext+0x1f6>
10004ba6:	f89d 301d 	ldrb.w	r3, [sp, #29]
10004baa:	3b01      	subs	r3, #1
10004bac:	2b07      	cmp	r3, #7
10004bae:	f200 837d 	bhi.w	100052ac <tud_task_ext+0x764>
10004bb2:	e8df f003 	tbb	[pc, r3]
10004bb6:	b1a7      	.short	0xb1a7
10004bb8:	358e9d95 	.word	0x358e9d95
10004bbc:	040a      	.short	0x040a
10004bbe:	9b08      	ldr	r3, [sp, #32]
10004bc0:	2b00      	cmp	r3, #0
10004bc2:	d0d1      	beq.n	10004b68 <tud_task_ext+0x20>
10004bc4:	9809      	ldr	r0, [sp, #36]	@ 0x24
10004bc6:	4798      	blx	r3
10004bc8:	e7ce      	b.n	10004b68 <tud_task_ext+0x20>
10004bca:	f89d 1020 	ldrb.w	r1, [sp, #32]
10004bce:	f001 067f 	and.w	r6, r1, #127	@ 0x7f
10004bd2:	eb05 0046 	add.w	r0, r5, r6, lsl #1
10004bd6:	eb00 10d1 	add.w	r0, r0, r1, lsr #7
10004bda:	f890 3034 	ldrb.w	r3, [r0, #52]	@ 0x34
10004bde:	f023 0301 	bic.w	r3, r3, #1
10004be2:	f880 3034 	strb.w	r3, [r0, #52]	@ 0x34
10004be6:	f890 3034 	ldrb.w	r3, [r0, #52]	@ 0x34
10004bea:	f023 0304 	bic.w	r3, r3, #4
10004bee:	f880 3034 	strb.w	r3, [r0, #52]	@ 0x34
10004bf2:	2e00      	cmp	r6, #0
10004bf4:	f000 80a6 	beq.w	10004d44 <tud_task_ext+0x1fc>
10004bf8:	7d03      	ldrb	r3, [r0, #20]
10004bfa:	f89a 2000 	ldrb.w	r2, [sl]
10004bfe:	4293      	cmp	r3, r2
10004c00:	f080 8093 	bcs.w	10004d2a <tud_task_ext+0x1e2>
10004c04:	4a80      	ldr	r2, [pc, #512]	@ (10004e08 <tud_task_ext+0x2c0>)
10004c06:	6812      	ldr	r2, [r2, #0]
10004c08:	eb12 1343 	adds.w	r3, r2, r3, lsl #5
10004c0c:	f000 8090 	beq.w	10004d30 <tud_task_ext+0x1e8>
10004c10:	699e      	ldr	r6, [r3, #24]
10004c12:	f89d 2021 	ldrb.w	r2, [sp, #33]	@ 0x21
10004c16:	9b09      	ldr	r3, [sp, #36]	@ 0x24
10004c18:	f89d 001c 	ldrb.w	r0, [sp, #28]
10004c1c:	47b0      	blx	r6
10004c1e:	e7a3      	b.n	10004b68 <tud_task_ext+0x20>
10004c20:	f89b 3000 	ldrb.w	r3, [fp]
10004c24:	2b00      	cmp	r3, #0
10004c26:	f000 8083 	beq.w	10004d30 <tud_task_ext+0x1e8>
10004c2a:	f89b 3000 	ldrb.w	r3, [fp]
10004c2e:	3b01      	subs	r3, #1
10004c30:	b2db      	uxtb	r3, r3
10004c32:	f88b 3000 	strb.w	r3, [fp]
10004c36:	f89b 3000 	ldrb.w	r3, [fp]
10004c3a:	f003 00ff 	and.w	r0, r3, #255	@ 0xff
10004c3e:	2b00      	cmp	r3, #0
10004c40:	d192      	bne.n	10004b68 <tud_task_ext+0x20>
10004c42:	4f70      	ldr	r7, [pc, #448]	@ (10004e04 <tud_task_ext+0x2bc>)
10004c44:	f89d 801c 	ldrb.w	r8, [sp, #28]
10004c48:	783b      	ldrb	r3, [r7, #0]
10004c4a:	f043 0301 	orr.w	r3, r3, #1
10004c4e:	703b      	strb	r3, [r7, #0]
10004c50:	f897 3034 	ldrb.w	r3, [r7, #52]	@ 0x34
10004c54:	f360 0300 	bfi	r3, r0, #0, #1
10004c58:	f887 3034 	strb.w	r3, [r7, #52]	@ 0x34
10004c5c:	f897 3034 	ldrb.w	r3, [r7, #52]	@ 0x34
10004c60:	f360 0382 	bfi	r3, r0, #2, #1
10004c64:	f887 3034 	strb.w	r3, [r7, #52]	@ 0x34
10004c68:	f897 3035 	ldrb.w	r3, [r7, #53]	@ 0x35
10004c6c:	f360 0300 	bfi	r3, r0, #0, #1
10004c70:	f887 3035 	strb.w	r3, [r7, #53]	@ 0x35
10004c74:	f897 3035 	ldrb.w	r3, [r7, #53]	@ 0x35
10004c78:	f360 0382 	bfi	r3, r0, #2, #1
10004c7c:	f887 3035 	strb.w	r3, [r7, #53]	@ 0x35
10004c80:	f000 fc6c 	bl	1000555c <usbd_control_set_complete_callback>
10004c84:	f89d 3020 	ldrb.w	r3, [sp, #32]
10004c88:	f003 0260 	and.w	r2, r3, #96	@ 0x60
10004c8c:	2a60      	cmp	r2, #96	@ 0x60
10004c8e:	d06c      	beq.n	10004d6a <tud_task_ext+0x222>
10004c90:	2a40      	cmp	r2, #64	@ 0x40
10004c92:	d07c      	beq.n	10004d8e <tud_task_ext+0x246>
10004c94:	f003 031f 	and.w	r3, r3, #31
10004c98:	2b01      	cmp	r3, #1
10004c9a:	f000 80c1 	beq.w	10004e20 <tud_task_ext+0x2d8>
10004c9e:	2b02      	cmp	r3, #2
10004ca0:	f000 8081 	beq.w	10004da6 <tud_task_ext+0x25e>
10004ca4:	2b00      	cmp	r3, #0
10004ca6:	d160      	bne.n	10004d6a <tud_task_ext+0x222>
10004ca8:	2a20      	cmp	r2, #32
10004caa:	f000 81e9 	beq.w	10005080 <tud_task_ext+0x538>
10004cae:	2a00      	cmp	r2, #0
10004cb0:	d15b      	bne.n	10004d6a <tud_task_ext+0x222>
10004cb2:	f89d 3021 	ldrb.w	r3, [sp, #33]	@ 0x21
10004cb6:	2b09      	cmp	r3, #9
10004cb8:	d857      	bhi.n	10004d6a <tud_task_ext+0x222>
10004cba:	e8df f013 	tbh	[pc, r3, lsl #1]
10004cbe:	01b0      	.short	0x01b0
10004cc0:	005601a2 	.word	0x005601a2
10004cc4:	005601c1 	.word	0x005601c1
10004cc8:	016b0195 	.word	0x016b0195
10004ccc:	01600056 	.word	0x01600056
10004cd0:	00f4      	.short	0x00f4
10004cd2:	782b      	ldrb	r3, [r5, #0]
10004cd4:	07d9      	lsls	r1, r3, #31
10004cd6:	f57f af47 	bpl.w	10004b68 <tud_task_ext+0x20>
10004cda:	f7ff fea9 	bl	10004a30 <tud_resume_cb>
10004cde:	e743      	b.n	10004b68 <tud_task_ext+0x20>
10004ce0:	78eb      	ldrb	r3, [r5, #3]
10004ce2:	07da      	lsls	r2, r3, #31
10004ce4:	f57f af40 	bpl.w	10004b68 <tud_task_ext+0x20>
10004ce8:	9808      	ldr	r0, [sp, #32]
10004cea:	f7ff fe95 	bl	10004a18 <tud_sof_cb>
10004cee:	e73b      	b.n	10004b68 <tud_task_ext+0x20>
10004cf0:	782b      	ldrb	r3, [r5, #0]
10004cf2:	07d8      	lsls	r0, r3, #31
10004cf4:	f57f af38 	bpl.w	10004b68 <tud_task_ext+0x20>
10004cf8:	7828      	ldrb	r0, [r5, #0]
10004cfa:	f3c0 00c0 	ubfx	r0, r0, #3, #1
10004cfe:	f7ff fe95 	bl	10004a2c <tud_suspend_cb>
10004d02:	e731      	b.n	10004b68 <tud_task_ext+0x20>
10004d04:	f89d 001c 	ldrb.w	r0, [sp, #28]
10004d08:	f7ff fe3e 	bl	10004988 <configuration_reset>
10004d0c:	f000 fc1c 	bl	10005548 <usbd_control_reset>
10004d10:	f89d 3020 	ldrb.w	r3, [sp, #32]
10004d14:	70ab      	strb	r3, [r5, #2]
10004d16:	e727      	b.n	10004b68 <tud_task_ext+0x20>
10004d18:	f89d 001c 	ldrb.w	r0, [sp, #28]
10004d1c:	f7ff fe34 	bl	10004988 <configuration_reset>
10004d20:	f000 fc12 	bl	10005548 <usbd_control_reset>
10004d24:	f7ff fe80 	bl	10004a28 <tud_umount_cb>
10004d28:	e71e      	b.n	10004b68 <tud_task_ext+0x20>
10004d2a:	1c50      	adds	r0, r2, #1
10004d2c:	4298      	cmp	r0, r3
10004d2e:	da11      	bge.n	10004d54 <tud_task_ext+0x20c>
10004d30:	f04f 23e0 	mov.w	r3, #3758153728	@ 0xe000e000
10004d34:	f8d3 3df0 	ldr.w	r3, [r3, #3568]	@ 0xdf0
10004d38:	07dc      	lsls	r4, r3, #31
10004d3a:	d500      	bpl.n	10004d3e <tud_task_ext+0x1f6>
10004d3c:	be00      	bkpt	0x0000
10004d3e:	b00b      	add	sp, #44	@ 0x2c
10004d40:	e8bd 8ff0 	ldmia.w	sp!, {r4, r5, r6, r7, r8, r9, sl, fp, pc}
10004d44:	9b09      	ldr	r3, [sp, #36]	@ 0x24
10004d46:	f89d 2021 	ldrb.w	r2, [sp, #33]	@ 0x21
10004d4a:	f89d 001c 	ldrb.w	r0, [sp, #28]
10004d4e:	f000 fc19 	bl	10005584 <usbd_control_xfer_cb>
10004d52:	e709      	b.n	10004b68 <tud_task_ext+0x20>
10004d54:	1a9b      	subs	r3, r3, r2
10004d56:	4a2d      	ldr	r2, [pc, #180]	@ (10004e0c <tud_task_ext+0x2c4>)
10004d58:	eb02 1343 	add.w	r3, r2, r3, lsl #5
10004d5c:	e758      	b.n	10004c10 <tud_task_ext+0xc8>
10004d5e:	f7ff fb8d 	bl	1000447c <tud_descriptor_configuration_cb>
10004d62:	4602      	mov	r2, r0
10004d64:	2800      	cmp	r0, #0
10004d66:	f040 8182 	bne.w	1000506e <tud_task_ext+0x526>
10004d6a:	f04f 23e0 	mov.w	r3, #3758153728	@ 0xe000e000
10004d6e:	f8d3 3df0 	ldr.w	r3, [r3, #3568]	@ 0xdf0
10004d72:	07de      	lsls	r6, r3, #31
10004d74:	d500      	bpl.n	10004d78 <tud_task_ext+0x230>
10004d76:	be00      	bkpt	0x0000
10004d78:	f89d 001c 	ldrb.w	r0, [sp, #28]
10004d7c:	2100      	movs	r1, #0
10004d7e:	f7ff fd99 	bl	100048b4 <dcd_edpt_stall>
10004d82:	2180      	movs	r1, #128	@ 0x80
10004d84:	f89d 001c 	ldrb.w	r0, [sp, #28]
10004d88:	f7ff fd94 	bl	100048b4 <dcd_edpt_stall>
10004d8c:	e6ec      	b.n	10004b68 <tud_task_ext+0x20>
10004d8e:	4820      	ldr	r0, [pc, #128]	@ (10004e10 <tud_task_ext+0x2c8>)
10004d90:	f000 fbe4 	bl	1000555c <usbd_control_set_complete_callback>
10004d94:	2101      	movs	r1, #1
10004d96:	4640      	mov	r0, r8
10004d98:	aa08      	add	r2, sp, #32
10004d9a:	f7ff f92f 	bl	10003ffc <tud_vendor_control_xfer_cb>
10004d9e:	2800      	cmp	r0, #0
10004da0:	f47f aee2 	bne.w	10004b68 <tud_task_ext+0x20>
10004da4:	e7e8      	b.n	10004d78 <tud_task_ext+0x230>
10004da6:	f89d 1024 	ldrb.w	r1, [sp, #36]	@ 0x24
10004daa:	f011 0f70 	tst.w	r1, #112	@ 0x70
10004dae:	d1dc      	bne.n	10004d6a <tud_task_ext+0x222>
10004db0:	f001 067f 	and.w	r6, r1, #127	@ 0x7f
10004db4:	eb07 0046 	add.w	r0, r7, r6, lsl #1
10004db8:	4b16      	ldr	r3, [pc, #88]	@ (10004e14 <tud_task_ext+0x2cc>)
10004dba:	eb00 10d1 	add.w	r0, r0, r1, lsr #7
10004dbe:	781b      	ldrb	r3, [r3, #0]
10004dc0:	7d00      	ldrb	r0, [r0, #20]
10004dc2:	0076      	lsls	r6, r6, #1
10004dc4:	9601      	str	r6, [sp, #4]
10004dc6:	4298      	cmp	r0, r3
10004dc8:	ea4f 16d1 	mov.w	r6, r1, lsr #7
10004dcc:	9600      	str	r6, [sp, #0]
10004dce:	d359      	bcc.n	10004e84 <tud_task_ext+0x33c>
10004dd0:	1c5e      	adds	r6, r3, #1
10004dd2:	4286      	cmp	r6, r0
10004dd4:	f2c0 8166 	blt.w	100050a4 <tud_task_ext+0x55c>
10004dd8:	1ac0      	subs	r0, r0, r3
10004dda:	4b0c      	ldr	r3, [pc, #48]	@ (10004e0c <tud_task_ext+0x2c4>)
10004ddc:	eb03 1640 	add.w	r6, r3, r0, lsl #5
10004de0:	2a00      	cmp	r2, #0
10004de2:	f000 8163 	beq.w	100050ac <tud_task_ext+0x564>
10004de6:	6970      	ldr	r0, [r6, #20]
10004de8:	f000 fbb8 	bl	1000555c <usbd_control_set_complete_callback>
10004dec:	2101      	movs	r1, #1
10004dee:	4640      	mov	r0, r8
10004df0:	6973      	ldr	r3, [r6, #20]
10004df2:	aa08      	add	r2, sp, #32
10004df4:	4798      	blx	r3
10004df6:	2800      	cmp	r0, #0
10004df8:	f47f aeb6 	bne.w	10004b68 <tud_task_ext+0x20>
10004dfc:	e7bc      	b.n	10004d78 <tud_task_ext+0x230>
10004dfe:	bf00      	nop
10004e00:	20002198 	.word	0x20002198
10004e04:	20002140 	.word	0x20002140
10004e08:	20001f70 	.word	0x20001f70
10004e0c:	1000d344 	.word	0x1000d344
10004e10:	10003ffd 	.word	0x10003ffd
10004e14:	20002a1d 	.word	0x20002a1d
10004e18:	20001590 	.word	0x20001590
10004e1c:	20002a1f 	.word	0x20002a1f
10004e20:	f89d 3024 	ldrb.w	r3, [sp, #36]	@ 0x24
10004e24:	2b0f      	cmp	r3, #15
10004e26:	d8a7      	bhi.n	10004d78 <tud_task_ext+0x230>
10004e28:	4aae      	ldr	r2, [pc, #696]	@ (100050e4 <tud_task_ext+0x59c>)
10004e2a:	443b      	add	r3, r7
10004e2c:	791b      	ldrb	r3, [r3, #4]
10004e2e:	7812      	ldrb	r2, [r2, #0]
10004e30:	4293      	cmp	r3, r2
10004e32:	d332      	bcc.n	10004e9a <tud_task_ext+0x352>
10004e34:	1c51      	adds	r1, r2, #1
10004e36:	4299      	cmp	r1, r3
10004e38:	db9e      	blt.n	10004d78 <tud_task_ext+0x230>
10004e3a:	4eab      	ldr	r6, [pc, #684]	@ (100050e8 <tud_task_ext+0x5a0>)
10004e3c:	1a9b      	subs	r3, r3, r2
10004e3e:	eb06 1643 	add.w	r6, r6, r3, lsl #5
10004e42:	6970      	ldr	r0, [r6, #20]
10004e44:	f000 fb8a 	bl	1000555c <usbd_control_set_complete_callback>
10004e48:	2101      	movs	r1, #1
10004e4a:	4640      	mov	r0, r8
10004e4c:	6973      	ldr	r3, [r6, #20]
10004e4e:	aa08      	add	r2, sp, #32
10004e50:	4798      	blx	r3
10004e52:	2800      	cmp	r0, #0
10004e54:	f47f ae88 	bne.w	10004b68 <tud_task_ext+0x20>
10004e58:	f89d 3020 	ldrb.w	r3, [sp, #32]
10004e5c:	f013 0660 	ands.w	r6, r3, #96	@ 0x60
10004e60:	d18a      	bne.n	10004d78 <tud_task_ext+0x230>
10004e62:	f89d 3021 	ldrb.w	r3, [sp, #33]	@ 0x21
10004e66:	3b0a      	subs	r3, #10
10004e68:	2b01      	cmp	r3, #1
10004e6a:	d885      	bhi.n	10004d78 <tud_task_ext+0x230>
10004e6c:	f000 fb76 	bl	1000555c <usbd_control_set_complete_callback>
10004e70:	f89d 3021 	ldrb.w	r3, [sp, #33]	@ 0x21
10004e74:	2b0a      	cmp	r3, #10
10004e76:	f000 81f2 	beq.w	1000525e <tud_task_ext+0x716>
10004e7a:	4640      	mov	r0, r8
10004e7c:	a908      	add	r1, sp, #32
10004e7e:	f000 faf1 	bl	10005464 <tud_control_status>
10004e82:	e671      	b.n	10004b68 <tud_task_ext+0x20>
10004e84:	4b99      	ldr	r3, [pc, #612]	@ (100050ec <tud_task_ext+0x5a4>)
10004e86:	681b      	ldr	r3, [r3, #0]
10004e88:	eb03 1640 	add.w	r6, r3, r0, lsl #5
10004e8c:	2a00      	cmp	r2, #0
10004e8e:	f000 810d 	beq.w	100050ac <tud_task_ext+0x564>
10004e92:	2e00      	cmp	r6, #0
10004e94:	f43f af70 	beq.w	10004d78 <tud_task_ext+0x230>
10004e98:	e7a5      	b.n	10004de6 <tud_task_ext+0x29e>
10004e9a:	4a94      	ldr	r2, [pc, #592]	@ (100050ec <tud_task_ext+0x5a4>)
10004e9c:	6816      	ldr	r6, [r2, #0]
10004e9e:	eb16 1643 	adds.w	r6, r6, r3, lsl #5
10004ea2:	d1ce      	bne.n	10004e42 <tud_task_ext+0x2fa>
10004ea4:	e768      	b.n	10004d78 <tud_task_ext+0x230>
10004ea6:	787b      	ldrb	r3, [r7, #1]
10004ea8:	f89d 6022 	ldrb.w	r6, [sp, #34]	@ 0x22
10004eac:	429e      	cmp	r6, r3
10004eae:	f000 814f 	beq.w	10005150 <tud_task_ext+0x608>
10004eb2:	787b      	ldrb	r3, [r7, #1]
10004eb4:	2b00      	cmp	r3, #0
10004eb6:	f040 81be 	bne.w	10005236 <tud_task_ext+0x6ee>
10004eba:	707e      	strb	r6, [r7, #1]
10004ebc:	2e00      	cmp	r6, #0
10004ebe:	f000 8145 	beq.w	1000514c <tud_task_ext+0x604>
10004ec2:	1e70      	subs	r0, r6, #1
10004ec4:	b2c0      	uxtb	r0, r0
10004ec6:	f7ff fad9 	bl	1000447c <tud_descriptor_configuration_cb>
10004eca:	4603      	mov	r3, r0
10004ecc:	2800      	cmp	r0, #0
10004ece:	f000 815f 	beq.w	10005190 <tud_task_ext+0x648>
10004ed2:	7842      	ldrb	r2, [r0, #1]
10004ed4:	2a02      	cmp	r2, #2
10004ed6:	f040 815b 	bne.w	10005190 <tud_task_ext+0x648>
10004eda:	79c1      	ldrb	r1, [r0, #7]
10004edc:	f103 0609 	add.w	r6, r3, #9
10004ee0:	f3c1 1240 	ubfx	r2, r1, #5, #1
10004ee4:	0112      	lsls	r2, r2, #4
10004ee6:	f3c1 1180 	ubfx	r1, r1, #6, #1
10004eea:	ea42 1241 	orr.w	r2, r2, r1, lsl #5
10004eee:	4631      	mov	r1, r6
10004ef0:	7838      	ldrb	r0, [r7, #0]
10004ef2:	f020 0030 	bic.w	r0, r0, #48	@ 0x30
10004ef6:	4302      	orrs	r2, r0
10004ef8:	703a      	strb	r2, [r7, #0]
10004efa:	885a      	ldrh	r2, [r3, #2]
10004efc:	f8cd 800c 	str.w	r8, [sp, #12]
10004f00:	189a      	adds	r2, r3, r2
10004f02:	9201      	str	r2, [sp, #4]
10004f04:	9b01      	ldr	r3, [sp, #4]
10004f06:	428b      	cmp	r3, r1
10004f08:	f240 81a4 	bls.w	10005254 <tud_task_ext+0x70c>
10004f0c:	784a      	ldrb	r2, [r1, #1]
10004f0e:	2a0b      	cmp	r2, #11
10004f10:	f000 81af 	beq.w	10005272 <tud_task_ext+0x72a>
10004f14:	2301      	movs	r3, #1
10004f16:	2a04      	cmp	r2, #4
10004f18:	f040 813a 	bne.w	10005190 <tud_task_ext+0x648>
10004f1c:	2600      	movs	r6, #0
10004f1e:	9a01      	ldr	r2, [sp, #4]
10004f20:	9600      	str	r6, [sp, #0]
10004f22:	1a52      	subs	r2, r2, r1
10004f24:	b292      	uxth	r2, r2
10004f26:	9202      	str	r2, [sp, #8]
10004f28:	4a6e      	ldr	r2, [pc, #440]	@ (100050e4 <tud_task_ext+0x59c>)
10004f2a:	9304      	str	r3, [sp, #16]
10004f2c:	7812      	ldrb	r2, [r2, #0]
10004f2e:	e01d      	b.n	10004f6c <tud_task_ext+0x424>
10004f30:	4b6e      	ldr	r3, [pc, #440]	@ (100050ec <tud_task_ext+0x5a4>)
10004f32:	681b      	ldr	r3, [r3, #0]
10004f34:	eb13 1846 	adds.w	r8, r3, r6, lsl #5
10004f38:	f000 812a 	beq.w	10005190 <tud_task_ext+0x648>
10004f3c:	9a02      	ldr	r2, [sp, #8]
10004f3e:	f8d8 3010 	ldr.w	r3, [r8, #16]
10004f42:	9803      	ldr	r0, [sp, #12]
10004f44:	9105      	str	r1, [sp, #20]
10004f46:	4798      	blx	r3
10004f48:	2808      	cmp	r0, #8
10004f4a:	4602      	mov	r2, r0
10004f4c:	9905      	ldr	r1, [sp, #20]
10004f4e:	f106 0301 	add.w	r3, r6, #1
10004f52:	d903      	bls.n	10004f5c <tud_task_ext+0x414>
10004f54:	9802      	ldr	r0, [sp, #8]
10004f56:	4290      	cmp	r0, r2
10004f58:	f080 80ff 	bcs.w	1000515a <tud_task_ext+0x612>
10004f5c:	b2de      	uxtb	r6, r3
10004f5e:	4b61      	ldr	r3, [pc, #388]	@ (100050e4 <tud_task_ext+0x59c>)
10004f60:	9600      	str	r6, [sp, #0]
10004f62:	781a      	ldrb	r2, [r3, #0]
10004f64:	1c53      	adds	r3, r2, #1
10004f66:	429e      	cmp	r6, r3
10004f68:	f300 8112 	bgt.w	10005190 <tud_task_ext+0x648>
10004f6c:	9b00      	ldr	r3, [sp, #0]
10004f6e:	42b2      	cmp	r2, r6
10004f70:	eba3 0202 	sub.w	r2, r3, r2
10004f74:	d8dc      	bhi.n	10004f30 <tud_task_ext+0x3e8>
10004f76:	4b5c      	ldr	r3, [pc, #368]	@ (100050e8 <tud_task_ext+0x5a0>)
10004f78:	eb03 1842 	add.w	r8, r3, r2, lsl #5
10004f7c:	e7de      	b.n	10004f3c <tud_task_ext+0x3f4>
10004f7e:	787b      	ldrb	r3, [r7, #1]
10004f80:	4640      	mov	r0, r8
10004f82:	f88d 301a 	strb.w	r3, [sp, #26]
10004f86:	f10d 021a 	add.w	r2, sp, #26
10004f8a:	2301      	movs	r3, #1
10004f8c:	a908      	add	r1, sp, #32
10004f8e:	f000 fa83 	bl	10005498 <tud_control_xfer>
10004f92:	e5e9      	b.n	10004b68 <tud_task_ext+0x20>
10004f94:	f8bd 0022 	ldrh.w	r0, [sp, #34]	@ 0x22
10004f98:	0a03      	lsrs	r3, r0, #8
10004f9a:	3b01      	subs	r3, #1
10004f9c:	0a02      	lsrs	r2, r0, #8
10004f9e:	b2c0      	uxtb	r0, r0
10004fa0:	2b0e      	cmp	r3, #14
10004fa2:	f63f aee9 	bhi.w	10004d78 <tud_task_ext+0x230>
10004fa6:	a101      	add	r1, pc, #4	@ (adr r1, 10004fac <tud_task_ext+0x464>)
10004fa8:	f851 f023 	ldr.w	pc, [r1, r3, lsl #2]
10004fac:	100051c1 	.word	0x100051c1
10004fb0:	1000505d 	.word	0x1000505d
10004fb4:	100051fd 	.word	0x100051fd
10004fb8:	10004d79 	.word	0x10004d79
10004fbc:	10004d79 	.word	0x10004d79
10004fc0:	100051df 	.word	0x100051df
10004fc4:	1000505d 	.word	0x1000505d
10004fc8:	10004d79 	.word	0x10004d79
10004fcc:	10004d79 	.word	0x10004d79
10004fd0:	10004d79 	.word	0x10004d79
10004fd4:	10004d79 	.word	0x10004d79
10004fd8:	10004d79 	.word	0x10004d79
10004fdc:	10004d79 	.word	0x10004d79
10004fe0:	10004d79 	.word	0x10004d79
10004fe4:	100051b3 	.word	0x100051b3
10004fe8:	a808      	add	r0, sp, #32
10004fea:	f000 fabd 	bl	10005568 <usbd_control_set_request>
10004fee:	4640      	mov	r0, r8
10004ff0:	f89d 1022 	ldrb.w	r1, [sp, #34]	@ 0x22
10004ff4:	f7ff fba2 	bl	1000473c <dcd_set_address>
10004ff8:	783b      	ldrb	r3, [r7, #0]
10004ffa:	f043 0302 	orr.w	r3, r3, #2
10004ffe:	703b      	strb	r3, [r7, #0]
10005000:	e5b2      	b.n	10004b68 <tud_task_ext+0x20>
10005002:	f8bd 3022 	ldrh.w	r3, [sp, #34]	@ 0x22
10005006:	2b01      	cmp	r3, #1
10005008:	f47f aeb6 	bne.w	10004d78 <tud_task_ext+0x230>
1000500c:	783b      	ldrb	r3, [r7, #0]
1000500e:	4640      	mov	r0, r8
10005010:	f023 0308 	bic.w	r3, r3, #8
10005014:	a908      	add	r1, sp, #32
10005016:	703b      	strb	r3, [r7, #0]
10005018:	f000 fa24 	bl	10005464 <tud_control_status>
1000501c:	e5a4      	b.n	10004b68 <tud_task_ext+0x20>
1000501e:	4640      	mov	r0, r8
10005020:	783b      	ldrb	r3, [r7, #0]
10005022:	089a      	lsrs	r2, r3, #2
10005024:	f002 0202 	and.w	r2, r2, #2
10005028:	f3c3 1340 	ubfx	r3, r3, #5, #1
1000502c:	4313      	orrs	r3, r2
1000502e:	f8ad 301a 	strh.w	r3, [sp, #26]
10005032:	f10d 021a 	add.w	r2, sp, #26
10005036:	2302      	movs	r3, #2
10005038:	a908      	add	r1, sp, #32
1000503a:	f000 fa2d 	bl	10005498 <tud_control_xfer>
1000503e:	e593      	b.n	10004b68 <tud_task_ext+0x20>
10005040:	f8bd 3022 	ldrh.w	r3, [sp, #34]	@ 0x22
10005044:	2b01      	cmp	r3, #1
10005046:	f47f ae97 	bne.w	10004d78 <tud_task_ext+0x230>
1000504a:	783b      	ldrb	r3, [r7, #0]
1000504c:	4640      	mov	r0, r8
1000504e:	f043 0308 	orr.w	r3, r3, #8
10005052:	a908      	add	r1, sp, #32
10005054:	703b      	strb	r3, [r7, #0]
10005056:	f000 fa05 	bl	10005464 <tud_control_status>
1000505a:	e585      	b.n	10004b68 <tud_task_ext+0x20>
1000505c:	2a02      	cmp	r2, #2
1000505e:	f43f ae7e 	beq.w	10004d5e <tud_task_ext+0x216>
10005062:	f7ff fcdd 	bl	10004a20 <tud_descriptor_other_speed_configuration_cb>
10005066:	4602      	mov	r2, r0
10005068:	2800      	cmp	r0, #0
1000506a:	f43f ae85 	beq.w	10004d78 <tud_task_ext+0x230>
1000506e:	4640      	mov	r0, r8
10005070:	8853      	ldrh	r3, [r2, #2]
10005072:	a908      	add	r1, sp, #32
10005074:	f000 fa10 	bl	10005498 <tud_control_xfer>
10005078:	2800      	cmp	r0, #0
1000507a:	f47f ad75 	bne.w	10004b68 <tud_task_ext+0x20>
1000507e:	e67b      	b.n	10004d78 <tud_task_ext+0x230>
10005080:	f89d 3024 	ldrb.w	r3, [sp, #36]	@ 0x24
10005084:	2b0f      	cmp	r3, #15
10005086:	f63f ae77 	bhi.w	10004d78 <tud_task_ext+0x230>
1000508a:	4a16      	ldr	r2, [pc, #88]	@ (100050e4 <tud_task_ext+0x59c>)
1000508c:	443b      	add	r3, r7
1000508e:	791b      	ldrb	r3, [r3, #4]
10005090:	7812      	ldrb	r2, [r2, #0]
10005092:	4293      	cmp	r3, r2
10005094:	d21d      	bcs.n	100050d2 <tud_task_ext+0x58a>
10005096:	4a15      	ldr	r2, [pc, #84]	@ (100050ec <tud_task_ext+0x5a4>)
10005098:	6816      	ldr	r6, [r2, #0]
1000509a:	eb16 1643 	adds.w	r6, r6, r3, lsl #5
1000509e:	f47f aea2 	bne.w	10004de6 <tud_task_ext+0x29e>
100050a2:	e669      	b.n	10004d78 <tud_task_ext+0x230>
100050a4:	2a00      	cmp	r2, #0
100050a6:	f47f ae67 	bne.w	10004d78 <tud_task_ext+0x230>
100050aa:	2600      	movs	r6, #0
100050ac:	f89d 2021 	ldrb.w	r2, [sp, #33]	@ 0x21
100050b0:	f002 03fd 	and.w	r3, r2, #253	@ 0xfd
100050b4:	2b01      	cmp	r3, #1
100050b6:	d01b      	beq.n	100050f0 <tud_task_ext+0x5a8>
100050b8:	2a00      	cmp	r2, #0
100050ba:	f47f ae56 	bne.w	10004d6a <tud_task_ext+0x222>
100050be:	9b01      	ldr	r3, [sp, #4]
100050c0:	9a00      	ldr	r2, [sp, #0]
100050c2:	443b      	add	r3, r7
100050c4:	4413      	add	r3, r2
100050c6:	f893 3034 	ldrb.w	r3, [r3, #52]	@ 0x34
100050ca:	4640      	mov	r0, r8
100050cc:	f3c3 0340 	ubfx	r3, r3, #1, #1
100050d0:	e7ad      	b.n	1000502e <tud_task_ext+0x4e6>
100050d2:	1c51      	adds	r1, r2, #1
100050d4:	4299      	cmp	r1, r3
100050d6:	f6ff ae4f 	blt.w	10004d78 <tud_task_ext+0x230>
100050da:	4e03      	ldr	r6, [pc, #12]	@ (100050e8 <tud_task_ext+0x5a0>)
100050dc:	1a9b      	subs	r3, r3, r2
100050de:	eb06 1643 	add.w	r6, r6, r3, lsl #5
100050e2:	e680      	b.n	10004de6 <tud_task_ext+0x29e>
100050e4:	20002a1d 	.word	0x20002a1d
100050e8:	1000d344 	.word	0x1000d344
100050ec:	20001f70 	.word	0x20001f70
100050f0:	f8bd 3022 	ldrh.w	r3, [sp, #34]	@ 0x22
100050f4:	b9b3      	cbnz	r3, 10005124 <tud_task_ext+0x5dc>
100050f6:	2a01      	cmp	r2, #1
100050f8:	f899 0000 	ldrb.w	r0, [r9]
100050fc:	f000 8086 	beq.w	1000520c <tud_task_ext+0x6c4>
10005100:	f7ff fbd8 	bl	100048b4 <dcd_edpt_stall>
10005104:	9b01      	ldr	r3, [sp, #4]
10005106:	9a00      	ldr	r2, [sp, #0]
10005108:	443b      	add	r3, r7
1000510a:	4413      	add	r3, r2
1000510c:	f893 2034 	ldrb.w	r2, [r3, #52]	@ 0x34
10005110:	f042 0202 	orr.w	r2, r2, #2
10005114:	f883 2034 	strb.w	r2, [r3, #52]	@ 0x34
10005118:	f893 2034 	ldrb.w	r2, [r3, #52]	@ 0x34
1000511c:	f042 0201 	orr.w	r2, r2, #1
10005120:	f883 2034 	strb.w	r2, [r3, #52]	@ 0x34
10005124:	2e00      	cmp	r6, #0
10005126:	f43f ad1f 	beq.w	10004b68 <tud_task_ext+0x20>
1000512a:	6970      	ldr	r0, [r6, #20]
1000512c:	f000 fa16 	bl	1000555c <usbd_control_set_complete_callback>
10005130:	6973      	ldr	r3, [r6, #20]
10005132:	2101      	movs	r1, #1
10005134:	aa08      	add	r2, sp, #32
10005136:	4640      	mov	r0, r8
10005138:	4798      	blx	r3
1000513a:	2000      	movs	r0, #0
1000513c:	f000 fa0e 	bl	1000555c <usbd_control_set_complete_callback>
10005140:	f897 3035 	ldrb.w	r3, [r7, #53]	@ 0x35
10005144:	07df      	lsls	r7, r3, #31
10005146:	f53f ad0f 	bmi.w	10004b68 <tud_task_ext+0x20>
1000514a:	e696      	b.n	10004e7a <tud_task_ext+0x332>
1000514c:	f7ff fc6c 	bl	10004a28 <tud_umount_cb>
10005150:	4640      	mov	r0, r8
10005152:	a908      	add	r1, sp, #32
10005154:	f000 f986 	bl	10005464 <tud_control_status>
10005158:	e506      	b.n	10004b68 <tud_task_ext+0x20>
1000515a:	9b04      	ldr	r3, [sp, #16]
1000515c:	2b01      	cmp	r3, #1
1000515e:	f000 809e 	beq.w	1000529e <tud_task_ext+0x756>
10005162:	2b00      	cmp	r3, #0
10005164:	f000 808a 	beq.w	1000527c <tud_task_ext+0x734>
10005168:	2000      	movs	r0, #0
1000516a:	f891 8002 	ldrb.w	r8, [r1, #2]
1000516e:	e005      	b.n	1000517c <tud_task_ext+0x634>
10005170:	f88c 6004 	strb.w	r6, [ip, #4]
10005174:	fa5f fc80 	uxtb.w	ip, r0
10005178:	4563      	cmp	r3, ip
1000517a:	d97f      	bls.n	1000527c <tud_task_ext+0x734>
1000517c:	eb08 0c00 	add.w	ip, r8, r0
10005180:	fa57 fc8c 	uxtab	ip, r7, ip
10005184:	f89c e004 	ldrb.w	lr, [ip, #4]
10005188:	3001      	adds	r0, #1
1000518a:	f1be 0fff 	cmp.w	lr, #255	@ 0xff
1000518e:	d0ef      	beq.n	10005170 <tud_task_ext+0x628>
10005190:	f04f 23e0 	mov.w	r3, #3758153728	@ 0xe000e000
10005194:	f8d3 3df0 	ldr.w	r3, [r3, #3568]	@ 0xdf0
10005198:	07da      	lsls	r2, r3, #31
1000519a:	d500      	bpl.n	1000519e <tud_task_ext+0x656>
1000519c:	be00      	bkpt	0x0000
1000519e:	f04f 23e0 	mov.w	r3, #3758153728	@ 0xe000e000
100051a2:	f8d3 3df0 	ldr.w	r3, [r3, #3568]	@ 0xdf0
100051a6:	07db      	lsls	r3, r3, #31
100051a8:	d500      	bpl.n	100051ac <tud_task_ext+0x664>
100051aa:	be00      	bkpt	0x0000
100051ac:	2300      	movs	r3, #0
100051ae:	707b      	strb	r3, [r7, #1]
100051b0:	e5e2      	b.n	10004d78 <tud_task_ext+0x230>
100051b2:	f7fe ff1f 	bl	10003ff4 <tud_descriptor_bos_cb>
100051b6:	4602      	mov	r2, r0
100051b8:	2800      	cmp	r0, #0
100051ba:	f47f af58 	bne.w	1000506e <tud_task_ext+0x526>
100051be:	e5db      	b.n	10004d78 <tud_task_ext+0x230>
100051c0:	f7ff f958 	bl	10004474 <tud_descriptor_device_cb>
100051c4:	4602      	mov	r2, r0
100051c6:	2800      	cmp	r0, #0
100051c8:	f43f adcf 	beq.w	10004d6a <tud_task_ext+0x222>
100051cc:	4640      	mov	r0, r8
100051ce:	2312      	movs	r3, #18
100051d0:	a908      	add	r1, sp, #32
100051d2:	f000 f961 	bl	10005498 <tud_control_xfer>
100051d6:	2800      	cmp	r0, #0
100051d8:	f47f acc6 	bne.w	10004b68 <tud_task_ext+0x20>
100051dc:	e5cc      	b.n	10004d78 <tud_task_ext+0x230>
100051de:	f7ff fc1d 	bl	10004a1c <tud_descriptor_device_qualifier_cb>
100051e2:	4602      	mov	r2, r0
100051e4:	2800      	cmp	r0, #0
100051e6:	f43f adc7 	beq.w	10004d78 <tud_task_ext+0x230>
100051ea:	4640      	mov	r0, r8
100051ec:	7813      	ldrb	r3, [r2, #0]
100051ee:	a908      	add	r1, sp, #32
100051f0:	f000 f952 	bl	10005498 <tud_control_xfer>
100051f4:	2800      	cmp	r0, #0
100051f6:	f47f acb7 	bne.w	10004b68 <tud_task_ext+0x20>
100051fa:	e5bd      	b.n	10004d78 <tud_task_ext+0x230>
100051fc:	f8bd 1024 	ldrh.w	r1, [sp, #36]	@ 0x24
10005200:	f7ff f940 	bl	10004484 <tud_descriptor_string_cb>
10005204:	4602      	mov	r2, r0
10005206:	2800      	cmp	r0, #0
10005208:	d1ef      	bne.n	100051ea <tud_task_ext+0x6a2>
1000520a:	e5b5      	b.n	10004d78 <tud_task_ext+0x230>
1000520c:	9302      	str	r3, [sp, #8]
1000520e:	f7ff fb69 	bl	100048e4 <dcd_edpt_clear_stall>
10005212:	9a01      	ldr	r2, [sp, #4]
10005214:	9b00      	ldr	r3, [sp, #0]
10005216:	443a      	add	r2, r7
10005218:	441a      	add	r2, r3
1000521a:	f892 1034 	ldrb.w	r1, [r2, #52]	@ 0x34
1000521e:	9b02      	ldr	r3, [sp, #8]
10005220:	f363 0141 	bfi	r1, r3, #1, #1
10005224:	f882 1034 	strb.w	r1, [r2, #52]	@ 0x34
10005228:	f892 1034 	ldrb.w	r1, [r2, #52]	@ 0x34
1000522c:	f363 0100 	bfi	r1, r3, #0, #1
10005230:	f882 1034 	strb.w	r1, [r2, #52]	@ 0x34
10005234:	e776      	b.n	10005124 <tud_task_ext+0x5dc>
10005236:	2100      	movs	r1, #0
10005238:	4640      	mov	r0, r8
1000523a:	f7ff fa87 	bl	1000474c <dcd_sof_enable>
1000523e:	4640      	mov	r0, r8
10005240:	f7ff fb22 	bl	10004888 <dcd_edpt_close_all>
10005244:	78bb      	ldrb	r3, [r7, #2]
10005246:	4640      	mov	r0, r8
10005248:	9300      	str	r3, [sp, #0]
1000524a:	f7ff fb9d 	bl	10004988 <configuration_reset>
1000524e:	9b00      	ldr	r3, [sp, #0]
10005250:	70bb      	strb	r3, [r7, #2]
10005252:	e632      	b.n	10004eba <tud_task_ext+0x372>
10005254:	f8dd 800c 	ldr.w	r8, [sp, #12]
10005258:	f7ff fbe4 	bl	10004a24 <tud_mount_cb>
1000525c:	e778      	b.n	10005150 <tud_task_ext+0x608>
1000525e:	4640      	mov	r0, r8
10005260:	2301      	movs	r3, #1
10005262:	a908      	add	r1, sp, #32
10005264:	f10d 021a 	add.w	r2, sp, #26
10005268:	f88d 601a 	strb.w	r6, [sp, #26]
1000526c:	f000 f914 	bl	10005498 <tud_control_xfer>
10005270:	e47a      	b.n	10004b68 <tud_task_ext+0x20>
10005272:	780a      	ldrb	r2, [r1, #0]
10005274:	78cb      	ldrb	r3, [r1, #3]
10005276:	4411      	add	r1, r2
10005278:	784a      	ldrb	r2, [r1, #1]
1000527a:	e64c      	b.n	10004f16 <tud_task_ext+0x3ce>
1000527c:	4633      	mov	r3, r6
1000527e:	4810      	ldr	r0, [pc, #64]	@ (100052c0 <tud_task_ext+0x778>)
10005280:	9204      	str	r2, [sp, #16]
10005282:	9102      	str	r1, [sp, #8]
10005284:	f000 fe76 	bl	10005f74 <tu_edpt_bind_driver>
10005288:	4b0e      	ldr	r3, [pc, #56]	@ (100052c4 <tud_task_ext+0x77c>)
1000528a:	9a04      	ldr	r2, [sp, #16]
1000528c:	9902      	ldr	r1, [sp, #8]
1000528e:	781b      	ldrb	r3, [r3, #0]
10005290:	4411      	add	r1, r2
10005292:	9a00      	ldr	r2, [sp, #0]
10005294:	3301      	adds	r3, #1
10005296:	4293      	cmp	r3, r2
10005298:	f6bf ae34 	bge.w	10004f04 <tud_task_ext+0x3bc>
1000529c:	e778      	b.n	10005190 <tud_task_ext+0x648>
1000529e:	f8d8 c010 	ldr.w	ip, [r8, #16]
100052a2:	4809      	ldr	r0, [pc, #36]	@ (100052c8 <tud_task_ext+0x780>)
100052a4:	4584      	cmp	ip, r0
100052a6:	bf08      	it	eq
100052a8:	2302      	moveq	r3, #2
100052aa:	e75d      	b.n	10005168 <tud_task_ext+0x620>
100052ac:	f04f 23e0 	mov.w	r3, #3758153728	@ 0xe000e000
100052b0:	f8d3 3df0 	ldr.w	r3, [r3, #3568]	@ 0xdf0
100052b4:	07db      	lsls	r3, r3, #31
100052b6:	f57f ac57 	bpl.w	10004b68 <tud_task_ext+0x20>
100052ba:	be00      	bkpt	0x0000
100052bc:	e454      	b.n	10004b68 <tud_task_ext+0x20>
100052be:	bf00      	nop
100052c0:	20002154 	.word	0x20002154
100052c4:	20002a1d 	.word	0x20002a1d
100052c8:	10005995 	.word	0x10005995

100052cc <usbd_open_edpt_pair>:
100052cc:	e92d 4ff8 	stmdb	sp!, {r3, r4, r5, r6, r7, r8, r9, sl, fp, lr}
100052d0:	9f0a      	ldr	r7, [sp, #40]	@ 0x28
100052d2:	2a00      	cmp	r2, #0
100052d4:	d040      	beq.n	10005358 <usbd_open_edpt_pair+0x8c>
100052d6:	460c      	mov	r4, r1
100052d8:	461e      	mov	r6, r3
100052da:	4615      	mov	r5, r2
100052dc:	f04f 0a00 	mov.w	sl, #0
100052e0:	f8df 907c 	ldr.w	r9, [pc, #124]	@ 10005360 <usbd_open_edpt_pair+0x94>
100052e4:	f8df 807c 	ldr.w	r8, [pc, #124]	@ 10005364 <usbd_open_edpt_pair+0x98>
100052e8:	e018      	b.n	1000531c <usbd_open_edpt_pair+0x50>
100052ea:	4620      	mov	r0, r4
100052ec:	f898 1002 	ldrb.w	r1, [r8, #2]
100052f0:	f899 b000 	ldrb.w	fp, [r9]
100052f4:	f000 fe0e 	bl	10005f14 <tu_edpt_validate>
100052f8:	b1e0      	cbz	r0, 10005334 <usbd_open_edpt_pair+0x68>
100052fa:	4621      	mov	r1, r4
100052fc:	4658      	mov	r0, fp
100052fe:	f7ff fa41 	bl	10004784 <dcd_edpt_open>
10005302:	b1f0      	cbz	r0, 10005342 <usbd_open_edpt_pair+0x76>
10005304:	78a2      	ldrb	r2, [r4, #2]
10005306:	f10a 0a01 	add.w	sl, sl, #1
1000530a:	09d1      	lsrs	r1, r2, #7
1000530c:	bf16      	itet	ne
1000530e:	9b0b      	ldrne	r3, [sp, #44]	@ 0x2c
10005310:	703a      	strbeq	r2, [r7, #0]
10005312:	701a      	strbne	r2, [r3, #0]
10005314:	7822      	ldrb	r2, [r4, #0]
10005316:	45aa      	cmp	sl, r5
10005318:	4414      	add	r4, r2
1000531a:	d01d      	beq.n	10005358 <usbd_open_edpt_pair+0x8c>
1000531c:	7862      	ldrb	r2, [r4, #1]
1000531e:	2a05      	cmp	r2, #5
10005320:	d10f      	bne.n	10005342 <usbd_open_edpt_pair+0x76>
10005322:	78e1      	ldrb	r1, [r4, #3]
10005324:	f001 0103 	and.w	r1, r1, #3
10005328:	42b1      	cmp	r1, r6
1000532a:	d10a      	bne.n	10005342 <usbd_open_edpt_pair+0x76>
1000532c:	78a2      	ldrb	r2, [r4, #2]
1000532e:	f012 0f70 	tst.w	r2, #112	@ 0x70
10005332:	d0da      	beq.n	100052ea <usbd_open_edpt_pair+0x1e>
10005334:	f04f 23e0 	mov.w	r3, #3758153728	@ 0xe000e000
10005338:	f8d3 3df0 	ldr.w	r3, [r3, #3568]	@ 0xdf0
1000533c:	07da      	lsls	r2, r3, #31
1000533e:	d500      	bpl.n	10005342 <usbd_open_edpt_pair+0x76>
10005340:	be00      	bkpt	0x0000
10005342:	f04f 23e0 	mov.w	r3, #3758153728	@ 0xe000e000
10005346:	f8d3 3df0 	ldr.w	r3, [r3, #3568]	@ 0xdf0
1000534a:	07db      	lsls	r3, r3, #31
1000534c:	d402      	bmi.n	10005354 <usbd_open_edpt_pair+0x88>
1000534e:	2000      	movs	r0, #0
10005350:	e8bd 8ff8 	ldmia.w	sp!, {r3, r4, r5, r6, r7, r8, r9, sl, fp, pc}
10005354:	be00      	bkpt	0x0000
10005356:	e7fa      	b.n	1000534e <usbd_open_edpt_pair+0x82>
10005358:	2001      	movs	r0, #1
1000535a:	e8bd 8ff8 	ldmia.w	sp!, {r3, r4, r5, r6, r7, r8, r9, sl, fp, pc}
1000535e:	bf00      	nop
10005360:	20001590 	.word	0x20001590
10005364:	20002140 	.word	0x20002140

10005368 <usbd_edpt_open>:
10005368:	b538      	push	{r3, r4, r5, lr}
1000536a:	788b      	ldrb	r3, [r1, #2]
1000536c:	f013 0f70 	tst.w	r3, #112	@ 0x70
10005370:	d008      	beq.n	10005384 <usbd_edpt_open+0x1c>
10005372:	f04f 23e0 	mov.w	r3, #3758153728	@ 0xe000e000
10005376:	f8d3 3df0 	ldr.w	r3, [r3, #3568]	@ 0xdf0
1000537a:	07db      	lsls	r3, r3, #31
1000537c:	d500      	bpl.n	10005380 <usbd_edpt_open+0x18>
1000537e:	be00      	bkpt	0x0000
10005380:	2000      	movs	r0, #0
10005382:	bd38      	pop	{r3, r4, r5, pc}
10005384:	4a07      	ldr	r2, [pc, #28]	@ (100053a4 <usbd_edpt_open+0x3c>)
10005386:	4b08      	ldr	r3, [pc, #32]	@ (100053a8 <usbd_edpt_open+0x40>)
10005388:	460c      	mov	r4, r1
1000538a:	4608      	mov	r0, r1
1000538c:	7891      	ldrb	r1, [r2, #2]
1000538e:	781d      	ldrb	r5, [r3, #0]
10005390:	f000 fdc0 	bl	10005f14 <tu_edpt_validate>
10005394:	2800      	cmp	r0, #0
10005396:	d0ec      	beq.n	10005372 <usbd_edpt_open+0xa>
10005398:	4621      	mov	r1, r4
1000539a:	4628      	mov	r0, r5
1000539c:	e8bd 4038 	ldmia.w	sp!, {r3, r4, r5, lr}
100053a0:	f7ff b9f0 	b.w	10004784 <dcd_edpt_open>
100053a4:	20002140 	.word	0x20002140
100053a8:	20001590 	.word	0x20001590

100053ac <usbd_edpt_claim>:
100053ac:	460b      	mov	r3, r1
100053ae:	4a06      	ldr	r2, [pc, #24]	@ (100053c8 <usbd_edpt_claim+0x1c>)
100053b0:	4806      	ldr	r0, [pc, #24]	@ (100053cc <usbd_edpt_claim+0x20>)
100053b2:	6811      	ldr	r1, [r2, #0]
100053b4:	09da      	lsrs	r2, r3, #7
100053b6:	3234      	adds	r2, #52	@ 0x34
100053b8:	f003 037f 	and.w	r3, r3, #127	@ 0x7f
100053bc:	eb02 0343 	add.w	r3, r2, r3, lsl #1
100053c0:	4418      	add	r0, r3
100053c2:	f000 bd61 	b.w	10005e88 <tu_edpt_claim>
100053c6:	bf00      	nop
100053c8:	20002194 	.word	0x20002194
100053cc:	20002140 	.word	0x20002140

100053d0 <usbd_edpt_release>:
100053d0:	460b      	mov	r3, r1
100053d2:	4a06      	ldr	r2, [pc, #24]	@ (100053ec <usbd_edpt_release+0x1c>)
100053d4:	4806      	ldr	r0, [pc, #24]	@ (100053f0 <usbd_edpt_release+0x20>)
100053d6:	6811      	ldr	r1, [r2, #0]
100053d8:	09da      	lsrs	r2, r3, #7
100053da:	3234      	adds	r2, #52	@ 0x34
100053dc:	f003 037f 	and.w	r3, r3, #127	@ 0x7f
100053e0:	eb02 0343 	add.w	r3, r2, r3, lsl #1
100053e4:	4418      	add	r0, r3
100053e6:	f000 bd79 	b.w	10005edc <tu_edpt_release>
100053ea:	bf00      	nop
100053ec:	20002194 	.word	0x20002194
100053f0:	20002140 	.word	0x20002140

100053f4 <usbd_edpt_xfer>:
100053f4:	b510      	push	{r4, lr}
100053f6:	4819      	ldr	r0, [pc, #100]	@ (1000545c <usbd_edpt_xfer+0x68>)
100053f8:	f001 0c7f 	and.w	ip, r1, #127	@ 0x7f
100053fc:	eb00 004c 	add.w	r0, r0, ip, lsl #1
10005400:	eb00 10d1 	add.w	r0, r0, r1, lsr #7
10005404:	f890 c034 	ldrb.w	ip, [r0, #52]	@ 0x34
10005408:	f01c 0f01 	tst.w	ip, #1
1000540c:	d008      	beq.n	10005420 <usbd_edpt_xfer+0x2c>
1000540e:	f04f 23e0 	mov.w	r3, #3758153728	@ 0xe000e000
10005412:	f8d3 3df0 	ldr.w	r3, [r3, #3568]	@ 0xdf0
10005416:	07da      	lsls	r2, r3, #31
10005418:	d500      	bpl.n	1000541c <usbd_edpt_xfer+0x28>
1000541a:	be00      	bkpt	0x0000
1000541c:	2000      	movs	r0, #0
1000541e:	bd10      	pop	{r4, pc}
10005420:	f100 0430 	add.w	r4, r0, #48	@ 0x30
10005424:	f894 c004 	ldrb.w	ip, [r4, #4]
10005428:	480d      	ldr	r0, [pc, #52]	@ (10005460 <usbd_edpt_xfer+0x6c>)
1000542a:	f04c 0c01 	orr.w	ip, ip, #1
1000542e:	7800      	ldrb	r0, [r0, #0]
10005430:	f884 c004 	strb.w	ip, [r4, #4]
10005434:	f7ff fa2a 	bl	1000488c <dcd_edpt_xfer>
10005438:	2800      	cmp	r0, #0
1000543a:	d1f0      	bne.n	1000541e <usbd_edpt_xfer+0x2a>
1000543c:	f04f 21e0 	mov.w	r1, #3758153728	@ 0xe000e000
10005440:	7922      	ldrb	r2, [r4, #4]
10005442:	f360 0200 	bfi	r2, r0, #0, #1
10005446:	7122      	strb	r2, [r4, #4]
10005448:	7922      	ldrb	r2, [r4, #4]
1000544a:	f360 0282 	bfi	r2, r0, #2, #1
1000544e:	7122      	strb	r2, [r4, #4]
10005450:	f8d1 3df0 	ldr.w	r3, [r1, #3568]	@ 0xdf0
10005454:	07db      	lsls	r3, r3, #31
10005456:	d5e1      	bpl.n	1000541c <usbd_edpt_xfer+0x28>
10005458:	be00      	bkpt	0x0000
1000545a:	e7df      	b.n	1000541c <usbd_edpt_xfer+0x28>
1000545c:	20002140 	.word	0x20002140
10005460:	20001590 	.word	0x20001590

10005464 <tud_control_status>:
10005464:	b530      	push	{r4, r5, lr}
10005466:	4c0b      	ldr	r4, [pc, #44]	@ (10005494 <tud_control_status+0x30>)
10005468:	468c      	mov	ip, r1
1000546a:	46a6      	mov	lr, r4
1000546c:	4605      	mov	r5, r0
1000546e:	6808      	ldr	r0, [r1, #0]
10005470:	6849      	ldr	r1, [r1, #4]
10005472:	2300      	movs	r3, #0
10005474:	e8ae 0003 	stmia.w	lr!, {r0, r1}
10005478:	f89c 1000 	ldrb.w	r1, [ip]
1000547c:	4628      	mov	r0, r5
1000547e:	43c9      	mvns	r1, r1
10005480:	e9c4 3302 	strd	r3, r3, [r4, #8]
10005484:	e8bd 4030 	ldmia.w	sp!, {r4, r5, lr}
10005488:	461a      	mov	r2, r3
1000548a:	f001 0180 	and.w	r1, r1, #128	@ 0x80
1000548e:	f7ff bfb1 	b.w	100053f4 <usbd_edpt_xfer>
10005492:	bf00      	nop
10005494:	20002100 	.word	0x20002100

10005498 <tud_control_xfer>:
10005498:	e92d 41f0 	stmdb	sp!, {r4, r5, r6, r7, r8, lr}
1000549c:	4f28      	ldr	r7, [pc, #160]	@ (10005540 <tud_control_xfer+0xa8>)
1000549e:	f04f 0800 	mov.w	r8, #0
100054a2:	46be      	mov	lr, r7
100054a4:	468c      	mov	ip, r1
100054a6:	4606      	mov	r6, r0
100054a8:	6808      	ldr	r0, [r1, #0]
100054aa:	6849      	ldr	r1, [r1, #4]
100054ac:	60ba      	str	r2, [r7, #8]
100054ae:	e8ae 0003 	stmia.w	lr!, {r0, r1}
100054b2:	f8a7 800e 	strh.w	r8, [r7, #14]
100054b6:	4615      	mov	r5, r2
100054b8:	f8bc 2006 	ldrh.w	r2, [ip, #6]
100054bc:	4293      	cmp	r3, r2
100054be:	bf28      	it	cs
100054c0:	4613      	movcs	r3, r2
100054c2:	81bb      	strh	r3, [r7, #12]
100054c4:	b19a      	cbz	r2, 100054ee <tud_control_xfer+0x56>
100054c6:	461c      	mov	r4, r3
100054c8:	b333      	cbz	r3, 10005518 <tud_control_xfer+0x80>
100054ca:	b1dd      	cbz	r5, 10005504 <tud_control_xfer+0x6c>
100054cc:	f997 3000 	ldrsb.w	r3, [r7]
100054d0:	2c40      	cmp	r4, #64	@ 0x40
100054d2:	bf28      	it	cs
100054d4:	2440      	movcs	r4, #64	@ 0x40
100054d6:	2b00      	cmp	r3, #0
100054d8:	db29      	blt.n	1000552e <tud_control_xfer+0x96>
100054da:	4641      	mov	r1, r8
100054dc:	4623      	mov	r3, r4
100054de:	4630      	mov	r0, r6
100054e0:	4a18      	ldr	r2, [pc, #96]	@ (10005544 <tud_control_xfer+0xac>)
100054e2:	f7ff ff87 	bl	100053f4 <usbd_edpt_xfer>
100054e6:	b168      	cbz	r0, 10005504 <tud_control_xfer+0x6c>
100054e8:	2001      	movs	r0, #1
100054ea:	e8bd 81f0 	ldmia.w	sp!, {r4, r5, r6, r7, r8, pc}
100054ee:	f89c 1000 	ldrb.w	r1, [ip]
100054f2:	4613      	mov	r3, r2
100054f4:	43c9      	mvns	r1, r1
100054f6:	4630      	mov	r0, r6
100054f8:	f001 0180 	and.w	r1, r1, #128	@ 0x80
100054fc:	f7ff ff7a 	bl	100053f4 <usbd_edpt_xfer>
10005500:	2800      	cmp	r0, #0
10005502:	d1f1      	bne.n	100054e8 <tud_control_xfer+0x50>
10005504:	f04f 23e0 	mov.w	r3, #3758153728	@ 0xe000e000
10005508:	f8d3 3df0 	ldr.w	r3, [r3, #3568]	@ 0xdf0
1000550c:	07db      	lsls	r3, r3, #31
1000550e:	d500      	bpl.n	10005512 <tud_control_xfer+0x7a>
10005510:	be00      	bkpt	0x0000
10005512:	2000      	movs	r0, #0
10005514:	e8bd 81f0 	ldmia.w	sp!, {r4, r5, r6, r7, r8, pc}
10005518:	461a      	mov	r2, r3
1000551a:	7839      	ldrb	r1, [r7, #0]
1000551c:	f001 0180 	and.w	r1, r1, #128	@ 0x80
10005520:	4623      	mov	r3, r4
10005522:	4630      	mov	r0, r6
10005524:	f7ff ff66 	bl	100053f4 <usbd_edpt_xfer>
10005528:	2800      	cmp	r0, #0
1000552a:	d1dd      	bne.n	100054e8 <tud_control_xfer+0x50>
1000552c:	e7ea      	b.n	10005504 <tud_control_xfer+0x6c>
1000552e:	4622      	mov	r2, r4
10005530:	4629      	mov	r1, r5
10005532:	4804      	ldr	r0, [pc, #16]	@ (10005544 <tud_control_xfer+0xac>)
10005534:	f001 ff6a 	bl	1000740c <memcpy>
10005538:	2180      	movs	r1, #128	@ 0x80
1000553a:	4a02      	ldr	r2, [pc, #8]	@ (10005544 <tud_control_xfer+0xac>)
1000553c:	e7f0      	b.n	10005520 <tud_control_xfer+0x88>
1000553e:	bf00      	nop
10005540:	20002100 	.word	0x20002100
10005544:	200020c0 	.word	0x200020c0

10005548 <usbd_control_reset>:
10005548:	2200      	movs	r2, #0
1000554a:	4b03      	ldr	r3, [pc, #12]	@ (10005558 <usbd_control_reset+0x10>)
1000554c:	e9c3 2200 	strd	r2, r2, [r3]
10005550:	e9c3 2202 	strd	r2, r2, [r3, #8]
10005554:	611a      	str	r2, [r3, #16]
10005556:	4770      	bx	lr
10005558:	20002100 	.word	0x20002100

1000555c <usbd_control_set_complete_callback>:
1000555c:	4b01      	ldr	r3, [pc, #4]	@ (10005564 <usbd_control_set_complete_callback+0x8>)
1000555e:	6118      	str	r0, [r3, #16]
10005560:	4770      	bx	lr
10005562:	bf00      	nop
10005564:	20002100 	.word	0x20002100

10005568 <usbd_control_set_request>:
10005568:	b430      	push	{r4, r5}
1000556a:	4602      	mov	r2, r0
1000556c:	4c04      	ldr	r4, [pc, #16]	@ (10005580 <usbd_control_set_request+0x18>)
1000556e:	2500      	movs	r5, #0
10005570:	4623      	mov	r3, r4
10005572:	6800      	ldr	r0, [r0, #0]
10005574:	6851      	ldr	r1, [r2, #4]
10005576:	e9c4 5502 	strd	r5, r5, [r4, #8]
1000557a:	bc30      	pop	{r4, r5}
1000557c:	c303      	stmia	r3!, {r0, r1}
1000557e:	4770      	bx	lr
10005580:	20002100 	.word	0x20002100

10005584 <usbd_control_xfer_cb>:
10005584:	b570      	push	{r4, r5, r6, lr}
10005586:	4c3d      	ldr	r4, [pc, #244]	@ (1000567c <usbd_control_xfer_cb+0xf8>)
10005588:	09c9      	lsrs	r1, r1, #7
1000558a:	7822      	ldrb	r2, [r4, #0]
1000558c:	4606      	mov	r6, r0
1000558e:	ebb1 1fd2 	cmp.w	r1, r2, lsr #7
10005592:	461d      	mov	r5, r3
10005594:	b082      	sub	sp, #8
10005596:	d017      	beq.n	100055c8 <usbd_control_xfer_cb+0x44>
10005598:	b153      	cbz	r3, 100055b0 <usbd_control_xfer_cb+0x2c>
1000559a:	f04f 23e0 	mov.w	r3, #3758153728	@ 0xe000e000
1000559e:	f8d3 3df0 	ldr.w	r3, [r3, #3568]	@ 0xdf0
100055a2:	07db      	lsls	r3, r3, #31
100055a4:	d402      	bmi.n	100055ac <usbd_control_xfer_cb+0x28>
100055a6:	2000      	movs	r0, #0
100055a8:	b002      	add	sp, #8
100055aa:	bd70      	pop	{r4, r5, r6, pc}
100055ac:	be00      	bkpt	0x0000
100055ae:	e7fa      	b.n	100055a6 <usbd_control_xfer_cb+0x22>
100055b0:	4621      	mov	r1, r4
100055b2:	f7ff f8d9 	bl	10004768 <dcd_edpt0_status_complete>
100055b6:	6923      	ldr	r3, [r4, #16]
100055b8:	b11b      	cbz	r3, 100055c2 <usbd_control_xfer_cb+0x3e>
100055ba:	4622      	mov	r2, r4
100055bc:	2103      	movs	r1, #3
100055be:	4630      	mov	r0, r6
100055c0:	4798      	blx	r3
100055c2:	2001      	movs	r0, #1
100055c4:	b002      	add	sp, #8
100055c6:	bd70      	pop	{r4, r5, r6, pc}
100055c8:	f994 3000 	ldrsb.w	r3, [r4]
100055cc:	2b00      	cmp	r3, #0
100055ce:	db06      	blt.n	100055de <usbd_control_xfer_cb+0x5a>
100055d0:	68a0      	ldr	r0, [r4, #8]
100055d2:	2800      	cmp	r0, #0
100055d4:	d0e7      	beq.n	100055a6 <usbd_control_xfer_cb+0x22>
100055d6:	462a      	mov	r2, r5
100055d8:	4929      	ldr	r1, [pc, #164]	@ (10005680 <usbd_control_xfer_cb+0xfc>)
100055da:	f001 ff17 	bl	1000740c <memcpy>
100055de:	89e0      	ldrh	r0, [r4, #14]
100055e0:	68a1      	ldr	r1, [r4, #8]
100055e2:	88e3      	ldrh	r3, [r4, #6]
100055e4:	4428      	add	r0, r5
100055e6:	b280      	uxth	r0, r0
100055e8:	4429      	add	r1, r5
100055ea:	4283      	cmp	r3, r0
100055ec:	81e0      	strh	r0, [r4, #14]
100055ee:	60a1      	str	r1, [r4, #8]
100055f0:	d016      	beq.n	10005620 <usbd_control_xfer_cb+0x9c>
100055f2:	2d3f      	cmp	r5, #63	@ 0x3f
100055f4:	d914      	bls.n	10005620 <usbd_control_xfer_cb+0x9c>
100055f6:	89a2      	ldrh	r2, [r4, #12]
100055f8:	f994 4000 	ldrsb.w	r4, [r4]
100055fc:	1a13      	subs	r3, r2, r0
100055fe:	b29b      	uxth	r3, r3
10005600:	2b40      	cmp	r3, #64	@ 0x40
10005602:	bf28      	it	cs
10005604:	2340      	movcs	r3, #64	@ 0x40
10005606:	2c00      	cmp	r4, #0
10005608:	db27      	blt.n	1000565a <usbd_control_xfer_cb+0xd6>
1000560a:	4290      	cmp	r0, r2
1000560c:	f04f 0100 	mov.w	r1, #0
10005610:	d031      	beq.n	10005676 <usbd_control_xfer_cb+0xf2>
10005612:	4a1b      	ldr	r2, [pc, #108]	@ (10005680 <usbd_control_xfer_cb+0xfc>)
10005614:	4630      	mov	r0, r6
10005616:	f7ff feed 	bl	100053f4 <usbd_edpt_xfer>
1000561a:	2800      	cmp	r0, #0
1000561c:	d1d1      	bne.n	100055c2 <usbd_control_xfer_cb+0x3e>
1000561e:	e7bc      	b.n	1000559a <usbd_control_xfer_cb+0x16>
10005620:	6923      	ldr	r3, [r4, #16]
10005622:	b123      	cbz	r3, 1000562e <usbd_control_xfer_cb+0xaa>
10005624:	2102      	movs	r1, #2
10005626:	4630      	mov	r0, r6
10005628:	4a14      	ldr	r2, [pc, #80]	@ (1000567c <usbd_control_xfer_cb+0xf8>)
1000562a:	4798      	blx	r3
1000562c:	b160      	cbz	r0, 10005648 <usbd_control_xfer_cb+0xc4>
1000562e:	7821      	ldrb	r1, [r4, #0]
10005630:	2300      	movs	r3, #0
10005632:	43c9      	mvns	r1, r1
10005634:	4630      	mov	r0, r6
10005636:	461a      	mov	r2, r3
10005638:	f001 0180 	and.w	r1, r1, #128	@ 0x80
1000563c:	f7ff feda 	bl	100053f4 <usbd_edpt_xfer>
10005640:	2800      	cmp	r0, #0
10005642:	d0aa      	beq.n	1000559a <usbd_control_xfer_cb+0x16>
10005644:	2001      	movs	r0, #1
10005646:	e7bd      	b.n	100055c4 <usbd_control_xfer_cb+0x40>
10005648:	4601      	mov	r1, r0
1000564a:	4630      	mov	r0, r6
1000564c:	f7ff f932 	bl	100048b4 <dcd_edpt_stall>
10005650:	2180      	movs	r1, #128	@ 0x80
10005652:	4630      	mov	r0, r6
10005654:	f7ff f92e 	bl	100048b4 <dcd_edpt_stall>
10005658:	e7b3      	b.n	100055c2 <usbd_control_xfer_cb+0x3e>
1000565a:	4290      	cmp	r0, r2
1000565c:	d008      	beq.n	10005670 <usbd_control_xfer_cb+0xec>
1000565e:	461a      	mov	r2, r3
10005660:	4807      	ldr	r0, [pc, #28]	@ (10005680 <usbd_control_xfer_cb+0xfc>)
10005662:	9301      	str	r3, [sp, #4]
10005664:	f001 fed2 	bl	1000740c <memcpy>
10005668:	2180      	movs	r1, #128	@ 0x80
1000566a:	4a05      	ldr	r2, [pc, #20]	@ (10005680 <usbd_control_xfer_cb+0xfc>)
1000566c:	9b01      	ldr	r3, [sp, #4]
1000566e:	e7d1      	b.n	10005614 <usbd_control_xfer_cb+0x90>
10005670:	2180      	movs	r1, #128	@ 0x80
10005672:	2200      	movs	r2, #0
10005674:	e7ce      	b.n	10005614 <usbd_control_xfer_cb+0x90>
10005676:	460a      	mov	r2, r1
10005678:	e7cc      	b.n	10005614 <usbd_control_xfer_cb+0x90>
1000567a:	bf00      	nop
1000567c:	20002100 	.word	0x20002100
10005680:	200020c0 	.word	0x200020c0

10005684 <_prep_out_transaction.isra.0>:
10005684:	e92d 41f0 	stmdb	sp!, {r4, r5, r6, r7, r8, lr}
10005688:	4604      	mov	r4, r0
1000568a:	f7ff f9d3 	bl	10004a34 <tud_mounted>
1000568e:	b908      	cbnz	r0, 10005694 <_prep_out_transaction.isra.0+0x10>
10005690:	e8bd 81f0 	ldmia.w	sp!, {r4, r5, r6, r7, r8, pc}
10005694:	f7ff f9d6 	bl	10004a44 <tud_suspended>
10005698:	4605      	mov	r5, r0
1000569a:	2800      	cmp	r0, #0
1000569c:	d1f8      	bne.n	10005690 <_prep_out_transaction.isra.0+0xc>
1000569e:	23c8      	movs	r3, #200	@ 0xc8
100056a0:	fb04 f303 	mul.w	r3, r4, r3
100056a4:	4e12      	ldr	r6, [pc, #72]	@ (100056f0 <_prep_out_transaction.isra.0+0x6c>)
100056a6:	18f7      	adds	r7, r6, r3
100056a8:	78f9      	ldrb	r1, [r7, #3]
100056aa:	2900      	cmp	r1, #0
100056ac:	d0f0      	beq.n	10005690 <_prep_out_transaction.isra.0+0xc>
100056ae:	3310      	adds	r3, #16
100056b0:	441e      	add	r6, r3
100056b2:	4630      	mov	r0, r6
100056b4:	f000 fdd2 	bl	1000625c <tu_fifo_remaining>
100056b8:	283f      	cmp	r0, #63	@ 0x3f
100056ba:	d9e9      	bls.n	10005690 <_prep_out_transaction.isra.0+0xc>
100056bc:	4628      	mov	r0, r5
100056be:	78f9      	ldrb	r1, [r7, #3]
100056c0:	f7ff fe74 	bl	100053ac <usbd_edpt_claim>
100056c4:	2800      	cmp	r0, #0
100056c6:	d0e3      	beq.n	10005690 <_prep_out_transaction.isra.0+0xc>
100056c8:	4630      	mov	r0, r6
100056ca:	f000 fdc7 	bl	1000625c <tu_fifo_remaining>
100056ce:	283f      	cmp	r0, #63	@ 0x3f
100056d0:	78f9      	ldrb	r1, [r7, #3]
100056d2:	d908      	bls.n	100056e6 <_prep_out_transaction.isra.0+0x62>
100056d4:	4a07      	ldr	r2, [pc, #28]	@ (100056f4 <_prep_out_transaction.isra.0+0x70>)
100056d6:	4628      	mov	r0, r5
100056d8:	eb02 12c4 	add.w	r2, r2, r4, lsl #7
100056dc:	2340      	movs	r3, #64	@ 0x40
100056de:	e8bd 41f0 	ldmia.w	sp!, {r4, r5, r6, r7, r8, lr}
100056e2:	f7ff be87 	b.w	100053f4 <usbd_edpt_xfer>
100056e6:	4628      	mov	r0, r5
100056e8:	e8bd 41f0 	ldmia.w	sp!, {r4, r5, r6, r7, r8, lr}
100056ec:	f7ff be70 	b.w	100053d0 <usbd_edpt_release>
100056f0:	20001ff8 	.word	0x20001ff8
100056f4:	20001f74 	.word	0x20001f74

100056f8 <tud_cdc_n_connected>:
100056f8:	b510      	push	{r4, lr}
100056fa:	4604      	mov	r4, r0
100056fc:	f7ff f99a 	bl	10004a34 <tud_mounted>
10005700:	b908      	cbnz	r0, 10005706 <tud_cdc_n_connected+0xe>
10005702:	2000      	movs	r0, #0
10005704:	bd10      	pop	{r4, pc}
10005706:	f7ff f99d 	bl	10004a44 <tud_suspended>
1000570a:	2800      	cmp	r0, #0
1000570c:	d1f9      	bne.n	10005702 <tud_cdc_n_connected+0xa>
1000570e:	22c8      	movs	r2, #200	@ 0xc8
10005710:	4b03      	ldr	r3, [pc, #12]	@ (10005720 <tud_cdc_n_connected+0x28>)
10005712:	fb02 3304 	mla	r3, r2, r4, r3
10005716:	7918      	ldrb	r0, [r3, #4]
10005718:	f000 0001 	and.w	r0, r0, #1
1000571c:	bd10      	pop	{r4, pc}
1000571e:	bf00      	nop
10005720:	20001ff8 	.word	0x20001ff8

10005724 <tud_cdc_n_available>:
10005724:	22c8      	movs	r2, #200	@ 0xc8
10005726:	b508      	push	{r3, lr}
10005728:	4b02      	ldr	r3, [pc, #8]	@ (10005734 <tud_cdc_n_available+0x10>)
1000572a:	fb02 3000 	mla	r0, r2, r0, r3
1000572e:	f000 fd7b 	bl	10006228 <tu_fifo_count>
10005732:	bd08      	pop	{r3, pc}
10005734:	20002008 	.word	0x20002008

10005738 <tud_cdc_n_read>:
10005738:	e92d 43f8 	stmdb	sp!, {r3, r4, r5, r6, r7, r8, r9, lr}
1000573c:	f64f 73ff 	movw	r3, #65535	@ 0xffff
10005740:	24c8      	movs	r4, #200	@ 0xc8
10005742:	429a      	cmp	r2, r3
10005744:	bf28      	it	cs
10005746:	461a      	movcs	r2, r3
10005748:	fb00 f404 	mul.w	r4, r0, r4
1000574c:	f8df 8074 	ldr.w	r8, [pc, #116]	@ 100057c4 <tud_cdc_n_read+0x8c>
10005750:	f104 0510 	add.w	r5, r4, #16
10005754:	4445      	add	r5, r8
10005756:	4606      	mov	r6, r0
10005758:	b292      	uxth	r2, r2
1000575a:	4628      	mov	r0, r5
1000575c:	f000 fdda 	bl	10006314 <tu_fifo_read_n>
10005760:	4607      	mov	r7, r0
10005762:	f7ff f967 	bl	10004a34 <tud_mounted>
10005766:	b910      	cbnz	r0, 1000576e <tud_cdc_n_read+0x36>
10005768:	4638      	mov	r0, r7
1000576a:	e8bd 83f8 	ldmia.w	sp!, {r3, r4, r5, r6, r7, r8, r9, pc}
1000576e:	f7ff f969 	bl	10004a44 <tud_suspended>
10005772:	4681      	mov	r9, r0
10005774:	2800      	cmp	r0, #0
10005776:	d1f7      	bne.n	10005768 <tud_cdc_n_read+0x30>
10005778:	44a0      	add	r8, r4
1000577a:	f898 3003 	ldrb.w	r3, [r8, #3]
1000577e:	2b00      	cmp	r3, #0
10005780:	d0f2      	beq.n	10005768 <tud_cdc_n_read+0x30>
10005782:	4628      	mov	r0, r5
10005784:	f000 fd6a 	bl	1000625c <tu_fifo_remaining>
10005788:	283f      	cmp	r0, #63	@ 0x3f
1000578a:	d9ed      	bls.n	10005768 <tud_cdc_n_read+0x30>
1000578c:	4648      	mov	r0, r9
1000578e:	f898 1003 	ldrb.w	r1, [r8, #3]
10005792:	f7ff fe0b 	bl	100053ac <usbd_edpt_claim>
10005796:	2800      	cmp	r0, #0
10005798:	d0e6      	beq.n	10005768 <tud_cdc_n_read+0x30>
1000579a:	4628      	mov	r0, r5
1000579c:	f000 fd5e 	bl	1000625c <tu_fifo_remaining>
100057a0:	283f      	cmp	r0, #63	@ 0x3f
100057a2:	f898 1003 	ldrb.w	r1, [r8, #3]
100057a6:	d907      	bls.n	100057b8 <tud_cdc_n_read+0x80>
100057a8:	4a05      	ldr	r2, [pc, #20]	@ (100057c0 <tud_cdc_n_read+0x88>)
100057aa:	4648      	mov	r0, r9
100057ac:	2340      	movs	r3, #64	@ 0x40
100057ae:	eb02 12c6 	add.w	r2, r2, r6, lsl #7
100057b2:	f7ff fe1f 	bl	100053f4 <usbd_edpt_xfer>
100057b6:	e7d7      	b.n	10005768 <tud_cdc_n_read+0x30>
100057b8:	4648      	mov	r0, r9
100057ba:	f7ff fe09 	bl	100053d0 <usbd_edpt_release>
100057be:	e7d3      	b.n	10005768 <tud_cdc_n_read+0x30>
100057c0:	20001f74 	.word	0x20001f74
100057c4:	20001ff8 	.word	0x20001ff8

100057c8 <tud_cdc_n_write_flush>:
100057c8:	e92d 41f0 	stmdb	sp!, {r4, r5, r6, r7, r8, lr}
100057cc:	4604      	mov	r4, r0
100057ce:	f7ff f931 	bl	10004a34 <tud_mounted>
100057d2:	b910      	cbnz	r0, 100057da <tud_cdc_n_write_flush+0x12>
100057d4:	2000      	movs	r0, #0
100057d6:	e8bd 81f0 	ldmia.w	sp!, {r4, r5, r6, r7, r8, pc}
100057da:	f7ff f933 	bl	10004a44 <tud_suspended>
100057de:	4605      	mov	r5, r0
100057e0:	2800      	cmp	r0, #0
100057e2:	d1f7      	bne.n	100057d4 <tud_cdc_n_write_flush+0xc>
100057e4:	26c8      	movs	r6, #200	@ 0xc8
100057e6:	fb04 f606 	mul.w	r6, r4, r6
100057ea:	f8df 8064 	ldr.w	r8, [pc, #100]	@ 10005850 <tud_cdc_n_write_flush+0x88>
100057ee:	f106 0724 	add.w	r7, r6, #36	@ 0x24
100057f2:	4447      	add	r7, r8
100057f4:	4638      	mov	r0, r7
100057f6:	f000 fd17 	bl	10006228 <tu_fifo_count>
100057fa:	2800      	cmp	r0, #0
100057fc:	d0ea      	beq.n	100057d4 <tud_cdc_n_write_flush+0xc>
100057fe:	44b0      	add	r8, r6
10005800:	4628      	mov	r0, r5
10005802:	f898 1002 	ldrb.w	r1, [r8, #2]
10005806:	f7ff fdd1 	bl	100053ac <usbd_edpt_claim>
1000580a:	2800      	cmp	r0, #0
1000580c:	d0e2      	beq.n	100057d4 <tud_cdc_n_write_flush+0xc>
1000580e:	4e0f      	ldr	r6, [pc, #60]	@ (1000584c <tud_cdc_n_write_flush+0x84>)
10005810:	4638      	mov	r0, r7
10005812:	eb06 16c4 	add.w	r6, r6, r4, lsl #7
10005816:	4631      	mov	r1, r6
10005818:	2240      	movs	r2, #64	@ 0x40
1000581a:	f000 fd7b 	bl	10006314 <tu_fifo_read_n>
1000581e:	f898 1002 	ldrb.w	r1, [r8, #2]
10005822:	4604      	mov	r4, r0
10005824:	b168      	cbz	r0, 10005842 <tud_cdc_n_write_flush+0x7a>
10005826:	4603      	mov	r3, r0
10005828:	4632      	mov	r2, r6
1000582a:	4628      	mov	r0, r5
1000582c:	f7ff fde2 	bl	100053f4 <usbd_edpt_xfer>
10005830:	b950      	cbnz	r0, 10005848 <tud_cdc_n_write_flush+0x80>
10005832:	f04f 23e0 	mov.w	r3, #3758153728	@ 0xe000e000
10005836:	f8d3 3df0 	ldr.w	r3, [r3, #3568]	@ 0xdf0
1000583a:	07db      	lsls	r3, r3, #31
1000583c:	d5ca      	bpl.n	100057d4 <tud_cdc_n_write_flush+0xc>
1000583e:	be00      	bkpt	0x0000
10005840:	e7c8      	b.n	100057d4 <tud_cdc_n_write_flush+0xc>
10005842:	f7ff fdc5 	bl	100053d0 <usbd_edpt_release>
10005846:	e7c5      	b.n	100057d4 <tud_cdc_n_write_flush+0xc>
10005848:	4620      	mov	r0, r4
1000584a:	e7c4      	b.n	100057d6 <tud_cdc_n_write_flush+0xe>
1000584c:	20001fb4 	.word	0x20001fb4
10005850:	20001ff8 	.word	0x20001ff8

10005854 <tud_cdc_n_write>:
10005854:	b538      	push	{r3, r4, r5, lr}
10005856:	f64f 75ff 	movw	r5, #65535	@ 0xffff
1000585a:	23c8      	movs	r3, #200	@ 0xc8
1000585c:	42aa      	cmp	r2, r5
1000585e:	bf28      	it	cs
10005860:	462a      	movcs	r2, r5
10005862:	4c0b      	ldr	r4, [pc, #44]	@ (10005890 <tud_cdc_n_write+0x3c>)
10005864:	b292      	uxth	r2, r2
10005866:	fb03 4400 	mla	r4, r3, r0, r4
1000586a:	4605      	mov	r5, r0
1000586c:	4620      	mov	r0, r4
1000586e:	f000 fe0f 	bl	10006490 <tu_fifo_write_n>
10005872:	4603      	mov	r3, r0
10005874:	4620      	mov	r0, r4
10005876:	461c      	mov	r4, r3
10005878:	f000 fcd6 	bl	10006228 <tu_fifo_count>
1000587c:	283f      	cmp	r0, #63	@ 0x3f
1000587e:	d801      	bhi.n	10005884 <tud_cdc_n_write+0x30>
10005880:	4620      	mov	r0, r4
10005882:	bd38      	pop	{r3, r4, r5, pc}
10005884:	4628      	mov	r0, r5
10005886:	f7ff ff9f 	bl	100057c8 <tud_cdc_n_write_flush>
1000588a:	4620      	mov	r0, r4
1000588c:	bd38      	pop	{r3, r4, r5, pc}
1000588e:	bf00      	nop
10005890:	2000201c 	.word	0x2000201c

10005894 <tud_cdc_n_write_available>:
10005894:	22c8      	movs	r2, #200	@ 0xc8
10005896:	b508      	push	{r3, lr}
10005898:	4b02      	ldr	r3, [pc, #8]	@ (100058a4 <tud_cdc_n_write_available+0x10>)
1000589a:	fb02 3000 	mla	r0, r2, r0, r3
1000589e:	f000 fcdd 	bl	1000625c <tu_fifo_remaining>
100058a2:	bd08      	pop	{r3, pc}
100058a4:	2000201c 	.word	0x2000201c

100058a8 <cdcd_init>:
100058a8:	b5f0      	push	{r4, r5, r6, r7, lr}
100058aa:	2400      	movs	r4, #0
100058ac:	b083      	sub	sp, #12
100058ae:	22c8      	movs	r2, #200	@ 0xc8
100058b0:	2100      	movs	r1, #0
100058b2:	4817      	ldr	r0, [pc, #92]	@ (10005910 <cdcd_init+0x68>)
100058b4:	f001 fc50 	bl	10007158 <memset>
100058b8:	23ff      	movs	r3, #255	@ 0xff
100058ba:	f44f 31e1 	mov.w	r1, #115200	@ 0x1c200
100058be:	2208      	movs	r2, #8
100058c0:	4814      	ldr	r0, [pc, #80]	@ (10005914 <cdcd_init+0x6c>)
100058c2:	7004      	strb	r4, [r0, #0]
100058c4:	4812      	ldr	r0, [pc, #72]	@ (10005910 <cdcd_init+0x68>)
100058c6:	9400      	str	r4, [sp, #0]
100058c8:	4607      	mov	r7, r0
100058ca:	7143      	strb	r3, [r0, #5]
100058cc:	6081      	str	r1, [r0, #8]
100058ce:	7382      	strb	r2, [r0, #14]
100058d0:	f100 0138 	add.w	r1, r0, #56	@ 0x38
100058d4:	2301      	movs	r3, #1
100058d6:	2240      	movs	r2, #64	@ 0x40
100058d8:	3010      	adds	r0, #16
100058da:	f000 fc75 	bl	100061c8 <tu_fifo_config>
100058de:	2301      	movs	r3, #1
100058e0:	2240      	movs	r2, #64	@ 0x40
100058e2:	f107 0178 	add.w	r1, r7, #120	@ 0x78
100058e6:	9300      	str	r3, [sp, #0]
100058e8:	f107 06b8 	add.w	r6, r7, #184	@ 0xb8
100058ec:	f107 0024 	add.w	r0, r7, #36	@ 0x24
100058f0:	f000 fc6a 	bl	100061c8 <tu_fifo_config>
100058f4:	f107 05c0 	add.w	r5, r7, #192	@ 0xc0
100058f8:	4630      	mov	r0, r6
100058fa:	f7fb fae9 	bl	10000ed0 <mutex_init>
100058fe:	4628      	mov	r0, r5
10005900:	f7fb fae6 	bl	10000ed0 <mutex_init>
10005904:	e9c7 4607 	strd	r4, r6, [r7, #28]
10005908:	e9c7 540c 	strd	r5, r4, [r7, #48]	@ 0x30
1000590c:	b003      	add	sp, #12
1000590e:	bdf0      	pop	{r4, r5, r6, r7, pc}
10005910:	20001ff8 	.word	0x20001ff8
10005914:	20001ff4 	.word	0x20001ff4

10005918 <cdcd_deinit>:
10005918:	4a0a      	ldr	r2, [pc, #40]	@ (10005944 <cdcd_deinit+0x2c>)
1000591a:	6b11      	ldr	r1, [r2, #48]	@ 0x30
1000591c:	6a13      	ldr	r3, [r2, #32]
1000591e:	b161      	cbz	r1, 1000593a <cdcd_deinit+0x22>
10005920:	b13b      	cbz	r3, 10005932 <cdcd_deinit+0x1a>
10005922:	2300      	movs	r3, #0
10005924:	e9c2 330c 	strd	r3, r3, [r2, #48]	@ 0x30
10005928:	61d3      	str	r3, [r2, #28]
1000592a:	2300      	movs	r3, #0
1000592c:	6213      	str	r3, [r2, #32]
1000592e:	2001      	movs	r0, #1
10005930:	4770      	bx	lr
10005932:	2001      	movs	r0, #1
10005934:	e9c2 330c 	strd	r3, r3, [r2, #48]	@ 0x30
10005938:	4770      	bx	lr
1000593a:	2b00      	cmp	r3, #0
1000593c:	d0f7      	beq.n	1000592e <cdcd_deinit+0x16>
1000593e:	61d1      	str	r1, [r2, #28]
10005940:	e7f3      	b.n	1000592a <cdcd_deinit+0x12>
10005942:	bf00      	nop
10005944:	20001ff8 	.word	0x20001ff8

10005948 <cdcd_reset>:
10005948:	2200      	movs	r2, #0
1000594a:	b510      	push	{r4, lr}
1000594c:	4c0e      	ldr	r4, [pc, #56]	@ (10005988 <cdcd_reset+0x40>)
1000594e:	480f      	ldr	r0, [pc, #60]	@ (1000598c <cdcd_reset+0x44>)
10005950:	7823      	ldrb	r3, [r4, #0]
10005952:	6002      	str	r2, [r0, #0]
10005954:	7102      	strb	r2, [r0, #4]
10005956:	07da      	lsls	r2, r3, #31
10005958:	d507      	bpl.n	1000596a <cdcd_reset+0x22>
1000595a:	079b      	lsls	r3, r3, #30
1000595c:	d50b      	bpl.n	10005976 <cdcd_reset+0x2e>
1000595e:	e8bd 4010 	ldmia.w	sp!, {r4, lr}
10005962:	2101      	movs	r1, #1
10005964:	480a      	ldr	r0, [pc, #40]	@ (10005990 <cdcd_reset+0x48>)
10005966:	f000 be5d 	b.w	10006624 <tu_fifo_set_overwritable>
1000596a:	3010      	adds	r0, #16
1000596c:	f000 fe3e 	bl	100065ec <tu_fifo_clear>
10005970:	7823      	ldrb	r3, [r4, #0]
10005972:	079b      	lsls	r3, r3, #30
10005974:	d4f3      	bmi.n	1000595e <cdcd_reset+0x16>
10005976:	4806      	ldr	r0, [pc, #24]	@ (10005990 <cdcd_reset+0x48>)
10005978:	f000 fe38 	bl	100065ec <tu_fifo_clear>
1000597c:	e8bd 4010 	ldmia.w	sp!, {r4, lr}
10005980:	2101      	movs	r1, #1
10005982:	4803      	ldr	r0, [pc, #12]	@ (10005990 <cdcd_reset+0x48>)
10005984:	f000 be4e 	b.w	10006624 <tu_fifo_set_overwritable>
10005988:	20001ff4 	.word	0x20001ff4
1000598c:	20001ff8 	.word	0x20001ff8
10005990:	2000201c 	.word	0x2000201c

10005994 <cdcd_open>:
10005994:	b5f0      	push	{r4, r5, r6, r7, lr}
10005996:	794b      	ldrb	r3, [r1, #5]
10005998:	b083      	sub	sp, #12
1000599a:	2b02      	cmp	r3, #2
1000599c:	d102      	bne.n	100059a4 <cdcd_open+0x10>
1000599e:	798b      	ldrb	r3, [r1, #6]
100059a0:	2b02      	cmp	r3, #2
100059a2:	d003      	beq.n	100059ac <cdcd_open+0x18>
100059a4:	2500      	movs	r5, #0
100059a6:	4628      	mov	r0, r5
100059a8:	b003      	add	sp, #12
100059aa:	bdf0      	pop	{r4, r5, r6, r7, pc}
100059ac:	4f27      	ldr	r7, [pc, #156]	@ (10005a4c <cdcd_open+0xb8>)
100059ae:	78bb      	ldrb	r3, [r7, #2]
100059b0:	b13b      	cbz	r3, 100059c2 <cdcd_open+0x2e>
100059b2:	f04f 23e0 	mov.w	r3, #3758153728	@ 0xe000e000
100059b6:	f8d3 3df0 	ldr.w	r3, [r3, #3568]	@ 0xdf0
100059ba:	07db      	lsls	r3, r3, #31
100059bc:	d5f2      	bpl.n	100059a4 <cdcd_open+0x10>
100059be:	be00      	bkpt	0x0000
100059c0:	e7f0      	b.n	100059a4 <cdcd_open+0x10>
100059c2:	788b      	ldrb	r3, [r1, #2]
100059c4:	4606      	mov	r6, r0
100059c6:	703b      	strb	r3, [r7, #0]
100059c8:	780b      	ldrb	r3, [r1, #0]
100059ca:	18cc      	adds	r4, r1, r3
100059cc:	7861      	ldrb	r1, [r4, #1]
100059ce:	2924      	cmp	r1, #36	@ 0x24
100059d0:	bf08      	it	eq
100059d2:	2509      	moveq	r5, #9
100059d4:	d007      	beq.n	100059e6 <cdcd_open+0x52>
100059d6:	e036      	b.n	10005a46 <cdcd_open+0xb2>
100059d8:	7823      	ldrb	r3, [r4, #0]
100059da:	441c      	add	r4, r3
100059dc:	7861      	ldrb	r1, [r4, #1]
100059de:	442b      	add	r3, r5
100059e0:	2924      	cmp	r1, #36	@ 0x24
100059e2:	b29d      	uxth	r5, r3
100059e4:	d107      	bne.n	100059f6 <cdcd_open+0x62>
100059e6:	42aa      	cmp	r2, r5
100059e8:	d2f6      	bcs.n	100059d8 <cdcd_open+0x44>
100059ea:	2000      	movs	r0, #0
100059ec:	f7ff fe4a 	bl	10005684 <_prep_out_transaction.isra.0>
100059f0:	4628      	mov	r0, r5
100059f2:	b003      	add	sp, #12
100059f4:	bdf0      	pop	{r4, r5, r6, r7, pc}
100059f6:	460b      	mov	r3, r1
100059f8:	2905      	cmp	r1, #5
100059fa:	d016      	beq.n	10005a2a <cdcd_open+0x96>
100059fc:	2b04      	cmp	r3, #4
100059fe:	d1f4      	bne.n	100059ea <cdcd_open+0x56>
10005a00:	7963      	ldrb	r3, [r4, #5]
10005a02:	2b0a      	cmp	r3, #10
10005a04:	d1f1      	bne.n	100059ea <cdcd_open+0x56>
10005a06:	4b12      	ldr	r3, [pc, #72]	@ (10005a50 <cdcd_open+0xbc>)
10005a08:	7827      	ldrb	r7, [r4, #0]
10005a0a:	9301      	str	r3, [sp, #4]
10005a0c:	3301      	adds	r3, #1
10005a0e:	9300      	str	r3, [sp, #0]
10005a10:	2302      	movs	r3, #2
10005a12:	4630      	mov	r0, r6
10005a14:	461a      	mov	r2, r3
10005a16:	19e1      	adds	r1, r4, r7
10005a18:	f7ff fc58 	bl	100052cc <usbd_open_edpt_pair>
10005a1c:	2800      	cmp	r0, #0
10005a1e:	d0c8      	beq.n	100059b2 <cdcd_open+0x1e>
10005a20:	350e      	adds	r5, #14
10005a22:	fa17 f585 	uxtah	r5, r7, r5
10005a26:	b2ad      	uxth	r5, r5
10005a28:	e7df      	b.n	100059ea <cdcd_open+0x56>
10005a2a:	4621      	mov	r1, r4
10005a2c:	4630      	mov	r0, r6
10005a2e:	f7ff fc9b 	bl	10005368 <usbd_edpt_open>
10005a32:	2800      	cmp	r0, #0
10005a34:	d0bd      	beq.n	100059b2 <cdcd_open+0x1e>
10005a36:	78a3      	ldrb	r3, [r4, #2]
10005a38:	707b      	strb	r3, [r7, #1]
10005a3a:	7823      	ldrb	r3, [r4, #0]
10005a3c:	195a      	adds	r2, r3, r5
10005a3e:	441c      	add	r4, r3
10005a40:	7863      	ldrb	r3, [r4, #1]
10005a42:	b295      	uxth	r5, r2
10005a44:	e7da      	b.n	100059fc <cdcd_open+0x68>
10005a46:	460b      	mov	r3, r1
10005a48:	2509      	movs	r5, #9
10005a4a:	e7d5      	b.n	100059f8 <cdcd_open+0x64>
10005a4c:	20001ff8 	.word	0x20001ff8
10005a50:	20001ffa 	.word	0x20001ffa

10005a54 <cdcd_control_xfer_cb>:
10005a54:	7813      	ldrb	r3, [r2, #0]
10005a56:	f003 0360 	and.w	r3, r3, #96	@ 0x60
10005a5a:	2b20      	cmp	r3, #32
10005a5c:	d108      	bne.n	10005a70 <cdcd_control_xfer_cb+0x1c>
10005a5e:	b570      	push	{r4, r5, r6, lr}
10005a60:	4c26      	ldr	r4, [pc, #152]	@ (10005afc <cdcd_control_xfer_cb+0xa8>)
10005a62:	8893      	ldrh	r3, [r2, #4]
10005a64:	f894 c000 	ldrb.w	ip, [r4]
10005a68:	459c      	cmp	ip, r3
10005a6a:	d003      	beq.n	10005a74 <cdcd_control_xfer_cb+0x20>
10005a6c:	2000      	movs	r0, #0
10005a6e:	bd70      	pop	{r4, r5, r6, pc}
10005a70:	2000      	movs	r0, #0
10005a72:	4770      	bx	lr
10005a74:	7853      	ldrb	r3, [r2, #1]
10005a76:	3b20      	subs	r3, #32
10005a78:	2b03      	cmp	r3, #3
10005a7a:	d8f7      	bhi.n	10005a6c <cdcd_control_xfer_cb+0x18>
10005a7c:	e8df f003 	tbb	[pc, r3]
10005a80:	020d2327 	.word	0x020d2327
10005a84:	2901      	cmp	r1, #1
10005a86:	d02e      	beq.n	10005ae6 <cdcd_control_xfer_cb+0x92>
10005a88:	2903      	cmp	r1, #3
10005a8a:	d11e      	bne.n	10005aca <cdcd_control_xfer_cb+0x76>
10005a8c:	4b1c      	ldr	r3, [pc, #112]	@ (10005b00 <cdcd_control_xfer_cb+0xac>)
10005a8e:	b1e3      	cbz	r3, 10005aca <cdcd_control_xfer_cb+0x76>
10005a90:	2000      	movs	r0, #0
10005a92:	8851      	ldrh	r1, [r2, #2]
10005a94:	f3af 8000 	nop.w
10005a98:	e017      	b.n	10005aca <cdcd_control_xfer_cb+0x76>
10005a9a:	2901      	cmp	r1, #1
10005a9c:	d023      	beq.n	10005ae6 <cdcd_control_xfer_cb+0x92>
10005a9e:	2903      	cmp	r1, #3
10005aa0:	d113      	bne.n	10005aca <cdcd_control_xfer_cb+0x76>
10005aa2:	8855      	ldrh	r5, [r2, #2]
10005aa4:	4817      	ldr	r0, [pc, #92]	@ (10005b04 <cdcd_control_xfer_cb+0xb0>)
10005aa6:	f005 0601 	and.w	r6, r5, #1
10005aaa:	f086 0101 	eor.w	r1, r6, #1
10005aae:	7125      	strb	r5, [r4, #4]
10005ab0:	f000 fdb8 	bl	10006624 <tu_fifo_set_overwritable>
10005ab4:	4b14      	ldr	r3, [pc, #80]	@ (10005b08 <cdcd_control_xfer_cb+0xb4>)
10005ab6:	b143      	cbz	r3, 10005aca <cdcd_control_xfer_cb+0x76>
10005ab8:	4631      	mov	r1, r6
10005aba:	2000      	movs	r0, #0
10005abc:	f3c5 0240 	ubfx	r2, r5, #1, #1
10005ac0:	f3af 8000 	nop.w
10005ac4:	e001      	b.n	10005aca <cdcd_control_xfer_cb+0x76>
10005ac6:	2901      	cmp	r1, #1
10005ac8:	d011      	beq.n	10005aee <cdcd_control_xfer_cb+0x9a>
10005aca:	2001      	movs	r0, #1
10005acc:	bd70      	pop	{r4, r5, r6, pc}
10005ace:	2901      	cmp	r1, #1
10005ad0:	d00d      	beq.n	10005aee <cdcd_control_xfer_cb+0x9a>
10005ad2:	2903      	cmp	r1, #3
10005ad4:	d1f9      	bne.n	10005aca <cdcd_control_xfer_cb+0x76>
10005ad6:	4b0d      	ldr	r3, [pc, #52]	@ (10005b0c <cdcd_control_xfer_cb+0xb8>)
10005ad8:	2b00      	cmp	r3, #0
10005ada:	d0f6      	beq.n	10005aca <cdcd_control_xfer_cb+0x76>
10005adc:	2000      	movs	r0, #0
10005ade:	490c      	ldr	r1, [pc, #48]	@ (10005b10 <cdcd_control_xfer_cb+0xbc>)
10005ae0:	f7fe faa8 	bl	10004034 <tud_cdc_line_coding_cb>
10005ae4:	e7f1      	b.n	10005aca <cdcd_control_xfer_cb+0x76>
10005ae6:	4611      	mov	r1, r2
10005ae8:	f7ff fcbc 	bl	10005464 <tud_control_status>
10005aec:	e7ed      	b.n	10005aca <cdcd_control_xfer_cb+0x76>
10005aee:	4611      	mov	r1, r2
10005af0:	2307      	movs	r3, #7
10005af2:	4a07      	ldr	r2, [pc, #28]	@ (10005b10 <cdcd_control_xfer_cb+0xbc>)
10005af4:	f7ff fcd0 	bl	10005498 <tud_control_xfer>
10005af8:	e7e7      	b.n	10005aca <cdcd_control_xfer_cb+0x76>
10005afa:	bf00      	nop
10005afc:	20001ff8 	.word	0x20001ff8
10005b00:	00000000 	.word	0x00000000
10005b04:	2000201c 	.word	0x2000201c
10005b08:	00000000 	.word	0x00000000
10005b0c:	10004035 	.word	0x10004035
10005b10:	20002000 	.word	0x20002000

10005b14 <cdcd_xfer_cb>:
10005b14:	e92d 43f8 	stmdb	sp!, {r3, r4, r5, r6, r7, r8, r9, lr}
10005b18:	4e35      	ldr	r6, [pc, #212]	@ (10005bf0 <cdcd_xfer_cb+0xdc>)
10005b1a:	460c      	mov	r4, r1
10005b1c:	78f2      	ldrb	r2, [r6, #3]
10005b1e:	4607      	mov	r7, r0
10005b20:	428a      	cmp	r2, r1
10005b22:	461d      	mov	r5, r3
10005b24:	d03d      	beq.n	10005ba2 <cdcd_xfer_cb+0x8e>
10005b26:	78b3      	ldrb	r3, [r6, #2]
10005b28:	428b      	cmp	r3, r1
10005b2a:	d012      	beq.n	10005b52 <cdcd_xfer_cb+0x3e>
10005b2c:	f04f 23e0 	mov.w	r3, #3758153728	@ 0xe000e000
10005b30:	f8d3 3df0 	ldr.w	r3, [r3, #3568]	@ 0xdf0
10005b34:	07db      	lsls	r3, r3, #31
10005b36:	d432      	bmi.n	10005b9e <cdcd_xfer_cb+0x8a>
10005b38:	2000      	movs	r0, #0
10005b3a:	e8bd 83f8 	ldmia.w	sp!, {r3, r4, r5, r6, r7, r8, r9, pc}
10005b3e:	4b2d      	ldr	r3, [pc, #180]	@ (10005bf4 <cdcd_xfer_cb+0xe0>)
10005b40:	b123      	cbz	r3, 10005b4c <cdcd_xfer_cb+0x38>
10005b42:	482d      	ldr	r0, [pc, #180]	@ (10005bf8 <cdcd_xfer_cb+0xe4>)
10005b44:	f000 fb80 	bl	10006248 <tu_fifo_empty>
10005b48:	2800      	cmp	r0, #0
10005b4a:	d04d      	beq.n	10005be8 <cdcd_xfer_cb+0xd4>
10005b4c:	2000      	movs	r0, #0
10005b4e:	f7ff fd99 	bl	10005684 <_prep_out_transaction.isra.0>
10005b52:	78b3      	ldrb	r3, [r6, #2]
10005b54:	42a3      	cmp	r3, r4
10005b56:	d001      	beq.n	10005b5c <cdcd_xfer_cb+0x48>
10005b58:	2001      	movs	r0, #1
10005b5a:	e7ee      	b.n	10005b3a <cdcd_xfer_cb+0x26>
10005b5c:	4b27      	ldr	r3, [pc, #156]	@ (10005bfc <cdcd_xfer_cb+0xe8>)
10005b5e:	b113      	cbz	r3, 10005b66 <cdcd_xfer_cb+0x52>
10005b60:	2000      	movs	r0, #0
10005b62:	f3af 8000 	nop.w
10005b66:	2000      	movs	r0, #0
10005b68:	f7ff fe2e 	bl	100057c8 <tud_cdc_n_write_flush>
10005b6c:	2800      	cmp	r0, #0
10005b6e:	d1f3      	bne.n	10005b58 <cdcd_xfer_cb+0x44>
10005b70:	4823      	ldr	r0, [pc, #140]	@ (10005c00 <cdcd_xfer_cb+0xec>)
10005b72:	f000 fb59 	bl	10006228 <tu_fifo_count>
10005b76:	2800      	cmp	r0, #0
10005b78:	d1ee      	bne.n	10005b58 <cdcd_xfer_cb+0x44>
10005b7a:	2d00      	cmp	r5, #0
10005b7c:	d0ec      	beq.n	10005b58 <cdcd_xfer_cb+0x44>
10005b7e:	f015 053f 	ands.w	r5, r5, #63	@ 0x3f
10005b82:	d1e9      	bne.n	10005b58 <cdcd_xfer_cb+0x44>
10005b84:	4638      	mov	r0, r7
10005b86:	78b1      	ldrb	r1, [r6, #2]
10005b88:	f7ff fc10 	bl	100053ac <usbd_edpt_claim>
10005b8c:	2800      	cmp	r0, #0
10005b8e:	d0e3      	beq.n	10005b58 <cdcd_xfer_cb+0x44>
10005b90:	462b      	mov	r3, r5
10005b92:	462a      	mov	r2, r5
10005b94:	4638      	mov	r0, r7
10005b96:	78b1      	ldrb	r1, [r6, #2]
10005b98:	f7ff fc2c 	bl	100053f4 <usbd_edpt_xfer>
10005b9c:	e7dc      	b.n	10005b58 <cdcd_xfer_cb+0x44>
10005b9e:	be00      	bkpt	0x0000
10005ba0:	e7ca      	b.n	10005b38 <cdcd_xfer_cb+0x24>
10005ba2:	b29a      	uxth	r2, r3
10005ba4:	4917      	ldr	r1, [pc, #92]	@ (10005c04 <cdcd_xfer_cb+0xf0>)
10005ba6:	f106 0010 	add.w	r0, r6, #16
10005baa:	f000 fc71 	bl	10006490 <tu_fifo_write_n>
10005bae:	4b16      	ldr	r3, [pc, #88]	@ (10005c08 <cdcd_xfer_cb+0xf4>)
10005bb0:	2b00      	cmp	r3, #0
10005bb2:	d0c4      	beq.n	10005b3e <cdcd_xfer_cb+0x2a>
10005bb4:	7973      	ldrb	r3, [r6, #5]
10005bb6:	2bff      	cmp	r3, #255	@ 0xff
10005bb8:	d0c1      	beq.n	10005b3e <cdcd_xfer_cb+0x2a>
10005bba:	2d00      	cmp	r5, #0
10005bbc:	d0bf      	beq.n	10005b3e <cdcd_xfer_cb+0x2a>
10005bbe:	f8df 8044 	ldr.w	r8, [pc, #68]	@ 10005c04 <cdcd_xfer_cb+0xf0>
10005bc2:	eb08 0905 	add.w	r9, r8, r5
10005bc6:	e002      	b.n	10005bce <cdcd_xfer_cb+0xba>
10005bc8:	45c8      	cmp	r8, r9
10005bca:	d0b8      	beq.n	10005b3e <cdcd_xfer_cb+0x2a>
10005bcc:	7973      	ldrb	r3, [r6, #5]
10005bce:	f818 2b01 	ldrb.w	r2, [r8], #1
10005bd2:	429a      	cmp	r2, r3
10005bd4:	d1f8      	bne.n	10005bc8 <cdcd_xfer_cb+0xb4>
10005bd6:	4808      	ldr	r0, [pc, #32]	@ (10005bf8 <cdcd_xfer_cb+0xe4>)
10005bd8:	f000 fb36 	bl	10006248 <tu_fifo_empty>
10005bdc:	2800      	cmp	r0, #0
10005bde:	d1f3      	bne.n	10005bc8 <cdcd_xfer_cb+0xb4>
10005be0:	7971      	ldrb	r1, [r6, #5]
10005be2:	f3af 8000 	nop.w
10005be6:	e7ef      	b.n	10005bc8 <cdcd_xfer_cb+0xb4>
10005be8:	f3af 8000 	nop.w
10005bec:	e7ae      	b.n	10005b4c <cdcd_xfer_cb+0x38>
10005bee:	bf00      	nop
10005bf0:	20001ff8 	.word	0x20001ff8
10005bf4:	00000000 	.word	0x00000000
10005bf8:	20002008 	.word	0x20002008
10005bfc:	00000000 	.word	0x00000000
10005c00:	2000201c 	.word	0x2000201c
10005c04:	20001f74 	.word	0x20001f74
10005c08:	00000000 	.word	0x00000000

10005c0c <vendord_init>:
10005c0c:	b5f0      	push	{r4, r5, r6, r7, lr}
10005c0e:	f44f 7213 	mov.w	r2, #588	@ 0x24c
10005c12:	b085      	sub	sp, #20
10005c14:	2100      	movs	r1, #0
10005c16:	4812      	ldr	r0, [pc, #72]	@ (10005c60 <vendord_init+0x54>)
10005c18:	f001 fa9e 	bl	10007158 <memset>
10005c1c:	2640      	movs	r6, #64	@ 0x40
10005c1e:	2300      	movs	r3, #0
10005c20:	f44f 7580 	mov.w	r5, #256	@ 0x100
10005c24:	4f0e      	ldr	r7, [pc, #56]	@ (10005c60 <vendord_init+0x54>)
10005c26:	4c0f      	ldr	r4, [pc, #60]	@ (10005c64 <vendord_init+0x58>)
10005c28:	f507 72a6 	add.w	r2, r7, #332	@ 0x14c
10005c2c:	4619      	mov	r1, r3
10005c2e:	e9cd 4602 	strd	r4, r6, [sp, #8]
10005c32:	9200      	str	r2, [sp, #0]
10005c34:	9501      	str	r5, [sp, #4]
10005c36:	461a      	mov	r2, r3
10005c38:	f507 7094 	add.w	r0, r7, #296	@ 0x128
10005c3c:	f000 f9c6 	bl	10005fcc <tu_edpt_stream_init>
10005c40:	2300      	movs	r3, #0
10005c42:	4638      	mov	r0, r7
10005c44:	f107 0128 	add.w	r1, r7, #40	@ 0x28
10005c48:	4434      	add	r4, r6
10005c4a:	9100      	str	r1, [sp, #0]
10005c4c:	2201      	movs	r2, #1
10005c4e:	4619      	mov	r1, r3
10005c50:	e9cd 4602 	strd	r4, r6, [sp, #8]
10005c54:	9501      	str	r5, [sp, #4]
10005c56:	3004      	adds	r0, #4
10005c58:	f000 f9b8 	bl	10005fcc <tu_edpt_stream_init>
10005c5c:	b005      	add	sp, #20
10005c5e:	bdf0      	pop	{r4, r5, r6, r7, pc}
10005c60:	200022dc 	.word	0x200022dc
10005c64:	2000225c 	.word	0x2000225c

10005c68 <vendord_deinit>:
10005c68:	b508      	push	{r3, lr}
10005c6a:	4805      	ldr	r0, [pc, #20]	@ (10005c80 <vendord_deinit+0x18>)
10005c6c:	f000 f9da 	bl	10006024 <tu_edpt_stream_deinit>
10005c70:	4b03      	ldr	r3, [pc, #12]	@ (10005c80 <vendord_deinit+0x18>)
10005c72:	f5a3 7092 	sub.w	r0, r3, #292	@ 0x124
10005c76:	f000 f9d5 	bl	10006024 <tu_edpt_stream_deinit>
10005c7a:	2001      	movs	r0, #1
10005c7c:	bd08      	pop	{r3, pc}
10005c7e:	bf00      	nop
10005c80:	20002404 	.word	0x20002404

10005c84 <vendord_reset>:
10005c84:	b538      	push	{r3, r4, r5, lr}
10005c86:	2500      	movs	r5, #0
10005c88:	4c06      	ldr	r4, [pc, #24]	@ (10005ca4 <vendord_reset+0x20>)
10005c8a:	f504 7098 	add.w	r0, r4, #304	@ 0x130
10005c8e:	7025      	strb	r5, [r4, #0]
10005c90:	f000 fcac 	bl	100065ec <tu_fifo_clear>
10005c94:	f104 000c 	add.w	r0, r4, #12
10005c98:	f000 fca8 	bl	100065ec <tu_fifo_clear>
10005c9c:	f884 5129 	strb.w	r5, [r4, #297]	@ 0x129
10005ca0:	7165      	strb	r5, [r4, #5]
10005ca2:	bd38      	pop	{r3, r4, r5, pc}
10005ca4:	200022dc 	.word	0x200022dc

10005ca8 <vendord_open>:
10005ca8:	e92d 43f8 	stmdb	sp!, {r3, r4, r5, r6, r7, r8, r9, lr}
10005cac:	794b      	ldrb	r3, [r1, #5]
10005cae:	2bff      	cmp	r3, #255	@ 0xff
10005cb0:	d151      	bne.n	10005d56 <vendord_open+0xae>
10005cb2:	4e35      	ldr	r6, [pc, #212]	@ (10005d88 <vendord_open+0xe0>)
10005cb4:	f896 3129 	ldrb.w	r3, [r6, #297]	@ 0x129
10005cb8:	2b00      	cmp	r3, #0
10005cba:	d14c      	bne.n	10005d56 <vendord_open+0xae>
10005cbc:	f896 8005 	ldrb.w	r8, [r6, #5]
10005cc0:	f1b8 0f00 	cmp.w	r8, #0
10005cc4:	d147      	bne.n	10005d56 <vendord_open+0xae>
10005cc6:	788b      	ldrb	r3, [r1, #2]
10005cc8:	780c      	ldrb	r4, [r1, #0]
10005cca:	7033      	strb	r3, [r6, #0]
10005ccc:	790b      	ldrb	r3, [r1, #4]
10005cce:	460f      	mov	r7, r1
10005cd0:	440c      	add	r4, r1
10005cd2:	b3ab      	cbz	r3, 10005d40 <vendord_open+0x98>
10005cd4:	4681      	mov	r9, r0
10005cd6:	18a5      	adds	r5, r4, r2
10005cd8:	e003      	b.n	10005ce2 <vendord_open+0x3a>
10005cda:	42a5      	cmp	r5, r4
10005cdc:	d930      	bls.n	10005d40 <vendord_open+0x98>
10005cde:	7823      	ldrb	r3, [r4, #0]
10005ce0:	441c      	add	r4, r3
10005ce2:	7863      	ldrb	r3, [r4, #1]
10005ce4:	2b05      	cmp	r3, #5
10005ce6:	d1f8      	bne.n	10005cda <vendord_open+0x32>
10005ce8:	42ac      	cmp	r4, r5
10005cea:	d229      	bcs.n	10005d40 <vendord_open+0x98>
10005cec:	4621      	mov	r1, r4
10005cee:	4648      	mov	r0, r9
10005cf0:	f7ff fb3a 	bl	10005368 <usbd_edpt_open>
10005cf4:	b340      	cbz	r0, 10005d48 <vendord_open+0xa0>
10005cf6:	78a3      	ldrb	r3, [r4, #2]
10005cf8:	09db      	lsrs	r3, r3, #7
10005cfa:	d12f      	bne.n	10005d5c <vendord_open+0xb4>
10005cfc:	4823      	ldr	r0, [pc, #140]	@ (10005d8c <vendord_open+0xe4>)
10005cfe:	f000 fc75 	bl	100065ec <tu_fifo_clear>
10005d02:	78a3      	ldrb	r3, [r4, #2]
10005d04:	f896 2128 	ldrb.w	r2, [r6, #296]	@ 0x128
10005d08:	f886 3129 	strb.w	r3, [r6, #297]	@ 0x129
10005d0c:	88a3      	ldrh	r3, [r4, #4]
10005d0e:	4648      	mov	r0, r9
10005d10:	f3c3 030a 	ubfx	r3, r3, #0, #11
10005d14:	f5a3 7300 	sub.w	r3, r3, #512	@ 0x200
10005d18:	fab3 f383 	clz	r3, r3
10005d1c:	095b      	lsrs	r3, r3, #5
10005d1e:	f363 0241 	bfi	r2, r3, #1, #1
10005d22:	491b      	ldr	r1, [pc, #108]	@ (10005d90 <vendord_open+0xe8>)
10005d24:	f886 2128 	strb.w	r2, [r6, #296]	@ 0x128
10005d28:	f000 f9ea 	bl	10006100 <tu_edpt_stream_read_xfer>
10005d2c:	b160      	cbz	r0, 10005d48 <vendord_open+0xa0>
10005d2e:	7823      	ldrb	r3, [r4, #0]
10005d30:	793a      	ldrb	r2, [r7, #4]
10005d32:	f108 0801 	add.w	r8, r8, #1
10005d36:	441c      	add	r4, r3
10005d38:	fa5f f388 	uxtb.w	r3, r8
10005d3c:	429a      	cmp	r2, r3
10005d3e:	d8d0      	bhi.n	10005ce2 <vendord_open+0x3a>
10005d40:	1be1      	subs	r1, r4, r7
10005d42:	b288      	uxth	r0, r1
10005d44:	e8bd 83f8 	ldmia.w	sp!, {r3, r4, r5, r6, r7, r8, r9, pc}
10005d48:	f04f 23e0 	mov.w	r3, #3758153728	@ 0xe000e000
10005d4c:	f8d3 3df0 	ldr.w	r3, [r3, #3568]	@ 0xdf0
10005d50:	07db      	lsls	r3, r3, #31
10005d52:	d500      	bpl.n	10005d56 <vendord_open+0xae>
10005d54:	be00      	bkpt	0x0000
10005d56:	2000      	movs	r0, #0
10005d58:	e8bd 83f8 	ldmia.w	sp!, {r3, r4, r5, r6, r7, r8, r9, pc}
10005d5c:	480d      	ldr	r0, [pc, #52]	@ (10005d94 <vendord_open+0xec>)
10005d5e:	f000 fc45 	bl	100065ec <tu_fifo_clear>
10005d62:	78a3      	ldrb	r3, [r4, #2]
10005d64:	7932      	ldrb	r2, [r6, #4]
10005d66:	7173      	strb	r3, [r6, #5]
10005d68:	88a3      	ldrh	r3, [r4, #4]
10005d6a:	490b      	ldr	r1, [pc, #44]	@ (10005d98 <vendord_open+0xf0>)
10005d6c:	f3c3 030a 	ubfx	r3, r3, #0, #11
10005d70:	f5a3 7300 	sub.w	r3, r3, #512	@ 0x200
10005d74:	fab3 f383 	clz	r3, r3
10005d78:	095b      	lsrs	r3, r3, #5
10005d7a:	f363 0241 	bfi	r2, r3, #1, #1
10005d7e:	2000      	movs	r0, #0
10005d80:	7132      	strb	r2, [r6, #4]
10005d82:	f000 f985 	bl	10006090 <tu_edpt_stream_write_xfer>
10005d86:	e7d2      	b.n	10005d2e <vendord_open+0x86>
10005d88:	200022dc 	.word	0x200022dc
10005d8c:	2000240c 	.word	0x2000240c
10005d90:	20002404 	.word	0x20002404
10005d94:	200022e8 	.word	0x200022e8
10005d98:	200022e0 	.word	0x200022e0

10005d9c <vendord_xfer_cb>:
10005d9c:	b570      	push	{r4, r5, r6, lr}
10005d9e:	4c1b      	ldr	r4, [pc, #108]	@ (10005e0c <vendord_xfer_cb+0x70>)
10005da0:	4606      	mov	r6, r0
10005da2:	f894 c129 	ldrb.w	ip, [r4, #297]	@ 0x129
10005da6:	461d      	mov	r5, r3
10005da8:	458c      	cmp	ip, r1
10005daa:	d011      	beq.n	10005dd0 <vendord_xfer_cb+0x34>
10005dac:	7963      	ldrb	r3, [r4, #5]
10005dae:	428b      	cmp	r3, r1
10005db0:	d001      	beq.n	10005db6 <vendord_xfer_cb+0x1a>
10005db2:	2000      	movs	r0, #0
10005db4:	bd70      	pop	{r4, r5, r6, pc}
10005db6:	4b16      	ldr	r3, [pc, #88]	@ (10005e10 <vendord_xfer_cb+0x74>)
10005db8:	b11b      	cbz	r3, 10005dc2 <vendord_xfer_cb+0x26>
10005dba:	2000      	movs	r0, #0
10005dbc:	b2a9      	uxth	r1, r5
10005dbe:	f3af 8000 	nop.w
10005dc2:	4630      	mov	r0, r6
10005dc4:	4913      	ldr	r1, [pc, #76]	@ (10005e14 <vendord_xfer_cb+0x78>)
10005dc6:	f000 f963 	bl	10006090 <tu_edpt_stream_write_xfer>
10005dca:	b1c8      	cbz	r0, 10005e00 <vendord_xfer_cb+0x64>
10005dcc:	2001      	movs	r0, #1
10005dce:	bd70      	pop	{r4, r5, r6, pc}
10005dd0:	f8b4 3134 	ldrh.w	r3, [r4, #308]	@ 0x134
10005dd4:	b963      	cbnz	r3, 10005df0 <vendord_xfer_cb+0x54>
10005dd6:	4b10      	ldr	r3, [pc, #64]	@ (10005e18 <vendord_xfer_cb+0x7c>)
10005dd8:	b123      	cbz	r3, 10005de4 <vendord_xfer_cb+0x48>
10005dda:	2000      	movs	r0, #0
10005ddc:	490f      	ldr	r1, [pc, #60]	@ (10005e1c <vendord_xfer_cb+0x80>)
10005dde:	b2aa      	uxth	r2, r5
10005de0:	f3af 8000 	nop.w
10005de4:	4630      	mov	r0, r6
10005de6:	490e      	ldr	r1, [pc, #56]	@ (10005e20 <vendord_xfer_cb+0x84>)
10005de8:	f000 f98a 	bl	10006100 <tu_edpt_stream_read_xfer>
10005dec:	2001      	movs	r0, #1
10005dee:	e7ee      	b.n	10005dce <vendord_xfer_cb+0x32>
10005df0:	f8d4 112c 	ldr.w	r1, [r4, #300]	@ 0x12c
10005df4:	b2aa      	uxth	r2, r5
10005df6:	f504 7098 	add.w	r0, r4, #304	@ 0x130
10005dfa:	f000 fb49 	bl	10006490 <tu_fifo_write_n>
10005dfe:	e7ea      	b.n	10005dd6 <vendord_xfer_cb+0x3a>
10005e00:	462a      	mov	r2, r5
10005e02:	4630      	mov	r0, r6
10005e04:	4903      	ldr	r1, [pc, #12]	@ (10005e14 <vendord_xfer_cb+0x78>)
10005e06:	f000 f90f 	bl	10006028 <tu_edpt_stream_write_zlp_if_needed>
10005e0a:	e7df      	b.n	10005dcc <vendord_xfer_cb+0x30>
10005e0c:	200022dc 	.word	0x200022dc
10005e10:	00000000 	.word	0x00000000
10005e14:	200022e0 	.word	0x200022e0
10005e18:	00000000 	.word	0x00000000
10005e1c:	2000225c 	.word	0x2000225c
10005e20:	20002404 	.word	0x20002404

10005e24 <tusb_rhport_init>:
10005e24:	b510      	push	{r4, lr}
10005e26:	b082      	sub	sp, #8
10005e28:	b1c9      	cbz	r1, 10005e5e <tusb_rhport_init+0x3a>
10005e2a:	2801      	cmp	r0, #1
10005e2c:	d80c      	bhi.n	10005e48 <tusb_rhport_init+0x24>
10005e2e:	780b      	ldrb	r3, [r1, #0]
10005e30:	b153      	cbz	r3, 10005e48 <tusb_rhport_init+0x24>
10005e32:	4c14      	ldr	r4, [pc, #80]	@ (10005e84 <tusb_rhport_init+0x60>)
10005e34:	2b01      	cmp	r3, #1
10005e36:	5423      	strb	r3, [r4, r0]
10005e38:	d002      	beq.n	10005e40 <tusb_rhport_init+0x1c>
10005e3a:	2001      	movs	r0, #1
10005e3c:	b002      	add	sp, #8
10005e3e:	bd10      	pop	{r4, pc}
10005e40:	f7fe fe08 	bl	10004a54 <tud_rhport_init>
10005e44:	2800      	cmp	r0, #0
10005e46:	d1f8      	bne.n	10005e3a <tusb_rhport_init+0x16>
10005e48:	f04f 23e0 	mov.w	r3, #3758153728	@ 0xe000e000
10005e4c:	f8d3 3df0 	ldr.w	r3, [r3, #3568]	@ 0xdf0
10005e50:	07db      	lsls	r3, r3, #31
10005e52:	d402      	bmi.n	10005e5a <tusb_rhport_init+0x36>
10005e54:	2000      	movs	r0, #0
10005e56:	b002      	add	sp, #8
10005e58:	bd10      	pop	{r4, pc}
10005e5a:	be00      	bkpt	0x0000
10005e5c:	e7fa      	b.n	10005e54 <tusb_rhport_init+0x30>
10005e5e:	2401      	movs	r4, #1
10005e60:	4608      	mov	r0, r1
10005e62:	a901      	add	r1, sp, #4
10005e64:	f8ad 4004 	strh.w	r4, [sp, #4]
10005e68:	f7fe fdf4 	bl	10004a54 <tud_rhport_init>
10005e6c:	b938      	cbnz	r0, 10005e7e <tusb_rhport_init+0x5a>
10005e6e:	f04f 23e0 	mov.w	r3, #3758153728	@ 0xe000e000
10005e72:	f8d3 3df0 	ldr.w	r3, [r3, #3568]	@ 0xdf0
10005e76:	07da      	lsls	r2, r3, #31
10005e78:	d5ed      	bpl.n	10005e56 <tusb_rhport_init+0x32>
10005e7a:	be00      	bkpt	0x0000
10005e7c:	e7eb      	b.n	10005e56 <tusb_rhport_init+0x32>
10005e7e:	4b01      	ldr	r3, [pc, #4]	@ (10005e84 <tusb_rhport_init+0x60>)
10005e80:	701c      	strb	r4, [r3, #0]
10005e82:	e7e8      	b.n	10005e56 <tusb_rhport_init+0x32>
10005e84:	20002134 	.word	0x20002134

10005e88 <tu_edpt_claim>:
10005e88:	b5f8      	push	{r3, r4, r5, r6, r7, lr}
10005e8a:	7803      	ldrb	r3, [r0, #0]
10005e8c:	f013 0401 	ands.w	r4, r3, #1
10005e90:	d11a      	bne.n	10005ec8 <tu_edpt_claim+0x40>
10005e92:	7803      	ldrb	r3, [r0, #0]
10005e94:	4605      	mov	r5, r0
10005e96:	075a      	lsls	r2, r3, #29
10005e98:	f3c3 0780 	ubfx	r7, r3, #2, #1
10005e9c:	d501      	bpl.n	10005ea2 <tu_edpt_claim+0x1a>
10005e9e:	4620      	mov	r0, r4
10005ea0:	bdf8      	pop	{r3, r4, r5, r6, r7, pc}
10005ea2:	460e      	mov	r6, r1
10005ea4:	f04f 31ff 	mov.w	r1, #4294967295	@ 0xffffffff
10005ea8:	4630      	mov	r0, r6
10005eaa:	f006 ff0d 	bl	1000ccc8 <__mutex_enter_timeout_ms_veneer>
10005eae:	782b      	ldrb	r3, [r5, #0]
10005eb0:	f013 0401 	ands.w	r4, r3, #1
10005eb4:	d10b      	bne.n	10005ece <tu_edpt_claim+0x46>
10005eb6:	782b      	ldrb	r3, [r5, #0]
10005eb8:	075b      	lsls	r3, r3, #29
10005eba:	d409      	bmi.n	10005ed0 <tu_edpt_claim+0x48>
10005ebc:	782b      	ldrb	r3, [r5, #0]
10005ebe:	2401      	movs	r4, #1
10005ec0:	f043 0304 	orr.w	r3, r3, #4
10005ec4:	702b      	strb	r3, [r5, #0]
10005ec6:	e003      	b.n	10005ed0 <tu_edpt_claim+0x48>
10005ec8:	2400      	movs	r4, #0
10005eca:	4620      	mov	r0, r4
10005ecc:	bdf8      	pop	{r3, r4, r5, r6, r7, pc}
10005ece:	463c      	mov	r4, r7
10005ed0:	4630      	mov	r0, r6
10005ed2:	f006 ff0d 	bl	1000ccf0 <__mutex_exit_veneer>
10005ed6:	4620      	mov	r0, r4
10005ed8:	bdf8      	pop	{r3, r4, r5, r6, r7, pc}
10005eda:	bf00      	nop

10005edc <tu_edpt_release>:
10005edc:	b570      	push	{r4, r5, r6, lr}
10005ede:	460c      	mov	r4, r1
10005ee0:	4605      	mov	r5, r0
10005ee2:	f04f 31ff 	mov.w	r1, #4294967295	@ 0xffffffff
10005ee6:	4620      	mov	r0, r4
10005ee8:	f006 feee 	bl	1000ccc8 <__mutex_enter_timeout_ms_veneer>
10005eec:	782b      	ldrb	r3, [r5, #0]
10005eee:	f3c3 0680 	ubfx	r6, r3, #2, #1
10005ef2:	075b      	lsls	r3, r3, #29
10005ef4:	d508      	bpl.n	10005f08 <tu_edpt_release+0x2c>
10005ef6:	782b      	ldrb	r3, [r5, #0]
10005ef8:	f013 0301 	ands.w	r3, r3, #1
10005efc:	bf11      	iteee	ne
10005efe:	2600      	movne	r6, #0
10005f00:	782a      	ldrbeq	r2, [r5, #0]
10005f02:	f363 0282 	bfieq	r2, r3, #2, #1
10005f06:	702a      	strbeq	r2, [r5, #0]
10005f08:	4620      	mov	r0, r4
10005f0a:	f006 fef1 	bl	1000ccf0 <__mutex_exit_veneer>
10005f0e:	4630      	mov	r0, r6
10005f10:	bd70      	pop	{r4, r5, r6, pc}
10005f12:	bf00      	nop

10005f14 <tu_edpt_validate>:
10005f14:	78c3      	ldrb	r3, [r0, #3]
10005f16:	8882      	ldrh	r2, [r0, #4]
10005f18:	f003 0003 	and.w	r0, r3, #3
10005f1c:	2802      	cmp	r0, #2
10005f1e:	f3c2 020a 	ubfx	r2, r2, #0, #11
10005f22:	d015      	beq.n	10005f50 <tu_edpt_validate+0x3c>
10005f24:	2803      	cmp	r0, #3
10005f26:	d00a      	beq.n	10005f3e <tu_edpt_validate+0x2a>
10005f28:	2801      	cmp	r0, #1
10005f2a:	d11c      	bne.n	10005f66 <tu_edpt_validate+0x52>
10005f2c:	2902      	cmp	r1, #2
10005f2e:	f240 33ff 	movw	r3, #1023	@ 0x3ff
10005f32:	bf08      	it	eq
10005f34:	f44f 6380 	moveq.w	r3, #1024	@ 0x400
10005f38:	4293      	cmp	r3, r2
10005f3a:	d30d      	bcc.n	10005f58 <tu_edpt_validate+0x44>
10005f3c:	4770      	bx	lr
10005f3e:	2902      	cmp	r1, #2
10005f40:	bf14      	ite	ne
10005f42:	2340      	movne	r3, #64	@ 0x40
10005f44:	f44f 6380 	moveq.w	r3, #1024	@ 0x400
10005f48:	4293      	cmp	r3, r2
10005f4a:	d305      	bcc.n	10005f58 <tu_edpt_validate+0x44>
10005f4c:	2001      	movs	r0, #1
10005f4e:	4770      	bx	lr
10005f50:	2902      	cmp	r1, #2
10005f52:	d00a      	beq.n	10005f6a <tu_edpt_validate+0x56>
10005f54:	2a40      	cmp	r2, #64	@ 0x40
10005f56:	d9f9      	bls.n	10005f4c <tu_edpt_validate+0x38>
10005f58:	f04f 23e0 	mov.w	r3, #3758153728	@ 0xe000e000
10005f5c:	f8d3 3df0 	ldr.w	r3, [r3, #3568]	@ 0xdf0
10005f60:	07db      	lsls	r3, r3, #31
10005f62:	d500      	bpl.n	10005f66 <tu_edpt_validate+0x52>
10005f64:	be00      	bkpt	0x0000
10005f66:	2000      	movs	r0, #0
10005f68:	4770      	bx	lr
10005f6a:	f5b2 7f00 	cmp.w	r2, #512	@ 0x200
10005f6e:	d0ed      	beq.n	10005f4c <tu_edpt_validate+0x38>
10005f70:	e7f2      	b.n	10005f58 <tu_edpt_validate+0x44>
10005f72:	bf00      	nop

10005f74 <tu_edpt_bind_driver>:
10005f74:	440a      	add	r2, r1
10005f76:	4291      	cmp	r1, r2
10005f78:	d226      	bcs.n	10005fc8 <tu_edpt_bind_driver+0x54>
10005f7a:	f891 c001 	ldrb.w	ip, [r1, #1]
10005f7e:	f1bc 0f05 	cmp.w	ip, #5
10005f82:	d005      	beq.n	10005f90 <tu_edpt_bind_driver+0x1c>
10005f84:	f891 c000 	ldrb.w	ip, [r1]
10005f88:	4461      	add	r1, ip
10005f8a:	428a      	cmp	r2, r1
10005f8c:	d8f5      	bhi.n	10005f7a <tu_edpt_bind_driver+0x6>
10005f8e:	4770      	bx	lr
10005f90:	b500      	push	{lr}
10005f92:	f891 c002 	ldrb.w	ip, [r1, #2]
10005f96:	f00c 0e7f 	and.w	lr, ip, #127	@ 0x7f
10005f9a:	eb00 0e4e 	add.w	lr, r0, lr, lsl #1
10005f9e:	ea4f 1cdc 	mov.w	ip, ip, lsr #7
10005fa2:	f80e 300c 	strb.w	r3, [lr, ip]
10005fa6:	f891 c000 	ldrb.w	ip, [r1]
10005faa:	4461      	add	r1, ip
10005fac:	428a      	cmp	r2, r1
10005fae:	d909      	bls.n	10005fc4 <tu_edpt_bind_driver+0x50>
10005fb0:	f891 c001 	ldrb.w	ip, [r1, #1]
10005fb4:	f1bc 0f05 	cmp.w	ip, #5
10005fb8:	d0eb      	beq.n	10005f92 <tu_edpt_bind_driver+0x1e>
10005fba:	f891 c000 	ldrb.w	ip, [r1]
10005fbe:	4461      	add	r1, ip
10005fc0:	428a      	cmp	r2, r1
10005fc2:	d8f5      	bhi.n	10005fb0 <tu_edpt_bind_driver+0x3c>
10005fc4:	f85d fb04 	ldr.w	pc, [sp], #4
10005fc8:	4770      	bx	lr
10005fca:	bf00      	nop

10005fcc <tu_edpt_stream_init>:
10005fcc:	e92d 41f0 	stmdb	sp!, {r4, r5, r6, r7, r8, lr}
10005fd0:	468e      	mov	lr, r1
10005fd2:	b082      	sub	sp, #8
10005fd4:	9300      	str	r3, [sp, #0]
10005fd6:	f890 c000 	ldrb.w	ip, [r0]
10005fda:	9e08      	ldr	r6, [sp, #32]
10005fdc:	f8bd 7024 	ldrh.w	r7, [sp, #36]	@ 0x24
10005fe0:	f36e 0c00 	bfi	ip, lr, #0, #1
10005fe4:	4604      	mov	r4, r0
10005fe6:	4615      	mov	r5, r2
10005fe8:	2301      	movs	r3, #1
10005fea:	4631      	mov	r1, r6
10005fec:	463a      	mov	r2, r7
10005fee:	f800 cb08 	strb.w	ip, [r0], #8
10005ff2:	f8bd 802c 	ldrh.w	r8, [sp, #44]	@ 0x2c
10005ff6:	f000 f8e7 	bl	100061c8 <tu_fifo_config>
10005ffa:	b106      	cbz	r6, 10005ffe <tu_edpt_stream_init+0x32>
10005ffc:	b93f      	cbnz	r7, 1000600e <tu_edpt_stream_init+0x42>
10005ffe:	2001      	movs	r0, #1
10006000:	9b0a      	ldr	r3, [sp, #40]	@ 0x28
10006002:	f8a4 8002 	strh.w	r8, [r4, #2]
10006006:	6063      	str	r3, [r4, #4]
10006008:	b002      	add	sp, #8
1000600a:	e8bd 81f0 	ldmia.w	sp!, {r4, r5, r6, r7, r8, pc}
1000600e:	f104 061c 	add.w	r6, r4, #28
10006012:	4630      	mov	r0, r6
10006014:	f7fa ff5c 	bl	10000ed0 <mutex_init>
10006018:	b10d      	cbz	r5, 1000601e <tu_edpt_stream_init+0x52>
1000601a:	4635      	mov	r5, r6
1000601c:	2600      	movs	r6, #0
1000601e:	e9c4 5605 	strd	r5, r6, [r4, #20]
10006022:	e7ec      	b.n	10005ffe <tu_edpt_stream_init+0x32>

10006024 <tu_edpt_stream_deinit>:
10006024:	2001      	movs	r0, #1
10006026:	4770      	bx	lr

10006028 <tu_edpt_stream_write_zlp_if_needed>:
10006028:	b5f8      	push	{r3, r4, r5, r6, r7, lr}
1000602a:	4607      	mov	r7, r0
1000602c:	4608      	mov	r0, r1
1000602e:	f240 13ff 	movw	r3, #511	@ 0x1ff
10006032:	4615      	mov	r5, r2
10006034:	f810 2b08 	ldrb.w	r2, [r0], #8
10006038:	460c      	mov	r4, r1
1000603a:	f012 0f02 	tst.w	r2, #2
1000603e:	bf0c      	ite	eq
10006040:	263f      	moveq	r6, #63	@ 0x3f
10006042:	461e      	movne	r6, r3
10006044:	f000 f8f0 	bl	10006228 <tu_fifo_count>
10006048:	b928      	cbnz	r0, 10006056 <tu_edpt_stream_write_zlp_if_needed+0x2e>
1000604a:	b125      	cbz	r5, 10006056 <tu_edpt_stream_write_zlp_if_needed+0x2e>
1000604c:	422e      	tst	r6, r5
1000604e:	d102      	bne.n	10006056 <tu_edpt_stream_write_zlp_if_needed+0x2e>
10006050:	7823      	ldrb	r3, [r4, #0]
10006052:	07da      	lsls	r2, r3, #31
10006054:	d501      	bpl.n	1000605a <tu_edpt_stream_write_zlp_if_needed+0x32>
10006056:	2000      	movs	r0, #0
10006058:	bdf8      	pop	{r3, r4, r5, r6, r7, pc}
1000605a:	4638      	mov	r0, r7
1000605c:	7861      	ldrb	r1, [r4, #1]
1000605e:	f7ff f9a5 	bl	100053ac <usbd_edpt_claim>
10006062:	2800      	cmp	r0, #0
10006064:	d0f7      	beq.n	10006056 <tu_edpt_stream_write_zlp_if_needed+0x2e>
10006066:	7823      	ldrb	r3, [r4, #0]
10006068:	f013 0301 	ands.w	r3, r3, #1
1000606c:	d007      	beq.n	1000607e <tu_edpt_stream_write_zlp_if_needed+0x56>
1000606e:	f04f 23e0 	mov.w	r3, #3758153728	@ 0xe000e000
10006072:	f8d3 3df0 	ldr.w	r3, [r3, #3568]	@ 0xdf0
10006076:	07db      	lsls	r3, r3, #31
10006078:	d5ed      	bpl.n	10006056 <tu_edpt_stream_write_zlp_if_needed+0x2e>
1000607a:	be00      	bkpt	0x0000
1000607c:	e7eb      	b.n	10006056 <tu_edpt_stream_write_zlp_if_needed+0x2e>
1000607e:	461a      	mov	r2, r3
10006080:	4638      	mov	r0, r7
10006082:	7861      	ldrb	r1, [r4, #1]
10006084:	f7ff f9b6 	bl	100053f4 <usbd_edpt_xfer>
10006088:	2800      	cmp	r0, #0
1000608a:	d0f0      	beq.n	1000606e <tu_edpt_stream_write_zlp_if_needed+0x46>
1000608c:	bdf8      	pop	{r3, r4, r5, r6, r7, pc}
1000608e:	bf00      	nop

10006090 <tu_edpt_stream_write_xfer>:
10006090:	b570      	push	{r4, r5, r6, lr}
10006092:	f101 0508 	add.w	r5, r1, #8
10006096:	4606      	mov	r6, r0
10006098:	4628      	mov	r0, r5
1000609a:	460c      	mov	r4, r1
1000609c:	f000 f8c4 	bl	10006228 <tu_fifo_count>
100060a0:	b110      	cbz	r0, 100060a8 <tu_edpt_stream_write_xfer+0x18>
100060a2:	7823      	ldrb	r3, [r4, #0]
100060a4:	07da      	lsls	r2, r3, #31
100060a6:	d501      	bpl.n	100060ac <tu_edpt_stream_write_xfer+0x1c>
100060a8:	2000      	movs	r0, #0
100060aa:	bd70      	pop	{r4, r5, r6, pc}
100060ac:	4630      	mov	r0, r6
100060ae:	7861      	ldrb	r1, [r4, #1]
100060b0:	f7ff f97c 	bl	100053ac <usbd_edpt_claim>
100060b4:	2800      	cmp	r0, #0
100060b6:	d0f7      	beq.n	100060a8 <tu_edpt_stream_write_xfer+0x18>
100060b8:	4628      	mov	r0, r5
100060ba:	8862      	ldrh	r2, [r4, #2]
100060bc:	6861      	ldr	r1, [r4, #4]
100060be:	f000 f929 	bl	10006314 <tu_fifo_read_n>
100060c2:	7823      	ldrb	r3, [r4, #0]
100060c4:	4605      	mov	r5, r0
100060c6:	f003 0301 	and.w	r3, r3, #1
100060ca:	b140      	cbz	r0, 100060de <tu_edpt_stream_write_xfer+0x4e>
100060cc:	b173      	cbz	r3, 100060ec <tu_edpt_stream_write_xfer+0x5c>
100060ce:	f04f 23e0 	mov.w	r3, #3758153728	@ 0xe000e000
100060d2:	f8d3 3df0 	ldr.w	r3, [r3, #3568]	@ 0xdf0
100060d6:	07db      	lsls	r3, r3, #31
100060d8:	d5e6      	bpl.n	100060a8 <tu_edpt_stream_write_xfer+0x18>
100060da:	be00      	bkpt	0x0000
100060dc:	e7e4      	b.n	100060a8 <tu_edpt_stream_write_xfer+0x18>
100060de:	2b00      	cmp	r3, #0
100060e0:	d1e2      	bne.n	100060a8 <tu_edpt_stream_write_xfer+0x18>
100060e2:	4630      	mov	r0, r6
100060e4:	7861      	ldrb	r1, [r4, #1]
100060e6:	f7ff f973 	bl	100053d0 <usbd_edpt_release>
100060ea:	e7dd      	b.n	100060a8 <tu_edpt_stream_write_xfer+0x18>
100060ec:	4603      	mov	r3, r0
100060ee:	6862      	ldr	r2, [r4, #4]
100060f0:	4630      	mov	r0, r6
100060f2:	7861      	ldrb	r1, [r4, #1]
100060f4:	f7ff f97e 	bl	100053f4 <usbd_edpt_xfer>
100060f8:	2800      	cmp	r0, #0
100060fa:	d0e8      	beq.n	100060ce <tu_edpt_stream_write_xfer+0x3e>
100060fc:	4628      	mov	r0, r5
100060fe:	bd70      	pop	{r4, r5, r6, pc}

10006100 <tu_edpt_stream_read_xfer>:
10006100:	898a      	ldrh	r2, [r1, #12]
10006102:	e92d 41f0 	stmdb	sp!, {r4, r5, r6, r7, r8, lr}
10006106:	780b      	ldrb	r3, [r1, #0]
10006108:	460c      	mov	r4, r1
1000610a:	4606      	mov	r6, r0
1000610c:	b922      	cbnz	r2, 10006118 <tu_edpt_stream_read_xfer+0x18>
1000610e:	07dd      	lsls	r5, r3, #31
10006110:	d534      	bpl.n	1000617c <tu_edpt_stream_read_xfer+0x7c>
10006112:	2000      	movs	r0, #0
10006114:	e8bd 81f0 	ldmia.w	sp!, {r4, r5, r6, r7, r8, pc}
10006118:	f104 0708 	add.w	r7, r4, #8
1000611c:	0799      	lsls	r1, r3, #30
1000611e:	4638      	mov	r0, r7
10006120:	bf47      	ittee	mi
10006122:	f44f 487e 	movmi.w	r8, #65024	@ 0xfe00
10006126:	f44f 7500 	movmi.w	r5, #512	@ 0x200
1000612a:	f64f 78c0 	movwpl	r8, #65472	@ 0xffc0
1000612e:	2540      	movpl	r5, #64	@ 0x40
10006130:	f000 f894 	bl	1000625c <tu_fifo_remaining>
10006134:	4285      	cmp	r5, r0
10006136:	d8ec      	bhi.n	10006112 <tu_edpt_stream_read_xfer+0x12>
10006138:	7823      	ldrb	r3, [r4, #0]
1000613a:	07da      	lsls	r2, r3, #31
1000613c:	d4e9      	bmi.n	10006112 <tu_edpt_stream_read_xfer+0x12>
1000613e:	4630      	mov	r0, r6
10006140:	7861      	ldrb	r1, [r4, #1]
10006142:	f7ff f933 	bl	100053ac <usbd_edpt_claim>
10006146:	2800      	cmp	r0, #0
10006148:	d0e3      	beq.n	10006112 <tu_edpt_stream_read_xfer+0x12>
1000614a:	4638      	mov	r0, r7
1000614c:	f000 f886 	bl	1000625c <tu_fifo_remaining>
10006150:	7823      	ldrb	r3, [r4, #0]
10006152:	4285      	cmp	r5, r0
10006154:	f003 0301 	and.w	r3, r3, #1
10006158:	d82d      	bhi.n	100061b6 <tu_edpt_stream_read_xfer+0xb6>
1000615a:	b9bb      	cbnz	r3, 1000618c <tu_edpt_stream_read_xfer+0x8c>
1000615c:	8865      	ldrh	r5, [r4, #2]
1000615e:	ea08 0800 	and.w	r8, r8, r0
10006162:	4545      	cmp	r5, r8
10006164:	bf28      	it	cs
10006166:	4645      	movcs	r5, r8
10006168:	7861      	ldrb	r1, [r4, #1]
1000616a:	b35d      	cbz	r5, 100061c4 <tu_edpt_stream_read_xfer+0xc4>
1000616c:	6862      	ldr	r2, [r4, #4]
1000616e:	462b      	mov	r3, r5
10006170:	4630      	mov	r0, r6
10006172:	f7ff f93f 	bl	100053f4 <usbd_edpt_xfer>
10006176:	b148      	cbz	r0, 1000618c <tu_edpt_stream_read_xfer+0x8c>
10006178:	4628      	mov	r0, r5
1000617a:	e7cb      	b.n	10006114 <tu_edpt_stream_read_xfer+0x14>
1000617c:	7849      	ldrb	r1, [r1, #1]
1000617e:	f7ff f915 	bl	100053ac <usbd_edpt_claim>
10006182:	2800      	cmp	r0, #0
10006184:	d0c5      	beq.n	10006112 <tu_edpt_stream_read_xfer+0x12>
10006186:	7823      	ldrb	r3, [r4, #0]
10006188:	07d8      	lsls	r0, r3, #31
1000618a:	d507      	bpl.n	1000619c <tu_edpt_stream_read_xfer+0x9c>
1000618c:	f04f 23e0 	mov.w	r3, #3758153728	@ 0xe000e000
10006190:	f8d3 3df0 	ldr.w	r3, [r3, #3568]	@ 0xdf0
10006194:	07db      	lsls	r3, r3, #31
10006196:	d5bc      	bpl.n	10006112 <tu_edpt_stream_read_xfer+0x12>
10006198:	be00      	bkpt	0x0000
1000619a:	e7ba      	b.n	10006112 <tu_edpt_stream_read_xfer+0x12>
1000619c:	8863      	ldrh	r3, [r4, #2]
1000619e:	7861      	ldrb	r1, [r4, #1]
100061a0:	b13b      	cbz	r3, 100061b2 <tu_edpt_stream_read_xfer+0xb2>
100061a2:	6862      	ldr	r2, [r4, #4]
100061a4:	4630      	mov	r0, r6
100061a6:	f7ff f925 	bl	100053f4 <usbd_edpt_xfer>
100061aa:	2800      	cmp	r0, #0
100061ac:	d0ee      	beq.n	1000618c <tu_edpt_stream_read_xfer+0x8c>
100061ae:	8860      	ldrh	r0, [r4, #2]
100061b0:	e7b0      	b.n	10006114 <tu_edpt_stream_read_xfer+0x14>
100061b2:	461a      	mov	r2, r3
100061b4:	e7f6      	b.n	100061a4 <tu_edpt_stream_read_xfer+0xa4>
100061b6:	2b00      	cmp	r3, #0
100061b8:	d1ab      	bne.n	10006112 <tu_edpt_stream_read_xfer+0x12>
100061ba:	4630      	mov	r0, r6
100061bc:	7861      	ldrb	r1, [r4, #1]
100061be:	f7ff f907 	bl	100053d0 <usbd_edpt_release>
100061c2:	e7a6      	b.n	10006112 <tu_edpt_stream_read_xfer+0x12>
100061c4:	462a      	mov	r2, r5
100061c6:	e7d2      	b.n	1000616e <tu_edpt_stream_read_xfer+0x6e>

100061c8 <tu_fifo_config>:
100061c8:	e92d 41f0 	stmdb	sp!, {r4, r5, r6, r7, r8, lr}
100061cc:	f5b2 4f00 	cmp.w	r2, #32768	@ 0x8000
100061d0:	f89d 8018 	ldrb.w	r8, [sp, #24]
100061d4:	d824      	bhi.n	10006220 <tu_fifo_config+0x58>
100061d6:	4604      	mov	r4, r0
100061d8:	68c0      	ldr	r0, [r0, #12]
100061da:	4617      	mov	r7, r2
100061dc:	460e      	mov	r6, r1
100061de:	461d      	mov	r5, r3
100061e0:	b118      	cbz	r0, 100061ea <tu_fifo_config+0x22>
100061e2:	f04f 31ff 	mov.w	r1, #4294967295	@ 0xffffffff
100061e6:	f006 fd6f 	bl	1000ccc8 <__mutex_enter_timeout_ms_veneer>
100061ea:	6920      	ldr	r0, [r4, #16]
100061ec:	b118      	cbz	r0, 100061f6 <tu_fifo_config+0x2e>
100061ee:	f04f 31ff 	mov.w	r1, #4294967295	@ 0xffffffff
100061f2:	f006 fd69 	bl	1000ccc8 <__mutex_enter_timeout_ms_veneer>
100061f6:	2200      	movs	r2, #0
100061f8:	f3c5 030e 	ubfx	r3, r5, #0, #15
100061fc:	68e0      	ldr	r0, [r4, #12]
100061fe:	ea43 33c8 	orr.w	r3, r3, r8, lsl #15
10006202:	8162      	strh	r2, [r4, #10]
10006204:	6026      	str	r6, [r4, #0]
10006206:	80a7      	strh	r7, [r4, #4]
10006208:	80e3      	strh	r3, [r4, #6]
1000620a:	8122      	strh	r2, [r4, #8]
1000620c:	b108      	cbz	r0, 10006212 <tu_fifo_config+0x4a>
1000620e:	f006 fd6f 	bl	1000ccf0 <__mutex_exit_veneer>
10006212:	6920      	ldr	r0, [r4, #16]
10006214:	b108      	cbz	r0, 1000621a <tu_fifo_config+0x52>
10006216:	f006 fd6b 	bl	1000ccf0 <__mutex_exit_veneer>
1000621a:	2001      	movs	r0, #1
1000621c:	e8bd 81f0 	ldmia.w	sp!, {r4, r5, r6, r7, r8, pc}
10006220:	2000      	movs	r0, #0
10006222:	e8bd 81f0 	ldmia.w	sp!, {r4, r5, r6, r7, r8, pc}
10006226:	bf00      	nop

10006228 <tu_fifo_count>:
10006228:	8903      	ldrh	r3, [r0, #8]
1000622a:	8942      	ldrh	r2, [r0, #10]
1000622c:	b29b      	uxth	r3, r3
1000622e:	b292      	uxth	r2, r2
10006230:	8880      	ldrh	r0, [r0, #4]
10006232:	4293      	cmp	r3, r2
10006234:	bf36      	itet	cc
10006236:	ebc2 0240 	rsbcc	r2, r2, r0, lsl #1
1000623a:	1a9b      	subcs	r3, r3, r2
1000623c:	189b      	addcc	r3, r3, r2
1000623e:	b29b      	uxth	r3, r3
10006240:	4298      	cmp	r0, r3
10006242:	bf28      	it	cs
10006244:	4618      	movcs	r0, r3
10006246:	4770      	bx	lr

10006248 <tu_fifo_empty>:
10006248:	8902      	ldrh	r2, [r0, #8]
1000624a:	8943      	ldrh	r3, [r0, #10]
1000624c:	b290      	uxth	r0, r2
1000624e:	b29b      	uxth	r3, r3
10006250:	1ac0      	subs	r0, r0, r3
10006252:	fab0 f080 	clz	r0, r0
10006256:	0940      	lsrs	r0, r0, #5
10006258:	4770      	bx	lr
1000625a:	bf00      	nop

1000625c <tu_fifo_remaining>:
1000625c:	8903      	ldrh	r3, [r0, #8]
1000625e:	8942      	ldrh	r2, [r0, #10]
10006260:	b29b      	uxth	r3, r3
10006262:	8880      	ldrh	r0, [r0, #4]
10006264:	b292      	uxth	r2, r2
10006266:	4293      	cmp	r3, r2
10006268:	bf36      	itet	cc
1000626a:	ebc2 0240 	rsbcc	r2, r2, r0, lsl #1
1000626e:	1a9b      	subcs	r3, r3, r2
10006270:	189b      	addcc	r3, r3, r2
10006272:	b29b      	uxth	r3, r3
10006274:	4298      	cmp	r0, r3
10006276:	bf86      	itte	hi
10006278:	1ac0      	subhi	r0, r0, r3
1000627a:	b280      	uxthhi	r0, r0
1000627c:	2000      	movls	r0, #0
1000627e:	4770      	bx	lr

10006280 <tu_fifo_read>:
10006280:	b538      	push	{r3, r4, r5, lr}
10006282:	4604      	mov	r4, r0
10006284:	6900      	ldr	r0, [r0, #16]
10006286:	460d      	mov	r5, r1
10006288:	b118      	cbz	r0, 10006292 <tu_fifo_read+0x12>
1000628a:	f04f 31ff 	mov.w	r1, #4294967295	@ 0xffffffff
1000628e:	f006 fd1b 	bl	1000ccc8 <__mutex_enter_timeout_ms_veneer>
10006292:	8921      	ldrh	r1, [r4, #8]
10006294:	8963      	ldrh	r3, [r4, #10]
10006296:	b289      	uxth	r1, r1
10006298:	b29b      	uxth	r3, r3
1000629a:	88a2      	ldrh	r2, [r4, #4]
1000629c:	4299      	cmp	r1, r3
1000629e:	bf36      	itet	cc
100062a0:	ebc3 0042 	rsbcc	r0, r3, r2, lsl #1
100062a4:	1ac8      	subcs	r0, r1, r3
100062a6:	1840      	addcc	r0, r0, r1
100062a8:	b280      	uxth	r0, r0
100062aa:	b350      	cbz	r0, 10006302 <tu_fifo_read+0x82>
100062ac:	4282      	cmp	r2, r0
100062ae:	d209      	bcs.n	100062c4 <tu_fifo_read+0x44>
100062b0:	4291      	cmp	r1, r2
100062b2:	bf2c      	ite	cs
100062b4:	1a89      	subcs	r1, r1, r2
100062b6:	1889      	addcc	r1, r1, r2
100062b8:	b28b      	uxth	r3, r1
100062ba:	429a      	cmp	r2, r3
100062bc:	8163      	strh	r3, [r4, #10]
100062be:	d803      	bhi.n	100062c8 <tu_fifo_read+0x48>
100062c0:	1a9b      	subs	r3, r3, r2
100062c2:	b29b      	uxth	r3, r3
100062c4:	429a      	cmp	r2, r3
100062c6:	d9fb      	bls.n	100062c0 <tu_fifo_read+0x40>
100062c8:	88e2      	ldrh	r2, [r4, #6]
100062ca:	6821      	ldr	r1, [r4, #0]
100062cc:	f3c2 020e 	ubfx	r2, r2, #0, #15
100062d0:	fb02 1103 	mla	r1, r2, r3, r1
100062d4:	4628      	mov	r0, r5
100062d6:	f001 f899 	bl	1000740c <memcpy>
100062da:	8961      	ldrh	r1, [r4, #10]
100062dc:	2501      	movs	r5, #1
100062de:	b289      	uxth	r1, r1
100062e0:	1c4b      	adds	r3, r1, #1
100062e2:	b29b      	uxth	r3, r3
100062e4:	4299      	cmp	r1, r3
100062e6:	88a2      	ldrh	r2, [r4, #4]
100062e8:	d90e      	bls.n	10006308 <tu_fifo_read+0x88>
100062ea:	2300      	movs	r3, #0
100062ec:	fa02 f105 	lsl.w	r1, r2, r5
100062f0:	1a5b      	subs	r3, r3, r1
100062f2:	b29b      	uxth	r3, r3
100062f4:	6920      	ldr	r0, [r4, #16]
100062f6:	8163      	strh	r3, [r4, #10]
100062f8:	b108      	cbz	r0, 100062fe <tu_fifo_read+0x7e>
100062fa:	f006 fcf9 	bl	1000ccf0 <__mutex_exit_veneer>
100062fe:	4628      	mov	r0, r5
10006300:	bd38      	pop	{r3, r4, r5, pc}
10006302:	4605      	mov	r5, r0
10006304:	8963      	ldrh	r3, [r4, #10]
10006306:	b29b      	uxth	r3, r3
10006308:	ebb3 0f42 	cmp.w	r3, r2, lsl #1
1000630c:	ea4f 0142 	mov.w	r1, r2, lsl #1
10006310:	dbf0      	blt.n	100062f4 <tu_fifo_read+0x74>
10006312:	e7ed      	b.n	100062f0 <tu_fifo_read+0x70>

10006314 <tu_fifo_read_n>:
10006314:	e92d 47f0 	stmdb	sp!, {r4, r5, r6, r7, r8, r9, sl, lr}
10006318:	4606      	mov	r6, r0
1000631a:	6900      	ldr	r0, [r0, #16]
1000631c:	4688      	mov	r8, r1
1000631e:	4691      	mov	r9, r2
10006320:	b118      	cbz	r0, 1000632a <tu_fifo_read_n+0x16>
10006322:	f04f 31ff 	mov.w	r1, #4294967295	@ 0xffffffff
10006326:	f006 fccf 	bl	1000ccc8 <__mutex_enter_timeout_ms_veneer>
1000632a:	8933      	ldrh	r3, [r6, #8]
1000632c:	8974      	ldrh	r4, [r6, #10]
1000632e:	b29b      	uxth	r3, r3
10006330:	b2a4      	uxth	r4, r4
10006332:	88b5      	ldrh	r5, [r6, #4]
10006334:	42a3      	cmp	r3, r4
10006336:	bf36      	itet	cc
10006338:	ebc4 0745 	rsbcc	r7, r4, r5, lsl #1
1000633c:	1b1f      	subcs	r7, r3, r4
1000633e:	18ff      	addcc	r7, r7, r3
10006340:	b2bf      	uxth	r7, r7
10006342:	2f00      	cmp	r7, #0
10006344:	d04a      	beq.n	100063dc <tu_fifo_read_n+0xc8>
10006346:	42bd      	cmp	r5, r7
10006348:	d340      	bcc.n	100063cc <tu_fifo_read_n+0xb8>
1000634a:	45b9      	cmp	r9, r7
1000634c:	bf28      	it	cs
1000634e:	46b9      	movcs	r9, r7
10006350:	42a5      	cmp	r5, r4
10006352:	fa1f f789 	uxth.w	r7, r9
10006356:	d803      	bhi.n	10006360 <tu_fifo_read_n+0x4c>
10006358:	1b64      	subs	r4, r4, r5
1000635a:	b2a4      	uxth	r4, r4
1000635c:	42a5      	cmp	r5, r4
1000635e:	d9fb      	bls.n	10006358 <tu_fifo_read_n+0x44>
10006360:	f8b6 a006 	ldrh.w	sl, [r6, #6]
10006364:	1b2b      	subs	r3, r5, r4
10006366:	6831      	ldr	r1, [r6, #0]
10006368:	b29b      	uxth	r3, r3
1000636a:	f3ca 020e 	ubfx	r2, sl, #0, #15
1000636e:	429f      	cmp	r7, r3
10006370:	4692      	mov	sl, r2
10006372:	fb02 1104 	mla	r1, r2, r4, r1
10006376:	d923      	bls.n	100063c0 <tu_fifo_read_n+0xac>
10006378:	fb13 f302 	smulbb	r3, r3, r2
1000637c:	fa1f f983 	uxth.w	r9, r3
10006380:	464a      	mov	r2, r9
10006382:	4640      	mov	r0, r8
10006384:	1b7d      	subs	r5, r7, r5
10006386:	f001 f841 	bl	1000740c <memcpy>
1000638a:	1962      	adds	r2, r4, r5
1000638c:	fb12 f20a 	smulbb	r2, r2, sl
10006390:	6831      	ldr	r1, [r6, #0]
10006392:	eb08 0009 	add.w	r0, r8, r9
10006396:	b292      	uxth	r2, r2
10006398:	f001 f838 	bl	1000740c <memcpy>
1000639c:	8972      	ldrh	r2, [r6, #10]
1000639e:	88b5      	ldrh	r5, [r6, #4]
100063a0:	b292      	uxth	r2, r2
100063a2:	19d3      	adds	r3, r2, r7
100063a4:	b29b      	uxth	r3, r3
100063a6:	429a      	cmp	r2, r3
100063a8:	d91a      	bls.n	100063e0 <tu_fifo_read_n+0xcc>
100063aa:	006a      	lsls	r2, r5, #1
100063ac:	1a9b      	subs	r3, r3, r2
100063ae:	b29b      	uxth	r3, r3
100063b0:	6930      	ldr	r0, [r6, #16]
100063b2:	8173      	strh	r3, [r6, #10]
100063b4:	b108      	cbz	r0, 100063ba <tu_fifo_read_n+0xa6>
100063b6:	f006 fc9b 	bl	1000ccf0 <__mutex_exit_veneer>
100063ba:	4638      	mov	r0, r7
100063bc:	e8bd 87f0 	ldmia.w	sp!, {r4, r5, r6, r7, r8, r9, sl, pc}
100063c0:	4640      	mov	r0, r8
100063c2:	fb07 f202 	mul.w	r2, r7, r2
100063c6:	f001 f821 	bl	1000740c <memcpy>
100063ca:	e7e7      	b.n	1000639c <tu_fifo_read_n+0x88>
100063cc:	42ab      	cmp	r3, r5
100063ce:	bf2c      	ite	cs
100063d0:	1b5b      	subcs	r3, r3, r5
100063d2:	195b      	addcc	r3, r3, r5
100063d4:	b29c      	uxth	r4, r3
100063d6:	462f      	mov	r7, r5
100063d8:	8174      	strh	r4, [r6, #10]
100063da:	e7b6      	b.n	1000634a <tu_fifo_read_n+0x36>
100063dc:	8973      	ldrh	r3, [r6, #10]
100063de:	b29b      	uxth	r3, r3
100063e0:	ebb3 0f45 	cmp.w	r3, r5, lsl #1
100063e4:	ea4f 0245 	mov.w	r2, r5, lsl #1
100063e8:	dbe2      	blt.n	100063b0 <tu_fifo_read_n+0x9c>
100063ea:	e7df      	b.n	100063ac <tu_fifo_read_n+0x98>

100063ec <tu_fifo_write>:
100063ec:	b5f8      	push	{r3, r4, r5, r6, r7, lr}
100063ee:	4604      	mov	r4, r0
100063f0:	68c0      	ldr	r0, [r0, #12]
100063f2:	460e      	mov	r6, r1
100063f4:	b118      	cbz	r0, 100063fe <tu_fifo_write+0x12>
100063f6:	f04f 31ff 	mov.w	r1, #4294967295	@ 0xffffffff
100063fa:	f006 fc65 	bl	1000ccc8 <__mutex_enter_timeout_ms_veneer>
100063fe:	8925      	ldrh	r5, [r4, #8]
10006400:	8923      	ldrh	r3, [r4, #8]
10006402:	8961      	ldrh	r1, [r4, #10]
10006404:	b29b      	uxth	r3, r3
10006406:	b289      	uxth	r1, r1
10006408:	88a2      	ldrh	r2, [r4, #4]
1000640a:	428b      	cmp	r3, r1
1000640c:	bf36      	itet	cc
1000640e:	ebc1 0142 	rsbcc	r1, r1, r2, lsl #1
10006412:	1a5b      	subcs	r3, r3, r1
10006414:	185b      	addcc	r3, r3, r1
10006416:	b29b      	uxth	r3, r3
10006418:	429a      	cmp	r2, r3
1000641a:	b2ad      	uxth	r5, r5
1000641c:	d808      	bhi.n	10006430 <tu_fifo_write+0x44>
1000641e:	79e7      	ldrb	r7, [r4, #7]
10006420:	09ff      	lsrs	r7, r7, #7
10006422:	d105      	bne.n	10006430 <tu_fifo_write+0x44>
10006424:	68e0      	ldr	r0, [r4, #12]
10006426:	b108      	cbz	r0, 1000642c <tu_fifo_write+0x40>
10006428:	f006 fc62 	bl	1000ccf0 <__mutex_exit_veneer>
1000642c:	4638      	mov	r0, r7
1000642e:	bdf8      	pop	{r3, r4, r5, r6, r7, pc}
10006430:	4295      	cmp	r5, r2
10006432:	bf28      	it	cs
10006434:	462b      	movcs	r3, r5
10006436:	d318      	bcc.n	1000646a <tu_fifo_write+0x7e>
10006438:	1a9b      	subs	r3, r3, r2
1000643a:	b29b      	uxth	r3, r3
1000643c:	4293      	cmp	r3, r2
1000643e:	d2fb      	bcs.n	10006438 <tu_fifo_write+0x4c>
10006440:	88e2      	ldrh	r2, [r4, #6]
10006442:	6820      	ldr	r0, [r4, #0]
10006444:	f3c2 020e 	ubfx	r2, r2, #0, #15
10006448:	fb02 0003 	mla	r0, r2, r3, r0
1000644c:	4631      	mov	r1, r6
1000644e:	f000 ffdd 	bl	1000740c <memcpy>
10006452:	1c6b      	adds	r3, r5, #1
10006454:	b29b      	uxth	r3, r3
10006456:	429d      	cmp	r5, r3
10006458:	88a2      	ldrh	r2, [r4, #4]
1000645a:	d912      	bls.n	10006482 <tu_fifo_write+0x96>
1000645c:	2300      	movs	r3, #0
1000645e:	0051      	lsls	r1, r2, #1
10006460:	1a5b      	subs	r3, r3, r1
10006462:	b29b      	uxth	r3, r3
10006464:	2701      	movs	r7, #1
10006466:	8123      	strh	r3, [r4, #8]
10006468:	e7dc      	b.n	10006424 <tu_fifo_write+0x38>
1000646a:	88e2      	ldrh	r2, [r4, #6]
1000646c:	6820      	ldr	r0, [r4, #0]
1000646e:	f3c2 020e 	ubfx	r2, r2, #0, #15
10006472:	fb05 0002 	mla	r0, r5, r2, r0
10006476:	4631      	mov	r1, r6
10006478:	f000 ffc8 	bl	1000740c <memcpy>
1000647c:	3501      	adds	r5, #1
1000647e:	88a2      	ldrh	r2, [r4, #4]
10006480:	b2ab      	uxth	r3, r5
10006482:	ebb3 0f42 	cmp.w	r3, r2, lsl #1
10006486:	ea4f 0142 	mov.w	r1, r2, lsl #1
1000648a:	dbeb      	blt.n	10006464 <tu_fifo_write+0x78>
1000648c:	e7e8      	b.n	10006460 <tu_fifo_write+0x74>
1000648e:	bf00      	nop

10006490 <tu_fifo_write_n>:
10006490:	e92d 4ff0 	stmdb	sp!, {r4, r5, r6, r7, r8, r9, sl, fp, lr}
10006494:	4617      	mov	r7, r2
10006496:	b083      	sub	sp, #12
10006498:	2a00      	cmp	r2, #0
1000649a:	d075      	beq.n	10006588 <tu_fifo_write_n+0xf8>
1000649c:	4606      	mov	r6, r0
1000649e:	68c0      	ldr	r0, [r0, #12]
100064a0:	4689      	mov	r9, r1
100064a2:	b118      	cbz	r0, 100064ac <tu_fifo_write_n+0x1c>
100064a4:	f04f 31ff 	mov.w	r1, #4294967295	@ 0xffffffff
100064a8:	f006 fc0e 	bl	1000ccc8 <__mutex_enter_timeout_ms_veneer>
100064ac:	79f3      	ldrb	r3, [r6, #7]
100064ae:	f8b6 8008 	ldrh.w	r8, [r6, #8]
100064b2:	8972      	ldrh	r2, [r6, #10]
100064b4:	09db      	lsrs	r3, r3, #7
100064b6:	88b5      	ldrh	r5, [r6, #4]
100064b8:	fa1f f888 	uxth.w	r8, r8
100064bc:	b292      	uxth	r2, r2
100064be:	d13c      	bne.n	1000653a <tu_fifo_write_n+0xaa>
100064c0:	4590      	cmp	r8, r2
100064c2:	bf36      	itet	cc
100064c4:	ebc2 0245 	rsbcc	r2, r2, r5, lsl #1
100064c8:	eba8 0202 	subcs.w	r2, r8, r2
100064cc:	4442      	addcc	r2, r8
100064ce:	b292      	uxth	r2, r2
100064d0:	42aa      	cmp	r2, r5
100064d2:	d25e      	bcs.n	10006592 <tu_fifo_write_n+0x102>
100064d4:	1aaa      	subs	r2, r5, r2
100064d6:	b292      	uxth	r2, r2
100064d8:	42ba      	cmp	r2, r7
100064da:	bf28      	it	cs
100064dc:	463a      	movcs	r2, r7
100064de:	f8b6 b006 	ldrh.w	fp, [r6, #6]
100064e2:	b297      	uxth	r7, r2
100064e4:	1b7b      	subs	r3, r7, r5
100064e6:	eb08 0a07 	add.w	sl, r8, r7
100064ea:	f3cb 0b0e 	ubfx	fp, fp, #0, #15
100064ee:	b29b      	uxth	r3, r3
100064f0:	fa1f fa8a 	uxth.w	sl, sl
100064f4:	45a8      	cmp	r8, r5
100064f6:	4644      	mov	r4, r8
100064f8:	d303      	bcc.n	10006502 <tu_fifo_write_n+0x72>
100064fa:	1b64      	subs	r4, r4, r5
100064fc:	b2a4      	uxth	r4, r4
100064fe:	42ac      	cmp	r4, r5
10006500:	d2fb      	bcs.n	100064fa <tu_fifo_write_n+0x6a>
10006502:	1b2d      	subs	r5, r5, r4
10006504:	6830      	ldr	r0, [r6, #0]
10006506:	b2ad      	uxth	r5, r5
10006508:	42bd      	cmp	r5, r7
1000650a:	fb0b 0004 	mla	r0, fp, r4, r0
1000650e:	d357      	bcc.n	100065c0 <tu_fifo_write_n+0x130>
10006510:	4649      	mov	r1, r9
10006512:	fb0b f207 	mul.w	r2, fp, r7
10006516:	f000 ff79 	bl	1000740c <memcpy>
1000651a:	88b2      	ldrh	r2, [r6, #4]
1000651c:	45d0      	cmp	r8, sl
1000651e:	ea4f 0342 	mov.w	r3, r2, lsl #1
10006522:	d802      	bhi.n	1000652a <tu_fifo_write_n+0x9a>
10006524:	ebba 0f42 	cmp.w	sl, r2, lsl #1
10006528:	db03      	blt.n	10006532 <tu_fifo_write_n+0xa2>
1000652a:	ebaa 0303 	sub.w	r3, sl, r3
1000652e:	fa1f fa83 	uxth.w	sl, r3
10006532:	463d      	mov	r5, r7
10006534:	f8a6 a008 	strh.w	sl, [r6, #8]
10006538:	e02c      	b.n	10006594 <tu_fifo_write_n+0x104>
1000653a:	f8b6 b006 	ldrh.w	fp, [r6, #6]
1000653e:	42af      	cmp	r7, r5
10006540:	f3cb 0b0e 	ubfx	fp, fp, #0, #15
10006544:	d22f      	bcs.n	100065a6 <tu_fifo_write_n+0x116>
10006546:	4590      	cmp	r8, r2
10006548:	bf36      	itet	cc
1000654a:	ebc2 0145 	rsbcc	r1, r2, r5, lsl #1
1000654e:	eba8 0102 	subcs.w	r1, r8, r2
10006552:	4441      	addcc	r1, r8
10006554:	b289      	uxth	r1, r1
10006556:	0068      	lsls	r0, r5, #1
10006558:	4439      	add	r1, r7
1000655a:	1b7b      	subs	r3, r7, r5
1000655c:	4281      	cmp	r1, r0
1000655e:	b29b      	uxth	r3, r3
10006560:	db0d      	blt.n	1000657e <tu_fifo_write_n+0xee>
10006562:	eb02 0a05 	add.w	sl, r2, r5
10006566:	fa1f fa8a 	uxth.w	sl, sl
1000656a:	ebaa 0807 	sub.w	r8, sl, r7
1000656e:	fa1f f888 	uxth.w	r8, r8
10006572:	4542      	cmp	r2, r8
10006574:	d937      	bls.n	100065e6 <tu_fifo_write_n+0x156>
10006576:	eba8 0000 	sub.w	r0, r8, r0
1000657a:	fa1f f880 	uxth.w	r8, r0
1000657e:	eb07 0a08 	add.w	sl, r7, r8
10006582:	fa1f fa8a 	uxth.w	sl, sl
10006586:	e7b5      	b.n	100064f4 <tu_fifo_write_n+0x64>
10006588:	4615      	mov	r5, r2
1000658a:	4628      	mov	r0, r5
1000658c:	b003      	add	sp, #12
1000658e:	e8bd 8ff0 	ldmia.w	sp!, {r4, r5, r6, r7, r8, r9, sl, fp, pc}
10006592:	2500      	movs	r5, #0
10006594:	68f0      	ldr	r0, [r6, #12]
10006596:	2800      	cmp	r0, #0
10006598:	d0f7      	beq.n	1000658a <tu_fifo_write_n+0xfa>
1000659a:	f006 fba9 	bl	1000ccf0 <__mutex_exit_veneer>
1000659e:	4628      	mov	r0, r5
100065a0:	b003      	add	sp, #12
100065a2:	e8bd 8ff0 	ldmia.w	sp!, {r4, r5, r6, r7, r8, r9, sl, fp, pc}
100065a6:	2d00      	cmp	r5, #0
100065a8:	d0f4      	beq.n	10006594 <tu_fifo_write_n+0x104>
100065aa:	1b7f      	subs	r7, r7, r5
100065ac:	eb02 0a05 	add.w	sl, r2, r5
100065b0:	fb0b 9907 	mla	r9, fp, r7, r9
100065b4:	4690      	mov	r8, r2
100065b6:	462f      	mov	r7, r5
100065b8:	2300      	movs	r3, #0
100065ba:	fa1f fa8a 	uxth.w	sl, sl
100065be:	e799      	b.n	100064f4 <tu_fifo_write_n+0x64>
100065c0:	fb15 f50b 	smulbb	r5, r5, fp
100065c4:	b2ad      	uxth	r5, r5
100065c6:	462a      	mov	r2, r5
100065c8:	4649      	mov	r1, r9
100065ca:	9301      	str	r3, [sp, #4]
100065cc:	f000 ff1e 	bl	1000740c <memcpy>
100065d0:	9b01      	ldr	r3, [sp, #4]
100065d2:	6830      	ldr	r0, [r6, #0]
100065d4:	18e2      	adds	r2, r4, r3
100065d6:	fb12 f20b 	smulbb	r2, r2, fp
100065da:	eb09 0105 	add.w	r1, r9, r5
100065de:	b292      	uxth	r2, r2
100065e0:	f000 ff14 	bl	1000740c <memcpy>
100065e4:	e799      	b.n	1000651a <tu_fifo_write_n+0x8a>
100065e6:	4540      	cmp	r0, r8
100065e8:	dc84      	bgt.n	100064f4 <tu_fifo_write_n+0x64>
100065ea:	e7c4      	b.n	10006576 <tu_fifo_write_n+0xe6>

100065ec <tu_fifo_clear>:
100065ec:	b510      	push	{r4, lr}
100065ee:	4604      	mov	r4, r0
100065f0:	68c0      	ldr	r0, [r0, #12]
100065f2:	b118      	cbz	r0, 100065fc <tu_fifo_clear+0x10>
100065f4:	f04f 31ff 	mov.w	r1, #4294967295	@ 0xffffffff
100065f8:	f006 fb66 	bl	1000ccc8 <__mutex_enter_timeout_ms_veneer>
100065fc:	6920      	ldr	r0, [r4, #16]
100065fe:	b118      	cbz	r0, 10006608 <tu_fifo_clear+0x1c>
10006600:	f04f 31ff 	mov.w	r1, #4294967295	@ 0xffffffff
10006604:	f006 fb60 	bl	1000ccc8 <__mutex_enter_timeout_ms_veneer>
10006608:	2300      	movs	r3, #0
1000660a:	68e0      	ldr	r0, [r4, #12]
1000660c:	8163      	strh	r3, [r4, #10]
1000660e:	8123      	strh	r3, [r4, #8]
10006610:	b108      	cbz	r0, 10006616 <tu_fifo_clear+0x2a>
10006612:	f006 fb6d 	bl	1000ccf0 <__mutex_exit_veneer>
10006616:	6920      	ldr	r0, [r4, #16]
10006618:	b108      	cbz	r0, 1000661e <tu_fifo_clear+0x32>
1000661a:	f006 fb69 	bl	1000ccf0 <__mutex_exit_veneer>
1000661e:	2001      	movs	r0, #1
10006620:	bd10      	pop	{r4, pc}
10006622:	bf00      	nop

10006624 <tu_fifo_set_overwritable>:
10006624:	b538      	push	{r3, r4, r5, lr}
10006626:	4604      	mov	r4, r0
10006628:	68c0      	ldr	r0, [r0, #12]
1000662a:	460d      	mov	r5, r1
1000662c:	b118      	cbz	r0, 10006636 <tu_fifo_set_overwritable+0x12>
1000662e:	f04f 31ff 	mov.w	r1, #4294967295	@ 0xffffffff
10006632:	f006 fb49 	bl	1000ccc8 <__mutex_enter_timeout_ms_veneer>
10006636:	6920      	ldr	r0, [r4, #16]
10006638:	b118      	cbz	r0, 10006642 <tu_fifo_set_overwritable+0x1e>
1000663a:	f04f 31ff 	mov.w	r1, #4294967295	@ 0xffffffff
1000663e:	f006 fb43 	bl	1000ccc8 <__mutex_enter_timeout_ms_veneer>
10006642:	79e3      	ldrb	r3, [r4, #7]
10006644:	68e0      	ldr	r0, [r4, #12]
10006646:	f365 13c7 	bfi	r3, r5, #7, #1
1000664a:	71e3      	strb	r3, [r4, #7]
1000664c:	b108      	cbz	r0, 10006652 <tu_fifo_set_overwritable+0x2e>
1000664e:	f006 fb4f 	bl	1000ccf0 <__mutex_exit_veneer>
10006652:	6920      	ldr	r0, [r4, #16]
10006654:	b108      	cbz	r0, 1000665a <tu_fifo_set_overwritable+0x36>
10006656:	f006 fb4b 	bl	1000ccf0 <__mutex_exit_veneer>
1000665a:	2001      	movs	r0, #1
1000665c:	bd38      	pop	{r3, r4, r5, pc}
1000665e:	bf00      	nop

10006660 <adc_init>:
10006660:	2301      	movs	r3, #1
10006662:	4807      	ldr	r0, [pc, #28]	@ (10006680 <adc_init+0x20>)
10006664:	4907      	ldr	r1, [pc, #28]	@ (10006684 <adc_init+0x24>)
10006666:	4a08      	ldr	r2, [pc, #32]	@ (10006688 <adc_init+0x28>)
10006668:	6003      	str	r3, [r0, #0]
1000666a:	600b      	str	r3, [r1, #0]
1000666c:	6893      	ldr	r3, [r2, #8]
1000666e:	07d9      	lsls	r1, r3, #31
10006670:	d5fc      	bpl.n	1000666c <adc_init+0xc>
10006672:	2301      	movs	r3, #1
10006674:	4a05      	ldr	r2, [pc, #20]	@ (1000668c <adc_init+0x2c>)
10006676:	6013      	str	r3, [r2, #0]
10006678:	6813      	ldr	r3, [r2, #0]
1000667a:	05db      	lsls	r3, r3, #23
1000667c:	d5fc      	bpl.n	10006678 <adc_init+0x18>
1000667e:	4770      	bx	lr
10006680:	40022000 	.word	0x40022000
10006684:	40023000 	.word	0x40023000
10006688:	40020000 	.word	0x40020000
1000668c:	400a0000 	.word	0x400a0000

10006690 <_calloc_r>:
10006690:	b538      	push	{r3, r4, r5, lr}
10006692:	fba1 1402 	umull	r1, r4, r1, r2
10006696:	bb34      	cbnz	r4, 100066e6 <_calloc_r+0x56>
10006698:	f000 f842 	bl	10006720 <_malloc_r>
1000669c:	4605      	mov	r5, r0
1000669e:	b330      	cbz	r0, 100066ee <_calloc_r+0x5e>
100066a0:	f850 2c04 	ldr.w	r2, [r0, #-4]
100066a4:	f022 0203 	bic.w	r2, r2, #3
100066a8:	3a04      	subs	r2, #4
100066aa:	2a24      	cmp	r2, #36	@ 0x24
100066ac:	d80c      	bhi.n	100066c8 <_calloc_r+0x38>
100066ae:	2a13      	cmp	r2, #19
100066b0:	d90f      	bls.n	100066d2 <_calloc_r+0x42>
100066b2:	2a1b      	cmp	r2, #27
100066b4:	e9c0 4400 	strd	r4, r4, [r0]
100066b8:	d912      	bls.n	100066e0 <_calloc_r+0x50>
100066ba:	2a24      	cmp	r2, #36	@ 0x24
100066bc:	e9c0 4402 	strd	r4, r4, [r0, #8]
100066c0:	d018      	beq.n	100066f4 <_calloc_r+0x64>
100066c2:	f100 0210 	add.w	r2, r0, #16
100066c6:	e005      	b.n	100066d4 <_calloc_r+0x44>
100066c8:	4621      	mov	r1, r4
100066ca:	f000 fd45 	bl	10007158 <memset>
100066ce:	4628      	mov	r0, r5
100066d0:	bd38      	pop	{r3, r4, r5, pc}
100066d2:	4602      	mov	r2, r0
100066d4:	2300      	movs	r3, #0
100066d6:	4628      	mov	r0, r5
100066d8:	e9c2 3300 	strd	r3, r3, [r2]
100066dc:	6093      	str	r3, [r2, #8]
100066de:	bd38      	pop	{r3, r4, r5, pc}
100066e0:	f100 0208 	add.w	r2, r0, #8
100066e4:	e7f6      	b.n	100066d4 <_calloc_r+0x44>
100066e6:	f000 fd97 	bl	10007218 <__errno>
100066ea:	230c      	movs	r3, #12
100066ec:	6003      	str	r3, [r0, #0]
100066ee:	2500      	movs	r5, #0
100066f0:	4628      	mov	r0, r5
100066f2:	bd38      	pop	{r3, r4, r5, pc}
100066f4:	f100 0218 	add.w	r2, r0, #24
100066f8:	e9c0 4404 	strd	r4, r4, [r0, #16]
100066fc:	e7ea      	b.n	100066d4 <_calloc_r+0x44>
100066fe:	bf00      	nop

10006700 <malloc>:
10006700:	4b02      	ldr	r3, [pc, #8]	@ (1000670c <malloc+0xc>)
10006702:	4601      	mov	r1, r0
10006704:	6818      	ldr	r0, [r3, #0]
10006706:	f000 b80b 	b.w	10006720 <_malloc_r>
1000670a:	bf00      	nop
1000670c:	200019a8 	.word	0x200019a8

10006710 <free>:
10006710:	4b02      	ldr	r3, [pc, #8]	@ (1000671c <free+0xc>)
10006712:	4601      	mov	r1, r0
10006714:	6818      	ldr	r0, [r3, #0]
10006716:	f000 bf79 	b.w	1000760c <_free_r>
1000671a:	bf00      	nop
1000671c:	200019a8 	.word	0x200019a8

10006720 <_malloc_r>:
10006720:	f101 030b 	add.w	r3, r1, #11
10006724:	2b16      	cmp	r3, #22
10006726:	e92d 4ff0 	stmdb	sp!, {r4, r5, r6, r7, r8, r9, sl, fp, lr}
1000672a:	4607      	mov	r7, r0
1000672c:	b083      	sub	sp, #12
1000672e:	d823      	bhi.n	10006778 <_malloc_r+0x58>
10006730:	2910      	cmp	r1, #16
10006732:	f200 80af 	bhi.w	10006894 <_malloc_r+0x174>
10006736:	f000 faaf 	bl	10006c98 <__malloc_lock>
1000673a:	2510      	movs	r5, #16
1000673c:	2318      	movs	r3, #24
1000673e:	2002      	movs	r0, #2
10006740:	4eba      	ldr	r6, [pc, #744]	@ (10006a2c <_malloc_r+0x30c>)
10006742:	4433      	add	r3, r6
10006744:	685c      	ldr	r4, [r3, #4]
10006746:	f1a3 0208 	sub.w	r2, r3, #8
1000674a:	4294      	cmp	r4, r2
1000674c:	f000 8156 	beq.w	100069fc <_malloc_r+0x2dc>
10006750:	6863      	ldr	r3, [r4, #4]
10006752:	4638      	mov	r0, r7
10006754:	f023 0303 	bic.w	r3, r3, #3
10006758:	e9d4 1202 	ldrd	r1, r2, [r4, #8]
1000675c:	4423      	add	r3, r4
1000675e:	60ca      	str	r2, [r1, #12]
10006760:	6091      	str	r1, [r2, #8]
10006762:	685a      	ldr	r2, [r3, #4]
10006764:	3408      	adds	r4, #8
10006766:	f042 0201 	orr.w	r2, r2, #1
1000676a:	605a      	str	r2, [r3, #4]
1000676c:	f000 fa9a 	bl	10006ca4 <__malloc_unlock>
10006770:	4620      	mov	r0, r4
10006772:	b003      	add	sp, #12
10006774:	e8bd 8ff0 	ldmia.w	sp!, {r4, r5, r6, r7, r8, r9, sl, fp, pc}
10006778:	2b00      	cmp	r3, #0
1000677a:	f023 0507 	bic.w	r5, r3, #7
1000677e:	f2c0 8089 	blt.w	10006894 <_malloc_r+0x174>
10006782:	42a9      	cmp	r1, r5
10006784:	f200 8086 	bhi.w	10006894 <_malloc_r+0x174>
10006788:	f000 fa86 	bl	10006c98 <__malloc_lock>
1000678c:	f5b5 7ffc 	cmp.w	r5, #504	@ 0x1f8
10006790:	f0c0 827b 	bcc.w	10006c8a <_malloc_r+0x56a>
10006794:	0a6b      	lsrs	r3, r5, #9
10006796:	f000 8084 	beq.w	100068a2 <_malloc_r+0x182>
1000679a:	2b04      	cmp	r3, #4
1000679c:	f200 8162 	bhi.w	10006a64 <_malloc_r+0x344>
100067a0:	09ab      	lsrs	r3, r5, #6
100067a2:	f103 0039 	add.w	r0, r3, #57	@ 0x39
100067a6:	f103 0e38 	add.w	lr, r3, #56	@ 0x38
100067aa:	00c3      	lsls	r3, r0, #3
100067ac:	4e9f      	ldr	r6, [pc, #636]	@ (10006a2c <_malloc_r+0x30c>)
100067ae:	4433      	add	r3, r6
100067b0:	f1a3 0c08 	sub.w	ip, r3, #8
100067b4:	685c      	ldr	r4, [r3, #4]
100067b6:	45a4      	cmp	ip, r4
100067b8:	d107      	bne.n	100067ca <_malloc_r+0xaa>
100067ba:	e00d      	b.n	100067d8 <_malloc_r+0xb8>
100067bc:	2a00      	cmp	r2, #0
100067be:	68e1      	ldr	r1, [r4, #12]
100067c0:	f280 8116 	bge.w	100069f0 <_malloc_r+0x2d0>
100067c4:	458c      	cmp	ip, r1
100067c6:	460c      	mov	r4, r1
100067c8:	d006      	beq.n	100067d8 <_malloc_r+0xb8>
100067ca:	6863      	ldr	r3, [r4, #4]
100067cc:	f023 0303 	bic.w	r3, r3, #3
100067d0:	1b5a      	subs	r2, r3, r5
100067d2:	2a0f      	cmp	r2, #15
100067d4:	ddf2      	ble.n	100067bc <_malloc_r+0x9c>
100067d6:	4670      	mov	r0, lr
100067d8:	f8df 8268 	ldr.w	r8, [pc, #616]	@ 10006a44 <_malloc_r+0x324>
100067dc:	6934      	ldr	r4, [r6, #16]
100067de:	4544      	cmp	r4, r8
100067e0:	f000 80f2 	beq.w	100069c8 <_malloc_r+0x2a8>
100067e4:	6863      	ldr	r3, [r4, #4]
100067e6:	f023 0c03 	bic.w	ip, r3, #3
100067ea:	ebac 0305 	sub.w	r3, ip, r5
100067ee:	2b0f      	cmp	r3, #15
100067f0:	f300 8174 	bgt.w	10006adc <_malloc_r+0x3bc>
100067f4:	2b00      	cmp	r3, #0
100067f6:	e9c6 8804 	strd	r8, r8, [r6, #16]
100067fa:	f280 8163 	bge.w	10006ac4 <_malloc_r+0x3a4>
100067fe:	f5bc 7f00 	cmp.w	ip, #512	@ 0x200
10006802:	f8d6 e004 	ldr.w	lr, [r6, #4]
10006806:	f080 80ff 	bcs.w	10006a08 <_malloc_r+0x2e8>
1000680a:	ea4f 03dc 	mov.w	r3, ip, lsr #3
1000680e:	2201      	movs	r2, #1
10006810:	ea4f 1c5c 	mov.w	ip, ip, lsr #5
10006814:	3301      	adds	r3, #1
10006816:	fa02 f20c 	lsl.w	r2, r2, ip
1000681a:	f856 1033 	ldr.w	r1, [r6, r3, lsl #3]
1000681e:	ea4e 0e02 	orr.w	lr, lr, r2
10006822:	eb06 02c3 	add.w	r2, r6, r3, lsl #3
10006826:	3a08      	subs	r2, #8
10006828:	f8c6 e004 	str.w	lr, [r6, #4]
1000682c:	e9c4 1202 	strd	r1, r2, [r4, #8]
10006830:	f846 4033 	str.w	r4, [r6, r3, lsl #3]
10006834:	60cc      	str	r4, [r1, #12]
10006836:	1083      	asrs	r3, r0, #2
10006838:	f04f 0c01 	mov.w	ip, #1
1000683c:	fa0c fc03 	lsl.w	ip, ip, r3
10006840:	45f4      	cmp	ip, lr
10006842:	d834      	bhi.n	100068ae <_malloc_r+0x18e>
10006844:	ea1c 0f0e 	tst.w	ip, lr
10006848:	d107      	bne.n	1000685a <_malloc_r+0x13a>
1000684a:	f020 0003 	bic.w	r0, r0, #3
1000684e:	ea4f 0c4c 	mov.w	ip, ip, lsl #1
10006852:	3004      	adds	r0, #4
10006854:	ea1c 0f0e 	tst.w	ip, lr
10006858:	d0f9      	beq.n	1000684e <_malloc_r+0x12e>
1000685a:	eb06 0ac0 	add.w	sl, r6, r0, lsl #3
1000685e:	4681      	mov	r9, r0
10006860:	46d6      	mov	lr, sl
10006862:	f8de 300c 	ldr.w	r3, [lr, #12]
10006866:	e00b      	b.n	10006880 <_malloc_r+0x160>
10006868:	685a      	ldr	r2, [r3, #4]
1000686a:	461c      	mov	r4, r3
1000686c:	68db      	ldr	r3, [r3, #12]
1000686e:	f022 0203 	bic.w	r2, r2, #3
10006872:	1b51      	subs	r1, r2, r5
10006874:	290f      	cmp	r1, #15
10006876:	f300 8101 	bgt.w	10006a7c <_malloc_r+0x35c>
1000687a:	2900      	cmp	r1, #0
1000687c:	f280 8115 	bge.w	10006aaa <_malloc_r+0x38a>
10006880:	459e      	cmp	lr, r3
10006882:	d1f1      	bne.n	10006868 <_malloc_r+0x148>
10006884:	f109 0901 	add.w	r9, r9, #1
10006888:	f10e 0e08 	add.w	lr, lr, #8
1000688c:	f019 0f03 	tst.w	r9, #3
10006890:	d1e7      	bne.n	10006862 <_malloc_r+0x142>
10006892:	e158      	b.n	10006b46 <_malloc_r+0x426>
10006894:	230c      	movs	r3, #12
10006896:	603b      	str	r3, [r7, #0]
10006898:	2400      	movs	r4, #0
1000689a:	4620      	mov	r0, r4
1000689c:	b003      	add	sp, #12
1000689e:	e8bd 8ff0 	ldmia.w	sp!, {r4, r5, r6, r7, r8, r9, sl, fp, pc}
100068a2:	f44f 7300 	mov.w	r3, #512	@ 0x200
100068a6:	2040      	movs	r0, #64	@ 0x40
100068a8:	f04f 0e3f 	mov.w	lr, #63	@ 0x3f
100068ac:	e77e      	b.n	100067ac <_malloc_r+0x8c>
100068ae:	68b4      	ldr	r4, [r6, #8]
100068b0:	6863      	ldr	r3, [r4, #4]
100068b2:	f023 0903 	bic.w	r9, r3, #3
100068b6:	45a9      	cmp	r9, r5
100068b8:	eba9 0305 	sub.w	r3, r9, r5
100068bc:	d302      	bcc.n	100068c4 <_malloc_r+0x1a4>
100068be:	2b0f      	cmp	r3, #15
100068c0:	f300 8085 	bgt.w	100069ce <_malloc_r+0x2ae>
100068c4:	4b5a      	ldr	r3, [pc, #360]	@ (10006a30 <_malloc_r+0x310>)
100068c6:	2008      	movs	r0, #8
100068c8:	681b      	ldr	r3, [r3, #0]
100068ca:	f103 0810 	add.w	r8, r3, #16
100068ce:	eb04 0309 	add.w	r3, r4, r9
100068d2:	9300      	str	r3, [sp, #0]
100068d4:	f000 fca6 	bl	10007224 <sysconf>
100068d8:	4a56      	ldr	r2, [pc, #344]	@ (10006a34 <_malloc_r+0x314>)
100068da:	44a8      	add	r8, r5
100068dc:	4683      	mov	fp, r0
100068de:	6813      	ldr	r3, [r2, #0]
100068e0:	3301      	adds	r3, #1
100068e2:	d005      	beq.n	100068f0 <_malloc_r+0x1d0>
100068e4:	f108 38ff 	add.w	r8, r8, #4294967295	@ 0xffffffff
100068e8:	4243      	negs	r3, r0
100068ea:	4480      	add	r8, r0
100068ec:	ea03 0808 	and.w	r8, r3, r8
100068f0:	4641      	mov	r1, r8
100068f2:	4638      	mov	r0, r7
100068f4:	f000 fc7e 	bl	100071f4 <_sbrk_r>
100068f8:	f1b0 3fff 	cmp.w	r0, #4294967295	@ 0xffffffff
100068fc:	4682      	mov	sl, r0
100068fe:	4a4d      	ldr	r2, [pc, #308]	@ (10006a34 <_malloc_r+0x314>)
10006900:	f000 8107 	beq.w	10006b12 <_malloc_r+0x3f2>
10006904:	eb04 0309 	add.w	r3, r4, r9
10006908:	4283      	cmp	r3, r0
1000690a:	f200 8100 	bhi.w	10006b0e <_malloc_r+0x3ee>
1000690e:	4b4a      	ldr	r3, [pc, #296]	@ (10006a38 <_malloc_r+0x318>)
10006910:	f10b 3cff 	add.w	ip, fp, #4294967295	@ 0xffffffff
10006914:	6818      	ldr	r0, [r3, #0]
10006916:	4440      	add	r0, r8
10006918:	6018      	str	r0, [r3, #0]
1000691a:	f000 8164 	beq.w	10006be6 <_malloc_r+0x4c6>
1000691e:	6811      	ldr	r1, [r2, #0]
10006920:	3101      	adds	r1, #1
10006922:	f000 816c 	beq.w	10006bfe <_malloc_r+0x4de>
10006926:	eb04 0209 	add.w	r2, r4, r9
1000692a:	ebaa 0202 	sub.w	r2, sl, r2
1000692e:	4402      	add	r2, r0
10006930:	601a      	str	r2, [r3, #0]
10006932:	f01a 0207 	ands.w	r2, sl, #7
10006936:	e9cd 2300 	strd	r2, r3, [sp]
1000693a:	f000 8127 	beq.w	10006b8c <_malloc_r+0x46c>
1000693e:	f1c2 0208 	rsb	r2, r2, #8
10006942:	4638      	mov	r0, r7
10006944:	4492      	add	sl, r2
10006946:	445a      	add	r2, fp
10006948:	44d0      	add	r8, sl
1000694a:	ea08 010c 	and.w	r1, r8, ip
1000694e:	1a52      	subs	r2, r2, r1
10006950:	ea02 0b0c 	and.w	fp, r2, ip
10006954:	4659      	mov	r1, fp
10006956:	f000 fc4d 	bl	100071f4 <_sbrk_r>
1000695a:	1c42      	adds	r2, r0, #1
1000695c:	9b01      	ldr	r3, [sp, #4]
1000695e:	f000 816a 	beq.w	10006c36 <_malloc_r+0x516>
10006962:	eba0 000a 	sub.w	r0, r0, sl
10006966:	eb00 080b 	add.w	r8, r0, fp
1000696a:	6818      	ldr	r0, [r3, #0]
1000696c:	f048 0201 	orr.w	r2, r8, #1
10006970:	42b4      	cmp	r4, r6
10006972:	f8c6 a008 	str.w	sl, [r6, #8]
10006976:	4458      	add	r0, fp
10006978:	f8ca 2004 	str.w	r2, [sl, #4]
1000697c:	6018      	str	r0, [r3, #0]
1000697e:	d017      	beq.n	100069b0 <_malloc_r+0x290>
10006980:	f1b9 0f0f 	cmp.w	r9, #15
10006984:	f240 813e 	bls.w	10006c04 <_malloc_r+0x4e4>
10006988:	6861      	ldr	r1, [r4, #4]
1000698a:	f1a9 020c 	sub.w	r2, r9, #12
1000698e:	f04f 0c05 	mov.w	ip, #5
10006992:	f022 0207 	bic.w	r2, r2, #7
10006996:	f001 0101 	and.w	r1, r1, #1
1000699a:	4311      	orrs	r1, r2
1000699c:	2a0f      	cmp	r2, #15
1000699e:	6061      	str	r1, [r4, #4]
100069a0:	eb04 0102 	add.w	r1, r4, r2
100069a4:	e9c1 cc01 	strd	ip, ip, [r1, #4]
100069a8:	f200 814d 	bhi.w	10006c46 <_malloc_r+0x526>
100069ac:	f8da 2004 	ldr.w	r2, [sl, #4]
100069b0:	4b22      	ldr	r3, [pc, #136]	@ (10006a3c <_malloc_r+0x31c>)
100069b2:	4654      	mov	r4, sl
100069b4:	6819      	ldr	r1, [r3, #0]
100069b6:	4281      	cmp	r1, r0
100069b8:	bf38      	it	cc
100069ba:	6018      	strcc	r0, [r3, #0]
100069bc:	4b20      	ldr	r3, [pc, #128]	@ (10006a40 <_malloc_r+0x320>)
100069be:	6819      	ldr	r1, [r3, #0]
100069c0:	4281      	cmp	r1, r0
100069c2:	bf38      	it	cc
100069c4:	6018      	strcc	r0, [r3, #0]
100069c6:	e0a6      	b.n	10006b16 <_malloc_r+0x3f6>
100069c8:	f8d6 e004 	ldr.w	lr, [r6, #4]
100069cc:	e733      	b.n	10006836 <_malloc_r+0x116>
100069ce:	1962      	adds	r2, r4, r5
100069d0:	f045 0501 	orr.w	r5, r5, #1
100069d4:	f043 0301 	orr.w	r3, r3, #1
100069d8:	3408      	adds	r4, #8
100069da:	f844 5c04 	str.w	r5, [r4, #-4]
100069de:	4638      	mov	r0, r7
100069e0:	60b2      	str	r2, [r6, #8]
100069e2:	6053      	str	r3, [r2, #4]
100069e4:	f000 f95e 	bl	10006ca4 <__malloc_unlock>
100069e8:	4620      	mov	r0, r4
100069ea:	b003      	add	sp, #12
100069ec:	e8bd 8ff0 	ldmia.w	sp!, {r4, r5, r6, r7, r8, r9, sl, fp, pc}
100069f0:	68a2      	ldr	r2, [r4, #8]
100069f2:	4423      	add	r3, r4
100069f4:	4638      	mov	r0, r7
100069f6:	60d1      	str	r1, [r2, #12]
100069f8:	608a      	str	r2, [r1, #8]
100069fa:	e6b2      	b.n	10006762 <_malloc_r+0x42>
100069fc:	68dc      	ldr	r4, [r3, #12]
100069fe:	42a3      	cmp	r3, r4
10006a00:	f47f aea6 	bne.w	10006750 <_malloc_r+0x30>
10006a04:	3002      	adds	r0, #2
10006a06:	e6e7      	b.n	100067d8 <_malloc_r+0xb8>
10006a08:	f5bc 6f20 	cmp.w	ip, #2560	@ 0xa00
10006a0c:	ea4f 225c 	mov.w	r2, ip, lsr #9
10006a10:	d376      	bcc.n	10006b00 <_malloc_r+0x3e0>
10006a12:	2a14      	cmp	r2, #20
10006a14:	f200 80cd 	bhi.w	10006bb2 <_malloc_r+0x492>
10006a18:	f102 035c 	add.w	r3, r2, #92	@ 0x5c
10006a1c:	325b      	adds	r2, #91	@ 0x5b
10006a1e:	00db      	lsls	r3, r3, #3
10006a20:	18f1      	adds	r1, r6, r3
10006a22:	58f3      	ldr	r3, [r6, r3]
10006a24:	3908      	subs	r1, #8
10006a26:	4299      	cmp	r1, r3
10006a28:	d111      	bne.n	10006a4e <_malloc_r+0x32e>
10006a2a:	e0a5      	b.n	10006b78 <_malloc_r+0x458>
10006a2c:	200015a0 	.word	0x200015a0
10006a30:	20001e30 	.word	0x20001e30
10006a34:	20001594 	.word	0x20001594
10006a38:	20001e00 	.word	0x20001e00
10006a3c:	20001e28 	.word	0x20001e28
10006a40:	20001e2c 	.word	0x20001e2c
10006a44:	200015a8 	.word	0x200015a8
10006a48:	689b      	ldr	r3, [r3, #8]
10006a4a:	4299      	cmp	r1, r3
10006a4c:	d004      	beq.n	10006a58 <_malloc_r+0x338>
10006a4e:	685a      	ldr	r2, [r3, #4]
10006a50:	f022 0203 	bic.w	r2, r2, #3
10006a54:	4562      	cmp	r2, ip
10006a56:	d8f7      	bhi.n	10006a48 <_malloc_r+0x328>
10006a58:	68d9      	ldr	r1, [r3, #12]
10006a5a:	e9c4 3102 	strd	r3, r1, [r4, #8]
10006a5e:	608c      	str	r4, [r1, #8]
10006a60:	60dc      	str	r4, [r3, #12]
10006a62:	e6e8      	b.n	10006836 <_malloc_r+0x116>
10006a64:	2b14      	cmp	r3, #20
10006a66:	d963      	bls.n	10006b30 <_malloc_r+0x410>
10006a68:	2b54      	cmp	r3, #84	@ 0x54
10006a6a:	f200 80ab 	bhi.w	10006bc4 <_malloc_r+0x4a4>
10006a6e:	0b2b      	lsrs	r3, r5, #12
10006a70:	f103 006f 	add.w	r0, r3, #111	@ 0x6f
10006a74:	f103 0e6e 	add.w	lr, r3, #110	@ 0x6e
10006a78:	00c3      	lsls	r3, r0, #3
10006a7a:	e697      	b.n	100067ac <_malloc_r+0x8c>
10006a7c:	f8d4 c008 	ldr.w	ip, [r4, #8]
10006a80:	4638      	mov	r0, r7
10006a82:	1967      	adds	r7, r4, r5
10006a84:	f045 0501 	orr.w	r5, r5, #1
10006a88:	6065      	str	r5, [r4, #4]
10006a8a:	f8cc 300c 	str.w	r3, [ip, #12]
10006a8e:	f8c3 c008 	str.w	ip, [r3, #8]
10006a92:	f041 0301 	orr.w	r3, r1, #1
10006a96:	e9c6 7704 	strd	r7, r7, [r6, #16]
10006a9a:	e9c7 8802 	strd	r8, r8, [r7, #8]
10006a9e:	607b      	str	r3, [r7, #4]
10006aa0:	50a1      	str	r1, [r4, r2]
10006aa2:	3408      	adds	r4, #8
10006aa4:	f000 f8fe 	bl	10006ca4 <__malloc_unlock>
10006aa8:	e6f7      	b.n	1000689a <_malloc_r+0x17a>
10006aaa:	4422      	add	r2, r4
10006aac:	4638      	mov	r0, r7
10006aae:	6851      	ldr	r1, [r2, #4]
10006ab0:	f041 0101 	orr.w	r1, r1, #1
10006ab4:	6051      	str	r1, [r2, #4]
10006ab6:	f854 2f08 	ldr.w	r2, [r4, #8]!
10006aba:	60d3      	str	r3, [r2, #12]
10006abc:	609a      	str	r2, [r3, #8]
10006abe:	f000 f8f1 	bl	10006ca4 <__malloc_unlock>
10006ac2:	e6ea      	b.n	1000689a <_malloc_r+0x17a>
10006ac4:	44a4      	add	ip, r4
10006ac6:	4638      	mov	r0, r7
10006ac8:	3408      	adds	r4, #8
10006aca:	f8dc 3004 	ldr.w	r3, [ip, #4]
10006ace:	f043 0301 	orr.w	r3, r3, #1
10006ad2:	f8cc 3004 	str.w	r3, [ip, #4]
10006ad6:	f000 f8e5 	bl	10006ca4 <__malloc_unlock>
10006ada:	e6de      	b.n	1000689a <_malloc_r+0x17a>
10006adc:	1962      	adds	r2, r4, r5
10006ade:	f043 0101 	orr.w	r1, r3, #1
10006ae2:	f045 0501 	orr.w	r5, r5, #1
10006ae6:	4638      	mov	r0, r7
10006ae8:	6065      	str	r5, [r4, #4]
10006aea:	e9c6 2204 	strd	r2, r2, [r6, #16]
10006aee:	e9c2 8802 	strd	r8, r8, [r2, #8]
10006af2:	6051      	str	r1, [r2, #4]
10006af4:	f844 300c 	str.w	r3, [r4, ip]
10006af8:	3408      	adds	r4, #8
10006afa:	f000 f8d3 	bl	10006ca4 <__malloc_unlock>
10006afe:	e6cc      	b.n	1000689a <_malloc_r+0x17a>
10006b00:	ea4f 129c 	mov.w	r2, ip, lsr #6
10006b04:	f102 0339 	add.w	r3, r2, #57	@ 0x39
10006b08:	3238      	adds	r2, #56	@ 0x38
10006b0a:	00db      	lsls	r3, r3, #3
10006b0c:	e788      	b.n	10006a20 <_malloc_r+0x300>
10006b0e:	42b4      	cmp	r4, r6
10006b10:	d062      	beq.n	10006bd8 <_malloc_r+0x4b8>
10006b12:	68b4      	ldr	r4, [r6, #8]
10006b14:	6862      	ldr	r2, [r4, #4]
10006b16:	f022 0803 	bic.w	r8, r2, #3
10006b1a:	45a8      	cmp	r8, r5
10006b1c:	eba8 0305 	sub.w	r3, r8, r5
10006b20:	d302      	bcc.n	10006b28 <_malloc_r+0x408>
10006b22:	2b0f      	cmp	r3, #15
10006b24:	f73f af53 	bgt.w	100069ce <_malloc_r+0x2ae>
10006b28:	4638      	mov	r0, r7
10006b2a:	f000 f8bb 	bl	10006ca4 <__malloc_unlock>
10006b2e:	e6b3      	b.n	10006898 <_malloc_r+0x178>
10006b30:	f103 005c 	add.w	r0, r3, #92	@ 0x5c
10006b34:	f103 0e5b 	add.w	lr, r3, #91	@ 0x5b
10006b38:	00c3      	lsls	r3, r0, #3
10006b3a:	e637      	b.n	100067ac <_malloc_r+0x8c>
10006b3c:	f85a 3908 	ldr.w	r3, [sl], #-8
10006b40:	4553      	cmp	r3, sl
10006b42:	f040 80a0 	bne.w	10006c86 <_malloc_r+0x566>
10006b46:	f010 0f03 	tst.w	r0, #3
10006b4a:	f100 30ff 	add.w	r0, r0, #4294967295	@ 0xffffffff
10006b4e:	d1f5      	bne.n	10006b3c <_malloc_r+0x41c>
10006b50:	6873      	ldr	r3, [r6, #4]
10006b52:	ea23 030c 	bic.w	r3, r3, ip
10006b56:	6073      	str	r3, [r6, #4]
10006b58:	ea4f 0c4c 	mov.w	ip, ip, lsl #1
10006b5c:	f10c 32ff 	add.w	r2, ip, #4294967295	@ 0xffffffff
10006b60:	429a      	cmp	r2, r3
10006b62:	d304      	bcc.n	10006b6e <_malloc_r+0x44e>
10006b64:	e6a3      	b.n	100068ae <_malloc_r+0x18e>
10006b66:	ea4f 0c4c 	mov.w	ip, ip, lsl #1
10006b6a:	f109 0904 	add.w	r9, r9, #4
10006b6e:	ea1c 0f03 	tst.w	ip, r3
10006b72:	d0f8      	beq.n	10006b66 <_malloc_r+0x446>
10006b74:	4648      	mov	r0, r9
10006b76:	e670      	b.n	1000685a <_malloc_r+0x13a>
10006b78:	1092      	asrs	r2, r2, #2
10006b7a:	f04f 0c01 	mov.w	ip, #1
10006b7e:	fa0c f202 	lsl.w	r2, ip, r2
10006b82:	ea4e 0e02 	orr.w	lr, lr, r2
10006b86:	f8c6 e004 	str.w	lr, [r6, #4]
10006b8a:	e766      	b.n	10006a5a <_malloc_r+0x33a>
10006b8c:	eb0a 0208 	add.w	r2, sl, r8
10006b90:	4638      	mov	r0, r7
10006b92:	ea02 020c 	and.w	r2, r2, ip
10006b96:	ebab 0b02 	sub.w	fp, fp, r2
10006b9a:	ea0b 0b0c 	and.w	fp, fp, ip
10006b9e:	4659      	mov	r1, fp
10006ba0:	f000 fb28 	bl	100071f4 <_sbrk_r>
10006ba4:	1c43      	adds	r3, r0, #1
10006ba6:	9b01      	ldr	r3, [sp, #4]
10006ba8:	f47f aedb 	bne.w	10006962 <_malloc_r+0x242>
10006bac:	f8dd b000 	ldr.w	fp, [sp]
10006bb0:	e6db      	b.n	1000696a <_malloc_r+0x24a>
10006bb2:	2a54      	cmp	r2, #84	@ 0x54
10006bb4:	d82a      	bhi.n	10006c0c <_malloc_r+0x4ec>
10006bb6:	ea4f 321c 	mov.w	r2, ip, lsr #12
10006bba:	f102 036f 	add.w	r3, r2, #111	@ 0x6f
10006bbe:	326e      	adds	r2, #110	@ 0x6e
10006bc0:	00db      	lsls	r3, r3, #3
10006bc2:	e72d      	b.n	10006a20 <_malloc_r+0x300>
10006bc4:	f5b3 7faa 	cmp.w	r3, #340	@ 0x154
10006bc8:	d82a      	bhi.n	10006c20 <_malloc_r+0x500>
10006bca:	0beb      	lsrs	r3, r5, #15
10006bcc:	f103 0078 	add.w	r0, r3, #120	@ 0x78
10006bd0:	f103 0e77 	add.w	lr, r3, #119	@ 0x77
10006bd4:	00c3      	lsls	r3, r0, #3
10006bd6:	e5e9      	b.n	100067ac <_malloc_r+0x8c>
10006bd8:	4b2e      	ldr	r3, [pc, #184]	@ (10006c94 <_malloc_r+0x574>)
10006bda:	f10b 3cff 	add.w	ip, fp, #4294967295	@ 0xffffffff
10006bde:	6818      	ldr	r0, [r3, #0]
10006be0:	4440      	add	r0, r8
10006be2:	6018      	str	r0, [r3, #0]
10006be4:	e69b      	b.n	1000691e <_malloc_r+0x1fe>
10006be6:	ea1a 0f0c 	tst.w	sl, ip
10006bea:	f47f ae98 	bne.w	1000691e <_malloc_r+0x1fe>
10006bee:	44c8      	add	r8, r9
10006bf0:	f8d6 a008 	ldr.w	sl, [r6, #8]
10006bf4:	f048 0201 	orr.w	r2, r8, #1
10006bf8:	f8ca 2004 	str.w	r2, [sl, #4]
10006bfc:	e6d8      	b.n	100069b0 <_malloc_r+0x290>
10006bfe:	f8c2 a000 	str.w	sl, [r2]
10006c02:	e696      	b.n	10006932 <_malloc_r+0x212>
10006c04:	2301      	movs	r3, #1
10006c06:	f8ca 3004 	str.w	r3, [sl, #4]
10006c0a:	e78d      	b.n	10006b28 <_malloc_r+0x408>
10006c0c:	f5b2 7faa 	cmp.w	r2, #340	@ 0x154
10006c10:	d824      	bhi.n	10006c5c <_malloc_r+0x53c>
10006c12:	ea4f 32dc 	mov.w	r2, ip, lsr #15
10006c16:	f102 0378 	add.w	r3, r2, #120	@ 0x78
10006c1a:	3277      	adds	r2, #119	@ 0x77
10006c1c:	00db      	lsls	r3, r3, #3
10006c1e:	e6ff      	b.n	10006a20 <_malloc_r+0x300>
10006c20:	f240 5254 	movw	r2, #1364	@ 0x554
10006c24:	4293      	cmp	r3, r2
10006c26:	d824      	bhi.n	10006c72 <_malloc_r+0x552>
10006c28:	0cab      	lsrs	r3, r5, #18
10006c2a:	f103 007d 	add.w	r0, r3, #125	@ 0x7d
10006c2e:	f103 0e7c 	add.w	lr, r3, #124	@ 0x7c
10006c32:	00c3      	lsls	r3, r0, #3
10006c34:	e5ba      	b.n	100067ac <_malloc_r+0x8c>
10006c36:	9a00      	ldr	r2, [sp, #0]
10006c38:	f04f 0b00 	mov.w	fp, #0
10006c3c:	3a08      	subs	r2, #8
10006c3e:	4490      	add	r8, r2
10006c40:	eba8 080a 	sub.w	r8, r8, sl
10006c44:	e691      	b.n	1000696a <_malloc_r+0x24a>
10006c46:	4638      	mov	r0, r7
10006c48:	f104 0108 	add.w	r1, r4, #8
10006c4c:	9300      	str	r3, [sp, #0]
10006c4e:	f000 fcdd 	bl	1000760c <_free_r>
10006c52:	9b00      	ldr	r3, [sp, #0]
10006c54:	f8d6 a008 	ldr.w	sl, [r6, #8]
10006c58:	6818      	ldr	r0, [r3, #0]
10006c5a:	e6a7      	b.n	100069ac <_malloc_r+0x28c>
10006c5c:	f240 5354 	movw	r3, #1364	@ 0x554
10006c60:	429a      	cmp	r2, r3
10006c62:	d80c      	bhi.n	10006c7e <_malloc_r+0x55e>
10006c64:	ea4f 429c 	mov.w	r2, ip, lsr #18
10006c68:	f102 037d 	add.w	r3, r2, #125	@ 0x7d
10006c6c:	327c      	adds	r2, #124	@ 0x7c
10006c6e:	00db      	lsls	r3, r3, #3
10006c70:	e6d6      	b.n	10006a20 <_malloc_r+0x300>
10006c72:	f44f 737e 	mov.w	r3, #1016	@ 0x3f8
10006c76:	207f      	movs	r0, #127	@ 0x7f
10006c78:	f04f 0e7e 	mov.w	lr, #126	@ 0x7e
10006c7c:	e596      	b.n	100067ac <_malloc_r+0x8c>
10006c7e:	f44f 737e 	mov.w	r3, #1016	@ 0x3f8
10006c82:	227e      	movs	r2, #126	@ 0x7e
10006c84:	e6cc      	b.n	10006a20 <_malloc_r+0x300>
10006c86:	6873      	ldr	r3, [r6, #4]
10006c88:	e766      	b.n	10006b58 <_malloc_r+0x438>
10006c8a:	08e8      	lsrs	r0, r5, #3
10006c8c:	f105 0308 	add.w	r3, r5, #8
10006c90:	e556      	b.n	10006740 <_malloc_r+0x20>
10006c92:	bf00      	nop
10006c94:	20001e00 	.word	0x20001e00

10006c98 <__malloc_lock>:
10006c98:	4801      	ldr	r0, [pc, #4]	@ (10006ca0 <__malloc_lock+0x8>)
10006c9a:	f000 bbb3 	b.w	10007404 <__retarget_lock_acquire_recursive>
10006c9e:	bf00      	nop
10006ca0:	20001df8 	.word	0x20001df8

10006ca4 <__malloc_unlock>:
10006ca4:	4801      	ldr	r0, [pc, #4]	@ (10006cac <__malloc_unlock+0x8>)
10006ca6:	f000 bbaf 	b.w	10007408 <__retarget_lock_release_recursive>
10006caa:	bf00      	nop
10006cac:	20001df8 	.word	0x20001df8

10006cb0 <realloc>:
10006cb0:	4b02      	ldr	r3, [pc, #8]	@ (10006cbc <realloc+0xc>)
10006cb2:	460a      	mov	r2, r1
10006cb4:	4601      	mov	r1, r0
10006cb6:	6818      	ldr	r0, [r3, #0]
10006cb8:	f000 b802 	b.w	10006cc0 <_realloc_r>
10006cbc:	200019a8 	.word	0x200019a8

10006cc0 <_realloc_r>:
10006cc0:	e92d 4ff0 	stmdb	sp!, {r4, r5, r6, r7, r8, r9, sl, fp, lr}
10006cc4:	4616      	mov	r6, r2
10006cc6:	b083      	sub	sp, #12
10006cc8:	2900      	cmp	r1, #0
10006cca:	f000 809e 	beq.w	10006e0a <_realloc_r+0x14a>
10006cce:	460c      	mov	r4, r1
10006cd0:	f106 050b 	add.w	r5, r6, #11
10006cd4:	4680      	mov	r8, r0
10006cd6:	f7ff ffdf 	bl	10006c98 <__malloc_lock>
10006cda:	f854 0c04 	ldr.w	r0, [r4, #-4]
10006cde:	2d16      	cmp	r5, #22
10006ce0:	f1a4 0908 	sub.w	r9, r4, #8
10006ce4:	f020 0703 	bic.w	r7, r0, #3
10006ce8:	d862      	bhi.n	10006db0 <_realloc_r+0xf0>
10006cea:	2210      	movs	r2, #16
10006cec:	2300      	movs	r3, #0
10006cee:	4615      	mov	r5, r2
10006cf0:	42b5      	cmp	r5, r6
10006cf2:	f0c0 80a2 	bcc.w	10006e3a <_realloc_r+0x17a>
10006cf6:	2b00      	cmp	r3, #0
10006cf8:	f040 809f 	bne.w	10006e3a <_realloc_r+0x17a>
10006cfc:	4297      	cmp	r7, r2
10006cfe:	da61      	bge.n	10006dc4 <_realloc_r+0x104>
10006d00:	f8df b32c 	ldr.w	fp, [pc, #812]	@ 10007030 <_realloc_r+0x370>
10006d04:	eb09 0107 	add.w	r1, r9, r7
10006d08:	f8db 3008 	ldr.w	r3, [fp, #8]
10006d0c:	f8d1 c004 	ldr.w	ip, [r1, #4]
10006d10:	428b      	cmp	r3, r1
10006d12:	f000 809a 	beq.w	10006e4a <_realloc_r+0x18a>
10006d16:	f02c 0301 	bic.w	r3, ip, #1
10006d1a:	440b      	add	r3, r1
10006d1c:	685b      	ldr	r3, [r3, #4]
10006d1e:	07db      	lsls	r3, r3, #31
10006d20:	d468      	bmi.n	10006df4 <_realloc_r+0x134>
10006d22:	f02c 0c03 	bic.w	ip, ip, #3
10006d26:	eb07 030c 	add.w	r3, r7, ip
10006d2a:	4293      	cmp	r3, r2
10006d2c:	da45      	bge.n	10006dba <_realloc_r+0xfa>
10006d2e:	07c3      	lsls	r3, r0, #31
10006d30:	d412      	bmi.n	10006d58 <_realloc_r+0x98>
10006d32:	f854 3c08 	ldr.w	r3, [r4, #-8]
10006d36:	eba9 0a03 	sub.w	sl, r9, r3
10006d3a:	f8da 3004 	ldr.w	r3, [sl, #4]
10006d3e:	f023 0003 	bic.w	r0, r3, #3
10006d42:	4484      	add	ip, r0
10006d44:	eb0c 0b07 	add.w	fp, ip, r7
10006d48:	455a      	cmp	r2, fp
10006d4a:	f340 8101 	ble.w	10006f50 <_realloc_r+0x290>
10006d4e:	eb07 0b00 	add.w	fp, r7, r0
10006d52:	455a      	cmp	r2, fp
10006d54:	f340 80d7 	ble.w	10006f06 <_realloc_r+0x246>
10006d58:	4631      	mov	r1, r6
10006d5a:	4640      	mov	r0, r8
10006d5c:	f7ff fce0 	bl	10006720 <_malloc_r>
10006d60:	4606      	mov	r6, r0
10006d62:	2800      	cmp	r0, #0
10006d64:	f000 812c 	beq.w	10006fc0 <_realloc_r+0x300>
10006d68:	f854 3c04 	ldr.w	r3, [r4, #-4]
10006d6c:	f1a0 0208 	sub.w	r2, r0, #8
10006d70:	f023 0301 	bic.w	r3, r3, #1
10006d74:	444b      	add	r3, r9
10006d76:	4293      	cmp	r3, r2
10006d78:	f000 80b4 	beq.w	10006ee4 <_realloc_r+0x224>
10006d7c:	1f3a      	subs	r2, r7, #4
10006d7e:	2a24      	cmp	r2, #36	@ 0x24
10006d80:	f200 80e2 	bhi.w	10006f48 <_realloc_r+0x288>
10006d84:	2a13      	cmp	r2, #19
10006d86:	f200 80b3 	bhi.w	10006ef0 <_realloc_r+0x230>
10006d8a:	4603      	mov	r3, r0
10006d8c:	4622      	mov	r2, r4
10006d8e:	6811      	ldr	r1, [r2, #0]
10006d90:	6019      	str	r1, [r3, #0]
10006d92:	6851      	ldr	r1, [r2, #4]
10006d94:	6059      	str	r1, [r3, #4]
10006d96:	6892      	ldr	r2, [r2, #8]
10006d98:	609a      	str	r2, [r3, #8]
10006d9a:	4621      	mov	r1, r4
10006d9c:	4640      	mov	r0, r8
10006d9e:	f000 fc35 	bl	1000760c <_free_r>
10006da2:	4640      	mov	r0, r8
10006da4:	f7ff ff7e 	bl	10006ca4 <__malloc_unlock>
10006da8:	4630      	mov	r0, r6
10006daa:	b003      	add	sp, #12
10006dac:	e8bd 8ff0 	ldmia.w	sp!, {r4, r5, r6, r7, r8, r9, sl, fp, pc}
10006db0:	f025 0507 	bic.w	r5, r5, #7
10006db4:	462a      	mov	r2, r5
10006db6:	0feb      	lsrs	r3, r5, #31
10006db8:	e79a      	b.n	10006cf0 <_realloc_r+0x30>
10006dba:	461f      	mov	r7, r3
10006dbc:	e9d1 2302 	ldrd	r2, r3, [r1, #8]
10006dc0:	60d3      	str	r3, [r2, #12]
10006dc2:	609a      	str	r2, [r3, #8]
10006dc4:	1b78      	subs	r0, r7, r5
10006dc6:	f8d9 3004 	ldr.w	r3, [r9, #4]
10006dca:	eb09 0207 	add.w	r2, r9, r7
10006dce:	280f      	cmp	r0, #15
10006dd0:	f003 0301 	and.w	r3, r3, #1
10006dd4:	d81f      	bhi.n	10006e16 <_realloc_r+0x156>
10006dd6:	433b      	orrs	r3, r7
10006dd8:	f8c9 3004 	str.w	r3, [r9, #4]
10006ddc:	6853      	ldr	r3, [r2, #4]
10006dde:	f043 0301 	orr.w	r3, r3, #1
10006de2:	6053      	str	r3, [r2, #4]
10006de4:	4626      	mov	r6, r4
10006de6:	4640      	mov	r0, r8
10006de8:	f7ff ff5c 	bl	10006ca4 <__malloc_unlock>
10006dec:	4630      	mov	r0, r6
10006dee:	b003      	add	sp, #12
10006df0:	e8bd 8ff0 	ldmia.w	sp!, {r4, r5, r6, r7, r8, r9, sl, fp, pc}
10006df4:	07c3      	lsls	r3, r0, #31
10006df6:	d4af      	bmi.n	10006d58 <_realloc_r+0x98>
10006df8:	f854 3c08 	ldr.w	r3, [r4, #-8]
10006dfc:	eba9 0a03 	sub.w	sl, r9, r3
10006e00:	f8da 3004 	ldr.w	r3, [sl, #4]
10006e04:	f023 0003 	bic.w	r0, r3, #3
10006e08:	e7a1      	b.n	10006d4e <_realloc_r+0x8e>
10006e0a:	4611      	mov	r1, r2
10006e0c:	b003      	add	sp, #12
10006e0e:	e8bd 4ff0 	ldmia.w	sp!, {r4, r5, r6, r7, r8, r9, sl, fp, lr}
10006e12:	f7ff bc85 	b.w	10006720 <_malloc_r>
10006e16:	432b      	orrs	r3, r5
10006e18:	eb09 0105 	add.w	r1, r9, r5
10006e1c:	f040 0001 	orr.w	r0, r0, #1
10006e20:	f8c9 3004 	str.w	r3, [r9, #4]
10006e24:	3108      	adds	r1, #8
10006e26:	f841 0c04 	str.w	r0, [r1, #-4]
10006e2a:	4640      	mov	r0, r8
10006e2c:	6853      	ldr	r3, [r2, #4]
10006e2e:	f043 0301 	orr.w	r3, r3, #1
10006e32:	6053      	str	r3, [r2, #4]
10006e34:	f000 fbea 	bl	1000760c <_free_r>
10006e38:	e7d4      	b.n	10006de4 <_realloc_r+0x124>
10006e3a:	230c      	movs	r3, #12
10006e3c:	f8c8 3000 	str.w	r3, [r8]
10006e40:	2600      	movs	r6, #0
10006e42:	4630      	mov	r0, r6
10006e44:	b003      	add	sp, #12
10006e46:	e8bd 8ff0 	ldmia.w	sp!, {r4, r5, r6, r7, r8, r9, sl, fp, pc}
10006e4a:	f02c 0c03 	bic.w	ip, ip, #3
10006e4e:	f105 0110 	add.w	r1, r5, #16
10006e52:	eb0c 0307 	add.w	r3, ip, r7
10006e56:	428b      	cmp	r3, r1
10006e58:	f280 8092 	bge.w	10006f80 <_realloc_r+0x2c0>
10006e5c:	07c0      	lsls	r0, r0, #31
10006e5e:	f53f af7b 	bmi.w	10006d58 <_realloc_r+0x98>
10006e62:	f854 3c08 	ldr.w	r3, [r4, #-8]
10006e66:	eba9 0a03 	sub.w	sl, r9, r3
10006e6a:	f8da 3004 	ldr.w	r3, [sl, #4]
10006e6e:	f023 0003 	bic.w	r0, r3, #3
10006e72:	4484      	add	ip, r0
10006e74:	eb0c 0307 	add.w	r3, ip, r7
10006e78:	4299      	cmp	r1, r3
10006e7a:	f73f af68 	bgt.w	10006d4e <_realloc_r+0x8e>
10006e7e:	1f3a      	subs	r2, r7, #4
10006e80:	4656      	mov	r6, sl
10006e82:	f8da 100c 	ldr.w	r1, [sl, #12]
10006e86:	f856 0f08 	ldr.w	r0, [r6, #8]!
10006e8a:	2a24      	cmp	r2, #36	@ 0x24
10006e8c:	60c1      	str	r1, [r0, #12]
10006e8e:	6088      	str	r0, [r1, #8]
10006e90:	f200 80b0 	bhi.w	10006ff4 <_realloc_r+0x334>
10006e94:	2a13      	cmp	r2, #19
10006e96:	f240 80ab 	bls.w	10006ff0 <_realloc_r+0x330>
10006e9a:	6821      	ldr	r1, [r4, #0]
10006e9c:	2a1b      	cmp	r2, #27
10006e9e:	f8ca 1008 	str.w	r1, [sl, #8]
10006ea2:	6861      	ldr	r1, [r4, #4]
10006ea4:	f8ca 100c 	str.w	r1, [sl, #12]
10006ea8:	f200 80ab 	bhi.w	10007002 <_realloc_r+0x342>
10006eac:	3408      	adds	r4, #8
10006eae:	f10a 0210 	add.w	r2, sl, #16
10006eb2:	6821      	ldr	r1, [r4, #0]
10006eb4:	6011      	str	r1, [r2, #0]
10006eb6:	6861      	ldr	r1, [r4, #4]
10006eb8:	6051      	str	r1, [r2, #4]
10006eba:	68a1      	ldr	r1, [r4, #8]
10006ebc:	6091      	str	r1, [r2, #8]
10006ebe:	1b5b      	subs	r3, r3, r5
10006ec0:	eb0a 0205 	add.w	r2, sl, r5
10006ec4:	4640      	mov	r0, r8
10006ec6:	f043 0301 	orr.w	r3, r3, #1
10006eca:	f8cb 2008 	str.w	r2, [fp, #8]
10006ece:	6053      	str	r3, [r2, #4]
10006ed0:	f8da 3004 	ldr.w	r3, [sl, #4]
10006ed4:	f003 0301 	and.w	r3, r3, #1
10006ed8:	432b      	orrs	r3, r5
10006eda:	f8ca 3004 	str.w	r3, [sl, #4]
10006ede:	f7ff fee1 	bl	10006ca4 <__malloc_unlock>
10006ee2:	e783      	b.n	10006dec <_realloc_r+0x12c>
10006ee4:	f850 3c04 	ldr.w	r3, [r0, #-4]
10006ee8:	f023 0303 	bic.w	r3, r3, #3
10006eec:	441f      	add	r7, r3
10006eee:	e769      	b.n	10006dc4 <_realloc_r+0x104>
10006ef0:	6823      	ldr	r3, [r4, #0]
10006ef2:	2a1b      	cmp	r2, #27
10006ef4:	6003      	str	r3, [r0, #0]
10006ef6:	6863      	ldr	r3, [r4, #4]
10006ef8:	6043      	str	r3, [r0, #4]
10006efa:	d836      	bhi.n	10006f6a <_realloc_r+0x2aa>
10006efc:	f104 0208 	add.w	r2, r4, #8
10006f00:	f100 0308 	add.w	r3, r0, #8
10006f04:	e743      	b.n	10006d8e <_realloc_r+0xce>
10006f06:	1f3a      	subs	r2, r7, #4
10006f08:	4656      	mov	r6, sl
10006f0a:	f8da 300c 	ldr.w	r3, [sl, #12]
10006f0e:	2a24      	cmp	r2, #36	@ 0x24
10006f10:	f856 1f08 	ldr.w	r1, [r6, #8]!
10006f14:	60cb      	str	r3, [r1, #12]
10006f16:	6099      	str	r1, [r3, #8]
10006f18:	d822      	bhi.n	10006f60 <_realloc_r+0x2a0>
10006f1a:	2a13      	cmp	r2, #19
10006f1c:	d91e      	bls.n	10006f5c <_realloc_r+0x29c>
10006f1e:	6823      	ldr	r3, [r4, #0]
10006f20:	2a1b      	cmp	r2, #27
10006f22:	f8ca 3008 	str.w	r3, [sl, #8]
10006f26:	6863      	ldr	r3, [r4, #4]
10006f28:	f8ca 300c 	str.w	r3, [sl, #12]
10006f2c:	d83c      	bhi.n	10006fa8 <_realloc_r+0x2e8>
10006f2e:	3408      	adds	r4, #8
10006f30:	f10a 0310 	add.w	r3, sl, #16
10006f34:	6822      	ldr	r2, [r4, #0]
10006f36:	601a      	str	r2, [r3, #0]
10006f38:	6862      	ldr	r2, [r4, #4]
10006f3a:	605a      	str	r2, [r3, #4]
10006f3c:	68a2      	ldr	r2, [r4, #8]
10006f3e:	609a      	str	r2, [r3, #8]
10006f40:	4634      	mov	r4, r6
10006f42:	465f      	mov	r7, fp
10006f44:	46d1      	mov	r9, sl
10006f46:	e73d      	b.n	10006dc4 <_realloc_r+0x104>
10006f48:	4621      	mov	r1, r4
10006f4a:	f000 f887 	bl	1000705c <memmove>
10006f4e:	e724      	b.n	10006d9a <_realloc_r+0xda>
10006f50:	e9d1 1302 	ldrd	r1, r3, [r1, #8]
10006f54:	1f3a      	subs	r2, r7, #4
10006f56:	60cb      	str	r3, [r1, #12]
10006f58:	6099      	str	r1, [r3, #8]
10006f5a:	e7d5      	b.n	10006f08 <_realloc_r+0x248>
10006f5c:	4633      	mov	r3, r6
10006f5e:	e7e9      	b.n	10006f34 <_realloc_r+0x274>
10006f60:	4621      	mov	r1, r4
10006f62:	4630      	mov	r0, r6
10006f64:	f000 f87a 	bl	1000705c <memmove>
10006f68:	e7ea      	b.n	10006f40 <_realloc_r+0x280>
10006f6a:	68a3      	ldr	r3, [r4, #8]
10006f6c:	2a24      	cmp	r2, #36	@ 0x24
10006f6e:	6083      	str	r3, [r0, #8]
10006f70:	68e3      	ldr	r3, [r4, #12]
10006f72:	60c3      	str	r3, [r0, #12]
10006f74:	d028      	beq.n	10006fc8 <_realloc_r+0x308>
10006f76:	f104 0210 	add.w	r2, r4, #16
10006f7a:	f100 0310 	add.w	r3, r0, #16
10006f7e:	e706      	b.n	10006d8e <_realloc_r+0xce>
10006f80:	1b5b      	subs	r3, r3, r5
10006f82:	eb09 0205 	add.w	r2, r9, r5
10006f86:	4640      	mov	r0, r8
10006f88:	4626      	mov	r6, r4
10006f8a:	f043 0301 	orr.w	r3, r3, #1
10006f8e:	f8cb 2008 	str.w	r2, [fp, #8]
10006f92:	6053      	str	r3, [r2, #4]
10006f94:	f854 3c04 	ldr.w	r3, [r4, #-4]
10006f98:	f003 0301 	and.w	r3, r3, #1
10006f9c:	432b      	orrs	r3, r5
10006f9e:	f844 3c04 	str.w	r3, [r4, #-4]
10006fa2:	f7ff fe7f 	bl	10006ca4 <__malloc_unlock>
10006fa6:	e721      	b.n	10006dec <_realloc_r+0x12c>
10006fa8:	68a3      	ldr	r3, [r4, #8]
10006faa:	2a24      	cmp	r2, #36	@ 0x24
10006fac:	f8ca 3010 	str.w	r3, [sl, #16]
10006fb0:	68e3      	ldr	r3, [r4, #12]
10006fb2:	f8ca 3014 	str.w	r3, [sl, #20]
10006fb6:	d010      	beq.n	10006fda <_realloc_r+0x31a>
10006fb8:	3410      	adds	r4, #16
10006fba:	f10a 0318 	add.w	r3, sl, #24
10006fbe:	e7b9      	b.n	10006f34 <_realloc_r+0x274>
10006fc0:	4640      	mov	r0, r8
10006fc2:	f7ff fe6f 	bl	10006ca4 <__malloc_unlock>
10006fc6:	e73b      	b.n	10006e40 <_realloc_r+0x180>
10006fc8:	6923      	ldr	r3, [r4, #16]
10006fca:	f104 0218 	add.w	r2, r4, #24
10006fce:	6103      	str	r3, [r0, #16]
10006fd0:	6963      	ldr	r3, [r4, #20]
10006fd2:	6143      	str	r3, [r0, #20]
10006fd4:	f100 0318 	add.w	r3, r0, #24
10006fd8:	e6d9      	b.n	10006d8e <_realloc_r+0xce>
10006fda:	6923      	ldr	r3, [r4, #16]
10006fdc:	3418      	adds	r4, #24
10006fde:	f8ca 3018 	str.w	r3, [sl, #24]
10006fe2:	f854 3c04 	ldr.w	r3, [r4, #-4]
10006fe6:	f8ca 301c 	str.w	r3, [sl, #28]
10006fea:	f10a 0320 	add.w	r3, sl, #32
10006fee:	e7a1      	b.n	10006f34 <_realloc_r+0x274>
10006ff0:	4632      	mov	r2, r6
10006ff2:	e75e      	b.n	10006eb2 <_realloc_r+0x1f2>
10006ff4:	4621      	mov	r1, r4
10006ff6:	4630      	mov	r0, r6
10006ff8:	9301      	str	r3, [sp, #4]
10006ffa:	f000 f82f 	bl	1000705c <memmove>
10006ffe:	9b01      	ldr	r3, [sp, #4]
10007000:	e75d      	b.n	10006ebe <_realloc_r+0x1fe>
10007002:	68a1      	ldr	r1, [r4, #8]
10007004:	2a24      	cmp	r2, #36	@ 0x24
10007006:	f8ca 1010 	str.w	r1, [sl, #16]
1000700a:	68e1      	ldr	r1, [r4, #12]
1000700c:	f8ca 1014 	str.w	r1, [sl, #20]
10007010:	d003      	beq.n	1000701a <_realloc_r+0x35a>
10007012:	3410      	adds	r4, #16
10007014:	f10a 0218 	add.w	r2, sl, #24
10007018:	e74b      	b.n	10006eb2 <_realloc_r+0x1f2>
1000701a:	6922      	ldr	r2, [r4, #16]
1000701c:	3418      	adds	r4, #24
1000701e:	f8ca 2018 	str.w	r2, [sl, #24]
10007022:	f854 2c04 	ldr.w	r2, [r4, #-4]
10007026:	f8ca 201c 	str.w	r2, [sl, #28]
1000702a:	f10a 0220 	add.w	r2, sl, #32
1000702e:	e740      	b.n	10006eb2 <_realloc_r+0x1f2>
10007030:	200015a0 	.word	0x200015a0

10007034 <scanf>:
10007034:	b40f      	push	{r0, r1, r2, r3}
10007036:	4908      	ldr	r1, [pc, #32]	@ (10007058 <scanf+0x24>)
10007038:	b500      	push	{lr}
1000703a:	b083      	sub	sp, #12
1000703c:	6808      	ldr	r0, [r1, #0]
1000703e:	ab04      	add	r3, sp, #16
10007040:	6841      	ldr	r1, [r0, #4]
10007042:	f853 2b04 	ldr.w	r2, [r3], #4
10007046:	9301      	str	r3, [sp, #4]
10007048:	f002 f8e0 	bl	1000920c <_vfscanf_r>
1000704c:	b003      	add	sp, #12
1000704e:	f85d eb04 	ldr.w	lr, [sp], #4
10007052:	b004      	add	sp, #16
10007054:	4770      	bx	lr
10007056:	bf00      	nop
10007058:	200019a8 	.word	0x200019a8

1000705c <memmove>:
1000705c:	4288      	cmp	r0, r1
1000705e:	d90d      	bls.n	1000707c <memmove+0x20>
10007060:	188b      	adds	r3, r1, r2
10007062:	4283      	cmp	r3, r0
10007064:	d90a      	bls.n	1000707c <memmove+0x20>
10007066:	eb00 0c02 	add.w	ip, r0, r2
1000706a:	b35a      	cbz	r2, 100070c4 <memmove+0x68>
1000706c:	4662      	mov	r2, ip
1000706e:	f813 cd01 	ldrb.w	ip, [r3, #-1]!
10007072:	4299      	cmp	r1, r3
10007074:	f802 cd01 	strb.w	ip, [r2, #-1]!
10007078:	d1f9      	bne.n	1000706e <memmove+0x12>
1000707a:	4770      	bx	lr
1000707c:	2a0f      	cmp	r2, #15
1000707e:	d80d      	bhi.n	1000709c <memmove+0x40>
10007080:	f102 3cff 	add.w	ip, r2, #4294967295	@ 0xffffffff
10007084:	b1f2      	cbz	r2, 100070c4 <memmove+0x68>
10007086:	f10c 0c01 	add.w	ip, ip, #1
1000708a:	1e43      	subs	r3, r0, #1
1000708c:	448c      	add	ip, r1
1000708e:	f811 2b01 	ldrb.w	r2, [r1], #1
10007092:	4561      	cmp	r1, ip
10007094:	f803 2f01 	strb.w	r2, [r3, #1]!
10007098:	d1f9      	bne.n	1000708e <memmove+0x32>
1000709a:	4770      	bx	lr
1000709c:	ea40 0301 	orr.w	r3, r0, r1
100070a0:	079b      	lsls	r3, r3, #30
100070a2:	b5f0      	push	{r4, r5, r6, r7, lr}
100070a4:	460c      	mov	r4, r1
100070a6:	d00e      	beq.n	100070c6 <memmove+0x6a>
100070a8:	f102 3cff 	add.w	ip, r2, #4294967295	@ 0xffffffff
100070ac:	4603      	mov	r3, r0
100070ae:	f10c 0c01 	add.w	ip, ip, #1
100070b2:	3b01      	subs	r3, #1
100070b4:	448c      	add	ip, r1
100070b6:	f811 2b01 	ldrb.w	r2, [r1], #1
100070ba:	4561      	cmp	r1, ip
100070bc:	f803 2f01 	strb.w	r2, [r3, #1]!
100070c0:	d1f9      	bne.n	100070b6 <memmove+0x5a>
100070c2:	bdf0      	pop	{r4, r5, r6, r7, pc}
100070c4:	4770      	bx	lr
100070c6:	f1a2 0510 	sub.w	r5, r2, #16
100070ca:	f101 0e20 	add.w	lr, r1, #32
100070ce:	f101 0310 	add.w	r3, r1, #16
100070d2:	f100 0c10 	add.w	ip, r0, #16
100070d6:	f025 050f 	bic.w	r5, r5, #15
100070da:	44ae      	add	lr, r5
100070dc:	f853 6c10 	ldr.w	r6, [r3, #-16]
100070e0:	3310      	adds	r3, #16
100070e2:	f10c 0c10 	add.w	ip, ip, #16
100070e6:	f84c 6c20 	str.w	r6, [ip, #-32]
100070ea:	f853 6c1c 	ldr.w	r6, [r3, #-28]
100070ee:	f84c 6c1c 	str.w	r6, [ip, #-28]
100070f2:	f853 6c18 	ldr.w	r6, [r3, #-24]
100070f6:	4573      	cmp	r3, lr
100070f8:	f84c 6c18 	str.w	r6, [ip, #-24]
100070fc:	f853 6c14 	ldr.w	r6, [r3, #-20]
10007100:	f84c 6c14 	str.w	r6, [ip, #-20]
10007104:	d1ea      	bne.n	100070dc <memmove+0x80>
10007106:	eb01 0c05 	add.w	ip, r1, r5
1000710a:	f012 0f0c 	tst.w	r2, #12
1000710e:	4405      	add	r5, r0
10007110:	f10c 0110 	add.w	r1, ip, #16
10007114:	f105 0310 	add.w	r3, r5, #16
10007118:	f002 050f 	and.w	r5, r2, #15
1000711c:	460e      	mov	r6, r1
1000711e:	d018      	beq.n	10007152 <memmove+0xf6>
10007120:	3d04      	subs	r5, #4
10007122:	eba0 0e04 	sub.w	lr, r0, r4
10007126:	f025 0403 	bic.w	r4, r5, #3
1000712a:	44a4      	add	ip, r4
1000712c:	f10c 0c14 	add.w	ip, ip, #20
10007130:	680f      	ldr	r7, [r1, #0]
10007132:	eb01 050e 	add.w	r5, r1, lr
10007136:	3104      	adds	r1, #4
10007138:	602f      	str	r7, [r5, #0]
1000713a:	4561      	cmp	r1, ip
1000713c:	d1f8      	bne.n	10007130 <memmove+0xd4>
1000713e:	3404      	adds	r4, #4
10007140:	f002 0203 	and.w	r2, r2, #3
10007144:	19a1      	adds	r1, r4, r6
10007146:	4423      	add	r3, r4
10007148:	f102 3cff 	add.w	ip, r2, #4294967295	@ 0xffffffff
1000714c:	2a00      	cmp	r2, #0
1000714e:	d1ae      	bne.n	100070ae <memmove+0x52>
10007150:	bdf0      	pop	{r4, r5, r6, r7, pc}
10007152:	462a      	mov	r2, r5
10007154:	e7f8      	b.n	10007148 <memmove+0xec>
10007156:	bf00      	nop

10007158 <memset>:
10007158:	0783      	lsls	r3, r0, #30
1000715a:	b530      	push	{r4, r5, lr}
1000715c:	d046      	beq.n	100071ec <memset+0x94>
1000715e:	1884      	adds	r4, r0, r2
10007160:	4684      	mov	ip, r0
10007162:	e004      	b.n	1000716e <memset+0x16>
10007164:	f803 1b01 	strb.w	r1, [r3], #1
10007168:	079d      	lsls	r5, r3, #30
1000716a:	d004      	beq.n	10007176 <memset+0x1e>
1000716c:	469c      	mov	ip, r3
1000716e:	45a4      	cmp	ip, r4
10007170:	4663      	mov	r3, ip
10007172:	d1f7      	bne.n	10007164 <memset+0xc>
10007174:	bd30      	pop	{r4, r5, pc}
10007176:	3a01      	subs	r2, #1
10007178:	4402      	add	r2, r0
1000717a:	eba2 020c 	sub.w	r2, r2, ip
1000717e:	2a03      	cmp	r2, #3
10007180:	d929      	bls.n	100071d6 <memset+0x7e>
10007182:	b2cc      	uxtb	r4, r1
10007184:	2a0f      	cmp	r2, #15
10007186:	eb04 2404 	add.w	r4, r4, r4, lsl #8
1000718a:	eb04 4404 	add.w	r4, r4, r4, lsl #16
1000718e:	d92f      	bls.n	100071f0 <memset+0x98>
10007190:	f1a2 0c10 	sub.w	ip, r2, #16
10007194:	f103 0510 	add.w	r5, r3, #16
10007198:	f02c 0c0f 	bic.w	ip, ip, #15
1000719c:	44ac      	add	ip, r5
1000719e:	e9c3 4400 	strd	r4, r4, [r3]
100071a2:	e9c3 4402 	strd	r4, r4, [r3, #8]
100071a6:	3310      	adds	r3, #16
100071a8:	4563      	cmp	r3, ip
100071aa:	d1f8      	bne.n	1000719e <memset+0x46>
100071ac:	f012 0f0c 	tst.w	r2, #12
100071b0:	f002 0e0f 	and.w	lr, r2, #15
100071b4:	d018      	beq.n	100071e8 <memset+0x90>
100071b6:	f02e 0c03 	bic.w	ip, lr, #3
100071ba:	f1ae 0504 	sub.w	r5, lr, #4
100071be:	461a      	mov	r2, r3
100071c0:	449c      	add	ip, r3
100071c2:	f842 4b04 	str.w	r4, [r2], #4
100071c6:	4562      	cmp	r2, ip
100071c8:	d1fb      	bne.n	100071c2 <memset+0x6a>
100071ca:	f025 0403 	bic.w	r4, r5, #3
100071ce:	3304      	adds	r3, #4
100071d0:	f00e 0203 	and.w	r2, lr, #3
100071d4:	4423      	add	r3, r4
100071d6:	2a00      	cmp	r2, #0
100071d8:	d0cc      	beq.n	10007174 <memset+0x1c>
100071da:	b2c9      	uxtb	r1, r1
100071dc:	441a      	add	r2, r3
100071de:	f803 1b01 	strb.w	r1, [r3], #1
100071e2:	4293      	cmp	r3, r2
100071e4:	d1fb      	bne.n	100071de <memset+0x86>
100071e6:	bd30      	pop	{r4, r5, pc}
100071e8:	4672      	mov	r2, lr
100071ea:	e7f4      	b.n	100071d6 <memset+0x7e>
100071ec:	4603      	mov	r3, r0
100071ee:	e7c6      	b.n	1000717e <memset+0x26>
100071f0:	4696      	mov	lr, r2
100071f2:	e7e0      	b.n	100071b6 <memset+0x5e>

100071f4 <_sbrk_r>:
100071f4:	b538      	push	{r3, r4, r5, lr}
100071f6:	2200      	movs	r2, #0
100071f8:	4d06      	ldr	r5, [pc, #24]	@ (10007214 <_sbrk_r+0x20>)
100071fa:	4604      	mov	r4, r0
100071fc:	4608      	mov	r0, r1
100071fe:	602a      	str	r2, [r5, #0]
10007200:	f7fc fc16 	bl	10003a30 <_sbrk>
10007204:	1c43      	adds	r3, r0, #1
10007206:	d000      	beq.n	1000720a <_sbrk_r+0x16>
10007208:	bd38      	pop	{r3, r4, r5, pc}
1000720a:	682b      	ldr	r3, [r5, #0]
1000720c:	2b00      	cmp	r3, #0
1000720e:	d0fb      	beq.n	10007208 <_sbrk_r+0x14>
10007210:	6023      	str	r3, [r4, #0]
10007212:	bd38      	pop	{r3, r4, r5, pc}
10007214:	20002598 	.word	0x20002598

10007218 <__errno>:
10007218:	4b01      	ldr	r3, [pc, #4]	@ (10007220 <__errno+0x8>)
1000721a:	6818      	ldr	r0, [r3, #0]
1000721c:	4770      	bx	lr
1000721e:	bf00      	nop
10007220:	200019a8 	.word	0x200019a8

10007224 <sysconf>:
10007224:	2808      	cmp	r0, #8
10007226:	d102      	bne.n	1000722e <sysconf+0xa>
10007228:	f44f 5080 	mov.w	r0, #4096	@ 0x1000
1000722c:	4770      	bx	lr
1000722e:	b508      	push	{r3, lr}
10007230:	f7ff fff2 	bl	10007218 <__errno>
10007234:	2216      	movs	r2, #22
10007236:	4603      	mov	r3, r0
10007238:	f04f 30ff 	mov.w	r0, #4294967295	@ 0xffffffff
1000723c:	601a      	str	r2, [r3, #0]
1000723e:	bd08      	pop	{r3, pc}

10007240 <strcmp>:
10007240:	ea80 0c01 	eor.w	ip, r0, r1
10007244:	f01c 0f03 	tst.w	ip, #3
10007248:	d137      	bne.n	100072ba <strcmp+0x7a>
1000724a:	f010 0c03 	ands.w	ip, r0, #3
1000724e:	f020 0003 	bic.w	r0, r0, #3
10007252:	f021 0103 	bic.w	r1, r1, #3
10007256:	f850 2b04 	ldr.w	r2, [r0], #4
1000725a:	bf08      	it	eq
1000725c:	f851 3b04 	ldreq.w	r3, [r1], #4
10007260:	d00e      	beq.n	10007280 <strcmp+0x40>
10007262:	f08c 0c03 	eor.w	ip, ip, #3
10007266:	f06f 437f 	mvn.w	r3, #4278190080	@ 0xff000000
1000726a:	ea4f 0ccc 	mov.w	ip, ip, lsl #3
1000726e:	fa23 fc0c 	lsr.w	ip, r3, ip
10007272:	f851 3b04 	ldr.w	r3, [r1], #4
10007276:	ea42 020c 	orr.w	r2, r2, ip
1000727a:	ea43 030c 	orr.w	r3, r3, ip
1000727e:	bf00      	nop
10007280:	f1a2 3c01 	sub.w	ip, r2, #16843009	@ 0x1010101
10007284:	429a      	cmp	r2, r3
10007286:	bf01      	itttt	eq
10007288:	ea2c 0c02 	biceq.w	ip, ip, r2
1000728c:	f01c 3f80 	tsteq.w	ip, #2155905152	@ 0x80808080
10007290:	f850 2b04 	ldreq.w	r2, [r0], #4
10007294:	f851 3b04 	ldreq.w	r3, [r1], #4
10007298:	d0f2      	beq.n	10007280 <strcmp+0x40>
1000729a:	ea4f 6002 	mov.w	r0, r2, lsl #24
1000729e:	ea4f 2212 	mov.w	r2, r2, lsr #8
100072a2:	2801      	cmp	r0, #1
100072a4:	bf28      	it	cs
100072a6:	ebb0 6f03 	cmpcs.w	r0, r3, lsl #24
100072aa:	bf08      	it	eq
100072ac:	0a1b      	lsreq	r3, r3, #8
100072ae:	d0f4      	beq.n	1000729a <strcmp+0x5a>
100072b0:	f003 03ff 	and.w	r3, r3, #255	@ 0xff
100072b4:	0e00      	lsrs	r0, r0, #24
100072b6:	1ac0      	subs	r0, r0, r3
100072b8:	4770      	bx	lr
100072ba:	f010 0f03 	tst.w	r0, #3
100072be:	d00a      	beq.n	100072d6 <strcmp+0x96>
100072c0:	f810 2b01 	ldrb.w	r2, [r0], #1
100072c4:	f811 3b01 	ldrb.w	r3, [r1], #1
100072c8:	2a01      	cmp	r2, #1
100072ca:	bf28      	it	cs
100072cc:	429a      	cmpcs	r2, r3
100072ce:	d0f4      	beq.n	100072ba <strcmp+0x7a>
100072d0:	eba2 0003 	sub.w	r0, r2, r3
100072d4:	4770      	bx	lr
100072d6:	f84d 5d04 	str.w	r5, [sp, #-4]!
100072da:	f850 2b04 	ldr.w	r2, [r0], #4
100072de:	f001 0503 	and.w	r5, r1, #3
100072e2:	f021 0103 	bic.w	r1, r1, #3
100072e6:	f851 3b04 	ldr.w	r3, [r1], #4
100072ea:	2d02      	cmp	r5, #2
100072ec:	d026      	beq.n	1000733c <strcmp+0xfc>
100072ee:	d84d      	bhi.n	1000738c <strcmp+0x14c>
100072f0:	f022 457f 	bic.w	r5, r2, #4278190080	@ 0xff000000
100072f4:	ebb5 2f13 	cmp.w	r5, r3, lsr #8
100072f8:	f1a2 3c01 	sub.w	ip, r2, #16843009	@ 0x1010101
100072fc:	ea2c 0c02 	bic.w	ip, ip, r2
10007300:	d10d      	bne.n	1000731e <strcmp+0xde>
10007302:	f01c 3c80 	ands.w	ip, ip, #2155905152	@ 0x80808080
10007306:	bf08      	it	eq
10007308:	f851 3b04 	ldreq.w	r3, [r1], #4
1000730c:	d10a      	bne.n	10007324 <strcmp+0xe4>
1000730e:	ea85 0502 	eor.w	r5, r5, r2
10007312:	ebb5 6f03 	cmp.w	r5, r3, lsl #24
10007316:	d10c      	bne.n	10007332 <strcmp+0xf2>
10007318:	f850 2b04 	ldr.w	r2, [r0], #4
1000731c:	e7e8      	b.n	100072f0 <strcmp+0xb0>
1000731e:	ea4f 2313 	mov.w	r3, r3, lsr #8
10007322:	e05b      	b.n	100073dc <strcmp+0x19c>
10007324:	f03c 4c7f 	bics.w	ip, ip, #4278190080	@ 0xff000000
10007328:	d154      	bne.n	100073d4 <strcmp+0x194>
1000732a:	780b      	ldrb	r3, [r1, #0]
1000732c:	ea4f 6512 	mov.w	r5, r2, lsr #24
10007330:	e054      	b.n	100073dc <strcmp+0x19c>
10007332:	ea4f 6512 	mov.w	r5, r2, lsr #24
10007336:	f003 03ff 	and.w	r3, r3, #255	@ 0xff
1000733a:	e04f      	b.n	100073dc <strcmp+0x19c>
1000733c:	ea4f 4502 	mov.w	r5, r2, lsl #16
10007340:	f1a2 3c01 	sub.w	ip, r2, #16843009	@ 0x1010101
10007344:	ea4f 4515 	mov.w	r5, r5, lsr #16
10007348:	ea2c 0c02 	bic.w	ip, ip, r2
1000734c:	ebb5 4f13 	cmp.w	r5, r3, lsr #16
10007350:	d118      	bne.n	10007384 <strcmp+0x144>
10007352:	f01c 3c80 	ands.w	ip, ip, #2155905152	@ 0x80808080
10007356:	bf08      	it	eq
10007358:	f851 3b04 	ldreq.w	r3, [r1], #4
1000735c:	d107      	bne.n	1000736e <strcmp+0x12e>
1000735e:	ea85 0502 	eor.w	r5, r5, r2
10007362:	ebb5 4f03 	cmp.w	r5, r3, lsl #16
10007366:	d109      	bne.n	1000737c <strcmp+0x13c>
10007368:	f850 2b04 	ldr.w	r2, [r0], #4
1000736c:	e7e6      	b.n	1000733c <strcmp+0xfc>
1000736e:	ea5f 4c0c 	movs.w	ip, ip, lsl #16
10007372:	d12f      	bne.n	100073d4 <strcmp+0x194>
10007374:	880b      	ldrh	r3, [r1, #0]
10007376:	ea4f 4512 	mov.w	r5, r2, lsr #16
1000737a:	e02f      	b.n	100073dc <strcmp+0x19c>
1000737c:	ea4f 4303 	mov.w	r3, r3, lsl #16
10007380:	ea4f 4512 	mov.w	r5, r2, lsr #16
10007384:	ea4f 4313 	mov.w	r3, r3, lsr #16
10007388:	e028      	b.n	100073dc <strcmp+0x19c>
1000738a:	bf00      	nop
1000738c:	f002 05ff 	and.w	r5, r2, #255	@ 0xff
10007390:	ebb5 6f13 	cmp.w	r5, r3, lsr #24
10007394:	f1a2 3c01 	sub.w	ip, r2, #16843009	@ 0x1010101
10007398:	ea2c 0c02 	bic.w	ip, ip, r2
1000739c:	d10d      	bne.n	100073ba <strcmp+0x17a>
1000739e:	f01c 3c80 	ands.w	ip, ip, #2155905152	@ 0x80808080
100073a2:	bf08      	it	eq
100073a4:	f851 3b04 	ldreq.w	r3, [r1], #4
100073a8:	d10a      	bne.n	100073c0 <strcmp+0x180>
100073aa:	ea85 0502 	eor.w	r5, r5, r2
100073ae:	ebb5 2f03 	cmp.w	r5, r3, lsl #8
100073b2:	d10a      	bne.n	100073ca <strcmp+0x18a>
100073b4:	f850 2b04 	ldr.w	r2, [r0], #4
100073b8:	e7e8      	b.n	1000738c <strcmp+0x14c>
100073ba:	ea4f 6313 	mov.w	r3, r3, lsr #24
100073be:	e00d      	b.n	100073dc <strcmp+0x19c>
100073c0:	f012 0fff 	tst.w	r2, #255	@ 0xff
100073c4:	d006      	beq.n	100073d4 <strcmp+0x194>
100073c6:	f851 3b04 	ldr.w	r3, [r1], #4
100073ca:	ea4f 2512 	mov.w	r5, r2, lsr #8
100073ce:	f023 437f 	bic.w	r3, r3, #4278190080	@ 0xff000000
100073d2:	e003      	b.n	100073dc <strcmp+0x19c>
100073d4:	f04f 0000 	mov.w	r0, #0
100073d8:	bc20      	pop	{r5}
100073da:	4770      	bx	lr
100073dc:	f005 02ff 	and.w	r2, r5, #255	@ 0xff
100073e0:	f003 00ff 	and.w	r0, r3, #255	@ 0xff
100073e4:	2801      	cmp	r0, #1
100073e6:	bf28      	it	cs
100073e8:	4290      	cmpcs	r0, r2
100073ea:	bf04      	itt	eq
100073ec:	0a2d      	lsreq	r5, r5, #8
100073ee:	0a1b      	lsreq	r3, r3, #8
100073f0:	d0f4      	beq.n	100073dc <strcmp+0x19c>
100073f2:	eba2 0000 	sub.w	r0, r2, r0
100073f6:	bc20      	pop	{r5}
100073f8:	4770      	bx	lr
100073fa:	bf00      	nop

100073fc <__retarget_lock_init_recursive>:
100073fc:	4770      	bx	lr
100073fe:	bf00      	nop

10007400 <__retarget_lock_close_recursive>:
10007400:	4770      	bx	lr
10007402:	bf00      	nop

10007404 <__retarget_lock_acquire_recursive>:
10007404:	4770      	bx	lr
10007406:	bf00      	nop

10007408 <__retarget_lock_release_recursive>:
10007408:	4770      	bx	lr
1000740a:	bf00      	nop

1000740c <memcpy>:
1000740c:	4684      	mov	ip, r0
1000740e:	ea41 0300 	orr.w	r3, r1, r0
10007412:	f013 0303 	ands.w	r3, r3, #3
10007416:	d149      	bne.n	100074ac <memcpy+0xa0>
10007418:	3a40      	subs	r2, #64	@ 0x40
1000741a:	d323      	bcc.n	10007464 <memcpy+0x58>
1000741c:	680b      	ldr	r3, [r1, #0]
1000741e:	6003      	str	r3, [r0, #0]
10007420:	684b      	ldr	r3, [r1, #4]
10007422:	6043      	str	r3, [r0, #4]
10007424:	688b      	ldr	r3, [r1, #8]
10007426:	6083      	str	r3, [r0, #8]
10007428:	68cb      	ldr	r3, [r1, #12]
1000742a:	60c3      	str	r3, [r0, #12]
1000742c:	690b      	ldr	r3, [r1, #16]
1000742e:	6103      	str	r3, [r0, #16]
10007430:	694b      	ldr	r3, [r1, #20]
10007432:	6143      	str	r3, [r0, #20]
10007434:	698b      	ldr	r3, [r1, #24]
10007436:	6183      	str	r3, [r0, #24]
10007438:	69cb      	ldr	r3, [r1, #28]
1000743a:	61c3      	str	r3, [r0, #28]
1000743c:	6a0b      	ldr	r3, [r1, #32]
1000743e:	6203      	str	r3, [r0, #32]
10007440:	6a4b      	ldr	r3, [r1, #36]	@ 0x24
10007442:	6243      	str	r3, [r0, #36]	@ 0x24
10007444:	6a8b      	ldr	r3, [r1, #40]	@ 0x28
10007446:	6283      	str	r3, [r0, #40]	@ 0x28
10007448:	6acb      	ldr	r3, [r1, #44]	@ 0x2c
1000744a:	62c3      	str	r3, [r0, #44]	@ 0x2c
1000744c:	6b0b      	ldr	r3, [r1, #48]	@ 0x30
1000744e:	6303      	str	r3, [r0, #48]	@ 0x30
10007450:	6b4b      	ldr	r3, [r1, #52]	@ 0x34
10007452:	6343      	str	r3, [r0, #52]	@ 0x34
10007454:	6b8b      	ldr	r3, [r1, #56]	@ 0x38
10007456:	6383      	str	r3, [r0, #56]	@ 0x38
10007458:	6bcb      	ldr	r3, [r1, #60]	@ 0x3c
1000745a:	63c3      	str	r3, [r0, #60]	@ 0x3c
1000745c:	3040      	adds	r0, #64	@ 0x40
1000745e:	3140      	adds	r1, #64	@ 0x40
10007460:	3a40      	subs	r2, #64	@ 0x40
10007462:	d2db      	bcs.n	1000741c <memcpy+0x10>
10007464:	3230      	adds	r2, #48	@ 0x30
10007466:	d30b      	bcc.n	10007480 <memcpy+0x74>
10007468:	680b      	ldr	r3, [r1, #0]
1000746a:	6003      	str	r3, [r0, #0]
1000746c:	684b      	ldr	r3, [r1, #4]
1000746e:	6043      	str	r3, [r0, #4]
10007470:	688b      	ldr	r3, [r1, #8]
10007472:	6083      	str	r3, [r0, #8]
10007474:	68cb      	ldr	r3, [r1, #12]
10007476:	60c3      	str	r3, [r0, #12]
10007478:	3010      	adds	r0, #16
1000747a:	3110      	adds	r1, #16
1000747c:	3a10      	subs	r2, #16
1000747e:	d2f3      	bcs.n	10007468 <memcpy+0x5c>
10007480:	320c      	adds	r2, #12
10007482:	d305      	bcc.n	10007490 <memcpy+0x84>
10007484:	f851 3b04 	ldr.w	r3, [r1], #4
10007488:	f840 3b04 	str.w	r3, [r0], #4
1000748c:	3a04      	subs	r2, #4
1000748e:	d2f9      	bcs.n	10007484 <memcpy+0x78>
10007490:	3204      	adds	r2, #4
10007492:	d008      	beq.n	100074a6 <memcpy+0x9a>
10007494:	07d2      	lsls	r2, r2, #31
10007496:	bf1c      	itt	ne
10007498:	f811 3b01 	ldrbne.w	r3, [r1], #1
1000749c:	f800 3b01 	strbne.w	r3, [r0], #1
100074a0:	d301      	bcc.n	100074a6 <memcpy+0x9a>
100074a2:	880b      	ldrh	r3, [r1, #0]
100074a4:	8003      	strh	r3, [r0, #0]
100074a6:	4660      	mov	r0, ip
100074a8:	4770      	bx	lr
100074aa:	bf00      	nop
100074ac:	2a08      	cmp	r2, #8
100074ae:	d313      	bcc.n	100074d8 <memcpy+0xcc>
100074b0:	078b      	lsls	r3, r1, #30
100074b2:	d0b1      	beq.n	10007418 <memcpy+0xc>
100074b4:	f010 0303 	ands.w	r3, r0, #3
100074b8:	d0ae      	beq.n	10007418 <memcpy+0xc>
100074ba:	f1c3 0304 	rsb	r3, r3, #4
100074be:	1ad2      	subs	r2, r2, r3
100074c0:	07db      	lsls	r3, r3, #31
100074c2:	bf1c      	itt	ne
100074c4:	f811 3b01 	ldrbne.w	r3, [r1], #1
100074c8:	f800 3b01 	strbne.w	r3, [r0], #1
100074cc:	d3a4      	bcc.n	10007418 <memcpy+0xc>
100074ce:	f831 3b02 	ldrh.w	r3, [r1], #2
100074d2:	f820 3b02 	strh.w	r3, [r0], #2
100074d6:	e79f      	b.n	10007418 <memcpy+0xc>
100074d8:	3a04      	subs	r2, #4
100074da:	d3d9      	bcc.n	10007490 <memcpy+0x84>
100074dc:	3a01      	subs	r2, #1
100074de:	f811 3b01 	ldrb.w	r3, [r1], #1
100074e2:	f800 3b01 	strb.w	r3, [r0], #1
100074e6:	d2f9      	bcs.n	100074dc <memcpy+0xd0>
100074e8:	780b      	ldrb	r3, [r1, #0]
100074ea:	7003      	strb	r3, [r0, #0]
100074ec:	784b      	ldrb	r3, [r1, #1]
100074ee:	7043      	strb	r3, [r0, #1]
100074f0:	788b      	ldrb	r3, [r1, #2]
100074f2:	7083      	strb	r3, [r0, #2]
100074f4:	4660      	mov	r0, ip
100074f6:	4770      	bx	lr

100074f8 <strlen>:
100074f8:	f020 0103 	bic.w	r1, r0, #3
100074fc:	f010 0003 	ands.w	r0, r0, #3
10007500:	f1c0 0000 	rsb	r0, r0, #0
10007504:	f851 3b04 	ldr.w	r3, [r1], #4
10007508:	f100 0c04 	add.w	ip, r0, #4
1000750c:	ea4f 0ccc 	mov.w	ip, ip, lsl #3
10007510:	f06f 0200 	mvn.w	r2, #0
10007514:	bf1c      	itt	ne
10007516:	fa22 f20c 	lsrne.w	r2, r2, ip
1000751a:	4313      	orrne	r3, r2
1000751c:	f04f 0c01 	mov.w	ip, #1
10007520:	ea4c 2c0c 	orr.w	ip, ip, ip, lsl #8
10007524:	ea4c 4c0c 	orr.w	ip, ip, ip, lsl #16
10007528:	eba3 020c 	sub.w	r2, r3, ip
1000752c:	ea22 0203 	bic.w	r2, r2, r3
10007530:	ea12 12cc 	ands.w	r2, r2, ip, lsl #7
10007534:	bf04      	itt	eq
10007536:	f851 3b04 	ldreq.w	r3, [r1], #4
1000753a:	3004      	addeq	r0, #4
1000753c:	d0f4      	beq.n	10007528 <strlen+0x30>
1000753e:	f1c2 0100 	rsb	r1, r2, #0
10007542:	ea02 0201 	and.w	r2, r2, r1
10007546:	fab2 f282 	clz	r2, r2
1000754a:	f1c2 021f 	rsb	r2, r2, #31
1000754e:	eb00 00d2 	add.w	r0, r0, r2, lsr #3
10007552:	4770      	bx	lr

10007554 <_malloc_trim_r>:
10007554:	e92d 43f8 	stmdb	sp!, {r3, r4, r5, r6, r7, r8, r9, lr}
10007558:	4606      	mov	r6, r0
1000755a:	f8df 80ac 	ldr.w	r8, [pc, #172]	@ 10007608 <_malloc_trim_r+0xb4>
1000755e:	2008      	movs	r0, #8
10007560:	4689      	mov	r9, r1
10007562:	f7ff fe5f 	bl	10007224 <sysconf>
10007566:	4605      	mov	r5, r0
10007568:	4630      	mov	r0, r6
1000756a:	f7ff fb95 	bl	10006c98 <__malloc_lock>
1000756e:	f8d8 3008 	ldr.w	r3, [r8, #8]
10007572:	685f      	ldr	r7, [r3, #4]
10007574:	f027 0703 	bic.w	r7, r7, #3
10007578:	f1a7 0411 	sub.w	r4, r7, #17
1000757c:	eba4 0409 	sub.w	r4, r4, r9
10007580:	442c      	add	r4, r5
10007582:	fbb4 f4f5 	udiv	r4, r4, r5
10007586:	3c01      	subs	r4, #1
10007588:	fb05 f404 	mul.w	r4, r5, r4
1000758c:	42a5      	cmp	r5, r4
1000758e:	dc08      	bgt.n	100075a2 <_malloc_trim_r+0x4e>
10007590:	2100      	movs	r1, #0
10007592:	4630      	mov	r0, r6
10007594:	f7ff fe2e 	bl	100071f4 <_sbrk_r>
10007598:	f8d8 3008 	ldr.w	r3, [r8, #8]
1000759c:	443b      	add	r3, r7
1000759e:	4298      	cmp	r0, r3
100075a0:	d005      	beq.n	100075ae <_malloc_trim_r+0x5a>
100075a2:	4630      	mov	r0, r6
100075a4:	f7ff fb7e 	bl	10006ca4 <__malloc_unlock>
100075a8:	2000      	movs	r0, #0
100075aa:	e8bd 83f8 	ldmia.w	sp!, {r3, r4, r5, r6, r7, r8, r9, pc}
100075ae:	4261      	negs	r1, r4
100075b0:	4630      	mov	r0, r6
100075b2:	f7ff fe1f 	bl	100071f4 <_sbrk_r>
100075b6:	3001      	adds	r0, #1
100075b8:	d00f      	beq.n	100075da <_malloc_trim_r+0x86>
100075ba:	1b3f      	subs	r7, r7, r4
100075bc:	4a10      	ldr	r2, [pc, #64]	@ (10007600 <_malloc_trim_r+0xac>)
100075be:	f8d8 3008 	ldr.w	r3, [r8, #8]
100075c2:	4630      	mov	r0, r6
100075c4:	f047 0701 	orr.w	r7, r7, #1
100075c8:	605f      	str	r7, [r3, #4]
100075ca:	6813      	ldr	r3, [r2, #0]
100075cc:	1b1b      	subs	r3, r3, r4
100075ce:	6013      	str	r3, [r2, #0]
100075d0:	f7ff fb68 	bl	10006ca4 <__malloc_unlock>
100075d4:	2001      	movs	r0, #1
100075d6:	e8bd 83f8 	ldmia.w	sp!, {r3, r4, r5, r6, r7, r8, r9, pc}
100075da:	2100      	movs	r1, #0
100075dc:	4630      	mov	r0, r6
100075de:	f7ff fe09 	bl	100071f4 <_sbrk_r>
100075e2:	f8d8 2008 	ldr.w	r2, [r8, #8]
100075e6:	1a83      	subs	r3, r0, r2
100075e8:	2b0f      	cmp	r3, #15
100075ea:	ddda      	ble.n	100075a2 <_malloc_trim_r+0x4e>
100075ec:	f043 0301 	orr.w	r3, r3, #1
100075f0:	4903      	ldr	r1, [pc, #12]	@ (10007600 <_malloc_trim_r+0xac>)
100075f2:	6053      	str	r3, [r2, #4]
100075f4:	4b03      	ldr	r3, [pc, #12]	@ (10007604 <_malloc_trim_r+0xb0>)
100075f6:	681b      	ldr	r3, [r3, #0]
100075f8:	1ac0      	subs	r0, r0, r3
100075fa:	6008      	str	r0, [r1, #0]
100075fc:	e7d1      	b.n	100075a2 <_malloc_trim_r+0x4e>
100075fe:	bf00      	nop
10007600:	20001e00 	.word	0x20001e00
10007604:	20001594 	.word	0x20001594
10007608:	200015a0 	.word	0x200015a0

1000760c <_free_r>:
1000760c:	2900      	cmp	r1, #0
1000760e:	d05a      	beq.n	100076c6 <_free_r+0xba>
10007610:	b5f8      	push	{r3, r4, r5, r6, r7, lr}
10007612:	460c      	mov	r4, r1
10007614:	4607      	mov	r7, r0
10007616:	f7ff fb3f 	bl	10006c98 <__malloc_lock>
1000761a:	4d73      	ldr	r5, [pc, #460]	@ (100077e8 <_free_r+0x1dc>)
1000761c:	f854 cc04 	ldr.w	ip, [r4, #-4]
10007620:	f1a4 0208 	sub.w	r2, r4, #8
10007624:	68a8      	ldr	r0, [r5, #8]
10007626:	f02c 0301 	bic.w	r3, ip, #1
1000762a:	f00c 0e01 	and.w	lr, ip, #1
1000762e:	18d1      	adds	r1, r2, r3
10007630:	684e      	ldr	r6, [r1, #4]
10007632:	4288      	cmp	r0, r1
10007634:	f026 0603 	bic.w	r6, r6, #3
10007638:	d07c      	beq.n	10007734 <_free_r+0x128>
1000763a:	1988      	adds	r0, r1, r6
1000763c:	604e      	str	r6, [r1, #4]
1000763e:	6840      	ldr	r0, [r0, #4]
10007640:	f000 0001 	and.w	r0, r0, #1
10007644:	f1be 0f00 	cmp.w	lr, #0
10007648:	d12e      	bne.n	100076a8 <_free_r+0x9c>
1000764a:	f854 4c08 	ldr.w	r4, [r4, #-8]
1000764e:	f105 0c08 	add.w	ip, r5, #8
10007652:	1b12      	subs	r2, r2, r4
10007654:	4423      	add	r3, r4
10007656:	6894      	ldr	r4, [r2, #8]
10007658:	4564      	cmp	r4, ip
1000765a:	d060      	beq.n	1000771e <_free_r+0x112>
1000765c:	f8d2 e00c 	ldr.w	lr, [r2, #12]
10007660:	f8c4 e00c 	str.w	lr, [r4, #12]
10007664:	f8ce 4008 	str.w	r4, [lr, #8]
10007668:	2800      	cmp	r0, #0
1000766a:	d07d      	beq.n	10007768 <_free_r+0x15c>
1000766c:	f043 0001 	orr.w	r0, r3, #1
10007670:	6050      	str	r0, [r2, #4]
10007672:	600b      	str	r3, [r1, #0]
10007674:	f5b3 7f00 	cmp.w	r3, #512	@ 0x200
10007678:	d22e      	bcs.n	100076d8 <_free_r+0xcc>
1000767a:	0958      	lsrs	r0, r3, #5
1000767c:	08d9      	lsrs	r1, r3, #3
1000767e:	2301      	movs	r3, #1
10007680:	4083      	lsls	r3, r0
10007682:	6868      	ldr	r0, [r5, #4]
10007684:	3101      	adds	r1, #1
10007686:	4303      	orrs	r3, r0
10007688:	f855 0031 	ldr.w	r0, [r5, r1, lsl #3]
1000768c:	606b      	str	r3, [r5, #4]
1000768e:	eb05 03c1 	add.w	r3, r5, r1, lsl #3
10007692:	3b08      	subs	r3, #8
10007694:	e9c2 0302 	strd	r0, r3, [r2, #8]
10007698:	f845 2031 	str.w	r2, [r5, r1, lsl #3]
1000769c:	60c2      	str	r2, [r0, #12]
1000769e:	4638      	mov	r0, r7
100076a0:	e8bd 40f8 	ldmia.w	sp!, {r3, r4, r5, r6, r7, lr}
100076a4:	f7ff bafe 	b.w	10006ca4 <__malloc_unlock>
100076a8:	b970      	cbnz	r0, 100076c8 <_free_r+0xbc>
100076aa:	4433      	add	r3, r6
100076ac:	f105 0c08 	add.w	ip, r5, #8
100076b0:	6888      	ldr	r0, [r1, #8]
100076b2:	f043 0401 	orr.w	r4, r3, #1
100076b6:	4560      	cmp	r0, ip
100076b8:	d06e      	beq.n	10007798 <_free_r+0x18c>
100076ba:	68c9      	ldr	r1, [r1, #12]
100076bc:	60c1      	str	r1, [r0, #12]
100076be:	6088      	str	r0, [r1, #8]
100076c0:	6054      	str	r4, [r2, #4]
100076c2:	50d3      	str	r3, [r2, r3]
100076c4:	e7d6      	b.n	10007674 <_free_r+0x68>
100076c6:	4770      	bx	lr
100076c8:	f04c 0101 	orr.w	r1, ip, #1
100076cc:	f5b3 7f00 	cmp.w	r3, #512	@ 0x200
100076d0:	f844 1c04 	str.w	r1, [r4, #-4]
100076d4:	50d3      	str	r3, [r2, r3]
100076d6:	d3d0      	bcc.n	1000767a <_free_r+0x6e>
100076d8:	f5b3 6f20 	cmp.w	r3, #2560	@ 0xa00
100076dc:	ea4f 2153 	mov.w	r1, r3, lsr #9
100076e0:	d244      	bcs.n	1000776c <_free_r+0x160>
100076e2:	0999      	lsrs	r1, r3, #6
100076e4:	f101 0039 	add.w	r0, r1, #57	@ 0x39
100076e8:	f101 0438 	add.w	r4, r1, #56	@ 0x38
100076ec:	00c1      	lsls	r1, r0, #3
100076ee:	1868      	adds	r0, r5, r1
100076f0:	5869      	ldr	r1, [r5, r1]
100076f2:	3808      	subs	r0, #8
100076f4:	4288      	cmp	r0, r1
100076f6:	d103      	bne.n	10007700 <_free_r+0xf4>
100076f8:	e055      	b.n	100077a6 <_free_r+0x19a>
100076fa:	6889      	ldr	r1, [r1, #8]
100076fc:	4288      	cmp	r0, r1
100076fe:	d004      	beq.n	1000770a <_free_r+0xfe>
10007700:	684c      	ldr	r4, [r1, #4]
10007702:	f024 0403 	bic.w	r4, r4, #3
10007706:	429c      	cmp	r4, r3
10007708:	d8f7      	bhi.n	100076fa <_free_r+0xee>
1000770a:	68c8      	ldr	r0, [r1, #12]
1000770c:	e9c2 1002 	strd	r1, r0, [r2, #8]
10007710:	6082      	str	r2, [r0, #8]
10007712:	4638      	mov	r0, r7
10007714:	60ca      	str	r2, [r1, #12]
10007716:	e8bd 40f8 	ldmia.w	sp!, {r3, r4, r5, r6, r7, lr}
1000771a:	f7ff bac3 	b.w	10006ca4 <__malloc_unlock>
1000771e:	bb80      	cbnz	r0, 10007782 <_free_r+0x176>
10007720:	441e      	add	r6, r3
10007722:	e9d1 1302 	ldrd	r1, r3, [r1, #8]
10007726:	60cb      	str	r3, [r1, #12]
10007728:	6099      	str	r1, [r3, #8]
1000772a:	f046 0301 	orr.w	r3, r6, #1
1000772e:	6053      	str	r3, [r2, #4]
10007730:	5196      	str	r6, [r2, r6]
10007732:	e7b4      	b.n	1000769e <_free_r+0x92>
10007734:	441e      	add	r6, r3
10007736:	f1be 0f00 	cmp.w	lr, #0
1000773a:	d107      	bne.n	1000774c <_free_r+0x140>
1000773c:	f854 3c08 	ldr.w	r3, [r4, #-8]
10007740:	1ad2      	subs	r2, r2, r3
10007742:	441e      	add	r6, r3
10007744:	e9d2 1302 	ldrd	r1, r3, [r2, #8]
10007748:	60cb      	str	r3, [r1, #12]
1000774a:	6099      	str	r1, [r3, #8]
1000774c:	f046 0301 	orr.w	r3, r6, #1
10007750:	6053      	str	r3, [r2, #4]
10007752:	4b26      	ldr	r3, [pc, #152]	@ (100077ec <_free_r+0x1e0>)
10007754:	60aa      	str	r2, [r5, #8]
10007756:	681b      	ldr	r3, [r3, #0]
10007758:	42b3      	cmp	r3, r6
1000775a:	d8a0      	bhi.n	1000769e <_free_r+0x92>
1000775c:	4b24      	ldr	r3, [pc, #144]	@ (100077f0 <_free_r+0x1e4>)
1000775e:	4638      	mov	r0, r7
10007760:	6819      	ldr	r1, [r3, #0]
10007762:	f7ff fef7 	bl	10007554 <_malloc_trim_r>
10007766:	e79a      	b.n	1000769e <_free_r+0x92>
10007768:	4433      	add	r3, r6
1000776a:	e7a1      	b.n	100076b0 <_free_r+0xa4>
1000776c:	2914      	cmp	r1, #20
1000776e:	d90d      	bls.n	1000778c <_free_r+0x180>
10007770:	2954      	cmp	r1, #84	@ 0x54
10007772:	d81f      	bhi.n	100077b4 <_free_r+0x1a8>
10007774:	0b19      	lsrs	r1, r3, #12
10007776:	f101 006f 	add.w	r0, r1, #111	@ 0x6f
1000777a:	f101 046e 	add.w	r4, r1, #110	@ 0x6e
1000777e:	00c1      	lsls	r1, r0, #3
10007780:	e7b5      	b.n	100076ee <_free_r+0xe2>
10007782:	f043 0001 	orr.w	r0, r3, #1
10007786:	6050      	str	r0, [r2, #4]
10007788:	600b      	str	r3, [r1, #0]
1000778a:	e788      	b.n	1000769e <_free_r+0x92>
1000778c:	f101 005c 	add.w	r0, r1, #92	@ 0x5c
10007790:	f101 045b 	add.w	r4, r1, #91	@ 0x5b
10007794:	00c1      	lsls	r1, r0, #3
10007796:	e7aa      	b.n	100076ee <_free_r+0xe2>
10007798:	e9c5 2204 	strd	r2, r2, [r5, #16]
1000779c:	e9c2 cc02 	strd	ip, ip, [r2, #8]
100077a0:	6054      	str	r4, [r2, #4]
100077a2:	50d3      	str	r3, [r2, r3]
100077a4:	e77b      	b.n	1000769e <_free_r+0x92>
100077a6:	10a4      	asrs	r4, r4, #2
100077a8:	2301      	movs	r3, #1
100077aa:	40a3      	lsls	r3, r4
100077ac:	686c      	ldr	r4, [r5, #4]
100077ae:	4323      	orrs	r3, r4
100077b0:	606b      	str	r3, [r5, #4]
100077b2:	e7ab      	b.n	1000770c <_free_r+0x100>
100077b4:	f5b1 7faa 	cmp.w	r1, #340	@ 0x154
100077b8:	d806      	bhi.n	100077c8 <_free_r+0x1bc>
100077ba:	0bd9      	lsrs	r1, r3, #15
100077bc:	f101 0078 	add.w	r0, r1, #120	@ 0x78
100077c0:	f101 0477 	add.w	r4, r1, #119	@ 0x77
100077c4:	00c1      	lsls	r1, r0, #3
100077c6:	e792      	b.n	100076ee <_free_r+0xe2>
100077c8:	f240 5054 	movw	r0, #1364	@ 0x554
100077cc:	4281      	cmp	r1, r0
100077ce:	d806      	bhi.n	100077de <_free_r+0x1d2>
100077d0:	0c99      	lsrs	r1, r3, #18
100077d2:	f101 007d 	add.w	r0, r1, #125	@ 0x7d
100077d6:	f101 047c 	add.w	r4, r1, #124	@ 0x7c
100077da:	00c1      	lsls	r1, r0, #3
100077dc:	e787      	b.n	100076ee <_free_r+0xe2>
100077de:	f44f 717e 	mov.w	r1, #1016	@ 0x3f8
100077e2:	247e      	movs	r4, #126	@ 0x7e
100077e4:	e783      	b.n	100076ee <_free_r+0xe2>
100077e6:	bf00      	nop
100077e8:	200015a0 	.word	0x200015a0
100077ec:	20001598 	.word	0x20001598
100077f0:	20001e30 	.word	0x20001e30

100077f4 <__svfscanf_r>:
100077f4:	e92d 4ff0 	stmdb	sp!, {r4, r5, r6, r7, r8, r9, sl, fp, lr}
100077f8:	f5ad 7d37 	sub.w	sp, sp, #732	@ 0x2dc
100077fc:	4690      	mov	r8, r2
100077fe:	468a      	mov	sl, r1
10007800:	af02      	add	r7, sp, #8
10007802:	f9b1 200c 	ldrsh.w	r2, [r1, #12]
10007806:	62fb      	str	r3, [r7, #44]	@ 0x2c
10007808:	6e4b      	ldr	r3, [r1, #100]	@ 0x64
1000780a:	64b8      	str	r0, [r7, #72]	@ 0x48
1000780c:	07de      	lsls	r6, r3, #31
1000780e:	f140 8164 	bpl.w	10007ada <__svfscanf_r+0x2e6>
10007812:	0495      	lsls	r5, r2, #18
10007814:	f100 825d 	bmi.w	10007cd2 <__svfscanf_r+0x4de>
10007818:	f442 5200 	orr.w	r2, r2, #8192	@ 0x2000
1000781c:	f423 5300 	bic.w	r3, r3, #8192	@ 0x2000
10007820:	f8aa 200c 	strh.w	r2, [sl, #12]
10007824:	f8ca 3064 	str.w	r3, [sl, #100]	@ 0x64
10007828:	2208      	movs	r2, #8
1000782a:	2100      	movs	r1, #0
1000782c:	f107 0058 	add.w	r0, r7, #88	@ 0x58
10007830:	f7ff fc92 	bl	10007158 <memset>
10007834:	f04f 0e00 	mov.w	lr, #0
10007838:	f8c7 804c 	str.w	r8, [r7, #76]	@ 0x4c
1000783c:	46f3      	mov	fp, lr
1000783e:	f8c7 e03c 	str.w	lr, [r7, #60]	@ 0x3c
10007842:	f8c7 e020 	str.w	lr, [r7, #32]
10007846:	f8c7 e034 	str.w	lr, [r7, #52]	@ 0x34
1000784a:	f8c7 e040 	str.w	lr, [r7, #64]	@ 0x40
1000784e:	f8c7 e024 	str.w	lr, [r7, #36]	@ 0x24
10007852:	4baf      	ldr	r3, [pc, #700]	@ (10007b10 <__svfscanf_r+0x31c>)
10007854:	f8d3 40e4 	ldr.w	r4, [r3, #228]	@ 0xe4
10007858:	f003 fb8e 	bl	1000af78 <__locale_mb_cur_max>
1000785c:	f107 0258 	add.w	r2, r7, #88	@ 0x58
10007860:	4603      	mov	r3, r0
10007862:	f107 0154 	add.w	r1, r7, #84	@ 0x54
10007866:	9200      	str	r2, [sp, #0]
10007868:	6cfa      	ldr	r2, [r7, #76]	@ 0x4c
1000786a:	6cb8      	ldr	r0, [r7, #72]	@ 0x48
1000786c:	47a0      	blx	r4
1000786e:	2800      	cmp	r0, #0
10007870:	f2c0 8112 	blt.w	10007a98 <__svfscanf_r+0x2a4>
10007874:	6cfb      	ldr	r3, [r7, #76]	@ 0x4c
10007876:	4602      	mov	r2, r0
10007878:	4403      	add	r3, r0
1000787a:	64fb      	str	r3, [r7, #76]	@ 0x4c
1000787c:	6d7b      	ldr	r3, [r7, #84]	@ 0x54
1000787e:	2b00      	cmp	r3, #0
10007880:	d038      	beq.n	100078f4 <__svfscanf_r+0x100>
10007882:	2801      	cmp	r0, #1
10007884:	f000 8118 	beq.w	10007ab8 <__svfscanf_r+0x2c4>
10007888:	2b25      	cmp	r3, #37	@ 0x25
1000788a:	d04b      	beq.n	10007924 <__svfscanf_r+0x130>
1000788c:	2800      	cmp	r0, #0
1000788e:	d0e0      	beq.n	10007852 <__svfscanf_r+0x5e>
10007890:	6cfb      	ldr	r3, [r7, #76]	@ 0x4c
10007892:	1a9e      	subs	r6, r3, r2
10007894:	f8da 3004 	ldr.w	r3, [sl, #4]
10007898:	4430      	add	r0, r6
1000789a:	1e75      	subs	r5, r6, #1
1000789c:	461a      	mov	r2, r3
1000789e:	1e44      	subs	r4, r0, #1
100078a0:	2a00      	cmp	r2, #0
100078a2:	dd15      	ble.n	100078d0 <__svfscanf_r+0xdc>
100078a4:	f8da 3000 	ldr.w	r3, [sl]
100078a8:	1c69      	adds	r1, r5, #1
100078aa:	786a      	ldrb	r2, [r5, #1]
100078ac:	7818      	ldrb	r0, [r3, #0]
100078ae:	3301      	adds	r3, #1
100078b0:	4290      	cmp	r0, r2
100078b2:	d11f      	bne.n	100078f4 <__svfscanf_r+0x100>
100078b4:	f8da 2004 	ldr.w	r2, [sl, #4]
100078b8:	428c      	cmp	r4, r1
100078ba:	f8ca 3000 	str.w	r3, [sl]
100078be:	f102 32ff 	add.w	r2, r2, #4294967295	@ 0xffffffff
100078c2:	f8ca 2004 	str.w	r2, [sl, #4]
100078c6:	f000 8103 	beq.w	10007ad0 <__svfscanf_r+0x2dc>
100078ca:	2a00      	cmp	r2, #0
100078cc:	460d      	mov	r5, r1
100078ce:	dce9      	bgt.n	100078a4 <__svfscanf_r+0xb0>
100078d0:	4651      	mov	r1, sl
100078d2:	6cb8      	ldr	r0, [r7, #72]	@ 0x48
100078d4:	f002 fe84 	bl	1000a5e0 <__srefill_r>
100078d8:	2800      	cmp	r0, #0
100078da:	d0e3      	beq.n	100078a4 <__svfscanf_r+0xb0>
100078dc:	6c3a      	ldr	r2, [r7, #64]	@ 0x40
100078de:	2a00      	cmp	r2, #0
100078e0:	f001 8226 	beq.w	10008d30 <__svfscanf_r+0x153c>
100078e4:	f8ba 300c 	ldrh.w	r3, [sl, #12]
100078e8:	f013 0f40 	tst.w	r3, #64	@ 0x40
100078ec:	bf18      	it	ne
100078ee:	f04f 32ff 	movne.w	r2, #4294967295	@ 0xffffffff
100078f2:	643a      	str	r2, [r7, #64]	@ 0x40
100078f4:	f8da 3064 	ldr.w	r3, [sl, #100]	@ 0x64
100078f8:	07dd      	lsls	r5, r3, #31
100078fa:	f140 80ff 	bpl.w	10007afc <__svfscanf_r+0x308>
100078fe:	6bfb      	ldr	r3, [r7, #60]	@ 0x3c
10007900:	b143      	cbz	r3, 10007914 <__svfscanf_r+0x120>
10007902:	6bfb      	ldr	r3, [r7, #60]	@ 0x3c
10007904:	6818      	ldr	r0, [r3, #0]
10007906:	6c3b      	ldr	r3, [r7, #64]	@ 0x40
10007908:	3301      	adds	r3, #1
1000790a:	f000 8149 	beq.w	10007ba0 <__svfscanf_r+0x3ac>
1000790e:	b108      	cbz	r0, 10007914 <__svfscanf_r+0x120>
10007910:	f7fa fcce 	bl	100022b0 <__wrap_free>
10007914:	6c38      	ldr	r0, [r7, #64]	@ 0x40
10007916:	f507 7735 	add.w	r7, r7, #724	@ 0x2d4
1000791a:	46bd      	mov	sp, r7
1000791c:	e8bd 8ff0 	ldmia.w	sp!, {r4, r5, r6, r7, r8, r9, sl, fp, pc}
10007920:	2001      	movs	r0, #1
10007922:	4602      	mov	r2, r0
10007924:	2400      	movs	r4, #0
10007926:	6cfd      	ldr	r5, [r7, #76]	@ 0x4c
10007928:	46a1      	mov	r9, r4
1000792a:	7829      	ldrb	r1, [r5, #0]
1000792c:	f1a1 0325 	sub.w	r3, r1, #37	@ 0x25
10007930:	1c6e      	adds	r6, r5, #1
10007932:	2b55      	cmp	r3, #85	@ 0x55
10007934:	d8de      	bhi.n	100078f4 <__svfscanf_r+0x100>
10007936:	f20f 0c08 	addw	ip, pc, #8
1000793a:	f85c f023 	ldr.w	pc, [ip, r3, lsl #2]
1000793e:	bf00      	nop
10007940:	10008245 	.word	0x10008245
10007944:	100078f5 	.word	0x100078f5
10007948:	100078f5 	.word	0x100078f5
1000794c:	100078f5 	.word	0x100078f5
10007950:	100078f5 	.word	0x100078f5
10007954:	10007dc9 	.word	0x10007dc9
10007958:	100078f5 	.word	0x100078f5
1000795c:	100078f5 	.word	0x100078f5
10007960:	100078f5 	.word	0x100078f5
10007964:	100078f5 	.word	0x100078f5
10007968:	100078f5 	.word	0x100078f5
1000796c:	10007c4f 	.word	0x10007c4f
10007970:	10007c4f 	.word	0x10007c4f
10007974:	10007c4f 	.word	0x10007c4f
10007978:	10007c4f 	.word	0x10007c4f
1000797c:	10007c4f 	.word	0x10007c4f
10007980:	10007c4f 	.word	0x10007c4f
10007984:	10007c4f 	.word	0x10007c4f
10007988:	10007c4f 	.word	0x10007c4f
1000798c:	10007c4f 	.word	0x10007c4f
10007990:	10007c4f 	.word	0x10007c4f
10007994:	100078f5 	.word	0x100078f5
10007998:	100078f5 	.word	0x100078f5
1000799c:	100078f5 	.word	0x100078f5
100079a0:	100078f5 	.word	0x100078f5
100079a4:	100078f5 	.word	0x100078f5
100079a8:	100078f5 	.word	0x100078f5
100079ac:	100078f5 	.word	0x100078f5
100079b0:	10007c69 	.word	0x10007c69
100079b4:	100078f5 	.word	0x100078f5
100079b8:	100080dd 	.word	0x100080dd
100079bc:	10007dd9 	.word	0x10007dd9
100079c0:	10007c69 	.word	0x10007c69
100079c4:	10007c69 	.word	0x10007c69
100079c8:	10007c69 	.word	0x10007c69
100079cc:	100078f5 	.word	0x100078f5
100079d0:	100078f5 	.word	0x100078f5
100079d4:	100078f5 	.word	0x100078f5
100079d8:	100078f5 	.word	0x100078f5
100079dc:	10007c01 	.word	0x10007c01
100079e0:	100078f5 	.word	0x100078f5
100079e4:	100078f5 	.word	0x100078f5
100079e8:	10007df5 	.word	0x10007df5
100079ec:	100078f5 	.word	0x100078f5
100079f0:	100078f5 	.word	0x100078f5
100079f4:	100078f5 	.word	0x100078f5
100079f8:	10007e11 	.word	0x10007e11
100079fc:	100078f5 	.word	0x100078f5
10007a00:	100078f5 	.word	0x100078f5
10007a04:	100078f5 	.word	0x100078f5
10007a08:	100078f5 	.word	0x100078f5
10007a0c:	10007cdb 	.word	0x10007cdb
10007a10:	100078f5 	.word	0x100078f5
10007a14:	100078f5 	.word	0x100078f5
10007a18:	10007e31 	.word	0x10007e31
10007a1c:	100078f5 	.word	0x100078f5
10007a20:	100078f5 	.word	0x100078f5
10007a24:	100078f5 	.word	0x100078f5
10007a28:	100078f5 	.word	0x100078f5
10007a2c:	100078f5 	.word	0x100078f5
10007a30:	10007c69 	.word	0x10007c69
10007a34:	100078f5 	.word	0x100078f5
10007a38:	10007d2b 	.word	0x10007d2b
10007a3c:	10007dbd 	.word	0x10007dbd
10007a40:	10007c69 	.word	0x10007c69
10007a44:	10007c69 	.word	0x10007c69
10007a48:	10007c69 	.word	0x10007c69
10007a4c:	10008079 	.word	0x10008079
10007a50:	1000800f 	.word	0x1000800f
10007a54:	10007c01 	.word	0x10007c01
10007a58:	100078f5 	.word	0x100078f5
10007a5c:	10008043 	.word	0x10008043
10007a60:	100080b7 	.word	0x100080b7
10007a64:	1000808f 	.word	0x1000808f
10007a68:	10008029 	.word	0x10008029
10007a6c:	10008059 	.word	0x10008059
10007a70:	100078f5 	.word	0x100078f5
10007a74:	100078f5 	.word	0x100078f5
10007a78:	10007cf7 	.word	0x10007cf7
10007a7c:	10007bf5 	.word	0x10007bf5
10007a80:	10007d05 	.word	0x10007d05
10007a84:	100078f5 	.word	0x100078f5
10007a88:	100078f5 	.word	0x100078f5
10007a8c:	10007cdb 	.word	0x10007cdb
10007a90:	100078f5 	.word	0x100078f5
10007a94:	10007bf5 	.word	0x10007bf5
10007a98:	f64f 73fd 	movw	r3, #65533	@ 0xfffd
10007a9c:	2208      	movs	r2, #8
10007a9e:	2100      	movs	r1, #0
10007aa0:	f107 0058 	add.w	r0, r7, #88	@ 0x58
10007aa4:	657b      	str	r3, [r7, #84]	@ 0x54
10007aa6:	f7ff fb57 	bl	10007158 <memset>
10007aaa:	6cfb      	ldr	r3, [r7, #76]	@ 0x4c
10007aac:	3301      	adds	r3, #1
10007aae:	64fb      	str	r3, [r7, #76]	@ 0x4c
10007ab0:	6d7b      	ldr	r3, [r7, #84]	@ 0x54
10007ab2:	2b00      	cmp	r3, #0
10007ab4:	f43f af1e 	beq.w	100078f4 <__svfscanf_r+0x100>
10007ab8:	4a16      	ldr	r2, [pc, #88]	@ (10007b14 <__svfscanf_r+0x320>)
10007aba:	5cd2      	ldrb	r2, [r2, r3]
10007abc:	0714      	lsls	r4, r2, #28
10007abe:	f100 80a7 	bmi.w	10007c10 <__svfscanf_r+0x41c>
10007ac2:	2b25      	cmp	r3, #37	@ 0x25
10007ac4:	f43f af2c 	beq.w	10007920 <__svfscanf_r+0x12c>
10007ac8:	6cfb      	ldr	r3, [r7, #76]	@ 0x4c
10007aca:	2001      	movs	r0, #1
10007acc:	1e5e      	subs	r6, r3, #1
10007ace:	e6e1      	b.n	10007894 <__svfscanf_r+0xa0>
10007ad0:	3502      	adds	r5, #2
10007ad2:	445d      	add	r5, fp
10007ad4:	eba5 0b06 	sub.w	fp, r5, r6
10007ad8:	e6bb      	b.n	10007852 <__svfscanf_r+0x5e>
10007ada:	0590      	lsls	r0, r2, #22
10007adc:	d57a      	bpl.n	10007bd4 <__svfscanf_r+0x3e0>
10007ade:	0491      	lsls	r1, r2, #18
10007ae0:	f57f ae9a 	bpl.w	10007818 <__svfscanf_r+0x24>
10007ae4:	049b      	lsls	r3, r3, #18
10007ae6:	f57f ae9f 	bpl.w	10007828 <__svfscanf_r+0x34>
10007aea:	f8ba 300c 	ldrh.w	r3, [sl, #12]
10007aee:	0599      	lsls	r1, r3, #22
10007af0:	f141 81d9 	bpl.w	10008ea6 <__svfscanf_r+0x16b2>
10007af4:	f04f 33ff 	mov.w	r3, #4294967295	@ 0xffffffff
10007af8:	643b      	str	r3, [r7, #64]	@ 0x40
10007afa:	e70b      	b.n	10007914 <__svfscanf_r+0x120>
10007afc:	f8ba 300c 	ldrh.w	r3, [sl, #12]
10007b00:	059c      	lsls	r4, r3, #22
10007b02:	f53f aefc 	bmi.w	100078fe <__svfscanf_r+0x10a>
10007b06:	f8da 0058 	ldr.w	r0, [sl, #88]	@ 0x58
10007b0a:	f7ff fc7d 	bl	10007408 <__retarget_lock_release_recursive>
10007b0e:	e6f6      	b.n	100078fe <__svfscanf_r+0x10a>
10007b10:	20001afc 	.word	0x20001afc
10007b14:	1000d3f9 	.word	0x1000d3f9
10007b18:	f1b9 0f00 	cmp.w	r9, #0
10007b1c:	f004 0310 	and.w	r3, r4, #16
10007b20:	bf08      	it	eq
10007b22:	f04f 39ff 	moveq.w	r9, #4294967295	@ 0xffffffff
10007b26:	f014 0601 	ands.w	r6, r4, #1
10007b2a:	63bb      	str	r3, [r7, #56]	@ 0x38
10007b2c:	f041 81e2 	bne.w	10008ef4 <__svfscanf_r+0x1700>
10007b30:	6bbb      	ldr	r3, [r7, #56]	@ 0x38
10007b32:	2b00      	cmp	r3, #0
10007b34:	f041 8243 	bne.w	10008fbe <__svfscanf_r+0x17ca>
10007b38:	6afb      	ldr	r3, [r7, #44]	@ 0x2c
10007b3a:	f014 0480 	ands.w	r4, r4, #128	@ 0x80
10007b3e:	f853 8b04 	ldr.w	r8, [r3], #4
10007b42:	62fb      	str	r3, [r7, #44]	@ 0x2c
10007b44:	f001 80c1 	beq.w	10008cca <__svfscanf_r+0x14d6>
10007b48:	f1b8 0f00 	cmp.w	r8, #0
10007b4c:	f43f aed2 	beq.w	100078f4 <__svfscanf_r+0x100>
10007b50:	2020      	movs	r0, #32
10007b52:	f7fa fb89 	bl	10002268 <__wrap_malloc>
10007b56:	4606      	mov	r6, r0
10007b58:	2800      	cmp	r0, #0
10007b5a:	f001 80e9 	beq.w	10008d30 <__svfscanf_r+0x153c>
10007b5e:	6bfb      	ldr	r3, [r7, #60]	@ 0x3c
10007b60:	f8c8 0000 	str.w	r0, [r8]
10007b64:	88da      	ldrh	r2, [r3, #6]
10007b66:	889c      	ldrh	r4, [r3, #4]
10007b68:	42a2      	cmp	r2, r4
10007b6a:	f0c1 8313 	bcc.w	10009194 <__svfscanf_r+0x19a0>
10007b6e:	f64f 73f6 	movw	r3, #65526	@ 0xfff6
10007b72:	64fa      	str	r2, [r7, #76]	@ 0x4c
10007b74:	429c      	cmp	r4, r3
10007b76:	d808      	bhi.n	10007b8a <__svfscanf_r+0x396>
10007b78:	3408      	adds	r4, #8
10007b7a:	6bfb      	ldr	r3, [r7, #60]	@ 0x3c
10007b7c:	00a1      	lsls	r1, r4, #2
10007b7e:	6818      	ldr	r0, [r3, #0]
10007b80:	f7fa fb84 	bl	1000228c <__wrap_realloc>
10007b84:	2800      	cmp	r0, #0
10007b86:	f041 8329 	bne.w	100091dc <__svfscanf_r+0x19e8>
10007b8a:	f8da 3064 	ldr.w	r3, [sl, #100]	@ 0x64
10007b8e:	07da      	lsls	r2, r3, #31
10007b90:	d404      	bmi.n	10007b9c <__svfscanf_r+0x3a8>
10007b92:	f8ba 300c 	ldrh.w	r3, [sl, #12]
10007b96:	059b      	lsls	r3, r3, #22
10007b98:	f141 819f 	bpl.w	10008eda <__svfscanf_r+0x16e6>
10007b9c:	6bfb      	ldr	r3, [r7, #60]	@ 0x3c
10007b9e:	6818      	ldr	r0, [r3, #0]
10007ba0:	6bfb      	ldr	r3, [r7, #60]	@ 0x3c
10007ba2:	88de      	ldrh	r6, [r3, #6]
10007ba4:	b17e      	cbz	r6, 10007bc6 <__svfscanf_r+0x3d2>
10007ba6:	2400      	movs	r4, #0
10007ba8:	1f05      	subs	r5, r0, #4
10007baa:	4681      	mov	r9, r0
10007bac:	46a0      	mov	r8, r4
10007bae:	f855 3f04 	ldr.w	r3, [r5, #4]!
10007bb2:	3401      	adds	r4, #1
10007bb4:	6818      	ldr	r0, [r3, #0]
10007bb6:	f7fa fb7b 	bl	100022b0 <__wrap_free>
10007bba:	682b      	ldr	r3, [r5, #0]
10007bbc:	42b4      	cmp	r4, r6
10007bbe:	f8c3 8000 	str.w	r8, [r3]
10007bc2:	d1f4      	bne.n	10007bae <__svfscanf_r+0x3ba>
10007bc4:	4648      	mov	r0, r9
10007bc6:	f04f 33ff 	mov.w	r3, #4294967295	@ 0xffffffff
10007bca:	643b      	str	r3, [r7, #64]	@ 0x40
10007bcc:	2800      	cmp	r0, #0
10007bce:	f47f ae9f 	bne.w	10007910 <__svfscanf_r+0x11c>
10007bd2:	e69f      	b.n	10007914 <__svfscanf_r+0x120>
10007bd4:	6d88      	ldr	r0, [r1, #88]	@ 0x58
10007bd6:	f7ff fc15 	bl	10007404 <__retarget_lock_acquire_recursive>
10007bda:	f9ba 200c 	ldrsh.w	r2, [sl, #12]
10007bde:	f8da 3064 	ldr.w	r3, [sl, #100]	@ 0x64
10007be2:	0496      	lsls	r6, r2, #18
10007be4:	f57f ae18 	bpl.w	10007818 <__svfscanf_r+0x24>
10007be8:	049d      	lsls	r5, r3, #18
10007bea:	f57f ae1d 	bpl.w	10007828 <__svfscanf_r+0x34>
10007bee:	07d8      	lsls	r0, r3, #31
10007bf0:	d480      	bmi.n	10007af4 <__svfscanf_r+0x300>
10007bf2:	e77a      	b.n	10007aea <__svfscanf_r+0x2f6>
10007bf4:	0723      	lsls	r3, r4, #28
10007bf6:	f47f ae7d 	bne.w	100078f4 <__svfscanf_r+0x100>
10007bfa:	7869      	ldrb	r1, [r5, #1]
10007bfc:	4635      	mov	r5, r6
10007bfe:	e695      	b.n	1000792c <__svfscanf_r+0x138>
10007c00:	0721      	lsls	r1, r4, #28
10007c02:	f47f ae77 	bne.w	100078f4 <__svfscanf_r+0x100>
10007c06:	7869      	ldrb	r1, [r5, #1]
10007c08:	f044 0402 	orr.w	r4, r4, #2
10007c0c:	4635      	mov	r5, r6
10007c0e:	e68d      	b.n	1000792c <__svfscanf_r+0x138>
10007c10:	f8da 2004 	ldr.w	r2, [sl, #4]
10007c14:	6cbc      	ldr	r4, [r7, #72]	@ 0x48
10007c16:	e011      	b.n	10007c3c <__svfscanf_r+0x448>
10007c18:	f8da 3000 	ldr.w	r3, [sl]
10007c1c:	4981      	ldr	r1, [pc, #516]	@ (10007e24 <__svfscanf_r+0x630>)
10007c1e:	781a      	ldrb	r2, [r3, #0]
10007c20:	3301      	adds	r3, #1
10007c22:	5c8a      	ldrb	r2, [r1, r2]
10007c24:	0710      	lsls	r0, r2, #28
10007c26:	f57f ae14 	bpl.w	10007852 <__svfscanf_r+0x5e>
10007c2a:	f8da 2004 	ldr.w	r2, [sl, #4]
10007c2e:	f10b 0b01 	add.w	fp, fp, #1
10007c32:	f8ca 3000 	str.w	r3, [sl]
10007c36:	3a01      	subs	r2, #1
10007c38:	f8ca 2004 	str.w	r2, [sl, #4]
10007c3c:	2a00      	cmp	r2, #0
10007c3e:	dceb      	bgt.n	10007c18 <__svfscanf_r+0x424>
10007c40:	4651      	mov	r1, sl
10007c42:	4620      	mov	r0, r4
10007c44:	f002 fccc 	bl	1000a5e0 <__srefill_r>
10007c48:	2800      	cmp	r0, #0
10007c4a:	d0e5      	beq.n	10007c18 <__svfscanf_r+0x424>
10007c4c:	e601      	b.n	10007852 <__svfscanf_r+0x5e>
10007c4e:	f014 0f8f 	tst.w	r4, #143	@ 0x8f
10007c52:	f47f ae4f 	bne.w	100078f4 <__svfscanf_r+0x100>
10007c56:	eb09 0989 	add.w	r9, r9, r9, lsl #2
10007c5a:	eb01 0949 	add.w	r9, r1, r9, lsl #1
10007c5e:	7869      	ldrb	r1, [r5, #1]
10007c60:	4635      	mov	r5, r6
10007c62:	f1a9 0930 	sub.w	r9, r9, #48	@ 0x30
10007c66:	e661      	b.n	1000792c <__svfscanf_r+0x138>
10007c68:	f8da 3004 	ldr.w	r3, [sl, #4]
10007c6c:	633e      	str	r6, [r7, #48]	@ 0x30
10007c6e:	2604      	movs	r6, #4
10007c70:	2b00      	cmp	r3, #0
10007c72:	dd53      	ble.n	10007d1c <__svfscanf_r+0x528>
10007c74:	f8da 2000 	ldr.w	r2, [sl]
10007c78:	4d6a      	ldr	r5, [pc, #424]	@ (10007e24 <__svfscanf_r+0x630>)
10007c7a:	7813      	ldrb	r3, [r2, #0]
10007c7c:	5ceb      	ldrb	r3, [r5, r3]
10007c7e:	0718      	lsls	r0, r3, #28
10007c80:	d51f      	bpl.n	10007cc2 <__svfscanf_r+0x4ce>
10007c82:	f8d7 8048 	ldr.w	r8, [r7, #72]	@ 0x48
10007c86:	e005      	b.n	10007c94 <__svfscanf_r+0x4a0>
10007c88:	f8ca 2000 	str.w	r2, [sl]
10007c8c:	7813      	ldrb	r3, [r2, #0]
10007c8e:	5ceb      	ldrb	r3, [r5, r3]
10007c90:	0719      	lsls	r1, r3, #28
10007c92:	d516      	bpl.n	10007cc2 <__svfscanf_r+0x4ce>
10007c94:	f8da 3004 	ldr.w	r3, [sl, #4]
10007c98:	f10b 0b01 	add.w	fp, fp, #1
10007c9c:	3201      	adds	r2, #1
10007c9e:	3b01      	subs	r3, #1
10007ca0:	2b00      	cmp	r3, #0
10007ca2:	f8ca 3004 	str.w	r3, [sl, #4]
10007ca6:	dcef      	bgt.n	10007c88 <__svfscanf_r+0x494>
10007ca8:	4651      	mov	r1, sl
10007caa:	4640      	mov	r0, r8
10007cac:	f002 fc98 	bl	1000a5e0 <__srefill_r>
10007cb0:	2800      	cmp	r0, #0
10007cb2:	f47f ae13 	bne.w	100078dc <__svfscanf_r+0xe8>
10007cb6:	f8da 2000 	ldr.w	r2, [sl]
10007cba:	7813      	ldrb	r3, [r2, #0]
10007cbc:	5ceb      	ldrb	r3, [r5, r3]
10007cbe:	0719      	lsls	r1, r3, #28
10007cc0:	d4e8      	bmi.n	10007c94 <__svfscanf_r+0x4a0>
10007cc2:	3e03      	subs	r6, #3
10007cc4:	2e01      	cmp	r6, #1
10007cc6:	f63f af27 	bhi.w	10007b18 <__svfscanf_r+0x324>
10007cca:	e8df f016 	tbh	[pc, r6, lsl #1]
10007cce:	02d6      	.short	0x02d6
10007cd0:	0387      	.short	0x0387
10007cd2:	049c      	lsls	r4, r3, #18
10007cd4:	f57f ada8 	bpl.w	10007828 <__svfscanf_r+0x34>
10007cd8:	e70c      	b.n	10007af4 <__svfscanf_r+0x300>
10007cda:	f8da 3004 	ldr.w	r3, [sl, #4]
10007cde:	f444 7400 	orr.w	r4, r4, #512	@ 0x200
10007ce2:	633e      	str	r6, [r7, #48]	@ 0x30
10007ce4:	2b00      	cmp	r3, #0
10007ce6:	f340 81bf 	ble.w	10008068 <__svfscanf_r+0x874>
10007cea:	4b4f      	ldr	r3, [pc, #316]	@ (10007e28 <__svfscanf_r+0x634>)
10007cec:	2603      	movs	r6, #3
10007cee:	627b      	str	r3, [r7, #36]	@ 0x24
10007cf0:	2310      	movs	r3, #16
10007cf2:	637b      	str	r3, [r7, #52]	@ 0x34
10007cf4:	e7be      	b.n	10007c74 <__svfscanf_r+0x480>
10007cf6:	f8da 3004 	ldr.w	r3, [sl, #4]
10007cfa:	633e      	str	r6, [r7, #48]	@ 0x30
10007cfc:	2602      	movs	r6, #2
10007cfe:	2b00      	cmp	r3, #0
10007d00:	dcb8      	bgt.n	10007c74 <__svfscanf_r+0x480>
10007d02:	e00b      	b.n	10007d1c <__svfscanf_r+0x528>
10007d04:	f8da 3004 	ldr.w	r3, [sl, #4]
10007d08:	633e      	str	r6, [r7, #48]	@ 0x30
10007d0a:	2b00      	cmp	r3, #0
10007d0c:	4b46      	ldr	r3, [pc, #280]	@ (10007e28 <__svfscanf_r+0x634>)
10007d0e:	627b      	str	r3, [r7, #36]	@ 0x24
10007d10:	f04f 030a 	mov.w	r3, #10
10007d14:	f04f 0603 	mov.w	r6, #3
10007d18:	637b      	str	r3, [r7, #52]	@ 0x34
10007d1a:	dcab      	bgt.n	10007c74 <__svfscanf_r+0x480>
10007d1c:	4651      	mov	r1, sl
10007d1e:	6cb8      	ldr	r0, [r7, #72]	@ 0x48
10007d20:	f002 fc5e 	bl	1000a5e0 <__srefill_r>
10007d24:	2800      	cmp	r0, #0
10007d26:	d0a5      	beq.n	10007c74 <__svfscanf_r+0x480>
10007d28:	e5d8      	b.n	100078dc <__svfscanf_r+0xe8>
10007d2a:	f8da 3004 	ldr.w	r3, [sl, #4]
10007d2e:	633e      	str	r6, [r7, #48]	@ 0x30
10007d30:	2b00      	cmp	r3, #0
10007d32:	f341 804d 	ble.w	10008dd0 <__svfscanf_r+0x15dc>
10007d36:	464d      	mov	r5, r9
10007d38:	2d01      	cmp	r5, #1
10007d3a:	bf38      	it	cc
10007d3c:	2501      	movcc	r5, #1
10007d3e:	f014 0301 	ands.w	r3, r4, #1
10007d42:	f040 8764 	bne.w	10008c0e <__svfscanf_r+0x141a>
10007d46:	06e6      	lsls	r6, r4, #27
10007d48:	f100 86c5 	bmi.w	10008ad6 <__svfscanf_r+0x12e2>
10007d4c:	6afb      	ldr	r3, [r7, #44]	@ 0x2c
10007d4e:	0620      	lsls	r0, r4, #24
10007d50:	f853 6b04 	ldr.w	r6, [r3], #4
10007d54:	62fb      	str	r3, [r7, #44]	@ 0x2c
10007d56:	f140 8671 	bpl.w	10008a3c <__svfscanf_r+0x1248>
10007d5a:	2e00      	cmp	r6, #0
10007d5c:	f43f adca 	beq.w	100078f4 <__svfscanf_r+0x100>
10007d60:	4628      	mov	r0, r5
10007d62:	f7fa fa81 	bl	10002268 <__wrap_malloc>
10007d66:	4604      	mov	r4, r0
10007d68:	2800      	cmp	r0, #0
10007d6a:	f000 87e1 	beq.w	10008d30 <__svfscanf_r+0x153c>
10007d6e:	6bfb      	ldr	r3, [r7, #60]	@ 0x3c
10007d70:	6030      	str	r0, [r6, #0]
10007d72:	f8b3 8006 	ldrh.w	r8, [r3, #6]
10007d76:	889a      	ldrh	r2, [r3, #4]
10007d78:	4590      	cmp	r8, r2
10007d7a:	f080 8775 	bcs.w	10008c68 <__svfscanf_r+0x1474>
10007d7e:	6818      	ldr	r0, [r3, #0]
10007d80:	6bfb      	ldr	r3, [r7, #60]	@ 0x3c
10007d82:	4621      	mov	r1, r4
10007d84:	f840 6028 	str.w	r6, [r0, r8, lsl #2]
10007d88:	f108 0801 	add.w	r8, r8, #1
10007d8c:	2201      	movs	r2, #1
10007d8e:	f8a3 8006 	strh.w	r8, [r3, #6]
10007d92:	462b      	mov	r3, r5
10007d94:	f8cd a000 	str.w	sl, [sp]
10007d98:	6cb8      	ldr	r0, [r7, #72]	@ 0x48
10007d9a:	f002 ff95 	bl	1000acc8 <_fread_r>
10007d9e:	4604      	mov	r4, r0
10007da0:	2800      	cmp	r0, #0
10007da2:	f43f ad9b 	beq.w	100078dc <__svfscanf_r+0xe8>
10007da6:	4285      	cmp	r5, r0
10007da8:	d905      	bls.n	10007db6 <__svfscanf_r+0x5c2>
10007daa:	4601      	mov	r1, r0
10007dac:	6830      	ldr	r0, [r6, #0]
10007dae:	f7fa fa6d 	bl	1000228c <__wrap_realloc>
10007db2:	b100      	cbz	r0, 10007db6 <__svfscanf_r+0x5c2>
10007db4:	6030      	str	r0, [r6, #0]
10007db6:	44a3      	add	fp, r4
10007db8:	f000 bdef 	b.w	1000899a <__svfscanf_r+0x11a6>
10007dbc:	f8da 3004 	ldr.w	r3, [sl, #4]
10007dc0:	633e      	str	r6, [r7, #48]	@ 0x30
10007dc2:	2b00      	cmp	r3, #0
10007dc4:	4b19      	ldr	r3, [pc, #100]	@ (10007e2c <__svfscanf_r+0x638>)
10007dc6:	e7a2      	b.n	10007d0e <__svfscanf_r+0x51a>
10007dc8:	ea59 0904 	orrs.w	r9, r9, r4
10007dcc:	f47f ad92 	bne.w	100078f4 <__svfscanf_r+0x100>
10007dd0:	7869      	ldrb	r1, [r5, #1]
10007dd2:	2410      	movs	r4, #16
10007dd4:	4635      	mov	r5, r6
10007dd6:	e5a9      	b.n	1000792c <__svfscanf_r+0x138>
10007dd8:	f8da 3004 	ldr.w	r3, [sl, #4]
10007ddc:	f044 0401 	orr.w	r4, r4, #1
10007de0:	633e      	str	r6, [r7, #48]	@ 0x30
10007de2:	2b00      	cmp	r3, #0
10007de4:	f340 87eb 	ble.w	10008dbe <__svfscanf_r+0x15ca>
10007de8:	4b10      	ldr	r3, [pc, #64]	@ (10007e2c <__svfscanf_r+0x638>)
10007dea:	2603      	movs	r6, #3
10007dec:	627b      	str	r3, [r7, #36]	@ 0x24
10007dee:	230a      	movs	r3, #10
10007df0:	637b      	str	r3, [r7, #52]	@ 0x34
10007df2:	e73f      	b.n	10007c74 <__svfscanf_r+0x480>
10007df4:	f8da 3004 	ldr.w	r3, [sl, #4]
10007df8:	f044 0401 	orr.w	r4, r4, #1
10007dfc:	633e      	str	r6, [r7, #48]	@ 0x30
10007dfe:	2b00      	cmp	r3, #0
10007e00:	f340 87cb 	ble.w	10008d9a <__svfscanf_r+0x15a6>
10007e04:	4b08      	ldr	r3, [pc, #32]	@ (10007e28 <__svfscanf_r+0x634>)
10007e06:	2603      	movs	r6, #3
10007e08:	627b      	str	r3, [r7, #36]	@ 0x24
10007e0a:	2308      	movs	r3, #8
10007e0c:	637b      	str	r3, [r7, #52]	@ 0x34
10007e0e:	e731      	b.n	10007c74 <__svfscanf_r+0x480>
10007e10:	f8da 3004 	ldr.w	r3, [sl, #4]
10007e14:	633e      	str	r6, [r7, #48]	@ 0x30
10007e16:	2b00      	cmp	r3, #0
10007e18:	f340 87b6 	ble.w	10008d88 <__svfscanf_r+0x1594>
10007e1c:	f044 0401 	orr.w	r4, r4, #1
10007e20:	2602      	movs	r6, #2
10007e22:	e727      	b.n	10007c74 <__svfscanf_r+0x480>
10007e24:	1000d3f9 	.word	0x1000d3f9
10007e28:	1000a5c1 	.word	0x1000a5c1
10007e2c:	1000a47d 	.word	0x1000a47d
10007e30:	4631      	mov	r1, r6
10007e32:	f107 0070 	add.w	r0, r7, #112	@ 0x70
10007e36:	f002 fc4f 	bl	1000a6d8 <__sccl>
10007e3a:	f8da 3004 	ldr.w	r3, [sl, #4]
10007e3e:	64f8      	str	r0, [r7, #76]	@ 0x4c
10007e40:	2b00      	cmp	r3, #0
10007e42:	f340 8798 	ble.w	10008d76 <__svfscanf_r+0x1582>
10007e46:	f1b9 0f00 	cmp.w	r9, #0
10007e4a:	f004 0310 	and.w	r3, r4, #16
10007e4e:	bf08      	it	eq
10007e50:	f04f 39ff 	moveq.w	r9, #4294967295	@ 0xffffffff
10007e54:	f014 0501 	ands.w	r5, r4, #1
10007e58:	62bb      	str	r3, [r7, #40]	@ 0x28
10007e5a:	f000 8519 	beq.w	10008890 <__svfscanf_r+0x109c>
10007e5e:	2b00      	cmp	r3, #0
10007e60:	f040 8630 	bne.w	10008ac4 <__svfscanf_r+0x12d0>
10007e64:	6afb      	ldr	r3, [r7, #44]	@ 0x2c
10007e66:	0621      	lsls	r1, r4, #24
10007e68:	f853 2b04 	ldr.w	r2, [r3], #4
10007e6c:	613a      	str	r2, [r7, #16]
10007e6e:	62fb      	str	r3, [r7, #44]	@ 0x2c
10007e70:	f140 8779 	bpl.w	10008d66 <__svfscanf_r+0x1572>
10007e74:	2a00      	cmp	r2, #0
10007e76:	f43f ad3d 	beq.w	100078f4 <__svfscanf_r+0x100>
10007e7a:	2080      	movs	r0, #128	@ 0x80
10007e7c:	f7fa f9f4 	bl	10002268 <__wrap_malloc>
10007e80:	4606      	mov	r6, r0
10007e82:	2800      	cmp	r0, #0
10007e84:	f000 8754 	beq.w	10008d30 <__svfscanf_r+0x153c>
10007e88:	693b      	ldr	r3, [r7, #16]
10007e8a:	6018      	str	r0, [r3, #0]
10007e8c:	6bfb      	ldr	r3, [r7, #60]	@ 0x3c
10007e8e:	88dc      	ldrh	r4, [r3, #6]
10007e90:	889d      	ldrh	r5, [r3, #4]
10007e92:	42ac      	cmp	r4, r5
10007e94:	f080 869c 	bcs.w	10008bd0 <__svfscanf_r+0x13dc>
10007e98:	6818      	ldr	r0, [r3, #0]
10007e9a:	693b      	ldr	r3, [r7, #16]
10007e9c:	2201      	movs	r2, #1
10007e9e:	61fe      	str	r6, [r7, #28]
10007ea0:	f840 3024 	str.w	r3, [r0, r4, lsl #2]
10007ea4:	3401      	adds	r4, #1
10007ea6:	6bfb      	ldr	r3, [r7, #60]	@ 0x3c
10007ea8:	80dc      	strh	r4, [r3, #6]
10007eaa:	2320      	movs	r3, #32
10007eac:	e9c7 2305 	strd	r2, r3, [r7, #20]
10007eb0:	f8c7 b038 	str.w	fp, [r7, #56]	@ 0x38
10007eb4:	2400      	movs	r4, #0
10007eb6:	46cb      	mov	fp, r9
10007eb8:	f507 78b8 	add.w	r8, r7, #368	@ 0x170
10007ebc:	6a3d      	ldr	r5, [r7, #32]
10007ebe:	46b1      	mov	r9, r6
10007ec0:	f003 f85a 	bl	1000af78 <__locale_mb_cur_max>
10007ec4:	42a0      	cmp	r0, r4
10007ec6:	f43f ad09 	beq.w	100078dc <__svfscanf_r+0xe8>
10007eca:	2d03      	cmp	r5, #3
10007ecc:	f107 0660 	add.w	r6, r7, #96	@ 0x60
10007ed0:	e9da 3200 	ldrd	r3, r2, [sl]
10007ed4:	f813 1b01 	ldrb.w	r1, [r3], #1
10007ed8:	f102 32ff 	add.w	r2, r2, #4294967295	@ 0xffffffff
10007edc:	f8ca 3000 	str.w	r3, [sl]
10007ee0:	f104 0301 	add.w	r3, r4, #1
10007ee4:	f8ca 2004 	str.w	r2, [sl, #4]
10007ee8:	f808 1004 	strb.w	r1, [r8, r4]
10007eec:	647b      	str	r3, [r7, #68]	@ 0x44
10007eee:	d102      	bne.n	10007ef6 <__svfscanf_r+0x702>
10007ef0:	6833      	ldr	r3, [r6, #0]
10007ef2:	2b04      	cmp	r3, #4
10007ef4:	d004      	beq.n	10007f00 <__svfscanf_r+0x70c>
10007ef6:	2208      	movs	r2, #8
10007ef8:	2100      	movs	r1, #0
10007efa:	4630      	mov	r0, r6
10007efc:	f7ff f92c 	bl	10007158 <memset>
10007f00:	9600      	str	r6, [sp, #0]
10007f02:	4642      	mov	r2, r8
10007f04:	6c7b      	ldr	r3, [r7, #68]	@ 0x44
10007f06:	4649      	mov	r1, r9
10007f08:	6cb8      	ldr	r0, [r7, #72]	@ 0x48
10007f0a:	f003 fab7 	bl	1000b47c <_mbrtowc_r>
10007f0e:	1c43      	adds	r3, r0, #1
10007f10:	4605      	mov	r5, r0
10007f12:	f43f ace3 	beq.w	100078dc <__svfscanf_r+0xe8>
10007f16:	2800      	cmp	r0, #0
10007f18:	f040 81a6 	bne.w	10008268 <__svfscanf_r+0xa74>
10007f1c:	4603      	mov	r3, r0
10007f1e:	f8c9 0000 	str.w	r0, [r9]
10007f22:	2208      	movs	r2, #8
10007f24:	2100      	movs	r1, #0
10007f26:	f107 0068 	add.w	r0, r7, #104	@ 0x68
10007f2a:	633b      	str	r3, [r7, #48]	@ 0x30
10007f2c:	f7ff f914 	bl	10007158 <memset>
10007f30:	6b3b      	ldr	r3, [r7, #48]	@ 0x30
10007f32:	f107 0150 	add.w	r1, r7, #80	@ 0x50
10007f36:	6cb8      	ldr	r0, [r7, #72]	@ 0x48
10007f38:	461a      	mov	r2, r3
10007f3a:	4b65      	ldr	r3, [pc, #404]	@ (100080d0 <__svfscanf_r+0x8dc>)
10007f3c:	f8d3 30e0 	ldr.w	r3, [r3, #224]	@ 0xe0
10007f40:	461c      	mov	r4, r3
10007f42:	f107 0368 	add.w	r3, r7, #104	@ 0x68
10007f46:	47a0      	blx	r4
10007f48:	2801      	cmp	r0, #1
10007f4a:	bf0c      	ite	eq
10007f4c:	f897 3050 	ldrbeq.w	r3, [r7, #80]	@ 0x50
10007f50:	2300      	movne	r3, #0
10007f52:	f107 0270 	add.w	r2, r7, #112	@ 0x70
10007f56:	5cd3      	ldrb	r3, [r2, r3]
10007f58:	2b00      	cmp	r3, #0
10007f5a:	f000 8742 	beq.w	10008de2 <__svfscanf_r+0x15ee>
10007f5e:	6bbb      	ldr	r3, [r7, #56]	@ 0x38
10007f60:	2d03      	cmp	r5, #3
10007f62:	6c7a      	ldr	r2, [r7, #68]	@ 0x44
10007f64:	4413      	add	r3, r2
10007f66:	63bb      	str	r3, [r7, #56]	@ 0x38
10007f68:	d024      	beq.n	10007fb4 <__svfscanf_r+0x7c0>
10007f6a:	6abb      	ldr	r3, [r7, #40]	@ 0x28
10007f6c:	f10b 3bff 	add.w	fp, fp, #4294967295	@ 0xffffffff
10007f70:	b9bb      	cbnz	r3, 10007fa2 <__svfscanf_r+0x7ae>
10007f72:	f109 0904 	add.w	r9, r9, #4
10007f76:	69f8      	ldr	r0, [r7, #28]
10007f78:	69be      	ldr	r6, [r7, #24]
10007f7a:	eba9 0400 	sub.w	r4, r9, r0
10007f7e:	ebb6 0fa4 	cmp.w	r6, r4, asr #2
10007f82:	d80e      	bhi.n	10007fa2 <__svfscanf_r+0x7ae>
10007f84:	697b      	ldr	r3, [r7, #20]
10007f86:	b163      	cbz	r3, 10007fa2 <__svfscanf_r+0x7ae>
10007f88:	00f1      	lsls	r1, r6, #3
10007f8a:	f7fa f97f 	bl	1000228c <__wrap_realloc>
10007f8e:	61f8      	str	r0, [r7, #28]
10007f90:	2800      	cmp	r0, #0
10007f92:	f000 86cd 	beq.w	10008d30 <__svfscanf_r+0x153c>
10007f96:	0072      	lsls	r2, r6, #1
10007f98:	eb00 0904 	add.w	r9, r0, r4
10007f9c:	61ba      	str	r2, [r7, #24]
10007f9e:	693a      	ldr	r2, [r7, #16]
10007fa0:	6010      	str	r0, [r2, #0]
10007fa2:	f8da 3004 	ldr.w	r3, [sl, #4]
10007fa6:	2b00      	cmp	r3, #0
10007fa8:	dd0e      	ble.n	10007fc8 <__svfscanf_r+0x7d4>
10007faa:	f1bb 0f00 	cmp.w	fp, #0
10007fae:	d011      	beq.n	10007fd4 <__svfscanf_r+0x7e0>
10007fb0:	2400      	movs	r4, #0
10007fb2:	e785      	b.n	10007ec0 <__svfscanf_r+0x6cc>
10007fb4:	6833      	ldr	r3, [r6, #0]
10007fb6:	2b04      	cmp	r3, #4
10007fb8:	d1d7      	bne.n	10007f6a <__svfscanf_r+0x776>
10007fba:	6abb      	ldr	r3, [r7, #40]	@ 0x28
10007fbc:	2b00      	cmp	r3, #0
10007fbe:	d0d8      	beq.n	10007f72 <__svfscanf_r+0x77e>
10007fc0:	f8da 3004 	ldr.w	r3, [sl, #4]
10007fc4:	2b00      	cmp	r3, #0
10007fc6:	dcf3      	bgt.n	10007fb0 <__svfscanf_r+0x7bc>
10007fc8:	4651      	mov	r1, sl
10007fca:	6cb8      	ldr	r0, [r7, #72]	@ 0x48
10007fcc:	f002 fb08 	bl	1000a5e0 <__srefill_r>
10007fd0:	2800      	cmp	r0, #0
10007fd2:	d0ea      	beq.n	10007faa <__svfscanf_r+0x7b6>
10007fd4:	f8d7 b038 	ldr.w	fp, [r7, #56]	@ 0x38
10007fd8:	464e      	mov	r6, r9
10007fda:	623d      	str	r5, [r7, #32]
10007fdc:	6abb      	ldr	r3, [r7, #40]	@ 0x28
10007fde:	2b00      	cmp	r3, #0
10007fe0:	f47f ac37 	bne.w	10007852 <__svfscanf_r+0x5e>
10007fe4:	6033      	str	r3, [r6, #0]
10007fe6:	69fb      	ldr	r3, [r7, #28]
10007fe8:	69ba      	ldr	r2, [r7, #24]
10007fea:	1af1      	subs	r1, r6, r3
10007fec:	108b      	asrs	r3, r1, #2
10007fee:	3301      	adds	r3, #1
10007ff0:	429a      	cmp	r2, r3
10007ff2:	d908      	bls.n	10008006 <__svfscanf_r+0x812>
10007ff4:	697b      	ldr	r3, [r7, #20]
10007ff6:	b133      	cbz	r3, 10008006 <__svfscanf_r+0x812>
10007ff8:	693c      	ldr	r4, [r7, #16]
10007ffa:	3104      	adds	r1, #4
10007ffc:	6820      	ldr	r0, [r4, #0]
10007ffe:	f7fa f945 	bl	1000228c <__wrap_realloc>
10008002:	b100      	cbz	r0, 10008006 <__svfscanf_r+0x812>
10008004:	6020      	str	r0, [r4, #0]
10008006:	6c3b      	ldr	r3, [r7, #64]	@ 0x40
10008008:	3301      	adds	r3, #1
1000800a:	643b      	str	r3, [r7, #64]	@ 0x40
1000800c:	e421      	b.n	10007852 <__svfscanf_r+0x5e>
1000800e:	f8da 3004 	ldr.w	r3, [sl, #4]
10008012:	633e      	str	r6, [r7, #48]	@ 0x30
10008014:	2603      	movs	r6, #3
10008016:	2b00      	cmp	r3, #0
10008018:	4b2e      	ldr	r3, [pc, #184]	@ (100080d4 <__svfscanf_r+0x8e0>)
1000801a:	627b      	str	r3, [r7, #36]	@ 0x24
1000801c:	f04f 0300 	mov.w	r3, #0
10008020:	637b      	str	r3, [r7, #52]	@ 0x34
10008022:	f73f ae27 	bgt.w	10007c74 <__svfscanf_r+0x480>
10008026:	e679      	b.n	10007d1c <__svfscanf_r+0x528>
10008028:	f8da 3004 	ldr.w	r3, [sl, #4]
1000802c:	633e      	str	r6, [r7, #48]	@ 0x30
1000802e:	2603      	movs	r6, #3
10008030:	2b00      	cmp	r3, #0
10008032:	4b29      	ldr	r3, [pc, #164]	@ (100080d8 <__svfscanf_r+0x8e4>)
10008034:	627b      	str	r3, [r7, #36]	@ 0x24
10008036:	f04f 0308 	mov.w	r3, #8
1000803a:	637b      	str	r3, [r7, #52]	@ 0x34
1000803c:	f73f ae1a 	bgt.w	10007c74 <__svfscanf_r+0x480>
10008040:	e66c      	b.n	10007d1c <__svfscanf_r+0x528>
10008042:	0721      	lsls	r1, r4, #28
10008044:	f47f ac56 	bne.w	100078f4 <__svfscanf_r+0x100>
10008048:	7869      	ldrb	r1, [r5, #1]
1000804a:	296c      	cmp	r1, #108	@ 0x6c
1000804c:	f000 85d3 	beq.w	10008bf6 <__svfscanf_r+0x1402>
10008050:	f044 0401 	orr.w	r4, r4, #1
10008054:	4635      	mov	r5, r6
10008056:	e469      	b.n	1000792c <__svfscanf_r+0x138>
10008058:	f8da 3004 	ldr.w	r3, [sl, #4]
1000805c:	f444 7408 	orr.w	r4, r4, #544	@ 0x220
10008060:	633e      	str	r6, [r7, #48]	@ 0x30
10008062:	2b00      	cmp	r3, #0
10008064:	f73f ae41 	bgt.w	10007cea <__svfscanf_r+0x4f6>
10008068:	4651      	mov	r1, sl
1000806a:	6cb8      	ldr	r0, [r7, #72]	@ 0x48
1000806c:	f002 fab8 	bl	1000a5e0 <__srefill_r>
10008070:	2800      	cmp	r0, #0
10008072:	f43f ae3a 	beq.w	10007cea <__svfscanf_r+0x4f6>
10008076:	e431      	b.n	100078dc <__svfscanf_r+0xe8>
10008078:	0723      	lsls	r3, r4, #28
1000807a:	f47f ac3b 	bne.w	100078f4 <__svfscanf_r+0x100>
1000807e:	7869      	ldrb	r1, [r5, #1]
10008080:	2968      	cmp	r1, #104	@ 0x68
10008082:	f000 85be 	beq.w	10008c02 <__svfscanf_r+0x140e>
10008086:	f044 0404 	orr.w	r4, r4, #4
1000808a:	4635      	mov	r5, r6
1000808c:	e44e      	b.n	1000792c <__svfscanf_r+0x138>
1000808e:	06e1      	lsls	r1, r4, #27
10008090:	633e      	str	r6, [r7, #48]	@ 0x30
10008092:	f100 80d3 	bmi.w	1000823c <__svfscanf_r+0xa48>
10008096:	6afa      	ldr	r2, [r7, #44]	@ 0x2c
10008098:	f852 3b04 	ldr.w	r3, [r2], #4
1000809c:	62fa      	str	r2, [r7, #44]	@ 0x2c
1000809e:	0722      	lsls	r2, r4, #28
100080a0:	f100 85de 	bmi.w	10008c60 <__svfscanf_r+0x146c>
100080a4:	0766      	lsls	r6, r4, #29
100080a6:	f140 86c9 	bpl.w	10008e3c <__svfscanf_r+0x1648>
100080aa:	f8a3 b000 	strh.w	fp, [r3]
100080ae:	6b3b      	ldr	r3, [r7, #48]	@ 0x30
100080b0:	64fb      	str	r3, [r7, #76]	@ 0x4c
100080b2:	f7ff bbce 	b.w	10007852 <__svfscanf_r+0x5e>
100080b6:	f014 038f 	ands.w	r3, r4, #143	@ 0x8f
100080ba:	f47f ac1b 	bne.w	100078f4 <__svfscanf_r+0x100>
100080be:	6bf9      	ldr	r1, [r7, #60]	@ 0x3c
100080c0:	2900      	cmp	r1, #0
100080c2:	f000 85fb 	beq.w	10008cbc <__svfscanf_r+0x14c8>
100080c6:	7869      	ldrb	r1, [r5, #1]
100080c8:	f044 0480 	orr.w	r4, r4, #128	@ 0x80
100080cc:	4635      	mov	r5, r6
100080ce:	e42d      	b.n	1000792c <__svfscanf_r+0x138>
100080d0:	20001afc 	.word	0x20001afc
100080d4:	1000a47d 	.word	0x1000a47d
100080d8:	1000a5c1 	.word	0x1000a5c1
100080dc:	f8da 3004 	ldr.w	r3, [sl, #4]
100080e0:	f044 0441 	orr.w	r4, r4, #65	@ 0x41
100080e4:	633e      	str	r6, [r7, #48]	@ 0x30
100080e6:	2b00      	cmp	r3, #0
100080e8:	f340 8660 	ble.w	10008dac <__svfscanf_r+0x15b8>
100080ec:	464d      	mov	r5, r9
100080ee:	2d01      	cmp	r5, #1
100080f0:	bf38      	it	cc
100080f2:	2501      	movcc	r5, #1
100080f4:	f014 0310 	ands.w	r3, r4, #16
100080f8:	64fb      	str	r3, [r7, #76]	@ 0x4c
100080fa:	f040 850c 	bne.w	10008b16 <__svfscanf_r+0x1322>
100080fe:	6afb      	ldr	r3, [r7, #44]	@ 0x2c
10008100:	f853 2b04 	ldr.w	r2, [r3], #4
10008104:	62fb      	str	r3, [r7, #44]	@ 0x2c
10008106:	0623      	lsls	r3, r4, #24
10008108:	61fa      	str	r2, [r7, #28]
1000810a:	f140 8624 	bpl.w	10008d56 <__svfscanf_r+0x1562>
1000810e:	2a00      	cmp	r2, #0
10008110:	f43f abf0 	beq.w	100078f4 <__svfscanf_r+0x100>
10008114:	2080      	movs	r0, #128	@ 0x80
10008116:	f7fa f8a7 	bl	10002268 <__wrap_malloc>
1000811a:	4606      	mov	r6, r0
1000811c:	2800      	cmp	r0, #0
1000811e:	f000 8607 	beq.w	10008d30 <__svfscanf_r+0x153c>
10008122:	69fb      	ldr	r3, [r7, #28]
10008124:	6018      	str	r0, [r3, #0]
10008126:	6bfb      	ldr	r3, [r7, #60]	@ 0x3c
10008128:	88dc      	ldrh	r4, [r3, #6]
1000812a:	f8b3 8004 	ldrh.w	r8, [r3, #4]
1000812e:	4544      	cmp	r4, r8
10008130:	f080 84fc 	bcs.w	10008b2c <__svfscanf_r+0x1338>
10008134:	6818      	ldr	r0, [r3, #0]
10008136:	69fb      	ldr	r3, [r7, #28]
10008138:	46b1      	mov	r9, r6
1000813a:	f840 3024 	str.w	r3, [r0, r4, lsl #2]
1000813e:	3401      	adds	r4, #1
10008140:	6bfb      	ldr	r3, [r7, #60]	@ 0x3c
10008142:	80dc      	strh	r4, [r3, #6]
10008144:	2301      	movs	r3, #1
10008146:	62bb      	str	r3, [r7, #40]	@ 0x28
10008148:	2320      	movs	r3, #32
1000814a:	647b      	str	r3, [r7, #68]	@ 0x44
1000814c:	f8c7 9038 	str.w	r9, [r7, #56]	@ 0x38
10008150:	2400      	movs	r4, #0
10008152:	f507 78b8 	add.w	r8, r7, #368	@ 0x170
10008156:	f8d7 9020 	ldr.w	r9, [r7, #32]
1000815a:	f002 ff0d 	bl	1000af78 <__locale_mb_cur_max>
1000815e:	42a0      	cmp	r0, r4
10008160:	f43f abbc 	beq.w	100078dc <__svfscanf_r+0xe8>
10008164:	f1b9 0f03 	cmp.w	r9, #3
10008168:	e9da 2100 	ldrd	r2, r1, [sl]
1000816c:	f812 0b01 	ldrb.w	r0, [r2], #1
10008170:	f101 31ff 	add.w	r1, r1, #4294967295	@ 0xffffffff
10008174:	f808 0004 	strb.w	r0, [r8, r4]
10008178:	f104 0401 	add.w	r4, r4, #1
1000817c:	f8ca 1004 	str.w	r1, [sl, #4]
10008180:	f8ca 2000 	str.w	r2, [sl]
10008184:	d102      	bne.n	1000818c <__svfscanf_r+0x998>
10008186:	6ebb      	ldr	r3, [r7, #104]	@ 0x68
10008188:	2b04      	cmp	r3, #4
1000818a:	d005      	beq.n	10008198 <__svfscanf_r+0x9a4>
1000818c:	2208      	movs	r2, #8
1000818e:	2100      	movs	r1, #0
10008190:	f107 0068 	add.w	r0, r7, #104	@ 0x68
10008194:	f7fe ffe0 	bl	10007158 <memset>
10008198:	f107 0368 	add.w	r3, r7, #104	@ 0x68
1000819c:	4642      	mov	r2, r8
1000819e:	4631      	mov	r1, r6
100081a0:	9300      	str	r3, [sp, #0]
100081a2:	4623      	mov	r3, r4
100081a4:	6cb8      	ldr	r0, [r7, #72]	@ 0x48
100081a6:	f003 f969 	bl	1000b47c <_mbrtowc_r>
100081aa:	f1b0 3fff 	cmp.w	r0, #4294967295	@ 0xffffffff
100081ae:	4681      	mov	r9, r0
100081b0:	f43f ab94 	beq.w	100078dc <__svfscanf_r+0xe8>
100081b4:	2800      	cmp	r0, #0
100081b6:	d148      	bne.n	1000824a <__svfscanf_r+0xa56>
100081b8:	6cfb      	ldr	r3, [r7, #76]	@ 0x4c
100081ba:	44a3      	add	fp, r4
100081bc:	3d01      	subs	r5, #1
100081be:	b9b3      	cbnz	r3, 100081ee <__svfscanf_r+0x9fa>
100081c0:	6033      	str	r3, [r6, #0]
100081c2:	6bb8      	ldr	r0, [r7, #56]	@ 0x38
100081c4:	6c7b      	ldr	r3, [r7, #68]	@ 0x44
100081c6:	1a34      	subs	r4, r6, r0
100081c8:	ebb3 0fa4 	cmp.w	r3, r4, asr #2
100081cc:	d80e      	bhi.n	100081ec <__svfscanf_r+0x9f8>
100081ce:	6aba      	ldr	r2, [r7, #40]	@ 0x28
100081d0:	b162      	cbz	r2, 100081ec <__svfscanf_r+0x9f8>
100081d2:	00d9      	lsls	r1, r3, #3
100081d4:	f7fa f85a 	bl	1000228c <__wrap_realloc>
100081d8:	63b8      	str	r0, [r7, #56]	@ 0x38
100081da:	2800      	cmp	r0, #0
100081dc:	f000 85a8 	beq.w	10008d30 <__svfscanf_r+0x153c>
100081e0:	6c7b      	ldr	r3, [r7, #68]	@ 0x44
100081e2:	1906      	adds	r6, r0, r4
100081e4:	005b      	lsls	r3, r3, #1
100081e6:	647b      	str	r3, [r7, #68]	@ 0x44
100081e8:	69fb      	ldr	r3, [r7, #28]
100081ea:	6018      	str	r0, [r3, #0]
100081ec:	3604      	adds	r6, #4
100081ee:	f8da 2004 	ldr.w	r2, [sl, #4]
100081f2:	2a00      	cmp	r2, #0
100081f4:	dd09      	ble.n	1000820a <__svfscanf_r+0xa16>
100081f6:	b175      	cbz	r5, 10008216 <__svfscanf_r+0xa22>
100081f8:	2400      	movs	r4, #0
100081fa:	e7ae      	b.n	1000815a <__svfscanf_r+0x966>
100081fc:	6cfb      	ldr	r3, [r7, #76]	@ 0x4c
100081fe:	2b00      	cmp	r3, #0
10008200:	d0df      	beq.n	100081c2 <__svfscanf_r+0x9ce>
10008202:	f8da 2004 	ldr.w	r2, [sl, #4]
10008206:	2a00      	cmp	r2, #0
10008208:	dcf6      	bgt.n	100081f8 <__svfscanf_r+0xa04>
1000820a:	4651      	mov	r1, sl
1000820c:	6cb8      	ldr	r0, [r7, #72]	@ 0x48
1000820e:	f002 f9e7 	bl	1000a5e0 <__srefill_r>
10008212:	2800      	cmp	r0, #0
10008214:	d0ef      	beq.n	100081f6 <__svfscanf_r+0xa02>
10008216:	f8c7 9020 	str.w	r9, [r7, #32]
1000821a:	f8d7 9038 	ldr.w	r9, [r7, #56]	@ 0x38
1000821e:	eba6 0109 	sub.w	r1, r6, r9
10008222:	6c7b      	ldr	r3, [r7, #68]	@ 0x44
10008224:	ebb3 0fa1 	cmp.w	r3, r1, asr #2
10008228:	d903      	bls.n	10008232 <__svfscanf_r+0xa3e>
1000822a:	6abb      	ldr	r3, [r7, #40]	@ 0x28
1000822c:	2b00      	cmp	r3, #0
1000822e:	f040 8536 	bne.w	10008c9e <__svfscanf_r+0x14aa>
10008232:	6cfb      	ldr	r3, [r7, #76]	@ 0x4c
10008234:	b913      	cbnz	r3, 1000823c <__svfscanf_r+0xa48>
10008236:	6c3b      	ldr	r3, [r7, #64]	@ 0x40
10008238:	3301      	adds	r3, #1
1000823a:	643b      	str	r3, [r7, #64]	@ 0x40
1000823c:	6b3b      	ldr	r3, [r7, #48]	@ 0x30
1000823e:	64fb      	str	r3, [r7, #76]	@ 0x4c
10008240:	f7ff bb07 	b.w	10007852 <__svfscanf_r+0x5e>
10008244:	64fe      	str	r6, [r7, #76]	@ 0x4c
10008246:	f7ff bb21 	b.w	1000788c <__svfscanf_r+0x98>
1000824a:	f110 0f02 	cmn.w	r0, #2
1000824e:	f000 82fa 	beq.w	10008846 <__svfscanf_r+0x1052>
10008252:	2803      	cmp	r0, #3
10008254:	44a3      	add	fp, r4
10008256:	d102      	bne.n	1000825e <__svfscanf_r+0xa6a>
10008258:	6eba      	ldr	r2, [r7, #104]	@ 0x68
1000825a:	2a04      	cmp	r2, #4
1000825c:	d0ce      	beq.n	100081fc <__svfscanf_r+0xa08>
1000825e:	6cfb      	ldr	r3, [r7, #76]	@ 0x4c
10008260:	3d01      	subs	r5, #1
10008262:	2b00      	cmp	r3, #0
10008264:	d0ad      	beq.n	100081c2 <__svfscanf_r+0x9ce>
10008266:	e7c2      	b.n	100081ee <__svfscanf_r+0x9fa>
10008268:	1c84      	adds	r4, r0, #2
1000826a:	f000 8301 	beq.w	10008870 <__svfscanf_r+0x107c>
1000826e:	f8d9 3000 	ldr.w	r3, [r9]
10008272:	1c58      	adds	r0, r3, #1
10008274:	f47f ae55 	bne.w	10007f22 <__svfscanf_r+0x72e>
10008278:	e66b      	b.n	10007f52 <__svfscanf_r+0x75e>
1000827a:	f109 33ff 	add.w	r3, r9, #4294967295	@ 0xffffffff
1000827e:	f5b3 7fae 	cmp.w	r3, #348	@ 0x15c
10008282:	f240 82fd 	bls.w	10008880 <__svfscanf_r+0x108c>
10008286:	f46f 72ae 	mvn.w	r2, #348	@ 0x15c
1000828a:	eb09 0802 	add.w	r8, r9, r2
1000828e:	f240 195d 	movw	r9, #349	@ 0x15d
10008292:	f507 73b8 	add.w	r3, r7, #368	@ 0x170
10008296:	2200      	movs	r2, #0
10008298:	4656      	mov	r6, sl
1000829a:	f8c7 804c 	str.w	r8, [r7, #76]	@ 0x4c
1000829e:	f444 6458 	orr.w	r4, r4, #3456	@ 0xd80
100082a2:	461d      	mov	r5, r3
100082a4:	f8d7 8034 	ldr.w	r8, [r7, #52]	@ 0x34
100082a8:	4692      	mov	sl, r2
100082aa:	62bb      	str	r3, [r7, #40]	@ 0x28
100082ac:	6832      	ldr	r2, [r6, #0]
100082ae:	7810      	ldrb	r0, [r2, #0]
100082b0:	f1a0 032b 	sub.w	r3, r0, #43	@ 0x2b
100082b4:	2b4d      	cmp	r3, #77	@ 0x4d
100082b6:	d861      	bhi.n	1000837c <__svfscanf_r+0xb88>
100082b8:	e8df f013 	tbh	[pc, r3, lsl #1]
100082bc:	00600277 	.word	0x00600277
100082c0:	00600277 	.word	0x00600277
100082c4:	02a20060 	.word	0x02a20060
100082c8:	01a301a3 	.word	0x01a301a3
100082cc:	01a301a3 	.word	0x01a301a3
100082d0:	01a301a3 	.word	0x01a301a3
100082d4:	027d01a3 	.word	0x027d01a3
100082d8:	0060027d 	.word	0x0060027d
100082dc:	00600060 	.word	0x00600060
100082e0:	00600060 	.word	0x00600060
100082e4:	00600060 	.word	0x00600060
100082e8:	004e004e 	.word	0x004e004e
100082ec:	004e004e 	.word	0x004e004e
100082f0:	004e004e 	.word	0x004e004e
100082f4:	00600060 	.word	0x00600060
100082f8:	00600060 	.word	0x00600060
100082fc:	00600060 	.word	0x00600060
10008300:	00600060 	.word	0x00600060
10008304:	00600060 	.word	0x00600060
10008308:	00600060 	.word	0x00600060
1000830c:	00600060 	.word	0x00600060
10008310:	00600060 	.word	0x00600060
10008314:	02850060 	.word	0x02850060
10008318:	00600060 	.word	0x00600060
1000831c:	00600060 	.word	0x00600060
10008320:	00600060 	.word	0x00600060
10008324:	00600060 	.word	0x00600060
10008328:	004e004e 	.word	0x004e004e
1000832c:	004e004e 	.word	0x004e004e
10008330:	004e004e 	.word	0x004e004e
10008334:	00600060 	.word	0x00600060
10008338:	00600060 	.word	0x00600060
1000833c:	00600060 	.word	0x00600060
10008340:	00600060 	.word	0x00600060
10008344:	00600060 	.word	0x00600060
10008348:	00600060 	.word	0x00600060
1000834c:	00600060 	.word	0x00600060
10008350:	00600060 	.word	0x00600060
10008354:	02850060 	.word	0x02850060
10008358:	f1b8 0f0a 	cmp.w	r8, #10
1000835c:	dd0e      	ble.n	1000837c <__svfscanf_r+0xb88>
1000835e:	f424 6438 	bic.w	r4, r4, #2944	@ 0xb80
10008362:	f805 0b01 	strb.w	r0, [r5], #1
10008366:	6873      	ldr	r3, [r6, #4]
10008368:	3b01      	subs	r3, #1
1000836a:	2b00      	cmp	r3, #0
1000836c:	6073      	str	r3, [r6, #4]
1000836e:	f340 8262 	ble.w	10008836 <__svfscanf_r+0x1042>
10008372:	3201      	adds	r2, #1
10008374:	6032      	str	r2, [r6, #0]
10008376:	f1b9 0901 	subs.w	r9, r9, #1
1000837a:	d197      	bne.n	100082ac <__svfscanf_r+0xab8>
1000837c:	05e1      	lsls	r1, r4, #23
1000837e:	46d1      	mov	r9, sl
10008380:	f8c7 8034 	str.w	r8, [r7, #52]	@ 0x34
10008384:	46b2      	mov	sl, r6
10008386:	d507      	bpl.n	10008398 <__svfscanf_r+0xba4>
10008388:	6abb      	ldr	r3, [r7, #40]	@ 0x28
1000838a:	429d      	cmp	r5, r3
1000838c:	f200 8364 	bhi.w	10008a58 <__svfscanf_r+0x1264>
10008390:	6abb      	ldr	r3, [r7, #40]	@ 0x28
10008392:	429d      	cmp	r5, r3
10008394:	f43f aaae 	beq.w	100078f4 <__svfscanf_r+0x100>
10008398:	f014 0210 	ands.w	r2, r4, #16
1000839c:	d116      	bne.n	100083cc <__svfscanf_r+0xbd8>
1000839e:	6b7b      	ldr	r3, [r7, #52]	@ 0x34
100083a0:	702a      	strb	r2, [r5, #0]
100083a2:	6ab9      	ldr	r1, [r7, #40]	@ 0x28
100083a4:	6cb8      	ldr	r0, [r7, #72]	@ 0x48
100083a6:	6a7e      	ldr	r6, [r7, #36]	@ 0x24
100083a8:	47b0      	blx	r6
100083aa:	6afb      	ldr	r3, [r7, #44]	@ 0x2c
100083ac:	06a2      	lsls	r2, r4, #26
100083ae:	f103 0804 	add.w	r8, r3, #4
100083b2:	f100 830e 	bmi.w	100089d2 <__svfscanf_r+0x11de>
100083b6:	0723      	lsls	r3, r4, #28
100083b8:	f140 842d 	bpl.w	10008c16 <__svfscanf_r+0x1422>
100083bc:	6afb      	ldr	r3, [r7, #44]	@ 0x2c
100083be:	681b      	ldr	r3, [r3, #0]
100083c0:	7018      	strb	r0, [r3, #0]
100083c2:	6c3b      	ldr	r3, [r7, #64]	@ 0x40
100083c4:	f8c7 802c 	str.w	r8, [r7, #44]	@ 0x2c
100083c8:	3301      	adds	r3, #1
100083ca:	643b      	str	r3, [r7, #64]	@ 0x40
100083cc:	6abb      	ldr	r3, [r7, #40]	@ 0x28
100083ce:	1aed      	subs	r5, r5, r3
100083d0:	6b3b      	ldr	r3, [r7, #48]	@ 0x30
100083d2:	444d      	add	r5, r9
100083d4:	64fb      	str	r3, [r7, #76]	@ 0x4c
100083d6:	44ab      	add	fp, r5
100083d8:	f7ff ba3b 	b.w	10007852 <__svfscanf_r+0x5e>
100083dc:	6cb8      	ldr	r0, [r7, #72]	@ 0x48
100083de:	f002 fdd1 	bl	1000af84 <_localeconv_r>
100083e2:	6803      	ldr	r3, [r0, #0]
100083e4:	61fb      	str	r3, [r7, #28]
100083e6:	f109 33ff 	add.w	r3, r9, #4294967295	@ 0xffffffff
100083ea:	f5b3 7fae 	cmp.w	r3, #348	@ 0x15c
100083ee:	f240 82ec 	bls.w	100089ca <__svfscanf_r+0x11d6>
100083f2:	f46f 70ae 	mvn.w	r0, #348	@ 0x15c
100083f6:	eb09 0300 	add.w	r3, r9, r0
100083fa:	f240 195d 	movw	r9, #349	@ 0x15d
100083fe:	60fb      	str	r3, [r7, #12]
10008400:	2600      	movs	r6, #0
10008402:	f507 73b8 	add.w	r3, r7, #368	@ 0x170
10008406:	f444 64f0 	orr.w	r4, r4, #1920	@ 0x780
1000840a:	647e      	str	r6, [r7, #68]	@ 0x44
1000840c:	461d      	mov	r5, r3
1000840e:	63be      	str	r6, [r7, #56]	@ 0x38
10008410:	61be      	str	r6, [r7, #24]
10008412:	64fe      	str	r6, [r7, #76]	@ 0x4c
10008414:	62bb      	str	r3, [r7, #40]	@ 0x28
10008416:	e9c7 6604 	strd	r6, r6, [r7, #16]
1000841a:	464e      	mov	r6, r9
1000841c:	f8da 1000 	ldr.w	r1, [sl]
10008420:	780a      	ldrb	r2, [r1, #0]
10008422:	f1a2 032b 	sub.w	r3, r2, #43	@ 0x2b
10008426:	2b4e      	cmp	r3, #78	@ 0x4e
10008428:	d850      	bhi.n	100084cc <__svfscanf_r+0xcd8>
1000842a:	e8df f013 	tbh	[pc, r3, lsl #1]
1000842e:	01b8      	.short	0x01b8
10008430:	01b8004f 	.word	0x01b8004f
10008434:	004f004f 	.word	0x004f004f
10008438:	009e01d9 	.word	0x009e01d9
1000843c:	009e009e 	.word	0x009e009e
10008440:	009e009e 	.word	0x009e009e
10008444:	009e009e 	.word	0x009e009e
10008448:	009e009e 	.word	0x009e009e
1000844c:	004f004f 	.word	0x004f004f
10008450:	004f004f 	.word	0x004f004f
10008454:	004f004f 	.word	0x004f004f
10008458:	0147004f 	.word	0x0147004f
1000845c:	009c009c 	.word	0x009c009c
10008460:	0144009c 	.word	0x0144009c
10008464:	004f01aa 	.word	0x004f01aa
10008468:	0155004f 	.word	0x0155004f
1000846c:	004f004f 	.word	0x004f004f
10008470:	004f004f 	.word	0x004f004f
10008474:	004f0125 	.word	0x004f0125
10008478:	004f010a 	.word	0x004f010a
1000847c:	004f004f 	.word	0x004f004f
10008480:	004f0103 	.word	0x004f0103
10008484:	004f004f 	.word	0x004f004f
10008488:	013d00f0 	.word	0x013d00f0
1000848c:	004f004f 	.word	0x004f004f
10008490:	004f004f 	.word	0x004f004f
10008494:	004f004f 	.word	0x004f004f
10008498:	0147004f 	.word	0x0147004f
1000849c:	009c009c 	.word	0x009c009c
100084a0:	0144009c 	.word	0x0144009c
100084a4:	004f01aa 	.word	0x004f01aa
100084a8:	0155004f 	.word	0x0155004f
100084ac:	004f004f 	.word	0x004f004f
100084b0:	004f004f 	.word	0x004f004f
100084b4:	004f0125 	.word	0x004f0125
100084b8:	004f010a 	.word	0x004f010a
100084bc:	004f004f 	.word	0x004f004f
100084c0:	004f0103 	.word	0x004f0103
100084c4:	004f004f 	.word	0x004f004f
100084c8:	013d00f0 	.word	0x013d00f0
100084cc:	05a0      	lsls	r0, r4, #22
100084ce:	d569      	bpl.n	100085a4 <__svfscanf_r+0xdb0>
100084d0:	69f8      	ldr	r0, [r7, #28]
100084d2:	7803      	ldrb	r3, [r0, #0]
100084d4:	4293      	cmp	r3, r2
100084d6:	d165      	bne.n	100085a4 <__svfscanf_r+0xdb0>
100084d8:	4681      	mov	r9, r0
100084da:	f04f 0800 	mov.w	r8, #0
100084de:	e9c7 6501 	strd	r6, r5, [r7, #4]
100084e2:	4656      	mov	r6, sl
100084e4:	46a2      	mov	sl, r4
100084e6:	e006      	b.n	100084f6 <__svfscanf_r+0xd02>
100084e8:	6031      	str	r1, [r6, #0]
100084ea:	f899 0000 	ldrb.w	r0, [r9]
100084ee:	f891 e000 	ldrb.w	lr, [r1]
100084f2:	4586      	cmp	lr, r0
100084f4:	d11c      	bne.n	10008530 <__svfscanf_r+0xd3c>
100084f6:	f819 0f01 	ldrb.w	r0, [r9, #1]!
100084fa:	4645      	mov	r5, r8
100084fc:	465c      	mov	r4, fp
100084fe:	3101      	adds	r1, #1
10008500:	f108 0801 	add.w	r8, r8, #1
10008504:	f10b 0b01 	add.w	fp, fp, #1
10008508:	2800      	cmp	r0, #0
1000850a:	f000 824d 	beq.w	100089a8 <__svfscanf_r+0x11b4>
1000850e:	6870      	ldr	r0, [r6, #4]
10008510:	3801      	subs	r0, #1
10008512:	2800      	cmp	r0, #0
10008514:	6070      	str	r0, [r6, #4]
10008516:	dce7      	bgt.n	100084e8 <__svfscanf_r+0xcf4>
10008518:	4631      	mov	r1, r6
1000851a:	6cb8      	ldr	r0, [r7, #72]	@ 0x48
1000851c:	f002 f860 	bl	1000a5e0 <__srefill_r>
10008520:	b930      	cbnz	r0, 10008530 <__svfscanf_r+0xd3c>
10008522:	6831      	ldr	r1, [r6, #0]
10008524:	f899 0000 	ldrb.w	r0, [r9]
10008528:	f891 e000 	ldrb.w	lr, [r1]
1000852c:	4586      	cmp	lr, r0
1000852e:	d0e2      	beq.n	100084f6 <__svfscanf_r+0xd02>
10008530:	69fb      	ldr	r3, [r7, #28]
10008532:	462a      	mov	r2, r5
10008534:	60fc      	str	r4, [r7, #12]
10008536:	4654      	mov	r4, sl
10008538:	4498      	add	r8, r3
1000853a:	46b2      	mov	sl, r6
1000853c:	68bd      	ldr	r5, [r7, #8]
1000853e:	4699      	mov	r9, r3
10008540:	6cfe      	ldr	r6, [r7, #76]	@ 0x4c
10008542:	f8d7 b048 	ldr.w	fp, [r7, #72]	@ 0x48
10008546:	64fc      	str	r4, [r7, #76]	@ 0x4c
10008548:	4644      	mov	r4, r8
1000854a:	4690      	mov	r8, r2
1000854c:	f814 1d01 	ldrb.w	r1, [r4, #-1]!
10008550:	4652      	mov	r2, sl
10008552:	4658      	mov	r0, fp
10008554:	f002 fb26 	bl	1000aba4 <_ungetc_r>
10008558:	45a1      	cmp	r9, r4
1000855a:	d1f7      	bne.n	1000854c <__svfscanf_r+0xd58>
1000855c:	68fb      	ldr	r3, [r7, #12]
1000855e:	6cfc      	ldr	r4, [r7, #76]	@ 0x4c
10008560:	eba3 0b08 	sub.w	fp, r3, r8
10008564:	e01f      	b.n	100085a6 <__svfscanf_r+0xdb2>
10008566:	0523      	lsls	r3, r4, #20
10008568:	d51c      	bpl.n	100085a4 <__svfscanf_r+0xdb0>
1000856a:	6c7b      	ldr	r3, [r7, #68]	@ 0x44
1000856c:	6cf9      	ldr	r1, [r7, #76]	@ 0x4c
1000856e:	185b      	adds	r3, r3, r1
10008570:	d118      	bne.n	100085a4 <__svfscanf_r+0xdb0>
10008572:	f424 74c0 	bic.w	r4, r4, #384	@ 0x180
10008576:	64fb      	str	r3, [r7, #76]	@ 0x4c
10008578:	647b      	str	r3, [r7, #68]	@ 0x44
1000857a:	f805 2b01 	strb.w	r2, [r5], #1
1000857e:	3e01      	subs	r6, #1
10008580:	f8da 3004 	ldr.w	r3, [sl, #4]
10008584:	f10b 0b01 	add.w	fp, fp, #1
10008588:	3b01      	subs	r3, #1
1000858a:	2b00      	cmp	r3, #0
1000858c:	f8ca 3004 	str.w	r3, [sl, #4]
10008590:	f340 8146 	ble.w	10008820 <__svfscanf_r+0x102c>
10008594:	f8da 3000 	ldr.w	r3, [sl]
10008598:	3301      	adds	r3, #1
1000859a:	f8ca 3000 	str.w	r3, [sl]
1000859e:	2e00      	cmp	r6, #0
100085a0:	f47f af3c 	bne.w	1000841c <__svfscanf_r+0xc28>
100085a4:	6cfe      	ldr	r6, [r7, #76]	@ 0x4c
100085a6:	6c7b      	ldr	r3, [r7, #68]	@ 0x44
100085a8:	6bba      	ldr	r2, [r7, #56]	@ 0x38
100085aa:	3b01      	subs	r3, #1
100085ac:	2a00      	cmp	r2, #0
100085ae:	f000 80a4 	beq.w	100086fa <__svfscanf_r+0xf06>
100085b2:	2b01      	cmp	r3, #1
100085b4:	f424 7480 	bic.w	r4, r4, #256	@ 0x100
100085b8:	f240 8452 	bls.w	10008e60 <__svfscanf_r+0x166c>
100085bc:	1e73      	subs	r3, r6, #1
100085be:	2b06      	cmp	r3, #6
100085c0:	f240 82ca 	bls.w	10008b58 <__svfscanf_r+0x1364>
100085c4:	f014 0310 	ands.w	r3, r4, #16
100085c8:	f47f ae38 	bne.w	1000823c <__svfscanf_r+0xa48>
100085cc:	702b      	strb	r3, [r5, #0]
100085ce:	f404 63c0 	and.w	r3, r4, #1536	@ 0x600
100085d2:	f5b3 6f80 	cmp.w	r3, #1024	@ 0x400
100085d6:	f040 80b2 	bne.w	1000873e <__svfscanf_r+0xf4a>
100085da:	69bb      	ldr	r3, [r7, #24]
100085dc:	6bba      	ldr	r2, [r7, #56]	@ 0x38
100085de:	4293      	cmp	r3, r2
100085e0:	f000 80b1 	beq.w	10008746 <__svfscanf_r+0xf52>
100085e4:	1a9a      	subs	r2, r3, r2
100085e6:	617d      	str	r5, [r7, #20]
100085e8:	f207 23c3 	addw	r3, r7, #707	@ 0x2c3
100085ec:	6979      	ldr	r1, [r7, #20]
100085ee:	4299      	cmp	r1, r3
100085f0:	d302      	bcc.n	100085f8 <__svfscanf_r+0xe04>
100085f2:	f207 23c2 	addw	r3, r7, #706	@ 0x2c2
100085f6:	617b      	str	r3, [r7, #20]
100085f8:	6978      	ldr	r0, [r7, #20]
100085fa:	49a3      	ldr	r1, [pc, #652]	@ (10008888 <__svfscanf_r+0x1094>)
100085fc:	f7fb f9b0 	bl	10003960 <__wrap_sprintf>
10008600:	e0a1      	b.n	10008746 <__svfscanf_r+0xf52>
10008602:	4ba2      	ldr	r3, [pc, #648]	@ (1000888c <__svfscanf_r+0x1098>)
10008604:	f424 6438 	bic.w	r4, r4, #2944	@ 0xb80
10008608:	f933 8018 	ldrsh.w	r8, [r3, r8, lsl #1]
1000860c:	e6a9      	b.n	10008362 <__svfscanf_r+0xb6e>
1000860e:	f404 6318 	and.w	r3, r4, #2432	@ 0x980
10008612:	f5b3 7f80 	cmp.w	r3, #256	@ 0x100
10008616:	d1c5      	bne.n	100085a4 <__svfscanf_r+0xdb0>
10008618:	6bbb      	ldr	r3, [r7, #56]	@ 0x38
1000861a:	2b01      	cmp	r3, #1
1000861c:	d1c2      	bne.n	100085a4 <__svfscanf_r+0xdb0>
1000861e:	2330      	movs	r3, #48	@ 0x30
10008620:	f424 7480 	bic.w	r4, r4, #256	@ 0x100
10008624:	3e01      	subs	r6, #1
10008626:	f805 3b01 	strb.w	r3, [r5], #1
1000862a:	2300      	movs	r3, #0
1000862c:	f444 6400 	orr.w	r4, r4, #2048	@ 0x800
10008630:	63bb      	str	r3, [r7, #56]	@ 0x38
10008632:	e7a2      	b.n	1000857a <__svfscanf_r+0xd86>
10008634:	6cfb      	ldr	r3, [r7, #76]	@ 0x4c
10008636:	2b06      	cmp	r3, #6
10008638:	f040 840b 	bne.w	10008e52 <__svfscanf_r+0x165e>
1000863c:	2307      	movs	r3, #7
1000863e:	64fb      	str	r3, [r7, #76]	@ 0x4c
10008640:	e79b      	b.n	1000857a <__svfscanf_r+0xd86>
10008642:	0523      	lsls	r3, r4, #20
10008644:	d5ae      	bpl.n	100085a4 <__svfscanf_r+0xdb0>
10008646:	f404 63a0 	and.w	r3, r4, #1280	@ 0x500
1000864a:	f5b3 6f80 	cmp.w	r3, #1024	@ 0x400
1000864e:	d005      	beq.n	1000865c <__svfscanf_r+0xe68>
10008650:	0561      	lsls	r1, r4, #21
10008652:	d5a7      	bpl.n	100085a4 <__svfscanf_r+0xdb0>
10008654:	6bbb      	ldr	r3, [r7, #56]	@ 0x38
10008656:	2b00      	cmp	r3, #0
10008658:	f000 8413 	beq.w	10008e82 <__svfscanf_r+0x168e>
1000865c:	05a3      	lsls	r3, r4, #22
1000865e:	d404      	bmi.n	1000866a <__svfscanf_r+0xe76>
10008660:	6bbb      	ldr	r3, [r7, #56]	@ 0x38
10008662:	69b9      	ldr	r1, [r7, #24]
10008664:	1a5b      	subs	r3, r3, r1
10008666:	e9c7 3504 	strd	r3, r5, [r7, #16]
1000866a:	f424 6478 	bic.w	r4, r4, #3968	@ 0xf80
1000866e:	2300      	movs	r3, #0
10008670:	f444 74c0 	orr.w	r4, r4, #384	@ 0x180
10008674:	63bb      	str	r3, [r7, #56]	@ 0x38
10008676:	e780      	b.n	1000857a <__svfscanf_r+0xd86>
10008678:	6c7b      	ldr	r3, [r7, #68]	@ 0x44
1000867a:	2b00      	cmp	r3, #0
1000867c:	f040 817c 	bne.w	10008978 <__svfscanf_r+0x1184>
10008680:	6bbb      	ldr	r3, [r7, #56]	@ 0x38
10008682:	2b00      	cmp	r3, #0
10008684:	f040 8178 	bne.w	10008978 <__svfscanf_r+0x1184>
10008688:	f404 63e0 	and.w	r3, r4, #1792	@ 0x700
1000868c:	f5b3 6fe0 	cmp.w	r3, #1792	@ 0x700
10008690:	f000 83c7 	beq.w	10008e22 <__svfscanf_r+0x162e>
10008694:	6cfb      	ldr	r3, [r7, #76]	@ 0x4c
10008696:	2b01      	cmp	r3, #1
10008698:	d001      	beq.n	1000869e <__svfscanf_r+0xeaa>
1000869a:	2b04      	cmp	r3, #4
1000869c:	d182      	bne.n	100085a4 <__svfscanf_r+0xdb0>
1000869e:	6cfb      	ldr	r3, [r7, #76]	@ 0x4c
100086a0:	3301      	adds	r3, #1
100086a2:	b2db      	uxtb	r3, r3
100086a4:	64fb      	str	r3, [r7, #76]	@ 0x4c
100086a6:	e768      	b.n	1000857a <__svfscanf_r+0xd86>
100086a8:	6cfb      	ldr	r3, [r7, #76]	@ 0x4c
100086aa:	2b07      	cmp	r3, #7
100086ac:	f040 83d1 	bne.w	10008e52 <__svfscanf_r+0x165e>
100086b0:	2308      	movs	r3, #8
100086b2:	64fb      	str	r3, [r7, #76]	@ 0x4c
100086b4:	e761      	b.n	1000857a <__svfscanf_r+0xd86>
100086b6:	0520      	lsls	r0, r4, #20
100086b8:	d5c5      	bpl.n	10008646 <__svfscanf_r+0xe52>
100086ba:	e756      	b.n	1000856a <__svfscanf_r+0xd76>
100086bc:	0523      	lsls	r3, r4, #20
100086be:	d504      	bpl.n	100086ca <__svfscanf_r+0xed6>
100086c0:	6c7b      	ldr	r3, [r7, #68]	@ 0x44
100086c2:	6cf9      	ldr	r1, [r7, #76]	@ 0x4c
100086c4:	185b      	adds	r3, r3, r1
100086c6:	f43f af54 	beq.w	10008572 <__svfscanf_r+0xd7e>
100086ca:	6c7b      	ldr	r3, [r7, #68]	@ 0x44
100086cc:	2b01      	cmp	r3, #1
100086ce:	f47f af69 	bne.w	100085a4 <__svfscanf_r+0xdb0>
100086d2:	2302      	movs	r3, #2
100086d4:	647b      	str	r3, [r7, #68]	@ 0x44
100086d6:	e750      	b.n	1000857a <__svfscanf_r+0xd86>
100086d8:	6cfb      	ldr	r3, [r7, #76]	@ 0x4c
100086da:	2b00      	cmp	r3, #0
100086dc:	f040 8153 	bne.w	10008986 <__svfscanf_r+0x1192>
100086e0:	6bbb      	ldr	r3, [r7, #56]	@ 0x38
100086e2:	2b00      	cmp	r3, #0
100086e4:	f040 814f 	bne.w	10008986 <__svfscanf_r+0x1192>
100086e8:	f404 63e0 	and.w	r3, r4, #1792	@ 0x700
100086ec:	f5b3 6fe0 	cmp.w	r3, #1792	@ 0x700
100086f0:	f000 838f 	beq.w	10008e12 <__svfscanf_r+0x161e>
100086f4:	2600      	movs	r6, #0
100086f6:	6c7b      	ldr	r3, [r7, #68]	@ 0x44
100086f8:	3b01      	subs	r3, #1
100086fa:	2b01      	cmp	r3, #1
100086fc:	f240 83b0 	bls.w	10008e60 <__svfscanf_r+0x166c>
10008700:	1e73      	subs	r3, r6, #1
10008702:	2b06      	cmp	r3, #6
10008704:	f240 825c 	bls.w	10008bc0 <__svfscanf_r+0x13cc>
10008708:	2300      	movs	r3, #0
1000870a:	63bb      	str	r3, [r7, #56]	@ 0x38
1000870c:	05e1      	lsls	r1, r4, #23
1000870e:	f57f af59 	bpl.w	100085c4 <__svfscanf_r+0xdd0>
10008712:	0562      	lsls	r2, r4, #21
10008714:	f100 83b7 	bmi.w	10008e86 <__svfscanf_r+0x1692>
10008718:	f815 1c01 	ldrb.w	r1, [r5, #-1]
1000871c:	f001 03df 	and.w	r3, r1, #223	@ 0xdf
10008720:	2b45      	cmp	r3, #69	@ 0x45
10008722:	f040 81a1 	bne.w	10008a68 <__svfscanf_r+0x1274>
10008726:	1e6e      	subs	r6, r5, #1
10008728:	f10b 3bff 	add.w	fp, fp, #4294967295	@ 0xffffffff
1000872c:	4652      	mov	r2, sl
1000872e:	6cb8      	ldr	r0, [r7, #72]	@ 0x48
10008730:	f002 fa38 	bl	1000aba4 <_ungetc_r>
10008734:	f014 0310 	ands.w	r3, r4, #16
10008738:	f47f ad80 	bne.w	1000823c <__svfscanf_r+0xa48>
1000873c:	7033      	strb	r3, [r6, #0]
1000873e:	693b      	ldr	r3, [r7, #16]
10008740:	2b00      	cmp	r3, #0
10008742:	f040 82fa 	bne.w	10008d3a <__svfscanf_r+0x1546>
10008746:	6ab9      	ldr	r1, [r7, #40]	@ 0x28
10008748:	2200      	movs	r2, #0
1000874a:	6cb8      	ldr	r0, [r7, #72]	@ 0x48
1000874c:	f001 fdac 	bl	1000a2a8 <_strtod_r>
10008750:	6afb      	ldr	r3, [r7, #44]	@ 0x2c
10008752:	4680      	mov	r8, r0
10008754:	4689      	mov	r9, r1
10008756:	f853 5b04 	ldr.w	r5, [r3], #4
1000875a:	62fb      	str	r3, [r7, #44]	@ 0x2c
1000875c:	07e3      	lsls	r3, r4, #31
1000875e:	f100 811a 	bmi.w	10008996 <__svfscanf_r+0x11a2>
10008762:	07a6      	lsls	r6, r4, #30
10008764:	f100 8117 	bmi.w	10008996 <__svfscanf_r+0x11a2>
10008768:	4602      	mov	r2, r0
1000876a:	460b      	mov	r3, r1
1000876c:	f7f9 fbb6 	bl	10001edc <__wrap___aeabi_dcmpun>
10008770:	2800      	cmp	r0, #0
10008772:	f040 829e 	bne.w	10008cb2 <__svfscanf_r+0x14be>
10008776:	4640      	mov	r0, r8
10008778:	4649      	mov	r1, r9
1000877a:	f7f9 fb59 	bl	10001e30 <__wrap___aeabi_d2f>
1000877e:	6028      	str	r0, [r5, #0]
10008780:	e10b      	b.n	1000899a <__svfscanf_r+0x11a6>
10008782:	0521      	lsls	r1, r4, #20
10008784:	d504      	bpl.n	10008790 <__svfscanf_r+0xf9c>
10008786:	6c7b      	ldr	r3, [r7, #68]	@ 0x44
10008788:	6cf9      	ldr	r1, [r7, #76]	@ 0x4c
1000878a:	185b      	adds	r3, r3, r1
1000878c:	f43f aef1 	beq.w	10008572 <__svfscanf_r+0xd7e>
10008790:	6cfb      	ldr	r3, [r7, #76]	@ 0x4c
10008792:	2b02      	cmp	r3, #2
10008794:	f040 835d 	bne.w	10008e52 <__svfscanf_r+0x165e>
10008798:	2303      	movs	r3, #3
1000879a:	64fb      	str	r3, [r7, #76]	@ 0x4c
1000879c:	e6ed      	b.n	1000857a <__svfscanf_r+0xd86>
1000879e:	0620      	lsls	r0, r4, #24
100087a0:	f57f af00 	bpl.w	100085a4 <__svfscanf_r+0xdb0>
100087a4:	f024 0480 	bic.w	r4, r4, #128	@ 0x80
100087a8:	e6e7      	b.n	1000857a <__svfscanf_r+0xd86>
100087aa:	0623      	lsls	r3, r4, #24
100087ac:	f57f ade6 	bpl.w	1000837c <__svfscanf_r+0xb88>
100087b0:	f024 0480 	bic.w	r4, r4, #128	@ 0x80
100087b4:	e5d5      	b.n	10008362 <__svfscanf_r+0xb6e>
100087b6:	4b35      	ldr	r3, [pc, #212]	@ (1000888c <__svfscanf_r+0x1098>)
100087b8:	f933 8018 	ldrsh.w	r8, [r3, r8, lsl #1]
100087bc:	f1b8 0f08 	cmp.w	r8, #8
100087c0:	f73f adcd 	bgt.w	1000835e <__svfscanf_r+0xb6a>
100087c4:	e5da      	b.n	1000837c <__svfscanf_r+0xb88>
100087c6:	f404 63c0 	and.w	r3, r4, #1536	@ 0x600
100087ca:	f5b3 7f00 	cmp.w	r3, #512	@ 0x200
100087ce:	f47f add5 	bne.w	1000837c <__svfscanf_r+0xb88>
100087d2:	f424 7400 	bic.w	r4, r4, #512	@ 0x200
100087d6:	f04f 0810 	mov.w	r8, #16
100087da:	f444 64a0 	orr.w	r4, r4, #1280	@ 0x500
100087de:	e5c0      	b.n	10008362 <__svfscanf_r+0xb6e>
100087e0:	05e1      	lsls	r1, r4, #23
100087e2:	f57f aec2 	bpl.w	1000856a <__svfscanf_r+0xd76>
100087e6:	6bbb      	ldr	r3, [r7, #56]	@ 0x38
100087e8:	f024 0480 	bic.w	r4, r4, #128	@ 0x80
100087ec:	3301      	adds	r3, #1
100087ee:	63bb      	str	r3, [r7, #56]	@ 0x38
100087f0:	68fb      	ldr	r3, [r7, #12]
100087f2:	2b00      	cmp	r3, #0
100087f4:	f43f aec3 	beq.w	1000857e <__svfscanf_r+0xd8a>
100087f8:	68fb      	ldr	r3, [r7, #12]
100087fa:	3b01      	subs	r3, #1
100087fc:	60fb      	str	r3, [r7, #12]
100087fe:	e6bf      	b.n	10008580 <__svfscanf_r+0xd8c>
10008800:	0523      	lsls	r3, r4, #20
10008802:	f57f adae 	bpl.w	10008362 <__svfscanf_r+0xb6e>
10008806:	f1b8 0f00 	cmp.w	r8, #0
1000880a:	d103      	bne.n	10008814 <__svfscanf_r+0x1020>
1000880c:	f444 7400 	orr.w	r4, r4, #512	@ 0x200
10008810:	f04f 0808 	mov.w	r8, #8
10008814:	0561      	lsls	r1, r4, #21
10008816:	f140 80f5 	bpl.w	10008a04 <__svfscanf_r+0x1210>
1000881a:	f424 64b0 	bic.w	r4, r4, #1408	@ 0x580
1000881e:	e5a0      	b.n	10008362 <__svfscanf_r+0xb6e>
10008820:	4651      	mov	r1, sl
10008822:	6cb8      	ldr	r0, [r7, #72]	@ 0x48
10008824:	f001 fedc 	bl	1000a5e0 <__srefill_r>
10008828:	2800      	cmp	r0, #0
1000882a:	f47f aebb 	bne.w	100085a4 <__svfscanf_r+0xdb0>
1000882e:	2e00      	cmp	r6, #0
10008830:	f47f adf4 	bne.w	1000841c <__svfscanf_r+0xc28>
10008834:	e6b6      	b.n	100085a4 <__svfscanf_r+0xdb0>
10008836:	4631      	mov	r1, r6
10008838:	6cb8      	ldr	r0, [r7, #72]	@ 0x48
1000883a:	f001 fed1 	bl	1000a5e0 <__srefill_r>
1000883e:	2800      	cmp	r0, #0
10008840:	f43f ad99 	beq.w	10008376 <__svfscanf_r+0xb82>
10008844:	e59a      	b.n	1000837c <__svfscanf_r+0xb88>
10008846:	f8da 2004 	ldr.w	r2, [sl, #4]
1000884a:	2a00      	cmp	r2, #0
1000884c:	f73f ac85 	bgt.w	1000815a <__svfscanf_r+0x966>
10008850:	4651      	mov	r1, sl
10008852:	6cb8      	ldr	r0, [r7, #72]	@ 0x48
10008854:	f001 fec4 	bl	1000a5e0 <__srefill_r>
10008858:	2800      	cmp	r0, #0
1000885a:	f43f ac7e 	beq.w	1000815a <__svfscanf_r+0x966>
1000885e:	f8c7 9020 	str.w	r9, [r7, #32]
10008862:	f8d7 9038 	ldr.w	r9, [r7, #56]	@ 0x38
10008866:	2c00      	cmp	r4, #0
10008868:	f43f acd9 	beq.w	1000821e <__svfscanf_r+0xa2a>
1000886c:	f7ff b836 	b.w	100078dc <__svfscanf_r+0xe8>
10008870:	f8da 3004 	ldr.w	r3, [sl, #4]
10008874:	2b00      	cmp	r3, #0
10008876:	f340 80d0 	ble.w	10008a1a <__svfscanf_r+0x1226>
1000887a:	6c7c      	ldr	r4, [r7, #68]	@ 0x44
1000887c:	f7ff bb20 	b.w	10007ec0 <__svfscanf_r+0x6cc>
10008880:	f04f 0800 	mov.w	r8, #0
10008884:	e505      	b.n	10008292 <__svfscanf_r+0xa9e>
10008886:	bf00      	nop
10008888:	1000cfbc 	.word	0x1000cfbc
1000888c:	1000d384 	.word	0x1000d384
10008890:	6abb      	ldr	r3, [r7, #40]	@ 0x28
10008892:	2b00      	cmp	r3, #0
10008894:	f040 80f2 	bne.w	10008a7c <__svfscanf_r+0x1288>
10008898:	6afb      	ldr	r3, [r7, #44]	@ 0x2c
1000889a:	f014 0480 	ands.w	r4, r4, #128	@ 0x80
1000889e:	f853 2b04 	ldr.w	r2, [r3], #4
100088a2:	62fb      	str	r3, [r7, #44]	@ 0x2c
100088a4:	f000 8253 	beq.w	10008d4e <__svfscanf_r+0x155a>
100088a8:	647a      	str	r2, [r7, #68]	@ 0x44
100088aa:	2a00      	cmp	r2, #0
100088ac:	f43f a822 	beq.w	100078f4 <__svfscanf_r+0x100>
100088b0:	2020      	movs	r0, #32
100088b2:	f7f9 fcd9 	bl	10002268 <__wrap_malloc>
100088b6:	4605      	mov	r5, r0
100088b8:	2800      	cmp	r0, #0
100088ba:	f000 8239 	beq.w	10008d30 <__svfscanf_r+0x153c>
100088be:	6bfb      	ldr	r3, [r7, #60]	@ 0x3c
100088c0:	6c7a      	ldr	r2, [r7, #68]	@ 0x44
100088c2:	88dc      	ldrh	r4, [r3, #6]
100088c4:	889e      	ldrh	r6, [r3, #4]
100088c6:	6010      	str	r0, [r2, #0]
100088c8:	42b4      	cmp	r4, r6
100088ca:	f080 8165 	bcs.w	10008b98 <__svfscanf_r+0x13a4>
100088ce:	6818      	ldr	r0, [r3, #0]
100088d0:	6bfb      	ldr	r3, [r7, #60]	@ 0x3c
100088d2:	2620      	movs	r6, #32
100088d4:	f840 2024 	str.w	r2, [r0, r4, lsl #2]
100088d8:	3401      	adds	r4, #1
100088da:	80dc      	strh	r4, [r3, #6]
100088dc:	f8da 0000 	ldr.w	r0, [sl]
100088e0:	f107 0370 	add.w	r3, r7, #112	@ 0x70
100088e4:	7801      	ldrb	r1, [r0, #0]
100088e6:	5c59      	ldrb	r1, [r3, r1]
100088e8:	2900      	cmp	r1, #0
100088ea:	f43f a803 	beq.w	100078f4 <__svfscanf_r+0x100>
100088ee:	1e13      	subs	r3, r2, #0
100088f0:	f8c7 b038 	str.w	fp, [r7, #56]	@ 0x38
100088f4:	462c      	mov	r4, r5
100088f6:	46b3      	mov	fp, r6
100088f8:	bf18      	it	ne
100088fa:	2301      	movne	r3, #1
100088fc:	647a      	str	r2, [r7, #68]	@ 0x44
100088fe:	461e      	mov	r6, r3
10008900:	633b      	str	r3, [r7, #48]	@ 0x30
10008902:	e007      	b.n	10008914 <__svfscanf_r+0x1120>
10008904:	f8da 0000 	ldr.w	r0, [sl]
10008908:	f107 0270 	add.w	r2, r7, #112	@ 0x70
1000890c:	7803      	ldrb	r3, [r0, #0]
1000890e:	5cd3      	ldrb	r3, [r2, r3]
10008910:	2b00      	cmp	r3, #0
10008912:	d061      	beq.n	100089d8 <__svfscanf_r+0x11e4>
10008914:	f8da 3004 	ldr.w	r3, [sl, #4]
10008918:	1c41      	adds	r1, r0, #1
1000891a:	3b01      	subs	r3, #1
1000891c:	e9ca 1300 	strd	r1, r3, [sl]
10008920:	7803      	ldrb	r3, [r0, #0]
10008922:	f805 3b01 	strb.w	r3, [r5], #1
10008926:	eba5 0804 	sub.w	r8, r5, r4
1000892a:	45d8      	cmp	r8, fp
1000892c:	d30e      	bcc.n	1000894c <__svfscanf_r+0x1158>
1000892e:	4620      	mov	r0, r4
10008930:	b166      	cbz	r6, 1000894c <__svfscanf_r+0x1158>
10008932:	ea4f 0b4b 	mov.w	fp, fp, lsl #1
10008936:	4659      	mov	r1, fp
10008938:	f7f9 fca8 	bl	1000228c <__wrap_realloc>
1000893c:	4604      	mov	r4, r0
1000893e:	2800      	cmp	r0, #0
10008940:	f000 81f6 	beq.w	10008d30 <__svfscanf_r+0x153c>
10008944:	6c7b      	ldr	r3, [r7, #68]	@ 0x44
10008946:	eb00 0508 	add.w	r5, r0, r8
1000894a:	6018      	str	r0, [r3, #0]
1000894c:	f1b9 0901 	subs.w	r9, r9, #1
10008950:	d042      	beq.n	100089d8 <__svfscanf_r+0x11e4>
10008952:	f8da 3004 	ldr.w	r3, [sl, #4]
10008956:	2b00      	cmp	r3, #0
10008958:	dcd4      	bgt.n	10008904 <__svfscanf_r+0x1110>
1000895a:	4651      	mov	r1, sl
1000895c:	6cb8      	ldr	r0, [r7, #72]	@ 0x48
1000895e:	f001 fe3f 	bl	1000a5e0 <__srefill_r>
10008962:	2800      	cmp	r0, #0
10008964:	d0ce      	beq.n	10008904 <__svfscanf_r+0x1110>
10008966:	42a5      	cmp	r5, r4
10008968:	465e      	mov	r6, fp
1000896a:	6c7a      	ldr	r2, [r7, #68]	@ 0x44
1000896c:	f8d7 b038 	ldr.w	fp, [r7, #56]	@ 0x38
10008970:	f43e afb4 	beq.w	100078dc <__svfscanf_r+0xe8>
10008974:	1b2c      	subs	r4, r5, r4
10008976:	e036      	b.n	100089e6 <__svfscanf_r+0x11f2>
10008978:	6c7b      	ldr	r3, [r7, #68]	@ 0x44
1000897a:	2b02      	cmp	r3, #2
1000897c:	f47f ae8a 	bne.w	10008694 <__svfscanf_r+0xea0>
10008980:	2303      	movs	r3, #3
10008982:	647b      	str	r3, [r7, #68]	@ 0x44
10008984:	e5f9      	b.n	1000857a <__svfscanf_r+0xd86>
10008986:	6cfb      	ldr	r3, [r7, #76]	@ 0x4c
10008988:	2b03      	cmp	r3, #3
1000898a:	f43f ae88 	beq.w	1000869e <__svfscanf_r+0xeaa>
1000898e:	2b05      	cmp	r3, #5
10008990:	f43f ae85 	beq.w	1000869e <__svfscanf_r+0xeaa>
10008994:	e606      	b.n	100085a4 <__svfscanf_r+0xdb0>
10008996:	e9c5 8900 	strd	r8, r9, [r5]
1000899a:	6c3b      	ldr	r3, [r7, #64]	@ 0x40
1000899c:	3301      	adds	r3, #1
1000899e:	643b      	str	r3, [r7, #64]	@ 0x40
100089a0:	6b3b      	ldr	r3, [r7, #48]	@ 0x30
100089a2:	64fb      	str	r3, [r7, #76]	@ 0x4c
100089a4:	f7fe bf55 	b.w	10007852 <__svfscanf_r+0x5e>
100089a8:	68bd      	ldr	r5, [r7, #8]
100089aa:	4642      	mov	r2, r8
100089ac:	69f9      	ldr	r1, [r7, #28]
100089ae:	46a3      	mov	fp, r4
100089b0:	4628      	mov	r0, r5
100089b2:	4654      	mov	r4, sl
100089b4:	46b2      	mov	sl, r6
100089b6:	687e      	ldr	r6, [r7, #4]
100089b8:	f002 faa8 	bl	1000af0c <stpncpy>
100089bc:	6bbb      	ldr	r3, [r7, #56]	@ 0x38
100089be:	f424 7420 	bic.w	r4, r4, #640	@ 0x280
100089c2:	3e01      	subs	r6, #1
100089c4:	4605      	mov	r5, r0
100089c6:	61bb      	str	r3, [r7, #24]
100089c8:	e5da      	b.n	10008580 <__svfscanf_r+0xd8c>
100089ca:	2300      	movs	r3, #0
100089cc:	60fb      	str	r3, [r7, #12]
100089ce:	e517      	b.n	10008400 <__svfscanf_r+0xc0c>
100089d0:	6afb      	ldr	r3, [r7, #44]	@ 0x2c
100089d2:	681b      	ldr	r3, [r3, #0]
100089d4:	6018      	str	r0, [r3, #0]
100089d6:	e4f4      	b.n	100083c2 <__svfscanf_r+0xbce>
100089d8:	1b2c      	subs	r4, r5, r4
100089da:	465e      	mov	r6, fp
100089dc:	6c7a      	ldr	r2, [r7, #68]	@ 0x44
100089de:	f8d7 b038 	ldr.w	fp, [r7, #56]	@ 0x38
100089e2:	f43e af87 	beq.w	100078f4 <__svfscanf_r+0x100>
100089e6:	2100      	movs	r1, #0
100089e8:	7029      	strb	r1, [r5, #0]
100089ea:	1c61      	adds	r1, r4, #1
100089ec:	428e      	cmp	r6, r1
100089ee:	d903      	bls.n	100089f8 <__svfscanf_r+0x1204>
100089f0:	6b3b      	ldr	r3, [r7, #48]	@ 0x30
100089f2:	2b00      	cmp	r3, #0
100089f4:	f040 8129 	bne.w	10008c4a <__svfscanf_r+0x1456>
100089f8:	44a3      	add	fp, r4
100089fa:	6c3b      	ldr	r3, [r7, #64]	@ 0x40
100089fc:	3301      	adds	r3, #1
100089fe:	643b      	str	r3, [r7, #64]	@ 0x40
10008a00:	f7fe bf27 	b.w	10007852 <__svfscanf_r+0x5e>
10008a04:	6cfb      	ldr	r3, [r7, #76]	@ 0x4c
10008a06:	f424 7460 	bic.w	r4, r4, #896	@ 0x380
10008a0a:	b11b      	cbz	r3, 10008a14 <__svfscanf_r+0x1220>
10008a0c:	3b01      	subs	r3, #1
10008a0e:	f109 0901 	add.w	r9, r9, #1
10008a12:	64fb      	str	r3, [r7, #76]	@ 0x4c
10008a14:	f10a 0a01 	add.w	sl, sl, #1
10008a18:	e4a5      	b.n	10008366 <__svfscanf_r+0xb72>
10008a1a:	4651      	mov	r1, sl
10008a1c:	6cb8      	ldr	r0, [r7, #72]	@ 0x48
10008a1e:	f001 fddf 	bl	1000a5e0 <__srefill_r>
10008a22:	2800      	cmp	r0, #0
10008a24:	f43f af29 	beq.w	1000887a <__svfscanf_r+0x1086>
10008a28:	6c7b      	ldr	r3, [r7, #68]	@ 0x44
10008a2a:	464e      	mov	r6, r9
10008a2c:	f8d7 b038 	ldr.w	fp, [r7, #56]	@ 0x38
10008a30:	623d      	str	r5, [r7, #32]
10008a32:	2b00      	cmp	r3, #0
10008a34:	f43f aad2 	beq.w	10007fdc <__svfscanf_r+0x7e8>
10008a38:	f7fe bf50 	b.w	100078dc <__svfscanf_r+0xe8>
10008a3c:	f8cd a000 	str.w	sl, [sp]
10008a40:	462b      	mov	r3, r5
10008a42:	4631      	mov	r1, r6
10008a44:	2201      	movs	r2, #1
10008a46:	6cb8      	ldr	r0, [r7, #72]	@ 0x48
10008a48:	f002 f93e 	bl	1000acc8 <_fread_r>
10008a4c:	4604      	mov	r4, r0
10008a4e:	2800      	cmp	r0, #0
10008a50:	f43e af44 	beq.w	100078dc <__svfscanf_r+0xe8>
10008a54:	44a3      	add	fp, r4
10008a56:	e7a0      	b.n	1000899a <__svfscanf_r+0x11a6>
10008a58:	f815 1c01 	ldrb.w	r1, [r5, #-1]
10008a5c:	4632      	mov	r2, r6
10008a5e:	6cb8      	ldr	r0, [r7, #72]	@ 0x48
10008a60:	3d01      	subs	r5, #1
10008a62:	f002 f89f 	bl	1000aba4 <_ungetc_r>
10008a66:	e493      	b.n	10008390 <__svfscanf_r+0xb9c>
10008a68:	4652      	mov	r2, sl
10008a6a:	6cb8      	ldr	r0, [r7, #72]	@ 0x48
10008a6c:	f002 f89a 	bl	1000aba4 <_ungetc_r>
10008a70:	f1ab 0b02 	sub.w	fp, fp, #2
10008a74:	1eae      	subs	r6, r5, #2
10008a76:	f815 1c02 	ldrb.w	r1, [r5, #-2]
10008a7a:	e657      	b.n	1000872c <__svfscanf_r+0xf38>
10008a7c:	f8da 2000 	ldr.w	r2, [sl]
10008a80:	f107 0170 	add.w	r1, r7, #112	@ 0x70
10008a84:	7813      	ldrb	r3, [r2, #0]
10008a86:	5ccb      	ldrb	r3, [r1, r3]
10008a88:	2b00      	cmp	r3, #0
10008a8a:	f43e af33 	beq.w	100078f4 <__svfscanf_r+0x100>
10008a8e:	6cbc      	ldr	r4, [r7, #72]	@ 0x48
10008a90:	e005      	b.n	10008a9e <__svfscanf_r+0x12aa>
10008a92:	7813      	ldrb	r3, [r2, #0]
10008a94:	f107 0170 	add.w	r1, r7, #112	@ 0x70
10008a98:	5ccb      	ldrb	r3, [r1, r3]
10008a9a:	2b00      	cmp	r3, #0
10008a9c:	d043      	beq.n	10008b26 <__svfscanf_r+0x1332>
10008a9e:	f8da 3004 	ldr.w	r3, [sl, #4]
10008aa2:	3501      	adds	r5, #1
10008aa4:	3201      	adds	r2, #1
10008aa6:	3b01      	subs	r3, #1
10008aa8:	454d      	cmp	r5, r9
10008aaa:	e9ca 2300 	strd	r2, r3, [sl]
10008aae:	d03a      	beq.n	10008b26 <__svfscanf_r+0x1332>
10008ab0:	2b00      	cmp	r3, #0
10008ab2:	dcee      	bgt.n	10008a92 <__svfscanf_r+0x129e>
10008ab4:	4651      	mov	r1, sl
10008ab6:	4620      	mov	r0, r4
10008ab8:	f001 fd92 	bl	1000a5e0 <__srefill_r>
10008abc:	bb98      	cbnz	r0, 10008b26 <__svfscanf_r+0x1332>
10008abe:	f8da 2000 	ldr.w	r2, [sl]
10008ac2:	e7e6      	b.n	10008a92 <__svfscanf_r+0x129e>
10008ac4:	2300      	movs	r3, #0
10008ac6:	f107 0654 	add.w	r6, r7, #84	@ 0x54
10008aca:	617b      	str	r3, [r7, #20]
10008acc:	613b      	str	r3, [r7, #16]
10008ace:	e9c7 3306 	strd	r3, r3, [r7, #24]
10008ad2:	f7ff b9ed 	b.w	10007eb0 <__svfscanf_r+0x6bc>
10008ad6:	461c      	mov	r4, r3
10008ad8:	6cbe      	ldr	r6, [r7, #72]	@ 0x48
10008ada:	e00a      	b.n	10008af2 <__svfscanf_r+0x12fe>
10008adc:	f8ca 1000 	str.w	r1, [sl]
10008ae0:	4630      	mov	r0, r6
10008ae2:	4651      	mov	r1, sl
10008ae4:	441c      	add	r4, r3
10008ae6:	1aed      	subs	r5, r5, r3
10008ae8:	f001 fd7a 	bl	1000a5e0 <__srefill_r>
10008aec:	2800      	cmp	r0, #0
10008aee:	f040 81a0 	bne.w	10008e32 <__svfscanf_r+0x163e>
10008af2:	e9da 2300 	ldrd	r2, r3, [sl]
10008af6:	429d      	cmp	r5, r3
10008af8:	eb02 0103 	add.w	r1, r2, r3
10008afc:	dcee      	bgt.n	10008adc <__svfscanf_r+0x12e8>
10008afe:	1b5b      	subs	r3, r3, r5
10008b00:	442a      	add	r2, r5
10008b02:	442c      	add	r4, r5
10008b04:	f8ca 3004 	str.w	r3, [sl, #4]
10008b08:	f8ca 2000 	str.w	r2, [sl]
10008b0c:	6b3b      	ldr	r3, [r7, #48]	@ 0x30
10008b0e:	44a3      	add	fp, r4
10008b10:	64fb      	str	r3, [r7, #76]	@ 0x4c
10008b12:	f7fe be9e 	b.w	10007852 <__svfscanf_r+0x5e>
10008b16:	2300      	movs	r3, #0
10008b18:	461e      	mov	r6, r3
10008b1a:	4699      	mov	r9, r3
10008b1c:	62bb      	str	r3, [r7, #40]	@ 0x28
10008b1e:	647b      	str	r3, [r7, #68]	@ 0x44
10008b20:	61fb      	str	r3, [r7, #28]
10008b22:	f7ff bb13 	b.w	1000814c <__svfscanf_r+0x958>
10008b26:	44ab      	add	fp, r5
10008b28:	f7fe be93 	b.w	10007852 <__svfscanf_r+0x5e>
10008b2c:	f64f 73f6 	movw	r3, #65526	@ 0xfff6
10008b30:	4598      	cmp	r8, r3
10008b32:	f200 80fd 	bhi.w	10008d30 <__svfscanf_r+0x153c>
10008b36:	f108 0808 	add.w	r8, r8, #8
10008b3a:	6bfb      	ldr	r3, [r7, #60]	@ 0x3c
10008b3c:	ea4f 0188 	mov.w	r1, r8, lsl #2
10008b40:	6818      	ldr	r0, [r3, #0]
10008b42:	f7f9 fba3 	bl	1000228c <__wrap_realloc>
10008b46:	2800      	cmp	r0, #0
10008b48:	f000 80f2 	beq.w	10008d30 <__svfscanf_r+0x153c>
10008b4c:	6bfb      	ldr	r3, [r7, #60]	@ 0x3c
10008b4e:	f8a3 8004 	strh.w	r8, [r3, #4]
10008b52:	6018      	str	r0, [r3, #0]
10008b54:	f7ff baef 	b.w	10008136 <__svfscanf_r+0x942>
10008b58:	2e02      	cmp	r6, #2
10008b5a:	f240 81aa 	bls.w	10008eb2 <__svfscanf_r+0x16be>
10008b5e:	2e03      	cmp	r6, #3
10008b60:	f43f ad30 	beq.w	100085c4 <__svfscanf_r+0xdd0>
10008b64:	1f33      	subs	r3, r6, #4
10008b66:	64fc      	str	r4, [r7, #76]	@ 0x4c
10008b68:	f8d7 9048 	ldr.w	r9, [r7, #72]	@ 0x48
10008b6c:	462c      	mov	r4, r5
10008b6e:	b2db      	uxtb	r3, r3
10008b70:	43de      	mvns	r6, r3
10008b72:	4698      	mov	r8, r3
10008b74:	442e      	add	r6, r5
10008b76:	f814 1d01 	ldrb.w	r1, [r4, #-1]!
10008b7a:	4652      	mov	r2, sl
10008b7c:	4648      	mov	r0, r9
10008b7e:	f002 f811 	bl	1000aba4 <_ungetc_r>
10008b82:	42b4      	cmp	r4, r6
10008b84:	d1f7      	bne.n	10008b76 <__svfscanf_r+0x1382>
10008b86:	4643      	mov	r3, r8
10008b88:	f10b 3bff 	add.w	fp, fp, #4294967295	@ 0xffffffff
10008b8c:	3d01      	subs	r5, #1
10008b8e:	6cfc      	ldr	r4, [r7, #76]	@ 0x4c
10008b90:	ebab 0b08 	sub.w	fp, fp, r8
10008b94:	1aed      	subs	r5, r5, r3
10008b96:	e5b9      	b.n	1000870c <__svfscanf_r+0xf18>
10008b98:	f64f 73f6 	movw	r3, #65526	@ 0xfff6
10008b9c:	647a      	str	r2, [r7, #68]	@ 0x44
10008b9e:	429e      	cmp	r6, r3
10008ba0:	f63e aff3 	bhi.w	10007b8a <__svfscanf_r+0x396>
10008ba4:	3608      	adds	r6, #8
10008ba6:	6bfb      	ldr	r3, [r7, #60]	@ 0x3c
10008ba8:	00b1      	lsls	r1, r6, #2
10008baa:	6818      	ldr	r0, [r3, #0]
10008bac:	f7f9 fb6e 	bl	1000228c <__wrap_realloc>
10008bb0:	2800      	cmp	r0, #0
10008bb2:	f43e afea 	beq.w	10007b8a <__svfscanf_r+0x396>
10008bb6:	6bfb      	ldr	r3, [r7, #60]	@ 0x3c
10008bb8:	6c7a      	ldr	r2, [r7, #68]	@ 0x44
10008bba:	809e      	strh	r6, [r3, #4]
10008bbc:	6018      	str	r0, [r3, #0]
10008bbe:	e687      	b.n	100088d0 <__svfscanf_r+0x10dc>
10008bc0:	2e02      	cmp	r6, #2
10008bc2:	f240 8176 	bls.w	10008eb2 <__svfscanf_r+0x16be>
10008bc6:	2300      	movs	r3, #0
10008bc8:	2e03      	cmp	r6, #3
10008bca:	63bb      	str	r3, [r7, #56]	@ 0x38
10008bcc:	d1ca      	bne.n	10008b64 <__svfscanf_r+0x1370>
10008bce:	e59d      	b.n	1000870c <__svfscanf_r+0xf18>
10008bd0:	f64f 73f6 	movw	r3, #65526	@ 0xfff6
10008bd4:	429d      	cmp	r5, r3
10008bd6:	f200 80ab 	bhi.w	10008d30 <__svfscanf_r+0x153c>
10008bda:	3508      	adds	r5, #8
10008bdc:	6bfb      	ldr	r3, [r7, #60]	@ 0x3c
10008bde:	00a9      	lsls	r1, r5, #2
10008be0:	6818      	ldr	r0, [r3, #0]
10008be2:	f7f9 fb53 	bl	1000228c <__wrap_realloc>
10008be6:	2800      	cmp	r0, #0
10008be8:	f000 80a2 	beq.w	10008d30 <__svfscanf_r+0x153c>
10008bec:	6bfb      	ldr	r3, [r7, #60]	@ 0x3c
10008bee:	809d      	strh	r5, [r3, #4]
10008bf0:	6018      	str	r0, [r3, #0]
10008bf2:	f7ff b952 	b.w	10007e9a <__svfscanf_r+0x6a6>
10008bf6:	78a9      	ldrb	r1, [r5, #2]
10008bf8:	f044 0402 	orr.w	r4, r4, #2
10008bfc:	3502      	adds	r5, #2
10008bfe:	f7fe be95 	b.w	1000792c <__svfscanf_r+0x138>
10008c02:	78a9      	ldrb	r1, [r5, #2]
10008c04:	f044 0408 	orr.w	r4, r4, #8
10008c08:	3502      	adds	r5, #2
10008c0a:	f7fe be8f 	b.w	1000792c <__svfscanf_r+0x138>
10008c0e:	f044 0440 	orr.w	r4, r4, #64	@ 0x40
10008c12:	f7ff ba6f 	b.w	100080f4 <__svfscanf_r+0x900>
10008c16:	0766      	lsls	r6, r4, #29
10008c18:	d43c      	bmi.n	10008c94 <__svfscanf_r+0x14a0>
10008c1a:	f014 0201 	ands.w	r2, r4, #1
10008c1e:	f47f aed7 	bne.w	100089d0 <__svfscanf_r+0x11dc>
10008c22:	07a4      	lsls	r4, r4, #30
10008c24:	f57f aed4 	bpl.w	100089d0 <__svfscanf_r+0x11dc>
10008c28:	4bb0      	ldr	r3, [pc, #704]	@ (10008eec <__svfscanf_r+0x16f8>)
10008c2a:	6a79      	ldr	r1, [r7, #36]	@ 0x24
10008c2c:	6cb8      	ldr	r0, [r7, #72]	@ 0x48
10008c2e:	4299      	cmp	r1, r3
10008c30:	6b7b      	ldr	r3, [r7, #52]	@ 0x34
10008c32:	6ab9      	ldr	r1, [r7, #40]	@ 0x28
10008c34:	f000 814d 	beq.w	10008ed2 <__svfscanf_r+0x16de>
10008c38:	f002 fb42 	bl	1000b2c0 <_strtoll_r>
10008c3c:	460b      	mov	r3, r1
10008c3e:	6afa      	ldr	r2, [r7, #44]	@ 0x2c
10008c40:	6811      	ldr	r1, [r2, #0]
10008c42:	e9c1 0300 	strd	r0, r3, [r1]
10008c46:	f7ff bbbc 	b.w	100083c2 <__svfscanf_r+0xbce>
10008c4a:	6810      	ldr	r0, [r2, #0]
10008c4c:	647a      	str	r2, [r7, #68]	@ 0x44
10008c4e:	f7f9 fb1d 	bl	1000228c <__wrap_realloc>
10008c52:	2800      	cmp	r0, #0
10008c54:	f43f aed0 	beq.w	100089f8 <__svfscanf_r+0x1204>
10008c58:	6c7a      	ldr	r2, [r7, #68]	@ 0x44
10008c5a:	44a3      	add	fp, r4
10008c5c:	6010      	str	r0, [r2, #0]
10008c5e:	e6cc      	b.n	100089fa <__svfscanf_r+0x1206>
10008c60:	f883 b000 	strb.w	fp, [r3]
10008c64:	f7ff baea 	b.w	1000823c <__svfscanf_r+0xa48>
10008c68:	f64f 73f6 	movw	r3, #65526	@ 0xfff6
10008c6c:	429a      	cmp	r2, r3
10008c6e:	f63e af8c 	bhi.w	10007b8a <__svfscanf_r+0x396>
10008c72:	f102 0908 	add.w	r9, r2, #8
10008c76:	6bfb      	ldr	r3, [r7, #60]	@ 0x3c
10008c78:	ea4f 0189 	mov.w	r1, r9, lsl #2
10008c7c:	6818      	ldr	r0, [r3, #0]
10008c7e:	f7f9 fb05 	bl	1000228c <__wrap_realloc>
10008c82:	2800      	cmp	r0, #0
10008c84:	f43e af81 	beq.w	10007b8a <__svfscanf_r+0x396>
10008c88:	6bfb      	ldr	r3, [r7, #60]	@ 0x3c
10008c8a:	f8a3 9004 	strh.w	r9, [r3, #4]
10008c8e:	6018      	str	r0, [r3, #0]
10008c90:	f7ff b876 	b.w	10007d80 <__svfscanf_r+0x58c>
10008c94:	6afb      	ldr	r3, [r7, #44]	@ 0x2c
10008c96:	681b      	ldr	r3, [r3, #0]
10008c98:	8018      	strh	r0, [r3, #0]
10008c9a:	f7ff bb92 	b.w	100083c2 <__svfscanf_r+0xbce>
10008c9e:	69fc      	ldr	r4, [r7, #28]
10008ca0:	6820      	ldr	r0, [r4, #0]
10008ca2:	f7f9 faf3 	bl	1000228c <__wrap_realloc>
10008ca6:	2800      	cmp	r0, #0
10008ca8:	f43f aac3 	beq.w	10008232 <__svfscanf_r+0xa3e>
10008cac:	6020      	str	r0, [r4, #0]
10008cae:	f7ff bac0 	b.w	10008232 <__svfscanf_r+0xa3e>
10008cb2:	488f      	ldr	r0, [pc, #572]	@ (10008ef0 <__svfscanf_r+0x16fc>)
10008cb4:	f002 fc2a 	bl	1000b50c <nanf>
10008cb8:	6028      	str	r0, [r5, #0]
10008cba:	e66e      	b.n	1000899a <__svfscanf_r+0x11a6>
10008cbc:	b082      	sub	sp, #8
10008cbe:	e9cd 3302 	strd	r3, r3, [sp, #8]
10008cc2:	ab02      	add	r3, sp, #8
10008cc4:	63fb      	str	r3, [r7, #60]	@ 0x3c
10008cc6:	f7ff b9fe 	b.w	100080c6 <__svfscanf_r+0x8d2>
10008cca:	4646      	mov	r6, r8
10008ccc:	46a4      	mov	ip, r4
10008cce:	46a0      	mov	r8, r4
10008cd0:	64fc      	str	r4, [r7, #76]	@ 0x4c
10008cd2:	f8da 0000 	ldr.w	r0, [sl]
10008cd6:	7803      	ldrb	r3, [r0, #0]
10008cd8:	5ceb      	ldrb	r3, [r5, r3]
10008cda:	071a      	lsls	r2, r3, #28
10008cdc:	f100 8201 	bmi.w	100090e2 <__svfscanf_r+0x18ee>
10008ce0:	f8c7 b044 	str.w	fp, [r7, #68]	@ 0x44
10008ce4:	4631      	mov	r1, r6
10008ce6:	46cb      	mov	fp, r9
10008ce8:	4634      	mov	r4, r6
10008cea:	46c1      	mov	r9, r8
10008cec:	46e0      	mov	r8, ip
10008cee:	f8da 2004 	ldr.w	r2, [sl, #4]
10008cf2:	460e      	mov	r6, r1
10008cf4:	6cfb      	ldr	r3, [r7, #76]	@ 0x4c
10008cf6:	3a01      	subs	r2, #1
10008cf8:	f8ca 2004 	str.w	r2, [sl, #4]
10008cfc:	1c42      	adds	r2, r0, #1
10008cfe:	f8ca 2000 	str.w	r2, [sl]
10008d02:	7802      	ldrb	r2, [r0, #0]
10008d04:	f806 2b01 	strb.w	r2, [r6], #1
10008d08:	1b32      	subs	r2, r6, r4
10008d0a:	429a      	cmp	r2, r3
10008d0c:	63ba      	str	r2, [r7, #56]	@ 0x38
10008d0e:	f0c0 8200 	bcc.w	10009112 <__svfscanf_r+0x191e>
10008d12:	4620      	mov	r0, r4
10008d14:	f1b8 0f00 	cmp.w	r8, #0
10008d18:	f000 81fb 	beq.w	10009112 <__svfscanf_r+0x191e>
10008d1c:	005b      	lsls	r3, r3, #1
10008d1e:	4619      	mov	r1, r3
10008d20:	64fb      	str	r3, [r7, #76]	@ 0x4c
10008d22:	f7f9 fab3 	bl	1000228c <__wrap_realloc>
10008d26:	6bba      	ldr	r2, [r7, #56]	@ 0x38
10008d28:	4604      	mov	r4, r0
10008d2a:	2800      	cmp	r0, #0
10008d2c:	f040 81ee 	bne.w	1000910c <__svfscanf_r+0x1918>
10008d30:	f04f 33ff 	mov.w	r3, #4294967295	@ 0xffffffff
10008d34:	643b      	str	r3, [r7, #64]	@ 0x40
10008d36:	f7fe bddd 	b.w	100078f4 <__svfscanf_r+0x100>
10008d3a:	6979      	ldr	r1, [r7, #20]
10008d3c:	230a      	movs	r3, #10
10008d3e:	2200      	movs	r2, #0
10008d40:	6cb8      	ldr	r0, [r7, #72]	@ 0x48
10008d42:	3101      	adds	r1, #1
10008d44:	f001 fb9a 	bl	1000a47c <_strtol_r>
10008d48:	693b      	ldr	r3, [r7, #16]
10008d4a:	1ac2      	subs	r2, r0, r3
10008d4c:	e44c      	b.n	100085e8 <__svfscanf_r+0xdf4>
10008d4e:	4615      	mov	r5, r2
10008d50:	4626      	mov	r6, r4
10008d52:	4622      	mov	r2, r4
10008d54:	e5c2      	b.n	100088dc <__svfscanf_r+0x10e8>
10008d56:	6cfb      	ldr	r3, [r7, #76]	@ 0x4c
10008d58:	69fe      	ldr	r6, [r7, #28]
10008d5a:	4699      	mov	r9, r3
10008d5c:	62bb      	str	r3, [r7, #40]	@ 0x28
10008d5e:	647b      	str	r3, [r7, #68]	@ 0x44
10008d60:	61fb      	str	r3, [r7, #28]
10008d62:	f7ff b9f3 	b.w	1000814c <__svfscanf_r+0x958>
10008d66:	6abb      	ldr	r3, [r7, #40]	@ 0x28
10008d68:	693e      	ldr	r6, [r7, #16]
10008d6a:	61fb      	str	r3, [r7, #28]
10008d6c:	613b      	str	r3, [r7, #16]
10008d6e:	e9c7 3305 	strd	r3, r3, [r7, #20]
10008d72:	f7ff b89d 	b.w	10007eb0 <__svfscanf_r+0x6bc>
10008d76:	4651      	mov	r1, sl
10008d78:	6cb8      	ldr	r0, [r7, #72]	@ 0x48
10008d7a:	f001 fc31 	bl	1000a5e0 <__srefill_r>
10008d7e:	2800      	cmp	r0, #0
10008d80:	f43f a861 	beq.w	10007e46 <__svfscanf_r+0x652>
10008d84:	f7fe bdaa 	b.w	100078dc <__svfscanf_r+0xe8>
10008d88:	4651      	mov	r1, sl
10008d8a:	6cb8      	ldr	r0, [r7, #72]	@ 0x48
10008d8c:	f001 fc28 	bl	1000a5e0 <__srefill_r>
10008d90:	2800      	cmp	r0, #0
10008d92:	f43f a843 	beq.w	10007e1c <__svfscanf_r+0x628>
10008d96:	f7fe bda1 	b.w	100078dc <__svfscanf_r+0xe8>
10008d9a:	4651      	mov	r1, sl
10008d9c:	6cb8      	ldr	r0, [r7, #72]	@ 0x48
10008d9e:	f001 fc1f 	bl	1000a5e0 <__srefill_r>
10008da2:	2800      	cmp	r0, #0
10008da4:	f43f a82e 	beq.w	10007e04 <__svfscanf_r+0x610>
10008da8:	f7fe bd98 	b.w	100078dc <__svfscanf_r+0xe8>
10008dac:	4651      	mov	r1, sl
10008dae:	6cb8      	ldr	r0, [r7, #72]	@ 0x48
10008db0:	f001 fc16 	bl	1000a5e0 <__srefill_r>
10008db4:	2800      	cmp	r0, #0
10008db6:	f43f a999 	beq.w	100080ec <__svfscanf_r+0x8f8>
10008dba:	f7fe bd8f 	b.w	100078dc <__svfscanf_r+0xe8>
10008dbe:	4651      	mov	r1, sl
10008dc0:	6cb8      	ldr	r0, [r7, #72]	@ 0x48
10008dc2:	f001 fc0d 	bl	1000a5e0 <__srefill_r>
10008dc6:	2800      	cmp	r0, #0
10008dc8:	f43f a80e 	beq.w	10007de8 <__svfscanf_r+0x5f4>
10008dcc:	f7fe bd86 	b.w	100078dc <__svfscanf_r+0xe8>
10008dd0:	4651      	mov	r1, sl
10008dd2:	6cb8      	ldr	r0, [r7, #72]	@ 0x48
10008dd4:	f001 fc04 	bl	1000a5e0 <__srefill_r>
10008dd8:	2800      	cmp	r0, #0
10008dda:	f43e afac 	beq.w	10007d36 <__svfscanf_r+0x542>
10008dde:	f7fe bd7d 	b.w	100078dc <__svfscanf_r+0xe8>
10008de2:	6c7b      	ldr	r3, [r7, #68]	@ 0x44
10008de4:	464e      	mov	r6, r9
10008de6:	f8d7 b038 	ldr.w	fp, [r7, #56]	@ 0x38
10008dea:	623d      	str	r5, [r7, #32]
10008dec:	2b00      	cmp	r3, #0
10008dee:	f43f a8f5 	beq.w	10007fdc <__svfscanf_r+0x7e8>
10008df2:	eb08 0403 	add.w	r4, r8, r3
10008df6:	461d      	mov	r5, r3
10008df8:	f8d7 8048 	ldr.w	r8, [r7, #72]	@ 0x48
10008dfc:	3d01      	subs	r5, #1
10008dfe:	4652      	mov	r2, sl
10008e00:	f814 1d01 	ldrb.w	r1, [r4, #-1]!
10008e04:	4640      	mov	r0, r8
10008e06:	f001 fecd 	bl	1000aba4 <_ungetc_r>
10008e0a:	2d00      	cmp	r5, #0
10008e0c:	d1f6      	bne.n	10008dfc <__svfscanf_r+0x1608>
10008e0e:	f7ff b8e5 	b.w	10007fdc <__svfscanf_r+0x7e8>
10008e12:	2301      	movs	r3, #1
10008e14:	f424 64f0 	bic.w	r4, r4, #1920	@ 0x780
10008e18:	64fb      	str	r3, [r7, #76]	@ 0x4c
10008e1a:	2300      	movs	r3, #0
10008e1c:	63bb      	str	r3, [r7, #56]	@ 0x38
10008e1e:	f7ff bbac 	b.w	1000857a <__svfscanf_r+0xd86>
10008e22:	2301      	movs	r3, #1
10008e24:	f424 64f0 	bic.w	r4, r4, #1920	@ 0x780
10008e28:	647b      	str	r3, [r7, #68]	@ 0x44
10008e2a:	2300      	movs	r3, #0
10008e2c:	63bb      	str	r3, [r7, #56]	@ 0x38
10008e2e:	f7ff bba4 	b.w	1000857a <__svfscanf_r+0xd86>
10008e32:	2c00      	cmp	r4, #0
10008e34:	f47f ae6a 	bne.w	10008b0c <__svfscanf_r+0x1318>
10008e38:	f7fe bd50 	b.w	100078dc <__svfscanf_r+0xe8>
10008e3c:	07e5      	lsls	r5, r4, #31
10008e3e:	d40b      	bmi.n	10008e58 <__svfscanf_r+0x1664>
10008e40:	07a4      	lsls	r4, r4, #30
10008e42:	d509      	bpl.n	10008e58 <__svfscanf_r+0x1664>
10008e44:	ea4f 72eb 	mov.w	r2, fp, asr #31
10008e48:	f8c3 b000 	str.w	fp, [r3]
10008e4c:	605a      	str	r2, [r3, #4]
10008e4e:	f7ff b9f5 	b.w	1000823c <__svfscanf_r+0xa48>
10008e52:	461e      	mov	r6, r3
10008e54:	f7ff bba7 	b.w	100085a6 <__svfscanf_r+0xdb2>
10008e58:	f8c3 b000 	str.w	fp, [r3]
10008e5c:	f7ff b9ee 	b.w	1000823c <__svfscanf_r+0xa48>
10008e60:	6aba      	ldr	r2, [r7, #40]	@ 0x28
10008e62:	4295      	cmp	r5, r2
10008e64:	f67e ad46 	bls.w	100078f4 <__svfscanf_r+0x100>
10008e68:	462c      	mov	r4, r5
10008e6a:	6abe      	ldr	r6, [r7, #40]	@ 0x28
10008e6c:	6cbd      	ldr	r5, [r7, #72]	@ 0x48
10008e6e:	f814 1d01 	ldrb.w	r1, [r4, #-1]!
10008e72:	4652      	mov	r2, sl
10008e74:	4628      	mov	r0, r5
10008e76:	f001 fe95 	bl	1000aba4 <_ungetc_r>
10008e7a:	42b4      	cmp	r4, r6
10008e7c:	d1f7      	bne.n	10008e6e <__svfscanf_r+0x167a>
10008e7e:	f7fe bd39 	b.w	100078f4 <__svfscanf_r+0x100>
10008e82:	6cfe      	ldr	r6, [r7, #76]	@ 0x4c
10008e84:	e437      	b.n	100086f6 <__svfscanf_r+0xf02>
10008e86:	6abe      	ldr	r6, [r7, #40]	@ 0x28
10008e88:	42b5      	cmp	r5, r6
10008e8a:	f67e ad33 	bls.w	100078f4 <__svfscanf_r+0x100>
10008e8e:	462c      	mov	r4, r5
10008e90:	6cbd      	ldr	r5, [r7, #72]	@ 0x48
10008e92:	f814 1d01 	ldrb.w	r1, [r4, #-1]!
10008e96:	4652      	mov	r2, sl
10008e98:	4628      	mov	r0, r5
10008e9a:	f001 fe83 	bl	1000aba4 <_ungetc_r>
10008e9e:	42b4      	cmp	r4, r6
10008ea0:	d1f7      	bne.n	10008e92 <__svfscanf_r+0x169e>
10008ea2:	f7fe bd27 	b.w	100078f4 <__svfscanf_r+0x100>
10008ea6:	f8da 0058 	ldr.w	r0, [sl, #88]	@ 0x58
10008eaa:	f7fe faad 	bl	10007408 <__retarget_lock_release_recursive>
10008eae:	f7fe be21 	b.w	10007af4 <__svfscanf_r+0x300>
10008eb2:	6aba      	ldr	r2, [r7, #40]	@ 0x28
10008eb4:	4295      	cmp	r5, r2
10008eb6:	f67e ad1d 	bls.w	100078f4 <__svfscanf_r+0x100>
10008eba:	462c      	mov	r4, r5
10008ebc:	6abd      	ldr	r5, [r7, #40]	@ 0x28
10008ebe:	f814 1d01 	ldrb.w	r1, [r4, #-1]!
10008ec2:	4652      	mov	r2, sl
10008ec4:	6cb8      	ldr	r0, [r7, #72]	@ 0x48
10008ec6:	f001 fe6d 	bl	1000aba4 <_ungetc_r>
10008eca:	42ac      	cmp	r4, r5
10008ecc:	d1f7      	bne.n	10008ebe <__svfscanf_r+0x16ca>
10008ece:	f7fe bd11 	b.w	100078f4 <__svfscanf_r+0x100>
10008ed2:	f002 fabb 	bl	1000b44c <_strtoull_r>
10008ed6:	460b      	mov	r3, r1
10008ed8:	e6b1      	b.n	10008c3e <__svfscanf_r+0x144a>
10008eda:	f8da 0058 	ldr.w	r0, [sl, #88]	@ 0x58
10008ede:	f7fe fa93 	bl	10007408 <__retarget_lock_release_recursive>
10008ee2:	f04f 33ff 	mov.w	r3, #4294967295	@ 0xffffffff
10008ee6:	643b      	str	r3, [r7, #64]	@ 0x40
10008ee8:	f7fe bd0b 	b.w	10007902 <__svfscanf_r+0x10e>
10008eec:	1000a5c1 	.word	0x1000a5c1
10008ef0:	1000cdb4 	.word	0x1000cdb4
10008ef4:	2b00      	cmp	r3, #0
10008ef6:	d155      	bne.n	10008fa4 <__svfscanf_r+0x17b0>
10008ef8:	6afb      	ldr	r3, [r7, #44]	@ 0x2c
10008efa:	0621      	lsls	r1, r4, #24
10008efc:	f853 8b04 	ldr.w	r8, [r3], #4
10008f00:	62fb      	str	r3, [r7, #44]	@ 0x2c
10008f02:	d556      	bpl.n	10008fb2 <__svfscanf_r+0x17be>
10008f04:	f1b8 0f00 	cmp.w	r8, #0
10008f08:	f43e acf4 	beq.w	100078f4 <__svfscanf_r+0x100>
10008f0c:	2080      	movs	r0, #128	@ 0x80
10008f0e:	f7f9 f9ab 	bl	10002268 <__wrap_malloc>
10008f12:	4606      	mov	r6, r0
10008f14:	2800      	cmp	r0, #0
10008f16:	f43f af0b 	beq.w	10008d30 <__svfscanf_r+0x153c>
10008f1a:	6bfb      	ldr	r3, [r7, #60]	@ 0x3c
10008f1c:	f8c8 0000 	str.w	r0, [r8]
10008f20:	88da      	ldrh	r2, [r3, #6]
10008f22:	889c      	ldrh	r4, [r3, #4]
10008f24:	42a2      	cmp	r2, r4
10008f26:	d36c      	bcc.n	10009002 <__svfscanf_r+0x180e>
10008f28:	f64f 73f6 	movw	r3, #65526	@ 0xfff6
10008f2c:	64fa      	str	r2, [r7, #76]	@ 0x4c
10008f2e:	429c      	cmp	r4, r3
10008f30:	f63f aefe 	bhi.w	10008d30 <__svfscanf_r+0x153c>
10008f34:	3408      	adds	r4, #8
10008f36:	6bfb      	ldr	r3, [r7, #60]	@ 0x3c
10008f38:	00a1      	lsls	r1, r4, #2
10008f3a:	6818      	ldr	r0, [r3, #0]
10008f3c:	f7f9 f9a6 	bl	1000228c <__wrap_realloc>
10008f40:	2800      	cmp	r0, #0
10008f42:	f43f aef5 	beq.w	10008d30 <__svfscanf_r+0x153c>
10008f46:	6bfb      	ldr	r3, [r7, #60]	@ 0x3c
10008f48:	6cfa      	ldr	r2, [r7, #76]	@ 0x4c
10008f4a:	809c      	strh	r4, [r3, #4]
10008f4c:	6018      	str	r0, [r3, #0]
10008f4e:	1c53      	adds	r3, r2, #1
10008f50:	f840 8022 	str.w	r8, [r0, r2, lsl #2]
10008f54:	46b6      	mov	lr, r6
10008f56:	6bfa      	ldr	r2, [r7, #60]	@ 0x3c
10008f58:	f04f 0c20 	mov.w	ip, #32
10008f5c:	80d3      	strh	r3, [r2, #6]
10008f5e:	f8da 3000 	ldr.w	r3, [sl]
10008f62:	781b      	ldrb	r3, [r3, #0]
10008f64:	5ceb      	ldrb	r3, [r5, r3]
10008f66:	f013 0308 	ands.w	r3, r3, #8
10008f6a:	d04c      	beq.n	10009006 <__svfscanf_r+0x1812>
10008f6c:	6bbb      	ldr	r3, [r7, #56]	@ 0x38
10008f6e:	2b00      	cmp	r3, #0
10008f70:	f47f a964 	bne.w	1000823c <__svfscanf_r+0xa48>
10008f74:	eba6 010e 	sub.w	r1, r6, lr
10008f78:	6033      	str	r3, [r6, #0]
10008f7a:	108b      	asrs	r3, r1, #2
10008f7c:	3301      	adds	r3, #1
10008f7e:	459c      	cmp	ip, r3
10008f80:	f67f a959 	bls.w	10008236 <__svfscanf_r+0xa42>
10008f84:	f1b8 0f00 	cmp.w	r8, #0
10008f88:	f43f a955 	beq.w	10008236 <__svfscanf_r+0xa42>
10008f8c:	3104      	adds	r1, #4
10008f8e:	f8d8 0000 	ldr.w	r0, [r8]
10008f92:	f7f9 f97b 	bl	1000228c <__wrap_realloc>
10008f96:	2800      	cmp	r0, #0
10008f98:	f43f a94d 	beq.w	10008236 <__svfscanf_r+0xa42>
10008f9c:	f8c8 0000 	str.w	r0, [r8]
10008fa0:	f7ff b949 	b.w	10008236 <__svfscanf_r+0xa42>
10008fa4:	f04f 0c00 	mov.w	ip, #0
10008fa8:	f107 0654 	add.w	r6, r7, #84	@ 0x54
10008fac:	46e6      	mov	lr, ip
10008fae:	46e0      	mov	r8, ip
10008fb0:	e7d5      	b.n	10008f5e <__svfscanf_r+0x176a>
10008fb2:	4646      	mov	r6, r8
10008fb4:	f8d7 8038 	ldr.w	r8, [r7, #56]	@ 0x38
10008fb8:	46c4      	mov	ip, r8
10008fba:	46c6      	mov	lr, r8
10008fbc:	e7cf      	b.n	10008f5e <__svfscanf_r+0x176a>
10008fbe:	f8da 3000 	ldr.w	r3, [sl]
10008fc2:	781a      	ldrb	r2, [r3, #0]
10008fc4:	5caa      	ldrb	r2, [r5, r2]
10008fc6:	0710      	lsls	r0, r2, #28
10008fc8:	f53f a938 	bmi.w	1000823c <__svfscanf_r+0xa48>
10008fcc:	f8da 2004 	ldr.w	r2, [sl, #4]
10008fd0:	3601      	adds	r6, #1
10008fd2:	3301      	adds	r3, #1
10008fd4:	3a01      	subs	r2, #1
10008fd6:	454e      	cmp	r6, r9
10008fd8:	e9ca 3200 	strd	r3, r2, [sl]
10008fdc:	d005      	beq.n	10008fea <__svfscanf_r+0x17f6>
10008fde:	2a00      	cmp	r2, #0
10008fe0:	dd06      	ble.n	10008ff0 <__svfscanf_r+0x17fc>
10008fe2:	781a      	ldrb	r2, [r3, #0]
10008fe4:	5caa      	ldrb	r2, [r5, r2]
10008fe6:	0711      	lsls	r1, r2, #28
10008fe8:	d5f0      	bpl.n	10008fcc <__svfscanf_r+0x17d8>
10008fea:	44b3      	add	fp, r6
10008fec:	f7ff b926 	b.w	1000823c <__svfscanf_r+0xa48>
10008ff0:	4651      	mov	r1, sl
10008ff2:	6cb8      	ldr	r0, [r7, #72]	@ 0x48
10008ff4:	f001 faf4 	bl	1000a5e0 <__srefill_r>
10008ff8:	2800      	cmp	r0, #0
10008ffa:	d1f6      	bne.n	10008fea <__svfscanf_r+0x17f6>
10008ffc:	f8da 3000 	ldr.w	r3, [sl]
10009000:	e7ef      	b.n	10008fe2 <__svfscanf_r+0x17ee>
10009002:	6818      	ldr	r0, [r3, #0]
10009004:	e7a3      	b.n	10008f4e <__svfscanf_r+0x175a>
10009006:	461c      	mov	r4, r3
10009008:	f1b8 0300 	subs.w	r3, r8, #0
1000900c:	f8c7 9028 	str.w	r9, [r7, #40]	@ 0x28
10009010:	46e1      	mov	r9, ip
10009012:	bf18      	it	ne
10009014:	2301      	movne	r3, #1
10009016:	f8c7 8044 	str.w	r8, [r7, #68]	@ 0x44
1000901a:	46a0      	mov	r8, r4
1000901c:	4674      	mov	r4, lr
1000901e:	61fb      	str	r3, [r7, #28]
10009020:	f001 ffaa 	bl	1000af78 <__locale_mb_cur_max>
10009024:	4540      	cmp	r0, r8
10009026:	f43e ac59 	beq.w	100078dc <__svfscanf_r+0xe8>
1000902a:	e9da 3200 	ldrd	r3, r2, [sl]
1000902e:	f813 1b01 	ldrb.w	r1, [r3], #1
10009032:	3a01      	subs	r2, #1
10009034:	f8ca 3000 	str.w	r3, [sl]
10009038:	f108 0301 	add.w	r3, r8, #1
1000903c:	f8ca 2004 	str.w	r2, [sl, #4]
10009040:	f507 72b8 	add.w	r2, r7, #368	@ 0x170
10009044:	64fb      	str	r3, [r7, #76]	@ 0x4c
10009046:	6a3b      	ldr	r3, [r7, #32]
10009048:	f802 1008 	strb.w	r1, [r2, r8]
1000904c:	f107 0868 	add.w	r8, r7, #104	@ 0x68
10009050:	2b03      	cmp	r3, #3
10009052:	d103      	bne.n	1000905c <__svfscanf_r+0x1868>
10009054:	f8d8 3000 	ldr.w	r3, [r8]
10009058:	2b04      	cmp	r3, #4
1000905a:	d004      	beq.n	10009066 <__svfscanf_r+0x1872>
1000905c:	2208      	movs	r2, #8
1000905e:	2100      	movs	r1, #0
10009060:	4640      	mov	r0, r8
10009062:	f7fe f879 	bl	10007158 <memset>
10009066:	f8cd 8000 	str.w	r8, [sp]
1000906a:	f507 72b8 	add.w	r2, r7, #368	@ 0x170
1000906e:	6cfb      	ldr	r3, [r7, #76]	@ 0x4c
10009070:	4631      	mov	r1, r6
10009072:	6cb8      	ldr	r0, [r7, #72]	@ 0x48
10009074:	f002 fa02 	bl	1000b47c <_mbrtowc_r>
10009078:	1c42      	adds	r2, r0, #1
1000907a:	6238      	str	r0, [r7, #32]
1000907c:	f43e ac2e 	beq.w	100078dc <__svfscanf_r+0xe8>
10009080:	2800      	cmp	r0, #0
10009082:	d164      	bne.n	1000914e <__svfscanf_r+0x195a>
10009084:	6030      	str	r0, [r6, #0]
10009086:	f002 fa23 	bl	1000b4d0 <iswspace>
1000908a:	2800      	cmp	r0, #0
1000908c:	f040 808d 	bne.w	100091aa <__svfscanf_r+0x19b6>
10009090:	6cfb      	ldr	r3, [r7, #76]	@ 0x4c
10009092:	449b      	add	fp, r3
10009094:	6abb      	ldr	r3, [r7, #40]	@ 0x28
10009096:	3b01      	subs	r3, #1
10009098:	62bb      	str	r3, [r7, #40]	@ 0x28
1000909a:	6bbb      	ldr	r3, [r7, #56]	@ 0x38
1000909c:	b94b      	cbnz	r3, 100090b2 <__svfscanf_r+0x18be>
1000909e:	3604      	adds	r6, #4
100090a0:	eba6 0804 	sub.w	r8, r6, r4
100090a4:	ebb9 0fa8 	cmp.w	r9, r8, asr #2
100090a8:	d803      	bhi.n	100090b2 <__svfscanf_r+0x18be>
100090aa:	69fa      	ldr	r2, [r7, #28]
100090ac:	2a00      	cmp	r2, #0
100090ae:	f040 809a 	bne.w	100091e6 <__svfscanf_r+0x19f2>
100090b2:	f04f 0800 	mov.w	r8, #0
100090b6:	f8da 3004 	ldr.w	r3, [sl, #4]
100090ba:	2b00      	cmp	r3, #0
100090bc:	dd5b      	ble.n	10009176 <__svfscanf_r+0x1982>
100090be:	f8da 3000 	ldr.w	r3, [sl]
100090c2:	781b      	ldrb	r3, [r3, #0]
100090c4:	5ceb      	ldrb	r3, [r5, r3]
100090c6:	f3c3 03c0 	ubfx	r3, r3, #3, #1
100090ca:	f083 0301 	eor.w	r3, r3, #1
100090ce:	07db      	lsls	r3, r3, #31
100090d0:	d502      	bpl.n	100090d8 <__svfscanf_r+0x18e4>
100090d2:	6abb      	ldr	r3, [r7, #40]	@ 0x28
100090d4:	2b00      	cmp	r3, #0
100090d6:	d1a3      	bne.n	10009020 <__svfscanf_r+0x182c>
100090d8:	f8d7 8044 	ldr.w	r8, [r7, #68]	@ 0x44
100090dc:	46a6      	mov	lr, r4
100090de:	46cc      	mov	ip, r9
100090e0:	e744      	b.n	10008f6c <__svfscanf_r+0x1778>
100090e2:	2101      	movs	r1, #1
100090e4:	2300      	movs	r3, #0
100090e6:	7033      	strb	r3, [r6, #0]
100090e8:	6cfb      	ldr	r3, [r7, #76]	@ 0x4c
100090ea:	428b      	cmp	r3, r1
100090ec:	f67f ac55 	bls.w	1000899a <__svfscanf_r+0x11a6>
100090f0:	f1bc 0f00 	cmp.w	ip, #0
100090f4:	f43f ac51 	beq.w	1000899a <__svfscanf_r+0x11a6>
100090f8:	f8d8 0000 	ldr.w	r0, [r8]
100090fc:	f7f9 f8c6 	bl	1000228c <__wrap_realloc>
10009100:	2800      	cmp	r0, #0
10009102:	f43f ac4a 	beq.w	1000899a <__svfscanf_r+0x11a6>
10009106:	f8c8 0000 	str.w	r0, [r8]
1000910a:	e446      	b.n	1000899a <__svfscanf_r+0x11a6>
1000910c:	1886      	adds	r6, r0, r2
1000910e:	f8c9 0000 	str.w	r0, [r9]
10009112:	f1bb 0b01 	subs.w	fp, fp, #1
10009116:	d00b      	beq.n	10009130 <__svfscanf_r+0x193c>
10009118:	f8da 2004 	ldr.w	r2, [sl, #4]
1000911c:	2a00      	cmp	r2, #0
1000911e:	dd0f      	ble.n	10009140 <__svfscanf_r+0x194c>
10009120:	f8da 0000 	ldr.w	r0, [sl]
10009124:	4631      	mov	r1, r6
10009126:	7802      	ldrb	r2, [r0, #0]
10009128:	5caa      	ldrb	r2, [r5, r2]
1000912a:	0713      	lsls	r3, r2, #28
1000912c:	f57f addf 	bpl.w	10008cee <__svfscanf_r+0x14fa>
10009130:	1b33      	subs	r3, r6, r4
10009132:	f8d7 b044 	ldr.w	fp, [r7, #68]	@ 0x44
10009136:	46c4      	mov	ip, r8
10009138:	46c8      	mov	r8, r9
1000913a:	449b      	add	fp, r3
1000913c:	1c59      	adds	r1, r3, #1
1000913e:	e7d1      	b.n	100090e4 <__svfscanf_r+0x18f0>
10009140:	4651      	mov	r1, sl
10009142:	6cb8      	ldr	r0, [r7, #72]	@ 0x48
10009144:	f001 fa4c 	bl	1000a5e0 <__srefill_r>
10009148:	2800      	cmp	r0, #0
1000914a:	d0e9      	beq.n	10009120 <__svfscanf_r+0x192c>
1000914c:	e7f0      	b.n	10009130 <__svfscanf_r+0x193c>
1000914e:	6a3b      	ldr	r3, [r7, #32]
10009150:	3302      	adds	r3, #2
10009152:	d00d      	beq.n	10009170 <__svfscanf_r+0x197c>
10009154:	6830      	ldr	r0, [r6, #0]
10009156:	f002 f9bb 	bl	1000b4d0 <iswspace>
1000915a:	bb30      	cbnz	r0, 100091aa <__svfscanf_r+0x19b6>
1000915c:	6cfb      	ldr	r3, [r7, #76]	@ 0x4c
1000915e:	449b      	add	fp, r3
10009160:	6a3b      	ldr	r3, [r7, #32]
10009162:	2b03      	cmp	r3, #3
10009164:	d196      	bne.n	10009094 <__svfscanf_r+0x18a0>
10009166:	f8d8 3000 	ldr.w	r3, [r8]
1000916a:	2b04      	cmp	r3, #4
1000916c:	d192      	bne.n	10009094 <__svfscanf_r+0x18a0>
1000916e:	e794      	b.n	1000909a <__svfscanf_r+0x18a6>
10009170:	f8d7 804c 	ldr.w	r8, [r7, #76]	@ 0x4c
10009174:	e79f      	b.n	100090b6 <__svfscanf_r+0x18c2>
10009176:	4651      	mov	r1, sl
10009178:	6cb8      	ldr	r0, [r7, #72]	@ 0x48
1000917a:	f001 fa31 	bl	1000a5e0 <__srefill_r>
1000917e:	2800      	cmp	r0, #0
10009180:	d09d      	beq.n	100090be <__svfscanf_r+0x18ca>
10009182:	46a6      	mov	lr, r4
10009184:	4644      	mov	r4, r8
10009186:	46cc      	mov	ip, r9
10009188:	f8d7 8044 	ldr.w	r8, [r7, #68]	@ 0x44
1000918c:	2c00      	cmp	r4, #0
1000918e:	f47e aba5 	bne.w	100078dc <__svfscanf_r+0xe8>
10009192:	e6eb      	b.n	10008f6c <__svfscanf_r+0x1778>
10009194:	6818      	ldr	r0, [r3, #0]
10009196:	1c53      	adds	r3, r2, #1
10009198:	f840 8022 	str.w	r8, [r0, r2, lsl #2]
1000919c:	6bfa      	ldr	r2, [r7, #60]	@ 0x3c
1000919e:	f04f 0c01 	mov.w	ip, #1
100091a2:	80d3      	strh	r3, [r2, #6]
100091a4:	2320      	movs	r3, #32
100091a6:	64fb      	str	r3, [r7, #76]	@ 0x4c
100091a8:	e593      	b.n	10008cd2 <__svfscanf_r+0x14de>
100091aa:	46a6      	mov	lr, r4
100091ac:	46cc      	mov	ip, r9
100091ae:	f507 73b8 	add.w	r3, r7, #368	@ 0x170
100091b2:	6cfa      	ldr	r2, [r7, #76]	@ 0x4c
100091b4:	f8d7 8044 	ldr.w	r8, [r7, #68]	@ 0x44
100091b8:	46f1      	mov	r9, lr
100091ba:	189c      	adds	r4, r3, r2
100091bc:	4665      	mov	r5, ip
100091be:	6cfb      	ldr	r3, [r7, #76]	@ 0x4c
100091c0:	4652      	mov	r2, sl
100091c2:	f814 1d01 	ldrb.w	r1, [r4, #-1]!
100091c6:	3b01      	subs	r3, #1
100091c8:	6cb8      	ldr	r0, [r7, #72]	@ 0x48
100091ca:	64fb      	str	r3, [r7, #76]	@ 0x4c
100091cc:	f001 fcea 	bl	1000aba4 <_ungetc_r>
100091d0:	6cfb      	ldr	r3, [r7, #76]	@ 0x4c
100091d2:	2b00      	cmp	r3, #0
100091d4:	d1f3      	bne.n	100091be <__svfscanf_r+0x19ca>
100091d6:	46ce      	mov	lr, r9
100091d8:	46ac      	mov	ip, r5
100091da:	e6c7      	b.n	10008f6c <__svfscanf_r+0x1778>
100091dc:	6bfb      	ldr	r3, [r7, #60]	@ 0x3c
100091de:	6cfa      	ldr	r2, [r7, #76]	@ 0x4c
100091e0:	809c      	strh	r4, [r3, #4]
100091e2:	6018      	str	r0, [r3, #0]
100091e4:	e7d7      	b.n	10009196 <__svfscanf_r+0x19a2>
100091e6:	4620      	mov	r0, r4
100091e8:	ea4f 01c9 	mov.w	r1, r9, lsl #3
100091ec:	f7f9 f84e 	bl	1000228c <__wrap_realloc>
100091f0:	4604      	mov	r4, r0
100091f2:	2800      	cmp	r0, #0
100091f4:	f43f ad9c 	beq.w	10008d30 <__svfscanf_r+0x153c>
100091f8:	6c7a      	ldr	r2, [r7, #68]	@ 0x44
100091fa:	eb00 0608 	add.w	r6, r0, r8
100091fe:	ea4f 0949 	mov.w	r9, r9, lsl #1
10009202:	f8d7 8038 	ldr.w	r8, [r7, #56]	@ 0x38
10009206:	6010      	str	r0, [r2, #0]
10009208:	e755      	b.n	100090b6 <__svfscanf_r+0x18c2>
1000920a:	bf00      	nop

1000920c <_vfscanf_r>:
1000920c:	b530      	push	{r4, r5, lr}
1000920e:	4604      	mov	r4, r0
10009210:	b085      	sub	sp, #20
10009212:	b108      	cbz	r0, 10009218 <_vfscanf_r+0xc>
10009214:	6b45      	ldr	r5, [r0, #52]	@ 0x34
10009216:	b12d      	cbz	r5, 10009224 <_vfscanf_r+0x18>
10009218:	4620      	mov	r0, r4
1000921a:	b005      	add	sp, #20
1000921c:	e8bd 4030 	ldmia.w	sp!, {r4, r5, lr}
10009220:	f7fe bae8 	b.w	100077f4 <__svfscanf_r>
10009224:	e9cd 2302 	strd	r2, r3, [sp, #8]
10009228:	9101      	str	r1, [sp, #4]
1000922a:	f001 fc57 	bl	1000aadc <__sinit>
1000922e:	9901      	ldr	r1, [sp, #4]
10009230:	4620      	mov	r0, r4
10009232:	e9dd 2302 	ldrd	r2, r3, [sp, #8]
10009236:	b005      	add	sp, #20
10009238:	e8bd 4030 	ldmia.w	sp!, {r4, r5, lr}
1000923c:	f7fe bada 	b.w	100077f4 <__svfscanf_r>

10009240 <_strtod_l>:
10009240:	e92d 4ff0 	stmdb	sp!, {r4, r5, r6, r7, r8, r9, sl, fp, lr}
10009244:	460e      	mov	r6, r1
10009246:	b0a1      	sub	sp, #132	@ 0x84
10009248:	2100      	movs	r1, #0
1000924a:	4683      	mov	fp, r0
1000924c:	9207      	str	r2, [sp, #28]
1000924e:	2200      	movs	r2, #0
10009250:	911c      	str	r1, [sp, #112]	@ 0x70
10009252:	2100      	movs	r1, #0
10009254:	e9cd 1204 	strd	r1, r2, [sp, #16]
10009258:	4632      	mov	r2, r6
1000925a:	4690      	mov	r8, r2
1000925c:	921b      	str	r2, [sp, #108]	@ 0x6c
1000925e:	f812 ab01 	ldrb.w	sl, [r2], #1
10009262:	f1ba 0f2d 	cmp.w	sl, #45	@ 0x2d
10009266:	d85f      	bhi.n	10009328 <_strtod_l+0xe8>
10009268:	a101      	add	r1, pc, #4	@ (adr r1, 10009270 <_strtod_l+0x30>)
1000926a:	f851 f02a 	ldr.w	pc, [r1, sl, lsl #2]
1000926e:	bf00      	nop
10009270:	100093b3 	.word	0x100093b3
10009274:	10009329 	.word	0x10009329
10009278:	10009329 	.word	0x10009329
1000927c:	10009329 	.word	0x10009329
10009280:	10009329 	.word	0x10009329
10009284:	10009329 	.word	0x10009329
10009288:	10009329 	.word	0x10009329
1000928c:	10009329 	.word	0x10009329
10009290:	10009329 	.word	0x10009329
10009294:	1000925b 	.word	0x1000925b
10009298:	1000925b 	.word	0x1000925b
1000929c:	1000925b 	.word	0x1000925b
100092a0:	1000925b 	.word	0x1000925b
100092a4:	1000925b 	.word	0x1000925b
100092a8:	10009329 	.word	0x10009329
100092ac:	10009329 	.word	0x10009329
100092b0:	10009329 	.word	0x10009329
100092b4:	10009329 	.word	0x10009329
100092b8:	10009329 	.word	0x10009329
100092bc:	10009329 	.word	0x10009329
100092c0:	10009329 	.word	0x10009329
100092c4:	10009329 	.word	0x10009329
100092c8:	10009329 	.word	0x10009329
100092cc:	10009329 	.word	0x10009329
100092d0:	10009329 	.word	0x10009329
100092d4:	10009329 	.word	0x10009329
100092d8:	10009329 	.word	0x10009329
100092dc:	10009329 	.word	0x10009329
100092e0:	10009329 	.word	0x10009329
100092e4:	10009329 	.word	0x10009329
100092e8:	10009329 	.word	0x10009329
100092ec:	10009329 	.word	0x10009329
100092f0:	1000925b 	.word	0x1000925b
100092f4:	10009329 	.word	0x10009329
100092f8:	10009329 	.word	0x10009329
100092fc:	10009329 	.word	0x10009329
10009300:	10009329 	.word	0x10009329
10009304:	10009329 	.word	0x10009329
10009308:	10009329 	.word	0x10009329
1000930c:	10009329 	.word	0x10009329
10009310:	10009329 	.word	0x10009329
10009314:	10009329 	.word	0x10009329
10009318:	10009329 	.word	0x10009329
1000931c:	100096d3 	.word	0x100096d3
10009320:	10009329 	.word	0x10009329
10009324:	100096ed 	.word	0x100096ed
10009328:	2200      	movs	r2, #0
1000932a:	9208      	str	r2, [sp, #32]
1000932c:	f1ba 0f30 	cmp.w	sl, #48	@ 0x30
10009330:	f000 80a4 	beq.w	1000947c <_strtod_l+0x23c>
10009334:	2300      	movs	r3, #0
10009336:	9309      	str	r3, [sp, #36]	@ 0x24
10009338:	f1aa 0330 	sub.w	r3, sl, #48	@ 0x30
1000933c:	2b09      	cmp	r3, #9
1000933e:	f200 83f7 	bhi.w	10009b30 <_strtod_l+0x8f0>
10009342:	2700      	movs	r7, #0
10009344:	4640      	mov	r0, r8
10009346:	463d      	mov	r5, r7
10009348:	463c      	mov	r4, r7
1000934a:	3001      	adds	r0, #1
1000934c:	2c08      	cmp	r4, #8
1000934e:	eb07 0287 	add.w	r2, r7, r7, lsl #2
10009352:	f104 0401 	add.w	r4, r4, #1
10009356:	eb05 0185 	add.w	r1, r5, r5, lsl #2
1000935a:	901b      	str	r0, [sp, #108]	@ 0x6c
1000935c:	f890 a000 	ldrb.w	sl, [r0]
10009360:	bfcc      	ite	gt
10009362:	eb03 0742 	addgt.w	r7, r3, r2, lsl #1
10009366:	eb03 0541 	addle.w	r5, r3, r1, lsl #1
1000936a:	f1aa 0330 	sub.w	r3, sl, #48	@ 0x30
1000936e:	2b09      	cmp	r3, #9
10009370:	d9eb      	bls.n	1000934a <_strtod_l+0x10a>
10009372:	2201      	movs	r2, #1
10009374:	49a7      	ldr	r1, [pc, #668]	@ (10009614 <_strtod_l+0x3d4>)
10009376:	f001 fd8f 	bl	1000ae98 <strncmp>
1000937a:	4681      	mov	r9, r0
1000937c:	bb28      	cbnz	r0, 100093ca <_strtod_l+0x18a>
1000937e:	991b      	ldr	r1, [sp, #108]	@ 0x6c
10009380:	460b      	mov	r3, r1
10009382:	3101      	adds	r1, #1
10009384:	911b      	str	r1, [sp, #108]	@ 0x6c
10009386:	785b      	ldrb	r3, [r3, #1]
10009388:	f1a3 0c30 	sub.w	ip, r3, #48	@ 0x30
1000938c:	f1bc 0f09 	cmp.w	ip, #9
10009390:	f240 811e 	bls.w	100095d0 <_strtod_l+0x390>
10009394:	f023 0320 	bic.w	r3, r3, #32
10009398:	46a6      	mov	lr, r4
1000939a:	2b45      	cmp	r3, #69	@ 0x45
1000939c:	f040 81a9 	bne.w	100096f2 <_strtod_l+0x4b2>
100093a0:	f04f 0a01 	mov.w	sl, #1
100093a4:	900a      	str	r0, [sp, #40]	@ 0x28
100093a6:	9b0a      	ldr	r3, [sp, #40]	@ 0x28
100093a8:	4323      	orrs	r3, r4
100093aa:	9a09      	ldr	r2, [sp, #36]	@ 0x24
100093ac:	4313      	orrs	r3, r2
100093ae:	f040 8142 	bne.w	10009636 <_strtod_l+0x3f6>
100093b2:	9b07      	ldr	r3, [sp, #28]
100093b4:	f04f 0800 	mov.w	r8, #0
100093b8:	f04f 0900 	mov.w	r9, #0
100093bc:	b103      	cbz	r3, 100093c0 <_strtod_l+0x180>
100093be:	601e      	str	r6, [r3, #0]
100093c0:	4640      	mov	r0, r8
100093c2:	4649      	mov	r1, r9
100093c4:	b021      	add	sp, #132	@ 0x84
100093c6:	e8bd 8ff0 	ldmia.w	sp!, {r4, r5, r6, r7, r8, r9, sl, fp, pc}
100093ca:	f02a 0320 	bic.w	r3, sl, #32
100093ce:	2b45      	cmp	r3, #69	@ 0x45
100093d0:	f000 812c 	beq.w	1000962c <_strtod_l+0x3ec>
100093d4:	f04f 0900 	mov.w	r9, #0
100093d8:	46a6      	mov	lr, r4
100093da:	f8cd 9030 	str.w	r9, [sp, #48]	@ 0x30
100093de:	f8cd 9038 	str.w	r9, [sp, #56]	@ 0x38
100093e2:	4626      	mov	r6, r4
100093e4:	4674      	mov	r4, lr
100093e6:	2e10      	cmp	r6, #16
100093e8:	4628      	mov	r0, r5
100093ea:	46b2      	mov	sl, r6
100093ec:	bfa8      	it	ge
100093ee:	f04f 0a10 	movge.w	sl, #16
100093f2:	f7f8 fd3d 	bl	10001e70 <__wrap___aeabi_ui2d>
100093f6:	2e09      	cmp	r6, #9
100093f8:	4602      	mov	r2, r0
100093fa:	460b      	mov	r3, r1
100093fc:	e9cd 2304 	strd	r2, r3, [sp, #16]
10009400:	dd17      	ble.n	10009432 <_strtod_l+0x1f2>
10009402:	4b85      	ldr	r3, [pc, #532]	@ (10009618 <_strtod_l+0x3d8>)
10009404:	eb03 03ca 	add.w	r3, r3, sl, lsl #3
10009408:	e953 2312 	ldrd	r2, r3, [r3, #-72]	@ 0x48
1000940c:	f7f8 fc9c 	bl	10001d48 <__wrap___aeabi_dmul>
10009410:	4602      	mov	r2, r0
10009412:	460b      	mov	r3, r1
10009414:	4638      	mov	r0, r7
10009416:	e9cd 2304 	strd	r2, r3, [sp, #16]
1000941a:	f7f8 fd29 	bl	10001e70 <__wrap___aeabi_ui2d>
1000941e:	4602      	mov	r2, r0
10009420:	460b      	mov	r3, r1
10009422:	e9dd 0104 	ldrd	r0, r1, [sp, #16]
10009426:	f7f8 fc67 	bl	10001cf8 <__wrap___aeabi_dadd>
1000942a:	2e0f      	cmp	r6, #15
1000942c:	e9cd 0104 	strd	r0, r1, [sp, #16]
10009430:	dc3b      	bgt.n	100094aa <_strtod_l+0x26a>
10009432:	9b0c      	ldr	r3, [sp, #48]	@ 0x30
10009434:	2b00      	cmp	r3, #0
10009436:	f000 83ad 	beq.w	10009b94 <_strtod_l+0x954>
1000943a:	9b0c      	ldr	r3, [sp, #48]	@ 0x30
1000943c:	f340 82b2 	ble.w	100099a4 <_strtod_l+0x764>
10009440:	2b16      	cmp	r3, #22
10009442:	f340 84df 	ble.w	10009e04 <_strtod_l+0xbc4>
10009446:	f1c6 0325 	rsb	r3, r6, #37	@ 0x25
1000944a:	9a0c      	ldr	r2, [sp, #48]	@ 0x30
1000944c:	4293      	cmp	r3, r2
1000944e:	db2c      	blt.n	100094aa <_strtod_l+0x26a>
10009450:	f1c6 050f 	rsb	r5, r6, #15
10009454:	4c70      	ldr	r4, [pc, #448]	@ (10009618 <_strtod_l+0x3d8>)
10009456:	eb04 01c5 	add.w	r1, r4, r5, lsl #3
1000945a:	e9dd 2304 	ldrd	r2, r3, [sp, #16]
1000945e:	e9d1 0100 	ldrd	r0, r1, [r1]
10009462:	f7f8 fc71 	bl	10001d48 <__wrap___aeabi_dmul>
10009466:	9b0c      	ldr	r3, [sp, #48]	@ 0x30
10009468:	1b5d      	subs	r5, r3, r5
1000946a:	eb04 04c5 	add.w	r4, r4, r5, lsl #3
1000946e:	e9d4 2300 	ldrd	r2, r3, [r4]
10009472:	f7f8 fc69 	bl	10001d48 <__wrap___aeabi_dmul>
10009476:	4680      	mov	r8, r0
10009478:	4689      	mov	r9, r1
1000947a:	e099      	b.n	100095b0 <_strtod_l+0x370>
1000947c:	f898 2001 	ldrb.w	r2, [r8, #1]
10009480:	f002 02df 	and.w	r2, r2, #223	@ 0xdf
10009484:	2a58      	cmp	r2, #88	@ 0x58
10009486:	f000 83d2 	beq.w	10009c2e <_strtod_l+0x9ee>
1000948a:	4643      	mov	r3, r8
1000948c:	3301      	adds	r3, #1
1000948e:	931b      	str	r3, [sp, #108]	@ 0x6c
10009490:	f893 a000 	ldrb.w	sl, [r3]
10009494:	f1ba 0f30 	cmp.w	sl, #48	@ 0x30
10009498:	d0f8      	beq.n	1000948c <_strtod_l+0x24c>
1000949a:	4698      	mov	r8, r3
1000949c:	f1ba 0f00 	cmp.w	sl, #0
100094a0:	f000 8082 	beq.w	100095a8 <_strtod_l+0x368>
100094a4:	2301      	movs	r3, #1
100094a6:	9309      	str	r3, [sp, #36]	@ 0x24
100094a8:	e746      	b.n	10009338 <_strtod_l+0xf8>
100094aa:	eba6 0a0a 	sub.w	sl, r6, sl
100094ae:	9b0c      	ldr	r3, [sp, #48]	@ 0x30
100094b0:	449a      	add	sl, r3
100094b2:	f1ba 0f00 	cmp.w	sl, #0
100094b6:	f340 8127 	ble.w	10009708 <_strtod_l+0x4c8>
100094ba:	f02a 070f 	bic.w	r7, sl, #15
100094be:	f01a 0a0f 	ands.w	sl, sl, #15
100094c2:	f040 8423 	bne.w	10009d0c <_strtod_l+0xacc>
100094c6:	f5b7 7f9a 	cmp.w	r7, #308	@ 0x134
100094ca:	f300 84a9 	bgt.w	10009e20 <_strtod_l+0xbe0>
100094ce:	2f10      	cmp	r7, #16
100094d0:	ea4f 1a27 	mov.w	sl, r7, asr #4
100094d4:	f000 85eb 	beq.w	1000a0ae <_strtod_l+0xe6e>
100094d8:	f8df e14c 	ldr.w	lr, [pc, #332]	@ 10009628 <_strtod_l+0x3e8>
100094dc:	f04f 0c00 	mov.w	ip, #0
100094e0:	e9cd 4509 	strd	r4, r5, [sp, #36]	@ 0x24
100094e4:	4677      	mov	r7, lr
100094e6:	4664      	mov	r4, ip
100094e8:	4675      	mov	r5, lr
100094ea:	e9dd 2304 	ldrd	r2, r3, [sp, #16]
100094ee:	f01a 0f01 	tst.w	sl, #1
100094f2:	4610      	mov	r0, r2
100094f4:	4619      	mov	r1, r3
100094f6:	d007      	beq.n	10009508 <_strtod_l+0x2c8>
100094f8:	e9d7 2300 	ldrd	r2, r3, [r7]
100094fc:	f7f8 fc24 	bl	10001d48 <__wrap___aeabi_dmul>
10009500:	f04f 0c01 	mov.w	ip, #1
10009504:	4602      	mov	r2, r0
10009506:	460b      	mov	r3, r1
10009508:	ea4f 0a6a 	mov.w	sl, sl, asr #1
1000950c:	3401      	adds	r4, #1
1000950e:	3708      	adds	r7, #8
10009510:	f1ba 0f01 	cmp.w	sl, #1
10009514:	d1eb      	bne.n	100094ee <_strtod_l+0x2ae>
10009516:	4621      	mov	r1, r4
10009518:	46ae      	mov	lr, r5
1000951a:	9c09      	ldr	r4, [sp, #36]	@ 0x24
1000951c:	9d0a      	ldr	r5, [sp, #40]	@ 0x28
1000951e:	f1bc 0f00 	cmp.w	ip, #0
10009522:	d001      	beq.n	10009528 <_strtod_l+0x2e8>
10009524:	e9cd 2304 	strd	r2, r3, [sp, #16]
10009528:	9b05      	ldr	r3, [sp, #20]
1000952a:	eb0e 0ec1 	add.w	lr, lr, r1, lsl #3
1000952e:	f1a3 7354 	sub.w	r3, r3, #55574528	@ 0x3500000
10009532:	9305      	str	r3, [sp, #20]
10009534:	e9dd 2304 	ldrd	r2, r3, [sp, #16]
10009538:	e9de 0100 	ldrd	r0, r1, [lr]
1000953c:	f7f8 fc04 	bl	10001d48 <__wrap___aeabi_dmul>
10009540:	4b36      	ldr	r3, [pc, #216]	@ (1000961c <_strtod_l+0x3dc>)
10009542:	460a      	mov	r2, r1
10009544:	400b      	ands	r3, r1
10009546:	e9cd 0104 	strd	r0, r1, [sp, #16]
1000954a:	4935      	ldr	r1, [pc, #212]	@ (10009620 <_strtod_l+0x3e0>)
1000954c:	428b      	cmp	r3, r1
1000954e:	f200 8467 	bhi.w	10009e20 <_strtod_l+0xbe0>
10009552:	f5a1 1180 	sub.w	r1, r1, #1048576	@ 0x100000
10009556:	428b      	cmp	r3, r1
10009558:	f240 8525 	bls.w	10009fa6 <_strtod_l+0xd66>
1000955c:	f04f 32ff 	mov.w	r2, #4294967295	@ 0xffffffff
10009560:	4b30      	ldr	r3, [pc, #192]	@ (10009624 <_strtod_l+0x3e4>)
10009562:	e9cd 2304 	strd	r2, r3, [sp, #16]
10009566:	e0d1      	b.n	1000970c <_strtod_l+0x4cc>
10009568:	981b      	ldr	r0, [sp, #108]	@ 0x6c
1000956a:	1c43      	adds	r3, r0, #1
1000956c:	931b      	str	r3, [sp, #108]	@ 0x6c
1000956e:	7841      	ldrb	r1, [r0, #1]
10009570:	2930      	cmp	r1, #48	@ 0x30
10009572:	f040 84a1 	bne.w	10009eb8 <_strtod_l+0xc78>
10009576:	1c83      	adds	r3, r0, #2
10009578:	461a      	mov	r2, r3
1000957a:	931b      	str	r3, [sp, #108]	@ 0x6c
1000957c:	3301      	adds	r3, #1
1000957e:	7811      	ldrb	r1, [r2, #0]
10009580:	2930      	cmp	r1, #48	@ 0x30
10009582:	d0f9      	beq.n	10009578 <_strtod_l+0x338>
10009584:	1a12      	subs	r2, r2, r0
10009586:	1e53      	subs	r3, r2, #1
10009588:	930a      	str	r3, [sp, #40]	@ 0x28
1000958a:	f1a1 0331 	sub.w	r3, r1, #49	@ 0x31
1000958e:	2b08      	cmp	r3, #8
10009590:	f240 82e2 	bls.w	10009b58 <_strtod_l+0x918>
10009594:	f021 0120 	bic.w	r1, r1, #32
10009598:	2945      	cmp	r1, #69	@ 0x45
1000959a:	f000 83a4 	beq.w	10009ce6 <_strtod_l+0xaa6>
1000959e:	e9dd 2309 	ldrd	r2, r3, [sp, #36]	@ 0x24
100095a2:	4313      	orrs	r3, r2
100095a4:	f43f af05 	beq.w	100093b2 <_strtod_l+0x172>
100095a8:	f04f 0800 	mov.w	r8, #0
100095ac:	f04f 0900 	mov.w	r9, #0
100095b0:	9a07      	ldr	r2, [sp, #28]
100095b2:	b10a      	cbz	r2, 100095b8 <_strtod_l+0x378>
100095b4:	9b1b      	ldr	r3, [sp, #108]	@ 0x6c
100095b6:	6013      	str	r3, [r2, #0]
100095b8:	9b08      	ldr	r3, [sp, #32]
100095ba:	2b00      	cmp	r3, #0
100095bc:	f43f af00 	beq.w	100093c0 <_strtod_l+0x180>
100095c0:	f109 4300 	add.w	r3, r9, #2147483648	@ 0x80000000
100095c4:	4640      	mov	r0, r8
100095c6:	4699      	mov	r9, r3
100095c8:	4649      	mov	r1, r9
100095ca:	b021      	add	sp, #132	@ 0x84
100095cc:	e8bd 8ff0 	ldmia.w	sp!, {r4, r5, r6, r7, r8, r9, sl, fp, pc}
100095d0:	46a6      	mov	lr, r4
100095d2:	900a      	str	r0, [sp, #40]	@ 0x28
100095d4:	9a0a      	ldr	r2, [sp, #40]	@ 0x28
100095d6:	4608      	mov	r0, r1
100095d8:	4661      	mov	r1, ip
100095da:	1c53      	adds	r3, r2, #1
100095dc:	f1bc 0f00 	cmp.w	ip, #0
100095e0:	f000 8489 	beq.w	10009ef6 <_strtod_l+0xcb6>
100095e4:	2b01      	cmp	r3, #1
100095e6:	4499      	add	r9, r3
100095e8:	f000 862d 	beq.w	1000a246 <_strtod_l+0x1006>
100095ec:	4422      	add	r2, r4
100095ee:	e004      	b.n	100095fa <_strtod_l+0x3ba>
100095f0:	ea4f 054a 	mov.w	r5, sl, lsl #1
100095f4:	42a2      	cmp	r2, r4
100095f6:	f000 8627 	beq.w	1000a248 <_strtod_l+0x1008>
100095fa:	2c08      	cmp	r4, #8
100095fc:	eb05 0a85 	add.w	sl, r5, r5, lsl #2
10009600:	f104 0401 	add.w	r4, r4, #1
10009604:	ddf4      	ble.n	100095f0 <_strtod_l+0x3b0>
10009606:	eb07 0387 	add.w	r3, r7, r7, lsl #2
1000960a:	2c10      	cmp	r4, #16
1000960c:	bfd8      	it	le
1000960e:	005f      	lslle	r7, r3, #1
10009610:	e7f0      	b.n	100095f4 <_strtod_l+0x3b4>
10009612:	bf00      	nop
10009614:	1000cdfc 	.word	0x1000cdfc
10009618:	100140e0 	.word	0x100140e0
1000961c:	7ff00000 	.word	0x7ff00000
10009620:	7ca00000 	.word	0x7ca00000
10009624:	7fefffff 	.word	0x7fefffff
10009628:	100140b8 	.word	0x100140b8
1000962c:	2300      	movs	r3, #0
1000962e:	46a6      	mov	lr, r4
10009630:	4699      	mov	r9, r3
10009632:	469a      	mov	sl, r3
10009634:	930a      	str	r3, [sp, #40]	@ 0x28
10009636:	9e1b      	ldr	r6, [sp, #108]	@ 0x6c
10009638:	1c73      	adds	r3, r6, #1
1000963a:	931b      	str	r3, [sp, #108]	@ 0x6c
1000963c:	7873      	ldrb	r3, [r6, #1]
1000963e:	2b2b      	cmp	r3, #43	@ 0x2b
10009640:	f000 826a 	beq.w	10009b18 <_strtod_l+0x8d8>
10009644:	2b2d      	cmp	r3, #45	@ 0x2d
10009646:	d141      	bne.n	100096cc <_strtod_l+0x48c>
10009648:	2301      	movs	r3, #1
1000964a:	930c      	str	r3, [sp, #48]	@ 0x30
1000964c:	1cb3      	adds	r3, r6, #2
1000964e:	931b      	str	r3, [sp, #108]	@ 0x6c
10009650:	78b3      	ldrb	r3, [r6, #2]
10009652:	f1a3 0c30 	sub.w	ip, r3, #48	@ 0x30
10009656:	f1bc 0f09 	cmp.w	ip, #9
1000965a:	f200 821e 	bhi.w	10009a9a <_strtod_l+0x85a>
1000965e:	2b30      	cmp	r3, #48	@ 0x30
10009660:	991b      	ldr	r1, [sp, #108]	@ 0x6c
10009662:	f040 82c0 	bne.w	10009be6 <_strtod_l+0x9a6>
10009666:	3101      	adds	r1, #1
10009668:	911b      	str	r1, [sp, #108]	@ 0x6c
1000966a:	780b      	ldrb	r3, [r1, #0]
1000966c:	2b30      	cmp	r3, #48	@ 0x30
1000966e:	d0fa      	beq.n	10009666 <_strtod_l+0x426>
10009670:	f1a3 0031 	sub.w	r0, r3, #49	@ 0x31
10009674:	2808      	cmp	r0, #8
10009676:	f240 82b4 	bls.w	10009be2 <_strtod_l+0x9a2>
1000967a:	2200      	movs	r2, #0
1000967c:	920e      	str	r2, [sp, #56]	@ 0x38
1000967e:	2c00      	cmp	r4, #0
10009680:	d138      	bne.n	100096f4 <_strtod_l+0x4b4>
10009682:	e9dd 2109 	ldrd	r2, r1, [sp, #36]	@ 0x24
10009686:	430a      	orrs	r2, r1
10009688:	d18e      	bne.n	100095a8 <_strtod_l+0x368>
1000968a:	f1ba 0f00 	cmp.w	sl, #0
1000968e:	f47f ae90 	bne.w	100093b2 <_strtod_l+0x172>
10009692:	2b69      	cmp	r3, #105	@ 0x69
10009694:	f000 834f 	beq.w	10009d36 <_strtod_l+0xaf6>
10009698:	f300 8348 	bgt.w	10009d2c <_strtod_l+0xaec>
1000969c:	2b49      	cmp	r3, #73	@ 0x49
1000969e:	f000 834a 	beq.w	10009d36 <_strtod_l+0xaf6>
100096a2:	2b4e      	cmp	r3, #78	@ 0x4e
100096a4:	f47f ae85 	bne.w	100093b2 <_strtod_l+0x172>
100096a8:	49b7      	ldr	r1, [pc, #732]	@ (10009988 <_strtod_l+0x748>)
100096aa:	a81b      	add	r0, sp, #108	@ 0x6c
100096ac:	f002 fb94 	bl	1000bdd8 <__match>
100096b0:	2800      	cmp	r0, #0
100096b2:	f43f ae7e 	beq.w	100093b2 <_strtod_l+0x172>
100096b6:	9b1b      	ldr	r3, [sp, #108]	@ 0x6c
100096b8:	781b      	ldrb	r3, [r3, #0]
100096ba:	2b28      	cmp	r3, #40	@ 0x28
100096bc:	f000 8498 	beq.w	10009ff0 <_strtod_l+0xdb0>
100096c0:	48b2      	ldr	r0, [pc, #712]	@ (1000998c <_strtod_l+0x74c>)
100096c2:	f001 ff1d 	bl	1000b500 <nan>
100096c6:	4680      	mov	r8, r0
100096c8:	4689      	mov	r9, r1
100096ca:	e771      	b.n	100095b0 <_strtod_l+0x370>
100096cc:	2200      	movs	r2, #0
100096ce:	920c      	str	r2, [sp, #48]	@ 0x30
100096d0:	e7bf      	b.n	10009652 <_strtod_l+0x412>
100096d2:	2200      	movs	r2, #0
100096d4:	9208      	str	r2, [sp, #32]
100096d6:	f108 0201 	add.w	r2, r8, #1
100096da:	921b      	str	r2, [sp, #108]	@ 0x6c
100096dc:	f898 a001 	ldrb.w	sl, [r8, #1]
100096e0:	f1ba 0f00 	cmp.w	sl, #0
100096e4:	f43f ae65 	beq.w	100093b2 <_strtod_l+0x172>
100096e8:	4690      	mov	r8, r2
100096ea:	e61f      	b.n	1000932c <_strtod_l+0xec>
100096ec:	2201      	movs	r2, #1
100096ee:	9208      	str	r2, [sp, #32]
100096f0:	e7f1      	b.n	100096d6 <_strtod_l+0x496>
100096f2:	900e      	str	r0, [sp, #56]	@ 0x38
100096f4:	9b0e      	ldr	r3, [sp, #56]	@ 0x38
100096f6:	eba3 0309 	sub.w	r3, r3, r9
100096fa:	930c      	str	r3, [sp, #48]	@ 0x30
100096fc:	f1be 0f00 	cmp.w	lr, #0
10009700:	f47f ae6f 	bne.w	100093e2 <_strtod_l+0x1a2>
10009704:	4626      	mov	r6, r4
10009706:	e66e      	b.n	100093e6 <_strtod_l+0x1a6>
10009708:	f040 8334 	bne.w	10009d74 <_strtod_l+0xb34>
1000970c:	2300      	movs	r3, #0
1000970e:	930d      	str	r3, [sp, #52]	@ 0x34
10009710:	4633      	mov	r3, r6
10009712:	4622      	mov	r2, r4
10009714:	4641      	mov	r1, r8
10009716:	4658      	mov	r0, fp
10009718:	9500      	str	r5, [sp, #0]
1000971a:	f002 fd13 	bl	1000c144 <__s2b>
1000971e:	9015      	str	r0, [sp, #84]	@ 0x54
10009720:	2800      	cmp	r0, #0
10009722:	f000 837d 	beq.w	10009e20 <_strtod_l+0xbe0>
10009726:	9b0e      	ldr	r3, [sp, #56]	@ 0x38
10009728:	2100      	movs	r1, #0
1000972a:	eba9 0903 	sub.w	r9, r9, r3
1000972e:	9b0c      	ldr	r3, [sp, #48]	@ 0x30
10009730:	468a      	mov	sl, r1
10009732:	9109      	str	r1, [sp, #36]	@ 0x24
10009734:	2b00      	cmp	r3, #0
10009736:	ea23 73e3 	bic.w	r3, r3, r3, asr #31
1000973a:	bfb4      	ite	lt
1000973c:	464a      	movlt	r2, r9
1000973e:	2200      	movge	r2, #0
10009740:	9314      	str	r3, [sp, #80]	@ 0x50
10009742:	920e      	str	r2, [sp, #56]	@ 0x38
10009744:	9a0d      	ldr	r2, [sp, #52]	@ 0x34
10009746:	1a53      	subs	r3, r2, r1
10009748:	fab2 fc82 	clz	ip, r2
1000974c:	bf18      	it	ne
1000974e:	2301      	movne	r3, #1
10009750:	ea4f 1c5c 	mov.w	ip, ip, lsr #5
10009754:	9316      	str	r3, [sp, #88]	@ 0x58
10009756:	f8cd c05c 	str.w	ip, [sp, #92]	@ 0x5c
1000975a:	e0d1      	b.n	10009900 <_strtod_l+0x6c0>
1000975c:	1ad2      	subs	r2, r2, r3
1000975e:	2a1f      	cmp	r2, #31
10009760:	eba4 0402 	sub.w	r4, r4, r2
10009764:	f300 819d 	bgt.w	10009aa2 <_strtod_l+0x862>
10009768:	2301      	movs	r3, #1
1000976a:	2700      	movs	r7, #0
1000976c:	4093      	lsls	r3, r2
1000976e:	9312      	str	r3, [sp, #72]	@ 0x48
10009770:	4425      	add	r5, r4
10009772:	4434      	add	r4, r6
10009774:	9b0d      	ldr	r3, [sp, #52]	@ 0x34
10009776:	42a6      	cmp	r6, r4
10009778:	441d      	add	r5, r3
1000977a:	4633      	mov	r3, r6
1000977c:	bfa8      	it	ge
1000977e:	4623      	movge	r3, r4
10009780:	42ab      	cmp	r3, r5
10009782:	bfa8      	it	ge
10009784:	462b      	movge	r3, r5
10009786:	2b00      	cmp	r3, #0
10009788:	dd02      	ble.n	10009790 <_strtod_l+0x550>
1000978a:	1ae4      	subs	r4, r4, r3
1000978c:	1aed      	subs	r5, r5, r3
1000978e:	1af6      	subs	r6, r6, r3
10009790:	9b0e      	ldr	r3, [sp, #56]	@ 0x38
10009792:	2b00      	cmp	r3, #0
10009794:	f300 8128 	bgt.w	100099e8 <_strtod_l+0x7a8>
10009798:	2c00      	cmp	r4, #0
1000979a:	f300 813d 	bgt.w	10009a18 <_strtod_l+0x7d8>
1000979e:	9b0c      	ldr	r3, [sp, #48]	@ 0x30
100097a0:	2b00      	cmp	r3, #0
100097a2:	f300 8170 	bgt.w	10009a86 <_strtod_l+0x846>
100097a6:	2d00      	cmp	r5, #0
100097a8:	f300 8161 	bgt.w	10009a6e <_strtod_l+0x82e>
100097ac:	2e00      	cmp	r6, #0
100097ae:	dd08      	ble.n	100097c2 <_strtod_l+0x582>
100097b0:	4651      	mov	r1, sl
100097b2:	4632      	mov	r2, r6
100097b4:	4658      	mov	r0, fp
100097b6:	f002 fec9 	bl	1000c54c <__lshift>
100097ba:	4682      	mov	sl, r0
100097bc:	2800      	cmp	r0, #0
100097be:	f000 815f 	beq.w	10009a80 <_strtod_l+0x840>
100097c2:	464a      	mov	r2, r9
100097c4:	991c      	ldr	r1, [sp, #112]	@ 0x70
100097c6:	4658      	mov	r0, fp
100097c8:	f002 ff54 	bl	1000c674 <__mdiff>
100097cc:	9009      	str	r0, [sp, #36]	@ 0x24
100097ce:	2800      	cmp	r0, #0
100097d0:	f000 8156 	beq.w	10009a80 <_strtod_l+0x840>
100097d4:	9a09      	ldr	r2, [sp, #36]	@ 0x24
100097d6:	2300      	movs	r3, #0
100097d8:	68d1      	ldr	r1, [r2, #12]
100097da:	60d3      	str	r3, [r2, #12]
100097dc:	910f      	str	r1, [sp, #60]	@ 0x3c
100097de:	4651      	mov	r1, sl
100097e0:	f002 ff26 	bl	1000c630 <__mcmp>
100097e4:	2800      	cmp	r0, #0
100097e6:	f2c0 842b 	blt.w	1000a040 <_strtod_l+0xe00>
100097ea:	9e05      	ldr	r6, [sp, #20]
100097ec:	f000 838e 	beq.w	10009f0c <_strtod_l+0xccc>
100097f0:	4651      	mov	r1, sl
100097f2:	9809      	ldr	r0, [sp, #36]	@ 0x24
100097f4:	f003 f8da 	bl	1000c9ac <__ratio>
100097f8:	2200      	movs	r2, #0
100097fa:	f04f 4380 	mov.w	r3, #1073741824	@ 0x40000000
100097fe:	4604      	mov	r4, r0
10009800:	460d      	mov	r5, r1
10009802:	f7f8 fba3 	bl	10001f4c <__wrap___aeabi_dcmple>
10009806:	2800      	cmp	r0, #0
10009808:	f000 80de 	beq.w	100099c8 <_strtod_l+0x788>
1000980c:	9b0f      	ldr	r3, [sp, #60]	@ 0x3c
1000980e:	2b00      	cmp	r3, #0
10009810:	f040 8153 	bne.w	10009aba <_strtod_l+0x87a>
10009814:	9b04      	ldr	r3, [sp, #16]
10009816:	2b00      	cmp	r3, #0
10009818:	f040 8254 	bne.w	10009cc4 <_strtod_l+0xa84>
1000981c:	f3c6 0313 	ubfx	r3, r6, #0, #20
10009820:	2b00      	cmp	r3, #0
10009822:	f040 817c 	bne.w	10009b1e <_strtod_l+0x8de>
10009826:	2200      	movs	r2, #0
10009828:	4b59      	ldr	r3, [pc, #356]	@ (10009990 <_strtod_l+0x750>)
1000982a:	4620      	mov	r0, r4
1000982c:	4629      	mov	r1, r5
1000982e:	f7f8 fb79 	bl	10001f24 <__wrap___aeabi_dcmplt>
10009832:	2800      	cmp	r0, #0
10009834:	f040 8361 	bne.w	10009efa <_strtod_l+0xcba>
10009838:	2200      	movs	r2, #0
1000983a:	4b56      	ldr	r3, [pc, #344]	@ (10009994 <_strtod_l+0x754>)
1000983c:	4620      	mov	r0, r4
1000983e:	4629      	mov	r1, r5
10009840:	f7f8 fa82 	bl	10001d48 <__wrap___aeabi_dmul>
10009844:	460a      	mov	r2, r1
10009846:	4601      	mov	r1, r0
10009848:	9010      	str	r0, [sp, #64]	@ 0x40
1000984a:	f102 4300 	add.w	r3, r2, #2147483648	@ 0x80000000
1000984e:	e9cd 1212 	strd	r1, r2, [sp, #72]	@ 0x48
10009852:	9311      	str	r3, [sp, #68]	@ 0x44
10009854:	4f50      	ldr	r7, [pc, #320]	@ (10009998 <_strtod_l+0x758>)
10009856:	4b51      	ldr	r3, [pc, #324]	@ (1000999c <_strtod_l+0x75c>)
10009858:	4037      	ands	r7, r6
1000985a:	429f      	cmp	r7, r3
1000985c:	e9dd 4510 	ldrd	r4, r5, [sp, #64]	@ 0x40
10009860:	f000 8132 	beq.w	10009ac8 <_strtod_l+0x888>
10009864:	f1b7 6fd4 	cmp.w	r7, #111149056	@ 0x6a00000
10009868:	d821      	bhi.n	100098ae <_strtod_l+0x66e>
1000986a:	9b16      	ldr	r3, [sp, #88]	@ 0x58
1000986c:	b1fb      	cbz	r3, 100098ae <_strtod_l+0x66e>
1000986e:	a344      	add	r3, pc, #272	@ (adr r3, 10009980 <_strtod_l+0x740>)
10009870:	e9d3 2300 	ldrd	r2, r3, [r3]
10009874:	e9dd 0112 	ldrd	r0, r1, [sp, #72]	@ 0x48
10009878:	f7f8 fb68 	bl	10001f4c <__wrap___aeabi_dcmple>
1000987c:	b1a0      	cbz	r0, 100098a8 <_strtod_l+0x668>
1000987e:	e9dd 0112 	ldrd	r0, r1, [sp, #72]	@ 0x48
10009882:	f7f8 fb19 	bl	10001eb8 <__wrap___aeabi_d2uiz>
10009886:	2801      	cmp	r0, #1
10009888:	bf38      	it	cc
1000988a:	2001      	movcc	r0, #1
1000988c:	f7f8 faf0 	bl	10001e70 <__wrap___aeabi_ui2d>
10009890:	9b0f      	ldr	r3, [sp, #60]	@ 0x3c
10009892:	e9cd 0112 	strd	r0, r1, [sp, #72]	@ 0x48
10009896:	2b00      	cmp	r3, #0
10009898:	f040 8233 	bne.w	10009d02 <_strtod_l+0xac2>
1000989c:	f101 4300 	add.w	r3, r1, #2147483648	@ 0x80000000
100098a0:	9018      	str	r0, [sp, #96]	@ 0x60
100098a2:	9319      	str	r3, [sp, #100]	@ 0x64
100098a4:	e9dd 4518 	ldrd	r4, r5, [sp, #96]	@ 0x60
100098a8:	f105 63d6 	add.w	r3, r5, #112197632	@ 0x6b00000
100098ac:	1bdd      	subs	r5, r3, r7
100098ae:	e9dd 010a 	ldrd	r0, r1, [sp, #40]	@ 0x28
100098b2:	f002 ff97 	bl	1000c7e4 <__ulp>
100098b6:	4602      	mov	r2, r0
100098b8:	460b      	mov	r3, r1
100098ba:	4620      	mov	r0, r4
100098bc:	4629      	mov	r1, r5
100098be:	f7f8 fa43 	bl	10001d48 <__wrap___aeabi_dmul>
100098c2:	e9dd 230a 	ldrd	r2, r3, [sp, #40]	@ 0x28
100098c6:	f7f8 fa17 	bl	10001cf8 <__wrap___aeabi_dadd>
100098ca:	460c      	mov	r4, r1
100098cc:	e9cd 0104 	strd	r0, r1, [sp, #16]
100098d0:	4b31      	ldr	r3, [pc, #196]	@ (10009998 <_strtod_l+0x758>)
100098d2:	4023      	ands	r3, r4
100098d4:	42bb      	cmp	r3, r7
100098d6:	d103      	bne.n	100098e0 <_strtod_l+0x6a0>
100098d8:	9b17      	ldr	r3, [sp, #92]	@ 0x5c
100098da:	2b00      	cmp	r3, #0
100098dc:	f040 815d 	bne.w	10009b9a <_strtod_l+0x95a>
100098e0:	991c      	ldr	r1, [sp, #112]	@ 0x70
100098e2:	4658      	mov	r0, fp
100098e4:	f002 fbd2 	bl	1000c08c <_Bfree>
100098e8:	4649      	mov	r1, r9
100098ea:	4658      	mov	r0, fp
100098ec:	f002 fbce 	bl	1000c08c <_Bfree>
100098f0:	4651      	mov	r1, sl
100098f2:	4658      	mov	r0, fp
100098f4:	f002 fbca 	bl	1000c08c <_Bfree>
100098f8:	9909      	ldr	r1, [sp, #36]	@ 0x24
100098fa:	4658      	mov	r0, fp
100098fc:	f002 fbc6 	bl	1000c08c <_Bfree>
10009900:	9c15      	ldr	r4, [sp, #84]	@ 0x54
10009902:	4658      	mov	r0, fp
10009904:	6861      	ldr	r1, [r4, #4]
10009906:	f002 fb9b 	bl	1000c040 <_Balloc>
1000990a:	4681      	mov	r9, r0
1000990c:	2800      	cmp	r0, #0
1000990e:	f000 80b7 	beq.w	10009a80 <_strtod_l+0x840>
10009912:	6922      	ldr	r2, [r4, #16]
10009914:	f104 010c 	add.w	r1, r4, #12
10009918:	300c      	adds	r0, #12
1000991a:	3202      	adds	r2, #2
1000991c:	0092      	lsls	r2, r2, #2
1000991e:	f7fd fd75 	bl	1000740c <memcpy>
10009922:	ab1e      	add	r3, sp, #120	@ 0x78
10009924:	4658      	mov	r0, fp
10009926:	9301      	str	r3, [sp, #4]
10009928:	ab1d      	add	r3, sp, #116	@ 0x74
1000992a:	ed9d 7b04 	vldr	d7, [sp, #16]
1000992e:	9300      	str	r3, [sp, #0]
10009930:	ec53 2b17 	vmov	r2, r3, d7
10009934:	ed8d 7b0a 	vstr	d7, [sp, #40]	@ 0x28
10009938:	f002 ffda 	bl	1000c8f0 <__d2b>
1000993c:	4602      	mov	r2, r0
1000993e:	901c      	str	r0, [sp, #112]	@ 0x70
10009940:	2800      	cmp	r0, #0
10009942:	d073      	beq.n	10009a2c <_strtod_l+0x7ec>
10009944:	2101      	movs	r1, #1
10009946:	4658      	mov	r0, fp
10009948:	f002 fcbe 	bl	1000c2c8 <__i2b>
1000994c:	4682      	mov	sl, r0
1000994e:	2800      	cmp	r0, #0
10009950:	f000 8096 	beq.w	10009a80 <_strtod_l+0x840>
10009954:	9b1d      	ldr	r3, [sp, #116]	@ 0x74
10009956:	2b00      	cmp	r3, #0
10009958:	f2c0 8085 	blt.w	10009a66 <_strtod_l+0x826>
1000995c:	9a0e      	ldr	r2, [sp, #56]	@ 0x38
1000995e:	9d14      	ldr	r5, [sp, #80]	@ 0x50
10009960:	189e      	adds	r6, r3, r2
10009962:	9a0d      	ldr	r2, [sp, #52]	@ 0x34
10009964:	9c1e      	ldr	r4, [sp, #120]	@ 0x78
10009966:	1a9b      	subs	r3, r3, r2
10009968:	4a0d      	ldr	r2, [pc, #52]	@ (100099a0 <_strtod_l+0x760>)
1000996a:	4423      	add	r3, r4
1000996c:	f1c4 0436 	rsb	r4, r4, #54	@ 0x36
10009970:	3b01      	subs	r3, #1
10009972:	4293      	cmp	r3, r2
10009974:	f6ff aef2 	blt.w	1000975c <_strtod_l+0x51c>
10009978:	2301      	movs	r3, #1
1000997a:	2700      	movs	r7, #0
1000997c:	9312      	str	r3, [sp, #72]	@ 0x48
1000997e:	e6f7      	b.n	10009770 <_strtod_l+0x530>
10009980:	ffc00000 	.word	0xffc00000
10009984:	41dfffff 	.word	0x41dfffff
10009988:	1000cfd0 	.word	0x1000cfd0
1000998c:	1000cdb4 	.word	0x1000cdb4
10009990:	3ff00000 	.word	0x3ff00000
10009994:	3fe00000 	.word	0x3fe00000
10009998:	7ff00000 	.word	0x7ff00000
1000999c:	7fe00000 	.word	0x7fe00000
100099a0:	fffffc02 	.word	0xfffffc02
100099a4:	3316      	adds	r3, #22
100099a6:	f6ff ad80 	blt.w	100094aa <_strtod_l+0x26a>
100099aa:	9b0e      	ldr	r3, [sp, #56]	@ 0x38
100099ac:	eba9 0903 	sub.w	r9, r9, r3
100099b0:	4bb3      	ldr	r3, [pc, #716]	@ (10009c80 <_strtod_l+0xa40>)
100099b2:	eb03 03c9 	add.w	r3, r3, r9, lsl #3
100099b6:	e9dd 0104 	ldrd	r0, r1, [sp, #16]
100099ba:	e9d3 2300 	ldrd	r2, r3, [r3]
100099be:	f7f8 f9e9 	bl	10001d94 <__wrap___aeabi_ddiv>
100099c2:	4680      	mov	r8, r0
100099c4:	4689      	mov	r9, r1
100099c6:	e5f3      	b.n	100095b0 <_strtod_l+0x370>
100099c8:	4bae      	ldr	r3, [pc, #696]	@ (10009c84 <_strtod_l+0xa44>)
100099ca:	4620      	mov	r0, r4
100099cc:	4629      	mov	r1, r5
100099ce:	2200      	movs	r2, #0
100099d0:	f7f8 f9ba 	bl	10001d48 <__wrap___aeabi_dmul>
100099d4:	9b0f      	ldr	r3, [sp, #60]	@ 0x3c
100099d6:	e9cd 0112 	strd	r0, r1, [sp, #72]	@ 0x48
100099da:	2b00      	cmp	r3, #0
100099dc:	d168      	bne.n	10009ab0 <_strtod_l+0x870>
100099de:	f101 4300 	add.w	r3, r1, #2147483648	@ 0x80000000
100099e2:	9010      	str	r0, [sp, #64]	@ 0x40
100099e4:	9311      	str	r3, [sp, #68]	@ 0x44
100099e6:	e735      	b.n	10009854 <_strtod_l+0x614>
100099e8:	4651      	mov	r1, sl
100099ea:	461a      	mov	r2, r3
100099ec:	4658      	mov	r0, fp
100099ee:	f002 fd4d 	bl	1000c48c <__pow5mult>
100099f2:	9a1c      	ldr	r2, [sp, #112]	@ 0x70
100099f4:	4682      	mov	sl, r0
100099f6:	b1c8      	cbz	r0, 10009a2c <_strtod_l+0x7ec>
100099f8:	4601      	mov	r1, r0
100099fa:	4658      	mov	r0, fp
100099fc:	f002 fc92 	bl	1000c324 <__multiply>
10009a00:	9a1c      	ldr	r2, [sp, #112]	@ 0x70
10009a02:	900f      	str	r0, [sp, #60]	@ 0x3c
10009a04:	b190      	cbz	r0, 10009a2c <_strtod_l+0x7ec>
10009a06:	4611      	mov	r1, r2
10009a08:	4658      	mov	r0, fp
10009a0a:	f002 fb3f 	bl	1000c08c <_Bfree>
10009a0e:	9b0f      	ldr	r3, [sp, #60]	@ 0x3c
10009a10:	2c00      	cmp	r4, #0
10009a12:	931c      	str	r3, [sp, #112]	@ 0x70
10009a14:	f77f aec3 	ble.w	1000979e <_strtod_l+0x55e>
10009a18:	4622      	mov	r2, r4
10009a1a:	991c      	ldr	r1, [sp, #112]	@ 0x70
10009a1c:	4658      	mov	r0, fp
10009a1e:	f002 fd95 	bl	1000c54c <__lshift>
10009a22:	4602      	mov	r2, r0
10009a24:	901c      	str	r0, [sp, #112]	@ 0x70
10009a26:	2800      	cmp	r0, #0
10009a28:	f47f aeb9 	bne.w	1000979e <_strtod_l+0x55e>
10009a2c:	464f      	mov	r7, r9
10009a2e:	4611      	mov	r1, r2
10009a30:	2322      	movs	r3, #34	@ 0x22
10009a32:	f04f 0800 	mov.w	r8, #0
10009a36:	f8df 9254 	ldr.w	r9, [pc, #596]	@ 10009c8c <_strtod_l+0xa4c>
10009a3a:	f8cb 3000 	str.w	r3, [fp]
10009a3e:	4658      	mov	r0, fp
10009a40:	f002 fb24 	bl	1000c08c <_Bfree>
10009a44:	4639      	mov	r1, r7
10009a46:	4658      	mov	r0, fp
10009a48:	f002 fb20 	bl	1000c08c <_Bfree>
10009a4c:	4651      	mov	r1, sl
10009a4e:	4658      	mov	r0, fp
10009a50:	f002 fb1c 	bl	1000c08c <_Bfree>
10009a54:	9915      	ldr	r1, [sp, #84]	@ 0x54
10009a56:	4658      	mov	r0, fp
10009a58:	f002 fb18 	bl	1000c08c <_Bfree>
10009a5c:	9909      	ldr	r1, [sp, #36]	@ 0x24
10009a5e:	4658      	mov	r0, fp
10009a60:	f002 fb14 	bl	1000c08c <_Bfree>
10009a64:	e5a4      	b.n	100095b0 <_strtod_l+0x370>
10009a66:	9a14      	ldr	r2, [sp, #80]	@ 0x50
10009a68:	9e0e      	ldr	r6, [sp, #56]	@ 0x38
10009a6a:	1ad5      	subs	r5, r2, r3
10009a6c:	e779      	b.n	10009962 <_strtod_l+0x722>
10009a6e:	4649      	mov	r1, r9
10009a70:	462a      	mov	r2, r5
10009a72:	4658      	mov	r0, fp
10009a74:	f002 fd6a 	bl	1000c54c <__lshift>
10009a78:	4681      	mov	r9, r0
10009a7a:	2800      	cmp	r0, #0
10009a7c:	f47f ae96 	bne.w	100097ac <_strtod_l+0x56c>
10009a80:	464f      	mov	r7, r9
10009a82:	991c      	ldr	r1, [sp, #112]	@ 0x70
10009a84:	e7d4      	b.n	10009a30 <_strtod_l+0x7f0>
10009a86:	4649      	mov	r1, r9
10009a88:	9a14      	ldr	r2, [sp, #80]	@ 0x50
10009a8a:	4658      	mov	r0, fp
10009a8c:	f002 fcfe 	bl	1000c48c <__pow5mult>
10009a90:	4681      	mov	r9, r0
10009a92:	2800      	cmp	r0, #0
10009a94:	f47f ae87 	bne.w	100097a6 <_strtod_l+0x566>
10009a98:	e7f2      	b.n	10009a80 <_strtod_l+0x840>
10009a9a:	2200      	movs	r2, #0
10009a9c:	961b      	str	r6, [sp, #108]	@ 0x6c
10009a9e:	920e      	str	r2, [sp, #56]	@ 0x38
10009aa0:	e5ed      	b.n	1000967e <_strtod_l+0x43e>
10009aa2:	4a79      	ldr	r2, [pc, #484]	@ (10009c88 <_strtod_l+0xa48>)
10009aa4:	1ad2      	subs	r2, r2, r3
10009aa6:	2301      	movs	r3, #1
10009aa8:	fa03 f702 	lsl.w	r7, r3, r2
10009aac:	9312      	str	r3, [sp, #72]	@ 0x48
10009aae:	e65f      	b.n	10009770 <_strtod_l+0x530>
10009ab0:	ed9d 7b12 	vldr	d7, [sp, #72]	@ 0x48
10009ab4:	ed8d 7b10 	vstr	d7, [sp, #64]	@ 0x40
10009ab8:	e6cc      	b.n	10009854 <_strtod_l+0x614>
10009aba:	ed9f 7b6b 	vldr	d7, [pc, #428]	@ 10009c68 <_strtod_l+0xa28>
10009abe:	ed8d 7b10 	vstr	d7, [sp, #64]	@ 0x40
10009ac2:	ed8d 7b12 	vstr	d7, [sp, #72]	@ 0x48
10009ac6:	e6c5      	b.n	10009854 <_strtod_l+0x614>
10009ac8:	f1a6 7354 	sub.w	r3, r6, #55574528	@ 0x3500000
10009acc:	4e6f      	ldr	r6, [pc, #444]	@ (10009c8c <_strtod_l+0xa4c>)
10009ace:	9305      	str	r3, [sp, #20]
10009ad0:	e9dd 4504 	ldrd	r4, r5, [sp, #16]
10009ad4:	4620      	mov	r0, r4
10009ad6:	4629      	mov	r1, r5
10009ad8:	f002 fe84 	bl	1000c7e4 <__ulp>
10009adc:	e9dd 2310 	ldrd	r2, r3, [sp, #64]	@ 0x40
10009ae0:	f7f8 f932 	bl	10001d48 <__wrap___aeabi_dmul>
10009ae4:	462b      	mov	r3, r5
10009ae6:	4622      	mov	r2, r4
10009ae8:	f7f8 f906 	bl	10001cf8 <__wrap___aeabi_dadd>
10009aec:	4b68      	ldr	r3, [pc, #416]	@ (10009c90 <_strtod_l+0xa50>)
10009aee:	400e      	ands	r6, r1
10009af0:	429e      	cmp	r6, r3
10009af2:	e9cd 0104 	strd	r0, r1, [sp, #16]
10009af6:	f240 8100 	bls.w	10009cfa <_strtod_l+0xaba>
10009afa:	f103 7354 	add.w	r3, r3, #55574528	@ 0x3500000
10009afe:	e9dd 010a 	ldrd	r0, r1, [sp, #40]	@ 0x28
10009b02:	4299      	cmp	r1, r3
10009b04:	d102      	bne.n	10009b0c <_strtod_l+0x8cc>
10009b06:	f1b0 3fff 	cmp.w	r0, #4294967295	@ 0xffffffff
10009b0a:	d0b9      	beq.n	10009a80 <_strtod_l+0x840>
10009b0c:	f04f 33ff 	mov.w	r3, #4294967295	@ 0xffffffff
10009b10:	4c60      	ldr	r4, [pc, #384]	@ (10009c94 <_strtod_l+0xa54>)
10009b12:	e9cd 3404 	strd	r3, r4, [sp, #16]
10009b16:	e6e3      	b.n	100098e0 <_strtod_l+0x6a0>
10009b18:	2300      	movs	r3, #0
10009b1a:	930c      	str	r3, [sp, #48]	@ 0x30
10009b1c:	e596      	b.n	1000964c <_strtod_l+0x40c>
10009b1e:	ed9f 7b54 	vldr	d7, [pc, #336]	@ 10009c70 <_strtod_l+0xa30>
10009b22:	ed8d 7b10 	vstr	d7, [sp, #64]	@ 0x40
10009b26:	ed9f 7b50 	vldr	d7, [pc, #320]	@ 10009c68 <_strtod_l+0xa28>
10009b2a:	ed8d 7b12 	vstr	d7, [sp, #72]	@ 0x48
10009b2e:	e691      	b.n	10009854 <_strtod_l+0x614>
10009b30:	2201      	movs	r2, #1
10009b32:	4959      	ldr	r1, [pc, #356]	@ (10009c98 <_strtod_l+0xa58>)
10009b34:	4640      	mov	r0, r8
10009b36:	f001 f9af 	bl	1000ae98 <strncmp>
10009b3a:	4686      	mov	lr, r0
10009b3c:	2800      	cmp	r0, #0
10009b3e:	f43f ad13 	beq.w	10009568 <_strtod_l+0x328>
10009b42:	f02a 0220 	bic.w	r2, sl, #32
10009b46:	4653      	mov	r3, sl
10009b48:	2a45      	cmp	r2, #69	@ 0x45
10009b4a:	f000 81b9 	beq.w	10009ec0 <_strtod_l+0xc80>
10009b4e:	9a09      	ldr	r2, [sp, #36]	@ 0x24
10009b50:	2a00      	cmp	r2, #0
10009b52:	f43f ad9e 	beq.w	10009692 <_strtod_l+0x452>
10009b56:	e527      	b.n	100095a8 <_strtod_l+0x368>
10009b58:	9b0a      	ldr	r3, [sp, #40]	@ 0x28
10009b5a:	3930      	subs	r1, #48	@ 0x30
10009b5c:	f8dd 806c 	ldr.w	r8, [sp, #108]	@ 0x6c
10009b60:	2401      	movs	r4, #1
10009b62:	f103 0901 	add.w	r9, r3, #1
10009b66:	2300      	movs	r3, #0
10009b68:	4640      	mov	r0, r8
10009b6a:	461f      	mov	r7, r3
10009b6c:	18cd      	adds	r5, r1, r3
10009b6e:	2300      	movs	r3, #0
10009b70:	930a      	str	r3, [sp, #40]	@ 0x28
10009b72:	1c41      	adds	r1, r0, #1
10009b74:	911b      	str	r1, [sp, #108]	@ 0x6c
10009b76:	7843      	ldrb	r3, [r0, #1]
10009b78:	f1a3 0c30 	sub.w	ip, r3, #48	@ 0x30
10009b7c:	f1bc 0f09 	cmp.w	ip, #9
10009b80:	f67f ad28 	bls.w	100095d4 <_strtod_l+0x394>
10009b84:	f023 0120 	bic.w	r1, r3, #32
10009b88:	f04f 0a01 	mov.w	sl, #1
10009b8c:	2945      	cmp	r1, #69	@ 0x45
10009b8e:	f47f ad74 	bne.w	1000967a <_strtod_l+0x43a>
10009b92:	e408      	b.n	100093a6 <_strtod_l+0x166>
10009b94:	e9dd 8904 	ldrd	r8, r9, [sp, #16]
10009b98:	e50a      	b.n	100095b0 <_strtod_l+0x370>
10009b9a:	e9dd 5612 	ldrd	r5, r6, [sp, #72]	@ 0x48
10009b9e:	f3c4 0713 	ubfx	r7, r4, #0, #20
10009ba2:	4628      	mov	r0, r5
10009ba4:	4631      	mov	r1, r6
10009ba6:	f7f8 fb0f 	bl	100021c8 <__wrap___aeabi_d2lz>
10009baa:	f7f8 fa07 	bl	10001fbc <__wrap___aeabi_l2d>
10009bae:	4602      	mov	r2, r0
10009bb0:	460b      	mov	r3, r1
10009bb2:	4628      	mov	r0, r5
10009bb4:	4631      	mov	r1, r6
10009bb6:	f7f8 f8b3 	bl	10001d20 <__wrap___aeabi_dsub>
10009bba:	9d04      	ldr	r5, [sp, #16]
10009bbc:	9e0f      	ldr	r6, [sp, #60]	@ 0x3c
10009bbe:	4604      	mov	r4, r0
10009bc0:	432e      	orrs	r6, r5
10009bc2:	460d      	mov	r5, r1
10009bc4:	4337      	orrs	r7, r6
10009bc6:	d16b      	bne.n	10009ca0 <_strtod_l+0xa60>
10009bc8:	a32b      	add	r3, pc, #172	@ (adr r3, 10009c78 <_strtod_l+0xa38>)
10009bca:	e9d3 2300 	ldrd	r2, r3, [r3]
10009bce:	f7f8 f9a9 	bl	10001f24 <__wrap___aeabi_dcmplt>
10009bd2:	2800      	cmp	r0, #0
10009bd4:	f43f ae84 	beq.w	100098e0 <_strtod_l+0x6a0>
10009bd8:	464f      	mov	r7, r9
10009bda:	e9dd 8904 	ldrd	r8, r9, [sp, #16]
10009bde:	991c      	ldr	r1, [sp, #112]	@ 0x70
10009be0:	e72d      	b.n	10009a3e <_strtod_l+0x7fe>
10009be2:	f1a3 0c30 	sub.w	ip, r3, #48	@ 0x30
10009be6:	1c48      	adds	r0, r1, #1
10009be8:	901b      	str	r0, [sp, #108]	@ 0x6c
10009bea:	784b      	ldrb	r3, [r1, #1]
10009bec:	f1a3 0230 	sub.w	r2, r3, #48	@ 0x30
10009bf0:	2a09      	cmp	r2, #9
10009bf2:	f200 80b7 	bhi.w	10009d64 <_strtod_l+0xb24>
10009bf6:	3001      	adds	r0, #1
10009bf8:	eb0c 0c8c 	add.w	ip, ip, ip, lsl #2
10009bfc:	901b      	str	r0, [sp, #108]	@ 0x6c
10009bfe:	eb03 0c4c 	add.w	ip, r3, ip, lsl #1
10009c02:	7803      	ldrb	r3, [r0, #0]
10009c04:	f1ac 0c30 	sub.w	ip, ip, #48	@ 0x30
10009c08:	f1a3 0230 	sub.w	r2, r3, #48	@ 0x30
10009c0c:	2a09      	cmp	r2, #9
10009c0e:	d9f2      	bls.n	10009bf6 <_strtod_l+0x9b6>
10009c10:	1a40      	subs	r0, r0, r1
10009c12:	2808      	cmp	r0, #8
10009c14:	f340 80a6 	ble.w	10009d64 <_strtod_l+0xb24>
10009c18:	f644 621f 	movw	r2, #19999	@ 0x4e1f
10009c1c:	920e      	str	r2, [sp, #56]	@ 0x38
10009c1e:	9a0c      	ldr	r2, [sp, #48]	@ 0x30
10009c20:	2a00      	cmp	r2, #0
10009c22:	f43f ad2c 	beq.w	1000967e <_strtod_l+0x43e>
10009c26:	9a0e      	ldr	r2, [sp, #56]	@ 0x38
10009c28:	4252      	negs	r2, r2
10009c2a:	920e      	str	r2, [sp, #56]	@ 0x38
10009c2c:	e527      	b.n	1000967e <_strtod_l+0x43e>
10009c2e:	9302      	str	r3, [sp, #8]
10009c30:	a91b      	add	r1, sp, #108	@ 0x6c
10009c32:	9b08      	ldr	r3, [sp, #32]
10009c34:	4658      	mov	r0, fp
10009c36:	4a19      	ldr	r2, [pc, #100]	@ (10009c9c <_strtod_l+0xa5c>)
10009c38:	9301      	str	r3, [sp, #4]
10009c3a:	ab1c      	add	r3, sp, #112	@ 0x70
10009c3c:	9300      	str	r3, [sp, #0]
10009c3e:	ab1d      	add	r3, sp, #116	@ 0x74
10009c40:	f001 fdc6 	bl	1000b7d0 <__gethex>
10009c44:	f010 050f 	ands.w	r5, r0, #15
10009c48:	4604      	mov	r4, r0
10009c4a:	f43f acad 	beq.w	100095a8 <_strtod_l+0x368>
10009c4e:	2d06      	cmp	r5, #6
10009c50:	f040 80ee 	bne.w	10009e30 <_strtod_l+0xbf0>
10009c54:	f108 0301 	add.w	r3, r8, #1
10009c58:	2200      	movs	r2, #0
10009c5a:	f04f 0800 	mov.w	r8, #0
10009c5e:	f04f 0900 	mov.w	r9, #0
10009c62:	9208      	str	r2, [sp, #32]
10009c64:	931b      	str	r3, [sp, #108]	@ 0x6c
10009c66:	e4a3      	b.n	100095b0 <_strtod_l+0x370>
10009c68:	00000000 	.word	0x00000000
10009c6c:	3ff00000 	.word	0x3ff00000
10009c70:	00000000 	.word	0x00000000
10009c74:	bff00000 	.word	0xbff00000
10009c78:	94a03595 	.word	0x94a03595
10009c7c:	3fcfffff 	.word	0x3fcfffff
10009c80:	100140e0 	.word	0x100140e0
10009c84:	3fe00000 	.word	0x3fe00000
10009c88:	fffffbe2 	.word	0xfffffbe2
10009c8c:	7ff00000 	.word	0x7ff00000
10009c90:	7c9fffff 	.word	0x7c9fffff
10009c94:	7fefffff 	.word	0x7fefffff
10009c98:	1000cdfc 	.word	0x1000cdfc
10009c9c:	1000d3bc 	.word	0x1000d3bc
10009ca0:	a3ce      	add	r3, pc, #824	@ (adr r3, 10009fdc <_strtod_l+0xd9c>)
10009ca2:	e9d3 2300 	ldrd	r2, r3, [r3]
10009ca6:	f7f8 f93d 	bl	10001f24 <__wrap___aeabi_dcmplt>
10009caa:	2800      	cmp	r0, #0
10009cac:	d194      	bne.n	10009bd8 <_strtod_l+0x998>
10009cae:	4620      	mov	r0, r4
10009cb0:	4629      	mov	r1, r5
10009cb2:	a3cc      	add	r3, pc, #816	@ (adr r3, 10009fe4 <_strtod_l+0xda4>)
10009cb4:	e9d3 2300 	ldrd	r2, r3, [r3]
10009cb8:	f7f8 f970 	bl	10001f9c <__wrap___aeabi_dcmpgt>
10009cbc:	2800      	cmp	r0, #0
10009cbe:	f43f ae0f 	beq.w	100098e0 <_strtod_l+0x6a0>
10009cc2:	e789      	b.n	10009bd8 <_strtod_l+0x998>
10009cc4:	9b04      	ldr	r3, [sp, #16]
10009cc6:	2b01      	cmp	r3, #1
10009cc8:	f47f af29 	bne.w	10009b1e <_strtod_l+0x8de>
10009ccc:	2e00      	cmp	r6, #0
10009cce:	f47f af26 	bne.w	10009b1e <_strtod_l+0x8de>
10009cd2:	464f      	mov	r7, r9
10009cd4:	2322      	movs	r3, #34	@ 0x22
10009cd6:	991c      	ldr	r1, [sp, #112]	@ 0x70
10009cd8:	f04f 0800 	mov.w	r8, #0
10009cdc:	f04f 0900 	mov.w	r9, #0
10009ce0:	f8cb 3000 	str.w	r3, [fp]
10009ce4:	e6ab      	b.n	10009a3e <_strtod_l+0x7fe>
10009ce6:	f04f 0900 	mov.w	r9, #0
10009cea:	9b0a      	ldr	r3, [sp, #40]	@ 0x28
10009cec:	f04f 0a01 	mov.w	sl, #1
10009cf0:	464c      	mov	r4, r9
10009cf2:	464f      	mov	r7, r9
10009cf4:	464d      	mov	r5, r9
10009cf6:	f7ff bb58 	b.w	100093aa <_strtod_l+0x16a>
10009cfa:	f101 7454 	add.w	r4, r1, #55574528	@ 0x3500000
10009cfe:	9405      	str	r4, [sp, #20]
10009d00:	e5e6      	b.n	100098d0 <_strtod_l+0x690>
10009d02:	ed9d 7b12 	vldr	d7, [sp, #72]	@ 0x48
10009d06:	ed8d 7b18 	vstr	d7, [sp, #96]	@ 0x60
10009d0a:	e5cb      	b.n	100098a4 <_strtod_l+0x664>
10009d0c:	49ac      	ldr	r1, [pc, #688]	@ (10009fc0 <_strtod_l+0xd80>)
10009d0e:	eb01 01ca 	add.w	r1, r1, sl, lsl #3
10009d12:	e9dd 2304 	ldrd	r2, r3, [sp, #16]
10009d16:	e9d1 0100 	ldrd	r0, r1, [r1]
10009d1a:	f7f8 f815 	bl	10001d48 <__wrap___aeabi_dmul>
10009d1e:	e9cd 0104 	strd	r0, r1, [sp, #16]
10009d22:	2f00      	cmp	r7, #0
10009d24:	f43f acf2 	beq.w	1000970c <_strtod_l+0x4cc>
10009d28:	f7ff bbcd 	b.w	100094c6 <_strtod_l+0x286>
10009d2c:	2b6e      	cmp	r3, #110	@ 0x6e
10009d2e:	f43f acbb 	beq.w	100096a8 <_strtod_l+0x468>
10009d32:	f7ff bb3e 	b.w	100093b2 <_strtod_l+0x172>
10009d36:	49a3      	ldr	r1, [pc, #652]	@ (10009fc4 <_strtod_l+0xd84>)
10009d38:	a81b      	add	r0, sp, #108	@ 0x6c
10009d3a:	f002 f84d 	bl	1000bdd8 <__match>
10009d3e:	2800      	cmp	r0, #0
10009d40:	f43f ab37 	beq.w	100093b2 <_strtod_l+0x172>
10009d44:	9b1b      	ldr	r3, [sp, #108]	@ 0x6c
10009d46:	a81b      	add	r0, sp, #108	@ 0x6c
10009d48:	499f      	ldr	r1, [pc, #636]	@ (10009fc8 <_strtod_l+0xd88>)
10009d4a:	3b01      	subs	r3, #1
10009d4c:	931b      	str	r3, [sp, #108]	@ 0x6c
10009d4e:	f002 f843 	bl	1000bdd8 <__match>
10009d52:	b910      	cbnz	r0, 10009d5a <_strtod_l+0xb1a>
10009d54:	9b1b      	ldr	r3, [sp, #108]	@ 0x6c
10009d56:	3301      	adds	r3, #1
10009d58:	931b      	str	r3, [sp, #108]	@ 0x6c
10009d5a:	f04f 0800 	mov.w	r8, #0
10009d5e:	f8df 926c 	ldr.w	r9, [pc, #620]	@ 10009fcc <_strtod_l+0xd8c>
10009d62:	e425      	b.n	100095b0 <_strtod_l+0x370>
10009d64:	f644 611f 	movw	r1, #19999	@ 0x4e1f
10009d68:	4662      	mov	r2, ip
10009d6a:	458c      	cmp	ip, r1
10009d6c:	bfa8      	it	ge
10009d6e:	460a      	movge	r2, r1
10009d70:	920e      	str	r2, [sp, #56]	@ 0x38
10009d72:	e754      	b.n	10009c1e <_strtod_l+0x9de>
10009d74:	f1ca 0a00 	rsb	sl, sl, #0
10009d78:	ea4f 172a 	mov.w	r7, sl, asr #4
10009d7c:	f01a 0a0f 	ands.w	sl, sl, #15
10009d80:	f040 80a9 	bne.w	10009ed6 <_strtod_l+0xc96>
10009d84:	2f1f      	cmp	r7, #31
10009d86:	dc34      	bgt.n	10009df2 <_strtod_l+0xbb2>
10009d88:	f017 0110 	ands.w	r1, r7, #16
10009d8c:	f8df a25c 	ldr.w	sl, [pc, #604]	@ 10009fec <_strtod_l+0xdac>
10009d90:	bf18      	it	ne
10009d92:	216a      	movne	r1, #106	@ 0x6a
10009d94:	e9dd 2304 	ldrd	r2, r3, [sp, #16]
10009d98:	910d      	str	r1, [sp, #52]	@ 0x34
10009d9a:	f017 0f01 	tst.w	r7, #1
10009d9e:	4610      	mov	r0, r2
10009da0:	4619      	mov	r1, r3
10009da2:	d041      	beq.n	10009e28 <_strtod_l+0xbe8>
10009da4:	f10a 0a08 	add.w	sl, sl, #8
10009da8:	e95a 2302 	ldrd	r2, r3, [sl, #-8]
10009dac:	f7f7 ffcc 	bl	10001d48 <__wrap___aeabi_dmul>
10009db0:	4602      	mov	r2, r0
10009db2:	107f      	asrs	r7, r7, #1
10009db4:	460b      	mov	r3, r1
10009db6:	d1f0      	bne.n	10009d9a <_strtod_l+0xb5a>
10009db8:	9b0d      	ldr	r3, [sp, #52]	@ 0x34
10009dba:	e9cd 0104 	strd	r0, r1, [sp, #16]
10009dbe:	b17b      	cbz	r3, 10009de0 <_strtod_l+0xba0>
10009dc0:	f3c1 520a 	ubfx	r2, r1, #20, #11
10009dc4:	f1c2 036b 	rsb	r3, r2, #107	@ 0x6b
10009dc8:	2b00      	cmp	r3, #0
10009dca:	dd09      	ble.n	10009de0 <_strtod_l+0xba0>
10009dcc:	2b1f      	cmp	r3, #31
10009dce:	f340 81ac 	ble.w	1000a12a <_strtod_l+0xeea>
10009dd2:	2b34      	cmp	r3, #52	@ 0x34
10009dd4:	9704      	str	r7, [sp, #16]
10009dd6:	f340 81f9 	ble.w	1000a1cc <_strtod_l+0xf8c>
10009dda:	f04f 735c 	mov.w	r3, #57671680	@ 0x3700000
10009dde:	9305      	str	r3, [sp, #20]
10009de0:	2200      	movs	r2, #0
10009de2:	2300      	movs	r3, #0
10009de4:	e9dd 0104 	ldrd	r0, r1, [sp, #16]
10009de8:	f7f8 f88a 	bl	10001f00 <__wrap___aeabi_dcmpeq>
10009dec:	2800      	cmp	r0, #0
10009dee:	f43f ac8f 	beq.w	10009710 <_strtod_l+0x4d0>
10009df2:	2322      	movs	r3, #34	@ 0x22
10009df4:	f04f 0800 	mov.w	r8, #0
10009df8:	f04f 0900 	mov.w	r9, #0
10009dfc:	f8cb 3000 	str.w	r3, [fp]
10009e00:	f7ff bbd6 	b.w	100095b0 <_strtod_l+0x370>
10009e04:	980c      	ldr	r0, [sp, #48]	@ 0x30
10009e06:	496e      	ldr	r1, [pc, #440]	@ (10009fc0 <_strtod_l+0xd80>)
10009e08:	eb01 01c0 	add.w	r1, r1, r0, lsl #3
10009e0c:	e9dd 2304 	ldrd	r2, r3, [sp, #16]
10009e10:	e9d1 0100 	ldrd	r0, r1, [r1]
10009e14:	f7f7 ff98 	bl	10001d48 <__wrap___aeabi_dmul>
10009e18:	4680      	mov	r8, r0
10009e1a:	4689      	mov	r9, r1
10009e1c:	f7ff bbc8 	b.w	100095b0 <_strtod_l+0x370>
10009e20:	2322      	movs	r3, #34	@ 0x22
10009e22:	f8cb 3000 	str.w	r3, [fp]
10009e26:	e798      	b.n	10009d5a <_strtod_l+0xb1a>
10009e28:	107f      	asrs	r7, r7, #1
10009e2a:	f10a 0a08 	add.w	sl, sl, #8
10009e2e:	e7b4      	b.n	10009d9a <_strtod_l+0xb5a>
10009e30:	9a1c      	ldr	r2, [sp, #112]	@ 0x70
10009e32:	b13a      	cbz	r2, 10009e44 <_strtod_l+0xc04>
10009e34:	2135      	movs	r1, #53	@ 0x35
10009e36:	a81e      	add	r0, sp, #120	@ 0x78
10009e38:	f002 fde6 	bl	1000ca08 <__copybits>
10009e3c:	4658      	mov	r0, fp
10009e3e:	991c      	ldr	r1, [sp, #112]	@ 0x70
10009e40:	f002 f924 	bl	1000c08c <_Bfree>
10009e44:	3d01      	subs	r5, #1
10009e46:	2d04      	cmp	r5, #4
10009e48:	f200 8216 	bhi.w	1000a278 <_strtod_l+0x1038>
10009e4c:	e8df f005 	tbb	[pc, r5]
10009e50:	202b2e03 	.word	0x202b2e03
10009e54:	03          	.byte	0x03
10009e55:	00          	.byte	0x00
10009e56:	9b1e      	ldr	r3, [sp, #120]	@ 0x78
10009e58:	9304      	str	r3, [sp, #16]
10009e5a:	9b1d      	ldr	r3, [sp, #116]	@ 0x74
10009e5c:	f203 4233 	addw	r2, r3, #1075	@ 0x433
10009e60:	9b1f      	ldr	r3, [sp, #124]	@ 0x7c
10009e62:	f423 1380 	bic.w	r3, r3, #1048576	@ 0x100000
10009e66:	ea43 5302 	orr.w	r3, r3, r2, lsl #20
10009e6a:	9305      	str	r3, [sp, #20]
10009e6c:	05e2      	lsls	r2, r4, #23
10009e6e:	d502      	bpl.n	10009e76 <_strtod_l+0xc36>
10009e70:	f043 4300 	orr.w	r3, r3, #2147483648	@ 0x80000000
10009e74:	9305      	str	r3, [sp, #20]
10009e76:	4a55      	ldr	r2, [pc, #340]	@ (10009fcc <_strtod_l+0xd8c>)
10009e78:	401a      	ands	r2, r3
10009e7a:	e9dd 8904 	ldrd	r8, r9, [sp, #16]
10009e7e:	2a00      	cmp	r2, #0
10009e80:	f47f ab96 	bne.w	100095b0 <_strtod_l+0x370>
10009e84:	f7fd f9c8 	bl	10007218 <__errno>
10009e88:	2322      	movs	r3, #34	@ 0x22
10009e8a:	6003      	str	r3, [r0, #0]
10009e8c:	f7ff bb90 	b.w	100095b0 <_strtod_l+0x370>
10009e90:	f04f 32ff 	mov.w	r2, #4294967295	@ 0xffffffff
10009e94:	f06f 4300 	mvn.w	r3, #2147483648	@ 0x80000000
10009e98:	e9cd 2304 	strd	r2, r3, [sp, #16]
10009e9c:	05e3      	lsls	r3, r4, #23
10009e9e:	f57f ae79 	bpl.w	10009b94 <_strtod_l+0x954>
10009ea2:	9b05      	ldr	r3, [sp, #20]
10009ea4:	e7e4      	b.n	10009e70 <_strtod_l+0xc30>
10009ea6:	4b49      	ldr	r3, [pc, #292]	@ (10009fcc <_strtod_l+0xd8c>)
10009ea8:	9305      	str	r3, [sp, #20]
10009eaa:	e7f7      	b.n	10009e9c <_strtod_l+0xc5c>
10009eac:	e9dd 121e 	ldrd	r1, r2, [sp, #120]	@ 0x78
10009eb0:	9b1f      	ldr	r3, [sp, #124]	@ 0x7c
10009eb2:	e9cd 1204 	strd	r1, r2, [sp, #16]
10009eb6:	e7d9      	b.n	10009e6c <_strtod_l+0xc2c>
10009eb8:	f8cd e028 	str.w	lr, [sp, #40]	@ 0x28
10009ebc:	f7ff bb65 	b.w	1000958a <_strtod_l+0x34a>
10009ec0:	f04f 0e00 	mov.w	lr, #0
10009ec4:	4677      	mov	r7, lr
10009ec6:	4675      	mov	r5, lr
10009ec8:	46f1      	mov	r9, lr
10009eca:	4674      	mov	r4, lr
10009ecc:	46f2      	mov	sl, lr
10009ece:	f8cd e028 	str.w	lr, [sp, #40]	@ 0x28
10009ed2:	f7ff ba68 	b.w	100093a6 <_strtod_l+0x166>
10009ed6:	4b3a      	ldr	r3, [pc, #232]	@ (10009fc0 <_strtod_l+0xd80>)
10009ed8:	eb03 03ca 	add.w	r3, r3, sl, lsl #3
10009edc:	e9dd 0104 	ldrd	r0, r1, [sp, #16]
10009ee0:	e9d3 2300 	ldrd	r2, r3, [r3]
10009ee4:	f7f7 ff56 	bl	10001d94 <__wrap___aeabi_ddiv>
10009ee8:	e9cd 0104 	strd	r0, r1, [sp, #16]
10009eec:	2f00      	cmp	r7, #0
10009eee:	f43f ac0d 	beq.w	1000970c <_strtod_l+0x4cc>
10009ef2:	e747      	b.n	10009d84 <_strtod_l+0xb44>
10009ef4:	2300      	movs	r3, #0
10009ef6:	930a      	str	r3, [sp, #40]	@ 0x28
10009ef8:	e63b      	b.n	10009b72 <_strtod_l+0x932>
10009efa:	ed9f 7b2d 	vldr	d7, [pc, #180]	@ 10009fb0 <_strtod_l+0xd70>
10009efe:	ed8d 7b10 	vstr	d7, [sp, #64]	@ 0x40
10009f02:	ed9f 7b2d 	vldr	d7, [pc, #180]	@ 10009fb8 <_strtod_l+0xd78>
10009f06:	ed8d 7b12 	vstr	d7, [sp, #72]	@ 0x48
10009f0a:	e4a3      	b.n	10009854 <_strtod_l+0x614>
10009f0c:	9c0f      	ldr	r4, [sp, #60]	@ 0x3c
10009f0e:	46be      	mov	lr, r7
10009f10:	4633      	mov	r3, r6
10009f12:	464f      	mov	r7, r9
10009f14:	492e      	ldr	r1, [pc, #184]	@ (10009fd0 <_strtod_l+0xd90>)
10009f16:	f3c6 0213 	ubfx	r2, r6, #0, #20
10009f1a:	e9dd 890a 	ldrd	r8, r9, [sp, #40]	@ 0x28
10009f1e:	2c00      	cmp	r4, #0
10009f20:	d07a      	beq.n	1000a018 <_strtod_l+0xdd8>
10009f22:	428a      	cmp	r2, r1
10009f24:	f000 810f 	beq.w	1000a146 <_strtod_l+0xf06>
10009f28:	f1be 0f00 	cmp.w	lr, #0
10009f2c:	f000 8105 	beq.w	1000a13a <_strtod_l+0xefa>
10009f30:	ea1e 0f06 	tst.w	lr, r6
10009f34:	d033      	beq.n	10009f9e <_strtod_l+0xd5e>
10009f36:	4640      	mov	r0, r8
10009f38:	4649      	mov	r1, r9
10009f3a:	9304      	str	r3, [sp, #16]
10009f3c:	f002 fc52 	bl	1000c7e4 <__ulp>
10009f40:	9b0d      	ldr	r3, [sp, #52]	@ 0x34
10009f42:	2b00      	cmp	r3, #0
10009f44:	f000 8118 	beq.w	1000a178 <_strtod_l+0xf38>
10009f48:	9b04      	ldr	r3, [sp, #16]
10009f4a:	f3c3 530a 	ubfx	r3, r3, #20, #11
10009f4e:	f1c3 066b 	rsb	r6, r3, #107	@ 0x6b
10009f52:	2e00      	cmp	r6, #0
10009f54:	f340 818a 	ble.w	1000a26c <_strtod_l+0x102c>
10009f58:	4c1e      	ldr	r4, [pc, #120]	@ (10009fd4 <_strtod_l+0xd94>)
10009f5a:	2200      	movs	r2, #0
10009f5c:	eb04 5306 	add.w	r3, r4, r6, lsl #20
10009f60:	f7f7 fef2 	bl	10001d48 <__wrap___aeabi_dmul>
10009f64:	4602      	mov	r2, r0
10009f66:	460b      	mov	r3, r1
10009f68:	4640      	mov	r0, r8
10009f6a:	4649      	mov	r1, r9
10009f6c:	f7f7 fec4 	bl	10001cf8 <__wrap___aeabi_dadd>
10009f70:	4680      	mov	r8, r0
10009f72:	4689      	mov	r9, r1
10009f74:	4640      	mov	r0, r8
10009f76:	4649      	mov	r1, r9
10009f78:	4b17      	ldr	r3, [pc, #92]	@ (10009fd8 <_strtod_l+0xd98>)
10009f7a:	2200      	movs	r2, #0
10009f7c:	f7f7 fee4 	bl	10001d48 <__wrap___aeabi_dmul>
10009f80:	4b12      	ldr	r3, [pc, #72]	@ (10009fcc <_strtod_l+0xd8c>)
10009f82:	4680      	mov	r8, r0
10009f84:	4689      	mov	r9, r1
10009f86:	400b      	ands	r3, r1
10009f88:	2b00      	cmp	r3, #0
10009f8a:	f47f ae28 	bne.w	10009bde <_strtod_l+0x99e>
10009f8e:	2322      	movs	r3, #34	@ 0x22
10009f90:	f8cb 3000 	str.w	r3, [fp]
10009f94:	e623      	b.n	10009bde <_strtod_l+0x99e>
10009f96:	ea1e 0f03 	tst.w	lr, r3
10009f9a:	f040 8097 	bne.w	1000a0cc <_strtod_l+0xe8c>
10009f9e:	9b0d      	ldr	r3, [sp, #52]	@ 0x34
10009fa0:	2b00      	cmp	r3, #0
10009fa2:	d1e7      	bne.n	10009f74 <_strtod_l+0xd34>
10009fa4:	e61b      	b.n	10009bde <_strtod_l+0x99e>
10009fa6:	f102 7354 	add.w	r3, r2, #55574528	@ 0x3500000
10009faa:	9305      	str	r3, [sp, #20]
10009fac:	f7ff bbae 	b.w	1000970c <_strtod_l+0x4cc>
10009fb0:	00000000 	.word	0x00000000
10009fb4:	bfe00000 	.word	0xbfe00000
10009fb8:	00000000 	.word	0x00000000
10009fbc:	3fe00000 	.word	0x3fe00000
10009fc0:	100140e0 	.word	0x100140e0
10009fc4:	1000cfc4 	.word	0x1000cfc4
10009fc8:	1000cfc8 	.word	0x1000cfc8
10009fcc:	7ff00000 	.word	0x7ff00000
10009fd0:	000fffff 	.word	0x000fffff
10009fd4:	3ff00000 	.word	0x3ff00000
10009fd8:	39500000 	.word	0x39500000
10009fdc:	94a03595 	.word	0x94a03595
10009fe0:	3fdfffff 	.word	0x3fdfffff
10009fe4:	35afe535 	.word	0x35afe535
10009fe8:	3fe00000 	.word	0x3fe00000
10009fec:	1000d3d0 	.word	0x1000d3d0
10009ff0:	a81b      	add	r0, sp, #108	@ 0x6c
10009ff2:	aa1e      	add	r2, sp, #120	@ 0x78
10009ff4:	49a7      	ldr	r1, [pc, #668]	@ (1000a294 <_strtod_l+0x1054>)
10009ff6:	f001 ff09 	bl	1000be0c <__hexnan>
10009ffa:	2805      	cmp	r0, #5
10009ffc:	f47f ab60 	bne.w	100096c0 <_strtod_l+0x480>
1000a000:	9b1f      	ldr	r3, [sp, #124]	@ 0x7c
1000a002:	f043 43ff 	orr.w	r3, r3, #2139095040	@ 0x7f800000
1000a006:	f443 03e0 	orr.w	r3, r3, #7340032	@ 0x700000
1000a00a:	9305      	str	r3, [sp, #20]
1000a00c:	9b1e      	ldr	r3, [sp, #120]	@ 0x78
1000a00e:	9304      	str	r3, [sp, #16]
1000a010:	e9dd 8904 	ldrd	r8, r9, [sp, #16]
1000a014:	f7ff bacc 	b.w	100095b0 <_strtod_l+0x370>
1000a018:	2a00      	cmp	r2, #0
1000a01a:	d14e      	bne.n	1000a0ba <_strtod_l+0xe7a>
1000a01c:	e9dd 0104 	ldrd	r0, r1, [sp, #16]
1000a020:	4602      	mov	r2, r0
1000a022:	2800      	cmp	r0, #0
1000a024:	d178      	bne.n	1000a118 <_strtod_l+0xed8>
1000a026:	9a0d      	ldr	r2, [sp, #52]	@ 0x34
1000a028:	2a00      	cmp	r2, #0
1000a02a:	f000 80af 	beq.w	1000a18c <_strtod_l+0xf4c>
1000a02e:	4c9a      	ldr	r4, [pc, #616]	@ (1000a298 <_strtod_l+0x1058>)
1000a030:	4034      	ands	r4, r6
1000a032:	f1b4 6fd6 	cmp.w	r4, #112197632	@ 0x6b00000
1000a036:	d82d      	bhi.n	1000a094 <_strtod_l+0xe54>
1000a038:	f1b4 7f5c 	cmp.w	r4, #57671680	@ 0x3700000
1000a03c:	d89a      	bhi.n	10009f74 <_strtod_l+0xd34>
1000a03e:	e649      	b.n	10009cd4 <_strtod_l+0xa94>
1000a040:	9b0f      	ldr	r3, [sp, #60]	@ 0x3c
1000a042:	464f      	mov	r7, r9
1000a044:	e9dd 0104 	ldrd	r0, r1, [sp, #16]
1000a048:	e9dd 890a 	ldrd	r8, r9, [sp, #40]	@ 0x28
1000a04c:	4303      	orrs	r3, r0
1000a04e:	d1a6      	bne.n	10009f9e <_strtod_l+0xd5e>
1000a050:	f3c1 0213 	ubfx	r2, r1, #0, #20
1000a054:	460b      	mov	r3, r1
1000a056:	2a00      	cmp	r2, #0
1000a058:	d1a1      	bne.n	10009f9e <_strtod_l+0xd5e>
1000a05a:	f021 4400 	bic.w	r4, r1, #2147483648	@ 0x80000000
1000a05e:	0d24      	lsrs	r4, r4, #20
1000a060:	0524      	lsls	r4, r4, #20
1000a062:	f1b4 6fd6 	cmp.w	r4, #112197632	@ 0x6b00000
1000a066:	d99a      	bls.n	10009f9e <_strtod_l+0xd5e>
1000a068:	9909      	ldr	r1, [sp, #36]	@ 0x24
1000a06a:	694a      	ldr	r2, [r1, #20]
1000a06c:	b912      	cbnz	r2, 1000a074 <_strtod_l+0xe34>
1000a06e:	690a      	ldr	r2, [r1, #16]
1000a070:	2a01      	cmp	r2, #1
1000a072:	dd94      	ble.n	10009f9e <_strtod_l+0xd5e>
1000a074:	9909      	ldr	r1, [sp, #36]	@ 0x24
1000a076:	2201      	movs	r2, #1
1000a078:	4658      	mov	r0, fp
1000a07a:	930a      	str	r3, [sp, #40]	@ 0x28
1000a07c:	f002 fa66 	bl	1000c54c <__lshift>
1000a080:	4651      	mov	r1, sl
1000a082:	9009      	str	r0, [sp, #36]	@ 0x24
1000a084:	f002 fad4 	bl	1000c630 <__mcmp>
1000a088:	2800      	cmp	r0, #0
1000a08a:	dd88      	ble.n	10009f9e <_strtod_l+0xd5e>
1000a08c:	9a0d      	ldr	r2, [sp, #52]	@ 0x34
1000a08e:	9b0a      	ldr	r3, [sp, #40]	@ 0x28
1000a090:	2a00      	cmp	r2, #0
1000a092:	d07b      	beq.n	1000a18c <_strtod_l+0xf4c>
1000a094:	f5a4 1480 	sub.w	r4, r4, #1048576	@ 0x100000
1000a098:	ea6f 5314 	mvn.w	r3, r4, lsr #20
1000a09c:	ea6f 5303 	mvn.w	r3, r3, lsl #20
1000a0a0:	9305      	str	r3, [sp, #20]
1000a0a2:	f04f 33ff 	mov.w	r3, #4294967295	@ 0xffffffff
1000a0a6:	9304      	str	r3, [sp, #16]
1000a0a8:	e9dd 8904 	ldrd	r8, r9, [sp, #16]
1000a0ac:	e762      	b.n	10009f74 <_strtod_l+0xd34>
1000a0ae:	2300      	movs	r3, #0
1000a0b0:	f8df e1f0 	ldr.w	lr, [pc, #496]	@ 1000a2a4 <_strtod_l+0x1064>
1000a0b4:	4619      	mov	r1, r3
1000a0b6:	f7ff ba37 	b.w	10009528 <_strtod_l+0x2e8>
1000a0ba:	f1be 0f00 	cmp.w	lr, #0
1000a0be:	f47f af6a 	bne.w	10009f96 <_strtod_l+0xd56>
1000a0c2:	9a12      	ldr	r2, [sp, #72]	@ 0x48
1000a0c4:	9904      	ldr	r1, [sp, #16]
1000a0c6:	420a      	tst	r2, r1
1000a0c8:	f43f af69 	beq.w	10009f9e <_strtod_l+0xd5e>
1000a0cc:	4640      	mov	r0, r8
1000a0ce:	4649      	mov	r1, r9
1000a0d0:	9304      	str	r3, [sp, #16]
1000a0d2:	f002 fb87 	bl	1000c7e4 <__ulp>
1000a0d6:	9b0d      	ldr	r3, [sp, #52]	@ 0x34
1000a0d8:	2b00      	cmp	r3, #0
1000a0da:	d067      	beq.n	1000a1ac <_strtod_l+0xf6c>
1000a0dc:	9b04      	ldr	r3, [sp, #16]
1000a0de:	f3c3 530a 	ubfx	r3, r3, #20, #11
1000a0e2:	f1c3 066b 	rsb	r6, r3, #107	@ 0x6b
1000a0e6:	2e00      	cmp	r6, #0
1000a0e8:	f340 80c3 	ble.w	1000a272 <_strtod_l+0x1032>
1000a0ec:	4c6b      	ldr	r4, [pc, #428]	@ (1000a29c <_strtod_l+0x105c>)
1000a0ee:	2200      	movs	r2, #0
1000a0f0:	eb04 5306 	add.w	r3, r4, r6, lsl #20
1000a0f4:	f7f7 fe28 	bl	10001d48 <__wrap___aeabi_dmul>
1000a0f8:	4602      	mov	r2, r0
1000a0fa:	460b      	mov	r3, r1
1000a0fc:	4640      	mov	r0, r8
1000a0fe:	4649      	mov	r1, r9
1000a100:	f7f7 fe0e 	bl	10001d20 <__wrap___aeabi_dsub>
1000a104:	2200      	movs	r2, #0
1000a106:	2300      	movs	r3, #0
1000a108:	4680      	mov	r8, r0
1000a10a:	4689      	mov	r9, r1
1000a10c:	f7f7 fef8 	bl	10001f00 <__wrap___aeabi_dcmpeq>
1000a110:	2800      	cmp	r0, #0
1000a112:	f43f af2f 	beq.w	10009f74 <_strtod_l+0xd34>
1000a116:	e5dd      	b.n	10009cd4 <_strtod_l+0xa94>
1000a118:	f1be 0f00 	cmp.w	lr, #0
1000a11c:	f47f af3b 	bne.w	10009f96 <_strtod_l+0xd56>
1000a120:	9912      	ldr	r1, [sp, #72]	@ 0x48
1000a122:	420a      	tst	r2, r1
1000a124:	f43f af3b 	beq.w	10009f9e <_strtod_l+0xd5e>
1000a128:	e7d0      	b.n	1000a0cc <_strtod_l+0xe8c>
1000a12a:	f04f 32ff 	mov.w	r2, #4294967295	@ 0xffffffff
1000a12e:	fa02 f303 	lsl.w	r3, r2, r3
1000a132:	9a04      	ldr	r2, [sp, #16]
1000a134:	401a      	ands	r2, r3
1000a136:	9204      	str	r2, [sp, #16]
1000a138:	e652      	b.n	10009de0 <_strtod_l+0xba0>
1000a13a:	9a12      	ldr	r2, [sp, #72]	@ 0x48
1000a13c:	9904      	ldr	r1, [sp, #16]
1000a13e:	420a      	tst	r2, r1
1000a140:	f43f af2d 	beq.w	10009f9e <_strtod_l+0xd5e>
1000a144:	e6f7      	b.n	10009f36 <_strtod_l+0xcf6>
1000a146:	9a0d      	ldr	r2, [sp, #52]	@ 0x34
1000a148:	9d04      	ldr	r5, [sp, #16]
1000a14a:	2a00      	cmp	r2, #0
1000a14c:	d055      	beq.n	1000a1fa <_strtod_l+0xfba>
1000a14e:	4c52      	ldr	r4, [pc, #328]	@ (1000a298 <_strtod_l+0x1058>)
1000a150:	4034      	ands	r4, r6
1000a152:	f1b4 6fd4 	cmp.w	r4, #111149056	@ 0x6a00000
1000a156:	d841      	bhi.n	1000a1dc <_strtod_l+0xf9c>
1000a158:	0d21      	lsrs	r1, r4, #20
1000a15a:	f04f 32ff 	mov.w	r2, #4294967295	@ 0xffffffff
1000a15e:	f1c1 016b 	rsb	r1, r1, #107	@ 0x6b
1000a162:	408a      	lsls	r2, r1
1000a164:	4295      	cmp	r5, r2
1000a166:	d053      	beq.n	1000a210 <_strtod_l+0xfd0>
1000a168:	f1be 0f00 	cmp.w	lr, #0
1000a16c:	d05c      	beq.n	1000a228 <_strtod_l+0xfe8>
1000a16e:	ea1e 0f03 	tst.w	lr, r3
1000a172:	f43f aeff 	beq.w	10009f74 <_strtod_l+0xd34>
1000a176:	e6de      	b.n	10009f36 <_strtod_l+0xcf6>
1000a178:	4602      	mov	r2, r0
1000a17a:	460b      	mov	r3, r1
1000a17c:	4640      	mov	r0, r8
1000a17e:	4649      	mov	r1, r9
1000a180:	f7f7 fdba 	bl	10001cf8 <__wrap___aeabi_dadd>
1000a184:	4689      	mov	r9, r1
1000a186:	4680      	mov	r8, r0
1000a188:	991c      	ldr	r1, [sp, #112]	@ 0x70
1000a18a:	e458      	b.n	10009a3e <_strtod_l+0x7fe>
1000a18c:	4a42      	ldr	r2, [pc, #264]	@ (1000a298 <_strtod_l+0x1058>)
1000a18e:	991c      	ldr	r1, [sp, #112]	@ 0x70
1000a190:	401a      	ands	r2, r3
1000a192:	f5a2 1280 	sub.w	r2, r2, #1048576	@ 0x100000
1000a196:	ea6f 5312 	mvn.w	r3, r2, lsr #20
1000a19a:	ea6f 5303 	mvn.w	r3, r3, lsl #20
1000a19e:	9305      	str	r3, [sp, #20]
1000a1a0:	f04f 33ff 	mov.w	r3, #4294967295	@ 0xffffffff
1000a1a4:	9304      	str	r3, [sp, #16]
1000a1a6:	e9dd 8904 	ldrd	r8, r9, [sp, #16]
1000a1aa:	e448      	b.n	10009a3e <_strtod_l+0x7fe>
1000a1ac:	4602      	mov	r2, r0
1000a1ae:	460b      	mov	r3, r1
1000a1b0:	4640      	mov	r0, r8
1000a1b2:	4649      	mov	r1, r9
1000a1b4:	f7f7 fdb4 	bl	10001d20 <__wrap___aeabi_dsub>
1000a1b8:	2200      	movs	r2, #0
1000a1ba:	2300      	movs	r3, #0
1000a1bc:	4680      	mov	r8, r0
1000a1be:	4689      	mov	r9, r1
1000a1c0:	f7f7 fe9e 	bl	10001f00 <__wrap___aeabi_dcmpeq>
1000a1c4:	2800      	cmp	r0, #0
1000a1c6:	f43f ad0a 	beq.w	10009bde <_strtod_l+0x99e>
1000a1ca:	e583      	b.n	10009cd4 <_strtod_l+0xa94>
1000a1cc:	f1c2 024b 	rsb	r2, r2, #75	@ 0x4b
1000a1d0:	f04f 33ff 	mov.w	r3, #4294967295	@ 0xffffffff
1000a1d4:	4093      	lsls	r3, r2
1000a1d6:	400b      	ands	r3, r1
1000a1d8:	9305      	str	r3, [sp, #20]
1000a1da:	e601      	b.n	10009de0 <_strtod_l+0xba0>
1000a1dc:	1c6a      	adds	r2, r5, #1
1000a1de:	d1c3      	bne.n	1000a168 <_strtod_l+0xf28>
1000a1e0:	4a2f      	ldr	r2, [pc, #188]	@ (1000a2a0 <_strtod_l+0x1060>)
1000a1e2:	4293      	cmp	r3, r2
1000a1e4:	d025      	beq.n	1000a232 <_strtod_l+0xff2>
1000a1e6:	3201      	adds	r2, #1
1000a1e8:	401a      	ands	r2, r3
1000a1ea:	f502 1380 	add.w	r3, r2, #1048576	@ 0x100000
1000a1ee:	9305      	str	r3, [sp, #20]
1000a1f0:	2300      	movs	r3, #0
1000a1f2:	9304      	str	r3, [sp, #16]
1000a1f4:	e9dd 8904 	ldrd	r8, r9, [sp, #16]
1000a1f8:	e6d1      	b.n	10009f9e <_strtod_l+0xd5e>
1000a1fa:	9a04      	ldr	r2, [sp, #16]
1000a1fc:	3201      	adds	r2, #1
1000a1fe:	d0ef      	beq.n	1000a1e0 <_strtod_l+0xfa0>
1000a200:	f1be 0f00 	cmp.w	lr, #0
1000a204:	d00b      	beq.n	1000a21e <_strtod_l+0xfde>
1000a206:	ea1e 0f06 	tst.w	lr, r6
1000a20a:	f43f ace8 	beq.w	10009bde <_strtod_l+0x99e>
1000a20e:	e692      	b.n	10009f36 <_strtod_l+0xcf6>
1000a210:	f504 1380 	add.w	r3, r4, #1048576	@ 0x100000
1000a214:	e9cd 0304 	strd	r0, r3, [sp, #16]
1000a218:	e9dd 8904 	ldrd	r8, r9, [sp, #16]
1000a21c:	e6aa      	b.n	10009f74 <_strtod_l+0xd34>
1000a21e:	9a12      	ldr	r2, [sp, #72]	@ 0x48
1000a220:	4215      	tst	r5, r2
1000a222:	f43f acdc 	beq.w	10009bde <_strtod_l+0x99e>
1000a226:	e686      	b.n	10009f36 <_strtod_l+0xcf6>
1000a228:	9a12      	ldr	r2, [sp, #72]	@ 0x48
1000a22a:	4215      	tst	r5, r2
1000a22c:	f43f aea2 	beq.w	10009f74 <_strtod_l+0xd34>
1000a230:	e681      	b.n	10009f36 <_strtod_l+0xcf6>
1000a232:	2322      	movs	r3, #34	@ 0x22
1000a234:	991c      	ldr	r1, [sp, #112]	@ 0x70
1000a236:	f04f 0800 	mov.w	r8, #0
1000a23a:	f8df 905c 	ldr.w	r9, [pc, #92]	@ 1000a298 <_strtod_l+0x1058>
1000a23e:	f8cb 3000 	str.w	r3, [fp]
1000a242:	f7ff bbfc 	b.w	10009a3e <_strtod_l+0x7fe>
1000a246:	4622      	mov	r2, r4
1000a248:	2a08      	cmp	r2, #8
1000a24a:	f102 0401 	add.w	r4, r2, #1
1000a24e:	dd09      	ble.n	1000a264 <_strtod_l+0x1024>
1000a250:	2c10      	cmp	r4, #16
1000a252:	f73f ae4f 	bgt.w	10009ef4 <_strtod_l+0xcb4>
1000a256:	eb07 0787 	add.w	r7, r7, r7, lsl #2
1000a25a:	2300      	movs	r3, #0
1000a25c:	eb0c 0747 	add.w	r7, ip, r7, lsl #1
1000a260:	930a      	str	r3, [sp, #40]	@ 0x28
1000a262:	e486      	b.n	10009b72 <_strtod_l+0x932>
1000a264:	230a      	movs	r3, #10
1000a266:	fb05 f303 	mul.w	r3, r5, r3
1000a26a:	e47f      	b.n	10009b6c <_strtod_l+0x92c>
1000a26c:	4602      	mov	r2, r0
1000a26e:	460b      	mov	r3, r1
1000a270:	e67a      	b.n	10009f68 <_strtod_l+0xd28>
1000a272:	4602      	mov	r2, r0
1000a274:	460b      	mov	r3, r1
1000a276:	e741      	b.n	1000a0fc <_strtod_l+0xebc>
1000a278:	05e1      	lsls	r1, r4, #23
1000a27a:	d505      	bpl.n	1000a288 <_strtod_l+0x1048>
1000a27c:	f04f 4300 	mov.w	r3, #2147483648	@ 0x80000000
1000a280:	9305      	str	r3, [sp, #20]
1000a282:	e9dd 8904 	ldrd	r8, r9, [sp, #16]
1000a286:	e5fd      	b.n	10009e84 <_strtod_l+0xc44>
1000a288:	f04f 0800 	mov.w	r8, #0
1000a28c:	f04f 0900 	mov.w	r9, #0
1000a290:	e5f8      	b.n	10009e84 <_strtod_l+0xc44>
1000a292:	bf00      	nop
1000a294:	1000d3a8 	.word	0x1000d3a8
1000a298:	7ff00000 	.word	0x7ff00000
1000a29c:	3ff00000 	.word	0x3ff00000
1000a2a0:	7fefffff 	.word	0x7fefffff
1000a2a4:	100140b8 	.word	0x100140b8

1000a2a8 <_strtod_r>:
1000a2a8:	4b01      	ldr	r3, [pc, #4]	@ (1000a2b0 <_strtod_r+0x8>)
1000a2aa:	f7fe bfc9 	b.w	10009240 <_strtod_l>
1000a2ae:	bf00      	nop
1000a2b0:	20001afc 	.word	0x20001afc

1000a2b4 <_strtol_l.part.0>:
1000a2b4:	e92d 4ff0 	stmdb	sp!, {r4, r5, r6, r7, r8, r9, sl, fp, lr}
1000a2b8:	4681      	mov	r9, r0
1000a2ba:	468e      	mov	lr, r1
1000a2bc:	486d      	ldr	r0, [pc, #436]	@ (1000a474 <_strtol_l.part.0+0x1c0>)
1000a2be:	4675      	mov	r5, lr
1000a2c0:	f81e bb01 	ldrb.w	fp, [lr], #1
1000a2c4:	f810 400b 	ldrb.w	r4, [r0, fp]
1000a2c8:	f014 0408 	ands.w	r4, r4, #8
1000a2cc:	d1f7      	bne.n	1000a2be <_strtol_l.part.0+0xa>
1000a2ce:	f1bb 0f2d 	cmp.w	fp, #45	@ 0x2d
1000a2d2:	f023 0710 	bic.w	r7, r3, #16
1000a2d6:	d05d      	beq.n	1000a394 <_strtol_l.part.0+0xe0>
1000a2d8:	f1bb 0f2b 	cmp.w	fp, #43	@ 0x2b
1000a2dc:	d010      	beq.n	1000a300 <_strtol_l.part.0+0x4c>
1000a2de:	b9af      	cbnz	r7, 1000a30c <_strtol_l.part.0+0x58>
1000a2e0:	f1bb 0f30 	cmp.w	fp, #48	@ 0x30
1000a2e4:	f000 808d 	beq.w	1000a402 <_strtol_l.part.0+0x14e>
1000a2e8:	2b00      	cmp	r3, #0
1000a2ea:	f000 8085 	beq.w	1000a3f8 <_strtol_l.part.0+0x144>
1000a2ee:	2310      	movs	r3, #16
1000a2f0:	f06f 4678 	mvn.w	r6, #4160749568	@ 0xf8000000
1000a2f4:	270f      	movs	r7, #15
1000a2f6:	4698      	mov	r8, r3
1000a2f8:	2400      	movs	r4, #0
1000a2fa:	f06f 4a00 	mvn.w	sl, #2147483648	@ 0x80000000
1000a2fe:	e00d      	b.n	1000a31c <_strtol_l.part.0+0x68>
1000a300:	f89e b000 	ldrb.w	fp, [lr]
1000a304:	f105 0e02 	add.w	lr, r5, #2
1000a308:	2f00      	cmp	r7, #0
1000a30a:	d060      	beq.n	1000a3ce <_strtol_l.part.0+0x11a>
1000a30c:	f06f 4700 	mvn.w	r7, #2147483648	@ 0x80000000
1000a310:	4698      	mov	r8, r3
1000a312:	fbb7 f6f3 	udiv	r6, r7, r3
1000a316:	46ba      	mov	sl, r7
1000a318:	fb03 7716 	mls	r7, r3, r6, r7
1000a31c:	2500      	movs	r5, #0
1000a31e:	4628      	mov	r0, r5
1000a320:	e00e      	b.n	1000a340 <_strtol_l.part.0+0x8c>
1000a322:	f1ab 0c37 	sub.w	ip, fp, #55	@ 0x37
1000a326:	459c      	cmp	ip, r3
1000a328:	da1d      	bge.n	1000a366 <_strtol_l.part.0+0xb2>
1000a32a:	3501      	adds	r5, #1
1000a32c:	d004      	beq.n	1000a338 <_strtol_l.part.0+0x84>
1000a32e:	42b0      	cmp	r0, r6
1000a330:	d802      	bhi.n	1000a338 <_strtol_l.part.0+0x84>
1000a332:	d122      	bne.n	1000a37a <_strtol_l.part.0+0xc6>
1000a334:	45bc      	cmp	ip, r7
1000a336:	dd20      	ble.n	1000a37a <_strtol_l.part.0+0xc6>
1000a338:	f04f 35ff 	mov.w	r5, #4294967295	@ 0xffffffff
1000a33c:	f81e bb01 	ldrb.w	fp, [lr], #1
1000a340:	f1ab 0c30 	sub.w	ip, fp, #48	@ 0x30
1000a344:	f1bc 0f09 	cmp.w	ip, #9
1000a348:	d9ed      	bls.n	1000a326 <_strtol_l.part.0+0x72>
1000a34a:	f1ab 0c41 	sub.w	ip, fp, #65	@ 0x41
1000a34e:	f1bc 0f19 	cmp.w	ip, #25
1000a352:	d9e6      	bls.n	1000a322 <_strtol_l.part.0+0x6e>
1000a354:	f1ab 0c61 	sub.w	ip, fp, #97	@ 0x61
1000a358:	f1bc 0f19 	cmp.w	ip, #25
1000a35c:	d803      	bhi.n	1000a366 <_strtol_l.part.0+0xb2>
1000a35e:	f1ab 0c57 	sub.w	ip, fp, #87	@ 0x57
1000a362:	459c      	cmp	ip, r3
1000a364:	dbe1      	blt.n	1000a32a <_strtol_l.part.0+0x76>
1000a366:	1c6b      	adds	r3, r5, #1
1000a368:	d00b      	beq.n	1000a382 <_strtol_l.part.0+0xce>
1000a36a:	b104      	cbz	r4, 1000a36e <_strtol_l.part.0+0xba>
1000a36c:	4240      	negs	r0, r0
1000a36e:	b112      	cbz	r2, 1000a376 <_strtol_l.part.0+0xc2>
1000a370:	2d00      	cmp	r5, #0
1000a372:	d157      	bne.n	1000a424 <_strtol_l.part.0+0x170>
1000a374:	6011      	str	r1, [r2, #0]
1000a376:	e8bd 8ff0 	ldmia.w	sp!, {r4, r5, r6, r7, r8, r9, sl, fp, pc}
1000a37a:	fb08 c000 	mla	r0, r8, r0, ip
1000a37e:	2501      	movs	r5, #1
1000a380:	e7dc      	b.n	1000a33c <_strtol_l.part.0+0x88>
1000a382:	2322      	movs	r3, #34	@ 0x22
1000a384:	f8c9 3000 	str.w	r3, [r9]
1000a388:	2a00      	cmp	r2, #0
1000a38a:	d04d      	beq.n	1000a428 <_strtol_l.part.0+0x174>
1000a38c:	f10e 31ff 	add.w	r1, lr, #4294967295	@ 0xffffffff
1000a390:	4650      	mov	r0, sl
1000a392:	e7ef      	b.n	1000a374 <_strtol_l.part.0+0xc0>
1000a394:	f89e b000 	ldrb.w	fp, [lr]
1000a398:	f105 0e02 	add.w	lr, r5, #2
1000a39c:	b967      	cbnz	r7, 1000a3b8 <_strtol_l.part.0+0x104>
1000a39e:	f1bb 0f30 	cmp.w	fp, #48	@ 0x30
1000a3a2:	d044      	beq.n	1000a42e <_strtol_l.part.0+0x17a>
1000a3a4:	2b00      	cmp	r3, #0
1000a3a6:	d150      	bne.n	1000a44a <_strtol_l.part.0+0x196>
1000a3a8:	230a      	movs	r3, #10
1000a3aa:	4e33      	ldr	r6, [pc, #204]	@ (1000a478 <_strtol_l.part.0+0x1c4>)
1000a3ac:	2708      	movs	r7, #8
1000a3ae:	2401      	movs	r4, #1
1000a3b0:	4698      	mov	r8, r3
1000a3b2:	f04f 4a00 	mov.w	sl, #2147483648	@ 0x80000000
1000a3b6:	e7b1      	b.n	1000a31c <_strtol_l.part.0+0x68>
1000a3b8:	f04f 4a00 	mov.w	sl, #2147483648	@ 0x80000000
1000a3bc:	4698      	mov	r8, r3
1000a3be:	2401      	movs	r4, #1
1000a3c0:	fbba f6f3 	udiv	r6, sl, r3
1000a3c4:	fb03 f706 	mul.w	r7, r3, r6
1000a3c8:	ebaa 0707 	sub.w	r7, sl, r7
1000a3cc:	e7a6      	b.n	1000a31c <_strtol_l.part.0+0x68>
1000a3ce:	f1bb 0f30 	cmp.w	fp, #48	@ 0x30
1000a3d2:	d189      	bne.n	1000a2e8 <_strtol_l.part.0+0x34>
1000a3d4:	78a8      	ldrb	r0, [r5, #2]
1000a3d6:	f000 00df 	and.w	r0, r0, #223	@ 0xdf
1000a3da:	2858      	cmp	r0, #88	@ 0x58
1000a3dc:	d11e      	bne.n	1000a41c <_strtol_l.part.0+0x168>
1000a3de:	2310      	movs	r3, #16
1000a3e0:	f895 b003 	ldrb.w	fp, [r5, #3]
1000a3e4:	f105 0e04 	add.w	lr, r5, #4
1000a3e8:	4698      	mov	r8, r3
1000a3ea:	f06f 4700 	mvn.w	r7, #2147483648	@ 0x80000000
1000a3ee:	fbb7 f6f8 	udiv	r6, r7, r8
1000a3f2:	fb08 7716 	mls	r7, r8, r6, r7
1000a3f6:	e77f      	b.n	1000a2f8 <_strtol_l.part.0+0x44>
1000a3f8:	230a      	movs	r3, #10
1000a3fa:	4e1f      	ldr	r6, [pc, #124]	@ (1000a478 <_strtol_l.part.0+0x1c4>)
1000a3fc:	2707      	movs	r7, #7
1000a3fe:	4698      	mov	r8, r3
1000a400:	e77a      	b.n	1000a2f8 <_strtol_l.part.0+0x44>
1000a402:	f89e 0000 	ldrb.w	r0, [lr]
1000a406:	f000 00df 	and.w	r0, r0, #223	@ 0xdf
1000a40a:	2858      	cmp	r0, #88	@ 0x58
1000a40c:	d106      	bne.n	1000a41c <_strtol_l.part.0+0x168>
1000a40e:	2310      	movs	r3, #16
1000a410:	f89e b001 	ldrb.w	fp, [lr, #1]
1000a414:	f105 0e03 	add.w	lr, r5, #3
1000a418:	4698      	mov	r8, r3
1000a41a:	e7e6      	b.n	1000a3ea <_strtol_l.part.0+0x136>
1000a41c:	bb23      	cbnz	r3, 1000a468 <_strtol_l.part.0+0x1b4>
1000a41e:	2308      	movs	r3, #8
1000a420:	4698      	mov	r8, r3
1000a422:	e7e2      	b.n	1000a3ea <_strtol_l.part.0+0x136>
1000a424:	4682      	mov	sl, r0
1000a426:	e7b1      	b.n	1000a38c <_strtol_l.part.0+0xd8>
1000a428:	4650      	mov	r0, sl
1000a42a:	e8bd 8ff0 	ldmia.w	sp!, {r4, r5, r6, r7, r8, r9, sl, fp, pc}
1000a42e:	78a8      	ldrb	r0, [r5, #2]
1000a430:	f000 00df 	and.w	r0, r0, #223	@ 0xdf
1000a434:	2858      	cmp	r0, #88	@ 0x58
1000a436:	d010      	beq.n	1000a45a <_strtol_l.part.0+0x1a6>
1000a438:	b1cb      	cbz	r3, 1000a46e <_strtol_l.part.0+0x1ba>
1000a43a:	2310      	movs	r3, #16
1000a43c:	4698      	mov	r8, r3
1000a43e:	f04f 4a00 	mov.w	sl, #2147483648	@ 0x80000000
1000a442:	2401      	movs	r4, #1
1000a444:	fbba f6f8 	udiv	r6, sl, r8
1000a448:	e768      	b.n	1000a31c <_strtol_l.part.0+0x68>
1000a44a:	2310      	movs	r3, #16
1000a44c:	f04f 6600 	mov.w	r6, #134217728	@ 0x8000000
1000a450:	2401      	movs	r4, #1
1000a452:	f04f 4a00 	mov.w	sl, #2147483648	@ 0x80000000
1000a456:	4698      	mov	r8, r3
1000a458:	e760      	b.n	1000a31c <_strtol_l.part.0+0x68>
1000a45a:	2310      	movs	r3, #16
1000a45c:	f895 b003 	ldrb.w	fp, [r5, #3]
1000a460:	f105 0e04 	add.w	lr, r5, #4
1000a464:	4698      	mov	r8, r3
1000a466:	e7ea      	b.n	1000a43e <_strtol_l.part.0+0x18a>
1000a468:	2310      	movs	r3, #16
1000a46a:	4698      	mov	r8, r3
1000a46c:	e7bd      	b.n	1000a3ea <_strtol_l.part.0+0x136>
1000a46e:	2308      	movs	r3, #8
1000a470:	4698      	mov	r8, r3
1000a472:	e7e4      	b.n	1000a43e <_strtol_l.part.0+0x18a>
1000a474:	1000d3f9 	.word	0x1000d3f9
1000a478:	0ccccccc 	.word	0x0ccccccc

1000a47c <_strtol_r>:
1000a47c:	2b24      	cmp	r3, #36	@ 0x24
1000a47e:	d803      	bhi.n	1000a488 <_strtol_r+0xc>
1000a480:	2b01      	cmp	r3, #1
1000a482:	d001      	beq.n	1000a488 <_strtol_r+0xc>
1000a484:	f7ff bf16 	b.w	1000a2b4 <_strtol_l.part.0>
1000a488:	b510      	push	{r4, lr}
1000a48a:	f7fc fec5 	bl	10007218 <__errno>
1000a48e:	2316      	movs	r3, #22
1000a490:	6003      	str	r3, [r0, #0]
1000a492:	2000      	movs	r0, #0
1000a494:	bd10      	pop	{r4, pc}
1000a496:	bf00      	nop

1000a498 <_strtoul_l.isra.0>:
1000a498:	e92d 47f0 	stmdb	sp!, {r4, r5, r6, r7, r8, r9, sl, lr}
1000a49c:	4607      	mov	r7, r0
1000a49e:	460e      	mov	r6, r1
1000a4a0:	4845      	ldr	r0, [pc, #276]	@ (1000a5b8 <_strtoul_l.isra.0+0x120>)
1000a4a2:	4635      	mov	r5, r6
1000a4a4:	f816 eb01 	ldrb.w	lr, [r6], #1
1000a4a8:	f810 c00e 	ldrb.w	ip, [r0, lr]
1000a4ac:	f01c 0c08 	ands.w	ip, ip, #8
1000a4b0:	d1f7      	bne.n	1000a4a2 <_strtoul_l.isra.0+0xa>
1000a4b2:	f1be 0f2d 	cmp.w	lr, #45	@ 0x2d
1000a4b6:	d063      	beq.n	1000a580 <_strtoul_l.isra.0+0xe8>
1000a4b8:	f1be 0f2b 	cmp.w	lr, #43	@ 0x2b
1000a4bc:	d03a      	beq.n	1000a534 <_strtoul_l.isra.0+0x9c>
1000a4be:	4664      	mov	r4, ip
1000a4c0:	f033 0010 	bics.w	r0, r3, #16
1000a4c4:	d03e      	beq.n	1000a544 <_strtoul_l.isra.0+0xac>
1000a4c6:	f04f 38ff 	mov.w	r8, #4294967295	@ 0xffffffff
1000a4ca:	469a      	mov	sl, r3
1000a4cc:	fbb8 f8f3 	udiv	r8, r8, r3
1000a4d0:	fb03 f908 	mul.w	r9, r3, r8
1000a4d4:	ea6f 0909 	mvn.w	r9, r9
1000a4d8:	2500      	movs	r5, #0
1000a4da:	4628      	mov	r0, r5
1000a4dc:	e00e      	b.n	1000a4fc <_strtoul_l.isra.0+0x64>
1000a4de:	f1ae 0c37 	sub.w	ip, lr, #55	@ 0x37
1000a4e2:	4563      	cmp	r3, ip
1000a4e4:	dd1d      	ble.n	1000a522 <_strtoul_l.isra.0+0x8a>
1000a4e6:	3501      	adds	r5, #1
1000a4e8:	d004      	beq.n	1000a4f4 <_strtoul_l.isra.0+0x5c>
1000a4ea:	4540      	cmp	r0, r8
1000a4ec:	d802      	bhi.n	1000a4f4 <_strtoul_l.isra.0+0x5c>
1000a4ee:	d134      	bne.n	1000a55a <_strtoul_l.isra.0+0xc2>
1000a4f0:	45cc      	cmp	ip, r9
1000a4f2:	dd32      	ble.n	1000a55a <_strtoul_l.isra.0+0xc2>
1000a4f4:	f04f 35ff 	mov.w	r5, #4294967295	@ 0xffffffff
1000a4f8:	f816 eb01 	ldrb.w	lr, [r6], #1
1000a4fc:	f1ae 0c30 	sub.w	ip, lr, #48	@ 0x30
1000a500:	f1bc 0f09 	cmp.w	ip, #9
1000a504:	d9ed      	bls.n	1000a4e2 <_strtoul_l.isra.0+0x4a>
1000a506:	f1ae 0c41 	sub.w	ip, lr, #65	@ 0x41
1000a50a:	f1bc 0f19 	cmp.w	ip, #25
1000a50e:	d9e6      	bls.n	1000a4de <_strtoul_l.isra.0+0x46>
1000a510:	f1ae 0c61 	sub.w	ip, lr, #97	@ 0x61
1000a514:	f1bc 0f19 	cmp.w	ip, #25
1000a518:	d803      	bhi.n	1000a522 <_strtoul_l.isra.0+0x8a>
1000a51a:	f1ae 0c57 	sub.w	ip, lr, #87	@ 0x57
1000a51e:	4563      	cmp	r3, ip
1000a520:	dce1      	bgt.n	1000a4e6 <_strtoul_l.isra.0+0x4e>
1000a522:	1c6b      	adds	r3, r5, #1
1000a524:	d025      	beq.n	1000a572 <_strtoul_l.isra.0+0xda>
1000a526:	b104      	cbz	r4, 1000a52a <_strtoul_l.isra.0+0x92>
1000a528:	4240      	negs	r0, r0
1000a52a:	b10a      	cbz	r2, 1000a530 <_strtoul_l.isra.0+0x98>
1000a52c:	bb35      	cbnz	r5, 1000a57c <_strtoul_l.isra.0+0xe4>
1000a52e:	6011      	str	r1, [r2, #0]
1000a530:	e8bd 87f0 	ldmia.w	sp!, {r4, r5, r6, r7, r8, r9, sl, pc}
1000a534:	f033 0010 	bics.w	r0, r3, #16
1000a538:	f896 e000 	ldrb.w	lr, [r6]
1000a53c:	4664      	mov	r4, ip
1000a53e:	f105 0602 	add.w	r6, r5, #2
1000a542:	d1c0      	bne.n	1000a4c6 <_strtoul_l.isra.0+0x2e>
1000a544:	f1be 0f30 	cmp.w	lr, #48	@ 0x30
1000a548:	d01f      	beq.n	1000a58a <_strtoul_l.isra.0+0xf2>
1000a54a:	b95b      	cbnz	r3, 1000a564 <_strtoul_l.isra.0+0xcc>
1000a54c:	230a      	movs	r3, #10
1000a54e:	f04f 0905 	mov.w	r9, #5
1000a552:	f8df 8068 	ldr.w	r8, [pc, #104]	@ 1000a5bc <_strtoul_l.isra.0+0x124>
1000a556:	469a      	mov	sl, r3
1000a558:	e7be      	b.n	1000a4d8 <_strtoul_l.isra.0+0x40>
1000a55a:	fb0a c000 	mla	r0, sl, r0, ip
1000a55e:	2501      	movs	r5, #1
1000a560:	e7ca      	b.n	1000a4f8 <_strtoul_l.isra.0+0x60>
1000a562:	b30b      	cbz	r3, 1000a5a8 <_strtoul_l.isra.0+0x110>
1000a564:	2310      	movs	r3, #16
1000a566:	f04f 090f 	mov.w	r9, #15
1000a56a:	f06f 4870 	mvn.w	r8, #4026531840	@ 0xf0000000
1000a56e:	469a      	mov	sl, r3
1000a570:	e7b2      	b.n	1000a4d8 <_strtoul_l.isra.0+0x40>
1000a572:	2322      	movs	r3, #34	@ 0x22
1000a574:	4628      	mov	r0, r5
1000a576:	603b      	str	r3, [r7, #0]
1000a578:	2a00      	cmp	r2, #0
1000a57a:	d0d9      	beq.n	1000a530 <_strtoul_l.isra.0+0x98>
1000a57c:	1e71      	subs	r1, r6, #1
1000a57e:	e7d6      	b.n	1000a52e <_strtoul_l.isra.0+0x96>
1000a580:	f896 e000 	ldrb.w	lr, [r6]
1000a584:	2401      	movs	r4, #1
1000a586:	1cae      	adds	r6, r5, #2
1000a588:	e79a      	b.n	1000a4c0 <_strtoul_l.isra.0+0x28>
1000a58a:	7830      	ldrb	r0, [r6, #0]
1000a58c:	f000 00df 	and.w	r0, r0, #223	@ 0xdf
1000a590:	2858      	cmp	r0, #88	@ 0x58
1000a592:	d1e6      	bne.n	1000a562 <_strtoul_l.isra.0+0xca>
1000a594:	2310      	movs	r3, #16
1000a596:	f896 e001 	ldrb.w	lr, [r6, #1]
1000a59a:	f04f 090f 	mov.w	r9, #15
1000a59e:	3602      	adds	r6, #2
1000a5a0:	f06f 4870 	mvn.w	r8, #4026531840	@ 0xf0000000
1000a5a4:	469a      	mov	sl, r3
1000a5a6:	e797      	b.n	1000a4d8 <_strtoul_l.isra.0+0x40>
1000a5a8:	2308      	movs	r3, #8
1000a5aa:	f04f 0907 	mov.w	r9, #7
1000a5ae:	f06f 4860 	mvn.w	r8, #3758096384	@ 0xe0000000
1000a5b2:	469a      	mov	sl, r3
1000a5b4:	e790      	b.n	1000a4d8 <_strtoul_l.isra.0+0x40>
1000a5b6:	bf00      	nop
1000a5b8:	1000d3f9 	.word	0x1000d3f9
1000a5bc:	19999999 	.word	0x19999999

1000a5c0 <_strtoul_r>:
1000a5c0:	f7ff bf6a 	b.w	1000a498 <_strtoul_l.isra.0>

1000a5c4 <lflush>:
1000a5c4:	898b      	ldrh	r3, [r1, #12]
1000a5c6:	f003 0309 	and.w	r3, r3, #9
1000a5ca:	2b09      	cmp	r3, #9
1000a5cc:	d001      	beq.n	1000a5d2 <lflush+0xe>
1000a5ce:	2000      	movs	r0, #0
1000a5d0:	4770      	bx	lr
1000a5d2:	4b02      	ldr	r3, [pc, #8]	@ (1000a5dc <lflush+0x18>)
1000a5d4:	6818      	ldr	r0, [r3, #0]
1000a5d6:	f000 b969 	b.w	1000a8ac <_fflush_r>
1000a5da:	bf00      	nop
1000a5dc:	200019a8 	.word	0x200019a8

1000a5e0 <__srefill_r>:
1000a5e0:	b570      	push	{r4, r5, r6, lr}
1000a5e2:	4605      	mov	r5, r0
1000a5e4:	460c      	mov	r4, r1
1000a5e6:	b110      	cbz	r0, 1000a5ee <__srefill_r+0xe>
1000a5e8:	6b43      	ldr	r3, [r0, #52]	@ 0x34
1000a5ea:	2b00      	cmp	r3, #0
1000a5ec:	d056      	beq.n	1000a69c <__srefill_r+0xbc>
1000a5ee:	f9b4 300c 	ldrsh.w	r3, [r4, #12]
1000a5f2:	2200      	movs	r2, #0
1000a5f4:	069e      	lsls	r6, r3, #26
1000a5f6:	6062      	str	r2, [r4, #4]
1000a5f8:	d458      	bmi.n	1000a6ac <__srefill_r+0xcc>
1000a5fa:	0758      	lsls	r0, r3, #29
1000a5fc:	d419      	bmi.n	1000a632 <__srefill_r+0x52>
1000a5fe:	06d9      	lsls	r1, r3, #27
1000a600:	d54f      	bpl.n	1000a6a2 <__srefill_r+0xc2>
1000a602:	071a      	lsls	r2, r3, #28
1000a604:	d439      	bmi.n	1000a67a <__srefill_r+0x9a>
1000a606:	f043 0304 	orr.w	r3, r3, #4
1000a60a:	81a3      	strh	r3, [r4, #12]
1000a60c:	6923      	ldr	r3, [r4, #16]
1000a60e:	2b00      	cmp	r3, #0
1000a610:	d03f      	beq.n	1000a692 <__srefill_r+0xb2>
1000a612:	f9b4 600c 	ldrsh.w	r6, [r4, #12]
1000a616:	07b3      	lsls	r3, r6, #30
1000a618:	d11e      	bne.n	1000a658 <__srefill_r+0x78>
1000a61a:	6922      	ldr	r2, [r4, #16]
1000a61c:	4628      	mov	r0, r5
1000a61e:	6a26      	ldr	r6, [r4, #32]
1000a620:	6963      	ldr	r3, [r4, #20]
1000a622:	69e1      	ldr	r1, [r4, #28]
1000a624:	6022      	str	r2, [r4, #0]
1000a626:	47b0      	blx	r6
1000a628:	2800      	cmp	r0, #0
1000a62a:	6060      	str	r0, [r4, #4]
1000a62c:	dd41      	ble.n	1000a6b2 <__srefill_r+0xd2>
1000a62e:	2000      	movs	r0, #0
1000a630:	bd70      	pop	{r4, r5, r6, pc}
1000a632:	6b21      	ldr	r1, [r4, #48]	@ 0x30
1000a634:	2900      	cmp	r1, #0
1000a636:	d0e9      	beq.n	1000a60c <__srefill_r+0x2c>
1000a638:	f104 0340 	add.w	r3, r4, #64	@ 0x40
1000a63c:	4299      	cmp	r1, r3
1000a63e:	d002      	beq.n	1000a646 <__srefill_r+0x66>
1000a640:	4628      	mov	r0, r5
1000a642:	f7fc ffe3 	bl	1000760c <_free_r>
1000a646:	2200      	movs	r2, #0
1000a648:	6be3      	ldr	r3, [r4, #60]	@ 0x3c
1000a64a:	6322      	str	r2, [r4, #48]	@ 0x30
1000a64c:	6063      	str	r3, [r4, #4]
1000a64e:	2b00      	cmp	r3, #0
1000a650:	d0dc      	beq.n	1000a60c <__srefill_r+0x2c>
1000a652:	6ba3      	ldr	r3, [r4, #56]	@ 0x38
1000a654:	6023      	str	r3, [r4, #0]
1000a656:	e7ea      	b.n	1000a62e <__srefill_r+0x4e>
1000a658:	2301      	movs	r3, #1
1000a65a:	4a1c      	ldr	r2, [pc, #112]	@ (1000a6cc <__srefill_r+0xec>)
1000a65c:	491c      	ldr	r1, [pc, #112]	@ (1000a6d0 <__srefill_r+0xf0>)
1000a65e:	81a3      	strh	r3, [r4, #12]
1000a660:	481c      	ldr	r0, [pc, #112]	@ (1000a6d4 <__srefill_r+0xf4>)
1000a662:	f001 fccb 	bl	1000bffc <_fwalk_sglue>
1000a666:	f006 0309 	and.w	r3, r6, #9
1000a66a:	81a6      	strh	r6, [r4, #12]
1000a66c:	2b09      	cmp	r3, #9
1000a66e:	d1d4      	bne.n	1000a61a <__srefill_r+0x3a>
1000a670:	4621      	mov	r1, r4
1000a672:	4628      	mov	r0, r5
1000a674:	f000 f880 	bl	1000a778 <__sflush_r>
1000a678:	e7cf      	b.n	1000a61a <__srefill_r+0x3a>
1000a67a:	4621      	mov	r1, r4
1000a67c:	4628      	mov	r0, r5
1000a67e:	f000 f915 	bl	1000a8ac <_fflush_r>
1000a682:	b998      	cbnz	r0, 1000a6ac <__srefill_r+0xcc>
1000a684:	f9b4 300c 	ldrsh.w	r3, [r4, #12]
1000a688:	60a0      	str	r0, [r4, #8]
1000a68a:	f023 0308 	bic.w	r3, r3, #8
1000a68e:	61a0      	str	r0, [r4, #24]
1000a690:	e7b9      	b.n	1000a606 <__srefill_r+0x26>
1000a692:	4621      	mov	r1, r4
1000a694:	4628      	mov	r0, r5
1000a696:	f002 fa13 	bl	1000cac0 <__smakebuf_r>
1000a69a:	e7ba      	b.n	1000a612 <__srefill_r+0x32>
1000a69c:	f000 fa1e 	bl	1000aadc <__sinit>
1000a6a0:	e7a5      	b.n	1000a5ee <__srefill_r+0xe>
1000a6a2:	2209      	movs	r2, #9
1000a6a4:	f043 0340 	orr.w	r3, r3, #64	@ 0x40
1000a6a8:	602a      	str	r2, [r5, #0]
1000a6aa:	81a3      	strh	r3, [r4, #12]
1000a6ac:	f04f 30ff 	mov.w	r0, #4294967295	@ 0xffffffff
1000a6b0:	bd70      	pop	{r4, r5, r6, pc}
1000a6b2:	f9b4 300c 	ldrsh.w	r3, [r4, #12]
1000a6b6:	d103      	bne.n	1000a6c0 <__srefill_r+0xe0>
1000a6b8:	f043 0320 	orr.w	r3, r3, #32
1000a6bc:	81a3      	strh	r3, [r4, #12]
1000a6be:	e7f5      	b.n	1000a6ac <__srefill_r+0xcc>
1000a6c0:	2200      	movs	r2, #0
1000a6c2:	f043 0340 	orr.w	r3, r3, #64	@ 0x40
1000a6c6:	6062      	str	r2, [r4, #4]
1000a6c8:	81a3      	strh	r3, [r4, #12]
1000a6ca:	e7ef      	b.n	1000a6ac <__srefill_r+0xcc>
1000a6cc:	20001af0 	.word	0x20001af0
1000a6d0:	1000a5c5 	.word	0x1000a5c5
1000a6d4:	200019b0 	.word	0x200019b0

1000a6d8 <__sccl>:
1000a6d8:	b570      	push	{r4, r5, r6, lr}
1000a6da:	780c      	ldrb	r4, [r1, #0]
1000a6dc:	4684      	mov	ip, r0
1000a6de:	2c5e      	cmp	r4, #94	@ 0x5e
1000a6e0:	d024      	beq.n	1000a72c <__sccl+0x54>
1000a6e2:	2300      	movs	r3, #0
1000a6e4:	1c48      	adds	r0, r1, #1
1000a6e6:	469e      	mov	lr, r3
1000a6e8:	2200      	movs	r2, #0
1000a6ea:	f50c 7180 	add.w	r1, ip, #256	@ 0x100
1000a6ee:	f363 0207 	bfi	r2, r3, #0, #8
1000a6f2:	f363 220f 	bfi	r2, r3, #8, #8
1000a6f6:	f363 4217 	bfi	r2, r3, #16, #8
1000a6fa:	f363 621f 	bfi	r2, r3, #24, #8
1000a6fe:	4663      	mov	r3, ip
1000a700:	f843 2b04 	str.w	r2, [r3], #4
1000a704:	428b      	cmp	r3, r1
1000a706:	d1fb      	bne.n	1000a700 <__sccl+0x28>
1000a708:	b174      	cbz	r4, 1000a728 <__sccl+0x50>
1000a70a:	f08e 0101 	eor.w	r1, lr, #1
1000a70e:	1c45      	adds	r5, r0, #1
1000a710:	f80c 1004 	strb.w	r1, [ip, r4]
1000a714:	f815 3c01 	ldrb.w	r3, [r5, #-1]
1000a718:	2b2d      	cmp	r3, #45	@ 0x2d
1000a71a:	d00e      	beq.n	1000a73a <__sccl+0x62>
1000a71c:	2b5d      	cmp	r3, #93	@ 0x5d
1000a71e:	d00a      	beq.n	1000a736 <__sccl+0x5e>
1000a720:	b11b      	cbz	r3, 1000a72a <__sccl+0x52>
1000a722:	461c      	mov	r4, r3
1000a724:	4628      	mov	r0, r5
1000a726:	e7f2      	b.n	1000a70e <__sccl+0x36>
1000a728:	3801      	subs	r0, #1
1000a72a:	bd70      	pop	{r4, r5, r6, pc}
1000a72c:	2301      	movs	r3, #1
1000a72e:	1c88      	adds	r0, r1, #2
1000a730:	784c      	ldrb	r4, [r1, #1]
1000a732:	469e      	mov	lr, r3
1000a734:	e7d8      	b.n	1000a6e8 <__sccl+0x10>
1000a736:	4628      	mov	r0, r5
1000a738:	bd70      	pop	{r4, r5, r6, pc}
1000a73a:	f890 e001 	ldrb.w	lr, [r0, #1]
1000a73e:	f1be 0f5d 	cmp.w	lr, #93	@ 0x5d
1000a742:	d015      	beq.n	1000a770 <__sccl+0x98>
1000a744:	4574      	cmp	r4, lr
1000a746:	dc13      	bgt.n	1000a770 <__sccl+0x98>
1000a748:	1c66      	adds	r6, r4, #1
1000a74a:	3002      	adds	r0, #2
1000a74c:	eb0c 0206 	add.w	r2, ip, r6
1000a750:	f802 1b01 	strb.w	r1, [r2], #1
1000a754:	eba2 030c 	sub.w	r3, r2, ip
1000a758:	3b01      	subs	r3, #1
1000a75a:	459e      	cmp	lr, r3
1000a75c:	dcf8      	bgt.n	1000a750 <__sccl+0x78>
1000a75e:	ebae 0304 	sub.w	r3, lr, r4
1000a762:	3502      	adds	r5, #2
1000a764:	3b01      	subs	r3, #1
1000a766:	4574      	cmp	r4, lr
1000a768:	bfa8      	it	ge
1000a76a:	2300      	movge	r3, #0
1000a76c:	199c      	adds	r4, r3, r6
1000a76e:	e7d1      	b.n	1000a714 <__sccl+0x3c>
1000a770:	242d      	movs	r4, #45	@ 0x2d
1000a772:	4628      	mov	r0, r5
1000a774:	e7cb      	b.n	1000a70e <__sccl+0x36>
1000a776:	bf00      	nop

1000a778 <__sflush_r>:
1000a778:	f9b1 200c 	ldrsh.w	r2, [r1, #12]
1000a77c:	e92d 41f0 	stmdb	sp!, {r4, r5, r6, r7, r8, lr}
1000a780:	0715      	lsls	r5, r2, #28
1000a782:	460c      	mov	r4, r1
1000a784:	4680      	mov	r8, r0
1000a786:	d44e      	bmi.n	1000a826 <__sflush_r+0xae>
1000a788:	6849      	ldr	r1, [r1, #4]
1000a78a:	f442 6300 	orr.w	r3, r2, #2048	@ 0x800
1000a78e:	2900      	cmp	r1, #0
1000a790:	81a3      	strh	r3, [r4, #12]
1000a792:	dd63      	ble.n	1000a85c <__sflush_r+0xe4>
1000a794:	6aa6      	ldr	r6, [r4, #40]	@ 0x28
1000a796:	2e00      	cmp	r6, #0
1000a798:	d042      	beq.n	1000a820 <__sflush_r+0xa8>
1000a79a:	2100      	movs	r1, #0
1000a79c:	f412 5280 	ands.w	r2, r2, #4096	@ 0x1000
1000a7a0:	f8d8 5000 	ldr.w	r5, [r8]
1000a7a4:	f8c8 1000 	str.w	r1, [r8]
1000a7a8:	d165      	bne.n	1000a876 <__sflush_r+0xfe>
1000a7aa:	2301      	movs	r3, #1
1000a7ac:	69e1      	ldr	r1, [r4, #28]
1000a7ae:	4640      	mov	r0, r8
1000a7b0:	47b0      	blx	r6
1000a7b2:	4602      	mov	r2, r0
1000a7b4:	1c50      	adds	r0, r2, #1
1000a7b6:	d06c      	beq.n	1000a892 <__sflush_r+0x11a>
1000a7b8:	f9b4 300c 	ldrsh.w	r3, [r4, #12]
1000a7bc:	6aa6      	ldr	r6, [r4, #40]	@ 0x28
1000a7be:	0759      	lsls	r1, r3, #29
1000a7c0:	d505      	bpl.n	1000a7ce <__sflush_r+0x56>
1000a7c2:	6863      	ldr	r3, [r4, #4]
1000a7c4:	1ad2      	subs	r2, r2, r3
1000a7c6:	6b23      	ldr	r3, [r4, #48]	@ 0x30
1000a7c8:	b10b      	cbz	r3, 1000a7ce <__sflush_r+0x56>
1000a7ca:	6be3      	ldr	r3, [r4, #60]	@ 0x3c
1000a7cc:	1ad2      	subs	r2, r2, r3
1000a7ce:	2300      	movs	r3, #0
1000a7d0:	69e1      	ldr	r1, [r4, #28]
1000a7d2:	4640      	mov	r0, r8
1000a7d4:	47b0      	blx	r6
1000a7d6:	1c42      	adds	r2, r0, #1
1000a7d8:	f9b4 300c 	ldrsh.w	r3, [r4, #12]
1000a7dc:	d14d      	bne.n	1000a87a <__sflush_r+0x102>
1000a7de:	f8d8 1000 	ldr.w	r1, [r8]
1000a7e2:	291d      	cmp	r1, #29
1000a7e4:	d840      	bhi.n	1000a868 <__sflush_r+0xf0>
1000a7e6:	4a30      	ldr	r2, [pc, #192]	@ (1000a8a8 <__sflush_r+0x130>)
1000a7e8:	40ca      	lsrs	r2, r1
1000a7ea:	07d7      	lsls	r7, r2, #31
1000a7ec:	d53c      	bpl.n	1000a868 <__sflush_r+0xf0>
1000a7ee:	f423 6200 	bic.w	r2, r3, #2048	@ 0x800
1000a7f2:	04de      	lsls	r6, r3, #19
1000a7f4:	81a2      	strh	r2, [r4, #12]
1000a7f6:	f04f 0200 	mov.w	r2, #0
1000a7fa:	6062      	str	r2, [r4, #4]
1000a7fc:	6922      	ldr	r2, [r4, #16]
1000a7fe:	6022      	str	r2, [r4, #0]
1000a800:	d501      	bpl.n	1000a806 <__sflush_r+0x8e>
1000a802:	2900      	cmp	r1, #0
1000a804:	d043      	beq.n	1000a88e <__sflush_r+0x116>
1000a806:	6b21      	ldr	r1, [r4, #48]	@ 0x30
1000a808:	f8c8 5000 	str.w	r5, [r8]
1000a80c:	b141      	cbz	r1, 1000a820 <__sflush_r+0xa8>
1000a80e:	f104 0340 	add.w	r3, r4, #64	@ 0x40
1000a812:	4299      	cmp	r1, r3
1000a814:	d002      	beq.n	1000a81c <__sflush_r+0xa4>
1000a816:	4640      	mov	r0, r8
1000a818:	f7fc fef8 	bl	1000760c <_free_r>
1000a81c:	2300      	movs	r3, #0
1000a81e:	6323      	str	r3, [r4, #48]	@ 0x30
1000a820:	2000      	movs	r0, #0
1000a822:	e8bd 81f0 	ldmia.w	sp!, {r4, r5, r6, r7, r8, pc}
1000a826:	690e      	ldr	r6, [r1, #16]
1000a828:	2e00      	cmp	r6, #0
1000a82a:	d0f9      	beq.n	1000a820 <__sflush_r+0xa8>
1000a82c:	0792      	lsls	r2, r2, #30
1000a82e:	680d      	ldr	r5, [r1, #0]
1000a830:	600e      	str	r6, [r1, #0]
1000a832:	bf0c      	ite	eq
1000a834:	694b      	ldreq	r3, [r1, #20]
1000a836:	2300      	movne	r3, #0
1000a838:	1bad      	subs	r5, r5, r6
1000a83a:	608b      	str	r3, [r1, #8]
1000a83c:	e00b      	b.n	1000a856 <__sflush_r+0xde>
1000a83e:	462b      	mov	r3, r5
1000a840:	4632      	mov	r2, r6
1000a842:	69e1      	ldr	r1, [r4, #28]
1000a844:	4640      	mov	r0, r8
1000a846:	6a67      	ldr	r7, [r4, #36]	@ 0x24
1000a848:	47b8      	blx	r7
1000a84a:	f1b0 0c00 	subs.w	ip, r0, #0
1000a84e:	eba5 050c 	sub.w	r5, r5, ip
1000a852:	4466      	add	r6, ip
1000a854:	dd06      	ble.n	1000a864 <__sflush_r+0xec>
1000a856:	2d00      	cmp	r5, #0
1000a858:	dcf1      	bgt.n	1000a83e <__sflush_r+0xc6>
1000a85a:	e7e1      	b.n	1000a820 <__sflush_r+0xa8>
1000a85c:	6be1      	ldr	r1, [r4, #60]	@ 0x3c
1000a85e:	2900      	cmp	r1, #0
1000a860:	dc98      	bgt.n	1000a794 <__sflush_r+0x1c>
1000a862:	e7dd      	b.n	1000a820 <__sflush_r+0xa8>
1000a864:	f9b4 300c 	ldrsh.w	r3, [r4, #12]
1000a868:	f043 0340 	orr.w	r3, r3, #64	@ 0x40
1000a86c:	f04f 30ff 	mov.w	r0, #4294967295	@ 0xffffffff
1000a870:	81a3      	strh	r3, [r4, #12]
1000a872:	e8bd 81f0 	ldmia.w	sp!, {r4, r5, r6, r7, r8, pc}
1000a876:	6d22      	ldr	r2, [r4, #80]	@ 0x50
1000a878:	e7a1      	b.n	1000a7be <__sflush_r+0x46>
1000a87a:	f423 6200 	bic.w	r2, r3, #2048	@ 0x800
1000a87e:	04db      	lsls	r3, r3, #19
1000a880:	81a2      	strh	r2, [r4, #12]
1000a882:	f04f 0200 	mov.w	r2, #0
1000a886:	6062      	str	r2, [r4, #4]
1000a888:	6922      	ldr	r2, [r4, #16]
1000a88a:	6022      	str	r2, [r4, #0]
1000a88c:	d5bb      	bpl.n	1000a806 <__sflush_r+0x8e>
1000a88e:	6520      	str	r0, [r4, #80]	@ 0x50
1000a890:	e7b9      	b.n	1000a806 <__sflush_r+0x8e>
1000a892:	f8d8 3000 	ldr.w	r3, [r8]
1000a896:	2b00      	cmp	r3, #0
1000a898:	d08e      	beq.n	1000a7b8 <__sflush_r+0x40>
1000a89a:	2b1d      	cmp	r3, #29
1000a89c:	d001      	beq.n	1000a8a2 <__sflush_r+0x12a>
1000a89e:	2b16      	cmp	r3, #22
1000a8a0:	d1e0      	bne.n	1000a864 <__sflush_r+0xec>
1000a8a2:	f8c8 5000 	str.w	r5, [r8]
1000a8a6:	e7bb      	b.n	1000a820 <__sflush_r+0xa8>
1000a8a8:	20400001 	.word	0x20400001

1000a8ac <_fflush_r>:
1000a8ac:	b538      	push	{r3, r4, r5, lr}
1000a8ae:	4605      	mov	r5, r0
1000a8b0:	460c      	mov	r4, r1
1000a8b2:	b108      	cbz	r0, 1000a8b8 <_fflush_r+0xc>
1000a8b4:	6b43      	ldr	r3, [r0, #52]	@ 0x34
1000a8b6:	b303      	cbz	r3, 1000a8fa <_fflush_r+0x4e>
1000a8b8:	f9b4 000c 	ldrsh.w	r0, [r4, #12]
1000a8bc:	b188      	cbz	r0, 1000a8e2 <_fflush_r+0x36>
1000a8be:	6e63      	ldr	r3, [r4, #100]	@ 0x64
1000a8c0:	07db      	lsls	r3, r3, #31
1000a8c2:	d401      	bmi.n	1000a8c8 <_fflush_r+0x1c>
1000a8c4:	0581      	lsls	r1, r0, #22
1000a8c6:	d50f      	bpl.n	1000a8e8 <_fflush_r+0x3c>
1000a8c8:	4628      	mov	r0, r5
1000a8ca:	4621      	mov	r1, r4
1000a8cc:	f7ff ff54 	bl	1000a778 <__sflush_r>
1000a8d0:	6e63      	ldr	r3, [r4, #100]	@ 0x64
1000a8d2:	4605      	mov	r5, r0
1000a8d4:	07da      	lsls	r2, r3, #31
1000a8d6:	d402      	bmi.n	1000a8de <_fflush_r+0x32>
1000a8d8:	89a3      	ldrh	r3, [r4, #12]
1000a8da:	059b      	lsls	r3, r3, #22
1000a8dc:	d508      	bpl.n	1000a8f0 <_fflush_r+0x44>
1000a8de:	4628      	mov	r0, r5
1000a8e0:	bd38      	pop	{r3, r4, r5, pc}
1000a8e2:	4605      	mov	r5, r0
1000a8e4:	4628      	mov	r0, r5
1000a8e6:	bd38      	pop	{r3, r4, r5, pc}
1000a8e8:	6da0      	ldr	r0, [r4, #88]	@ 0x58
1000a8ea:	f7fc fd8b 	bl	10007404 <__retarget_lock_acquire_recursive>
1000a8ee:	e7eb      	b.n	1000a8c8 <_fflush_r+0x1c>
1000a8f0:	6da0      	ldr	r0, [r4, #88]	@ 0x58
1000a8f2:	f7fc fd89 	bl	10007408 <__retarget_lock_release_recursive>
1000a8f6:	4628      	mov	r0, r5
1000a8f8:	bd38      	pop	{r3, r4, r5, pc}
1000a8fa:	f000 f8ef 	bl	1000aadc <__sinit>
1000a8fe:	e7db      	b.n	1000a8b8 <_fflush_r+0xc>

1000a900 <__sread>:
1000a900:	b510      	push	{r4, lr}
1000a902:	460c      	mov	r4, r1
1000a904:	f9b1 100e 	ldrsh.w	r1, [r1, #14]
1000a908:	f000 fb68 	bl	1000afdc <_read_r>
1000a90c:	2800      	cmp	r0, #0
1000a90e:	db03      	blt.n	1000a918 <__sread+0x18>
1000a910:	6d23      	ldr	r3, [r4, #80]	@ 0x50
1000a912:	4403      	add	r3, r0
1000a914:	6523      	str	r3, [r4, #80]	@ 0x50
1000a916:	bd10      	pop	{r4, pc}
1000a918:	89a3      	ldrh	r3, [r4, #12]
1000a91a:	f423 5380 	bic.w	r3, r3, #4096	@ 0x1000
1000a91e:	81a3      	strh	r3, [r4, #12]
1000a920:	bd10      	pop	{r4, pc}
1000a922:	bf00      	nop

1000a924 <__swrite>:
1000a924:	e92d 41f0 	stmdb	sp!, {r4, r5, r6, r7, r8, lr}
1000a928:	460c      	mov	r4, r1
1000a92a:	f9b1 100c 	ldrsh.w	r1, [r1, #12]
1000a92e:	461f      	mov	r7, r3
1000a930:	4605      	mov	r5, r0
1000a932:	05cb      	lsls	r3, r1, #23
1000a934:	4616      	mov	r6, r2
1000a936:	d40b      	bmi.n	1000a950 <__swrite+0x2c>
1000a938:	f421 5180 	bic.w	r1, r1, #4096	@ 0x1000
1000a93c:	463b      	mov	r3, r7
1000a93e:	4632      	mov	r2, r6
1000a940:	4628      	mov	r0, r5
1000a942:	81a1      	strh	r1, [r4, #12]
1000a944:	f9b4 100e 	ldrsh.w	r1, [r4, #14]
1000a948:	e8bd 41f0 	ldmia.w	sp!, {r4, r5, r6, r7, r8, lr}
1000a94c:	f000 bd80 	b.w	1000b450 <_write_r>
1000a950:	f9b4 100e 	ldrsh.w	r1, [r4, #14]
1000a954:	2302      	movs	r3, #2
1000a956:	2200      	movs	r2, #0
1000a958:	f000 fb2a 	bl	1000afb0 <_lseek_r>
1000a95c:	f9b4 100c 	ldrsh.w	r1, [r4, #12]
1000a960:	e7ea      	b.n	1000a938 <__swrite+0x14>
1000a962:	bf00      	nop

1000a964 <__sseek>:
1000a964:	b510      	push	{r4, lr}
1000a966:	460c      	mov	r4, r1
1000a968:	f9b1 100e 	ldrsh.w	r1, [r1, #14]
1000a96c:	f000 fb20 	bl	1000afb0 <_lseek_r>
1000a970:	1c42      	adds	r2, r0, #1
1000a972:	f9b4 300c 	ldrsh.w	r3, [r4, #12]
1000a976:	d004      	beq.n	1000a982 <__sseek+0x1e>
1000a978:	f443 5380 	orr.w	r3, r3, #4096	@ 0x1000
1000a97c:	6520      	str	r0, [r4, #80]	@ 0x50
1000a97e:	81a3      	strh	r3, [r4, #12]
1000a980:	bd10      	pop	{r4, pc}
1000a982:	f423 5380 	bic.w	r3, r3, #4096	@ 0x1000
1000a986:	81a3      	strh	r3, [r4, #12]
1000a988:	bd10      	pop	{r4, pc}
1000a98a:	bf00      	nop

1000a98c <__sclose>:
1000a98c:	f9b1 100e 	ldrsh.w	r1, [r1, #14]
1000a990:	f000 bafc 	b.w	1000af8c <_close_r>

1000a994 <stdio_exit_handler>:
1000a994:	4a02      	ldr	r2, [pc, #8]	@ (1000a9a0 <stdio_exit_handler+0xc>)
1000a996:	4903      	ldr	r1, [pc, #12]	@ (1000a9a4 <stdio_exit_handler+0x10>)
1000a998:	4803      	ldr	r0, [pc, #12]	@ (1000a9a8 <stdio_exit_handler+0x14>)
1000a99a:	f001 bb2f 	b.w	1000bffc <_fwalk_sglue>
1000a99e:	bf00      	nop
1000a9a0:	20001af0 	.word	0x20001af0
1000a9a4:	1000cbad 	.word	0x1000cbad
1000a9a8:	200019b0 	.word	0x200019b0

1000a9ac <cleanup_stdio>:
1000a9ac:	4b0c      	ldr	r3, [pc, #48]	@ (1000a9e0 <cleanup_stdio+0x34>)
1000a9ae:	6841      	ldr	r1, [r0, #4]
1000a9b0:	4299      	cmp	r1, r3
1000a9b2:	b510      	push	{r4, lr}
1000a9b4:	4604      	mov	r4, r0
1000a9b6:	d001      	beq.n	1000a9bc <cleanup_stdio+0x10>
1000a9b8:	f002 f8f8 	bl	1000cbac <_fclose_r>
1000a9bc:	68a1      	ldr	r1, [r4, #8]
1000a9be:	4b09      	ldr	r3, [pc, #36]	@ (1000a9e4 <cleanup_stdio+0x38>)
1000a9c0:	4299      	cmp	r1, r3
1000a9c2:	d002      	beq.n	1000a9ca <cleanup_stdio+0x1e>
1000a9c4:	4620      	mov	r0, r4
1000a9c6:	f002 f8f1 	bl	1000cbac <_fclose_r>
1000a9ca:	68e1      	ldr	r1, [r4, #12]
1000a9cc:	4b06      	ldr	r3, [pc, #24]	@ (1000a9e8 <cleanup_stdio+0x3c>)
1000a9ce:	4299      	cmp	r1, r3
1000a9d0:	d004      	beq.n	1000a9dc <cleanup_stdio+0x30>
1000a9d2:	4620      	mov	r0, r4
1000a9d4:	e8bd 4010 	ldmia.w	sp!, {r4, lr}
1000a9d8:	f002 b8e8 	b.w	1000cbac <_fclose_r>
1000a9dc:	bd10      	pop	{r4, pc}
1000a9de:	bf00      	nop
1000a9e0:	20001e34 	.word	0x20001e34
1000a9e4:	20001e9c 	.word	0x20001e9c
1000a9e8:	20001f04 	.word	0x20001f04

1000a9ec <global_stdio_init.part.0>:
1000a9ec:	e92d 43f8 	stmdb	sp!, {r3, r4, r5, r6, r7, r8, r9, lr}
1000a9f0:	4a31      	ldr	r2, [pc, #196]	@ (1000aab8 <global_stdio_init.part.0+0xcc>)
1000a9f2:	2500      	movs	r5, #0
1000a9f4:	4c31      	ldr	r4, [pc, #196]	@ (1000aabc <global_stdio_init.part.0+0xd0>)
1000a9f6:	2304      	movs	r3, #4
1000a9f8:	4931      	ldr	r1, [pc, #196]	@ (1000aac0 <global_stdio_init.part.0+0xd4>)
1000a9fa:	f8df 90d8 	ldr.w	r9, [pc, #216]	@ 1000aad4 <global_stdio_init.part.0+0xe8>
1000a9fe:	f104 005c 	add.w	r0, r4, #92	@ 0x5c
1000aa02:	f8df 80d4 	ldr.w	r8, [pc, #212]	@ 1000aad8 <global_stdio_init.part.0+0xec>
1000aa06:	4f2f      	ldr	r7, [pc, #188]	@ (1000aac4 <global_stdio_init.part.0+0xd8>)
1000aa08:	4e2f      	ldr	r6, [pc, #188]	@ (1000aac8 <global_stdio_init.part.0+0xdc>)
1000aa0a:	6011      	str	r1, [r2, #0]
1000aa0c:	4629      	mov	r1, r5
1000aa0e:	2208      	movs	r2, #8
1000aa10:	6025      	str	r5, [r4, #0]
1000aa12:	6665      	str	r5, [r4, #100]	@ 0x64
1000aa14:	e9c4 3503 	strd	r3, r5, [r4, #12]
1000aa18:	e9c4 5501 	strd	r5, r5, [r4, #4]
1000aa1c:	e9c4 5505 	strd	r5, r5, [r4, #20]
1000aa20:	f7fc fb9a 	bl	10007158 <memset>
1000aa24:	f104 0058 	add.w	r0, r4, #88	@ 0x58
1000aa28:	62e6      	str	r6, [r4, #44]	@ 0x2c
1000aa2a:	e9c4 4907 	strd	r4, r9, [r4, #28]
1000aa2e:	e9c4 8709 	strd	r8, r7, [r4, #36]	@ 0x24
1000aa32:	f7fc fce3 	bl	100073fc <__retarget_lock_init_recursive>
1000aa36:	4b25      	ldr	r3, [pc, #148]	@ (1000aacc <global_stdio_init.part.0+0xe0>)
1000aa38:	4629      	mov	r1, r5
1000aa3a:	2208      	movs	r2, #8
1000aa3c:	f104 00c4 	add.w	r0, r4, #196	@ 0xc4
1000aa40:	6763      	str	r3, [r4, #116]	@ 0x74
1000aa42:	6725      	str	r5, [r4, #112]	@ 0x70
1000aa44:	f8c4 50cc 	str.w	r5, [r4, #204]	@ 0xcc
1000aa48:	f8c4 5080 	str.w	r5, [r4, #128]	@ 0x80
1000aa4c:	e9c4 551a 	strd	r5, r5, [r4, #104]	@ 0x68
1000aa50:	e9c4 551e 	strd	r5, r5, [r4, #120]	@ 0x78
1000aa54:	f7fc fb80 	bl	10007158 <memset>
1000aa58:	f104 0368 	add.w	r3, r4, #104	@ 0x68
1000aa5c:	f104 00c0 	add.w	r0, r4, #192	@ 0xc0
1000aa60:	f8c4 3084 	str.w	r3, [r4, #132]	@ 0x84
1000aa64:	e9c4 9822 	strd	r9, r8, [r4, #136]	@ 0x88
1000aa68:	e9c4 7624 	strd	r7, r6, [r4, #144]	@ 0x90
1000aa6c:	f7fc fcc6 	bl	100073fc <__retarget_lock_init_recursive>
1000aa70:	4b17      	ldr	r3, [pc, #92]	@ (1000aad0 <global_stdio_init.part.0+0xe4>)
1000aa72:	4629      	mov	r1, r5
1000aa74:	f504 7096 	add.w	r0, r4, #300	@ 0x12c
1000aa78:	2208      	movs	r2, #8
1000aa7a:	f8c4 30dc 	str.w	r3, [r4, #220]	@ 0xdc
1000aa7e:	f8c4 50d8 	str.w	r5, [r4, #216]	@ 0xd8
1000aa82:	f8c4 5134 	str.w	r5, [r4, #308]	@ 0x134
1000aa86:	f8c4 50e8 	str.w	r5, [r4, #232]	@ 0xe8
1000aa8a:	e9c4 5534 	strd	r5, r5, [r4, #208]	@ 0xd0
1000aa8e:	e9c4 5538 	strd	r5, r5, [r4, #224]	@ 0xe0
1000aa92:	f7fc fb61 	bl	10007158 <memset>
1000aa96:	f104 03d0 	add.w	r3, r4, #208	@ 0xd0
1000aa9a:	f504 7094 	add.w	r0, r4, #296	@ 0x128
1000aa9e:	f8c4 90f0 	str.w	r9, [r4, #240]	@ 0xf0
1000aaa2:	f8c4 60fc 	str.w	r6, [r4, #252]	@ 0xfc
1000aaa6:	f8c4 30ec 	str.w	r3, [r4, #236]	@ 0xec
1000aaaa:	e9c4 873d 	strd	r8, r7, [r4, #244]	@ 0xf4
1000aaae:	e8bd 43f8 	ldmia.w	sp!, {r3, r4, r5, r6, r7, r8, r9, lr}
1000aab2:	f7fc bca3 	b.w	100073fc <__retarget_lock_init_recursive>
1000aab6:	bf00      	nop
1000aab8:	20001f6c 	.word	0x20001f6c
1000aabc:	20001e34 	.word	0x20001e34
1000aac0:	1000a995 	.word	0x1000a995
1000aac4:	1000a965 	.word	0x1000a965
1000aac8:	1000a98d 	.word	0x1000a98d
1000aacc:	00010009 	.word	0x00010009
1000aad0:	00020012 	.word	0x00020012
1000aad4:	1000a901 	.word	0x1000a901
1000aad8:	1000a925 	.word	0x1000a925

1000aadc <__sinit>:
1000aadc:	b510      	push	{r4, lr}
1000aade:	4604      	mov	r4, r0
1000aae0:	480a      	ldr	r0, [pc, #40]	@ (1000ab0c <__sinit+0x30>)
1000aae2:	f7fc fc8f 	bl	10007404 <__retarget_lock_acquire_recursive>
1000aae6:	6b63      	ldr	r3, [r4, #52]	@ 0x34
1000aae8:	b923      	cbnz	r3, 1000aaf4 <__sinit+0x18>
1000aaea:	4b09      	ldr	r3, [pc, #36]	@ (1000ab10 <__sinit+0x34>)
1000aaec:	4a09      	ldr	r2, [pc, #36]	@ (1000ab14 <__sinit+0x38>)
1000aaee:	681b      	ldr	r3, [r3, #0]
1000aaf0:	6362      	str	r2, [r4, #52]	@ 0x34
1000aaf2:	b123      	cbz	r3, 1000aafe <__sinit+0x22>
1000aaf4:	4805      	ldr	r0, [pc, #20]	@ (1000ab0c <__sinit+0x30>)
1000aaf6:	e8bd 4010 	ldmia.w	sp!, {r4, lr}
1000aafa:	f7fc bc85 	b.w	10007408 <__retarget_lock_release_recursive>
1000aafe:	f7ff ff75 	bl	1000a9ec <global_stdio_init.part.0>
1000ab02:	4802      	ldr	r0, [pc, #8]	@ (1000ab0c <__sinit+0x30>)
1000ab04:	e8bd 4010 	ldmia.w	sp!, {r4, lr}
1000ab08:	f7fc bc7e 	b.w	10007408 <__retarget_lock_release_recursive>
1000ab0c:	20001dfc 	.word	0x20001dfc
1000ab10:	20001f6c 	.word	0x20001f6c
1000ab14:	1000a9ad 	.word	0x1000a9ad

1000ab18 <__sfp_lock_acquire>:
1000ab18:	4801      	ldr	r0, [pc, #4]	@ (1000ab20 <__sfp_lock_acquire+0x8>)
1000ab1a:	f7fc bc73 	b.w	10007404 <__retarget_lock_acquire_recursive>
1000ab1e:	bf00      	nop
1000ab20:	20001dfc 	.word	0x20001dfc

1000ab24 <__sfp_lock_release>:
1000ab24:	4801      	ldr	r0, [pc, #4]	@ (1000ab2c <__sfp_lock_release+0x8>)
1000ab26:	f7fc bc6f 	b.w	10007408 <__retarget_lock_release_recursive>
1000ab2a:	bf00      	nop
1000ab2c:	20001dfc 	.word	0x20001dfc

1000ab30 <__submore>:
1000ab30:	e92d 41f0 	stmdb	sp!, {r4, r5, r6, r7, r8, lr}
1000ab34:	460c      	mov	r4, r1
1000ab36:	6b09      	ldr	r1, [r1, #48]	@ 0x30
1000ab38:	f104 0340 	add.w	r3, r4, #64	@ 0x40
1000ab3c:	4299      	cmp	r1, r3
1000ab3e:	d014      	beq.n	1000ab6a <__submore+0x3a>
1000ab40:	6b66      	ldr	r6, [r4, #52]	@ 0x34
1000ab42:	0077      	lsls	r7, r6, #1
1000ab44:	463a      	mov	r2, r7
1000ab46:	f7fc f8bb 	bl	10006cc0 <_realloc_r>
1000ab4a:	4605      	mov	r5, r0
1000ab4c:	b330      	cbz	r0, 1000ab9c <__submore+0x6c>
1000ab4e:	eb00 0806 	add.w	r8, r0, r6
1000ab52:	4601      	mov	r1, r0
1000ab54:	4632      	mov	r2, r6
1000ab56:	4640      	mov	r0, r8
1000ab58:	f7fc fc58 	bl	1000740c <memcpy>
1000ab5c:	f8c4 8000 	str.w	r8, [r4]
1000ab60:	e9c4 570c 	strd	r5, r7, [r4, #48]	@ 0x30
1000ab64:	2000      	movs	r0, #0
1000ab66:	e8bd 81f0 	ldmia.w	sp!, {r4, r5, r6, r7, r8, pc}
1000ab6a:	f44f 6180 	mov.w	r1, #1024	@ 0x400
1000ab6e:	f7fb fdd7 	bl	10006720 <_malloc_r>
1000ab72:	b198      	cbz	r0, 1000ab9c <__submore+0x6c>
1000ab74:	f894 2042 	ldrb.w	r2, [r4, #66]	@ 0x42
1000ab78:	f44f 6180 	mov.w	r1, #1024	@ 0x400
1000ab7c:	6320      	str	r0, [r4, #48]	@ 0x30
1000ab7e:	f200 33fd 	addw	r3, r0, #1021	@ 0x3fd
1000ab82:	6361      	str	r1, [r4, #52]	@ 0x34
1000ab84:	f880 23ff 	strb.w	r2, [r0, #1023]	@ 0x3ff
1000ab88:	f894 2041 	ldrb.w	r2, [r4, #65]	@ 0x41
1000ab8c:	f880 23fe 	strb.w	r2, [r0, #1022]	@ 0x3fe
1000ab90:	f894 2040 	ldrb.w	r2, [r4, #64]	@ 0x40
1000ab94:	f880 23fd 	strb.w	r2, [r0, #1021]	@ 0x3fd
1000ab98:	6023      	str	r3, [r4, #0]
1000ab9a:	e7e3      	b.n	1000ab64 <__submore+0x34>
1000ab9c:	f04f 30ff 	mov.w	r0, #4294967295	@ 0xffffffff
1000aba0:	e7e1      	b.n	1000ab66 <__submore+0x36>
1000aba2:	bf00      	nop

1000aba4 <_ungetc_r>:
1000aba4:	b570      	push	{r4, r5, r6, lr}
1000aba6:	1c4c      	adds	r4, r1, #1
1000aba8:	d03c      	beq.n	1000ac24 <_ungetc_r+0x80>
1000abaa:	460d      	mov	r5, r1
1000abac:	4606      	mov	r6, r0
1000abae:	4614      	mov	r4, r2
1000abb0:	b110      	cbz	r0, 1000abb8 <_ungetc_r+0x14>
1000abb2:	6b43      	ldr	r3, [r0, #52]	@ 0x34
1000abb4:	2b00      	cmp	r3, #0
1000abb6:	d074      	beq.n	1000aca2 <_ungetc_r+0xfe>
1000abb8:	6e62      	ldr	r2, [r4, #100]	@ 0x64
1000abba:	f9b4 300c 	ldrsh.w	r3, [r4, #12]
1000abbe:	07d1      	lsls	r1, r2, #31
1000abc0:	d401      	bmi.n	1000abc6 <_ungetc_r+0x22>
1000abc2:	059a      	lsls	r2, r3, #22
1000abc4:	d550      	bpl.n	1000ac68 <_ungetc_r+0xc4>
1000abc6:	f023 0220 	bic.w	r2, r3, #32
1000abca:	0758      	lsls	r0, r3, #29
1000abcc:	81a2      	strh	r2, [r4, #12]
1000abce:	d406      	bmi.n	1000abde <_ungetc_r+0x3a>
1000abd0:	06d9      	lsls	r1, r3, #27
1000abd2:	d570      	bpl.n	1000acb6 <_ungetc_r+0x112>
1000abd4:	071b      	lsls	r3, r3, #28
1000abd6:	d457      	bmi.n	1000ac88 <_ungetc_r+0xe4>
1000abd8:	f042 0204 	orr.w	r2, r2, #4
1000abdc:	81a2      	strh	r2, [r4, #12]
1000abde:	6b22      	ldr	r2, [r4, #48]	@ 0x30
1000abe0:	b2ed      	uxtb	r5, r5
1000abe2:	6863      	ldr	r3, [r4, #4]
1000abe4:	b30a      	cbz	r2, 1000ac2a <_ungetc_r+0x86>
1000abe6:	6b62      	ldr	r2, [r4, #52]	@ 0x34
1000abe8:	429a      	cmp	r2, r3
1000abea:	dd0f      	ble.n	1000ac0c <_ungetc_r+0x68>
1000abec:	6823      	ldr	r3, [r4, #0]
1000abee:	1e5a      	subs	r2, r3, #1
1000abf0:	6022      	str	r2, [r4, #0]
1000abf2:	f803 5c01 	strb.w	r5, [r3, #-1]
1000abf6:	6863      	ldr	r3, [r4, #4]
1000abf8:	6e62      	ldr	r2, [r4, #100]	@ 0x64
1000abfa:	3301      	adds	r3, #1
1000abfc:	07d2      	lsls	r2, r2, #31
1000abfe:	6063      	str	r3, [r4, #4]
1000ac00:	d402      	bmi.n	1000ac08 <_ungetc_r+0x64>
1000ac02:	89a3      	ldrh	r3, [r4, #12]
1000ac04:	059b      	lsls	r3, r3, #22
1000ac06:	d53a      	bpl.n	1000ac7e <_ungetc_r+0xda>
1000ac08:	4628      	mov	r0, r5
1000ac0a:	bd70      	pop	{r4, r5, r6, pc}
1000ac0c:	4621      	mov	r1, r4
1000ac0e:	4630      	mov	r0, r6
1000ac10:	f7ff ff8e 	bl	1000ab30 <__submore>
1000ac14:	2800      	cmp	r0, #0
1000ac16:	d0e9      	beq.n	1000abec <_ungetc_r+0x48>
1000ac18:	6e63      	ldr	r3, [r4, #100]	@ 0x64
1000ac1a:	07d8      	lsls	r0, r3, #31
1000ac1c:	d402      	bmi.n	1000ac24 <_ungetc_r+0x80>
1000ac1e:	89a3      	ldrh	r3, [r4, #12]
1000ac20:	0599      	lsls	r1, r3, #22
1000ac22:	d54c      	bpl.n	1000acbe <_ungetc_r+0x11a>
1000ac24:	f04f 35ff 	mov.w	r5, #4294967295	@ 0xffffffff
1000ac28:	e7ee      	b.n	1000ac08 <_ungetc_r+0x64>
1000ac2a:	6e62      	ldr	r2, [r4, #100]	@ 0x64
1000ac2c:	6920      	ldr	r0, [r4, #16]
1000ac2e:	6821      	ldr	r1, [r4, #0]
1000ac30:	f002 0201 	and.w	r2, r2, #1
1000ac34:	b128      	cbz	r0, 1000ac42 <_ungetc_r+0x9e>
1000ac36:	4288      	cmp	r0, r1
1000ac38:	d203      	bcs.n	1000ac42 <_ungetc_r+0x9e>
1000ac3a:	f811 0c01 	ldrb.w	r0, [r1, #-1]
1000ac3e:	42a8      	cmp	r0, r5
1000ac40:	d032      	beq.n	1000aca8 <_ungetc_r+0x104>
1000ac42:	63a1      	str	r1, [r4, #56]	@ 0x38
1000ac44:	2103      	movs	r1, #3
1000ac46:	63e3      	str	r3, [r4, #60]	@ 0x3c
1000ac48:	f104 0040 	add.w	r0, r4, #64	@ 0x40
1000ac4c:	4623      	mov	r3, r4
1000ac4e:	6361      	str	r1, [r4, #52]	@ 0x34
1000ac50:	2101      	movs	r1, #1
1000ac52:	6320      	str	r0, [r4, #48]	@ 0x30
1000ac54:	f803 5f42 	strb.w	r5, [r3, #66]!
1000ac58:	e9c4 3100 	strd	r3, r1, [r4]
1000ac5c:	2a00      	cmp	r2, #0
1000ac5e:	d1d3      	bne.n	1000ac08 <_ungetc_r+0x64>
1000ac60:	89a3      	ldrh	r3, [r4, #12]
1000ac62:	059b      	lsls	r3, r3, #22
1000ac64:	d4d0      	bmi.n	1000ac08 <_ungetc_r+0x64>
1000ac66:	e00a      	b.n	1000ac7e <_ungetc_r+0xda>
1000ac68:	6da0      	ldr	r0, [r4, #88]	@ 0x58
1000ac6a:	f7fc fbcb 	bl	10007404 <__retarget_lock_acquire_recursive>
1000ac6e:	f9b4 300c 	ldrsh.w	r3, [r4, #12]
1000ac72:	f023 0220 	bic.w	r2, r3, #32
1000ac76:	0758      	lsls	r0, r3, #29
1000ac78:	81a2      	strh	r2, [r4, #12]
1000ac7a:	d4b0      	bmi.n	1000abde <_ungetc_r+0x3a>
1000ac7c:	e7a8      	b.n	1000abd0 <_ungetc_r+0x2c>
1000ac7e:	6da0      	ldr	r0, [r4, #88]	@ 0x58
1000ac80:	f7fc fbc2 	bl	10007408 <__retarget_lock_release_recursive>
1000ac84:	4628      	mov	r0, r5
1000ac86:	bd70      	pop	{r4, r5, r6, pc}
1000ac88:	4621      	mov	r1, r4
1000ac8a:	4630      	mov	r0, r6
1000ac8c:	f7ff fe0e 	bl	1000a8ac <_fflush_r>
1000ac90:	2800      	cmp	r0, #0
1000ac92:	d1c1      	bne.n	1000ac18 <_ungetc_r+0x74>
1000ac94:	f9b4 200c 	ldrsh.w	r2, [r4, #12]
1000ac98:	60a0      	str	r0, [r4, #8]
1000ac9a:	f022 0208 	bic.w	r2, r2, #8
1000ac9e:	61a0      	str	r0, [r4, #24]
1000aca0:	e79a      	b.n	1000abd8 <_ungetc_r+0x34>
1000aca2:	f7ff ff1b 	bl	1000aadc <__sinit>
1000aca6:	e787      	b.n	1000abb8 <_ungetc_r+0x14>
1000aca8:	3901      	subs	r1, #1
1000acaa:	3301      	adds	r3, #1
1000acac:	e9c4 1300 	strd	r1, r3, [r4]
1000acb0:	2a00      	cmp	r2, #0
1000acb2:	d1a9      	bne.n	1000ac08 <_ungetc_r+0x64>
1000acb4:	e7a5      	b.n	1000ac02 <_ungetc_r+0x5e>
1000acb6:	6e62      	ldr	r2, [r4, #100]	@ 0x64
1000acb8:	07d2      	lsls	r2, r2, #31
1000acba:	d4b3      	bmi.n	1000ac24 <_ungetc_r+0x80>
1000acbc:	e7b0      	b.n	1000ac20 <_ungetc_r+0x7c>
1000acbe:	6da0      	ldr	r0, [r4, #88]	@ 0x58
1000acc0:	f7fc fba2 	bl	10007408 <__retarget_lock_release_recursive>
1000acc4:	e7ae      	b.n	1000ac24 <_ungetc_r+0x80>
1000acc6:	bf00      	nop

1000acc8 <_fread_r>:
1000acc8:	e92d 4ff0 	stmdb	sp!, {r4, r5, r6, r7, r8, r9, sl, fp, lr}
1000accc:	4699      	mov	r9, r3
1000acce:	b085      	sub	sp, #20
1000acd0:	fb02 f303 	mul.w	r3, r2, r3
1000acd4:	9c0e      	ldr	r4, [sp, #56]	@ 0x38
1000acd6:	9301      	str	r3, [sp, #4]
1000acd8:	2b00      	cmp	r3, #0
1000acda:	d04d      	beq.n	1000ad78 <_fread_r+0xb0>
1000acdc:	4693      	mov	fp, r2
1000acde:	4606      	mov	r6, r0
1000ace0:	460d      	mov	r5, r1
1000ace2:	b110      	cbz	r0, 1000acea <_fread_r+0x22>
1000ace4:	6b43      	ldr	r3, [r0, #52]	@ 0x34
1000ace6:	2b00      	cmp	r3, #0
1000ace8:	d061      	beq.n	1000adae <_fread_r+0xe6>
1000acea:	6e63      	ldr	r3, [r4, #100]	@ 0x64
1000acec:	f9b4 200c 	ldrsh.w	r2, [r4, #12]
1000acf0:	f013 0101 	ands.w	r1, r3, #1
1000acf4:	d144      	bne.n	1000ad80 <_fread_r+0xb8>
1000acf6:	f412 7700 	ands.w	r7, r2, #512	@ 0x200
1000acfa:	d048      	beq.n	1000ad8e <_fread_r+0xc6>
1000acfc:	0490      	lsls	r0, r2, #18
1000acfe:	d452      	bmi.n	1000ada6 <_fread_r+0xde>
1000ad00:	f442 5200 	orr.w	r2, r2, #8192	@ 0x2000
1000ad04:	f423 5300 	bic.w	r3, r3, #8192	@ 0x2000
1000ad08:	81a2      	strh	r2, [r4, #12]
1000ad0a:	6663      	str	r3, [r4, #100]	@ 0x64
1000ad0c:	f8d4 a004 	ldr.w	sl, [r4, #4]
1000ad10:	f1ba 0f00 	cmp.w	sl, #0
1000ad14:	db4e      	blt.n	1000adb4 <_fread_r+0xec>
1000ad16:	89a2      	ldrh	r2, [r4, #12]
1000ad18:	4653      	mov	r3, sl
1000ad1a:	9f01      	ldr	r7, [sp, #4]
1000ad1c:	0792      	lsls	r2, r2, #30
1000ad1e:	d450      	bmi.n	1000adc2 <_fread_r+0xfa>
1000ad20:	46b0      	mov	r8, r6
1000ad22:	4656      	mov	r6, sl
1000ad24:	e00f      	b.n	1000ad46 <_fread_r+0x7e>
1000ad26:	f7fc fb71 	bl	1000740c <memcpy>
1000ad2a:	6823      	ldr	r3, [r4, #0]
1000ad2c:	4621      	mov	r1, r4
1000ad2e:	4640      	mov	r0, r8
1000ad30:	4433      	add	r3, r6
1000ad32:	4435      	add	r5, r6
1000ad34:	eba7 0a06 	sub.w	sl, r7, r6
1000ad38:	6023      	str	r3, [r4, #0]
1000ad3a:	f7ff fc51 	bl	1000a5e0 <__srefill_r>
1000ad3e:	2800      	cmp	r0, #0
1000ad40:	d17b      	bne.n	1000ae3a <_fread_r+0x172>
1000ad42:	6866      	ldr	r6, [r4, #4]
1000ad44:	4657      	mov	r7, sl
1000ad46:	42be      	cmp	r6, r7
1000ad48:	4632      	mov	r2, r6
1000ad4a:	4628      	mov	r0, r5
1000ad4c:	6821      	ldr	r1, [r4, #0]
1000ad4e:	d3ea      	bcc.n	1000ad26 <_fread_r+0x5e>
1000ad50:	463a      	mov	r2, r7
1000ad52:	f7fc fb5b 	bl	1000740c <memcpy>
1000ad56:	f8cd 9004 	str.w	r9, [sp, #4]
1000ad5a:	e9d4 3200 	ldrd	r3, r2, [r4]
1000ad5e:	1bd2      	subs	r2, r2, r7
1000ad60:	441f      	add	r7, r3
1000ad62:	6e63      	ldr	r3, [r4, #100]	@ 0x64
1000ad64:	e9c4 7200 	strd	r7, r2, [r4]
1000ad68:	07da      	lsls	r2, r3, #31
1000ad6a:	d405      	bmi.n	1000ad78 <_fread_r+0xb0>
1000ad6c:	89a3      	ldrh	r3, [r4, #12]
1000ad6e:	059b      	lsls	r3, r3, #22
1000ad70:	d402      	bmi.n	1000ad78 <_fread_r+0xb0>
1000ad72:	6da0      	ldr	r0, [r4, #88]	@ 0x58
1000ad74:	f7fc fb48 	bl	10007408 <__retarget_lock_release_recursive>
1000ad78:	9801      	ldr	r0, [sp, #4]
1000ad7a:	b005      	add	sp, #20
1000ad7c:	e8bd 8ff0 	ldmia.w	sp!, {r4, r5, r6, r7, r8, r9, sl, fp, pc}
1000ad80:	0491      	lsls	r1, r2, #18
1000ad82:	d5bd      	bpl.n	1000ad00 <_fread_r+0x38>
1000ad84:	049f      	lsls	r7, r3, #18
1000ad86:	d5c1      	bpl.n	1000ad0c <_fread_r+0x44>
1000ad88:	2300      	movs	r3, #0
1000ad8a:	9301      	str	r3, [sp, #4]
1000ad8c:	e7f4      	b.n	1000ad78 <_fread_r+0xb0>
1000ad8e:	6da0      	ldr	r0, [r4, #88]	@ 0x58
1000ad90:	f7fc fb38 	bl	10007404 <__retarget_lock_acquire_recursive>
1000ad94:	f9b4 200c 	ldrsh.w	r2, [r4, #12]
1000ad98:	6e63      	ldr	r3, [r4, #100]	@ 0x64
1000ad9a:	0490      	lsls	r0, r2, #18
1000ad9c:	d5b0      	bpl.n	1000ad00 <_fread_r+0x38>
1000ad9e:	0499      	lsls	r1, r3, #18
1000ada0:	d5b4      	bpl.n	1000ad0c <_fread_r+0x44>
1000ada2:	9701      	str	r7, [sp, #4]
1000ada4:	e7e0      	b.n	1000ad68 <_fread_r+0xa0>
1000ada6:	049f      	lsls	r7, r3, #18
1000ada8:	d5b0      	bpl.n	1000ad0c <_fread_r+0x44>
1000adaa:	9101      	str	r1, [sp, #4]
1000adac:	e7de      	b.n	1000ad6c <_fread_r+0xa4>
1000adae:	f7ff fe95 	bl	1000aadc <__sinit>
1000adb2:	e79a      	b.n	1000acea <_fread_r+0x22>
1000adb4:	89a2      	ldrh	r2, [r4, #12]
1000adb6:	2300      	movs	r3, #0
1000adb8:	9f01      	ldr	r7, [sp, #4]
1000adba:	0792      	lsls	r2, r2, #30
1000adbc:	469a      	mov	sl, r3
1000adbe:	6063      	str	r3, [r4, #4]
1000adc0:	d5ae      	bpl.n	1000ad20 <_fread_r+0x58>
1000adc2:	429f      	cmp	r7, r3
1000adc4:	463a      	mov	r2, r7
1000adc6:	6821      	ldr	r1, [r4, #0]
1000adc8:	4628      	mov	r0, r5
1000adca:	bf28      	it	cs
1000adcc:	461a      	movcs	r2, r3
1000adce:	4690      	mov	r8, r2
1000add0:	f7fc fb1c 	bl	1000740c <memcpy>
1000add4:	6823      	ldr	r3, [r4, #0]
1000add6:	6b21      	ldr	r1, [r4, #48]	@ 0x30
1000add8:	eba7 0708 	sub.w	r7, r7, r8
1000addc:	4443      	add	r3, r8
1000adde:	6023      	str	r3, [r4, #0]
1000ade0:	6863      	ldr	r3, [r4, #4]
1000ade2:	eba3 0308 	sub.w	r3, r3, r8
1000ade6:	6063      	str	r3, [r4, #4]
1000ade8:	b151      	cbz	r1, 1000ae00 <_fread_r+0x138>
1000adea:	2f00      	cmp	r7, #0
1000adec:	d038      	beq.n	1000ae60 <_fread_r+0x198>
1000adee:	f104 0340 	add.w	r3, r4, #64	@ 0x40
1000adf2:	4299      	cmp	r1, r3
1000adf4:	d002      	beq.n	1000adfc <_fread_r+0x134>
1000adf6:	4630      	mov	r0, r6
1000adf8:	f7fc fc08 	bl	1000760c <_free_r>
1000adfc:	2300      	movs	r3, #0
1000adfe:	6323      	str	r3, [r4, #48]	@ 0x30
1000ae00:	4445      	add	r5, r8
1000ae02:	f04f 0a00 	mov.w	sl, #0
1000ae06:	e9cd b902 	strd	fp, r9, [sp, #8]
1000ae0a:	b33f      	cbz	r7, 1000ae5c <_fread_r+0x194>
1000ae0c:	f8d4 b010 	ldr.w	fp, [r4, #16]
1000ae10:	4621      	mov	r1, r4
1000ae12:	f8d4 8000 	ldr.w	r8, [r4]
1000ae16:	4630      	mov	r0, r6
1000ae18:	f8d4 9014 	ldr.w	r9, [r4, #20]
1000ae1c:	6025      	str	r5, [r4, #0]
1000ae1e:	e9c4 5704 	strd	r5, r7, [r4, #16]
1000ae22:	f7ff fbdd 	bl	1000a5e0 <__srefill_r>
1000ae26:	6863      	ldr	r3, [r4, #4]
1000ae28:	e9c4 b904 	strd	fp, r9, [r4, #16]
1000ae2c:	441d      	add	r5, r3
1000ae2e:	1afa      	subs	r2, r7, r3
1000ae30:	e9c4 8a00 	strd	r8, sl, [r4]
1000ae34:	b9c0      	cbnz	r0, 1000ae68 <_fread_r+0x1a0>
1000ae36:	4617      	mov	r7, r2
1000ae38:	e7e7      	b.n	1000ae0a <_fread_r+0x142>
1000ae3a:	6e62      	ldr	r2, [r4, #100]	@ 0x64
1000ae3c:	46b2      	mov	sl, r6
1000ae3e:	07d0      	lsls	r0, r2, #31
1000ae40:	d402      	bmi.n	1000ae48 <_fread_r+0x180>
1000ae42:	89a2      	ldrh	r2, [r4, #12]
1000ae44:	0591      	lsls	r1, r2, #22
1000ae46:	d523      	bpl.n	1000ae90 <_fread_r+0x1c8>
1000ae48:	9b01      	ldr	r3, [sp, #4]
1000ae4a:	4453      	add	r3, sl
1000ae4c:	1bdb      	subs	r3, r3, r7
1000ae4e:	fbb3 f3fb 	udiv	r3, r3, fp
1000ae52:	9301      	str	r3, [sp, #4]
1000ae54:	9801      	ldr	r0, [sp, #4]
1000ae56:	b005      	add	sp, #20
1000ae58:	e8bd 8ff0 	ldmia.w	sp!, {r4, r5, r6, r7, r8, r9, sl, fp, pc}
1000ae5c:	f8dd 900c 	ldr.w	r9, [sp, #12]
1000ae60:	6e63      	ldr	r3, [r4, #100]	@ 0x64
1000ae62:	f8cd 9004 	str.w	r9, [sp, #4]
1000ae66:	e77f      	b.n	1000ad68 <_fread_r+0xa0>
1000ae68:	6e62      	ldr	r2, [r4, #100]	@ 0x64
1000ae6a:	f8dd b008 	ldr.w	fp, [sp, #8]
1000ae6e:	07d6      	lsls	r6, r2, #31
1000ae70:	d407      	bmi.n	1000ae82 <_fread_r+0x1ba>
1000ae72:	89a2      	ldrh	r2, [r4, #12]
1000ae74:	0595      	lsls	r5, r2, #22
1000ae76:	d404      	bmi.n	1000ae82 <_fread_r+0x1ba>
1000ae78:	6da0      	ldr	r0, [r4, #88]	@ 0x58
1000ae7a:	9302      	str	r3, [sp, #8]
1000ae7c:	f7fc fac4 	bl	10007408 <__retarget_lock_release_recursive>
1000ae80:	9b02      	ldr	r3, [sp, #8]
1000ae82:	9a01      	ldr	r2, [sp, #4]
1000ae84:	4413      	add	r3, r2
1000ae86:	1bdb      	subs	r3, r3, r7
1000ae88:	fbb3 f3fb 	udiv	r3, r3, fp
1000ae8c:	9301      	str	r3, [sp, #4]
1000ae8e:	e773      	b.n	1000ad78 <_fread_r+0xb0>
1000ae90:	6da0      	ldr	r0, [r4, #88]	@ 0x58
1000ae92:	f7fc fab9 	bl	10007408 <__retarget_lock_release_recursive>
1000ae96:	e7d7      	b.n	1000ae48 <_fread_r+0x180>

1000ae98 <strncmp>:
1000ae98:	b382      	cbz	r2, 1000aefc <strncmp+0x64>
1000ae9a:	460b      	mov	r3, r1
1000ae9c:	b530      	push	{r4, r5, lr}
1000ae9e:	ea40 0401 	orr.w	r4, r0, r1
1000aea2:	4686      	mov	lr, r0
1000aea4:	07a4      	lsls	r4, r4, #30
1000aea6:	d117      	bne.n	1000aed8 <strncmp+0x40>
1000aea8:	2a03      	cmp	r2, #3
1000aeaa:	d807      	bhi.n	1000aebc <strncmp+0x24>
1000aeac:	e014      	b.n	1000aed8 <strncmp+0x40>
1000aeae:	3a04      	subs	r2, #4
1000aeb0:	d022      	beq.n	1000aef8 <strncmp+0x60>
1000aeb2:	f01c 3f80 	tst.w	ip, #2155905152	@ 0x80808080
1000aeb6:	d11f      	bne.n	1000aef8 <strncmp+0x60>
1000aeb8:	2a03      	cmp	r2, #3
1000aeba:	d923      	bls.n	1000af04 <strncmp+0x6c>
1000aebc:	f8de 4000 	ldr.w	r4, [lr]
1000aec0:	4619      	mov	r1, r3
1000aec2:	f853 5b04 	ldr.w	r5, [r3], #4
1000aec6:	4670      	mov	r0, lr
1000aec8:	f1a4 3c01 	sub.w	ip, r4, #16843009	@ 0x1010101
1000aecc:	f10e 0e04 	add.w	lr, lr, #4
1000aed0:	42ac      	cmp	r4, r5
1000aed2:	ea2c 0c04 	bic.w	ip, ip, r4
1000aed6:	d0ea      	beq.n	1000aeae <strncmp+0x16>
1000aed8:	7803      	ldrb	r3, [r0, #0]
1000aeda:	3a01      	subs	r2, #1
1000aedc:	780c      	ldrb	r4, [r1, #0]
1000aede:	42a3      	cmp	r3, r4
1000aee0:	d10e      	bne.n	1000af00 <strncmp+0x68>
1000aee2:	4402      	add	r2, r0
1000aee4:	e006      	b.n	1000aef4 <strncmp+0x5c>
1000aee6:	b13b      	cbz	r3, 1000aef8 <strncmp+0x60>
1000aee8:	f810 3f01 	ldrb.w	r3, [r0, #1]!
1000aeec:	f811 4f01 	ldrb.w	r4, [r1, #1]!
1000aef0:	42a3      	cmp	r3, r4
1000aef2:	d105      	bne.n	1000af00 <strncmp+0x68>
1000aef4:	4290      	cmp	r0, r2
1000aef6:	d1f6      	bne.n	1000aee6 <strncmp+0x4e>
1000aef8:	2000      	movs	r0, #0
1000aefa:	bd30      	pop	{r4, r5, pc}
1000aefc:	4610      	mov	r0, r2
1000aefe:	4770      	bx	lr
1000af00:	1b18      	subs	r0, r3, r4
1000af02:	bd30      	pop	{r4, r5, pc}
1000af04:	4670      	mov	r0, lr
1000af06:	4619      	mov	r1, r3
1000af08:	e7e6      	b.n	1000aed8 <strncmp+0x40>
1000af0a:	bf00      	nop

1000af0c <stpncpy>:
1000af0c:	ea40 0301 	orr.w	r3, r0, r1
1000af10:	079b      	lsls	r3, r3, #30
1000af12:	b430      	push	{r4, r5}
1000af14:	4604      	mov	r4, r0
1000af16:	d101      	bne.n	1000af1c <stpncpy+0x10>
1000af18:	2a03      	cmp	r2, #3
1000af1a:	d81b      	bhi.n	1000af54 <stpncpy+0x48>
1000af1c:	3901      	subs	r1, #1
1000af1e:	e007      	b.n	1000af30 <stpncpy+0x24>
1000af20:	f811 3f01 	ldrb.w	r3, [r1, #1]!
1000af24:	1e55      	subs	r5, r2, #1
1000af26:	f800 3b01 	strb.w	r3, [r0], #1
1000af2a:	b13b      	cbz	r3, 1000af3c <stpncpy+0x30>
1000af2c:	462a      	mov	r2, r5
1000af2e:	4604      	mov	r4, r0
1000af30:	4620      	mov	r0, r4
1000af32:	2a00      	cmp	r2, #0
1000af34:	d1f4      	bne.n	1000af20 <stpncpy+0x14>
1000af36:	4620      	mov	r0, r4
1000af38:	bc30      	pop	{r4, r5}
1000af3a:	4770      	bx	lr
1000af3c:	b135      	cbz	r5, 1000af4c <stpncpy+0x40>
1000af3e:	4422      	add	r2, r4
1000af40:	4601      	mov	r1, r0
1000af42:	f801 3b01 	strb.w	r3, [r1], #1
1000af46:	4291      	cmp	r1, r2
1000af48:	d1fb      	bne.n	1000af42 <stpncpy+0x36>
1000af4a:	4428      	add	r0, r5
1000af4c:	2c00      	cmp	r4, #0
1000af4e:	d1f2      	bne.n	1000af36 <stpncpy+0x2a>
1000af50:	bc30      	pop	{r4, r5}
1000af52:	4770      	bx	lr
1000af54:	460d      	mov	r5, r1
1000af56:	6828      	ldr	r0, [r5, #0]
1000af58:	4629      	mov	r1, r5
1000af5a:	3504      	adds	r5, #4
1000af5c:	f1a0 3301 	sub.w	r3, r0, #16843009	@ 0x1010101
1000af60:	ea23 0300 	bic.w	r3, r3, r0
1000af64:	f013 3f80 	tst.w	r3, #2155905152	@ 0x80808080
1000af68:	d1d8      	bne.n	1000af1c <stpncpy+0x10>
1000af6a:	3a04      	subs	r2, #4
1000af6c:	f844 0b04 	str.w	r0, [r4], #4
1000af70:	2a03      	cmp	r2, #3
1000af72:	d8f0      	bhi.n	1000af56 <stpncpy+0x4a>
1000af74:	4629      	mov	r1, r5
1000af76:	e7d1      	b.n	1000af1c <stpncpy+0x10>

1000af78 <__locale_mb_cur_max>:
1000af78:	4b01      	ldr	r3, [pc, #4]	@ (1000af80 <__locale_mb_cur_max+0x8>)
1000af7a:	f893 0128 	ldrb.w	r0, [r3, #296]	@ 0x128
1000af7e:	4770      	bx	lr
1000af80:	20001afc 	.word	0x20001afc

1000af84 <_localeconv_r>:
1000af84:	4800      	ldr	r0, [pc, #0]	@ (1000af88 <_localeconv_r+0x4>)
1000af86:	4770      	bx	lr
1000af88:	20001bec 	.word	0x20001bec

1000af8c <_close_r>:
1000af8c:	b538      	push	{r3, r4, r5, lr}
1000af8e:	2200      	movs	r2, #0
1000af90:	4d06      	ldr	r5, [pc, #24]	@ (1000afac <_close_r+0x20>)
1000af92:	4604      	mov	r4, r0
1000af94:	4608      	mov	r0, r1
1000af96:	602a      	str	r2, [r5, #0]
1000af98:	f7f8 fd7e 	bl	10003a98 <_close>
1000af9c:	1c43      	adds	r3, r0, #1
1000af9e:	d000      	beq.n	1000afa2 <_close_r+0x16>
1000afa0:	bd38      	pop	{r3, r4, r5, pc}
1000afa2:	682b      	ldr	r3, [r5, #0]
1000afa4:	2b00      	cmp	r3, #0
1000afa6:	d0fb      	beq.n	1000afa0 <_close_r+0x14>
1000afa8:	6023      	str	r3, [r4, #0]
1000afaa:	bd38      	pop	{r3, r4, r5, pc}
1000afac:	20002598 	.word	0x20002598

1000afb0 <_lseek_r>:
1000afb0:	b538      	push	{r3, r4, r5, lr}
1000afb2:	460c      	mov	r4, r1
1000afb4:	4684      	mov	ip, r0
1000afb6:	4611      	mov	r1, r2
1000afb8:	4d07      	ldr	r5, [pc, #28]	@ (1000afd8 <_lseek_r+0x28>)
1000afba:	461a      	mov	r2, r3
1000afbc:	2300      	movs	r3, #0
1000afbe:	4620      	mov	r0, r4
1000afc0:	4664      	mov	r4, ip
1000afc2:	602b      	str	r3, [r5, #0]
1000afc4:	f7f8 fd6c 	bl	10003aa0 <_lseek>
1000afc8:	1c43      	adds	r3, r0, #1
1000afca:	d000      	beq.n	1000afce <_lseek_r+0x1e>
1000afcc:	bd38      	pop	{r3, r4, r5, pc}
1000afce:	682b      	ldr	r3, [r5, #0]
1000afd0:	2b00      	cmp	r3, #0
1000afd2:	d0fb      	beq.n	1000afcc <_lseek_r+0x1c>
1000afd4:	6023      	str	r3, [r4, #0]
1000afd6:	bd38      	pop	{r3, r4, r5, pc}
1000afd8:	20002598 	.word	0x20002598

1000afdc <_read_r>:
1000afdc:	b538      	push	{r3, r4, r5, lr}
1000afde:	460c      	mov	r4, r1
1000afe0:	4684      	mov	ip, r0
1000afe2:	4611      	mov	r1, r2
1000afe4:	4d07      	ldr	r5, [pc, #28]	@ (1000b004 <_read_r+0x28>)
1000afe6:	461a      	mov	r2, r3
1000afe8:	2300      	movs	r3, #0
1000afea:	4620      	mov	r0, r4
1000afec:	4664      	mov	r4, ip
1000afee:	602b      	str	r3, [r5, #0]
1000aff0:	f7f8 fd34 	bl	10003a5c <_read>
1000aff4:	1c43      	adds	r3, r0, #1
1000aff6:	d000      	beq.n	1000affa <_read_r+0x1e>
1000aff8:	bd38      	pop	{r3, r4, r5, pc}
1000affa:	682b      	ldr	r3, [r5, #0]
1000affc:	2b00      	cmp	r3, #0
1000affe:	d0fb      	beq.n	1000aff8 <_read_r+0x1c>
1000b000:	6023      	str	r3, [r4, #0]
1000b002:	bd38      	pop	{r3, r4, r5, pc}
1000b004:	20002598 	.word	0x20002598

1000b008 <_strtoll_l.isra.0>:
1000b008:	e92d 4ff0 	stmdb	sp!, {r4, r5, r6, r7, r8, r9, sl, fp, lr}
1000b00c:	461f      	mov	r7, r3
1000b00e:	b085      	sub	sp, #20
1000b010:	468b      	mov	fp, r1
1000b012:	460d      	mov	r5, r1
1000b014:	4ba8      	ldr	r3, [pc, #672]	@ (1000b2b8 <_strtoll_l.isra.0+0x2b0>)
1000b016:	9003      	str	r0, [sp, #12]
1000b018:	9200      	str	r2, [sp, #0]
1000b01a:	462a      	mov	r2, r5
1000b01c:	f815 4b01 	ldrb.w	r4, [r5], #1
1000b020:	5d1e      	ldrb	r6, [r3, r4]
1000b022:	f016 0608 	ands.w	r6, r6, #8
1000b026:	d1f8      	bne.n	1000b01a <_strtoll_l.isra.0+0x12>
1000b028:	2c2d      	cmp	r4, #45	@ 0x2d
1000b02a:	f027 0910 	bic.w	r9, r7, #16
1000b02e:	f000 8090 	beq.w	1000b152 <_strtoll_l.isra.0+0x14a>
1000b032:	2c2b      	cmp	r4, #43	@ 0x2b
1000b034:	d01a      	beq.n	1000b06c <_strtoll_l.isra.0+0x64>
1000b036:	f1b9 0f00 	cmp.w	r9, #0
1000b03a:	d11d      	bne.n	1000b078 <_strtoll_l.isra.0+0x70>
1000b03c:	2c30      	cmp	r4, #48	@ 0x30
1000b03e:	f000 80e9 	beq.w	1000b214 <_strtoll_l.isra.0+0x20c>
1000b042:	2f00      	cmp	r7, #0
1000b044:	f000 80db 	beq.w	1000b1fe <_strtoll_l.isra.0+0x1f6>
1000b048:	f04f 0810 	mov.w	r8, #16
1000b04c:	46b2      	mov	sl, r6
1000b04e:	f06f 4c78 	mvn.w	ip, #4160749568	@ 0xf8000000
1000b052:	f04f 36ff 	mov.w	r6, #4294967295	@ 0xffffffff
1000b056:	f04f 090f 	mov.w	r9, #15
1000b05a:	4647      	mov	r7, r8
1000b05c:	2200      	movs	r2, #0
1000b05e:	f04f 33ff 	mov.w	r3, #4294967295	@ 0xffffffff
1000b062:	f06f 4e00 	mvn.w	lr, #2147483648	@ 0x80000000
1000b066:	e9cd 2301 	strd	r2, r3, [sp, #4]
1000b06a:	e021      	b.n	1000b0b0 <_strtoll_l.isra.0+0xa8>
1000b06c:	782c      	ldrb	r4, [r5, #0]
1000b06e:	1c95      	adds	r5, r2, #2
1000b070:	f1b9 0f00 	cmp.w	r9, #0
1000b074:	f000 80a1 	beq.w	1000b1ba <_strtoll_l.isra.0+0x1b2>
1000b078:	ea4f 7ae7 	mov.w	sl, r7, asr #31
1000b07c:	463a      	mov	r2, r7
1000b07e:	f04f 30ff 	mov.w	r0, #4294967295	@ 0xffffffff
1000b082:	f06f 4100 	mvn.w	r1, #2147483648	@ 0x80000000
1000b086:	4653      	mov	r3, sl
1000b088:	46b8      	mov	r8, r7
1000b08a:	f001 fe2d 	bl	1000cce8 <____aeabi_uldivmod_veneer>
1000b08e:	4653      	mov	r3, sl
1000b090:	4691      	mov	r9, r2
1000b092:	f04f 30ff 	mov.w	r0, #4294967295	@ 0xffffffff
1000b096:	463a      	mov	r2, r7
1000b098:	f06f 4100 	mvn.w	r1, #2147483648	@ 0x80000000
1000b09c:	f001 fe24 	bl	1000cce8 <____aeabi_uldivmod_veneer>
1000b0a0:	f04f 33ff 	mov.w	r3, #4294967295	@ 0xffffffff
1000b0a4:	9601      	str	r6, [sp, #4]
1000b0a6:	468c      	mov	ip, r1
1000b0a8:	4606      	mov	r6, r0
1000b0aa:	f06f 4e00 	mvn.w	lr, #2147483648	@ 0x80000000
1000b0ae:	9302      	str	r3, [sp, #8]
1000b0b0:	2200      	movs	r2, #0
1000b0b2:	4610      	mov	r0, r2
1000b0b4:	4611      	mov	r1, r2
1000b0b6:	e013      	b.n	1000b0e0 <_strtoll_l.isra.0+0xd8>
1000b0b8:	f1a4 0337 	sub.w	r3, r4, #55	@ 0x37
1000b0bc:	42bb      	cmp	r3, r7
1000b0be:	da1f      	bge.n	1000b100 <_strtoll_l.isra.0+0xf8>
1000b0c0:	3201      	adds	r2, #1
1000b0c2:	d009      	beq.n	1000b0d8 <_strtoll_l.isra.0+0xd0>
1000b0c4:	4286      	cmp	r6, r0
1000b0c6:	eb7c 0201 	sbcs.w	r2, ip, r1
1000b0ca:	d305      	bcc.n	1000b0d8 <_strtoll_l.isra.0+0xd0>
1000b0cc:	4561      	cmp	r1, ip
1000b0ce:	bf08      	it	eq
1000b0d0:	42b0      	cmpeq	r0, r6
1000b0d2:	d127      	bne.n	1000b124 <_strtoll_l.isra.0+0x11c>
1000b0d4:	454b      	cmp	r3, r9
1000b0d6:	dd25      	ble.n	1000b124 <_strtoll_l.isra.0+0x11c>
1000b0d8:	f04f 32ff 	mov.w	r2, #4294967295	@ 0xffffffff
1000b0dc:	f815 4b01 	ldrb.w	r4, [r5], #1
1000b0e0:	f1a4 0330 	sub.w	r3, r4, #48	@ 0x30
1000b0e4:	2b09      	cmp	r3, #9
1000b0e6:	d9e9      	bls.n	1000b0bc <_strtoll_l.isra.0+0xb4>
1000b0e8:	f1a4 0341 	sub.w	r3, r4, #65	@ 0x41
1000b0ec:	2b19      	cmp	r3, #25
1000b0ee:	d9e3      	bls.n	1000b0b8 <_strtoll_l.isra.0+0xb0>
1000b0f0:	f1a4 0361 	sub.w	r3, r4, #97	@ 0x61
1000b0f4:	2b19      	cmp	r3, #25
1000b0f6:	d803      	bhi.n	1000b100 <_strtoll_l.isra.0+0xf8>
1000b0f8:	f1a4 0357 	sub.w	r3, r4, #87	@ 0x57
1000b0fc:	42bb      	cmp	r3, r7
1000b0fe:	dbdf      	blt.n	1000b0c0 <_strtoll_l.isra.0+0xb8>
1000b100:	1c53      	adds	r3, r2, #1
1000b102:	d01b      	beq.n	1000b13c <_strtoll_l.isra.0+0x134>
1000b104:	9b01      	ldr	r3, [sp, #4]
1000b106:	b113      	cbz	r3, 1000b10e <_strtoll_l.isra.0+0x106>
1000b108:	4240      	negs	r0, r0
1000b10a:	eb61 0141 	sbc.w	r1, r1, r1, lsl #1
1000b10e:	9b00      	ldr	r3, [sp, #0]
1000b110:	b12b      	cbz	r3, 1000b11e <_strtoll_l.isra.0+0x116>
1000b112:	2a00      	cmp	r2, #0
1000b114:	f040 8090 	bne.w	1000b238 <_strtoll_l.isra.0+0x230>
1000b118:	9b00      	ldr	r3, [sp, #0]
1000b11a:	f8c3 b000 	str.w	fp, [r3]
1000b11e:	b005      	add	sp, #20
1000b120:	e8bd 8ff0 	ldmia.w	sp!, {r4, r5, r6, r7, r8, r9, sl, fp, pc}
1000b124:	fb00 f20a 	mul.w	r2, r0, sl
1000b128:	fb08 2201 	mla	r2, r8, r1, r2
1000b12c:	fba0 0108 	umull	r0, r1, r0, r8
1000b130:	440a      	add	r2, r1
1000b132:	1818      	adds	r0, r3, r0
1000b134:	eb42 71e3 	adc.w	r1, r2, r3, asr #31
1000b138:	2201      	movs	r2, #1
1000b13a:	e7cf      	b.n	1000b0dc <_strtoll_l.isra.0+0xd4>
1000b13c:	2322      	movs	r3, #34	@ 0x22
1000b13e:	9a03      	ldr	r2, [sp, #12]
1000b140:	6013      	str	r3, [r2, #0]
1000b142:	9b00      	ldr	r3, [sp, #0]
1000b144:	2b00      	cmp	r3, #0
1000b146:	d07a      	beq.n	1000b23e <_strtoll_l.isra.0+0x236>
1000b148:	f105 3bff 	add.w	fp, r5, #4294967295	@ 0xffffffff
1000b14c:	9802      	ldr	r0, [sp, #8]
1000b14e:	4671      	mov	r1, lr
1000b150:	e7e2      	b.n	1000b118 <_strtoll_l.isra.0+0x110>
1000b152:	782c      	ldrb	r4, [r5, #0]
1000b154:	1c95      	adds	r5, r2, #2
1000b156:	f1b9 0f00 	cmp.w	r9, #0
1000b15a:	d114      	bne.n	1000b186 <_strtoll_l.isra.0+0x17e>
1000b15c:	2c30      	cmp	r4, #48	@ 0x30
1000b15e:	d073      	beq.n	1000b248 <_strtoll_l.isra.0+0x240>
1000b160:	2f00      	cmp	r7, #0
1000b162:	f040 808b 	bne.w	1000b27c <_strtoll_l.isra.0+0x274>
1000b166:	f04f 080a 	mov.w	r8, #10
1000b16a:	2301      	movs	r3, #1
1000b16c:	46ba      	mov	sl, r7
1000b16e:	9602      	str	r6, [sp, #8]
1000b170:	f8df c148 	ldr.w	ip, [pc, #328]	@ 1000b2bc <_strtoll_l.isra.0+0x2b4>
1000b174:	f04f 36cc 	mov.w	r6, #3435973836	@ 0xcccccccc
1000b178:	f04f 0908 	mov.w	r9, #8
1000b17c:	4647      	mov	r7, r8
1000b17e:	f04f 4e00 	mov.w	lr, #2147483648	@ 0x80000000
1000b182:	9301      	str	r3, [sp, #4]
1000b184:	e794      	b.n	1000b0b0 <_strtoll_l.isra.0+0xa8>
1000b186:	ea4f 7ae7 	mov.w	sl, r7, asr #31
1000b18a:	463a      	mov	r2, r7
1000b18c:	2000      	movs	r0, #0
1000b18e:	f04f 4100 	mov.w	r1, #2147483648	@ 0x80000000
1000b192:	4653      	mov	r3, sl
1000b194:	46b8      	mov	r8, r7
1000b196:	f001 fda7 	bl	1000cce8 <____aeabi_uldivmod_veneer>
1000b19a:	4653      	mov	r3, sl
1000b19c:	4691      	mov	r9, r2
1000b19e:	2000      	movs	r0, #0
1000b1a0:	463a      	mov	r2, r7
1000b1a2:	f04f 4100 	mov.w	r1, #2147483648	@ 0x80000000
1000b1a6:	f001 fd9f 	bl	1000cce8 <____aeabi_uldivmod_veneer>
1000b1aa:	2301      	movs	r3, #1
1000b1ac:	9602      	str	r6, [sp, #8]
1000b1ae:	468c      	mov	ip, r1
1000b1b0:	4606      	mov	r6, r0
1000b1b2:	f04f 4e00 	mov.w	lr, #2147483648	@ 0x80000000
1000b1b6:	9301      	str	r3, [sp, #4]
1000b1b8:	e77a      	b.n	1000b0b0 <_strtoll_l.isra.0+0xa8>
1000b1ba:	2c30      	cmp	r4, #48	@ 0x30
1000b1bc:	f47f af41 	bne.w	1000b042 <_strtoll_l.isra.0+0x3a>
1000b1c0:	7893      	ldrb	r3, [r2, #2]
1000b1c2:	f003 03df 	and.w	r3, r3, #223	@ 0xdf
1000b1c6:	2b58      	cmp	r3, #88	@ 0x58
1000b1c8:	d130      	bne.n	1000b22c <_strtoll_l.isra.0+0x224>
1000b1ca:	f04f 0810 	mov.w	r8, #16
1000b1ce:	46ca      	mov	sl, r9
1000b1d0:	78d4      	ldrb	r4, [r2, #3]
1000b1d2:	1d15      	adds	r5, r2, #4
1000b1d4:	4647      	mov	r7, r8
1000b1d6:	4642      	mov	r2, r8
1000b1d8:	4653      	mov	r3, sl
1000b1da:	f04f 30ff 	mov.w	r0, #4294967295	@ 0xffffffff
1000b1de:	f06f 4100 	mvn.w	r1, #2147483648	@ 0x80000000
1000b1e2:	f001 fd81 	bl	1000cce8 <____aeabi_uldivmod_veneer>
1000b1e6:	4653      	mov	r3, sl
1000b1e8:	4691      	mov	r9, r2
1000b1ea:	f04f 30ff 	mov.w	r0, #4294967295	@ 0xffffffff
1000b1ee:	4642      	mov	r2, r8
1000b1f0:	f06f 4100 	mvn.w	r1, #2147483648	@ 0x80000000
1000b1f4:	f001 fd78 	bl	1000cce8 <____aeabi_uldivmod_veneer>
1000b1f8:	4606      	mov	r6, r0
1000b1fa:	468c      	mov	ip, r1
1000b1fc:	e72e      	b.n	1000b05c <_strtoll_l.isra.0+0x54>
1000b1fe:	f04f 080a 	mov.w	r8, #10
1000b202:	46ba      	mov	sl, r7
1000b204:	f04f 36cc 	mov.w	r6, #3435973836	@ 0xcccccccc
1000b208:	f8df c0b0 	ldr.w	ip, [pc, #176]	@ 1000b2bc <_strtoll_l.isra.0+0x2b4>
1000b20c:	f04f 0907 	mov.w	r9, #7
1000b210:	4647      	mov	r7, r8
1000b212:	e723      	b.n	1000b05c <_strtoll_l.isra.0+0x54>
1000b214:	782b      	ldrb	r3, [r5, #0]
1000b216:	f003 03df 	and.w	r3, r3, #223	@ 0xdf
1000b21a:	2b58      	cmp	r3, #88	@ 0x58
1000b21c:	d106      	bne.n	1000b22c <_strtoll_l.isra.0+0x224>
1000b21e:	f04f 0810 	mov.w	r8, #16
1000b222:	786c      	ldrb	r4, [r5, #1]
1000b224:	46ca      	mov	sl, r9
1000b226:	1cd5      	adds	r5, r2, #3
1000b228:	4647      	mov	r7, r8
1000b22a:	e7d4      	b.n	1000b1d6 <_strtoll_l.isra.0+0x1ce>
1000b22c:	bbd7      	cbnz	r7, 1000b2a4 <_strtoll_l.isra.0+0x29c>
1000b22e:	f04f 0808 	mov.w	r8, #8
1000b232:	46ba      	mov	sl, r7
1000b234:	4647      	mov	r7, r8
1000b236:	e7ce      	b.n	1000b1d6 <_strtoll_l.isra.0+0x1ce>
1000b238:	468e      	mov	lr, r1
1000b23a:	9002      	str	r0, [sp, #8]
1000b23c:	e784      	b.n	1000b148 <_strtoll_l.isra.0+0x140>
1000b23e:	9802      	ldr	r0, [sp, #8]
1000b240:	4671      	mov	r1, lr
1000b242:	b005      	add	sp, #20
1000b244:	e8bd 8ff0 	ldmia.w	sp!, {r4, r5, r6, r7, r8, r9, sl, fp, pc}
1000b248:	7893      	ldrb	r3, [r2, #2]
1000b24a:	f003 03df 	and.w	r3, r3, #223	@ 0xdf
1000b24e:	2b58      	cmp	r3, #88	@ 0x58
1000b250:	d021      	beq.n	1000b296 <_strtoll_l.isra.0+0x28e>
1000b252:	b367      	cbz	r7, 1000b2ae <_strtoll_l.isra.0+0x2a6>
1000b254:	f04f 0810 	mov.w	r8, #16
1000b258:	46ca      	mov	sl, r9
1000b25a:	4647      	mov	r7, r8
1000b25c:	4653      	mov	r3, sl
1000b25e:	4642      	mov	r2, r8
1000b260:	2000      	movs	r0, #0
1000b262:	f04f 4100 	mov.w	r1, #2147483648	@ 0x80000000
1000b266:	f001 fd3f 	bl	1000cce8 <____aeabi_uldivmod_veneer>
1000b26a:	2300      	movs	r3, #0
1000b26c:	468c      	mov	ip, r1
1000b26e:	2101      	movs	r1, #1
1000b270:	4606      	mov	r6, r0
1000b272:	f04f 4e00 	mov.w	lr, #2147483648	@ 0x80000000
1000b276:	e9cd 1301 	strd	r1, r3, [sp, #4]
1000b27a:	e719      	b.n	1000b0b0 <_strtoll_l.isra.0+0xa8>
1000b27c:	f04f 0810 	mov.w	r8, #16
1000b280:	2301      	movs	r3, #1
1000b282:	464e      	mov	r6, r9
1000b284:	f04f 6c00 	mov.w	ip, #134217728	@ 0x8000000
1000b288:	46ca      	mov	sl, r9
1000b28a:	4647      	mov	r7, r8
1000b28c:	f04f 4e00 	mov.w	lr, #2147483648	@ 0x80000000
1000b290:	e9cd 3901 	strd	r3, r9, [sp, #4]
1000b294:	e70c      	b.n	1000b0b0 <_strtoll_l.isra.0+0xa8>
1000b296:	f04f 0810 	mov.w	r8, #16
1000b29a:	78d4      	ldrb	r4, [r2, #3]
1000b29c:	1d15      	adds	r5, r2, #4
1000b29e:	46ca      	mov	sl, r9
1000b2a0:	4647      	mov	r7, r8
1000b2a2:	e7db      	b.n	1000b25c <_strtoll_l.isra.0+0x254>
1000b2a4:	f04f 0810 	mov.w	r8, #16
1000b2a8:	46ca      	mov	sl, r9
1000b2aa:	4647      	mov	r7, r8
1000b2ac:	e793      	b.n	1000b1d6 <_strtoll_l.isra.0+0x1ce>
1000b2ae:	f04f 0808 	mov.w	r8, #8
1000b2b2:	46ba      	mov	sl, r7
1000b2b4:	4647      	mov	r7, r8
1000b2b6:	e7d1      	b.n	1000b25c <_strtoll_l.isra.0+0x254>
1000b2b8:	1000d3f9 	.word	0x1000d3f9
1000b2bc:	0ccccccc 	.word	0x0ccccccc

1000b2c0 <_strtoll_r>:
1000b2c0:	f7ff bea2 	b.w	1000b008 <_strtoll_l.isra.0>

1000b2c4 <_strtoull_l.isra.0>:
1000b2c4:	e92d 4ff0 	stmdb	sp!, {r4, r5, r6, r7, r8, r9, sl, fp, lr}
1000b2c8:	b085      	sub	sp, #20
1000b2ca:	468b      	mov	fp, r1
1000b2cc:	461e      	mov	r6, r3
1000b2ce:	460d      	mov	r5, r1
1000b2d0:	9201      	str	r2, [sp, #4]
1000b2d2:	4a5c      	ldr	r2, [pc, #368]	@ (1000b444 <_strtoull_l.isra.0+0x180>)
1000b2d4:	9003      	str	r0, [sp, #12]
1000b2d6:	4629      	mov	r1, r5
1000b2d8:	f815 4b01 	ldrb.w	r4, [r5], #1
1000b2dc:	5d13      	ldrb	r3, [r2, r4]
1000b2de:	f013 0308 	ands.w	r3, r3, #8
1000b2e2:	d1f8      	bne.n	1000b2d6 <_strtoull_l.isra.0+0x12>
1000b2e4:	2c2d      	cmp	r4, #45	@ 0x2d
1000b2e6:	f000 808c 	beq.w	1000b402 <_strtoull_l.isra.0+0x13e>
1000b2ea:	2c2b      	cmp	r4, #43	@ 0x2b
1000b2ec:	d052      	beq.n	1000b394 <_strtoull_l.isra.0+0xd0>
1000b2ee:	9302      	str	r3, [sp, #8]
1000b2f0:	f036 0a10 	bics.w	sl, r6, #16
1000b2f4:	d055      	beq.n	1000b3a2 <_strtoull_l.isra.0+0xde>
1000b2f6:	ea4f 7ae6 	mov.w	sl, r6, asr #31
1000b2fa:	4632      	mov	r2, r6
1000b2fc:	f04f 30ff 	mov.w	r0, #4294967295	@ 0xffffffff
1000b300:	f04f 31ff 	mov.w	r1, #4294967295	@ 0xffffffff
1000b304:	4653      	mov	r3, sl
1000b306:	46b1      	mov	r9, r6
1000b308:	f001 fcee 	bl	1000cce8 <____aeabi_uldivmod_veneer>
1000b30c:	4632      	mov	r2, r6
1000b30e:	4607      	mov	r7, r0
1000b310:	4688      	mov	r8, r1
1000b312:	4653      	mov	r3, sl
1000b314:	f04f 30ff 	mov.w	r0, #4294967295	@ 0xffffffff
1000b318:	f04f 31ff 	mov.w	r1, #4294967295	@ 0xffffffff
1000b31c:	f001 fce4 	bl	1000cce8 <____aeabi_uldivmod_veneer>
1000b320:	4694      	mov	ip, r2
1000b322:	2200      	movs	r2, #0
1000b324:	4610      	mov	r0, r2
1000b326:	4611      	mov	r1, r2
1000b328:	e013      	b.n	1000b352 <_strtoull_l.isra.0+0x8e>
1000b32a:	f1a4 0337 	sub.w	r3, r4, #55	@ 0x37
1000b32e:	429e      	cmp	r6, r3
1000b330:	dd1f      	ble.n	1000b372 <_strtoull_l.isra.0+0xae>
1000b332:	3201      	adds	r2, #1
1000b334:	d009      	beq.n	1000b34a <_strtoull_l.isra.0+0x86>
1000b336:	4287      	cmp	r7, r0
1000b338:	eb78 0201 	sbcs.w	r2, r8, r1
1000b33c:	d305      	bcc.n	1000b34a <_strtoull_l.isra.0+0x86>
1000b33e:	4541      	cmp	r1, r8
1000b340:	bf08      	it	eq
1000b342:	42b8      	cmpeq	r0, r7
1000b344:	d13b      	bne.n	1000b3be <_strtoull_l.isra.0+0xfa>
1000b346:	4563      	cmp	r3, ip
1000b348:	dd39      	ble.n	1000b3be <_strtoull_l.isra.0+0xfa>
1000b34a:	f04f 32ff 	mov.w	r2, #4294967295	@ 0xffffffff
1000b34e:	f815 4b01 	ldrb.w	r4, [r5], #1
1000b352:	f1a4 0330 	sub.w	r3, r4, #48	@ 0x30
1000b356:	2b09      	cmp	r3, #9
1000b358:	d9e9      	bls.n	1000b32e <_strtoull_l.isra.0+0x6a>
1000b35a:	f1a4 0341 	sub.w	r3, r4, #65	@ 0x41
1000b35e:	2b19      	cmp	r3, #25
1000b360:	d9e3      	bls.n	1000b32a <_strtoull_l.isra.0+0x66>
1000b362:	f1a4 0361 	sub.w	r3, r4, #97	@ 0x61
1000b366:	2b19      	cmp	r3, #25
1000b368:	d803      	bhi.n	1000b372 <_strtoull_l.isra.0+0xae>
1000b36a:	f1a4 0357 	sub.w	r3, r4, #87	@ 0x57
1000b36e:	429e      	cmp	r6, r3
1000b370:	dcdf      	bgt.n	1000b332 <_strtoull_l.isra.0+0x6e>
1000b372:	1c53      	adds	r3, r2, #1
1000b374:	d03a      	beq.n	1000b3ec <_strtoull_l.isra.0+0x128>
1000b376:	9b02      	ldr	r3, [sp, #8]
1000b378:	b113      	cbz	r3, 1000b380 <_strtoull_l.isra.0+0xbc>
1000b37a:	4240      	negs	r0, r0
1000b37c:	eb61 0141 	sbc.w	r1, r1, r1, lsl #1
1000b380:	9b01      	ldr	r3, [sp, #4]
1000b382:	b123      	cbz	r3, 1000b38e <_strtoull_l.isra.0+0xca>
1000b384:	2a00      	cmp	r2, #0
1000b386:	d139      	bne.n	1000b3fc <_strtoull_l.isra.0+0x138>
1000b388:	9b01      	ldr	r3, [sp, #4]
1000b38a:	f8c3 b000 	str.w	fp, [r3]
1000b38e:	b005      	add	sp, #20
1000b390:	e8bd 8ff0 	ldmia.w	sp!, {r4, r5, r6, r7, r8, r9, sl, fp, pc}
1000b394:	f036 0a10 	bics.w	sl, r6, #16
1000b398:	782c      	ldrb	r4, [r5, #0]
1000b39a:	9302      	str	r3, [sp, #8]
1000b39c:	f101 0502 	add.w	r5, r1, #2
1000b3a0:	d1a9      	bne.n	1000b2f6 <_strtoull_l.isra.0+0x32>
1000b3a2:	2c30      	cmp	r4, #48	@ 0x30
1000b3a4:	d032      	beq.n	1000b40c <_strtoull_l.isra.0+0x148>
1000b3a6:	b9be      	cbnz	r6, 1000b3d8 <_strtoull_l.isra.0+0x114>
1000b3a8:	f04f 090a 	mov.w	r9, #10
1000b3ac:	46b2      	mov	sl, r6
1000b3ae:	f04f 0c05 	mov.w	ip, #5
1000b3b2:	f04f 3799 	mov.w	r7, #2576980377	@ 0x99999999
1000b3b6:	f8df 8090 	ldr.w	r8, [pc, #144]	@ 1000b448 <_strtoull_l.isra.0+0x184>
1000b3ba:	464e      	mov	r6, r9
1000b3bc:	e7b1      	b.n	1000b322 <_strtoull_l.isra.0+0x5e>
1000b3be:	fb00 f20a 	mul.w	r2, r0, sl
1000b3c2:	fb09 2201 	mla	r2, r9, r1, r2
1000b3c6:	fba0 0109 	umull	r0, r1, r0, r9
1000b3ca:	440a      	add	r2, r1
1000b3cc:	1818      	adds	r0, r3, r0
1000b3ce:	eb42 71e3 	adc.w	r1, r2, r3, asr #31
1000b3d2:	2201      	movs	r2, #1
1000b3d4:	e7bb      	b.n	1000b34e <_strtoull_l.isra.0+0x8a>
1000b3d6:	b356      	cbz	r6, 1000b42e <_strtoull_l.isra.0+0x16a>
1000b3d8:	f04f 0910 	mov.w	r9, #16
1000b3dc:	f04f 0c0f 	mov.w	ip, #15
1000b3e0:	f04f 37ff 	mov.w	r7, #4294967295	@ 0xffffffff
1000b3e4:	f06f 4870 	mvn.w	r8, #4026531840	@ 0xf0000000
1000b3e8:	464e      	mov	r6, r9
1000b3ea:	e79a      	b.n	1000b322 <_strtoull_l.isra.0+0x5e>
1000b3ec:	2322      	movs	r3, #34	@ 0x22
1000b3ee:	9903      	ldr	r1, [sp, #12]
1000b3f0:	4610      	mov	r0, r2
1000b3f2:	600b      	str	r3, [r1, #0]
1000b3f4:	4611      	mov	r1, r2
1000b3f6:	9b01      	ldr	r3, [sp, #4]
1000b3f8:	2b00      	cmp	r3, #0
1000b3fa:	d0c8      	beq.n	1000b38e <_strtoull_l.isra.0+0xca>
1000b3fc:	f105 3bff 	add.w	fp, r5, #4294967295	@ 0xffffffff
1000b400:	e7c2      	b.n	1000b388 <_strtoull_l.isra.0+0xc4>
1000b402:	2301      	movs	r3, #1
1000b404:	782c      	ldrb	r4, [r5, #0]
1000b406:	1c8d      	adds	r5, r1, #2
1000b408:	9302      	str	r3, [sp, #8]
1000b40a:	e771      	b.n	1000b2f0 <_strtoull_l.isra.0+0x2c>
1000b40c:	782b      	ldrb	r3, [r5, #0]
1000b40e:	f003 03df 	and.w	r3, r3, #223	@ 0xdf
1000b412:	2b58      	cmp	r3, #88	@ 0x58
1000b414:	d1df      	bne.n	1000b3d6 <_strtoull_l.isra.0+0x112>
1000b416:	f04f 0910 	mov.w	r9, #16
1000b41a:	786c      	ldrb	r4, [r5, #1]
1000b41c:	f04f 0c0f 	mov.w	ip, #15
1000b420:	3502      	adds	r5, #2
1000b422:	f04f 37ff 	mov.w	r7, #4294967295	@ 0xffffffff
1000b426:	f06f 4870 	mvn.w	r8, #4026531840	@ 0xf0000000
1000b42a:	464e      	mov	r6, r9
1000b42c:	e779      	b.n	1000b322 <_strtoull_l.isra.0+0x5e>
1000b42e:	f04f 0908 	mov.w	r9, #8
1000b432:	46b2      	mov	sl, r6
1000b434:	f04f 0c07 	mov.w	ip, #7
1000b438:	f04f 37ff 	mov.w	r7, #4294967295	@ 0xffffffff
1000b43c:	f06f 4860 	mvn.w	r8, #3758096384	@ 0xe0000000
1000b440:	464e      	mov	r6, r9
1000b442:	e76e      	b.n	1000b322 <_strtoull_l.isra.0+0x5e>
1000b444:	1000d3f9 	.word	0x1000d3f9
1000b448:	19999999 	.word	0x19999999

1000b44c <_strtoull_r>:
1000b44c:	f7ff bf3a 	b.w	1000b2c4 <_strtoull_l.isra.0>

1000b450 <_write_r>:
1000b450:	b538      	push	{r3, r4, r5, lr}
1000b452:	460c      	mov	r4, r1
1000b454:	4684      	mov	ip, r0
1000b456:	4611      	mov	r1, r2
1000b458:	4d07      	ldr	r5, [pc, #28]	@ (1000b478 <_write_r+0x28>)
1000b45a:	461a      	mov	r2, r3
1000b45c:	2300      	movs	r3, #0
1000b45e:	4620      	mov	r0, r4
1000b460:	4664      	mov	r4, ip
1000b462:	602b      	str	r3, [r5, #0]
1000b464:	f7f8 fb08 	bl	10003a78 <_write>
1000b468:	1c43      	adds	r3, r0, #1
1000b46a:	d000      	beq.n	1000b46e <_write_r+0x1e>
1000b46c:	bd38      	pop	{r3, r4, r5, pc}
1000b46e:	682b      	ldr	r3, [r5, #0]
1000b470:	2b00      	cmp	r3, #0
1000b472:	d0fb      	beq.n	1000b46c <_write_r+0x1c>
1000b474:	6023      	str	r3, [r4, #0]
1000b476:	bd38      	pop	{r3, r4, r5, pc}
1000b478:	20002598 	.word	0x20002598

1000b47c <_mbrtowc_r>:
1000b47c:	b570      	push	{r4, r5, r6, lr}
1000b47e:	b082      	sub	sp, #8
1000b480:	4604      	mov	r4, r0
1000b482:	9d06      	ldr	r5, [sp, #24]
1000b484:	b155      	cbz	r5, 1000b49c <_mbrtowc_r+0x20>
1000b486:	4810      	ldr	r0, [pc, #64]	@ (1000b4c8 <_mbrtowc_r+0x4c>)
1000b488:	f8d0 60e4 	ldr.w	r6, [r0, #228]	@ 0xe4
1000b48c:	b16a      	cbz	r2, 1000b4aa <_mbrtowc_r+0x2e>
1000b48e:	4620      	mov	r0, r4
1000b490:	9500      	str	r5, [sp, #0]
1000b492:	47b0      	blx	r6
1000b494:	1c43      	adds	r3, r0, #1
1000b496:	d010      	beq.n	1000b4ba <_mbrtowc_r+0x3e>
1000b498:	b002      	add	sp, #8
1000b49a:	bd70      	pop	{r4, r5, r6, pc}
1000b49c:	f100 05f4 	add.w	r5, r0, #244	@ 0xf4
1000b4a0:	4809      	ldr	r0, [pc, #36]	@ (1000b4c8 <_mbrtowc_r+0x4c>)
1000b4a2:	f8d0 60e4 	ldr.w	r6, [r0, #228]	@ 0xe4
1000b4a6:	2a00      	cmp	r2, #0
1000b4a8:	d1f1      	bne.n	1000b48e <_mbrtowc_r+0x12>
1000b4aa:	2301      	movs	r3, #1
1000b4ac:	4611      	mov	r1, r2
1000b4ae:	4620      	mov	r0, r4
1000b4b0:	4a06      	ldr	r2, [pc, #24]	@ (1000b4cc <_mbrtowc_r+0x50>)
1000b4b2:	9500      	str	r5, [sp, #0]
1000b4b4:	47b0      	blx	r6
1000b4b6:	1c43      	adds	r3, r0, #1
1000b4b8:	d1ee      	bne.n	1000b498 <_mbrtowc_r+0x1c>
1000b4ba:	2200      	movs	r2, #0
1000b4bc:	238a      	movs	r3, #138	@ 0x8a
1000b4be:	602a      	str	r2, [r5, #0]
1000b4c0:	6023      	str	r3, [r4, #0]
1000b4c2:	b002      	add	sp, #8
1000b4c4:	bd70      	pop	{r4, r5, r6, pc}
1000b4c6:	bf00      	nop
1000b4c8:	20001afc 	.word	0x20001afc
1000b4cc:	1000cdb4 	.word	0x1000cdb4

1000b4d0 <iswspace>:
1000b4d0:	2100      	movs	r1, #0
1000b4d2:	f000 b801 	b.w	1000b4d8 <iswspace_l>
1000b4d6:	bf00      	nop

1000b4d8 <iswspace_l>:
1000b4d8:	b510      	push	{r4, lr}
1000b4da:	f000 f8c1 	bl	1000b660 <_jp2uc_l>
1000b4de:	4604      	mov	r4, r0
1000b4e0:	f000 f8f0 	bl	1000b6c4 <category>
1000b4e4:	f1a0 031a 	sub.w	r3, r0, #26
1000b4e8:	b2db      	uxtb	r3, r3
1000b4ea:	2b02      	cmp	r3, #2
1000b4ec:	d801      	bhi.n	1000b4f2 <iswspace_l+0x1a>
1000b4ee:	2001      	movs	r0, #1
1000b4f0:	bd10      	pop	{r4, pc}
1000b4f2:	f1a4 0009 	sub.w	r0, r4, #9
1000b4f6:	2804      	cmp	r0, #4
1000b4f8:	bf8c      	ite	hi
1000b4fa:	2000      	movhi	r0, #0
1000b4fc:	2001      	movls	r0, #1
1000b4fe:	bd10      	pop	{r4, pc}

1000b500 <nan>:
1000b500:	2000      	movs	r0, #0
1000b502:	4901      	ldr	r1, [pc, #4]	@ (1000b508 <nan+0x8>)
1000b504:	4770      	bx	lr
1000b506:	bf00      	nop
1000b508:	7ff80000 	.word	0x7ff80000

1000b50c <nanf>:
1000b50c:	4800      	ldr	r0, [pc, #0]	@ (1000b510 <nanf+0x4>)
1000b50e:	4770      	bx	lr
1000b510:	7fc00000 	.word	0x7fc00000

1000b514 <__jp2uc>:
1000b514:	2902      	cmp	r1, #2
1000b516:	f3c0 2307 	ubfx	r3, r0, #8, #8
1000b51a:	fa5f fc80 	uxtb.w	ip, r0
1000b51e:	d025      	beq.n	1000b56c <__jp2uc+0x58>
1000b520:	2903      	cmp	r1, #3
1000b522:	d003      	beq.n	1000b52c <__jp2uc+0x18>
1000b524:	f083 0380 	eor.w	r3, r3, #128	@ 0x80
1000b528:	f08c 0c80 	eor.w	ip, ip, #128	@ 0x80
1000b52c:	f103 0250 	add.w	r2, r3, #80	@ 0x50
1000b530:	b2d2      	uxtb	r2, r2
1000b532:	2a1f      	cmp	r2, #31
1000b534:	d90b      	bls.n	1000b54e <__jp2uc+0x3a>
1000b536:	f103 0230 	add.w	r2, r3, #48	@ 0x30
1000b53a:	b2d2      	uxtb	r2, r2
1000b53c:	2a24      	cmp	r2, #36	@ 0x24
1000b53e:	d83b      	bhi.n	1000b5b8 <__jp2uc+0xa4>
1000b540:	f24f 42a6 	movw	r2, #62630	@ 0xf4a6
1000b544:	4290      	cmp	r0, r2
1000b546:	d92c      	bls.n	1000b5a2 <__jp2uc+0x8e>
1000b548:	f04f 30ff 	mov.w	r0, #4294967295	@ 0xffffffff
1000b54c:	4770      	bx	lr
1000b54e:	f64c 72d3 	movw	r2, #53203	@ 0xcfd3
1000b552:	4290      	cmp	r0, r2
1000b554:	d8f8      	bhi.n	1000b548 <__jp2uc+0x34>
1000b556:	3bb0      	subs	r3, #176	@ 0xb0
1000b558:	f1ac 0ca1 	sub.w	ip, ip, #161	@ 0xa1
1000b55c:	4a38      	ldr	r2, [pc, #224]	@ (1000b640 <__jp2uc+0x12c>)
1000b55e:	ebc3 13c3 	rsb	r3, r3, r3, lsl #7
1000b562:	eb0c 0343 	add.w	r3, ip, r3, lsl #1
1000b566:	f832 0013 	ldrh.w	r0, [r2, r3, lsl #1]
1000b56a:	4770      	bx	lr
1000b56c:	f1bc 0f9e 	cmp.w	ip, #158	@ 0x9e
1000b570:	d911      	bls.n	1000b596 <__jp2uc+0x82>
1000b572:	f10c 0c23 	add.w	ip, ip, #35	@ 0x23
1000b576:	2280      	movs	r2, #128	@ 0x80
1000b578:	fa5f fc8c 	uxtb.w	ip, ip
1000b57c:	2b9f      	cmp	r3, #159	@ 0x9f
1000b57e:	bf94      	ite	ls
1000b580:	3b70      	subls	r3, #112	@ 0x70
1000b582:	3350      	addhi	r3, #80	@ 0x50
1000b584:	eb02 0243 	add.w	r2, r2, r3, lsl #1
1000b588:	b2d3      	uxtb	r3, r2
1000b58a:	f103 0250 	add.w	r2, r3, #80	@ 0x50
1000b58e:	b2d2      	uxtb	r2, r2
1000b590:	2a1f      	cmp	r2, #31
1000b592:	d8d0      	bhi.n	1000b536 <__jp2uc+0x22>
1000b594:	e7db      	b.n	1000b54e <__jp2uc+0x3a>
1000b596:	f1ac 0c7e 	sub.w	ip, ip, #126	@ 0x7e
1000b59a:	227f      	movs	r2, #127	@ 0x7f
1000b59c:	fa5f fc8c 	uxtb.w	ip, ip
1000b5a0:	e7ec      	b.n	1000b57c <__jp2uc+0x68>
1000b5a2:	3bd0      	subs	r3, #208	@ 0xd0
1000b5a4:	f1ac 0ca1 	sub.w	ip, ip, #161	@ 0xa1
1000b5a8:	4a26      	ldr	r2, [pc, #152]	@ (1000b644 <__jp2uc+0x130>)
1000b5aa:	ebc3 13c3 	rsb	r3, r3, r3, lsl #7
1000b5ae:	eb0c 0343 	add.w	r3, ip, r3, lsl #1
1000b5b2:	f832 0013 	ldrh.w	r0, [r2, r3, lsl #1]
1000b5b6:	4770      	bx	lr
1000b5b8:	3ba1      	subs	r3, #161	@ 0xa1
1000b5ba:	2b07      	cmp	r3, #7
1000b5bc:	d8c4      	bhi.n	1000b548 <__jp2uc+0x34>
1000b5be:	e8df f003 	tbb	[pc, r3]
1000b5c2:	2e38      	.short	0x2e38
1000b5c4:	12171d24 	.word	0x12171d24
1000b5c8:	040d      	.short	0x040d
1000b5ca:	f1bc 0fc0 	cmp.w	ip, #192	@ 0xc0
1000b5ce:	d8bb      	bhi.n	1000b548 <__jp2uc+0x34>
1000b5d0:	4a1d      	ldr	r2, [pc, #116]	@ (1000b648 <__jp2uc+0x134>)
1000b5d2:	f1ac 03a1 	sub.w	r3, ip, #161	@ 0xa1
1000b5d6:	f832 0013 	ldrh.w	r0, [r2, r3, lsl #1]
1000b5da:	4770      	bx	lr
1000b5dc:	f1bc 0ff1 	cmp.w	ip, #241	@ 0xf1
1000b5e0:	d8b2      	bhi.n	1000b548 <__jp2uc+0x34>
1000b5e2:	4a1a      	ldr	r2, [pc, #104]	@ (1000b64c <__jp2uc+0x138>)
1000b5e4:	e01c      	b.n	1000b620 <__jp2uc+0x10c>
1000b5e6:	f1bc 0fd8 	cmp.w	ip, #216	@ 0xd8
1000b5ea:	d8ad      	bhi.n	1000b548 <__jp2uc+0x34>
1000b5ec:	4a18      	ldr	r2, [pc, #96]	@ (1000b650 <__jp2uc+0x13c>)
1000b5ee:	e017      	b.n	1000b620 <__jp2uc+0x10c>
1000b5f0:	f1bc 0ff6 	cmp.w	ip, #246	@ 0xf6
1000b5f4:	d8a8      	bhi.n	1000b548 <__jp2uc+0x34>
1000b5f6:	f50c 5040 	add.w	r0, ip, #12288	@ 0x3000
1000b5fa:	4770      	bx	lr
1000b5fc:	f1bc 0ff3 	cmp.w	ip, #243	@ 0xf3
1000b600:	d8a2      	bhi.n	1000b548 <__jp2uc+0x34>
1000b602:	f642 70a0 	movw	r0, #12192	@ 0x2fa0
1000b606:	4460      	add	r0, ip
1000b608:	4770      	bx	lr
1000b60a:	4b12      	ldr	r3, [pc, #72]	@ (1000b654 <__jp2uc+0x140>)
1000b60c:	4463      	add	r3, ip
1000b60e:	f813 3ca1 	ldrb.w	r3, [r3, #-161]
1000b612:	2b00      	cmp	r3, #0
1000b614:	d098      	beq.n	1000b548 <__jp2uc+0x34>
1000b616:	f64f 6060 	movw	r0, #65120	@ 0xfe60
1000b61a:	4460      	add	r0, ip
1000b61c:	4770      	bx	lr
1000b61e:	4a0e      	ldr	r2, [pc, #56]	@ (1000b658 <__jp2uc+0x144>)
1000b620:	f1ac 03a1 	sub.w	r3, ip, #161	@ 0xa1
1000b624:	f832 0013 	ldrh.w	r0, [r2, r3, lsl #1]
1000b628:	2800      	cmp	r0, #0
1000b62a:	bf08      	it	eq
1000b62c:	f04f 30ff 	moveq.w	r0, #4294967295	@ 0xffffffff
1000b630:	4770      	bx	lr
1000b632:	4a0a      	ldr	r2, [pc, #40]	@ (1000b65c <__jp2uc+0x148>)
1000b634:	f1ac 03a1 	sub.w	r3, ip, #161	@ 0xa1
1000b638:	f832 0013 	ldrh.w	r0, [r2, r3, lsl #1]
1000b63c:	4770      	bx	lr
1000b63e:	bf00      	nop
1000b640:	1000ef78 	.word	0x1000ef78
1000b644:	1000d4fc 	.word	0x1000d4fc
1000b648:	100106a4 	.word	0x100106a4
1000b64c:	100106e4 	.word	0x100106e4
1000b650:	10010788 	.word	0x10010788
1000b654:	100107f8 	.word	0x100107f8
1000b658:	10010854 	.word	0x10010854
1000b65c:	10010910 	.word	0x10010910

1000b660 <_jp2uc_l>:
1000b660:	b538      	push	{r3, r4, r5, lr}
1000b662:	4605      	mov	r5, r0
1000b664:	b1b9      	cbz	r1, 1000b696 <_jp2uc_l+0x36>
1000b666:	f501 7495 	add.w	r4, r1, #298	@ 0x12a
1000b66a:	4912      	ldr	r1, [pc, #72]	@ (1000b6b4 <_jp2uc_l+0x54>)
1000b66c:	4620      	mov	r0, r4
1000b66e:	f7fb fde7 	bl	10007240 <strcmp>
1000b672:	b928      	cbnz	r0, 1000b680 <_jp2uc_l+0x20>
1000b674:	4628      	mov	r0, r5
1000b676:	2101      	movs	r1, #1
1000b678:	e8bd 4038 	ldmia.w	sp!, {r3, r4, r5, lr}
1000b67c:	f7ff bf4a 	b.w	1000b514 <__jp2uc>
1000b680:	490d      	ldr	r1, [pc, #52]	@ (1000b6b8 <_jp2uc_l+0x58>)
1000b682:	4620      	mov	r0, r4
1000b684:	f7fb fddc 	bl	10007240 <strcmp>
1000b688:	b938      	cbnz	r0, 1000b69a <_jp2uc_l+0x3a>
1000b68a:	4628      	mov	r0, r5
1000b68c:	2102      	movs	r1, #2
1000b68e:	e8bd 4038 	ldmia.w	sp!, {r3, r4, r5, lr}
1000b692:	f7ff bf3f 	b.w	1000b514 <__jp2uc>
1000b696:	4c09      	ldr	r4, [pc, #36]	@ (1000b6bc <_jp2uc_l+0x5c>)
1000b698:	e7e7      	b.n	1000b66a <_jp2uc_l+0xa>
1000b69a:	4909      	ldr	r1, [pc, #36]	@ (1000b6c0 <_jp2uc_l+0x60>)
1000b69c:	4620      	mov	r0, r4
1000b69e:	f7fb fdcf 	bl	10007240 <strcmp>
1000b6a2:	b928      	cbnz	r0, 1000b6b0 <_jp2uc_l+0x50>
1000b6a4:	4628      	mov	r0, r5
1000b6a6:	2103      	movs	r1, #3
1000b6a8:	e8bd 4038 	ldmia.w	sp!, {r3, r4, r5, lr}
1000b6ac:	f7ff bf32 	b.w	1000b514 <__jp2uc>
1000b6b0:	4628      	mov	r0, r5
1000b6b2:	bd38      	pop	{r3, r4, r5, pc}
1000b6b4:	1000d018 	.word	0x1000d018
1000b6b8:	1000d01c 	.word	0x1000d01c
1000b6bc:	20001c26 	.word	0x20001c26
1000b6c0:	1000d024 	.word	0x1000d024

1000b6c4 <category>:
1000b6c4:	4b15      	ldr	r3, [pc, #84]	@ (1000b71c <category+0x58>)
1000b6c6:	4298      	cmp	r0, r3
1000b6c8:	d826      	bhi.n	1000b718 <category+0x54>
1000b6ca:	f640 0cf9 	movw	ip, #2297	@ 0x8f9
1000b6ce:	b570      	push	{r4, r5, r6, lr}
1000b6d0:	f04f 0e00 	mov.w	lr, #0
1000b6d4:	4d12      	ldr	r5, [pc, #72]	@ (1000b720 <category+0x5c>)
1000b6d6:	e003      	b.n	1000b6e0 <category+0x1c>
1000b6d8:	f104 0e01 	add.w	lr, r4, #1
1000b6dc:	45f4      	cmp	ip, lr
1000b6de:	db19      	blt.n	1000b714 <category+0x50>
1000b6e0:	eb1e 020c 	adds.w	r2, lr, ip
1000b6e4:	bf48      	it	mi
1000b6e6:	3201      	addmi	r2, #1
1000b6e8:	f022 0301 	bic.w	r3, r2, #1
1000b6ec:	1054      	asrs	r4, r2, #1
1000b6ee:	eb03 0362 	add.w	r3, r3, r2, asr #1
1000b6f2:	eb05 0143 	add.w	r1, r5, r3, lsl #1
1000b6f6:	005b      	lsls	r3, r3, #1
1000b6f8:	784a      	ldrb	r2, [r1, #1]
1000b6fa:	884e      	ldrh	r6, [r1, #2]
1000b6fc:	8889      	ldrh	r1, [r1, #4]
1000b6fe:	ea42 2206 	orr.w	r2, r2, r6, lsl #8
1000b702:	4411      	add	r1, r2
1000b704:	4288      	cmp	r0, r1
1000b706:	d8e7      	bhi.n	1000b6d8 <category+0x14>
1000b708:	4290      	cmp	r0, r2
1000b70a:	f104 3cff 	add.w	ip, r4, #4294967295	@ 0xffffffff
1000b70e:	d3e5      	bcc.n	1000b6dc <category+0x18>
1000b710:	5ce8      	ldrb	r0, [r5, r3]
1000b712:	bd70      	pop	{r4, r5, r6, pc}
1000b714:	20ff      	movs	r0, #255	@ 0xff
1000b716:	bd70      	pop	{r4, r5, r6, pc}
1000b718:	20ff      	movs	r0, #255	@ 0xff
1000b71a:	4770      	bx	lr
1000b71c:	000e01ef 	.word	0x000e01ef
1000b720:	100109cc 	.word	0x100109cc

1000b724 <rshift>:
1000b724:	e92d 41f0 	stmdb	sp!, {r4, r5, r6, r7, r8, lr}
1000b728:	6904      	ldr	r4, [r0, #16]
1000b72a:	ebb4 1f61 	cmp.w	r4, r1, asr #5
1000b72e:	dc05      	bgt.n	1000b73c <rshift+0x18>
1000b730:	2300      	movs	r3, #0
1000b732:	6103      	str	r3, [r0, #16]
1000b734:	2300      	movs	r3, #0
1000b736:	6143      	str	r3, [r0, #20]
1000b738:	e8bd 81f0 	ldmia.w	sp!, {r4, r5, r6, r7, r8, pc}
1000b73c:	f100 0c14 	add.w	ip, r0, #20
1000b740:	114e      	asrs	r6, r1, #5
1000b742:	f011 0e1f 	ands.w	lr, r1, #31
1000b746:	eb0c 0584 	add.w	r5, ip, r4, lsl #2
1000b74a:	eb0c 0386 	add.w	r3, ip, r6, lsl #2
1000b74e:	d023      	beq.n	1000b798 <rshift+0x74>
1000b750:	3304      	adds	r3, #4
1000b752:	f85c 1026 	ldr.w	r1, [ip, r6, lsl #2]
1000b756:	f1ce 0820 	rsb	r8, lr, #32
1000b75a:	429d      	cmp	r5, r3
1000b75c:	fa21 f10e 	lsr.w	r1, r1, lr
1000b760:	d930      	bls.n	1000b7c4 <rshift+0xa0>
1000b762:	4667      	mov	r7, ip
1000b764:	681a      	ldr	r2, [r3, #0]
1000b766:	fa02 f208 	lsl.w	r2, r2, r8
1000b76a:	430a      	orrs	r2, r1
1000b76c:	f847 2b04 	str.w	r2, [r7], #4
1000b770:	f853 1b04 	ldr.w	r1, [r3], #4
1000b774:	429d      	cmp	r5, r3
1000b776:	fa21 f10e 	lsr.w	r1, r1, lr
1000b77a:	d8f3      	bhi.n	1000b764 <rshift+0x40>
1000b77c:	1ba3      	subs	r3, r4, r6
1000b77e:	f10c 0204 	add.w	r2, ip, #4
1000b782:	009b      	lsls	r3, r3, #2
1000b784:	3b05      	subs	r3, #5
1000b786:	089c      	lsrs	r4, r3, #2
1000b788:	f023 0303 	bic.w	r3, r3, #3
1000b78c:	f842 1024 	str.w	r1, [r2, r4, lsl #2]
1000b790:	4413      	add	r3, r2
1000b792:	b171      	cbz	r1, 1000b7b2 <rshift+0x8e>
1000b794:	3304      	adds	r3, #4
1000b796:	e00c      	b.n	1000b7b2 <rshift+0x8e>
1000b798:	429d      	cmp	r5, r3
1000b79a:	d9c9      	bls.n	1000b730 <rshift+0xc>
1000b79c:	f100 0210 	add.w	r2, r0, #16
1000b7a0:	f853 1b04 	ldr.w	r1, [r3], #4
1000b7a4:	429d      	cmp	r5, r3
1000b7a6:	f842 1f04 	str.w	r1, [r2, #4]!
1000b7aa:	d8f9      	bhi.n	1000b7a0 <rshift+0x7c>
1000b7ac:	1ba3      	subs	r3, r4, r6
1000b7ae:	eb0c 0383 	add.w	r3, ip, r3, lsl #2
1000b7b2:	eba3 020c 	sub.w	r2, r3, ip
1000b7b6:	4563      	cmp	r3, ip
1000b7b8:	ea4f 02a2 	mov.w	r2, r2, asr #2
1000b7bc:	6102      	str	r2, [r0, #16]
1000b7be:	d0b9      	beq.n	1000b734 <rshift+0x10>
1000b7c0:	e8bd 81f0 	ldmia.w	sp!, {r4, r5, r6, r7, r8, pc}
1000b7c4:	6141      	str	r1, [r0, #20]
1000b7c6:	2900      	cmp	r1, #0
1000b7c8:	d0b2      	beq.n	1000b730 <rshift+0xc>
1000b7ca:	4663      	mov	r3, ip
1000b7cc:	e7e2      	b.n	1000b794 <rshift+0x70>
1000b7ce:	bf00      	nop

1000b7d0 <__gethex>:
1000b7d0:	e92d 4ff0 	stmdb	sp!, {r4, r5, r6, r7, r8, r9, sl, fp, lr}
1000b7d4:	468a      	mov	sl, r1
1000b7d6:	b085      	sub	sp, #20
1000b7d8:	6809      	ldr	r1, [r1, #0]
1000b7da:	9303      	str	r3, [sp, #12]
1000b7dc:	788b      	ldrb	r3, [r1, #2]
1000b7de:	2b30      	cmp	r3, #48	@ 0x30
1000b7e0:	e9cd 2000 	strd	r2, r0, [sp]
1000b7e4:	f040 81f8 	bne.w	1000bbd8 <__gethex+0x408>
1000b7e8:	1cca      	adds	r2, r1, #3
1000b7ea:	7813      	ldrb	r3, [r2, #0]
1000b7ec:	4614      	mov	r4, r2
1000b7ee:	3201      	adds	r2, #1
1000b7f0:	2b30      	cmp	r3, #48	@ 0x30
1000b7f2:	d0fa      	beq.n	1000b7ea <__gethex+0x1a>
1000b7f4:	eba4 0901 	sub.w	r9, r4, r1
1000b7f8:	f1a9 0902 	sub.w	r9, r9, #2
1000b7fc:	f8df 830c 	ldr.w	r8, [pc, #780]	@ 1000bb0c <__gethex+0x33c>
1000b800:	f818 3003 	ldrb.w	r3, [r8, r3]
1000b804:	2b00      	cmp	r3, #0
1000b806:	f000 80d3 	beq.w	1000b9b0 <__gethex+0x1e0>
1000b80a:	7823      	ldrb	r3, [r4, #0]
1000b80c:	2700      	movs	r7, #0
1000b80e:	f818 3003 	ldrb.w	r3, [r8, r3]
1000b812:	463d      	mov	r5, r7
1000b814:	2b00      	cmp	r3, #0
1000b816:	f000 816a 	beq.w	1000baee <__gethex+0x31e>
1000b81a:	4626      	mov	r6, r4
1000b81c:	f816 3f01 	ldrb.w	r3, [r6, #1]!
1000b820:	f818 3003 	ldrb.w	r3, [r8, r3]
1000b824:	2b00      	cmp	r3, #0
1000b826:	d1f9      	bne.n	1000b81c <__gethex+0x4c>
1000b828:	2201      	movs	r2, #1
1000b82a:	49b7      	ldr	r1, [pc, #732]	@ (1000bb08 <__gethex+0x338>)
1000b82c:	4630      	mov	r0, r6
1000b82e:	f7ff fb33 	bl	1000ae98 <strncmp>
1000b832:	4683      	mov	fp, r0
1000b834:	2800      	cmp	r0, #0
1000b836:	d043      	beq.n	1000b8c0 <__gethex+0xf0>
1000b838:	7832      	ldrb	r2, [r6, #0]
1000b83a:	2d00      	cmp	r5, #0
1000b83c:	f000 81a2 	beq.w	1000bb84 <__gethex+0x3b4>
1000b840:	1bab      	subs	r3, r5, r6
1000b842:	ea4f 0b83 	mov.w	fp, r3, lsl #2
1000b846:	f002 02df 	and.w	r2, r2, #223	@ 0xdf
1000b84a:	4635      	mov	r5, r6
1000b84c:	2a50      	cmp	r2, #80	@ 0x50
1000b84e:	d043      	beq.n	1000b8d8 <__gethex+0x108>
1000b850:	f8ca 6000 	str.w	r6, [sl]
1000b854:	2f00      	cmp	r7, #0
1000b856:	d154      	bne.n	1000b902 <__gethex+0x132>
1000b858:	1b2a      	subs	r2, r5, r4
1000b85a:	4639      	mov	r1, r7
1000b85c:	3a01      	subs	r2, #1
1000b85e:	2a07      	cmp	r2, #7
1000b860:	dd03      	ble.n	1000b86a <__gethex+0x9a>
1000b862:	1052      	asrs	r2, r2, #1
1000b864:	3101      	adds	r1, #1
1000b866:	2a07      	cmp	r2, #7
1000b868:	dcfb      	bgt.n	1000b862 <__gethex+0x92>
1000b86a:	9801      	ldr	r0, [sp, #4]
1000b86c:	f000 fbe8 	bl	1000c040 <_Balloc>
1000b870:	4682      	mov	sl, r0
1000b872:	2800      	cmp	r0, #0
1000b874:	f000 82a5 	beq.w	1000bdc2 <__gethex+0x5f2>
1000b878:	f100 0614 	add.w	r6, r0, #20
1000b87c:	42ac      	cmp	r4, r5
1000b87e:	9602      	str	r6, [sp, #8]
1000b880:	f080 81e3 	bcs.w	1000bc4a <__gethex+0x47a>
1000b884:	2700      	movs	r7, #0
1000b886:	46b9      	mov	r9, r7
1000b888:	e00c      	b.n	1000b8a4 <__gethex+0xd4>
1000b88a:	463a      	mov	r2, r7
1000b88c:	3704      	adds	r7, #4
1000b88e:	782b      	ldrb	r3, [r5, #0]
1000b890:	42a5      	cmp	r5, r4
1000b892:	f818 3003 	ldrb.w	r3, [r8, r3]
1000b896:	f003 030f 	and.w	r3, r3, #15
1000b89a:	fa03 f302 	lsl.w	r3, r3, r2
1000b89e:	ea49 0903 	orr.w	r9, r9, r3
1000b8a2:	d040      	beq.n	1000b926 <__gethex+0x156>
1000b8a4:	f815 3d01 	ldrb.w	r3, [r5, #-1]!
1000b8a8:	2b2e      	cmp	r3, #46	@ 0x2e
1000b8aa:	d101      	bne.n	1000b8b0 <__gethex+0xe0>
1000b8ac:	42a5      	cmp	r5, r4
1000b8ae:	d231      	bcs.n	1000b914 <__gethex+0x144>
1000b8b0:	2f20      	cmp	r7, #32
1000b8b2:	d1ea      	bne.n	1000b88a <__gethex+0xba>
1000b8b4:	2200      	movs	r2, #0
1000b8b6:	f846 9b04 	str.w	r9, [r6], #4
1000b8ba:	2704      	movs	r7, #4
1000b8bc:	4691      	mov	r9, r2
1000b8be:	e7e6      	b.n	1000b88e <__gethex+0xbe>
1000b8c0:	2d00      	cmp	r5, #0
1000b8c2:	f000 817a 	beq.w	1000bbba <__gethex+0x3ea>
1000b8c6:	7832      	ldrb	r2, [r6, #0]
1000b8c8:	1bab      	subs	r3, r5, r6
1000b8ca:	4635      	mov	r5, r6
1000b8cc:	f002 02df 	and.w	r2, r2, #223	@ 0xdf
1000b8d0:	ea4f 0b83 	mov.w	fp, r3, lsl #2
1000b8d4:	2a50      	cmp	r2, #80	@ 0x50
1000b8d6:	d1bb      	bne.n	1000b850 <__gethex+0x80>
1000b8d8:	786a      	ldrb	r2, [r5, #1]
1000b8da:	2a2b      	cmp	r2, #43	@ 0x2b
1000b8dc:	f000 8150 	beq.w	1000bb80 <__gethex+0x3b0>
1000b8e0:	2a2d      	cmp	r2, #45	@ 0x2d
1000b8e2:	f040 80d6 	bne.w	1000ba92 <__gethex+0x2c2>
1000b8e6:	2001      	movs	r0, #1
1000b8e8:	78aa      	ldrb	r2, [r5, #2]
1000b8ea:	1cae      	adds	r6, r5, #2
1000b8ec:	f818 1002 	ldrb.w	r1, [r8, r2]
1000b8f0:	1e4a      	subs	r2, r1, #1
1000b8f2:	2a18      	cmp	r2, #24
1000b8f4:	f240 80d5 	bls.w	1000baa2 <__gethex+0x2d2>
1000b8f8:	462e      	mov	r6, r5
1000b8fa:	f8ca 6000 	str.w	r6, [sl]
1000b8fe:	2f00      	cmp	r7, #0
1000b900:	d0aa      	beq.n	1000b858 <__gethex+0x88>
1000b902:	f1b9 0f00 	cmp.w	r9, #0
1000b906:	bf0c      	ite	eq
1000b908:	2406      	moveq	r4, #6
1000b90a:	2400      	movne	r4, #0
1000b90c:	4620      	mov	r0, r4
1000b90e:	b005      	add	sp, #20
1000b910:	e8bd 8ff0 	ldmia.w	sp!, {r4, r5, r6, r7, r8, r9, sl, fp, pc}
1000b914:	2201      	movs	r2, #1
1000b916:	497c      	ldr	r1, [pc, #496]	@ (1000bb08 <__gethex+0x338>)
1000b918:	4628      	mov	r0, r5
1000b91a:	f7ff fabd 	bl	1000ae98 <strncmp>
1000b91e:	2800      	cmp	r0, #0
1000b920:	d1c6      	bne.n	1000b8b0 <__gethex+0xe0>
1000b922:	42a5      	cmp	r5, r4
1000b924:	d1be      	bne.n	1000b8a4 <__gethex+0xd4>
1000b926:	9b02      	ldr	r3, [sp, #8]
1000b928:	4648      	mov	r0, r9
1000b92a:	f846 9b04 	str.w	r9, [r6], #4
1000b92e:	1af6      	subs	r6, r6, r3
1000b930:	10b6      	asrs	r6, r6, #2
1000b932:	f8ca 6010 	str.w	r6, [sl, #16]
1000b936:	0176      	lsls	r6, r6, #5
1000b938:	f000 fc5c 	bl	1000c1f4 <__hi0bits>
1000b93c:	9b00      	ldr	r3, [sp, #0]
1000b93e:	1a36      	subs	r6, r6, r0
1000b940:	681d      	ldr	r5, [r3, #0]
1000b942:	42ae      	cmp	r6, r5
1000b944:	dc57      	bgt.n	1000b9f6 <__gethex+0x226>
1000b946:	f2c0 811f 	blt.w	1000bb88 <__gethex+0x3b8>
1000b94a:	9b00      	ldr	r3, [sp, #0]
1000b94c:	689a      	ldr	r2, [r3, #8]
1000b94e:	455a      	cmp	r2, fp
1000b950:	f2c0 810d 	blt.w	1000bb6e <__gethex+0x39e>
1000b954:	685a      	ldr	r2, [r3, #4]
1000b956:	4593      	cmp	fp, r2
1000b958:	f280 80be 	bge.w	1000bad8 <__gethex+0x308>
1000b95c:	eba2 0b0b 	sub.w	fp, r2, fp
1000b960:	45ab      	cmp	fp, r5
1000b962:	da73      	bge.n	1000ba4c <__gethex+0x27c>
1000b964:	f10b 36ff 	add.w	r6, fp, #4294967295	@ 0xffffffff
1000b968:	2e00      	cmp	r6, #0
1000b96a:	f040 8181 	bne.w	1000bc70 <__gethex+0x4a0>
1000b96e:	4637      	mov	r7, r6
1000b970:	1173      	asrs	r3, r6, #5
1000b972:	9a02      	ldr	r2, [sp, #8]
1000b974:	f006 061f 	and.w	r6, r6, #31
1000b978:	eba5 050b 	sub.w	r5, r5, fp
1000b97c:	f852 2023 	ldr.w	r2, [r2, r3, lsl #2]
1000b980:	2301      	movs	r3, #1
1000b982:	4659      	mov	r1, fp
1000b984:	4650      	mov	r0, sl
1000b986:	40b3      	lsls	r3, r6
1000b988:	4213      	tst	r3, r2
1000b98a:	f000 8180 	beq.w	1000bc8e <__gethex+0x4be>
1000b98e:	f7ff fec9 	bl	1000b724 <rshift>
1000b992:	9b00      	ldr	r3, [sp, #0]
1000b994:	68dc      	ldr	r4, [r3, #12]
1000b996:	f8d3 b004 	ldr.w	fp, [r3, #4]
1000b99a:	2c02      	cmp	r4, #2
1000b99c:	f000 812f 	beq.w	1000bbfe <__gethex+0x42e>
1000b9a0:	2c03      	cmp	r4, #3
1000b9a2:	f000 818f 	beq.w	1000bcc4 <__gethex+0x4f4>
1000b9a6:	2c01      	cmp	r4, #1
1000b9a8:	f000 8188 	beq.w	1000bcbc <__gethex+0x4ec>
1000b9ac:	2412      	movs	r4, #18
1000b9ae:	e094      	b.n	1000bada <__gethex+0x30a>
1000b9b0:	2201      	movs	r2, #1
1000b9b2:	4955      	ldr	r1, [pc, #340]	@ (1000bb08 <__gethex+0x338>)
1000b9b4:	4620      	mov	r0, r4
1000b9b6:	f7ff fa6f 	bl	1000ae98 <strncmp>
1000b9ba:	4607      	mov	r7, r0
1000b9bc:	2800      	cmp	r0, #0
1000b9be:	f040 8098 	bne.w	1000baf2 <__gethex+0x322>
1000b9c2:	7863      	ldrb	r3, [r4, #1]
1000b9c4:	1c65      	adds	r5, r4, #1
1000b9c6:	f818 2003 	ldrb.w	r2, [r8, r3]
1000b9ca:	2a00      	cmp	r2, #0
1000b9cc:	f000 8093 	beq.w	1000baf6 <__gethex+0x326>
1000b9d0:	2b30      	cmp	r3, #48	@ 0x30
1000b9d2:	462c      	mov	r4, r5
1000b9d4:	f040 8178 	bne.w	1000bcc8 <__gethex+0x4f8>
1000b9d8:	f814 3f01 	ldrb.w	r3, [r4, #1]!
1000b9dc:	2b30      	cmp	r3, #48	@ 0x30
1000b9de:	d0fb      	beq.n	1000b9d8 <__gethex+0x208>
1000b9e0:	f818 3003 	ldrb.w	r3, [r8, r3]
1000b9e4:	f04f 0901 	mov.w	r9, #1
1000b9e8:	fab3 f783 	clz	r7, r3
1000b9ec:	097f      	lsrs	r7, r7, #5
1000b9ee:	2b00      	cmp	r3, #0
1000b9f0:	f47f af13 	bne.w	1000b81a <__gethex+0x4a>
1000b9f4:	e07b      	b.n	1000baee <__gethex+0x31e>
1000b9f6:	1b76      	subs	r6, r6, r5
1000b9f8:	4650      	mov	r0, sl
1000b9fa:	4631      	mov	r1, r6
1000b9fc:	f001 f832 	bl	1000ca64 <__any_on>
1000ba00:	4607      	mov	r7, r0
1000ba02:	b178      	cbz	r0, 1000ba24 <__gethex+0x254>
1000ba04:	1e71      	subs	r1, r6, #1
1000ba06:	9b02      	ldr	r3, [sp, #8]
1000ba08:	2701      	movs	r7, #1
1000ba0a:	114a      	asrs	r2, r1, #5
1000ba0c:	f853 0022 	ldr.w	r0, [r3, r2, lsl #2]
1000ba10:	f001 021f 	and.w	r2, r1, #31
1000ba14:	fa07 f202 	lsl.w	r2, r7, r2
1000ba18:	4202      	tst	r2, r0
1000ba1a:	d003      	beq.n	1000ba24 <__gethex+0x254>
1000ba1c:	42b9      	cmp	r1, r7
1000ba1e:	f300 812d 	bgt.w	1000bc7c <__gethex+0x4ac>
1000ba22:	2702      	movs	r7, #2
1000ba24:	4631      	mov	r1, r6
1000ba26:	4650      	mov	r0, sl
1000ba28:	f7ff fe7c 	bl	1000b724 <rshift>
1000ba2c:	9b00      	ldr	r3, [sp, #0]
1000ba2e:	44b3      	add	fp, r6
1000ba30:	689a      	ldr	r2, [r3, #8]
1000ba32:	455a      	cmp	r2, fp
1000ba34:	f2c0 809b 	blt.w	1000bb6e <__gethex+0x39e>
1000ba38:	9b00      	ldr	r3, [sp, #0]
1000ba3a:	685a      	ldr	r2, [r3, #4]
1000ba3c:	455a      	cmp	r2, fp
1000ba3e:	f340 80cf 	ble.w	1000bbe0 <__gethex+0x410>
1000ba42:	eba2 0b0b 	sub.w	fp, r2, fp
1000ba46:	455d      	cmp	r5, fp
1000ba48:	f300 8103 	bgt.w	1000bc52 <__gethex+0x482>
1000ba4c:	9b00      	ldr	r3, [sp, #0]
1000ba4e:	68db      	ldr	r3, [r3, #12]
1000ba50:	2b02      	cmp	r3, #2
1000ba52:	d05d      	beq.n	1000bb10 <__gethex+0x340>
1000ba54:	2b03      	cmp	r3, #3
1000ba56:	f000 8125 	beq.w	1000bca4 <__gethex+0x4d4>
1000ba5a:	2b01      	cmp	r3, #1
1000ba5c:	d15b      	bne.n	1000bb16 <__gethex+0x346>
1000ba5e:	45ab      	cmp	fp, r5
1000ba60:	d159      	bne.n	1000bb16 <__gethex+0x346>
1000ba62:	f1bb 0f01 	cmp.w	fp, #1
1000ba66:	d008      	beq.n	1000ba7a <__gethex+0x2aa>
1000ba68:	f10b 31ff 	add.w	r1, fp, #4294967295	@ 0xffffffff
1000ba6c:	4650      	mov	r0, sl
1000ba6e:	f000 fff9 	bl	1000ca64 <__any_on>
1000ba72:	2800      	cmp	r0, #0
1000ba74:	d04f      	beq.n	1000bb16 <__gethex+0x346>
1000ba76:	9b00      	ldr	r3, [sp, #0]
1000ba78:	685a      	ldr	r2, [r3, #4]
1000ba7a:	9903      	ldr	r1, [sp, #12]
1000ba7c:	2301      	movs	r3, #1
1000ba7e:	2462      	movs	r4, #98	@ 0x62
1000ba80:	600a      	str	r2, [r1, #0]
1000ba82:	9a02      	ldr	r2, [sp, #8]
1000ba84:	f8ca 3010 	str.w	r3, [sl, #16]
1000ba88:	6013      	str	r3, [r2, #0]
1000ba8a:	9b0e      	ldr	r3, [sp, #56]	@ 0x38
1000ba8c:	f8c3 a000 	str.w	sl, [r3]
1000ba90:	e73c      	b.n	1000b90c <__gethex+0x13c>
1000ba92:	f818 1002 	ldrb.w	r1, [r8, r2]
1000ba96:	1c6e      	adds	r6, r5, #1
1000ba98:	2000      	movs	r0, #0
1000ba9a:	1e4a      	subs	r2, r1, #1
1000ba9c:	2a18      	cmp	r2, #24
1000ba9e:	f63f af2b 	bhi.w	1000b8f8 <__gethex+0x128>
1000baa2:	7872      	ldrb	r2, [r6, #1]
1000baa4:	3910      	subs	r1, #16
1000baa6:	3601      	adds	r6, #1
1000baa8:	f818 2002 	ldrb.w	r2, [r8, r2]
1000baac:	f102 3cff 	add.w	ip, r2, #4294967295	@ 0xffffffff
1000bab0:	f1bc 0f18 	cmp.w	ip, #24
1000bab4:	d80c      	bhi.n	1000bad0 <__gethex+0x300>
1000bab6:	eb01 0181 	add.w	r1, r1, r1, lsl #2
1000baba:	f816 3f01 	ldrb.w	r3, [r6, #1]!
1000babe:	eb02 0241 	add.w	r2, r2, r1, lsl #1
1000bac2:	f1a2 0110 	sub.w	r1, r2, #16
1000bac6:	f818 2003 	ldrb.w	r2, [r8, r3]
1000baca:	1e53      	subs	r3, r2, #1
1000bacc:	2b18      	cmp	r3, #24
1000bace:	d9f2      	bls.n	1000bab6 <__gethex+0x2e6>
1000bad0:	b100      	cbz	r0, 1000bad4 <__gethex+0x304>
1000bad2:	4249      	negs	r1, r1
1000bad4:	448b      	add	fp, r1
1000bad6:	e6bb      	b.n	1000b850 <__gethex+0x80>
1000bad8:	2401      	movs	r4, #1
1000bada:	9b0e      	ldr	r3, [sp, #56]	@ 0x38
1000badc:	4620      	mov	r0, r4
1000bade:	f8c3 a000 	str.w	sl, [r3]
1000bae2:	9b03      	ldr	r3, [sp, #12]
1000bae4:	f8c3 b000 	str.w	fp, [r3]
1000bae8:	b005      	add	sp, #20
1000baea:	e8bd 8ff0 	ldmia.w	sp!, {r4, r5, r6, r7, r8, r9, sl, fp, pc}
1000baee:	4626      	mov	r6, r4
1000baf0:	e69a      	b.n	1000b828 <__gethex+0x58>
1000baf2:	7823      	ldrb	r3, [r4, #0]
1000baf4:	4625      	mov	r5, r4
1000baf6:	f003 03df 	and.w	r3, r3, #223	@ 0xdf
1000bafa:	2b50      	cmp	r3, #80	@ 0x50
1000bafc:	f000 80ce 	beq.w	1000bc9c <__gethex+0x4cc>
1000bb00:	f8ca 5000 	str.w	r5, [sl]
1000bb04:	e6fd      	b.n	1000b902 <__gethex+0x132>
1000bb06:	bf00      	nop
1000bb08:	1000cdfc 	.word	0x1000cdfc
1000bb0c:	10013fa8 	.word	0x10013fa8
1000bb10:	9b0f      	ldr	r3, [sp, #60]	@ 0x3c
1000bb12:	2b00      	cmp	r3, #0
1000bb14:	d0b1      	beq.n	1000ba7a <__gethex+0x2aa>
1000bb16:	2450      	movs	r4, #80	@ 0x50
1000bb18:	9801      	ldr	r0, [sp, #4]
1000bb1a:	4651      	mov	r1, sl
1000bb1c:	f000 fab6 	bl	1000c08c <_Bfree>
1000bb20:	2300      	movs	r3, #0
1000bb22:	9a0e      	ldr	r2, [sp, #56]	@ 0x38
1000bb24:	4620      	mov	r0, r4
1000bb26:	6013      	str	r3, [r2, #0]
1000bb28:	b005      	add	sp, #20
1000bb2a:	e8bd 8ff0 	ldmia.w	sp!, {r4, r5, r6, r7, r8, r9, sl, fp, pc}
1000bb2e:	f8da 2008 	ldr.w	r2, [sl, #8]
1000bb32:	4297      	cmp	r7, r2
1000bb34:	f280 80cb 	bge.w	1000bcce <__gethex+0x4fe>
1000bb38:	1c7a      	adds	r2, r7, #1
1000bb3a:	2101      	movs	r1, #1
1000bb3c:	eb0a 0787 	add.w	r7, sl, r7, lsl #2
1000bb40:	2c02      	cmp	r4, #2
1000bb42:	f8ca 2010 	str.w	r2, [sl, #16]
1000bb46:	f8dd 8008 	ldr.w	r8, [sp, #8]
1000bb4a:	6179      	str	r1, [r7, #20]
1000bb4c:	f000 80af 	beq.w	1000bcae <__gethex+0x4de>
1000bb50:	2a00      	cmp	r2, #0
1000bb52:	f300 80e2 	bgt.w	1000bd1a <__gethex+0x54a>
1000bb56:	2200      	movs	r2, #0
1000bb58:	f8ca 2010 	str.w	r2, [sl, #16]
1000bb5c:	2200      	movs	r2, #0
1000bb5e:	f8ca 2014 	str.w	r2, [sl, #20]
1000bb62:	9b00      	ldr	r3, [sp, #0]
1000bb64:	f10b 0b01 	add.w	fp, fp, #1
1000bb68:	689a      	ldr	r2, [r3, #8]
1000bb6a:	455a      	cmp	r2, fp
1000bb6c:	da6b      	bge.n	1000bc46 <__gethex+0x476>
1000bb6e:	4651      	mov	r1, sl
1000bb70:	9801      	ldr	r0, [sp, #4]
1000bb72:	f000 fa8b 	bl	1000c08c <_Bfree>
1000bb76:	2300      	movs	r3, #0
1000bb78:	9a0e      	ldr	r2, [sp, #56]	@ 0x38
1000bb7a:	24a3      	movs	r4, #163	@ 0xa3
1000bb7c:	6013      	str	r3, [r2, #0]
1000bb7e:	e6c5      	b.n	1000b90c <__gethex+0x13c>
1000bb80:	2000      	movs	r0, #0
1000bb82:	e6b1      	b.n	1000b8e8 <__gethex+0x118>
1000bb84:	46ab      	mov	fp, r5
1000bb86:	e65e      	b.n	1000b846 <__gethex+0x76>
1000bb88:	1bae      	subs	r6, r5, r6
1000bb8a:	4651      	mov	r1, sl
1000bb8c:	9801      	ldr	r0, [sp, #4]
1000bb8e:	4632      	mov	r2, r6
1000bb90:	ebab 0b06 	sub.w	fp, fp, r6
1000bb94:	f000 fcda 	bl	1000c54c <__lshift>
1000bb98:	9b00      	ldr	r3, [sp, #0]
1000bb9a:	4682      	mov	sl, r0
1000bb9c:	689a      	ldr	r2, [r3, #8]
1000bb9e:	4593      	cmp	fp, r2
1000bba0:	dce5      	bgt.n	1000bb6e <__gethex+0x39e>
1000bba2:	685a      	ldr	r2, [r3, #4]
1000bba4:	4593      	cmp	fp, r2
1000bba6:	da97      	bge.n	1000bad8 <__gethex+0x308>
1000bba8:	eba2 0b0b 	sub.w	fp, r2, fp
1000bbac:	f100 0314 	add.w	r3, r0, #20
1000bbb0:	45ab      	cmp	fp, r5
1000bbb2:	9302      	str	r3, [sp, #8]
1000bbb4:	f6bf af4a 	bge.w	1000ba4c <__gethex+0x27c>
1000bbb8:	e6d4      	b.n	1000b964 <__gethex+0x194>
1000bbba:	7872      	ldrb	r2, [r6, #1]
1000bbbc:	1c75      	adds	r5, r6, #1
1000bbbe:	f818 1002 	ldrb.w	r1, [r8, r2]
1000bbc2:	462e      	mov	r6, r5
1000bbc4:	2900      	cmp	r1, #0
1000bbc6:	f43f ae3e 	beq.w	1000b846 <__gethex+0x76>
1000bbca:	f816 2f01 	ldrb.w	r2, [r6, #1]!
1000bbce:	f818 3002 	ldrb.w	r3, [r8, r2]
1000bbd2:	2b00      	cmp	r3, #0
1000bbd4:	d1f9      	bne.n	1000bbca <__gethex+0x3fa>
1000bbd6:	e633      	b.n	1000b840 <__gethex+0x70>
1000bbd8:	1c8c      	adds	r4, r1, #2
1000bbda:	f04f 0900 	mov.w	r9, #0
1000bbde:	e60d      	b.n	1000b7fc <__gethex+0x2c>
1000bbe0:	2401      	movs	r4, #1
1000bbe2:	2f00      	cmp	r7, #0
1000bbe4:	f43f af79 	beq.w	1000bada <__gethex+0x30a>
1000bbe8:	9b00      	ldr	r3, [sp, #0]
1000bbea:	68da      	ldr	r2, [r3, #12]
1000bbec:	2a02      	cmp	r2, #2
1000bbee:	d006      	beq.n	1000bbfe <__gethex+0x42e>
1000bbf0:	2a03      	cmp	r2, #3
1000bbf2:	d008      	beq.n	1000bc06 <__gethex+0x436>
1000bbf4:	2a01      	cmp	r2, #1
1000bbf6:	d033      	beq.n	1000bc60 <__gethex+0x490>
1000bbf8:	f044 0410 	orr.w	r4, r4, #16
1000bbfc:	e76d      	b.n	1000bada <__gethex+0x30a>
1000bbfe:	9b0f      	ldr	r3, [sp, #60]	@ 0x3c
1000bc00:	f1c3 0301 	rsb	r3, r3, #1
1000bc04:	930f      	str	r3, [sp, #60]	@ 0x3c
1000bc06:	9b0f      	ldr	r3, [sp, #60]	@ 0x3c
1000bc08:	2b00      	cmp	r3, #0
1000bc0a:	d0f5      	beq.n	1000bbf8 <__gethex+0x428>
1000bc0c:	9b02      	ldr	r3, [sp, #8]
1000bc0e:	2600      	movs	r6, #0
1000bc10:	f8da 7010 	ldr.w	r7, [sl, #16]
1000bc14:	4698      	mov	r8, r3
1000bc16:	461a      	mov	r2, r3
1000bc18:	ea4f 0987 	mov.w	r9, r7, lsl #2
1000bc1c:	eb03 0087 	add.w	r0, r3, r7, lsl #2
1000bc20:	e003      	b.n	1000bc2a <__gethex+0x45a>
1000bc22:	4290      	cmp	r0, r2
1000bc24:	f842 6c04 	str.w	r6, [r2, #-4]
1000bc28:	d981      	bls.n	1000bb2e <__gethex+0x35e>
1000bc2a:	4694      	mov	ip, r2
1000bc2c:	f852 1b04 	ldr.w	r1, [r2], #4
1000bc30:	1c4b      	adds	r3, r1, #1
1000bc32:	d0f6      	beq.n	1000bc22 <__gethex+0x452>
1000bc34:	3101      	adds	r1, #1
1000bc36:	2c02      	cmp	r4, #2
1000bc38:	f8cc 1000 	str.w	r1, [ip]
1000bc3c:	d037      	beq.n	1000bcae <__gethex+0x4de>
1000bc3e:	f015 051f 	ands.w	r5, r5, #31
1000bc42:	f040 8097 	bne.w	1000bd74 <__gethex+0x5a4>
1000bc46:	2421      	movs	r4, #33	@ 0x21
1000bc48:	e747      	b.n	1000bada <__gethex+0x30a>
1000bc4a:	9e02      	ldr	r6, [sp, #8]
1000bc4c:	f04f 0900 	mov.w	r9, #0
1000bc50:	e669      	b.n	1000b926 <__gethex+0x156>
1000bc52:	f10b 36ff 	add.w	r6, fp, #4294967295	@ 0xffffffff
1000bc56:	2f00      	cmp	r7, #0
1000bc58:	f43f ae86 	beq.w	1000b968 <__gethex+0x198>
1000bc5c:	2701      	movs	r7, #1
1000bc5e:	e687      	b.n	1000b970 <__gethex+0x1a0>
1000bc60:	07b9      	lsls	r1, r7, #30
1000bc62:	d5c9      	bpl.n	1000bbf8 <__gethex+0x428>
1000bc64:	9b02      	ldr	r3, [sp, #8]
1000bc66:	681a      	ldr	r2, [r3, #0]
1000bc68:	4317      	orrs	r7, r2
1000bc6a:	07fa      	lsls	r2, r7, #31
1000bc6c:	d4ce      	bmi.n	1000bc0c <__gethex+0x43c>
1000bc6e:	e7c3      	b.n	1000bbf8 <__gethex+0x428>
1000bc70:	4631      	mov	r1, r6
1000bc72:	4650      	mov	r0, sl
1000bc74:	f000 fef6 	bl	1000ca64 <__any_on>
1000bc78:	4607      	mov	r7, r0
1000bc7a:	e679      	b.n	1000b970 <__gethex+0x1a0>
1000bc7c:	1eb1      	subs	r1, r6, #2
1000bc7e:	4650      	mov	r0, sl
1000bc80:	f000 fef0 	bl	1000ca64 <__any_on>
1000bc84:	2800      	cmp	r0, #0
1000bc86:	f43f aecc 	beq.w	1000ba22 <__gethex+0x252>
1000bc8a:	2703      	movs	r7, #3
1000bc8c:	e6ca      	b.n	1000ba24 <__gethex+0x254>
1000bc8e:	f7ff fd49 	bl	1000b724 <rshift>
1000bc92:	9b00      	ldr	r3, [sp, #0]
1000bc94:	2402      	movs	r4, #2
1000bc96:	f8d3 b004 	ldr.w	fp, [r3, #4]
1000bc9a:	e7a2      	b.n	1000bbe2 <__gethex+0x412>
1000bc9c:	f04f 0b00 	mov.w	fp, #0
1000bca0:	2701      	movs	r7, #1
1000bca2:	e619      	b.n	1000b8d8 <__gethex+0x108>
1000bca4:	9b0f      	ldr	r3, [sp, #60]	@ 0x3c
1000bca6:	2b00      	cmp	r3, #0
1000bca8:	f47f aee7 	bne.w	1000ba7a <__gethex+0x2aa>
1000bcac:	e733      	b.n	1000bb16 <__gethex+0x346>
1000bcae:	9b00      	ldr	r3, [sp, #0]
1000bcb0:	681a      	ldr	r2, [r3, #0]
1000bcb2:	3a01      	subs	r2, #1
1000bcb4:	42aa      	cmp	r2, r5
1000bcb6:	d06a      	beq.n	1000bd8e <__gethex+0x5be>
1000bcb8:	2422      	movs	r4, #34	@ 0x22
1000bcba:	e70e      	b.n	1000bada <__gethex+0x30a>
1000bcbc:	f047 0702 	orr.w	r7, r7, #2
1000bcc0:	2402      	movs	r4, #2
1000bcc2:	e7cf      	b.n	1000bc64 <__gethex+0x494>
1000bcc4:	2402      	movs	r4, #2
1000bcc6:	e79e      	b.n	1000bc06 <__gethex+0x436>
1000bcc8:	f04f 0901 	mov.w	r9, #1
1000bccc:	e5a5      	b.n	1000b81a <__gethex+0x4a>
1000bcce:	f8da 1004 	ldr.w	r1, [sl, #4]
1000bcd2:	9801      	ldr	r0, [sp, #4]
1000bcd4:	3101      	adds	r1, #1
1000bcd6:	f000 f9b3 	bl	1000c040 <_Balloc>
1000bcda:	4606      	mov	r6, r0
1000bcdc:	2800      	cmp	r0, #0
1000bcde:	d06a      	beq.n	1000bdb6 <__gethex+0x5e6>
1000bce0:	f8da 2010 	ldr.w	r2, [sl, #16]
1000bce4:	f10a 010c 	add.w	r1, sl, #12
1000bce8:	300c      	adds	r0, #12
1000bcea:	f106 0814 	add.w	r8, r6, #20
1000bcee:	3202      	adds	r2, #2
1000bcf0:	0092      	lsls	r2, r2, #2
1000bcf2:	f7fb fb8b 	bl	1000740c <memcpy>
1000bcf6:	4651      	mov	r1, sl
1000bcf8:	9801      	ldr	r0, [sp, #4]
1000bcfa:	46b2      	mov	sl, r6
1000bcfc:	f000 f9c6 	bl	1000c08c <_Bfree>
1000bd00:	6931      	ldr	r1, [r6, #16]
1000bd02:	2001      	movs	r0, #1
1000bd04:	2c02      	cmp	r4, #2
1000bd06:	eb01 0200 	add.w	r2, r1, r0
1000bd0a:	eb06 0181 	add.w	r1, r6, r1, lsl #2
1000bd0e:	6132      	str	r2, [r6, #16]
1000bd10:	6148      	str	r0, [r1, #20]
1000bd12:	d0cc      	beq.n	1000bcae <__gethex+0x4de>
1000bd14:	4297      	cmp	r7, r2
1000bd16:	da92      	bge.n	1000bc3e <__gethex+0x46e>
1000bd18:	e71a      	b.n	1000bb50 <__gethex+0x380>
1000bd1a:	eb08 0482 	add.w	r4, r8, r2, lsl #2
1000bd1e:	f10a 0018 	add.w	r0, sl, #24
1000bd22:	f8da 2014 	ldr.w	r2, [sl, #20]
1000bd26:	4284      	cmp	r4, r0
1000bd28:	ea4f 0252 	mov.w	r2, r2, lsr #1
1000bd2c:	d93b      	bls.n	1000bda6 <__gethex+0x5d6>
1000bd2e:	4645      	mov	r5, r8
1000bd30:	6803      	ldr	r3, [r0, #0]
1000bd32:	ea42 72c3 	orr.w	r2, r2, r3, lsl #31
1000bd36:	f845 2b04 	str.w	r2, [r5], #4
1000bd3a:	f850 2b04 	ldr.w	r2, [r0], #4
1000bd3e:	4284      	cmp	r4, r0
1000bd40:	ea4f 0252 	mov.w	r2, r2, lsr #1
1000bd44:	d8f4      	bhi.n	1000bd30 <__gethex+0x560>
1000bd46:	eba4 010a 	sub.w	r1, r4, sl
1000bd4a:	f108 0004 	add.w	r0, r8, #4
1000bd4e:	3919      	subs	r1, #25
1000bd50:	088c      	lsrs	r4, r1, #2
1000bd52:	f021 0103 	bic.w	r1, r1, #3
1000bd56:	f840 2024 	str.w	r2, [r0, r4, lsl #2]
1000bd5a:	4401      	add	r1, r0
1000bd5c:	b102      	cbz	r2, 1000bd60 <__gethex+0x590>
1000bd5e:	3104      	adds	r1, #4
1000bd60:	eba1 0208 	sub.w	r2, r1, r8
1000bd64:	4541      	cmp	r1, r8
1000bd66:	ea4f 02a2 	mov.w	r2, r2, asr #2
1000bd6a:	f8ca 2010 	str.w	r2, [sl, #16]
1000bd6e:	f47f aef8 	bne.w	1000bb62 <__gethex+0x392>
1000bd72:	e6f3      	b.n	1000bb5c <__gethex+0x38c>
1000bd74:	44c1      	add	r9, r8
1000bd76:	f1c5 0520 	rsb	r5, r5, #32
1000bd7a:	f859 0c04 	ldr.w	r0, [r9, #-4]
1000bd7e:	f000 fa39 	bl	1000c1f4 <__hi0bits>
1000bd82:	42a8      	cmp	r0, r5
1000bd84:	f6bf af5f 	bge.w	1000bc46 <__gethex+0x476>
1000bd88:	f8da 2010 	ldr.w	r2, [sl, #16]
1000bd8c:	e6e0      	b.n	1000bb50 <__gethex+0x380>
1000bd8e:	116a      	asrs	r2, r5, #5
1000bd90:	f005 051f 	and.w	r5, r5, #31
1000bd94:	f858 1022 	ldr.w	r1, [r8, r2, lsl #2]
1000bd98:	2201      	movs	r2, #1
1000bd9a:	40aa      	lsls	r2, r5
1000bd9c:	420a      	tst	r2, r1
1000bd9e:	bf14      	ite	ne
1000bda0:	2421      	movne	r4, #33	@ 0x21
1000bda2:	2422      	moveq	r4, #34	@ 0x22
1000bda4:	e699      	b.n	1000bada <__gethex+0x30a>
1000bda6:	f8c8 2000 	str.w	r2, [r8]
1000bdaa:	b10a      	cbz	r2, 1000bdb0 <__gethex+0x5e0>
1000bdac:	4641      	mov	r1, r8
1000bdae:	e7d6      	b.n	1000bd5e <__gethex+0x58e>
1000bdb0:	f8ca 2010 	str.w	r2, [sl, #16]
1000bdb4:	e6d2      	b.n	1000bb5c <__gethex+0x38c>
1000bdb6:	4602      	mov	r2, r0
1000bdb8:	4b05      	ldr	r3, [pc, #20]	@ (1000bdd0 <__gethex+0x600>)
1000bdba:	2184      	movs	r1, #132	@ 0x84
1000bdbc:	4805      	ldr	r0, [pc, #20]	@ (1000bdd4 <__gethex+0x604>)
1000bdbe:	f7f7 fe81 	bl	10003ac4 <__assert_func>
1000bdc2:	4602      	mov	r2, r0
1000bdc4:	4b02      	ldr	r3, [pc, #8]	@ (1000bdd0 <__gethex+0x600>)
1000bdc6:	21e4      	movs	r1, #228	@ 0xe4
1000bdc8:	4802      	ldr	r0, [pc, #8]	@ (1000bdd4 <__gethex+0x604>)
1000bdca:	f7f7 fe7b 	bl	10003ac4 <__assert_func>
1000bdce:	bf00      	nop
1000bdd0:	1000d02c 	.word	0x1000d02c
1000bdd4:	1000d040 	.word	0x1000d040

1000bdd8 <__match>:
1000bdd8:	b510      	push	{r4, lr}
1000bdda:	6804      	ldr	r4, [r0, #0]
1000bddc:	4686      	mov	lr, r0
1000bdde:	3401      	adds	r4, #1
1000bde0:	e009      	b.n	1000bdf6 <__match+0x1e>
1000bde2:	f814 3b01 	ldrb.w	r3, [r4], #1
1000bde6:	f1a3 0c41 	sub.w	ip, r3, #65	@ 0x41
1000bdea:	f1bc 0f19 	cmp.w	ip, #25
1000bdee:	bf98      	it	ls
1000bdf0:	3320      	addls	r3, #32
1000bdf2:	4293      	cmp	r3, r2
1000bdf4:	d107      	bne.n	1000be06 <__match+0x2e>
1000bdf6:	f811 2b01 	ldrb.w	r2, [r1], #1
1000bdfa:	2a00      	cmp	r2, #0
1000bdfc:	d1f1      	bne.n	1000bde2 <__match+0xa>
1000bdfe:	2001      	movs	r0, #1
1000be00:	f8ce 4000 	str.w	r4, [lr]
1000be04:	bd10      	pop	{r4, pc}
1000be06:	2000      	movs	r0, #0
1000be08:	bd10      	pop	{r4, pc}
1000be0a:	bf00      	nop

1000be0c <__hexnan>:
1000be0c:	6809      	ldr	r1, [r1, #0]
1000be0e:	e92d 4ff0 	stmdb	sp!, {r4, r5, r6, r7, r8, r9, sl, fp, lr}
1000be12:	114b      	asrs	r3, r1, #5
1000be14:	b085      	sub	sp, #20
1000be16:	f011 011f 	ands.w	r1, r1, #31
1000be1a:	4604      	mov	r4, r0
1000be1c:	eb02 0383 	add.w	r3, r2, r3, lsl #2
1000be20:	9102      	str	r1, [sp, #8]
1000be22:	f040 809b 	bne.w	1000bf5c <__hexnan+0x150>
1000be26:	1f18      	subs	r0, r3, #4
1000be28:	4619      	mov	r1, r3
1000be2a:	6825      	ldr	r5, [r4, #0]
1000be2c:	2600      	movs	r6, #0
1000be2e:	f841 6c04 	str.w	r6, [r1, #-4]
1000be32:	3501      	adds	r5, #1
1000be34:	782b      	ldrb	r3, [r5, #0]
1000be36:	2b00      	cmp	r3, #0
1000be38:	f000 80a8 	beq.w	1000bf8c <__hexnan+0x180>
1000be3c:	46b4      	mov	ip, r6
1000be3e:	9101      	str	r1, [sp, #4]
1000be40:	4606      	mov	r6, r0
1000be42:	4686      	mov	lr, r0
1000be44:	f8df 8184 	ldr.w	r8, [pc, #388]	@ 1000bfcc <__hexnan+0x1c0>
1000be48:	46e1      	mov	r9, ip
1000be4a:	4667      	mov	r7, ip
1000be4c:	46e3      	mov	fp, ip
1000be4e:	46aa      	mov	sl, r5
1000be50:	4601      	mov	r1, r0
1000be52:	9403      	str	r4, [sp, #12]
1000be54:	f818 0003 	ldrb.w	r0, [r8, r3]
1000be58:	2800      	cmp	r0, #0
1000be5a:	d15d      	bne.n	1000bf18 <__hexnan+0x10c>
1000be5c:	2b20      	cmp	r3, #32
1000be5e:	f200 808f 	bhi.w	1000bf80 <__hexnan+0x174>
1000be62:	454f      	cmp	r7, r9
1000be64:	dd20      	ble.n	1000bea8 <__hexnan+0x9c>
1000be66:	45b6      	cmp	lr, r6
1000be68:	d21a      	bcs.n	1000bea0 <__hexnan+0x94>
1000be6a:	f1bc 0f07 	cmp.w	ip, #7
1000be6e:	dc17      	bgt.n	1000bea0 <__hexnan+0x94>
1000be70:	f1cc 0408 	rsb	r4, ip, #8
1000be74:	f8de 3000 	ldr.w	r3, [lr]
1000be78:	4670      	mov	r0, lr
1000be7a:	f8cd e000 	str.w	lr, [sp]
1000be7e:	00a4      	lsls	r4, r4, #2
1000be80:	f1c4 0c20 	rsb	ip, r4, #32
1000be84:	46a6      	mov	lr, r4
1000be86:	6844      	ldr	r4, [r0, #4]
1000be88:	fa04 f50c 	lsl.w	r5, r4, ip
1000be8c:	431d      	orrs	r5, r3
1000be8e:	fa24 f30e 	lsr.w	r3, r4, lr
1000be92:	6005      	str	r5, [r0, #0]
1000be94:	f840 3f04 	str.w	r3, [r0, #4]!
1000be98:	42b0      	cmp	r0, r6
1000be9a:	d3f4      	bcc.n	1000be86 <__hexnan+0x7a>
1000be9c:	f8dd e000 	ldr.w	lr, [sp]
1000bea0:	4572      	cmp	r2, lr
1000bea2:	d352      	bcc.n	1000bf4a <__hexnan+0x13e>
1000bea4:	f04f 0c08 	mov.w	ip, #8
1000bea8:	f81a 3f01 	ldrb.w	r3, [sl, #1]!
1000beac:	2b00      	cmp	r3, #0
1000beae:	d1d1      	bne.n	1000be54 <__hexnan+0x48>
1000beb0:	4608      	mov	r0, r1
1000beb2:	9901      	ldr	r1, [sp, #4]
1000beb4:	2f00      	cmp	r7, #0
1000beb6:	d069      	beq.n	1000bf8c <__hexnan+0x180>
1000beb8:	45b6      	cmp	lr, r6
1000beba:	d202      	bcs.n	1000bec2 <__hexnan+0xb6>
1000bebc:	f1bc 0f07 	cmp.w	ip, #7
1000bec0:	dd68      	ble.n	1000bf94 <__hexnan+0x188>
1000bec2:	4572      	cmp	r2, lr
1000bec4:	d24d      	bcs.n	1000bf62 <__hexnan+0x156>
1000bec6:	1f14      	subs	r4, r2, #4
1000bec8:	4673      	mov	r3, lr
1000beca:	f853 5b04 	ldr.w	r5, [r3], #4
1000bece:	4283      	cmp	r3, r0
1000bed0:	f844 5f04 	str.w	r5, [r4, #4]!
1000bed4:	d9f9      	bls.n	1000beca <__hexnan+0xbe>
1000bed6:	eba0 030e 	sub.w	r3, r0, lr
1000beda:	1c44      	adds	r4, r0, #1
1000bedc:	f10e 0e01 	add.w	lr, lr, #1
1000bee0:	2500      	movs	r5, #0
1000bee2:	f023 0303 	bic.w	r3, r3, #3
1000bee6:	45a6      	cmp	lr, r4
1000bee8:	bf88      	it	hi
1000beea:	2300      	movhi	r3, #0
1000beec:	1d14      	adds	r4, r2, #4
1000beee:	4423      	add	r3, r4
1000bef0:	461c      	mov	r4, r3
1000bef2:	3304      	adds	r3, #4
1000bef4:	4283      	cmp	r3, r0
1000bef6:	6025      	str	r5, [r4, #0]
1000bef8:	d9fa      	bls.n	1000bef0 <__hexnan+0xe4>
1000befa:	f851 4c04 	ldr.w	r4, [r1, #-4]
1000befe:	b11c      	cbz	r4, 1000bf08 <__hexnan+0xfc>
1000bf00:	e006      	b.n	1000bf10 <__hexnan+0x104>
1000bf02:	f850 3d04 	ldr.w	r3, [r0, #-4]!
1000bf06:	b91b      	cbnz	r3, 1000bf10 <__hexnan+0x104>
1000bf08:	4282      	cmp	r2, r0
1000bf0a:	d1fa      	bne.n	1000bf02 <__hexnan+0xf6>
1000bf0c:	2301      	movs	r3, #1
1000bf0e:	6013      	str	r3, [r2, #0]
1000bf10:	2005      	movs	r0, #5
1000bf12:	b005      	add	sp, #20
1000bf14:	e8bd 8ff0 	ldmia.w	sp!, {r4, r5, r6, r7, r8, r9, sl, fp, pc}
1000bf18:	f10c 0c01 	add.w	ip, ip, #1
1000bf1c:	3701      	adds	r7, #1
1000bf1e:	f1bc 0f08 	cmp.w	ip, #8
1000bf22:	dc08      	bgt.n	1000bf36 <__hexnan+0x12a>
1000bf24:	f8de 3000 	ldr.w	r3, [lr]
1000bf28:	011b      	lsls	r3, r3, #4
1000bf2a:	f000 000f 	and.w	r0, r0, #15
1000bf2e:	4318      	orrs	r0, r3
1000bf30:	f8ce 0000 	str.w	r0, [lr]
1000bf34:	e7b8      	b.n	1000bea8 <__hexnan+0x9c>
1000bf36:	4572      	cmp	r2, lr
1000bf38:	d2b6      	bcs.n	1000bea8 <__hexnan+0x9c>
1000bf3a:	f84e bc04 	str.w	fp, [lr, #-4]
1000bf3e:	2300      	movs	r3, #0
1000bf40:	f1ae 0e04 	sub.w	lr, lr, #4
1000bf44:	f04f 0c01 	mov.w	ip, #1
1000bf48:	e7ef      	b.n	1000bf2a <__hexnan+0x11e>
1000bf4a:	f1ae 0604 	sub.w	r6, lr, #4
1000bf4e:	f84e bc04 	str.w	fp, [lr, #-4]
1000bf52:	46b9      	mov	r9, r7
1000bf54:	f04f 0c00 	mov.w	ip, #0
1000bf58:	46b6      	mov	lr, r6
1000bf5a:	e7a5      	b.n	1000bea8 <__hexnan+0x9c>
1000bf5c:	1d19      	adds	r1, r3, #4
1000bf5e:	4618      	mov	r0, r3
1000bf60:	e763      	b.n	1000be2a <__hexnan+0x1e>
1000bf62:	9b02      	ldr	r3, [sp, #8]
1000bf64:	f851 4c04 	ldr.w	r4, [r1, #-4]
1000bf68:	2b00      	cmp	r3, #0
1000bf6a:	d0c8      	beq.n	1000befe <__hexnan+0xf2>
1000bf6c:	f1c3 0320 	rsb	r3, r3, #32
1000bf70:	f04f 35ff 	mov.w	r5, #4294967295	@ 0xffffffff
1000bf74:	fa25 f303 	lsr.w	r3, r5, r3
1000bf78:	401c      	ands	r4, r3
1000bf7a:	f841 4c04 	str.w	r4, [r1, #-4]
1000bf7e:	e7be      	b.n	1000befe <__hexnan+0xf2>
1000bf80:	2b29      	cmp	r3, #41	@ 0x29
1000bf82:	4608      	mov	r0, r1
1000bf84:	4655      	mov	r5, sl
1000bf86:	9901      	ldr	r1, [sp, #4]
1000bf88:	9c03      	ldr	r4, [sp, #12]
1000bf8a:	d01b      	beq.n	1000bfc4 <__hexnan+0x1b8>
1000bf8c:	2004      	movs	r0, #4
1000bf8e:	b005      	add	sp, #20
1000bf90:	e8bd 8ff0 	ldmia.w	sp!, {r4, r5, r6, r7, r8, r9, sl, fp, pc}
1000bf94:	f1cc 0308 	rsb	r3, ip, #8
1000bf98:	f8de 4000 	ldr.w	r4, [lr]
1000bf9c:	4677      	mov	r7, lr
1000bf9e:	009b      	lsls	r3, r3, #2
1000bfa0:	4625      	mov	r5, r4
1000bfa2:	f1c3 0820 	rsb	r8, r3, #32
1000bfa6:	469c      	mov	ip, r3
1000bfa8:	687b      	ldr	r3, [r7, #4]
1000bfaa:	fa03 f408 	lsl.w	r4, r3, r8
1000bfae:	432c      	orrs	r4, r5
1000bfb0:	fa23 f50c 	lsr.w	r5, r3, ip
1000bfb4:	603c      	str	r4, [r7, #0]
1000bfb6:	f847 5f04 	str.w	r5, [r7, #4]!
1000bfba:	42b7      	cmp	r7, r6
1000bfbc:	d3f4      	bcc.n	1000bfa8 <__hexnan+0x19c>
1000bfbe:	4572      	cmp	r2, lr
1000bfc0:	d381      	bcc.n	1000bec6 <__hexnan+0xba>
1000bfc2:	e7ce      	b.n	1000bf62 <__hexnan+0x156>
1000bfc4:	3501      	adds	r5, #1
1000bfc6:	6025      	str	r5, [r4, #0]
1000bfc8:	e774      	b.n	1000beb4 <__hexnan+0xa8>
1000bfca:	bf00      	nop
1000bfcc:	10013fa8 	.word	0x10013fa8

1000bfd0 <__ascii_mbtowc>:
1000bfd0:	b082      	sub	sp, #8
1000bfd2:	b149      	cbz	r1, 1000bfe8 <__ascii_mbtowc+0x18>
1000bfd4:	b15a      	cbz	r2, 1000bfee <__ascii_mbtowc+0x1e>
1000bfd6:	b16b      	cbz	r3, 1000bff4 <__ascii_mbtowc+0x24>
1000bfd8:	7813      	ldrb	r3, [r2, #0]
1000bfda:	600b      	str	r3, [r1, #0]
1000bfdc:	7812      	ldrb	r2, [r2, #0]
1000bfde:	1e10      	subs	r0, r2, #0
1000bfe0:	bf18      	it	ne
1000bfe2:	2001      	movne	r0, #1
1000bfe4:	b002      	add	sp, #8
1000bfe6:	4770      	bx	lr
1000bfe8:	a901      	add	r1, sp, #4
1000bfea:	2a00      	cmp	r2, #0
1000bfec:	d1f3      	bne.n	1000bfd6 <__ascii_mbtowc+0x6>
1000bfee:	4610      	mov	r0, r2
1000bff0:	b002      	add	sp, #8
1000bff2:	4770      	bx	lr
1000bff4:	f06f 0001 	mvn.w	r0, #1
1000bff8:	e7f4      	b.n	1000bfe4 <__ascii_mbtowc+0x14>
1000bffa:	bf00      	nop

1000bffc <_fwalk_sglue>:
1000bffc:	e92d 43f8 	stmdb	sp!, {r3, r4, r5, r6, r7, r8, r9, lr}
1000c000:	f04f 0900 	mov.w	r9, #0
1000c004:	4607      	mov	r7, r0
1000c006:	4688      	mov	r8, r1
1000c008:	4616      	mov	r6, r2
1000c00a:	e9d6 5401 	ldrd	r5, r4, [r6, #4]
1000c00e:	3d01      	subs	r5, #1
1000c010:	d40f      	bmi.n	1000c032 <_fwalk_sglue+0x36>
1000c012:	89a3      	ldrh	r3, [r4, #12]
1000c014:	2b01      	cmp	r3, #1
1000c016:	d908      	bls.n	1000c02a <_fwalk_sglue+0x2e>
1000c018:	f9b4 300e 	ldrsh.w	r3, [r4, #14]
1000c01c:	4621      	mov	r1, r4
1000c01e:	4638      	mov	r0, r7
1000c020:	3301      	adds	r3, #1
1000c022:	d002      	beq.n	1000c02a <_fwalk_sglue+0x2e>
1000c024:	47c0      	blx	r8
1000c026:	ea49 0900 	orr.w	r9, r9, r0
1000c02a:	3d01      	subs	r5, #1
1000c02c:	3468      	adds	r4, #104	@ 0x68
1000c02e:	1c6b      	adds	r3, r5, #1
1000c030:	d1ef      	bne.n	1000c012 <_fwalk_sglue+0x16>
1000c032:	6836      	ldr	r6, [r6, #0]
1000c034:	2e00      	cmp	r6, #0
1000c036:	d1e8      	bne.n	1000c00a <_fwalk_sglue+0xe>
1000c038:	4648      	mov	r0, r9
1000c03a:	e8bd 83f8 	ldmia.w	sp!, {r3, r4, r5, r6, r7, r8, r9, pc}
1000c03e:	bf00      	nop

1000c040 <_Balloc>:
1000c040:	b538      	push	{r3, r4, r5, lr}
1000c042:	6c43      	ldr	r3, [r0, #68]	@ 0x44
1000c044:	4605      	mov	r5, r0
1000c046:	460c      	mov	r4, r1
1000c048:	b14b      	cbz	r3, 1000c05e <_Balloc+0x1e>
1000c04a:	f853 0024 	ldr.w	r0, [r3, r4, lsl #2]
1000c04e:	b180      	cbz	r0, 1000c072 <_Balloc+0x32>
1000c050:	6802      	ldr	r2, [r0, #0]
1000c052:	f843 2024 	str.w	r2, [r3, r4, lsl #2]
1000c056:	2300      	movs	r3, #0
1000c058:	e9c0 3303 	strd	r3, r3, [r0, #12]
1000c05c:	bd38      	pop	{r3, r4, r5, pc}
1000c05e:	2221      	movs	r2, #33	@ 0x21
1000c060:	2104      	movs	r1, #4
1000c062:	f7fa fb15 	bl	10006690 <_calloc_r>
1000c066:	4603      	mov	r3, r0
1000c068:	6468      	str	r0, [r5, #68]	@ 0x44
1000c06a:	2800      	cmp	r0, #0
1000c06c:	d1ed      	bne.n	1000c04a <_Balloc+0xa>
1000c06e:	2000      	movs	r0, #0
1000c070:	bd38      	pop	{r3, r4, r5, pc}
1000c072:	2101      	movs	r1, #1
1000c074:	4628      	mov	r0, r5
1000c076:	fa01 f504 	lsl.w	r5, r1, r4
1000c07a:	1d6a      	adds	r2, r5, #5
1000c07c:	0092      	lsls	r2, r2, #2
1000c07e:	f7fa fb07 	bl	10006690 <_calloc_r>
1000c082:	2800      	cmp	r0, #0
1000c084:	d0f3      	beq.n	1000c06e <_Balloc+0x2e>
1000c086:	e9c0 4501 	strd	r4, r5, [r0, #4]
1000c08a:	e7e4      	b.n	1000c056 <_Balloc+0x16>

1000c08c <_Bfree>:
1000c08c:	b131      	cbz	r1, 1000c09c <_Bfree+0x10>
1000c08e:	6c43      	ldr	r3, [r0, #68]	@ 0x44
1000c090:	684a      	ldr	r2, [r1, #4]
1000c092:	f853 0022 	ldr.w	r0, [r3, r2, lsl #2]
1000c096:	6008      	str	r0, [r1, #0]
1000c098:	f843 1022 	str.w	r1, [r3, r2, lsl #2]
1000c09c:	4770      	bx	lr
1000c09e:	bf00      	nop

1000c0a0 <__multadd>:
1000c0a0:	e92d 41f0 	stmdb	sp!, {r4, r5, r6, r7, r8, lr}
1000c0a4:	4607      	mov	r7, r0
1000c0a6:	460e      	mov	r6, r1
1000c0a8:	461c      	mov	r4, r3
1000c0aa:	690d      	ldr	r5, [r1, #16]
1000c0ac:	f101 0e14 	add.w	lr, r1, #20
1000c0b0:	2000      	movs	r0, #0
1000c0b2:	f8de 1000 	ldr.w	r1, [lr]
1000c0b6:	3001      	adds	r0, #1
1000c0b8:	b28b      	uxth	r3, r1
1000c0ba:	4285      	cmp	r5, r0
1000c0bc:	ea4f 4111 	mov.w	r1, r1, lsr #16
1000c0c0:	fb02 4303 	mla	r3, r2, r3, r4
1000c0c4:	ea4f 4c13 	mov.w	ip, r3, lsr #16
1000c0c8:	b29b      	uxth	r3, r3
1000c0ca:	fb02 cc01 	mla	ip, r2, r1, ip
1000c0ce:	eb03 430c 	add.w	r3, r3, ip, lsl #16
1000c0d2:	ea4f 441c 	mov.w	r4, ip, lsr #16
1000c0d6:	f84e 3b04 	str.w	r3, [lr], #4
1000c0da:	dcea      	bgt.n	1000c0b2 <__multadd+0x12>
1000c0dc:	b13c      	cbz	r4, 1000c0ee <__multadd+0x4e>
1000c0de:	68b3      	ldr	r3, [r6, #8]
1000c0e0:	42ab      	cmp	r3, r5
1000c0e2:	dd07      	ble.n	1000c0f4 <__multadd+0x54>
1000c0e4:	eb06 0385 	add.w	r3, r6, r5, lsl #2
1000c0e8:	3501      	adds	r5, #1
1000c0ea:	615c      	str	r4, [r3, #20]
1000c0ec:	6135      	str	r5, [r6, #16]
1000c0ee:	4630      	mov	r0, r6
1000c0f0:	e8bd 81f0 	ldmia.w	sp!, {r4, r5, r6, r7, r8, pc}
1000c0f4:	6871      	ldr	r1, [r6, #4]
1000c0f6:	4638      	mov	r0, r7
1000c0f8:	3101      	adds	r1, #1
1000c0fa:	f7ff ffa1 	bl	1000c040 <_Balloc>
1000c0fe:	4680      	mov	r8, r0
1000c100:	b1a8      	cbz	r0, 1000c12e <__multadd+0x8e>
1000c102:	6932      	ldr	r2, [r6, #16]
1000c104:	f106 010c 	add.w	r1, r6, #12
1000c108:	300c      	adds	r0, #12
1000c10a:	3202      	adds	r2, #2
1000c10c:	0092      	lsls	r2, r2, #2
1000c10e:	f7fb f97d 	bl	1000740c <memcpy>
1000c112:	6c7b      	ldr	r3, [r7, #68]	@ 0x44
1000c114:	6872      	ldr	r2, [r6, #4]
1000c116:	f853 1022 	ldr.w	r1, [r3, r2, lsl #2]
1000c11a:	6031      	str	r1, [r6, #0]
1000c11c:	f843 6022 	str.w	r6, [r3, r2, lsl #2]
1000c120:	4646      	mov	r6, r8
1000c122:	eb06 0385 	add.w	r3, r6, r5, lsl #2
1000c126:	3501      	adds	r5, #1
1000c128:	615c      	str	r4, [r3, #20]
1000c12a:	6135      	str	r5, [r6, #16]
1000c12c:	e7df      	b.n	1000c0ee <__multadd+0x4e>
1000c12e:	4602      	mov	r2, r0
1000c130:	4b02      	ldr	r3, [pc, #8]	@ (1000c13c <__multadd+0x9c>)
1000c132:	21ba      	movs	r1, #186	@ 0xba
1000c134:	4802      	ldr	r0, [pc, #8]	@ (1000c140 <__multadd+0xa0>)
1000c136:	f7f7 fcc5 	bl	10003ac4 <__assert_func>
1000c13a:	bf00      	nop
1000c13c:	1000d02c 	.word	0x1000d02c
1000c140:	1000d0ac 	.word	0x1000d0ac

1000c144 <__s2b>:
1000c144:	e92d 43f8 	stmdb	sp!, {r3, r4, r5, r6, r7, r8, r9, lr}
1000c148:	461e      	mov	r6, r3
1000c14a:	4617      	mov	r7, r2
1000c14c:	3308      	adds	r3, #8
1000c14e:	4a26      	ldr	r2, [pc, #152]	@ (1000c1e8 <__s2b+0xa4>)
1000c150:	460c      	mov	r4, r1
1000c152:	2e09      	cmp	r6, #9
1000c154:	fb82 1203 	smull	r1, r2, r2, r3
1000c158:	ea4f 73e3 	mov.w	r3, r3, asr #31
1000c15c:	4605      	mov	r5, r0
1000c15e:	ebc3 0362 	rsb	r3, r3, r2, asr #1
1000c162:	dd38      	ble.n	1000c1d6 <__s2b+0x92>
1000c164:	f04f 0c01 	mov.w	ip, #1
1000c168:	2100      	movs	r1, #0
1000c16a:	ea4f 0c4c 	mov.w	ip, ip, lsl #1
1000c16e:	3101      	adds	r1, #1
1000c170:	4563      	cmp	r3, ip
1000c172:	dcfa      	bgt.n	1000c16a <__s2b+0x26>
1000c174:	4628      	mov	r0, r5
1000c176:	f7ff ff63 	bl	1000c040 <_Balloc>
1000c17a:	4601      	mov	r1, r0
1000c17c:	b368      	cbz	r0, 1000c1da <__s2b+0x96>
1000c17e:	9b08      	ldr	r3, [sp, #32]
1000c180:	2f09      	cmp	r7, #9
1000c182:	6143      	str	r3, [r0, #20]
1000c184:	f04f 0301 	mov.w	r3, #1
1000c188:	6103      	str	r3, [r0, #16]
1000c18a:	dc12      	bgt.n	1000c1b2 <__s2b+0x6e>
1000c18c:	340a      	adds	r4, #10
1000c18e:	2709      	movs	r7, #9
1000c190:	42be      	cmp	r6, r7
1000c192:	dd0b      	ble.n	1000c1ac <__s2b+0x68>
1000c194:	1bf6      	subs	r6, r6, r7
1000c196:	4426      	add	r6, r4
1000c198:	f814 3b01 	ldrb.w	r3, [r4], #1
1000c19c:	220a      	movs	r2, #10
1000c19e:	4628      	mov	r0, r5
1000c1a0:	3b30      	subs	r3, #48	@ 0x30
1000c1a2:	f7ff ff7d 	bl	1000c0a0 <__multadd>
1000c1a6:	42b4      	cmp	r4, r6
1000c1a8:	4601      	mov	r1, r0
1000c1aa:	d1f5      	bne.n	1000c198 <__s2b+0x54>
1000c1ac:	4608      	mov	r0, r1
1000c1ae:	e8bd 83f8 	ldmia.w	sp!, {r3, r4, r5, r6, r7, r8, r9, pc}
1000c1b2:	f104 0909 	add.w	r9, r4, #9
1000c1b6:	443c      	add	r4, r7
1000c1b8:	46c8      	mov	r8, r9
1000c1ba:	f818 3b01 	ldrb.w	r3, [r8], #1
1000c1be:	220a      	movs	r2, #10
1000c1c0:	4628      	mov	r0, r5
1000c1c2:	3b30      	subs	r3, #48	@ 0x30
1000c1c4:	f7ff ff6c 	bl	1000c0a0 <__multadd>
1000c1c8:	45a0      	cmp	r8, r4
1000c1ca:	4601      	mov	r1, r0
1000c1cc:	d1f5      	bne.n	1000c1ba <__s2b+0x76>
1000c1ce:	44b9      	add	r9, r7
1000c1d0:	f1a9 0408 	sub.w	r4, r9, #8
1000c1d4:	e7dc      	b.n	1000c190 <__s2b+0x4c>
1000c1d6:	2100      	movs	r1, #0
1000c1d8:	e7cc      	b.n	1000c174 <__s2b+0x30>
1000c1da:	4602      	mov	r2, r0
1000c1dc:	4b03      	ldr	r3, [pc, #12]	@ (1000c1ec <__s2b+0xa8>)
1000c1de:	21d3      	movs	r1, #211	@ 0xd3
1000c1e0:	4803      	ldr	r0, [pc, #12]	@ (1000c1f0 <__s2b+0xac>)
1000c1e2:	f7f7 fc6f 	bl	10003ac4 <__assert_func>
1000c1e6:	bf00      	nop
1000c1e8:	38e38e39 	.word	0x38e38e39
1000c1ec:	1000d02c 	.word	0x1000d02c
1000c1f0:	1000d0ac 	.word	0x1000d0ac

1000c1f4 <__hi0bits>:
1000c1f4:	f5b0 3f80 	cmp.w	r0, #65536	@ 0x10000
1000c1f8:	4603      	mov	r3, r0
1000c1fa:	d210      	bcs.n	1000c21e <__hi0bits+0x2a>
1000c1fc:	0403      	lsls	r3, r0, #16
1000c1fe:	2010      	movs	r0, #16
1000c200:	f1b3 7f80 	cmp.w	r3, #16777216	@ 0x1000000
1000c204:	d201      	bcs.n	1000c20a <__hi0bits+0x16>
1000c206:	3008      	adds	r0, #8
1000c208:	021b      	lsls	r3, r3, #8
1000c20a:	f1b3 5f80 	cmp.w	r3, #268435456	@ 0x10000000
1000c20e:	d308      	bcc.n	1000c222 <__hi0bits+0x2e>
1000c210:	f1b3 4f80 	cmp.w	r3, #1073741824	@ 0x40000000
1000c214:	d210      	bcs.n	1000c238 <__hi0bits+0x44>
1000c216:	009a      	lsls	r2, r3, #2
1000c218:	d413      	bmi.n	1000c242 <__hi0bits+0x4e>
1000c21a:	3003      	adds	r0, #3
1000c21c:	4770      	bx	lr
1000c21e:	2000      	movs	r0, #0
1000c220:	e7ee      	b.n	1000c200 <__hi0bits+0xc>
1000c222:	011a      	lsls	r2, r3, #4
1000c224:	3004      	adds	r0, #4
1000c226:	f1b2 4f80 	cmp.w	r2, #1073741824	@ 0x40000000
1000c22a:	d206      	bcs.n	1000c23a <__hi0bits+0x46>
1000c22c:	019b      	lsls	r3, r3, #6
1000c22e:	d408      	bmi.n	1000c242 <__hi0bits+0x4e>
1000c230:	005b      	lsls	r3, r3, #1
1000c232:	d4f2      	bmi.n	1000c21a <__hi0bits+0x26>
1000c234:	2020      	movs	r0, #32
1000c236:	4770      	bx	lr
1000c238:	461a      	mov	r2, r3
1000c23a:	2a00      	cmp	r2, #0
1000c23c:	dbfb      	blt.n	1000c236 <__hi0bits+0x42>
1000c23e:	3001      	adds	r0, #1
1000c240:	4770      	bx	lr
1000c242:	3002      	adds	r0, #2
1000c244:	4770      	bx	lr
1000c246:	bf00      	nop

1000c248 <__lo0bits>:
1000c248:	6803      	ldr	r3, [r0, #0]
1000c24a:	4602      	mov	r2, r0
1000c24c:	0759      	lsls	r1, r3, #29
1000c24e:	d007      	beq.n	1000c260 <__lo0bits+0x18>
1000c250:	07d8      	lsls	r0, r3, #31
1000c252:	d41d      	bmi.n	1000c290 <__lo0bits+0x48>
1000c254:	0799      	lsls	r1, r3, #30
1000c256:	d52a      	bpl.n	1000c2ae <__lo0bits+0x66>
1000c258:	085b      	lsrs	r3, r3, #1
1000c25a:	2001      	movs	r0, #1
1000c25c:	6013      	str	r3, [r2, #0]
1000c25e:	4770      	bx	lr
1000c260:	b299      	uxth	r1, r3
1000c262:	b979      	cbnz	r1, 1000c284 <__lo0bits+0x3c>
1000c264:	0c1b      	lsrs	r3, r3, #16
1000c266:	b2d9      	uxtb	r1, r3
1000c268:	b1a1      	cbz	r1, 1000c294 <__lo0bits+0x4c>
1000c26a:	2010      	movs	r0, #16
1000c26c:	0719      	lsls	r1, r3, #28
1000c26e:	d101      	bne.n	1000c274 <__lo0bits+0x2c>
1000c270:	3004      	adds	r0, #4
1000c272:	091b      	lsrs	r3, r3, #4
1000c274:	0799      	lsls	r1, r3, #30
1000c276:	d012      	beq.n	1000c29e <__lo0bits+0x56>
1000c278:	07d9      	lsls	r1, r3, #31
1000c27a:	d401      	bmi.n	1000c280 <__lo0bits+0x38>
1000c27c:	3001      	adds	r0, #1
1000c27e:	085b      	lsrs	r3, r3, #1
1000c280:	6013      	str	r3, [r2, #0]
1000c282:	4770      	bx	lr
1000c284:	b2d9      	uxtb	r1, r3
1000c286:	b141      	cbz	r1, 1000c29a <__lo0bits+0x52>
1000c288:	0718      	lsls	r0, r3, #28
1000c28a:	d118      	bne.n	1000c2be <__lo0bits+0x76>
1000c28c:	2004      	movs	r0, #4
1000c28e:	e7f0      	b.n	1000c272 <__lo0bits+0x2a>
1000c290:	2000      	movs	r0, #0
1000c292:	4770      	bx	lr
1000c294:	2018      	movs	r0, #24
1000c296:	0a1b      	lsrs	r3, r3, #8
1000c298:	e7e8      	b.n	1000c26c <__lo0bits+0x24>
1000c29a:	2008      	movs	r0, #8
1000c29c:	e7fb      	b.n	1000c296 <__lo0bits+0x4e>
1000c29e:	f013 0f04 	tst.w	r3, #4
1000c2a2:	ea4f 0193 	mov.w	r1, r3, lsr #2
1000c2a6:	d006      	beq.n	1000c2b6 <__lo0bits+0x6e>
1000c2a8:	3002      	adds	r0, #2
1000c2aa:	460b      	mov	r3, r1
1000c2ac:	e7e8      	b.n	1000c280 <__lo0bits+0x38>
1000c2ae:	089b      	lsrs	r3, r3, #2
1000c2b0:	2002      	movs	r0, #2
1000c2b2:	6013      	str	r3, [r2, #0]
1000c2b4:	4770      	bx	lr
1000c2b6:	08db      	lsrs	r3, r3, #3
1000c2b8:	d104      	bne.n	1000c2c4 <__lo0bits+0x7c>
1000c2ba:	2020      	movs	r0, #32
1000c2bc:	4770      	bx	lr
1000c2be:	08db      	lsrs	r3, r3, #3
1000c2c0:	2003      	movs	r0, #3
1000c2c2:	e7dd      	b.n	1000c280 <__lo0bits+0x38>
1000c2c4:	3003      	adds	r0, #3
1000c2c6:	e7db      	b.n	1000c280 <__lo0bits+0x38>

1000c2c8 <__i2b>:
1000c2c8:	b538      	push	{r3, r4, r5, lr}
1000c2ca:	6c43      	ldr	r3, [r0, #68]	@ 0x44
1000c2cc:	4604      	mov	r4, r0
1000c2ce:	460d      	mov	r5, r1
1000c2d0:	b14b      	cbz	r3, 1000c2e6 <__i2b+0x1e>
1000c2d2:	6858      	ldr	r0, [r3, #4]
1000c2d4:	b1b0      	cbz	r0, 1000c304 <__i2b+0x3c>
1000c2d6:	6802      	ldr	r2, [r0, #0]
1000c2d8:	605a      	str	r2, [r3, #4]
1000c2da:	2200      	movs	r2, #0
1000c2dc:	2301      	movs	r3, #1
1000c2de:	6145      	str	r5, [r0, #20]
1000c2e0:	e9c0 2303 	strd	r2, r3, [r0, #12]
1000c2e4:	bd38      	pop	{r3, r4, r5, pc}
1000c2e6:	2221      	movs	r2, #33	@ 0x21
1000c2e8:	2104      	movs	r1, #4
1000c2ea:	f7fa f9d1 	bl	10006690 <_calloc_r>
1000c2ee:	4603      	mov	r3, r0
1000c2f0:	6460      	str	r0, [r4, #68]	@ 0x44
1000c2f2:	2800      	cmp	r0, #0
1000c2f4:	d1ed      	bne.n	1000c2d2 <__i2b+0xa>
1000c2f6:	4b09      	ldr	r3, [pc, #36]	@ (1000c31c <__i2b+0x54>)
1000c2f8:	2200      	movs	r2, #0
1000c2fa:	f240 1145 	movw	r1, #325	@ 0x145
1000c2fe:	4808      	ldr	r0, [pc, #32]	@ (1000c320 <__i2b+0x58>)
1000c300:	f7f7 fbe0 	bl	10003ac4 <__assert_func>
1000c304:	221c      	movs	r2, #28
1000c306:	2101      	movs	r1, #1
1000c308:	4620      	mov	r0, r4
1000c30a:	f7fa f9c1 	bl	10006690 <_calloc_r>
1000c30e:	2800      	cmp	r0, #0
1000c310:	d0f1      	beq.n	1000c2f6 <__i2b+0x2e>
1000c312:	2201      	movs	r2, #1
1000c314:	2302      	movs	r3, #2
1000c316:	e9c0 2301 	strd	r2, r3, [r0, #4]
1000c31a:	e7de      	b.n	1000c2da <__i2b+0x12>
1000c31c:	1000d02c 	.word	0x1000d02c
1000c320:	1000d0ac 	.word	0x1000d0ac

1000c324 <__multiply>:
1000c324:	e92d 4ff0 	stmdb	sp!, {r4, r5, r6, r7, r8, r9, sl, fp, lr}
1000c328:	f8d1 8010 	ldr.w	r8, [r1, #16]
1000c32c:	b085      	sub	sp, #20
1000c32e:	6915      	ldr	r5, [r2, #16]
1000c330:	460e      	mov	r6, r1
1000c332:	4692      	mov	sl, r2
1000c334:	45a8      	cmp	r8, r5
1000c336:	db05      	blt.n	1000c344 <__multiply+0x20>
1000c338:	462a      	mov	r2, r5
1000c33a:	4653      	mov	r3, sl
1000c33c:	4645      	mov	r5, r8
1000c33e:	468a      	mov	sl, r1
1000c340:	4690      	mov	r8, r2
1000c342:	461e      	mov	r6, r3
1000c344:	eb05 0408 	add.w	r4, r5, r8
1000c348:	e9da 1301 	ldrd	r1, r3, [sl, #4]
1000c34c:	42a3      	cmp	r3, r4
1000c34e:	bfb8      	it	lt
1000c350:	3101      	addlt	r1, #1
1000c352:	f7ff fe75 	bl	1000c040 <_Balloc>
1000c356:	2800      	cmp	r0, #0
1000c358:	f000 808c 	beq.w	1000c474 <__multiply+0x150>
1000c35c:	f100 0714 	add.w	r7, r0, #20
1000c360:	eb07 0e84 	add.w	lr, r7, r4, lsl #2
1000c364:	4577      	cmp	r7, lr
1000c366:	d205      	bcs.n	1000c374 <__multiply+0x50>
1000c368:	463b      	mov	r3, r7
1000c36a:	2200      	movs	r2, #0
1000c36c:	f843 2b04 	str.w	r2, [r3], #4
1000c370:	459e      	cmp	lr, r3
1000c372:	d8fb      	bhi.n	1000c36c <__multiply+0x48>
1000c374:	3614      	adds	r6, #20
1000c376:	f10a 0914 	add.w	r9, sl, #20
1000c37a:	eb06 0888 	add.w	r8, r6, r8, lsl #2
1000c37e:	eb09 0585 	add.w	r5, r9, r5, lsl #2
1000c382:	4546      	cmp	r6, r8
1000c384:	d269      	bcs.n	1000c45a <__multiply+0x136>
1000c386:	eba5 030a 	sub.w	r3, r5, sl
1000c38a:	f10a 0a15 	add.w	sl, sl, #21
1000c38e:	f8cd e008 	str.w	lr, [sp, #8]
1000c392:	46ae      	mov	lr, r5
1000c394:	3b15      	subs	r3, #21
1000c396:	9403      	str	r4, [sp, #12]
1000c398:	f023 0303 	bic.w	r3, r3, #3
1000c39c:	45aa      	cmp	sl, r5
1000c39e:	bf94      	ite	ls
1000c3a0:	469b      	movls	fp, r3
1000c3a2:	f04f 0b00 	movhi.w	fp, #0
1000c3a6:	4682      	mov	sl, r0
1000c3a8:	e005      	b.n	1000c3b6 <__multiply+0x92>
1000c3aa:	0c09      	lsrs	r1, r1, #16
1000c3ac:	d12d      	bne.n	1000c40a <__multiply+0xe6>
1000c3ae:	45b0      	cmp	r8, r6
1000c3b0:	f107 0704 	add.w	r7, r7, #4
1000c3b4:	d94e      	bls.n	1000c454 <__multiply+0x130>
1000c3b6:	f856 1b04 	ldr.w	r1, [r6], #4
1000c3ba:	b28d      	uxth	r5, r1
1000c3bc:	2d00      	cmp	r5, #0
1000c3be:	d0f4      	beq.n	1000c3aa <__multiply+0x86>
1000c3c0:	46cc      	mov	ip, r9
1000c3c2:	463c      	mov	r4, r7
1000c3c4:	2300      	movs	r3, #0
1000c3c6:	9601      	str	r6, [sp, #4]
1000c3c8:	f85c 0b04 	ldr.w	r0, [ip], #4
1000c3cc:	6821      	ldr	r1, [r4, #0]
1000c3ce:	b286      	uxth	r6, r0
1000c3d0:	45e6      	cmp	lr, ip
1000c3d2:	b28a      	uxth	r2, r1
1000c3d4:	ea4f 4010 	mov.w	r0, r0, lsr #16
1000c3d8:	fb05 2206 	mla	r2, r5, r6, r2
1000c3dc:	ea4f 4111 	mov.w	r1, r1, lsr #16
1000c3e0:	441a      	add	r2, r3
1000c3e2:	fb05 1100 	mla	r1, r5, r0, r1
1000c3e6:	eb01 4112 	add.w	r1, r1, r2, lsr #16
1000c3ea:	b292      	uxth	r2, r2
1000c3ec:	ea4f 4311 	mov.w	r3, r1, lsr #16
1000c3f0:	ea42 4201 	orr.w	r2, r2, r1, lsl #16
1000c3f4:	f844 2b04 	str.w	r2, [r4], #4
1000c3f8:	d8e6      	bhi.n	1000c3c8 <__multiply+0xa4>
1000c3fa:	9e01      	ldr	r6, [sp, #4]
1000c3fc:	eb07 020b 	add.w	r2, r7, fp
1000c400:	6053      	str	r3, [r2, #4]
1000c402:	f856 1c04 	ldr.w	r1, [r6, #-4]
1000c406:	0c09      	lsrs	r1, r1, #16
1000c408:	d0d1      	beq.n	1000c3ae <__multiply+0x8a>
1000c40a:	683b      	ldr	r3, [r7, #0]
1000c40c:	2200      	movs	r2, #0
1000c40e:	4648      	mov	r0, r9
1000c410:	463d      	mov	r5, r7
1000c412:	461c      	mov	r4, r3
1000c414:	4694      	mov	ip, r2
1000c416:	8802      	ldrh	r2, [r0, #0]
1000c418:	b29b      	uxth	r3, r3
1000c41a:	fb01 c202 	mla	r2, r1, r2, ip
1000c41e:	eb02 4214 	add.w	r2, r2, r4, lsr #16
1000c422:	ea43 4302 	orr.w	r3, r3, r2, lsl #16
1000c426:	f845 3b04 	str.w	r3, [r5], #4
1000c42a:	f850 3b04 	ldr.w	r3, [r0], #4
1000c42e:	682c      	ldr	r4, [r5, #0]
1000c430:	ea4f 4c13 	mov.w	ip, r3, lsr #16
1000c434:	4586      	cmp	lr, r0
1000c436:	b2a3      	uxth	r3, r4
1000c438:	fb01 330c 	mla	r3, r1, ip, r3
1000c43c:	eb03 4312 	add.w	r3, r3, r2, lsr #16
1000c440:	ea4f 4c13 	mov.w	ip, r3, lsr #16
1000c444:	d8e7      	bhi.n	1000c416 <__multiply+0xf2>
1000c446:	eb07 020b 	add.w	r2, r7, fp
1000c44a:	45b0      	cmp	r8, r6
1000c44c:	f107 0704 	add.w	r7, r7, #4
1000c450:	6053      	str	r3, [r2, #4]
1000c452:	d8b0      	bhi.n	1000c3b6 <__multiply+0x92>
1000c454:	4650      	mov	r0, sl
1000c456:	e9dd e402 	ldrd	lr, r4, [sp, #8]
1000c45a:	2c00      	cmp	r4, #0
1000c45c:	dc02      	bgt.n	1000c464 <__multiply+0x140>
1000c45e:	e005      	b.n	1000c46c <__multiply+0x148>
1000c460:	3c01      	subs	r4, #1
1000c462:	d003      	beq.n	1000c46c <__multiply+0x148>
1000c464:	f85e 3d04 	ldr.w	r3, [lr, #-4]!
1000c468:	2b00      	cmp	r3, #0
1000c46a:	d0f9      	beq.n	1000c460 <__multiply+0x13c>
1000c46c:	6104      	str	r4, [r0, #16]
1000c46e:	b005      	add	sp, #20
1000c470:	e8bd 8ff0 	ldmia.w	sp!, {r4, r5, r6, r7, r8, r9, sl, fp, pc}
1000c474:	4602      	mov	r2, r0
1000c476:	4b03      	ldr	r3, [pc, #12]	@ (1000c484 <__multiply+0x160>)
1000c478:	f44f 71b1 	mov.w	r1, #354	@ 0x162
1000c47c:	4802      	ldr	r0, [pc, #8]	@ (1000c488 <__multiply+0x164>)
1000c47e:	f7f7 fb21 	bl	10003ac4 <__assert_func>
1000c482:	bf00      	nop
1000c484:	1000d02c 	.word	0x1000d02c
1000c488:	1000d0ac 	.word	0x1000d0ac

1000c48c <__pow5mult>:
1000c48c:	f012 0303 	ands.w	r3, r2, #3
1000c490:	e92d 41f0 	stmdb	sp!, {r4, r5, r6, r7, r8, lr}
1000c494:	4614      	mov	r4, r2
1000c496:	4607      	mov	r7, r0
1000c498:	d132      	bne.n	1000c500 <__pow5mult+0x74>
1000c49a:	460e      	mov	r6, r1
1000c49c:	10a4      	asrs	r4, r4, #2
1000c49e:	d02c      	beq.n	1000c4fa <__pow5mult+0x6e>
1000c4a0:	6c3d      	ldr	r5, [r7, #64]	@ 0x40
1000c4a2:	2d00      	cmp	r5, #0
1000c4a4:	d035      	beq.n	1000c512 <__pow5mult+0x86>
1000c4a6:	f004 0301 	and.w	r3, r4, #1
1000c4aa:	f04f 0800 	mov.w	r8, #0
1000c4ae:	1064      	asrs	r4, r4, #1
1000c4b0:	b93b      	cbnz	r3, 1000c4c2 <__pow5mult+0x36>
1000c4b2:	6828      	ldr	r0, [r5, #0]
1000c4b4:	b1b8      	cbz	r0, 1000c4e6 <__pow5mult+0x5a>
1000c4b6:	4605      	mov	r5, r0
1000c4b8:	f004 0301 	and.w	r3, r4, #1
1000c4bc:	1064      	asrs	r4, r4, #1
1000c4be:	2b00      	cmp	r3, #0
1000c4c0:	d0f7      	beq.n	1000c4b2 <__pow5mult+0x26>
1000c4c2:	462a      	mov	r2, r5
1000c4c4:	4631      	mov	r1, r6
1000c4c6:	4638      	mov	r0, r7
1000c4c8:	f7ff ff2c 	bl	1000c324 <__multiply>
1000c4cc:	b136      	cbz	r6, 1000c4dc <__pow5mult+0x50>
1000c4ce:	6c7b      	ldr	r3, [r7, #68]	@ 0x44
1000c4d0:	6871      	ldr	r1, [r6, #4]
1000c4d2:	f853 2021 	ldr.w	r2, [r3, r1, lsl #2]
1000c4d6:	6032      	str	r2, [r6, #0]
1000c4d8:	f843 6021 	str.w	r6, [r3, r1, lsl #2]
1000c4dc:	b174      	cbz	r4, 1000c4fc <__pow5mult+0x70>
1000c4de:	4606      	mov	r6, r0
1000c4e0:	6828      	ldr	r0, [r5, #0]
1000c4e2:	2800      	cmp	r0, #0
1000c4e4:	d1e7      	bne.n	1000c4b6 <__pow5mult+0x2a>
1000c4e6:	462a      	mov	r2, r5
1000c4e8:	4629      	mov	r1, r5
1000c4ea:	4638      	mov	r0, r7
1000c4ec:	f7ff ff1a 	bl	1000c324 <__multiply>
1000c4f0:	6028      	str	r0, [r5, #0]
1000c4f2:	4605      	mov	r5, r0
1000c4f4:	f8c0 8000 	str.w	r8, [r0]
1000c4f8:	e7de      	b.n	1000c4b8 <__pow5mult+0x2c>
1000c4fa:	4630      	mov	r0, r6
1000c4fc:	e8bd 81f0 	ldmia.w	sp!, {r4, r5, r6, r7, r8, pc}
1000c500:	3b01      	subs	r3, #1
1000c502:	4a0f      	ldr	r2, [pc, #60]	@ (1000c540 <__pow5mult+0xb4>)
1000c504:	f852 2023 	ldr.w	r2, [r2, r3, lsl #2]
1000c508:	2300      	movs	r3, #0
1000c50a:	f7ff fdc9 	bl	1000c0a0 <__multadd>
1000c50e:	4606      	mov	r6, r0
1000c510:	e7c4      	b.n	1000c49c <__pow5mult+0x10>
1000c512:	2101      	movs	r1, #1
1000c514:	4638      	mov	r0, r7
1000c516:	f7ff fd93 	bl	1000c040 <_Balloc>
1000c51a:	4605      	mov	r5, r0
1000c51c:	b140      	cbz	r0, 1000c530 <__pow5mult+0xa4>
1000c51e:	2301      	movs	r3, #1
1000c520:	f240 2271 	movw	r2, #625	@ 0x271
1000c524:	e9c0 3204 	strd	r3, r2, [r0, #16]
1000c528:	2300      	movs	r3, #0
1000c52a:	6438      	str	r0, [r7, #64]	@ 0x40
1000c52c:	6003      	str	r3, [r0, #0]
1000c52e:	e7ba      	b.n	1000c4a6 <__pow5mult+0x1a>
1000c530:	4602      	mov	r2, r0
1000c532:	4b04      	ldr	r3, [pc, #16]	@ (1000c544 <__pow5mult+0xb8>)
1000c534:	f240 1145 	movw	r1, #325	@ 0x145
1000c538:	4803      	ldr	r0, [pc, #12]	@ (1000c548 <__pow5mult+0xbc>)
1000c53a:	f7f7 fac3 	bl	10003ac4 <__assert_func>
1000c53e:	bf00      	nop
1000c540:	100140a8 	.word	0x100140a8
1000c544:	1000d02c 	.word	0x1000d02c
1000c548:	1000d0ac 	.word	0x1000d0ac

1000c54c <__lshift>:
1000c54c:	e92d 47f0 	stmdb	sp!, {r4, r5, r6, r7, r8, r9, sl, lr}
1000c550:	460c      	mov	r4, r1
1000c552:	4690      	mov	r8, r2
1000c554:	4606      	mov	r6, r0
1000c556:	ea4f 1962 	mov.w	r9, r2, asr #5
1000c55a:	6927      	ldr	r7, [r4, #16]
1000c55c:	68a3      	ldr	r3, [r4, #8]
1000c55e:	eb07 1762 	add.w	r7, r7, r2, asr #5
1000c562:	6849      	ldr	r1, [r1, #4]
1000c564:	1c7d      	adds	r5, r7, #1
1000c566:	429d      	cmp	r5, r3
1000c568:	dd03      	ble.n	1000c572 <__lshift+0x26>
1000c56a:	005b      	lsls	r3, r3, #1
1000c56c:	3101      	adds	r1, #1
1000c56e:	429d      	cmp	r5, r3
1000c570:	dcfb      	bgt.n	1000c56a <__lshift+0x1e>
1000c572:	4630      	mov	r0, r6
1000c574:	f7ff fd64 	bl	1000c040 <_Balloc>
1000c578:	2800      	cmp	r0, #0
1000c57a:	d04d      	beq.n	1000c618 <__lshift+0xcc>
1000c57c:	f1b9 0f00 	cmp.w	r9, #0
1000c580:	f100 0c14 	add.w	ip, r0, #20
1000c584:	dd0b      	ble.n	1000c59e <__lshift+0x52>
1000c586:	f109 0205 	add.w	r2, r9, #5
1000c58a:	4663      	mov	r3, ip
1000c58c:	2100      	movs	r1, #0
1000c58e:	eb00 0282 	add.w	r2, r0, r2, lsl #2
1000c592:	f843 1b04 	str.w	r1, [r3], #4
1000c596:	4293      	cmp	r3, r2
1000c598:	d1fb      	bne.n	1000c592 <__lshift+0x46>
1000c59a:	eb0c 0c89 	add.w	ip, ip, r9, lsl #2
1000c59e:	f104 0314 	add.w	r3, r4, #20
1000c5a2:	6921      	ldr	r1, [r4, #16]
1000c5a4:	f018 081f 	ands.w	r8, r8, #31
1000c5a8:	eb03 0181 	add.w	r1, r3, r1, lsl #2
1000c5ac:	d02b      	beq.n	1000c606 <__lshift+0xba>
1000c5ae:	f1c8 0920 	rsb	r9, r8, #32
1000c5b2:	46e6      	mov	lr, ip
1000c5b4:	f04f 0a00 	mov.w	sl, #0
1000c5b8:	681a      	ldr	r2, [r3, #0]
1000c5ba:	fa02 f208 	lsl.w	r2, r2, r8
1000c5be:	ea42 020a 	orr.w	r2, r2, sl
1000c5c2:	f84e 2b04 	str.w	r2, [lr], #4
1000c5c6:	f853 2b04 	ldr.w	r2, [r3], #4
1000c5ca:	4299      	cmp	r1, r3
1000c5cc:	fa22 fa09 	lsr.w	sl, r2, r9
1000c5d0:	d8f2      	bhi.n	1000c5b8 <__lshift+0x6c>
1000c5d2:	1b0b      	subs	r3, r1, r4
1000c5d4:	f104 0215 	add.w	r2, r4, #21
1000c5d8:	3b15      	subs	r3, #21
1000c5da:	f023 0303 	bic.w	r3, r3, #3
1000c5de:	4291      	cmp	r1, r2
1000c5e0:	bf38      	it	cc
1000c5e2:	2300      	movcc	r3, #0
1000c5e4:	3304      	adds	r3, #4
1000c5e6:	f84c a003 	str.w	sl, [ip, r3]
1000c5ea:	f1ba 0f00 	cmp.w	sl, #0
1000c5ee:	d100      	bne.n	1000c5f2 <__lshift+0xa6>
1000c5f0:	463d      	mov	r5, r7
1000c5f2:	6c73      	ldr	r3, [r6, #68]	@ 0x44
1000c5f4:	6862      	ldr	r2, [r4, #4]
1000c5f6:	6105      	str	r5, [r0, #16]
1000c5f8:	f853 1022 	ldr.w	r1, [r3, r2, lsl #2]
1000c5fc:	6021      	str	r1, [r4, #0]
1000c5fe:	f843 4022 	str.w	r4, [r3, r2, lsl #2]
1000c602:	e8bd 87f0 	ldmia.w	sp!, {r4, r5, r6, r7, r8, r9, sl, pc}
1000c606:	f1ac 0c04 	sub.w	ip, ip, #4
1000c60a:	f853 2b04 	ldr.w	r2, [r3], #4
1000c60e:	4299      	cmp	r1, r3
1000c610:	f84c 2f04 	str.w	r2, [ip, #4]!
1000c614:	d8f9      	bhi.n	1000c60a <__lshift+0xbe>
1000c616:	e7eb      	b.n	1000c5f0 <__lshift+0xa4>
1000c618:	4602      	mov	r2, r0
1000c61a:	4b03      	ldr	r3, [pc, #12]	@ (1000c628 <__lshift+0xdc>)
1000c61c:	f44f 71ef 	mov.w	r1, #478	@ 0x1de
1000c620:	4802      	ldr	r0, [pc, #8]	@ (1000c62c <__lshift+0xe0>)
1000c622:	f7f7 fa4f 	bl	10003ac4 <__assert_func>
1000c626:	bf00      	nop
1000c628:	1000d02c 	.word	0x1000d02c
1000c62c:	1000d0ac 	.word	0x1000d0ac

1000c630 <__mcmp>:
1000c630:	4684      	mov	ip, r0
1000c632:	690b      	ldr	r3, [r1, #16]
1000c634:	6900      	ldr	r0, [r0, #16]
1000c636:	1ac0      	subs	r0, r0, r3
1000c638:	d116      	bne.n	1000c668 <__mcmp+0x38>
1000c63a:	f10c 0c14 	add.w	ip, ip, #20
1000c63e:	3114      	adds	r1, #20
1000c640:	eb0c 0283 	add.w	r2, ip, r3, lsl #2
1000c644:	eb01 0383 	add.w	r3, r1, r3, lsl #2
1000c648:	b410      	push	{r4}
1000c64a:	e001      	b.n	1000c650 <__mcmp+0x20>
1000c64c:	4594      	cmp	ip, r2
1000c64e:	d208      	bcs.n	1000c662 <__mcmp+0x32>
1000c650:	f852 4d04 	ldr.w	r4, [r2, #-4]!
1000c654:	f853 1d04 	ldr.w	r1, [r3, #-4]!
1000c658:	428c      	cmp	r4, r1
1000c65a:	d0f7      	beq.n	1000c64c <__mcmp+0x1c>
1000c65c:	d205      	bcs.n	1000c66a <__mcmp+0x3a>
1000c65e:	f04f 30ff 	mov.w	r0, #4294967295	@ 0xffffffff
1000c662:	f85d 4b04 	ldr.w	r4, [sp], #4
1000c666:	4770      	bx	lr
1000c668:	4770      	bx	lr
1000c66a:	2001      	movs	r0, #1
1000c66c:	f85d 4b04 	ldr.w	r4, [sp], #4
1000c670:	4770      	bx	lr
1000c672:	bf00      	nop

1000c674 <__mdiff>:
1000c674:	e92d 4ff0 	stmdb	sp!, {r4, r5, r6, r7, r8, r9, sl, fp, lr}
1000c678:	6913      	ldr	r3, [r2, #16]
1000c67a:	b083      	sub	sp, #12
1000c67c:	690e      	ldr	r6, [r1, #16]
1000c67e:	4689      	mov	r9, r1
1000c680:	4615      	mov	r5, r2
1000c682:	1af6      	subs	r6, r6, r3
1000c684:	2e00      	cmp	r6, #0
1000c686:	d114      	bne.n	1000c6b2 <__mdiff+0x3e>
1000c688:	f101 0714 	add.w	r7, r1, #20
1000c68c:	f102 0114 	add.w	r1, r2, #20
1000c690:	eb01 0183 	add.w	r1, r1, r3, lsl #2
1000c694:	eb07 0383 	add.w	r3, r7, r3, lsl #2
1000c698:	e001      	b.n	1000c69e <__mdiff+0x2a>
1000c69a:	429f      	cmp	r7, r3
1000c69c:	d27e      	bcs.n	1000c79c <__mdiff+0x128>
1000c69e:	f853 4d04 	ldr.w	r4, [r3, #-4]!
1000c6a2:	f851 2d04 	ldr.w	r2, [r1, #-4]!
1000c6a6:	4294      	cmp	r4, r2
1000c6a8:	d0f7      	beq.n	1000c69a <__mdiff+0x26>
1000c6aa:	f080 8082 	bcs.w	1000c7b2 <__mdiff+0x13e>
1000c6ae:	2601      	movs	r6, #1
1000c6b0:	e003      	b.n	1000c6ba <__mdiff+0x46>
1000c6b2:	dbfc      	blt.n	1000c6ae <__mdiff+0x3a>
1000c6b4:	2600      	movs	r6, #0
1000c6b6:	460d      	mov	r5, r1
1000c6b8:	4691      	mov	r9, r2
1000c6ba:	6869      	ldr	r1, [r5, #4]
1000c6bc:	f7ff fcc0 	bl	1000c040 <_Balloc>
1000c6c0:	2800      	cmp	r0, #0
1000c6c2:	f000 8083 	beq.w	1000c7cc <__mdiff+0x158>
1000c6c6:	692f      	ldr	r7, [r5, #16]
1000c6c8:	f105 0b14 	add.w	fp, r5, #20
1000c6cc:	f105 0210 	add.w	r2, r5, #16
1000c6d0:	f8d9 3010 	ldr.w	r3, [r9, #16]
1000c6d4:	f109 0514 	add.w	r5, r9, #20
1000c6d8:	f100 0114 	add.w	r1, r0, #20
1000c6dc:	eb0b 0e87 	add.w	lr, fp, r7, lsl #2
1000c6e0:	4694      	mov	ip, r2
1000c6e2:	eb05 0a83 	add.w	sl, r5, r3, lsl #2
1000c6e6:	4688      	mov	r8, r1
1000c6e8:	2300      	movs	r3, #0
1000c6ea:	60c6      	str	r6, [r0, #12]
1000c6ec:	f8cd b004 	str.w	fp, [sp, #4]
1000c6f0:	f855 6b04 	ldr.w	r6, [r5], #4
1000c6f4:	f85c 2f04 	ldr.w	r2, [ip, #4]!
1000c6f8:	fa1f fb86 	uxth.w	fp, r6
1000c6fc:	45aa      	cmp	sl, r5
1000c6fe:	b294      	uxth	r4, r2
1000c700:	eba4 040b 	sub.w	r4, r4, fp
1000c704:	441c      	add	r4, r3
1000c706:	ea4f 4316 	mov.w	r3, r6, lsr #16
1000c70a:	ebc3 4312 	rsb	r3, r3, r2, lsr #16
1000c70e:	eb03 4324 	add.w	r3, r3, r4, asr #16
1000c712:	b2a4      	uxth	r4, r4
1000c714:	ea44 4403 	orr.w	r4, r4, r3, lsl #16
1000c718:	ea4f 4323 	mov.w	r3, r3, asr #16
1000c71c:	f848 4b04 	str.w	r4, [r8], #4
1000c720:	d8e6      	bhi.n	1000c6f0 <__mdiff+0x7c>
1000c722:	ebaa 0209 	sub.w	r2, sl, r9
1000c726:	f109 0915 	add.w	r9, r9, #21
1000c72a:	f8dd b004 	ldr.w	fp, [sp, #4]
1000c72e:	4626      	mov	r6, r4
1000c730:	3a15      	subs	r2, #21
1000c732:	f022 0203 	bic.w	r2, r2, #3
1000c736:	45ca      	cmp	sl, r9
1000c738:	bf38      	it	cc
1000c73a:	2200      	movcc	r2, #0
1000c73c:	eb0b 0802 	add.w	r8, fp, r2
1000c740:	440a      	add	r2, r1
1000c742:	f108 0804 	add.w	r8, r8, #4
1000c746:	1d14      	adds	r4, r2, #4
1000c748:	45c6      	cmp	lr, r8
1000c74a:	4645      	mov	r5, r8
1000c74c:	d935      	bls.n	1000c7ba <__mdiff+0x146>
1000c74e:	eba1 010b 	sub.w	r1, r1, fp
1000c752:	eb05 0c01 	add.w	ip, r5, r1
1000c756:	f855 2b04 	ldr.w	r2, [r5], #4
1000c75a:	fa1f f982 	uxth.w	r9, r2
1000c75e:	18d6      	adds	r6, r2, r3
1000c760:	0c12      	lsrs	r2, r2, #16
1000c762:	45ae      	cmp	lr, r5
1000c764:	444b      	add	r3, r9
1000c766:	b2b6      	uxth	r6, r6
1000c768:	eb02 4223 	add.w	r2, r2, r3, asr #16
1000c76c:	ea46 4602 	orr.w	r6, r6, r2, lsl #16
1000c770:	ea4f 4322 	mov.w	r3, r2, asr #16
1000c774:	f8cc 6000 	str.w	r6, [ip]
1000c778:	d8eb      	bhi.n	1000c752 <__mdiff+0xde>
1000c77a:	f10e 33ff 	add.w	r3, lr, #4294967295	@ 0xffffffff
1000c77e:	eba3 0308 	sub.w	r3, r3, r8
1000c782:	f023 0303 	bic.w	r3, r3, #3
1000c786:	4423      	add	r3, r4
1000c788:	b926      	cbnz	r6, 1000c794 <__mdiff+0x120>
1000c78a:	f853 2d04 	ldr.w	r2, [r3, #-4]!
1000c78e:	3f01      	subs	r7, #1
1000c790:	2a00      	cmp	r2, #0
1000c792:	d0fa      	beq.n	1000c78a <__mdiff+0x116>
1000c794:	6107      	str	r7, [r0, #16]
1000c796:	b003      	add	sp, #12
1000c798:	e8bd 8ff0 	ldmia.w	sp!, {r4, r5, r6, r7, r8, r9, sl, fp, pc}
1000c79c:	2100      	movs	r1, #0
1000c79e:	f7ff fc4f 	bl	1000c040 <_Balloc>
1000c7a2:	b160      	cbz	r0, 1000c7be <__mdiff+0x14a>
1000c7a4:	2201      	movs	r2, #1
1000c7a6:	2300      	movs	r3, #0
1000c7a8:	e9c0 2304 	strd	r2, r3, [r0, #16]
1000c7ac:	b003      	add	sp, #12
1000c7ae:	e8bd 8ff0 	ldmia.w	sp!, {r4, r5, r6, r7, r8, r9, sl, fp, pc}
1000c7b2:	462b      	mov	r3, r5
1000c7b4:	464d      	mov	r5, r9
1000c7b6:	4699      	mov	r9, r3
1000c7b8:	e77f      	b.n	1000c6ba <__mdiff+0x46>
1000c7ba:	4613      	mov	r3, r2
1000c7bc:	e7e4      	b.n	1000c788 <__mdiff+0x114>
1000c7be:	4602      	mov	r2, r0
1000c7c0:	4b06      	ldr	r3, [pc, #24]	@ (1000c7dc <__mdiff+0x168>)
1000c7c2:	f240 2137 	movw	r1, #567	@ 0x237
1000c7c6:	4806      	ldr	r0, [pc, #24]	@ (1000c7e0 <__mdiff+0x16c>)
1000c7c8:	f7f7 f97c 	bl	10003ac4 <__assert_func>
1000c7cc:	4602      	mov	r2, r0
1000c7ce:	4b03      	ldr	r3, [pc, #12]	@ (1000c7dc <__mdiff+0x168>)
1000c7d0:	f240 2145 	movw	r1, #581	@ 0x245
1000c7d4:	4802      	ldr	r0, [pc, #8]	@ (1000c7e0 <__mdiff+0x16c>)
1000c7d6:	f7f7 f975 	bl	10003ac4 <__assert_func>
1000c7da:	bf00      	nop
1000c7dc:	1000d02c 	.word	0x1000d02c
1000c7e0:	1000d0ac 	.word	0x1000d0ac

1000c7e4 <__ulp>:
1000c7e4:	4b11      	ldr	r3, [pc, #68]	@ (1000c82c <__ulp+0x48>)
1000c7e6:	400b      	ands	r3, r1
1000c7e8:	f1a3 7350 	sub.w	r3, r3, #54525952	@ 0x3400000
1000c7ec:	2b00      	cmp	r3, #0
1000c7ee:	dd03      	ble.n	1000c7f8 <__ulp+0x14>
1000c7f0:	2200      	movs	r2, #0
1000c7f2:	4619      	mov	r1, r3
1000c7f4:	4610      	mov	r0, r2
1000c7f6:	4770      	bx	lr
1000c7f8:	425b      	negs	r3, r3
1000c7fa:	f1b3 7fa0 	cmp.w	r3, #20971520	@ 0x1400000
1000c7fe:	ea4f 5123 	mov.w	r1, r3, asr #20
1000c802:	da06      	bge.n	1000c812 <__ulp+0x2e>
1000c804:	f44f 2300 	mov.w	r3, #524288	@ 0x80000
1000c808:	2200      	movs	r2, #0
1000c80a:	410b      	asrs	r3, r1
1000c80c:	4610      	mov	r0, r2
1000c80e:	4619      	mov	r1, r3
1000c810:	4770      	bx	lr
1000c812:	3914      	subs	r1, #20
1000c814:	291e      	cmp	r1, #30
1000c816:	dd04      	ble.n	1000c822 <__ulp+0x3e>
1000c818:	2201      	movs	r2, #1
1000c81a:	2300      	movs	r3, #0
1000c81c:	4610      	mov	r0, r2
1000c81e:	4619      	mov	r1, r3
1000c820:	4770      	bx	lr
1000c822:	f04f 4200 	mov.w	r2, #2147483648	@ 0x80000000
1000c826:	40ca      	lsrs	r2, r1
1000c828:	e7f7      	b.n	1000c81a <__ulp+0x36>
1000c82a:	bf00      	nop
1000c82c:	7ff00000 	.word	0x7ff00000

1000c830 <__b2d>:
1000c830:	e92d 43f8 	stmdb	sp!, {r3, r4, r5, r6, r7, r8, r9, lr}
1000c834:	6906      	ldr	r6, [r0, #16]
1000c836:	f100 0814 	add.w	r8, r0, #20
1000c83a:	eb08 0686 	add.w	r6, r8, r6, lsl #2
1000c83e:	f856 7c04 	ldr.w	r7, [r6, #-4]
1000c842:	f1a6 0904 	sub.w	r9, r6, #4
1000c846:	4638      	mov	r0, r7
1000c848:	f7ff fcd4 	bl	1000c1f4 <__hi0bits>
1000c84c:	f1c0 0320 	rsb	r3, r0, #32
1000c850:	280a      	cmp	r0, #10
1000c852:	600b      	str	r3, [r1, #0]
1000c854:	dd34      	ble.n	1000c8c0 <__b2d+0x90>
1000c856:	45c8      	cmp	r8, r9
1000c858:	f1a0 020b 	sub.w	r2, r0, #11
1000c85c:	d21a      	bcs.n	1000c894 <__b2d+0x64>
1000c85e:	f856 3c08 	ldr.w	r3, [r6, #-8]
1000c862:	b32a      	cbz	r2, 1000c8b0 <__b2d+0x80>
1000c864:	f1c2 0020 	rsb	r0, r2, #32
1000c868:	4097      	lsls	r7, r2
1000c86a:	f1a6 0108 	sub.w	r1, r6, #8
1000c86e:	fa23 f400 	lsr.w	r4, r3, r0
1000c872:	4093      	lsls	r3, r2
1000c874:	4588      	cmp	r8, r1
1000c876:	ea47 0704 	orr.w	r7, r7, r4
1000c87a:	f047 557f 	orr.w	r5, r7, #1069547520	@ 0x3fc00000
1000c87e:	f445 1540 	orr.w	r5, r5, #3145728	@ 0x300000
1000c882:	d219      	bcs.n	1000c8b8 <__b2d+0x88>
1000c884:	f856 2c0c 	ldr.w	r2, [r6, #-12]
1000c888:	4629      	mov	r1, r5
1000c88a:	40c2      	lsrs	r2, r0
1000c88c:	4313      	orrs	r3, r2
1000c88e:	4618      	mov	r0, r3
1000c890:	e8bd 83f8 	ldmia.w	sp!, {r3, r4, r5, r6, r7, r8, r9, pc}
1000c894:	280b      	cmp	r0, #11
1000c896:	d00a      	beq.n	1000c8ae <__b2d+0x7e>
1000c898:	fa07 f202 	lsl.w	r2, r7, r2
1000c89c:	2300      	movs	r3, #0
1000c89e:	f042 557f 	orr.w	r5, r2, #1069547520	@ 0x3fc00000
1000c8a2:	4618      	mov	r0, r3
1000c8a4:	f445 1540 	orr.w	r5, r5, #3145728	@ 0x300000
1000c8a8:	4629      	mov	r1, r5
1000c8aa:	e8bd 83f8 	ldmia.w	sp!, {r3, r4, r5, r6, r7, r8, r9, pc}
1000c8ae:	2300      	movs	r3, #0
1000c8b0:	f047 557f 	orr.w	r5, r7, #1069547520	@ 0x3fc00000
1000c8b4:	f445 1540 	orr.w	r5, r5, #3145728	@ 0x300000
1000c8b8:	4618      	mov	r0, r3
1000c8ba:	4629      	mov	r1, r5
1000c8bc:	e8bd 83f8 	ldmia.w	sp!, {r3, r4, r5, r6, r7, r8, r9, pc}
1000c8c0:	f1c0 030b 	rsb	r3, r0, #11
1000c8c4:	45c8      	cmp	r8, r9
1000c8c6:	fa27 f203 	lsr.w	r2, r7, r3
1000c8ca:	f042 557f 	orr.w	r5, r2, #1069547520	@ 0x3fc00000
1000c8ce:	f445 1540 	orr.w	r5, r5, #3145728	@ 0x300000
1000c8d2:	d309      	bcc.n	1000c8e8 <__b2d+0xb8>
1000c8d4:	2200      	movs	r2, #0
1000c8d6:	f100 0315 	add.w	r3, r0, #21
1000c8da:	4629      	mov	r1, r5
1000c8dc:	fa07 f303 	lsl.w	r3, r7, r3
1000c8e0:	4313      	orrs	r3, r2
1000c8e2:	4618      	mov	r0, r3
1000c8e4:	e8bd 83f8 	ldmia.w	sp!, {r3, r4, r5, r6, r7, r8, r9, pc}
1000c8e8:	f856 2c08 	ldr.w	r2, [r6, #-8]
1000c8ec:	40da      	lsrs	r2, r3
1000c8ee:	e7f2      	b.n	1000c8d6 <__b2d+0xa6>

1000c8f0 <__d2b>:
1000c8f0:	b5f0      	push	{r4, r5, r6, r7, lr}
1000c8f2:	2101      	movs	r1, #1
1000c8f4:	b083      	sub	sp, #12
1000c8f6:	4616      	mov	r6, r2
1000c8f8:	461f      	mov	r7, r3
1000c8fa:	f7ff fba1 	bl	1000c040 <_Balloc>
1000c8fe:	4605      	mov	r5, r0
1000c900:	2800      	cmp	r0, #0
1000c902:	d047      	beq.n	1000c994 <__d2b+0xa4>
1000c904:	f3c7 540a 	ubfx	r4, r7, #20, #11
1000c908:	f3c7 0313 	ubfx	r3, r7, #0, #20
1000c90c:	b10c      	cbz	r4, 1000c912 <__d2b+0x22>
1000c90e:	f443 1380 	orr.w	r3, r3, #1048576	@ 0x100000
1000c912:	2e00      	cmp	r6, #0
1000c914:	9301      	str	r3, [sp, #4]
1000c916:	d115      	bne.n	1000c944 <__d2b+0x54>
1000c918:	a801      	add	r0, sp, #4
1000c91a:	f7ff fc95 	bl	1000c248 <__lo0bits>
1000c91e:	9a01      	ldr	r2, [sp, #4]
1000c920:	2101      	movs	r1, #1
1000c922:	f100 0320 	add.w	r3, r0, #32
1000c926:	616a      	str	r2, [r5, #20]
1000c928:	6129      	str	r1, [r5, #16]
1000c92a:	b31c      	cbz	r4, 1000c974 <__d2b+0x84>
1000c92c:	f2a4 4433 	subw	r4, r4, #1075	@ 0x433
1000c930:	f1c3 0035 	rsb	r0, r3, #53	@ 0x35
1000c934:	441c      	add	r4, r3
1000c936:	9b08      	ldr	r3, [sp, #32]
1000c938:	601c      	str	r4, [r3, #0]
1000c93a:	9b09      	ldr	r3, [sp, #36]	@ 0x24
1000c93c:	6018      	str	r0, [r3, #0]
1000c93e:	4628      	mov	r0, r5
1000c940:	b003      	add	sp, #12
1000c942:	bdf0      	pop	{r4, r5, r6, r7, pc}
1000c944:	4668      	mov	r0, sp
1000c946:	9600      	str	r6, [sp, #0]
1000c948:	f7ff fc7e 	bl	1000c248 <__lo0bits>
1000c94c:	4603      	mov	r3, r0
1000c94e:	e9dd 1200 	ldrd	r1, r2, [sp]
1000c952:	b130      	cbz	r0, 1000c962 <__d2b+0x72>
1000c954:	f1c0 0020 	rsb	r0, r0, #32
1000c958:	fa02 f000 	lsl.w	r0, r2, r0
1000c95c:	40da      	lsrs	r2, r3
1000c95e:	4301      	orrs	r1, r0
1000c960:	9201      	str	r2, [sp, #4]
1000c962:	2a00      	cmp	r2, #0
1000c964:	e9c5 1205 	strd	r1, r2, [r5, #20]
1000c968:	bf0c      	ite	eq
1000c96a:	2101      	moveq	r1, #1
1000c96c:	2102      	movne	r1, #2
1000c96e:	6129      	str	r1, [r5, #16]
1000c970:	2c00      	cmp	r4, #0
1000c972:	d1db      	bne.n	1000c92c <__d2b+0x3c>
1000c974:	f2a3 4332 	subw	r3, r3, #1074	@ 0x432
1000c978:	eb05 0281 	add.w	r2, r5, r1, lsl #2
1000c97c:	9808      	ldr	r0, [sp, #32]
1000c97e:	6003      	str	r3, [r0, #0]
1000c980:	6910      	ldr	r0, [r2, #16]
1000c982:	f7ff fc37 	bl	1000c1f4 <__hi0bits>
1000c986:	9b09      	ldr	r3, [sp, #36]	@ 0x24
1000c988:	ebc0 1041 	rsb	r0, r0, r1, lsl #5
1000c98c:	6018      	str	r0, [r3, #0]
1000c98e:	4628      	mov	r0, r5
1000c990:	b003      	add	sp, #12
1000c992:	bdf0      	pop	{r4, r5, r6, r7, pc}
1000c994:	4602      	mov	r2, r0
1000c996:	4b03      	ldr	r3, [pc, #12]	@ (1000c9a4 <__d2b+0xb4>)
1000c998:	f240 310f 	movw	r1, #783	@ 0x30f
1000c99c:	4802      	ldr	r0, [pc, #8]	@ (1000c9a8 <__d2b+0xb8>)
1000c99e:	f7f7 f891 	bl	10003ac4 <__assert_func>
1000c9a2:	bf00      	nop
1000c9a4:	1000d02c 	.word	0x1000d02c
1000c9a8:	1000d0ac 	.word	0x1000d0ac

1000c9ac <__ratio>:
1000c9ac:	e92d 43f0 	stmdb	sp!, {r4, r5, r6, r7, r8, r9, lr}
1000c9b0:	b083      	sub	sp, #12
1000c9b2:	4688      	mov	r8, r1
1000c9b4:	4681      	mov	r9, r0
1000c9b6:	4669      	mov	r1, sp
1000c9b8:	f7ff ff3a 	bl	1000c830 <__b2d>
1000c9bc:	4604      	mov	r4, r0
1000c9be:	460d      	mov	r5, r1
1000c9c0:	4640      	mov	r0, r8
1000c9c2:	a901      	add	r1, sp, #4
1000c9c4:	f7ff ff34 	bl	1000c830 <__b2d>
1000c9c8:	f8d9 3010 	ldr.w	r3, [r9, #16]
1000c9cc:	f8d8 2010 	ldr.w	r2, [r8, #16]
1000c9d0:	eba3 0c02 	sub.w	ip, r3, r2
1000c9d4:	e9dd 3200 	ldrd	r3, r2, [sp]
1000c9d8:	1a9b      	subs	r3, r3, r2
1000c9da:	eb03 134c 	add.w	r3, r3, ip, lsl #5
1000c9de:	2b00      	cmp	r3, #0
1000c9e0:	dd0b      	ble.n	1000c9fa <__ratio+0x4e>
1000c9e2:	eb05 5703 	add.w	r7, r5, r3, lsl #20
1000c9e6:	463d      	mov	r5, r7
1000c9e8:	4602      	mov	r2, r0
1000c9ea:	460b      	mov	r3, r1
1000c9ec:	4620      	mov	r0, r4
1000c9ee:	4629      	mov	r1, r5
1000c9f0:	f7f5 f9d0 	bl	10001d94 <__wrap___aeabi_ddiv>
1000c9f4:	b003      	add	sp, #12
1000c9f6:	e8bd 83f0 	ldmia.w	sp!, {r4, r5, r6, r7, r8, r9, pc}
1000c9fa:	ebc3 3303 	rsb	r3, r3, r3, lsl #12
1000c9fe:	eb01 5903 	add.w	r9, r1, r3, lsl #20
1000ca02:	4649      	mov	r1, r9
1000ca04:	e7f0      	b.n	1000c9e8 <__ratio+0x3c>
1000ca06:	bf00      	nop

1000ca08 <__copybits>:
1000ca08:	3901      	subs	r1, #1
1000ca0a:	f102 0314 	add.w	r3, r2, #20
1000ca0e:	ea4f 1c61 	mov.w	ip, r1, asr #5
1000ca12:	6911      	ldr	r1, [r2, #16]
1000ca14:	eb03 0181 	add.w	r1, r3, r1, lsl #2
1000ca18:	f10c 0c01 	add.w	ip, ip, #1
1000ca1c:	428b      	cmp	r3, r1
1000ca1e:	eb00 0c8c 	add.w	ip, r0, ip, lsl #2
1000ca22:	d216      	bcs.n	1000ca52 <__copybits+0x4a>
1000ca24:	b510      	push	{r4, lr}
1000ca26:	f1a0 0e04 	sub.w	lr, r0, #4
1000ca2a:	f853 4b04 	ldr.w	r4, [r3], #4
1000ca2e:	4299      	cmp	r1, r3
1000ca30:	f84e 4f04 	str.w	r4, [lr, #4]!
1000ca34:	d8f9      	bhi.n	1000ca2a <__copybits+0x22>
1000ca36:	1a89      	subs	r1, r1, r2
1000ca38:	3004      	adds	r0, #4
1000ca3a:	3915      	subs	r1, #21
1000ca3c:	f021 0103 	bic.w	r1, r1, #3
1000ca40:	4408      	add	r0, r1
1000ca42:	4584      	cmp	ip, r0
1000ca44:	d904      	bls.n	1000ca50 <__copybits+0x48>
1000ca46:	2300      	movs	r3, #0
1000ca48:	f840 3b04 	str.w	r3, [r0], #4
1000ca4c:	4584      	cmp	ip, r0
1000ca4e:	d8fb      	bhi.n	1000ca48 <__copybits+0x40>
1000ca50:	bd10      	pop	{r4, pc}
1000ca52:	4584      	cmp	ip, r0
1000ca54:	d905      	bls.n	1000ca62 <__copybits+0x5a>
1000ca56:	2300      	movs	r3, #0
1000ca58:	f840 3b04 	str.w	r3, [r0], #4
1000ca5c:	4584      	cmp	ip, r0
1000ca5e:	d8fb      	bhi.n	1000ca58 <__copybits+0x50>
1000ca60:	4770      	bx	lr
1000ca62:	4770      	bx	lr

1000ca64 <__any_on>:
1000ca64:	6903      	ldr	r3, [r0, #16]
1000ca66:	114a      	asrs	r2, r1, #5
1000ca68:	3014      	adds	r0, #20
1000ca6a:	4293      	cmp	r3, r2
1000ca6c:	da09      	bge.n	1000ca82 <__any_on+0x1e>
1000ca6e:	eb00 0383 	add.w	r3, r0, r3, lsl #2
1000ca72:	e002      	b.n	1000ca7a <__any_on+0x16>
1000ca74:	f853 2d04 	ldr.w	r2, [r3, #-4]!
1000ca78:	b9aa      	cbnz	r2, 1000caa6 <__any_on+0x42>
1000ca7a:	4283      	cmp	r3, r0
1000ca7c:	d8fa      	bhi.n	1000ca74 <__any_on+0x10>
1000ca7e:	2000      	movs	r0, #0
1000ca80:	4770      	bx	lr
1000ca82:	eb00 0382 	add.w	r3, r0, r2, lsl #2
1000ca86:	ddf8      	ble.n	1000ca7a <__any_on+0x16>
1000ca88:	f011 011f 	ands.w	r1, r1, #31
1000ca8c:	d0f5      	beq.n	1000ca7a <__any_on+0x16>
1000ca8e:	b410      	push	{r4}
1000ca90:	f850 4022 	ldr.w	r4, [r0, r2, lsl #2]
1000ca94:	fa24 f201 	lsr.w	r2, r4, r1
1000ca98:	408a      	lsls	r2, r1
1000ca9a:	4294      	cmp	r4, r2
1000ca9c:	d009      	beq.n	1000cab2 <__any_on+0x4e>
1000ca9e:	2001      	movs	r0, #1
1000caa0:	f85d 4b04 	ldr.w	r4, [sp], #4
1000caa4:	4770      	bx	lr
1000caa6:	2001      	movs	r0, #1
1000caa8:	4770      	bx	lr
1000caaa:	f853 2d04 	ldr.w	r2, [r3, #-4]!
1000caae:	2a00      	cmp	r2, #0
1000cab0:	d1f5      	bne.n	1000ca9e <__any_on+0x3a>
1000cab2:	4283      	cmp	r3, r0
1000cab4:	d8f9      	bhi.n	1000caaa <__any_on+0x46>
1000cab6:	2000      	movs	r0, #0
1000cab8:	f85d 4b04 	ldr.w	r4, [sp], #4
1000cabc:	4770      	bx	lr
1000cabe:	bf00      	nop

1000cac0 <__smakebuf_r>:
1000cac0:	f9b1 300c 	ldrsh.w	r3, [r1, #12]
1000cac4:	b570      	push	{r4, r5, r6, lr}
1000cac6:	460c      	mov	r4, r1
1000cac8:	0799      	lsls	r1, r3, #30
1000caca:	b096      	sub	sp, #88	@ 0x58
1000cacc:	d507      	bpl.n	1000cade <__smakebuf_r+0x1e>
1000cace:	f104 0343 	add.w	r3, r4, #67	@ 0x43
1000cad2:	2201      	movs	r2, #1
1000cad4:	6023      	str	r3, [r4, #0]
1000cad6:	e9c4 3204 	strd	r3, r2, [r4, #16]
1000cada:	b016      	add	sp, #88	@ 0x58
1000cadc:	bd70      	pop	{r4, r5, r6, pc}
1000cade:	f9b4 100e 	ldrsh.w	r1, [r4, #14]
1000cae2:	4605      	mov	r5, r0
1000cae4:	2900      	cmp	r1, #0
1000cae6:	db2b      	blt.n	1000cb40 <__smakebuf_r+0x80>
1000cae8:	466a      	mov	r2, sp
1000caea:	f000 f8bf 	bl	1000cc6c <_fstat_r>
1000caee:	2800      	cmp	r0, #0
1000caf0:	db24      	blt.n	1000cb3c <__smakebuf_r+0x7c>
1000caf2:	f44f 6180 	mov.w	r1, #1024	@ 0x400
1000caf6:	4628      	mov	r0, r5
1000caf8:	9e01      	ldr	r6, [sp, #4]
1000cafa:	f7f9 fe11 	bl	10006720 <_malloc_r>
1000cafe:	f9b4 300c 	ldrsh.w	r3, [r4, #12]
1000cb02:	b3a0      	cbz	r0, 1000cb6e <__smakebuf_r+0xae>
1000cb04:	f406 4670 	and.w	r6, r6, #61440	@ 0xf000
1000cb08:	f043 0380 	orr.w	r3, r3, #128	@ 0x80
1000cb0c:	f44f 6280 	mov.w	r2, #1024	@ 0x400
1000cb10:	6020      	str	r0, [r4, #0]
1000cb12:	f5b6 5f00 	cmp.w	r6, #8192	@ 0x2000
1000cb16:	6120      	str	r0, [r4, #16]
1000cb18:	81a3      	strh	r3, [r4, #12]
1000cb1a:	6162      	str	r2, [r4, #20]
1000cb1c:	d135      	bne.n	1000cb8a <__smakebuf_r+0xca>
1000cb1e:	f9b4 100e 	ldrsh.w	r1, [r4, #14]
1000cb22:	4628      	mov	r0, r5
1000cb24:	f000 f8b8 	bl	1000cc98 <_isatty_r>
1000cb28:	f9b4 300c 	ldrsh.w	r3, [r4, #12]
1000cb2c:	b368      	cbz	r0, 1000cb8a <__smakebuf_r+0xca>
1000cb2e:	f023 0303 	bic.w	r3, r3, #3
1000cb32:	f44f 6200 	mov.w	r2, #2048	@ 0x800
1000cb36:	f043 0301 	orr.w	r3, r3, #1
1000cb3a:	e014      	b.n	1000cb66 <__smakebuf_r+0xa6>
1000cb3c:	f9b4 300c 	ldrsh.w	r3, [r4, #12]
1000cb40:	f013 0f80 	tst.w	r3, #128	@ 0x80
1000cb44:	4628      	mov	r0, r5
1000cb46:	bf0c      	ite	eq
1000cb48:	f44f 6580 	moveq.w	r5, #1024	@ 0x400
1000cb4c:	2540      	movne	r5, #64	@ 0x40
1000cb4e:	4629      	mov	r1, r5
1000cb50:	f7f9 fde6 	bl	10006720 <_malloc_r>
1000cb54:	f9b4 300c 	ldrsh.w	r3, [r4, #12]
1000cb58:	b148      	cbz	r0, 1000cb6e <__smakebuf_r+0xae>
1000cb5a:	f043 0380 	orr.w	r3, r3, #128	@ 0x80
1000cb5e:	2200      	movs	r2, #0
1000cb60:	6020      	str	r0, [r4, #0]
1000cb62:	e9c4 0504 	strd	r0, r5, [r4, #16]
1000cb66:	4313      	orrs	r3, r2
1000cb68:	81a3      	strh	r3, [r4, #12]
1000cb6a:	b016      	add	sp, #88	@ 0x58
1000cb6c:	bd70      	pop	{r4, r5, r6, pc}
1000cb6e:	059a      	lsls	r2, r3, #22
1000cb70:	d4b3      	bmi.n	1000cada <__smakebuf_r+0x1a>
1000cb72:	f023 0303 	bic.w	r3, r3, #3
1000cb76:	f104 0243 	add.w	r2, r4, #67	@ 0x43
1000cb7a:	2101      	movs	r1, #1
1000cb7c:	f043 0302 	orr.w	r3, r3, #2
1000cb80:	6022      	str	r2, [r4, #0]
1000cb82:	e9c4 2104 	strd	r2, r1, [r4, #16]
1000cb86:	81a3      	strh	r3, [r4, #12]
1000cb88:	e7a7      	b.n	1000cada <__smakebuf_r+0x1a>
1000cb8a:	f44f 6200 	mov.w	r2, #2048	@ 0x800
1000cb8e:	e7ea      	b.n	1000cb66 <__smakebuf_r+0xa6>

1000cb90 <__ascii_wctomb>:
1000cb90:	4603      	mov	r3, r0
1000cb92:	b149      	cbz	r1, 1000cba8 <__ascii_wctomb+0x18>
1000cb94:	2aff      	cmp	r2, #255	@ 0xff
1000cb96:	d802      	bhi.n	1000cb9e <__ascii_wctomb+0xe>
1000cb98:	2001      	movs	r0, #1
1000cb9a:	700a      	strb	r2, [r1, #0]
1000cb9c:	4770      	bx	lr
1000cb9e:	228a      	movs	r2, #138	@ 0x8a
1000cba0:	f04f 30ff 	mov.w	r0, #4294967295	@ 0xffffffff
1000cba4:	601a      	str	r2, [r3, #0]
1000cba6:	4770      	bx	lr
1000cba8:	4608      	mov	r0, r1
1000cbaa:	4770      	bx	lr

1000cbac <_fclose_r>:
1000cbac:	b570      	push	{r4, r5, r6, lr}
1000cbae:	2900      	cmp	r1, #0
1000cbb0:	d03f      	beq.n	1000cc32 <_fclose_r+0x86>
1000cbb2:	4606      	mov	r6, r0
1000cbb4:	460c      	mov	r4, r1
1000cbb6:	b110      	cbz	r0, 1000cbbe <_fclose_r+0x12>
1000cbb8:	6b43      	ldr	r3, [r0, #52]	@ 0x34
1000cbba:	2b00      	cmp	r3, #0
1000cbbc:	d03c      	beq.n	1000cc38 <_fclose_r+0x8c>
1000cbbe:	6e63      	ldr	r3, [r4, #100]	@ 0x64
1000cbc0:	f9b4 200c 	ldrsh.w	r2, [r4, #12]
1000cbc4:	07dd      	lsls	r5, r3, #31
1000cbc6:	d432      	bmi.n	1000cc2e <_fclose_r+0x82>
1000cbc8:	0590      	lsls	r0, r2, #22
1000cbca:	d538      	bpl.n	1000cc3e <_fclose_r+0x92>
1000cbcc:	4621      	mov	r1, r4
1000cbce:	4630      	mov	r0, r6
1000cbd0:	f7fd fdd2 	bl	1000a778 <__sflush_r>
1000cbd4:	6ae3      	ldr	r3, [r4, #44]	@ 0x2c
1000cbd6:	4605      	mov	r5, r0
1000cbd8:	b133      	cbz	r3, 1000cbe8 <_fclose_r+0x3c>
1000cbda:	69e1      	ldr	r1, [r4, #28]
1000cbdc:	4630      	mov	r0, r6
1000cbde:	4798      	blx	r3
1000cbe0:	2800      	cmp	r0, #0
1000cbe2:	bfb8      	it	lt
1000cbe4:	f04f 35ff 	movlt.w	r5, #4294967295	@ 0xffffffff
1000cbe8:	89a3      	ldrh	r3, [r4, #12]
1000cbea:	061a      	lsls	r2, r3, #24
1000cbec:	d439      	bmi.n	1000cc62 <_fclose_r+0xb6>
1000cbee:	6b21      	ldr	r1, [r4, #48]	@ 0x30
1000cbf0:	b141      	cbz	r1, 1000cc04 <_fclose_r+0x58>
1000cbf2:	f104 0340 	add.w	r3, r4, #64	@ 0x40
1000cbf6:	4299      	cmp	r1, r3
1000cbf8:	d002      	beq.n	1000cc00 <_fclose_r+0x54>
1000cbfa:	4630      	mov	r0, r6
1000cbfc:	f7fa fd06 	bl	1000760c <_free_r>
1000cc00:	2300      	movs	r3, #0
1000cc02:	6323      	str	r3, [r4, #48]	@ 0x30
1000cc04:	6c61      	ldr	r1, [r4, #68]	@ 0x44
1000cc06:	b121      	cbz	r1, 1000cc12 <_fclose_r+0x66>
1000cc08:	4630      	mov	r0, r6
1000cc0a:	f7fa fcff 	bl	1000760c <_free_r>
1000cc0e:	2300      	movs	r3, #0
1000cc10:	6463      	str	r3, [r4, #68]	@ 0x44
1000cc12:	f7fd ff81 	bl	1000ab18 <__sfp_lock_acquire>
1000cc16:	6e63      	ldr	r3, [r4, #100]	@ 0x64
1000cc18:	2200      	movs	r2, #0
1000cc1a:	07db      	lsls	r3, r3, #31
1000cc1c:	81a2      	strh	r2, [r4, #12]
1000cc1e:	d51c      	bpl.n	1000cc5a <_fclose_r+0xae>
1000cc20:	6da0      	ldr	r0, [r4, #88]	@ 0x58
1000cc22:	f7fa fbed 	bl	10007400 <__retarget_lock_close_recursive>
1000cc26:	f7fd ff7d 	bl	1000ab24 <__sfp_lock_release>
1000cc2a:	4628      	mov	r0, r5
1000cc2c:	bd70      	pop	{r4, r5, r6, pc}
1000cc2e:	2a00      	cmp	r2, #0
1000cc30:	d1cc      	bne.n	1000cbcc <_fclose_r+0x20>
1000cc32:	2500      	movs	r5, #0
1000cc34:	4628      	mov	r0, r5
1000cc36:	bd70      	pop	{r4, r5, r6, pc}
1000cc38:	f7fd ff50 	bl	1000aadc <__sinit>
1000cc3c:	e7bf      	b.n	1000cbbe <_fclose_r+0x12>
1000cc3e:	6da0      	ldr	r0, [r4, #88]	@ 0x58
1000cc40:	f7fa fbe0 	bl	10007404 <__retarget_lock_acquire_recursive>
1000cc44:	f9b4 300c 	ldrsh.w	r3, [r4, #12]
1000cc48:	2b00      	cmp	r3, #0
1000cc4a:	d1bf      	bne.n	1000cbcc <_fclose_r+0x20>
1000cc4c:	6e63      	ldr	r3, [r4, #100]	@ 0x64
1000cc4e:	07d9      	lsls	r1, r3, #31
1000cc50:	d4ef      	bmi.n	1000cc32 <_fclose_r+0x86>
1000cc52:	6da0      	ldr	r0, [r4, #88]	@ 0x58
1000cc54:	f7fa fbd8 	bl	10007408 <__retarget_lock_release_recursive>
1000cc58:	e7eb      	b.n	1000cc32 <_fclose_r+0x86>
1000cc5a:	6da0      	ldr	r0, [r4, #88]	@ 0x58
1000cc5c:	f7fa fbd4 	bl	10007408 <__retarget_lock_release_recursive>
1000cc60:	e7de      	b.n	1000cc20 <_fclose_r+0x74>
1000cc62:	6921      	ldr	r1, [r4, #16]
1000cc64:	4630      	mov	r0, r6
1000cc66:	f7fa fcd1 	bl	1000760c <_free_r>
1000cc6a:	e7c0      	b.n	1000cbee <_fclose_r+0x42>

1000cc6c <_fstat_r>:
1000cc6c:	b570      	push	{r4, r5, r6, lr}
1000cc6e:	460c      	mov	r4, r1
1000cc70:	4603      	mov	r3, r0
1000cc72:	4d08      	ldr	r5, [pc, #32]	@ (1000cc94 <_fstat_r+0x28>)
1000cc74:	2600      	movs	r6, #0
1000cc76:	4620      	mov	r0, r4
1000cc78:	4611      	mov	r1, r2
1000cc7a:	461c      	mov	r4, r3
1000cc7c:	602e      	str	r6, [r5, #0]
1000cc7e:	f7f6 ff13 	bl	10003aa8 <_fstat>
1000cc82:	1c43      	adds	r3, r0, #1
1000cc84:	d000      	beq.n	1000cc88 <_fstat_r+0x1c>
1000cc86:	bd70      	pop	{r4, r5, r6, pc}
1000cc88:	682b      	ldr	r3, [r5, #0]
1000cc8a:	2b00      	cmp	r3, #0
1000cc8c:	d0fb      	beq.n	1000cc86 <_fstat_r+0x1a>
1000cc8e:	6023      	str	r3, [r4, #0]
1000cc90:	bd70      	pop	{r4, r5, r6, pc}
1000cc92:	bf00      	nop
1000cc94:	20002598 	.word	0x20002598

1000cc98 <_isatty_r>:
1000cc98:	b538      	push	{r3, r4, r5, lr}
1000cc9a:	2200      	movs	r2, #0
1000cc9c:	4d06      	ldr	r5, [pc, #24]	@ (1000ccb8 <_isatty_r+0x20>)
1000cc9e:	4604      	mov	r4, r0
1000cca0:	4608      	mov	r0, r1
1000cca2:	602a      	str	r2, [r5, #0]
1000cca4:	f7f6 ff04 	bl	10003ab0 <_isatty>
1000cca8:	1c43      	adds	r3, r0, #1
1000ccaa:	d000      	beq.n	1000ccae <_isatty_r+0x16>
1000ccac:	bd38      	pop	{r3, r4, r5, pc}
1000ccae:	682b      	ldr	r3, [r5, #0]
1000ccb0:	2b00      	cmp	r3, #0
1000ccb2:	d0fb      	beq.n	1000ccac <_isatty_r+0x14>
1000ccb4:	6023      	str	r3, [r4, #0]
1000ccb6:	bd38      	pop	{r3, r4, r5, pc}
1000ccb8:	20002598 	.word	0x20002598

1000ccbc <_fini>:
1000ccbc:	b5f8      	push	{r3, r4, r5, r6, r7, lr}
1000ccbe:	bf00      	nop

1000ccc0 <__e15_is_bulkin_ep_veneer>:
1000ccc0:	f85f f000 	ldr.w	pc, [pc]	@ 1000ccc4 <__e15_is_bulkin_ep_veneer+0x4>
1000ccc4:	20000a6d 	.word	0x20000a6d

1000ccc8 <__mutex_enter_timeout_ms_veneer>:
1000ccc8:	f85f f000 	ldr.w	pc, [pc]	@ 1000cccc <__mutex_enter_timeout_ms_veneer+0x4>
1000cccc:	20000235 	.word	0x20000235

1000ccd0 <__hw_endpoint_start_next_buffer_veneer>:
1000ccd0:	f85f f000 	ldr.w	pc, [pc]	@ 1000ccd4 <__hw_endpoint_start_next_buffer_veneer+0x4>
1000ccd4:	20000b0d 	.word	0x20000b0d

1000ccd8 <__reset_non_control_endpoints_veneer>:
1000ccd8:	f85f f000 	ldr.w	pc, [pc]	@ 1000ccdc <__reset_non_control_endpoints_veneer+0x4>
1000ccdc:	200002a9 	.word	0x200002a9

1000cce0 <____aeabi_f2d_veneer>:
1000cce0:	f85f f000 	ldr.w	pc, [pc]	@ 1000cce4 <____aeabi_f2d_veneer+0x4>
1000cce4:	20001099 	.word	0x20001099

1000cce8 <____aeabi_uldivmod_veneer>:
1000cce8:	f85f f000 	ldr.w	pc, [pc]	@ 1000ccec <____aeabi_uldivmod_veneer+0x4>
1000ccec:	20001149 	.word	0x20001149

1000ccf0 <__mutex_exit_veneer>:
1000ccf0:	f85f f000 	ldr.w	pc, [pc]	@ 1000ccf4 <__mutex_exit_veneer+0x4>
1000ccf4:	2000026d 	.word	0x2000026d

1000ccf8 <__e15_is_critical_frame_period_veneer>:
1000ccf8:	f85f f000 	ldr.w	pc, [pc]	@ 1000ccfc <__e15_is_critical_frame_period_veneer+0x4>
1000ccfc:	20000a95 	.word	0x20000a95

1000cd00 <___hw_endpoint_buffer_control_update32_veneer>:
1000cd00:	f85f f000 	ldr.w	pc, [pc]	@ 1000cd04 <___hw_endpoint_buffer_control_update32_veneer+0x4>
1000cd04:	20000ac9 	.word	0x20000ac9

1000cd08 <__mutex_try_enter_block_until_veneer>:
1000cd08:	f85f f000 	ldr.w	pc, [pc]	@ 1000cd0c <__mutex_try_enter_block_until_veneer+0x4>
1000cd0c:	200001cd 	.word	0x200001cd

1000cd10 <__mutex_try_enter_veneer>:
1000cd10:	f85f f000 	ldr.w	pc, [pc]	@ 1000cd14 <__mutex_try_enter_veneer+0x4>
1000cd14:	20000111 	.word	0x20000111

1000cd18 <__pre_init_runtime_init_bootrom_reset>:
1000cd18:	10001b8d                                ....

1000cd1c <__pre_init_runtime_init_early_resets>:
1000cd1c:	10001b01                                ....

1000cd20 <__pre_init_runtime_init_usb_power_down>:
1000cd20:	10001b35                                5...

1000cd24 <__pre_init_runtime_init_clocks>:
1000cd24:	10001bd9                                ....

1000cd28 <__pre_init_runtime_init_post_clock_resets>:
1000cd28:	10001b6d                                m...

1000cd2c <__pre_init_runtime_init_boot_locks_reset>:
1000cd2c:	10001a85                                ....

1000cd30 <__pre_init_runtime_init_spin_locks_reset>:
1000cd30:	10001bb5                                ....

1000cd34 <__pre_init_runtime_init_bootrom_locking_enable>:
1000cd34:	10001a71                                q...

1000cd38 <__pre_init_runtime_init_mutex>:
1000cd38:	10000e85                                ....

1000cd3c <__pre_init_runtime_init_install_ram_vector_table>:
1000cd3c:	10001bb9                                ....

1000cd40 <__pre_init_runtime_init_default_alarm_pool>:
1000cd40:	10001249                                I...

1000cd44 <__pre_init_first_per_core_initializer>:
1000cd44:	10001ad1                                ....

1000cd48 <__pre_init_runtime_init_per_core_bootrom_reset>:
1000cd48:	10001ba1                                ....

1000cd4c <__pre_init_runtime_init_per_core_enable_coprocessors>:
1000cd4c:	10001b51                                Q...

1000cd50 <__pre_init_spinlock_set_extexclall>:
1000cd50:	1000086d                                m...

1000cd54 <__pre_init_runtime_init_per_core_irq_priorities>:
1000cd54:	10000895                                ....

1000cd58 <__frame_dummy_init_array_entry>:
1000cd58:	10000219 100044f5                       .....D..

Disassembly of section .data:

20000110 <mutex_try_enter>:
20000110:	4603      	mov	r3, r0
20000112:	b500      	push	{lr}
20000114:	6802      	ldr	r2, [r0, #0]
20000116:	f3ef 8c10 	mrs	ip, PRIMASK
2000011a:	b672      	cpsid	i
2000011c:	e8d2 efcf 	ldaexb	lr, [r2]
20000120:	2001      	movs	r0, #1
20000122:	f1be 0f00 	cmp.w	lr, #0
20000126:	d1f9      	bne.n	2000011c <mutex_try_enter+0xc>
20000128:	e8c2 0f4e 	strexb	lr, r0, [r2]
2000012c:	f1be 0f00 	cmp.w	lr, #0
20000130:	d1f4      	bne.n	2000011c <mutex_try_enter+0xc>
20000132:	f3bf 8f5f 	dmb	sy
20000136:	f993 2004 	ldrsb.w	r2, [r3, #4]
2000013a:	2a00      	cmp	r2, #0
2000013c:	db0a      	blt.n	20000154 <mutex_try_enter+0x44>
2000013e:	b101      	cbz	r1, 20000142 <mutex_try_enter+0x32>
20000140:	600a      	str	r2, [r1, #0]
20000142:	2000      	movs	r0, #0
20000144:	2200      	movs	r2, #0
20000146:	681b      	ldr	r3, [r3, #0]
20000148:	e8c3 2f8f 	stlb	r2, [r3]
2000014c:	f38c 8810 	msr	PRIMASK, ip
20000150:	f85d fb04 	ldr.w	pc, [sp], #4
20000154:	f04f 4250 	mov.w	r2, #3489660928	@ 0xd0000000
20000158:	6812      	ldr	r2, [r2, #0]
2000015a:	2001      	movs	r0, #1
2000015c:	711a      	strb	r2, [r3, #4]
2000015e:	e7f1      	b.n	20000144 <mutex_try_enter+0x34>

20000160 <mutex_enter_block_until>:
20000160:	f04f 4150 	mov.w	r1, #3489660928	@ 0xd0000000
20000164:	e92d 41f0 	stmdb	sp!, {r4, r5, r6, r7, r8, lr}
20000168:	2700      	movs	r7, #0
2000016a:	4604      	mov	r4, r0
2000016c:	4616      	mov	r6, r2
2000016e:	461d      	mov	r5, r3
20000170:	f8d1 8000 	ldr.w	r8, [r1]
20000174:	e008      	b.n	20000188 <mutex_enter_block_until+0x28>
20000176:	e8c1 7f8f 	stlb	r7, [r1]
2000017a:	f38c 8810 	msr	PRIMASK, ip
2000017e:	4630      	mov	r0, r6
20000180:	4629      	mov	r1, r5
20000182:	f001 f9ad 	bl	200014e0 <__best_effort_wfe_or_timeout_veneer>
20000186:	b9e8      	cbnz	r0, 200001c4 <mutex_enter_block_until+0x64>
20000188:	6821      	ldr	r1, [r4, #0]
2000018a:	f3ef 8c10 	mrs	ip, PRIMASK
2000018e:	b672      	cpsid	i
20000190:	e8d1 2fcf 	ldaexb	r2, [r1]
20000194:	2301      	movs	r3, #1
20000196:	2a00      	cmp	r2, #0
20000198:	d1fa      	bne.n	20000190 <mutex_enter_block_until+0x30>
2000019a:	e8c1 3f42 	strexb	r2, r3, [r1]
2000019e:	2a00      	cmp	r2, #0
200001a0:	d1f6      	bne.n	20000190 <mutex_enter_block_until+0x30>
200001a2:	f3bf 8f5f 	dmb	sy
200001a6:	f994 3004 	ldrsb.w	r3, [r4, #4]
200001aa:	6821      	ldr	r1, [r4, #0]
200001ac:	2b00      	cmp	r3, #0
200001ae:	dae2      	bge.n	20000176 <mutex_enter_block_until+0x16>
200001b0:	2300      	movs	r3, #0
200001b2:	f884 8004 	strb.w	r8, [r4, #4]
200001b6:	e8c1 3f8f 	stlb	r3, [r1]
200001ba:	f38c 8810 	msr	PRIMASK, ip
200001be:	2001      	movs	r0, #1
200001c0:	e8bd 81f0 	ldmia.w	sp!, {r4, r5, r6, r7, r8, pc}
200001c4:	2000      	movs	r0, #0
200001c6:	e8bd 81f0 	ldmia.w	sp!, {r4, r5, r6, r7, r8, pc}
200001ca:	bf00      	nop

200001cc <mutex_try_enter_block_until>:
200001cc:	b530      	push	{r4, r5, lr}
200001ce:	6804      	ldr	r4, [r0, #0]
200001d0:	f3ef 8c10 	mrs	ip, PRIMASK
200001d4:	b672      	cpsid	i
200001d6:	e8d4 efcf 	ldaexb	lr, [r4]
200001da:	2501      	movs	r5, #1
200001dc:	f1be 0f00 	cmp.w	lr, #0
200001e0:	d1f9      	bne.n	200001d6 <mutex_try_enter_block_until+0xa>
200001e2:	e8c4 5f4e 	strexb	lr, r5, [r4]
200001e6:	f1be 0f00 	cmp.w	lr, #0
200001ea:	d1f4      	bne.n	200001d6 <mutex_try_enter_block_until+0xa>
200001ec:	f3bf 8f5f 	dmb	sy
200001f0:	f990 4004 	ldrsb.w	r4, [r0, #4]
200001f4:	6805      	ldr	r5, [r0, #0]
200001f6:	2c00      	cmp	r4, #0
200001f8:	db10      	blt.n	2000021c <mutex_try_enter_block_until+0x50>
200001fa:	2100      	movs	r1, #0
200001fc:	e8c5 1f8f 	stlb	r1, [r5]
20000200:	f38c 8810 	msr	PRIMASK, ip
20000204:	f04f 4550 	mov.w	r5, #3489660928	@ 0xd0000000
20000208:	f995 5000 	ldrsb.w	r5, [r5]
2000020c:	42a5      	cmp	r5, r4
2000020e:	d101      	bne.n	20000214 <mutex_try_enter_block_until+0x48>
20000210:	4608      	mov	r0, r1
20000212:	bd30      	pop	{r4, r5, pc}
20000214:	e8bd 4030 	ldmia.w	sp!, {r4, r5, lr}
20000218:	f7ff bfa2 	b.w	20000160 <mutex_enter_block_until>
2000021c:	f04f 4250 	mov.w	r2, #3489660928	@ 0xd0000000
20000220:	6812      	ldr	r2, [r2, #0]
20000222:	2300      	movs	r3, #0
20000224:	7102      	strb	r2, [r0, #4]
20000226:	e8c5 3f8f 	stlb	r3, [r5]
2000022a:	f38c 8810 	msr	PRIMASK, ip
2000022e:	2001      	movs	r0, #1
20000230:	bd30      	pop	{r4, r5, pc}
20000232:	bf00      	nop

20000234 <mutex_enter_timeout_ms>:
20000234:	b570      	push	{r4, r5, r6, lr}
20000236:	4605      	mov	r5, r0
20000238:	460c      	mov	r4, r1
2000023a:	f001 f949 	bl	200014d0 <__time_us_64_veneer>
2000023e:	4602      	mov	r2, r0
20000240:	460b      	mov	r3, r1
20000242:	f44f 707a 	mov.w	r0, #1000	@ 0x3e8
20000246:	f04f 3eff 	mov.w	lr, #4294967295	@ 0xffffffff
2000024a:	f06f 4c00 	mvn.w	ip, #2147483648	@ 0x80000000
2000024e:	fbe4 2300 	umlal	r2, r3, r4, r0
20000252:	4596      	cmp	lr, r2
20000254:	eb7c 0103 	sbcs.w	r1, ip, r3
20000258:	bf38      	it	cc
2000025a:	4672      	movcc	r2, lr
2000025c:	4628      	mov	r0, r5
2000025e:	e8bd 4070 	ldmia.w	sp!, {r4, r5, r6, lr}
20000262:	bf38      	it	cc
20000264:	4663      	movcc	r3, ip
20000266:	f7ff bf7b 	b.w	20000160 <mutex_enter_block_until>
2000026a:	bf00      	nop

2000026c <mutex_exit>:
2000026c:	6803      	ldr	r3, [r0, #0]
2000026e:	f3ef 8210 	mrs	r2, PRIMASK
20000272:	b672      	cpsid	i
20000274:	e8d3 cfcf 	ldaexb	ip, [r3]
20000278:	2101      	movs	r1, #1
2000027a:	f1bc 0f00 	cmp.w	ip, #0
2000027e:	d1f9      	bne.n	20000274 <mutex_exit+0x8>
20000280:	e8c3 1f4c 	strexb	ip, r1, [r3]
20000284:	f1bc 0f00 	cmp.w	ip, #0
20000288:	d1f4      	bne.n	20000274 <mutex_exit+0x8>
2000028a:	f3bf 8f5f 	dmb	sy
2000028e:	f04f 0cff 	mov.w	ip, #255	@ 0xff
20000292:	2300      	movs	r3, #0
20000294:	6801      	ldr	r1, [r0, #0]
20000296:	f880 c004 	strb.w	ip, [r0, #4]
2000029a:	e8c1 3f8f 	stlb	r3, [r1]
2000029e:	f382 8810 	msr	PRIMASK, r2
200002a2:	bf40      	sev
200002a4:	4770      	bx	lr
200002a6:	bf00      	nop

200002a8 <reset_non_control_endpoints>:
200002a8:	2100      	movs	r1, #0
200002aa:	b508      	push	{r3, lr}
200002ac:	4b13      	ldr	r3, [pc, #76]	@ (200002fc <reset_non_control_endpoints+0x54>)
200002ae:	f44f 7270 	mov.w	r2, #960	@ 0x3c0
200002b2:	6099      	str	r1, [r3, #8]
200002b4:	4812      	ldr	r0, [pc, #72]	@ (20000300 <reset_non_control_endpoints+0x58>)
200002b6:	60d9      	str	r1, [r3, #12]
200002b8:	6119      	str	r1, [r3, #16]
200002ba:	6159      	str	r1, [r3, #20]
200002bc:	6199      	str	r1, [r3, #24]
200002be:	61d9      	str	r1, [r3, #28]
200002c0:	6219      	str	r1, [r3, #32]
200002c2:	6259      	str	r1, [r3, #36]	@ 0x24
200002c4:	6299      	str	r1, [r3, #40]	@ 0x28
200002c6:	62d9      	str	r1, [r3, #44]	@ 0x2c
200002c8:	6319      	str	r1, [r3, #48]	@ 0x30
200002ca:	6359      	str	r1, [r3, #52]	@ 0x34
200002cc:	6399      	str	r1, [r3, #56]	@ 0x38
200002ce:	63d9      	str	r1, [r3, #60]	@ 0x3c
200002d0:	6419      	str	r1, [r3, #64]	@ 0x40
200002d2:	6459      	str	r1, [r3, #68]	@ 0x44
200002d4:	6499      	str	r1, [r3, #72]	@ 0x48
200002d6:	64d9      	str	r1, [r3, #76]	@ 0x4c
200002d8:	6519      	str	r1, [r3, #80]	@ 0x50
200002da:	6559      	str	r1, [r3, #84]	@ 0x54
200002dc:	6599      	str	r1, [r3, #88]	@ 0x58
200002de:	65d9      	str	r1, [r3, #92]	@ 0x5c
200002e0:	6619      	str	r1, [r3, #96]	@ 0x60
200002e2:	6659      	str	r1, [r3, #100]	@ 0x64
200002e4:	6699      	str	r1, [r3, #104]	@ 0x68
200002e6:	66d9      	str	r1, [r3, #108]	@ 0x6c
200002e8:	6719      	str	r1, [r3, #112]	@ 0x70
200002ea:	6759      	str	r1, [r3, #116]	@ 0x74
200002ec:	6799      	str	r1, [r3, #120]	@ 0x78
200002ee:	67d9      	str	r1, [r3, #124]	@ 0x7c
200002f0:	f001 f8fe 	bl	200014f0 <__memset_veneer>
200002f4:	4b03      	ldr	r3, [pc, #12]	@ (20000304 <reset_non_control_endpoints+0x5c>)
200002f6:	4a04      	ldr	r2, [pc, #16]	@ (20000308 <reset_non_control_endpoints+0x60>)
200002f8:	601a      	str	r2, [r3, #0]
200002fa:	bd08      	pop	{r3, pc}
200002fc:	50100000 	.word	0x50100000
20000300:	200025e4 	.word	0x200025e4
20000304:	200029ac 	.word	0x200029ac
20000308:	50100180 	.word	0x50100180

2000030c <hw_handle_buff_status>:
2000030c:	e92d 4ff0 	stmdb	sp!, {r4, r5, r6, r7, r8, r9, sl, fp, lr}
20000310:	4b1f      	ldr	r3, [pc, #124]	@ (20000390 <hw_handle_buff_status+0x84>)
20000312:	b085      	sub	sp, #20
20000314:	f8d3 a058 	ldr.w	sl, [r3, #88]	@ 0x58
20000318:	f1ba 0f00 	cmp.w	sl, #0
2000031c:	d022      	beq.n	20000364 <hw_handle_buff_status+0x58>
2000031e:	2400      	movs	r4, #0
20000320:	2501      	movs	r5, #1
20000322:	f44f 69e0 	mov.w	r9, #1792	@ 0x700
20000326:	f8df 8070 	ldr.w	r8, [pc, #112]	@ 20000398 <hw_handle_buff_status+0x8c>
2000032a:	4f1a      	ldr	r7, [pc, #104]	@ (20000394 <hw_handle_buff_status+0x88>)
2000032c:	e001      	b.n	20000332 <hw_handle_buff_status+0x26>
2000032e:	2c20      	cmp	r4, #32
20000330:	d018      	beq.n	20000364 <hw_handle_buff_status+0x58>
20000332:	ea0a 0205 	and.w	r2, sl, r5
20000336:	1c61      	adds	r1, r4, #1
20000338:	4623      	mov	r3, r4
2000033a:	46ab      	mov	fp, r5
2000033c:	b2cc      	uxtb	r4, r1
2000033e:	006d      	lsls	r5, r5, #1
20000340:	2a00      	cmp	r2, #0
20000342:	d0f4      	beq.n	2000032e <hw_handle_buff_status+0x22>
20000344:	f004 0201 	and.w	r2, r4, #1
20000348:	f003 06fe 	and.w	r6, r3, #254	@ 0xfe
2000034c:	4416      	add	r6, r2
2000034e:	eb07 1646 	add.w	r6, r7, r6, lsl #5
20000352:	4630      	mov	r0, r6
20000354:	f8c8 b058 	str.w	fp, [r8, #88]	@ 0x58
20000358:	f000 fc0a 	bl	20000b70 <hw_endpoint_xfer_continue>
2000035c:	b928      	cbnz	r0, 2000036a <hw_handle_buff_status+0x5e>
2000035e:	ea3a 0a0b 	bics.w	sl, sl, fp
20000362:	d1e4      	bne.n	2000032e <hw_handle_buff_status+0x22>
20000364:	b005      	add	sp, #20
20000366:	e8bd 8ff0 	ldmia.w	sp!, {r4, r5, r6, r7, r8, r9, sl, fp, pc}
2000036a:	2300      	movs	r3, #0
2000036c:	f88d 3009 	strb.w	r3, [sp, #9]
20000370:	78b3      	ldrb	r3, [r6, #2]
20000372:	a801      	add	r0, sp, #4
20000374:	f88d 3008 	strb.w	r3, [sp, #8]
20000378:	8af3      	ldrh	r3, [r6, #22]
2000037a:	2101      	movs	r1, #1
2000037c:	f8ad 9004 	strh.w	r9, [sp, #4]
20000380:	9303      	str	r3, [sp, #12]
20000382:	f000 fc13 	bl	20000bac <dcd_event_handler>
20000386:	4630      	mov	r0, r6
20000388:	f000 fb98 	bl	20000abc <hw_endpoint_reset_transfer>
2000038c:	e7e7      	b.n	2000035e <hw_handle_buff_status+0x52>
2000038e:	bf00      	nop
20000390:	50110000 	.word	0x50110000
20000394:	200025a4 	.word	0x200025a4
20000398:	50113000 	.word	0x50113000

2000039c <dcd_rp2040_irq>:
2000039c:	b5f0      	push	{r4, r5, r6, r7, lr}
2000039e:	4bbb      	ldr	r3, [pc, #748]	@ (2000068c <dcd_rp2040_irq+0x2f0>)
200003a0:	b085      	sub	sp, #20
200003a2:	f8d3 5098 	ldr.w	r5, [r3, #152]	@ 0x98
200003a6:	f415 3600 	ands.w	r6, r5, #131072	@ 0x20000
200003aa:	d074      	beq.n	20000496 <dcd_rp2040_irq+0xfa>
200003ac:	4bb8      	ldr	r3, [pc, #736]	@ (20000690 <dcd_rp2040_irq+0x2f4>)
200003ae:	4cb9      	ldr	r4, [pc, #740]	@ (20000694 <dcd_rp2040_irq+0x2f8>)
200003b0:	6a99      	ldr	r1, [r3, #40]	@ 0x28
200003b2:	f894 303b 	ldrb.w	r3, [r4, #59]	@ 0x3b
200003b6:	4ab8      	ldr	r2, [pc, #736]	@ (20000698 <dcd_rp2040_irq+0x2fc>)
200003b8:	2b02      	cmp	r3, #2
200003ba:	6011      	str	r1, [r2, #0]
200003bc:	f000 80d4 	beq.w	20000568 <dcd_rp2040_irq+0x1cc>
200003c0:	2600      	movs	r6, #0
200003c2:	f894 307b 	ldrb.w	r3, [r4, #123]	@ 0x7b
200003c6:	2b02      	cmp	r3, #2
200003c8:	f000 813b 	beq.w	20000642 <dcd_rp2040_irq+0x2a6>
200003cc:	f894 30bb 	ldrb.w	r3, [r4, #187]	@ 0xbb
200003d0:	2b02      	cmp	r3, #2
200003d2:	f000 817d 	beq.w	200006d0 <dcd_rp2040_irq+0x334>
200003d6:	f894 30fb 	ldrb.w	r3, [r4, #251]	@ 0xfb
200003da:	2b02      	cmp	r3, #2
200003dc:	f000 816c 	beq.w	200006b8 <dcd_rp2040_irq+0x31c>
200003e0:	f894 313b 	ldrb.w	r3, [r4, #315]	@ 0x13b
200003e4:	2b02      	cmp	r3, #2
200003e6:	f000 8144 	beq.w	20000672 <dcd_rp2040_irq+0x2d6>
200003ea:	f894 317b 	ldrb.w	r3, [r4, #379]	@ 0x17b
200003ee:	2b02      	cmp	r3, #2
200003f0:	f000 8133 	beq.w	2000065a <dcd_rp2040_irq+0x2be>
200003f4:	f894 31bb 	ldrb.w	r3, [r4, #443]	@ 0x1bb
200003f8:	2b02      	cmp	r3, #2
200003fa:	f000 81b6 	beq.w	2000076a <dcd_rp2040_irq+0x3ce>
200003fe:	f894 31fb 	ldrb.w	r3, [r4, #507]	@ 0x1fb
20000402:	2b02      	cmp	r3, #2
20000404:	f000 81a6 	beq.w	20000754 <dcd_rp2040_irq+0x3b8>
20000408:	f894 323b 	ldrb.w	r3, [r4, #571]	@ 0x23b
2000040c:	2b02      	cmp	r3, #2
2000040e:	f000 8196 	beq.w	2000073e <dcd_rp2040_irq+0x3a2>
20000412:	f894 327b 	ldrb.w	r3, [r4, #635]	@ 0x27b
20000416:	2b02      	cmp	r3, #2
20000418:	f000 8186 	beq.w	20000728 <dcd_rp2040_irq+0x38c>
2000041c:	f894 32bb 	ldrb.w	r3, [r4, #699]	@ 0x2bb
20000420:	2b02      	cmp	r3, #2
20000422:	f000 8176 	beq.w	20000712 <dcd_rp2040_irq+0x376>
20000426:	f894 32fb 	ldrb.w	r3, [r4, #763]	@ 0x2fb
2000042a:	2b02      	cmp	r3, #2
2000042c:	f000 8166 	beq.w	200006fc <dcd_rp2040_irq+0x360>
20000430:	f894 333b 	ldrb.w	r3, [r4, #827]	@ 0x33b
20000434:	2b02      	cmp	r3, #2
20000436:	f000 8156 	beq.w	200006e6 <dcd_rp2040_irq+0x34a>
2000043a:	f894 337b 	ldrb.w	r3, [r4, #891]	@ 0x37b
2000043e:	2b02      	cmp	r3, #2
20000440:	f000 80a4 	beq.w	2000058c <dcd_rp2040_irq+0x1f0>
20000444:	f894 33bb 	ldrb.w	r3, [r4, #955]	@ 0x3bb
20000448:	2b02      	cmp	r3, #2
2000044a:	f000 8199 	beq.w	20000780 <dcd_rp2040_irq+0x3e4>
2000044e:	f894 33fb 	ldrb.w	r3, [r4, #1019]	@ 0x3fb
20000452:	2b02      	cmp	r3, #2
20000454:	f000 80b4 	beq.w	200005c0 <dcd_rp2040_irq+0x224>
20000458:	b93e      	cbnz	r6, 2000046a <dcd_rp2040_irq+0xce>
2000045a:	4b90      	ldr	r3, [pc, #576]	@ (2000069c <dcd_rp2040_irq+0x300>)
2000045c:	781b      	ldrb	r3, [r3, #0]
2000045e:	b923      	cbnz	r3, 2000046a <dcd_rp2040_irq+0xce>
20000460:	f44f 3200 	mov.w	r2, #131072	@ 0x20000
20000464:	4b8e      	ldr	r3, [pc, #568]	@ (200006a0 <dcd_rp2040_irq+0x304>)
20000466:	f8c3 2090 	str.w	r2, [r3, #144]	@ 0x90
2000046a:	f44f 7240 	mov.w	r2, #768	@ 0x300
2000046e:	4b87      	ldr	r3, [pc, #540]	@ (2000068c <dcd_rp2040_irq+0x2f0>)
20000470:	2101      	movs	r1, #1
20000472:	6c9b      	ldr	r3, [r3, #72]	@ 0x48
20000474:	a801      	add	r0, sp, #4
20000476:	f3c3 030a 	ubfx	r3, r3, #0, #11
2000047a:	f8ad 2004 	strh.w	r2, [sp, #4]
2000047e:	9302      	str	r3, [sp, #8]
20000480:	f000 fb94 	bl	20000bac <dcd_event_handler>
20000484:	06ea      	lsls	r2, r5, #27
20000486:	f44f 3600 	mov.w	r6, #131072	@ 0x20000
2000048a:	4c86      	ldr	r4, [pc, #536]	@ (200006a4 <dcd_rp2040_irq+0x308>)
2000048c:	d507      	bpl.n	2000049e <dcd_rp2040_irq+0x102>
2000048e:	f7ff ff3d 	bl	2000030c <hw_handle_buff_status>
20000492:	4626      	mov	r6, r4
20000494:	e003      	b.n	2000049e <dcd_rp2040_irq+0x102>
20000496:	06ea      	lsls	r2, r5, #27
20000498:	f04f 0410 	mov.w	r4, #16
2000049c:	d4f7      	bmi.n	2000048e <dcd_rp2040_irq+0xf2>
2000049e:	03eb      	lsls	r3, r5, #15
200004a0:	d522      	bpl.n	200004e8 <dcd_rp2040_irq+0x14c>
200004a2:	4c7c      	ldr	r4, [pc, #496]	@ (20000694 <dcd_rp2040_irq+0x2f8>)
200004a4:	f446 3680 	orr.w	r6, r6, #65536	@ 0x10000
200004a8:	7ea3      	ldrb	r3, [r4, #26]
200004aa:	2b00      	cmp	r3, #0
200004ac:	f040 8099 	bne.w	200005e2 <dcd_rp2040_irq+0x246>
200004b0:	2301      	movs	r3, #1
200004b2:	f894 203a 	ldrb.w	r2, [r4, #58]	@ 0x3a
200004b6:	70e3      	strb	r3, [r4, #3]
200004b8:	2a00      	cmp	r2, #0
200004ba:	f040 80ad 	bne.w	20000618 <dcd_rp2040_irq+0x27c>
200004be:	2301      	movs	r3, #1
200004c0:	f44f 61c0 	mov.w	r1, #1536	@ 0x600
200004c4:	4a78      	ldr	r2, [pc, #480]	@ (200006a8 <dcd_rp2040_irq+0x30c>)
200004c6:	f884 3023 	strb.w	r3, [r4, #35]	@ 0x23
200004ca:	f8ad 1004 	strh.w	r1, [sp, #4]
200004ce:	e892 0003 	ldmia.w	r2, {r0, r1}
200004d2:	aa04      	add	r2, sp, #16
200004d4:	e902 0003 	stmdb	r2, {r0, r1}
200004d8:	4619      	mov	r1, r3
200004da:	a801      	add	r0, sp, #4
200004dc:	f000 fb66 	bl	20000bac <dcd_event_handler>
200004e0:	f44f 3200 	mov.w	r2, #131072	@ 0x20000
200004e4:	4b6e      	ldr	r3, [pc, #440]	@ (200006a0 <dcd_rp2040_irq+0x304>)
200004e6:	651a      	str	r2, [r3, #80]	@ 0x50
200004e8:	04e9      	lsls	r1, r5, #19
200004ea:	d408      	bmi.n	200004fe <dcd_rp2040_irq+0x162>
200004ec:	046a      	lsls	r2, r5, #17
200004ee:	d41d      	bmi.n	2000052c <dcd_rp2040_irq+0x190>
200004f0:	042b      	lsls	r3, r5, #16
200004f2:	d42a      	bmi.n	2000054a <dcd_rp2040_irq+0x1ae>
200004f4:	42ae      	cmp	r6, r5
200004f6:	f040 81c5 	bne.w	20000884 <dcd_rp2040_irq+0x4e8>
200004fa:	b005      	add	sp, #20
200004fc:	bdf0      	pop	{r4, r5, r6, r7, pc}
200004fe:	2400      	movs	r4, #0
20000500:	4b62      	ldr	r3, [pc, #392]	@ (2000068c <dcd_rp2040_irq+0x2f0>)
20000502:	f446 5680 	orr.w	r6, r6, #4096	@ 0x1000
20000506:	601c      	str	r4, [r3, #0]
20000508:	f7ff fece 	bl	200002a8 <reset_non_control_endpoints>
2000050c:	f44f 7380 	mov.w	r3, #256	@ 0x100
20000510:	2101      	movs	r1, #1
20000512:	a801      	add	r0, sp, #4
20000514:	f8ad 3004 	strh.w	r3, [sp, #4]
20000518:	f88d 4008 	strb.w	r4, [sp, #8]
2000051c:	f000 fb46 	bl	20000bac <dcd_event_handler>
20000520:	f44f 2200 	mov.w	r2, #524288	@ 0x80000
20000524:	4b5e      	ldr	r3, [pc, #376]	@ (200006a0 <dcd_rp2040_irq+0x304>)
20000526:	651a      	str	r2, [r3, #80]	@ 0x50
20000528:	046a      	lsls	r2, r5, #17
2000052a:	d5e1      	bpl.n	200004f0 <dcd_rp2040_irq+0x154>
2000052c:	f44f 6380 	mov.w	r3, #1024	@ 0x400
20000530:	2101      	movs	r1, #1
20000532:	a801      	add	r0, sp, #4
20000534:	f8ad 3004 	strh.w	r3, [sp, #4]
20000538:	f000 fb38 	bl	20000bac <dcd_event_handler>
2000053c:	2210      	movs	r2, #16
2000053e:	4b58      	ldr	r3, [pc, #352]	@ (200006a0 <dcd_rp2040_irq+0x304>)
20000540:	f446 4680 	orr.w	r6, r6, #16384	@ 0x4000
20000544:	651a      	str	r2, [r3, #80]	@ 0x50
20000546:	042b      	lsls	r3, r5, #16
20000548:	d5d4      	bpl.n	200004f4 <dcd_rp2040_irq+0x158>
2000054a:	f44f 63a0 	mov.w	r3, #1280	@ 0x500
2000054e:	2101      	movs	r1, #1
20000550:	a801      	add	r0, sp, #4
20000552:	f8ad 3004 	strh.w	r3, [sp, #4]
20000556:	f000 fb29 	bl	20000bac <dcd_event_handler>
2000055a:	f44f 6200 	mov.w	r2, #2048	@ 0x800
2000055e:	4b50      	ldr	r3, [pc, #320]	@ (200006a0 <dcd_rp2040_irq+0x304>)
20000560:	f446 4600 	orr.w	r6, r6, #32768	@ 0x8000
20000564:	651a      	str	r2, [r3, #80]	@ 0x50
20000566:	e7c5      	b.n	200004f4 <dcd_rp2040_irq+0x158>
20000568:	f894 603a 	ldrb.w	r6, [r4, #58]	@ 0x3a
2000056c:	2e00      	cmp	r6, #0
2000056e:	f43f af28 	beq.w	200003c2 <dcd_rp2040_irq+0x26>
20000572:	f894 303c 	ldrb.w	r3, [r4, #60]	@ 0x3c
20000576:	2b00      	cmp	r3, #0
20000578:	f43f af23 	beq.w	200003c2 <dcd_rp2040_irq+0x26>
2000057c:	2300      	movs	r3, #0
2000057e:	f104 0020 	add.w	r0, r4, #32
20000582:	f884 303c 	strb.w	r3, [r4, #60]	@ 0x3c
20000586:	f000 fac1 	bl	20000b0c <hw_endpoint_start_next_buffer>
2000058a:	e71a      	b.n	200003c2 <dcd_rp2040_irq+0x26>
2000058c:	f894 737a 	ldrb.w	r7, [r4, #890]	@ 0x37a
20000590:	2f00      	cmp	r7, #0
20000592:	f43f af57 	beq.w	20000444 <dcd_rp2040_irq+0xa8>
20000596:	f894 337c 	ldrb.w	r3, [r4, #892]	@ 0x37c
2000059a:	2b00      	cmp	r3, #0
2000059c:	f040 8164 	bne.w	20000868 <dcd_rp2040_irq+0x4cc>
200005a0:	f894 33bb 	ldrb.w	r3, [r4, #955]	@ 0x3bb
200005a4:	2b02      	cmp	r3, #2
200005a6:	f040 80f4 	bne.w	20000792 <dcd_rp2040_irq+0x3f6>
200005aa:	f894 33ba 	ldrb.w	r3, [r4, #954]	@ 0x3ba
200005ae:	2b00      	cmp	r3, #0
200005b0:	f040 80eb 	bne.w	2000078a <dcd_rp2040_irq+0x3ee>
200005b4:	f894 33fb 	ldrb.w	r3, [r4, #1019]	@ 0x3fb
200005b8:	2b02      	cmp	r3, #2
200005ba:	f47f af56 	bne.w	2000046a <dcd_rp2040_irq+0xce>
200005be:	463e      	mov	r6, r7
200005c0:	f894 33fa 	ldrb.w	r3, [r4, #1018]	@ 0x3fa
200005c4:	2b00      	cmp	r3, #0
200005c6:	f43f af47 	beq.w	20000458 <dcd_rp2040_irq+0xbc>
200005ca:	f894 33fc 	ldrb.w	r3, [r4, #1020]	@ 0x3fc
200005ce:	2b00      	cmp	r3, #0
200005d0:	f43f af4b 	beq.w	2000046a <dcd_rp2040_irq+0xce>
200005d4:	2300      	movs	r3, #0
200005d6:	4835      	ldr	r0, [pc, #212]	@ (200006ac <dcd_rp2040_irq+0x310>)
200005d8:	f884 33fc 	strb.w	r3, [r4, #1020]	@ 0x3fc
200005dc:	f000 fa96 	bl	20000b0c <hw_endpoint_start_next_buffer>
200005e0:	e743      	b.n	2000046a <dcd_rp2040_irq+0xce>
200005e2:	2102      	movs	r1, #2
200005e4:	4b32      	ldr	r3, [pc, #200]	@ (200006b0 <dcd_rp2040_irq+0x314>)
200005e6:	4a29      	ldr	r2, [pc, #164]	@ (2000068c <dcd_rp2040_irq+0x2f0>)
200005e8:	6619      	str	r1, [r3, #96]	@ 0x60
200005ea:	6e53      	ldr	r3, [r2, #100]	@ 0x64
200005ec:	079f      	lsls	r7, r3, #30
200005ee:	d5fc      	bpl.n	200005ea <dcd_rp2040_irq+0x24e>
200005f0:	f44f 5240 	mov.w	r2, #12288	@ 0x3000
200005f4:	2100      	movs	r1, #0
200005f6:	4827      	ldr	r0, [pc, #156]	@ (20000694 <dcd_rp2040_irq+0x2f8>)
200005f8:	f000 fa66 	bl	20000ac8 <_hw_endpoint_buffer_control_update32>
200005fc:	4825      	ldr	r0, [pc, #148]	@ (20000694 <dcd_rp2040_irq+0x2f8>)
200005fe:	f000 fa5d 	bl	20000abc <hw_endpoint_reset_transfer>
20000602:	2202      	movs	r2, #2
20000604:	4b26      	ldr	r3, [pc, #152]	@ (200006a0 <dcd_rp2040_irq+0x304>)
20000606:	665a      	str	r2, [r3, #100]	@ 0x64
20000608:	661a      	str	r2, [r3, #96]	@ 0x60
2000060a:	2301      	movs	r3, #1
2000060c:	f894 203a 	ldrb.w	r2, [r4, #58]	@ 0x3a
20000610:	70e3      	strb	r3, [r4, #3]
20000612:	2a00      	cmp	r2, #0
20000614:	f43f af53 	beq.w	200004be <dcd_rp2040_irq+0x122>
20000618:	4a25      	ldr	r2, [pc, #148]	@ (200006b0 <dcd_rp2040_irq+0x314>)
2000061a:	6613      	str	r3, [r2, #96]	@ 0x60
2000061c:	f5a2 5200 	sub.w	r2, r2, #8192	@ 0x2000
20000620:	6e53      	ldr	r3, [r2, #100]	@ 0x64
20000622:	07d8      	lsls	r0, r3, #31
20000624:	d5fc      	bpl.n	20000620 <dcd_rp2040_irq+0x284>
20000626:	f44f 5240 	mov.w	r2, #12288	@ 0x3000
2000062a:	2100      	movs	r1, #0
2000062c:	4821      	ldr	r0, [pc, #132]	@ (200006b4 <dcd_rp2040_irq+0x318>)
2000062e:	f000 fa4b 	bl	20000ac8 <_hw_endpoint_buffer_control_update32>
20000632:	4820      	ldr	r0, [pc, #128]	@ (200006b4 <dcd_rp2040_irq+0x318>)
20000634:	f000 fa42 	bl	20000abc <hw_endpoint_reset_transfer>
20000638:	2201      	movs	r2, #1
2000063a:	4b19      	ldr	r3, [pc, #100]	@ (200006a0 <dcd_rp2040_irq+0x304>)
2000063c:	665a      	str	r2, [r3, #100]	@ 0x64
2000063e:	661a      	str	r2, [r3, #96]	@ 0x60
20000640:	e73d      	b.n	200004be <dcd_rp2040_irq+0x122>
20000642:	f894 707a 	ldrb.w	r7, [r4, #122]	@ 0x7a
20000646:	2f00      	cmp	r7, #0
20000648:	f43f aec0 	beq.w	200003cc <dcd_rp2040_irq+0x30>
2000064c:	f894 307c 	ldrb.w	r3, [r4, #124]	@ 0x7c
20000650:	2b00      	cmp	r3, #0
20000652:	f040 8101 	bne.w	20000858 <dcd_rp2040_irq+0x4bc>
20000656:	463e      	mov	r6, r7
20000658:	e6b8      	b.n	200003cc <dcd_rp2040_irq+0x30>
2000065a:	f894 717a 	ldrb.w	r7, [r4, #378]	@ 0x17a
2000065e:	2f00      	cmp	r7, #0
20000660:	f43f aec8 	beq.w	200003f4 <dcd_rp2040_irq+0x58>
20000664:	f894 317c 	ldrb.w	r3, [r4, #380]	@ 0x17c
20000668:	2b00      	cmp	r3, #0
2000066a:	f040 80ed 	bne.w	20000848 <dcd_rp2040_irq+0x4ac>
2000066e:	463e      	mov	r6, r7
20000670:	e6c0      	b.n	200003f4 <dcd_rp2040_irq+0x58>
20000672:	f894 713a 	ldrb.w	r7, [r4, #314]	@ 0x13a
20000676:	2f00      	cmp	r7, #0
20000678:	f43f aeb7 	beq.w	200003ea <dcd_rp2040_irq+0x4e>
2000067c:	f894 313c 	ldrb.w	r3, [r4, #316]	@ 0x13c
20000680:	2b00      	cmp	r3, #0
20000682:	f040 80d9 	bne.w	20000838 <dcd_rp2040_irq+0x49c>
20000686:	463e      	mov	r6, r7
20000688:	e6af      	b.n	200003ea <dcd_rp2040_irq+0x4e>
2000068a:	bf00      	nop
2000068c:	50110000 	.word	0x50110000
20000690:	400b0000 	.word	0x400b0000
20000694:	200025a4 	.word	0x200025a4
20000698:	20002594 	.word	0x20002594
2000069c:	20002a1e 	.word	0x20002a1e
200006a0:	50113000 	.word	0x50113000
200006a4:	00020010 	.word	0x00020010
200006a8:	50100000 	.word	0x50100000
200006ac:	20002984 	.word	0x20002984
200006b0:	50112000 	.word	0x50112000
200006b4:	200025c4 	.word	0x200025c4
200006b8:	f894 70fa 	ldrb.w	r7, [r4, #250]	@ 0xfa
200006bc:	2f00      	cmp	r7, #0
200006be:	f43f ae8f 	beq.w	200003e0 <dcd_rp2040_irq+0x44>
200006c2:	f894 30fc 	ldrb.w	r3, [r4, #252]	@ 0xfc
200006c6:	2b00      	cmp	r3, #0
200006c8:	f040 808e 	bne.w	200007e8 <dcd_rp2040_irq+0x44c>
200006cc:	463e      	mov	r6, r7
200006ce:	e687      	b.n	200003e0 <dcd_rp2040_irq+0x44>
200006d0:	f894 70ba 	ldrb.w	r7, [r4, #186]	@ 0xba
200006d4:	2f00      	cmp	r7, #0
200006d6:	f43f ae7e 	beq.w	200003d6 <dcd_rp2040_irq+0x3a>
200006da:	f894 30bc 	ldrb.w	r3, [r4, #188]	@ 0xbc
200006de:	2b00      	cmp	r3, #0
200006e0:	d17a      	bne.n	200007d8 <dcd_rp2040_irq+0x43c>
200006e2:	463e      	mov	r6, r7
200006e4:	e677      	b.n	200003d6 <dcd_rp2040_irq+0x3a>
200006e6:	f894 733a 	ldrb.w	r7, [r4, #826]	@ 0x33a
200006ea:	2f00      	cmp	r7, #0
200006ec:	f43f aea5 	beq.w	2000043a <dcd_rp2040_irq+0x9e>
200006f0:	f894 333c 	ldrb.w	r3, [r4, #828]	@ 0x33c
200006f4:	2b00      	cmp	r3, #0
200006f6:	d157      	bne.n	200007a8 <dcd_rp2040_irq+0x40c>
200006f8:	463e      	mov	r6, r7
200006fa:	e69e      	b.n	2000043a <dcd_rp2040_irq+0x9e>
200006fc:	f894 72fa 	ldrb.w	r7, [r4, #762]	@ 0x2fa
20000700:	2f00      	cmp	r7, #0
20000702:	f43f ae95 	beq.w	20000430 <dcd_rp2040_irq+0x94>
20000706:	f894 32fc 	ldrb.w	r3, [r4, #764]	@ 0x2fc
2000070a:	2b00      	cmp	r3, #0
2000070c:	d15c      	bne.n	200007c8 <dcd_rp2040_irq+0x42c>
2000070e:	463e      	mov	r6, r7
20000710:	e68e      	b.n	20000430 <dcd_rp2040_irq+0x94>
20000712:	f894 72ba 	ldrb.w	r7, [r4, #698]	@ 0x2ba
20000716:	2f00      	cmp	r7, #0
20000718:	f43f ae85 	beq.w	20000426 <dcd_rp2040_irq+0x8a>
2000071c:	f894 32bc 	ldrb.w	r3, [r4, #700]	@ 0x2bc
20000720:	2b00      	cmp	r3, #0
20000722:	d149      	bne.n	200007b8 <dcd_rp2040_irq+0x41c>
20000724:	463e      	mov	r6, r7
20000726:	e67e      	b.n	20000426 <dcd_rp2040_irq+0x8a>
20000728:	f894 727a 	ldrb.w	r7, [r4, #634]	@ 0x27a
2000072c:	2f00      	cmp	r7, #0
2000072e:	f43f ae75 	beq.w	2000041c <dcd_rp2040_irq+0x80>
20000732:	f894 327c 	ldrb.w	r3, [r4, #636]	@ 0x27c
20000736:	2b00      	cmp	r3, #0
20000738:	d176      	bne.n	20000828 <dcd_rp2040_irq+0x48c>
2000073a:	463e      	mov	r6, r7
2000073c:	e66e      	b.n	2000041c <dcd_rp2040_irq+0x80>
2000073e:	f894 723a 	ldrb.w	r7, [r4, #570]	@ 0x23a
20000742:	2f00      	cmp	r7, #0
20000744:	f43f ae65 	beq.w	20000412 <dcd_rp2040_irq+0x76>
20000748:	f894 323c 	ldrb.w	r3, [r4, #572]	@ 0x23c
2000074c:	2b00      	cmp	r3, #0
2000074e:	d163      	bne.n	20000818 <dcd_rp2040_irq+0x47c>
20000750:	463e      	mov	r6, r7
20000752:	e65e      	b.n	20000412 <dcd_rp2040_irq+0x76>
20000754:	f894 71fa 	ldrb.w	r7, [r4, #506]	@ 0x1fa
20000758:	2f00      	cmp	r7, #0
2000075a:	f43f ae55 	beq.w	20000408 <dcd_rp2040_irq+0x6c>
2000075e:	f894 31fc 	ldrb.w	r3, [r4, #508]	@ 0x1fc
20000762:	2b00      	cmp	r3, #0
20000764:	d150      	bne.n	20000808 <dcd_rp2040_irq+0x46c>
20000766:	463e      	mov	r6, r7
20000768:	e64e      	b.n	20000408 <dcd_rp2040_irq+0x6c>
2000076a:	f894 71ba 	ldrb.w	r7, [r4, #442]	@ 0x1ba
2000076e:	2f00      	cmp	r7, #0
20000770:	f43f ae45 	beq.w	200003fe <dcd_rp2040_irq+0x62>
20000774:	f894 31bc 	ldrb.w	r3, [r4, #444]	@ 0x1bc
20000778:	2b00      	cmp	r3, #0
2000077a:	d13d      	bne.n	200007f8 <dcd_rp2040_irq+0x45c>
2000077c:	463e      	mov	r6, r7
2000077e:	e63e      	b.n	200003fe <dcd_rp2040_irq+0x62>
20000780:	f894 33ba 	ldrb.w	r3, [r4, #954]	@ 0x3ba
20000784:	2b00      	cmp	r3, #0
20000786:	f43f ae62 	beq.w	2000044e <dcd_rp2040_irq+0xb2>
2000078a:	f894 33bc 	ldrb.w	r3, [r4, #956]	@ 0x3bc
2000078e:	2b00      	cmp	r3, #0
20000790:	d171      	bne.n	20000876 <dcd_rp2040_irq+0x4da>
20000792:	f894 33fb 	ldrb.w	r3, [r4, #1019]	@ 0x3fb
20000796:	2b02      	cmp	r3, #2
20000798:	f47f ae67 	bne.w	2000046a <dcd_rp2040_irq+0xce>
2000079c:	f894 33fa 	ldrb.w	r3, [r4, #1018]	@ 0x3fa
200007a0:	2b00      	cmp	r3, #0
200007a2:	f43f ae62 	beq.w	2000046a <dcd_rp2040_irq+0xce>
200007a6:	e710      	b.n	200005ca <dcd_rp2040_irq+0x22e>
200007a8:	2300      	movs	r3, #0
200007aa:	4839      	ldr	r0, [pc, #228]	@ (20000890 <dcd_rp2040_irq+0x4f4>)
200007ac:	f884 333c 	strb.w	r3, [r4, #828]	@ 0x33c
200007b0:	463e      	mov	r6, r7
200007b2:	f000 f9ab 	bl	20000b0c <hw_endpoint_start_next_buffer>
200007b6:	e640      	b.n	2000043a <dcd_rp2040_irq+0x9e>
200007b8:	2300      	movs	r3, #0
200007ba:	4836      	ldr	r0, [pc, #216]	@ (20000894 <dcd_rp2040_irq+0x4f8>)
200007bc:	f884 32bc 	strb.w	r3, [r4, #700]	@ 0x2bc
200007c0:	463e      	mov	r6, r7
200007c2:	f000 f9a3 	bl	20000b0c <hw_endpoint_start_next_buffer>
200007c6:	e62e      	b.n	20000426 <dcd_rp2040_irq+0x8a>
200007c8:	2300      	movs	r3, #0
200007ca:	4833      	ldr	r0, [pc, #204]	@ (20000898 <dcd_rp2040_irq+0x4fc>)
200007cc:	f884 32fc 	strb.w	r3, [r4, #764]	@ 0x2fc
200007d0:	463e      	mov	r6, r7
200007d2:	f000 f99b 	bl	20000b0c <hw_endpoint_start_next_buffer>
200007d6:	e62b      	b.n	20000430 <dcd_rp2040_irq+0x94>
200007d8:	2300      	movs	r3, #0
200007da:	4830      	ldr	r0, [pc, #192]	@ (2000089c <dcd_rp2040_irq+0x500>)
200007dc:	f884 30bc 	strb.w	r3, [r4, #188]	@ 0xbc
200007e0:	463e      	mov	r6, r7
200007e2:	f000 f993 	bl	20000b0c <hw_endpoint_start_next_buffer>
200007e6:	e5f6      	b.n	200003d6 <dcd_rp2040_irq+0x3a>
200007e8:	2300      	movs	r3, #0
200007ea:	482d      	ldr	r0, [pc, #180]	@ (200008a0 <dcd_rp2040_irq+0x504>)
200007ec:	f884 30fc 	strb.w	r3, [r4, #252]	@ 0xfc
200007f0:	463e      	mov	r6, r7
200007f2:	f000 f98b 	bl	20000b0c <hw_endpoint_start_next_buffer>
200007f6:	e5f3      	b.n	200003e0 <dcd_rp2040_irq+0x44>
200007f8:	2300      	movs	r3, #0
200007fa:	482a      	ldr	r0, [pc, #168]	@ (200008a4 <dcd_rp2040_irq+0x508>)
200007fc:	f884 31bc 	strb.w	r3, [r4, #444]	@ 0x1bc
20000800:	463e      	mov	r6, r7
20000802:	f000 f983 	bl	20000b0c <hw_endpoint_start_next_buffer>
20000806:	e5fa      	b.n	200003fe <dcd_rp2040_irq+0x62>
20000808:	2300      	movs	r3, #0
2000080a:	4827      	ldr	r0, [pc, #156]	@ (200008a8 <dcd_rp2040_irq+0x50c>)
2000080c:	f884 31fc 	strb.w	r3, [r4, #508]	@ 0x1fc
20000810:	463e      	mov	r6, r7
20000812:	f000 f97b 	bl	20000b0c <hw_endpoint_start_next_buffer>
20000816:	e5f7      	b.n	20000408 <dcd_rp2040_irq+0x6c>
20000818:	2300      	movs	r3, #0
2000081a:	4824      	ldr	r0, [pc, #144]	@ (200008ac <dcd_rp2040_irq+0x510>)
2000081c:	f884 323c 	strb.w	r3, [r4, #572]	@ 0x23c
20000820:	463e      	mov	r6, r7
20000822:	f000 f973 	bl	20000b0c <hw_endpoint_start_next_buffer>
20000826:	e5f4      	b.n	20000412 <dcd_rp2040_irq+0x76>
20000828:	2300      	movs	r3, #0
2000082a:	4821      	ldr	r0, [pc, #132]	@ (200008b0 <dcd_rp2040_irq+0x514>)
2000082c:	f884 327c 	strb.w	r3, [r4, #636]	@ 0x27c
20000830:	463e      	mov	r6, r7
20000832:	f000 f96b 	bl	20000b0c <hw_endpoint_start_next_buffer>
20000836:	e5f1      	b.n	2000041c <dcd_rp2040_irq+0x80>
20000838:	2300      	movs	r3, #0
2000083a:	481e      	ldr	r0, [pc, #120]	@ (200008b4 <dcd_rp2040_irq+0x518>)
2000083c:	f884 313c 	strb.w	r3, [r4, #316]	@ 0x13c
20000840:	463e      	mov	r6, r7
20000842:	f000 f963 	bl	20000b0c <hw_endpoint_start_next_buffer>
20000846:	e5d0      	b.n	200003ea <dcd_rp2040_irq+0x4e>
20000848:	2300      	movs	r3, #0
2000084a:	481b      	ldr	r0, [pc, #108]	@ (200008b8 <dcd_rp2040_irq+0x51c>)
2000084c:	f884 317c 	strb.w	r3, [r4, #380]	@ 0x17c
20000850:	463e      	mov	r6, r7
20000852:	f000 f95b 	bl	20000b0c <hw_endpoint_start_next_buffer>
20000856:	e5cd      	b.n	200003f4 <dcd_rp2040_irq+0x58>
20000858:	2300      	movs	r3, #0
2000085a:	4818      	ldr	r0, [pc, #96]	@ (200008bc <dcd_rp2040_irq+0x520>)
2000085c:	f884 307c 	strb.w	r3, [r4, #124]	@ 0x7c
20000860:	463e      	mov	r6, r7
20000862:	f000 f953 	bl	20000b0c <hw_endpoint_start_next_buffer>
20000866:	e5b1      	b.n	200003cc <dcd_rp2040_irq+0x30>
20000868:	2300      	movs	r3, #0
2000086a:	4815      	ldr	r0, [pc, #84]	@ (200008c0 <dcd_rp2040_irq+0x524>)
2000086c:	f884 337c 	strb.w	r3, [r4, #892]	@ 0x37c
20000870:	f000 f94c 	bl	20000b0c <hw_endpoint_start_next_buffer>
20000874:	e694      	b.n	200005a0 <dcd_rp2040_irq+0x204>
20000876:	2300      	movs	r3, #0
20000878:	4812      	ldr	r0, [pc, #72]	@ (200008c4 <dcd_rp2040_irq+0x528>)
2000087a:	f884 33bc 	strb.w	r3, [r4, #956]	@ 0x3bc
2000087e:	f000 f945 	bl	20000b0c <hw_endpoint_start_next_buffer>
20000882:	e786      	b.n	20000792 <dcd_rp2040_irq+0x3f6>
20000884:	4810      	ldr	r0, [pc, #64]	@ (200008c8 <dcd_rp2040_irq+0x52c>)
20000886:	ea86 0105 	eor.w	r1, r6, r5
2000088a:	f000 fe1d 	bl	200014c8 <__panic_veneer>
2000088e:	bf00      	nop
20000890:	200028c4 	.word	0x200028c4
20000894:	20002844 	.word	0x20002844
20000898:	20002884 	.word	0x20002884
2000089c:	20002644 	.word	0x20002644
200008a0:	20002684 	.word	0x20002684
200008a4:	20002744 	.word	0x20002744
200008a8:	20002784 	.word	0x20002784
200008ac:	200027c4 	.word	0x200027c4
200008b0:	20002804 	.word	0x20002804
200008b4:	200026c4 	.word	0x200026c4
200008b8:	20002704 	.word	0x20002704
200008bc:	20002604 	.word	0x20002604
200008c0:	20002904 	.word	0x20002904
200008c4:	20002944 	.word	0x20002944
200008c8:	1000cf60 	.word	0x1000cf60

200008cc <prepare_ep_buffer>:
200008cc:	e92d 47f0 	stmdb	sp!, {r4, r5, r6, r7, r8, r9, sl, lr}
200008d0:	8a84      	ldrh	r4, [r0, #20]
200008d2:	8b05      	ldrh	r5, [r0, #24]
200008d4:	78c2      	ldrb	r2, [r0, #3]
200008d6:	42a5      	cmp	r5, r4
200008d8:	bf28      	it	cs
200008da:	4625      	movcs	r5, r4
200008dc:	1e17      	subs	r7, r2, #0
200008de:	bf18      	it	ne
200008e0:	2701      	movne	r7, #1
200008e2:	1b64      	subs	r4, r4, r5
200008e4:	7846      	ldrb	r6, [r0, #1]
200008e6:	f082 0201 	eor.w	r2, r2, #1
200008ea:	b2a4      	uxth	r4, r4
200008ec:	4603      	mov	r3, r0
200008ee:	70c2      	strb	r2, [r0, #3]
200008f0:	8284      	strh	r4, [r0, #20]
200008f2:	f445 6080 	orr.w	r0, r5, #1024	@ 0x400
200008f6:	ea40 3047 	orr.w	r0, r0, r7, lsl #13
200008fa:	bba6      	cbnz	r6, 20000966 <prepare_ep_buffer+0x9a>
200008fc:	e9d3 2603 	ldrd	r2, r6, [r3, #12]
20000900:	1e6f      	subs	r7, r5, #1
20000902:	eb02 1e81 	add.w	lr, r2, r1, lsl #6
20000906:	b355      	cbz	r5, 2000095e <prepare_ep_buffer+0x92>
20000908:	2f05      	cmp	r7, #5
2000090a:	bf98      	it	ls
2000090c:	1c72      	addls	r2, r6, #1
2000090e:	d931      	bls.n	20000974 <prepare_ep_buffer+0xa8>
20000910:	eb02 1c81 	add.w	ip, r2, r1, lsl #6
20000914:	1c72      	adds	r2, r6, #1
20000916:	ebac 0402 	sub.w	r4, ip, r2
2000091a:	2c02      	cmp	r4, #2
2000091c:	d92a      	bls.n	20000974 <prepare_ep_buffer+0xa8>
2000091e:	4632      	mov	r2, r6
20000920:	ea4f 0995 	mov.w	r9, r5, lsr #2
20000924:	ea4f 0a89 	mov.w	sl, r9, lsl #2
20000928:	eb06 0889 	add.w	r8, r6, r9, lsl #2
2000092c:	f852 4b04 	ldr.w	r4, [r2], #4
20000930:	4542      	cmp	r2, r8
20000932:	f84c 4b04 	str.w	r4, [ip], #4
20000936:	d1f9      	bne.n	2000092c <prepare_ep_buffer+0x60>
20000938:	4555      	cmp	r5, sl
2000093a:	eba7 070a 	sub.w	r7, r7, sl
2000093e:	eb0e 040a 	add.w	r4, lr, sl
20000942:	d00a      	beq.n	2000095a <prepare_ep_buffer+0x8e>
20000944:	f816 6029 	ldrb.w	r6, [r6, r9, lsl #2]
20000948:	f80e 6029 	strb.w	r6, [lr, r9, lsl #2]
2000094c:	b12f      	cbz	r7, 2000095a <prepare_ep_buffer+0x8e>
2000094e:	7856      	ldrb	r6, [r2, #1]
20000950:	2f01      	cmp	r7, #1
20000952:	7066      	strb	r6, [r4, #1]
20000954:	d001      	beq.n	2000095a <prepare_ep_buffer+0x8e>
20000956:	7892      	ldrb	r2, [r2, #2]
20000958:	70a2      	strb	r2, [r4, #2]
2000095a:	691e      	ldr	r6, [r3, #16]
2000095c:	8a9c      	ldrh	r4, [r3, #20]
2000095e:	442e      	add	r6, r5
20000960:	611e      	str	r6, [r3, #16]
20000962:	f440 4000 	orr.w	r0, r0, #32768	@ 0x8000
20000966:	b90c      	cbnz	r4, 2000096c <prepare_ep_buffer+0xa0>
20000968:	f440 4080 	orr.w	r0, r0, #16384	@ 0x4000
2000096c:	b101      	cbz	r1, 20000970 <prepare_ep_buffer+0xa4>
2000096e:	0400      	lsls	r0, r0, #16
20000970:	e8bd 87f0 	ldmia.w	sp!, {r4, r5, r6, r7, r8, r9, sl, pc}
20000974:	f10e 3eff 	add.w	lr, lr, #4294967295	@ 0xffffffff
20000978:	442e      	add	r6, r5
2000097a:	e000      	b.n	2000097e <prepare_ep_buffer+0xb2>
2000097c:	3201      	adds	r2, #1
2000097e:	f812 4c01 	ldrb.w	r4, [r2, #-1]
20000982:	42b2      	cmp	r2, r6
20000984:	f80e 4f01 	strb.w	r4, [lr, #1]!
20000988:	d1f8      	bne.n	2000097c <prepare_ep_buffer+0xb0>
2000098a:	e7e6      	b.n	2000095a <prepare_ep_buffer+0x8e>

2000098c <sync_ep_buffer>:
2000098c:	6883      	ldr	r3, [r0, #8]
2000098e:	4602      	mov	r2, r0
20000990:	6818      	ldr	r0, [r3, #0]
20000992:	b101      	cbz	r1, 20000996 <sync_ep_buffer+0xa>
20000994:	0c00      	lsrs	r0, r0, #16
20000996:	7853      	ldrb	r3, [r2, #1]
20000998:	f3c0 0009 	ubfx	r0, r0, #0, #10
2000099c:	2b00      	cmp	r3, #0
2000099e:	d03c      	beq.n	20000a1a <sync_ep_buffer+0x8e>
200009a0:	e92d 41f0 	stmdb	sp!, {r4, r5, r6, r7, r8, lr}
200009a4:	e9d2 3403 	ldrd	r3, r4, [r2, #12]
200009a8:	1e46      	subs	r6, r0, #1
200009aa:	eb03 1e81 	add.w	lr, r3, r1, lsl #6
200009ae:	b340      	cbz	r0, 20000a02 <sync_ep_buffer+0x76>
200009b0:	2e05      	cmp	r6, #5
200009b2:	d93b      	bls.n	20000a2c <sync_ep_buffer+0xa0>
200009b4:	0189      	lsls	r1, r1, #6
200009b6:	1c4d      	adds	r5, r1, #1
200009b8:	441d      	add	r5, r3
200009ba:	1b65      	subs	r5, r4, r5
200009bc:	2d02      	cmp	r5, #2
200009be:	d935      	bls.n	20000a2c <sync_ep_buffer+0xa0>
200009c0:	4673      	mov	r3, lr
200009c2:	4621      	mov	r1, r4
200009c4:	f400 777f 	and.w	r7, r0, #1020	@ 0x3fc
200009c8:	ea4f 0890 	mov.w	r8, r0, lsr #2
200009cc:	18fd      	adds	r5, r7, r3
200009ce:	f853 cb04 	ldr.w	ip, [r3], #4
200009d2:	42ab      	cmp	r3, r5
200009d4:	f841 cb04 	str.w	ip, [r1], #4
200009d8:	d1f9      	bne.n	200009ce <sync_ep_buffer+0x42>
200009da:	42b8      	cmp	r0, r7
200009dc:	eba6 0607 	sub.w	r6, r6, r7
200009e0:	eb04 0307 	add.w	r3, r4, r7
200009e4:	eb0e 0107 	add.w	r1, lr, r7
200009e8:	d00a      	beq.n	20000a00 <sync_ep_buffer+0x74>
200009ea:	f81e 5028 	ldrb.w	r5, [lr, r8, lsl #2]
200009ee:	f804 5028 	strb.w	r5, [r4, r8, lsl #2]
200009f2:	b12e      	cbz	r6, 20000a00 <sync_ep_buffer+0x74>
200009f4:	784c      	ldrb	r4, [r1, #1]
200009f6:	2e01      	cmp	r6, #1
200009f8:	705c      	strb	r4, [r3, #1]
200009fa:	d001      	beq.n	20000a00 <sync_ep_buffer+0x74>
200009fc:	7889      	ldrb	r1, [r1, #2]
200009fe:	7099      	strb	r1, [r3, #2]
20000a00:	6914      	ldr	r4, [r2, #16]
20000a02:	8ad3      	ldrh	r3, [r2, #22]
20000a04:	4404      	add	r4, r0
20000a06:	4403      	add	r3, r0
20000a08:	82d3      	strh	r3, [r2, #22]
20000a0a:	8b13      	ldrh	r3, [r2, #24]
20000a0c:	6114      	str	r4, [r2, #16]
20000a0e:	4283      	cmp	r3, r0
20000a10:	bf84      	itt	hi
20000a12:	2300      	movhi	r3, #0
20000a14:	8293      	strhhi	r3, [r2, #20]
20000a16:	e8bd 81f0 	ldmia.w	sp!, {r4, r5, r6, r7, r8, pc}
20000a1a:	8ad3      	ldrh	r3, [r2, #22]
20000a1c:	4403      	add	r3, r0
20000a1e:	82d3      	strh	r3, [r2, #22]
20000a20:	8b13      	ldrh	r3, [r2, #24]
20000a22:	4283      	cmp	r3, r0
20000a24:	bf84      	itt	hi
20000a26:	2300      	movhi	r3, #0
20000a28:	8293      	strhhi	r3, [r2, #20]
20000a2a:	4770      	bx	lr
20000a2c:	3c01      	subs	r4, #1
20000a2e:	eb0e 0100 	add.w	r1, lr, r0
20000a32:	f81e 3b01 	ldrb.w	r3, [lr], #1
20000a36:	4571      	cmp	r1, lr
20000a38:	f804 3f01 	strb.w	r3, [r4, #1]!
20000a3c:	d1f9      	bne.n	20000a32 <sync_ep_buffer+0xa6>
20000a3e:	e7df      	b.n	20000a00 <sync_ep_buffer+0x74>

20000a40 <_hw_endpoint_xfer_sync>:
20000a40:	b510      	push	{r4, lr}
20000a42:	4604      	mov	r4, r0
20000a44:	6883      	ldr	r3, [r0, #8]
20000a46:	2100      	movs	r1, #0
20000a48:	681b      	ldr	r3, [r3, #0]
20000a4a:	f7ff ff9f 	bl	2000098c <sync_ep_buffer>
20000a4e:	6863      	ldr	r3, [r4, #4]
20000a50:	681b      	ldr	r3, [r3, #0]
20000a52:	005b      	lsls	r3, r3, #1
20000a54:	d502      	bpl.n	20000a5c <_hw_endpoint_xfer_sync+0x1c>
20000a56:	8b23      	ldrh	r3, [r4, #24]
20000a58:	4283      	cmp	r3, r0
20000a5a:	d000      	beq.n	20000a5e <_hw_endpoint_xfer_sync+0x1e>
20000a5c:	bd10      	pop	{r4, pc}
20000a5e:	4620      	mov	r0, r4
20000a60:	e8bd 4010 	ldmia.w	sp!, {r4, lr}
20000a64:	2101      	movs	r1, #1
20000a66:	f7ff bf91 	b.w	2000098c <sync_ep_buffer>
20000a6a:	bf00      	nop

20000a6c <e15_is_bulkin_ep>:
20000a6c:	4b08      	ldr	r3, [pc, #32]	@ (20000a90 <e15_is_bulkin_ep+0x24>)
20000a6e:	6c1b      	ldr	r3, [r3, #64]	@ 0x40
20000a70:	f013 0302 	ands.w	r3, r3, #2
20000a74:	d102      	bne.n	20000a7c <e15_is_bulkin_ep+0x10>
20000a76:	7882      	ldrb	r2, [r0, #2]
20000a78:	09d2      	lsrs	r2, r2, #7
20000a7a:	d101      	bne.n	20000a80 <e15_is_bulkin_ep+0x14>
20000a7c:	2000      	movs	r0, #0
20000a7e:	4770      	bx	lr
20000a80:	7ec0      	ldrb	r0, [r0, #27]
20000a82:	f1a0 0002 	sub.w	r0, r0, #2
20000a86:	fab0 f080 	clz	r0, r0
20000a8a:	0940      	lsrs	r0, r0, #5
20000a8c:	4770      	bx	lr
20000a8e:	bf00      	nop
20000a90:	50110000 	.word	0x50110000

20000a94 <e15_is_critical_frame_period>:
20000a94:	b508      	push	{r3, lr}
20000a96:	f7ff ffe9 	bl	20000a6c <e15_is_bulkin_ep>
20000a9a:	b150      	cbz	r0, 20000ab2 <e15_is_critical_frame_period+0x1e>
20000a9c:	4a05      	ldr	r2, [pc, #20]	@ (20000ab4 <e15_is_critical_frame_period+0x20>)
20000a9e:	4b06      	ldr	r3, [pc, #24]	@ (20000ab8 <e15_is_critical_frame_period+0x24>)
20000aa0:	6a90      	ldr	r0, [r2, #40]	@ 0x28
20000aa2:	681b      	ldr	r3, [r3, #0]
20000aa4:	f5a0 7048 	sub.w	r0, r0, #800	@ 0x320
20000aa8:	1ac0      	subs	r0, r0, r3
20000aaa:	28c6      	cmp	r0, #198	@ 0xc6
20000aac:	bf8c      	ite	hi
20000aae:	2000      	movhi	r0, #0
20000ab0:	2001      	movls	r0, #1
20000ab2:	bd08      	pop	{r3, pc}
20000ab4:	400b0000 	.word	0x400b0000
20000ab8:	20002594 	.word	0x20002594

20000abc <hw_endpoint_reset_transfer>:
20000abc:	2300      	movs	r3, #0
20000abe:	e9c0 3304 	strd	r3, r3, [r0, #16]
20000ac2:	7683      	strb	r3, [r0, #26]
20000ac4:	4770      	bx	lr
20000ac6:	bf00      	nop

20000ac8 <_hw_endpoint_buffer_control_update32>:
20000ac8:	b510      	push	{r4, lr}
20000aca:	6883      	ldr	r3, [r0, #8]
20000acc:	b109      	cbz	r1, 20000ad2 <_hw_endpoint_buffer_control_update32+0xa>
20000ace:	681c      	ldr	r4, [r3, #0]
20000ad0:	4021      	ands	r1, r4
20000ad2:	b182      	cbz	r2, 20000af6 <_hw_endpoint_buffer_control_update32+0x2e>
20000ad4:	4311      	orrs	r1, r2
20000ad6:	0552      	lsls	r2, r2, #21
20000ad8:	d50d      	bpl.n	20000af6 <_hw_endpoint_buffer_control_update32+0x2e>
20000ada:	681a      	ldr	r2, [r3, #0]
20000adc:	0554      	lsls	r4, r2, #21
20000ade:	d40c      	bmi.n	20000afa <_hw_endpoint_buffer_control_update32+0x32>
20000ae0:	4a08      	ldr	r2, [pc, #32]	@ (20000b04 <_hw_endpoint_buffer_control_update32+0x3c>)
20000ae2:	f421 6480 	bic.w	r4, r1, #1024	@ 0x400
20000ae6:	601c      	str	r4, [r3, #0]
20000ae8:	6c12      	ldr	r2, [r2, #64]	@ 0x40
20000aea:	0792      	lsls	r2, r2, #30
20000aec:	d403      	bmi.n	20000af6 <_hw_endpoint_buffer_control_update32+0x2e>
20000aee:	230c      	movs	r3, #12
20000af0:	3b03      	subs	r3, #3
20000af2:	d2fd      	bcs.n	20000af0 <_hw_endpoint_buffer_control_update32+0x28>
20000af4:	6883      	ldr	r3, [r0, #8]
20000af6:	6019      	str	r1, [r3, #0]
20000af8:	bd10      	pop	{r4, pc}
20000afa:	7881      	ldrb	r1, [r0, #2]
20000afc:	4802      	ldr	r0, [pc, #8]	@ (20000b08 <_hw_endpoint_buffer_control_update32+0x40>)
20000afe:	f000 fce3 	bl	200014c8 <__panic_veneer>
20000b02:	bf00      	nop
20000b04:	50110000 	.word	0x50110000
20000b08:	1000cf74 	.word	0x1000cf74

20000b0c <hw_endpoint_start_next_buffer>:
20000b0c:	b530      	push	{r4, r5, lr}
20000b0e:	6843      	ldr	r3, [r0, #4]
20000b10:	2100      	movs	r1, #0
20000b12:	b083      	sub	sp, #12
20000b14:	4604      	mov	r4, r0
20000b16:	681d      	ldr	r5, [r3, #0]
20000b18:	f7ff fed8 	bl	200008cc <prepare_ep_buffer>
20000b1c:	4b13      	ldr	r3, [pc, #76]	@ (20000b6c <hw_endpoint_start_next_buffer+0x60>)
20000b1e:	f440 5280 	orr.w	r2, r0, #4096	@ 0x1000
20000b22:	6c19      	ldr	r1, [r3, #64]	@ 0x40
20000b24:	78a3      	ldrb	r3, [r4, #2]
20000b26:	0789      	lsls	r1, r1, #30
20000b28:	d50e      	bpl.n	20000b48 <hw_endpoint_start_next_buffer+0x3c>
20000b2a:	065b      	lsls	r3, r3, #25
20000b2c:	d00e      	beq.n	20000b4c <hw_endpoint_start_next_buffer+0x40>
20000b2e:	f025 45a0 	bic.w	r5, r5, #1342177280	@ 0x50000000
20000b32:	f045 5500 	orr.w	r5, r5, #536870912	@ 0x20000000
20000b36:	2100      	movs	r1, #0
20000b38:	4620      	mov	r0, r4
20000b3a:	6863      	ldr	r3, [r4, #4]
20000b3c:	601d      	str	r5, [r3, #0]
20000b3e:	b003      	add	sp, #12
20000b40:	e8bd 4030 	ldmia.w	sp!, {r4, r5, lr}
20000b44:	f7ff bfc0 	b.w	20000ac8 <_hw_endpoint_buffer_control_update32>
20000b48:	09db      	lsrs	r3, r3, #7
20000b4a:	d0f0      	beq.n	20000b2e <hw_endpoint_start_next_buffer+0x22>
20000b4c:	8aa3      	ldrh	r3, [r4, #20]
20000b4e:	2b00      	cmp	r3, #0
20000b50:	d0ed      	beq.n	20000b2e <hw_endpoint_start_next_buffer+0x22>
20000b52:	2101      	movs	r1, #1
20000b54:	4620      	mov	r0, r4
20000b56:	9201      	str	r2, [sp, #4]
20000b58:	f7ff feb8 	bl	200008cc <prepare_ep_buffer>
20000b5c:	9a01      	ldr	r2, [sp, #4]
20000b5e:	f025 5500 	bic.w	r5, r5, #536870912	@ 0x20000000
20000b62:	4302      	orrs	r2, r0
20000b64:	f045 45a0 	orr.w	r5, r5, #1342177280	@ 0x50000000
20000b68:	e7e5      	b.n	20000b36 <hw_endpoint_start_next_buffer+0x2a>
20000b6a:	bf00      	nop
20000b6c:	50110000 	.word	0x50110000

20000b70 <hw_endpoint_xfer_continue>:
20000b70:	b538      	push	{r3, r4, r5, lr}
20000b72:	7e85      	ldrb	r5, [r0, #26]
20000b74:	4604      	mov	r4, r0
20000b76:	b195      	cbz	r5, 20000b9e <hw_endpoint_xfer_continue+0x2e>
20000b78:	f7ff ff62 	bl	20000a40 <_hw_endpoint_xfer_sync>
20000b7c:	8aa3      	ldrh	r3, [r4, #20]
20000b7e:	b90b      	cbnz	r3, 20000b84 <hw_endpoint_xfer_continue+0x14>
20000b80:	4628      	mov	r0, r5
20000b82:	bd38      	pop	{r3, r4, r5, pc}
20000b84:	4620      	mov	r0, r4
20000b86:	f7ff ff85 	bl	20000a94 <e15_is_critical_frame_period>
20000b8a:	b120      	cbz	r0, 20000b96 <hw_endpoint_xfer_continue+0x26>
20000b8c:	2301      	movs	r3, #1
20000b8e:	7723      	strb	r3, [r4, #28]
20000b90:	2500      	movs	r5, #0
20000b92:	4628      	mov	r0, r5
20000b94:	bd38      	pop	{r3, r4, r5, pc}
20000b96:	4620      	mov	r0, r4
20000b98:	f7ff ffb8 	bl	20000b0c <hw_endpoint_start_next_buffer>
20000b9c:	e7f8      	b.n	20000b90 <hw_endpoint_xfer_continue+0x20>
20000b9e:	7881      	ldrb	r1, [r0, #2]
20000ba0:	4801      	ldr	r0, [pc, #4]	@ (20000ba8 <hw_endpoint_xfer_continue+0x38>)
20000ba2:	f000 fc91 	bl	200014c8 <__panic_veneer>
20000ba6:	bf00      	nop
20000ba8:	1000cf94 	.word	0x1000cf94

20000bac <dcd_event_handler>:
20000bac:	e92d 43f0 	stmdb	sp!, {r4, r5, r6, r7, r8, r9, lr}
20000bb0:	7843      	ldrb	r3, [r0, #1]
20000bb2:	4681      	mov	r9, r0
20000bb4:	3b02      	subs	r3, #2
20000bb6:	460d      	mov	r5, r1
20000bb8:	b085      	sub	sp, #20
20000bba:	2b04      	cmp	r3, #4
20000bbc:	d813      	bhi.n	20000be6 <dcd_event_handler+0x3a>
20000bbe:	e8df f003 	tbb	[pc, r3]
20000bc2:	4a03      	.short	0x4a03
20000bc4:	736a      	.short	0x736a
20000bc6:	44          	.byte	0x44
20000bc7:	00          	.byte	0x00
20000bc8:	2100      	movs	r1, #0
20000bca:	4b7b      	ldr	r3, [pc, #492]	@ (20000db8 <dcd_event_handler+0x20c>)
20000bcc:	781a      	ldrb	r2, [r3, #0]
20000bce:	f022 0201 	bic.w	r2, r2, #1
20000bd2:	701a      	strb	r2, [r3, #0]
20000bd4:	781a      	ldrb	r2, [r3, #0]
20000bd6:	f022 0202 	bic.w	r2, r2, #2
20000bda:	701a      	strb	r2, [r3, #0]
20000bdc:	7059      	strb	r1, [r3, #1]
20000bde:	781a      	ldrb	r2, [r3, #0]
20000be0:	f361 0282 	bfi	r2, r1, #2, #1
20000be4:	701a      	strb	r2, [r3, #0]
20000be6:	4b75      	ldr	r3, [pc, #468]	@ (20000dbc <dcd_event_handler+0x210>)
20000be8:	681c      	ldr	r4, [r3, #0]
20000bea:	6963      	ldr	r3, [r4, #20]
20000bec:	f3ef 8210 	mrs	r2, PRIMASK
20000bf0:	b672      	cpsid	i
20000bf2:	e8d3 0fcf 	ldaexb	r0, [r3]
20000bf6:	2101      	movs	r1, #1
20000bf8:	2800      	cmp	r0, #0
20000bfa:	d1fa      	bne.n	20000bf2 <dcd_event_handler+0x46>
20000bfc:	e8c3 1f40 	strexb	r0, r1, [r3]
20000c00:	2800      	cmp	r0, #0
20000c02:	d1f6      	bne.n	20000bf2 <dcd_event_handler+0x46>
20000c04:	f3bf 8f5f 	dmb	sy
20000c08:	61a2      	str	r2, [r4, #24]
20000c0a:	4649      	mov	r1, r9
20000c0c:	4620      	mov	r0, r4
20000c0e:	f000 fc6b 	bl	200014e8 <__tu_fifo_write_veneer>
20000c12:	2300      	movs	r3, #0
20000c14:	6962      	ldr	r2, [r4, #20]
20000c16:	e8c2 3f8f 	stlb	r3, [r2]
20000c1a:	69a3      	ldr	r3, [r4, #24]
20000c1c:	f383 8810 	msr	PRIMASK, r3
20000c20:	b948      	cbnz	r0, 20000c36 <dcd_event_handler+0x8a>
20000c22:	f04f 23e0 	mov.w	r3, #3758153728	@ 0xe000e000
20000c26:	f8d3 3df0 	ldr.w	r3, [r3, #3568]	@ 0xdf0
20000c2a:	07db      	lsls	r3, r3, #31
20000c2c:	d50a      	bpl.n	20000c44 <dcd_event_handler+0x98>
20000c2e:	be00      	bkpt	0x0000
20000c30:	b005      	add	sp, #20
20000c32:	e8bd 83f0 	ldmia.w	sp!, {r4, r5, r6, r7, r8, r9, pc}
20000c36:	462a      	mov	r2, r5
20000c38:	f899 1001 	ldrb.w	r1, [r9, #1]
20000c3c:	f899 0000 	ldrb.w	r0, [r9]
20000c40:	f000 fc4a 	bl	200014d8 <__tud_event_hook_cb_veneer>
20000c44:	b005      	add	sp, #20
20000c46:	e8bd 83f0 	ldmia.w	sp!, {r4, r5, r6, r7, r8, r9, pc}
20000c4a:	4a5d      	ldr	r2, [pc, #372]	@ (20000dc0 <dcd_event_handler+0x214>)
20000c4c:	7813      	ldrb	r3, [r2, #0]
20000c4e:	3301      	adds	r3, #1
20000c50:	b2db      	uxtb	r3, r3
20000c52:	7013      	strb	r3, [r2, #0]
20000c54:	e7c7      	b.n	20000be6 <dcd_event_handler+0x3a>
20000c56:	2400      	movs	r4, #0
20000c58:	4e5a      	ldr	r6, [pc, #360]	@ (20000dc4 <dcd_event_handler+0x218>)
20000c5a:	4623      	mov	r3, r4
20000c5c:	7831      	ldrb	r1, [r6, #0]
20000c5e:	f8df 816c 	ldr.w	r8, [pc, #364]	@ 20000dcc <dcd_event_handler+0x220>
20000c62:	4f59      	ldr	r7, [pc, #356]	@ (20000dc8 <dcd_event_handler+0x21c>)
20000c64:	e011      	b.n	20000c8a <dcd_event_handler+0xde>
20000c66:	683b      	ldr	r3, [r7, #0]
20000c68:	eb13 1344 	adds.w	r3, r3, r4, lsl #5
20000c6c:	d007      	beq.n	20000c7e <dcd_event_handler+0xd2>
20000c6e:	69db      	ldr	r3, [r3, #28]
20000c70:	b12b      	cbz	r3, 20000c7e <dcd_event_handler+0xd2>
20000c72:	f8d9 1004 	ldr.w	r1, [r9, #4]
20000c76:	f899 0000 	ldrb.w	r0, [r9]
20000c7a:	4798      	blx	r3
20000c7c:	7831      	ldrb	r1, [r6, #0]
20000c7e:	3401      	adds	r4, #1
20000c80:	b2e4      	uxtb	r4, r4
20000c82:	1c4a      	adds	r2, r1, #1
20000c84:	42a2      	cmp	r2, r4
20000c86:	4623      	mov	r3, r4
20000c88:	db17      	blt.n	20000cba <dcd_event_handler+0x10e>
20000c8a:	42a1      	cmp	r1, r4
20000c8c:	d8eb      	bhi.n	20000c66 <dcd_event_handler+0xba>
20000c8e:	1a5b      	subs	r3, r3, r1
20000c90:	eb08 1343 	add.w	r3, r8, r3, lsl #5
20000c94:	e7eb      	b.n	20000c6e <dcd_event_handler+0xc2>
20000c96:	4b48      	ldr	r3, [pc, #288]	@ (20000db8 <dcd_event_handler+0x20c>)
20000c98:	781a      	ldrb	r2, [r3, #0]
20000c9a:	07d6      	lsls	r6, r2, #31
20000c9c:	d5d2      	bpl.n	20000c44 <dcd_event_handler+0x98>
20000c9e:	781a      	ldrb	r2, [r3, #0]
20000ca0:	f042 0204 	orr.w	r2, r2, #4
20000ca4:	701a      	strb	r2, [r3, #0]
20000ca6:	e79e      	b.n	20000be6 <dcd_event_handler+0x3a>
20000ca8:	4b43      	ldr	r3, [pc, #268]	@ (20000db8 <dcd_event_handler+0x20c>)
20000caa:	781a      	ldrb	r2, [r3, #0]
20000cac:	07d4      	lsls	r4, r2, #31
20000cae:	d5c9      	bpl.n	20000c44 <dcd_event_handler+0x98>
20000cb0:	781a      	ldrb	r2, [r3, #0]
20000cb2:	f022 0204 	bic.w	r2, r2, #4
20000cb6:	701a      	strb	r2, [r3, #0]
20000cb8:	e795      	b.n	20000be6 <dcd_event_handler+0x3a>
20000cba:	4c3f      	ldr	r4, [pc, #252]	@ (20000db8 <dcd_event_handler+0x20c>)
20000cbc:	7823      	ldrb	r3, [r4, #0]
20000cbe:	0758      	lsls	r0, r3, #29
20000cc0:	d43a      	bmi.n	20000d38 <dcd_event_handler+0x18c>
20000cc2:	78e3      	ldrb	r3, [r4, #3]
20000cc4:	07da      	lsls	r2, r3, #31
20000cc6:	d5bd      	bpl.n	20000c44 <dcd_event_handler+0x98>
20000cc8:	2303      	movs	r3, #3
20000cca:	2600      	movs	r6, #0
20000ccc:	4a3b      	ldr	r2, [pc, #236]	@ (20000dbc <dcd_event_handler+0x210>)
20000cce:	f899 1000 	ldrb.w	r1, [r9]
20000cd2:	6814      	ldr	r4, [r2, #0]
20000cd4:	f8d9 2004 	ldr.w	r2, [r9, #4]
20000cd8:	f88d 1004 	strb.w	r1, [sp, #4]
20000cdc:	f88d 3005 	strb.w	r3, [sp, #5]
20000ce0:	6963      	ldr	r3, [r4, #20]
20000ce2:	f8cd 6006 	str.w	r6, [sp, #6]
20000ce6:	f8cd 600a 	str.w	r6, [sp, #10]
20000cea:	f8ad 600e 	strh.w	r6, [sp, #14]
20000cee:	9202      	str	r2, [sp, #8]
20000cf0:	f3ef 8210 	mrs	r2, PRIMASK
20000cf4:	b672      	cpsid	i
20000cf6:	e8d3 0fcf 	ldaexb	r0, [r3]
20000cfa:	2101      	movs	r1, #1
20000cfc:	2800      	cmp	r0, #0
20000cfe:	d1fa      	bne.n	20000cf6 <dcd_event_handler+0x14a>
20000d00:	e8c3 1f40 	strexb	r0, r1, [r3]
20000d04:	2800      	cmp	r0, #0
20000d06:	d1f6      	bne.n	20000cf6 <dcd_event_handler+0x14a>
20000d08:	f3bf 8f5f 	dmb	sy
20000d0c:	4620      	mov	r0, r4
20000d0e:	61a2      	str	r2, [r4, #24]
20000d10:	a901      	add	r1, sp, #4
20000d12:	f000 fbe9 	bl	200014e8 <__tu_fifo_write_veneer>
20000d16:	6963      	ldr	r3, [r4, #20]
20000d18:	e8c3 6f8f 	stlb	r6, [r3]
20000d1c:	69a3      	ldr	r3, [r4, #24]
20000d1e:	f383 8810 	msr	PRIMASK, r3
20000d22:	2800      	cmp	r0, #0
20000d24:	f43f af7d 	beq.w	20000c22 <dcd_event_handler+0x76>
20000d28:	462a      	mov	r2, r5
20000d2a:	f89d 1005 	ldrb.w	r1, [sp, #5]
20000d2e:	f89d 0004 	ldrb.w	r0, [sp, #4]
20000d32:	f000 fbd1 	bl	200014d8 <__tud_event_hook_cb_veneer>
20000d36:	e785      	b.n	20000c44 <dcd_event_handler+0x98>
20000d38:	7823      	ldrb	r3, [r4, #0]
20000d3a:	2700      	movs	r7, #0
20000d3c:	f023 0304 	bic.w	r3, r3, #4
20000d40:	7023      	strb	r3, [r4, #0]
20000d42:	2305      	movs	r3, #5
20000d44:	4a1d      	ldr	r2, [pc, #116]	@ (20000dbc <dcd_event_handler+0x210>)
20000d46:	f88d 3005 	strb.w	r3, [sp, #5]
20000d4a:	6816      	ldr	r6, [r2, #0]
20000d4c:	f899 2000 	ldrb.w	r2, [r9]
20000d50:	f8ad 700e 	strh.w	r7, [sp, #14]
20000d54:	f88d 2004 	strb.w	r2, [sp, #4]
20000d58:	6973      	ldr	r3, [r6, #20]
20000d5a:	f8cd 7006 	str.w	r7, [sp, #6]
20000d5e:	f8cd 700a 	str.w	r7, [sp, #10]
20000d62:	f3ef 8210 	mrs	r2, PRIMASK
20000d66:	b672      	cpsid	i
20000d68:	e8d3 0fcf 	ldaexb	r0, [r3]
20000d6c:	2101      	movs	r1, #1
20000d6e:	2800      	cmp	r0, #0
20000d70:	d1fa      	bne.n	20000d68 <dcd_event_handler+0x1bc>
20000d72:	e8c3 1f40 	strexb	r0, r1, [r3]
20000d76:	2800      	cmp	r0, #0
20000d78:	d1f6      	bne.n	20000d68 <dcd_event_handler+0x1bc>
20000d7a:	f3bf 8f5f 	dmb	sy
20000d7e:	4630      	mov	r0, r6
20000d80:	61b2      	str	r2, [r6, #24]
20000d82:	a901      	add	r1, sp, #4
20000d84:	f000 fbb0 	bl	200014e8 <__tu_fifo_write_veneer>
20000d88:	6973      	ldr	r3, [r6, #20]
20000d8a:	e8c3 7f8f 	stlb	r7, [r3]
20000d8e:	69b3      	ldr	r3, [r6, #24]
20000d90:	f383 8810 	msr	PRIMASK, r3
20000d94:	b938      	cbnz	r0, 20000da6 <dcd_event_handler+0x1fa>
20000d96:	f04f 23e0 	mov.w	r3, #3758153728	@ 0xe000e000
20000d9a:	f8d3 3df0 	ldr.w	r3, [r3, #3568]	@ 0xdf0
20000d9e:	07d9      	lsls	r1, r3, #31
20000da0:	d58f      	bpl.n	20000cc2 <dcd_event_handler+0x116>
20000da2:	be00      	bkpt	0x0000
20000da4:	e78d      	b.n	20000cc2 <dcd_event_handler+0x116>
20000da6:	462a      	mov	r2, r5
20000da8:	f89d 1005 	ldrb.w	r1, [sp, #5]
20000dac:	f89d 0004 	ldrb.w	r0, [sp, #4]
20000db0:	f000 fb92 	bl	200014d8 <__tud_event_hook_cb_veneer>
20000db4:	e785      	b.n	20000cc2 <dcd_event_handler+0x116>
20000db6:	bf00      	nop
20000db8:	20002140 	.word	0x20002140
20000dbc:	20002198 	.word	0x20002198
20000dc0:	20002a1f 	.word	0x20002a1f
20000dc4:	20002a1d 	.word	0x20002a1d
20000dc8:	20001f70 	.word	0x20001f70
20000dcc:	1000d344 	.word	0x1000d344

20000dd0 <__aeabi_drsub>:
20000dd0:	f081 4100 	eor.w	r1, r1, #2147483648	@ 0x80000000
20000dd4:	e002      	b.n	20000ddc <__adddf3>
20000dd6:	bf00      	nop

20000dd8 <__aeabi_dsub>:
20000dd8:	f083 4300 	eor.w	r3, r3, #2147483648	@ 0x80000000

20000ddc <__adddf3>:
20000ddc:	b530      	push	{r4, r5, lr}
20000dde:	ea4f 0441 	mov.w	r4, r1, lsl #1
20000de2:	ea4f 0543 	mov.w	r5, r3, lsl #1
20000de6:	ea94 0f05 	teq	r4, r5
20000dea:	bf08      	it	eq
20000dec:	ea90 0f02 	teqeq	r0, r2
20000df0:	bf1f      	itttt	ne
20000df2:	ea54 0c00 	orrsne.w	ip, r4, r0
20000df6:	ea55 0c02 	orrsne.w	ip, r5, r2
20000dfa:	ea7f 5c64 	mvnsne.w	ip, r4, asr #21
20000dfe:	ea7f 5c65 	mvnsne.w	ip, r5, asr #21
20000e02:	f000 80e2 	beq.w	20000fca <__adddf3+0x1ee>
20000e06:	ea4f 5454 	mov.w	r4, r4, lsr #21
20000e0a:	ebd4 5555 	rsbs	r5, r4, r5, lsr #21
20000e0e:	bfb8      	it	lt
20000e10:	426d      	neglt	r5, r5
20000e12:	dd0c      	ble.n	20000e2e <__adddf3+0x52>
20000e14:	442c      	add	r4, r5
20000e16:	ea80 0202 	eor.w	r2, r0, r2
20000e1a:	ea81 0303 	eor.w	r3, r1, r3
20000e1e:	ea82 0000 	eor.w	r0, r2, r0
20000e22:	ea83 0101 	eor.w	r1, r3, r1
20000e26:	ea80 0202 	eor.w	r2, r0, r2
20000e2a:	ea81 0303 	eor.w	r3, r1, r3
20000e2e:	2d36      	cmp	r5, #54	@ 0x36
20000e30:	bf88      	it	hi
20000e32:	bd30      	pophi	{r4, r5, pc}
20000e34:	f011 4f00 	tst.w	r1, #2147483648	@ 0x80000000
20000e38:	ea4f 3101 	mov.w	r1, r1, lsl #12
20000e3c:	f44f 1c80 	mov.w	ip, #1048576	@ 0x100000
20000e40:	ea4c 3111 	orr.w	r1, ip, r1, lsr #12
20000e44:	d002      	beq.n	20000e4c <__adddf3+0x70>
20000e46:	4240      	negs	r0, r0
20000e48:	eb61 0141 	sbc.w	r1, r1, r1, lsl #1
20000e4c:	f013 4f00 	tst.w	r3, #2147483648	@ 0x80000000
20000e50:	ea4f 3303 	mov.w	r3, r3, lsl #12
20000e54:	ea4c 3313 	orr.w	r3, ip, r3, lsr #12
20000e58:	d002      	beq.n	20000e60 <__adddf3+0x84>
20000e5a:	4252      	negs	r2, r2
20000e5c:	eb63 0343 	sbc.w	r3, r3, r3, lsl #1
20000e60:	ea94 0f05 	teq	r4, r5
20000e64:	f000 80a7 	beq.w	20000fb6 <__adddf3+0x1da>
20000e68:	f1a4 0401 	sub.w	r4, r4, #1
20000e6c:	f1d5 0e20 	rsbs	lr, r5, #32
20000e70:	db0d      	blt.n	20000e8e <__adddf3+0xb2>
20000e72:	fa02 fc0e 	lsl.w	ip, r2, lr
20000e76:	fa22 f205 	lsr.w	r2, r2, r5
20000e7a:	1880      	adds	r0, r0, r2
20000e7c:	f141 0100 	adc.w	r1, r1, #0
20000e80:	fa03 f20e 	lsl.w	r2, r3, lr
20000e84:	1880      	adds	r0, r0, r2
20000e86:	fa43 f305 	asr.w	r3, r3, r5
20000e8a:	4159      	adcs	r1, r3
20000e8c:	e00e      	b.n	20000eac <__adddf3+0xd0>
20000e8e:	f1a5 0520 	sub.w	r5, r5, #32
20000e92:	f10e 0e20 	add.w	lr, lr, #32
20000e96:	2a01      	cmp	r2, #1
20000e98:	fa03 fc0e 	lsl.w	ip, r3, lr
20000e9c:	bf28      	it	cs
20000e9e:	f04c 0c02 	orrcs.w	ip, ip, #2
20000ea2:	fa43 f305 	asr.w	r3, r3, r5
20000ea6:	18c0      	adds	r0, r0, r3
20000ea8:	eb51 71e3 	adcs.w	r1, r1, r3, asr #31
20000eac:	f001 4500 	and.w	r5, r1, #2147483648	@ 0x80000000
20000eb0:	d507      	bpl.n	20000ec2 <__adddf3+0xe6>
20000eb2:	f04f 0e00 	mov.w	lr, #0
20000eb6:	f1dc 0c00 	rsbs	ip, ip, #0
20000eba:	eb7e 0000 	sbcs.w	r0, lr, r0
20000ebe:	eb6e 0101 	sbc.w	r1, lr, r1
20000ec2:	f5b1 1f80 	cmp.w	r1, #1048576	@ 0x100000
20000ec6:	d31b      	bcc.n	20000f00 <__adddf3+0x124>
20000ec8:	f5b1 1f00 	cmp.w	r1, #2097152	@ 0x200000
20000ecc:	d30c      	bcc.n	20000ee8 <__adddf3+0x10c>
20000ece:	0849      	lsrs	r1, r1, #1
20000ed0:	ea5f 0030 	movs.w	r0, r0, rrx
20000ed4:	ea4f 0c3c 	mov.w	ip, ip, rrx
20000ed8:	f104 0401 	add.w	r4, r4, #1
20000edc:	ea4f 5244 	mov.w	r2, r4, lsl #21
20000ee0:	f512 0f80 	cmn.w	r2, #4194304	@ 0x400000
20000ee4:	f080 809a 	bcs.w	2000101c <__adddf3+0x240>
20000ee8:	f1bc 4f00 	cmp.w	ip, #2147483648	@ 0x80000000
20000eec:	bf08      	it	eq
20000eee:	ea5f 0c50 	movseq.w	ip, r0, lsr #1
20000ef2:	f150 0000 	adcs.w	r0, r0, #0
20000ef6:	eb41 5104 	adc.w	r1, r1, r4, lsl #20
20000efa:	ea41 0105 	orr.w	r1, r1, r5
20000efe:	bd30      	pop	{r4, r5, pc}
20000f00:	ea5f 0c4c 	movs.w	ip, ip, lsl #1
20000f04:	4140      	adcs	r0, r0
20000f06:	eb41 0101 	adc.w	r1, r1, r1
20000f0a:	3c01      	subs	r4, #1
20000f0c:	bf28      	it	cs
20000f0e:	f5b1 1f80 	cmpcs.w	r1, #1048576	@ 0x100000
20000f12:	d2e9      	bcs.n	20000ee8 <__adddf3+0x10c>
20000f14:	f091 0f00 	teq	r1, #0
20000f18:	bf04      	itt	eq
20000f1a:	4601      	moveq	r1, r0
20000f1c:	2000      	moveq	r0, #0
20000f1e:	fab1 f381 	clz	r3, r1
20000f22:	bf08      	it	eq
20000f24:	3320      	addeq	r3, #32
20000f26:	f1a3 030b 	sub.w	r3, r3, #11
20000f2a:	f1b3 0220 	subs.w	r2, r3, #32
20000f2e:	da0c      	bge.n	20000f4a <__adddf3+0x16e>
20000f30:	320c      	adds	r2, #12
20000f32:	dd08      	ble.n	20000f46 <__adddf3+0x16a>
20000f34:	f102 0c14 	add.w	ip, r2, #20
20000f38:	f1c2 020c 	rsb	r2, r2, #12
20000f3c:	fa01 f00c 	lsl.w	r0, r1, ip
20000f40:	fa21 f102 	lsr.w	r1, r1, r2
20000f44:	e00c      	b.n	20000f60 <__adddf3+0x184>
20000f46:	f102 0214 	add.w	r2, r2, #20
20000f4a:	bfd8      	it	le
20000f4c:	f1c2 0c20 	rsble	ip, r2, #32
20000f50:	fa01 f102 	lsl.w	r1, r1, r2
20000f54:	fa20 fc0c 	lsr.w	ip, r0, ip
20000f58:	bfdc      	itt	le
20000f5a:	ea41 010c 	orrle.w	r1, r1, ip
20000f5e:	4090      	lslle	r0, r2
20000f60:	1ae4      	subs	r4, r4, r3
20000f62:	bfa2      	ittt	ge
20000f64:	eb01 5104 	addge.w	r1, r1, r4, lsl #20
20000f68:	4329      	orrge	r1, r5
20000f6a:	bd30      	popge	{r4, r5, pc}
20000f6c:	ea6f 0404 	mvn.w	r4, r4
20000f70:	3c1f      	subs	r4, #31
20000f72:	da1c      	bge.n	20000fae <__adddf3+0x1d2>
20000f74:	340c      	adds	r4, #12
20000f76:	dc0e      	bgt.n	20000f96 <__adddf3+0x1ba>
20000f78:	f104 0414 	add.w	r4, r4, #20
20000f7c:	f1c4 0220 	rsb	r2, r4, #32
20000f80:	fa20 f004 	lsr.w	r0, r0, r4
20000f84:	fa01 f302 	lsl.w	r3, r1, r2
20000f88:	ea40 0003 	orr.w	r0, r0, r3
20000f8c:	fa21 f304 	lsr.w	r3, r1, r4
20000f90:	ea45 0103 	orr.w	r1, r5, r3
20000f94:	bd30      	pop	{r4, r5, pc}
20000f96:	f1c4 040c 	rsb	r4, r4, #12
20000f9a:	f1c4 0220 	rsb	r2, r4, #32
20000f9e:	fa20 f002 	lsr.w	r0, r0, r2
20000fa2:	fa01 f304 	lsl.w	r3, r1, r4
20000fa6:	ea40 0003 	orr.w	r0, r0, r3
20000faa:	4629      	mov	r1, r5
20000fac:	bd30      	pop	{r4, r5, pc}
20000fae:	fa21 f004 	lsr.w	r0, r1, r4
20000fb2:	4629      	mov	r1, r5
20000fb4:	bd30      	pop	{r4, r5, pc}
20000fb6:	f094 0f00 	teq	r4, #0
20000fba:	f483 1380 	eor.w	r3, r3, #1048576	@ 0x100000
20000fbe:	bf06      	itte	eq
20000fc0:	f481 1180 	eoreq.w	r1, r1, #1048576	@ 0x100000
20000fc4:	3401      	addeq	r4, #1
20000fc6:	3d01      	subne	r5, #1
20000fc8:	e74e      	b.n	20000e68 <__adddf3+0x8c>
20000fca:	ea7f 5c64 	mvns.w	ip, r4, asr #21
20000fce:	bf18      	it	ne
20000fd0:	ea7f 5c65 	mvnsne.w	ip, r5, asr #21
20000fd4:	d029      	beq.n	2000102a <__adddf3+0x24e>
20000fd6:	ea94 0f05 	teq	r4, r5
20000fda:	bf08      	it	eq
20000fdc:	ea90 0f02 	teqeq	r0, r2
20000fe0:	d005      	beq.n	20000fee <__adddf3+0x212>
20000fe2:	ea54 0c00 	orrs.w	ip, r4, r0
20000fe6:	bf04      	itt	eq
20000fe8:	4619      	moveq	r1, r3
20000fea:	4610      	moveq	r0, r2
20000fec:	bd30      	pop	{r4, r5, pc}
20000fee:	ea91 0f03 	teq	r1, r3
20000ff2:	bf1e      	ittt	ne
20000ff4:	2100      	movne	r1, #0
20000ff6:	2000      	movne	r0, #0
20000ff8:	bd30      	popne	{r4, r5, pc}
20000ffa:	ea5f 5c54 	movs.w	ip, r4, lsr #21
20000ffe:	d105      	bne.n	2000100c <__adddf3+0x230>
20001000:	0040      	lsls	r0, r0, #1
20001002:	4149      	adcs	r1, r1
20001004:	bf28      	it	cs
20001006:	f041 4100 	orrcs.w	r1, r1, #2147483648	@ 0x80000000
2000100a:	bd30      	pop	{r4, r5, pc}
2000100c:	f514 0480 	adds.w	r4, r4, #4194304	@ 0x400000
20001010:	bf3c      	itt	cc
20001012:	f501 1180 	addcc.w	r1, r1, #1048576	@ 0x100000
20001016:	bd30      	popcc	{r4, r5, pc}
20001018:	f001 4500 	and.w	r5, r1, #2147483648	@ 0x80000000
2000101c:	f045 41fe 	orr.w	r1, r5, #2130706432	@ 0x7f000000
20001020:	f441 0170 	orr.w	r1, r1, #15728640	@ 0xf00000
20001024:	f04f 0000 	mov.w	r0, #0
20001028:	bd30      	pop	{r4, r5, pc}
2000102a:	ea7f 5c64 	mvns.w	ip, r4, asr #21
2000102e:	bf1a      	itte	ne
20001030:	4619      	movne	r1, r3
20001032:	4610      	movne	r0, r2
20001034:	ea7f 5c65 	mvnseq.w	ip, r5, asr #21
20001038:	bf1c      	itt	ne
2000103a:	460b      	movne	r3, r1
2000103c:	4602      	movne	r2, r0
2000103e:	ea50 3401 	orrs.w	r4, r0, r1, lsl #12
20001042:	bf06      	itte	eq
20001044:	ea52 3503 	orrseq.w	r5, r2, r3, lsl #12
20001048:	ea91 0f03 	teqeq	r1, r3
2000104c:	f441 2100 	orrne.w	r1, r1, #524288	@ 0x80000
20001050:	bd30      	pop	{r4, r5, pc}
20001052:	bf00      	nop

20001054 <__aeabi_ui2d>:
20001054:	f090 0f00 	teq	r0, #0
20001058:	bf04      	itt	eq
2000105a:	2100      	moveq	r1, #0
2000105c:	4770      	bxeq	lr
2000105e:	b530      	push	{r4, r5, lr}
20001060:	f44f 6480 	mov.w	r4, #1024	@ 0x400
20001064:	f104 0432 	add.w	r4, r4, #50	@ 0x32
20001068:	f04f 0500 	mov.w	r5, #0
2000106c:	f04f 0100 	mov.w	r1, #0
20001070:	e750      	b.n	20000f14 <__adddf3+0x138>
20001072:	bf00      	nop

20001074 <__aeabi_i2d>:
20001074:	f090 0f00 	teq	r0, #0
20001078:	bf04      	itt	eq
2000107a:	2100      	moveq	r1, #0
2000107c:	4770      	bxeq	lr
2000107e:	b530      	push	{r4, r5, lr}
20001080:	f44f 6480 	mov.w	r4, #1024	@ 0x400
20001084:	f104 0432 	add.w	r4, r4, #50	@ 0x32
20001088:	f010 4500 	ands.w	r5, r0, #2147483648	@ 0x80000000
2000108c:	bf48      	it	mi
2000108e:	4240      	negmi	r0, r0
20001090:	f04f 0100 	mov.w	r1, #0
20001094:	e73e      	b.n	20000f14 <__adddf3+0x138>
20001096:	bf00      	nop

20001098 <__aeabi_f2d>:
20001098:	0042      	lsls	r2, r0, #1
2000109a:	ea4f 01e2 	mov.w	r1, r2, asr #3
2000109e:	ea4f 0131 	mov.w	r1, r1, rrx
200010a2:	ea4f 7002 	mov.w	r0, r2, lsl #28
200010a6:	bf1f      	itttt	ne
200010a8:	f012 437f 	andsne.w	r3, r2, #4278190080	@ 0xff000000
200010ac:	f093 4f7f 	teqne	r3, #4278190080	@ 0xff000000
200010b0:	f081 5160 	eorne.w	r1, r1, #939524096	@ 0x38000000
200010b4:	4770      	bxne	lr
200010b6:	f032 427f 	bics.w	r2, r2, #4278190080	@ 0xff000000
200010ba:	bf08      	it	eq
200010bc:	4770      	bxeq	lr
200010be:	f093 4f7f 	teq	r3, #4278190080	@ 0xff000000
200010c2:	bf04      	itt	eq
200010c4:	f441 2100 	orreq.w	r1, r1, #524288	@ 0x80000
200010c8:	4770      	bxeq	lr
200010ca:	b530      	push	{r4, r5, lr}
200010cc:	f44f 7460 	mov.w	r4, #896	@ 0x380
200010d0:	f001 4500 	and.w	r5, r1, #2147483648	@ 0x80000000
200010d4:	f021 4100 	bic.w	r1, r1, #2147483648	@ 0x80000000
200010d8:	e71c      	b.n	20000f14 <__adddf3+0x138>
200010da:	bf00      	nop

200010dc <__aeabi_ul2d>:
200010dc:	ea50 0201 	orrs.w	r2, r0, r1
200010e0:	bf08      	it	eq
200010e2:	4770      	bxeq	lr
200010e4:	b530      	push	{r4, r5, lr}
200010e6:	f04f 0500 	mov.w	r5, #0
200010ea:	e00a      	b.n	20001102 <__aeabi_l2d+0x16>

200010ec <__aeabi_l2d>:
200010ec:	ea50 0201 	orrs.w	r2, r0, r1
200010f0:	bf08      	it	eq
200010f2:	4770      	bxeq	lr
200010f4:	b530      	push	{r4, r5, lr}
200010f6:	f011 4500 	ands.w	r5, r1, #2147483648	@ 0x80000000
200010fa:	d502      	bpl.n	20001102 <__aeabi_l2d+0x16>
200010fc:	4240      	negs	r0, r0
200010fe:	eb61 0141 	sbc.w	r1, r1, r1, lsl #1
20001102:	f44f 6480 	mov.w	r4, #1024	@ 0x400
20001106:	f104 0432 	add.w	r4, r4, #50	@ 0x32
2000110a:	ea5f 5c91 	movs.w	ip, r1, lsr #22
2000110e:	f43f aed8 	beq.w	20000ec2 <__adddf3+0xe6>
20001112:	f04f 0203 	mov.w	r2, #3
20001116:	ea5f 0cdc 	movs.w	ip, ip, lsr #3
2000111a:	bf18      	it	ne
2000111c:	3203      	addne	r2, #3
2000111e:	ea5f 0cdc 	movs.w	ip, ip, lsr #3
20001122:	bf18      	it	ne
20001124:	3203      	addne	r2, #3
20001126:	eb02 02dc 	add.w	r2, r2, ip, lsr #3
2000112a:	f1c2 0320 	rsb	r3, r2, #32
2000112e:	fa00 fc03 	lsl.w	ip, r0, r3
20001132:	fa20 f002 	lsr.w	r0, r0, r2
20001136:	fa01 fe03 	lsl.w	lr, r1, r3
2000113a:	ea40 000e 	orr.w	r0, r0, lr
2000113e:	fa21 f102 	lsr.w	r1, r1, r2
20001142:	4414      	add	r4, r2
20001144:	e6bd      	b.n	20000ec2 <__adddf3+0xe6>
20001146:	bf00      	nop

20001148 <__aeabi_uldivmod>:
20001148:	b953      	cbnz	r3, 20001160 <__aeabi_uldivmod+0x18>
2000114a:	b94a      	cbnz	r2, 20001160 <__aeabi_uldivmod+0x18>
2000114c:	2900      	cmp	r1, #0
2000114e:	bf08      	it	eq
20001150:	2800      	cmpeq	r0, #0
20001152:	bf1c      	itt	ne
20001154:	f04f 31ff 	movne.w	r1, #4294967295	@ 0xffffffff
20001158:	f04f 30ff 	movne.w	r0, #4294967295	@ 0xffffffff
2000115c:	f000 b9b2 	b.w	200014c4 <__aeabi_idiv0>
20001160:	f1ad 0c08 	sub.w	ip, sp, #8
20001164:	e96d ce04 	strd	ip, lr, [sp, #-16]!
20001168:	f000 f806 	bl	20001178 <__udivmoddi4>
2000116c:	f8dd e004 	ldr.w	lr, [sp, #4]
20001170:	e9dd 2302 	ldrd	r2, r3, [sp, #8]
20001174:	b004      	add	sp, #16
20001176:	4770      	bx	lr

20001178 <__udivmoddi4>:
20001178:	e92d 4ff0 	stmdb	sp!, {r4, r5, r6, r7, r8, r9, sl, fp, lr}
2000117c:	468c      	mov	ip, r1
2000117e:	9e09      	ldr	r6, [sp, #36]	@ 0x24
20001180:	4604      	mov	r4, r0
20001182:	460f      	mov	r7, r1
20001184:	2b00      	cmp	r3, #0
20001186:	d148      	bne.n	2000121a <__udivmoddi4+0xa2>
20001188:	428a      	cmp	r2, r1
2000118a:	4615      	mov	r5, r2
2000118c:	d95e      	bls.n	2000124c <__udivmoddi4+0xd4>
2000118e:	fab2 f382 	clz	r3, r2
20001192:	b13b      	cbz	r3, 200011a4 <__udivmoddi4+0x2c>
20001194:	f1c3 0220 	rsb	r2, r3, #32
20001198:	409f      	lsls	r7, r3
2000119a:	409d      	lsls	r5, r3
2000119c:	409c      	lsls	r4, r3
2000119e:	fa20 f202 	lsr.w	r2, r0, r2
200011a2:	4317      	orrs	r7, r2
200011a4:	ea4f 4e15 	mov.w	lr, r5, lsr #16
200011a8:	fa1f fc85 	uxth.w	ip, r5
200011ac:	0c22      	lsrs	r2, r4, #16
200011ae:	fbb7 f1fe 	udiv	r1, r7, lr
200011b2:	fb0e 7711 	mls	r7, lr, r1, r7
200011b6:	fb01 f00c 	mul.w	r0, r1, ip
200011ba:	ea42 4207 	orr.w	r2, r2, r7, lsl #16
200011be:	4290      	cmp	r0, r2
200011c0:	d907      	bls.n	200011d2 <__udivmoddi4+0x5a>
200011c2:	18aa      	adds	r2, r5, r2
200011c4:	f101 37ff 	add.w	r7, r1, #4294967295	@ 0xffffffff
200011c8:	d202      	bcs.n	200011d0 <__udivmoddi4+0x58>
200011ca:	4290      	cmp	r0, r2
200011cc:	f200 8158 	bhi.w	20001480 <__udivmoddi4+0x308>
200011d0:	4639      	mov	r1, r7
200011d2:	1a12      	subs	r2, r2, r0
200011d4:	b2a4      	uxth	r4, r4
200011d6:	fbb2 f0fe 	udiv	r0, r2, lr
200011da:	fb0e 2210 	mls	r2, lr, r0, r2
200011de:	fb00 fc0c 	mul.w	ip, r0, ip
200011e2:	ea44 4402 	orr.w	r4, r4, r2, lsl #16
200011e6:	45a4      	cmp	ip, r4
200011e8:	d90b      	bls.n	20001202 <__udivmoddi4+0x8a>
200011ea:	192c      	adds	r4, r5, r4
200011ec:	f100 32ff 	add.w	r2, r0, #4294967295	@ 0xffffffff
200011f0:	bf2c      	ite	cs
200011f2:	2701      	movcs	r7, #1
200011f4:	2700      	movcc	r7, #0
200011f6:	45a4      	cmp	ip, r4
200011f8:	d902      	bls.n	20001200 <__udivmoddi4+0x88>
200011fa:	2f00      	cmp	r7, #0
200011fc:	f000 8143 	beq.w	20001486 <__udivmoddi4+0x30e>
20001200:	4610      	mov	r0, r2
20001202:	ea40 4001 	orr.w	r0, r0, r1, lsl #16
20001206:	eba4 040c 	sub.w	r4, r4, ip
2000120a:	2100      	movs	r1, #0
2000120c:	b11e      	cbz	r6, 20001216 <__udivmoddi4+0x9e>
2000120e:	40dc      	lsrs	r4, r3
20001210:	2300      	movs	r3, #0
20001212:	e9c6 4300 	strd	r4, r3, [r6]
20001216:	e8bd 8ff0 	ldmia.w	sp!, {r4, r5, r6, r7, r8, r9, sl, fp, pc}
2000121a:	428b      	cmp	r3, r1
2000121c:	d906      	bls.n	2000122c <__udivmoddi4+0xb4>
2000121e:	b10e      	cbz	r6, 20001224 <__udivmoddi4+0xac>
20001220:	e9c6 0100 	strd	r0, r1, [r6]
20001224:	2100      	movs	r1, #0
20001226:	4608      	mov	r0, r1
20001228:	e8bd 8ff0 	ldmia.w	sp!, {r4, r5, r6, r7, r8, r9, sl, fp, pc}
2000122c:	fab3 f183 	clz	r1, r3
20001230:	2900      	cmp	r1, #0
20001232:	d151      	bne.n	200012d8 <__udivmoddi4+0x160>
20001234:	4563      	cmp	r3, ip
20001236:	f0c0 8116 	bcc.w	20001466 <__udivmoddi4+0x2ee>
2000123a:	4282      	cmp	r2, r0
2000123c:	f240 8113 	bls.w	20001466 <__udivmoddi4+0x2ee>
20001240:	4608      	mov	r0, r1
20001242:	2e00      	cmp	r6, #0
20001244:	d0e7      	beq.n	20001216 <__udivmoddi4+0x9e>
20001246:	e9c6 4700 	strd	r4, r7, [r6]
2000124a:	e7e4      	b.n	20001216 <__udivmoddi4+0x9e>
2000124c:	2a00      	cmp	r2, #0
2000124e:	f000 80af 	beq.w	200013b0 <__udivmoddi4+0x238>
20001252:	fab2 f382 	clz	r3, r2
20001256:	2b00      	cmp	r3, #0
20001258:	f040 80c2 	bne.w	200013e0 <__udivmoddi4+0x268>
2000125c:	1a8a      	subs	r2, r1, r2
2000125e:	ea4f 4e15 	mov.w	lr, r5, lsr #16
20001262:	b2af      	uxth	r7, r5
20001264:	2101      	movs	r1, #1
20001266:	0c20      	lsrs	r0, r4, #16
20001268:	fbb2 fcfe 	udiv	ip, r2, lr
2000126c:	fb0e 221c 	mls	r2, lr, ip, r2
20001270:	ea40 4202 	orr.w	r2, r0, r2, lsl #16
20001274:	fb07 f00c 	mul.w	r0, r7, ip
20001278:	4290      	cmp	r0, r2
2000127a:	d90e      	bls.n	2000129a <__udivmoddi4+0x122>
2000127c:	18aa      	adds	r2, r5, r2
2000127e:	f10c 38ff 	add.w	r8, ip, #4294967295	@ 0xffffffff
20001282:	bf2c      	ite	cs
20001284:	f04f 0901 	movcs.w	r9, #1
20001288:	f04f 0900 	movcc.w	r9, #0
2000128c:	4290      	cmp	r0, r2
2000128e:	d903      	bls.n	20001298 <__udivmoddi4+0x120>
20001290:	f1b9 0f00 	cmp.w	r9, #0
20001294:	f000 80f0 	beq.w	20001478 <__udivmoddi4+0x300>
20001298:	46c4      	mov	ip, r8
2000129a:	1a12      	subs	r2, r2, r0
2000129c:	b2a4      	uxth	r4, r4
2000129e:	fbb2 f0fe 	udiv	r0, r2, lr
200012a2:	fb0e 2210 	mls	r2, lr, r0, r2
200012a6:	fb00 f707 	mul.w	r7, r0, r7
200012aa:	ea44 4402 	orr.w	r4, r4, r2, lsl #16
200012ae:	42a7      	cmp	r7, r4
200012b0:	d90e      	bls.n	200012d0 <__udivmoddi4+0x158>
200012b2:	192c      	adds	r4, r5, r4
200012b4:	f100 32ff 	add.w	r2, r0, #4294967295	@ 0xffffffff
200012b8:	bf2c      	ite	cs
200012ba:	f04f 0e01 	movcs.w	lr, #1
200012be:	f04f 0e00 	movcc.w	lr, #0
200012c2:	42a7      	cmp	r7, r4
200012c4:	d903      	bls.n	200012ce <__udivmoddi4+0x156>
200012c6:	f1be 0f00 	cmp.w	lr, #0
200012ca:	f000 80d2 	beq.w	20001472 <__udivmoddi4+0x2fa>
200012ce:	4610      	mov	r0, r2
200012d0:	1be4      	subs	r4, r4, r7
200012d2:	ea40 400c 	orr.w	r0, r0, ip, lsl #16
200012d6:	e799      	b.n	2000120c <__udivmoddi4+0x94>
200012d8:	f1c1 0520 	rsb	r5, r1, #32
200012dc:	408b      	lsls	r3, r1
200012de:	fa0c f401 	lsl.w	r4, ip, r1
200012e2:	fa00 f901 	lsl.w	r9, r0, r1
200012e6:	fa22 f705 	lsr.w	r7, r2, r5
200012ea:	fa2c fc05 	lsr.w	ip, ip, r5
200012ee:	408a      	lsls	r2, r1
200012f0:	431f      	orrs	r7, r3
200012f2:	fa20 f305 	lsr.w	r3, r0, r5
200012f6:	0c38      	lsrs	r0, r7, #16
200012f8:	4323      	orrs	r3, r4
200012fa:	fa1f fe87 	uxth.w	lr, r7
200012fe:	0c1c      	lsrs	r4, r3, #16
20001300:	fbbc f8f0 	udiv	r8, ip, r0
20001304:	fb00 cc18 	mls	ip, r0, r8, ip
20001308:	ea44 440c 	orr.w	r4, r4, ip, lsl #16
2000130c:	fb08 fc0e 	mul.w	ip, r8, lr
20001310:	45a4      	cmp	ip, r4
20001312:	d90e      	bls.n	20001332 <__udivmoddi4+0x1ba>
20001314:	193c      	adds	r4, r7, r4
20001316:	f108 3aff 	add.w	sl, r8, #4294967295	@ 0xffffffff
2000131a:	bf2c      	ite	cs
2000131c:	f04f 0b01 	movcs.w	fp, #1
20001320:	f04f 0b00 	movcc.w	fp, #0
20001324:	45a4      	cmp	ip, r4
20001326:	d903      	bls.n	20001330 <__udivmoddi4+0x1b8>
20001328:	f1bb 0f00 	cmp.w	fp, #0
2000132c:	f000 80b8 	beq.w	200014a0 <__udivmoddi4+0x328>
20001330:	46d0      	mov	r8, sl
20001332:	eba4 040c 	sub.w	r4, r4, ip
20001336:	fa1f fc83 	uxth.w	ip, r3
2000133a:	fbb4 f3f0 	udiv	r3, r4, r0
2000133e:	fb00 4413 	mls	r4, r0, r3, r4
20001342:	fb03 fe0e 	mul.w	lr, r3, lr
20001346:	ea4c 4404 	orr.w	r4, ip, r4, lsl #16
2000134a:	45a6      	cmp	lr, r4
2000134c:	d90e      	bls.n	2000136c <__udivmoddi4+0x1f4>
2000134e:	193c      	adds	r4, r7, r4
20001350:	f103 30ff 	add.w	r0, r3, #4294967295	@ 0xffffffff
20001354:	bf2c      	ite	cs
20001356:	f04f 0c01 	movcs.w	ip, #1
2000135a:	f04f 0c00 	movcc.w	ip, #0
2000135e:	45a6      	cmp	lr, r4
20001360:	d903      	bls.n	2000136a <__udivmoddi4+0x1f2>
20001362:	f1bc 0f00 	cmp.w	ip, #0
20001366:	f000 809f 	beq.w	200014a8 <__udivmoddi4+0x330>
2000136a:	4603      	mov	r3, r0
2000136c:	ea43 4008 	orr.w	r0, r3, r8, lsl #16
20001370:	eba4 040e 	sub.w	r4, r4, lr
20001374:	fba0 ec02 	umull	lr, ip, r0, r2
20001378:	4564      	cmp	r4, ip
2000137a:	4673      	mov	r3, lr
2000137c:	46e0      	mov	r8, ip
2000137e:	d302      	bcc.n	20001386 <__udivmoddi4+0x20e>
20001380:	d107      	bne.n	20001392 <__udivmoddi4+0x21a>
20001382:	45f1      	cmp	r9, lr
20001384:	d205      	bcs.n	20001392 <__udivmoddi4+0x21a>
20001386:	ebbe 0302 	subs.w	r3, lr, r2
2000138a:	eb6c 0c07 	sbc.w	ip, ip, r7
2000138e:	3801      	subs	r0, #1
20001390:	46e0      	mov	r8, ip
20001392:	b15e      	cbz	r6, 200013ac <__udivmoddi4+0x234>
20001394:	ebb9 0203 	subs.w	r2, r9, r3
20001398:	eb64 0408 	sbc.w	r4, r4, r8
2000139c:	fa04 f505 	lsl.w	r5, r4, r5
200013a0:	fa22 f301 	lsr.w	r3, r2, r1
200013a4:	40cc      	lsrs	r4, r1
200013a6:	431d      	orrs	r5, r3
200013a8:	e9c6 5400 	strd	r5, r4, [r6]
200013ac:	2100      	movs	r1, #0
200013ae:	e732      	b.n	20001216 <__udivmoddi4+0x9e>
200013b0:	0842      	lsrs	r2, r0, #1
200013b2:	462f      	mov	r7, r5
200013b4:	084b      	lsrs	r3, r1, #1
200013b6:	46ac      	mov	ip, r5
200013b8:	ea42 72c1 	orr.w	r2, r2, r1, lsl #31
200013bc:	46ae      	mov	lr, r5
200013be:	07c4      	lsls	r4, r0, #31
200013c0:	0c11      	lsrs	r1, r2, #16
200013c2:	b292      	uxth	r2, r2
200013c4:	ea41 4103 	orr.w	r1, r1, r3, lsl #16
200013c8:	ea42 4201 	orr.w	r2, r2, r1, lsl #16
200013cc:	fbb1 f1f5 	udiv	r1, r1, r5
200013d0:	fbb3 f0f5 	udiv	r0, r3, r5
200013d4:	231f      	movs	r3, #31
200013d6:	eba2 020c 	sub.w	r2, r2, ip
200013da:	ea41 4100 	orr.w	r1, r1, r0, lsl #16
200013de:	e742      	b.n	20001266 <__udivmoddi4+0xee>
200013e0:	409d      	lsls	r5, r3
200013e2:	f1c3 0220 	rsb	r2, r3, #32
200013e6:	4099      	lsls	r1, r3
200013e8:	409c      	lsls	r4, r3
200013ea:	fa2c fc02 	lsr.w	ip, ip, r2
200013ee:	ea4f 4e15 	mov.w	lr, r5, lsr #16
200013f2:	fa20 f202 	lsr.w	r2, r0, r2
200013f6:	b2af      	uxth	r7, r5
200013f8:	fbbc f8fe 	udiv	r8, ip, lr
200013fc:	430a      	orrs	r2, r1
200013fe:	fb0e cc18 	mls	ip, lr, r8, ip
20001402:	0c11      	lsrs	r1, r2, #16
20001404:	ea41 410c 	orr.w	r1, r1, ip, lsl #16
20001408:	fb08 fc07 	mul.w	ip, r8, r7
2000140c:	458c      	cmp	ip, r1
2000140e:	d950      	bls.n	200014b2 <__udivmoddi4+0x33a>
20001410:	1869      	adds	r1, r5, r1
20001412:	f108 30ff 	add.w	r0, r8, #4294967295	@ 0xffffffff
20001416:	bf2c      	ite	cs
20001418:	f04f 0901 	movcs.w	r9, #1
2000141c:	f04f 0900 	movcc.w	r9, #0
20001420:	458c      	cmp	ip, r1
20001422:	d902      	bls.n	2000142a <__udivmoddi4+0x2b2>
20001424:	f1b9 0f00 	cmp.w	r9, #0
20001428:	d030      	beq.n	2000148c <__udivmoddi4+0x314>
2000142a:	eba1 010c 	sub.w	r1, r1, ip
2000142e:	fbb1 f8fe 	udiv	r8, r1, lr
20001432:	fb08 fc07 	mul.w	ip, r8, r7
20001436:	fb0e 1118 	mls	r1, lr, r8, r1
2000143a:	b292      	uxth	r2, r2
2000143c:	ea42 4201 	orr.w	r2, r2, r1, lsl #16
20001440:	4562      	cmp	r2, ip
20001442:	d234      	bcs.n	200014ae <__udivmoddi4+0x336>
20001444:	18aa      	adds	r2, r5, r2
20001446:	f108 31ff 	add.w	r1, r8, #4294967295	@ 0xffffffff
2000144a:	bf2c      	ite	cs
2000144c:	f04f 0901 	movcs.w	r9, #1
20001450:	f04f 0900 	movcc.w	r9, #0
20001454:	4562      	cmp	r2, ip
20001456:	d2be      	bcs.n	200013d6 <__udivmoddi4+0x25e>
20001458:	f1b9 0f00 	cmp.w	r9, #0
2000145c:	d1bb      	bne.n	200013d6 <__udivmoddi4+0x25e>
2000145e:	f1a8 0102 	sub.w	r1, r8, #2
20001462:	442a      	add	r2, r5
20001464:	e7b7      	b.n	200013d6 <__udivmoddi4+0x25e>
20001466:	1a84      	subs	r4, r0, r2
20001468:	eb6c 0203 	sbc.w	r2, ip, r3
2000146c:	2001      	movs	r0, #1
2000146e:	4617      	mov	r7, r2
20001470:	e6e7      	b.n	20001242 <__udivmoddi4+0xca>
20001472:	442c      	add	r4, r5
20001474:	3802      	subs	r0, #2
20001476:	e72b      	b.n	200012d0 <__udivmoddi4+0x158>
20001478:	f1ac 0c02 	sub.w	ip, ip, #2
2000147c:	442a      	add	r2, r5
2000147e:	e70c      	b.n	2000129a <__udivmoddi4+0x122>
20001480:	3902      	subs	r1, #2
20001482:	442a      	add	r2, r5
20001484:	e6a5      	b.n	200011d2 <__udivmoddi4+0x5a>
20001486:	442c      	add	r4, r5
20001488:	3802      	subs	r0, #2
2000148a:	e6ba      	b.n	20001202 <__udivmoddi4+0x8a>
2000148c:	eba5 0c0c 	sub.w	ip, r5, ip
20001490:	f1a8 0002 	sub.w	r0, r8, #2
20001494:	4461      	add	r1, ip
20001496:	fbb1 f8fe 	udiv	r8, r1, lr
2000149a:	fb08 fc07 	mul.w	ip, r8, r7
2000149e:	e7ca      	b.n	20001436 <__udivmoddi4+0x2be>
200014a0:	f1a8 0802 	sub.w	r8, r8, #2
200014a4:	443c      	add	r4, r7
200014a6:	e744      	b.n	20001332 <__udivmoddi4+0x1ba>
200014a8:	3b02      	subs	r3, #2
200014aa:	443c      	add	r4, r7
200014ac:	e75e      	b.n	2000136c <__udivmoddi4+0x1f4>
200014ae:	4641      	mov	r1, r8
200014b0:	e791      	b.n	200013d6 <__udivmoddi4+0x25e>
200014b2:	eba1 010c 	sub.w	r1, r1, ip
200014b6:	4640      	mov	r0, r8
200014b8:	fbb1 f8fe 	udiv	r8, r1, lr
200014bc:	fb08 fc07 	mul.w	ip, r8, r7
200014c0:	e7b9      	b.n	20001436 <__udivmoddi4+0x2be>
200014c2:	bf00      	nop

200014c4 <__aeabi_idiv0>:
200014c4:	4770      	bx	lr
200014c6:	bf00      	nop

200014c8 <__panic_veneer>:
200014c8:	f85f f000 	ldr.w	pc, [pc]	@ 200014cc <__panic_veneer+0x4>
200014cc:	1000072d 	.word	0x1000072d

200014d0 <__time_us_64_veneer>:
200014d0:	f85f f000 	ldr.w	pc, [pc]	@ 200014d4 <__time_us_64_veneer+0x4>
200014d4:	1000175d 	.word	0x1000175d

200014d8 <__tud_event_hook_cb_veneer>:
200014d8:	f85f f000 	ldr.w	pc, [pc]	@ 200014dc <__tud_event_hook_cb_veneer+0x4>
200014dc:	10004a15 	.word	0x10004a15

200014e0 <__best_effort_wfe_or_timeout_veneer>:
200014e0:	f85f f000 	ldr.w	pc, [pc]	@ 200014e4 <__best_effort_wfe_or_timeout_veneer+0x4>
200014e4:	10001655 	.word	0x10001655

200014e8 <__tu_fifo_write_veneer>:
200014e8:	f85f f000 	ldr.w	pc, [pc]	@ 200014ec <__tu_fifo_write_veneer+0x4>
200014ec:	100063ed 	.word	0x100063ed

200014f0 <__memset_veneer>:
200014f0:	f85f f000 	ldr.w	pc, [pc]	@ 200014f4 <__memset_veneer+0x4>
200014f4:	10007159 	.word	0x10007159

200014f8 <toggle_led>:
200014f8:	                                         .

200014f9 <striped_spin_lock_num>:
200014f9:	                                         ...

200014fc <irq_handler_chain_slots>:
200014fc:	00000000 	.word	0x00000000
20001500:	00010000 	.word	0x00010000
	...
2000150c:	00020000 	.word	0x00020000
	...
20001518:	00030000 	.word	0x00030000
	...
20001524:	00ff0000 	.word	0x00ff0000
20001528:	00000000 	.word	0x00000000

2000152c <irq_handler_chain_first_slot>:
2000152c:	b501      	push	{r0, lr}
2000152e:	6848      	ldr	r0, [r1, #4]
20001530:	3101      	adds	r1, #1
20001532:	468e      	mov	lr, r1
20001534:	4700      	bx	r0

20001536 <irq_handler_chain_remove_tail>:
20001536:	4670      	mov	r0, lr
20001538:	3809      	subs	r0, #9
2000153a:	4901      	ldr	r1, [pc, #4]	@ (20001540 <irq_handler_chain_remove_tail+0xa>)
2000153c:	4788      	blx	r1
2000153e:	bd01      	pop	{r0, pc}
20001540:	10000d95 	.word	0x10000d95

20001544 <default_alarm_pool>:
	...
20001558:	20001c70                                p.. 

2000155c <stdio_usb>:
2000155c:	100041b9 10004165 100040dd 1000404d     .A..eA...@..M@..
2000156c:	00000000 00000100                       ........

20001574 <_usbd_qdef>:
20001574:	2000219c 000c0010 00000000 00000000     .!. ............
	...

20001590 <_usbd_rhport>:
20001590:	000000ff                                ....

20001594 <__malloc_sbrk_base>:
20001594:	ffffffff                                ....

20001598 <__malloc_trim_threshold>:
20001598:	00020000 00000000                       ........

200015a0 <__malloc_av_>:
	...
200015a8:	200015a0 200015a0 200015a8 200015a8     ... ... ... ... 
200015b8:	200015b0 200015b0 200015b8 200015b8     ... ... ... ... 
200015c8:	200015c0 200015c0 200015c8 200015c8     ... ... ... ... 
200015d8:	200015d0 200015d0 200015d8 200015d8     ... ... ... ... 
200015e8:	200015e0 200015e0 200015e8 200015e8     ... ... ... ... 
200015f8:	200015f0 200015f0 200015f8 200015f8     ... ... ... ... 
20001608:	20001600 20001600 20001608 20001608     ... ... ... ... 
20001618:	20001610 20001610 20001618 20001618     ... ... ... ... 
20001628:	20001620 20001620 20001628 20001628      ..  .. (.. (.. 
20001638:	20001630 20001630 20001638 20001638     0.. 0.. 8.. 8.. 
20001648:	20001640 20001640 20001648 20001648     @.. @.. H.. H.. 
20001658:	20001650 20001650 20001658 20001658     P.. P.. X.. X.. 
20001668:	20001660 20001660 20001668 20001668     `.. `.. h.. h.. 
20001678:	20001670 20001670 20001678 20001678     p.. p.. x.. x.. 
20001688:	20001680 20001680 20001688 20001688     ... ... ... ... 
20001698:	20001690 20001690 20001698 20001698     ... ... ... ... 
200016a8:	200016a0 200016a0 200016a8 200016a8     ... ... ... ... 
200016b8:	200016b0 200016b0 200016b8 200016b8     ... ... ... ... 
200016c8:	200016c0 200016c0 200016c8 200016c8     ... ... ... ... 
200016d8:	200016d0 200016d0 200016d8 200016d8     ... ... ... ... 
200016e8:	200016e0 200016e0 200016e8 200016e8     ... ... ... ... 
200016f8:	200016f0 200016f0 200016f8 200016f8     ... ... ... ... 
20001708:	20001700 20001700 20001708 20001708     ... ... ... ... 
20001718:	20001710 20001710 20001718 20001718     ... ... ... ... 
20001728:	20001720 20001720 20001728 20001728      ..  .. (.. (.. 
20001738:	20001730 20001730 20001738 20001738     0.. 0.. 8.. 8.. 
20001748:	20001740 20001740 20001748 20001748     @.. @.. H.. H.. 
20001758:	20001750 20001750 20001758 20001758     P.. P.. X.. X.. 
20001768:	20001760 20001760 20001768 20001768     `.. `.. h.. h.. 
20001778:	20001770 20001770 20001778 20001778     p.. p.. x.. x.. 
20001788:	20001780 20001780 20001788 20001788     ... ... ... ... 
20001798:	20001790 20001790 20001798 20001798     ... ... ... ... 
200017a8:	200017a0 200017a0 200017a8 200017a8     ... ... ... ... 
200017b8:	200017b0 200017b0 200017b8 200017b8     ... ... ... ... 
200017c8:	200017c0 200017c0 200017c8 200017c8     ... ... ... ... 
200017d8:	200017d0 200017d0 200017d8 200017d8     ... ... ... ... 
200017e8:	200017e0 200017e0 200017e8 200017e8     ... ... ... ... 
200017f8:	200017f0 200017f0 200017f8 200017f8     ... ... ... ... 
20001808:	20001800 20001800 20001808 20001808     ... ... ... ... 
20001818:	20001810 20001810 20001818 20001818     ... ... ... ... 
20001828:	20001820 20001820 20001828 20001828      ..  .. (.. (.. 
20001838:	20001830 20001830 20001838 20001838     0.. 0.. 8.. 8.. 
20001848:	20001840 20001840 20001848 20001848     @.. @.. H.. H.. 
20001858:	20001850 20001850 20001858 20001858     P.. P.. X.. X.. 
20001868:	20001860 20001860 20001868 20001868     `.. `.. h.. h.. 
20001878:	20001870 20001870 20001878 20001878     p.. p.. x.. x.. 
20001888:	20001880 20001880 20001888 20001888     ... ... ... ... 
20001898:	20001890 20001890 20001898 20001898     ... ... ... ... 
200018a8:	200018a0 200018a0 200018a8 200018a8     ... ... ... ... 
200018b8:	200018b0 200018b0 200018b8 200018b8     ... ... ... ... 
200018c8:	200018c0 200018c0 200018c8 200018c8     ... ... ... ... 
200018d8:	200018d0 200018d0 200018d8 200018d8     ... ... ... ... 
200018e8:	200018e0 200018e0 200018e8 200018e8     ... ... ... ... 
200018f8:	200018f0 200018f0 200018f8 200018f8     ... ... ... ... 
20001908:	20001900 20001900 20001908 20001908     ... ... ... ... 
20001918:	20001910 20001910 20001918 20001918     ... ... ... ... 
20001928:	20001920 20001920 20001928 20001928      ..  .. (.. (.. 
20001938:	20001930 20001930 20001938 20001938     0.. 0.. 8.. 8.. 
20001948:	20001940 20001940 20001948 20001948     @.. @.. H.. H.. 
20001958:	20001950 20001950 20001958 20001958     P.. P.. X.. X.. 
20001968:	20001960 20001960 20001968 20001968     `.. `.. h.. h.. 
20001978:	20001970 20001970 20001978 20001978     p.. p.. x.. x.. 
20001988:	20001980 20001980 20001988 20001988     ... ... ... ... 
20001998:	20001990 20001990 20001998 20001998     ... ... ... ... 

200019a8 <_impure_ptr>:
200019a8:	200019b0 00000000                       ... ....

200019b0 <_impure_data>:
200019b0:	00000000 20001e34 20001e9c 20001f04     ....4.. ... ... 
	...
20001a48:	00000001 00000000 abcd330e e66d1234     .........3..4.m.
20001a58:	0005deec 0000000b 00000000 00000000     ................
	...

20001af0 <__sglue>:
20001af0:	00000000 00000003 20001e34              ........4.. 

20001afc <__global_locale>:
20001afc:	00000043 00000000 00000000 00000000     C...............
	...
20001b1c:	00000043 00000000 00000000 00000000     C...............
	...
20001b3c:	00000043 00000000 00000000 00000000     C...............
	...
20001b5c:	00000043 00000000 00000000 00000000     C...............
	...
20001b7c:	00000043 00000000 00000000 00000000     C...............
	...
20001b9c:	00000043 00000000 00000000 00000000     C...............
	...
20001bbc:	00000043 00000000 00000000 00000000     C...............
	...
20001bdc:	1000cb91 1000bfd1 00000000 1000d3f8     ................
20001bec:	1000cdfc 1000cdb4 1000cdb4 1000cdb4     ................
20001bfc:	1000cdb4 1000cdb4 1000cdb4 1000cdb4     ................
20001c0c:	1000cdb4 1000cdb4 ffffffff ffffffff     ................
20001c1c:	ffffffff 0000ffff 53410001 00494943     ..........ASCII.
	...
20001c44:	53410000 00494943 00000000 00000000     ..ASCII.........
	...

20001c68 <print_mutex>:
	...
