:020000041000EA
:10000000002008205D0100101301001015010010F0
:100010001101001011010010110100101101001058
:100020001101001011010010110100101701001042
:100030001101001011010010190100101B01001026
:100040001D0100101D0100101D0100101D010010F8
:100050001D0100101D0100101D0100101D010010E8
:100060001D0100101D0100101D0100101D010010D8
:100070001D0100101D0100101D0100101D010010C8
:100080001D0100101D0100101D0100101D010010B8
:100090001D0100101D0100101D0100101D010010A8
:1000A0001D0100101D0100101D0100101D01001098
:1000B0001D0100101D0100101D0100101D01001088
:1000C0001D0100101D0100101D0100101D01001078
:1000D0001D0100101D0100101D0100101D01001068
:1000E0001D0100101D0100101D0100101D01001058
:1000F0001D0100101D0100101D0100101D01001048
:100100001D0100101D0100101D0100101D01001037
:1001100000BE00BE00BE00BE00BE00BEEFF3058004
:10012000103800BEF2EB8871B0410110D4410110CB
:10013000A801001090A31AE7D3DEFFFF42012110AF
:10014000FF010000FC5B0100793512AB4FF00000AD
:100150002049086006C881F3088810474FF05040D6
:10016000006810B14FF00000F2E70FA40ECC002998
:1001700002D000F015F8F9E71749184A002000E00E
:1001800001C19142FCD1002080F30A8814498847BC
:10019000144988471449884700BEFDE701C901C2D8
:1001A0009A42FBD3704700BFD441011010010020D8
:1001B000701C0020345D01100000082000000820A1
:1001C000345D01100010082000100820000000001D
:1001D0007047000008ED00E0701C0020282A002075
:1001E000F93A001061020010BD3A0010F8B500BFE6
:1001F000064B0749C91A891048BF0131491003D07D
:10020000044B0BB101481847704700BF701C002019
:10021000701C00200000000008B5054B1BB105490B
:100220000548AFF30080BDE80840FFF7E1BF00BF1D
:1002300000000000B029002060CD00100E2800D082
:1002400070474B07FCD50120034A0449137843400B
:1002500013700870704700BFF8140020202A002097
:100260002DE9F04F85B000AF03F0ACFD02E0642053
:1002700001F082F904F0FAF80028F8D04C4803F0B5
:10028000E5FD0F2000F02EFA0F234FF0010242ECA3
:100290004430484A127842EC40300E2000F022FAF6
:1002A0000E244FF0000343EC44400FF2FC0BDBE95B
:1002B00000AB00220121204600F09CF93E4B0122B8
:1002C0000421204600F0AAF906F0CAF91F211A20DD
:1002D00000F072F900221A20114600F08BF900217B
:1002E0001A2000F0EFF9354B354A1B6803F47043D0
:1002F0001360304A0F23127842EC4030314B1B78A8
:10030000002B4BD03048C7F804D003F09FFD07F115
:100310000C012E4806F08EFEF9682D4803F016FEFB
:100320002C4803F093FDFA689300073323F007038A
:10033000ADEB030D002AE84623DD00254FF004094C
:10034000254E1E4CC6F800902368DB05FCD560687E
:10035000013580B201F07AFD52465B4601F0F4FCB3
:1003600001F066FD48F8040B0CF0BAFC02460B469F
:100370001A4803F0EBFD0A2001F0FEF8FB68AB42DF
:10038000E0DC174803F062FD00220A490B7883F095
:1003900001030B700B4B1A70D7F804D0322001F018
:1003A000EBF8A6E7AFF300802D431CEBE2364A3FA3
:1003B00060CD0010F81400203D02001000000A403B
:1003C00000100A40202A002068CD0010A0CD0010A7
:1003D000A4CD0010B8CD001000200A40DCCD0010E4
:1003E000E0CD00104FF050422DE9F84F6D4BD2F8A0
:1003F00000A053F82A70BAF1000F2CD0DFF8B081BA
:100400006FB30026DFF8A0B1DFF8A091F3080C333A
:1004100058F8235034460836CDB105F00F01204678
:100420002D09013489B15BF82A2000F00703C2408E
:100430004FEAD00C9B00D20701FA03F30CF18C0CAD
:1004400002D449F82C30B8470DB1B442E5D3202E80
:10045000DCD1BDE8F88FDFF85C81002FD1D15248A4
:10046000F90801F10C0358F82330002B7BD013F06E
:100470000F054FEA13120AD050F82A40FC40E60755
:1004800003D44A4C8C3144F82150002A6BD012F02E
:100490000F024FEA13210DD050F82A407D1CEC408A
:1004A000E40705D4EC08414D12018C3445F82420B2
:1004B000002958D011F00F014FEA133207D050F83D
:1004C0002A40BD1CEC40E60757D5002A4BD012F05D
:1004D0000F024FEA134107D050F82A40FD1CEC40B0
:1004E000E40751D500293ED011F00F014FEA135215
:1004F00007D02D4C54F82A503C1DE540EE074AD554
:100500008AB312F00F024FEA13610DD0264C54F853
:100510002A507C1DE540ED0705D4244DE408120562
:100520008C3445F82420F1B111F00F014FEA137318
:100530001FD01D4CBD1D54F82A20EA40D60705D413
:10054000EA081A4D09068C3245F822105BB154F8BE
:100550002A10FA1DD140C90705D41449D2081B0737
:100560008C3241F822300837202F7FF479AFBDE874
:10057000F88F002BF7D00C4CE9E7EC080B4D090283
:100580008C3445F82410A0E7EC08084D12038C3495
:1005900045F82420A6E7054DE40809048C3445F805
:1005A0002410ADE728250020F0290020008002401B
:1005B000908202404882024010B44FF480740C4B89
:1005C00053F8202003EB8003C00082F0400200F1CA
:1005D000804003F5805C02F0C00200F5203003F596
:1005E0004053CCF8002041601C605DF8044B70471C
:1005F0000480034010B4084CC90041EA820154F859
:10060000202004EB8003514003F5805301F00C01DE
:100610005DF8044B19607047048003402DE9F043F6
:100620004FF050491F46DFF89880D9F80030164641
:1006300058F8232004460D4683B032B387B348F8F8
:1006400023704FF050431B68BBB1194BE10804F015
:100650000704184AA40005FA04F403EB81038C3163
:1006600042F821405EB10121152003F500531C60C2
:1006700003B0BDE8F04300F02DB90F4BE6E703F5FA
:1006800040531C6003B0BDE8F083002FDCD0152080
:100690000A4948F8237000F08FF9D9F80030D3E701
:1006A00015200649019300F07BFA019BC7E700BFC4
:1006B000908202400080024048820240E503001020
:1006C00028250020064B402203EB800319B103F5D7
:1006D00000531A60704703F540531A60704700BF1B
:1006E0000480034030B44FF0000343EC440043EC7B
:1006F000400005254FF480740B4BC20053F82010C6
:1007000003EB800081F0400102F1804303F52033C8
:1007100001F0C00200F5805100F540500A605D60B4
:10072000046030BC704700BF048003400FB400B5C4
:1007300083B0049C074803F089FB3CB105A920461F
:10074000019103F05BF9044803F080FB012003F002
:100750006DF900BF00CE001010CE001070B58646B7
:10076000EFF3108572B6124CD4E8CF6F0120002E43
:10077000FAD1C4E8460F002EF6D1BFF35F8F4FF0D9
:10078000010CC80801F007030CFA03F31EF800C0BF
:100790001CEA030608D14CEA030C0EF800C0C4E8BA
:1007A0008F6F85F3108870BD1046FFF7BFFF00BF45
:1007B0001F210020F8B5EFF3108772B61C4ED6E863
:1007C000CF5F0124002DFAD1C6E8454F002DF6D1A8
:1007D000BFF35F8F9A421BD8012502E0013293429A
:1007E00022D3D40810F804E002F0070C05FA0CFC40
:1007F0001EEA0C0FF2D14EEA0C0E00F804E010468F
:100800000023C6E88F3F87F31088984207DBF8BDC6
:100810000023C6E88F3F87F310884FF0FF30002990
:10082000F5D00698FFF782FF4FF0FF30E8E700BFF2
:100830001F210020044A1078431CDBB2182B28BF6C
:1008400010231370704700BFF914002010B5054C39
:1008500082B001461F23182200940348FFF7AAFF25
:1008600002B010BD14CE0010382500204FF0E02259
:10087000936843F000539360704700BF0021044B1E
:1008800003F12002C3E88F1F01339342FAD170476E
:10089000142100204FF0E0234FF08032C3F80024F1
:1008A000C3F80424C3F80824C3F80C24C3F81024A4
:1008B000C3F81424C3F81824C3F81C24C3F8202454
:1008C000C3F82424C3F82824C3F82C24C3F8302404
:1008D000704700BF012300F01F029340400941B15F
:1008E000800000F1604000F56140C0F88031036095
:1008F0007047024A203042F82030704700E100E0A3
:100900000123064A410952F8212000F01F0003FA92
:1009100000F01040003818BF0120704700E100E0EF
:1009200001224309034900F01F008240403341F88F
:100930002320704700E100E0054A10309268054B23
:1009400052F82000C01A2F288CBF002001207047C9
:1009500000ED00E0FC140020F8B50D46EFF3108721
:1009600072B6124ED6E8CF2F0123002AFAD1C6E87C
:10097000423F002AF6D1BFF35F8F0D4B00F1100408
:100980009B680C4A53F82430934203D0994201D01B
:1009900001F0A0F8064B9B6843F82450BFF35F8F2B
:1009A0000023C6E88F3F87F31088F8BD1D21002083
:1009B00000ED00E01D0100102DE9F04F81468B464F
:1009C000164683B0EFF3108372B6DFF8D0A1009320
:1009D000DAE8CF1F01230029FAD1CAE8413F0029F4
:1009E000F6D1BFF35F8F664B93F90040002CC0F245
:1009F000A080644D04EB440705EB870898F80610C7
:100A000009F110091970604BBF009B6853F8290069
:100A10006300411B2F292FD95C49884240F0A480F4
:100A20001C445B4B02372F44043BDB1BC3F34A03DC
:100A30006FEAC3434FF421416FEAD34325F82410F2
:100A400005EB840463804BF60153A380FF2348F039
:100A50000100E671C4F808B0A3714B4B9B6843F8E2
:100A60002900BFF35F8F0023CAE88F3F009B83F309
:100A7000108803B0BDE8F08F20F0010E9EF807103B
:100A8000B1422ED84FF42143EB53414BB91C2944BA
:100A9000043B04375B1A2F44AEF10401C91BC1F3B8
:100AA0004A043C49C3F34A030B432143A8F804100A
:100AB0003949A8F802304AF6AA2073465B1B5B410D
:100AC0005843000D88F8076088F80600C8F808B099
:100AD00048F00100CEF80010BFE7D179B1422ED91D
:100AE00096469EF906C00CEB4C02BCF1000F05EBDC
:100AF0008202F2DA4BF601510EF10402A8F104076A
:100B0000BF1AC7F34A076FEAC7476FEAD7478EF89D
:100B1000064003EB0408204C05EB8803AEF8047094
:100B200045F82840998083F806C0DE71C3F808B004
:100B300093E700F0CFFF124B93F9004059E772465C
:100B400032F8041F490514D44915023102EB410162
:100B500001916FF00701C91B019F491B3944C1F383
:100B60004A0141F46041C9E7019300F0B3FF019BE2
:100B700056E701F5FF1101F5FF511F31E4E700BF12
:100B8000212A0020FC14002000ED00E01D010010CF
:100B90002C15002000E0FFFF014880471D210020A8
:100BA0002DE9F04F83B0EFF3108A72B6714ED6E89C
:100BB000CF2F0123002AFAD1C6E8423F002AF6D1FE
:100BC000BFF35F8F6C4B00F110089B686B4A53F8C2
:100BD0002850954245D08D420C4650D0684FEB1BB3
:100BE0002F2B3ED801214FEA50194FEA890909F10C
:100BF000604909F5614900F01F0301FA03F0D9F8D3
:100C00000030C9F8800000EA030BBFF35F8FEFF3F9
:100C10000581C9B2002934D0884505D0CDE900103E
:100C200000F058FFDDE9001025F0010EDEF808C0E5
:100C3000644505D189E0D3F808C0644531D09E46AB
:100C40009EF9062002EB4203002A07EB8303F2DA47
:100C5000644561D0BBF1000F20D0C9F88001C9F80C
:100C60000000454B9B6843F82850BFF35F8F00237B
:100C7000C6E88F3F8AF3108803B0BDE8F08F1546B1
:100C8000EFE725F0010EDEF808C06445D8D19EF9E3
:100C900006407346002C08DA154646E0C9F8800085
:100CA000DFE793F90640002C37DB04EB440C07EB3D
:100CB0008C0C9CF80710DCF80820D9719A609CF91C
:100CC00006206100002A9A713DDBBCF804E05FEA6F
:100CD0004E5E05D50EF5FF1E0EF5FF5E0EF11F0EE2
:100CE0006FF0070C0A194FEA6E5E920002EB4E029B
:100CF00008323A44ACEB030C6244C2F34A026FEA96
:100D0000C2426FEAD2429A801E4B21441A7807EB06
:100D100081011C708A719DE77346D9B9FF228EF854
:100D200006204BF60152AEF80420164C4AF6AA22D1
:100D300094F800C01946C91B49414A43120D83F873
:100D400006C0227086E7104ADDE79EF9064073462A
:100D5000002CAADA0D4A0E4CD21A083AC2F30A3114
:100D60006FEA01516FEA115144EA5202DA80998028
:100D700070E700BF1D21002000ED00E01D01001004
:100D8000FC140020212A002001BDFFFF36150020A1
:100D900000F8FFFFF0B5EFF30585EDB2EFF3108C2F
:100DA00072B62649D1E8CF2F0123002AFAD1C1E833
:100DB000423F002AF6D1BFF35F8F214E40F0010E73
:100DC000B4684AF6AA2354F825701E4A0446A41AA9
:100DD000644163431B0D77455BB21BD092F906401B
:100DE0009C421CD092F912409C4223D092F91E40A2
:100DF0009C4221D092F92A409C4208BF03240FD084
:100E0000114A0024157813708571C1E88F4F8CF357
:100E10001088F0BDB2680D4C42F82540F0E7002480
:100E200004EB440402EB8402FF2494714BF601545A
:100E30009480E5E70124F3E70224F1E71D21002077
:100E400000ED00E0FC140020212A00201D0100100C
:100E500010B5074C82B001460523002200940548D6
:100E6000FFF7A8FC0028A8BFC0F1330002B010BDF6
:100E700030CE0010252A0020014B0B440360704740
:100E80001421002070B5104C104DAC420ED2FF263C
:100E9000236863B1FFF7CEFC01462046FFF7ECFF65
:100EA000A680BFF35F8F0834AC42F1D370BDFFF76B
:100EB000C1FC01462046FFF7DFFF2671BFF35F8FBD
:100EC0000834AC42E4D370BD681C0020701C0020C4
:100ED00010B50446FFF7AEFC01462046FFF7CCFFF5
:100EE000FF232371BFF35F8F10BD00BF10B5044611
:100EF0000120FFF7ABFC034B03442360BFF35F8F7C
:100F000010BD00BF14210020024B0B440360BFF34F
:100F10005F8F7047142100200D4B1A68EFF310818A
:100F200072B6D2E8CFCF0120BCF1000FF9D1C2E8F0
:100F30004C0FBCF1000FF4D1BFF35F8F00221B6890
:100F4000C3E88F2F81F3108840BF00200021704735
:100F5000002A0020000000002DE9F04F2DED028B4B
:100F600085B0EFF30583DBB2103B9A0818BF01226E
:100F70004FF0010103F0030B18BFAF4DAF4B08BF9B
:100F8000AF4D0BEB820253F8226001FA0BF205F52C
:100F900041539FEDA78B01925A602FE0B3881C0448
:100FA00040F19380B379002B40F0DD80B6F9082042
:100FB000002AC0F21E81736902EB420203EBC203F6
:100FC000D3E90247B7F1FF3F08BFB4F1FF3F0ED0AE
:100FD00005EB8B01AB6A0A69D21AE31A934205D377
:100FE00001232A6A03FA0BF3134200D10C6128464D
:100FF00000F0ACFBA042B941C0F2FB80B6F908306A
:10100000019A002B0093EA63C8DBD6F8148003EB47
:101010004309284608EBC907D7E9024A00F096FBC6
:10102000A04271EB0A01B9DBBAF1000FC0F2C38034
:10103000D7E90431834A934200F0ED807A88B6F90B
:10104000080092B242EA0040984702460B4652EA34
:10105000030100F0B080002B80F2D180B4EB020ECF
:101060006AEB030A38F93930C7E902EA002B95DB4D
:10107000716903EB430201EBC202D2E90270BE4583
:101080007AEB000C4FEA430288DBB4462CF8083FA9
:1010900006E003EB430001EBC0005A00D0E9027008
:1010A000BE451A447AEB000001EBC20404DB31F9BF
:1010B0003230A446002BECDA28F83930009BACF82B
:1010C0000030B3881C043FF56DAF3369EFF3108235
:1010D00072B6D3E8CF0F01210028FAD1C3E8401F30
:1010E0000028F6D1BFF35F8F4FF6FF74B08800235E
:1010F000316900B2B480C1E88F3F82F31088984212
:10110000FFF650AF0746A946746906F1080807EBD9
:10111000470E04EBCE03D3E90250B6F90830C446BB
:10112000002B13DBB246009704E034F936309446C6
:10113000002B09DB03EB430604EBC602D2E9027184
:10114000BD4270EB0101F0DA5646009FACF800702A
:1011500034F93E7024F83E30002FD8DAB3794D468A
:10116000002B3FF423AF0023B371B6F9083006F12A
:101170000808581C3DD01A46776903E08046591C80
:101180003FF416AF03EB430107EBC100B0F802C018
:101190001C461CF4004F9E4637F93130EED0944285
:1011A00080ED028B05D0A8F80030328927F8312075
:1011B00034817246E3E738F8393033813369EFF32D
:1011C000108272B6D3E8CF0F01210028FAD1C3E80C
:1011D000401F0028F6D1BFF35F8F7388316928F86C
:1011E0003930009B73800023C1E88F3F82F3108861
:1011F000D4E640BF05B0BDEC028BBDE8F08F2846B9
:10120000CDE9022300F0A2FA029A039B10EB020E32
:1012100043EB010A26E708460B690291984700282C
:10122000C9D00299D1E9002311E700BFAFF30080D4
:10123000FFFFFFFFFFFFFFFF00800B40D0290020D2
:1012400000000B40590F00102DE9F84F364C25696E
:101250002DB1BDE8F84F0A213448FFF70DBEDFF885
:10126000E4800321404600F05FFA0326C4F80C80B6
:10127000FFF7E0FA4FF0504C2D4B267003442361EA
:10128000DCF800300F216370636961801D834FF0CB
:101290000405A3F878504FF00505A3F890504FF0DF
:1012A0000605A3F8A8504FF007050E214FF6FF7270
:1012B00008274FF00A0EA3F8C0504FF001094FF075
:1012C0000C0C4FF0020B4FF0090A0D204FF00B05EC
:1012D000A3F868111749A280A3F808E1A160A3F858
:1012E00048B0A3F8F0A0A3F82051A3F838C1A3F8A0
:1012F0005001A3F83090A3F86060A3F8D8701A806A
:101300000D4B3046C8F820700C49DC60FFF724FB19
:1013100049463046FFF7DEFA094B0A211F640348AD
:10132000BDE8F84FFFF7A8BD44150020002A0020B3
:1013300014210020FFFF1000D0290020590F0010B9
:1013400000200B4000000B4000487047441500206F
:10135000F8B59DF82050044617461E4635B900F0F2
:10136000FDF9874266EB010100295CDB2169EFF39F
:10137000108372B6D1E8CF0F01220028FAD1C1E85C
:10138000402F0028F6D1BFF35F8FB4F902206569C2
:1013900002EB4201002A4FEAC10C206905EBC101B2
:1013A00039DB35F80CE0A4F802E04FF0000EC0E89D
:1013B0008FEF83F310884888069B0130C0F30E003E
:1013C000012838BF01200B61079B48804B61C1E9B0
:1013D000027640EA02402369EFF3108172B6D3E847
:1013E000CF7F0126002FFAD1C3E8476F002FF6D137
:1013F000BFF35F8FA38825F80C30A2802369C3E870
:101400008FEF81F310880122E368217803F50153FF
:101410008A405A60F8BD0022C0E88F2F83F31088FD
:101420004FF0FF30F8BD2846F8BD00BF0146F0B5CB
:101430000069EFF3108772B6D0E8CF5F0124002D6A
:10144000FAD1C0E8454F002DF6D1BFF35F8FB1F957
:1014500002E04C690EEB4E0CBEF1000F4FEACC05DA
:10146000086904EBCC0C3CDB665B4E800026C0E8D0
:101470008F6F87F31088BCF80200CCE9022301309B
:10148000C0F30E00012838BF0120059BACF8020014
:10149000CCF81030069B40EA0E40CCF814300B69B3
:1014A000EFF3108272B6D3E8CFCF0127BCF1000F63
:1014B000F9D1C3E84C7FBCF1000FF4D1BFF35F8FCB
:1014C0008B886353A1F804E00B69C3E88F6F82F344
:1014D00010880122CB68097803F501538A405A60CD
:1014E000F0BD0023C0E88F3F87F310884FF0FF3036
:1014F000F0BD00BF03464089B0EB214F37DD58698E
:101500000A1402EB420210B500EBC2001C69EFF3B3
:10151000108C72B6D4E8CFEF0122BEF1000FF9D1E2
:10152000C4E84E2FBEF1000FF4D1BFF35F8F4288A5
:1015300089B292B28A4207D000221B69C3E88F2F7A
:101540008CF31088002010BD42F40042428001213B
:10155000002218699971C0E88F2F8CF310881C78CD
:10156000DA68084602F50153A140596010BD002019
:10157000704700BF407870472DE9F04182B00646C1
:1015800000F0ECF84FF47A7304464FF0FF306FF040
:101590000042E6FB0341A04272EB01033ABF04465E
:1015A00015460D46A61F45F1FF37B44275EB0703FC
:1015B0003CBF0026374600F0D1F8301A67EB010136
:1015C000012871F1000106DA2046294602B0BDE883
:1015D000F04100F0FBB800F0C1F8864267EB010172
:1015E00000290ADB0021174B3246009316483B4680
:1015F0000191FFF71BFF0130E6D04FF0000C134ABA
:101600001349536A9F4204D8906AB042DCD29F4289
:10161000DAD10B68EFF3108072B6D3E8CF8F5FF0AA
:10162000010EB8F1000FF8D1C3E848EFB8F1000F90
:10163000F3D1BFF35F8F0B68C3E88FCF80F31088BF
:1016400020BFDEE7190F00104415002000000B40FA
:10165000002A00202DE9F04306460D4683B0EFF343
:101660000584E4B23CB12D4B5A6AAA421CD2002038
:1016700003B0BDE8F0832A4FD7F80C9097F80080AC
:10168000484600F063F808F1040859F828301B1A9E
:10169000301A65EB0101984271F1000110DB20BFA7
:1016A0001E4B5A6AAA42E2D314BF012400249B6A4B
:1016B000B34234BF204644F0010003B0BDE8F083DC
:1016C00000F04CF8864265EB0101002914DB154B54
:1016D0003846CDE9003432462B46FFF7A7FE011EFF
:1016E0000ADD0E4B5A6AAA4216D39B6AB34211D343
:1016F0000B48FFF7FFFEB6E7084B5C6AAC42B6D377
:10170000641B18BF01249B6AB34234BF204644F0D7
:101710000100ADE7AA42EBD120BFE9E700000B4092
:1017200044150020190F001010B4054B054C064A53
:10173000A04214BF1846581C5DF8044BFFF70EB8C2
:101740003C25002000800B404CCE00100346416A2F
:101750000A46986A596A8A42FAD17047034B596A15
:101760000A46986A596A9142FAD1704700000B40C4
:1017700030B4154A536A9C46946A536A6345FAD159
:10178000021959414FF0000528BF01250E4B5B6A35
:10179000B5B15A1C08BF1A4608D04FF0FF310A46AF
:1017A0000948436A8B42FCD38B4207D1064902E0C9
:1017B000486A984202D1886A9042F9D330BC704797
:1017C0009942EDD8F0E700BF00000B40074A536A8A
:1017D0009942FCD8994207D1044B02E05A6A9142DF
:1017E00002D19A6A9042F9D8704700BF00000B40BE
:1017F00000EB400C4FEA8C0C0CF1804C0CF5803C5B
:10180000F0B51646DCF80420051FB2F5803F38BF5E
:101810004FF48032EDB238BFCCF80420012D2AD924
:101820004FF40067254C0CF54052176054F8202007
:10183000B2B9DCF80020012D82EA461202F0E00283
:101840000CF5805632602AD94FF4006144F82030FC
:101850004FF480330CF500521160CCF80430F0BD29
:101860006769B7FBF2FE0EF1010E0EEB4E0EBEF1F4
:10187000030EFCD2DDE70129D2D103240CF540523E
:101880001460DCF80820D207FBD5DCF800200B4CF4
:1018900082EA461202F0E0020CF580563260012224
:1018A000DCF800504D4005F00305356002FA01F107
:1018B000DCF808200A42FBD0C6E700BF4025002024
:1018C000014B53F8200070474025002070B4039D61
:1018D00004682D0345EA03451B4B002CB3FBF1F3D1
:1018E000B2FBF3F61FDB194A194B904214BF4FF4B9
:1018F00080424FF40042174C1A6003F580531A607F
:10190000A36832EA0303FBD1212200F540530433DC
:10191000016086601A600268002AFCDA0822C5604D
:101920001A6070BC7047036803F03F038B42DAD142
:101930008368C3F30B03B342D5D1C36803F4EE232A
:10194000AB42D0D1EDE700BF001BB70000800540DF
:10195000002002400000024030B44FF080441C4B95
:101960001C60E0B11B4CA3F54053DC611A4C40F005
:10197000010044401C62596298624FF080454FF06C
:10198000E061134B1548164C1D60846019604AB91C
:1019900030BC4FF00042A3F580531A607047114BE2
:1019A000D861EAE74FF47A7303FB02F2B2F1807F69
:1019B0002ABF6FF07F4313461A464FF080410A4C0E
:1019C00008482360094B426030BC1960704700BF73
:1019D00000B00D40D3C007B02D3FF84F00A001402C
:1019E000F3FFFF0100800D40A829002000A00D405A
:1019F000012300EB4000800000F1804000F58410DE
:101A000041600360704700BF002370B5DB8A044665
:101A10000D46002242E800F2520254BF1021042178
:101A200044F25220984786462B462246F446BDE8AB
:101A300070400A214FF48170604700BF0023DB8AA9
:101A4000002242E800F2520201D41021184704217A
:101A5000184700BF08B503460846191E02DB1AB135
:101A600040F03000FFF7D0FF40F02000FAE700BF61
:101A7000034AD2F82838002BFBD0BFF35F8F7047A2
:101A800000000E400021044B044ABFF35F8F43F86F
:101A9000041B9342F9D170470C080E402C080E40ED
:101AA00010B44FF48D704FF42A64064A064B074970
:101AB0001460D06019605368002BFCDA5DF8044BA9
:101AC000704700BF0080044000A0044000B0FA004E
:101AD000704700BF08B50148FEF728FE70CE001021
:101AE00038B5054C054DAC4204D254F8043B984738
:101AF000AC42FAD338BD00BF18CD001058CD00104D
:101B000010B40748074C084B084A094904601A609A
:101B10008B6832EA0303FBD15DF8044B704700BFCA
:101B2000002002407F3BEFEF00300240F6FFF3035E
:101B300000000240044BDB6CB3F5004F03D14FF4BF
:101B40008022024BDA6470470000115000201150CF
:101B50004FF0E022044BD2F8881D0B43C2F8883DB9
:101B600010EE3004704700BF030330006FF0604197
:101B7000044B054A19609368DB4333F06043FAD1A4
:101B8000704700BF003002400000024010B545F22F
:101B90005320FFF753FFBDE81040034604201847C9
:101BA00010B545F25320FFF749FFBDE8104003464A
:101BB00001201847FEF762BE10B5054B054C4FF4E7
:101BC00088721846A16805F021FCA06010BD00BF16
:101BD0000000002000ED00E0002370B52B4C82B027
:101BE000C4F88430FFF75CFF0122294BDA63636C91
:101BF000012BFCD10321264A244B11639C6B012C41
:101C0000FCD10226052521460523224A22480096BA
:101C1000FFF75CFE21462B46204A21480095FFF73E
:101C200055FE0022042031461E4BFFF7E1FD214600
:101C3000284600221C4BFFF7DBFD0022082011463E
:101C40001A4BFFF7D5FD002209201146174BFFF76D
:101C5000CFFD002206201146134BFFF7C9FD0022DD
:101C6000114B07201146FFF7C3FD0420FFF728FEA4
:101C700000240F4BA3FB0035AD0CE0B22946013424
:101C8000FFF7B6FE062CF8D102B070BD000001408F
:101C900000300140002F685900000540008C864745
:101CA00000800540001BB70080D1F008006CDC020A
:101CB00083DE1B4386B003B451FC0804CDE9020166
:101CC00051FC0904CDE9040151EC0A04CDE90601F7
:101CD00003BCF047BDE800504EEC00C4BDE8005026
:101CE0004EEC01C4BDE800504EEC02C400BD000043
:101CF00000B5FFF7DFFF02E010FE30F4F8D441EC4E
:101D0000100443EC112400EE010410EE010480EEF7
:101D1000200451EC1004704700B5FFF7CBFF02E040
:101D200010FE30F4F8D441EC100443EC112400EE22
:101D3000010410EE210480EE200451EC30047047C1
:101D400000B5FFF7B7FF02E010FE30F4F8D410B58D
:101D500041EC100443EC112451EC040453EC052431
:101D6000A0FB024C5FF0000EE0FB03CEE1FB02CED5
:101D70004CEC20440024E1FB03E444EC30E480EE2E
:101D8000200451EC5004BDE81040704700B5FFF747
:101D900091FF02E010FE30F4F8D441EC100443EC63
:101DA000112451EC2104A0FB01126FEA820252FBC4
:101DB000100052FB12F252FB1000A0EBD07C53EC4F
:101DC00004245CFB13F153EC1524A1FB022001FB5E
:101DD000030053EC4424A2EB000050FB1CF24FEA3A
:101DE000111312EB017043EBE27140EA515020EA0B
:101DF000915020F0070053EC7524A0FB023C53ECFB
:101E0000752400FB03CC01FB02CC53EC0424ACEBA7
:101E1000824C40EA5C70A0F1010041EC400480EE8D
:101E2000200451EC7004704700B5FFF743FF02E057
:101E300010FE30F4F8D441EC100480EE220410EED1
:101E4000B204704700B5FFF735FF02E010FE30F432
:101E5000F8D440EC700400EE010410EE210480EE92
:101E6000200451EC3004704700B5FFF723FF02E077
:101E700010FE30F4F8D440EC600400EE010410EEE3
:101E8000210480EE200451EC3004704700B5FFF7C8
:101E900011FF02E010FE30F4F8D441EC800400EEB3
:101EA000010410EE010480EE400410EE13047047AC
:101EB00000B5FFF7FFFE02E010FE30F4F8D441EC6D
:101EC000800400EE010410EE010480EE400410EEE8
:101ED0003304704700B5FFF7EDFE02E010FE30F46A
:101EE000F8D441EC100443EC112400EE010410EE90
:101EF0003004C0F30070704700B5FFF7DBFE02E06E
:101F000010FE30F4F8D441EC100443EC112400EE40
:101F1000010410EE3004C0F38070704700B5FFF785
:101F2000C9FE02E010FE30F4F8D443EC102441EC7A
:101F3000110400EE010410EE30F48CBF01200020EB
:101F4000704700BF00B5FFF7B5FE02E010FE30F4A9
:101F5000F8D443EC102441EC110400EE010410EE1F
:101F600030F42CBF01200020704700BF00B5FFF700
:101F7000A1FE02E010FE30F4F8D441EC100443EC72
:101F8000112400EE010410EE30F42CBF01200020DB
:101F9000704700BF00B5FFF78DFE02E010FE30F481
:101FA000F8D441EC100443EC112400EE010410EECF
:101FB00030F48CBF01200020704700BF00220029B0
:101FC00050DA404261EB4101C9B1B1FA81F30B3BF8
:101FD00017D4D3F1200C30FA0CFC9840994051EA08
:101FE0000C011A44524202F2324201EB025141F01A
:101FF000004140F2FE739A4238BF704721E011461B
:102000007EE003F1210310FA03FCA3F1010301FABE
:1020100003FCC3F1200320FA03F021FA03F140EAA4
:102020000C00A3EB020202F2324214D050F1000085
:1020300041EB025141F0004140F2FE739A4238BF39
:1020400070474FF00001A8BFC7F6F0714FF00000D5
:10205000704700217047EBD350F1000020F00100E1
:10206000E6E70022B9B1B1FA81F30B3B16D4D3F104
:10207000200C30FA0CFC9840994051EA0C011A44AB
:10208000524202F2324201EB025140F2FE739A4296
:1020900038BF704720E0114600F066B803F1210315
:1020A00010FA03FCA3F1010301FA03FCC3F12003BE
:1020B00020FA03F021FA03F140EA0C00A3EB02023C
:1020C00002F2324212D050F1000041EB025140F2D4
:1020D000FE739A4238BF70474FF00001A8BFC7F6A1
:1020E000F0714FF00000704700217047EDD350F1C0
:1020F000000020F00100E8E7002880F2358040422F
:10210000B0FA80F30B3B11D4984001EB030252422A
:1021100002F2124200EB025141F000414FF0000088
:1021200040F2FE739A4238BF704713E0C3F10003D8
:1021300030FA03FCC3F120029040A3EB010202F24B
:1021400012420CEB025141F0004140F2FE739A4200
:1021500038BF70474FF00041A8BFCFF6F0714FF085
:10216000000070470021704760B3B0FA80F30B3B6A
:102170000FD4984001EB0302524202F2124200EBEC
:1021800002514FF0000040F2FE739A4238BF704790
:1021900010E05B4230FA03FCC3F120029040A3EB55
:1021A000010202F212420CEB025140F2FE739A421B
:1021B00038BF70474FF00001A8BFC7F6F0714FF06D
:1021C00000007047002170470022A2F232425FEA0D
:1021D000215CACF10103A1EB03515B0513F5800F0A
:1021E00032D212EB535210D40B2A36DA9140D2F18C
:1021F000200330FA03F319439040BCF1000FA8BF4D
:102200007047404261EB4101704720320EDD01FA18
:1022100002F3D2F12002D140D0401843BCF1000FAC
:10222000A8BF7047404261EB41017047524282F3C0
:10223000050231FA02F00021BCF1000FA8BF70477F
:10224000404261EB4101704702D0002000217047FD
:1022500050EA013118BF4FF0000C6FF0004101EB64
:10226000DC716FEAEC70704710B5044604F048FA70
:1022700028B10346034A2344934200D810BD0248C4
:10228000FEF754FA000008207CCE001010B50C4672
:1022900004F00EFD28B10346034A2344934200D8BC
:1022A00010BD0248FEF742FA000008207CCE001064
:1022B00004F02EBA9A4238BF88547047704700BF66
:1022C0002DE9F04F83B09946DDE90DAB0F9B8846B1
:1022D00011469A07074616D1DA453AD20C460D4602
:1022E000ABEB0A060E4422464B4641462020013401
:1022F000B847B442F7D12946BAF1000F08D12046B9
:1023000003B0BDE8F08F0C46BAF1000F10D00E46B6
:1023100055460C9B2E449A440191721B4B46013D3D
:1023200041461AF8010D3446B847002DF5D1019900
:102330000F9B9B07E3D5651AAB45E0D922464B4678
:10234000414620200135B8475D4504F10104F5D32D
:10235000D5E70C46BAF1000FD9D1D0E72DE9F04FFF
:102360000F9FDDF8248017F0020F0A9C9DF82CA027
:102370000E9DDDE90C9644D1F5BBB44241D207F085
:10238000010B04F1FF3C4FF0300EC44404E0013473
:10239000A6420CF801EF01D9202CF8D1BBF1000FB7
:1023A00000F08880A5422CD904F1FF3C4FF0300E9C
:1023B000C44404E00134AC420CF801EF21D0202CDD
:1023C000F8D117F0100F0ED017F4806F54D1A64239
:1023D00063D0A54261D0B9F1100F50D0B9F1020F0E
:1023E00056D0202C29D12024CDE90B57CDE90984E2
:1023F000BDE8F04FFFF764BF17F0010B34D1B442D2
:10240000BFD317F0100F1ED017F4806FE3D1002C4C
:10241000DDD1B9F1100F63D0B9F1020F77D03024BC
:1024200088F800400124BAF1000F11D17E0748D589
:102430002B2608F804600134D6E7264601344FF015
:10244000300C08F806C0202CCDD0BAF1000FEDD02A
:102450002D2608F804600134CDE90B57CDE9098435
:10246000BDE8F04FFFF72CBFBAF1000F30D0B442F7
:1024700005F1FF3585D395E7B9F1100FB3D1BE064D
:102480003BD5202CAFD0582608F804600134A8E7CB
:10249000202CA8D02646013407E0661EB9D0B9F139
:1024A000100F36D0B9F1020FC9D14FF0620C08F805
:1024B00006C096E717F0100FC5D017F4806F86D0CE
:1024C00089E73E0790D5202608F8046001348BE7A1
:1024D00017F00C0F00D0013DB442FFF452AF61E79A
:1024E000BC0612D4782488F80040302488F80140D3
:1024F0000224BAF1000F99D0AAE7202C3FF473AF61
:10250000782608F8046001346BE75824EBE762246E
:10251000E9E717F0200FA4F1020C04D04FF0580E99
:1025200008F80CE08BE74FF0780E08F80CE086E72F
:1025300000B9704701F048BC10B1D1E9003118472B
:10254000704700BF000000002DE9F04F97B09DEDEF
:10255000207BDDE9225B0746884651EC170B249C63
:1025600099460C920B4602468DED047B0794FFF7CB
:10257000B5FC002840F0F481DDE904014FF0FF32A2
:102580006FF48013FFF7CEFC002840F01B81DDE9DB
:1025900004014FF0FF32AC4BFFF700FD002840F084
:1025A000EE80DDE90401A4A3D3E90023FFF7F6FCE4
:1025B000002840F0D380DDE90401A1A3D3E9002382
:1025C000FFF7B0FC002840F0C980DDE904010022DB
:1025D0000023FFF7A7FC002840F0E88023460D9079
:1025E00013F4806F08BF062530212B460EAAA5F1F3
:1025F000200605E0013BB34202F8011B00F0938185
:10260000092BF7D81E46ED1ADDE90401FFF742FC5D
:102610008E4B044603EBC60393ED007B8DED087BE8
:10262000FFF714FC02460B46DDE90401FFF778FBD7
:10263000DDE90823FFF788FB02460B46CDE90A23B4
:10264000FFF73AFC8246FFF713FC02460B46DDE932
:102650000A01FFF765FB02460B46CDE90A2300227B
:102660007B4BFFF79BFC002800F0FE800AF1010A7B
:102670005046FFF7FDFB02460B46DDE90801FFF778
:1026800065FC10B14FF0000A0134002E00F0FD800F
:10269000681E0EABDFF8CCC118440FE0ACFB0A217A
:1026A000C90801EB8102AAEB42023032BAF1090FEC
:1026B00000F8012F40F21C818A461D46202D05F1AD
:1026C000010306F1FF36E9D12025691E0EAB6148F2
:1026D000194410E080FB0462C3EBA20303EB830206
:1026E000A4EB420404F1300201351C4601F8012F2D
:1026F000002B00F0EB80202D4FEAE473EAD1079B1A
:1027000003F00303012B18D1BBF1000F15D00D9B73
:10271000002B00F00A810BF1FF3BBBF1200F0CD91D
:102720006B1E0EA930220B4405E001355D4503F810
:10273000012F80F0D180202DF7D1079B0EACCDE981
:1027400002B341464B4638460C9A01950094FFF778
:10275000B7FD8246504617B0BDE8F08F079B9DED50
:10276000047BCDE923B341464B4638460C9A8DEDA8
:10277000207B229517B0BDE8F04F00F045B9610706
:1027800023464CBF042303234146219338464B463E
:10279000079A48BF304CCDE922B258BF2F4C0C9A53
:1027A000209417B0BDE8F04FFFF78ABDDDE90423A0
:1027B00000200021FFF7B4FA0123CDE904010D93B5
:1027C00023460DE723469C0740F0AA80BBF1040F87
:1027D00040F2A6800C9B1D461C1F04EB0B0A2A46E8
:1027E0004B46414620200135B847AA45F7D155460A
:1027F0001B4C261F14F8010D2A464B464146B8478C
:10280000B44205F10105F5D1079B0AF1040A9807C6
:10281000A0D50C9CAAEB04039B459BD952464B4682
:10282000414620200AF1010AB847AAEB04035B45A0
:10283000F4D38FE7AFF300800000000065CDCD41F9
:102840000000000065CDCDC1FFFFEF7F78D1001003
:102850000000E03F67666666C8CE0010D0CE00106C
:10286000DCCE0010CDCCCCCC0022DDE90A01634BDC
:10287000FFF758FB00287FF408AFBAF1000F6AD1C8
:102880000AF1010A002E7FF403AF2046FFF7DEFABB
:1028900002460B46DDE90401FFF742FA02460B4609
:1028A000CDE904230022554BFFF73CFB00287FF4C1
:1028B0000CAFDDE904010022504BFFF76FFB00284D
:1028C0007FF403AF013424F00104FEE6079B03F01C
:1028D0000303012B00F08280202D3FF42EAF0D9BCF
:1028E0007BB32D220DEB050383F83820013524E757
:1028F000202B3FF4E9AE0EAA15441E44302204E01A
:10290000202B05F8012F3FF4DFAE9E4203F10103B7
:10291000F6D12E220DEB060383F83820751CD4E681
:10292000DDF830A063E720256EE6079B13F00C0F5F
:1029300050D00BF1FF3BAB453FF6F2AE202D3FF4FC
:10294000FCAE079B5A0701D52B22CBE71B077FF56F
:10295000F4AE2022C6E71AF0010F3FF496AE8FE7DF
:10296000A60734D1BBF1030F31D90C9B1D46DC1EE9
:1029700004EB0B0A2A464B46414620200135B84756
:102980005545F7D155461E4CE61E14F8010D2A4652
:102990004B464146B847A64205F10105F5D1079BD4
:1029A0000AF1030A9D077FF5D5AE0C9CAAEB040340
:1029B0009B457FF6CFAE52464B46414620200AF15A
:1029C000010AB847AAEB04039B45F4D8C2E6DDF838
:1029D00030A0D7E7AB453FF6A3AEAEE6BBF1000FA4
:1029E0003FF47AAF0D9B002B9FD00BF1FF3B5D4571
:1029F000FFF496AE202D7FF474AF9EE60000E03F1A
:102A0000D7CE0010000000002DE9F04F9FB02A9EA5
:102A1000DDE92845074693460891099322462B464F
:102A2000204629460E96DDE92BA6FFF757FA002827
:102A300040F0BE80204629464FF0FF32784BFFF72A
:102A4000ADFA002840F0B480204629464FF0FF320E
:102A50006FF48013FFF766FA002840F0A980204643
:102A6000294600220023FFF75DFA002840F0D581B7
:102A7000CDE90A45DDE90A239046994606F400624D
:102A800016F480630F92139340F0A18058EA090373
:102A900040F0CA80002A40F0E38106230E9316F02E
:102AA0000202109240F0D4815346042B38BF042315
:102AB0000C920422043B12920F93204629460022D6
:102AC0000023FFF72FFA002840F0F3819DED0A7BE9
:102AD0000F9B5A4603930E9B8DED007B029326F4C9
:102AE000006304933846099B0899FFF72DFD0246C1
:102AF00016F0200F099B08990CBF6520452002F1B4
:102B00000108B8470C9A129B16AC5D1E82EAE2736C
:102B1000A3EBE273D10F002622469946DFF804C1E9
:102B200001E0202E10D0CE46ACFB0930C00800EBEF
:102B30008003A9EB43033033BEF1090F814606F150
:102B4000010602F8013BECD80523002006930A2376
:102B500005950094099D089C4246CDE90330CDE9D6
:102B600001612B4621463846FFF7F8FB109A804654
:102B7000D2B1A0EB0B06B24516D90BEB06022B46E1
:102B8000214620200136B847B245F6D80BF1FF3375
:102B90005344CBF10102A3EB08034244924538BFF2
:102BA000002308F10108984440461FB0BDE8F08FAB
:102BB0005A463846CDE92845CDE92BA60E9C099BFF
:102BC00008992A941FB0BDE8F04FFFF7BDBC58EA42
:102BD00009032BD1002A3FF462AF00230C930E9B14
:102BE0000C9A934200F3B9814FF000082046294621
:102BF00000220023FFF796F9002840F013819DED95
:102C00000A7B26F4006646F480668DED287B5A46E2
:102C10003846CDE92A8A099B08992C96D2E700BF4D
:102C2000FFFFEF7FCDCCCCCC06230E93C9F30A5027
:102C3000A0F2FF30FFF70AF9C1A3D3E90023FFF7A1
:102C400083F8C1A3D3E90023FFF756F8C9F31309AA
:102C5000CDE90C0149F07F5140460022B24B41F4CE
:102C60004011FFF75DF8A4A3D3E90023FFF76CF848
:102C700002460B46DDE90C01FFF73EF8FFF70AF9C3
:102C80000C90FFF7E3F89EA3D3E900238046894622
:102C9000FFF75AF80022A54BFFF72EF8FFF7FAF8D6
:102CA000034649464046129397A3D3E90023FFF712
:102CB0004BF8804612988946FFF7C8F894A3D3E9E9
:102CC0000023FFF741F802460B4640464946FFF70E
:102CD00027F802460B4680468946FFF735F84246FC
:102CE0004B46CDE9100140464946FFF705F8002262
:102CF000CDE91401DDE910018D4BFFF74BF80022FF
:102D00008C4BFEF7F9FF02460B46DDE91001FFF799
:102D100041F80022884BFEF7EFFF02460B46DDE943
:102D20001001FFF737F842464B468046894600209F
:102D30004FF08041FEF7F4FF02460B4640464946FD
:102D4000FEF7DAFF02460B46DDE91401FFF722F831
:102D500000227A4BFEF7D0FF129B002203F2FF3CC9
:102D60004FEA0C53FEF7F0FF80468946DDE90A0181
:102D700042464B46FFF7D6F850B10C9B4046013B0C
:102D800049460C9300226B4BFFF704F880468946B6
:102D90000C9A43466332C62A06F002021092494654
:102DA0000F9A2CD8002A5ED0042212920B433FF4D3
:102DB00016AFDDE90A0158A3D3E90023FFF7DAF8DB
:102DC00048B1DDE90A0156A3D3E90023FFF7AAF8C9
:102DD00000287FF404AF0E9B002B50D0139A002ADA
:102DE0007DD0013B0E93129B9A4505D9109B002B79
:102DF00000F0AE800223109300230F9344E022BB27
:102E0000BAF1050F4FD906F00203002B49D1052373
:102E10001293AAF105030F933AE005F100430A94D7
:102E20000B9327E626F4006646F4806638462C9617
:102E3000DDE90A67344607F100455A46CDE92A8A9A
:102E4000CDE92845099B0899BCE605221292ADE719
:102E500000230222CDE90F3204220C9312922CE6B9
:102E60004FF00508C2E6BAF1040F1FD9109B002BE2
:102E700078D104231293AAF104030F9304E0129B68
:102E80009A4531D80E9B0F930C9B002B3FF415AE47
:102E9000DDE90A0142464B46FEF77CFFCDE90A0117
:102EA0000BE60223109305231293F1E704231293F8
:102EB000EAE7DDE90A45A0460F9B05F100490393C7
:102EC0000E9B5A46029326F4006304933846CDE9DC
:102ED0000089099B0899FFF737FB024608E6129B19
:102EE0009A4544D80F92CFE7109B8BB30E9B0F935C
:102EF00002231093C8E700BF61436F63A787D23FE7
:102F000071A379094F930A401655B5BBB16B0240C6
:102F1000EF39FAFE422EE63F2D431CEBE2361A3F14
:102F20000000000080842E410000F83F0000E03FD8
:102F300000002C4000002440000018400000F03F3A
:102F4000FB799F501344D33FB3C8608B288AC63F98
:102F5000129BAAEB03030F9396E7A3EB020808F179
:102F6000FF3843E604231293022310938CE7109B4F
:102F7000002BEDD002230F92109385E72DE9F04F3F
:102F80009BB0249C954D0A94954CB1F1000A18BF52
:102F9000834625601878934C914608BFA346099351
:102FA000002800F093824FF000080AE042464B46AA
:102FB000514608F10108D847099B1878002800F00D
:102FC000CE80099B252803F101030993EED11C460D
:102FD0000023224612F8010BA0F1200110290AD883
:102FE000DFE801F04009093C090909090909093824
:102FF000093409093000A0F130010929099440F28F
:103000008A802A2800F0F08000252E2800F0968083
:103010000026A0F1680112292DD8DFE811F049013E
:103020002C0043012C0038012C002C002C002C001B
:103030002C002C002C0027002C002C002C002C0035
:103040002C002700144643F00103C2E7144643F066
:103050000203BEE7144643F00403BAE7144643F004
:103060001003B6E7144643F00803B2E7099948781D
:1030700043F480730132672809927ED8242840F2F5
:10308000C180A0F12502422A00F2BC80DFE812F0E4
:103090005001BA00BA00BA00BA00BA00BA00BA00C9
:1030A000BA00BA00BA00BA00BA00BA00BA00BA0050
:1030B000BA00BA00BA00BA00BA00BA00BA00BA0040
:1030C000BA00BA00BA00BA00BA00BA00BA00BA0030
:1030D000190137011901BA00BA00BA00BA00BA00E2
:1030E000BA00BA00BA00BA00BA00BA00BA00BA0010
:1030F000BA00BA00BA00BC01BA00BA00BA00BA00FD
:10310000BA00BA00BA00BA00BA00BC015801BC014A
:10311000190137011901002500E0013205EB850591
:1031200000EB45051078303DA0F130010929F4D9B4
:103130002E28099202F101027FF46AAF099943F443
:10314000806348781146A0F13006092E40F22181B3
:103150002A2800F02F8109920026013259E74446BF
:10316000C14501D809F1FF384B464246514600207F
:10317000D84720461BB0BDE8F08FA0F16902D2B25B
:103180000F2A3FD8012149F241079140394040F0D0
:10319000F3800A2A3DD0072A34D10A9D55F8042B22
:1031A000002A00F0138143F0210012AB1F460B935D
:1031B00003E0202900F014811A4602F00F04234690
:1031C000092C94BF303337330F2A07F8013B01F144
:1031D00001014FEA1213ECD802E100BF7D2F00106D
:1031E000A4290020BD2200100A99099851F8045B17
:1031F0004078002DCDE90921BCBF43F002036D42A8
:10320000013202E742464B46514608F10108D847D1
:10321000D2E60A99002E51F8047B18BF324638785E
:1032200008BF4FF0FF32002800F07B83BC18A44693
:103230003A4604E012F8014F002C00F03F8194451B
:10324000F8D16446E41B5A0540F12281B44228BFFC
:10325000344613F0020300F088820223CDE90A51BC
:1032600042461D46464408E04B465146D84717F8AB
:10327000010F08F1010810B142464645F4D12B4632
:103280000B990A9D002B40F041810A9194E609991F
:1032900048786C287FF4ECAE0A46887843F4407393
:1032A0000332E8E6099943F4007348780132E2E614
:1032B00009994878682800F0038143F080030132BF
:1032C000D9E6672800F0D980472800F0DC8045283F
:1032D00000F0DB80CDE903530A9B0296073323F00D
:1032E00007031C464246F4E802674B4651465846DF
:1032F000CDE900670A94FFF787FB80465CE6462825
:1033000008BF43F02003CDE903530A9B029607331D
:1033100023F007031C464246F4E802674B46514639
:103320005846CDE900670A94FFF70EF9804643E658
:1033300042464B465146252008F10108D8473BE656
:103340000A9A990702F1040408F1010640F1C680C7
:1033500010784B4642465146D847012D88BFA844B5
:1033600040F2BD8132464B46514620200136D847B7
:103370004645F7D10A941FE66F2800F0818040F29D
:103380004882782800F090810A2723F01003BC4679
:1033900041E0002606EB860600EB4600A0F1300671
:1033A00011F8010FA0F13002092AF3D90A46099158
:1033B00001322EE6DDE9092151F8046B90780232E2
:1033C00009920A91013226EAE67622E623F01000FD
:1033D00013F4806240F021003FF4E7AE12AB0B9390
:1033E0000B9B069000930823102005930023424670
:1033F000CDE9023001914B46514658460496FEF7FE
:10340000ADFF0A958046D7E5582862D0622840F083
:103410008F800227BC4613F4806000F0DD8023F02B
:103420000D0313F4007240F081810A990F1D13F40B
:10343000807140F037825C060A9A40F13B81127835
:10344000002A40F04E8123F01003002800F049814B
:10345000114612AA0B92CDE90553CDE903C601919D
:103460000B9B4246009300235146029358464B461D
:10347000FEF774FF0A9780469EE543F4006329E750
:103480000827BC46C7E743F4006343F0200321E765
:1034900013F0020300F08E8102230A951E460D46AA
:1034A00042464B465146D84717F8010F08F101082C
:1034B0000028F5D1294633460A9DE3E6D41BC2E62F
:1034C0000A46887843F0C0030332D4E504468046B8
:1034D00046E6102743F02003BC469CE7012D40F24E
:1034E000F880464608F1FF372F4432464B46514696
:1034F00020200136D847BE42F7D10A9B32461878C1
:1035000051464B46D847A8440A9455E54646A5423D
:103510007FF6BBAEA844A8EB04080C4632464B46E7
:10352000514620200136D8474645F7D12146ACE622
:1035300013F4806200F0BB804FF4806223F0110C22
:103540001CF400770A9B4AD11CF4807003F1040438
:1035500040F034811CF0400F40F0A3801CF0800F3D
:1035600000F0D381B3F9001081EAE177A7EBE177AE
:10357000BFB2CB0F002900F056813A4612A90F4680
:10358000DFF8D8E30B910A930C9501E020280FD0C7
:103590001546AEFB0213DB0803EB8301A2EB4101EE
:1035A0003031092D1A4600F1010007F8011BEDD852
:1035B0000A9B0C9DCDE9055CCDE9010304960B9BAC
:1035C000424600930A235146039358464B46FEF762
:1035D000C5FE0A948046EFE423F00C0321E707338D
:1035E00023F00703194608465B6850F8081BDF0FF5
:1035F0000A9051EA030062D1002A40F09F811346ED
:10360000114612AACDE90C7500201546CDE90E68C9
:10361000DFF848E30B9201E020282DD05A1842F140
:103620000002AEFB027828F0030707EB9807D21BD5
:103630001E469B1A61F100070C464FF0CC3101FB8E
:1036400003F10EFB0711A3FB0E731944052307F0CA
:103650000108A8FB03389B180A2E03F130034FEA38
:10366000570774F1000405F8013B00F1010047EA37
:10367000C1734FEA5101CFD2DDE90C75DDE90E6867
:103680000B9B424600930A23CDE9055CCDE9010777
:10369000049603934B4651465846FEF75FFE80461C
:1036A0008AE419780F4664E71027BC46B3E623F096
:1036B000100C45E71C064CBF12881268C0E60A468B
:1036C000191E01DB13469CE75242134661EB410190
:1036D00097E713465146187842464B46D847B046BE
:1036E00048E613F0200F14BF4120612012ACA6461B
:1036F0000B940A93A0F10A040C9502E0202912D041
:103700002A46B2FBFCF50CFB1520C3B2092803F1D5
:1037100030008ABF1B19C3B2DBB262450EF8013B11
:1037200001F10101EAD20A9B0C9D94E60A9A073244
:1037300022F00702516852F8084B8E460A9254EA6A
:10374000010276D123F01003002872D00022114626
:1037500012AA0B92CDE905530B9B4246009300231E
:10376000CDE903C60191029394E7A54298BF0134C5
:103770007FF674AD4FF48063CDE90A7505EB08025E
:103780001F460D46141B42464B465146202008F169
:103790000108D847A045F6D13B460A9F294638780C
:1037A0000B9D6C1C00283FF470AD002B3FF475AEF0
:1037B000002353E5A542DFD801346EE61968CB0F2C
:1037C000002900F0A88081EAE172A2EBE17212A95F
:1037D0000846DFF888E10B910A930C9501E0202F51
:1037E0000FD01546AEFB0213DB0803EB8301A2EBFF
:1037F00041013031092D1A4607F1010700F8011B7C
:10380000EDD80A9B0C9DCDE9055CCDE901730496CA
:10381000D5E6692823F0100C40F08C8013F4806208
:103820003FF48EAE88E6002A3FF4A8AE12AA0B92AF
:10383000C0E613F0200F14BF41226122002012A91C
:103840000A3ACDE90E68CDE90C35CDF844B006460C
:103850008846754693460B91CDF840C003E0202E74
:1038600017D004460D4629463A460023204609F063
:103870003BFAD2B2092A02F1300388BF02EB0B03F4
:10388000BC42DBB275F1000508F8013B06F1010608
:10389000E5D23146DDE90C35DDE910CBDDF83C80C1
:1038A0000E9E57E70A99096851B923F0100338B101
:1038B00012A90B91CDE90553CDE903C60192CFE5DD
:1038C00013F0200F14BF4120612012ACA6460B94C8
:1038D0000A93A0F10A040C9502E0202A12D029468E
:1038E000B1FBFCF50CFB1510C3B2092803F1300045
:1038F0008ABF1B19C3B2DBB261450EF8013B02F16E
:103900000102EAD20A9B0C9DD4E7196881EAE177AB
:10391000A7EBE1772DE6002A3FF459AF12AA0B92EC
:1039200071E713F480640DD013F0020412D0044642
:103930004646ECE50A276346BC466CE512AB002020
:103940000B939DE613F002037FF4E0AD002D7FF4AE
:1039500013AF9AE4002D7FF40DAF96E4CDCCCCCC20
:103960000EB410B585B007AC54F8043B01464FF0D7
:10397000FF32009404480394FFF700FB05B0BDE854
:10398000104003B0704700BFB522001070B59446D8
:103990001E4605460C4684B04FF0FF32634602A92E
:1039A00000960348CDE90254FFF7E8FA04B070BD71
:1039B000392500100FB410B50E4B84B006A91C6851
:1039C00051F8043B03915CB100914FF0FF3202A922
:1039D0000948A047012004B0BDE8104004B070477A
:1039E000184600F033FA204604B0BDE8104004B099
:1039F000704700BFA42900203125001010B5094BE5
:103A000084B01C684CB1034600914FF0FF3203A90B
:103A10000548A047012004B010BD00F017FA204669
:103A200004B010BDA42900203125001000BEFDE720
:103A3000074A0346106838B1064903448B428CBFDD
:103A40004FF0FF3013607047034908461160F3E7F9
:103A5000A025002000000820282A00200346084650
:103A6000114623B9034BD3E9002300F059B94FF0B5
:103A7000FF30704710D10010431E012B09D810B53C
:103A80001446084601230022214600F0D3F82046C0
:103A900010BD4FF0FF3070474FF0FF30704700BF50
:103AA0004FF0FF30704700BF4FF0FF30704700BF4E
:103AB00002288CBF00200120704700BF08B5FFF727
:103AC000B5FF00BF9C46144600B50B460246614652
:103AD00083B044B1054D064801940095FFF76AFF95
:103AE0000120FFF7A3FF034D2C46F4E7E0CE0010C2
:103AF000F0CE0010B4CD001038B5064C064DFDF7E1
:103B0000EFFFAC4204D254F8043B9847AC42FAD3DE
:103B100038BD00BF58CD001060CD001003680846C6
:103B2000114618472DE9F0411546427D0746884663
:103B3000002A46D0002D1DDD0B780A2B23D0012D45
:103B40004FF0000C18D04646012416F8012F2146EC
:103B50000A2A04F1010422D0A542F6D165450BDC06
:103B600008EB050313F8013CA3F10D03B3FA83F34B
:103B70005B093B75BDE8F0813B68A5EB0C0108EBE8
:103B80000C009847ECE7037D002BD8D10368022195
:103B90000F489847012DE3D04FF0010CD3E716F8FA
:103BA000013C0D2BD8D08C4508EB0C00A1EB0C018F
:103BB00001DA3B689847022105483B689847A446CC
:103BC000CAE7294640463B68BDE8F041184700BFB8
:103BD000C8D100100B682DE9F041802B0D46064638
:103BE00005D05A1C2B442A601E71BDE8F0810F4B92
:103BF0001C68A4B10E4F01F1040801E0246974B1FE
:103C00002368002BFAD03B680BB1A342F6D12046C3
:103C100041462A68FFF786FF2469002CF0D1002373
:103C200001222B442A601E71BDE8F08190250020FE
:103C30009C2500202DE9F04782B00D4691461C4698
:103C40000646FDF78BFD4FF0FF3C6FF000472E4A14
:103C5000821841F10003944577EB03013CBF6246B3
:103C60003B462A4809F050F86B1C804640D00CB304
:103C7000274F284B1C68B4B1B9F1000F1CD1DFF8F5
:103C80009C9001E0246974B12368002BFAD0D9F824
:103C900000300BB19C42F5D120462A463146B84748
:103CA0002469002CF0D1B8F1000F26D1284602B0CB
:103CB000BDE8F087184FDCE74FF00A0ADFF85C90A8
:103CC00002E02469002CEED02368002BF9D0D9F84B
:103CD00000300BB1A342F4D12A4631462046B84702
:103CE000012220460DF107018DF807A0B847E8E74B
:103CF000304603F001FC0546B9E7044808F0F8FF38
:103D0000284602B0BDE8F08740420F00681C002042
:103D1000253B0010902500201D3B00109C25002015
:103D20002DE9F04F984607460E4683B0DFF860B0A5
:103D3000DFF86090DFF860A00192DBF8004014B972
:103D400011E024697CB1D9F800500DB1A542F8D139
:103D5000A268002AF5D03146384690470028F0DDA9
:103D600003B0BDE8F08FDAF8242090450BD8DAF8DC
:103D70002810019B994204D36FF0010003B0BDE805
:103D8000F08F9045F8D101200021FDF7F1FCD4E738
:103D9000902500209C25002000000B40084A136855
:103DA00023B90AE003F110021B6933B18342F9D150
:103DB00029B9186910601961704701B11060704726
:103DC0009025002000F0DEBAF0B583B006468DF8ED
:103DD0000700FDF7C3FC4FF0FF356FF00044174AB2
:103DE000821841F10003954274EB03013CBF234666
:103DF0002A46134808F088FF124B07461C689CB1FE
:103E0000114D01E024697CB12368002BFAD02B68A6
:103E10000BB19C42F6D1204601220DF10701FFF7BC
:103E200081FE2469002CEFD117B9304603B0F0BDF4
:103E3000034808F05DFF304603B0F0BD40420F007C
:103E4000681C0020902500209C25002038B50446E1
:103E500003F052FB012305461A4620462946FFF788
:103E6000E9FE084B1C682CB163682BB198472469A4
:103E7000002CF9D1284638BD2469002CF4D12846FD
:103E800038BD00BF902500202DE9F041A2B00446C6
:103E90000D46FDF763FC4FF0FF376FF00046264AF2
:103EA000DFF8A480821841F10003974276EB03010A
:103EB0003CBF3A463346214808F026FF00272B46F0
:103EC0002246064601A91E480197FFF75FFD019BA8
:103ED0000546D8F80040C3B1002C2BD0194F01E0A3
:103EE000246974B12368002BFAD03B680BB1A3425C
:103EF000F6D12046019A02A9FFF714FE2469002C8E
:103F0000F0D10023D8F8004001932CB1636843B18D
:103F100098472469002CF9D12EB9284622B0BDE873
:103F2000F0812469F1E7054808F0E2FE284622B056
:103F3000BDE8F0810194EFE740420F00681C0020CB
:103F4000D53B00109C250020902500200FB400B523
:103F500083B004A951F8040B0191FFF795FF03B05A
:103F60005DF804EB04B07047704700BF0022014BBE
:103F70001A707047222A00204B79FF2B0BD18879C9
:103F800048B9CB79012B07D1082A05D9034B8A7888
:103F900009201A7070470020704700BF222A0020B5
:103FA00001207047012901D00120704708B5104B4E
:103FB00091881B78994201D0002008BD5378012BCD
:103FC00008D0022BF8D1002164220846FDF7C4FC7A
:103FD000012008BD5188CB0548BF480AC1F34022E3
:103FE00058BF4FF0FF3001F07F01FDF733FD00BFF8
:103FF000222A00200048704794D20010012907D1DE
:104000005378012B02D19388072B03D000207047EF
:10401000012070471146A623014A01F03DBA00BFB6
:10402000ECD100100346012201481A70704700BF0E
:10403000CCD1001008B50B68B3F5966F00D008BD61
:1040400000224FF0FF301146FDF704FD024A034BFA
:1040500010601960704700BF302500203425002013
:10406000184B70B51A68002A28D0EFF3108172B689
:10407000D2E8CF4F0120002CFAD1C2E8440F002C27
:10408000F6D1BFF35F8F00220F4C18685960227081
:10409000C0E88F2F81F31088002400250B4E307864
:1040A000FCF72EFC20B9002400252046294670BDCF
:1040B0003078FCF735FC2046294670BD4FF47A7401
:1040C0000025EBE7C8290020242A0020232A00200D
:1040D000014B1878FCF724BC232A002038B504468D
:1040E00000200D4601F008FBA8B3002001F01AFBE8
:1040F00088B3FDF733FB4FF0FF3E6FF0004C174ADB
:10410000821841F1000396457CEB03013CBF7246E7
:104110006346134808F0F8FDE8B1002001F0ECFA1E
:1041200058B900214FF0FF3000F00EFD6FF002048F
:104130000B4808F0DDFD204638BD002001F0F2FA02
:104140000028EED021462A46002001F0F5FA044668
:104150000028EDD1EAE76FF00204ECE740420F00DF
:10416000042A002008B5FDF7F9FA4FF0FF3E6FF082
:10417000004C0F4A821841F1000396457CEB030185
:104180003CBF724663460B4808F0BEFD70B14FF06D
:10419000FF30002100F0D8FC002001F015FB0028C2
:1041A000F5D1BDE80840034808F0A2BD08BD00BF36
:1041B00040420F00042A00202DE9F84380460F46B4
:1041C000FDF7CCFA4FF0FF356FF00044334A821808
:1041D00041F10003954274EB03013CBF2A4623469C
:1041E0002F4808F091FD08B9BDE8F883002001F0E0
:1041F00083FA002847D0002F40DD0025DFF8A89083
:10420000284E13E02246002001F024FB0021044642
:104210004FF0FF3000F098FC002001F0D5FAFDF7D8
:104220009DFAC9E900012544AF4227DD002001F0D5
:1042300031FB7C1B8442A8BF044608EB0501002C1F
:10424000E0D121464FF0FF3000F07EFC204601F027
:10425000BBFA204601F050FA80B1204601F01AFB6B
:104260000028E1D1FDF77AFAD9F80030D9F8042016
:104270009B1942F1000283428A41D5D20848BDE829
:10428000F84308F035BD00200021074BC3E90001C9
:10429000BDE8F843024808F02BBD00BF40420F00C4
:1042A000042A002020A10700F01D002030B50021C5
:1042B00085B02E4808F02CFDF0B92D4B1A68CAB114
:1042C000EFF3108172B6D2E8CF5F0124002DFAD14E
:1042D000C2E8454F002DF6D1BFF35F8F254C1D6816
:1042E00022785960D3B201222270C5E88F0F81F382
:1042F0001088CBB105B030BD00214FF0FF3000F089
:1043000023FC002001F00EFA0446184808F0F0FCE7
:10431000002CEFD0184B1B68002BEBD0174A10680D
:1043200005B0BDE830401847FDF70EF80446FDF72C
:1043300015FA4FF0FF3C6FF0004510F57A7241F12D
:104340000003944575EB030138BF2B464FF0000185
:104350004FF0010520460A4C38BF6246CDE90115F1
:104360000094FCF7F5FF05B030BD00BF042A002023
:10437000C8290020242A00203025002034250020D0
:10438000614000104FF0504330B585B01C68FCF719
:10439000DBFFFDF7EFF8A04202D0002005B030BDF2
:1043A00000212A4B08461B7801F03CFD2848036891
:1043B000002B47D00120FCF74BFD0346254C264936
:1043C000C0B22370FCF7C8FA20780121FCF782FA0A
:1043D0000E20FCF7B1FA40BB204B0125C3E90000D9
:1043E000FCF7B2FF0446FDF7B9F94FF0FF3E6FF05E
:1043F000004C10F57A7241F1000396457CEB030105
:104400004FF000012046164C3CBF72466346CDE992
:1044100001150094FCF79CFF0028BEDB0121114828
:10442000FFF7BCFC012005B030BD0120FCF70EFAFF
:1044300001460A48FCF768FD00220E200A49FCF7F5
:10444000BBFAEBE7FCF744FDB4E700BFD041011035
:10445000042A0020232A0020AD420010C829002091
:10446000614000105C150020D1400010002001F0D8
:1044700043B900BF0048704730D300100048704770
:10448000DCD2001038B5184B04461A780AB344B988
:1044900040F209424FF44173144D6A8013482B8057
:1044A00038BD052C1DD8124B104D53F8241028464A
:1044B0000023013903E0132B20F8022F0ED011F84E
:1044C000012F0133DBB2002AF5D15B0043F44073C6
:1044D000E4E71121184600F025F8D8E74FF44A73B5
:1044E000DCE7002038BD00BF0C2A00206825002032
:1044F000C4D2001000B545F247308BB0FDF79EFAEC
:1045000001220346092101A89847DDE90332044945
:1045100012BA1BBAC1E900230BB05DF804FB00BF5F
:10452000F8290020012901F1FF3300F0B3805D4933
:104530000A784FEA121C9F2A8CBF0CF1370C0CF141
:10454000300C012B80F800C000F0A78002F00F02B1
:10455000092A8CBF37323032022B427000F09D8026
:104560004A784FEA121C9F2A8CBF0CF1370C0CF1D1
:10457000300C032B80F802C000F08F8002F00F0295
:10458000092A8CBF37323032042BC27000F085808C
:104590008A784FEA121C9F2A8CBF0CF1370C0CF161
:1045A000300C052B80F804C077D002F00F02092AE6
:1045B0008CBF37323032062B42716ED0CA784FEA48
:1045C000121C9F2A8CBF0CF1370C0CF1300C072BFE
:1045D00080F806C061D002F00F02092A8CBF373282
:1045E0003032082BC27158D00A794FEA121C9F2A28
:1045F0008CBF0CF1370C0CF1300C092B80F808C083
:104600004BD002F00F02092A8CBF373230320A2B0E
:10461000427242D04A794FEA121C9F2A8CBF0CF199
:10462000370C0CF1300C0B2B80F80AC035D002F09F
:104630000F02092A8CBF373230320C2BC2722CD0B9
:104640008A794FEA121C9F2A8CBF0CF1370C0CF1AF
:10465000300C0D2B80F80CC01FD002F00F02092A7D
:104660008CBF373230320E2B427316D0CA79110903
:104670009F2A8CBF373130310F2B81730DD002F060
:104680000F02092A94BF30323732102BC27318BF81
:10469000103002D0002303707047184400230370C9
:1046A000704700BFF829002070B500F02DF90C23E9
:1046B0004026194CFF22A3670E201849FCF77CF90D
:1046C00032460021164802F047FD012500238021D3
:1046D0001348144A4184457006830687826043600C
:1046E000136042F8043C80F8213080F83B3043628C
:1046F0000D4B4FF00056C360C362803B836208F0ED
:10470000EBFA4FF480320949094B25642846E664E8
:10471000C4F89010DA6470BD000011509D030020B1
:10472000A4250020840010500001105010D001007A
:104730000020115001210E20FCF7CCB800220248C5
:10474000114600F001B900BFC4250020044B1970C8
:1047500021B14FF40032034BC3F89020704700BFE3
:104760001E2A0020002011500B785B0602D14B78E6
:10477000052B00D070474B88014ADBB213607047AD
:1047800000001150CB782DE9F04103F0030EBEF18B
:10479000010FC3F301005BD0002791F802C0344C35
:1047A0000CF07F025600898806EBDC1304EB431300
:1047B0004FEADC15D876C1F30A0185F0010083F8D1
:1047C00002C019835870DF70D3008DBB29480433B1
:1047D00004EB821C03EB0008CCF808801F5082B366
:1047E000254BD2001344CCF80430244B3F311A68D7
:1047F00021F03F01BEF1020F08BF490011441960CA
:104800001F4B771904EB47179942FA602BD82E44B7
:1048100004EB4613D97E82F0A04282F480125B68DA
:1048200042EA816242F000421A600120BDE8F08154
:10483000104804EB821C0344CCF8283040F8327056
:104840004AB900220F4904EB4513D9605A60ECE7DE
:104850000020BDE8F081D20002F1A04202F58012F2
:10486000CCF82420C1E7FDF735F9FA68CFE700BF9F
:10487000A42500208000105004001050AC29002016
:10488000FF0F10500001105008F026BA8C4608B5F2
:10489000114607481A460CF07F034FEADC1C0CEB6C
:1048A000430C00EB4C1000F04FF8012008BD00BF96
:1048B000A425002011F07F0205D100290CBF0220A1
:1048C0000120064B9866C909054B01EB420003EB3A
:1048D00040104FF40062002108F012BA002011507D
:1048E000A425002011F07F0300D170470022054865
:1048F0005B0003EBD11300EB43106FF40061C27057
:1049000008F0FEB9A42500204FF0805209480A495A
:1049100008B50A4B02600A609968C94311F08051DA
:10492000FAD14FF48052064802F016FC0922054BDA
:104930005A6708BD002002400030024000000240DB
:10494000000010500000115000234FF0010C10B572
:1049500080F81AC08282C3820161044608F0B0F96F
:1049600020B14FF40032074BC3F89020204608F0E6
:10497000C3F910B10123237710BD2046BDE81040D4
:1049800008F0A6B9002011502DE9F04100241D4E79
:10499000054623463278DFF878801B4F0DE03B68F0
:1049A00013EB441324D0DB6828469847327801344F
:1049B000E4B2511CA142234606DBA242A3EB020350
:1049C000EDD808EB4313EEE7542200210F4802F024
:1049D000C3FB4FF0FF330D482022041D4360C4E9A0
:1049E0000133E360FF21BDE8F041143002F0B4BBB5
:1049F0004FF0E023D3F8F03DDB0700D500BEBDE863
:104A0000F08100BF1D2A0020701F002040210020DF
:104A100044D30010704700BF704700BF00207047AC
:104A200000207047704700BF704700BF704700BF4D
:104A3000704700BF024B5878003818BF01207047FC
:104A400040210020024B1878C0F38000704700BF5F
:104A5000402100202DE9F047DFF8E4A09AF800306B
:104A6000FF2B56D10E4600293ED000215422074686
:104A7000294802F071FB0022284C294B20461A706D
:104A8000FCF726FA274B28481C60284CFCF72EFA26
:104A9000204601F0ABFD264A264B146023B1264880
:104AA000FFF7C0FA254B18600024234D23462A78CF
:104AB000DFF89090DFF884800EE0D8F8003013EB38
:104AC000441311D05B687BB198472A780134E4B273
:104AD000511CA142234611DBA242EED89B1A09EBDE
:104AE00043135B68002BEFD14FF0E023D3F8F03D88
:104AF000DB0700D500BE0020BDE8F0873146384610
:104B00008AF80070FFF7D0FD0028EDD03846FFF797
:104B100011FE0120BDE8F08740210020382100204F
:104B20001F2A0020942100208815002074150020E1
:104B300098210020254000101D2A0020701F002011
:104B40009015002044D300102DE9F04FDFF8C892F3
:104B50008BB099F80030FF2B00F0F180A84CA94DE4
:104B6000DFF8B0A2DFF8B4B226687369EFF3108201
:104B700072B6D3E8CF0F01210028FAD1C3E8401F55
:104B80000028F6D1BFF35F8FB261304607A901F06C
:104B900077FB00237269C2E88F3FB36983F3108803
:104BA000002800F0CC809DF81D30013B072B00F25F
:104BB0007D83DFE803F0A7B1959D8E350A04089B3D
:104BC000002BD1D009989847CEE79DF8201001F02E
:104BD0007F0605EB460000EBD11090F8343023F04F
:104BE000010380F8343090F8343023F0040380F867
:104BF0003430002E00F0A680037D9AF80020934206
:104C000080F09380804A126812EB431300F090808A
:104C10009E699DF82120099B9DF81C00B047A3E7E1
:104C20009BF80030002B00F083809BF80030013BA4
:104C3000DBB28BF800309BF8003003F0FF00002B54
:104C400092D1704F9DF81C803B7843F001033B707C
:104C500097F8343060F3000387F8343097F8343035
:104C600060F3820387F8343097F8353060F300033F
:104C700087F8353097F8353060F3820387F83530A0
:104C800000F06CFC9DF8203003F06002602A6CD0CC
:104C9000402A7CD003F01F03012B00F0C180022BBF
:104CA00000F08180002B60D1202A00F0E981002AE9
:104CB0005BD19DF82130092B57D8DFE813F0B00104
:104CC000A2015600C101560095016B01560060011A
:104CD000F4002B78D9077FF547AFFFF7A9FE43E72C
:104CE000EB78DA077FF540AF0898FFF795FE3BE7D2
:104CF0002B78D8077FF538AF2878C0F3C000FFF7CE
:104D000095FE31E79DF81C00FFF73EFE00F01CFC0D
:104D10009DF82030AB7027E79DF81C00FFF734FEAC
:104D200000F012FCFFF780FE1EE7501C984211DADB
:104D30004FF0E023D3F8F03DDC0700D500BE0BB008
:104D4000BDE8F08F099B9DF821209DF81C0000F024
:104D500019FC09E79B1A2D4A02EB431358E7FFF7AA
:104D60008DFB0246002840F082814FF0E023D3F80B
:104D7000F03DDE0700D500BE9DF81C000021FFF7C6
:104D800099FD80219DF81C00FFF794FDECE620487A
:104D900000F0E4FB0121404608AAFFF72FF90028A4
:104DA0007FF4E2AEE8E79DF8241011F0700FDCD13B
:104DB00001F07F0607EB4600164B00EBD1101B7885
:104DC000007D7600019698424FEAD116009659D39D
:104DD0005E1C8642C0F26681C01A0C4B03EB401683
:104DE000002A00F06381706900F0B8FB01214046A1
:104DF000736908AA984700287FF4B6AEBCE700BFE5
:104E00009821002040210020701F002044D3001072
:104E1000FD3F00101D2A0020901500201F2A0020B1
:104E20009DF824300F2BA7D8AE4A3B441B7912784B
:104E3000934232D3511C99429EDBAB4E9B1A06EB38
:104E40004316706900F08AFB01214046736908AA85
:104E5000984700287FF488AE9DF8203013F0600654
:104E60008AD19DF821300A3B012B85D800F076FBD2
:104E70009DF821300A2B00F0F281404608A900F08D
:104E8000F1FA71E6994B1B6803EB4016002A00F01B
:104E90000D81002E3FF470AFA5E7944A166816EB1B
:104EA0004316CED168E77B789DF822609E4200F0E1
:104EB0004F817B78002B40F0BE817E70002E00F089
:104EC0004581701EC0B2FFF7D9FA0346002800F0F2
:104ED0005F814278022A40F05B81C17903F10906C3
:104EE000C1F340121201C1F3801142EA411231466E
:104EF000387820F0300002433A705A88CDF80C80A0
:104F00009A180192019B8B4240F2A4814A780B2AA5
:104F100000F0AF810123042A40F03A810026019A73
:104F20000096521A92B202926E4A049312781DE0D1
:104F30006E4B1B6813EB461800F02A81029AD8F8D2
:104F4000103003980591984708280246059906F104
:104F5000010303D90298904280F0FF80DEB2614BDA
:104F600000961A78531C9E4200F31281009BB242B5
:104F7000A3EB0202DCD85C4B03EB4218DEE77B7844
:104F800040468DF81A300DF11A02012308A900F0ED
:104F900083FAE9E5BDF82200030A013B020AC0B228
:104FA0000E2B3FF6E9AE01A151F823F0C1510010DC
:104FB0005D500010FD510010794D0010794D00102A
:104FC000DF5100105D500010794D0010794D001038
:104FD000794D0010794D0010794D0010794D001079
:104FE000794D0010B351001008A800F0BDFA4046FA
:104FF0009DF82210FFF7A2FB3B7843F002033B70C1
:10500000B2E5BDF82230012B7FF4B6AE3B784046C6
:1050100023F0080308A93B7000F024FAA4E54046F9
:105020003B789A0802F00202C3F340131343ADF831
:105030001A300DF11A02022308A900F02DFA93E5A7
:10504000BDF82230012B7FF497AE3B78404643F009
:10505000080308A93B7000F005FA85E5022A3FF431
:105060007EAEFFF7DDFC024600283FF485AE4046E9
:10507000538808A900F010FA00287FF475AD7BE68C
:105080009DF824300F2B3FF677AE164A3B441B7930
:10509000127893421DD2154A166816EB43167FF418
:1050A000A2AE69E6002A7FF467AE00269DF82120B3
:1050B00002F0FD03012B1BD0002A7FF456AE019BAA
:1050C000009A3B44134493F834304046C3F3400302
:1050D000ADE7511C9942FFF64FAE034E9B1A06EB0B
:1050E000431680E61D2A002044D30010701F0020C4
:1050F000BDF82230B3B9012A99F8000000F086808B
:10510000FFF7D8FB019B009A3B44134493F83420EB
:1051100042F0020283F8342093F8342042F0010276
:1051200083F83420002E3FF41FAD706900F016FAAA
:105130007369012108AA40469847002000F00EFA42
:1051400097F83530DF073FF50FAD96E6FFF76CFCBB
:10515000404608A900F086F906E5049B012B00F003
:105160009E80002B00F08A80002091F8028005E0EC
:105170008CF804605FFA80FC63457FD908EB000C73
:1051800057FA8CFC9CF804E00130BEF1FF0FEFD021
:105190004FF0E023D3F8F03DDA0700D500BE4FF022
:1051A000E023D3F8F03DDB0700D500BE00237B7081
:1051B000E2E5FEF71FFF024600287FF458AFDBE56B
:1051C000FFF758F9024600283FF4CFAD40461223BE
:1051D00008A900F061F900287FF4C6ACCCE5FFF720
:1051E0001DFC024600283FF4C7AD4046137808A9CD
:1051F00000F052F900287FF4B7ACBDE5BDF82410EB
:10520000FFF740F902460028EFD1B5E50293FFF71A
:1052100069FB019A009B3A441A4492F83410029BAD
:1052200063F3410182F8341092F8341063F3000103
:1052300082F8341076E700214046FFF787FA4046AF
:10524000FFF722FBBB7840460093FFF79DFB009BD6
:10525000BB7032E6DDF80C80FFF7E4FB78E74046F0
:10526000012308A90DF11A028DF81A6000F014F953
:105270007AE40A78CB7811444A784CE633461048F1
:105280000492029100F076FE0E4B049A02991B786C
:105290001144009A01339342BFF634AE78E7D8F850
:1052A00010C00948844508BF02235DE74FF0E023A2
:1052B000D3F8F03DDB077FF557AC00BE54E400BFE8
:1052C000542100201D2A0020955900102DE9F84F87
:1052D0000A9F002A40D00C461E4615464FF0000A91
:1052E000DFF87C90DFF87C8018E0204698F8021008
:1052F00099F800B000F00EFEE0B121465846FFF7E5
:1053000041FAF0B1A2780AF1010AD10916BF0B9B4C
:105310003A701A702278AA4514441DD06278052A82
:105320000FD1E17801F00301B1420AD1A27812F065
:10533000700FDAD04FF0E023D3F8F03DDA0700D554
:1053400000BE4FF0E023D3F8F03DDB0702D400208D
:10535000BDE8F88F00BEFAE70120BDE8F88F00BF76
:10536000901500204021002038B58B7813F0700F85
:1053700008D04FF0E023D3F8F03DDB0700D500BEA6
:10538000002038BD074A084B0C46084691781D7826
:1053900000F0C0FD0028ECD021462846BDE838408A
:1053A000FFF7F0B940210020901500200B46064A77
:1053B00006481168DA09343203F07F0302EB430335
:1053C000184400F061BD00BF94210020402100205E
:1053D0000B46064A06481168DA09343203F07F03A7
:1053E00002EB4303184400F079BD00BF9421002074
:1053F0004021002010B5194801F07F0C00EB4C0053
:1054000000EBD11090F834C01CF0010F08D04FF021
:10541000E023D3F8F03DDA0700D500BE002010BD30
:1054200000F1300494F804C00D484CF0010C0078F1
:1054300084F804C0FFF72AFA0028F0D14FF0E021E9
:10544000227960F300022271227960F382022271D4
:10545000D1F8F03DDB07E1D500BEDFE740210020B9
:105460009015002030B50B4C8C46A64605460868C2
:1054700049680023AEE803009CF800102846C943A1
:10548000C4E90233BDE830401A4601F08001FFF75D
:10549000B1BF00BF002100202DE9F041284F4FF09F
:1054A0000008BE468C46064608684968BA60AEE801
:1054B0000300A7F80E801546BCF80620934228BFCB
:1054C0001346BB819AB11C4633B3DDB197F9003066
:1054D000402C28BF4024002B29DB41462346304680
:1054E000184AFFF787FF68B10120BDE8F0819CF8FA
:1054F00000101346C943304601F08001FFF77AFFE0
:105500000028F1D14FF0E023D3F8F03DDB0700D5C0
:1055100000BE0020BDE8F0811A46397801F0800114
:1055200023463046FFF766FF0028DDD1EAE7224632
:105530002946044801F06AFF8021024AF0E700BFD3
:1055400000210020C02000200022034BC3E90022DC
:10555000C3E902221A61704700210020014B186143
:10556000704700BF0021002030B40246044C0025E3
:10557000234600685168C4E9025530BC03C3704734
:105580000021002070B53D4CC90922780646B1EBD8
:10559000D21F1D4682B017D053B14FF0E023D3F88D
:1055A000F03DDB0702D4002002B070BD00BEFAE778
:1055B0002146FFF7D9F823691BB122460321304663
:1055C0009847012002B070BD94F90030002B06DB33
:1055D000A0680028E7D02A46294901F017FFE08992
:1055E000A168E388284480B229448342E081A16015
:1055F00016D03F2D14D9A28994F90040131A9BB2FA
:10560000402B28BF4023002C27DB90424FF00001A5
:1056100031D01B4A3046FFF7EDFE0028D1D1BCE760
:10562000236923B102213046144A984760B121789A
:105630000023C94330461A4601F08001FFF7DAFE25
:105640000028AAD00120BDE701463046FFF732F915
:1056500080213046FFF72EF9B3E7904208D01A4672
:105660000748019301F0D2FE8021054A019BD1E752
:1056700080210022CEE70A46CCE700BF00210020AF
:10568000C02000202DE9F0410446FFF7D3F908B906
:10569000BDE8F081FFF7D6F905460028F8D1C82308
:1056A00004FB03F3124EF718F9780029F0D01033F9
:1056B0001E44304600F0D2FD3F28E9D92846F9784B
:1056C000FFF774FE0028E3D0304600F0C7FD3F2806
:1056D000F97808D9074A284602EBC4124023BDE8EE
:1056E000F041FFF787BE2846BDE8F041FFF770BEE6
:1056F000F81F0020741F002010B50446FFF79AF928
:1057000008B9002010BDFFF79DF90028F9D1C82283
:10571000034B02FB0433187900F0010010BD00BFF9
:10572000F81F0020C82208B5024B02FB003000F031
:105730007BFD08BD082000202DE9F8434FF6FF73DC
:10574000C8249A4228BF1A4600FB04F4DFF874808C
:1057500004F110054544064692B2284600F0DAFDF1
:105760000746FFF767F910B93846BDE8F883FFF739
:1057700069F981460028F7D1A04498F80330002B3E
:10578000F2D0284600F06AFD3F28EDD9484698F847
:105790000310FFF70BFE0028E6D0284600F05EFD60
:1057A0003F2898F8031007D9054A4846402302EBE2
:1057B000C612FFF71FFED7E74846FFF709FED3E7FB
:1057C000741F0020F81F00202DE9F0410446FFF768
:1057D00031F910B90020BDE8F081FFF733F9054633
:1057E0000028F7D1C82604FB06F6DFF8648006F12E
:1057F00024074744384600F017FD0028EAD0B0449B
:10580000284698F80210FFF7D1FD0028E2D00F4E8D
:10581000384606EBC4163146402200F07BFD98F86E
:105820000210044668B1034632462846FFF7E2FDFF
:1058300050B94FF0E023D3F8F03DDB07CAD500BEE6
:10584000C8E7FFF7C5FDC5E72046C4E7B41F002041
:10585000F81F002038B54FF6FF75C823AA4228BFAD
:105860002A460B4C92B203FB00440546204600F04A
:105870000FFE034620461C4600F0D6FC3F2801D808
:10588000204638BD2846FFF79FFF204638BD00BFA1
:105890001C200020C82208B5024B02FB003000F09B
:1058A000DDFC08BD1C200020F0B5002483B0C82218
:1058B0000021174801F050FCFF234FF4E13108228A
:1058C0001448047012480094074643718160827343
:1058D00000F1380101234022103000F075FC012353
:1058E000402207F17801009307F1B80607F1240080
:1058F00000F06AFC07F1C0053046FBF7E9FA2846DC
:10590000FBF7E6FAC7E90746C7E90C5403B0F0BD58
:10591000F81F0020F41F00200A4A116B136A61B1BE
:105920003BB10023C2E90C33D36100231362012091
:1059300070470120C2E90C337047002BF7D0D161CA
:10594000F3E700BFF81F0020002210B50E4C0F48EF
:10595000237802600271DA0707D59B070BD5BDE8F3
:10596000104001210A4800F05DBE103000F03EFEFC
:1059700023789B07F3D4064800F038FEBDE81040BA
:105980000121034800F04EBEF41F0020F81F002044
:105990001C200020F0B54B7983B0022B02D18B790B
:1059A000022B03D00025284603B0F0BD274FBB785B
:1059B0003BB14FF0E023D3F8F03DDB07F2D500BE5A
:1059C000F0E78B7806463B700B78CC186178242979
:1059D00008BF092507D036E023781C4461782B44A2
:1059E00024299DB207D1AA42F6D20020FFF74AFE31
:1059F000284603B0F0BD0B46052916D0042BF4D180
:105A000063790A2BF1D1124B27780193013300936C
:105A1000022330461A46E119FFF758FC0028C8D087
:105A20000E3517FA85F5ADB2DFE721463046FFF7B0
:105A30009BFC0028BDD0A3787B7023785A191C44A6
:105A4000637895B2DAE70B460925D5E7F81F002001
:105A5000FA1F0020137803F06003202B08D170B5E3
:105A6000264C938894F800C09C4503D0002070BD5C
:105A7000002070475378203B032BF7D8DFE803F072
:105A800027230D0201292ED003291ED11C4BE3B17F
:105A900000205188AFF3008017E0012923D00329AB
:105AA00013D15588174805F0010686F001012571CC
:105AB00000F0B8FD144B43B131460020C5F340025D
:105AC000AFF3008001E0012911D0012070BD012950
:105AD0000DD00329F9D10D4B002BF6D000200C4935
:105AE000FEF7A8FAF1E71146FFF7BCFCEDE7114617
:105AF0000723074AFFF7D0FCE7E700BFF81F0020A5
:105B0000000000001C2000200000000035400010B4
:105B1000002000202DE9F843354E0C46F278074668
:105B20008A421D463DD0B3788B4212D04FF0E0231D
:105B3000D3F8F03DDB0732D40020BDE8F8832D4BCD
:105B400023B12D4800F080FB00284DD00020FFF746
:105B500099FDB378A34201D00120EEE7274B13B1A2
:105B60000020AFF300800020FFF72EFE0028F3D1C5
:105B7000234800F059FB0028EED1002DECD015F0A1
:105B80003F05E9D13846B178FFF710FC0028E3D093
:105B90002B462A463846B178FFF72CFCDCE700BEDE
:105BA000CAE79AB2174906F1100000F071FC164BD3
:105BB000002BC4D07379FF2BC1D0002DBFD0DFF8EC
:105BC000448008EB050902E0C845B8D0737918F89D
:105BD000012B9A42F8D1084800F036FB0028F3D197
:105BE0007179AFF30080EFE7AFF30080AEE700BF5D
:105BF000F81F002000000000082000200000000026
:105C00001C200020741F002000000000F0B54FF49D
:105C1000137285B00021124801F09EFA402600233D
:105C20004FF480750E4F0F4C07F5A6721946CDE95B
:105C30000246009201951A4607F5947000F0C6F9E5
:105C40000023384607F12801344400910122194607
:105C5000CDE902460195043000F0B8F905B0F0BD79
:105C6000DC2200205C22002008B5054800F0DAF9AB
:105C7000034BA3F5927000F0D5F9012008BD00BFD9
:105C80000424002038B50025064C04F598702570D2
:105C900000F0ACFC04F10C0000F0A8FC84F82951E1
:105CA000657138BDDC2200202DE9F8434B79FF2BCC
:105CB00051D1354E96F82931002B4CD196F80580FC
:105CC000B8F1000F47D18B780C7833700B790F4601
:105CD0000C44ABB38146A51803E0A54230D9237824
:105CE0001C446378052BF8D1AC4229D221464846A2
:105CF000FFF73AFB40B3A378DB092FD1234800F02C
:105D000075FCA37896F8282186F82931A38848469F
:105D1000C3F30A03A3F50073B3FA83F35B0963F3D8
:105D200041021B4986F8282100F0EAF960B1237886
:105D30003A7908F101081C445FFA88F39A42D0D8F6
:105D4000E11B88B2BDE8F8834FF0E023D3F8F03DC3
:105D5000DB0700D500BE0020BDE8F8830D4800F049
:105D600045FCA37832797371A3880B49C3F30A0306
:105D7000A3F50073B3FA83F35B0963F341020020D8
:105D8000327100F085F9D2E7DC2200200C240020DB
:105D900004240020E8220020E022002070B51B4CE3
:105DA000064694F829C11D468C4511D063798B4273
:105DB00001D0002070BD164B1BB10020A9B2AFF37B
:105DC00000803046134900F063F9C8B1012070BD6E
:105DD000B4F8343163B9104B23B100200F49AAB293
:105DE000AFF3008030460E4900F08AF90120EEE75B
:105DF000D4F82C11AAB204F5987000F049FBEAE738
:105E00002A463046034900F00FF9DFE7DC22002084
:105E100000000000E0220020000000005C220020C2
:105E20000424002010B582B0C9B101280CD80B7829
:105E300053B1144C012B235402D0012002B010BDE9
:105E4000FEF708FE0028F8D14FF0E023D3F8F03D2C
:105E5000DB0702D4002002B010BD00BEFAE7012427
:105E6000084601A9ADF80440FEF7F4FD38B94FF03B
:105E7000E023D3F8F03DDA07EDD500BEEBE7014BA8
:105E80001C70E8E734210020F8B5037813F0010412
:105E90001AD1037805465A07C3F3800701D5204677
:105EA000F8BD0E464FF0FF31304606F00DFF2B785F
:105EB00013F001040BD12B785B0709D42B78012454
:105EC00043F004032B7003E000242046F8BD3C4659
:105ED000304606F00DFF2046F8BD00BF70B50C46F9
:105EE00005464FF0FF31204606F0EEFE2B78C3F357
:105EF00080065B0708D52B7813F0010311BF00263D
:105F00002A7863F382022A70204606F0F1FE3046BA
:105F100070BD00BFC378828803F003000228C2F37B
:105F20000A0215D003280AD001281CD1022940F208
:105F3000FF3308BF4FF4806393420DD370470229AB
:105F400014BF40234FF48063934205D30120704770
:105F500002290AD0402AF9D94FF0E023D3F8F03DC6
:105F6000DB0700D500BE00207047B2F5007FEDD002
:105F7000F2E700BF0A44914226D291F801C0BCF179
:105F8000050F05D091F800C061448A42F5D87047EA
:105F900000B591F802C00CF07F0E00EB4E0E4FEAF8
:105FA000DC1C0EF80C3091F800C061448A4209D91B
:105FB00091F801C0BCF1050FEBD091F800C061442D
:105FC0008A42F5D85DF804FB704700BF2DE9F04127
:105FD0008E4682B0009390F800C0089EBDF82470F1
:105FE0006EF3000C04461546012331463A4600F88C
:105FF00008CBBDF82C8000F0E7F806B13FB90120CE
:106000000A9BA4F80280636002B0BDE8F08104F14D
:106010001C063046FAF75CFF0DB135460026C4E990
:106020000556ECE701207047F8B50746084640F2F0
:10603000FF13154610F8082B0C4612F0020F0CBF88
:106040003F261E4600F0F0F828B925B12E4202D1B5
:106050002378DA0701D50020F8BD38466178FFF7CC
:10606000A5F90028F7D0237813F0010307D04FF0EB
:10607000E023D3F8F03DDB07EDD500BEEBE71A4691
:1060800038466178FFF7B6F90028F0D0F8BD00BFB8
:1060900070B501F10805064628460C4600F0C4F824
:1060A00010B12378DA0701D5002070BD3046617841
:1060B000FFF77CF90028F7D028466288616800F075
:1060C00029F92378054603F0010340B173B14FF07D
:1060D000E023D3F8F03DDB07E6D500BEE4E7002B74
:1060E000E2D130466178FFF773F9DDE70346626875
:1060F00030466178FFF77EF90028E8D0284670BD69
:106100008A892DE9F0410B780C46064622B9DD0755
:1061100034D50020BDE8F08104F10807990738461E
:1061200047BF4FF47E484FF400754FF6C0784025C6
:1061300000F094F88542ECD82378DA07E9D43046A9
:106140006178FFF733F90028E3D0384600F086F88D
:106150002378854203F001032DD8BBB9658808EA8E
:106160000008454528BF454661785DB362682B4607
:106170003046FFF73FF948B12846CBE74978FFF7AB
:1061800015F90028C5D02378D80707D54FF0E023AC
:10619000D3F8F03DDB07BCD500BEBAE76388617871
:1061A0003BB162683046FFF725F90028EED06088E1
:1061B000B0E71A46F6E7002BABD130466178FFF71F
:1061C00007F9A6E72A46D2E72DE9F041B2F5004FDC
:1061D0009DF8188024D80446C06817460E461D4610
:1061E00018B14FF0FF3106F06FFD206918B14FF084
:1061F000FF3106F069FD0022C5F30E03E06843EAB3
:10620000C83362812660A780E380228108B106F04E
:106210006FFD206908B106F06BFD0120BDE8F0813B
:106220000020BDE8F08100BF038942899BB292B291
:106230008088934236BFC2EB40029B1A9B189BB2E8
:10624000984228BF184670470289438990B29BB292
:10625000C01AB0FA80F04009704700BF0389428934
:106260009BB2808892B2934236BFC2EB40029B1A27
:106270009B189BB2984286BFC01A80B2002070471C
:1062800038B5044600690D4618B14FF0FF3106F0ED
:106290001BFD2189638989B29BB2A288994236BFCE
:1062A000C3EB4200C81A401880B250B3824209D2F0
:1062B00091422CBF891A89188BB29A42638103D804
:1062C0009B1A9BB29A42FBD9E2882168C2F30E0264
:1062D00002FB0311284601F099F86189012589B272
:1062E0004B1C9BB29942A2880ED9002302FA05F1F9
:1062F0005B1A9BB22069638108B106F0F9FC28465D
:1063000038BD054663899BB2B3EB420F4FEA4201A9
:10631000F0DBEDE72DE9F047064600698846914637
:1063200018B14FF0FF3106F0CFFC338974899BB26E
:10633000A4B2B588A34236BFC4EB45071F1BFF18A4
:10634000BFB2002F4AD0BD4240D3B94528BFB9469D
:10635000A5421FFA89F703D8641BA4B2A542FBD952
:10636000B6F806A02B1B31689BB2CAF30E029F42FF
:10637000924602FB041123D913FB02F31FFA83F99F
:106380004A4640467D1B01F041F8621912FB0AF2B1
:10639000316808EB090092B201F038F87289B588CB
:1063A00092B2D3199BB29A421AD96A009B1A9BB235
:1063B0003069738108B106F09BFC3846BDE8F08770
:1063C000404607FB02F201F021F8E7E7AB422CBFA1
:1063D0005B1B5B199CB22F467481B6E773899BB235
:1063E000B3EB450F4FEA4502E2DBDFE7F8B50446C1
:1063F000C0680E4618B14FF0FF3106F065FC2589E4
:10640000238961899BB289B2A2888B4236BFC1EBD6
:1064100042015B1A5B189BB29A42ADB208D8E77989
:10642000FF0905D1E06808B106F062FC3846F8BD06
:10643000954228BF2B4618D39B1A9BB29342FBD29E
:10644000E2882068C2F30E0202FB0300314600F02E
:10645000DDFF6B1C9BB29D42A28812D90023510024
:106460005B1A9BB201272381DCE7E2882068C2F334
:106470000E0205FB0200314600F0C8FF0135A2887C
:10648000ABB2B3EB420F4FEA4201EBDBE8E700BFF0
:106490002DE9F04F174683B0002A75D00646C06834
:1064A000894618B14FF0FF3106F00EFCF379B6F8CB
:1064B00008807289DB09B5881FFA88F892B23CD14E
:1064C000904536BFC2EB4502A8EB0202424492B2AD
:1064D000AA425ED2AA1A92B2BA4228BF3A46B6F887
:1064E00006B097B27B1B08EB070ACBF30E0B9BB2EF
:1064F0001FFA8AFAA845444603D3641BA4B2AC42EF
:10650000FBD22D1B3068ADB2BD420BFB040057D34C
:1065100049460BFB07F200F079FFB288D0454FEAFD
:10652000420302D8BAEB420F03DBAAEB03031FFAC4
:1065300083FA3D46A6F808A02CE0B6F806B0AF42B4
:10654000CBF30E0B2FD2904536BFC2EB4501A8EB23
:106550000201414489B2680039447B1B81429BB2ED
:106560000DDB02EB050A1FFA8AFAAAEB07081FFAED
:1065700088F8424537D9A8EB00001FFA80F807EBEE
:10658000080A1FFA8AFAB5E71546284603B0BDE89F
:10659000F08F0025F0680028F7D006F0A9FB284608
:1065A00003B0BDE8F08F002DF4D07F1B02EB050A8D
:1065B0000BFB079990462F4600231FFA8AFA99E7AA
:1065C00015FB0BF5ADB22A464946019300F01EFFBC
:1065D000019B3068E21812FB0BF209EB050192B245
:1065E00000F014FF99E7404584DCC4E710B5044689
:1065F000C06818B14FF0FF3106F066FB206918B192
:106600004FF0FF3106F060FB0023E06863812381D7
:1066100008B106F06DFB206908B106F069FB0120A6
:1066200010BD00BF38B50446C0680D4618B14FF024
:10663000FF3106F049FB206918B14FF0FF3106F039
:1066400043FBE379E06865F3C713E37108B106F033
:106650004FFB206908B106F04BFB012038BD00BF9D
:10666000012307480749084A03600B609368D9076C
:10667000FCD50123054A13601368DB05FCD5704780
:1066800000200240003002400000024000000A40AA
:1066900038B5A1FB021434BB00F042F8054630B314
:1066A00050F8042C22F00302043A242A0CD8132AAE
:1066B0000FD91B2AC0E9004412D9242AC0E9024498
:1066C00018D000F1100205E0214600F045FD2846F3
:1066D00038BD024600232846C2E90033936038BD26
:1066E00000F10802F6E700F097FD0C230360002597
:1066F000284638BD00F11802C0E90444EAE700BFAB
:10670000024B0146186800F00BB800BFA819002022
:10671000024B0146186800F079BF00BFA81900209D
:1067200001F10B03162B2DE9F04F074683B023D858
:10673000102900F2AF8000F0AFFA102518230220D4
:10674000BA4E33445C68A3F10802944200F05681CB
:106750006368384623F00303D4E902122344CA6075
:1067600091605A68083442F001025A6000F09AFAC7
:10677000204603B0BDE8F08F002B23F00705C0F2E0
:106780008980A94200F2868000F086FAB5F5FC7F88
:10679000C0F07B826B0A00F08480042B00F26281DF
:1067A000AB0903F1390003F1380EC3009F4E3344A7
:1067B000A3F1080C5C68A44507D10DE0002AE1684C
:1067C00080F216818C450C4606D0636823F00303E3
:1067D0005A1B0F2AF2DD7046DFF86882346944459F
:1067E00000F0F280636823F0030CACEB05030F2B81
:1067F00000F37481002BC6E9048880F26381BCF544
:10680000007FD6F804E080F0FF804FEADC0301222D
:106810004FEA5C1C013302FA0CF256F833104EEAD0
:10682000020E06EBC302083AC6F804E0C4E90212FD
:1068300046F83340CC6083104FF0010C0CFA03FC97
:10684000F44534D81CEA0E0F07D120F003004FEABC
:106850004C0C04301CEA0E0FF9D006EBC00A81463E
:10686000D646DEF80C300BE05A681C46DB6822F096
:106870000302511B0F2900F30181002980F21581C9
:106880009E45F1D109F101090EF1080E19F0030F2F
:10689000E7D158E10C233B600024204603B0BDE85B
:1068A000F08F4FF4007340204FF03F0E7EE7B46846
:1068B000636823F00309A945A9EB050302D30F2B55
:1068C00000F385805A4B08201B6803F1100804EB85
:1068D0000903009300F0A6FC564AA84483461368B7
:1068E000013305D008F1FF384342804403EA080829
:1068F0004146384600F07EFCB0F1FF3F82464D4AEB
:1069000000F0078104EB0903834200F200814A4B47
:106910000BF1FF3C18684044186000F06481116876
:10692000013100F06C8104EB0902AAEB020202447F
:106930001A601AF00702CDE9002300F02781C2F1A6
:106940000802384692445A44D04408EA0C01521ACC
:1069500002EA0C0B594600F04DFC421C019B00F072
:106960006A81A0EB0A0000EB0B08186848F00102EE
:10697000B442C6F808A05844CAF80420186017D0DA
:10698000B9F10F0F40F23E816168A9F10C024FF09E
:10699000050C22F0070201F0010111430F2A61608A
:1069A00004EB0201C1E901CC00F24D81DAF80420C8
:1069B000224B54461968814238BF1860204B196831
:1069C000814238BF1860A6E0D6F804E033E76219C8
:1069D00045F0010543F00103083444F8045C3846EF
:1069E000B260536000F05EF9204603B0BDE8F08F5E
:1069F000A26823443846D1608A60B2E6DC68A342CC
:106A00007FF4A6AE0230E7E6BCF5206F4FEA5C22C9
:106A100076D3142A00F2CD8002F15C035B32DB00F6
:106A2000F118F3580839994211D1A5E0A0150020BA
:106A3000301E002094150020001E0020281E00207B
:106A40002C1E0020A81500209B68994204D05A688B
:106A500022F003026245F7D8D968C4E902318C609C
:106A6000DC60E8E6142B63D9542B00F2AB802B0BCF
:106A700003F16F0003F16E0EC30097E6D4F808C06F
:106A80003846671945F001056560CCF80C30C3F84D
:106A900008C041F00103C6E90477C7E902887B60BA
:106AA000A150083400F0FEF8F7E622443846516859
:106AB00041F00101516054F8082FD3609A6000F052
:106AC000F1F8EAE6A44438460834DCF8043043F030
:106AD0000103CCF8043000F0E5F8DEE6621943F07B
:106AE000010145F0010538466560C6E90422C2E9A6
:106AF0000288516044F80C30083400F0D3F8CCE63A
:106B00004FEA9C1202F139033832DB0088E7B442C5
:106B100062D0B468626822F00308A845A8EB0503B8
:106B200002D30F2B3FF753AF384600F0BBF8B3E664
:106B300003F15C0003F15B0EC30037E65AF8083935
:106B4000534540F0A08010F0030F00F1FF30F5D165
:106B5000736823EA0C0373604FEA4C0C0CF1FF32AC
:106B60009A4204D3A3E64FEA4C0C09F104091CEA4B
:106B7000030FF8D0484670E692104FF0010C0CFA63
:106B800002F24EEA020EC6F804E066E70AEB0802DB
:106B9000384602EA0C02ABEB020B0BEA0C0B59462F
:106BA00000F028FB431C019B7FF4DBAEDDF800B056
:106BB000DBE6542A2AD84FEA1C3202F16F036E3208
:106BC000DB002DE7B3F5AA7F2AD8EB0B03F17800A1
:106BD00003F1770EC300E9E52E4B0BF1FF3C18687B
:106BE000404418609BE61AEA0C0F7FF498AEC84444
:106BF000D6F808A048F00102CAF80420D8E6C2F886
:106C000000A096E60123CAF804308DE7B2F5AA7F0A
:106C100024D84FEADC3202F178037732DB00FFE65A
:106C200040F25452934224D8AB0C03F17D0003F19F
:106C30007C0EC300BAE5009A4FF0000B083A90446E
:106C4000A8EB0A0891E6384604F10801009300F029
:106C5000DDFC009BD6F808A01868A7E640F2545364
:106C60009A420CD84FEA9C4202F17D037C32DB0051
:106C7000D6E64FF47E737F204FF07E0E96E54FF4FC
:106C80007E737E22CCE6736866E7E80805F10803A8
:106C900056E500BF001E0020014800F0B3BB00BF56
:106CA000F81D0020014800F0AFBB00BFF81D002018
:106CB000024B0A460146186800F002B8A8190020E5
:106CC0002DE9F04F164683B0002900F09E800C4657
:106CD00006F10B058046FFF7DFFF54F8040C162D74
:106CE000A4F1080920F0030762D8102200231546FA
:106CF000B542C0F0A280002B40F09F80974261DA3D
:106D0000DFF82CB309EB0701DBF80830D1F804C039
:106D10008B4200F09A802CF001030B445B68DB0788
:106D200068D42CF0030C07EB0C03934245DAC3073D
:106D300012D454F8083CA9EB030ADAF8043023F023
:106D4000030084440CEB070B5A4540F3018107EB29
:106D5000000B5A4540F3D78031464046FFF7E0FC30
:106D60000646002800F02C8154F8043CA0F10802EB
:106D700023F001034B44934200F0B4803A1F242ACD
:106D800000F2E280132A00F2B38003462246116823
:106D900019605168596092689A602146404600F037
:106DA00035FC4046FFF77EFF304603B0BDE8F08F6C
:106DB00025F007052A46EB0F9AE71F46D1E9022383
:106DC000D3609A60781BD9F8043009EB07020F28CA
:106DD00003F001031FD83B43C9F80430536843F064
:106DE0000103536026464046FFF75CFF304603B080
:106DF000BDE8F08FC307AFD454F8083CA9EB030AF1
:106E0000DAF8043023F00300A1E7114603B0BDE82F
:106E1000F04FFFF785BC2B4309EB050140F0010063
:106E2000C9F80430083141F8040C4046536843F077
:106E30000103536000F0EAFBD4E70C23C8F80030EC
:106E40000026304603B0BDE8F08F2CF0030C05F1AE
:106E500010010CEB07038B4280F29280C0073FF5D4
:106E60007BAF54F8083CA9EB030ADAF8043023F0AE
:106E7000030084440CEB070399423FF768AF3A1FC5
:106E80005646DAF80C1056F8080F242AC1608860BC
:106E900000F2B080132A40F2AB8021681B2ACAF8A6
:106EA00008106168CAF80C1000F2AB8008340AF1CF
:106EB00010022168116061685160A16891605B1BDC
:106EC0000AEB0502404643F00103CBF8082053606B
:106ED000DAF8043003F001032B43CAF80430FFF75B
:106EE000E1FE83E750F8043C23F003031F4469E705
:106EF00023681B2A03606368436036D804F10802E4
:106F000000F1080343E73A1F5646DAF80C30242A0A
:106F100056F8081FCB60996022D8132A1ED923681F
:106F20001B2ACAF808306368CAF80C303CD8083409
:106F30000AF1100322681A6062685A60A2689A60B7
:106F400034465F46D1463DE7214600F087F824E706
:106F5000D1E902133A1FCB609960D5E73346E9E7E0
:106F60002146304600F07AF8EAE7A368242A8360D5
:106F7000E368C36028D004F1100200F1100306E7B3
:106F80005B1B09EB05024046264643F00103CBF8A4
:106F90000820536054F8043C03F001032B4344F8E9
:106FA000043CFFF77FFE21E7A368242ACAF81030CB
:106FB000E368CAF8143010D010340AF11803B9E7A6
:106FC0004046FFF76FFE3BE7236904F118020361B7
:106FD0006369436100F11803D9E623691834CAF8DC
:106FE000183054F8043CCAF81C300AF12003A1E719
:106FF00032465EE721463046019300F02FF8019BB0
:107000005DE7A168242ACAF81010E168CAF81410D4
:1070100003D010340AF118024BE722691834CAF879
:10702000182054F8042CCAF81C200AF1200240E76A
:10703000A01500200FB4084900B583B0086804AB60
:10704000416853F8042B019302F0E0F803B05DF8B7
:1070500004EB04B0704700BFA819002088420DD986
:107060008B1883420AD900EB020C5AB3624613F81C
:1070700001CD994202F801CDF9D170470F2A0DD800
:1070800002F1FF3CF2B10CF1010C431E8C4411F8EB
:10709000012B614503F8012FF9D1704740EA010344
:1070A0009B07F0B50C460ED002F1FF3C03460CF1F5
:1070B000010C013B8C4411F8012B614503F8012FB1
:1070C000F9D1F0BD7047A2F1100501F1200E01F1D8
:1070D000100300F1100C25F00F05AE4453F8106CAE
:1070E00010330CF1100C4CF8206C53F81C6C4CF85D
:1070F0001C6C53F8186C73454CF8186C53F8146CEE
:107100004CF8146CEAD101EB050C12F00C0F05449D
:107110000CF1100105F1100302F00F050E4618D016
:10712000043DA0EB040E25F00304A4440CF1140C60
:107130000F6801EB0E0504312F606145F8D104346E
:1071400002F00302A119234402F1FF3C002AAED150
:10715000F0BD2A46F8E700BF830730B546D0841853
:10716000844604E003F8011B9D0704D09C46A44517
:107170006346F7D130BD013A0244A2EB0C02032A68
:1071800029D9CCB20F2A04EB042404EB04442FD9F0
:10719000A2F1100C03F110052CF00F0CAC44C3E964
:1071A0000044C3E9024410336345F8D112F00C0FD8
:1071B00002F00F0E18D02EF0030CAEF104051A46A3
:1071C0009C4442F8044B6245FBD125F00304043390
:1071D0000EF003022344002ACCD0C9B21A4403F8AB
:1071E000011B9342FBD130BD7246F4E70346C6E76C
:1071F0009646E0E738B50022064D044608462A6068
:10720000FCF716FC431C00D038BD2B68002BFBD0CC
:10721000236038BD98250020014B1868704700BFD7
:10722000A8190020082802D14FF48050704708B5F3
:10723000FFF7F2FF162203464FF0FF301A6008BD39
:1072400080EA010C1CF0030F37D110F0030C20F082
:10725000030021F0030150F8042B08BF51F8043B50
:107260000ED08CF0030C6FF07F434FEACC0C23FA66
:107270000CFC51F8043B42EA0C0243EA0C0300BF49
:10728000A2F1013C9A4201BF2CEA020C1CF0803FA3
:1072900050F8042B51F8043BF2D04FEA02604FEA59
:1072A0001222012828BFB0EB036F08BF1B0AF4D0DD
:1072B00003F0FF03000EC01A704710F0030F0AD04E
:1072C00010F8012B11F8013B012A28BF9A42F4D093
:1072D000A2EB030070474DF8045D50F8042B01F059
:1072E000030521F0030151F8043B022D26D04DD8AF
:1072F00022F07F45B5EB132FA2F1013C2CEA020CE2
:107300000DD11CF0803C08BF51F8043B0AD185EA3E
:107310000205B5EB036F0CD150F8042BE8E74FEAF8
:1073200013235BE03CF07F4C54D10B784FEA12659D
:1073300054E04FEA126503F0FF034FE04FEA0245C5
:10734000A2F1013C4FEA15452CEA020CB5EB134FB4
:1073500018D11CF0803C08BF51F8043B07D185EAE6
:107360000205B5EB034F09D150F8042BE6E75FEABD
:107370000C4C2FD10B884FEA12452FE04FEA034304
:107380004FEA12454FEA134328E000BF02F0FF0521
:10739000B5EB136FA2F1013C2CEA020C0DD11CF0ED
:1073A000803C08BF51F8043B0AD185EA0205B5EBE1
:1073B000032F0AD150F8042BE8E74FEA13630DE0DE
:1073C00012F0FF0F06D051F8043B4FEA122523F0CC
:1073D0007F4303E04FF0000020BC704705F0FF0240
:1073E00003F0FF00012828BF904204BF2D0A1B0AAA
:1073F000F4D0A2EB000020BC704700BF704700BF74
:10740000704700BF704700BF704700BF844641EA25
:10741000000313F0030349D1403A23D30B68036000
:107420004B6843608B688360CB68C3600B69036102
:107430004B6943618B698361CB69C3610B6A0362EA
:107440004B6A43628B6A8362CB6AC3620B6B0363D2
:107450004B6B43638B6B8363CB6BC36340304031B7
:10746000403ADBD230320BD30B6803604B68436089
:107470008B688360CB68C36010301031103AF3D250
:107480000C3205D351F8043B40F8043B043AF9D2DE
:10749000043208D0D2071CBF11F8013B00F8013BB1
:1074A00001D30B8803806046704700BF082A13D3BE
:1074B0008B07B1D010F00303AED0C3F10403D21A8E
:1074C000DB071CBF11F8013B00F8013BA4D331F8E6
:1074D000023B20F8023B9FE7043AD9D3013A11F866
:1074E000013B00F8013BF9D20B7803704B784370F5
:1074F0008B7883706046704720F0030110F0030022
:10750000C0F1000051F8043B00F1040C4FEACC0C30
:107510006FF000021CBF22FA0CF213434FF0010C73
:107520004CEA0C2C4CEA0C4CA3EB0C0222EA0302B2
:1075300012EACC1204BF51F8043B0430F4D0C2F17B
:10754000000102EA0102B2FA82F2C2F11F0200EB6C
:10755000D20070472DE9F8430646DFF8AC800820DA
:107560008946FFF75FFE05463046FFF795FBD8F8E2
:1075700008305F6827F00307A7F11104A4EB0904A2
:107580002C44B4FBF5F4013C05FB04F4A54208DCF3
:1075900000213046FFF72EFED8F808303B449842D1
:1075A00005D03046FFF77EFB0020BDE8F88361423E
:1075B0003046FFF71FFE01300FD03F1B104AD8F8AE
:1075C0000830304647F001075F6013681B1B1360EB
:1075D000FFF768FB0120BDE8F88300213046FFF784
:1075E00009FED8F80820831A0F2BDADD43F00103D7
:1075F00003495360034B1B68C01A0860D1E700BF02
:10760000001E002094150020A015002000295AD04B
:10761000F8B50C460746FFF73FFB734D54F804CC12
:10762000A4F10802A8682CF001030CF0010ED11897
:107630004E68884226F003067CD088194E60406868
:1076400000F00100BEF1000F2ED154F8084C05F1F6
:10765000080C121B23449468644560D0D2F80CE0F7
:10766000C4F80CE0CEF8084000287DD043F00100BB
:1076700050600B60B3F5007F2ED25809D908012362
:10768000834068680131034355F831006B6005EBB6
:10769000C103083BC2E9020345F83120C260384605
:1076A000BDE8F840FFF7FEBA70B9334405F1080CA5
:1076B000886843F0010460456ED0C968C160886085
:1076C0005460D350D6E770474CF00101B3F5007F0A
:1076D00044F8041CD350D0D3B3F5206F4FEA5321A4
:1076E00044D2990901F1390001F13804C100681848
:1076F00069580838884203D155E08968884204D027
:107700004C6824F003049C42F7D8C868C2E9021010
:1077100082603846CA60BDE8F840FFF7C3BA80BB54
:107720001E44D1E90213CB60996046F00103536017
:107730009651B4E71E44BEF1000F07D154F8083C3F
:10774000D21A1E44D2E90213CB60996046F00103BD
:107750005360264BAA601B68B342A0D8244B38461E
:107760001968FFF7F7FE9AE73344A1E714290DD90A
:1077700054291FD8190B01F16F0001F16E04C100EB
:10778000B5E743F0010050600B6088E701F15C0051
:1077900001F15B04C100AAE7C5E90422C2E902CCF9
:1077A0005460D3507BE7A4100123A3406C682343AB
:1077B0006B60ABE7B1F5AA7F06D8D90B01F1780071
:1077C00001F17704C10092E740F25450814206D89B
:1077D000990C01F17D0001F17C04C10087E74FF4B1
:1077E0007E717E2483E700BFA0150020981500203D
:1077F000301E00202DE9F04FADF5377D90468A46CA
:1078000002AFB1F90C20FB624B6EB864DE0740F1A9
:107810006481950400F15D8242F4005223F4005328
:10782000AAF80C20CAF864300822002107F1580099
:10783000FFF792FC4FF0000EC7F84C80F346C7F8F4
:107840003CE0C7F820E0C7F834E0C7F840E0C7F8EC
:1078500024E0AF4BD3F8E44003F08EFB07F158026D
:10786000034607F154010092FA6CB86CA047002857
:10787000C0F21281FB6C02460344FB647B6D002B5B
:1078800038D0012800F01881252B4BD00028E0D0FB
:10789000FB6C9E1ADAF804303044751E1A46441EFA
:1078A000002A15DDDAF80030691C6A78187801338F
:1078B00090421FD1DAF804208C42CAF8003002F15D
:1078C000FF32CAF8042000F00381002A0D46E9DCEB
:1078D0005146B86C02F084FE0028E3D03A6C002ACE
:1078E00001F02682BAF80C3013F0400F18BF4FF0A9
:1078F000FF323A64DAF86430DD0740F1FF80FB6B59
:1079000043B1FB6B18683B6C013300F0498108B14F
:10791000FAF7CEFC386C07F53577BD46BDE8F08F39
:10792000012002460024FD6CA1462978A1F125031F
:107930006E1C552BDED80FF2080C5CF823F000BF4C
:1079400045820010F5780010F5780010F5780010E9
:10795000F5780010C97D0010F5780010F57800105A
:10796000F5780010F5780010F57800104F7C0010C5
:107970004F7C00104F7C00104F7C00104F7C00109B
:107980004F7C00104F7C00104F7C00104F7C00108B
:107990004F7C0010F5780010F5780010F578001095
:1079A000F5780010F5780010F5780010F5780010E3
:1079B000697C0010F5780010DD800010D97D001082
:1079C000697C0010697C0010697C0010F57800105B
:1079D000F5780010F5780010F5780010017C0010A3
:1079E000F5780010F5780010F57D0010F57800109E
:1079F000F5780010F5780010117E0010F578001071
:107A0000F5780010F5780010F5780010DB7C001098
:107A1000F5780010F5780010317E0010F578001030
:107A2000F5780010F5780010F5780010F578001062
:107A3000697C0010F57800102B7D0010BD7D0010D2
:107A4000697C0010697C0010697C0010798000104E
:107A50000F800010017C0010F578001043800010AA
:107A6000B78000108F80001029800010598000100E
:107A7000F5780010F5780010F77C0010F57B001009
:107A8000057D0010F5780010F5780010DB7C001003
:107A9000F5780010F57B00104FF6FD7308220021E9
:107AA00007F158007B65FFF757FBFB6C0133FB6464
:107AB0007B6D002B3FF41EAF164AD25C140700F119
:107AC000A780252B3FF42CAFFB6C01205E1EE1E666
:107AD00002355D44A5EB060BBBE690057AD5910413
:107AE0007FF59AAE9B047FF59FAEBAF80C309905EE
:107AF00041F1D9814FF0FF333B640BE7BAF80C300A
:107B00009C053FF5FCAEDAF85800FFF77DFCF6E681
:107B1000FC1A0020F9D30010B9F1000F04F0100393
:107B200008BF4FF0FF3914F00106BB6341F0E2815A
:107B3000BB6B002B41F04382FB6A14F0800453F8C6
:107B4000048BFB6201F0C180B8F1000F3FF4D2AEAC
:107B50002020FAF789FB0646002801F0E980FB6B3C
:107B6000C8F80000DA889C88A242C1F013834FF65F
:107B7000F673FA649C4208D80834FB6BA1001868BD
:107B8000FAF784FB002841F02983DAF86430DA0739
:107B900004D4BAF80C309B0541F19F81FB6B186847
:107BA000FB6BDE887EB10024051F8146A04655F898
:107BB000043F01341868FAF77BFB2B68B442C3F822
:107BC0000080F4D148464FF0FF333B6400287FF437
:107BD0009FAE9FE6886DFFF715FCBAF90C20DAF826
:107BE000643096047FF518AE9D047FF51DAED8076E
:107BF00080D47AE723077FF47DAE6978354695E631
:107C000021077FF477AE697844F0020435468DE6AB
:107C1000DAF80420BC6C11E0DAF8003081491A78F7
:107C200001338A5C10077FF514AEDAF804200BF1FB
:107C3000010BCAF80030013ACAF80420002AEBDC34
:107C40005146204602F0CCFC0028E5D001E614F0B5
:107C50008F0F7FF44FAE09EB890901EB4909697871
:107C60003546A9F1300961E6DAF804303E630426AE
:107C7000002B53DDDAF800206A4D1378EB5C18070F
:107C80001FD5D7F8488005E0CAF800201378EB5CD0
:107C9000190716D5DAF804300BF1010B0132013B5C
:107CA000002BCAF80430EFDC5146404602F098FC45
:107CB00000287FF413AEDAF800201378EB5C190784
:107CC000E8D4033E012E3FF627AFDFE816F0D602D8
:107CD00087039C047FF5A8AD0CE7DAF8043044F480
:107CE00000743E63002B40F3BF814F4B03267B6241
:107CF00010237B63BEE7DAF804303E630226002BD4
:107D0000B8DC0BE0DAF804303E63002B464B7B62B4
:107D10004FF00A034FF003067B63ABDC5146B86CAF
:107D200002F05EFC0028A5D0D8E5DAF804303E6306
:107D3000002B41F34D804D46012D38BF012514F035
:107D4000010340F06487E60600F1C586FB6A200661
:107D500053F8046BFB6240F17186002E3FF4CAAD0C
:107D60002846FAF781FA0446002800F0E187FB6B09
:107D70003060B3F806809A88904580F0758718685F
:107D8000FB6B214640F8286008F101080122A3F8A6
:107D900006802B46CDF800A0B86C02F095FF044693
:107DA00000283FF49BAD854205D901463068FAF7BB
:107DB0006DFA00B13060A34400F0EFBDDAF8043092
:107DC0003E63002B194BA2E759EA04097FF492ADF8
:107DD000697810243546A9E5DAF8043044F0010446
:107DE0003E63002B40F3EB87104B03267B620A2394
:107DF0007B633FE7DAF8043044F001043E63002B74
:107E000040F3CB87084B03267B6208237B6331E773
:107E1000DAF804303E63002B40F3B68744F00104E7
:107E2000022627E7F9D30010C1A500107DA4001099
:107E3000314607F1700002F04FFCDAF80430F864C4
:107E4000002B40F39887B9F1000F04F0100308BF2E
:107E50004FF0FF3914F00105BB6200F01985002BCB
:107E600040F03086FB6A210653F8042B3A61FB622E
:107E700040F17987002A3FF43DAD8020FAF7F4F90C
:107E80000646002800F054873B691860FB6BDC88CD
:107E90009D88AC4280F09C8618683B690122FE6197
:107EA00040F824300134FB6BDC802023C7E9052334
:107EB000C7F838B00024CB4607F5B8783D6AB1461C
:107EC00003F05AF8A0423FF409AD032D07F1600614
:107ED000DAE9003213F8011B02F1FF32CAF8003070
:107EE00004F10103CAF8042008F804107B6402D1ED
:107EF0003368042B04D0082200213046FFF72CF908
:107F0000009642467B6C4946B86C03F0B7FA431CB6
:107F100005463FF4E3AC002840F0A6810346C9F8CB
:107F200000000822002107F168003B63FFF714F905
:107F30003B6B07F15001B86C1A46654BD3F8E03043
:107F40001C4607F16803A04701280CBF97F8503082
:107F5000002307F17002D35C002B00F04287BB6B5B
:107F6000032D7A6C1344BB6324D0BB6A0BF1FF3B37
:107F7000BBB909F10409F869BE69A9EB0004B6EBC5
:107F8000A40F0ED87B6963B1F100FAF77FF9F861AD
:107F9000002800F0CD86720000EB0409BA613A694E
:107FA0001060DAF80430002B0EDDBBF1000F11D0A9
:107FB000002485E73368042BD7D1BB6A002BD8D0C7
:107FC000DAF80430002BF3DC5146B86C02F008FB01
:107FD0000028EAD0D7F838B04E463D62BB6A002B85
:107FE0007FF437AC3360FB69BA69F11A8B10013347
:107FF0009A4208D97B6933B13C6904312068FAF7A9
:1080000045F900B120603B6C01333B6421E4DAF8B0
:1080100004303E630326002B2E4B7B624FF000039F
:108020007B633FF727AE79E6DAF804303E63032638
:10803000002B294B7B624FF008037B633FF71AAE9E
:108040006CE621077FF456AC69786C2900F0D38583
:1080500044F00104354669E4DAF8043044F4087465
:108060003E63002B3FF741AE5146B86C02F0B8FAC0
:1080700000283FF43AAE31E423077FF43BAC697843
:10808000682900F0BE8544F0040435464EE4E1065C
:108090003E6300F1D380FA6A52F8043BFA62220789
:1080A00000F1DE85660740F1C986A3F800B03B6B9E
:1080B000FB64FFF7CEBB14F08F037FF41BACF96BAE
:1080C000002900F0FB85697844F0800435462DE4F2
:1080D000FC1A00207DA40010C1A50010DAF80430BD
:1080E00044F041043E63002B40F360864D46012D71
:1080F00038BF012514F01003FB6440F00C85FB6AC7
:1081000053F8042BFB622306FA6140F12486002A0F
:108110003FF4F0AB8020FAF7A7F80646002800F0FD
:108120000786FB691860FB6BDC88B3F80480444564
:1081300080F0FC841868FB69B14640F824300134B3
:10814000FB6BDC800123BB6220237B64C7F8389083
:10815000002407F5B878D7F8209002F00DFFA04270
:108160003FF4BCABB9F1030FDAE9002112F8010BBF
:1081700001F1FF3108F8040004F10104CAF8041009
:10818000CAF8002002D1BB6E042B05D008220021C2
:1081900007F16800FEF7E0FF07F168034246314649
:1081A00000932346B86C03F069F9B0F1FF3F8146B4
:1081B0003FF494AB002848D1FB6CA344013DB3B914
:1081C0003360B86B7B6C341AB3EBA40F0ED8BA6A69
:1081D00062B1D900FAF75AF8B863002800F0A88510
:1081E0007B6C06195B007B64FB6918600436DAF867
:1081F0000420002A09DD75B10024AEE7FB6C002BDA
:10820000DFD0DAF80420002AF6DC5146B86C02F020
:10821000E7F90028EFD0C7F82090D7F83890A6EB00
:1082200009017B6CB3EBA10F03D9BB6A002B40F0B3
:108230003685FB6C13B93B6C01333B643B6BFB64D1
:10824000FFF707BBFE64FFF721BB10F1020F00F040
:10825000FA820328A34402D1BA6E042ACED0FB6C62
:10826000013D002BADD0C2E7841C00F00183D9F89A
:108270000030581C7FF455AE6BE609F1FF33B3F5BF
:10828000AE7F40F2FD826FF4AE7209EB020840F25D
:108290005D1907F5B87300225646C7F84C8044F4C0
:1082A00058641D46D7F834809246BB623268107815
:1082B000A0F12B034D2B61D8DFE813F077026000AB
:1082C000770260006000A202A301A301A301A30141
:1082D000A301A301A3017D027D0260006000600094
:1082E00060006000600060004E004E004E004E00D6
:1082F0004E004E00600060006000600060006000A2
:10830000600060006000600060006000600060006D
:108310006000600060008502600060006000600036
:1083200060006000600060004E004E004E004E0095
:108330004E004E0060006000600060006000600061
:10834000600060006000600060006000600060002D
:108350006000600060008502B8F10A0F0EDD24F4B1
:10836000386405F8010B7368013B002B736040F320
:10837000628201323260B9F1010997D1E105D1463B
:10838000C7F83480B24607D5BB6A9D4200F26483C9
:10839000BB6A9D423FF4AEAA14F0100216D17B6B6B
:1083A0002A70B96AB86C7E6AB047FB6AA20603F10C
:1083B000040800F10E83230740F12D84FB6A1B683B
:1083C00018703B6CC7F82C8001333B64BB6AED1A14
:1083D0003B6B4D44FB64AB44FFF73BBAB86C02F017
:1083E000D1FD0368FB6109F1FF33B3F5AE7F40F2C5
:1083F000EC826FF4AE7009EB000340F25D19FB6094
:10840000002607F5B87344F4F0647E641D46BE632D
:10841000BE61FE64BB62C7E904664E46DAF800102E
:108420000A78A2F12B034E2B50D8DFE813F0B801E5
:108430004F00B8014F004F00D9019E009E009E00E2
:108440009E009E009E009E009E009E004F004F00DA
:108450004F004F004F004F004F0047019C009C0011
:108460009C004401AA014F004F0055014F004F00EE
:108470004F004F0025014F000A014F004F004F00F1
:1084800003014F004F004F00F0003D014F004F002F
:108490004F004F004F004F004F0047019C009C00D1
:1084A0009C004401AA014F004F0055014F004F00AE
:1084B0004F004F0025014F000A014F004F004F00B1
:1084C00003014F004F004F00F0003D01A00569D5AA
:1084D000F8690378934265D181464FF00008C7E9F7
:1084E00001655646A24606E0316099F8000091F811
:1084F00000E086451CD119F8010F45465C46013164
:1085000008F101080BF1010B002800F04D827068A2
:10851000013800287060E7DC3146B86C02F060F882
:1085200030B9316899F8000091F800E08645E2D052
:10853000FB692A46FC6054469844B246BD68994699
:10854000FE6CD7F848B0FC644446904614F8011D10
:108550005246584602F026FBA145F7D1FB68FC6C59
:10856000A3EB080B1FE023051CD57B6CF96C5B1893
:1085700018D124F4C074FB647B6405F8012B013E20
:10858000DAF804300BF1010B013B002BCAF8043080
:1085900040F34681DAF800300133CAF80030002E8B
:1085A0007FF43CAFFE6C7B6CBA6B013B002A00F0A1
:1085B000A480012B24F4807440F25284731E062B95
:1085C00040F2CA8214F010037FF438AE2B7004F42A
:1085D000C063B3F5806F40F0B280BB69BA6B934261
:1085E00000F0B1809A1A7D6107F2C323796999423C
:1085F00002D307F2C2237B617869A349FBF7B0F984
:10860000A1E0A24B24F4386433F91880A9E604F4FD
:108610001863B3F5807FC5D1BB6B012BC2D130236A
:1086200024F48074013E05F8013B002344F4006407
:10863000BB63A2E7FB6C062B40F00B840723FB64B3
:108640009BE72305AED504F4A063B3F5806F05D096
:108650006105A7D5BB6B002B00F01384A30504D4E0
:10866000BB6BB9695B1AC7E9043524F4786400234D
:1086700044F4C074BB6380E77B6C002B40F07C81CA
:10868000BB6B002B40F0788104F4E063B3F5E06F3E
:1086900000F0C783FB6C012B01D0042B82D1FB6C53
:1086A0000133DBB2FB6468E7FB6C072B40F0D1833E
:1086B0000823FB6461E72005C5D556E7230504D5EB
:1086C0007B6CF96C5B183FF454AF7B6C012B7FF42F
:1086D00069AF02237B6450E7FB6C002B40F05381B1
:1086E000BB6B002B40F04F8104F4E063B3F5E06F07
:1086F00000F08F8300267B6C013B012B40F2B0839E
:10870000731E062B40F25C820023BB63E1057FF5FC
:1087100059AF620500F1B78315F8011C01F0DF03C2
:10872000452B40F0A1816E1E0BF1FF3B5246B86C09
:1087300002F038FA14F010037FF480AD33703B6917
:10874000002B40F0FA82B96A0022B86C01F0ACFD4F
:10875000FB6A8046894653F8045BFB62E30700F13D
:108760001A81A60700F1178102460B46F9F7B6FBFE
:10877000002840F09E8240464946F9F759FB2860A0
:108780000BE1210504D57B6CF96C5B183FF4F1AE6D
:10879000FB6C022B40F05D830323FB64EDE62006B7
:1087A0007FF500AF24F08004E7E623067FF5E6AD11
:1087B00024F08004D5E5354B33F91880B8F1080F63
:1087C0003FF7CDADDAE504F4C063B3F5007F7FF485
:1087D000D5AD24F400744FF0100844F4A064C0E553
:1087E000E1057FF5C2AEBB6B24F080040133BB63AF
:1087F000FB68002B3FF4C3AEFB68013BFB60BFE6A8
:1088000023057FF5AEADB8F1000F03D144F4007439
:108810004FF00808610540F1F58024F4B064A0E54C
:108820005146B86C01F0DCFE00287FF4BBAE002E90
:108830007FF4F4ADB6E63146B86C01F0D1FE002805
:108840003FF499AD9AE5DAF80420002A3FF785ACA9
:108850005146B86C01F0C4FE00283FF47EACC7F866
:108860002090D7F83890002C3FF4D9ACFFF736B8F9
:10887000DAF80430002B40F3D0807C6CFFF720BB8B
:108880004FF0000805E500BFBCCF001084D30010F6
:10889000BB6A002B40F0F280FB6A14F0800453F8AE
:1088A000042BFB6200F053827A64002A3FF422A872
:1088B0002020F9F7D9FC0546002800F03982FB6B2F
:1088C0007A6CDC889E881060B44280F065811868FC
:1088D000FB6B202640F824200134DC80DAF800000D
:1088E00007F170030178595C00293FF403A8131EB7
:1088F000C7F838B02C46B34618BF01237A641E4629
:108900003B6307E0DAF8000007F170020378D35CFC
:10891000002B61D0DAF80430411C013BCAE9001396
:10892000037805F8013BA5EB0408D8450ED3204693
:1089300066B14FEA4B0B5946F9F7A8FC04460028EC
:1089400000F0F6817B6C00EB08051860B9F10109B5
:1089500042D0DAF80430002BD4DC5146B86C01F078
:108960003FFE0028CED0A5425E467A6CD7F838B0DC
:108970003EF4B4AF2C1B36E07B6C022B7FF48AAE46
:1089800003237B64F9E5FB6C032B3FF488AE052BD6
:108990003FF485AE06E6C5E900893B6C01333B64D4
:1089A0003B6BFB64FEF755BFBD684246F969A346C1
:1089B00028465446B2467E6802F0A8FABB6B24F4FF
:1089C0002074013E0546BB61DAE50023FB6017E534
:1089D000FB6A1B681860F4E42C1B5E467A6CD7F8BF
:1089E00038B03EF487AF00212970611C8E4203D954
:1089F0003B6B002B40F02981A3443B6C01333B646B
:108A0000FEF727BFFB6C24F460741BB1013B09F136
:108A10000109FB640AF1010AA5E45146B86C01F0B2
:108A2000DFFD00283FF429AF7B6C4E46D7F838B005
:108A30003D62002B3FF4D2AAFEF750BFCDF800A054
:108A40002B4631460122B86C02F03EF9044600285C
:108A50003EF444AFA344A0E715F8011C3246B86CBD
:108A6000013D02F09FF893E45246B86C02F09AF888
:108A7000ABF1020BAE1E15F8021C57E6DAF8002027
:108A800007F170011378CB5C002B3EF433AFBC6C64
:108A900005E0137807F17001CB5C002B43D0DAF8C6
:108AA000043001350132013B4D45CAE900233AD07B
:108AB000002BEEDC5146204601F092FD98BBDAF81F
:108AC0000020E6E7002307F154067B613B61C7E91C
:108AD0000633FFF7EDB91C46BE6C0AE0CAF8001079
:108AE000304651461C44ED1A01F07AFD002840F052
:108AF000A081DAE900239D4202EB0301EEDC5B1B5F
:108B00002A442C44CAF80430CAF800203B6BA34422
:108B1000FB64FEF79EBE00231E469946BB627B6443
:108B2000FB61FFF713BBAB44FEF793BE4FF6F67342
:108B3000984500F2FD8008F10808FB6B4FEA8801B8
:108B40001868F9F7A3FB002800F0F280FB6BA3F88C
:108B500004801860FFF7EFBA022E40F2AA81032EBC
:108B60003FF430AD331FFC64D7F848902C46DBB29D
:108B7000DE4398462E4414F8011D5246484602F042
:108B800011F8B442F7D143460BF1FF3B013DFC6CB9
:108B9000ABEB080BED1AB9E54FF6F6737A649E421B
:108BA0003EF6F3AF0836FB6BB1001868F9F76EFBC1
:108BB00000283EF4EAAFFB6B7A6C9E80186087E673
:108BC000022E40F276810023032EBB63CAD19DE5BD
:108BD0004FF6F6739D4200F2AB800835FB6BA9009F
:108BE0001868F9F753FB002800F0A280FB6B9D800A
:108BF0001860FFF752B9A97844F002040235FEF775
:108C000095BEA97844F008040235FEF78FBE44F003
:108C10004004FFF76FBA66073CD414F001027FF4FA
:108C2000D7AEA4077FF5D4AEB04B796AB86C994241
:108C30007B6BB96A00F04D8102F042FB0B46FA6A89
:108C40001168C1E90003FFF7BCBB10687A64F9F74B
:108C50001DFB00283FF4D0AE7A6CA3441060CCE634
:108C600083F800B0FFF7EABA4FF6F6739A423EF681
:108C70008CAF02F10809FB6B4FEA89011868F9F71C
:108C800005FB00283EF481AFFB6BA3F8049018604D
:108C9000FFF776B8FB6A1B681880FFF792BBFC6988
:108CA0002068F9F7F3FA00283FF4C3AA2060FFF721
:108CB000C0BA8F4802F02AFC28606EE682B0CDE987
:108CC000023302ABFB63FFF7FEB94646A446A0465B
:108CD000FC64DAF800000378EB5C1A0700F101820B
:108CE000C7F844B03146CB463446C146E046DAF8D0
:108CF00004200E46FB6C013ACAF80420421CCAF854
:108D00000020027806F8012B321B9A42BA63C0F0A9
:108D100000822046B8F1000F00F0FB815B0019468D
:108D2000FB64F9F7B3FABA6B0446002840F0EE8111
:108D30004FF0FF333B64FEF7DDBD79690A23002263
:108D4000B86C013101F09AFB3B69C21A4CE415463C
:108D500026462246C2E5FB6CFE699946BB627B64EF
:108D6000FB61FFF7F3B9BB6A3E69FB613B61C7E991
:108D70000533FFF79DB85146B86C01F031FC00286F
:108D80003FF461A8FEF7AABD5146B86C01F028FC7B
:108D900000283FF443A8FEF7A1BD5146B86C01F08E
:108DA0001FFC00283FF42EA8FEF798BD5146B86C72
:108DB00001F016FC00283FF499A9FEF78FBD51463B
:108DC000B86C01F00DFC00283FF40EA8FEF786BD3C
:108DD0005146B86C01F004FC00283EF4ACAFFEF73D
:108DE0007DBD7B6C4E46D7F838B03D62002B3FF41A
:108DF000F5A808EB03041D46D7F84880013D52460C
:108E000014F8011D404601F0CDFE002DF6D1FFF70C
:108E1000E5B8012324F4F064FB640023BB63FFF78F
:108E2000ACBB012324F4F0647B640023BB63FFF735
:108E3000A4BB002C7FF46AAEFEF750BDE5070BD44F
:108E4000A40709D54FEAEB72C3F800B05A60FFF7E8
:108E5000F5B91E46FFF7A7BBC3F800B0FFF7EEB9A0
:108E6000BA6A95427EF646AD2C46BE6ABD6C14F8D1
:108E7000011D5246284601F095FEB442F7D1FEF797
:108E800039BDFE6C37E4BE6AB5427EF633AD2C4682
:108E9000BD6C14F8011D5246284601F083FEB44211
:108EA000F7D1FEF727BDDAF85800FEF7ADFAFEF766
:108EB00021BEBA6A95427EF61DAD2C46BD6A14F8F5
:108EC000011D5246B86C01F06DFEAC42F7D1FEF7C1
:108ED00011BD02F0BBFA0B46B1E6DAF85800FEF716
:108EE00093FA4FF0FF333B64FEF70BBDC1A50010B2
:108EF000B4CD0010002B55D1FB6A210653F8048B2A
:108F0000FB6256D5B8F1000F3EF4F4AC8020F9F7BF
:108F1000ABF9064600283FF40BAFFB6BC8F8000026
:108F2000DA889C88A2426CD34FF6F673FA649C42AE
:108F30003FF6FEAE0834FB6BA1001868F9F7A6F9FE
:108F400000283FF4F5AEFB6BFA6C9C801860531C54
:108F500040F82280B646FA6B4FF0200CD380DAF846
:108F600000301B78EB5C13F008034CD0BB6B002B7C
:108F70007FF464A9A6EB0E0133608B1001339C458E
:108F80007FF659A9B8F1000F3FF455A90431D8F87C
:108F90000000F9F77BF900283FF44DA9C8F800005C
:108FA000FFF749B94FF0000C07F15406E646E046DA
:108FB000D5E74646D7F83880C446C646CFE7DAF844
:108FC00000301A78AA5C10073FF538A9DAF80420B7
:108FD00001360133013A4E45CAE9003205D0002A74
:108FE00006DD1A78AA5C1107F0D5B344FFF726B95D
:108FF0005146B86C01F0F4FA0028F6D1DAF80030E6
:10900000EFE71868A3E71C46B8F10003C7F82890FB
:10901000E14618BF0123C7F84480A0467446FB61AF
:1090200001F0AAFF40453EF459ACDAE9003213F8EA
:10903000011B013ACAF8003008F10103CAF8042004
:1090400007F5B872FB643B6A02F8081007F168087C
:10905000032B03D1D8F80030042B04D008220021C0
:109060004046FEF779F8CDF8008007F5B872FB6C42
:109070003146B86C02F002FA421C38623EF42EAC63
:10908000002864D1306002F023FA002840F08D807F
:10909000FB6C9B44BB6A013BBB62BB6B4BB90436A8
:1090A000A6EB0408B9EBA80F03D8FA69002A40F030
:1090B0009A804FF00008DAF80430002B5BDDDAF814
:1090C00000301B78EB5CC3F3C00383F00103DB07C4
:1090D00002D5BB6A002BA3D1D7F84480A646CC4664
:1090E00044E7012100233370FB6C8B427FF655ACC3
:1090F000BCF1000F3FF451ACD8F80000F9F7C6F806
:1091000000283FF44AACC8F8000046E48618C9F8C5
:109110000000BBF1010B0BD0DAF80420002A0FDDB0
:10912000DAF8000031460278AA5C13077FF5DFAD5C
:10913000331BD7F844B0C446C8469B44591CD1E7FA
:109140005146B86C01F04CFA0028E9D0F0E73B6AD0
:1091500002330DD0306802F0BBF930BBFB6C9B448E
:109160003B6A032B96D1D8F80030042B92D194E7B8
:10917000D7F84C809FE75146B86C01F031FA0028CF
:109180009DD0A6464446CC46D7F84480002C7EF4B9
:10919000A5ABEBE61868531C40F82280FA6B4FF041
:1091A000010CD3802023FB6493E5A646CC4607F54B
:1091B000B873FA6CD7F84480F1469C186546FB6C8E
:1091C000524614F8011D013BB86CFB6401F0EAFC47
:1091D000FB6C002BF3D1CE46AC46C7E6FB6BFA6CBA
:1091E0009C801860D7E720464FEAC901F9F74EF88E
:1091F000044600283FF49CAD7A6C00EB08064FEA69
:109200004909D7F83880106055E700BF30B50446EB
:1092100085B008B1456B2DB1204605B0BDE83040A2
:10922000FEF7E8BACDE90223019101F057FC01995C
:109230002046DDE9022305B0BDE83040FEF7DABA8A
:109240002DE9F04F0E46A1B000218346079200227F
:109250001C910021CDE90412324690461B9212F86F
:1092600001ABBAF12D0F5FD801A151F82AF000BF70
:10927000B393001029930010299300102993001034
:1092800029930010299300102993001029930010AE
:10929000299300105B9200105B9200105B9200100B
:1092A0005B9200105B92001029930010299300102C
:1092B000299300102993001029930010299300107E
:1092C000299300102993001029930010299300106E
:1092D000299300102993001029930010299300105E
:1092E000299300102993001029930010299300104E
:1092F0005B9200102993001029930010299300100D
:10930000299300102993001029930010299300102D
:10931000299300102993001029930010D396001070
:1093200029930010ED96001000220892BAF1300F38
:1093300000F0A48000230993AAF13003092B00F266
:10934000F783002740463D463C460130082C07EB9A
:10935000870204F1010405EB85011B9090F800A041
:10936000CCBF03EB420703EB4105AAF13003092B05
:10937000EBD90122A74901F08FFD814628BB1B993B
:109380000B4601311B915B78A3F1300CBCF1090F46
:1093900040F21E8123F02003A646452B40F0A98110
:1093A0004FF0010A0A900A9B2343099A134340F0A5
:1093B0004281079B4FF000084FF0000903B11E6087
:1093C0004046494621B0BDE8F08F2AF02003452BE6
:1093D00000F02C814FF00009A646CDF83090CDF872
:1093E000389026467446102E2846B246A8BF4FF045
:1093F000100AF8F73DFD092E02460B46CDE904237D
:1094000017DD854B03EBCA0353E91223F8F79CFCE5
:1094100002460B463846CDE90423F8F729FD0246FB
:109420000B46DDE90401F8F767FC0F2ECDE90401D6
:109430003BDC0C9B002B00F0AD830C9B40F3B28215
:10944000162B40F3DF84C6F125030C9A93422CDBE4
:10945000C6F10F05704C04EBC501DDE90423D1E929
:109460000001F8F771FC0C9B5D1B04EBC504D4E90B
:109470000023F8F769FC8046894699E098F80120B6
:1094800002F0DF02582A00F0D283434601331B93D7
:1094900093F800A0BAF1300FF8D09846BAF1000F57
:1094A00000F082800123099346E7A6EB0A0A0C9B91
:1094B0009A44BAF1000F40F327812AF00F071AF0FF
:1094C0000F0A40F02384B7F59A7F00F3A984102F88
:1094D0004FEA271A00F0EB85DFF84CE14FF0000C63
:1094E000CDE90945774664467546DDE904231AF05F
:1094F000010F1046194607D0D7E90023F8F724FCDE
:109500004FF0010C02460B464FEA6A0A0134083755
:10951000BAF1010FEBD12146AE46099C0A9DBCF180
:10952000000F01D0CDE90423059B0EEBC10EA3F182
:1095300054730593DDE90423DEE90001F8F704FC28
:10954000364B0A460B40CDE9040135498B4200F207
:109550006784A1F580118B4240F225854FF0FF32E0
:10956000304BCDE90423D1E01B98431C1B93417879
:10957000302940F0A184831C1A461B9301331178D3
:109580003029F9D0121A531E0A93A1F13103082B86
:1095900040F2E28221F02001452900F0A483DDE9B8
:1095A000092313433FF405AF4FF000084FF00009C3
:1095B000079A0AB11B9B1360089B002B3FF400AF76
:1095C00009F1004340469946494621B0BDE8F08F75
:1095D000A6460A900A9A08466146531CBCF1000F41
:1095E00000F08984012B994400F02D86224404E088
:1095F0004FEA4A05A24200F02786082C05EB850AAF
:1096000004F10104F4DD07EB8703102CD8BF5F00E1
:10961000F0E700BFFCCD0010E04001100000F07F3B
:109620000000A07CFFFFEF7FB84001100023A6469A
:1096300099469A460A931B9E731C1B9373782B2B97
:1096400000F06A822D2B41D101230C93B31C1B9394
:10965000B378A3F1300CBCF1090F00F21E82302B5D
:109660001B9940F0C08201311B910B78302BFAD04E
:10967000A3F13100082840F2B48200220E92002C9F
:1096800038D1DDE909210A438ED1BAF1000F7FF408
:1096900090AE692B00F04F8300F34883492B00F014
:1096A0004A834E2B7FF485AEB7491BA802F094FB8A
:1096B00000283FF47EAE1B9B1B78282B00F098847B
:1096C000B24801F01DFF8046894671E700220C92E6
:1096D000BFE70022089208F101021B9298F801A04E
:1096E000BAF1000F3FF465AE90461FE601220892E2
:1096F000F1E70E900E9BA3EB09030C93BEF1000F54
:109700007FF46FAE26466EE640F0348300230D935F
:109710003346224641465846009502F013FD159007
:10972000002800F07D830E9B0021A9EB03090C9B10
:109730008A460991002B23EAE373B4BF4A4600220C
:1097400014930E920D9A531AB2FA82FC18BF012399
:109750004FEA5C1C1693CDF85CC0D1E0D21A1F2AE8
:10976000A4EB020400F39D81012300279340129390
:10977000254434440D9BA6421D443346A8BF2346CE
:10978000AB42A8BF2B46002B02DDE41AED1AF61AF5
:109790000E9B002B00F32881002C00F33D810C9BD5
:1097A000002B00F37081002D00F36181002E08DD95
:1097B00051463246584602F0C9FE8246002800F063
:1097C0005F814A461C99584602F054FF09900028D0
:1097D00000F05681099A0023D168D3600F91514659
:1097E00002F026FF0028C0F22B84059E00F08E8335
:1097F0005146099803F0DAF800224FF080430446FE
:109800000D46F8F7A3FB002800F0DE800F9B002B2D
:1098100040F05381049B002B40F05482C6F31303A5
:10982000002B40F07C810022594B20462946F8F756
:1098300079FB002840F061830022564B20462946E0
:10984000F8F782FA0A460146109002F10043CDE98A
:1098500012121193504F514B37409F42DDE9104592
:1098600000F03281B7F1D46F21D8169BFBB144A32D
:10987000D3E90023DDE91201F8F768FBA0B1DDE9C7
:109880001201F8F719FB012838BF0120F8F7F0FAA8
:109890000F9BCDE91201002B40F0338201F1004310
:1098A00018901993DDE9184505F1D663DD1BDDE954
:1098B0000A0102F097FF02460B4620462946F8F7B8
:1098C00043FADDE90A23F8F717FA0C46CDE904015B
:1098D000314B2340BB4203D1179B002B40F05D81ED
:1098E0001C99584602F0D2FB4946584602F0CEFB7E
:1098F0005146584602F0CAFB0999584602F0C6FB89
:10990000159C5846616802F09BFB8146002800F0D8
:10991000B780226904F10C010C3002329200FDF78D
:1099200075FD1EAB584601931DAB9DED047B009366
:1099300053EC172B8DED0A7B02F0DAFF02461C90E8
:10994000002873D00121584602F0BEFC8246002850
:1099500000F096801D9B002BC0F285800E9A149D0E
:109960009E180D9A1E9C9B1A0D4A2344C4F136047E
:10997000013B9342FFF6F2AE012300271293F7E674
:109980000000C0FFFFFFDF41D0CF0010B4CD0010BA
:109990000000F03F0000E03F0000F07F0000E07FAB
:1099A00002FCFFFF1633FFF680AD0E9BA9EB030907
:1099B000B34B03EBC903DDE90401D3E90023F8F756
:1099C000E9F980468946F3E5AE4B20462946002258
:1099D000F8F7BAF90F9BCDE91201002B68D101F11C
:1099E00000431090119335E751461A46584602F04D
:1099F0004DFD1C9A8246C8B10146584602F092FCC1
:109A00001C9A0F9090B11146584602F03FFB0F9BF5
:109A1000002C1C937FF7C3AE22461C99584602F0D7
:109A200095FD02461C9000287FF4B9AE4F461146C2
:109A300022234FF00008DFF85492CBF8003058464C
:109A400002F024FB3946584602F020FB51465846A6
:109A500002F01CFB1599584602F018FB099958466C
:109A600002F014FBA4E5149A0E9ED51A79E7494634
:109A70002A46584602F06AFD814600287FF496AED9
:109A80004F461C99D4E74946149A584602F0FEFC0A
:109A9000814600287FF487AEF2E700221B960E92E3
:109AA000EDE5794AD21A012303FA02F712935FE631
:109AB0009DED127B8DED107BCCE69FED6B7B8DEDEC
:109AC000107B8DED127BC5E6A6F154736F4E0593A6
:109AD000DDE904452046294602F084FEDDE9102335
:109AE000F8F732F92B462246F8F706F9684B0E4094
:109AF0009E42CDE9040140F2008103F15473DDE997
:109B00000A01994202D1B0F1FF3FB9D04FF0FF33C3
:109B1000604CCDE90434E3E600230C9396E59FED19
:109B2000547B8DED107B9FED507B8DED127B91E68C
:109B300001225949404601F0AFF9864600283FF41A
:109B400013AD2AF020025346452A00F0B981099A44
:109B5000002A3FF49EAD27E50A9B3039DDF86C8082
:109B6000012403F10109002340461F46CD180023BC
:109B70000A93411C1B914378A3F1300CBCF1090FEF
:109B80007FF628AD23F020014FF0010A45297FF42C
:109B900074AD08E4DDE904890AE5DDE91256C4F391
:109BA000130728463146F8F70FFBF8F707FA024685
:109BB0000B4628463146F8F7B3F8049D0F9E04463D
:109BC0002E430D4637436BD12BA3D3E90023F8F77F
:109BD000A9F900283FF484AE4F46DDE904891C99B9
:109BE0002DE7A3F1300C481C1B904B78A3F13002F9
:109BF000092A00F2B78001300CEB8C0C1B9003EBB0
:109C00004C0C0378ACF1300CA3F13002092AF2D9E4
:109C1000401A082840F3A68044F61F620E920C9A60
:109C2000002A3FF42CAD0E9A52420E9227E5029381
:109C30001BA9089B5846194A01931CAB00931DAB06
:109C400001F0C6FD10F00F0504463FF4ADAC062D43
:109C500040F0EE8008F1010300224FF000084FF0C1
:109C6000000908921B93A3E4000000000000F03FED
:109C7000000000000000F0BF9535A094FFFFCF3F2B
:109C8000E04001100000E03FE2FBFFFF0000F07F3A
:109C9000FFFF9F7CFFFFEF7FFCCD0010BCD30010C7
:109CA000CEA3D3E90023F8F73DF9002894D120464C
:109CB0002946CCA3D3E90023F8F770F900283FF434
:109CC0000FAE89E7049B012B7FF429AF002E7FF4B0
:109CD00026AF4F4622231C994FF000084FF0000991
:109CE000CBF80030ABE64FF000090A9B4FF0010AB9
:109CF0004C464F464D46FFF758BB01F1547405944E
:109D0000E6E59DED127B8DED187BCBE5AC4901EBD3
:109D1000CA01DDE90423D1E90001F8F715F8CDE91E
:109D20000401002F3FF4F2ACFFF7CDBB6E2B3FF4E4
:109D3000BBACFFF73EBBA3491BA802F04DF80028BF
:109D40003FF437AB1B9B1BA89F49013B1B9302F0C1
:109D500043F810B91B9B01331B934FF00008DFF849
:109D60006C9225E444F61F6162468C45A8BF0A4602
:109D70000E9254E7CAF1000A4FEA2A171AF00F0AA6
:109D800040F0A9801F2F34DC17F01001DFF85CA22F
:109D900018BF6A21DDE904230D9117F0010F104669
:109DA000194641D00AF1080A5AE90223F7F7CCFF15
:109DB00002467F100B46F0D10D9BCDE904017BB12B
:109DC000C1F30A52C2F16B03002B09DD1F2B40F3D4
:109DD000AC81342B049740F3F9814FF05C73059309
:109DE00000220023DDE90401F8F78AF800283FF497
:109DF0008FAC22234FF000084FF00009CBF8003061
:109E0000FFF7D6BB0C986E4901EBC001DDE90423D6
:109E1000D1E90001F7F798FF80468946FFF7C8BBF4
:109E20002223CBF8003098E77F100AF1080AB4E744
:109E30001C9A3AB135211EA802F0E6FD58461C993D
:109E400002F024F9013D042D00F21682DFE805F04E
:109E5000032E2B2003001E9B04931D9B03F2334211
:109E60001F9B23F4801343EA02530593E20502D5B6
:109E700043F000430593554A1A40DDE90489002A5E
:109E80007FF496ABFDF7C8F922230360FFF790BB80
:109E90004FF0FF326FF00043CDE90423E3057FF577
:109EA00079AE059BE4E7494B0593F7E7DDE91E1220
:109EB0001F9BCDE90412D9E7CDF828E0FFF765BB79
:109EC0004FF0000E77467546F1467446F246CDF8DF
:109ED00028E0FFF768BA3A4B03EBCA03DDE9040157
:109EE000D3E90023F7F756FFCDE90401002F3FF433
:109EF0000DAC47E700230A933BE69FED2D7B8DEDEC
:109F0000107B9FED2D7B8DED127BA3E40F9CBE4655
:109F100033464F462E49C6F31302DDE90A89002C69
:109F20007AD08A4200F00F81BEF1000F00F0058167
:109F30001EEA060F33D040464946049302F052FC15
:109F40000D9B002B00F01881049BC3F30A53C3F14F
:109F50006B06002E40F38A811E4C002204EB065350
:109F6000F7F7F2FE02460B4640464946F7F7C4FEB5
:109F70008046894640464946174B0022F7F7E4FEE3
:109F8000124B804689460B40002B7FF428AE2223DB
:109F9000CBF8003023E61EEA030F40F097800D9BBC
:109FA000002BE7D11BE602F154730593FFF7AEBB1C
:109FB000000000000000E0BF000000000000E03FE3
:109FC000E0400110C4CF0010C8CF00100000F07FA7
:109FD000FFFF0F000000F03F000050399535A094BE
:109FE000FFFFDF3F35E5AF350000E03FD0D3001085
:109FF0001BA81EAAA74901F009FF05287FF460AB42
:10A000001F9B43F0FF4343F4E00305931E9B04931F
:10A01000DDE90489FFF7CCBA002A4ED1DDE904015D
:10A020000246002878D10D9A002A00F0AF809A4CA1
:10A030003440B4F1D66F2DD8B4F15C7F9AD849E69C
:10A040000F9B4F46DDE90401DDE90A890343A6D1F0
:10A05000C1F313020B46002AA1D121F00044240DC4
:10A060002405B4F1D66F9AD909994A6912B90A69D7
:10A07000012A94DD0999012258460A9302F066FAF2
:10A080005146099002F0D4FA002888DD0D9A0A9B07
:10A09000002A7BD0A4F580146FEA14536FEA0353AF
:10A0A00005934FF0FF330493DDE9048962E7002351
:10A0B000DFF8F0E11946FFF737BABEF1000F7FF481
:10A0C0006AAF129A04990A423FF469AF4046494682
:10A0D000049302F087FB0D9B002B67D0049BC3F316
:10A0E0000A53C3F16B06002E40F3C3806B4C002271
:10A0F00004EB0653F7F728FE02460B464046494656
:10A10000F7F70EFE0022002380468946F7F7F8FE97
:10A1100000283FF42FAFDDE5BEF1000F7FF43BAF29
:10A1200012990A423FF43BAFD0E74FF0FF3202FAF8
:10A1300003F3049A1A40049252E6129A04990A42CE
:10A140003FF42DAFF7E60D9A049D002A55D0524CEE
:10A150003440B4F1D46F41D8210D4FF0FF32C1F13A
:10A160006B018A40954253D0BEF1000F5CD01EEACD
:10A17000030F3FF4FFAEDEE602460B46404649467B
:10A18000F7F7BAFD894680461C9958E4424A1C9963
:10A190001A40A2F580126FEA12536FEA0353059337
:10A1A0004FF0FF330493DDE9048948E402460B468F
:10A1B00040464946F7F7B4FD002200238046894611
:10A1C000F7F79EFE00283FF40AAD83E5C2F14B028B
:10A1D0004FF0FF3393400B40059301E66A1CC3D157
:10A1E0002F4A934225D001321A4002F5801305937D
:10A1F00000230493DDE90489D1E6049A0132EFD00B
:10A20000BEF1000F0BD01EEA060F3FF4E8AC92E659
:10A2100004F58013CDE90403DDE90489AAE6129A66
:10A2200015423FF4DCAC86E6129A15423FF4A2AE2A
:10A2300081E622231C994FF00008DFF85C90CBF8F0
:10A240000030FFF7FCBB2246082A02F1010409DDB9
:10A25000102C3FF74FAE07EB870700230CEB4707A7
:10A260000A9386E40A2305FB03F37FE402460B46C8
:10A270007AE602460B4641E7E10505D54FF000437B
:10A280000593DDE90489FDE54FF000084FF0000972
:10A29000F8E500BFA8D300100000F07F0000F03FF9
:10A2A000FFFFEF7FB8400110014BFEF7C9BF00BFB1
:10A2B000FC1A00202DE9F04F81468E466D48754608
:10A2C0001EF801BB10F80B4014F00804F7D1BBF1E5
:10A2D0002D0F23F010075DD0BBF12B0F10D0AFB9BD
:10A2E000BBF1300F00F08D80002B00F08580102333
:10A2F0006FF078460F27984600246FF0004A0DE073
:10A300009EF800B005F1020E002F60D06FF00047FC
:10A310009846B7FBF3F6BA4603FB167700252846A6
:10A320000EE0ABF1370C9C451DDA013504D0B0428C
:10A3300002D822D1BC4520DD4FF0FF351EF801BB0D
:10A34000ABF1300CBCF1090FEDD9ABF1410CBCF114
:10A35000190FE6D9ABF1610CBCF1190F03D8ABF1C1
:10A36000570C9C45E1DB6B1C0BD004B1404212B191
:10A37000002D57D11160BDE8F08F08FB00C001250A
:10A38000DCE72223C9F80030002A4DD00EF1FF315E
:10A390005046EFE79EF800B005F1020E67B9BBF139
:10A3A000300F44D0002B50D10A23334E082701240C
:10A3B00098464FF0004AB1E74FF0004A9846012412
:10A3C000BAFBF3F603FB06F7AAEB0707A6E7BBF118
:10A3D000300F89D1A87800F0DF0058281ED1102353
:10A3E00095F803B005F1040E98466FF00047B7FBEF
:10A3F000F8F608FB16777FE70A231F4E07279846D3
:10A400007AE79EF8000000F0DF00582806D11023FC
:10A410009EF801B005F1030E9846E6E723BB08233A
:10A420009846E2E78246B1E75046BDE8F08FA8784B
:10A4300000F0DF00582810D0CBB1102398464FF021
:10A44000004A0124BAFBF8F668E710234FF00066D3
:10A4500001244FF0004A984660E7102395F803B0B6
:10A4600005F1040E9846EAE710239846BDE7082355
:10A470009846E4E7F9D30010CCCCCC0C242B03D8BD
:10A48000012B01D0FFF716BF10B5FCF7C5FE162350
:10A490000360002010BD00BF2DE9F04707460E46BF
:10A4A0004548354616F801EB10F80EC01CF0080CB4
:10A4B000F7D1BEF12D0F63D0BEF12B0F3AD0644619
:10A4C00033F010003ED04FF0FF389A46B8FBF3F857
:10A4D00003FB08F96FEA0909002528460EE0AEF1F2
:10A4E000370C63451DDD013504D0404502D834D119
:10A4F000CC4532DD4FF0FF3516F801EBAEF1300CF4
:10A50000BCF1090FEDD9AEF1410CBCF1190FE6D940
:10A51000AEF1610CBCF1190F03D8AEF1570C6345D5
:10A52000E1DC6B1C25D004B140420AB135BB11609F
:10A53000BDE8F08733F0100096F800E0644605F1BE
:10A540000206C0D1BEF1300F1FD05BB90A234FF015
:10A550000509DFF868809A46BEE70AFB00C00125BE
:10A56000CAE70BB310234FF00F096FF070489A46FB
:10A57000B2E7222328463B60002AD9D0711ED6E7D5
:10A5800096F800E00124AE1C9AE7307800F0DF0076
:10A590005828E6D1102396F801E04FF00F09023653
:10A5A0006FF070489A4697E708234FF007096FF05D
:10A5B00060489A4690E700BFF9D30010999999191D
:10A5C000FFF76ABF8B8903F00903092B01D0002034
:10A5D0007047024B186800F069B900BFA819002045
:10A5E00070B505460C4610B1436B002B56D0B4F93C
:10A5F0000C3000229E06626058D4580719D4D90640
:10A600004FD51A0739D443F00403A3812369002BE3
:10A610003FD0B4F90C60B3071ED122692846266AE0
:10A620006369E1692260B0470028606041DD002075
:10A6300070BD216B0029E9D004F14003994202D09A
:10A640002846FCF7E3FF0022E36B22636360002BE4
:10A65000DCD0A36B2360EAE701231C4A1C49A381D9
:10A660001C4801F0CBFC06F00903A681092BD4D1CC
:10A670002146284600F080F8CFE72146284600F022
:10A6800015F998B9B4F90C30A06023F00803A06163
:10A69000B9E72146284602F013FABAE700F01EFA9D
:10A6A000A5E7092243F040032A60A3814FF0FF3061
:10A6B00070BDB4F90C3003D143F02003A381F5E75A
:10A6C000002243F040036260A381EFE7F01A00200C
:10A6D000C5A50010B019002070B50C7884465E2C1A
:10A6E00024D00023481C9E4600220CF5807163F3A1
:10A6F000070263F30F2263F3174263F31F6263469B
:10A7000043F8042B8B42FBD174B18EF00101451C40
:10A710000CF8041015F8013C2D2B0ED05D2B0AD03F
:10A720001BB11C462846F2E7013870BD0123881C86
:10A730004C789E46D8E7284670BD90F801E0BEF1FF
:10A740005D0F15D0744513DC661C02300CEB06025D
:10A7500002F8011BA2EB0C03013B9E45F8DCAEEBBB
:10A7600004030235013B7445A8BF00239C19D1E7BF
:10A770002D242846CBE700BFB1F90C202DE9F0418C
:10A7800015070C4680464ED4496842F40063002900
:10A79000A38163DDA66A002E42D0002112F480520C
:10A7A000D8F80050C8F8001065D10123E16940468F
:10A7B000B0470246501C6CD0B4F90C30A66A590759
:10A7C00005D56368D21A236B0BB1E36BD21A002351
:10A7D000E1694046B047421CB4F90C304DD1D8F87D
:10A7E00000101D2940D8304ACA40D7073CD523F471
:10A7F0000062DE04A2814FF00002626022692260E2
:10A8000001D5002943D0216BC8F8005041B104F1B3
:10A810004003994202D04046FCF7F8FE0023236330
:10A820000020BDE8F0810E69002EF9D092070D6876
:10A830000E600CBF4B690023AD1B8B600BE02B46F9
:10A840003246E1694046676AB847B0F1000CA5EBB3
:10A850000C05664406DD002DF1DCE1E7E16B002923
:10A8600098DCDDE7B4F90C3043F040034FF0FF30E3
:10A87000A381BDE8F081226DA1E723F40062DB042F
:10A88000A2814FF00002626022692260BBD5206580
:10A89000B9E7D8F80030002B8ED01D2B01D0162B35
:10A8A000E0D1C8F80050BBE70100402038B50546AC
:10A8B0000C4608B1436B03B3B4F90C0088B1636E66
:10A8C000DB0701D481050FD528462146FFF754FF49
:10A8D000636E0546DA0702D4A3899B0508D528468E
:10A8E00038BD0546284638BDA06DFCF78BFDEBE76B
:10A8F000A06DFCF789FD284638BD00F0EFF8DBE7D6
:10A9000010B50C46B1F90E1000F068FB002803DB0F
:10A91000236D0344236510BDA38923F48053A381D1
:10A9200010BD00BF2DE9F0410C46B1F90C101F46D7
:10A930000546CB0516460BD421F480513B463246E2
:10A940002846A181B4F90E10BDE8F04100F080BDA9
:10A95000B4F90E100223002200F02AFBB4F90C1007
:10A96000EAE700BF10B50C46B1F90E1000F020FB6D
:10A97000421CB4F90C3004D043F480532065A38109
:10A9800010BD23F48053A38110BD00BFB1F90E1098
:10A9900000F0FCBA024A0349034801F02FBB00BF94
:10A9A000F01A0020ADCB0010B01900200C4B41680C
:10A9B000994210B5044601D002F0F8F8A168094B9D
:10A9C000994202D0204602F0F1F8E168064B994224
:10A9D00004D02046BDE8104002F0E8B810BD00BF2A
:10A9E000341E00209C1E0020041F00202DE9F84387
:10A9F000314A0025314C04233149DFF8D89004F165
:10AA00005C00DFF8D4802F4F2F4E116029460822BA
:10AA100025606566C4E90335C4E90155C4E90555F7
:10AA2000FCF79AFB04F15800E662C4E90749C4E95F
:10AA30000987FCF7E3FC254B2946082204F1C400F2
:10AA400063672567C4F8CC50C4F88050C4E91A5530
:10AA5000C4E91E55FCF780FB04F1680304F1C00053
:10AA6000C4F88430C4E92298C4E92476FCF7C6FC13
:10AA7000174B294604F596700822C4F8DC30C4F858
:10AA8000D850C4F83451C4F8E850C4E93455C4E986
:10AA90003855FCF761FB04F1D00304F59470C4F859
:10AAA000F090C4F8FC60C4F8EC30C4E93D87BDE820
:10AAB000F843FCF7A3BC00BF6C1F0020341E00202D
:10AAC00095A9001065A900108DA9001009000100CA
:10AAD0001200020001A9001025A9001010B50446BB
:10AAE0000A48FCF78FFC636B23B9094B094A1B68C2
:10AAF000626323B10548BDE81040FCF785BCFFF751
:10AB000075FF0248BDE81040FCF77EBCFC1D00202C
:10AB10006C1F0020ADA900100148FCF773BC00BFFA
:10AB2000FC1D00200148FCF76FBC00BFFC1D00208D
:10AB30002DE9F0410C46096B04F14003994214D011
:10AB4000666B77003A46FCF7BBF8054630B300EB7E
:10AB50000608014632464046FCF758FCC4F800801F
:10AB6000C4E90C570020BDE8F0814FF48061FBF789
:10AB7000D7FD98B194F842204FF48061206300F231
:10AB8000FD33616380F8FF2394F8412080F8FE23B1
:10AB900094F8402080F8FD232360E3E74FF0FF3076
:10ABA000E1E700BF70B54C1C3CD00D46064614468C
:10ABB00010B1436B002B74D0626EB4F90C30D10726
:10ABC00001D49A0550D523F020025807A28106D45B
:10ABD000D90670D51B0757D442F00402A281226B1C
:10ABE000EDB263680AB3626B9A420FDD23685A1EA6
:10ABF000226003F8015C6368626E0133D207636010
:10AC000002D4A3899B053AD5284670BD214630461B
:10AC1000FFF78EFF0028E9D0636ED80702D4A3891E
:10AC200099054CD54FF0FF35EEE7626E206921683B
:10AC300002F0010228B1884203D211F8010CA842A7
:10AC400032D0A1630321E36304F140002346616332
:10AC50000121206303F8425FC4E90031002AD3D107
:10AC6000A3899B05D0D40AE0A06DFCF7CBFBB4F917
:10AC70000C3023F020025807A281B0D4A8E7A06DC1
:10AC8000FCF7C2FB284670BD21463046FFF70EFE9A
:10AC90000028C1D1B4F90C20A06022F00802A06104
:10ACA0009AE7FFF71BFF87E701390133C4E9001377
:10ACB000002AA9D1A5E7626ED207B3D4B0E7A06D90
:10ACC000FCF7A2FBAEE700BF2DE9F04F994685B037
:10ACD00002FB03F30E9C0193002B4DD093460646D6
:10ACE0000D4610B1436B002B61D0636EB4F90C209C
:10ACF00013F0010144D112F4007748D0900452D4EB
:10AD000042F4005223F40053A2816366D4F804A0F5
:10AD1000BAF1000F4EDBA2895346019F920750D42F
:10AD2000B04656460FE0FCF771FB236821464046CB
:10AD300033443544A7EB060A2360FFF751FC002893
:10AD40007BD166685746BE42324628462168EAD320
:10AD50003A46FCF75BFBCDF80490D4E90032D21BF5
:10AD60001F44636EC4E90072DA0705D4A3899B050A
:10AD700002D4A06DFCF748FB019805B0BDE8F08F48
:10AD80009104BDD59F04C1D500230193F4E7A06DC4
:10AD9000FCF738FBB4F90C20636E9004B0D599042D
:10ADA000B4D50197E0E79F04B0D50191DEE7FFF746
:10ADB00095FE9AE7A2890023019F92079A46636055
:10ADC000AED59F423A462168284628BF1A4690468B
:10ADD000FCF71CFB2368216BA7EB080743442360A7
:10ADE0006368A3EB0803636051B1002F38D004F10E
:10ADF0004003994202D03046FCF708FC002323634D
:10AE000045444FF0000ACDE902B93FB3D4F810B081
:10AE10002146D4F800803046D4F814902560C4E967
:10AE20000457FFF7DDFB6368C4E904B91D44FA1A4F
:10AE3000C4E9008AC0B91746E7E7626EB246D00798
:10AE400002D4A289910523D5019B5344DB1BB3FB9C
:10AE5000FBF30193019805B0BDE8F08FDDF80C908D
:10AE6000636ECDF804907FE7626EDDF808B0D60718
:10AE700007D4A289950504D4A06D0293FCF7C4FA07
:10AE8000029B019A1344DB1BB3FBFBF3019373E7B3
:10AE9000A06DFCF7B9FAD7E782B30B4630B540EAAC
:10AEA00001048646A40717D1032A07D814E0043A00
:10AEB00022D01CF0803F1FD1032A23D9DEF80040A6
:10AEC000194653F8045B7046A4F1013C0EF1040EE0
:10AED000AC422CEA040CEAD00378013A0C78A34285
:10AEE0000ED1024406E03BB110F8013F11F8014FCA
:10AEF000A34205D19042F6D1002030BD10467047E4
:10AF0000181B30BD70461946E6E700BF40EA010352
:10AF10009B0730B4044601D1032A1BD8013907E04E
:10AF200011F8013F551E00F8013B3BB12A4604468B
:10AF30002046002AF4D1204630BC704735B1224467
:10AF4000014601F8013B9142FBD12844002CF2D18B
:10AF500030BC70470D46286829460435A0F10133FE
:10AF600023EA000313F0803FD8D1043A44F8040BDD
:10AF7000032AF0D82946D1E7014B93F828017047FE
:10AF8000FC1A002000487047EC1B002038B5002256
:10AF9000064D044608462A60F8F77EFD431C00D0A3
:10AFA00038BD2B68002BFBD0236038BD98250020CE
:10AFB00038B50C4684461146074D1A4600232046F4
:10AFC00064462B60F8F76CFD431C00D038BD2B683D
:10AFD000002BFBD0236038BD9825002038B50C46E7
:10AFE00084461146074D1A460023204664462B60CE
:10AFF000F8F734FD431C00D038BD2B68002BFBD084
:10B00000236038BD982500202DE9F04F1F4685B0FC
:10B010008B460D46A84B039000922A4615F8014B2B
:10B020001E5D16F00806F8D12D2C27F0100900F04F
:10B0300090802B2C1AD0B9F1000F1DD1302C00F0CC
:10B04000E980002F00F0DB804FF01008B2466FF06F
:10B05000784C4FF0FF364FF00F09474600224FF073
:10B06000FF336FF0004ECDE9012321E02C78951CD1
:10B07000B9F1000F00F0A1804FEAE77A3A464FF0AD
:10B08000FF306FF000415346B84601F02DFE5346A5
:10B0900091464FF0FF303A466FF0004101F024FE38
:10B0A0004FF0FF3301968C4606466FF0004E029338
:10B0B00000221046114613E0A4F13703BB421FDA09
:10B0C000013209D086427CEB010205D3614508BFFD
:10B0D000B04227D14B4525DD4FF0FF3215F8014B2B
:10B0E000A4F13003092BE9D9A4F14103192BE3D9C9
:10B0F000A4F16103192B03D8A4F15703BB42DFDB92
:10B10000531C1BD0019B13B1404261EB4101009BDA
:10B110002BB1002A40F09080009BC3F800B005B02E
:10B12000BDE8F08F00FB0AF208FB0122A0FB08013A
:10B130000A44181842EBE3710122CFE72223039A55
:10B140001360009B002B7AD005F1FF3B02987146FB
:10B15000E2E72C78951CB9F1000F14D1302C73D094
:10B16000002F40F08B804FF00A080123BA46029668
:10B17000DFF848C14FF0CC364FF0080947464FF092
:10B18000004E019394E74FEAE77A3A4600204FF0E9
:10B1900000415346B84601F0A7FD534691460020B2
:10B1A0003A464FF0004101F09FFD012302968C4684
:10B1B00006464FF0004E01937AE7302C7FF441AF02
:10B1C000937803F0DF03582B30D14FF01008CA46B4
:10B1D000D478151D4746424653464FF0FF306FF076
:10B1E000004101F081FD534691464FF0FF30424649
:10B1F0006FF0004101F078FD06468C462EE74FF0D7
:10B200000A08BA464FF0CC36DFF8B0C04FF0070955
:10B21000474623E72B7803F0DF03582B06D14FF086
:10B2200010086C78CA46D51C4746D4E7D7BB4FF008
:10B230000808BA464746CEE78E46029084E7029851
:10B24000714605B0BDE8F08F937803F0DF03582B0B
:10B2500021D067B34FF01008CA46474653464246CE
:10B2600000204FF0004101F03FFD00238C460121FA
:10B2700006464FF0004ECDE9011319E74FF01008D4
:10B2800001234E464FF0006CCA4647464FF0004E31
:10B29000CDE901390CE74FF01008D478151DCA46E6
:10B2A0004746DBE74FF01008CA46474693E74FF0A2
:10B2B0000808BA464746D1E7F9D30010CCCCCC0CED
:10B2C000FFF7A2BE2DE9F04F85B08B461E460D4616
:10B2D00001925C4A0390294615F8014B135D13F067
:10B2E0000803F8D12D2C00F08C802B2C52D0029327
:10B2F00036F0100A55D04FEAE67A32464FF0FF306A
:10B300004FF0FF315346B14601F0EEFC324607469E
:10B31000884653464FF0FF304FF0FF3101F0E4FC18
:10B32000944600221046114613E0A4F137039E42D2
:10B330001FDD013209D0874278EB010205D3414578
:10B3400008BFB8423BD1634539DD4FF0FF3215F8F5
:10B35000014BA4F13003092BE9D9A4F14103192BC6
:10B36000E3D9A4F16103192B03D8A4F157039E423A
:10B37000DFDC531C3AD0029B13B1404261EB410128
:10B38000019B23B1002A39D1019BC3F800B005B05D
:10B39000BDE8F08F36F0100A2C78029301F1020517
:10B3A000A9D1302C32D0BEB94FF00A09B2464FF0C5
:10B3B000050C4FF09937DFF890804E46B1E700FB5F
:10B3C0000AF209FB0122A0FB09010A44181842EB0A
:10B3D000E3710122BBE756B34FF010094FF00F0C99
:10B3E0004FF0FF376FF070484E469AE722230399DB
:10B3F00010460B601146019B002BC8D005F1FF3BA6
:10B40000C2E701232C788D1C029371E72B7803F09F
:10B41000DF03582BDFD14FF010096C784FF00F0C81
:10B4200002354FF0FF376FF070484E4679E74FF026
:10B430000809B2464FF0070C4FF0FF376FF0604835
:10B440004E466EE7F9D3001099999919FFF73ABF64
:10B4500038B50C4684461146074D1A46002320464F
:10B4600064462B60F8F708FB431C00D038BD2B68FE
:10B47000002BFBD0236038BD9825002070B582B02A
:10B480000446069D55B11048D0F8E4606AB12046E4
:10B490000095B047431C10D002B070BD00F1F40518
:10B4A0000948D0F8E460002AF1D101231146204672
:10B4B000064A0095B047431CEED100228A232A6039
:10B4C000236002B070BD00BFFC1A0020B4CD001094
:10B4D000002100F001B800BF10B500F0C1F804462B
:10B4E00000F0F0F8A0F11A03DBB2022B01D8012022
:10B4F00010BDA4F1090004288CBF0020012010BD5C
:10B5000000200149704700BF0000F87F00487047E5
:10B510000000C07F0229C0F307235FFA80FC25D01A
:10B52000032903D083F080038CF0800C03F15002D8
:10B53000D2B21F2A0BD903F13002D2B2242A3BD84F
:10B540004FF2A64290422CD94FF0FF3070474CF694
:10B55000D3729042F8D8B03BACF1A10C384AC3EB9F
:10B56000C3130CEB430332F813007047BCF19E0F7A
:10B5700011D90CF1230C80225FFA8CFC9F2B94BF15
:10B58000703B503302EB4302D3B203F15002D2B20C
:10B590001F2AD0D8DBE7ACF17E0C7F225FFA8CFC4F
:10B5A000ECE7D03BACF1A10C264AC3EBC3130CEB88
:10B5B000430332F813007047A13B072BC4D8DFE8E0
:10B5C00003F0382E241D17120D04BCF1C00FBBD898
:10B5D0001D4AACF1A10332F813007047BCF1F10F22
:10B5E000B2D81A4A1CE0BCF1D80FADD8184A17E0FF
:10B5F000BCF1F60FA8D80CF540507047BCF1F30F22
:10B60000A2D842F6A07060447047124B634413F80E
:10B61000A13C002B98D04FF66060604470470E4A02
:10B62000ACF1A10332F81300002808BF4FF0FF303F
:10B6300070470A4AACF1A10332F81300704700BF0B
:10B6400078EF0010FCD40010A4060110E4060110ED
:10B6500088070110F80701105408011010090110A3
:10B6600038B50546B9B101F5957412492046FBF786
:10B67000E7FD28B928460121BDE83840FFF74ABF59
:10B680000D492046FBF7DCFD38B928460221BDE80C
:10B690003840FFF73FBF094CE7E709492046FBF771
:10B6A000CFFD28B928460321BDE83840FFF732BF57
:10B6B000284638BD18D000101CD00010261C0020D1
:10B6C00024D00010154B984226D840F6F90C70B5DE
:10B6D0004FF0000E124D03E004F1010EF44519DBAA
:10B6E0001EEB0C0248BF013222F00103541003EBA1
:10B6F000620305EB43015B004A784E88898842EA81
:10B70000062211448842E7D8904204F1FF3CE5D379
:10B71000E85C70BDFF2070BDFF207047EF010E0098
:10B72000CC0901102DE9F0410469B4EB611F05DC7F
:10B730000023036100234361BDE8F08100F1140C94
:10B740004E1111F01F0E0CEB84050CEB860323D079
:10B7500004335CF82610CEF120089D4221FA0EF148
:10B7600030D967461A6802FA08F20A4347F8042BF0
:10B7700053F8041B9D4221FA0EF1F3D8A31B0CF1E0
:10B7800004029B00053B9C0823F0030342F82410AD
:10B79000134471B104330CE09D42C9D900F1100289
:10B7A00053F8041B9D4242F8041FF9D8A31B0CEB6D
:10B7B0008303A3EB0C0263454FEAA2020261B9D0F6
:10B7C000BDE8F08141610029B2D06346E2E700BFE5
:10B7D0002DE9F04F8A4685B0096803938B78302BAA
:10B7E000CDE9002040F0F881CA1C137814460132DC
:10B7F000302BFAD0A4EB0109A9F10209DFF80C8380
:10B8000018F80330002B00F0D3802378002718F8B5
:10B8100003303D46002B00F06A81264616F8013FB2
:10B8200018F80330002BF9D10122B7493046FFF751
:10B8300033FB8346002843D03278002D00F0A281EC
:10B84000AB1B4FEA830B02F0DF023546502A43D090
:10B85000CAF80060002F54D12A1B3946013A072A42
:10B8600003DD52100131072AFBDC019800F0E8FBF0
:10B870008246002800F0A58200F11406AC42029630
:10B8800080F0E3810027B9460CE03A4604372B7874
:10B89000A54218F8033003F00F0303FA02F349EA54
:10B8A000030940D015F8013D2E2B01D1A54231D21C
:10B8B000202FEAD1002246F8049B04279146E6E7B0
:10B8C000002D00F07A813278AB1B354602F0DF02A2
:10B8D0004FEA830B502ABBD16A782B2A00F05081A3
:10B8E0002D2A40F0D6800120AA78AE1C18F802104C
:10B8F0004A1E182A40F2D5802E46CAF80060002F52
:10B90000AAD0B9F1000F0CBF06240024204605B0D0
:10B91000BDE8F08F01227C492846FFF7BDFA0028D8
:10B92000C6D1A542BED1029B484646F8049BF61AF2
:10B93000B610CAF81060760100F05CFC009B361A65
:10B940001D68AE4257DCC0F21F81009B9A685A45C1
:10B95000C0F20D815A68934580F2BE80A2EB0B0BBA
:10B96000AB4573DA0BF1FF36002E40F0818137468C
:10B970007311029A06F01F06A5EB0B0552F823205F
:10B98000012359465046B340134200F08081FFF72F
:10B99000C9FE009BDC68D3F804B0022C00F02F81B4
:10B9A000032C00F08F81012C00F08881122494E098
:10B9B000012255492046FFF76FFA0746002840F05C
:10B9C00098806378651C18F80320002A00F09380A3
:10B9D000302B2C4640F0788114F8013F302BFBD0FF
:10B9E00018F803304FF00109B3FA83F77F09002BF1
:10B9F0007FF413AF7BE0761B5046314601F032F8FE
:10BA0000074678B1711E029B01274A1153F82200A4
:10BA100001F01F0207FA02F2024203D0B94200F31A
:10BA20002D81022731465046FFF77CFE009BB34430
:10BA30009A685A45C0F29B80009B5A685A4540F369
:10BA4000CF80A2EB0B0B5D4500F30381009BDB680D
:10BA5000022B5DD0032B00F02581012B5BD1AB4580
:10BA600059D1BBF1010F08D00BF1FF31504600F066
:10BA7000F9FF00284FD0009B5A68039901236224E4
:10BA80000A60029ACAF8103013600E9BC3F800A037
:10BA90003CE718F802106E1C00204A1E182A3FF6D8
:10BAA0002BAF72781039013618F8022002F1FF3CF2
:10BAB000BCF1180F0CD801EB810116F8013F02EB25
:10BAC0004102A2F1100118F80320531E182BF2D9DD
:10BAD00000B149428B44BBE601240E9B2046C3F8CB
:10BAE00000A0039BC3F800B005B0BDE8F08F264668
:10BAF0009AE62378254603F0DF03502B00F0CE8032
:10BB0000CAF80050FDE600BFFCCD0010A83F0110B0
:10BB10000F9B002BB1D050240198514600F0B6FA8B
:10BB200000230E9A2046136005B0BDE8F08FDAF8C6
:10BB30000820974280F2CB807A1C01210AEB87070C
:10BB4000022CCAF81020DDF80880796100F0AF807F
:10BB5000002A00F3E2800022CAF810200022CAF86E
:10BB60001420009B0BF1010B9A685A456BDA514681
:10BB7000019800F08BFA00230E9AA3241360C5E607
:10BB80000020B1E6AB465EE6AE1B51460198324658
:10BB9000ABEB060B00F0DAFC009B82469A689345FB
:10BBA000E5DC5A68934597DAA2EB0B0B00F114031E
:10BBB000AB450293BFF64AAFD4E67278751C18F80D
:10BBC00002102E4600293FF43EAE16F8012F18F859
:10BBD0000230002BF9D133E68C1C4FF000090DE642
:10BBE0000124002F3FF479AF009BDA68022A06D0C7
:10BBF000032A08D0012A33D044F010046DE70F9BCC
:10BC0000C3F101030F930F9B002BF5D0029B00267D
:10BC1000DAF8107098461A464FEA870903EB870056
:10BC200003E0904242F8046C81D9944652F8041B18
:10BC30004B1CF6D00131022CCCF8001037D015F097
:10BC40001F0540F09780212447E7029E4FF000092E
:10BC500069E60BF1FF36002F3FF486AE012787E639
:10BC6000B907C9D5029B1A681743FA07CED4C3E7B0
:10BC70003146504600F0F6FE074679E6B11E5046C2
:10BC800000F0F0FE00283FF4CCAE0327CAE6FFF731
:10BC900049FD009B0224D3F804B0A2E74FF0000B4B
:10BCA000012719E60F9B002B7FF4E7AE33E7009BDB
:10BCB0001A68013AAA426AD022240EE747F0020726
:10BCC0000224CFE702249EE74FF00109A5E5DAF848
:10BCD00004100198013100F0B3F9064600286AD03B
:10BCE000DAF810200AF10C010C3006F114080232C7
:10BCF0009200FBF78BFB51460198B24600F0C6F963
:10BD000031690120022C01EB000206EB8101326156
:10BD10004861CCD0974292DA1AE708EB82040AF124
:10BD20001800DAF8142084424FEA52023BD9454603
:10BD3000036842EAC37245F8042B50F8042B84428E
:10BD40004FEA5202F4D8A4EB0A0108F104001939B1
:10BD50008C0821F0030140F82420014402B1043191
:10BD6000A1EB080241454FEAA202CAF810207FF475
:10BD7000F8AEF3E6C144C5F1200559F8040C00F013
:10BD800039FAA842BFF65FAFDAF81020E0E66A1190
:10BD900005F01F0558F822100122AA400A4214BFDC
:10BDA0002124222499E6C8F800200AB14146D6E7AA
:10BDB000CAF81020D2E60246054B84210548F7F761
:10BDC00081FE0246024BE4210248F7F77BFE00BFEA
:10BDD0002CD0001040D0001010B504688646013405
:10BDE00009E014F8013BA3F1410CBCF1190F98BF15
:10BDF0002033934207D111F8012B002AF1D1012001
:10BE0000CEF8004010BD002010BD00BF09682DE92C
:10BE1000F04F4B1185B011F01F01044602EB830374
:10BE2000029140F09B80181F19462568002641F8B2
:10BE3000046C01352B78002B00F0A880B4460191EA
:10BE400006468646DFF88481E1466746E346AA4611
:10BE50000146039418F8030000285DD1202B00F25E
:10BE60008F804F4520DDB6451AD2BCF1070F17DC95
:10BE7000CCF10804DEF800307046CDF800E0A400F4
:10BE8000C4F1200CA646446804FA0CF51D4324FABC
:10BE90000EF3056040F8043FB042F4D3DDF800E053
:10BEA000724552D34FF0080C1AF8013F002BD1D144
:10BEB00008460199002F69D0B64502D2BCF1070FA0
:10BEC00068DD72454DD2141F734653F8045B8342FC
:10BED00044F8045FF9D9A0EB0E03441C0EF1010EE7
:10BEE000002523F00303A64588BF0023141D234427
:10BEF0001C46043383422560FAD951F8044C1CB126
:10BF000006E050F8043D1BB98242FAD101231360C8
:10BF1000052005B0BDE8F08F0CF1010C0137BCF134
:10BF2000080F08DCDEF800301B0100F00F0018439A
:10BF3000CEF80000B8E77245B6D24EF804BC002334
:10BF4000AEF1040E4FF0010CEFE7AEF104064EF82F
:10BF500004BCB9464FF0000CB646A5E7191D1846BB
:10BF600063E7029B51F8044C002BC8D0C3F12003B7
:10BF70004FF0FF3525FA03F31C4041F8044CBEE7AF
:10BF8000292B084655460199039C1BD0042005B077
:10BF9000BDE8F08FCCF10803DEF8004077469B0047
:10BFA0002546C3F120089C467B6803FA08F42C431D
:10BFB00023FA0CF53C6047F8045FB742F4D37245AE
:10BFC00081D3CEE70135256074E700BFA83F01109B
:10BFD00082B049B15AB16BB113780B601278101E60
:10BFE00018BF012002B0704701A9002AF3D1104602
:10BFF00002B070476FF00100F4E700BF2DE9F8438D
:10C000004FF00009074688461646D6E90154013D1F
:10C010000FD4A389012B08D9B4F90E302146384634
:10C02000013302D0C04749EA0009013D68346B1C66
:10C03000EFD13668002EE8D14846BDE8F88300BF4E
:10C0400038B5436C05460C464BB153F8240080B11B
:10C05000026843F824200023C0E9033338BD2122BD
:10C060000421FAF715FB034668640028EDD100208F
:10C0700038BD0121284601FA04F56A1D9200FAF73D
:10C0800007FB0028F3D0C0E90145E4E731B1436C78
:10C090004A6853F82200086043F82210704700BF36
:10C0A0002DE9F04107460E461C460D6901F1140EBC
:10C0B0000020DEF8001001308BB285424FEA1141BA
:10C0C00002FB03434FEA134C9BB202FB01CC03EB90
:10C0D0000C434FEA1C444EF8043BEADC3CB1B36825
:10C0E000AB4207DD06EB850301355C613561304607
:10C0F000BDE8F081716838460131FFF7A1FF804645
:10C10000A8B1326906F10C010C3002329200FBF743
:10C110007DF97B6C726853F82210316043F822601D
:10C12000464606EB850301355C613561DFE7024673
:10C13000024BBA210248F7F7C5FC00BF2CD0001013
:10C14000ACD000102DE9F8431E4617460833264AA6
:10C150000C46092E82FB03124FEAE3730546C3EB3C
:10C16000620338DD4FF0010C00214FEA4C0C013125
:10C170006345FADC2846FFF763FF014668B3089B76
:10C18000092F43614FF00103036112DC0A340927D0
:10C19000BE420BDDF61B264414F8013B0A2228465A
:10C1A000303BFFF77DFFB4420146F5D10846BDE8BC
:10C1B000F88304F109093C44C84618F8013B0A22F7
:10C1C0002846303BFFF76CFFA0450146F5D1B94446
:10C1D000A9F10804DCE70021CCE70246034BD32198
:10C1E0000348F7F76FFC00BF398EE3382CD00010FE
:10C1F000ACD00010B0F5803F034610D203041020ED
:10C20000B3F1807F01D208301B02B3F1805F08D305
:10C21000B3F1804F10D29A0013D40330704700203E
:10C22000EEE71A010430B2F1804F06D29B0108D428
:10C230005B00F2D4202070471A46002AFBDB013055
:10C2400070470230704700BF03680246590707D0A5
:10C25000D8071DD499072AD55B08012013607047C1
:10C2600099B279B91B0CD9B2A1B11020190701D12B
:10C2700004301B09990712D0D90701D401305B089B
:10C2800013607047D9B241B1180718D10420F0E704
:10C290000020704718201B0AE8E70820FBE713F08E
:10C2A000040F4FEA930106D002300B46E8E79B08E3
:10C2B000022013607047DB0804D120207047DB08A0
:10C2C0000320DDE70330DBE738B5436C04460D4659
:10C2D0004BB15868B0B102685A6000220123456131
:10C2E000C0E9032338BD21220421FAF7D1F903461E
:10C2F00060640028EDD1094B002240F24511084846
:10C30000F7F7E0FB1C2201212046FAF7C1F90028CB
:10C31000F1D001220223C0E90123DEE72CD0001076
:10C32000ACD000102DE9F04FD1F8108085B0156920
:10C330000E469246A84505DB2A46534645468A46A0
:10C3400090461E4605EB0804DAE90113A342B8BF84
:10C350000131FFF775FE002800F08C8000F1140712
:10C3600007EB840E774505D23B46002243F8042BA9
:10C370009E45FBD814360AF1140906EB880809EB30
:10C380008505464569D2A5EB0A030AF1150ACDF8E1
:10C3900008E0AE46153B039423F00303AA4594BF7F
:10C3A0009B464FF0000B824605E0090C2DD1B045AD
:10C3B00007F104074ED956F8041B8DB2002DF4D0B6
:10C3C000CC463C46002301965CF8040B216886B2FB
:10C3D000E6458AB24FEA104005FB06224FEA1141BA
:10C3E0001A4405FB001101EB124192B24FEA1143CE
:10C3F00042EA014244F8042BE6D8019E07EB0B0207
:10C40000536056F8041C090CD1D03B680022484602
:10C410003D461C46944602889BB201FB02C202EBD9
:10C42000144243EA024345F8043B50F8043B2C68AD
:10C430004FEA134C8645A3B201FB0C3303EB1243C6
:10C440004FEA134CE7D807EB0B02B04507F104079E
:10C450005360B0D85046DDE902E4002C02DC05E070
:10C46000013C03D05EF8043D002BF9D0046105B017
:10C47000BDE8F08F0246034B4FF4B1710248F7F765
:10C4800021FB00BF2CD00010ACD0001012F0030331
:10C490002DE9F0411446074632D10E46A4102CD0A7
:10C4A0003D6C002D35D004F001034FF000086410FE
:10C4B0003BB92868B8B1054604F001036410002BAD
:10C4C000F7D02A4631463846FFF72CFF36B17B6C51
:10C4D000716853F82120326043F8216074B1064638
:10C4E00028680028E7D12A4629463846FFF71AFF70
:10C4F00028600546C0F80080DEE73046BDE8F081E0
:10C50000013B0F4A52F823200023FFF7C9FD0646DE
:10C51000C4E701213846FFF793FD054640B10123EA
:10C5200040F27122C0E90432002338640360BAE7A4
:10C530000246044B40F245110348F7F7C3FA00BF27
:10C54000A84001102CD00010ACD000102DE9F0470D
:10C550000C46904606464FEA62192769A36807EB26
:10C56000621749687D1C9D4203DD5B0001319D42DD
:10C57000FBDC3046FFF764FD00284DD0B9F1000F19
:10C5800000F1140C0BDD09F105026346002100EBFC
:10C59000820243F8041B9342FBD10CEB890C04F19B
:10C5A0001403216918F01F0803EB81012BD0C8F197
:10C5B0002009E6464FF0000A1A6802FA08F242EA39
:10C5C0000A024EF8042B53F8042B994222FA09FA76
:10C5D000F2D80B1B04F11502153B23F00303914223
:10C5E00038BF002304334CF803A0BAF1000F00D188
:10C5F0003D46736C6268056153F82210216043F870
:10C600002240BDE8F087ACF1040C53F8042B9942AA
:10C610004CF8042FF9D8EBE70246034B4FF4EF71C7
:10C620000248F7F74FFA00BF2CD00010ACD0001032
:10C6300084460B690069C01A16D10CF1140C143130
:10C640000CEB830201EB830310B401E0944508D2A4
:10C6500052F8044D53F8041D8C42F7D005D24FF028
:10C66000FF305DF8044B7047704701205DF8044BC4
:10C67000704700BF2DE9F04F136983B00E698946FA
:10C680001546F61A002E14D101F1140702F1140117
:10C6900001EB830107EB830301E09F427ED253F855
:10C6A000044D51F8042D9442F7D080F08280012689
:10C6B00003E0FCDB00260D4691466968FFF7C0FCED
:10C6C000002800F083802F6905F1140B05F110029A
:10C6D000D9F8103009F1140500F114010BEB870EA5
:10C6E000944605EB830A88460023C660CDF804B063
:10C6F00055F8046B5CF8042F1FFA86FBAA4594B228
:10C70000A4EB0B041C444FEA1643C3EB124303EBA8
:10C710002443A4B244EA03444FEA234348F8044BB9
:10C72000E6D8AAEB090209F11509DDF804B026469E
:10C73000153A22F00302CA4538BF00220BEB02086B
:10C740000A4408F10408141DC645454635D9A1EB35
:10C750000B0105EB010C55F8042B1FFA82F9D618D2
:10C76000120CAE454B44B6B202EB234246EA0246F7
:10C770004FEA2243CCF80060EBD80EF1FF33A3EB75
:10C78000080323F00303234426B953F8042D013F83
:10C79000002AFAD0076103B0BDE8F08F0021FFF74F
:10C7A0004FFC60B101220023C0E9042303B0BDE8BF
:10C7B000F08F2B464D4699467FE71346E4E7024645
:10C7C000064B40F237210648F7F77CF90246034B47
:10C7D00040F245210248F7F775F900BF2CD0001050
:10C7E000ACD00010114B0B40A3F15073002B03DDB4
:10C7F00000221946104670475B42B3F1A07F4FEA12
:10C80000235106DA4FF4002300220B41104619464B
:10C81000704714391E2904DD0122002310461946F1
:10C8200070474FF00042CA40F7E700BF0000F07FBA
:10C830002DE9F843066900F1140808EB860656F85E
:10C84000047CA6F104093846FFF7D4FCC0F12003AC
:10C850000A280B6034DDC845A0F10B021AD256F845
:10C86000083C2AB3C2F120009740A6F1080123FA40
:10C8700000F49340884547EA040747F07F5545F4A4
:10C88000401519D256F80C2C2946C24013431846BD
:10C89000BDE8F8830B280AD007FA02F2002342F021
:10C8A0007F55184645F440152946BDE8F883002316
:10C8B00047F07F5545F4401518462946BDE8F883F2
:10C8C000C0F10B03C84527FA03F242F07F5545F447
:10C8D000401509D3002200F11503294607FA03F396
:10C8E00013431846BDE8F88356F8082CDA40F2E7FF
:10C8F000F0B5012183B016461F46FFF7A1FB0546A0
:10C90000002847D0C7F30A54C7F313030CB143F40C
:10C910008013002E019315D101A8FFF795FC019A11
:10C92000012100F120036A6129611CB3A4F23344A0
:10C93000C3F135001C44089B1C60099B1860284605
:10C9400003B0F0BD68460096FFF77EFC0346DDE9C4
:10C95000001230B1C0F1200002FA00F0DA400143C9
:10C960000192002AC5E905120CBF012102212961AB
:10C97000002CDBD1A3F2324305EB8102089803605F
:10C980001069FFF737FC099BC0EB4110186028467F
:10C9900003B0F0BD0246034B40F20F310248F7F7F7
:10C9A00091F800BF2CD00010ACD000102DE9F0435E
:10C9B00083B0884681466946FFF73AFF04460D4634
:10C9C000404601A9FFF734FFD9F81030D8F81020FD
:10C9D000A3EB020CDDE900329B1A03EB4C13002B96
:10C9E0000BDD05EB03573D4602460B462046294624
:10C9F000F5F7D0F903B0BDE8F083C3EB033301EBE7
:10CA000003594946F0E700BF013902F114034FEA28
:10CA1000611C116903EB81010CF1010C8B4200EBED
:10CA20008C0C16D210B5A0F1040E53F8044B9942A9
:10CA30004EF8044FF9D8891A0430153921F0030152
:10CA40000844844504D9002340F8043B8445FBD8BE
:10CA500010BD844505D9002340F8043B8445FBD82C
:10CA60007047704703694A111430934209DA00EBAA
:10CA7000830302E053F8042DAAB98342FAD80020B8
:10CA8000704700EB8203F8DD11F01F01F5D010B400
:10CA900050F8224024FA01F28A40944209D0012041
:10CAA0005DF8044B70470120704753F8042D002AAD
:10CAB000F5D18342F9D800205DF8044B704700BFE0
:10CAC000B1F90C3070B50C46990796B007D504F152
:10CAD000430301222360C4E9043216B070BDB4F9E7
:10CAE0000E10054600292BDB6A4600F0BFF800282F
:10CAF00024DB4FF480612846019EF9F711FEB4F95A
:10CB00000C30A0B306F4704643F080034FF480620B
:10CB10002060B6F5005F2061A381626135D1B4F970
:10CB20000E10284600F0B8F8B4F90C3068B323F0C2
:10CB300003034FF4006243F0010314E0B4F90C3036
:10CB400013F0800F28460CBF4FF48065402529461E
:10CB5000F9F7E6FDB4F90C3048B143F08003002248
:10CB60002060C4E904051343A38116B070BD9A0583
:10CB7000B3D423F0030304F14302012143F0020381
:10CB80002260C4E90421A381A7E74FF40062EAE729
:10CB9000034649B1FF2A02D801200A7070478A2251
:10CBA0004FF0FF301A6070470846704770B5002993
:10CBB0003FD006460C4610B1436B002B3CD0636E51
:10CBC000B4F90C20DD0732D4900538D52146304623
:10CBD000FDF7D2FDE36A054633B1E1693046984777
:10CBE0000028B8BF4FF0FF35A3891A0639D4216B4E
:10CBF00041B104F14003994202D03046FAF706FDF4
:10CC000000232363616C21B13046FAF7FFFC002357
:10CC10006364FDF781FF636E0022DB07A2811CD5F0
:10CC2000A06DFAF7EDFBFDF77DFF284670BD002AE9
:10CC3000CCD10025284670BDFDF750FFBFE7A06DA1
:10CC4000FAF7E0FBB4F90C30002BBFD1636ED907C3
:10CC5000EFD4A06DFAF7D8FBEBE7A06DFAF7D4FBA1
:10CC6000DEE721693046FAF7D1FCC0E770B50C4623
:10CC70000346084D0026204611461C462E60F6F756
:10CC800013FF431C00D070BD2B68002BFBD023602A
:10CC900070BD00BF9825002038B50022064D04461F
:10CCA00008462A60F6F704FF431C00D038BD2B6805
:10CCB000002BFBD0236038BD98250020F8B500BFBD
:10CCC0005FF800F06D0A00205FF800F035020020E8
:10CCD0005FF800F00D0B00205FF800F0A9020020C3
:10CCE0005FF800F0991000205FF800F04911002073
:10CCF0005FF800F06D0200205FF800F0950A002058
:10CD00005FF800F0C90A00205FF800F0CD010020B4
:10CD10005FF800F0110100208D1B0010011B0010B6
:10CD2000351B0010D91B00106D1B0010851A001058
:10CD3000B51B0010711A0010850E0010B91B0010F1
:10CD400049120010D11A0010A11B0010511B001035
:10CD50006D0800109508001019020010F54400102D
:10CD60005374617274210000456E7465722074689A
:10CD700065206E756D626572206F662064657369EB
:10CD80007265642073616D706C6573206265747781
:10CD900065656E203120616E64203130303A0000CC
:10CDA00025640000596F7520656E74657265643A7C
:10CDB0002025640A000000005072696E74696E6775
:10CDC00020706F74656E74696F6D6574657220761E
:10CDD0006F6C74616765733A2000000025660A0075
:10CDE000507265737320627574746F6E2061676131
:10CDF000696E20746F207265706561742E0000008A
:10CE00000A2A2A2A2050414E4943202A2A2A0A0067
:10CE10000A0000004E6F207370696E6C6F636B7355
:10CE20002061726520617661696C61626C650000E9
:10CE30004E6F20757365722049525173206172657F
:10CE400020617661696C61626C65000048617264A2
:10CE50007761726520616C61726D20256420616C60
:10CE6000726561647920636C61696D6564000000BE
:10CE70004861726420617373657274004F75742029
:10CE80006F66206D656D6F727900000052656C658C
:10CE900061736500626F6F74325F7732357130385D
:10CEA00030000000302E3100322E312E31000000D3
:10CEB0007069636F32000000485733004170722080
:10CEC0003230203230323500666E692B00000000AF
:10CED000666E69006E616E00666E692D000000006E
:10CEE0002C2066756E6374696F6E3A200000000036
:10CEF000617373657274696F6E20222573222066D8
:10CF000061696C65643A2066696C6520222573222C
:10CF10002C206C696E65202564257325730A00003A
:10CF200055534220737464696E202F207374646FAC
:10CF30007574000052617370626572727920506975
:10CF4000000000005069636F00000000426F6172D2
:10CF50006420434443000000526573657400000080
:10CF6000556E68616E646C6564204952512030785A
:10CF700025780A00657020253032582077617320AB
:10CF8000616C726561647920617661696C61626C63
:10CF90006500000043616E277420636F6E74696ED4
:10CFA00075652078666572206F6E20696E616374A6
:10CFB00069766520657020253032580065256C64DF
:10CFC000000000006E660000696E69747900000060
:10CFD000616E00004C435F434F4C4C415445000090
:10CFE0004C435F4354595045000000004C435F4D93
:10CFF0004F4E4554415259004C435F4E554D45529A
:10D00000494300004C435F54494D45004C435F4D3C
:10D0100045535341474553004A495300534A4953E6
:10D02000000000004555434A5000000042616C6C0E
:10D030006F63207375636365656465640000000059
:10D040002F566F6C756D65732F646174612F6A65FF
:10D050006E6B696E732F776F726B73706163652F80
:10D06000474E552D746F6F6C636861696E2F6172E6
:10D070006D2D31342F7372632F6E65776C69622D5D
:10D0800063796777696E2F6E65776C69622F6C695B
:10D0900062632F7374646C69622F6764746F612DAF
:10D0A0006765746865782E63000000002F566F6C0A
:10D0B000756D65732F646174612F6A656E6B696E3F
:10D0C000732F776F726B73706163652F474E552DA9
:10D0D000746F6F6C636861696E2F61726D2D31348E
:10D0E0002F7372632F6E65776C69622D6379677732
:10D0F000696E2F6E65776C69622F6C6962632F733E
:10D1000074646C69622F6D707265632E6300000039
:10D11000FFFFFFFFFFFFFF7F06005250D3F0754275
:10D120008CCE001006005250E182887F94CE001011
:10D13000060052503ABCA911A4CE0010060052506D
:10D14000ABB36053A8CE001006005250BBFF3CB6F4
:10D15000B0CE001006005250861C0302B8CE00105C
:10D16000060052505422A29DBCCE00100500525021
:10D17000DE65F468485D0110000000000000F03F2B
:10D1800000000000000024400000000000005940A2
:10D190000000000000408F40000000000088C340F5
:10D1A00000000000006AF8400000000080842E416A
:10D1B00000000000D01263410000000084D79741B6
:10D1C0000000000065CDCD410D0A00000000000008
:10D1D000693F0010000000006D3F0010793F001013
:10D1E000A53F0010A13F0010000000000A00000051
:10D1F00000000306A6000800020002009C001400C4
:10D20000030057494E555342000000000000000043
:10D210000000800004000100280044006500760042
:10D2200069006300650049006E00740065007200CB
:10D230006600610063006500470055004900440036
:10D2400000004E007B0062006300370033003900AD
:10D250003800630031002D003700330063006400A4
:10D260002D0034006300620037002D0039003800C3
:10D27000620038002D0039003100330061003800B1
:10D2800066006300610037006200660036007D00C2
:10D2900000000000050F2100011C100500DF60DD0B
:10D2A000D88945C74C9CD2659D9E648A9F00000327
:10D2B00006A60001000000000600525053B4F4A17D
:10D2C00020CF00100000000034CF001044CF001029
:10D2D0000C2A00204CCF001058CF00100902540037
:10D2E000030100807D080B00020202000009040017
:10D2F00000010202000405240020010524010001B0
:10D300000424020605240600010705810308001015
:10D3100009040100020A00000007050202400000A3
:10D32000070582024000000904020000FF00010519
:10D3300012011002EF0201408A2E090000010102D1
:10D340000301000000000000A95800101959001046
:10D350004959001095590010555A0010155B0010DE
:10D3600000000000000000000D5C0010695C00106F
:10D37000855C0010A95C0010FD3F00109D5D001051
:10D38000000000000A000100020003000400050084
:10D3900006000700080009000A000B000C000D0041
:10D3A0000E000F001000000034000000CEFBFFFF55
:10D3B000CB03000001000000000000003500000069
:10D3C000CEFBFFFFCB0300000100000000000000C7
:10D3D000BC89D897B2D29C3C33A7A8D523F649394B
:10D3E0003DA7F444FD0FA5329D978CCF08BA5B256D
:10D3F000436FAC64280668110020202020202020E4
:10D4000020202828282828202020202020202020F4
:10D410002020202020202020208810101010101004
:10D420001010101010101010100404040404040450
:10D4300004040410101010101010414141414141EA
:10D4400001010101010101010101010101010101CC
:10D4500001010101101010101010424242424242DC
:10D46000020202020202020202020202020202029C
:10D470000202020210101010200000000000000044
:10D48000000000000000000000000000000000009C
:10D49000000000000000000000000000000000008C
:10D4A000000000000000000000000000000000007C
:10D4B000000000000000000000000000000000006C
:10D4C000000000000000000000000000000000005C
:10D4D000000000000000000000000000000000004C
:10D4E000000000000000000000000000000000003C
:10D4F0000000000000000000000000000C5F104E63
:10D50000154E2A4E314E364E3C4E3F4E424E564EF2
:10D51000584E824E854E6B8C8A4E12820D5F8E4E17
:10D520009E4E9F4EA04EA24EB04EB34EB64ECE4E25
:10D53000CD4EC44EC64EC24ED74EDE4EED4EDF4EE1
:10D54000F74E094F5A4F304F5B4F5D4F574F474F84
:10D55000764F884F8F4F984F7B4F694F704F914F49
:10D560006F4F864F964F1851D44FDF4FCE4FD84F45
:10D57000DB4FD14FDA4FD04FE44FE54F1A502850D0
:10D5800014502A50255005501C4FF64F2150295059
:10D590002C50FE4FEF4F1150065043504750036739
:10D5A0005550505048505A5056506C5078508050FA
:10D5B0009A508550B450B250C950CA50B350C2505E
:10D5C000D650DE50E550ED50E350EE50F950F55096
:10D5D0000951015102511651155114511A5121513D
:10D5E0003A5137513C513B513F51405152514C51AE
:10D5F00054516251F87A69516A516E518051825189
:10D60000D8568C5189518F519151935195519651C2
:10D61000A451A651A251A951AA51AB51B351B15134
:10D62000B251B051B551BD51C551C951DB51E05155
:10D630005586E951ED51F051F551FE5104520B520E
:10D6400014520E5227522A522E52335239524F52EE
:10D6500044524B524C525E5254526A527452695266
:10D6600073527F527D528D5294529252715288520F
:10D670009152A88FA78FAC52AD52BC52B552C15235
:10D68000CD52D752DE52E352E652ED98E052F352B9
:10D69000F552F852F9520653085338750D5310538A
:10D6A0000F5315531A5323532F53315333533853B6
:10D6B000405346534553174E49534D53D6515E532D
:10D6C00069536E5318597B53775382539653A05323
:10D6D000A653A553AE53B053B653C353127CD99639
:10D6E000DF53FC66EE71EE53E853ED53FA530154E9
:10D6F0003D5440542C542D543C542E5436542954EB
:10D700001D544E548F5475548E545F547154775435
:10D71000705492547B54805476548454905486545C
:10D72000C754A254B854A554AC54C454C854A854B3
:10D73000AB54C254A454BE54BC54D854E554E6541B
:10D740000F551455FD54EE54ED54FA54E254395526
:10D75000405563554C552E555C55455556555755B6
:10D76000385533555D5599558055AF548A559F5559
:10D770007B557E5598559E55AE557C558355A9557C
:10D780008755A855DA55C555DF55C455DC55E455C0
:10D79000D4551456F7551656FE55FD551B56F955DA
:10D7A0004E565056DF7134563656325638566B56F2
:10D7B00064562F566C566A56865680568A56A05620
:10D7C00094568F56A556AE56B656B456C256BC564B
:10D7D000C156C356C056C856CE56D156D356D75644
:10D7E000EE56F9560057FF560457095708570B577E
:10D7F0000D57135718571657C7551C5726573757E5
:10D8000038574E573B5740574F576957C05788575F
:10D8100061577F5789579357A057B357A457AA57B3
:10D82000B057C357C657D457D257D3570A58D657AD
:10D83000E3570B5819581D587258215862584B58C5
:10D840007058C06B52583D5879588558B9589F58F0
:10D85000AB58BA58DE58BB58B858AE58C558D3580C
:10D86000D158D758D958D858E558DC58E458DF581B
:10D87000EF58FA58F958FB58FC58FD5802590A5904
:10D8800010591B59A66825592C592D593259385908
:10D890003E59D27A555950594E595A595859625988
:10D8A000605967596C596959785981599D595E4F2A
:10D8B000AB4FA359B259C659E859DC598D59D959BA
:10D8C000DA59255A1F5A115A1C5A095A1A5A405ADB
:10D8D0006C5A495A355A365A625A6A5A9A5ABC5A36
:10D8E000BE5ACB5AC25ABD5AE35AD75AE65AE95AD7
:10D8F000D65AFA5AFB5A0C5B0B5B165B325BD05A5A
:10D900002A5B365B3E5B435B455B405B515B555B33
:10D910005A5B5B5B655B695B705B735B755B785BDC
:10D9200088657A5B805B835BA65BB85BC35BC75B28
:10D93000C95BD45BD05BE45BE65BE25BDE5BE55B33
:10D94000EB5BF05BF65BF35B055C075C085C0D5C16
:10D95000135C205C225C285C385C395C415C465C72
:10D960004E5C535C505C4F5C715B6C5C6E5C624EF9
:10D97000765C795C8C5C915C945C9B59AB5CBB5C29
:10D98000B65CBC5CB75CC55CBE5CC75CD95CE95C82
:10D99000FD5CFA5CED5C8C5DEA5C0B5D155D175D12
:10D9A0005C5D1F5D1B5D115D145D225D1A5D195D7F
:10D9B000185D4C5D525D4E5D4B5D6C5D735D765DDB
:10D9C000875D845D825DA25D9D5DAC5DAE5DBD5D8C
:10D9D000905DB75DBC5DC95DCD5DD35DD25DD65D4B
:10D9E000DB5DEB5DF25DF55D0B5E1A5E195E115E4F
:10D9F0001B5E365E375E445E435E405E4E5E575E43
:10DA0000545E5F5E625E645E475E755E765E7A5E01
:10DA1000BC9E7F5EA05EC15EC25EC85ED05ECF5E11
:10DA2000D65EE35EDD5EDA5EDB5EE25EE15EE85E10
:10DA3000E95EEC5EF15EF35EF05EF45EF85EFE5E63
:10DA4000035F095F5D5F5C5F0B5F115F165F295FBE
:10DA50002D5F385F415F485F4C5F4E5F2F5F515FC6
:10DA6000565F575F595F615F6D5F735F775F835F7D
:10DA7000825F7F5F8A5F885F915F875F9E5F995F4C
:10DA8000985FA05FA85FAD5FBC5FD65FFB5FE45FA0
:10DA9000F85FF15FDD5FB360FF5F21606060196078
:10DAA000106029600E6031601B6015602B6026607D
:10DAB0000F603A605A6041606A6077605F604A60F8
:10DAC00046604D6063604360646042606C606B60A0
:10DAD000596081608D60E76083609A6084609B60BC
:10DAE000966097609260A7608B60E160B860E060CC
:10DAF000D360B460F05FBD60C660B560D8604D6152
:10DB000015610661F660F7600061F460FA60036118
:10DB10002161FB60F1600D610E6147613E6128612A
:10DB200027614A613F613C612C6134613D61426122
:10DB3000446173617761586159615A616B617461C5
:10DB40006F61656171615F615D615361756199616B
:10DB500096618761AC6194619A618A619161AB6100
:10DB6000AE61CC61CA61C961F761C861C361C66158
:10DB7000BA61CB61797FCD61E661E361F661FA61FB
:10DB8000F461FF61FD61FC61FE610062086209628F
:10DB90000D620C6214621B621E6221622A622E6296
:10DBA00030623262336241624E625E6263625B6225
:10DBB000606268627C62826289627E629262936263
:10DBC0009662D46283629462D762D162BB62CF6292
:10DBD000FF62C662D464C862DC62CC62CA62C2629E
:10DBE000C7629B62C9620C63EE62F16227630263E3
:10DBF0000863EF62F56250633E634D631C644F63DC
:10DC000096638E638063AB637663A3638F6389637C
:10DC10009F63B5636B636963BE63E963C063C66397
:10DC2000E363C963D263F663C46316643464066451
:10DC30001364266436641D65176428640F64676482
:10DC40006F6476644E642A6595649364A564A964E0
:10DC50008864BC64DA64D264C564C764BB64D86495
:10DC6000C264F164E7640982E064E164AC62E36485
:10DC7000EF642C65F664F464F264FA640065FD6494
:10DC800018651C650565246523652B653465356558
:10DC90003765366538654B754865566555654D651C
:10DCA00058655E655D6572657865826583658A8B9A
:10DCB0009B659F65AB65B765C365C665C165C46592
:10DCC000CC65D265DB65D965E065E165F1657267B4
:10DCD0000A660366FB6573673566366634661C66DE
:10DCE0004F664466496641665E665D666466676661
:10DCF00068665F6662667066836688668E66896639
:10DD0000846698669D66C166B966C966BE66BC666D
:10DD1000C466B866D666DA66E0663F66E666E966B9
:10DD2000F066F566F7660F6716671E672667276752
:10DD300038972E673F6736674167386737674667AA
:10DD40005E67606759676367646789677067A9671B
:10DD50007C676A678C678B67A667A1678567B7670B
:10DD6000EF67B467EC67B367E967B867E467DE67D6
:10DD7000DD67E267EE67B967CE67C667E7679C6AEB
:10DD80001E684668296840684D6832684E68B36806
:10DD90002B685968636877687F689F688F68AD688B
:10DDA00094689D689B688368AE6AB9687468B56852
:10DDB000A068BA680F698D687E680169CA680869D9
:10DDC000D86822692669E1680C69CD68D468E7687B
:10DDD000D568366912690469D768E3682569F96806
:10DDE000E068EF6828692A691A6923692169C668A9
:10DDF000796977695C6978696B6954697E696E696C
:10DE0000396974693D695969306961695E695D693B
:10DE100081696A69B269AE69D069BF69C169D3694C
:10DE2000BE69CE69E85BCA69DD69BB69C369A76978
:10DE30002E6A9169A0699C699569B469DE69E8698F
:10DE4000026A1B6AFF690A6BF969F269E769056A88
:10DE5000B1691E6AED69146AEB690A6A126AC16ADD
:10DE6000236A136A446A0C6A726A366A786A476A75
:10DE7000626A596A666A486A386A226A906A8D6A72
:10DE8000A06A846AA26AA36A976A1786BB6AC36A91
:10DE9000C26AB86AB36AAC6ADE6AD16ADF6AAA6A21
:10DEA000DA6AEA6AFB6A056B1686FA6A126B166B07
:10DEB000319B1F6B386B376BDC76396BEE98476B99
:10DEC000436B496B506B596B546B5B6B5F6B616B56
:10DED000786B796B7F6B806B846B836B8D6B986BCE
:10DEE000956B9E6BA46BAA6BAB6BAF6BB26BB16B9C
:10DEF000B36BB76BBC6BC66BCB6BD36BDF6BEC6B75
:10DF0000EB6BF36BEF6BBE9E086C136C146C1B6CAD
:10DF1000246C236C5E6C556C626C6A6C826C8D6CCC
:10DF20009A6C816C9B6C7E6C686C736C926C906C60
:10DF3000C46CF16CD36CBD6CD76CC56CDD6CAE6C15
:10DF4000B16CBE6CBA6CDB6CEF6CD96CEA6C1F6D9B
:10DF50004D88366D2B6D3D6D386D196D356D336D9A
:10DF6000126D0C6D636D936D646D5A6D796D596DA5
:10DF70008E6D956DE46F856DF96D156E0A6EB56DDC
:10DF8000C76DE66DB86DC66DEC6DDE6DCC6DE86D80
:10DF9000D26DC56DFA6DD96DE46DD56DEA6DEE6D1E
:10DFA0002D6E6E6E2E6E196E726E5F6E3E6E236EED
:10DFB0006B6E2B6E766E4D6E1F6E436E3A6E4E6EAE
:10DFC000246EFF6E1D6E386E826EAA6E986EC96EDC
:10DFD000B76ED36EBD6EAF6EC46EB26ED46ED56EBC
:10DFE0008F6EA56EC26E9F6E416F116F4C70EC6E9E
:10DFF000F86EFE6E3F6FF26E316FEF6E326FCC6E69
:10E000003E6F136FF76E866F7A6F786F816F806FD8
:10E010006F6F5B6FF36F6D6F826F7C6F586F8E6F7A
:10E02000916FC26F666FB36FA36FA16FA46FB96F6B
:10E03000C66FAA6FDF6FD56FEC6FD46FD86FF16FBB
:10E04000EE6FDB6F09700B70FA6F117001700F705B
:10E05000FE6F1B701A70746F1D7018701F70307017
:10E060003E7032705170637099709270AF70F17041
:10E07000AC70B870B370AE70DF70CB70DD70D970FB
:10E080000971FD701C711971657155718871667126
:10E0900062714C7156716C718F71FB7184719571E5
:10E0A000A871AC71D771B971BE71D271C971D471D7
:10E0B000CE71E071EC71E771F571FC71F971FF716E
:10E0C0000D7210721B7228722D722C7230723272A5
:10E0D0003B723C723F72407246724B72587274725D
:10E0E0007E7282728172877292729672A272A77227
:10E0F000B972B272C372C672C472CE72D272E27256
:10E10000E072E172F972F7720F5017730A731C73A1
:10E1100016731D7334732F73297325733E734E73F7
:10E120004F73D89E57736A7368737073787375737F
:10E130007B737A73C873B373CE73BB73C073E573A9
:10E14000EE73DE73A27405746F742574F873327401
:10E150003A7455743F745F74597441745C74697493
:10E16000707463746A7476747E748B749E74A7740E
:10E17000CA74CF74D474F173E074E374E774E9740F
:10E18000EE74F274F074F174F874F7740475037536
:10E1900005750C750E750D75157513751E7526753F
:10E1A0002C753C7544754D754A7549755B7546759A
:10E1B0005A756975647567756B756D757875767563
:10E1C0008675877574758A758975827594759A7563
:10E1D0009D75A575A375C275B375C375B575BD7508
:10E1E000B875BC75B175CD75CA75D275D975E3753D
:10E1F000DE75FE75FF75FC750176F075FA75F275C2
:10E20000F3750B760D7609761F76277620762176C4
:10E2100022762476347630763B7647764876467694
:10E220005C76587661766276687669766A76677625
:10E230006C7670767276767678767C768076837673
:10E2400088768B768E769676937699769A76B07671
:10E25000B476B876B976BA76C276CD76D676D276F8
:10E26000DE76E176E576E776EA762F86FB76087746
:10E2700007770477297724771E77257726771B770A
:10E280003777387747775A7768776B775B77657733
:10E290007F777E7779778E778B779177A0779E7768
:10E2A000B077B677B977BF77BC77BD77BB77C777DD
:10E2B000CD77D777DA77DC77E377EE77FC770C7872
:10E2C0001278267920782A7945788E78747886783D
:10E2D0007C789A788C78A378B578AA78AF78D1785A
:10E2E000C678CB78D478BE78BC78C578CA78EC7814
:10E2F000E778DA78FD78F478077912791179197965
:10E300002C792B794079607957795F795A795579E9
:10E3100053797A797F798A799D79A7794B9FAA7900
:10E32000AE79B379B979BA79C979D579E779EC79E0
:10E33000E179E379087A0D7A187A197A207A1F7AC6
:10E340008079317A3B7A3E7A377A437A577A497ABA
:10E35000617A627A697A9D9F707A797A7D7A887A11
:10E36000977A957A987A967AA97AC87AB07AB67AAC
:10E37000C57AC47ABF7A8390C77ACA7ACD7ACF7ABF
:10E38000D57AD37AD97ADA7ADD7AE17AE27AE67ADC
:10E39000ED7AF07A027B0F7B0A7B067B337B187B5E
:10E3A000197B1E7B357B287B367B507B7A7B047BFD
:10E3B0004D7B0B7B4C7B457B757B657B747B677BE7
:10E3C000707B717B6C7B6E7B9D7B987B9F7B8D7B59
:10E3D0009C7B9A7B8B7B927B8F7B5D7B997BCB7BC2
:10E3E000C17BCC7BCF7BB47BC67BDD7BE97B117CA7
:10E3F000147CE67BE57B607C007C077C137CF37BF4
:10E40000F77B177C0D7CF67B237C277C2A7C1F7C8A
:10E41000377C2B7C3D7C4C7C437C547C4F7C407C0B
:10E42000507C587C5F7C647C567C657C6C7C757C05
:10E43000837C907CA47CAD7CA27CAB7CA17CA87C02
:10E44000B37CB27CB17CAE7CB97CBD7CC07CC57C2D
:10E45000C27CD87CD27CDC7CE27C3B9BEF7CF27C77
:10E46000F47CF67CFA7C067D027D1C7D157D0A7DA0
:10E47000457D4B7D2E7D327D3F7D357D467D737D97
:10E48000567D4E7D727D687D6E7D4F7D637D937D73
:10E49000897D5B7D8F7D7D7D9B7DBA7DAE7DA37DFE
:10E4A000B57DC77DBD7DAB7D3D7EA27DAF7DDC7D35
:10E4B000B87D9F7DB07DD87DDD7DE47DDE7DFB7DFB
:10E4C000F27DE17D057E0A7E237E217E127E317EF5
:10E4D0001F7E097E0B7E227E467E667E3B7E357EDB
:10E4E000397E437E377E327E3A7E677E5D7E567E03
:10E4F0005E7E597E5A7E797E6A7E697E7C7E7B7ED8
:10E50000837ED57D7D7EAE8F7F7E887E897E8C7E6C
:10E51000927E907E937E947E967E8E7E9B7E9C7E67
:10E52000387F3A7F457F4C7F4D7F4E7F507F517FB4
:10E53000557F547F587F5F7F607F687F697F677FEB
:10E54000787F827F867F837F887F877F8C7F947FA1
:10E550009E7F9D7F9A7FA37FAF7FB27FB97FAE7F83
:10E56000B67FB87F718BC57FC67FCA7FD57FD47FCA
:10E57000E17FE67FE97FF37FF97FDC980680048006
:10E580000B801280188019801C80218028803F8099
:10E590003B804A804680528058805A805F806280EB
:10E5A0006880738072807080768079807D807F80C3
:10E5B0008480868085809B8093809A80AD809051F6
:10E5C000AC80DB80E580D980DD80C480DA80D680B5
:10E5D0000981EF80F1801B81298123812F814B816B
:10E5E0008B9646813E8153815181FC8071816E8181
:10E5F000658166817481838188818A81808182813D
:10E60000A0819581A481A3815F819381A981B0813B
:10E61000B581BE81B881BD81C081C281BA81C98105
:10E62000CD81D181D981D881C881DA81DF81E08132
:10E63000E781FA81FB81FE810182028205820782E5
:10E640000A820D821082168229822B8238823382BE
:10E650004082598258825D825A825F8264826282DD
:10E6600068826A826B822E827182778278827E8251
:10E670008D829282AB829F82BB82AC82E182E382F6
:10E68000DF82D282F482F382FA8293830383FB8255
:10E69000F982DE820683DC820983D9823583348362
:10E6A00016833283318340833983508345832F839C
:10E6B0002B831783188385839A83AA839F83A283DE
:10E6C000968323838E8387838A837C83B583738336
:10E6D0007583A0838983A883F4831384EB83CE831B
:10E6E000FD830384D8830B84C183F7830784E0838D
:10E6F000F2830D8422842084BD8338840685FB83C5
:10E700006D842A843C845A85848477846B84AD84A8
:10E710006E848284698446842C846F8479843584F1
:10E72000CA846284B984BF849F84D984CD84BB8425
:10E73000DA84D084C184C684D684A1842185FF84F0
:10E74000F484178518852C851F8515851485FC8410
:10E750004085638558854885418502864B8555856A
:10E760008085A485888591858A85A8856D85948511
:10E770009B85EA8587859C8577857E859085C9857B
:10E78000BA85CF85B985D085D585DD85E585DC85DC
:10E79000F9850A8613860B86FE85FA85068622860B
:10E7A0001A8630863F864D86554E54865F8667862C
:10E7B00071869386A386A986AA868B868C86B68662
:10E7C000AF86C486C686B086C9862388AB86D486C3
:10E7D000DE86E986EC86DF86DB86EF861287068793
:10E7E000088700870387FB86118709870D87F986CD
:10E7F0000A8734873F8737873B87258729871A878A
:10E8000060875F8778874C874E87748757876887CC
:10E810006E875987538763876A870588A2879F8792
:10E820008287AF87CB87BD87C087D087D696AB87D7
:10E83000C487B387C787C687BB87EF87F287E08720
:10E840000F880D88FE87F687F7870E88D287118894
:10E850001688158822882188318836883988278843
:10E860003B8844884288528859885E8862886B88D1
:10E8700081887E889E8875887D88B5887288828820
:10E8800097889288AE889988A2888D88A488B08855
:10E89000BF88B188C388C488D488D888D988DD88DF
:10E8A000F9880289FC88F488E888F28804890C8950
:10E8B0000A89138943891E8925892A892B894189D7
:10E8C00044893B89368938894C891D8960895E89EC
:10E8D000668964896D896A896F89748977897E8977
:10E8E000838988898A8993899889A189A989A68930
:10E8F000AC89AF89B289BA89BD89BF89C089DA89F3
:10E90000DC89DD89E789F489F889038A168A108A07
:10E910000C8A1B8A1D8A258A368A418A5B8A528A1A
:10E92000468A488A7C8A6D8A6C8A628A858A828A4B
:10E93000848AA88AA18A918AA58AA68A9A8AA38AA1
:10E94000C48ACD8AC28ADA8AEB8AF38AE78AE48AA1
:10E95000F18A148BE08AE28AF78ADE8ADB8A0C8BE2
:10E96000078B1A8BE18A168B108B178B208B338BBE
:10E97000AB97268B2B8B3E8B288B418B4C8B4F8BF5
:10E980004E8B498B568B5B8B5A8B6B8B5F8B6C8B57
:10E990006F8B748B7D8B808B8C8B8E8B928B938B00
:10E9A000968B998B9A8B3A8C418C3F8C488C4C8CF3
:10E9B0004E8C508C558C628C6C8C788C7A8C828CC2
:10E9C000898C858C8A8C8D8C8E8C948C7C8C988C8C
:10E9D0001D62AD8CAA8CBD8CB28CB38CAE8CB68C07
:10E9E000C88CC18CE48CE38CDA8CFD8CFA8CFB8CAB
:10E9F000048D058D0A8D078D0F8D0D8D108D4E9F09
:10EA0000138DCD8C148D168D678D6D8D718D738DDD
:10EA1000818D998DC28DBE8DBA8DCF8DDA8DD68DBB
:10EA2000CC8DDB8DCB8DEA8DEB8DDF8DE38DFC8D79
:10EA3000088E098EFF8D1D8E1E8E108E1F8E428EAB
:10EA4000358E308E348E4A8E478E498E4C8E508E47
:10EA5000488E598E648E608E2A8E638E558E768E89
:10EA6000728E7C8E818E878E858E848E8B8E8A8E22
:10EA7000938E918E948E998EAA8EA18EAC8EB08E2E
:10EA8000C68EB18EBE8EC58EC88ECB8EDB8EE38ECB
:10EA9000FC8EFB8EEB8EFE8E0A8F058F158F128FEC
:10EAA000198F138F1C8F1F8F1B8F0C8F268F338F07
:10EAB0003B8F398F458F428F3E8F4C8F498F468FCA
:10EAC0004E8F578F5C8F628F638F648F9C8F9F8F69
:10EAD000A38FAD8FAF8FB78FDA8FE58FE28FEA8F7D
:10EAE000EF8F8790F48F0590F98FFA8F1190159022
:10EAF00021900D901E9016900B9027903690359097
:10EB00003990F88F4F905090519052900E904990BC
:10EB10003E90569058905E9068906F907690A89630
:10EB2000729082907D90819080908A9089908F9051
:10EB3000A890AF90B190B590E290E4904862DB90DD
:10EB4000029112911991329130914A9156915891B6
:10EB5000639165916991739172918B918991829181
:10EB6000A291AB91AF91AA91B591B491BA91C09194
:10EB7000C191C991CB91D091D691DF91E191DB9177
:10EB8000FC91F591F6911E92FF9114922C921592A0
:10EB900011925E9257924592499264924892959250
:10EBA0003F924B9250929C92969293929B925A9241
:10EBB000CF92B992B792E9920F93FA9244932E931F
:10EBC000199322931A9323933A9335933B935C932F
:10EBD00060937C936E935693B093AC93AD93949360
:10EBE000B993D693D793E893E593D893C393DD93E2
:10EBF000D093C893E4931A941494139403940794B1
:10EC0000109436942B94359421943A9441945294D0
:10EC100044945B94609462945E946A942992709494
:10EC2000759477947D945A947C947E9481947F9487
:10EC3000829587958A959495969598959995A0959E
:10EC4000A895A795AD95BC95BB95B995BE95CA9568
:10EC5000F66FC395CD95CC95D595D495D695DC9585
:10EC6000E195E595E295219628962E962F96429667
:10EC70004C964F964B9677965C965E965D965F9611
:10EC8000669672966C968D96989695969796AA9695
:10EC9000A796B196B296B096B496B696B896B9962F
:10ECA000CE96CB96C996CD964D89DC960D97D59686
:10ECB000F99604970697089713970E9711970F9751
:10ECC0001697199724972A97309739973D973E972B
:10ECD000449746974897429749975C9760976497FF
:10ECE00066976897D2526B977197799785977C97BB
:10ECF00081977A9786978B978F9790979C97A897ED
:10ED0000A697A397B397B497C397C697C897CB977F
:10ED1000DC97ED974F9FF297DF7AF697F5970F986C
:10ED20000C9838982498219837983D9846984F9891
:10ED30004B986B986F987098719874987398AA987C
:10ED4000AF98B198B698C498C398C698E998EB98CC
:10ED50000399099912991499189921991D991E9945
:10ED6000249920992C992E993D993E994299499937
:10ED7000459950994B99519952994C995599979910
:10ED80009899A599AD99AE99BC99DF99DB99DD99D0
:10ED9000D899D199ED99EE99F199F299FB99F89951
:10EDA000019A0F9A059AE299199A2B9A379A459ADD
:10EDB000429A409A439A3E9A559A4D9A5B9A579A2C
:10EDC0005F9A629A659A649A699A6B9A6A9AAD9AFE
:10EDD000B09ABC9AC09ACF9AD19AD39AD49ADE9A12
:10EDE000DF9AE29AE39AE69AEF9AEB9AEE9AF49A0D
:10EDF000F19AF79AFB9A069B189B1A9B1F9B229BE2
:10EE0000239B259B279B289B299B2A9B2E9B2F9BE3
:10EE1000329B449B439B4F9B4D9B4E9B519B589BCE
:10EE2000749B939B839B919B969B979B9F9BA09B83
:10EE3000A89BB49BC09BCA9BB99BC69BCF9BD19BF5
:10EE4000D29BE39BE29BE49BD49BE19B3A9CF29B8D
:10EE5000F19BF09B159C149C099C139C0C9C069C9C
:10EE6000089C129C0A9C049C2E9C1B9C259C249C08
:10EE7000219C309C479C329C469C3E9C5A9C609CAA
:10EE8000679C769C789CE79CEC9CF09C099D089D77
:10EE9000EB9C039D069D2A9D269DAF9D239D1F9D56
:10EEA000449D159D129D419D3F9D3E9D469D489DC3
:10EEB0005D9D5E9D649D519D509D599D729D899D56
:10EEC000879DAB9D6F9D7A9D9A9DA49DA99DB29DA6
:10EED000C49DC19DBB9DB89DBA9DC69DCF9DC29D41
:10EEE000D99DD39DF89DE69DED9DEF9DFD9D1A9EBC
:10EEF0001B9E1E9E759E799E7D9E819E889E8B9EEA
:10EF00008C9E929E959E919E9D9EA59EA99EB89E2A
:10EF1000AA9EAD9E6197CC9ECE9ECF9ED09ED49E43
:10EF2000DC9EDE9EDD9EE09EE59EE89EEF9EF49ECA
:10EF3000F69EF79EF99EFB9EFC9EFD9E079F089FF6
:10EF4000B776159F219F2C9F3E9F4A9F529F549FAB
:10EF5000639F5F9F609F619F669F679F6C9F6A9F93
:10EF6000779F729F769F959F9C9FA09F2F58C76900
:10EF700059906474DC5199719C4E1655035A3F9612
:10EF8000C0541B612863F659229075841C83507A03
:10EF9000AA60E163256EED656684A682F59B9368A1
:10EFA0002757A16571629B5BD0597B86F498627D7F
:10EFB000BE7D8E9B16629F7CB788895BB55E0963B8
:10EFC00097664868C7958D974F67E54E0A4F4D4F36
:10EFD0009D4F4950F2563759D459015A095CDF60A8
:10EFE0000F61706113660569BA704F757075FB79B2
:10EFF000AD7DEF7DC3800E846388028B55907A903F
:10F000003B53954EA54EDF57B280C190EF78004E2E
:10F01000F158A26E3890327A28838B822F9C41510E
:10F020007053BD54E154E056FB59155FF298EB6DF7
:10F03000E4802D8562967096A096FB970B54F3534F
:10F04000875BCF70BD7FC28FE8966F535C9DBA7AA5
:10F05000114E9378FC81266E185604551D6B1A8547
:10F060003B9CE559A953666DDC748F954256914ED1
:10F070004B90F2964F830C99E153B655305B715F1C
:10F080002066F3660468386CF36C296D5B74C8768F
:10F090004E7A3498F1825B88608AED92B26DAB75DE
:10F0A000CA76C599A660018B8A8DB2958E69AD53DB
:10F0B0008651125730584459B45BF65E2860A963F4
:10F0C000F463BF6C146F8E7014715971D5713F73F6
:10F0D000017E7682D182978560905B921B9D6958F4
:10F0E000BC655A6C2575F9512E596559805FDC5FF6
:10F0F000BC62FA652A6A276BB46B8B73C17F568931
:10F100002C9D0E9DC49EA15C966C7B8304514B5C30
:10F11000B661C68176686172594EFA4F785369605C
:10F12000296E4F7AF3970B4E1653EE4E554F3D4FC7
:10F13000A14F734FA052EF5309560F59C15AB65BF6
:10F14000E15BD17987669C67B6674C6BB36C6B707B
:10F15000C2738D79BE793C7A877BB182DB8204836E
:10F160007783EF83D3836687B28A2956A88CE68F8C
:10F170004E901E978A86C44FE85C116259723B75A7
:10F18000E581BD82FE86C08CC5961399D599CB4E7C
:10F190001A4FE389DE564A58CA58FB5EEB5F2A6075
:10F1A00094606260D0611262D0623965419B66668C
:10F1B000B068776D70704C758676757DA582F9871D
:10F1C0008B958E969D8CF151BE521659B354B35BFC
:10F1D000165D68618269AF6D8D78CB845788728ABD
:10F1E000A793B89A6C6DA899D986A357FF67CE8666
:10F1F0000E92835287560454D35EE162B9643C6830
:10F200003868BB6B7273BA786B7A9A89D2896B8DC6
:10F21000038FED90A39594966997665BB35C7D69C7
:10F220004D984E989B63207B2B6A7F6AB6680D9C35
:10F230005F6F72529D557060EC623B6D076ED16ED0
:10F240005B841089448F144E399CF6531B693A6ACB
:10F2500084972A685C51C37AB284DC918C935B56A4
:10F26000289D226805833184A57C0852C582E674F6
:10F270007E4E834FA051D25B0A52D852E752FB5DBB
:10F280009A552A58E6598C5B985BDB5B725E795E17
:10F29000A3601F616361BE61DB636265D167536810
:10F2A000FA683E6B536B576C226F976F456FB07463
:10F2B0001875E3760B77FF7AA17B217CE97D367F99
:10F2C000F07F9D8066829E83B389CC8AAB8C8490CC
:10F2D000519493959195A2956596D3972899188204
:10F2E000384E2B54B85CCC5DA9734C763C77A95C46
:10F2F000EB7F0B8DC196119854985898014F0E4F83
:10F3000071539C556856FA574759095BC45B905C2A
:10F310000C5E7E5ECC5FEE633A67D765E2651F6781
:10F32000CB68C4685F6A305EC56B176C7D6C7F7597
:10F330004879635B007A007DBD5F8F89188AB48C41
:10F34000778DCC8E1D8FE2980E9A3C9B804E7D501F
:10F35000005193599C5B2F628062EC643A6BA072FF
:10F3600091754779A97FFB87BC8A708BAC63CA8390
:10F37000A09709540354AB555468586A708A27788B
:10F380007567CD9E7453A25B1A8150860690184E05
:10F39000454EC74E114FCA533854AE5B135F2560BC
:10F3A00051653D67426C726CE36C78700374767AD9
:10F3B000AE7A087B1A7DFE7C667DE7655B72BB5387
:10F3C000455CE85DD262E0621963206E5A86318A3C
:10F3D000DD8DF892016FA6795A9BA84EAB4EAC4ECC
:10F3E0009B4FA04FD1504751F67A7151F65154536B
:10F3F00021537F53EB53AC558358E15C375F4A5F31
:10F400002F6050606D601F6359654B6AC16CC2729A
:10F41000ED72EF77F880058108824E85F790E193D1
:10F42000FF9757995A9AF04EDD512D5C81666D69B0
:10F43000405CF266756989735068817CC550E452FE
:10F440004757FE5D2693A465236B3D6B3474817929
:10F45000BD794B7BCA7DB982CC837F885F89398B2C
:10F46000D18FD1911F5480925D4E3650E5533A535F
:10F47000D7729673E977E682AF8EC699C899D2990A
:10F4800077511A615E86B0557A7A7650D35B479091
:10F490008596324EDB6AE791515C485C98639F7AAF
:10F4A000936C7497618FAA7A8A718896827C1768A8
:10F4B000707E51686C93F2521B54AB85138AA47F03
:10F4C000CD8EE190665388884179C24FBE5011526B
:10F4D000445153552D57EA738B575159625F845FDE
:10F4E000756076616761A961B2633A646C656F6645
:10F4F0004268136E66753D7AFB7C4C7D997D4B7E30
:10F500006B7F0E834A83CD86088A638A668BFD8E65
:10F510001A988F9DB882CE8FE89B87521F628364B2
:10F52000C06F999641689150206B7A6C546F747AD1
:10F53000507D4088238A0867F64E39502650655022
:10F540007C5138526352A7550F570558CC5AFA5E72
:10F55000B261F861F36272631C69296A7D72AC72F0
:10F560002E7314786F78797D0C77A9808B89198B2D
:10F57000E28CD28E639075937A965598139A789E02
:10F5800043519F53B3537B5E265F1B6E906E847313
:10F59000FE73437D3782008AFA8A50964E4E0B5096
:10F5A000E4537C54FA56D159645BF15DAB5E275F3E
:10F5B00038624565AF67566ED072CA7CB488A18048
:10F5C000E180F0834E86878AE88D3792C7966798E8
:10F5D000139F944E924E0D4F485349543E542F5A08
:10F5E0008C5FA15F9F60A7688E6A5A7481789E8A3B
:10F5F000A48A778B90915E4EC99BA44E7C4FAF4FEF
:10F600001950165049516C519F52B952FE529A539B
:10F61000E35311540E5489555157A2577D59545BE9
:10F620005D5B8F5BE55DE75DF75D785E835E9A5EAF
:10F63000B75E185F52604C619762D862A7633B6502
:10F6400002664366F4666D6721689768CB695F6CF4
:10F650002A6D696D2F6E9D6E327587766C783F7A54
:10F66000E07C057D187D5E7DB17D15800380AF80D7
:10F67000B18054818F812A8252834C8861881B8B90
:10F68000A28CFC8CCA90759171923F78FC92A495E3
:10F690004D9605989999D89A3B9D5B52AB52F7537A
:10F6A0000854D558F762E06F6A8C5F8FB99E4B5152
:10F6B0003B524A54FD56407A7791609DD29E4473E6
:10F6C000096F70811175FD5FDA60A89ADB72BC8FDB
:10F6D000646B0398CA4EF0566457BE585A5A686015
:10F6E000C7610F6606663968B168F76DD5753A7DF2
:10F6F0006E82429B9B4E504FC95306556F5DE65D2F
:10F70000EE5DFB67996C73740278508A9693DF887C
:10F710005057A75E2B63B550AC508D510067C9544C
:10F720005E58BB59B05B695F4D62A1633D68736B06
:10F73000086E7D70C7918072157826786D798E6518
:10F74000307DDC83C188098F9B96645228575067AF
:10F750006A7FA18CB45142572A963A588A69B4807C
:10F76000B2540E5DFC579578FA9D5C4F4A528B540B
:10F770003E6428661467F567847A567B227D2F9352
:10F780005C68AD9B397B19538A513752DF5BF66257
:10F79000AE64E6642D67BA6BA985D1969076D69B48
:10F7A0004C630693AB9BBF765266094E9850C2538A
:10F7B000715CE860926463655F68E671CA73237583
:10F7C000977B827E9586838BDB8C78911099AC65D4
:10F7D000AB668B6BD54ED44E3A4F7F4F3A52F853AF
:10F7E000F253E355DB56EB58CB59C959FF59505BDF
:10F7F0004D5C025E2B5ED75F1D6007632F655C5B0F
:10F80000AF65BD65E8659D67626B7B6B0F6C45738B
:10F810004979C179F87C197D2B7DA2800281F38121
:10F8200096895E8A698A668A8C8AEE8AC78CDC8CA5
:10F83000CC96FC986F6B8B4E3C4F8D4F5051575B65
:10F84000FA5B486101634266216BCB6EBB6C3E7212
:10F85000BD74D475C1783A790C803380EA81948480
:10F860009E8F506C7F9E0F5F588B2B9DFA7AF88E7F
:10F870008D5BEB96034EF153F7573159C95AA45B90
:10F8800089607F6E066FBE75EA8C9F5B0085E07BAA
:10F890007250F4679D82615C4A851E7E0E8299518A
:10F8A000045C6863668D9C656E713E79177D05808A
:10F8B0001D8BCA8E6E90C786AA901F50FA523A5C72
:10F8C00053677C7035724C91C8912B93E582C25B73
:10F8D000315FF9603B4ED653885B4B6231678A6B70
:10F8E000E972E0732E7A6B81A38D52919699125131
:10F8F000D7536A54FF5B8863396AAC7D0097DA5648
:10F90000CE536854975B315CDE5DEE4F0161FE6261
:10F91000326DC079CB79427D4D7ED27FED811F82E1
:10F92000908446887289908B748E2F8F31904B9182
:10F930006C91C6969C91C04E4F4F45514153935F79
:10F940000E62D467416C0B6E6373267ECD918392F9
:10F95000D4531959BF5BD16D5D792E7E9B7C7E5847
:10F960009F71FA515388F08FCA4FFB5C2566AC77C4
:10F97000E37A1C82FF99C651AA5FEC656F69896BB7
:10F98000F36D966E646FFE76147DE15D75908791E0
:10F990000698E6511D5240629166D9661A6EB65EAF
:10F9A000D27D727FF866AF85F785F88AA952D95360
:10F9B00073598F5E905F5560E4926496B7501F5103
:10F9C000DD5220534753EC53E854465531551756F2
:10F9D0006859BE593C5AB55B065C0F5C115C1A5CF9
:10F9E000845E8A5EE05E705F7F628462DB628C634D
:10F9F000776307660C662D6676667E67A2681F6A67
:10FA0000356ABC6C886D096E586E3C7126716771E1
:10FA1000C77501775D7801796579F079E07A117BB6
:10FA2000A77C397D9680D6838B8449855D88F38851
:10FA30001F8A3C8A548A738A618CDE8CA4916692F8
:10FA40007E9318949C9698970A4E084E1E4E574ED9
:10FA500097517052CE573458CC58225B385EC560EF
:10FA6000FE6461675667446DB6727375637AB884D5
:10FA7000728BB89120933156F457FE98ED620D6960
:10FA8000966BED71547E77807282E689DF98558798
:10FA9000B18F3B5C384FE14FB54F0755205ADD5BC6
:10FAA000E95BC35F4E612F63B0654B66EE689B698F
:10FAB000786DF16D3375B9751F775E79E679337DB1
:10FAC000E381AF82AA85AA893A8AAB8E9B8F329056
:10FAD000DD910797BA4EC14E03527558EC580B5C36
:10FAE0001A753D5C4E810A8AC58F63966D97257B9A
:10FAF000CF8A08986291F356A853179039548257C9
:10FB0000255EA863346C8A7061778B7CE07F708897
:10FB100042905491109318938F965E74C49A075D27
:10FB2000695D7065A267A88DDB966E634967196988
:10FB3000C5831798C096FE88846F7A64F85B164E6A
:10FB40002C705D752F66C4513652E252D359815FD5
:10FB5000276010623F6574651F667466F2681668F8
:10FB6000636B056E72721F75DB76BE7C5680F05833
:10FB7000FD887F89A08A938ACB8A1D9092915297A3
:10FB8000599789650E7A0681BB962D5EDC601A62F4
:10FB9000A56514669067F3774D7A4D7C3E7E0A81A9
:10FBA000AC8C648DE18D5F8EA9780752D962A56314
:10FBB000426498622D8A837AC07BAC8AEA96767D0D
:10FBC0000C824987D94E485143536053A35B025C72
:10FBD000165CDD5D26624762B06413683468C96CE8
:10FBE000456D176DD3675C6F4E717D71CB657F7A04
:10FBF000AD7BDA7D4A7EA87F7A811B823982A68519
:10FC00006E8ACE8CF58D78907790AD929192839597
:10FC1000AE9B4D528455386F367168518579557E4B
:10FC2000B381CE7C4C565158A85CAA63FE66FD6633
:10FC30005A69D9728F758E750E795679DF79977CEE
:10FC4000207D447D0786348A3B966190209FE75053
:10FC50007552CC53E2530950AA55EE584F593D7294
:10FC60008B5B645C1D53E360F3605C6383633F63A1
:10FC7000BB63CD64E965F966E35DCD69FD69156F28
:10FC8000E571894EE975F876937ADF7CCF7D9C7DAE
:10FC90006180498358836C84BC84FB85C588708DE2
:10FCA00001906D9097931C97129ACF5097588E6140
:10FCB000D3813585088D2090C34F745047527353BC
:10FCC0006F6049635F672C6EB38D1F90D74F5E5C8A
:10FCD000CA8CCF659A7D525396887651C363585B20
:10FCE0006B5B0A5C0D6451675C90D64E1A592A59B9
:10FCF000706C518A3E551558A559F0605362C16722
:10FD0000358255694096C499289A534F0658FE5B30
:10FD10001080B15C2F5E855F20604B613462FF66AE
:10FD2000F06CDE6ECE807F81D4828B88B88C0090A0
:10FD30002E908A96DB9EDB9BE34EF05327592C7B5B
:10FD40008D914C98F99DDD6E277053534455855B1A
:10FD500058629E62D362A26CEF6F2274178A389445
:10FD6000C16FFE8A3883E751F886EA53E953464F5C
:10FD70005490B08F6A593181FD5DEA7ABF8FDA689D
:10FD8000378CF872489C3D6AB08A394E58530656F3
:10FD90006657C562A263E6654E6BE16D5B6EAD7042
:10FDA000ED77EF7AAA7BBB7D3D80C680CB86958AB6
:10FDB0005B93E356C7583E5FAD659666806AB56B48
:10FDC0003775C78A2450E57730571B5F65607A66C0
:10FDD000606CF4751A7A6E7FF48118874590B39938
:10FDE000C97B5C75F97A517BC4841090E979927A69
:10FDF0003683E15A40772D4EF24E995BE05FBD624B
:10FE00003C66F167E86C6B8677883B8A4E91F3928B
:10FE1000D099176A26702A73E7825784AF8C014EF7
:10FE20004651CB518B55F55B165E335E815E145F98
:10FE3000355F6B5FB45FF2611163A2661D676E6F21
:10FE400052723A753A777480398178817687BF8AA1
:10FE5000DC8A858DF38D9A9277950298E59CC55240
:10FE60005763F4761567886CCD73C38CAE93739625
:10FE7000256D9C580E69CC69FD8F9A93DB751A909D
:10FE80005A580268B463FB69434F2C6FD867BB8F25
:10FE90002685B47D54933F69706F6A57F7582C5B81
:10FEA0002C7D2A720A54E391B49DAD4E4E4F5C50A6
:10FEB000755043529E8C485424589A5B1D5E955E43
:10FEC000AD5EF75E1F5F8C60B5623A63D063AF686A
:10FED000406C87788E790B7AE07D4782028AE68AC9
:10FEE000448E1390B8902D91D8910E9FE56C586474
:10FEF000E2647565F46E84761B7B6990D193BA6E6B
:10FF0000F254B95FA4644D8FED8F449278516B58D1
:10FF10002959555C975EFB6D8F7E1C75BC8CE28EFB
:10FF20005B98B9701D4FBF6BB16F3075FB964E512A
:10FF3000105435585758AC59605C925F97655C67B0
:10FF4000216E7B76DF83ED8C1490FD904D932578A8
:10FF50003A78AA52A65E1F577459126012505A512D
:10FF6000AC51CD5100521055545858585759955BC3
:10FF7000F65C8B5DBC6095622D6471674368BC68FC
:10FF8000DF68D776D86D6F6E9B6D6F70C871535FE9
:10FF9000D8757779497B547B527BD67C717D305202
:10FFA00063846985E4850E8A048B468C0F8E0390EA
:10FFB0000F90199476962D98309AD895CD50D552A9
:10FFC0000C5402580E5CA7619E641E6DB377E57AEF
:10FFD000F480048453908592E05C079D3F53975FC3
:10FFE000B35F9C6D79726377BF79E47BD26BEC72FF
:10FFF000AD8A0368616AF851817A34694A5CF69C7B
:020000041001E9
:10000000EB82C55B49911E7078566F5CC760666570
:100010008C6C5A8C419013985154C7660D92485974
:10002000A39085514D4EEA5199850E8B58707A6395
:100030004B936269B499047E777557536069DF8E7C
:10004000E3965D6C8C4E3C5C105FE98F0253D18C63
:1000500089807986FF5EE565734E655182593F5C04
:10006000EE97FB4E8A59CD5F8D8AE16FB079627948
:10007000E75B71842B73B171745EF55F7B639A6487
:10008000C371987C434EFC5E4B4EDC57A256A96070
:10009000C36F0D7DFD803381BF81B28F9789A486A8
:1000A000F45D8A62AD6487897767E26C3E6D367471
:1000B0003478465A757FAD82AC99F34FC35EDD62EA
:1000C000926357656F67C3764C72CC80BA80298F74
:1000D0004D910D50F957925A856873696471FD729C
:1000E000B78CF258E08C6A9619907F87E479E777AD
:1000F00029842F4F65525A53CD62CF67CA6C7D76E3
:10010000947B957C36828485EB8FDD66206F06724A
:100110001B7EAB83C199A69EFD51B17B7278B87BE3
:100120008780487BE86A615E8C80517560756B5191
:1001300062928C6E7A769791EA9A104F707F9C62E9
:100140004F7BA595E99C7A565958E486BC96344F66
:1001500024524A53CD53DB53065E2C6491657F676E
:100160003E6C4E6C4872AF72ED735475417E2C82BA
:10017000E985A98CC47BC69169711298EF983D639B
:1001800069666A75E476D0784385EE862A535153C2
:1001900026548359875E7C5FB26049627962AB62A4
:1001A0009065D46BCC6CB275AE769178D879CB7DF6
:1001B000777FA580AB88B98ABB8C7F905E97DB98F0
:1001C0000B6A387C99503E5CAE5F8767D86B35749C
:1001D00009778E7F3B9FCA67177A39538B75ED9AE3
:1001E000665F9D81F18398803C5FC55F6275467B49
:1001F0003C906768EB599B5A107D7E762C8BF54FAF
:100200006A5F196A376C026FE27468796888558A88
:10021000798CDF5ECF63C575D279D7822893F2924D
:100220009C84ED862D9CC1546C5F8C655C6D157053
:10023000A78CD38C3B984F65F6740D4ED84EE05783
:100240002B59665ACC5BA851035E9C5E16607662A1
:100250007765A7656E666E6D3672267B50819A81D2
:1002600099825C8BA08CE68C748D1C964496AE4F64
:10027000AB64666B1E8261846A85E890015C536999
:10028000A8987A8457850F4F6F52A95F455E0D6716
:100290008F79798107898689F56D175F5562B86C0A
:1002A000CF4E6972929B06523B547456B358A46168
:1002B0006E621A716E59897CDE7C1B7DF0968765B3
:1002C0005E80194E754F75514058635E735E0A5FCC
:1002D000C467264E3D8589955B96737C0198FB50DB
:1002E000C1585676A7782552A5771185867B4F5041
:1002F00009594772C77BE87DBA8FD48F4D90BF4FA5
:10030000C952295A015FAD97DD4F1782EA92035710
:100310005563696B2B75DC88148F427ADF529358D2
:1003200055610A62AE66CD6B3F7CE9832350F84F7E
:1003300005534654315849599D5BF05CEF5C295D8B
:10034000965EB16267633E65B9650B67D56CE16C1B
:10035000F97032782B7EDE80B3820C84EC840287C5
:1003600012892A8A4A8CA690D292FD98F39C6C9DA1
:100370004F4EA14E8D5056524A57A8593D5ED85FF8
:10038000D95F3F62B4661B67D067D2689251217D06
:10039000AA80A881008B8C8CBF8C7E9232962054D0
:1003A0002C981753D5505C53A858B26434676772C1
:1003B0006677467AE691C352A16C866B00584C5E14
:1003C00054592C67FB7FE151C6766964E878549BE9
:1003D000BB9ECB57B95927669A67CE6BE954D9694A
:1003E000555E9C819567AA9BFE67529C5D68A64EF0
:1003F000E34FC853B9622B67AB6CC48FAD4F6D7EB2
:10040000BF9E074E6261806E2B6F138573542A67FF
:10041000459BF35D957BAC5CC65B1C874A6ED184C3
:10042000147A088199598D7C116C2077D952225900
:1004300021715F72DB772797619D0B697F5A185A8C
:10044000A5510D547D540E66DF76F78F9892F49C7B
:10045000EA595D72C56E4D51C968BF7DEC7D6297EA
:10046000BA9E7864216A028384595F5BDB6B1B73DD
:10047000F276B27D1780998432512867D99EEE7644
:100480006267FF520599245C3B627E7CB08C4F55BD
:10049000B6600B7D809501535F4EB6511C593A7280
:1004A0003680CE91255FE2778453795F047DAC85F9
:1004B000338A8D8E5697F367AE8553940961086130
:1004C000B96C5276ED8A388F2F55514F2A51C75249
:1004D000CB53A55B7D5EA0608261D6630967DA6756
:1004E000676E8C6D3673377331755079D588988AFD
:1004F0004A909190F590C4968D871559884E594F22
:100500000E4E898A3F8F1098AD507C5E9659B95B2C
:10051000B85EDA63FA63C164DC664A69D8690B6D58
:10052000B66E94712875AF7A8A7F00804984C98439
:100530008189218B0A8E65907D960A997E619162F0
:10054000326B836C746DCC7FFC7FC06D857FBA8706
:10055000F8886567B1833C98F7961B6D617D3D8493
:100560006A91714E7553505D046BEB6FCD852D868E
:10057000A78929520F54655C4E67A8680674837476
:10058000E275CF88E188CC91E29678968B5F87738D
:10059000CB7A4E84A06365758952416D9C6E097457
:1005A00059756B78927C8696DC7A8D9FB64F6E611A
:1005B000C5655C86864EAE4EDA50214ECC51EE5B60
:1005C00099658168BC6D1F734276AD771C7AE77CB4
:1005D0006F82D28A7C90CF91759618989B52D17D6C
:1005E0002B5098539767CB6DD0713374E8812A8F65
:1005F000A396579C9F9E60744158996D2F7D5E987D
:10060000E44E364F8B4FB751B152BA5D1C60B27396
:100610003C79D3823492B796F6960A97979E629F5A
:10062000A666746B1752A352C870C288C95E4B602D
:100630009061236F49713E7CF47D6F80EE8423903E
:100640002C9342546F9BD36A8970C28CEF8D329782
:10065000B452415ACA5E045F17677C6994696A6D37
:100660000F6F6272FC72ED7B01807E804B87CE90B3
:100670006D51939E84798B803293D68A2D508C5401
:10068000718A6A6BC48C0781D160A067F29D994E14
:10069000984E109C6B8AC185688500697E6E97783C
:1006A00055810000002502250C251025182514254C
:1006B0001C252C25242534253C25012503250F2523
:1006C00013251B251725232533252B253B254B25B6
:1006D00020252F25282537253F251D253025252593
:1006E00038254225100411041204130414041504BF
:1006F000010416041704180419041A041B041C042A
:100700001D041E041F0420042104220423042404C5
:10071000250426042704280429042A042B042C0475
:100720002D042E042F040000000000000000000033
:1007300000000000000000000000000000000000B9
:100740000000000030043104320433043404350462
:10075000510436043704380439043A043B043C0499
:100760003D043E043F044004410442044304440465
:10077000450446044704480449044A044B044C0415
:100780004D044E044F04000091039203930394031D
:10079000950396039703980399039A039B039C037D
:1007A0009D039E039F03A003A103A303A403A5032A
:1007B000A603A703A803A90300000000000000008F
:1007C0000000000000000000B103B203B303B40353
:1007D000B503B603B703B803B903BA03BB03BC033D
:1007E000BD03BE03BF03C003C103C303C403C503EA
:1007F000C603C703C803C9030000000000000000CF
:1008000000000000000000010101010101010101DF
:1008100001000000000000000101010101010101CF
:1008200001010101010101010101010101010101B8
:1008300001010000000000000001010101010101AF
:100840000101010101010101010101010101010198
:1008500001010100C625A125A025B325B225BD258E
:10086000BC253B20123092219021912193211330FD
:100870000000000000000000000000000000000078
:1008800000000000000008220B228622872282221C
:1008900083222A222922000000000000000000001C
:1008A00000000000000027222822AC00D221D42121
:1008B00000220322292200000000000000000000A6
:1008C000000000000000000000002022A5221223EA
:1008D00002220722612252226A226B221A223D2220
:1008E0001D2235222B222C220000000000000000D7
:1008F0000000000000002B2130206F266D266A26A4
:1009000020202120B6002C22000000000000EF254E
:100910000030013002300CFF0EFFFB301AFF1BFFCE
:100920001FFF01FF9B309C30B40040FFA8003EFF3A
:100930003E203FFFFD30FE309D309E300330DD4EC7
:10094000053006300730FC30142010200FFF3CFF2C
:100950001C3016205CFF26202520182019201C2082
:100960001D2008FF09FF143015303BFF3DFF5BFFE2
:100970005DFF083009300A300B300C300D300E307E
:100980000F30103011300BFF1222B100D700F700EA
:100990001DFF60221CFF1EFF662267221E223422DA
:1009A00042264026B000322033200321A50004FF58
:1009B000A200A30005FF03FF06FF0AFF20FFA70018
:1009C00006260526CB25CF25CE25C725000000000D
:1009D0001F001C200000000014210000020016244B
:1009E000000000001425000002001528000000008F
:1009F000112900000000142A00000000182B00003C
:100A00000000142C00000000102D00000000142E27
:100A1000000001000C3000000900143A0000010041
:100A2000183C00000200143F0000010003410000D8
:100A30001900155B00000000145C00000000115D4F
:100A400000000000175E000000000F5F00000000C3
:100A5000176000000000036100001900157B000012
:100A60000000187C00000000117D00000000187ECE
:100A700000000000007F000020001CA0000000001B
:100A800014A10000000016A20000030019A6000037
:100A9000000014A70000000017A80000000019A91A
:100AA0000000000006AA0000000013AB00000000D8
:100AB00018AC0000000001AD0000000019AE0000FD
:100AC000000017AF0000000019B00000000018B1CE
:100AD000000000000EB20000010017B4000000008A
:100AE00003B50000000014B60000010017B80000B4
:100AF00000000EB90000000006BA0000000012BBA2
:100B0000000000000EBC0000020014BF0000000046
:100B100003C00000160018D70000000003D8000032
:100B2000060004DF0000000003E00000160018F7D4
:100B30000000000003F800003F000438010000003E
:100B4000033901000F00044901000000034A0100BD
:100B50004200048D01000000038E01000C00049B84
:100B600001000000039C01000D0004AA0100010027
:100B700003AC01000D0004BA0100000006BB010037
:100B8000000003BC0100010004BE0100000003BF1F
:100B90000100000006C00100030003C401000000C2
:100BA00007C50100000003C60100010007C80100DD
:100BB000000003C90100010007CB0100000003CCC5
:100BC0000100230004F00100000003F10100000017
:100BD00007F20100000003F301002D0004210200D0
:100BE0000000032202001100043402000500033A51
:100BF00002001A0004550200000003560200010022
:100C0000045802000000035902000000045A0200C8
:100C10000000035B02000100045D020002000360AB
:100C200002000100046202000000036302000000F1
:100C30000464020000000365020001000467020072
:100C40000000036802000400046D02000100036F4D
:100C500002000000047002000000037102000100A5
:100C60000473020001000375020000000476020014
:100C70000600037D02000000047E020001000380E4
:100C80000200000004810200000003820200010053
:100C9000048402000200038702000500048D0200A4
:100CA0000400039202000000049302000000069476
:100CB00002000000049502000700039D02000100ED
:100CC000049F0200100005B00200110017C20200CC
:100CD000030005C602000B0017D202000D0005E05C
:100CE0000200040017E50200060005EC0200000007
:100CF00017ED0200000005EE0200000017EF0200F1
:100D000010000B0003006F00037003000300057464
:100D100003000000177503000000037603000100C4
:100D2000057A03000000037B03000200147E030029
:100D30000000037F03000000178403000100038606
:100D40000300000014870300000003880300020072
:100D5000038C03000000038E0300010004900300D5
:100D6000000003910300100003A303000C0004B073
:100D70000300000003B10300200008D203000200BA
:100D800003D50300200018F60300000003F703005A
:100D9000040004FC0300000003FD0300840019822A
:100DA000040000000B83040004000A880400010012
:100DB000038A0400A500033105002500055905003C
:100DC0000000145A050005000460050000000361DE
:100DD00005002500048705000100148905000000B6
:100DE000108A05000000198D05000100168F05000E
:100DF00000000B9105002C0010BE050000000BBF89
:100E00000500000014C0050000000BC10500010032
:100E100014C3050000000BC40500010014C6050042
:100E200000000BC70500000006D005001A0006EF01
:100E30000500030014F30500010001000600050091
:100E4000180606000200140906000100160B060031
:100E50000000140C06000100190E060001000B1022
:100E600006000A00141B06000000011C060000001A
:100E7000141D06000200062006001F0005400600A3
:100E800000000641060009000B4B060014000C6030
:100E900006000900146A06000300066E0600010041
:100EA0000B700600000006710600620014D40600F4
:100EB000000006D5060000000BD60600060001DD86
:100EC0000600000019DE060000000BDF060005002A
:100ED00005E5060001000BE70600010019E9060020
:100EE00000000BEA0600030006EE060001000CF00D
:100EF0000600090006FA0600020019FD06000100BE
:100F000006FF06000000140007000D00010F070097
:100F100000000610070000000B1107000000061279
:100F200007001D000B3007001A00064D070058008F
:100F30000BA607000A0006B1070000000CC007005E
:100F4000090006CA070020000BEB0700080005F4A3
:100F50000700010019F60700000014F7070002005F
:100F600005FA070000000BFD0700000016FE070051
:100F700001000600080015000B1608000300051A02
:100F8000080000000B1B08000800052408000000F2
:100F90000B25080002000528080000000B290800A6
:100FA0000400143008000E000640080018000B5919
:100FB00008000200145E08000000066008000A0035
:100FC000067008001700178808000000068908004E
:100FD00005000190080001000B980800070006A01A
:100FE0000800280005C9080000000BCA0800170007
:100FF00001E2080000000BE308001F0009030900DC
:1010000000000604090035000B3A09000000093B06
:10101000090000000B3C09000000063D090000002B
:10102000093E090002000B410900070009490900B7
:1010300003000B4D09000000094E09000100065095
:10104000090000000B5109000600065809000900BC
:101050000B62090001001464090001000C6609001C
:1010600009001470090000000571090000000672F3
:1010700009000E000B81090000000982090001002F
:10108000068509000700068F090001000693090084
:10109000150006AA0900060006B20900000006B6FF
:1010A000090003000BBC0900000006BD0900000098
:1010B00009BE090002000BC10900030009C70900AD
:1010C000010009CB090001000BCD0900000006CE8C
:1010D0000900000009D70900000006DC0900010032
:1010E00006DF090002000BE2090001000CE609001E
:1010F000090006F00900010016F2090001000EF4D3
:101100000900050019FA0900000016FB090000009B
:1011100006FC0900000014FD090000000BFE090098
:1011200000000B010A00010009030A000000060587
:101130000A000500060F0A00010006130A00150048
:10114000062A0A00060006320A00010006350A00D7
:10115000010006380A0001000B3C0A000000093EAD
:101160000A0002000B410A0001000B470A000100BF
:101170000B4B0A0002000B510A00000006590A003E
:101180000300065E0A0000000C660A0009000B70EE
:101190000A00010006720A0002000B750A00000036
:1011A00014760A0000000B810A00010009830A007E
:1011B000000006850A000800068F0A000200069358
:1011C0000A00150006AA0A00060006B20A0001007D
:1011D00006B50A0004000BBC0A00000006BD0A00A8
:1011E000000009BE0A0002000BC10A0004000BC780
:1011F0000A00010009C90A00000009CB0A00010029
:101200000BCD0A00000006D00A00000006E00A002C
:1012100001000BE20A0001000CE60A00090014F0CC
:101220000A00000016F10A00000006F90A0000009A
:101230000BFA0A0005000B010B00000009020B006D
:10124000010006050B000700060F0B000100061346
:101250000B001500062A0B00060006320B000100E9
:1012600006350B0004000B3C0B000000063D0B0094
:101270000000093E0B0000000B3F0B00000009407E
:101280000B0000000B410B00030009470B0001009D
:10129000094B0B0001000B4D0B0000000B550B0020
:1012A000010009570B000000065C0B000100065FFF
:1012B0000B0002000B620B0001000C660B00090022
:1012C00019700B00000006710B0000000E720B007D
:1012D00005000B820B00000006830B000000068552
:1012E0000B000500068E0B00020006920B000300A7
:1012F00006990B000100069C0B000000069E0B00E7
:10130000010006A30B00010006A80B00020006AEB8
:101310000B000B0009BE0B0001000BC00B0000000E
:1013200009C10B00010009C60B00020009CA0B002D
:1013300002000BCD0B00000006D00B00000009D707
:101340000B0000000CE60B0009000EF00B00020081
:1013500019F30B00050016F90B00000019FA0B0039
:1013600000000B000C00000009010C0002000B043F
:101370000C00000006050C000700060E0C00020021
:1013800006120C001600062A0C000F000B3C0C0085
:101390000000063D0C0000000B3E0C00020009415D
:1013A0000C0003000B460C0002000B4A0C0003006B
:1013B0000B550C00010006580C000200065D0C00E5
:1013C000000006600C0001000B620C0001000C66BE
:1013D0000C00090014770C0000000E780C000600C9
:1013E000197F0C00000006800C0000000B810C002F
:1013F000000009820C00010014840C000000068526
:101400000C000700068E0C00020006920C0016006D
:1014100006AA0C00090006B50C0004000BBC0C0069
:10142000000006BD0C00000009BE0C0000000BBF50
:101430000C00000009C00C0004000BC60C000000EA
:1014400009C70C00010009CA0C0001000BCC0C00FC
:10145000010009D50C00010006DD0C00010006E0CA
:101460000C0001000BE20C0001000CE60C0009006E
:1014700006F10C00010009F30C0000000B000D0048
:10148000010009020D00010006040D000800060E0F
:101490000D00020006120D0028000B3B0D0001009C
:1014A000063D0D000000093E0D0002000B410D003D
:1014B000030009460D000200094A0D0002000B4D11
:1014C0000D000000064E0D000000194F0D00000039
:1014D00006540D00020009570D0000000E580D00C3
:1014E0000600065F0D0002000B620D0001000C6695
:1014F0000D0009000E700D00080019790D000000A4
:10150000067A0D0005000B810D00000009820D0018
:10151000010006850D001100069A0D00170006B3A4
:101520000D00080006BD0D00000006C00D000600FD
:101530000BCA0D00000009CF0D0002000BD20D00F8
:1015400002000BD60D00000009D80D0007000CE6C4
:101550000D00090009F20D00010014F40D00000057
:1015600006010E002F000B310E00000006320E00A7
:1015700001000B340E000600163F0E00000006406E
:101580000E00050005460E0000000B470E00070088
:10159000144F0E0000000C500E000900145A0E00EB
:1015A000010006810E00010006840E000000068680
:1015B0000E000400068C0E00170006A50E000000A9
:1015C00006A70E0009000BB10E00000006B20E00C7
:1015D00001000BB40E00080006BD0E00000006C09E
:1015E0000E00040005C60E0000000BC80E00060029
:1015F0000CD00E00090006DC0E00030006000F00F0
:10160000000019010F00020014040F000E0019134E
:101610000F00000014140F00000019150F00020045
:101620000B180F000100191A0F0005000C200F0005
:1016300009000E2A0F00090019340F0000000B35B5
:101640000F00000019360F0000000B370F000000DC
:1016500019380F0000000B390F000000153A0F0079
:101660000000113B0F000000153C0F000000113D71
:101670000F000000093E0F00010006400F000700A8
:1016800006490F0023000B710F000D00097F0F00AA
:1016900000000B800F00040014850F0000000B8673
:1016A0000F00010006880F0004000B8D0F000A00D8
:1016B0000B990F00230019BE0F0007000BC60F0087
:1016C000000019C70F00050019CE0F00010014D04B
:1016D0000F00040019D50F00030014D90F000100FA
:1016E000060010002A00092B100001000B2D10002D
:1016F00003000931100000000B321000050009380A
:10170000100000000B3910000100093B100001001F
:101710000B3D10000100063F100000000C401000BF
:101720000900144A10000500065010000500095673
:10173000100001000B5810000100065A10000300B1
:101740000B5E10000200066110000000096210002C
:101750000200066510000100096710000600066E11
:10176000100002000B7110000300067510000C0041
:101770000B82100000000983100001000B8510008F
:1017800001000987100005000B8D10000000068E77
:1017900010000000098F100000000C9010000900DC
:1017A000099A100002000B9D10000000199E100005
:1017B000010003A01000250003C71000000003CDA6
:1017C0001000000003D010002A0014FB10000000DD
:1017D00005FC1000000003FD1000020006001100CF
:1017E0004801064A1200030006501200060006587F
:1017F00012000000065A12000300066012002800C2
:10180000068A1200030006901200200006B21200A1
:10181000030006B81200060006C01200000006C24F
:101820001200030006C812000E0006D8120038008D
:101830000612130003000618130042000B5D13008C
:1018400002001460130008000E69130013000680E4
:1018500013000F0019901300090003A01300550096
:1018600003F8130005001000140000000601140026
:101870006B02196D16000000146E16000000066F52
:10188000160010001C8016000000068116001900CA
:10189000159B16000000119C1600000006A0160003
:1018A0004A0014EB160002000DEE1600020006F1CD
:1018B000160007000600170011000B1217000200A7
:1018C000091517000000061F170012000B32170041
:1018D000010009341700000014351700010006400C
:1018E000170011000B5217000100066017000C00D2
:1018F000066E170002000B72170001000680170029
:1019000033000BB41700010009B6170000000BB735
:101910001700060009BE170007000BC617000000DD
:1019200009C7170001000BC917000A0014D41700DB
:10193000020005D71700000014D81700020016DBBC
:101940001700000006DC170000000BDD1700000088
:101950000CE0170009000EF0170009001400180031
:1019600005001006180000001407180003000B0BF8
:1019700018000200010E180000000B0F18000000F4
:101980000C1018000900062018002200054318005A
:1019900000000644180034000680180004000B857F
:1019A000180001000687180021000BA9180000008C
:1019B00006AA1800000006B018004500060019002D
:1019C0001E000B20190002000923190003000B2739
:1019D000190001000929190002000930190001004D
:1019E0000B32190000000933190005000B391900EA
:1019F00002001940190000001444190001000C46AF
:101A000019000900065019001D0006701900040095
:101A1000068019002B0006B0190019000CD019001F
:101A200009000EDA1900000019DE19002100060075
:101A30001A0016000B171A00010009191A000100FC
:101A40000B1B1A000000141E1A00010006201A00C9
:101A5000340009551A0000000B561A0000000957FF
:101A60001A0000000B581A0006000B601A00000054
:101A700009611A0000000B621A00000009631A00D5
:101A800001000B651A000700096D1A0005000B73B1
:101A90001A0009000B7F1A0000000C801A000900D0
:101AA0000C901A00090014A01A00060005A71A00DD
:101AB000000014A81A0005000BB01A000D000ABEA1
:101AC0001A0000000BBF1A000F000B001B000300E0
:101AD00009041B00000006051B002E000B341B0030
:101AE000000009351B0000000B361B000400093BF9
:101AF0001B0000000B3C1B000000093D1B00040004
:101B00000B421B00000009431B00010006451B009F
:101B100007000C501B000900145A1B000600196135
:101B20001B0009000B6B1B00080019741B00080048
:101B3000147D1B0001000B801B00010009821B00AB
:101B4000000006831B001D0009A11B0000000BA262
:101B50001B00030009A61B0001000BA81B000100CD
:101B600009AA1B0000000BAB1B00020006AE1B0005
:101B700001000CB01B00090006BA1B002B000BE68D
:101B80001B00000009E71B0000000BE81B00010020
:101B900009EA1B0002000BED1B00000009EE1B0010
:101BA00000000BEF1B00020009F21B00010014FCF7
:101BB0001B00030006001C00230009241C00070072
:101BC0000B2C1C00070009341C0001000B361C0004
:101BD0000100143B1C0004000C401C000900064DD1
:101BE0001C0002000C501C000900065A1C001D00BD
:101BF00005781C000500147E1C00010003801C00F9
:101C0000080003901C002A0003BD1C00020014C041
:101C10001C0007000BD01C00020014D31C000000A5
:101C20000BD41C000C0009E11C0000000BE21C009E
:101C3000060006E91C0003000BED1C00000006EE88
:101C40001C0005000BF41C00000006F51C00010040
:101C500009F71C0000000BF81C00010006FA1C002C
:101C6000000004001D002B00052C1D003E00046B2D
:101C70001D000C0005781D00000003791D00000008
:101C8000047A1D000200037D1D000000047E1D007B
:101C90000F00038E1D000000048F1D000B00059B2C
:101CA0001D0024000BC01D003F0003001E00950016
:101CB00004961E000400039B1E000000049C1E00EE
:101CC0000100039E1E000000049F1E00000003A0F0
:101CD0001E00750003181F00050003201F002500CB
:101CE00003481F00050004501F00000003511F009F
:101CF000000004521F00000003531F0000000454A2
:101D00001F00000003551F00000004561F000000C4
:101D100003571F00000003591F000000035B1F0052
:101D20000000035D1F000000035F1F001E00038012
:101D30001F00070007881F00070003901F0007000F
:101D400007981F00070003A01F00070007A81F0037
:101D5000070003B01F00010004B21F00000003B31E
:101D60001F00000004B41F00000004B61F000100A3
:101D700003B81F00030007BC1F00000017BD1F00B1
:101D8000000003BE1F00000017BF1F00020004C2B6
:101D90001F00000003C31F00000004C41F00000058
:101DA00004C61F00010003C81F00030007CC1F006A
:101DB000000017CD1F00020003D01F00010004D255
:101DC0001F00010004D61F00010003D81F000300FC
:101DD00017DD1F00020003E01F00010004E21F00E6
:101DE000020003E51F00000004E61F00010003E8F5
:101DF0001F00040017ED1F00020004F21F00000086
:101E000003F31F00000004F41F00000004F61F008D
:101E1000010003F81F00030007FC1F00000017FD6E
:101E20001F0001001C0020000A00010B200004001C
:101E300010102000050014162000010013182000C7
:101E40000000121920000000151A20000000131BCA
:101E500020000100121D20000000151E20000000BF
:101E6000131F200000001420200007001A28200063
:101E700000001B2920000000012A200004001C2F64
:101E8000200000001430200008001339200000005A
:101E9000123A20000000143B200003000F3F2000F6
:101EA00001001441200002001844200000001545E4
:101EB00020000000114620000000144720000A0006
:101EC0001852200000001453200000000F5420007E
:101ED00000001455200009001C5F20000000016074
:101EE000200004000166200009000E7020000000A0
:101EF0000571200000000E7420000500187A2000F3
:101F00000200157D20000000117E20000000057FEA
:101F1000200000000E8020000900188A2000020026
:101F2000158D20000000118E20000000059020007B
:101F30000C0016A0200020000BD020000C000ADDB1
:101F4000200003000BE1200000000AE22000020054
:101F50000BE520000B001900210001000802210000
:101F600000001903210003000807210000001908E0
:101F700021000100040A21000000080B21000200DA
:101F8000040E2100010008102100020004132100AA
:101F90000000191421000000081521000000191686
:101FA0002100010018182100000008192100040078
:101FB000191E210005000824210000001925210018
:101FC0000000032621000000192721000000082836
:101FD00021000000192921000000032A210001002E
:101FE000082C21000100192E21000000042F2100DF
:101FF00000000830210001000332210000000833F6
:1020000021000000043421000000063521000300F7
:10201000043921000000193A21000100043C21008C
:102020000100083E2100010018402100040008457D
:1020300021000000044621000300194A210000008D
:10204000184B21000000194C21000100034E210013
:102050000000194F210000000E5021000F000D60FC
:10206000210022000383210001000D8521000300CF
:102070000E8921000000198A21000100189021001A
:102080000400199521000400189A21000100199CF0
:102090002100030018A02100000019A12100010067
:1020A00018A32100000019A42100010018A6210096
:1020B000000019A72100060018AE2100000019AF8A
:1020C00021001E0018CE2100010019D021000100BE
:1020D00018D22100000019D32100000018D42100DB
:1020E000000019D521001E0018F421000B01190071
:1020F0002300070015082300000011092300000039
:10210000150A23000000110B23000000190C230006
:1021100013001820230001001922230006001529AE
:1021200023000000112A23000000192B2300500077
:10213000187C23000000197D23001D00189B23003C
:10214000180019B42300270018DC2300050019E249
:1021500023004400194024000A000E6024003B00C4
:10216000199C24004D000EEA2400150019002500DA
:10217000B60018B72500000019B82500080018C1DE
:102180002500000019C22500350018F825000700B9
:10219000190026006E00186F260000001970260036
:1021A000F700156827000000116927000000156A74
:1021B00027000000116B27000000156C27000000AD
:1021C000116D27000000156E27000000116F270019
:1021D0000000157027000000117127000000157223
:1021E000270000001173270000001574270000006D
:1021F0001175270000000E7627001D001994270096
:102200002B0018C02700040015C52700000011C6C8
:102210002700000018C727001E0015E62700000051
:1022200011E72700000015E82700000011E927004A
:10223000000015EA2700000011EB2700000015EC54
:102240002700000011ED2700000015EE2700000018
:1022500011EF2700000018F027000F0019002800D8
:10226000FF00180029008200158329000000118456
:1022700029000000158529000000118629000000B2
:102280001587290000001188290000001589290000
:102290000000118A29000000158B29000000118C14
:1022A00029000000158D29000000118E2900000072
:1022B000158F2900000011902900000015912900B8
:1022C00000001192290000001593290000001194CC
:1022D0002900000015952900000011962900000032
:1022E000159729000000119829000000189929006D
:1022F0003E0015D82900000011D92900000015DA88
:102300002900000011DB2900000018DC29001F0053
:1023100015FC2900000011FD2900000018FE29000D
:10232000010119002B002F0018302B001400194553
:102330002B00010018472B000500194D2B0026002B
:1023400019762B001F0019972B00680003002C0042
:10235000700004712C00000003722C000100047452
:102360002C00000003752C00010004772C000400F1
:10237000057C2C000100037E2C00650004E42C0089
:10238000000019E52C00050003EB2C0003000BEF07
:102390002C00020003F22C00010014F92C000300B1
:1023A0000EFD2C00000014FE2C00010003002D0087
:1023B000250003272D000000032D2D00000006300E
:1023C0002D003700056F2D00000014702D00000057
:1023D0000B7F2D00000006802D00160006A02D00AA
:1023E000060006A82D00060006B02D00060006B85F
:1023F0002D00060006C02D00060006C82D000600B0
:1024000006D02D00060006D82D0006000BE02D009A
:102410001F0014002E00010013022E000000120302
:102420002E00000013042E00000012052E000000F4
:1024300014062E00020013092E000000120A2E00BE
:102440000000140B2E000000130C2E000000120DD3
:102450002E000000140E2E00080010172E000000A1
:1024600014182E000100101A2E000000141B2E005C
:102470000000131C2E000000121D2E000000141E70
:102480002E00010013202E00000012212E0000005B
:1024900015222E00000011232E00000015242E000E
:1024A000000011252E00000015262E000000112727
:1024B0002E00000015282E00000011292E0000001B
:1024C000142A2E000400052F2E00000014302E00C8
:1024D0000900103A2E000100143C2E0003001040A9
:1024E0002E00000014412E00000015422E000000B6
:1024F00014432E000C0019502E00010014522E001F
:10250000020015552E00000011562E000000155730
:102510002E00000011582E00000015592E0000005A
:10252000115A2E000000155B2E000000115C2E00D9
:102530000000105D2E00000019802E001900199B6C
:102540002E00580019002F00D50019F02F000B00A5
:102550001C0030000000140130000200190430009B
:1025600000000505300000000606300000000D07E1
:102570003000000015083000000011093000000094
:10258000150A30000000110B30000000150C30005F
:102590000000110D30000000150E30000000110F7A
:1025A0003000000015103000000011113000000054
:1025B0001912300001001514300000001115300010
:1025C000000015163000000011173000000015182B
:1025D00030000000111930000000151A3000000012
:1025E000111B30000000101C30000000151D3000D1
:1025F0000000111E300001001920300000000D21E4
:10260000300008000B2A30000300092E30000100C2
:102610001030300000000531300004001936300061
:1026200001000D3830000200053B30000000063C80
:1026300030000000143D30000000193E3000010061
:102640000641300055000B9930000100179B300007
:102650000100059D30000100069F3000000010A021
:102660003000000006A13000590014FB30000000CB
:1026700005FC3000020006FF3000000006053100B6
:102680002A00063131005D001990310001000E92E0
:102690003100030019963100090006A031001F0027
:1026A00019C03100230006F031000F00190032007C
:1026B0001E000E2032000900192A32001D000E48AB
:1026C000320007001950320000000E5132000E0097
:1026D000196032001F000E8032000900198A320092
:1026E00026000EB132000E0019C032003F01060074
:1026F0003400BF1919C04D003F0006004E001452AF
:102700000515A00000000616A00076041990A4008C
:10271000360006D0A400270005F8A400050014FE2A
:10272000A40001000600A5000B01050CA600000096
:10273000140DA60002000610A6000F000C20A60033
:102740000900062AA60001000340A6002D00066E1F
:10275000A60000000B6FA60000000A70A600020091
:102760001473A60000000B74A6000900147EA600D6
:102770000000057FA60000000380A6001B00059C4A
:10278000A60001000B9EA600010006A0A6004500C1
:102790000DE6A60009000BF0A600010014F2A60049
:1027A00005001700A70016000517A700080017204E
:1027B000A70001000322A7000D000430A7000100BC
:1027C0000332A7003D000570A70000000471A700B8
:1027D00007000379A7000E000588A70000001789ED
:1027E000A7000100038BA7000200048EA7000000D1
:1027F000068FA70000000390A70004000495A7001F
:1028000000000396A700180004AFA700000003B063
:10281000A7001A0003D0A700010004D3A7000000FE
:1028200004D5A700000003D6A700030005F2A70007
:10283000020003F5A700010006F7A700000005F855
:10284000A700010004FAA700000006FBA70006008D
:102850000B02A80000000603A80002000B06A80057
:1028600000000607A80003000B0BA8000000060CE0
:10287000A80016000923A80001000B25A8000100EC
:102880000927A80000001928A80003000B2CA800A5
:1028900000000E30A80005001936A8000100163807
:1028A000A80000001939A80000000640A800330065
:1028B0001474A80003000980A80001000682A80083
:1028C000310009B4A8000F000BC4A800010014CE09
:1028D000A80001000CD0A80009000BE0A80011001E
:1028E00006F2A800050014F8A800020006FBA800E4
:1028F000000014FCA800000006FDA80001000BFF6A
:10290000A80000000C00A9000900060AA9001B008D
:102910000B26A9000700142EA90001000630A9000B
:1029200016000B47A9000A000952A9000100145F14
:10293000A90000000660A9001C000B80A90002008D
:102940000983A90000000684A9002E000BB3A9008A
:10295000000009B4A90001000BB6A900030009BAE0
:10296000A90001000BBCA900010009BEA9000200DA
:1029700014C1A9000C0005CFA90000000CD0A900CB
:10298000090014DEA900010006E0A90004000BE51F
:10299000A900000005E6A900000006E7A90008005C
:1029A0000CF0A900090006FAA90004000600AA001C
:1029B00028000B29AA000500092FAA0001000B31ED
:1029C000AA0001000933AA0001000B35AA0001008A
:1029D0000640AA0002000B43AA0000000644AA0019
:1029E00007000B4CAA000000094DAA0000000C5083
:1029F000AA000900145CAA0003000660AA000F00E8
:102A00000570AA0000000671AA0005001977AA0047
:102A10000200067AAA000000097BAA0000000B7CD5
:102A2000AA000000097DAA000000067EAA0031006D
:102A30000BB0AA00000006B1AA0000000BB2AA0069
:102A4000020006B5AA0001000BB7AA00010006B9F2
:102A5000AA0004000BBEAA00010006C0AA000000E4
:102A60000BC1AA00000006C2AA00000006DBAA00F3
:102A7000010005DDAA00000014DEAA00010006E046
:102A8000AA000A0009EBAA0000000BECAA00010052
:102A900009EEAA00010014F0AA00010006F2AA0043
:102AA000000005F3AA00010009F5AA0000000BF6DA
:102AB000AA0000000601AB0005000609AB000500F6
:102AC0000611AB0005000620AB0006000628AB008F
:102AD00006000430AB0022000353AB000000045496
:102AE000AB000600175BAB000000055CAB00030009
:102AF0000460AB0008000569AB000000176AAB007A
:102B000001000370AB004F0006C0AB00220009E3D8
:102B1000AB0001000BE5AB00000009E6AB000100D3
:102B20000BE8AB00000009E9AB00010014EBAB00BF
:102B3000000009ECAB0000000BEDAB0000000CF056
:102B4000AB0009000600AC00A32B06B0D7001600AE
:102B500006CBD70030000200D800FF070600F900BE
:102B60006D010670FA0069000400FB000600041302
:102B7000FB000400061DFB0000000B1EFB00000014
:102B8000061FFB0009001829FB000000062AFB00B5
:102B90000C000638FB000400063EFB000000064067
:102BA000FB0001000643FB0001000646FB006B0032
:102BB00017B2FB00100006D3FB006A01113EFD00B6
:102BC0000000153FFD0000001940FD000F000650F9
:102BD000FD003F000692FD00350019CFFD0000000A
:102BE00006F0FD000B0016FCFD00000019FDFD00C5
:102BF00002000B00FE000F001410FE000600151767
:102C0000FE0000001118FE0000001419FE00000074
:102C10000B20FE000F001430FE0000001031FE00FB
:102C200001000F33FE0001001535FE0000001136D3
:102C3000FE0000001537FE0000001138FE00000005
:102C40001539FE000000113AFE000000153BFE00A1
:102C50000000113CFE000000153DFE000000113E8A
:102C6000FE000000153FFE0000001140FE000000C5
:102C70001541FE0000001142FE0000001543FE0059
:102C800000001144FE0000001445FE00010015473D
:102C9000FE0000001148FE0000001449FE00030081
:102CA0000F4DFE0002001450FE0002001454FE00FE
:102CB00003001058FE0000001559FE000000115AD4
:102CC000FE000000155BFE000000115CFE0000002D
:102CD000155DFE000000115EFE000000145FFE00A6
:102CE00002001862FE0000001063FE00000018647D
:102CF000FE0002001468FE0000001669FE000000DD
:102D0000146AFE0001000670FE0004000676FE0054
:102D1000860001FFFE0000001401FF0002001604FF
:102D2000FF0000001405FF0002001508FF0000006E
:102D30001109FF000000140AFF000000180BFF003B
:102D40000000140CFF000000100DFF000000140E26
:102D5000FF0001000C10FF000900141AFF00010021
:102D6000181CFF000200141FFF0001000321FF00D8
:102D70001900153BFF000000143CFF000000113D4E
:102D8000FF000000173EFF0000000F3FFF000000A3
:102D90001740FF0000000341FF001900155BFF0012
:102DA0000000185CFF000000115DFF000000185ECD
:102DB000FF000000155FFF0000001160FF00000031
:102DC0001461FF0000001562FF0000001163FF00A6
:102DD00000001464FF0001000666FF000900057092
:102DE000FF0000000671FF002C00059EFF0001009F
:102DF00006A0FF001E0006C2FF00050006CAFF0075
:102E0000050006D2FF00050006DAFF00020016E00A
:102E1000FF00010018E2FF00000017E3FF000000C0
:102E200019E4FF00000016E5FF00010019E8FF00AB
:102E3000000018E9FF00030019EDFF00010001F98F
:102E4000FF00020019FCFF000100060000010B005A
:102E5000060D00011900062800011200063C0001C1
:102E60000100063F00010E00065000010D00068023
:102E700000017A001400010102000E0701012C007C
:102E80001937010108000D40010134000E750101E0
:102E900003001979010110000E8A01010100198C4B
:102EA00001010200199001010C0019A001010000AC
:102EB00019D001012C000BFD010100000680020168
:102EC0001C0006A0020130000BE0020100000EE130
:102ED00002011A00060003011F000E200301030077
:102EE000062D030113000D410301000006420301FA
:102EF00007000D4A030100000650030125000B7670
:102F000003010400068003011D00149F030100005B
:102F100006A00301230006C80301070014D0030123
:102F200000000DD103010400030004014F0006500E
:102F300004014D000CA00401090003B004012300AA
:102F400003D804012300060005012700063005010F
:102F50003300146F05010000037005010A00037CB3
:102F600005010E00038C0501060003940501010014
:102F7000039705010A0003A305010E0003B3050131
:102F8000060003BB050101000600060136010640EC
:102F9000070115000660070107000580070105000D
:102FA00005870701290005B207010800060008018E
:102FB0000500060808010000060A08012B00063774
:102FC00008010100063C08010000063F0801160048
:102FD0001457080100000E58080107000660080198
:102FE00016001977080101000E7908010600068015
:102FF00008011E000EA70801080006E008011200E3
:1030000006F4080101000EFB080104000600090196
:1030100015000E1609010500141F09010000062005
:1030200009011900143F0901000006800901370059
:103030000EBC0901010006BE090101000EC0090114
:103040000F000ED209012D0006000A0100000B013D
:103050000A0102000B050A0101000B0C0A01030022
:1030600006100A01030006150A01020006190A01EA
:103070001C000B380A0102000B3F0A0100000E4041
:103080000A01080014500A01080006600A011C0029
:103090000E7D0A010100147F0A01000006800A016A
:1030A0001C000E9D0A01020006C00A01070019C893
:1030B0000A01000006C90A011B000BE50A01010014
:1030C0000EEB0A01040014F00A01060006000B01D1
:1030D000350014390B01060006400B0115000E588F
:1030E0000B01070006600B0112000E780B010700B0
:1030F00006800B01110014990B0103000EA90B01AE
:10310000060006000C01480003800C01320003C0D9
:103110000C0132000EFA0C01050006000D0123001F
:103120000B240D0103000C300D0109000E600E018F
:103130001E0006800E0129000BAB0E01010010AD30
:103140000E01000006B00E0101000BFD0E01020091
:1031500006000F011C000E1D0F01090006270F01BC
:10316000000006300F0115000B460F010A000E513A
:103170000F01030014550F01040006700F01110028
:103180000B820F01030014860F01030006B00F012C
:1031900014000EC50F01060006E00F01160009001D
:1031A000100100000B0110010000090210010000D5
:1031B0000603100134000B3810010E0014471001F3
:1031C00006000E52100113000C66100109000B706E
:1031D000100100000671100101000B7310010100C5
:1031E0000675100100000B7F10010200098210011A
:1031F0000000068310012C0009B0100102000BB37F
:103200001001030009B7100101000BB91001010002
:1032100014BB1001010001BD1001000014BE10011B
:1032200003000BC21001000001CD1001000006D008
:10323000100118000CF0100109000B001101020030
:103240000603110123000B2711010400092C1101B1
:1032500000000B2D110107000C361101090014406C
:10326000110103000644110100000945110101008C
:103270000647110100000650110122000B731101D5
:1032800000001474110101000676110100000B808A
:1032900011010100098211010000068311012F00B4
:1032A00009B3110102000BB61101080009BF110199
:1032B000010006C11101030014C5110103000BC96F
:1032C0001101030014CD1101000009CE110100000D
:1032D0000BCF110100000CD01101090006DA110119
:1032E000000014DB1101000006DC1101000014DDF8
:1032F000110102000EE1110113000600120111007C
:10330000061312011800092C120102000B2F1201E2
:1033100002000932120101000B34120100000935CC
:10332000120100000B3612010100143812010500D1
:103330000B3E12010000063F120101000B41120179
:103340000000068012010600068812010000068AAD
:1033500012010300068F12010E00069F12010900E0
:1033600014A91201000006B012012E000BDF120199
:10337000000009E0120102000BE3120107000CF04B
:10338000120109000B0013010100090213010100E1
:10339000060513010700060F1301010006131301B0
:1033A0001500062A13010600063213010100063536
:1033B000130104000B3B13010100063D1301000043
:1033C000093E130101000B401301000009411301E4
:1033D0000300094713010100094B130102000650C5
:1033E00013010000095713010000065D13010400DA
:1033F0000962130101000B66130106000B70130133
:1034000004000600140134000935140102000B38D1
:10341000140107000940140101000B4214010200CD
:103420000945140100000B46140100000647140171
:103430000300144B140104000C5014010900145A29
:1034400014010100145D140100000B5E1401000062
:10345000065F14010200068014012F0009B0140158
:1034600002000BB31401050009B9140100000BBAE6
:103470001401000009BB140103000BBF140101007B
:1034800009C1140100000BC21401010006C414019B
:10349000010014C61401000006C7140100000CD07E
:1034A00014010900068015012E0009AF1501020064
:1034B0000BB21501030009B8150103000BBC15017F
:1034C000010009BE150100000BBF1501010014C168
:1034D0001501160006D8150103000BDC15010100CB
:1034E000060016012F000930160102000B331601E9
:1034F0000700093B160101000B3D16010000093EC3
:10350000160100000B3F16010100144116010200D4
:103510000644160100000C50160109001460160143
:103520000C00068016012A000BAB1601000009AC46
:10353000160100000BAD1601000009AE16010100D6
:103540000BB01601050009B6160100000BB71601F5
:10355000000006B81601000014B9160100000CC0E6
:1035600016010900060017011A000B1D17010200C1
:103570000920170101000B2217010300092617017A
:1035800000000B27170104000C30170109000E3A48
:1035900017010100143C17010200193F1701000038
:1035A000064017010600060018012B00092C18011F
:1035B00002000B2F180108000938180100000B3910
:1035C00018010100143B1801000003A018013F007E
:1035D0000CE0180109000EEA1801080006FF1801A6
:1035E0000700060919010000060C1901070006155D
:1035F0001901010006181901170009301901050009
:103600000937190101000B3B19010100093D19019E
:1036100000000B3E19010000063F1901000009409F
:1036200019010000064119010000094219010000BA
:103630000B43190100001444190102000C50190138
:10364000090006A01901070006AA1901260009D1E0
:10365000190102000BD4190103000BDA1901010052
:1036600009DC190103000BE01901000006E1190152
:10367000000014E21901000006E31901000009E44A
:103680001901000006001A0100000B011A010900CF
:10369000060B1A0127000B331A01050009391A011C
:1036A0000000063A1A0100000B3B1A010300143F08
:1036B0001A0107000B471A01000006501A0100000A
:1036C0000B511A01050009571A0101000B591A0183
:1036D0000200065C1A012D000B8A1A010C000997E2
:1036E0001A0100000B981A010100149A1A01020035
:1036F000069D1A010000149E1A01040006B01A016A
:10370000480014001B01090006001C010800060AFD
:103710001C012400092F1C0100000B301C010600B5
:103720000B381C010500093E1C0100000B3F1C0169
:10373000000006401C01000014411C0104000C5054
:103740001C0109000E5A1C01120014701C0101001A
:1037500006721C011D000B921C01150009A91C0119
:1037600000000BAA1C01060009B11C0100000BB2ED
:103770001C01010009B41C0100000BB51C01010073
:1037800006001D01060006081D010100060B1D01B3
:1037900025000B311D0105000B3A1D0100000B3CFB
:1037A0001D0101000B3F1D01060006461D01000022
:1037B0000B471D0100000C501D01090006601D0192
:1037C000050006671D010100066A1D011F00098A28
:1037D0001D0104000B901D01010009931D01010052
:1037E0000B951D01000009961D0100000B971D019E
:1037F000000006981D0100000CA01D01090006E054
:103800001E0112000BF31E01010009F51E0101004B
:1038100014F71E0101000B001F01010006021F0129
:10382000000009031F01000006041F010C0006121E
:103830001F01210009341F0101000B361F01040084
:10384000093E1F0101000B401F01000009411F013B
:1038500000000B421F01000014431F010C000C501C
:103860001F01090006B01F0100000EC01F01140057
:1038700019D51F01070016DD1F01030019E11F0103
:10388000100014FF1F0100000600200199030D0025
:1038900024016E0014702401040006802401C3007A
:1038A00006902F01600014F12F0101000600300185
:1038B0002F04013034010F000B4034010000064199
:1038C000340105000B4734010E0006004401460296
:1038D00006006801380206406A011E000C606A0199
:1038E0000900146E6A01010006706A014E000CC0E6
:1038F0006A01090006D06A011D000BF06A0104008C
:1039000014F56A01000006006B012F000B306B01FB
:10391000060014376B010400193C6B0103000540DD
:103920006B01030014446B01000019456B0100009A
:103930000C506B0109000E5B6B01060006636B0106
:103940001400067D6B01120003406E013F000E80E3
:103950006E01160014976E01030006006F014A0005
:103960000B4F6F01000006506F01000009516F01FD
:1039700036000B8F6F01030005936F010C0005E00B
:103980006F01010014E26F01000005E36F01000008
:103990000BE46F01000009F06F01010006007001E7
:1039A000F71706008801D50406008D01080005F010
:1039B000AF01030005F5AF01060005FDAF010100F1
:1039C0000600B00122010632B10100000650B1012B
:1039D00002000655B10100000664B1010300067043
:1039E000B1018B010600BC016A000670BC010C002D
:1039F0000680BC0108000690BC010900199CBC01AE
:103A000000000B9DBC010100149FBC01000001A03F
:103A1000BC0103000B00CF012D000B30CF011600BD
:103A20001950CF0173001900D001F5001900D10120
:103A300026001929D1013B000965D10101000B675E
:103A4000D1010200196AD1010200096DD1010500FE
:103A50000173D10107000B7BD10107001983D1014C
:103A600001000B85D1010600198CD1011D000BAAA4
:103A7000D101030019AED1013C001900D20141006F
:103A80000B42D20102001945D20100000EC0D20142
:103A900013000EE0D20113001900D30156000E608E
:103AA000D30118000800D4011900041AD401190028
:103AB0000834D4011900044ED40106000456D40180
:103AC00011000868D40119000482D4011900089C6F
:103AD000D4010000089ED401010008A2D401000016
:103AE00008A5D401010008A9D401030008AED4013F
:103AF000070004B6D401030004BBD401000004BDD8
:103B0000D401060004C5D4010A0008D0D40119006C
:103B100004EAD40119000804D50101000807D50101
:103B20000300080DD50107000816D5010600041E84
:103B3000D50119000838D5010100083BD501030063
:103B40000840D50104000846D5010000084AD50107
:103B500006000452D5011900086CD501190004862D
:103B6000D501190008A0D501190004BAD501190022
:103B700008D4D501190004EED50119000808D601B2
:103B800019000422D6011900083CD6011900045678
:103B9000D60119000870D6011900048AD6011B004D
:103BA00008A8D601180018C1D601000004C2D60129
:103BB000180018DBD601000004DCD601050008E27D
:103BC000D601180018FBD601000004FCD60118002D
:103BD0001815D70100000416D7010500081CD701ED
:103BE00018001835D70100000436D7011800184F07
:103BF000D70100000450D70105000856D70118006E
:103C0000186FD70100000470D70118001889D70178
:103C10000000048AD70105000890D701180018A9F0
:103C2000D701000004AAD701180018C3D70100006B
:103C300004C4D701050008CAD701000004CBD7018E
:103C400000000CCED70131001900D801FF010B0094
:103C5000DA0136001937DA0103000B3BDA013100D3
:103C6000196DDA0107000B75DA0100001976DA0127
:103C70000D000B84DA0100001985DA0101001487B8
:103C8000DA0104000B9BDA0104000BA1DA010E003B
:103C90000400DF010900060ADF010000040BDF0158
:103CA00013000425DF0105000B00E00106000B08EE
:103CB000E00110000B1BE00106000B23E0010100F6
:103CC0000B26E00104000530E0013D000B8FE00110
:103CD00000000600E1012C000B30E1010600053771
:103CE000E10106000C40E1010900064EE10100007F
:103CF000194FE10100000690E2011D000BAEE20148
:103D0000000006C0E2012B000BECE20103000CF006
:103D1000E201090016FFE201000006D0E4011A00EA
:103D200005EBE40100000BECE40103000CF0E401FE
:103D3000090006E0E701060006E8E701030006EDDA
:103D4000E701010006F0E7010E000600E801C400EB
:103D50000EC7E80108000BD0E80106000300E901E6
:103D600043000B44E9010600054BE90100000C503B
:103D7000E9010900145EE90101000E71EC013A004D
:103D800019ACEC0100000EADEC01020016B0EC0124
:103D900000000EB1EC0103000E01ED012C00192E04
:103DA000ED0100000E2FED010E000600EE010300F4
:103DB0000605EE011A000621EE0101000624EE01BF
:103DC00000000627EE0100000629EE010900063476
:103DD000EE0103000639EE010000063BEE01000093
:103DE0000642EE0100000647EE0100000649EE0122
:103DF0000000064BEE010000064DEE0102000651E8
:103E0000EE0101000654EE0100000657EE0100002D
:103E10000659EE010000065BEE010000065DEE01B2
:103E20000000065FEE0100000661EE01010006647D
:103E3000EE0100000667EE010300066CEE010600CD
:103E40000674EE0103000679EE010300067EEE0122
:103E500000000680EE010900068BEE01100006A1AD
:103E6000EE01020006A5EE01040006ABEE01100013
:103E700018F0EE0101001900F0012B001930F001DB
:103E8000630019A0F0010E0019B1F0010E0019C174
:103E9000F0010E0019D1F00124000E00F1010C0018
:103EA000190DF101A00019E6F1011C001910F20131
:103EB0002B001940F20108001950F20101001960AD
:103EC000F20105001900F301FA0017FBF3010400E9
:103ED0001900F401D70219DCF601100019F0F601FF
:103EE0000C001900F7017600197BF7015E0019E05C
:103EF000F7010B0019F0F70100001900F8010B00A1
:103F00001910F80137001950F80109001960F8017B
:103F100027001990F8011D0019B0F80101001900DF
:103F2000F90153011960FA010D001970FA010C0032
:103F30001980FA0108001990FA012D0019BFFA0141
:103F4000060019CEFA010D0019E0FA01080019F077
:103F5000FA0108001900FB0192001994FB013600D8
:103F60000CF0FB01090006000002DFA60600A70214
:103F700039100640B702DD000620B802811606B0EF
:103F8000CE02301D0600F8021D02060000034A138F
:103F9000065013035F100101000E00000120000E07
:103FA0005F000B00010EEF000000000000000000A9
:103FB0000000000000000000000000000000000001
:103FC00000000000000000000000000000000000F1
:103FD0000000000000000000101112131415161745
:103FE0001819000000000000001A1B1C1D1E1F00F5
:103FF00000000000000000000000000000000000C1
:104000000000000000000000001A1B1C1D1E1F0005
:1040100000000000000000000000000000000000A0
:104020000000000000000000000000000000000090
:104030000000000000000000000000000000000080
:104040000000000000000000000000000000000070
:104050000000000000000000000000000000000060
:104060000000000000000000000000000000000050
:104070000000000000000000000000000000000040
:104080000000000000000000000000000000000030
:104090000000000000000000000000000000000020
:1040A00000000000000000000500000019000000F2
:1040B0007D000000000000000080E03779C341432C
:1040C000176E05B5B5B89346F5F93FE9034F384D7E
:1040D000321D30F94877825A3CBF737FDD4F15752A
:1040E000000000000000F03F00000000000024403D
:1040F00000000000000059400000000000408F4018
:10410000000000000088C34000000000006AF84082
:104110000000000080842E4100000000D0126341A6
:104120000000000084D797410000000065CDCD411C
:10413000000000205FA00242000000E876483742FD
:10414000000000A2941A6D42000040E59C30A2429B
:104150000000901EC4BCD64200003426F56B0C4310
:104160000080E03779C3414300A0D88557347643B7
:1041700000C84E676DC1AB43003D9160E458E14318
:10418000408CB5781DAF154450EFE2D6E41A4B448D
:1041900092D54D06CFF08044F64AE1C7022DB544D2
:0841A000B49DD9794378EA448B
:0841A8009830FF7F01000000C8
:1041B00018D1001024D1001030D100103CD10010D3
:1041C00048D1001054D1001060D100106CD1001003
:0441D000B8D2001051
:1041D400034600B50268EFF3108C72B6D2E8CFEF55
:1041E4000120BEF1000FF9D1C2E84E0FBEF1000F5D
:1041F400F4D1BFF35F8F93F90420002A0ADB01B1E5
:104204000A60002000221B68C3E88F2F8CF31088FB
:104214005DF804FB4FF05042126801201A71F1E777
:104224004FF050412DE9F0410027044616461D4643
:10423400D1F8008008E0C1E88F7F8CF31088304605
:10424400294601F0ADF9E8B92168EFF3108C72B694
:10425400D1E8CF2F0123002AFAD1C1E8423F002A36
:10426400F6D1BFF35F8F94F904302168002BE2DAB2
:10427400002384F80480C1E88F3F8CF31088012068
:10428400BDE8F0810020BDE8F08100BF30B50468CE
:10429400EFF3108C72B6D4E8CFEF0125BEF1000F16
:1042A400F9D1C4E84E5FBEF1000FF4D1BFF35F8FC4
:1042B40090F904400568002C10DB0021C5E88F1F2D
:1042C4008CF310884FF0504595F90050A54201D168
:1042D400084630BDBDE83040FFF7A2BF4FF0504262
:1042E400126800230271C5E88F3F8CF31088012007
:1042F40030BD00BF70B505460C4601F049F90246D1
:104304000B464FF47A704FF0FF3E6FF0004CE4FB25
:10431400002396457CEB030138BF72462846BDE86E
:10432400704038BF6346FFF77BBF00BF0368EFF3FD
:10433400108272B6D3E8CFCF0121BCF1000FF9D1BE
:10434400C3E84C1FBCF1000FF4D1BFF35F8F4FF0F3
:10435400FF0C0023016880F804C0C1E88F3F82F39A
:10436400108840BF704700BF002108B5134B4FF4BD
:10437400707299601248D960196159619961D96163
:10438400196259629962D962196359639963D9634D
:10439400196459649964D964196559659965D9652D
:1043A400196659669966D966196759679967D9670D
:1043B40001F0FEF8034B044A1A6008BD00001050D7
:1043C400E4250020AC290020800110502DE9F04F95
:1043D4001F4B85B0D3F858A0BAF1000F22D00024A7
:1043E40001254FF4E069DFF870801A4F01E0202CBA
:1043F40018D00AEA0502611C2346AB46CCB26D0014
:10440400002AF4D004F0010203F0FE06164407EB80
:1044140046163046C8F858B000F00AFC28B93AEA03
:104424000B0AE4D105B0BDE8F08F00238DF8093004
:10443400B37801A88DF80830F38A0121ADF804900F
:10444400039300F013FC304600F098FBE7E700BF4D
:1044540000001150A425002000301150F0B5BB4BD2
:1044640085B0D3F8985015F4003674D0B84BB94CD5
:10447400996A94F83B30B84A022B116000F0D4805A
:10448400002694F87B30022B00F03B8194F8BB307B
:10449400022B00F07D8194F8FB30022B00F06C813C
:1044A40094F83B31022B00F0448194F87B31022BC9
:1044B40000F0338194F8BB31022B00F0B68194F8FC
:1044C400FB31022B00F0A68194F83B32022B00F062
:1044D400968194F87B32022B00F0868194F8BB32EB
:1044E400022B00F0768194F8FB32022B00F06681F7
:1044F40094F83B33022B00F0568194F87B33022B63
:1045040000F0A48094F8BB33022B00F0998194F856
:10451400FB33022B00F0B4803EB9904B1B7823B9D7
:104524004FF400328E4BC3F890204FF44072874B07
:1045340001219B6C01A8C3F30A03ADF80420029384
:1045440000F094FBEA064FF40036864C07D5FFF7DB
:104554003DFF264603E0EA064FF01004F7D4EB03D0
:1045640022D57C4C46F48036A37E002B40F0998003
:10457400012394F83A20E370002A40F0AD8001232F
:104584004FF4C061784A84F82330ADF8041092E8FF
:10459400030004AA02E90300194601A800F066FB1F
:1045A4004FF400326E4B1A65E90408D46A041DD432
:1045B4002B042AD4AE4240F0C58105B0F0BD0024DE
:1045C400624B46F480561C60FFF7CEFE4FF48073B6
:1045D400012101A8ADF804308DF8084000F046FB35
:1045E4004FF400225E4B1A656A04E1D54FF48063F0
:1045F400012101A8ADF8043000F038FB1022584B1B
:1046040046F480461A652B04D4D54FF4A0630121E7
:1046140001A8ADF8043000F029FB4FF40062504BC0
:1046240046F400461A65C5E794F83A60002E3FF454
:1046340028AF94F83C30002B3FF423AF002304F15F
:10464400200084F83C3000F0C1FA1AE794F87A7339
:10465400002F3FF457AF94F87C33002B40F0648173
:1046640094F8BB33022B40F0F48094F8BA33002B57
:1046740040F0EB8094F8FB33022B7FF456AF3E46B8
:1046840094F8FA33002B3FF447AF94F8FC33002B33
:104694003FF44BAF0023354884F8FC3300F096FA1E
:1046A40043E70221324B294A1966536E9F07FCD512
:1046B4004FF440520021274800F066FA254800F0E4
:1046C4005DFA0222264B5A661A66012394F83A20B0
:1046D400E370002A3FF453AF254A1366A2F5005253
:1046E400536ED807FCD54FF440520021214800F006
:1046F4004BFA204800F042FA0122194B5A661A6616
:104704003DE794F87A70002F3FF4C0AE94F87C3003
:10471400002B40F001813E46B8E694F87A71002FF0
:104724003FF4C8AE94F87C31002B40F0ED803E4657
:10473400C0E694F83A71002F3FF4B7AE94F83C31D8
:10474400002B40F0D9803E46AFE600BF0000115078
:1047540000000B40A4250020942500201E2A0020E0
:104764000030115010000200000010508429002075
:1047740000201150C425002094F8FA70002F3FF453
:104784008FAE94F8FC30002B40F08E803E4687E6D6
:1047940094F8BA70002F3FF47EAE94F8BC30002B2E
:1047A4007AD13E4677E694F83A73002F3FF4A5AEEB
:1047B40094F83C33002B57D13E469EE694F8FA72A7
:1047C400002F3FF495AE94F8FC32002B5CD13E46AA
:1047D4008EE694F8BA72002F3FF485AE94F8BC329A
:1047E400002B49D13E467EE694F87A72002F3FF4BE
:1047F40075AE94F87C32002B76D13E466EE694F882
:104804003A72002F3FF465AE94F83C32002B63D12A
:104814003E465EE694F8FA71002F3FF455AE94F8E4
:10482400FC31002B50D13E464EE694F8BA71002F6D
:104834003FF445AE94F8BC31002B3DD13E463EE6F4
:1048440094F8BA33002B3FF462AE94F8BC33002BD7
:1048540071D194F8FB33022B7FF467AE94F8FA33EA
:10486400002B3FF462AE10E70023394884F83C3350
:104874003E4600F0ABF940E60023364884F8BC32EB
:104884003E4600F0A3F92EE60023334884F8FC32B8
:104894003E4600F09BF92BE60023304884F8BC30F8
:1048A4003E4600F093F9F6E500232D4884F8FC30E9
:1048B4003E4600F08BF9F3E500232A4884F8BC3126
:1048C4003E4600F083F9FAE50023274884F8FC31DA
:1048D4003E4600F07BF9F7E50023244884F83C3297
:1048E4003E4600F073F9F4E50023214884F87C3255
:1048F4003E4600F06BF9F1E500231E4884F83C3194
:104904003E4600F063F9D0E500231B4884F87C316F
:104914003E4600F05BF9CDE50023184884F87C306E
:104924003E4600F053F9B1E50023154884F87C3382
:1049340000F04CF994E60023124884F8BC3300F0EC
:1049440045F986E7104886EA050100F01DFE00BF20
:10495400C428002044280020842800204426002065
:10496400842600204427002084270020C427002018
:1049740004280020C4260020042700200426002048
:10498400042900204429002060CF00102DE9F047BD
:10499400848A058BC278A54228BF2546171E18BFF6
:1049A4000127641B467882F00102A4B20346C27058
:1049B400848245F4806040EA4730A6BBD3E90326ED
:1049C4006F1E02EB811E55B3052F98BF721C31D99F
:1049D40002EB811C721CACEB0204022C2AD9324675
:1049E4004FEA95094FEA890A06EB890852F8044B05
:1049F40042454CF8044BF9D15545A7EB0A070EEB99
:104A04000A040AD016F829600EF829602FB15678E6
:104A1400012F667001D09278A2701E699C8A2E4480
:104A24001E6140F400400CB940F4804001B1000420
:104A3400BDE8F0870EF1FF3E2E4400E0013212F88B
:104A4400014CB2420EF8014FF8D1E6E78368024602
:104A5400186801B1000C5378C0F30900002B3CD056
:104A64002DE9F041D2E90334461E03EB811E40B325
:104A7400052E3BD989014D1C1D44651B022D35D9DA
:104A84007346214600F47F774FEA9008FD1853F8E7
:104A940004CBAB4241F804CBF9D1B842A6EB0706EC
:104AA40004EB07030EEB07010AD01EF8285004F8A4
:104AB40028502EB14C78012E5C7001D08978997001
:104AC4001469D38A04440344D382138B146183424C
:104AD40084BF00239382BDE8F081D38A0344D38248
:104AE400138B834284BF002393827047013C0EEBF7
:104AF40000011EF8013B714504F8013FF9D1DFE7DD
:104B040010B50446836800211B68FFF79FFF6368A4
:104B14001B685B0002D5238B834200D010BD204666
:104B2400BDE810400121FFF791BF00BF084B1B6C8B
:104B340013F0020302D18278D20901D10020704718
:104B4400C07EA0F10200B0FA80F04009704700BFB7
:104B54000000115008B5FFF7E9FF50B1054A064BB4
:104B6400906A1B68A0F54870C01AC6288CBF002044
:104B7400012008BD00000B40942500200023C0E95B
:104B840004338376704700BF10B5836809B11C688D
:104B9400214082B1114352050DD51A6854050CD435
:104BA400084A21F480641C60126C920703D40C231D
:104BB400033BFDD28368196010BD8178024800F080
:104BC400E3FC00BF0000115074CF001030B54368FF
:104BD400002183B004461D68FFF7D8FE134B40F450
:104BE4008052196CA37889070ED55B060ED025F088
:104BF400A04545F000550021204663681D6003B0C0
:104C0400BDE83040FFF7C0BFDB09F0D0A38A002B1A
:104C1400EDD0012120460192FFF7B8FE019A25F05C
:104C24000055024345F0A045E5E700BF00001150E0
:104C340038B5857E044695B1FFF762FFA38A0BB9A8
:104C4400284638BD2046FFF785FF20B1012323778E
:104C54000025284638BD2046FFF7B8FFF8E78178DD
:104C6400014800F091FC00BF94CF00102DE9F043FF
:104C740043788146023B0D4685B0042B13D8DFE808
:104C840003F0034A6A73440000217B4B1A7822F034
:104C940001021A701A7822F002021A7059701A78F6
:104CA40061F382021A70754B1C686369EFF310821A
:104CB40072B6D3E8CF0F01210028FAD1C3E8401F10
:104CC4000028F6D1BFF35F8FA2614946204600F069
:104CD4006BFC00236269C2E88F3FA36983F31088E9
:104CE40048B94FF0E023D3F8F03DDB070AD500BE06
:104CF40005B0BDE8F0832A4699F8011099F8000040
:104D040000F04AFC05B0BDE8F0835D4A1378013336
:104D1400DBB21370C7E700245A4E23463178DFF81C
:104D24006C81594F11E03B6813EB441307D0DB69E6
:104D34002BB1D9F8041099F8000098473178013460
:104D4400E4B24A1CA242234617DBA142EBD85B1A09
:104D540008EB4313EBE7484B1A78D607D2D51A78F9
:104D640042F004021A709EE7434B1A78D407C9D55F
:104D74001A7822F004021A7095E73F4C23785807FA
:104D84003AD4E378DA07BDD5032300263B4A99F8E1
:104D940000101468D9F804208DF804108DF805303B
:104DA4006369CDF80660CDF80A60ADF80E60029232
:104DB400EFF3108272B6D3E8CF0F01210028FAD1A5
:104DC400C3E8401F0028F6D1BFF35F8F2046A261DD
:104DD40001A900F0E9FB6369C3E88F6FA36983F35A
:104DE400108800283FF47DAF2A469DF805109DF8F1
:104DF400040000F0D1FB85E72378002723F00403A7
:104E0400237005231D4A8DF80530166899F8002093
:104E1400ADF80E708DF804207369CDF80670CDF8E6
:104E24000A70EFF3108272B6D3E8CF0F0121002885
:104E3400FAD1C3E8401F0028F6D1BFF35F8F304694
:104E4400B26101A900F0B0FB7369C3E88F7FB36955
:104E540083F3108838B94FF0E023D3F8F03DD90735
:104E64008FD500BE8DE72A469DF805109DF80400F5
:104E740000F092FB85E700BF40210020982100202C
:104E84001F2A00201D2A0020701F002044D3001078
:104E940081F0004102E000BF83F0004330B54FEAE7
:104EA40041044FEA430594EA050F08BF90EA020F54
:104EB4001FBF54EA000C55EA020C7FEA645C7FEAE7
:104EC400655C00F0E2804FEA5454D4EB5555B8BF0A
:104ED4006D420CDD2C4480EA020281EA030382EA7B
:104EE400000083EA010180EA020281EA0303362D0D
:104EF40088BF30BD11F0004F4FEA01314FF4801CE0
:104F04004CEA113102D0404261EB410113F0004FF1
:104F14004FEA03334CEA133302D0524263EB4303A8
:104F240094EA050F00F0A780A4F10104D5F1200E46
:104F34000DDB02FA0EFC22FA05F2801841F10001A1
:104F440003FA0EF2801843FA05F359410EE0A5F175
:104F540020050EF1200E012A03FA0EFC28BF4CF0A6
:104F6400020C43FA05F3C01851EBE37101F000455C
:104F740007D54FF0000EDCF1000C7EEB00006EEB69
:104F84000101B1F5801F1BD3B1F5001F0CD34908F3
:104F94005FEA30004FEA3C0C04F101044FEA44524A
:104FA40012F5800F80F09A80BCF1004F08BF5FEAD1
:104FB400500C50F1000041EB045141EA050130BDB1
:104FC4005FEA4C0C404141EB0101013C28BFB1F5C3
:104FD400801FE9D291F0000F04BF01460020B1FA0E
:104FE40081F308BF2033A3F10B03B3F120020CDAE1
:104FF4000C3208DD02F1140CC2F10C0201FA0CF0BF
:1050040021FA02F10CE002F11402D8BFC2F1200C23
:1050140001FA02F120FA0CFCDCBF41EA0C019040D9
:10502400E41AA2BF01EB0451294330BD6FEA040422
:105034001F3C1CDA0C340EDC04F11404C4F120020D
:1050440020FA04F001FA02F340EA030021FA04F31F
:1050540045EA030130BDC4F10C04C4F1200220FA76
:1050640002F001FA04F340EA0300294630BD21FAB4
:1050740004F0294630BD94F0000F83F4801306BF7A
:1050840081F480110134013D4EE77FEA645C18BF6E
:105094007FEA655C29D094EA050F08BF90EA020F05
:1050A40005D054EA000C04BF1946104630BD91EAFD
:1050B400030F1EBF0021002030BD5FEA545C05D100
:1050C4004000494128BF41F0004130BD14F580043F
:1050D4003CBF01F5801130BD01F0004545F0FE41B3
:1050E40041F470014FF0000030BD7FEA645C1ABFE8
:1050F400194610467FEA655C1CBF0B46024650EA1F
:10510400013406BF52EA033591EA030F41F400214A
:1051140030BD00BF90F0000F04BF0021704730B5D0
:105124004FF4806404F132044FF000054FF00001A5
:1051340050E700BF90F0000F04BF0021704730B566
:105144004FF4806404F1320410F0004548BF40423B
:105154004FF000013EE700BF42004FEAE2014FEA90
:1051640031014FEA02701FBF12F07F4393F07F4F6B
:1051740081F06051704732F07F4208BF704793F06E
:105184007F4F04BF41F40021704730B54FF4607481
:1051940001F0004521F000411CE700BF50EA010284
:1051A40008BF704730B54FF000050AE050EA01022D
:1051B40008BF704730B511F0004502D5404261EB9D
:1051C40041014FF4806404F132045FEA915C3FF4DE
:1051D400D8AE4FF003025FEADC0C18BF03325FEA7B
:1051E400DC0C18BF033202EBDC02C2F1200300FA2C
:1051F40003FC20FA02F001FA03FE40EA0E0021FA51
:1052040002F11444BDE600BF53B94AB9002908BFEE
:1052140000281CBF4FF0FF314FF0FF3000F0B2B94F
:10522400ADF1080C6DE904CE00F006F8DDF804E0F9
:10523400DDE9022304B070472DE9F04F8C46099E46
:1052440004460F46002B48D18A4215465ED9B2FA6D
:1052540082F33BB1C3F120029F409D409C4020FA61
:1052640002F217434FEA154E1FFA85FC220CB7FBD6
:10527400FEF10EFB117701FB0CF042EA074290426B
:1052840007D9AA1801F1FF3702D2904200F25881DF
:105294003946121AA4B2B2FBFEF00EFB102200FB38
:1052A4000CFC44EA0244A4450BD92C1900F1FF324A
:1052B4002CBF01270027A44502D9002F00F0438109
:1052C400104640EA0140A4EB0C0400211EB1DC406E
:1052D4000023C6E90043BDE8F08F8B4206D90EB126
:1052E400C6E9000100210846BDE8F08FB3FA83F156
:1052F400002951D16345C0F01681824240F21381E6
:105304000846002EE7D0C6E90047E4E7002A00F08B
:10531400AF80B2FA82F3002B40F0C2808A1A4FEABF
:10532400154EAFB20121200CB2FBFEFC0EFB1C2279
:1053340040EA024207FB0CF090420ED9AA180CF185
:10534400FF382CBF4FF001094FF00009904203D9F8
:10535400B9F1000F00F0F080C446121AA4B2B2FBF7
:10536400FEF00EFB102200FB07F744EA0244A742BA
:105374000ED92C1900F1FF322CBF4FF0010E4FF063
:10538400000EA74203D9BEF1000F00F0D2801046F0
:10539400E41B40EA0C4099E7C1F120058B400CFA6C
:1053A40001F400FA01F922FA05F72CFA05FC8A4007
:1053B4001F4320FA05F3380C23431FFA87FE1C0C05
:1053C400BCFBF0F800FB18CC44EA0C4408FB0EFCD0
:1053D400A4450ED93C1908F1FF3A2CBF4FF0010B3C
:1053E4004FF0000BA44503D9BBF1000F00F0B880C7
:1053F400D046A4EB0C041FFA83FCB4FBF0F300FBCF
:10540400134403FB0EFE4CEA0444A6450ED93C1992
:1054140003F1FF302CBF4FF0010C4FF0000CA645F8
:1054240003D9BCF1000F00F09F80034643EA084013
:10543400A4EB0E04A0FB02EC64457346E04602D3E1
:1054440007D1F14505D2BEEB02036CEB070C013822
:10545400E0465EB1B9EB030264EB080404FA05F517
:1054640022FA01F3CC401D43C6E90054002132E77F
:1054740042082F464B08AC4642EAC172AE46C40706
:10548400110C92B241EA034142EA0142B1FBF5F147
:10549400B3FBF5F01F23A2EB0C0241EA004142E703
:1054A4009D40C3F1200299409C402CFA02FC4FEA33
:1054B400154E20FA02F2AFB2BCFBFEF80A430EFB13
:1054C40018CC110C41EA0C4108FB07FC8C4550D95F
:1054D400691808F1FF302CBF4FF001094FF00009A3
:1054E4008C4502D9B9F1000F30D0A1EB0C01B1FB0E
:1054F400FEF808FB07FC0EFB181192B242EA0142C7
:10550400624534D2AA1808F1FF312CBF4FF00109CB
:105514004FF000096245BED2B9F1000FBBD1A8F12A
:1055240002012A44B7E7841A6CEB030201201746F0
:10553400E7E62C4402382BE7ACF1020C2A440CE7D2
:1055440002392A44A5E62C440238BAE6A5EB0C0C31
:10555400A8F102006144B1FBFEF808FB07FCCAE7AE
:10556400A8F102083C4444E7023B3C445EE7414660
:1055740091E7A1EB0C014046B1FBFEF808FB07FCE8
:10558400B9E700BF704700BF5FF800F02D070010B7
:105594005FF800F05D1700105FF800F0154A001086
:1055A4005FF800F0551600105FF800F0ED6300108E
:1055B4005FF800F0597100100110000000000000B5
:1055C40000000100000000000000000000000200D4
:1055D40000000000000000000000030000000000C4
:1055E400000000000000FF000000000001B5486852
:1055F40001318E460047704609380149884701BD8C
:10560400950D0010000000000000000000000000E4
:105614000000000000000000701C0020B9410010D0
:1056240065410010DD4000104D40001000000000F6
:10563400000100009C21002010000C00000000006C
:105644000000000000000000000000000000000056
:10565400FF000000FFFFFFFF000002000000000049
:105664000000000000000000A0150020A01500208C
:10567400A8150020A8150020B0150020B0150020A2
:10568400B8150020B8150020C0150020C015002052
:10569400C8150020C8150020D0150020D015002002
:1056A400D8150020D8150020E0150020E0150020B2
:1056B400E8150020E8150020F0150020F015002062
:1056C400F8150020F8150020001600200016002010
:1056D40008160020081600201016002010160020BE
:1056E400181600201816002020160020201600206E
:1056F400281600202816002030160020301600201E
:1057040038160020381600204016002040160020CD
:10571400481600204816002050160020501600207D
:10572400581600205816002060160020601600202D
:1057340068160020681600207016002070160020DD
:10574400781600207816002080160020801600208D
:10575400881600208816002090160020901600203D
:105764009816002098160020A0160020A0160020ED
:10577400A8160020A8160020B0160020B01600209D
:10578400B8160020B8160020C0160020C01600204D
:10579400C8160020C8160020D0160020D0160020FD
:1057A400D8160020D8160020E0160020E0160020AD
:1057B400E8160020E8160020F0160020F01600205D
:1057C400F8160020F816002000170020001700200B
:1057D40008170020081700201017002010170020B9
:1057E4001817002018170020201700202017002069
:1057F4002817002028170020301700203017002019
:1058040038170020381700204017002040170020C8
:105814004817002048170020501700205017002078
:105824005817002058170020601700206017002028
:1058340068170020681700207017002070170020D8
:105844007817002078170020801700208017002088
:105854008817002088170020901700209017002038
:105864009817002098170020A0170020A0170020E8
:10587400A8170020A8170020B0170020B017002098
:10588400B8170020B8170020C0170020C017002048
:10589400C8170020C8170020D0170020D0170020F8
:1058A400D8170020D8170020E0170020E0170020A8
:1058B400E8170020E8170020F0170020F017002058
:1058C400F8170020F8170020001800200018002006
:1058D40008180020081800201018002010180020B4
:1058E4001818002018180020201800202018002064
:1058F4002818002028180020301800203018002014
:1059040038180020381800204018002040180020C3
:105914004818002048180020501800205018002073
:105924005818002058180020601800206018002023
:1059340068180020681800207018002070180020D3
:105944007818002078180020801800208018002083
:105954008818002088180020901800209018002033
:105964009818002098180020A0180020A0180020E3
:10597400A8180020A8180020B0180020B018002093
:10598400B8180020B8180020C0180020C018002043
:10599400C8180020C8180020D0180020D0180020F3
:1059A400D8180020D8180020E0180020E0180020A3
:1059B400E8180020E8180020F0180020F018002053
:1059C400F8180020F8180020001900200019002001
:1059D40008190020081900201019002010190020AF
:1059E400181900201819002020190020201900205F
:1059F400281900202819002030190020301900200F
:105A040038190020381900204019002040190020BE
:105A1400481900204819002050190020501900206E
:105A2400581900205819002060190020601900201E
:105A340068190020681900207019002070190020CE
:105A4400781900207819002080190020801900207E
:105A5400881900208819002090190020901900202E
:105A64009819002098190020B019002000000000A7
:105A740000000000341E00209C1E0020041F002093
:105A84000000000000000000000000000000000012
:105A94000000000000000000000000000000000002
:105AA40000000000000000000000000000000000F2
:105AB40000000000000000000000000000000000E2
:105AC40000000000000000000000000000000000D2
:105AD40000000000000000000000000000000000C2
:105AE40000000000000000000000000000000000B2
:105AF40000000000000000000000000000000000A2
:105B04000000000000000000010000000000000090
:105B14000E33CDAB34126DE6ECDE05000B00000055
:105B24000000000000000000000000000000000071
:105B34000000000000000000000000000000000061
:105B44000000000000000000000000000000000051
:105B54000000000000000000000000000000000041
:105B64000000000000000000000000000000000031
:105B74000000000000000000000000000000000021
:105B84000000000000000000000000000000000011
:105B94000000000000000000000000000000000001
:105BA40000000000000000000000000000000000F1
:105BB4000000000003000000341E00204300000029
:105BC40000000000000000000000000000000000D1
:105BD400000000000000000000000000430000007E
:105BE40000000000000000000000000000000000B1
:105BF400000000000000000000000000430000005E
:105C04000000000000000000000000000000000090
:105C1400000000000000000000000000430000003D
:105C24000000000000000000000000000000000070
:105C3400000000000000000000000000430000001D
:105C44000000000000000000000000000000000050
:105C540000000000000000000000000043000000FD
:105C64000000000000000000000000000000000030
:105C740000000000000000000000000043000000DD
:105C84000000000000000000000000000000000010
:105C940000000000000000000000000091CB001094
:105CA400D1BF001000000000F8D30010FCCD00109C
:105CB400B4CD0010B4CD0010B4CD0010B4CD00109C
:105CC400B4CD0010B4CD0010B4CD0010B4CD00108C
:105CD400B4CD0010FFFFFFFFFFFFFFFFFFFFFFFF3B
:105CE400FFFF000001004153434949000000000048
:105CF40000000000000000000000000000000000A0
:105D04000000000000004153434949000000000026
:105D1400000000000000000000000000000000007F
:105D2400000000000000000000000000000000006F
:105D3400D3DEFFFFFE010000FF01000004A4FEFF0C
:045D4400793512ABF0
:040000051000014D99
:00000001FF
