
/Users/zanderchierici/Documents/GitHub/ME433/hw5/build/hw5.elf:     file format elf32-littlearm

Sections:
Idx Name          Size      VMA       LMA       File off  Algn
  0 .text         00006700  10000000  10000000  00001000  2**3
                  CONTENTS, ALLOC, LOAD, READONLY, CODE
  1 .rodata       0000062c  10006700  10006700  00007700  2**3
                  CONTENTS, ALLOC, LOAD, READONLY, DATA
  2 .ARM.exidx    00000008  10006d2c  10006d2c  00007d2c  2**2
                  CONTENTS, ALLOC, LOAD, READONLY, DATA
  3 .binary_info  00000024  10006d34  10006d34  00007d34  2**2
                  CONTENTS, ALLOC, LOAD, READONLY, DATA
  4 .ram_vector_table 00000110  20000000  20000000  0000b000  2**2
                  ALLOC
  5 .uninitialized_data 00000000  20000110  20000110  0000a200  2**0
                  CONTENTS
  6 .data         00001494  20000110  10006d58  00008110  2**3
                  CONTENTS, ALLOC, LOAD, READONLY, CODE
  7 .tdata        00000000  200015a4  200015a4  0000a200  2**0
                  CONTENTS, ALLOC, LOAD, DATA, THREAD_LOCAL
  8 .tbss         00000000  200015a4  200015a4  00000000  2**0
                  ALLOC, THREAD_LOCAL
  9 .bss          00000e2c  200015a8  100081ec  0000a5a8  2**3
                  ALLOC
 10 .heap         00000800  200023d4  100081ec  0000a3d4  2**2
                  ALLOC, READONLY
 11 .scratch_x    00000000  20080000  20080000  0000a200  2**0
                  CONTENTS
 12 .scratch_y    00000000  20081000  20081000  0000a200  2**0
                  CONTENTS
 13 .stack_dummy  00000800  20081000  20081000  0000b000  2**5
                  ALLOC, READONLY
 14 .flash_end    00000014  100081ec  100081ec  0000a1ec  2**2
                  CONTENTS, ALLOC, LOAD, READONLY, DATA
 15 .ARM.attributes 00000034  00000000  00000000  0000a200  2**0
                  CONTENTS, READONLY
 16 .comment      00000045  00000000  00000000  0000a234  2**0
                  CONTENTS, READONLY
 17 .debug_info   0003735a  00000000  00000000  0000a279  2**0
                  CONTENTS, READONLY, DEBUGGING, OCTETS
 18 .debug_abbrev 00009573  00000000  00000000  000415d3  2**0
                  CONTENTS, READONLY, DEBUGGING, OCTETS
 19 .debug_loclists 0001a733  00000000  00000000  0004ab46  2**0
                  CONTENTS, READONLY, DEBUGGING, OCTETS
 20 .debug_aranges 00001390  00000000  00000000  00065280  2**3
                  CONTENTS, READONLY, DEBUGGING, OCTETS
 21 .debug_rnglists 000048b8  00000000  00000000  00066610  2**0
                  CONTENTS, READONLY, DEBUGGING, OCTETS
 22 .debug_line   000235bb  00000000  00000000  0006aec8  2**0
                  CONTENTS, READONLY, DEBUGGING, OCTETS
 23 .debug_str    00009754  00000000  00000000  0008e483  2**0
                  CONTENTS, READONLY, DEBUGGING, OCTETS
 24 .debug_frame  0000357c  00000000  00000000  00097bd8  2**2
                  CONTENTS, READONLY, DEBUGGING, OCTETS
 25 .debug_line_str 000002bc  00000000  00000000  0009b154  2**0
                  CONTENTS, READONLY, DEBUGGING, OCTETS

/Users/zanderchierici/Documents/GitHub/ME433/hw5/build/hw5.elf:     file format elf32-littlearm


Disassembly of section .text:

10000000 <__VECTOR_TABLE>:
10000000:	20082000 	.word	0x20082000
10000004:	1000015d 	.word	0x1000015d
10000008:	1000011b 	.word	0x1000011b
1000000c:	1000011d 	.word	0x1000011d
10000010:	10000111 	.word	0x10000111
10000014:	10000111 	.word	0x10000111
10000018:	10000111 	.word	0x10000111
1000001c:	10000111 	.word	0x10000111
10000020:	10000119 	.word	0x10000119
10000024:	10000119 	.word	0x10000119
10000028:	10000119 	.word	0x10000119
1000002c:	1000011f 	.word	0x1000011f
10000030:	10000111 	.word	0x10000111
10000034:	10000119 	.word	0x10000119
10000038:	10000121 	.word	0x10000121
1000003c:	10000123 	.word	0x10000123
10000040:	10000111 	.word	0x10000111
10000044:	10000111 	.word	0x10000111
10000048:	10000111 	.word	0x10000111
1000004c:	10000111 	.word	0x10000111
10000050:	10000111 	.word	0x10000111
10000054:	10000111 	.word	0x10000111
10000058:	10000111 	.word	0x10000111
1000005c:	10000111 	.word	0x10000111
10000060:	10000111 	.word	0x10000111
10000064:	10000111 	.word	0x10000111
10000068:	10000111 	.word	0x10000111
1000006c:	10000111 	.word	0x10000111
10000070:	10000111 	.word	0x10000111
10000074:	10000111 	.word	0x10000111
10000078:	10000111 	.word	0x10000111
1000007c:	10000111 	.word	0x10000111
10000080:	10000111 	.word	0x10000111
10000084:	10000111 	.word	0x10000111
10000088:	10000111 	.word	0x10000111
1000008c:	10000111 	.word	0x10000111
10000090:	10000111 	.word	0x10000111
10000094:	10000111 	.word	0x10000111
10000098:	10000111 	.word	0x10000111
1000009c:	10000111 	.word	0x10000111
100000a0:	10000111 	.word	0x10000111
100000a4:	10000111 	.word	0x10000111
100000a8:	10000111 	.word	0x10000111
100000ac:	10000111 	.word	0x10000111
100000b0:	10000111 	.word	0x10000111
100000b4:	10000111 	.word	0x10000111
100000b8:	10000111 	.word	0x10000111
100000bc:	10000111 	.word	0x10000111
100000c0:	10000111 	.word	0x10000111
100000c4:	10000111 	.word	0x10000111
100000c8:	10000111 	.word	0x10000111
100000cc:	10000111 	.word	0x10000111
100000d0:	10000111 	.word	0x10000111
100000d4:	10000111 	.word	0x10000111
100000d8:	10000111 	.word	0x10000111
100000dc:	10000111 	.word	0x10000111
100000e0:	10000111 	.word	0x10000111
100000e4:	10000111 	.word	0x10000111
100000e8:	10000111 	.word	0x10000111
100000ec:	10000111 	.word	0x10000111
100000f0:	10000111 	.word	0x10000111
100000f4:	10000111 	.word	0x10000111
100000f8:	10000111 	.word	0x10000111
100000fc:	10000111 	.word	0x10000111
10000100:	10000111 	.word	0x10000111
10000104:	10000111 	.word	0x10000111
10000108:	10000111 	.word	0x10000111
1000010c:	10000111 	.word	0x10000111

10000110 <__unhandled_user_irq>:
10000110:	f3ef 8005 	mrs	r0, IPSR
10000114:	3810      	subs	r0, #16

10000116 <unhandled_user_irq_num_in_r0>:
10000116:	be00      	bkpt	0x0000

10000118 <isr_invalid>:
10000118:	be00      	bkpt	0x0000

1000011a <isr_nmi>:
1000011a:	be00      	bkpt	0x0000

1000011c <isr_hardfault>:
1000011c:	be00      	bkpt	0x0000

1000011e <isr_svcall>:
1000011e:	be00      	bkpt	0x0000

10000120 <isr_pendsv>:
10000120:	be00      	bkpt	0x0000

10000122 <isr_systick>:
10000122:	be00      	bkpt	0x0000

10000124 <__default_isrs_end>:
10000124:	7188ebf2 	.word	0x7188ebf2
10000128:	10006d34 	.word	0x10006d34
1000012c:	10006d58 	.word	0x10006d58
10000130:	100001a0 	.word	0x100001a0
10000134:	e71aa390 	.word	0xe71aa390

10000138 <__binary_info_header_end>:
10000138:	ffffded3 	.word	0xffffded3
1000013c:	10210142 	.word	0x10210142
10000140:	000001ff 	.word	0x000001ff
10000144:	000080b4 	.word	0x000080b4
10000148:	ab123579 	.word	0xab123579

1000014c <_entry_point>:
1000014c:	f04f 0000 	mov.w	r0, #0

10000150 <_enter_vtable_in_r0>:
10000150:	491e      	ldr	r1, [pc, #120]	@ (100001cc <data_cpy_table+0x2c>)
10000152:	6008      	str	r0, [r1, #0]
10000154:	c806      	ldmia	r0!, {r1, r2}
10000156:	f381 8808 	msr	MSP, r1
1000015a:	4710      	bx	r2

1000015c <_reset_handler>:
1000015c:	f04f 4050 	mov.w	r0, #3489660928	@ 0xd0000000
10000160:	6800      	ldr	r0, [r0, #0]
10000162:	b110      	cbz	r0, 1000016a <hold_non_core0_in_bootrom+0x6>

10000164 <hold_non_core0_in_bootrom>:
10000164:	f04f 0000 	mov.w	r0, #0
10000168:	e7f2      	b.n	10000150 <_enter_vtable_in_r0>
1000016a:	a40d      	add	r4, pc, #52	@ (adr r4, 100001a0 <data_cpy_table>)
1000016c:	cc0e      	ldmia	r4!, {r1, r2, r3}
1000016e:	2900      	cmp	r1, #0
10000170:	d002      	beq.n	10000178 <hold_non_core0_in_bootrom+0x14>
10000172:	f000 f812 	bl	1000019a <data_cpy>
10000176:	e7f9      	b.n	1000016c <hold_non_core0_in_bootrom+0x8>
10000178:	4915      	ldr	r1, [pc, #84]	@ (100001d0 <data_cpy_table+0x30>)
1000017a:	4a16      	ldr	r2, [pc, #88]	@ (100001d4 <data_cpy_table+0x34>)
1000017c:	2000      	movs	r0, #0
1000017e:	e000      	b.n	10000182 <bss_fill_test>

10000180 <bss_fill_loop>:
10000180:	c101      	stmia	r1!, {r0}

10000182 <bss_fill_test>:
10000182:	4291      	cmp	r1, r2
10000184:	d1fc      	bne.n	10000180 <bss_fill_loop>

10000186 <platform_entry>:
10000186:	4914      	ldr	r1, [pc, #80]	@ (100001d8 <data_cpy_table+0x38>)
10000188:	4788      	blx	r1
1000018a:	4914      	ldr	r1, [pc, #80]	@ (100001dc <data_cpy_table+0x3c>)
1000018c:	4788      	blx	r1
1000018e:	4914      	ldr	r1, [pc, #80]	@ (100001e0 <data_cpy_table+0x40>)
10000190:	4788      	blx	r1
10000192:	be00      	bkpt	0x0000
10000194:	e7fd      	b.n	10000192 <platform_entry+0xc>

10000196 <data_cpy_loop>:
10000196:	c901      	ldmia	r1!, {r0}
10000198:	c201      	stmia	r2!, {r0}

1000019a <data_cpy>:
1000019a:	429a      	cmp	r2, r3
1000019c:	d3fb      	bcc.n	10000196 <data_cpy_loop>
1000019e:	4770      	bx	lr

100001a0 <data_cpy_table>:
100001a0:	10006d58 	.word	0x10006d58
100001a4:	20000110 	.word	0x20000110
100001a8:	200015a4 	.word	0x200015a4
100001ac:	100081ec 	.word	0x100081ec
100001b0:	20080000 	.word	0x20080000
100001b4:	20080000 	.word	0x20080000
100001b8:	100081ec 	.word	0x100081ec
100001bc:	20081000 	.word	0x20081000
100001c0:	20081000 	.word	0x20081000
100001c4:	00000000 	.word	0x00000000
100001c8:	4770      	bx	lr
100001ca:	0000      	.short	0x0000
100001cc:	e000ed08 	.word	0xe000ed08
100001d0:	200015a4 	.word	0x200015a4
100001d4:	200023d4 	.word	0x200023d4
100001d8:	10003779 	.word	0x10003779
100001dc:	100003b9 	.word	0x100003b9
100001e0:	10003771 	.word	0x10003771

100001e4 <_init>:
100001e4:	b5f8      	push	{r3, r4, r5, r6, r7, lr}
100001e6:	bf00      	nop

100001e8 <register_tm_clones>:
100001e8:	4b06      	ldr	r3, [pc, #24]	@ (10000204 <register_tm_clones+0x1c>)
100001ea:	4907      	ldr	r1, [pc, #28]	@ (10000208 <register_tm_clones+0x20>)
100001ec:	1ac9      	subs	r1, r1, r3
100001ee:	1089      	asrs	r1, r1, #2
100001f0:	bf48      	it	mi
100001f2:	3101      	addmi	r1, #1
100001f4:	1049      	asrs	r1, r1, #1
100001f6:	d003      	beq.n	10000200 <register_tm_clones+0x18>
100001f8:	4b04      	ldr	r3, [pc, #16]	@ (1000020c <register_tm_clones+0x24>)
100001fa:	b10b      	cbz	r3, 10000200 <register_tm_clones+0x18>
100001fc:	4801      	ldr	r0, [pc, #4]	@ (10000204 <register_tm_clones+0x1c>)
100001fe:	4718      	bx	r3
10000200:	4770      	bx	lr
10000202:	bf00      	nop
10000204:	200015a4 	.word	0x200015a4
10000208:	200015a4 	.word	0x200015a4
1000020c:	00000000 	.word	0x00000000

10000210 <frame_dummy>:
10000210:	b508      	push	{r3, lr}
10000212:	4b05      	ldr	r3, [pc, #20]	@ (10000228 <frame_dummy+0x18>)
10000214:	b11b      	cbz	r3, 1000021e <frame_dummy+0xe>
10000216:	4905      	ldr	r1, [pc, #20]	@ (1000022c <frame_dummy+0x1c>)
10000218:	4805      	ldr	r0, [pc, #20]	@ (10000230 <frame_dummy+0x20>)
1000021a:	f3af 8000 	nop.w
1000021e:	e8bd 4008 	ldmia.w	sp!, {r3, lr}
10000222:	f7ff bfe1 	b.w	100001e8 <register_tm_clones>
10000226:	bf00      	nop
10000228:	00000000 	.word	0x00000000
1000022c:	20002160 	.word	0x20002160
10000230:	10006700 	.word	0x10006700

10000234 <init_imu>:
10000234:	b510      	push	{r4, lr}
10000236:	2400      	movs	r4, #0
10000238:	f04f 0c6b 	mov.w	ip, #107	@ 0x6b
1000023c:	b084      	sub	sp, #16
1000023e:	aa03      	add	r2, sp, #12
10000240:	2302      	movs	r3, #2
10000242:	2168      	movs	r1, #104	@ 0x68
10000244:	9400      	str	r4, [sp, #0]
10000246:	480e      	ldr	r0, [pc, #56]	@ (10000280 <init_imu+0x4c>)
10000248:	f8ad c00c 	strh.w	ip, [sp, #12]
1000024c:	f006 f904 	bl	10006458 <i2c_write_blocking>
10000250:	221c      	movs	r2, #28
10000252:	2302      	movs	r3, #2
10000254:	f8ad 200c 	strh.w	r2, [sp, #12]
10000258:	2168      	movs	r1, #104	@ 0x68
1000025a:	aa03      	add	r2, sp, #12
1000025c:	9400      	str	r4, [sp, #0]
1000025e:	4808      	ldr	r0, [pc, #32]	@ (10000280 <init_imu+0x4c>)
10000260:	f006 f8fa 	bl	10006458 <i2c_write_blocking>
10000264:	f641 0c1b 	movw	ip, #6171	@ 0x181b
10000268:	2302      	movs	r3, #2
1000026a:	2168      	movs	r1, #104	@ 0x68
1000026c:	aa03      	add	r2, sp, #12
1000026e:	9400      	str	r4, [sp, #0]
10000270:	4803      	ldr	r0, [pc, #12]	@ (10000280 <init_imu+0x4c>)
10000272:	f8ad c00c 	strh.w	ip, [sp, #12]
10000276:	f006 f8ef 	bl	10006458 <i2c_write_blocking>
1000027a:	b004      	add	sp, #16
1000027c:	bd10      	pop	{r4, pc}
1000027e:	bf00      	nop
10000280:	20001594 	.word	0x20001594
10000284:	00000000 	.word	0x00000000

10000288 <read_imu>:
10000288:	2301      	movs	r3, #1
1000028a:	e92d 4ff0 	stmdb	sp!, {r4, r5, r6, r7, r8, r9, sl, fp, lr}
1000028e:	263b      	movs	r6, #59	@ 0x3b
10000290:	b08b      	sub	sp, #44	@ 0x2c
10000292:	4605      	mov	r5, r0
10000294:	460c      	mov	r4, r1
10000296:	4617      	mov	r7, r2
10000298:	9300      	str	r3, [sp, #0]
1000029a:	f10d 0217 	add.w	r2, sp, #23
1000029e:	2168      	movs	r1, #104	@ 0x68
100002a0:	4843      	ldr	r0, [pc, #268]	@ (100003b0 <read_imu+0x128>)
100002a2:	f88d 6017 	strb.w	r6, [sp, #23]
100002a6:	f006 f8d7 	bl	10006458 <i2c_write_blocking>
100002aa:	2200      	movs	r2, #0
100002ac:	230e      	movs	r3, #14
100002ae:	9200      	str	r2, [sp, #0]
100002b0:	2168      	movs	r1, #104	@ 0x68
100002b2:	aa06      	add	r2, sp, #24
100002b4:	483e      	ldr	r0, [pc, #248]	@ (100003b0 <read_imu+0x128>)
100002b6:	f006 f8d7 	bl	10006468 <i2c_read_blocking>
100002ba:	f8bd 0018 	ldrh.w	r0, [sp, #24]
100002be:	f8bd 3024 	ldrh.w	r3, [sp, #36]	@ 0x24
100002c2:	bac0      	revsh	r0, r0
100002c4:	badb      	revsh	r3, r3
100002c6:	9303      	str	r3, [sp, #12]
100002c8:	f001 fe12 	bl	10001ef0 <__wrap___aeabi_i2d>
100002cc:	a332      	add	r3, pc, #200	@ (adr r3, 10000398 <read_imu+0x110>)
100002ce:	e9d3 2300 	ldrd	r2, r3, [r3]
100002d2:	f001 fd8b 	bl	10001dec <__wrap___aeabi_dmul>
100002d6:	f001 fdfd 	bl	10001ed4 <__wrap___aeabi_d2f>
100002da:	f8bd b01a 	ldrh.w	fp, [sp, #26]
100002de:	6028      	str	r0, [r5, #0]
100002e0:	fa9b fbbb 	revsh.w	fp, fp
100002e4:	4658      	mov	r0, fp
100002e6:	f001 fe03 	bl	10001ef0 <__wrap___aeabi_i2d>
100002ea:	a32b      	add	r3, pc, #172	@ (adr r3, 10000398 <read_imu+0x110>)
100002ec:	e9d3 2300 	ldrd	r2, r3, [r3]
100002f0:	f001 fd7c 	bl	10001dec <__wrap___aeabi_dmul>
100002f4:	f001 fdee 	bl	10001ed4 <__wrap___aeabi_d2f>
100002f8:	f8bd a01c 	ldrh.w	sl, [sp, #28]
100002fc:	6068      	str	r0, [r5, #4]
100002fe:	fa9a faba 	revsh.w	sl, sl
10000302:	4650      	mov	r0, sl
10000304:	f001 fdf4 	bl	10001ef0 <__wrap___aeabi_i2d>
10000308:	a323      	add	r3, pc, #140	@ (adr r3, 10000398 <read_imu+0x110>)
1000030a:	e9d3 2300 	ldrd	r2, r3, [r3]
1000030e:	f001 fd6d 	bl	10001dec <__wrap___aeabi_dmul>
10000312:	f001 fddf 	bl	10001ed4 <__wrap___aeabi_d2f>
10000316:	f8bd 9020 	ldrh.w	r9, [sp, #32]
1000031a:	60a8      	str	r0, [r5, #8]
1000031c:	fa99 f9b9 	revsh.w	r9, r9
10000320:	4648      	mov	r0, r9
10000322:	f001 fde5 	bl	10001ef0 <__wrap___aeabi_i2d>
10000326:	a31e      	add	r3, pc, #120	@ (adr r3, 100003a0 <read_imu+0x118>)
10000328:	e9d3 2300 	ldrd	r2, r3, [r3]
1000032c:	f001 fd5e 	bl	10001dec <__wrap___aeabi_dmul>
10000330:	f001 fdd0 	bl	10001ed4 <__wrap___aeabi_d2f>
10000334:	f8bd 8022 	ldrh.w	r8, [sp, #34]	@ 0x22
10000338:	6020      	str	r0, [r4, #0]
1000033a:	fa98 f8b8 	revsh.w	r8, r8
1000033e:	4640      	mov	r0, r8
10000340:	f001 fdd6 	bl	10001ef0 <__wrap___aeabi_i2d>
10000344:	a316      	add	r3, pc, #88	@ (adr r3, 100003a0 <read_imu+0x118>)
10000346:	e9d3 2300 	ldrd	r2, r3, [r3]
1000034a:	f001 fd4f 	bl	10001dec <__wrap___aeabi_dmul>
1000034e:	f001 fdc1 	bl	10001ed4 <__wrap___aeabi_d2f>
10000352:	4603      	mov	r3, r0
10000354:	9803      	ldr	r0, [sp, #12]
10000356:	6063      	str	r3, [r4, #4]
10000358:	f001 fdca 	bl	10001ef0 <__wrap___aeabi_i2d>
1000035c:	a310      	add	r3, pc, #64	@ (adr r3, 100003a0 <read_imu+0x118>)
1000035e:	e9d3 2300 	ldrd	r2, r3, [r3]
10000362:	f001 fd43 	bl	10001dec <__wrap___aeabi_dmul>
10000366:	f001 fdb5 	bl	10001ed4 <__wrap___aeabi_d2f>
1000036a:	4603      	mov	r3, r0
1000036c:	f8bd 601e 	ldrh.w	r6, [sp, #30]
10000370:	60a3      	str	r3, [r4, #8]
10000372:	baf6      	revsh	r6, r6
10000374:	4630      	mov	r0, r6
10000376:	f001 fdbb 	bl	10001ef0 <__wrap___aeabi_i2d>
1000037a:	2200      	movs	r2, #0
1000037c:	4b0d      	ldr	r3, [pc, #52]	@ (100003b4 <read_imu+0x12c>)
1000037e:	f001 fd5b 	bl	10001e38 <__wrap___aeabi_ddiv>
10000382:	a309      	add	r3, pc, #36	@ (adr r3, 100003a8 <read_imu+0x120>)
10000384:	e9d3 2300 	ldrd	r2, r3, [r3]
10000388:	f001 fd08 	bl	10001d9c <__wrap___aeabi_dadd>
1000038c:	f001 fda2 	bl	10001ed4 <__wrap___aeabi_d2f>
10000390:	6038      	str	r0, [r7, #0]
10000392:	b00b      	add	sp, #44	@ 0x2c
10000394:	e8bd 8ff0 	ldmia.w	sp!, {r4, r5, r6, r7, r8, r9, sl, fp, pc}
10000398:	0a5accd5 	.word	0x0a5accd5
1000039c:	3f0ffb48 	.word	0x3f0ffb48
100003a0:	877ee4e2 	.word	0x877ee4e2
100003a4:	3f7f40a2 	.word	0x3f7f40a2
100003a8:	0a3d70a4 	.word	0x0a3d70a4
100003ac:	404243d7 	.word	0x404243d7
100003b0:	20001594 	.word	0x20001594
100003b4:	40754000 	.word	0x40754000

100003b8 <main>:
100003b8:	e92d 4ff0 	stmdb	sp!, {r4, r5, r6, r7, r8, r9, sl, fp, lr}
100003bc:	ed2d 8b06 	vpush	{d8-d10}
100003c0:	b0a5      	sub	sp, #148	@ 0x94
100003c2:	f003 fb01 	bl	100039c8 <stdio_init_all>
100003c6:	f44f 60fa 	mov.w	r0, #2000	@ 0x7d0
100003ca:	f001 f931 	bl	10001630 <sleep_ms>
100003ce:	498e      	ldr	r1, [pc, #568]	@ (10000608 <main+0x250>)
100003d0:	488e      	ldr	r0, [pc, #568]	@ (1000060c <main+0x254>)
100003d2:	f006 f81b 	bl	1000640c <i2c_init>
100003d6:	2103      	movs	r1, #3
100003d8:	2000      	movs	r0, #0
100003da:	f000 facb 	bl	10000974 <gpio_set_function>
100003de:	2103      	movs	r1, #3
100003e0:	2001      	movs	r0, #1
100003e2:	f000 fac7 	bl	10000974 <gpio_set_function>
100003e6:	2200      	movs	r2, #0
100003e8:	2101      	movs	r1, #1
100003ea:	4610      	mov	r0, r2
100003ec:	f000 fae0 	bl	100009b0 <gpio_set_pulls>
100003f0:	2101      	movs	r1, #1
100003f2:	2401      	movs	r4, #1
100003f4:	2500      	movs	r5, #0
100003f6:	2675      	movs	r6, #117	@ 0x75
100003f8:	4608      	mov	r0, r1
100003fa:	2200      	movs	r2, #0
100003fc:	f000 fad8 	bl	100009b0 <gpio_set_pulls>
10000400:	f000 f962 	bl	100006c8 <ssd1306_setup>
10000404:	2168      	movs	r1, #104	@ 0x68
10000406:	4623      	mov	r3, r4
10000408:	f10d 023e 	add.w	r2, sp, #62	@ 0x3e
1000040c:	487f      	ldr	r0, [pc, #508]	@ (1000060c <main+0x254>)
1000040e:	9400      	str	r4, [sp, #0]
10000410:	f88d 603e 	strb.w	r6, [sp, #62]	@ 0x3e
10000414:	f88d 503f 	strb.w	r5, [sp, #63]	@ 0x3f
10000418:	f006 f81e 	bl	10006458 <i2c_write_blocking>
1000041c:	2168      	movs	r1, #104	@ 0x68
1000041e:	4623      	mov	r3, r4
10000420:	487a      	ldr	r0, [pc, #488]	@ (1000060c <main+0x254>)
10000422:	9500      	str	r5, [sp, #0]
10000424:	f10d 023f 	add.w	r2, sp, #63	@ 0x3f
10000428:	f006 f81e 	bl	10006468 <i2c_read_blocking>
1000042c:	f89d 103f 	ldrb.w	r1, [sp, #63]	@ 0x3f
10000430:	2968      	cmp	r1, #104	@ 0x68
10000432:	d00b      	beq.n	1000044c <main+0x94>
10000434:	2998      	cmp	r1, #152	@ 0x98
10000436:	d009      	beq.n	1000044c <main+0x94>
10000438:	4875      	ldr	r0, [pc, #468]	@ (10000610 <main+0x258>)
1000043a:	f003 fb89 	bl	10003b50 <__wrap_printf>
1000043e:	f44f 707a 	mov.w	r0, #1000	@ 0x3e8
10000442:	f001 f8f5 	bl	10001630 <sleep_ms>
10000446:	f89d 103f 	ldrb.w	r1, [sp, #63]	@ 0x3f
1000044a:	e7f5      	b.n	10000438 <main+0x80>
1000044c:	f7ff fef2 	bl	10000234 <init_imu>
10000450:	f001 f9e0 	bl	10001814 <time_us_64>
10000454:	4606      	mov	r6, r0
10000456:	4c6f      	ldr	r4, [pc, #444]	@ (10000614 <main+0x25c>)
10000458:	aa10      	add	r2, sp, #64	@ 0x40
1000045a:	a914      	add	r1, sp, #80	@ 0x50
1000045c:	a811      	add	r0, sp, #68	@ 0x44
1000045e:	f7ff ff13 	bl	10000288 <read_imu>
10000462:	f001 f9d7 	bl	10001814 <time_us_64>
10000466:	4605      	mov	r5, r0
10000468:	1b80      	subs	r0, r0, r6
1000046a:	f001 fd53 	bl	10001f14 <__wrap___aeabi_ui2d>
1000046e:	4602      	mov	r2, r0
10000470:	460b      	mov	r3, r1
10000472:	a163      	add	r1, pc, #396	@ (adr r1, 10000600 <main+0x248>)
10000474:	e9d1 0100 	ldrd	r0, r1, [r1]
10000478:	f001 fcde 	bl	10001e38 <__wrap___aeabi_ddiv>
1000047c:	f001 fd2a 	bl	10001ed4 <__wrap___aeabi_d2f>
10000480:	f006 f8f6 	bl	10006670 <____aeabi_f2d_veneer>
10000484:	460b      	mov	r3, r1
10000486:	4602      	mov	r2, r0
10000488:	4963      	ldr	r1, [pc, #396]	@ (10000618 <main+0x260>)
1000048a:	a817      	add	r0, sp, #92	@ 0x5c
1000048c:	f003 f92c 	bl	100036e8 <__wrap_sprintf>
10000490:	ed9d aa11 	vldr	s20, [sp, #68]	@ 0x44
10000494:	eddd aa12 	vldr	s21, [sp, #72]	@ 0x48
10000498:	f000 fa5e 	bl	10000958 <ssd1306_clear>
1000049c:	2201      	movs	r2, #1
1000049e:	2110      	movs	r1, #16
100004a0:	2040      	movs	r0, #64	@ 0x40
100004a2:	f000 fa3b 	bl	1000091c <ssd1306_drawPixel>
100004a6:	eef3 7a04 	vmov.f32	s15, #52	@ 0x41a00000  20.0
100004aa:	ee2a 7a27 	vmul.f32	s14, s20, s15
100004ae:	ee6a 7aa7 	vmul.f32	s15, s21, s15
100004b2:	eebd 7ac7 	vcvt.s32.f32	s14, s14
100004b6:	eefd 7ae7 	vcvt.s32.f32	s15, s15
100004ba:	ee17 2a10 	vmov	r2, s14
100004be:	ee17 3a90 	vmov	r3, s15
100004c2:	3240      	adds	r2, #64	@ 0x40
100004c4:	3310      	adds	r3, #16
100004c6:	f382 0207 	usat	r2, #7, r2
100004ca:	f383 0305 	usat	r3, #5, r3
100004ce:	3b10      	subs	r3, #16
100004d0:	3a40      	subs	r2, #64	@ 0x40
100004d2:	2b00      	cmp	r3, #0
100004d4:	ea82 77e2 	eor.w	r7, r2, r2, asr #31
100004d8:	eba7 77e2 	sub.w	r7, r7, r2, asr #31
100004dc:	ee07 3a10 	vmov	s14, r3
100004e0:	bfb8      	it	lt
100004e2:	425b      	neglt	r3, r3
100004e4:	429f      	cmp	r7, r3
100004e6:	bfb8      	it	lt
100004e8:	461f      	movlt	r7, r3
100004ea:	eef8 6ac7 	vcvt.f32.s32	s13, s14
100004ee:	ee07 2a90 	vmov	s15, r2
100004f2:	ee07 7a10 	vmov	s14, r7
100004f6:	eef8 7ae7 	vcvt.f32.s32	s15, s15
100004fa:	eeb8 7ac7 	vcvt.f32.s32	s14, s14
100004fe:	eef3 8a00 	vmov.f32	s17, #48	@ 0x41800000  16.0
10000502:	ed9f 8a46 	vldr	s16, [pc, #280]	@ 1000061c <main+0x264>
10000506:	2600      	movs	r6, #0
10000508:	eec7 9a87 	vdiv.f32	s19, s15, s14
1000050c:	ee86 9a87 	vdiv.f32	s18, s13, s14
10000510:	3701      	adds	r7, #1
10000512:	eefd 7ae8 	vcvt.s32.f32	s15, s17
10000516:	edcd 7a0c 	vstr	s15, [sp, #48]	@ 0x30
1000051a:	eefd 7ac8 	vcvt.s32.f32	s15, s16
1000051e:	edcd 7a0d 	vstr	s15, [sp, #52]	@ 0x34
10000522:	2201      	movs	r2, #1
10000524:	f89d 1030 	ldrb.w	r1, [sp, #48]	@ 0x30
10000528:	f89d 0034 	ldrb.w	r0, [sp, #52]	@ 0x34
1000052c:	3601      	adds	r6, #1
1000052e:	f000 f9f5 	bl	1000091c <ssd1306_drawPixel>
10000532:	42be      	cmp	r6, r7
10000534:	ee38 8a29 	vadd.f32	s16, s16, s19
10000538:	ee78 8a89 	vadd.f32	s17, s17, s18
1000053c:	d1e9      	bne.n	10000512 <main+0x15a>
1000053e:	f89d 305c 	ldrb.w	r3, [sp, #92]	@ 0x5c
10000542:	b343      	cbz	r3, 10000596 <main+0x1de>
10000544:	f04f 0905 	mov.w	r9, #5
10000548:	f10d 0a5c 	add.w	sl, sp, #92	@ 0x5c
1000054c:	f1a3 0b20 	sub.w	fp, r3, #32
10000550:	f1bb 0f5f 	cmp.w	fp, #95	@ 0x5f
10000554:	d817      	bhi.n	10000586 <main+0x1ce>
10000556:	eb0b 0b8b 	add.w	fp, fp, fp, lsl #2
1000055a:	f1a9 0705 	sub.w	r7, r9, #5
1000055e:	44a3      	add	fp, r4
10000560:	b2ff      	uxtb	r7, r7
10000562:	2600      	movs	r6, #0
10000564:	f81b 8b01 	ldrb.w	r8, [fp], #1
10000568:	fa48 f206 	asr.w	r2, r8, r6
1000056c:	b2f1      	uxtb	r1, r6
1000056e:	4638      	mov	r0, r7
10000570:	f002 0201 	and.w	r2, r2, #1
10000574:	3601      	adds	r6, #1
10000576:	f000 f9d1 	bl	1000091c <ssd1306_drawPixel>
1000057a:	2e08      	cmp	r6, #8
1000057c:	d1f4      	bne.n	10000568 <main+0x1b0>
1000057e:	3701      	adds	r7, #1
10000580:	b2ff      	uxtb	r7, r7
10000582:	454f      	cmp	r7, r9
10000584:	d1ed      	bne.n	10000562 <main+0x1aa>
10000586:	f81a 3f01 	ldrb.w	r3, [sl, #1]!
1000058a:	f109 0906 	add.w	r9, r9, #6
1000058e:	fa5f f989 	uxtb.w	r9, r9
10000592:	2b00      	cmp	r3, #0
10000594:	d1da      	bne.n	1000054c <main+0x194>
10000596:	f000 f845 	bl	10000624 <ssd1306_update>
1000059a:	ee1a 0a10 	vmov	r0, s20
1000059e:	f006 f867 	bl	10006670 <____aeabi_f2d_veneer>
100005a2:	4606      	mov	r6, r0
100005a4:	9810      	ldr	r0, [sp, #64]	@ 0x40
100005a6:	460f      	mov	r7, r1
100005a8:	f006 f862 	bl	10006670 <____aeabi_f2d_veneer>
100005ac:	e9cd 010a 	strd	r0, r1, [sp, #40]	@ 0x28
100005b0:	9816      	ldr	r0, [sp, #88]	@ 0x58
100005b2:	f006 f85d 	bl	10006670 <____aeabi_f2d_veneer>
100005b6:	e9cd 0108 	strd	r0, r1, [sp, #32]
100005ba:	9815      	ldr	r0, [sp, #84]	@ 0x54
100005bc:	f006 f858 	bl	10006670 <____aeabi_f2d_veneer>
100005c0:	e9cd 0106 	strd	r0, r1, [sp, #24]
100005c4:	9814      	ldr	r0, [sp, #80]	@ 0x50
100005c6:	f006 f853 	bl	10006670 <____aeabi_f2d_veneer>
100005ca:	e9cd 0104 	strd	r0, r1, [sp, #16]
100005ce:	9813      	ldr	r0, [sp, #76]	@ 0x4c
100005d0:	f006 f84e 	bl	10006670 <____aeabi_f2d_veneer>
100005d4:	e9cd 0102 	strd	r0, r1, [sp, #8]
100005d8:	ee1a 0a90 	vmov	r0, s21
100005dc:	f006 f848 	bl	10006670 <____aeabi_f2d_veneer>
100005e0:	4689      	mov	r9, r1
100005e2:	4680      	mov	r8, r0
100005e4:	4632      	mov	r2, r6
100005e6:	463b      	mov	r3, r7
100005e8:	e9cd 8900 	strd	r8, r9, [sp]
100005ec:	480c      	ldr	r0, [pc, #48]	@ (10000620 <main+0x268>)
100005ee:	f003 faaf 	bl	10003b50 <__wrap_printf>
100005f2:	200a      	movs	r0, #10
100005f4:	f001 f81c 	bl	10001630 <sleep_ms>
100005f8:	462e      	mov	r6, r5
100005fa:	e72d      	b.n	10000458 <main+0xa0>
100005fc:	f3af 8000 	nop.w
10000600:	00000000 	.word	0x00000000
10000604:	412e8480 	.word	0x412e8480
10000608:	00061a80 	.word	0x00061a80
1000060c:	20001594 	.word	0x20001594
10000610:	10006700 	.word	0x10006700
10000614:	100068dc 	.word	0x100068dc
10000618:	10006724 	.word	0x10006724
1000061c:	42800000 	.word	0x42800000
10000620:	10006730 	.word	0x10006730

10000624 <ssd1306_update>:
10000624:	b530      	push	{r4, r5, lr}
10000626:	2400      	movs	r4, #0
10000628:	f44f 5c08 	mov.w	ip, #8704	@ 0x2200
1000062c:	4d23      	ldr	r5, [pc, #140]	@ (100006bc <ssd1306_update+0x98>)
1000062e:	b085      	sub	sp, #20
10000630:	7829      	ldrb	r1, [r5, #0]
10000632:	aa03      	add	r2, sp, #12
10000634:	2302      	movs	r3, #2
10000636:	9400      	str	r4, [sp, #0]
10000638:	4821      	ldr	r0, [pc, #132]	@ (100006c0 <ssd1306_update+0x9c>)
1000063a:	f8ad c00c 	strh.w	ip, [sp, #12]
1000063e:	f005 ff0b 	bl	10006458 <i2c_write_blocking>
10000642:	9400      	str	r4, [sp, #0]
10000644:	7829      	ldrb	r1, [r5, #0]
10000646:	aa03      	add	r2, sp, #12
10000648:	2302      	movs	r3, #2
1000064a:	481d      	ldr	r0, [pc, #116]	@ (100006c0 <ssd1306_update+0x9c>)
1000064c:	f8ad 400c 	strh.w	r4, [sp, #12]
10000650:	f005 ff02 	bl	10006458 <i2c_write_blocking>
10000654:	f44f 427f 	mov.w	r2, #65280	@ 0xff00
10000658:	9400      	str	r4, [sp, #0]
1000065a:	7829      	ldrb	r1, [r5, #0]
1000065c:	f8ad 200c 	strh.w	r2, [sp, #12]
10000660:	2302      	movs	r3, #2
10000662:	aa03      	add	r2, sp, #12
10000664:	4816      	ldr	r0, [pc, #88]	@ (100006c0 <ssd1306_update+0x9c>)
10000666:	f005 fef7 	bl	10006458 <i2c_write_blocking>
1000066a:	f44f 5204 	mov.w	r2, #8448	@ 0x2100
1000066e:	9400      	str	r4, [sp, #0]
10000670:	7829      	ldrb	r1, [r5, #0]
10000672:	f8ad 200c 	strh.w	r2, [sp, #12]
10000676:	2302      	movs	r3, #2
10000678:	aa03      	add	r2, sp, #12
1000067a:	4811      	ldr	r0, [pc, #68]	@ (100006c0 <ssd1306_update+0x9c>)
1000067c:	f005 feec 	bl	10006458 <i2c_write_blocking>
10000680:	9400      	str	r4, [sp, #0]
10000682:	7829      	ldrb	r1, [r5, #0]
10000684:	aa03      	add	r2, sp, #12
10000686:	2302      	movs	r3, #2
10000688:	480d      	ldr	r0, [pc, #52]	@ (100006c0 <ssd1306_update+0x9c>)
1000068a:	f8ad 400c 	strh.w	r4, [sp, #12]
1000068e:	f005 fee3 	bl	10006458 <i2c_write_blocking>
10000692:	f44f 41fe 	mov.w	r1, #32512	@ 0x7f00
10000696:	9400      	str	r4, [sp, #0]
10000698:	aa03      	add	r2, sp, #12
1000069a:	f8ad 100c 	strh.w	r1, [sp, #12]
1000069e:	2302      	movs	r3, #2
100006a0:	7829      	ldrb	r1, [r5, #0]
100006a2:	4807      	ldr	r0, [pc, #28]	@ (100006c0 <ssd1306_update+0x9c>)
100006a4:	f005 fed8 	bl	10006458 <i2c_write_blocking>
100006a8:	7829      	ldrb	r1, [r5, #0]
100006aa:	f240 2301 	movw	r3, #513	@ 0x201
100006ae:	4a05      	ldr	r2, [pc, #20]	@ (100006c4 <ssd1306_update+0xa0>)
100006b0:	9400      	str	r4, [sp, #0]
100006b2:	4803      	ldr	r0, [pc, #12]	@ (100006c0 <ssd1306_update+0x9c>)
100006b4:	f005 fed0 	bl	10006458 <i2c_write_blocking>
100006b8:	b005      	add	sp, #20
100006ba:	bd30      	pop	{r4, r5, pc}
100006bc:	200014f8 	.word	0x200014f8
100006c0:	20001594 	.word	0x20001594
100006c4:	200021ac 	.word	0x200021ac

100006c8 <ssd1306_setup>:
100006c8:	e92d 41f0 	stmdb	sp!, {r4, r5, r6, r7, r8, lr}
100006cc:	2640      	movs	r6, #64	@ 0x40
100006ce:	4b90      	ldr	r3, [pc, #576]	@ (10000910 <ssd1306_setup+0x248>)
100006d0:	b084      	sub	sp, #16
100006d2:	2014      	movs	r0, #20
100006d4:	2400      	movs	r4, #0
100006d6:	701e      	strb	r6, [r3, #0]
100006d8:	f000 ffaa 	bl	10001630 <sleep_ms>
100006dc:	f44f 422e 	mov.w	r2, #44544	@ 0xae00
100006e0:	4d8c      	ldr	r5, [pc, #560]	@ (10000914 <ssd1306_setup+0x24c>)
100006e2:	f8ad 200c 	strh.w	r2, [sp, #12]
100006e6:	7829      	ldrb	r1, [r5, #0]
100006e8:	aa03      	add	r2, sp, #12
100006ea:	2302      	movs	r3, #2
100006ec:	9400      	str	r4, [sp, #0]
100006ee:	488a      	ldr	r0, [pc, #552]	@ (10000918 <ssd1306_setup+0x250>)
100006f0:	f005 feb2 	bl	10006458 <i2c_write_blocking>
100006f4:	f44f 4355 	mov.w	r3, #54528	@ 0xd500
100006f8:	9400      	str	r4, [sp, #0]
100006fa:	7829      	ldrb	r1, [r5, #0]
100006fc:	f8ad 300c 	strh.w	r3, [sp, #12]
10000700:	aa03      	add	r2, sp, #12
10000702:	2302      	movs	r3, #2
10000704:	4884      	ldr	r0, [pc, #528]	@ (10000918 <ssd1306_setup+0x250>)
10000706:	f005 fea7 	bl	10006458 <i2c_write_blocking>
1000070a:	f44f 4300 	mov.w	r3, #32768	@ 0x8000
1000070e:	9400      	str	r4, [sp, #0]
10000710:	7829      	ldrb	r1, [r5, #0]
10000712:	f8ad 300c 	strh.w	r3, [sp, #12]
10000716:	aa03      	add	r2, sp, #12
10000718:	2302      	movs	r3, #2
1000071a:	487f      	ldr	r0, [pc, #508]	@ (10000918 <ssd1306_setup+0x250>)
1000071c:	f005 fe9c 	bl	10006458 <i2c_write_blocking>
10000720:	f44f 4328 	mov.w	r3, #43008	@ 0xa800
10000724:	9400      	str	r4, [sp, #0]
10000726:	7829      	ldrb	r1, [r5, #0]
10000728:	f8ad 300c 	strh.w	r3, [sp, #12]
1000072c:	aa03      	add	r2, sp, #12
1000072e:	2302      	movs	r3, #2
10000730:	4879      	ldr	r0, [pc, #484]	@ (10000918 <ssd1306_setup+0x250>)
10000732:	f005 fe91 	bl	10006458 <i2c_write_blocking>
10000736:	f44f 53f8 	mov.w	r3, #7936	@ 0x1f00
1000073a:	9400      	str	r4, [sp, #0]
1000073c:	7829      	ldrb	r1, [r5, #0]
1000073e:	f8ad 300c 	strh.w	r3, [sp, #12]
10000742:	aa03      	add	r2, sp, #12
10000744:	2302      	movs	r3, #2
10000746:	4874      	ldr	r0, [pc, #464]	@ (10000918 <ssd1306_setup+0x250>)
10000748:	f005 fe86 	bl	10006458 <i2c_write_blocking>
1000074c:	f44f 4353 	mov.w	r3, #54016	@ 0xd300
10000750:	f44f 4880 	mov.w	r8, #16384	@ 0x4000
10000754:	9400      	str	r4, [sp, #0]
10000756:	7829      	ldrb	r1, [r5, #0]
10000758:	f8ad 300c 	strh.w	r3, [sp, #12]
1000075c:	aa03      	add	r2, sp, #12
1000075e:	2302      	movs	r3, #2
10000760:	486d      	ldr	r0, [pc, #436]	@ (10000918 <ssd1306_setup+0x250>)
10000762:	f005 fe79 	bl	10006458 <i2c_write_blocking>
10000766:	9400      	str	r4, [sp, #0]
10000768:	7829      	ldrb	r1, [r5, #0]
1000076a:	aa03      	add	r2, sp, #12
1000076c:	2302      	movs	r3, #2
1000076e:	486a      	ldr	r0, [pc, #424]	@ (10000918 <ssd1306_setup+0x250>)
10000770:	f8ad 400c 	strh.w	r4, [sp, #12]
10000774:	f005 fe70 	bl	10006458 <i2c_write_blocking>
10000778:	9400      	str	r4, [sp, #0]
1000077a:	7829      	ldrb	r1, [r5, #0]
1000077c:	aa03      	add	r2, sp, #12
1000077e:	2302      	movs	r3, #2
10000780:	4865      	ldr	r0, [pc, #404]	@ (10000918 <ssd1306_setup+0x250>)
10000782:	f8ad 800c 	strh.w	r8, [sp, #12]
10000786:	f005 fe67 	bl	10006458 <i2c_write_blocking>
1000078a:	f44f 430d 	mov.w	r3, #36096	@ 0x8d00
1000078e:	9400      	str	r4, [sp, #0]
10000790:	7829      	ldrb	r1, [r5, #0]
10000792:	f8ad 300c 	strh.w	r3, [sp, #12]
10000796:	aa03      	add	r2, sp, #12
10000798:	2302      	movs	r3, #2
1000079a:	485f      	ldr	r0, [pc, #380]	@ (10000918 <ssd1306_setup+0x250>)
1000079c:	f005 fe5c 	bl	10006458 <i2c_write_blocking>
100007a0:	f44f 53a0 	mov.w	r3, #5120	@ 0x1400
100007a4:	9400      	str	r4, [sp, #0]
100007a6:	7829      	ldrb	r1, [r5, #0]
100007a8:	f8ad 300c 	strh.w	r3, [sp, #12]
100007ac:	aa03      	add	r2, sp, #12
100007ae:	2302      	movs	r3, #2
100007b0:	4859      	ldr	r0, [pc, #356]	@ (10000918 <ssd1306_setup+0x250>)
100007b2:	f005 fe51 	bl	10006458 <i2c_write_blocking>
100007b6:	f44f 5300 	mov.w	r3, #8192	@ 0x2000
100007ba:	9400      	str	r4, [sp, #0]
100007bc:	7829      	ldrb	r1, [r5, #0]
100007be:	f8ad 300c 	strh.w	r3, [sp, #12]
100007c2:	aa03      	add	r2, sp, #12
100007c4:	2302      	movs	r3, #2
100007c6:	4854      	ldr	r0, [pc, #336]	@ (10000918 <ssd1306_setup+0x250>)
100007c8:	f005 fe46 	bl	10006458 <i2c_write_blocking>
100007cc:	9400      	str	r4, [sp, #0]
100007ce:	7829      	ldrb	r1, [r5, #0]
100007d0:	aa03      	add	r2, sp, #12
100007d2:	2302      	movs	r3, #2
100007d4:	4850      	ldr	r0, [pc, #320]	@ (10000918 <ssd1306_setup+0x250>)
100007d6:	f8ad 400c 	strh.w	r4, [sp, #12]
100007da:	f005 fe3d 	bl	10006458 <i2c_write_blocking>
100007de:	f44f 4321 	mov.w	r3, #41216	@ 0xa100
100007e2:	9400      	str	r4, [sp, #0]
100007e4:	7829      	ldrb	r1, [r5, #0]
100007e6:	f8ad 300c 	strh.w	r3, [sp, #12]
100007ea:	aa03      	add	r2, sp, #12
100007ec:	2302      	movs	r3, #2
100007ee:	484a      	ldr	r0, [pc, #296]	@ (10000918 <ssd1306_setup+0x250>)
100007f0:	f005 fe32 	bl	10006458 <i2c_write_blocking>
100007f4:	f44f 4348 	mov.w	r3, #51200	@ 0xc800
100007f8:	9400      	str	r4, [sp, #0]
100007fa:	7829      	ldrb	r1, [r5, #0]
100007fc:	f8ad 300c 	strh.w	r3, [sp, #12]
10000800:	aa03      	add	r2, sp, #12
10000802:	2302      	movs	r3, #2
10000804:	4844      	ldr	r0, [pc, #272]	@ (10000918 <ssd1306_setup+0x250>)
10000806:	f005 fe27 	bl	10006458 <i2c_write_blocking>
1000080a:	f44f 435a 	mov.w	r3, #55808	@ 0xda00
1000080e:	f44f 7700 	mov.w	r7, #512	@ 0x200
10000812:	9400      	str	r4, [sp, #0]
10000814:	7829      	ldrb	r1, [r5, #0]
10000816:	f8ad 300c 	strh.w	r3, [sp, #12]
1000081a:	aa03      	add	r2, sp, #12
1000081c:	2302      	movs	r3, #2
1000081e:	483e      	ldr	r0, [pc, #248]	@ (10000918 <ssd1306_setup+0x250>)
10000820:	f005 fe1a 	bl	10006458 <i2c_write_blocking>
10000824:	9400      	str	r4, [sp, #0]
10000826:	7829      	ldrb	r1, [r5, #0]
10000828:	aa03      	add	r2, sp, #12
1000082a:	2302      	movs	r3, #2
1000082c:	483a      	ldr	r0, [pc, #232]	@ (10000918 <ssd1306_setup+0x250>)
1000082e:	f8ad 700c 	strh.w	r7, [sp, #12]
10000832:	f005 fe11 	bl	10006458 <i2c_write_blocking>
10000836:	f44f 4301 	mov.w	r3, #33024	@ 0x8100
1000083a:	9400      	str	r4, [sp, #0]
1000083c:	7829      	ldrb	r1, [r5, #0]
1000083e:	f8ad 300c 	strh.w	r3, [sp, #12]
10000842:	aa03      	add	r2, sp, #12
10000844:	2302      	movs	r3, #2
10000846:	4834      	ldr	r0, [pc, #208]	@ (10000918 <ssd1306_setup+0x250>)
10000848:	f005 fe06 	bl	10006458 <i2c_write_blocking>
1000084c:	f44f 430f 	mov.w	r3, #36608	@ 0x8f00
10000850:	9400      	str	r4, [sp, #0]
10000852:	7829      	ldrb	r1, [r5, #0]
10000854:	f8ad 300c 	strh.w	r3, [sp, #12]
10000858:	aa03      	add	r2, sp, #12
1000085a:	2302      	movs	r3, #2
1000085c:	482e      	ldr	r0, [pc, #184]	@ (10000918 <ssd1306_setup+0x250>)
1000085e:	f005 fdfb 	bl	10006458 <i2c_write_blocking>
10000862:	f44f 4359 	mov.w	r3, #55552	@ 0xd900
10000866:	9400      	str	r4, [sp, #0]
10000868:	7829      	ldrb	r1, [r5, #0]
1000086a:	f8ad 300c 	strh.w	r3, [sp, #12]
1000086e:	aa03      	add	r2, sp, #12
10000870:	2302      	movs	r3, #2
10000872:	4829      	ldr	r0, [pc, #164]	@ (10000918 <ssd1306_setup+0x250>)
10000874:	f005 fdf0 	bl	10006458 <i2c_write_blocking>
10000878:	f44f 4371 	mov.w	r3, #61696	@ 0xf100
1000087c:	9400      	str	r4, [sp, #0]
1000087e:	7829      	ldrb	r1, [r5, #0]
10000880:	f8ad 300c 	strh.w	r3, [sp, #12]
10000884:	aa03      	add	r2, sp, #12
10000886:	2302      	movs	r3, #2
10000888:	4823      	ldr	r0, [pc, #140]	@ (10000918 <ssd1306_setup+0x250>)
1000088a:	f005 fde5 	bl	10006458 <i2c_write_blocking>
1000088e:	f44f 435b 	mov.w	r3, #56064	@ 0xdb00
10000892:	9400      	str	r4, [sp, #0]
10000894:	7829      	ldrb	r1, [r5, #0]
10000896:	f8ad 300c 	strh.w	r3, [sp, #12]
1000089a:	aa03      	add	r2, sp, #12
1000089c:	2302      	movs	r3, #2
1000089e:	481e      	ldr	r0, [pc, #120]	@ (10000918 <ssd1306_setup+0x250>)
100008a0:	f005 fdda 	bl	10006458 <i2c_write_blocking>
100008a4:	9400      	str	r4, [sp, #0]
100008a6:	7829      	ldrb	r1, [r5, #0]
100008a8:	aa03      	add	r2, sp, #12
100008aa:	2302      	movs	r3, #2
100008ac:	481a      	ldr	r0, [pc, #104]	@ (10000918 <ssd1306_setup+0x250>)
100008ae:	f8ad 800c 	strh.w	r8, [sp, #12]
100008b2:	f005 fdd1 	bl	10006458 <i2c_write_blocking>
100008b6:	f44f 4324 	mov.w	r3, #41984	@ 0xa400
100008ba:	9400      	str	r4, [sp, #0]
100008bc:	7829      	ldrb	r1, [r5, #0]
100008be:	f8ad 300c 	strh.w	r3, [sp, #12]
100008c2:	aa03      	add	r2, sp, #12
100008c4:	2302      	movs	r3, #2
100008c6:	4814      	ldr	r0, [pc, #80]	@ (10000918 <ssd1306_setup+0x250>)
100008c8:	f005 fdc6 	bl	10006458 <i2c_write_blocking>
100008cc:	f44f 4326 	mov.w	r3, #42496	@ 0xa600
100008d0:	9400      	str	r4, [sp, #0]
100008d2:	7829      	ldrb	r1, [r5, #0]
100008d4:	f8ad 300c 	strh.w	r3, [sp, #12]
100008d8:	aa03      	add	r2, sp, #12
100008da:	2302      	movs	r3, #2
100008dc:	480e      	ldr	r0, [pc, #56]	@ (10000918 <ssd1306_setup+0x250>)
100008de:	f005 fdbb 	bl	10006458 <i2c_write_blocking>
100008e2:	f44f 432f 	mov.w	r3, #44800	@ 0xaf00
100008e6:	7829      	ldrb	r1, [r5, #0]
100008e8:	f8ad 300c 	strh.w	r3, [sp, #12]
100008ec:	aa03      	add	r2, sp, #12
100008ee:	2302      	movs	r3, #2
100008f0:	9400      	str	r4, [sp, #0]
100008f2:	4809      	ldr	r0, [pc, #36]	@ (10000918 <ssd1306_setup+0x250>)
100008f4:	f005 fdb0 	bl	10006458 <i2c_write_blocking>
100008f8:	463a      	mov	r2, r7
100008fa:	4621      	mov	r1, r4
100008fc:	4804      	ldr	r0, [pc, #16]	@ (10000910 <ssd1306_setup+0x248>)
100008fe:	f005 fdbb 	bl	10006478 <memset>
10000902:	4b03      	ldr	r3, [pc, #12]	@ (10000910 <ssd1306_setup+0x248>)
10000904:	701e      	strb	r6, [r3, #0]
10000906:	b004      	add	sp, #16
10000908:	e8bd 41f0 	ldmia.w	sp!, {r4, r5, r6, r7, r8, lr}
1000090c:	f7ff be8a 	b.w	10000624 <ssd1306_update>
10000910:	200021ac 	.word	0x200021ac
10000914:	200014f8 	.word	0x200014f8
10000918:	20001594 	.word	0x20001594

1000091c <ssd1306_drawPixel>:
1000091c:	0603      	lsls	r3, r0, #24
1000091e:	d418      	bmi.n	10000952 <ssd1306_drawPixel+0x36>
10000920:	291f      	cmp	r1, #31
10000922:	d816      	bhi.n	10000952 <ssd1306_drawPixel+0x36>
10000924:	08cb      	lsrs	r3, r1, #3
10000926:	3001      	adds	r0, #1
10000928:	eb00 10c3 	add.w	r0, r0, r3, lsl #7
1000092c:	2301      	movs	r3, #1
1000092e:	b410      	push	{r4}
10000930:	4c08      	ldr	r4, [pc, #32]	@ (10000954 <ssd1306_drawPixel+0x38>)
10000932:	f001 0107 	and.w	r1, r1, #7
10000936:	f814 c000 	ldrb.w	ip, [r4, r0]
1000093a:	408b      	lsls	r3, r1
1000093c:	2a01      	cmp	r2, #1
1000093e:	bf0c      	ite	eq
10000940:	ea4c 0c03 	orreq.w	ip, ip, r3
10000944:	ea2c 0c03 	bicne.w	ip, ip, r3
10000948:	f804 c000 	strb.w	ip, [r4, r0]
1000094c:	f85d 4b04 	ldr.w	r4, [sp], #4
10000950:	4770      	bx	lr
10000952:	4770      	bx	lr
10000954:	200021ac 	.word	0x200021ac

10000958 <ssd1306_clear>:
10000958:	f44f 7200 	mov.w	r2, #512	@ 0x200
1000095c:	b508      	push	{r3, lr}
1000095e:	2100      	movs	r1, #0
10000960:	4803      	ldr	r0, [pc, #12]	@ (10000970 <ssd1306_clear+0x18>)
10000962:	f005 fd89 	bl	10006478 <memset>
10000966:	2340      	movs	r3, #64	@ 0x40
10000968:	4a01      	ldr	r2, [pc, #4]	@ (10000970 <ssd1306_clear+0x18>)
1000096a:	7013      	strb	r3, [r2, #0]
1000096c:	bd08      	pop	{r3, pc}
1000096e:	bf00      	nop
10000970:	200021ac 	.word	0x200021ac

10000974 <gpio_set_function>:
10000974:	b410      	push	{r4}
10000976:	f44f 7480 	mov.w	r4, #256	@ 0x100
1000097a:	4b0c      	ldr	r3, [pc, #48]	@ (100009ac <gpio_set_function+0x38>)
1000097c:	f853 2020 	ldr.w	r2, [r3, r0, lsl #2]
10000980:	eb03 0380 	add.w	r3, r3, r0, lsl #2
10000984:	00c0      	lsls	r0, r0, #3
10000986:	f082 0240 	eor.w	r2, r2, #64	@ 0x40
1000098a:	f100 4080 	add.w	r0, r0, #1073741824	@ 0x40000000
1000098e:	f503 5c80 	add.w	ip, r3, #4096	@ 0x1000
10000992:	f002 02c0 	and.w	r2, r2, #192	@ 0xc0
10000996:	f500 3020 	add.w	r0, r0, #163840	@ 0x28000
1000099a:	f503 5340 	add.w	r3, r3, #12288	@ 0x3000
1000099e:	f8cc 2000 	str.w	r2, [ip]
100009a2:	6041      	str	r1, [r0, #4]
100009a4:	601c      	str	r4, [r3, #0]
100009a6:	f85d 4b04 	ldr.w	r4, [sp], #4
100009aa:	4770      	bx	lr
100009ac:	40038004 	.word	0x40038004

100009b0 <gpio_set_pulls>:
100009b0:	b410      	push	{r4}
100009b2:	4c08      	ldr	r4, [pc, #32]	@ (100009d4 <gpio_set_pulls+0x24>)
100009b4:	00c9      	lsls	r1, r1, #3
100009b6:	ea41 0182 	orr.w	r1, r1, r2, lsl #2
100009ba:	f854 2020 	ldr.w	r2, [r4, r0, lsl #2]
100009be:	eb04 0380 	add.w	r3, r4, r0, lsl #2
100009c2:	4051      	eors	r1, r2
100009c4:	f503 5380 	add.w	r3, r3, #4096	@ 0x1000
100009c8:	f001 010c 	and.w	r1, r1, #12
100009cc:	f85d 4b04 	ldr.w	r4, [sp], #4
100009d0:	6019      	str	r1, [r3, #0]
100009d2:	4770      	bx	lr
100009d4:	40038004 	.word	0x40038004

100009d8 <panic>:
100009d8:	b40f      	push	{r0, r1, r2, r3}
100009da:	b500      	push	{lr}
100009dc:	b083      	sub	sp, #12
100009de:	9c04      	ldr	r4, [sp, #16]
100009e0:	4807      	ldr	r0, [pc, #28]	@ (10000a00 <panic+0x28>)
100009e2:	f003 f835 	bl	10003a50 <__wrap_puts>
100009e6:	b13c      	cbz	r4, 100009f8 <panic+0x20>
100009e8:	a905      	add	r1, sp, #20
100009ea:	4620      	mov	r0, r4
100009ec:	9101      	str	r1, [sp, #4]
100009ee:	f002 fea5 	bl	1000373c <weak_raw_vprintf>
100009f2:	4804      	ldr	r0, [pc, #16]	@ (10000a04 <panic+0x2c>)
100009f4:	f003 f82c 	bl	10003a50 <__wrap_puts>
100009f8:	2001      	movs	r0, #1
100009fa:	f002 feb7 	bl	1000376c <_exit>
100009fe:	bf00      	nop
10000a00:	10006770 	.word	0x10006770
10000a04:	10006780 	.word	0x10006780

10000a08 <hw_claim_or_assert>:
10000a08:	b570      	push	{r4, r5, r6, lr}
10000a0a:	4686      	mov	lr, r0
10000a0c:	f3ef 8510 	mrs	r5, PRIMASK
10000a10:	b672      	cpsid	i
10000a12:	4c12      	ldr	r4, [pc, #72]	@ (10000a5c <hw_claim_or_assert+0x54>)
10000a14:	e8d4 6fcf 	ldaexb	r6, [r4]
10000a18:	2001      	movs	r0, #1
10000a1a:	2e00      	cmp	r6, #0
10000a1c:	d1fa      	bne.n	10000a14 <hw_claim_or_assert+0xc>
10000a1e:	e8c4 0f46 	strexb	r6, r0, [r4]
10000a22:	2e00      	cmp	r6, #0
10000a24:	d1f6      	bne.n	10000a14 <hw_claim_or_assert+0xc>
10000a26:	f3bf 8f5f 	dmb	sy
10000a2a:	f04f 0c01 	mov.w	ip, #1
10000a2e:	08c8      	lsrs	r0, r1, #3
10000a30:	f001 0307 	and.w	r3, r1, #7
10000a34:	fa0c f303 	lsl.w	r3, ip, r3
10000a38:	f81e c000 	ldrb.w	ip, [lr, r0]
10000a3c:	ea1c 0603 	ands.w	r6, ip, r3
10000a40:	d108      	bne.n	10000a54 <hw_claim_or_assert+0x4c>
10000a42:	ea4c 0c03 	orr.w	ip, ip, r3
10000a46:	f80e c000 	strb.w	ip, [lr, r0]
10000a4a:	e8c4 6f8f 	stlb	r6, [r4]
10000a4e:	f385 8810 	msr	PRIMASK, r5
10000a52:	bd70      	pop	{r4, r5, r6, pc}
10000a54:	4610      	mov	r0, r2
10000a56:	f7ff ffbf 	bl	100009d8 <panic>
10000a5a:	bf00      	nop
10000a5c:	200018df 	.word	0x200018df

10000a60 <hw_claim_unused_from_range>:
10000a60:	b5f8      	push	{r3, r4, r5, r6, r7, lr}
10000a62:	f3ef 8710 	mrs	r7, PRIMASK
10000a66:	b672      	cpsid	i
10000a68:	4e1c      	ldr	r6, [pc, #112]	@ (10000adc <hw_claim_unused_from_range+0x7c>)
10000a6a:	e8d6 5fcf 	ldaexb	r5, [r6]
10000a6e:	2401      	movs	r4, #1
10000a70:	2d00      	cmp	r5, #0
10000a72:	d1fa      	bne.n	10000a6a <hw_claim_unused_from_range+0xa>
10000a74:	e8c6 4f45 	strexb	r5, r4, [r6]
10000a78:	2d00      	cmp	r5, #0
10000a7a:	d1f6      	bne.n	10000a6a <hw_claim_unused_from_range+0xa>
10000a7c:	f3bf 8f5f 	dmb	sy
10000a80:	429a      	cmp	r2, r3
10000a82:	d81b      	bhi.n	10000abc <hw_claim_unused_from_range+0x5c>
10000a84:	2501      	movs	r5, #1
10000a86:	e002      	b.n	10000a8e <hw_claim_unused_from_range+0x2e>
10000a88:	3201      	adds	r2, #1
10000a8a:	4293      	cmp	r3, r2
10000a8c:	d322      	bcc.n	10000ad4 <hw_claim_unused_from_range+0x74>
10000a8e:	08d4      	lsrs	r4, r2, #3
10000a90:	f810 e004 	ldrb.w	lr, [r0, r4]
10000a94:	f002 0c07 	and.w	ip, r2, #7
10000a98:	fa05 fc0c 	lsl.w	ip, r5, ip
10000a9c:	ea1e 0f0c 	tst.w	lr, ip
10000aa0:	d1f2      	bne.n	10000a88 <hw_claim_unused_from_range+0x28>
10000aa2:	ea4e 0e0c 	orr.w	lr, lr, ip
10000aa6:	f800 e004 	strb.w	lr, [r0, r4]
10000aaa:	4610      	mov	r0, r2
10000aac:	2300      	movs	r3, #0
10000aae:	e8c6 3f8f 	stlb	r3, [r6]
10000ab2:	f387 8810 	msr	PRIMASK, r7
10000ab6:	4298      	cmp	r0, r3
10000ab8:	db07      	blt.n	10000aca <hw_claim_unused_from_range+0x6a>
10000aba:	bdf8      	pop	{r3, r4, r5, r6, r7, pc}
10000abc:	2300      	movs	r3, #0
10000abe:	e8c6 3f8f 	stlb	r3, [r6]
10000ac2:	f387 8810 	msr	PRIMASK, r7
10000ac6:	f04f 30ff 	mov.w	r0, #4294967295	@ 0xffffffff
10000aca:	2900      	cmp	r1, #0
10000acc:	d0f5      	beq.n	10000aba <hw_claim_unused_from_range+0x5a>
10000ace:	9806      	ldr	r0, [sp, #24]
10000ad0:	f7ff ff82 	bl	100009d8 <panic>
10000ad4:	f04f 30ff 	mov.w	r0, #4294967295	@ 0xffffffff
10000ad8:	e7e8      	b.n	10000aac <hw_claim_unused_from_range+0x4c>
10000ada:	bf00      	nop
10000adc:	200018df 	.word	0x200018df

10000ae0 <next_striped_spin_lock_num>:
10000ae0:	4a04      	ldr	r2, [pc, #16]	@ (10000af4 <next_striped_spin_lock_num+0x14>)
10000ae2:	7810      	ldrb	r0, [r2, #0]
10000ae4:	1c43      	adds	r3, r0, #1
10000ae6:	b2db      	uxtb	r3, r3
10000ae8:	2b18      	cmp	r3, #24
10000aea:	bf28      	it	cs
10000aec:	2310      	movcs	r3, #16
10000aee:	7013      	strb	r3, [r2, #0]
10000af0:	4770      	bx	lr
10000af2:	bf00      	nop
10000af4:	200014f9 	.word	0x200014f9

10000af8 <spin_lock_claim_unused>:
10000af8:	b510      	push	{r4, lr}
10000afa:	4c05      	ldr	r4, [pc, #20]	@ (10000b10 <spin_lock_claim_unused+0x18>)
10000afc:	b082      	sub	sp, #8
10000afe:	4601      	mov	r1, r0
10000b00:	231f      	movs	r3, #31
10000b02:	2218      	movs	r2, #24
10000b04:	9400      	str	r4, [sp, #0]
10000b06:	4803      	ldr	r0, [pc, #12]	@ (10000b14 <spin_lock_claim_unused+0x1c>)
10000b08:	f7ff ffaa 	bl	10000a60 <hw_claim_unused_from_range>
10000b0c:	b002      	add	sp, #8
10000b0e:	bd10      	pop	{r4, pc}
10000b10:	10006784 	.word	0x10006784
10000b14:	20001cf0 	.word	0x20001cf0

10000b18 <spinlock_set_extexclall>:
10000b18:	f04f 22e0 	mov.w	r2, #3758153728	@ 0xe000e000
10000b1c:	6893      	ldr	r3, [r2, #8]
10000b1e:	f043 5300 	orr.w	r3, r3, #536870912	@ 0x20000000
10000b22:	6093      	str	r3, [r2, #8]
10000b24:	4770      	bx	lr
10000b26:	bf00      	nop

10000b28 <spin_locks_reset>:
10000b28:	2100      	movs	r1, #0
10000b2a:	4b04      	ldr	r3, [pc, #16]	@ (10000b3c <spin_locks_reset+0x14>)
10000b2c:	f103 0220 	add.w	r2, r3, #32
10000b30:	e8c3 1f8f 	stlb	r1, [r3]
10000b34:	3301      	adds	r3, #1
10000b36:	4293      	cmp	r3, r2
10000b38:	d1fa      	bne.n	10000b30 <spin_locks_reset+0x8>
10000b3a:	4770      	bx	lr
10000b3c:	200018d4 	.word	0x200018d4

10000b40 <runtime_init_per_core_irq_priorities>:
10000b40:	f04f 23e0 	mov.w	r3, #3758153728	@ 0xe000e000
10000b44:	f04f 3280 	mov.w	r2, #2155905152	@ 0x80808080
10000b48:	f8c3 2400 	str.w	r2, [r3, #1024]	@ 0x400
10000b4c:	f8c3 2404 	str.w	r2, [r3, #1028]	@ 0x404
10000b50:	f8c3 2408 	str.w	r2, [r3, #1032]	@ 0x408
10000b54:	f8c3 240c 	str.w	r2, [r3, #1036]	@ 0x40c
10000b58:	f8c3 2410 	str.w	r2, [r3, #1040]	@ 0x410
10000b5c:	f8c3 2414 	str.w	r2, [r3, #1044]	@ 0x414
10000b60:	f8c3 2418 	str.w	r2, [r3, #1048]	@ 0x418
10000b64:	f8c3 241c 	str.w	r2, [r3, #1052]	@ 0x41c
10000b68:	f8c3 2420 	str.w	r2, [r3, #1056]	@ 0x420
10000b6c:	f8c3 2424 	str.w	r2, [r3, #1060]	@ 0x424
10000b70:	f8c3 2428 	str.w	r2, [r3, #1064]	@ 0x428
10000b74:	f8c3 242c 	str.w	r2, [r3, #1068]	@ 0x42c
10000b78:	f8c3 2430 	str.w	r2, [r3, #1072]	@ 0x430
10000b7c:	b662      	cpsie	i
10000b7e:	4770      	bx	lr

10000b80 <irq_set_enabled>:
10000b80:	2301      	movs	r3, #1
10000b82:	f000 021f 	and.w	r2, r0, #31
10000b86:	4093      	lsls	r3, r2
10000b88:	0940      	lsrs	r0, r0, #5
10000b8a:	b141      	cbz	r1, 10000b9e <irq_set_enabled+0x1e>
10000b8c:	0080      	lsls	r0, r0, #2
10000b8e:	f100 4060 	add.w	r0, r0, #3758096384	@ 0xe0000000
10000b92:	f500 4061 	add.w	r0, r0, #57600	@ 0xe100
10000b96:	f8c0 3180 	str.w	r3, [r0, #384]	@ 0x180
10000b9a:	6003      	str	r3, [r0, #0]
10000b9c:	4770      	bx	lr
10000b9e:	4a02      	ldr	r2, [pc, #8]	@ (10000ba8 <irq_set_enabled+0x28>)
10000ba0:	3020      	adds	r0, #32
10000ba2:	f842 3020 	str.w	r3, [r2, r0, lsl #2]
10000ba6:	4770      	bx	lr
10000ba8:	e000e100 	.word	0xe000e100

10000bac <irq_is_enabled>:
10000bac:	2301      	movs	r3, #1
10000bae:	4a06      	ldr	r2, [pc, #24]	@ (10000bc8 <irq_is_enabled+0x1c>)
10000bb0:	0941      	lsrs	r1, r0, #5
10000bb2:	f852 2021 	ldr.w	r2, [r2, r1, lsl #2]
10000bb6:	f000 001f 	and.w	r0, r0, #31
10000bba:	fa03 f000 	lsl.w	r0, r3, r0
10000bbe:	4010      	ands	r0, r2
10000bc0:	3800      	subs	r0, #0
10000bc2:	bf18      	it	ne
10000bc4:	2001      	movne	r0, #1
10000bc6:	4770      	bx	lr
10000bc8:	e000e100 	.word	0xe000e100

10000bcc <irq_set_pending>:
10000bcc:	2201      	movs	r2, #1
10000bce:	0943      	lsrs	r3, r0, #5
10000bd0:	4903      	ldr	r1, [pc, #12]	@ (10000be0 <irq_set_pending+0x14>)
10000bd2:	f000 001f 	and.w	r0, r0, #31
10000bd6:	4082      	lsls	r2, r0
10000bd8:	3340      	adds	r3, #64	@ 0x40
10000bda:	f841 2023 	str.w	r2, [r1, r3, lsl #2]
10000bde:	4770      	bx	lr
10000be0:	e000e100 	.word	0xe000e100

10000be4 <irq_has_shared_handler>:
10000be4:	4a05      	ldr	r2, [pc, #20]	@ (10000bfc <irq_has_shared_handler+0x18>)
10000be6:	3010      	adds	r0, #16
10000be8:	6892      	ldr	r2, [r2, #8]
10000bea:	4b05      	ldr	r3, [pc, #20]	@ (10000c00 <irq_has_shared_handler+0x1c>)
10000bec:	f852 0020 	ldr.w	r0, [r2, r0, lsl #2]
10000bf0:	1ac0      	subs	r0, r0, r3
10000bf2:	282f      	cmp	r0, #47	@ 0x2f
10000bf4:	bf8c      	ite	hi
10000bf6:	2000      	movhi	r0, #0
10000bf8:	2001      	movls	r0, #1
10000bfa:	4770      	bx	lr
10000bfc:	e000ed00 	.word	0xe000ed00
10000c00:	200014fc 	.word	0x200014fc

10000c04 <irq_set_exclusive_handler>:
10000c04:	b5f8      	push	{r3, r4, r5, r6, r7, lr}
10000c06:	460d      	mov	r5, r1
10000c08:	f3ef 8710 	mrs	r7, PRIMASK
10000c0c:	b672      	cpsid	i
10000c0e:	4e12      	ldr	r6, [pc, #72]	@ (10000c58 <irq_set_exclusive_handler+0x54>)
10000c10:	e8d6 2fcf 	ldaexb	r2, [r6]
10000c14:	2301      	movs	r3, #1
10000c16:	2a00      	cmp	r2, #0
10000c18:	d1fa      	bne.n	10000c10 <irq_set_exclusive_handler+0xc>
10000c1a:	e8c6 3f42 	strexb	r2, r3, [r6]
10000c1e:	2a00      	cmp	r2, #0
10000c20:	d1f6      	bne.n	10000c10 <irq_set_exclusive_handler+0xc>
10000c22:	f3bf 8f5f 	dmb	sy
10000c26:	4b0d      	ldr	r3, [pc, #52]	@ (10000c5c <irq_set_exclusive_handler+0x58>)
10000c28:	f100 0410 	add.w	r4, r0, #16
10000c2c:	689b      	ldr	r3, [r3, #8]
10000c2e:	4a0c      	ldr	r2, [pc, #48]	@ (10000c60 <irq_set_exclusive_handler+0x5c>)
10000c30:	f853 3024 	ldr.w	r3, [r3, r4, lsl #2]
10000c34:	4293      	cmp	r3, r2
10000c36:	d003      	beq.n	10000c40 <irq_set_exclusive_handler+0x3c>
10000c38:	4299      	cmp	r1, r3
10000c3a:	d001      	beq.n	10000c40 <irq_set_exclusive_handler+0x3c>
10000c3c:	f000 ff78 	bl	10001b30 <hard_assertion_failure>
10000c40:	4b06      	ldr	r3, [pc, #24]	@ (10000c5c <irq_set_exclusive_handler+0x58>)
10000c42:	689b      	ldr	r3, [r3, #8]
10000c44:	f843 5024 	str.w	r5, [r3, r4, lsl #2]
10000c48:	f3bf 8f5f 	dmb	sy
10000c4c:	2300      	movs	r3, #0
10000c4e:	e8c6 3f8f 	stlb	r3, [r6]
10000c52:	f387 8810 	msr	PRIMASK, r7
10000c56:	bdf8      	pop	{r3, r4, r5, r6, r7, pc}
10000c58:	200018dd 	.word	0x200018dd
10000c5c:	e000ed00 	.word	0xe000ed00
10000c60:	10000111 	.word	0x10000111

10000c64 <irq_add_shared_handler>:
10000c64:	e92d 4ff0 	stmdb	sp!, {r4, r5, r6, r7, r8, r9, sl, fp, lr}
10000c68:	4681      	mov	r9, r0
10000c6a:	468b      	mov	fp, r1
10000c6c:	4616      	mov	r6, r2
10000c6e:	b083      	sub	sp, #12
10000c70:	f3ef 8310 	mrs	r3, PRIMASK
10000c74:	b672      	cpsid	i
10000c76:	f8df a1d0 	ldr.w	sl, [pc, #464]	@ 10000e48 <irq_add_shared_handler+0x1e4>
10000c7a:	9300      	str	r3, [sp, #0]
10000c7c:	e8da 1fcf 	ldaexb	r1, [sl]
10000c80:	2301      	movs	r3, #1
10000c82:	2900      	cmp	r1, #0
10000c84:	d1fa      	bne.n	10000c7c <irq_add_shared_handler+0x18>
10000c86:	e8ca 3f41 	strexb	r1, r3, [sl]
10000c8a:	2900      	cmp	r1, #0
10000c8c:	d1f6      	bne.n	10000c7c <irq_add_shared_handler+0x18>
10000c8e:	f3bf 8f5f 	dmb	sy
10000c92:	4b66      	ldr	r3, [pc, #408]	@ (10000e2c <irq_add_shared_handler+0x1c8>)
10000c94:	f993 4000 	ldrsb.w	r4, [r3]
10000c98:	2c00      	cmp	r4, #0
10000c9a:	f2c0 80a0 	blt.w	10000dde <irq_add_shared_handler+0x17a>
10000c9e:	4d64      	ldr	r5, [pc, #400]	@ (10000e30 <irq_add_shared_handler+0x1cc>)
10000ca0:	eb04 0744 	add.w	r7, r4, r4, lsl #1
10000ca4:	eb05 0887 	add.w	r8, r5, r7, lsl #2
10000ca8:	f898 1006 	ldrb.w	r1, [r8, #6]
10000cac:	f109 0910 	add.w	r9, r9, #16
10000cb0:	7019      	strb	r1, [r3, #0]
10000cb2:	4b60      	ldr	r3, [pc, #384]	@ (10000e34 <irq_add_shared_handler+0x1d0>)
10000cb4:	00bf      	lsls	r7, r7, #2
10000cb6:	689b      	ldr	r3, [r3, #8]
10000cb8:	f853 0029 	ldr.w	r0, [r3, r9, lsl #2]
10000cbc:	0063      	lsls	r3, r4, #1
10000cbe:	1b41      	subs	r1, r0, r5
10000cc0:	292f      	cmp	r1, #47	@ 0x2f
10000cc2:	d92f      	bls.n	10000d24 <irq_add_shared_handler+0xc0>
10000cc4:	495c      	ldr	r1, [pc, #368]	@ (10000e38 <irq_add_shared_handler+0x1d4>)
10000cc6:	4288      	cmp	r0, r1
10000cc8:	f040 80a4 	bne.w	10000e14 <irq_add_shared_handler+0x1b0>
10000ccc:	441c      	add	r4, r3
10000cce:	4b5b      	ldr	r3, [pc, #364]	@ (10000e3c <irq_add_shared_handler+0x1d8>)
10000cd0:	3702      	adds	r7, #2
10000cd2:	442f      	add	r7, r5
10000cd4:	3b04      	subs	r3, #4
10000cd6:	1bdb      	subs	r3, r3, r7
10000cd8:	f3c3 034a 	ubfx	r3, r3, #1, #11
10000cdc:	ea6f 43c3 	mvn.w	r3, r3, lsl #19
10000ce0:	f44f 4121 	mov.w	r1, #41216	@ 0xa100
10000ce4:	ea6f 43d3 	mvn.w	r3, r3, lsr #19
10000ce8:	f825 1024 	strh.w	r1, [r5, r4, lsl #2]
10000cec:	eb05 0484 	add.w	r4, r5, r4, lsl #2
10000cf0:	8063      	strh	r3, [r4, #2]
10000cf2:	f64b 5301 	movw	r3, #48385	@ 0xbd01
10000cf6:	80a3      	strh	r3, [r4, #4]
10000cf8:	23ff      	movs	r3, #255	@ 0xff
10000cfa:	f048 0001 	orr.w	r0, r8, #1
10000cfe:	71e6      	strb	r6, [r4, #7]
10000d00:	f8c4 b008 	str.w	fp, [r4, #8]
10000d04:	71a3      	strb	r3, [r4, #6]
10000d06:	4b4b      	ldr	r3, [pc, #300]	@ (10000e34 <irq_add_shared_handler+0x1d0>)
10000d08:	689b      	ldr	r3, [r3, #8]
10000d0a:	f843 0029 	str.w	r0, [r3, r9, lsl #2]
10000d0e:	f3bf 8f5f 	dmb	sy
10000d12:	2300      	movs	r3, #0
10000d14:	e8ca 3f8f 	stlb	r3, [sl]
10000d18:	9b00      	ldr	r3, [sp, #0]
10000d1a:	f383 8810 	msr	PRIMASK, r3
10000d1e:	b003      	add	sp, #12
10000d20:	e8bd 8ff0 	ldmia.w	sp!, {r4, r5, r6, r7, r8, r9, sl, fp, pc}
10000d24:	f020 0e01 	bic.w	lr, r0, #1
10000d28:	f89e 1007 	ldrb.w	r1, [lr, #7]
10000d2c:	42b1      	cmp	r1, r6
10000d2e:	d82e      	bhi.n	10000d8e <irq_add_shared_handler+0x12a>
10000d30:	f44f 4321 	mov.w	r3, #41216	@ 0xa100
10000d34:	53eb      	strh	r3, [r5, r7]
10000d36:	4b41      	ldr	r3, [pc, #260]	@ (10000e3c <irq_add_shared_handler+0x1d8>)
10000d38:	1cb9      	adds	r1, r7, #2
10000d3a:	4429      	add	r1, r5
10000d3c:	3b04      	subs	r3, #4
10000d3e:	3704      	adds	r7, #4
10000d40:	1a5b      	subs	r3, r3, r1
10000d42:	442f      	add	r7, r5
10000d44:	f1ae 0104 	sub.w	r1, lr, #4
10000d48:	1bc9      	subs	r1, r1, r7
10000d4a:	f3c1 044a 	ubfx	r4, r1, #1, #11
10000d4e:	493c      	ldr	r1, [pc, #240]	@ (10000e40 <irq_add_shared_handler+0x1dc>)
10000d50:	f3c3 034a 	ubfx	r3, r3, #1, #11
10000d54:	430b      	orrs	r3, r1
10000d56:	4321      	orrs	r1, r4
10000d58:	f8a8 1004 	strh.w	r1, [r8, #4]
10000d5c:	4939      	ldr	r1, [pc, #228]	@ (10000e44 <irq_add_shared_handler+0x1e0>)
10000d5e:	f8a8 3002 	strh.w	r3, [r8, #2]
10000d62:	f64a 20aa 	movw	r0, #43690	@ 0xaaaa
10000d66:	4673      	mov	r3, lr
10000d68:	1b5b      	subs	r3, r3, r5
10000d6a:	415b      	adcs	r3, r3
10000d6c:	4358      	muls	r0, r3
10000d6e:	0d00      	lsrs	r0, r0, #20
10000d70:	f888 6007 	strb.w	r6, [r8, #7]
10000d74:	f888 0006 	strb.w	r0, [r8, #6]
10000d78:	f8c8 b008 	str.w	fp, [r8, #8]
10000d7c:	f048 0001 	orr.w	r0, r8, #1
10000d80:	f8ce 1000 	str.w	r1, [lr]
10000d84:	e7bf      	b.n	10000d06 <irq_add_shared_handler+0xa2>
10000d86:	79d1      	ldrb	r1, [r2, #7]
10000d88:	42b1      	cmp	r1, r6
10000d8a:	d92e      	bls.n	10000dea <irq_add_shared_handler+0x186>
10000d8c:	4696      	mov	lr, r2
10000d8e:	f99e c006 	ldrsb.w	ip, [lr, #6]
10000d92:	eb0c 024c 	add.w	r2, ip, ip, lsl #1
10000d96:	f1bc 0f00 	cmp.w	ip, #0
10000d9a:	eb05 0282 	add.w	r2, r5, r2, lsl #2
10000d9e:	daf2      	bge.n	10000d86 <irq_add_shared_handler+0x122>
10000da0:	f64b 5101 	movw	r1, #48385	@ 0xbd01
10000da4:	f10e 0204 	add.w	r2, lr, #4
10000da8:	f1a8 0704 	sub.w	r7, r8, #4
10000dac:	1abf      	subs	r7, r7, r2
10000dae:	f3c7 074a 	ubfx	r7, r7, #1, #11
10000db2:	ea6f 47c7 	mvn.w	r7, r7, lsl #19
10000db6:	ea6f 47d7 	mvn.w	r7, r7, lsr #19
10000dba:	f88e 4006 	strb.w	r4, [lr, #6]
10000dbe:	eb03 0804 	add.w	r8, r3, r4
10000dc2:	4c20      	ldr	r4, [pc, #128]	@ (10000e44 <irq_add_shared_handler+0x1e0>)
10000dc4:	eb05 0388 	add.w	r3, r5, r8, lsl #2
10000dc8:	f8ae 7004 	strh.w	r7, [lr, #4]
10000dcc:	f845 4028 	str.w	r4, [r5, r8, lsl #2]
10000dd0:	8099      	strh	r1, [r3, #4]
10000dd2:	f883 c006 	strb.w	ip, [r3, #6]
10000dd6:	71de      	strb	r6, [r3, #7]
10000dd8:	f8c3 b008 	str.w	fp, [r3, #8]
10000ddc:	e793      	b.n	10000d06 <irq_add_shared_handler+0xa2>
10000dde:	f000 fea7 	bl	10001b30 <hard_assertion_failure>
10000de2:	4b12      	ldr	r3, [pc, #72]	@ (10000e2c <irq_add_shared_handler+0x1c8>)
10000de4:	f993 4000 	ldrsb.w	r4, [r3]
10000de8:	e759      	b.n	10000c9e <irq_add_shared_handler+0x3a>
10000dea:	4672      	mov	r2, lr
10000dec:	f832 1f04 	ldrh.w	r1, [r2, #4]!
10000df0:	0549      	lsls	r1, r1, #21
10000df2:	d414      	bmi.n	10000e1e <irq_add_shared_handler+0x1ba>
10000df4:	1549      	asrs	r1, r1, #21
10000df6:	3102      	adds	r1, #2
10000df8:	eb02 0141 	add.w	r1, r2, r1, lsl #1
10000dfc:	9101      	str	r1, [sp, #4]
10000dfe:	f06f 0107 	mvn.w	r1, #7
10000e02:	1bc9      	subs	r1, r1, r7
10000e04:	9f01      	ldr	r7, [sp, #4]
10000e06:	1b49      	subs	r1, r1, r5
10000e08:	4439      	add	r1, r7
10000e0a:	f3c1 014a 	ubfx	r1, r1, #1, #11
10000e0e:	f441 4160 	orr.w	r1, r1, #57344	@ 0xe000
10000e12:	e7c9      	b.n	10000da8 <irq_add_shared_handler+0x144>
10000e14:	9301      	str	r3, [sp, #4]
10000e16:	f000 fe8b 	bl	10001b30 <hard_assertion_failure>
10000e1a:	9b01      	ldr	r3, [sp, #4]
10000e1c:	e756      	b.n	10000ccc <irq_add_shared_handler+0x68>
10000e1e:	f501 11ff 	add.w	r1, r1, #2088960	@ 0x1fe000
10000e22:	f501 51ff 	add.w	r1, r1, #8160	@ 0x1fe0
10000e26:	311f      	adds	r1, #31
10000e28:	e7e4      	b.n	10000df4 <irq_add_shared_handler+0x190>
10000e2a:	bf00      	nop
10000e2c:	200023cc 	.word	0x200023cc
10000e30:	200014fc 	.word	0x200014fc
10000e34:	e000ed00 	.word	0xe000ed00
10000e38:	10000111 	.word	0x10000111
10000e3c:	2000152c 	.word	0x2000152c
10000e40:	ffffe000 	.word	0xffffe000
10000e44:	47804801 	.word	0x47804801
10000e48:	200018dd 	.word	0x200018dd

10000e4c <irq_add_tail_to_free_list>:
10000e4c:	b5f0      	push	{r4, r5, r6, r7, lr}
10000e4e:	f3ef 8505 	mrs	r5, IPSR
10000e52:	b2ed      	uxtb	r5, r5
10000e54:	f3ef 8c10 	mrs	ip, PRIMASK
10000e58:	b672      	cpsid	i
10000e5a:	4926      	ldr	r1, [pc, #152]	@ (10000ef4 <irq_add_tail_to_free_list+0xa8>)
10000e5c:	e8d1 2fcf 	ldaexb	r2, [r1]
10000e60:	2301      	movs	r3, #1
10000e62:	2a00      	cmp	r2, #0
10000e64:	d1fa      	bne.n	10000e5c <irq_add_tail_to_free_list+0x10>
10000e66:	e8c1 3f42 	strexb	r2, r3, [r1]
10000e6a:	2a00      	cmp	r2, #0
10000e6c:	d1f6      	bne.n	10000e5c <irq_add_tail_to_free_list+0x10>
10000e6e:	f3bf 8f5f 	dmb	sy
10000e72:	4e21      	ldr	r6, [pc, #132]	@ (10000ef8 <irq_add_tail_to_free_list+0xac>)
10000e74:	f040 0e01 	orr.w	lr, r0, #1
10000e78:	68b4      	ldr	r4, [r6, #8]
10000e7a:	f64a 23aa 	movw	r3, #43690	@ 0xaaaa
10000e7e:	f854 7025 	ldr.w	r7, [r4, r5, lsl #2]
10000e82:	4a1e      	ldr	r2, [pc, #120]	@ (10000efc <irq_add_tail_to_free_list+0xb0>)
10000e84:	4604      	mov	r4, r0
10000e86:	1aa4      	subs	r4, r4, r2
10000e88:	4164      	adcs	r4, r4
10000e8a:	4363      	muls	r3, r4
10000e8c:	0d1b      	lsrs	r3, r3, #20
10000e8e:	4577      	cmp	r7, lr
10000e90:	b25b      	sxtb	r3, r3
10000e92:	d01b      	beq.n	10000ecc <irq_add_tail_to_free_list+0x80>
10000e94:	f992 4006 	ldrsb.w	r4, [r2, #6]
10000e98:	429c      	cmp	r4, r3
10000e9a:	d01c      	beq.n	10000ed6 <irq_add_tail_to_free_list+0x8a>
10000e9c:	f992 4012 	ldrsb.w	r4, [r2, #18]
10000ea0:	429c      	cmp	r4, r3
10000ea2:	d023      	beq.n	10000eec <irq_add_tail_to_free_list+0xa0>
10000ea4:	f992 401e 	ldrsb.w	r4, [r2, #30]
10000ea8:	429c      	cmp	r4, r3
10000eaa:	d021      	beq.n	10000ef0 <irq_add_tail_to_free_list+0xa4>
10000eac:	f992 402a 	ldrsb.w	r4, [r2, #42]	@ 0x2a
10000eb0:	429c      	cmp	r4, r3
10000eb2:	bf08      	it	eq
10000eb4:	2403      	moveq	r4, #3
10000eb6:	d00f      	beq.n	10000ed8 <irq_add_tail_to_free_list+0x8c>
10000eb8:	4a11      	ldr	r2, [pc, #68]	@ (10000f00 <irq_add_tail_to_free_list+0xb4>)
10000eba:	2400      	movs	r4, #0
10000ebc:	7815      	ldrb	r5, [r2, #0]
10000ebe:	7013      	strb	r3, [r2, #0]
10000ec0:	7185      	strb	r5, [r0, #6]
10000ec2:	e8c1 4f8f 	stlb	r4, [r1]
10000ec6:	f38c 8810 	msr	PRIMASK, ip
10000eca:	bdf0      	pop	{r4, r5, r6, r7, pc}
10000ecc:	68b2      	ldr	r2, [r6, #8]
10000ece:	4c0d      	ldr	r4, [pc, #52]	@ (10000f04 <irq_add_tail_to_free_list+0xb8>)
10000ed0:	f842 4025 	str.w	r4, [r2, r5, lsl #2]
10000ed4:	e7f0      	b.n	10000eb8 <irq_add_tail_to_free_list+0x6c>
10000ed6:	2400      	movs	r4, #0
10000ed8:	eb04 0444 	add.w	r4, r4, r4, lsl #1
10000edc:	eb02 0284 	add.w	r2, r2, r4, lsl #2
10000ee0:	24ff      	movs	r4, #255	@ 0xff
10000ee2:	7194      	strb	r4, [r2, #6]
10000ee4:	f64b 5401 	movw	r4, #48385	@ 0xbd01
10000ee8:	8094      	strh	r4, [r2, #4]
10000eea:	e7e5      	b.n	10000eb8 <irq_add_tail_to_free_list+0x6c>
10000eec:	2401      	movs	r4, #1
10000eee:	e7f3      	b.n	10000ed8 <irq_add_tail_to_free_list+0x8c>
10000ef0:	2402      	movs	r4, #2
10000ef2:	e7f1      	b.n	10000ed8 <irq_add_tail_to_free_list+0x8c>
10000ef4:	200018dd 	.word	0x200018dd
10000ef8:	e000ed00 	.word	0xe000ed00
10000efc:	200014fc 	.word	0x200014fc
10000f00:	200023cc 	.word	0x200023cc
10000f04:	10000111 	.word	0x10000111

10000f08 <user_irq_claim_unused>:
10000f08:	b510      	push	{r4, lr}
10000f0a:	4c07      	ldr	r4, [pc, #28]	@ (10000f28 <user_irq_claim_unused+0x20>)
10000f0c:	b082      	sub	sp, #8
10000f0e:	4601      	mov	r1, r0
10000f10:	2305      	movs	r3, #5
10000f12:	2200      	movs	r2, #0
10000f14:	9400      	str	r4, [sp, #0]
10000f16:	4805      	ldr	r0, [pc, #20]	@ (10000f2c <user_irq_claim_unused+0x24>)
10000f18:	f7ff fda2 	bl	10000a60 <hw_claim_unused_from_range>
10000f1c:	2800      	cmp	r0, #0
10000f1e:	bfa8      	it	ge
10000f20:	f1c0 0033 	rsbge	r0, r0, #51	@ 0x33
10000f24:	b002      	add	sp, #8
10000f26:	bd10      	pop	{r4, pc}
10000f28:	100067a0 	.word	0x100067a0
10000f2c:	200023d0 	.word	0x200023d0

10000f30 <lock_init>:
10000f30:	4b01      	ldr	r3, [pc, #4]	@ (10000f38 <lock_init+0x8>)
10000f32:	440b      	add	r3, r1
10000f34:	6003      	str	r3, [r0, #0]
10000f36:	4770      	bx	lr
10000f38:	200018d4 	.word	0x200018d4

10000f3c <runtime_init_mutex>:
10000f3c:	b570      	push	{r4, r5, r6, lr}
10000f3e:	4c10      	ldr	r4, [pc, #64]	@ (10000f80 <runtime_init_mutex+0x44>)
10000f40:	4d10      	ldr	r5, [pc, #64]	@ (10000f84 <runtime_init_mutex+0x48>)
10000f42:	42ac      	cmp	r4, r5
10000f44:	d20e      	bcs.n	10000f64 <runtime_init_mutex+0x28>
10000f46:	26ff      	movs	r6, #255	@ 0xff
10000f48:	6823      	ldr	r3, [r4, #0]
10000f4a:	b163      	cbz	r3, 10000f66 <runtime_init_mutex+0x2a>
10000f4c:	f7ff fdc8 	bl	10000ae0 <next_striped_spin_lock_num>
10000f50:	4601      	mov	r1, r0
10000f52:	4620      	mov	r0, r4
10000f54:	f7ff ffec 	bl	10000f30 <lock_init>
10000f58:	80a6      	strh	r6, [r4, #4]
10000f5a:	f3bf 8f5f 	dmb	sy
10000f5e:	3408      	adds	r4, #8
10000f60:	42ac      	cmp	r4, r5
10000f62:	d3f1      	bcc.n	10000f48 <runtime_init_mutex+0xc>
10000f64:	bd70      	pop	{r4, r5, r6, pc}
10000f66:	f7ff fdbb 	bl	10000ae0 <next_striped_spin_lock_num>
10000f6a:	4601      	mov	r1, r0
10000f6c:	4620      	mov	r0, r4
10000f6e:	f7ff ffdf 	bl	10000f30 <lock_init>
10000f72:	7126      	strb	r6, [r4, #4]
10000f74:	f3bf 8f5f 	dmb	sy
10000f78:	3408      	adds	r4, #8
10000f7a:	42ac      	cmp	r4, r5
10000f7c:	d3e4      	bcc.n	10000f48 <runtime_init_mutex+0xc>
10000f7e:	bd70      	pop	{r4, r5, r6, pc}
10000f80:	2000159c 	.word	0x2000159c
10000f84:	200015a4 	.word	0x200015a4

10000f88 <mutex_init>:
10000f88:	b510      	push	{r4, lr}
10000f8a:	4604      	mov	r4, r0
10000f8c:	f7ff fda8 	bl	10000ae0 <next_striped_spin_lock_num>
10000f90:	4601      	mov	r1, r0
10000f92:	4620      	mov	r0, r4
10000f94:	f7ff ffcc 	bl	10000f30 <lock_init>
10000f98:	23ff      	movs	r3, #255	@ 0xff
10000f9a:	7123      	strb	r3, [r4, #4]
10000f9c:	f3bf 8f5f 	dmb	sy
10000fa0:	bd10      	pop	{r4, pc}
10000fa2:	bf00      	nop

10000fa4 <critical_section_init>:
10000fa4:	b510      	push	{r4, lr}
10000fa6:	4604      	mov	r4, r0
10000fa8:	2001      	movs	r0, #1
10000faa:	f7ff fda5 	bl	10000af8 <spin_lock_claim_unused>
10000fae:	4b03      	ldr	r3, [pc, #12]	@ (10000fbc <critical_section_init+0x18>)
10000fb0:	4403      	add	r3, r0
10000fb2:	6023      	str	r3, [r4, #0]
10000fb4:	f3bf 8f5f 	dmb	sy
10000fb8:	bd10      	pop	{r4, pc}
10000fba:	bf00      	nop
10000fbc:	200018d4 	.word	0x200018d4

10000fc0 <critical_section_init_with_lock_num>:
10000fc0:	4b02      	ldr	r3, [pc, #8]	@ (10000fcc <critical_section_init_with_lock_num+0xc>)
10000fc2:	440b      	add	r3, r1
10000fc4:	6003      	str	r3, [r0, #0]
10000fc6:	f3bf 8f5f 	dmb	sy
10000fca:	4770      	bx	lr
10000fcc:	200018d4 	.word	0x200018d4

10000fd0 <sleep_until_callback>:
10000fd0:	4b0d      	ldr	r3, [pc, #52]	@ (10001008 <sleep_until_callback+0x38>)
10000fd2:	681a      	ldr	r2, [r3, #0]
10000fd4:	f3ef 8110 	mrs	r1, PRIMASK
10000fd8:	b672      	cpsid	i
10000fda:	e8d2 cfcf 	ldaexb	ip, [r2]
10000fde:	2001      	movs	r0, #1
10000fe0:	f1bc 0f00 	cmp.w	ip, #0
10000fe4:	d1f9      	bne.n	10000fda <sleep_until_callback+0xa>
10000fe6:	e8c2 0f4c 	strexb	ip, r0, [r2]
10000fea:	f1bc 0f00 	cmp.w	ip, #0
10000fee:	d1f4      	bne.n	10000fda <sleep_until_callback+0xa>
10000ff0:	f3bf 8f5f 	dmb	sy
10000ff4:	2200      	movs	r2, #0
10000ff6:	681b      	ldr	r3, [r3, #0]
10000ff8:	e8c3 2f8f 	stlb	r2, [r3]
10000ffc:	f381 8810 	msr	PRIMASK, r1
10001000:	bf40      	sev
10001002:	2000      	movs	r0, #0
10001004:	2100      	movs	r1, #0
10001006:	4770      	bx	lr
10001008:	200021a8 	.word	0x200021a8
1000100c:	00000000 	.word	0x00000000

10001010 <alarm_pool_irq_handler>:
10001010:	e92d 4ff0 	stmdb	sp!, {r4, r5, r6, r7, r8, r9, sl, fp, lr}
10001014:	ed2d 8b02 	vpush	{d8}
10001018:	b085      	sub	sp, #20
1000101a:	f3ef 8305 	mrs	r3, IPSR
1000101e:	b2db      	uxtb	r3, r3
10001020:	3b10      	subs	r3, #16
10001022:	089a      	lsrs	r2, r3, #2
10001024:	bf18      	it	ne
10001026:	2201      	movne	r2, #1
10001028:	f04f 0101 	mov.w	r1, #1
1000102c:	f003 0b03 	and.w	fp, r3, #3
10001030:	bf18      	it	ne
10001032:	4daf      	ldrne	r5, [pc, #700]	@ (100012f0 <alarm_pool_irq_handler+0x2e0>)
10001034:	4baf      	ldr	r3, [pc, #700]	@ (100012f4 <alarm_pool_irq_handler+0x2e4>)
10001036:	bf08      	it	eq
10001038:	4daf      	ldreq	r5, [pc, #700]	@ (100012f8 <alarm_pool_irq_handler+0x2e8>)
1000103a:	eb0b 0282 	add.w	r2, fp, r2, lsl #2
1000103e:	f853 6022 	ldr.w	r6, [r3, r2, lsl #2]
10001042:	fa01 f20b 	lsl.w	r2, r1, fp
10001046:	f505 5341 	add.w	r3, r5, #12352	@ 0x3040
1000104a:	ed9f 8ba7 	vldr	d8, [pc, #668]	@ 100012e8 <alarm_pool_irq_handler+0x2d8>
1000104e:	9201      	str	r2, [sp, #4]
10001050:	605a      	str	r2, [r3, #4]
10001052:	e02f      	b.n	100010b4 <alarm_pool_irq_handler+0xa4>
10001054:	88b3      	ldrh	r3, [r6, #4]
10001056:	041c      	lsls	r4, r3, #16
10001058:	f140 8093 	bpl.w	10001182 <alarm_pool_irq_handler+0x172>
1000105c:	79b3      	ldrb	r3, [r6, #6]
1000105e:	2b00      	cmp	r3, #0
10001060:	f040 80dd 	bne.w	1000121e <alarm_pool_irq_handler+0x20e>
10001064:	f9b6 2008 	ldrsh.w	r2, [r6, #8]
10001068:	2a00      	cmp	r2, #0
1000106a:	f2c0 811e 	blt.w	100012aa <alarm_pool_irq_handler+0x29a>
1000106e:	6973      	ldr	r3, [r6, #20]
10001070:	eb02 0242 	add.w	r2, r2, r2, lsl #1
10001074:	eb03 03c2 	add.w	r3, r3, r2, lsl #3
10001078:	e9d3 4702 	ldrd	r4, r7, [r3, #8]
1000107c:	f1b7 3fff 	cmp.w	r7, #4294967295	@ 0xffffffff
10001080:	bf08      	it	eq
10001082:	f1b4 3fff 	cmpeq.w	r4, #4294967295	@ 0xffffffff
10001086:	d00e      	beq.n	100010a6 <alarm_pool_irq_handler+0x96>
10001088:	eb05 018b 	add.w	r1, r5, fp, lsl #2
1000108c:	6aab      	ldr	r3, [r5, #40]	@ 0x28
1000108e:	690a      	ldr	r2, [r1, #16]
10001090:	1ad2      	subs	r2, r2, r3
10001092:	1ae3      	subs	r3, r4, r3
10001094:	4293      	cmp	r3, r2
10001096:	d305      	bcc.n	100010a4 <alarm_pool_irq_handler+0x94>
10001098:	2301      	movs	r3, #1
1000109a:	6a2a      	ldr	r2, [r5, #32]
1000109c:	fa03 f30b 	lsl.w	r3, r3, fp
100010a0:	4213      	tst	r3, r2
100010a2:	d100      	bne.n	100010a6 <alarm_pool_irq_handler+0x96>
100010a4:	610c      	str	r4, [r1, #16]
100010a6:	4628      	mov	r0, r5
100010a8:	f000 fbac 	bl	10001804 <timer_time_us_64>
100010ac:	42a0      	cmp	r0, r4
100010ae:	41b9      	sbcs	r1, r7
100010b0:	f2c0 80fb 	blt.w	100012aa <alarm_pool_irq_handler+0x29a>
100010b4:	f9b6 3008 	ldrsh.w	r3, [r6, #8]
100010b8:	9a01      	ldr	r2, [sp, #4]
100010ba:	2b00      	cmp	r3, #0
100010bc:	9300      	str	r3, [sp, #0]
100010be:	63ea      	str	r2, [r5, #60]	@ 0x3c
100010c0:	dbc8      	blt.n	10001054 <alarm_pool_irq_handler+0x44>
100010c2:	f8d6 8014 	ldr.w	r8, [r6, #20]
100010c6:	eb03 0943 	add.w	r9, r3, r3, lsl #1
100010ca:	4628      	mov	r0, r5
100010cc:	eb08 07c9 	add.w	r7, r8, r9, lsl #3
100010d0:	e9d7 4a02 	ldrd	r4, sl, [r7, #8]
100010d4:	f000 fb96 	bl	10001804 <timer_time_us_64>
100010d8:	42a0      	cmp	r0, r4
100010da:	eb71 010a 	sbcs.w	r1, r1, sl
100010de:	dbb9      	blt.n	10001054 <alarm_pool_irq_handler+0x44>
100010e0:	f1ba 0f00 	cmp.w	sl, #0
100010e4:	f2c0 80c3 	blt.w	1000126e <alarm_pool_irq_handler+0x25e>
100010e8:	e9d7 3104 	ldrd	r3, r1, [r7, #16]
100010ec:	4a83      	ldr	r2, [pc, #524]	@ (100012fc <alarm_pool_irq_handler+0x2ec>)
100010ee:	4293      	cmp	r3, r2
100010f0:	f000 80ed 	beq.w	100012ce <alarm_pool_irq_handler+0x2be>
100010f4:	887a      	ldrh	r2, [r7, #2]
100010f6:	f9b6 0008 	ldrsh.w	r0, [r6, #8]
100010fa:	b292      	uxth	r2, r2
100010fc:	ea42 4000 	orr.w	r0, r2, r0, lsl #16
10001100:	4798      	blx	r3
10001102:	4602      	mov	r2, r0
10001104:	460b      	mov	r3, r1
10001106:	ea52 0103 	orrs.w	r1, r2, r3
1000110a:	f000 80b0 	beq.w	1000126e <alarm_pool_irq_handler+0x25e>
1000110e:	2b00      	cmp	r3, #0
10001110:	f280 80d1 	bge.w	100012b6 <alarm_pool_irq_handler+0x2a6>
10001114:	ebb4 0e02 	subs.w	lr, r4, r2
10001118:	eb6a 0a03 	sbc.w	sl, sl, r3
1000111c:	f938 3039 	ldrsh.w	r3, [r8, r9, lsl #3]
10001120:	e9c7 ea02 	strd	lr, sl, [r7, #8]
10001124:	2b00      	cmp	r3, #0
10001126:	db95      	blt.n	10001054 <alarm_pool_irq_handler+0x44>
10001128:	6971      	ldr	r1, [r6, #20]
1000112a:	eb03 0243 	add.w	r2, r3, r3, lsl #1
1000112e:	eb01 02c2 	add.w	r2, r1, r2, lsl #3
10001132:	e9d2 7002 	ldrd	r7, r0, [r2, #8]
10001136:	45be      	cmp	lr, r7
10001138:	eb7a 0c00 	sbcs.w	ip, sl, r0
1000113c:	ea4f 0243 	mov.w	r2, r3, lsl #1
10001140:	db88      	blt.n	10001054 <alarm_pool_irq_handler+0x44>
10001142:	46b4      	mov	ip, r6
10001144:	f82c 3f08 	strh.w	r3, [ip, #8]!
10001148:	e006      	b.n	10001158 <alarm_pool_irq_handler+0x148>
1000114a:	eb03 0043 	add.w	r0, r3, r3, lsl #1
1000114e:	eb01 00c0 	add.w	r0, r1, r0, lsl #3
10001152:	005a      	lsls	r2, r3, #1
10001154:	e9d0 7002 	ldrd	r7, r0, [r0, #8]
10001158:	45be      	cmp	lr, r7
1000115a:	441a      	add	r2, r3
1000115c:	eb7a 0000 	sbcs.w	r0, sl, r0
10001160:	eb01 04c2 	add.w	r4, r1, r2, lsl #3
10001164:	db04      	blt.n	10001170 <alarm_pool_irq_handler+0x160>
10001166:	f931 3032 	ldrsh.w	r3, [r1, r2, lsl #3]
1000116a:	46a4      	mov	ip, r4
1000116c:	2b00      	cmp	r3, #0
1000116e:	daec      	bge.n	1000114a <alarm_pool_irq_handler+0x13a>
10001170:	f828 3039 	strh.w	r3, [r8, r9, lsl #3]
10001174:	9b00      	ldr	r3, [sp, #0]
10001176:	f8ac 3000 	strh.w	r3, [ip]
1000117a:	88b3      	ldrh	r3, [r6, #4]
1000117c:	041c      	lsls	r4, r3, #16
1000117e:	f53f af6d 	bmi.w	1000105c <alarm_pool_irq_handler+0x4c>
10001182:	6933      	ldr	r3, [r6, #16]
10001184:	f3ef 8210 	mrs	r2, PRIMASK
10001188:	b672      	cpsid	i
1000118a:	e8d3 0fcf 	ldaexb	r0, [r3]
1000118e:	2101      	movs	r1, #1
10001190:	2800      	cmp	r0, #0
10001192:	d1fa      	bne.n	1000118a <alarm_pool_irq_handler+0x17a>
10001194:	e8c3 1f40 	strexb	r0, r1, [r3]
10001198:	2800      	cmp	r0, #0
1000119a:	d1f6      	bne.n	1000118a <alarm_pool_irq_handler+0x17a>
1000119c:	f3bf 8f5f 	dmb	sy
100011a0:	f64f 74ff 	movw	r4, #65535	@ 0xffff
100011a4:	88b0      	ldrh	r0, [r6, #4]
100011a6:	2300      	movs	r3, #0
100011a8:	6931      	ldr	r1, [r6, #16]
100011aa:	b200      	sxth	r0, r0
100011ac:	80b4      	strh	r4, [r6, #4]
100011ae:	e8c1 3f8f 	stlb	r3, [r1]
100011b2:	f382 8810 	msr	PRIMASK, r2
100011b6:	4298      	cmp	r0, r3
100011b8:	f6ff af50 	blt.w	1000105c <alarm_pool_irq_handler+0x4c>
100011bc:	4607      	mov	r7, r0
100011be:	46a9      	mov	r9, r5
100011c0:	6974      	ldr	r4, [r6, #20]
100011c2:	f106 0808 	add.w	r8, r6, #8
100011c6:	eb07 0e47 	add.w	lr, r7, r7, lsl #1
100011ca:	eb04 03ce 	add.w	r3, r4, lr, lsl #3
100011ce:	e9d3 5002 	ldrd	r5, r0, [r3, #8]
100011d2:	f9b6 3008 	ldrsh.w	r3, [r6, #8]
100011d6:	46c4      	mov	ip, r8
100011d8:	2b00      	cmp	r3, #0
100011da:	db13      	blt.n	10001204 <alarm_pool_irq_handler+0x1f4>
100011dc:	46b2      	mov	sl, r6
100011de:	9700      	str	r7, [sp, #0]
100011e0:	e004      	b.n	100011ec <alarm_pool_irq_handler+0x1dc>
100011e2:	f934 3036 	ldrsh.w	r3, [r4, r6, lsl #3]
100011e6:	4694      	mov	ip, r2
100011e8:	2b00      	cmp	r3, #0
100011ea:	db09      	blt.n	10001200 <alarm_pool_irq_handler+0x1f0>
100011ec:	eb03 0643 	add.w	r6, r3, r3, lsl #1
100011f0:	eb04 02c6 	add.w	r2, r4, r6, lsl #3
100011f4:	e9d2 7102 	ldrd	r7, r1, [r2, #8]
100011f8:	42bd      	cmp	r5, r7
100011fa:	eb70 0101 	sbcs.w	r1, r0, r1
100011fe:	daf0      	bge.n	100011e2 <alarm_pool_irq_handler+0x1d2>
10001200:	4656      	mov	r6, sl
10001202:	9f00      	ldr	r7, [sp, #0]
10001204:	f8ac 7000 	strh.w	r7, [ip]
10001208:	f934 703e 	ldrsh.w	r7, [r4, lr, lsl #3]
1000120c:	f824 303e 	strh.w	r3, [r4, lr, lsl #3]
10001210:	2f00      	cmp	r7, #0
10001212:	dad8      	bge.n	100011c6 <alarm_pool_irq_handler+0x1b6>
10001214:	79b3      	ldrb	r3, [r6, #6]
10001216:	464d      	mov	r5, r9
10001218:	2b00      	cmp	r3, #0
1000121a:	f43f af23 	beq.w	10001064 <alarm_pool_irq_handler+0x54>
1000121e:	2300      	movs	r3, #0
10001220:	71b3      	strb	r3, [r6, #6]
10001222:	f9b6 3008 	ldrsh.w	r3, [r6, #8]
10001226:	f106 0808 	add.w	r8, r6, #8
1000122a:	1c58      	adds	r0, r3, #1
1000122c:	d03d      	beq.n	100012aa <alarm_pool_irq_handler+0x29a>
1000122e:	461a      	mov	r2, r3
10001230:	6977      	ldr	r7, [r6, #20]
10001232:	e003      	b.n	1000123c <alarm_pool_irq_handler+0x22c>
10001234:	4680      	mov	r8, r0
10001236:	1c59      	adds	r1, r3, #1
10001238:	f43f af16 	beq.w	10001068 <alarm_pool_irq_handler+0x58>
1000123c:	eb03 0143 	add.w	r1, r3, r3, lsl #1
10001240:	eb07 00c1 	add.w	r0, r7, r1, lsl #3
10001244:	f8b0 c002 	ldrh.w	ip, [r0, #2]
10001248:	461c      	mov	r4, r3
1000124a:	f41c 4f00 	tst.w	ip, #32768	@ 0x8000
1000124e:	469e      	mov	lr, r3
10001250:	f937 3031 	ldrsh.w	r3, [r7, r1, lsl #3]
10001254:	d0ee      	beq.n	10001234 <alarm_pool_irq_handler+0x224>
10001256:	4294      	cmp	r4, r2
10001258:	ed80 8b02 	vstr	d8, [r0, #8]
1000125c:	d005      	beq.n	1000126a <alarm_pool_irq_handler+0x25a>
1000125e:	f8a8 3000 	strh.w	r3, [r8]
10001262:	8932      	ldrh	r2, [r6, #8]
10001264:	f827 2031 	strh.w	r2, [r7, r1, lsl #3]
10001268:	8134      	strh	r4, [r6, #8]
1000126a:	4672      	mov	r2, lr
1000126c:	e7e3      	b.n	10001236 <alarm_pool_irq_handler+0x226>
1000126e:	f838 3039 	ldrh.w	r3, [r8, r9, lsl #3]
10001272:	8133      	strh	r3, [r6, #8]
10001274:	6933      	ldr	r3, [r6, #16]
10001276:	f3ef 8210 	mrs	r2, PRIMASK
1000127a:	b672      	cpsid	i
1000127c:	e8d3 0fcf 	ldaexb	r0, [r3]
10001280:	2101      	movs	r1, #1
10001282:	2800      	cmp	r0, #0
10001284:	d1fa      	bne.n	1000127c <alarm_pool_irq_handler+0x26c>
10001286:	e8c3 1f40 	strexb	r0, r1, [r3]
1000128a:	2800      	cmp	r0, #0
1000128c:	d1f6      	bne.n	1000127c <alarm_pool_irq_handler+0x26c>
1000128e:	f3bf 8f5f 	dmb	sy
10001292:	8873      	ldrh	r3, [r6, #2]
10001294:	6931      	ldr	r1, [r6, #16]
10001296:	f828 3039 	strh.w	r3, [r8, r9, lsl #3]
1000129a:	9b00      	ldr	r3, [sp, #0]
1000129c:	8073      	strh	r3, [r6, #2]
1000129e:	2300      	movs	r3, #0
100012a0:	e8c1 3f8f 	stlb	r3, [r1]
100012a4:	f382 8810 	msr	PRIMASK, r2
100012a8:	e6d4      	b.n	10001054 <alarm_pool_irq_handler+0x44>
100012aa:	bf40      	sev
100012ac:	b005      	add	sp, #20
100012ae:	ecbd 8b02 	vpop	{d8}
100012b2:	e8bd 8ff0 	ldmia.w	sp!, {r4, r5, r6, r7, r8, r9, sl, fp, pc}
100012b6:	4628      	mov	r0, r5
100012b8:	e9cd 2302 	strd	r2, r3, [sp, #8]
100012bc:	f000 faa2 	bl	10001804 <timer_time_us_64>
100012c0:	9a02      	ldr	r2, [sp, #8]
100012c2:	9b03      	ldr	r3, [sp, #12]
100012c4:	eb10 0e02 	adds.w	lr, r0, r2
100012c8:	eb43 0a01 	adc.w	sl, r3, r1
100012cc:	e726      	b.n	1000111c <alarm_pool_irq_handler+0x10c>
100012ce:	4608      	mov	r0, r1
100012d0:	690b      	ldr	r3, [r1, #16]
100012d2:	9102      	str	r1, [sp, #8]
100012d4:	4798      	blx	r3
100012d6:	2800      	cmp	r0, #0
100012d8:	d0c9      	beq.n	1000126e <alarm_pool_irq_handler+0x25e>
100012da:	9902      	ldr	r1, [sp, #8]
100012dc:	e9d1 2300 	ldrd	r2, r3, [r1]
100012e0:	e711      	b.n	10001106 <alarm_pool_irq_handler+0xf6>
100012e2:	bf00      	nop
100012e4:	f3af 8000 	nop.w
100012e8:	ffffffff 	.word	0xffffffff
100012ec:	ffffffff 	.word	0xffffffff
100012f0:	400b8000 	.word	0x400b8000
100012f4:	20002180 	.word	0x20002180
100012f8:	400b0000 	.word	0x400b0000
100012fc:	10001011 	.word	0x10001011

10001300 <runtime_init_default_alarm_pool>:
10001300:	e92d 4ff8 	stmdb	sp!, {r3, r4, r5, r6, r7, r8, r9, sl, fp, lr}
10001304:	4c36      	ldr	r4, [pc, #216]	@ (100013e0 <runtime_init_default_alarm_pool+0xe0>)
10001306:	6925      	ldr	r5, [r4, #16]
10001308:	b12d      	cbz	r5, 10001316 <runtime_init_default_alarm_pool+0x16>
1000130a:	e8bd 4ff8 	ldmia.w	sp!, {r3, r4, r5, r6, r7, r8, r9, sl, fp, lr}
1000130e:	210a      	movs	r1, #10
10001310:	4834      	ldr	r0, [pc, #208]	@ (100013e4 <runtime_init_default_alarm_pool+0xe4>)
10001312:	f7ff be0d 	b.w	10000f30 <lock_init>
10001316:	f8df 80e4 	ldr.w	r8, [pc, #228]	@ 100013fc <runtime_init_default_alarm_pool+0xfc>
1000131a:	2103      	movs	r1, #3
1000131c:	4640      	mov	r0, r8
1000131e:	f000 fa5f 	bl	100017e0 <timer_hardware_alarm_claim>
10001322:	2603      	movs	r6, #3
10001324:	f8c4 800c 	str.w	r8, [r4, #12]
10001328:	f7ff fbda 	bl	10000ae0 <next_striped_spin_lock_num>
1000132c:	f04f 4c50 	mov.w	ip, #3489660928	@ 0xd0000000
10001330:	4b2d      	ldr	r3, [pc, #180]	@ (100013e8 <runtime_init_default_alarm_pool+0xe8>)
10001332:	7026      	strb	r6, [r4, #0]
10001334:	4403      	add	r3, r0
10001336:	6123      	str	r3, [r4, #16]
10001338:	f8dc 3000 	ldr.w	r3, [ip]
1000133c:	210f      	movs	r1, #15
1000133e:	7063      	strb	r3, [r4, #1]
10001340:	6963      	ldr	r3, [r4, #20]
10001342:	8061      	strh	r1, [r4, #2]
10001344:	831d      	strh	r5, [r3, #24]
10001346:	f04f 0504 	mov.w	r5, #4
1000134a:	f8a3 5078 	strh.w	r5, [r3, #120]	@ 0x78
1000134e:	f04f 0505 	mov.w	r5, #5
10001352:	f8a3 5090 	strh.w	r5, [r3, #144]	@ 0x90
10001356:	f04f 0506 	mov.w	r5, #6
1000135a:	f8a3 50a8 	strh.w	r5, [r3, #168]	@ 0xa8
1000135e:	f04f 0507 	mov.w	r5, #7
10001362:	210e      	movs	r1, #14
10001364:	f64f 72ff 	movw	r2, #65535	@ 0xffff
10001368:	2708      	movs	r7, #8
1000136a:	f04f 0e0a 	mov.w	lr, #10
1000136e:	f8a3 50c0 	strh.w	r5, [r3, #192]	@ 0xc0
10001372:	f04f 0901 	mov.w	r9, #1
10001376:	f04f 0c0c 	mov.w	ip, #12
1000137a:	f04f 0b02 	mov.w	fp, #2
1000137e:	f04f 0a09 	mov.w	sl, #9
10001382:	200d      	movs	r0, #13
10001384:	f04f 050b 	mov.w	r5, #11
10001388:	f8a3 1168 	strh.w	r1, [r3, #360]	@ 0x168
1000138c:	4917      	ldr	r1, [pc, #92]	@ (100013ec <runtime_init_default_alarm_pool+0xec>)
1000138e:	80a2      	strh	r2, [r4, #4]
10001390:	f8a3 e108 	strh.w	lr, [r3, #264]	@ 0x108
10001394:	60a1      	str	r1, [r4, #8]
10001396:	f8a3 b048 	strh.w	fp, [r3, #72]	@ 0x48
1000139a:	f8a3 a0f0 	strh.w	sl, [r3, #240]	@ 0xf0
1000139e:	f8a3 5120 	strh.w	r5, [r3, #288]	@ 0x120
100013a2:	f8a3 c138 	strh.w	ip, [r3, #312]	@ 0x138
100013a6:	f8a3 0150 	strh.w	r0, [r3, #336]	@ 0x150
100013aa:	f8a3 9030 	strh.w	r9, [r3, #48]	@ 0x30
100013ae:	f8a3 6060 	strh.w	r6, [r3, #96]	@ 0x60
100013b2:	f8a3 70d8 	strh.w	r7, [r3, #216]	@ 0xd8
100013b6:	801a      	strh	r2, [r3, #0]
100013b8:	4b0d      	ldr	r3, [pc, #52]	@ (100013f0 <runtime_init_default_alarm_pool+0xf0>)
100013ba:	4630      	mov	r0, r6
100013bc:	f8c8 7020 	str.w	r7, [r8, #32]
100013c0:	490c      	ldr	r1, [pc, #48]	@ (100013f4 <runtime_init_default_alarm_pool+0xf4>)
100013c2:	60dc      	str	r4, [r3, #12]
100013c4:	f7ff fc1e 	bl	10000c04 <irq_set_exclusive_handler>
100013c8:	4649      	mov	r1, r9
100013ca:	4630      	mov	r0, r6
100013cc:	f7ff fbd8 	bl	10000b80 <irq_set_enabled>
100013d0:	4b09      	ldr	r3, [pc, #36]	@ (100013f8 <runtime_init_default_alarm_pool+0xf8>)
100013d2:	210a      	movs	r1, #10
100013d4:	641f      	str	r7, [r3, #64]	@ 0x40
100013d6:	4803      	ldr	r0, [pc, #12]	@ (100013e4 <runtime_init_default_alarm_pool+0xe4>)
100013d8:	e8bd 4ff8 	ldmia.w	sp!, {r3, r4, r5, r6, r7, r8, r9, sl, fp, lr}
100013dc:	f7ff bda8 	b.w	10000f30 <lock_init>
100013e0:	20001544 	.word	0x20001544
100013e4:	200021a8 	.word	0x200021a8
100013e8:	200018d4 	.word	0x200018d4
100013ec:	0010ffff 	.word	0x0010ffff
100013f0:	20002180 	.word	0x20002180
100013f4:	10001011 	.word	0x10001011
100013f8:	400b2000 	.word	0x400b2000
100013fc:	400b0000 	.word	0x400b0000

10001400 <alarm_pool_get_default>:
10001400:	4800      	ldr	r0, [pc, #0]	@ (10001404 <alarm_pool_get_default+0x4>)
10001402:	4770      	bx	lr
10001404:	20001544 	.word	0x20001544

10001408 <alarm_pool_add_alarm_at>:
10001408:	b5f8      	push	{r3, r4, r5, r6, r7, lr}
1000140a:	f89d 5020 	ldrb.w	r5, [sp, #32]
1000140e:	4604      	mov	r4, r0
10001410:	4617      	mov	r7, r2
10001412:	461e      	mov	r6, r3
10001414:	b935      	cbnz	r5, 10001424 <alarm_pool_add_alarm_at+0x1c>
10001416:	f000 f9fd 	bl	10001814 <time_us_64>
1000141a:	4287      	cmp	r7, r0
1000141c:	eb66 0101 	sbc.w	r1, r6, r1
10001420:	2900      	cmp	r1, #0
10001422:	db5c      	blt.n	100014de <alarm_pool_add_alarm_at+0xd6>
10001424:	6921      	ldr	r1, [r4, #16]
10001426:	f3ef 8310 	mrs	r3, PRIMASK
1000142a:	b672      	cpsid	i
1000142c:	e8d1 0fcf 	ldaexb	r0, [r1]
10001430:	2201      	movs	r2, #1
10001432:	2800      	cmp	r0, #0
10001434:	d1fa      	bne.n	1000142c <alarm_pool_add_alarm_at+0x24>
10001436:	e8c1 2f40 	strexb	r0, r2, [r1]
1000143a:	2800      	cmp	r0, #0
1000143c:	d1f6      	bne.n	1000142c <alarm_pool_add_alarm_at+0x24>
1000143e:	f3bf 8f5f 	dmb	sy
10001442:	f9b4 2002 	ldrsh.w	r2, [r4, #2]
10001446:	6965      	ldr	r5, [r4, #20]
10001448:	eb02 0142 	add.w	r1, r2, r2, lsl #1
1000144c:	2a00      	cmp	r2, #0
1000144e:	ea4f 0cc1 	mov.w	ip, r1, lsl #3
10001452:	6920      	ldr	r0, [r4, #16]
10001454:	eb05 01c1 	add.w	r1, r5, r1, lsl #3
10001458:	db39      	blt.n	100014ce <alarm_pool_add_alarm_at+0xc6>
1000145a:	f835 e00c 	ldrh.w	lr, [r5, ip]
1000145e:	f8a4 e002 	strh.w	lr, [r4, #2]
10001462:	f04f 0e00 	mov.w	lr, #0
10001466:	e8c0 ef8f 	stlb	lr, [r0]
1000146a:	f383 8810 	msr	PRIMASK, r3
1000146e:	8848      	ldrh	r0, [r1, #2]
10001470:	9b06      	ldr	r3, [sp, #24]
10001472:	3001      	adds	r0, #1
10001474:	f3c0 000e 	ubfx	r0, r0, #0, #15
10001478:	2801      	cmp	r0, #1
1000147a:	bf38      	it	cc
1000147c:	2001      	movcc	r0, #1
1000147e:	610b      	str	r3, [r1, #16]
10001480:	9b07      	ldr	r3, [sp, #28]
10001482:	8048      	strh	r0, [r1, #2]
10001484:	614b      	str	r3, [r1, #20]
10001486:	e9c1 7602 	strd	r7, r6, [r1, #8]
1000148a:	ea40 4002 	orr.w	r0, r0, r2, lsl #16
1000148e:	6923      	ldr	r3, [r4, #16]
10001490:	f3ef 8110 	mrs	r1, PRIMASK
10001494:	b672      	cpsid	i
10001496:	e8d3 7fcf 	ldaexb	r7, [r3]
1000149a:	2601      	movs	r6, #1
1000149c:	2f00      	cmp	r7, #0
1000149e:	d1fa      	bne.n	10001496 <alarm_pool_add_alarm_at+0x8e>
100014a0:	e8c3 6f47 	strexb	r7, r6, [r3]
100014a4:	2f00      	cmp	r7, #0
100014a6:	d1f6      	bne.n	10001496 <alarm_pool_add_alarm_at+0x8e>
100014a8:	f3bf 8f5f 	dmb	sy
100014ac:	88a3      	ldrh	r3, [r4, #4]
100014ae:	f825 300c 	strh.w	r3, [r5, ip]
100014b2:	80a2      	strh	r2, [r4, #4]
100014b4:	6923      	ldr	r3, [r4, #16]
100014b6:	e8c3 ef8f 	stlb	lr, [r3]
100014ba:	f381 8810 	msr	PRIMASK, r1
100014be:	2201      	movs	r2, #1
100014c0:	68e3      	ldr	r3, [r4, #12]
100014c2:	7821      	ldrb	r1, [r4, #0]
100014c4:	f503 5301 	add.w	r3, r3, #8256	@ 0x2040
100014c8:	408a      	lsls	r2, r1
100014ca:	605a      	str	r2, [r3, #4]
100014cc:	bdf8      	pop	{r3, r4, r5, r6, r7, pc}
100014ce:	2200      	movs	r2, #0
100014d0:	e8c0 2f8f 	stlb	r2, [r0]
100014d4:	f383 8810 	msr	PRIMASK, r3
100014d8:	f04f 30ff 	mov.w	r0, #4294967295	@ 0xffffffff
100014dc:	bdf8      	pop	{r3, r4, r5, r6, r7, pc}
100014de:	4628      	mov	r0, r5
100014e0:	bdf8      	pop	{r3, r4, r5, r6, r7, pc}
100014e2:	bf00      	nop

100014e4 <alarm_pool_add_alarm_at_force_in_context>:
100014e4:	4601      	mov	r1, r0
100014e6:	b5f0      	push	{r4, r5, r6, r7, lr}
100014e8:	6900      	ldr	r0, [r0, #16]
100014ea:	f3ef 8710 	mrs	r7, PRIMASK
100014ee:	b672      	cpsid	i
100014f0:	e8d0 5fcf 	ldaexb	r5, [r0]
100014f4:	2401      	movs	r4, #1
100014f6:	2d00      	cmp	r5, #0
100014f8:	d1fa      	bne.n	100014f0 <alarm_pool_add_alarm_at_force_in_context+0xc>
100014fa:	e8c0 4f45 	strexb	r5, r4, [r0]
100014fe:	2d00      	cmp	r5, #0
10001500:	d1f6      	bne.n	100014f0 <alarm_pool_add_alarm_at_force_in_context+0xc>
10001502:	f3bf 8f5f 	dmb	sy
10001506:	f9b1 e002 	ldrsh.w	lr, [r1, #2]
1000150a:	694c      	ldr	r4, [r1, #20]
1000150c:	eb0e 0c4e 	add.w	ip, lr, lr, lsl #1
10001510:	f1be 0f00 	cmp.w	lr, #0
10001514:	ea4f 05cc 	mov.w	r5, ip, lsl #3
10001518:	6908      	ldr	r0, [r1, #16]
1000151a:	eb04 0ccc 	add.w	ip, r4, ip, lsl #3
1000151e:	db3c      	blt.n	1000159a <alarm_pool_add_alarm_at_force_in_context+0xb6>
10001520:	5b66      	ldrh	r6, [r4, r5]
10001522:	804e      	strh	r6, [r1, #2]
10001524:	2600      	movs	r6, #0
10001526:	e8c0 6f8f 	stlb	r6, [r0]
1000152a:	f387 8810 	msr	PRIMASK, r7
1000152e:	f8bc 0002 	ldrh.w	r0, [ip, #2]
10001532:	e9cc 2302 	strd	r2, r3, [ip, #8]
10001536:	3001      	adds	r0, #1
10001538:	f3c0 000e 	ubfx	r0, r0, #0, #15
1000153c:	2801      	cmp	r0, #1
1000153e:	bf38      	it	cc
10001540:	2001      	movcc	r0, #1
10001542:	9b05      	ldr	r3, [sp, #20]
10001544:	f8ac 0002 	strh.w	r0, [ip, #2]
10001548:	f8cc 3010 	str.w	r3, [ip, #16]
1000154c:	9b06      	ldr	r3, [sp, #24]
1000154e:	ea40 400e 	orr.w	r0, r0, lr, lsl #16
10001552:	f8cc 3014 	str.w	r3, [ip, #20]
10001556:	690b      	ldr	r3, [r1, #16]
10001558:	f3ef 8210 	mrs	r2, PRIMASK
1000155c:	b672      	cpsid	i
1000155e:	e8d3 cfcf 	ldaexb	ip, [r3]
10001562:	2701      	movs	r7, #1
10001564:	f1bc 0f00 	cmp.w	ip, #0
10001568:	d1f9      	bne.n	1000155e <alarm_pool_add_alarm_at_force_in_context+0x7a>
1000156a:	e8c3 7f4c 	strexb	ip, r7, [r3]
1000156e:	f1bc 0f00 	cmp.w	ip, #0
10001572:	d1f4      	bne.n	1000155e <alarm_pool_add_alarm_at_force_in_context+0x7a>
10001574:	f3bf 8f5f 	dmb	sy
10001578:	888b      	ldrh	r3, [r1, #4]
1000157a:	5363      	strh	r3, [r4, r5]
1000157c:	f8a1 e004 	strh.w	lr, [r1, #4]
10001580:	690b      	ldr	r3, [r1, #16]
10001582:	e8c3 6f8f 	stlb	r6, [r3]
10001586:	f382 8810 	msr	PRIMASK, r2
1000158a:	2201      	movs	r2, #1
1000158c:	68cb      	ldr	r3, [r1, #12]
1000158e:	7809      	ldrb	r1, [r1, #0]
10001590:	f503 5301 	add.w	r3, r3, #8256	@ 0x2040
10001594:	408a      	lsls	r2, r1
10001596:	605a      	str	r2, [r3, #4]
10001598:	bdf0      	pop	{r4, r5, r6, r7, pc}
1000159a:	2300      	movs	r3, #0
1000159c:	e8c0 3f8f 	stlb	r3, [r0]
100015a0:	f387 8810 	msr	PRIMASK, r7
100015a4:	f04f 30ff 	mov.w	r0, #4294967295	@ 0xffffffff
100015a8:	bdf0      	pop	{r4, r5, r6, r7, pc}
100015aa:	bf00      	nop

100015ac <alarm_pool_cancel_alarm>:
100015ac:	4603      	mov	r3, r0
100015ae:	8940      	ldrh	r0, [r0, #10]
100015b0:	ebb0 4f21 	cmp.w	r0, r1, asr #16
100015b4:	dd37      	ble.n	10001626 <alarm_pool_cancel_alarm+0x7a>
100015b6:	6958      	ldr	r0, [r3, #20]
100015b8:	140a      	asrs	r2, r1, #16
100015ba:	eb02 0242 	add.w	r2, r2, r2, lsl #1
100015be:	b510      	push	{r4, lr}
100015c0:	eb00 00c2 	add.w	r0, r0, r2, lsl #3
100015c4:	691c      	ldr	r4, [r3, #16]
100015c6:	f3ef 8c10 	mrs	ip, PRIMASK
100015ca:	b672      	cpsid	i
100015cc:	e8d4 efcf 	ldaexb	lr, [r4]
100015d0:	2201      	movs	r2, #1
100015d2:	f1be 0f00 	cmp.w	lr, #0
100015d6:	d1f9      	bne.n	100015cc <alarm_pool_cancel_alarm+0x20>
100015d8:	e8c4 2f4e 	strexb	lr, r2, [r4]
100015dc:	f1be 0f00 	cmp.w	lr, #0
100015e0:	d1f4      	bne.n	100015cc <alarm_pool_cancel_alarm+0x20>
100015e2:	f3bf 8f5f 	dmb	sy
100015e6:	8842      	ldrh	r2, [r0, #2]
100015e8:	b289      	uxth	r1, r1
100015ea:	b292      	uxth	r2, r2
100015ec:	428a      	cmp	r2, r1
100015ee:	d007      	beq.n	10001600 <alarm_pool_cancel_alarm+0x54>
100015f0:	2200      	movs	r2, #0
100015f2:	691b      	ldr	r3, [r3, #16]
100015f4:	e8c3 2f8f 	stlb	r2, [r3]
100015f8:	f38c 8810 	msr	PRIMASK, ip
100015fc:	2000      	movs	r0, #0
100015fe:	bd10      	pop	{r4, pc}
10001600:	f442 4200 	orr.w	r2, r2, #32768	@ 0x8000
10001604:	8042      	strh	r2, [r0, #2]
10001606:	2101      	movs	r1, #1
10001608:	2200      	movs	r2, #0
1000160a:	6918      	ldr	r0, [r3, #16]
1000160c:	7199      	strb	r1, [r3, #6]
1000160e:	e8c0 2f8f 	stlb	r2, [r0]
10001612:	f38c 8810 	msr	PRIMASK, ip
10001616:	781c      	ldrb	r4, [r3, #0]
10001618:	68da      	ldr	r2, [r3, #12]
1000161a:	4608      	mov	r0, r1
1000161c:	f502 5301 	add.w	r3, r2, #8256	@ 0x2040
10001620:	40a1      	lsls	r1, r4
10001622:	6059      	str	r1, [r3, #4]
10001624:	bd10      	pop	{r4, pc}
10001626:	2000      	movs	r0, #0
10001628:	4770      	bx	lr
1000162a:	bf00      	nop

1000162c <alarm_pool_core_num>:
1000162c:	7840      	ldrb	r0, [r0, #1]
1000162e:	4770      	bx	lr

10001630 <sleep_ms>:
10001630:	e92d 41f0 	stmdb	sp!, {r4, r5, r6, r7, r8, lr}
10001634:	b082      	sub	sp, #8
10001636:	4606      	mov	r6, r0
10001638:	f000 f8ec 	bl	10001814 <time_us_64>
1000163c:	f44f 737a 	mov.w	r3, #1000	@ 0x3e8
10001640:	4604      	mov	r4, r0
10001642:	f04f 30ff 	mov.w	r0, #4294967295	@ 0xffffffff
10001646:	f06f 4200 	mvn.w	r2, #2147483648	@ 0x80000000
1000164a:	fbe6 4103 	umlal	r4, r1, r6, r3
1000164e:	42a0      	cmp	r0, r4
10001650:	eb72 0301 	sbcs.w	r3, r2, r1
10001654:	bf3a      	itte	cc
10001656:	4604      	movcc	r4, r0
10001658:	4615      	movcc	r5, r2
1000165a:	460d      	movcs	r5, r1
1000165c:	1fa6      	subs	r6, r4, #6
1000165e:	f145 37ff 	adc.w	r7, r5, #4294967295	@ 0xffffffff
10001662:	42b4      	cmp	r4, r6
10001664:	eb75 0307 	sbcs.w	r3, r5, r7
10001668:	bf3c      	itt	cc
1000166a:	2600      	movcc	r6, #0
1000166c:	4637      	movcc	r7, r6
1000166e:	f000 f8d1 	bl	10001814 <time_us_64>
10001672:	1a30      	subs	r0, r6, r0
10001674:	eb67 0101 	sbc.w	r1, r7, r1
10001678:	2801      	cmp	r0, #1
1000167a:	f171 0100 	sbcs.w	r1, r1, #0
1000167e:	da06      	bge.n	1000168e <sleep_ms+0x5e>
10001680:	4620      	mov	r0, r4
10001682:	4629      	mov	r1, r5
10001684:	b002      	add	sp, #8
10001686:	e8bd 41f0 	ldmia.w	sp!, {r4, r5, r6, r7, r8, lr}
1000168a:	f000 b8cd 	b.w	10001828 <busy_wait_until>
1000168e:	f000 f8c1 	bl	10001814 <time_us_64>
10001692:	4286      	cmp	r6, r0
10001694:	eb67 0101 	sbc.w	r1, r7, r1
10001698:	2900      	cmp	r1, #0
1000169a:	db0a      	blt.n	100016b2 <sleep_ms+0x82>
1000169c:	2100      	movs	r1, #0
1000169e:	4b17      	ldr	r3, [pc, #92]	@ (100016fc <sleep_ms+0xcc>)
100016a0:	4632      	mov	r2, r6
100016a2:	9300      	str	r3, [sp, #0]
100016a4:	4816      	ldr	r0, [pc, #88]	@ (10001700 <sleep_ms+0xd0>)
100016a6:	463b      	mov	r3, r7
100016a8:	9101      	str	r1, [sp, #4]
100016aa:	f7ff ff1b 	bl	100014e4 <alarm_pool_add_alarm_at_force_in_context>
100016ae:	3001      	adds	r0, #1
100016b0:	d0e6      	beq.n	10001680 <sleep_ms+0x50>
100016b2:	f04f 0c00 	mov.w	ip, #0
100016b6:	4a13      	ldr	r2, [pc, #76]	@ (10001704 <sleep_ms+0xd4>)
100016b8:	4913      	ldr	r1, [pc, #76]	@ (10001708 <sleep_ms+0xd8>)
100016ba:	6a53      	ldr	r3, [r2, #36]	@ 0x24
100016bc:	429f      	cmp	r7, r3
100016be:	d804      	bhi.n	100016ca <sleep_ms+0x9a>
100016c0:	6a90      	ldr	r0, [r2, #40]	@ 0x28
100016c2:	42b0      	cmp	r0, r6
100016c4:	d2dc      	bcs.n	10001680 <sleep_ms+0x50>
100016c6:	429f      	cmp	r7, r3
100016c8:	d1da      	bne.n	10001680 <sleep_ms+0x50>
100016ca:	680b      	ldr	r3, [r1, #0]
100016cc:	f3ef 8010 	mrs	r0, PRIMASK
100016d0:	b672      	cpsid	i
100016d2:	e8d3 8fcf 	ldaexb	r8, [r3]
100016d6:	f05f 0e01 	movs.w	lr, #1
100016da:	f1b8 0f00 	cmp.w	r8, #0
100016de:	d1f8      	bne.n	100016d2 <sleep_ms+0xa2>
100016e0:	e8c3 ef48 	strexb	r8, lr, [r3]
100016e4:	f1b8 0f00 	cmp.w	r8, #0
100016e8:	d1f3      	bne.n	100016d2 <sleep_ms+0xa2>
100016ea:	f3bf 8f5f 	dmb	sy
100016ee:	680b      	ldr	r3, [r1, #0]
100016f0:	e8c3 cf8f 	stlb	ip, [r3]
100016f4:	f380 8810 	msr	PRIMASK, r0
100016f8:	bf20      	wfe
100016fa:	e7de      	b.n	100016ba <sleep_ms+0x8a>
100016fc:	10000fd1 	.word	0x10000fd1
10001700:	20001544 	.word	0x20001544
10001704:	400b0000 	.word	0x400b0000
10001708:	200021a8 	.word	0x200021a8

1000170c <best_effort_wfe_or_timeout>:
1000170c:	e92d 43f0 	stmdb	sp!, {r4, r5, r6, r7, r8, r9, lr}
10001710:	4606      	mov	r6, r0
10001712:	460d      	mov	r5, r1
10001714:	b083      	sub	sp, #12
10001716:	f3ef 8405 	mrs	r4, IPSR
1000171a:	b2e4      	uxtb	r4, r4
1000171c:	b13c      	cbz	r4, 1000172e <best_effort_wfe_or_timeout+0x22>
1000171e:	4b2d      	ldr	r3, [pc, #180]	@ (100017d4 <best_effort_wfe_or_timeout+0xc8>)
10001720:	6a5a      	ldr	r2, [r3, #36]	@ 0x24
10001722:	42aa      	cmp	r2, r5
10001724:	d21c      	bcs.n	10001760 <best_effort_wfe_or_timeout+0x54>
10001726:	2000      	movs	r0, #0
10001728:	b003      	add	sp, #12
1000172a:	e8bd 83f0 	ldmia.w	sp!, {r4, r5, r6, r7, r8, r9, pc}
1000172e:	4f2a      	ldr	r7, [pc, #168]	@ (100017d8 <best_effort_wfe_or_timeout+0xcc>)
10001730:	f8d7 900c 	ldr.w	r9, [r7, #12]
10001734:	f897 8000 	ldrb.w	r8, [r7]
10001738:	4648      	mov	r0, r9
1000173a:	f000 f863 	bl	10001804 <timer_time_us_64>
1000173e:	f108 0804 	add.w	r8, r8, #4
10001742:	f859 3028 	ldr.w	r3, [r9, r8, lsl #2]
10001746:	1a1b      	subs	r3, r3, r0
10001748:	1a30      	subs	r0, r6, r0
1000174a:	eb65 0101 	sbc.w	r1, r5, r1
1000174e:	4298      	cmp	r0, r3
10001750:	f171 0100 	sbcs.w	r1, r1, #0
10001754:	db10      	blt.n	10001778 <best_effort_wfe_or_timeout+0x6c>
10001756:	bf20      	wfe
10001758:	4b1e      	ldr	r3, [pc, #120]	@ (100017d4 <best_effort_wfe_or_timeout+0xc8>)
1000175a:	6a5a      	ldr	r2, [r3, #36]	@ 0x24
1000175c:	42aa      	cmp	r2, r5
1000175e:	d3e2      	bcc.n	10001726 <best_effort_wfe_or_timeout+0x1a>
10001760:	bf14      	ite	ne
10001762:	2401      	movne	r4, #1
10001764:	2400      	moveq	r4, #0
10001766:	6a9b      	ldr	r3, [r3, #40]	@ 0x28
10001768:	42b3      	cmp	r3, r6
1000176a:	bf34      	ite	cc
1000176c:	4620      	movcc	r0, r4
1000176e:	f044 0001 	orrcs.w	r0, r4, #1
10001772:	b003      	add	sp, #12
10001774:	e8bd 83f0 	ldmia.w	sp!, {r4, r5, r6, r7, r8, r9, pc}
10001778:	f000 f84c 	bl	10001814 <time_us_64>
1000177c:	4286      	cmp	r6, r0
1000177e:	eb65 0101 	sbc.w	r1, r5, r1
10001782:	2900      	cmp	r1, #0
10001784:	db14      	blt.n	100017b0 <best_effort_wfe_or_timeout+0xa4>
10001786:	4b15      	ldr	r3, [pc, #84]	@ (100017dc <best_effort_wfe_or_timeout+0xd0>)
10001788:	4638      	mov	r0, r7
1000178a:	e9cd 3400 	strd	r3, r4, [sp]
1000178e:	4632      	mov	r2, r6
10001790:	462b      	mov	r3, r5
10001792:	f7ff fea7 	bl	100014e4 <alarm_pool_add_alarm_at_force_in_context>
10001796:	1e01      	subs	r1, r0, #0
10001798:	dd0a      	ble.n	100017b0 <best_effort_wfe_or_timeout+0xa4>
1000179a:	4b0e      	ldr	r3, [pc, #56]	@ (100017d4 <best_effort_wfe_or_timeout+0xc8>)
1000179c:	6a5a      	ldr	r2, [r3, #36]	@ 0x24
1000179e:	42aa      	cmp	r2, r5
100017a0:	d316      	bcc.n	100017d0 <best_effort_wfe_or_timeout+0xc4>
100017a2:	6a9b      	ldr	r3, [r3, #40]	@ 0x28
100017a4:	42b3      	cmp	r3, r6
100017a6:	d311      	bcc.n	100017cc <best_effort_wfe_or_timeout+0xc0>
100017a8:	480b      	ldr	r0, [pc, #44]	@ (100017d8 <best_effort_wfe_or_timeout+0xcc>)
100017aa:	f7ff feff 	bl	100015ac <alarm_pool_cancel_alarm>
100017ae:	e7b6      	b.n	1000171e <best_effort_wfe_or_timeout+0x12>
100017b0:	4b08      	ldr	r3, [pc, #32]	@ (100017d4 <best_effort_wfe_or_timeout+0xc8>)
100017b2:	6a5c      	ldr	r4, [r3, #36]	@ 0x24
100017b4:	42ac      	cmp	r4, r5
100017b6:	d3b6      	bcc.n	10001726 <best_effort_wfe_or_timeout+0x1a>
100017b8:	1b64      	subs	r4, r4, r5
100017ba:	bf18      	it	ne
100017bc:	2401      	movne	r4, #1
100017be:	6a9b      	ldr	r3, [r3, #40]	@ 0x28
100017c0:	42b3      	cmp	r3, r6
100017c2:	bf34      	ite	cc
100017c4:	4620      	movcc	r0, r4
100017c6:	f044 0001 	orrcs.w	r0, r4, #1
100017ca:	e7ad      	b.n	10001728 <best_effort_wfe_or_timeout+0x1c>
100017cc:	42aa      	cmp	r2, r5
100017ce:	d1eb      	bne.n	100017a8 <best_effort_wfe_or_timeout+0x9c>
100017d0:	bf20      	wfe
100017d2:	e7e9      	b.n	100017a8 <best_effort_wfe_or_timeout+0x9c>
100017d4:	400b0000 	.word	0x400b0000
100017d8:	20001544 	.word	0x20001544
100017dc:	10000fd1 	.word	0x10000fd1

100017e0 <timer_hardware_alarm_claim>:
100017e0:	b410      	push	{r4}
100017e2:	4b05      	ldr	r3, [pc, #20]	@ (100017f8 <timer_hardware_alarm_claim+0x18>)
100017e4:	4c05      	ldr	r4, [pc, #20]	@ (100017fc <timer_hardware_alarm_claim+0x1c>)
100017e6:	4a06      	ldr	r2, [pc, #24]	@ (10001800 <timer_hardware_alarm_claim+0x20>)
100017e8:	42a0      	cmp	r0, r4
100017ea:	bf14      	ite	ne
100017ec:	4618      	movne	r0, r3
100017ee:	1c58      	addeq	r0, r3, #1
100017f0:	f85d 4b04 	ldr.w	r4, [sp], #4
100017f4:	f7ff b908 	b.w	10000a08 <hw_claim_or_assert>
100017f8:	20001cf4 	.word	0x20001cf4
100017fc:	400b8000 	.word	0x400b8000
10001800:	100067bc 	.word	0x100067bc

10001804 <timer_time_us_64>:
10001804:	4603      	mov	r3, r0
10001806:	6a41      	ldr	r1, [r0, #36]	@ 0x24
10001808:	460a      	mov	r2, r1
1000180a:	6a98      	ldr	r0, [r3, #40]	@ 0x28
1000180c:	6a59      	ldr	r1, [r3, #36]	@ 0x24
1000180e:	428a      	cmp	r2, r1
10001810:	d1fa      	bne.n	10001808 <timer_time_us_64+0x4>
10001812:	4770      	bx	lr

10001814 <time_us_64>:
10001814:	4b03      	ldr	r3, [pc, #12]	@ (10001824 <time_us_64+0x10>)
10001816:	6a59      	ldr	r1, [r3, #36]	@ 0x24
10001818:	460a      	mov	r2, r1
1000181a:	6a98      	ldr	r0, [r3, #40]	@ 0x28
1000181c:	6a59      	ldr	r1, [r3, #36]	@ 0x24
1000181e:	4291      	cmp	r1, r2
10001820:	d1fa      	bne.n	10001818 <time_us_64+0x4>
10001822:	4770      	bx	lr
10001824:	400b0000 	.word	0x400b0000

10001828 <busy_wait_until>:
10001828:	4a07      	ldr	r2, [pc, #28]	@ (10001848 <busy_wait_until+0x20>)
1000182a:	6a53      	ldr	r3, [r2, #36]	@ 0x24
1000182c:	4299      	cmp	r1, r3
1000182e:	d8fc      	bhi.n	1000182a <busy_wait_until+0x2>
10001830:	4299      	cmp	r1, r3
10001832:	d107      	bne.n	10001844 <busy_wait_until+0x1c>
10001834:	4b04      	ldr	r3, [pc, #16]	@ (10001848 <busy_wait_until+0x20>)
10001836:	e002      	b.n	1000183e <busy_wait_until+0x16>
10001838:	6a5a      	ldr	r2, [r3, #36]	@ 0x24
1000183a:	4291      	cmp	r1, r2
1000183c:	d102      	bne.n	10001844 <busy_wait_until+0x1c>
1000183e:	6a9a      	ldr	r2, [r3, #40]	@ 0x28
10001840:	4290      	cmp	r0, r2
10001842:	d8f9      	bhi.n	10001838 <busy_wait_until+0x10>
10001844:	4770      	bx	lr
10001846:	bf00      	nop
10001848:	400b0000 	.word	0x400b0000

1000184c <clock_configure_undivided>:
1000184c:	eb00 0c40 	add.w	ip, r0, r0, lsl #1
10001850:	ea4f 0c8c 	mov.w	ip, ip, lsl #2
10001854:	f10c 4c80 	add.w	ip, ip, #1073741824	@ 0x40000000
10001858:	f50c 3c80 	add.w	ip, ip, #65536	@ 0x10000
1000185c:	b5f0      	push	{r4, r5, r6, r7, lr}
1000185e:	4616      	mov	r6, r2
10001860:	f8dc 2004 	ldr.w	r2, [ip, #4]
10001864:	1f05      	subs	r5, r0, #4
10001866:	f5b2 3f80 	cmp.w	r2, #65536	@ 0x10000
1000186a:	bf38      	it	cc
1000186c:	f44f 3280 	movcc.w	r2, #65536	@ 0x10000
10001870:	b2ed      	uxtb	r5, r5
10001872:	bf38      	it	cc
10001874:	f8cc 2004 	strcc.w	r2, [ip, #4]
10001878:	2d01      	cmp	r5, #1
1000187a:	d92a      	bls.n	100018d2 <clock_configure_undivided+0x86>
1000187c:	f44f 6700 	mov.w	r7, #2048	@ 0x800
10001880:	4c25      	ldr	r4, [pc, #148]	@ (10001918 <clock_configure_undivided+0xcc>)
10001882:	f50c 5240 	add.w	r2, ip, #12288	@ 0x3000
10001886:	6017      	str	r7, [r2, #0]
10001888:	f854 2020 	ldr.w	r2, [r4, r0, lsl #2]
1000188c:	b9b2      	cbnz	r2, 100018bc <clock_configure_undivided+0x70>
1000188e:	f8dc 2000 	ldr.w	r2, [ip]
10001892:	2d01      	cmp	r5, #1
10001894:	ea82 1246 	eor.w	r2, r2, r6, lsl #5
10001898:	f002 02e0 	and.w	r2, r2, #224	@ 0xe0
1000189c:	f50c 5680 	add.w	r6, ip, #4096	@ 0x1000
100018a0:	6032      	str	r2, [r6, #0]
100018a2:	d92a      	bls.n	100018fa <clock_configure_undivided+0xae>
100018a4:	f44f 6100 	mov.w	r1, #2048	@ 0x800
100018a8:	f844 3020 	str.w	r3, [r4, r0, lsl #2]
100018ac:	f44f 3380 	mov.w	r3, #65536	@ 0x10000
100018b0:	f50c 5200 	add.w	r2, ip, #8192	@ 0x2000
100018b4:	6011      	str	r1, [r2, #0]
100018b6:	f8cc 3004 	str.w	r3, [ip, #4]
100018ba:	bdf0      	pop	{r4, r5, r6, r7, pc}
100018bc:	6967      	ldr	r7, [r4, #20]
100018be:	fbb7 fef2 	udiv	lr, r7, r2
100018c2:	f10e 0e01 	add.w	lr, lr, #1
100018c6:	eb0e 0e4e 	add.w	lr, lr, lr, lsl #1
100018ca:	f1be 0e03 	subs.w	lr, lr, #3
100018ce:	d2fc      	bcs.n	100018ca <clock_configure_undivided+0x7e>
100018d0:	e7dd      	b.n	1000188e <clock_configure_undivided+0x42>
100018d2:	2901      	cmp	r1, #1
100018d4:	d1d2      	bne.n	1000187c <clock_configure_undivided+0x30>
100018d6:	2403      	movs	r4, #3
100018d8:	f50c 5240 	add.w	r2, ip, #12288	@ 0x3000
100018dc:	6014      	str	r4, [r2, #0]
100018de:	f8dc 2008 	ldr.w	r2, [ip, #8]
100018e2:	07d2      	lsls	r2, r2, #31
100018e4:	d5fb      	bpl.n	100018de <clock_configure_undivided+0x92>
100018e6:	f8dc 2000 	ldr.w	r2, [ip]
100018ea:	4c0b      	ldr	r4, [pc, #44]	@ (10001918 <clock_configure_undivided+0xcc>)
100018ec:	ea82 1246 	eor.w	r2, r2, r6, lsl #5
100018f0:	f002 02e0 	and.w	r2, r2, #224	@ 0xe0
100018f4:	f50c 5680 	add.w	r6, ip, #4096	@ 0x1000
100018f8:	6032      	str	r2, [r6, #0]
100018fa:	2201      	movs	r2, #1
100018fc:	f8dc 5000 	ldr.w	r5, [ip]
10001900:	404d      	eors	r5, r1
10001902:	f005 0503 	and.w	r5, r5, #3
10001906:	6035      	str	r5, [r6, #0]
10001908:	fa02 f101 	lsl.w	r1, r2, r1
1000190c:	f8dc 2008 	ldr.w	r2, [ip, #8]
10001910:	420a      	tst	r2, r1
10001912:	d0fb      	beq.n	1000190c <clock_configure_undivided+0xc0>
10001914:	e7c6      	b.n	100018a4 <clock_configure_undivided+0x58>
10001916:	bf00      	nop
10001918:	20001cf8 	.word	0x20001cf8

1000191c <clock_get_hz>:
1000191c:	4b01      	ldr	r3, [pc, #4]	@ (10001924 <clock_get_hz+0x8>)
1000191e:	f853 0020 	ldr.w	r0, [r3, r0, lsl #2]
10001922:	4770      	bx	lr
10001924:	20001cf8 	.word	0x20001cf8

10001928 <pll_init>:
10001928:	b470      	push	{r4, r5, r6}
1000192a:	9d03      	ldr	r5, [sp, #12]
1000192c:	6804      	ldr	r4, [r0, #0]
1000192e:	032d      	lsls	r5, r5, #12
10001930:	ea45 4503 	orr.w	r5, r5, r3, lsl #16
10001934:	4b1b      	ldr	r3, [pc, #108]	@ (100019a4 <pll_init+0x7c>)
10001936:	2c00      	cmp	r4, #0
10001938:	fbb3 f3f1 	udiv	r3, r3, r1
1000193c:	fbb2 f6f3 	udiv	r6, r2, r3
10001940:	db1f      	blt.n	10001982 <pll_init+0x5a>
10001942:	4a19      	ldr	r2, [pc, #100]	@ (100019a8 <pll_init+0x80>)
10001944:	4b19      	ldr	r3, [pc, #100]	@ (100019ac <pll_init+0x84>)
10001946:	4290      	cmp	r0, r2
10001948:	bf14      	ite	ne
1000194a:	f44f 4280 	movne.w	r2, #16384	@ 0x4000
1000194e:	f44f 4200 	moveq.w	r2, #32768	@ 0x8000
10001952:	4c17      	ldr	r4, [pc, #92]	@ (100019b0 <pll_init+0x88>)
10001954:	601a      	str	r2, [r3, #0]
10001956:	f503 5380 	add.w	r3, r3, #4096	@ 0x1000
1000195a:	601a      	str	r2, [r3, #0]
1000195c:	68a3      	ldr	r3, [r4, #8]
1000195e:	ea32 0303 	bics.w	r3, r2, r3
10001962:	d1fb      	bne.n	1000195c <pll_init+0x34>
10001964:	2221      	movs	r2, #33	@ 0x21
10001966:	f500 5340 	add.w	r3, r0, #12288	@ 0x3000
1000196a:	3304      	adds	r3, #4
1000196c:	6001      	str	r1, [r0, #0]
1000196e:	6086      	str	r6, [r0, #8]
10001970:	601a      	str	r2, [r3, #0]
10001972:	6802      	ldr	r2, [r0, #0]
10001974:	2a00      	cmp	r2, #0
10001976:	dafc      	bge.n	10001972 <pll_init+0x4a>
10001978:	2208      	movs	r2, #8
1000197a:	60c5      	str	r5, [r0, #12]
1000197c:	601a      	str	r2, [r3, #0]
1000197e:	bc70      	pop	{r4, r5, r6}
10001980:	4770      	bx	lr
10001982:	6803      	ldr	r3, [r0, #0]
10001984:	f003 033f 	and.w	r3, r3, #63	@ 0x3f
10001988:	428b      	cmp	r3, r1
1000198a:	d1da      	bne.n	10001942 <pll_init+0x1a>
1000198c:	6883      	ldr	r3, [r0, #8]
1000198e:	f3c3 030b 	ubfx	r3, r3, #0, #12
10001992:	42b3      	cmp	r3, r6
10001994:	d1d5      	bne.n	10001942 <pll_init+0x1a>
10001996:	68c3      	ldr	r3, [r0, #12]
10001998:	f403 23ee 	and.w	r3, r3, #487424	@ 0x77000
1000199c:	42ab      	cmp	r3, r5
1000199e:	d1d0      	bne.n	10001942 <pll_init+0x1a>
100019a0:	e7ed      	b.n	1000197e <pll_init+0x56>
100019a2:	bf00      	nop
100019a4:	00b71b00 	.word	0x00b71b00
100019a8:	40058000 	.word	0x40058000
100019ac:	40022000 	.word	0x40022000
100019b0:	40020000 	.word	0x40020000

100019b4 <watchdog_reboot>:
100019b4:	b430      	push	{r4, r5}
100019b6:	f04f 4480 	mov.w	r4, #1073741824	@ 0x40000000
100019ba:	4b1c      	ldr	r3, [pc, #112]	@ (10001a2c <watchdog_reboot+0x78>)
100019bc:	601c      	str	r4, [r3, #0]
100019be:	b1e0      	cbz	r0, 100019fa <watchdog_reboot+0x46>
100019c0:	4c1b      	ldr	r4, [pc, #108]	@ (10001a30 <watchdog_reboot+0x7c>)
100019c2:	f5a3 5340 	sub.w	r3, r3, #12288	@ 0x3000
100019c6:	61dc      	str	r4, [r3, #28]
100019c8:	4c1a      	ldr	r4, [pc, #104]	@ (10001a34 <watchdog_reboot+0x80>)
100019ca:	f040 0001 	orr.w	r0, r0, #1
100019ce:	4044      	eors	r4, r0
100019d0:	621c      	str	r4, [r3, #32]
100019d2:	6259      	str	r1, [r3, #36]	@ 0x24
100019d4:	6298      	str	r0, [r3, #40]	@ 0x28
100019d6:	f04f 4580 	mov.w	r5, #1073741824	@ 0x40000000
100019da:	f04f 61e0 	mov.w	r1, #117440512	@ 0x7000000
100019de:	4b13      	ldr	r3, [pc, #76]	@ (10001a2c <watchdog_reboot+0x78>)
100019e0:	4815      	ldr	r0, [pc, #84]	@ (10001a38 <watchdog_reboot+0x84>)
100019e2:	4c16      	ldr	r4, [pc, #88]	@ (10001a3c <watchdog_reboot+0x88>)
100019e4:	601d      	str	r5, [r3, #0]
100019e6:	6084      	str	r4, [r0, #8]
100019e8:	6019      	str	r1, [r3, #0]
100019ea:	b94a      	cbnz	r2, 10001a00 <watchdog_reboot+0x4c>
100019ec:	bc30      	pop	{r4, r5}
100019ee:	f04f 4200 	mov.w	r2, #2147483648	@ 0x80000000
100019f2:	f5a3 5380 	sub.w	r3, r3, #4096	@ 0x1000
100019f6:	601a      	str	r2, [r3, #0]
100019f8:	4770      	bx	lr
100019fa:	4b11      	ldr	r3, [pc, #68]	@ (10001a40 <watchdog_reboot+0x8c>)
100019fc:	61d8      	str	r0, [r3, #28]
100019fe:	e7ea      	b.n	100019d6 <watchdog_reboot+0x22>
10001a00:	f44f 737a 	mov.w	r3, #1000	@ 0x3e8
10001a04:	fb03 f202 	mul.w	r2, r3, r2
10001a08:	f1b2 7f80 	cmp.w	r2, #16777216	@ 0x1000000
10001a0c:	bf2a      	itet	cs
10001a0e:	f06f 437f 	mvncs.w	r3, #4278190080	@ 0xff000000
10001a12:	4613      	movcc	r3, r2
10001a14:	461a      	movcs	r2, r3
10001a16:	f04f 4180 	mov.w	r1, #1073741824	@ 0x40000000
10001a1a:	4c0a      	ldr	r4, [pc, #40]	@ (10001a44 <watchdog_reboot+0x90>)
10001a1c:	4808      	ldr	r0, [pc, #32]	@ (10001a40 <watchdog_reboot+0x8c>)
10001a1e:	6023      	str	r3, [r4, #0]
10001a20:	4b09      	ldr	r3, [pc, #36]	@ (10001a48 <watchdog_reboot+0x94>)
10001a22:	6042      	str	r2, [r0, #4]
10001a24:	bc30      	pop	{r4, r5}
10001a26:	6019      	str	r1, [r3, #0]
10001a28:	4770      	bx	lr
10001a2a:	bf00      	nop
10001a2c:	400db000 	.word	0x400db000
10001a30:	b007c0d3 	.word	0xb007c0d3
10001a34:	4ff83f2d 	.word	0x4ff83f2d
10001a38:	4001a000 	.word	0x4001a000
10001a3c:	01fffff3 	.word	0x01fffff3
10001a40:	400d8000 	.word	0x400d8000
10001a44:	20002158 	.word	0x20002158
10001a48:	400da000 	.word	0x400da000

10001a4c <tick_start>:
10001a4c:	2301      	movs	r3, #1
10001a4e:	eb00 0040 	add.w	r0, r0, r0, lsl #1
10001a52:	0080      	lsls	r0, r0, #2
10001a54:	f100 4080 	add.w	r0, r0, #1073741824	@ 0x40000000
10001a58:	f500 1084 	add.w	r0, r0, #1081344	@ 0x108000
10001a5c:	6041      	str	r1, [r0, #4]
10001a5e:	6003      	str	r3, [r0, #0]
10001a60:	4770      	bx	lr
10001a62:	bf00      	nop

10001a64 <rom_reboot.constprop.0.isra.0>:
10001a64:	2300      	movs	r3, #0
10001a66:	b570      	push	{r4, r5, r6, lr}
10001a68:	8adb      	ldrh	r3, [r3, #22]
10001a6a:	4604      	mov	r4, r0
10001a6c:	460d      	mov	r5, r1
10001a6e:	2200      	movs	r2, #0
10001a70:	e842 f200 	tt	r2, r2
10001a74:	0252      	lsls	r2, r2, #9
10001a76:	bf54      	ite	pl
10001a78:	2110      	movpl	r1, #16
10001a7a:	2104      	movmi	r1, #4
10001a7c:	f244 2052 	movw	r0, #16978	@ 0x4252
10001a80:	4798      	blx	r3
10001a82:	4686      	mov	lr, r0
10001a84:	462b      	mov	r3, r5
10001a86:	4622      	mov	r2, r4
10001a88:	46f4      	mov	ip, lr
10001a8a:	e8bd 4070 	ldmia.w	sp!, {r4, r5, r6, lr}
10001a8e:	210a      	movs	r1, #10
10001a90:	f44f 7081 	mov.w	r0, #258	@ 0x102
10001a94:	4760      	bx	ip
10001a96:	bf00      	nop

10001a98 <rom_func_lookup>:
10001a98:	2300      	movs	r3, #0
10001a9a:	8adb      	ldrh	r3, [r3, #22]
10001a9c:	2200      	movs	r2, #0
10001a9e:	e842 f200 	tt	r2, r2
10001aa2:	0252      	lsls	r2, r2, #9
10001aa4:	d401      	bmi.n	10001aaa <rom_func_lookup+0x12>
10001aa6:	2110      	movs	r1, #16
10001aa8:	4718      	bx	r3
10001aaa:	2104      	movs	r1, #4
10001aac:	4718      	bx	r3
10001aae:	bf00      	nop

10001ab0 <rom_reset_usb_boot_extra>:
10001ab0:	b508      	push	{r3, lr}
10001ab2:	4603      	mov	r3, r0
10001ab4:	4608      	mov	r0, r1
10001ab6:	1e19      	subs	r1, r3, #0
10001ab8:	db02      	blt.n	10001ac0 <rom_reset_usb_boot_extra+0x10>
10001aba:	b11a      	cbz	r2, 10001ac4 <rom_reset_usb_boot_extra+0x14>
10001abc:	f040 0030 	orr.w	r0, r0, #48	@ 0x30
10001ac0:	f7ff ffd0 	bl	10001a64 <rom_reboot.constprop.0.isra.0>
10001ac4:	f040 0020 	orr.w	r0, r0, #32
10001ac8:	e7fa      	b.n	10001ac0 <rom_reset_usb_boot_extra+0x10>
10001aca:	bf00      	nop

10001acc <runtime_init_bootrom_locking_enable>:
10001acc:	4a03      	ldr	r2, [pc, #12]	@ (10001adc <runtime_init_bootrom_locking_enable+0x10>)
10001ace:	f8d2 3828 	ldr.w	r3, [r2, #2088]	@ 0x828
10001ad2:	2b00      	cmp	r3, #0
10001ad4:	d0fb      	beq.n	10001ace <runtime_init_bootrom_locking_enable+0x2>
10001ad6:	f3bf 8f5f 	dmb	sy
10001ada:	4770      	bx	lr
10001adc:	400e0000 	.word	0x400e0000

10001ae0 <runtime_init_boot_locks_reset>:
10001ae0:	2100      	movs	r1, #0
10001ae2:	4b04      	ldr	r3, [pc, #16]	@ (10001af4 <runtime_init_boot_locks_reset+0x14>)
10001ae4:	4a04      	ldr	r2, [pc, #16]	@ (10001af8 <runtime_init_boot_locks_reset+0x18>)
10001ae6:	f3bf 8f5f 	dmb	sy
10001aea:	f843 1b04 	str.w	r1, [r3], #4
10001aee:	4293      	cmp	r3, r2
10001af0:	d1f9      	bne.n	10001ae6 <runtime_init_boot_locks_reset+0x6>
10001af2:	4770      	bx	lr
10001af4:	400e080c 	.word	0x400e080c
10001af8:	400e082c 	.word	0x400e082c

10001afc <xosc_init>:
10001afc:	b410      	push	{r4}
10001afe:	f44f 708d 	mov.w	r0, #282	@ 0x11a
10001b02:	f44f 642a 	mov.w	r4, #2720	@ 0xaa0
10001b06:	4a06      	ldr	r2, [pc, #24]	@ (10001b20 <xosc_init+0x24>)
10001b08:	4b06      	ldr	r3, [pc, #24]	@ (10001b24 <xosc_init+0x28>)
10001b0a:	4907      	ldr	r1, [pc, #28]	@ (10001b28 <xosc_init+0x2c>)
10001b0c:	6014      	str	r4, [r2, #0]
10001b0e:	60d0      	str	r0, [r2, #12]
10001b10:	6019      	str	r1, [r3, #0]
10001b12:	6853      	ldr	r3, [r2, #4]
10001b14:	2b00      	cmp	r3, #0
10001b16:	dafc      	bge.n	10001b12 <xosc_init+0x16>
10001b18:	f85d 4b04 	ldr.w	r4, [sp], #4
10001b1c:	4770      	bx	lr
10001b1e:	bf00      	nop
10001b20:	40048000 	.word	0x40048000
10001b24:	4004a000 	.word	0x4004a000
10001b28:	00fab000 	.word	0x00fab000

10001b2c <first_per_core_initializer>:
10001b2c:	4770      	bx	lr
10001b2e:	bf00      	nop

10001b30 <hard_assertion_failure>:
10001b30:	b508      	push	{r3, lr}
10001b32:	4801      	ldr	r0, [pc, #4]	@ (10001b38 <hard_assertion_failure+0x8>)
10001b34:	f7fe ff50 	bl	100009d8 <panic>
10001b38:	100067e0 	.word	0x100067e0

10001b3c <runtime_run_initializers>:
10001b3c:	b538      	push	{r3, r4, r5, lr}
10001b3e:	4c05      	ldr	r4, [pc, #20]	@ (10001b54 <runtime_run_initializers+0x18>)
10001b40:	4d05      	ldr	r5, [pc, #20]	@ (10001b58 <runtime_run_initializers+0x1c>)
10001b42:	42ac      	cmp	r4, r5
10001b44:	d204      	bcs.n	10001b50 <runtime_run_initializers+0x14>
10001b46:	f854 3b04 	ldr.w	r3, [r4], #4
10001b4a:	4798      	blx	r3
10001b4c:	42ac      	cmp	r4, r5
10001b4e:	d3fa      	bcc.n	10001b46 <runtime_run_initializers+0xa>
10001b50:	bd38      	pop	{r3, r4, r5, pc}
10001b52:	bf00      	nop
10001b54:	100066b8 	.word	0x100066b8
10001b58:	100066f8 	.word	0x100066f8

10001b5c <runtime_init_early_resets>:
10001b5c:	b410      	push	{r4}
10001b5e:	4807      	ldr	r0, [pc, #28]	@ (10001b7c <runtime_init_early_resets+0x20>)
10001b60:	4c07      	ldr	r4, [pc, #28]	@ (10001b80 <runtime_init_early_resets+0x24>)
10001b62:	4b08      	ldr	r3, [pc, #32]	@ (10001b84 <runtime_init_early_resets+0x28>)
10001b64:	4a08      	ldr	r2, [pc, #32]	@ (10001b88 <runtime_init_early_resets+0x2c>)
10001b66:	4909      	ldr	r1, [pc, #36]	@ (10001b8c <runtime_init_early_resets+0x30>)
10001b68:	6004      	str	r4, [r0, #0]
10001b6a:	601a      	str	r2, [r3, #0]
10001b6c:	688b      	ldr	r3, [r1, #8]
10001b6e:	ea32 0303 	bics.w	r3, r2, r3
10001b72:	d1fb      	bne.n	10001b6c <runtime_init_early_resets+0x10>
10001b74:	f85d 4b04 	ldr.w	r4, [sp], #4
10001b78:	4770      	bx	lr
10001b7a:	bf00      	nop
10001b7c:	40022000 	.word	0x40022000
10001b80:	efef3b7f 	.word	0xefef3b7f
10001b84:	40023000 	.word	0x40023000
10001b88:	03f3fff6 	.word	0x03f3fff6
10001b8c:	40020000 	.word	0x40020000

10001b90 <runtime_init_usb_power_down>:
10001b90:	4b04      	ldr	r3, [pc, #16]	@ (10001ba4 <runtime_init_usb_power_down+0x14>)
10001b92:	6cdb      	ldr	r3, [r3, #76]	@ 0x4c
10001b94:	f5b3 4f00 	cmp.w	r3, #32768	@ 0x8000
10001b98:	d103      	bne.n	10001ba2 <runtime_init_usb_power_down+0x12>
10001b9a:	f44f 2280 	mov.w	r2, #262144	@ 0x40000
10001b9e:	4b02      	ldr	r3, [pc, #8]	@ (10001ba8 <runtime_init_usb_power_down+0x18>)
10001ba0:	64da      	str	r2, [r3, #76]	@ 0x4c
10001ba2:	4770      	bx	lr
10001ba4:	50110000 	.word	0x50110000
10001ba8:	50112000 	.word	0x50112000

10001bac <runtime_init_per_core_enable_coprocessors>:
10001bac:	f04f 22e0 	mov.w	r2, #3758153728	@ 0xe000e000
10001bb0:	4b04      	ldr	r3, [pc, #16]	@ (10001bc4 <runtime_init_per_core_enable_coprocessors+0x18>)
10001bb2:	f8d2 1d88 	ldr.w	r1, [r2, #3464]	@ 0xd88
10001bb6:	430b      	orrs	r3, r1
10001bb8:	f8c2 3d88 	str.w	r3, [r2, #3464]	@ 0xd88
10001bbc:	ee10 0430 			dcp_rcmp r0
10001bc0:	4770      	bx	lr
10001bc2:	bf00      	nop
10001bc4:	00300303 	.word	0x00300303

10001bc8 <runtime_init_post_clock_resets>:
10001bc8:	f06f 4160 	mvn.w	r1, #3758096384	@ 0xe0000000
10001bcc:	4b04      	ldr	r3, [pc, #16]	@ (10001be0 <runtime_init_post_clock_resets+0x18>)
10001bce:	4a05      	ldr	r2, [pc, #20]	@ (10001be4 <runtime_init_post_clock_resets+0x1c>)
10001bd0:	6019      	str	r1, [r3, #0]
10001bd2:	6893      	ldr	r3, [r2, #8]
10001bd4:	43db      	mvns	r3, r3
10001bd6:	f033 4360 	bics.w	r3, r3, #3758096384	@ 0xe0000000
10001bda:	d1fa      	bne.n	10001bd2 <runtime_init_post_clock_resets+0xa>
10001bdc:	4770      	bx	lr
10001bde:	bf00      	nop
10001be0:	40023000 	.word	0x40023000
10001be4:	40020000 	.word	0x40020000

10001be8 <runtime_init_bootrom_reset>:
10001be8:	b510      	push	{r4, lr}
10001bea:	f245 2053 	movw	r0, #21075	@ 0x5253
10001bee:	f7ff ff53 	bl	10001a98 <rom_func_lookup>
10001bf2:	e8bd 4010 	ldmia.w	sp!, {r4, lr}
10001bf6:	4603      	mov	r3, r0
10001bf8:	2004      	movs	r0, #4
10001bfa:	4718      	bx	r3

10001bfc <runtime_init_per_core_bootrom_reset>:
10001bfc:	b510      	push	{r4, lr}
10001bfe:	f245 2053 	movw	r0, #21075	@ 0x5253
10001c02:	f7ff ff49 	bl	10001a98 <rom_func_lookup>
10001c06:	e8bd 4010 	ldmia.w	sp!, {r4, lr}
10001c0a:	4603      	mov	r3, r0
10001c0c:	2001      	movs	r0, #1
10001c0e:	4718      	bx	r3

10001c10 <runtime_init_spin_locks_reset>:
10001c10:	f7fe bf8a 	b.w	10000b28 <spin_locks_reset>

10001c14 <runtime_init_install_ram_vector_table>:
10001c14:	4914      	ldr	r1, [pc, #80]	@ (10001c68 <runtime_init_install_ram_vector_table+0x54>)
10001c16:	4b15      	ldr	r3, [pc, #84]	@ (10001c6c <runtime_init_install_ram_vector_table+0x58>)
10001c18:	b570      	push	{r4, r5, r6, lr}
10001c1a:	1a5c      	subs	r4, r3, r1
10001c1c:	10a6      	asrs	r6, r4, #2
10001c1e:	2e44      	cmp	r6, #68	@ 0x44
10001c20:	4632      	mov	r2, r6
10001c22:	bf28      	it	cs
10001c24:	2244      	movcs	r2, #68	@ 0x44
10001c26:	4d12      	ldr	r5, [pc, #72]	@ (10001c70 <runtime_init_install_ram_vector_table+0x5c>)
10001c28:	0092      	lsls	r2, r2, #2
10001c2a:	4628      	mov	r0, r5
10001c2c:	f004 fc72 	bl	10006514 <memcpy>
10001c30:	f5b4 7f86 	cmp.w	r4, #268	@ 0x10c
10001c34:	d813      	bhi.n	10001c5e <runtime_init_install_ram_vector_table+0x4a>
10001c36:	4a0f      	ldr	r2, [pc, #60]	@ (10001c74 <runtime_init_install_ram_vector_table+0x60>)
10001c38:	f1c6 0044 	rsb	r0, r6, #68	@ 0x44
10001c3c:	d012      	beq.n	10001c64 <runtime_init_install_ram_vector_table+0x50>
10001c3e:	192b      	adds	r3, r5, r4
10001c40:	0841      	lsrs	r1, r0, #1
10001c42:	eb03 01c1 	add.w	r1, r3, r1, lsl #3
10001c46:	e9c3 2200 	strd	r2, r2, [r3]
10001c4a:	3308      	adds	r3, #8
10001c4c:	428b      	cmp	r3, r1
10001c4e:	d1fa      	bne.n	10001c46 <runtime_init_install_ram_vector_table+0x32>
10001c50:	07c3      	lsls	r3, r0, #31
10001c52:	d504      	bpl.n	10001c5e <runtime_init_install_ram_vector_table+0x4a>
10001c54:	f020 0001 	bic.w	r0, r0, #1
10001c58:	4430      	add	r0, r6
10001c5a:	f845 2020 	str.w	r2, [r5, r0, lsl #2]
10001c5e:	4b06      	ldr	r3, [pc, #24]	@ (10001c78 <runtime_init_install_ram_vector_table+0x64>)
10001c60:	609d      	str	r5, [r3, #8]
10001c62:	bd70      	pop	{r4, r5, r6, pc}
10001c64:	2043      	movs	r0, #67	@ 0x43
10001c66:	e7f8      	b.n	10001c5a <runtime_init_install_ram_vector_table+0x46>
10001c68:	10000000 	.word	0x10000000
10001c6c:	10000110 	.word	0x10000110
10001c70:	20000000 	.word	0x20000000
10001c74:	10000111 	.word	0x10000111
10001c78:	e000ed00 	.word	0xe000ed00

10001c7c <runtime_init_clocks>:
10001c7c:	2300      	movs	r3, #0
10001c7e:	b570      	push	{r4, r5, r6, lr}
10001c80:	4c2b      	ldr	r4, [pc, #172]	@ (10001d30 <runtime_init_clocks+0xb4>)
10001c82:	b082      	sub	sp, #8
10001c84:	f8c4 3084 	str.w	r3, [r4, #132]	@ 0x84
10001c88:	f7ff ff38 	bl	10001afc <xosc_init>
10001c8c:	2201      	movs	r2, #1
10001c8e:	4b29      	ldr	r3, [pc, #164]	@ (10001d34 <runtime_init_clocks+0xb8>)
10001c90:	63da      	str	r2, [r3, #60]	@ 0x3c
10001c92:	6c63      	ldr	r3, [r4, #68]	@ 0x44
10001c94:	2b01      	cmp	r3, #1
10001c96:	d1fc      	bne.n	10001c92 <runtime_init_clocks+0x16>
10001c98:	2103      	movs	r1, #3
10001c9a:	4a26      	ldr	r2, [pc, #152]	@ (10001d34 <runtime_init_clocks+0xb8>)
10001c9c:	4b24      	ldr	r3, [pc, #144]	@ (10001d30 <runtime_init_clocks+0xb4>)
10001c9e:	6311      	str	r1, [r2, #48]	@ 0x30
10001ca0:	6b9c      	ldr	r4, [r3, #56]	@ 0x38
10001ca2:	2c01      	cmp	r4, #1
10001ca4:	d1fc      	bne.n	10001ca0 <runtime_init_clocks+0x24>
10001ca6:	2602      	movs	r6, #2
10001ca8:	2505      	movs	r5, #5
10001caa:	4621      	mov	r1, r4
10001cac:	2305      	movs	r3, #5
10001cae:	4a22      	ldr	r2, [pc, #136]	@ (10001d38 <runtime_init_clocks+0xbc>)
10001cb0:	4822      	ldr	r0, [pc, #136]	@ (10001d3c <runtime_init_clocks+0xc0>)
10001cb2:	9600      	str	r6, [sp, #0]
10001cb4:	f7ff fe38 	bl	10001928 <pll_init>
10001cb8:	4621      	mov	r1, r4
10001cba:	462b      	mov	r3, r5
10001cbc:	4a20      	ldr	r2, [pc, #128]	@ (10001d40 <runtime_init_clocks+0xc4>)
10001cbe:	4821      	ldr	r0, [pc, #132]	@ (10001d44 <runtime_init_clocks+0xc8>)
10001cc0:	9500      	str	r5, [sp, #0]
10001cc2:	f7ff fe31 	bl	10001928 <pll_init>
10001cc6:	2200      	movs	r2, #0
10001cc8:	2004      	movs	r0, #4
10001cca:	4631      	mov	r1, r6
10001ccc:	4b1e      	ldr	r3, [pc, #120]	@ (10001d48 <runtime_init_clocks+0xcc>)
10001cce:	f7ff fdbd 	bl	1000184c <clock_configure_undivided>
10001cd2:	4621      	mov	r1, r4
10001cd4:	4628      	mov	r0, r5
10001cd6:	2200      	movs	r2, #0
10001cd8:	4b1c      	ldr	r3, [pc, #112]	@ (10001d4c <runtime_init_clocks+0xd0>)
10001cda:	f7ff fdb7 	bl	1000184c <clock_configure_undivided>
10001cde:	2200      	movs	r2, #0
10001ce0:	2008      	movs	r0, #8
10001ce2:	4611      	mov	r1, r2
10001ce4:	4b1a      	ldr	r3, [pc, #104]	@ (10001d50 <runtime_init_clocks+0xd4>)
10001ce6:	f7ff fdb1 	bl	1000184c <clock_configure_undivided>
10001cea:	2200      	movs	r2, #0
10001cec:	2009      	movs	r0, #9
10001cee:	4611      	mov	r1, r2
10001cf0:	4b17      	ldr	r3, [pc, #92]	@ (10001d50 <runtime_init_clocks+0xd4>)
10001cf2:	f7ff fdab 	bl	1000184c <clock_configure_undivided>
10001cf6:	2200      	movs	r2, #0
10001cf8:	2006      	movs	r0, #6
10001cfa:	4611      	mov	r1, r2
10001cfc:	4b13      	ldr	r3, [pc, #76]	@ (10001d4c <runtime_init_clocks+0xd0>)
10001cfe:	f7ff fda5 	bl	1000184c <clock_configure_undivided>
10001d02:	2200      	movs	r2, #0
10001d04:	4b11      	ldr	r3, [pc, #68]	@ (10001d4c <runtime_init_clocks+0xd0>)
10001d06:	2007      	movs	r0, #7
10001d08:	4611      	mov	r1, r2
10001d0a:	f7ff fd9f 	bl	1000184c <clock_configure_undivided>
10001d0e:	2004      	movs	r0, #4
10001d10:	f7ff fe04 	bl	1000191c <clock_get_hz>
10001d14:	2400      	movs	r4, #0
10001d16:	4b0f      	ldr	r3, [pc, #60]	@ (10001d54 <runtime_init_clocks+0xd8>)
10001d18:	fba3 3500 	umull	r3, r5, r3, r0
10001d1c:	0cad      	lsrs	r5, r5, #18
10001d1e:	b2e0      	uxtb	r0, r4
10001d20:	4629      	mov	r1, r5
10001d22:	3401      	adds	r4, #1
10001d24:	f7ff fe92 	bl	10001a4c <tick_start>
10001d28:	2c06      	cmp	r4, #6
10001d2a:	d1f8      	bne.n	10001d1e <runtime_init_clocks+0xa2>
10001d2c:	b002      	add	sp, #8
10001d2e:	bd70      	pop	{r4, r5, r6, pc}
10001d30:	40010000 	.word	0x40010000
10001d34:	40013000 	.word	0x40013000
10001d38:	59682f00 	.word	0x59682f00
10001d3c:	40050000 	.word	0x40050000
10001d40:	47868c00 	.word	0x47868c00
10001d44:	40058000 	.word	0x40058000
10001d48:	00b71b00 	.word	0x00b71b00
10001d4c:	08f0d180 	.word	0x08f0d180
10001d50:	02dc6c00 	.word	0x02dc6c00
10001d54:	431bde83 	.word	0x431bde83

10001d58 <generic_save_state>:
10001d58:	b086      	sub	sp, #24
10001d5a:	b403      	push	{r0, r1}
10001d5c:	fc51 0408 	dcp_pxmd r0, r1
10001d60:	e9cd 0102 	strd	r0, r1, [sp, #8]
10001d64:	fc51 0409 	dcp_pymd r0, r1
10001d68:	e9cd 0104 	strd	r0, r1, [sp, #16]
10001d6c:	ec51 040a 	dcp_refd r0, r1
10001d70:	e9cd 0106 	strd	r0, r1, [sp, #24]
10001d74:	bc03      	pop	{r0, r1}
10001d76:	47f0      	blx	lr

10001d78 <generic_restore_state>:
10001d78:	e8bd 5000 	ldmia.w	sp!, {ip, lr}
10001d7c:	ec4e c400 	dcp_wxmd ip, lr
10001d80:	e8bd 5000 	ldmia.w	sp!, {ip, lr}
10001d84:	ec4e c401 	dcp_wymd ip, lr
10001d88:	e8bd 5000 	ldmia.w	sp!, {ip, lr}
10001d8c:	ec4e c402 	dcp_wefd ip, lr
10001d90:	bd00      	pop	{pc}
10001d92:	0000      	movs	r0, r0
10001d94:	b500      	push	{lr}
10001d96:	f7ff ffdf 	bl	10001d58 <generic_save_state>
10001d9a:	e002      	b.n	10001da2 <__wrap___aeabi_dadd+0x6>

10001d9c <__wrap___aeabi_dadd>:
10001d9c:	fe10 f430 	dcp_pcmp APSR_nzcv
10001da0:	d4f8      	bmi.n	10001d94 <generic_restore_state+0x1c>
10001da2:	ec41 0410 	dcp_wxup r0, r1
10001da6:	ec43 2411 	dcp_wyup r2, r3
10001daa:	ee00 0401 			dcp_add0
10001dae:	ee10 0401 			dcp_add1
10001db2:	ee80 0420 			dcp_nrdd
10001db6:	ec51 0410 	dcp_rdda r0, r1
10001dba:	4770      	bx	lr
10001dbc:	b500      	push	{lr}
10001dbe:	f7ff ffcb 	bl	10001d58 <generic_save_state>
10001dc2:	e002      	b.n	10001dca <__wrap___aeabi_dsub+0x6>

10001dc4 <__wrap___aeabi_dsub>:
10001dc4:	fe10 f430 	dcp_pcmp APSR_nzcv
10001dc8:	d4f8      	bmi.n	10001dbc <__wrap___aeabi_dadd+0x20>
10001dca:	ec41 0410 	dcp_wxup r0, r1
10001dce:	ec43 2411 	dcp_wyup r2, r3
10001dd2:	ee00 0401 			dcp_add0
10001dd6:	ee10 0421 			dcp_sub1
10001dda:	ee80 0420 			dcp_nrdd
10001dde:	ec51 0430 	dcp_rdds r0, r1
10001de2:	4770      	bx	lr
10001de4:	b500      	push	{lr}
10001de6:	f7ff ffb7 	bl	10001d58 <generic_save_state>
10001dea:	e002      	b.n	10001df2 <__wrap___aeabi_dmul+0x6>

10001dec <__wrap___aeabi_dmul>:
10001dec:	fe10 f430 	dcp_pcmp APSR_nzcv
10001df0:	d4f8      	bmi.n	10001de4 <__wrap___aeabi_dsub+0x20>
10001df2:	b510      	push	{r4, lr}
10001df4:	ec41 0410 	dcp_wxup r0, r1
10001df8:	ec43 2411 	dcp_wyup r2, r3
10001dfc:	ec51 0404 	dcp_rxms r0, r1, #0x0
10001e00:	ec53 2405 	dcp_ryms r2, r3, #0x0
10001e04:	fba0 4c02 	umull	r4, ip, r0, r2
10001e08:	f05f 0e00 	movs.w	lr, #0
10001e0c:	fbe0 ce03 	umlal	ip, lr, r0, r3
10001e10:	fbe1 ce02 	umlal	ip, lr, r1, r2
10001e14:	ec4c 4420 	dcp_wxms r4, ip
10001e18:	2400      	movs	r4, #0
10001e1a:	fbe1 e403 	umlal	lr, r4, r1, r3
10001e1e:	ec44 e430 	dcp_wxmo lr, r4
10001e22:	ee80 0420 			dcp_nrdd
10001e26:	ec51 0450 	dcp_rddm r0, r1
10001e2a:	e8bd 4010 	ldmia.w	sp!, {r4, lr}
10001e2e:	4770      	bx	lr
10001e30:	b500      	push	{lr}
10001e32:	f7ff ff91 	bl	10001d58 <generic_save_state>
10001e36:	e002      	b.n	10001e3e <__wrap___aeabi_ddiv+0x6>

10001e38 <__wrap___aeabi_ddiv>:
10001e38:	fe10 f430 	dcp_pcmp APSR_nzcv
10001e3c:	d4f8      	bmi.n	10001e30 <__wrap___aeabi_dmul+0x44>
10001e3e:	ec41 0410 	dcp_wxup r0, r1
10001e42:	ec43 2411 	dcp_wyup r2, r3
10001e46:	ec51 0421 	dcp_rymr r0, r1
10001e4a:	fba0 1201 	umull	r1, r2, r0, r1
10001e4e:	ea6f 0282 	mvn.w	r2, r2, lsl #2
10001e52:	fb52 0010 	smmlar	r0, r2, r0, r0
10001e56:	fb52 f212 	smmulr	r2, r2, r2
10001e5a:	fb52 0010 	smmlar	r0, r2, r0, r0
10001e5e:	eba0 7cd0 	sub.w	ip, r0, r0, lsr #31
10001e62:	ec53 2404 	dcp_rxms r2, r3, #0x0
10001e66:	fb5c f113 	smmulr	r1, ip, r3
10001e6a:	ec53 2415 	dcp_ryms r2, r3, #0x1
10001e6e:	fba1 2002 	umull	r2, r0, r1, r2
10001e72:	fb01 0003 	mla	r0, r1, r3, r0
10001e76:	ec53 2444 	dcp_rxms r2, r3, #0x4
10001e7a:	eba2 0000 	sub.w	r0, r2, r0
10001e7e:	fb50 f21c 	smmulr	r2, r0, ip
10001e82:	ea4f 1311 	mov.w	r3, r1, lsr #4
10001e86:	eb12 7001 	adds.w	r0, r2, r1, lsl #28
10001e8a:	eb43 71e2 	adc.w	r1, r3, r2, asr #31
10001e8e:	ea40 5051 	orr.w	r0, r0, r1, lsr #21
10001e92:	ea20 5091 	bic.w	r0, r0, r1, lsr #22
10001e96:	f020 0007 	bic.w	r0, r0, #7
10001e9a:	ec53 2475 	dcp_ryms r2, r3, #0x7
10001e9e:	fba0 3c02 	umull	r3, ip, r0, r2
10001ea2:	ec53 2475 	dcp_ryms r2, r3, #0x7
10001ea6:	fb00 cc03 	mla	ip, r0, r3, ip
10001eaa:	fb01 cc02 	mla	ip, r1, r2, ip
10001eae:	ec53 2404 	dcp_rxms r2, r3, #0x0
10001eb2:	ebac 4c82 	sub.w	ip, ip, r2, lsl #18
10001eb6:	ea40 705c 	orr.w	r0, r0, ip, lsr #29
10001eba:	f1a0 0001 	sub.w	r0, r0, #1
10001ebe:	ec41 0440 	dcp_wxdd r0, r1
10001ec2:	ee80 0420 			dcp_nrdd
10001ec6:	ec51 0470 	dcp_rddd r0, r1
10001eca:	4770      	bx	lr
10001ecc:	b500      	push	{lr}
10001ece:	f7ff ff43 	bl	10001d58 <generic_save_state>
10001ed2:	e002      	b.n	10001eda <__wrap___aeabi_d2f+0x6>

10001ed4 <__wrap___aeabi_d2f>:
10001ed4:	fe10 f430 	dcp_pcmp APSR_nzcv
10001ed8:	d4f8      	bmi.n	10001ecc <__wrap___aeabi_ddiv+0x94>
10001eda:	ec41 0410 	dcp_wxup r0, r1
10001ede:	ee80 0422 			dcp_nrdf
10001ee2:	ee10 04b2 			dcp_rdfg r0
10001ee6:	4770      	bx	lr
10001ee8:	b500      	push	{lr}
10001eea:	f7ff ff35 	bl	10001d58 <generic_save_state>
10001eee:	e002      	b.n	10001ef6 <__wrap___aeabi_i2d+0x6>

10001ef0 <__wrap___aeabi_i2d>:
10001ef0:	fe10 f430 	dcp_pcmp APSR_nzcv
10001ef4:	d4f8      	bmi.n	10001ee8 <__wrap___aeabi_d2f+0x14>
10001ef6:	ec40 0470 	dcp_wxic r0, r0
10001efa:	ee00 0401 			dcp_add0
10001efe:	ee10 0421 			dcp_sub1
10001f02:	ee80 0420 			dcp_nrdd
10001f06:	ec51 0430 	dcp_rdds r0, r1
10001f0a:	4770      	bx	lr
10001f0c:	b500      	push	{lr}
10001f0e:	f7ff ff23 	bl	10001d58 <generic_save_state>
10001f12:	e002      	b.n	10001f1a <__wrap___aeabi_ui2d+0x6>

10001f14 <__wrap___aeabi_ui2d>:
10001f14:	fe10 f430 	dcp_pcmp APSR_nzcv
10001f18:	d4f8      	bmi.n	10001f0c <__wrap___aeabi_i2d+0x1c>
10001f1a:	ec40 0460 	dcp_wxuc r0, r0
10001f1e:	ee00 0401 			dcp_add0
10001f22:	ee10 0421 			dcp_sub1
10001f26:	ee80 0420 			dcp_nrdd
10001f2a:	ec51 0430 	dcp_rdds r0, r1
10001f2e:	4770      	bx	lr
10001f30:	b500      	push	{lr}
10001f32:	f7ff ff11 	bl	10001d58 <generic_save_state>
10001f36:	e002      	b.n	10001f3e <double2int_z_entry>

10001f38 <__wrap___aeabi_d2iz>:
10001f38:	fe10 f430 	dcp_pcmp APSR_nzcv
10001f3c:	d4f8      	bmi.n	10001f30 <__wrap___aeabi_ui2d+0x1c>

10001f3e <double2int_z_entry>:
10001f3e:	ec41 0480 	dcp_wxdc r0, r1
10001f42:	ee00 0401 			dcp_add0
10001f46:	ee10 0401 			dcp_add1
10001f4a:	ee80 0440 			dcp_ntdc
10001f4e:	ee10 0413 			dcp_rdic r0
10001f52:	4770      	bx	lr
10001f54:	b500      	push	{lr}
10001f56:	f7ff feff 	bl	10001d58 <generic_save_state>
10001f5a:	e002      	b.n	10001f62 <double2uint_z_entry>

10001f5c <__wrap___aeabi_d2uiz>:
10001f5c:	fe10 f430 	dcp_pcmp APSR_nzcv
10001f60:	d4f8      	bmi.n	10001f54 <double2int_z_entry+0x16>

10001f62 <double2uint_z_entry>:
10001f62:	ec41 0480 	dcp_wxdc r0, r1
10001f66:	ee00 0401 			dcp_add0
10001f6a:	ee10 0401 			dcp_add1
10001f6e:	ee80 0440 			dcp_ntdc
10001f72:	ee10 0433 			dcp_rduc r0
10001f76:	4770      	bx	lr
10001f78:	b500      	push	{lr}
10001f7a:	f7ff feed 	bl	10001d58 <generic_save_state>
10001f7e:	e002      	b.n	10001f86 <__wrap___aeabi_dcmpun+0x6>

10001f80 <__wrap___aeabi_dcmpun>:
10001f80:	fe10 f430 	dcp_pcmp APSR_nzcv
10001f84:	d4f8      	bmi.n	10001f78 <double2uint_z_entry+0x16>
10001f86:	ec41 0410 	dcp_wxup r0, r1
10001f8a:	ec43 2411 	dcp_wyup r2, r3
10001f8e:	ee00 0401 			dcp_add0
10001f92:	ee10 0430 			dcp_rcmp r0
10001f96:	f3c0 7000 	ubfx	r0, r0, #28, #1
10001f9a:	4770      	bx	lr
10001f9c:	b500      	push	{lr}
10001f9e:	f7ff fedb 	bl	10001d58 <generic_save_state>
10001fa2:	e002      	b.n	10001faa <__wrap___aeabi_dcmplt+0x6>

10001fa4 <__wrap___aeabi_dcmplt>:
10001fa4:	fe10 f430 	dcp_pcmp APSR_nzcv
10001fa8:	d4f8      	bmi.n	10001f9c <__wrap___aeabi_dcmpun+0x1c>
10001faa:	ec43 2410 	dcp_wxup r2, r3
10001fae:	ec41 0411 	dcp_wyup r0, r1
10001fb2:	ee00 0401 			dcp_add0
10001fb6:	ee10 f430 			dcp_rcmp APSR_nzcv
10001fba:	bf8c      	ite	hi
10001fbc:	2001      	movhi	r0, #1
10001fbe:	2000      	movls	r0, #0
10001fc0:	4770      	bx	lr
10001fc2:	bf00      	nop
10001fc4:	b500      	push	{lr}
10001fc6:	f7ff fec7 	bl	10001d58 <generic_save_state>
10001fca:	e002      	b.n	10001fd2 <__wrap___aeabi_dcmple+0x6>

10001fcc <__wrap___aeabi_dcmple>:
10001fcc:	fe10 f430 	dcp_pcmp APSR_nzcv
10001fd0:	d4f8      	bmi.n	10001fc4 <__wrap___aeabi_dcmplt+0x20>
10001fd2:	ec43 2410 	dcp_wxup r2, r3
10001fd6:	ec41 0411 	dcp_wyup r0, r1
10001fda:	ee00 0401 			dcp_add0
10001fde:	ee10 f430 			dcp_rcmp APSR_nzcv
10001fe2:	bf2c      	ite	cs
10001fe4:	2001      	movcs	r0, #1
10001fe6:	2000      	movcc	r0, #0
10001fe8:	4770      	bx	lr
10001fea:	bf00      	nop
10001fec:	b500      	push	{lr}
10001fee:	f7ff feb3 	bl	10001d58 <generic_save_state>
10001ff2:	e002      	b.n	10001ffa <__wrap___aeabi_dcmpge+0x6>

10001ff4 <__wrap___aeabi_dcmpge>:
10001ff4:	fe10 f430 	dcp_pcmp APSR_nzcv
10001ff8:	d4f8      	bmi.n	10001fec <__wrap___aeabi_dcmple+0x20>
10001ffa:	ec41 0410 	dcp_wxup r0, r1
10001ffe:	ec43 2411 	dcp_wyup r2, r3
10002002:	ee00 0401 			dcp_add0
10002006:	ee10 f430 			dcp_rcmp APSR_nzcv
1000200a:	bf2c      	ite	cs
1000200c:	2001      	movcs	r0, #1
1000200e:	2000      	movcc	r0, #0
10002010:	4770      	bx	lr
10002012:	bf00      	nop
10002014:	b500      	push	{lr}
10002016:	f7ff fe9f 	bl	10001d58 <generic_save_state>
1000201a:	e002      	b.n	10002022 <__wrap___aeabi_dcmpgt+0x6>

1000201c <__wrap___aeabi_dcmpgt>:
1000201c:	fe10 f430 	dcp_pcmp APSR_nzcv
10002020:	d4f8      	bmi.n	10002014 <__wrap___aeabi_dcmpge+0x20>
10002022:	ec41 0410 	dcp_wxup r0, r1
10002026:	ec43 2411 	dcp_wyup r2, r3
1000202a:	ee00 0401 			dcp_add0
1000202e:	ee10 f430 			dcp_rcmp APSR_nzcv
10002032:	bf8c      	ite	hi
10002034:	2001      	movhi	r0, #1
10002036:	2000      	movls	r0, #0
10002038:	4770      	bx	lr
1000203a:	bf00      	nop

1000203c <_out_buffer>:
1000203c:	429a      	cmp	r2, r3
1000203e:	bf38      	it	cc
10002040:	5488      	strbcc	r0, [r1, r2]
10002042:	4770      	bx	lr

10002044 <_out_null>:
10002044:	4770      	bx	lr
10002046:	bf00      	nop

10002048 <_out_rev>:
10002048:	e92d 4ff0 	stmdb	sp!, {r4, r5, r6, r7, r8, r9, sl, fp, lr}
1000204c:	b083      	sub	sp, #12
1000204e:	4699      	mov	r9, r3
10002050:	e9dd ab0d 	ldrd	sl, fp, [sp, #52]	@ 0x34
10002054:	9b0f      	ldr	r3, [sp, #60]	@ 0x3c
10002056:	4688      	mov	r8, r1
10002058:	4611      	mov	r1, r2
1000205a:	079a      	lsls	r2, r3, #30
1000205c:	4607      	mov	r7, r0
1000205e:	d116      	bne.n	1000208e <_out_rev+0x46>
10002060:	45da      	cmp	sl, fp
10002062:	d23a      	bcs.n	100020da <_out_rev+0x92>
10002064:	460c      	mov	r4, r1
10002066:	460d      	mov	r5, r1
10002068:	ebab 060a 	sub.w	r6, fp, sl
1000206c:	440e      	add	r6, r1
1000206e:	4622      	mov	r2, r4
10002070:	464b      	mov	r3, r9
10002072:	4641      	mov	r1, r8
10002074:	2020      	movs	r0, #32
10002076:	3401      	adds	r4, #1
10002078:	47b8      	blx	r7
1000207a:	42b4      	cmp	r4, r6
1000207c:	d1f7      	bne.n	1000206e <_out_rev+0x26>
1000207e:	4629      	mov	r1, r5
10002080:	f1ba 0f00 	cmp.w	sl, #0
10002084:	d108      	bne.n	10002098 <_out_rev+0x50>
10002086:	4620      	mov	r0, r4
10002088:	b003      	add	sp, #12
1000208a:	e8bd 8ff0 	ldmia.w	sp!, {r4, r5, r6, r7, r8, r9, sl, fp, pc}
1000208e:	460c      	mov	r4, r1
10002090:	f1ba 0f00 	cmp.w	sl, #0
10002094:	d010      	beq.n	100020b8 <_out_rev+0x70>
10002096:	460e      	mov	r6, r1
10002098:	4655      	mov	r5, sl
1000209a:	9b0c      	ldr	r3, [sp, #48]	@ 0x30
1000209c:	442e      	add	r6, r5
1000209e:	449a      	add	sl, r3
100020a0:	9101      	str	r1, [sp, #4]
100020a2:	1b72      	subs	r2, r6, r5
100020a4:	464b      	mov	r3, r9
100020a6:	3d01      	subs	r5, #1
100020a8:	4641      	mov	r1, r8
100020aa:	f81a 0d01 	ldrb.w	r0, [sl, #-1]!
100020ae:	4634      	mov	r4, r6
100020b0:	47b8      	blx	r7
100020b2:	2d00      	cmp	r5, #0
100020b4:	d1f5      	bne.n	100020a2 <_out_rev+0x5a>
100020b6:	9901      	ldr	r1, [sp, #4]
100020b8:	9b0f      	ldr	r3, [sp, #60]	@ 0x3c
100020ba:	079b      	lsls	r3, r3, #30
100020bc:	d5e3      	bpl.n	10002086 <_out_rev+0x3e>
100020be:	1a65      	subs	r5, r4, r1
100020c0:	45ab      	cmp	fp, r5
100020c2:	d9e0      	bls.n	10002086 <_out_rev+0x3e>
100020c4:	4622      	mov	r2, r4
100020c6:	464b      	mov	r3, r9
100020c8:	4641      	mov	r1, r8
100020ca:	2020      	movs	r0, #32
100020cc:	3501      	adds	r5, #1
100020ce:	47b8      	blx	r7
100020d0:	455d      	cmp	r5, fp
100020d2:	f104 0401 	add.w	r4, r4, #1
100020d6:	d3f5      	bcc.n	100020c4 <_out_rev+0x7c>
100020d8:	e7d5      	b.n	10002086 <_out_rev+0x3e>
100020da:	460c      	mov	r4, r1
100020dc:	f1ba 0f00 	cmp.w	sl, #0
100020e0:	d1d9      	bne.n	10002096 <_out_rev+0x4e>
100020e2:	e7d0      	b.n	10002086 <_out_rev+0x3e>

100020e4 <_ntoa_format>:
100020e4:	e92d 4ff0 	stmdb	sp!, {r4, r5, r6, r7, r8, r9, sl, fp, lr}
100020e8:	9f0f      	ldr	r7, [sp, #60]	@ 0x3c
100020ea:	f8dd 8024 	ldr.w	r8, [sp, #36]	@ 0x24
100020ee:	f017 0f02 	tst.w	r7, #2
100020f2:	9c0a      	ldr	r4, [sp, #40]	@ 0x28
100020f4:	f89d a02c 	ldrb.w	sl, [sp, #44]	@ 0x2c
100020f8:	9d0e      	ldr	r5, [sp, #56]	@ 0x38
100020fa:	e9dd 960c 	ldrd	r9, r6, [sp, #48]	@ 0x30
100020fe:	d144      	bne.n	1000218a <_ntoa_format+0xa6>
10002100:	bbf5      	cbnz	r5, 10002180 <_ntoa_format+0x9c>
10002102:	42b4      	cmp	r4, r6
10002104:	d241      	bcs.n	1000218a <_ntoa_format+0xa6>
10002106:	f007 0b01 	and.w	fp, r7, #1
1000210a:	f104 3cff 	add.w	ip, r4, #4294967295	@ 0xffffffff
1000210e:	f04f 0e30 	mov.w	lr, #48	@ 0x30
10002112:	44c4      	add	ip, r8
10002114:	e004      	b.n	10002120 <_ntoa_format+0x3c>
10002116:	3401      	adds	r4, #1
10002118:	42a6      	cmp	r6, r4
1000211a:	f80c ef01 	strb.w	lr, [ip, #1]!
1000211e:	d901      	bls.n	10002124 <_ntoa_format+0x40>
10002120:	2c20      	cmp	r4, #32
10002122:	d1f8      	bne.n	10002116 <_ntoa_format+0x32>
10002124:	f1bb 0f00 	cmp.w	fp, #0
10002128:	f000 8088 	beq.w	1000223c <_ntoa_format+0x158>
1000212c:	42a5      	cmp	r5, r4
1000212e:	d92c      	bls.n	1000218a <_ntoa_format+0xa6>
10002130:	f104 3cff 	add.w	ip, r4, #4294967295	@ 0xffffffff
10002134:	f04f 0e30 	mov.w	lr, #48	@ 0x30
10002138:	44c4      	add	ip, r8
1000213a:	e004      	b.n	10002146 <_ntoa_format+0x62>
1000213c:	3401      	adds	r4, #1
1000213e:	42ac      	cmp	r4, r5
10002140:	f80c ef01 	strb.w	lr, [ip, #1]!
10002144:	d021      	beq.n	1000218a <_ntoa_format+0xa6>
10002146:	2c20      	cmp	r4, #32
10002148:	d1f8      	bne.n	1000213c <_ntoa_format+0x58>
1000214a:	f017 0f10 	tst.w	r7, #16
1000214e:	d00e      	beq.n	1000216e <_ntoa_format+0x8a>
10002150:	f417 6f80 	tst.w	r7, #1024	@ 0x400
10002154:	d154      	bne.n	10002200 <_ntoa_format+0x11c>
10002156:	42a6      	cmp	r6, r4
10002158:	d063      	beq.n	10002222 <_ntoa_format+0x13e>
1000215a:	42a5      	cmp	r5, r4
1000215c:	d061      	beq.n	10002222 <_ntoa_format+0x13e>
1000215e:	f1b9 0f10 	cmp.w	r9, #16
10002162:	d050      	beq.n	10002206 <_ntoa_format+0x122>
10002164:	f1b9 0f02 	cmp.w	r9, #2
10002168:	d056      	beq.n	10002218 <_ntoa_format+0x134>
1000216a:	2c20      	cmp	r4, #32
1000216c:	d129      	bne.n	100021c2 <_ntoa_format+0xde>
1000216e:	2420      	movs	r4, #32
10002170:	e9cd 570b 	strd	r5, r7, [sp, #44]	@ 0x2c
10002174:	e9cd 8409 	strd	r8, r4, [sp, #36]	@ 0x24
10002178:	e8bd 4ff0 	ldmia.w	sp!, {r4, r5, r6, r7, r8, r9, sl, fp, lr}
1000217c:	f7ff bf64 	b.w	10002048 <_out_rev>
10002180:	f017 0b01 	ands.w	fp, r7, #1
10002184:	d134      	bne.n	100021f0 <_ntoa_format+0x10c>
10002186:	42b4      	cmp	r4, r6
10002188:	d3bf      	bcc.n	1000210a <_ntoa_format+0x26>
1000218a:	f017 0f10 	tst.w	r7, #16
1000218e:	d01e      	beq.n	100021ce <_ntoa_format+0xea>
10002190:	f417 6f80 	tst.w	r7, #1024	@ 0x400
10002194:	d1e3      	bne.n	1000215e <_ntoa_format+0x7a>
10002196:	2c00      	cmp	r4, #0
10002198:	d1dd      	bne.n	10002156 <_ntoa_format+0x72>
1000219a:	f1b9 0f10 	cmp.w	r9, #16
1000219e:	d063      	beq.n	10002268 <_ntoa_format+0x184>
100021a0:	f1b9 0f02 	cmp.w	r9, #2
100021a4:	d077      	beq.n	10002296 <_ntoa_format+0x1b2>
100021a6:	2430      	movs	r4, #48	@ 0x30
100021a8:	f888 4000 	strb.w	r4, [r8]
100021ac:	2401      	movs	r4, #1
100021ae:	f1ba 0f00 	cmp.w	sl, #0
100021b2:	d111      	bne.n	100021d8 <_ntoa_format+0xf4>
100021b4:	077e      	lsls	r6, r7, #29
100021b6:	d548      	bpl.n	1000224a <_ntoa_format+0x166>
100021b8:	262b      	movs	r6, #43	@ 0x2b
100021ba:	f808 6004 	strb.w	r6, [r8, r4]
100021be:	3401      	adds	r4, #1
100021c0:	e7d6      	b.n	10002170 <_ntoa_format+0x8c>
100021c2:	4626      	mov	r6, r4
100021c4:	3401      	adds	r4, #1
100021c6:	f04f 0c30 	mov.w	ip, #48	@ 0x30
100021ca:	f808 c006 	strb.w	ip, [r8, r6]
100021ce:	2c20      	cmp	r4, #32
100021d0:	d0cd      	beq.n	1000216e <_ntoa_format+0x8a>
100021d2:	f1ba 0f00 	cmp.w	sl, #0
100021d6:	d0ed      	beq.n	100021b4 <_ntoa_format+0xd0>
100021d8:	262d      	movs	r6, #45	@ 0x2d
100021da:	f808 6004 	strb.w	r6, [r8, r4]
100021de:	3401      	adds	r4, #1
100021e0:	e9cd 570b 	strd	r5, r7, [sp, #44]	@ 0x2c
100021e4:	e9cd 8409 	strd	r8, r4, [sp, #36]	@ 0x24
100021e8:	e8bd 4ff0 	ldmia.w	sp!, {r4, r5, r6, r7, r8, r9, sl, fp, lr}
100021ec:	f7ff bf2c 	b.w	10002048 <_out_rev>
100021f0:	f1ba 0f00 	cmp.w	sl, #0
100021f4:	d030      	beq.n	10002258 <_ntoa_format+0x174>
100021f6:	42b4      	cmp	r4, r6
100021f8:	f105 35ff 	add.w	r5, r5, #4294967295	@ 0xffffffff
100021fc:	d385      	bcc.n	1000210a <_ntoa_format+0x26>
100021fe:	e795      	b.n	1000212c <_ntoa_format+0x48>
10002200:	f1b9 0f10 	cmp.w	r9, #16
10002204:	d1b3      	bne.n	1000216e <_ntoa_format+0x8a>
10002206:	06be      	lsls	r6, r7, #26
10002208:	d53b      	bpl.n	10002282 <_ntoa_format+0x19e>
1000220a:	2c20      	cmp	r4, #32
1000220c:	d0af      	beq.n	1000216e <_ntoa_format+0x8a>
1000220e:	2658      	movs	r6, #88	@ 0x58
10002210:	f808 6004 	strb.w	r6, [r8, r4]
10002214:	3401      	adds	r4, #1
10002216:	e7a8      	b.n	1000216a <_ntoa_format+0x86>
10002218:	2c20      	cmp	r4, #32
1000221a:	d0a8      	beq.n	1000216e <_ntoa_format+0x8a>
1000221c:	4626      	mov	r6, r4
1000221e:	3401      	adds	r4, #1
10002220:	e007      	b.n	10002232 <_ntoa_format+0x14e>
10002222:	1e66      	subs	r6, r4, #1
10002224:	d0b9      	beq.n	1000219a <_ntoa_format+0xb6>
10002226:	f1b9 0f10 	cmp.w	r9, #16
1000222a:	d036      	beq.n	1000229a <_ntoa_format+0x1b6>
1000222c:	f1b9 0f02 	cmp.w	r9, #2
10002230:	d1c9      	bne.n	100021c6 <_ntoa_format+0xe2>
10002232:	f04f 0c62 	mov.w	ip, #98	@ 0x62
10002236:	f808 c006 	strb.w	ip, [r8, r6]
1000223a:	e796      	b.n	1000216a <_ntoa_format+0x86>
1000223c:	f017 0f10 	tst.w	r7, #16
10002240:	d0c5      	beq.n	100021ce <_ntoa_format+0xea>
10002242:	f417 6f80 	tst.w	r7, #1024	@ 0x400
10002246:	d086      	beq.n	10002156 <_ntoa_format+0x72>
10002248:	e789      	b.n	1000215e <_ntoa_format+0x7a>
1000224a:	073e      	lsls	r6, r7, #28
1000224c:	d590      	bpl.n	10002170 <_ntoa_format+0x8c>
1000224e:	2620      	movs	r6, #32
10002250:	f808 6004 	strb.w	r6, [r8, r4]
10002254:	3401      	adds	r4, #1
10002256:	e78b      	b.n	10002170 <_ntoa_format+0x8c>
10002258:	f017 0f0c 	tst.w	r7, #12
1000225c:	d000      	beq.n	10002260 <_ntoa_format+0x17c>
1000225e:	3d01      	subs	r5, #1
10002260:	42b4      	cmp	r4, r6
10002262:	f4ff af52 	bcc.w	1000210a <_ntoa_format+0x26>
10002266:	e761      	b.n	1000212c <_ntoa_format+0x48>
10002268:	06bc      	lsls	r4, r7, #26
1000226a:	d412      	bmi.n	10002292 <_ntoa_format+0x1ae>
1000226c:	2478      	movs	r4, #120	@ 0x78
1000226e:	f888 4000 	strb.w	r4, [r8]
10002272:	2430      	movs	r4, #48	@ 0x30
10002274:	f888 4001 	strb.w	r4, [r8, #1]
10002278:	2402      	movs	r4, #2
1000227a:	f1ba 0f00 	cmp.w	sl, #0
1000227e:	d099      	beq.n	100021b4 <_ntoa_format+0xd0>
10002280:	e7aa      	b.n	100021d8 <_ntoa_format+0xf4>
10002282:	2c20      	cmp	r4, #32
10002284:	f43f af73 	beq.w	1000216e <_ntoa_format+0x8a>
10002288:	2678      	movs	r6, #120	@ 0x78
1000228a:	f808 6004 	strb.w	r6, [r8, r4]
1000228e:	3401      	adds	r4, #1
10002290:	e76b      	b.n	1000216a <_ntoa_format+0x86>
10002292:	2458      	movs	r4, #88	@ 0x58
10002294:	e7eb      	b.n	1000226e <_ntoa_format+0x18a>
10002296:	2462      	movs	r4, #98	@ 0x62
10002298:	e7e9      	b.n	1000226e <_ntoa_format+0x18a>
1000229a:	f017 0f20 	tst.w	r7, #32
1000229e:	f1a4 0c02 	sub.w	ip, r4, #2
100022a2:	d004      	beq.n	100022ae <_ntoa_format+0x1ca>
100022a4:	f04f 0e58 	mov.w	lr, #88	@ 0x58
100022a8:	f808 e00c 	strb.w	lr, [r8, ip]
100022ac:	e78b      	b.n	100021c6 <_ntoa_format+0xe2>
100022ae:	f04f 0e78 	mov.w	lr, #120	@ 0x78
100022b2:	f808 e00c 	strb.w	lr, [r8, ip]
100022b6:	e786      	b.n	100021c6 <_ntoa_format+0xe2>

100022b8 <_out_char>:
100022b8:	b900      	cbnz	r0, 100022bc <_out_char+0x4>
100022ba:	4770      	bx	lr
100022bc:	f001 bb86 	b.w	100039cc <__wrap_putchar>

100022c0 <_out_fct>:
100022c0:	b110      	cbz	r0, 100022c8 <_out_fct+0x8>
100022c2:	e9d1 3100 	ldrd	r3, r1, [r1]
100022c6:	4718      	bx	r3
100022c8:	4770      	bx	lr
100022ca:	bf00      	nop
100022cc:	0000      	movs	r0, r0
	...

100022d0 <_ftoa>:
100022d0:	e92d 4ff0 	stmdb	sp!, {r4, r5, r6, r7, r8, r9, sl, fp, lr}
100022d4:	b097      	sub	sp, #92	@ 0x5c
100022d6:	ed9d 7b20 	vldr	d7, [sp, #128]	@ 0x80
100022da:	e9dd 5b22 	ldrd	r5, fp, [sp, #136]	@ 0x88
100022de:	4607      	mov	r7, r0
100022e0:	4688      	mov	r8, r1
100022e2:	ec51 0b17 	vmov	r0, r1, d7
100022e6:	9c24      	ldr	r4, [sp, #144]	@ 0x90
100022e8:	4699      	mov	r9, r3
100022ea:	920c      	str	r2, [sp, #48]	@ 0x30
100022ec:	460b      	mov	r3, r1
100022ee:	4602      	mov	r2, r0
100022f0:	ed8d 7b04 	vstr	d7, [sp, #16]
100022f4:	9407      	str	r4, [sp, #28]
100022f6:	f7ff fe43 	bl	10001f80 <__wrap___aeabi_dcmpun>
100022fa:	2800      	cmp	r0, #0
100022fc:	f040 81f4 	bne.w	100026e8 <_ftoa+0x418>
10002300:	e9dd 0104 	ldrd	r0, r1, [sp, #16]
10002304:	f04f 32ff 	mov.w	r2, #4294967295	@ 0xffffffff
10002308:	f46f 1380 	mvn.w	r3, #1048576	@ 0x100000
1000230c:	f7ff fe4a 	bl	10001fa4 <__wrap___aeabi_dcmplt>
10002310:	2800      	cmp	r0, #0
10002312:	f040 811b 	bne.w	1000254c <_ftoa+0x27c>
10002316:	e9dd 0104 	ldrd	r0, r1, [sp, #16]
1000231a:	f04f 32ff 	mov.w	r2, #4294967295	@ 0xffffffff
1000231e:	4bac      	ldr	r3, [pc, #688]	@ (100025d0 <_ftoa+0x300>)
10002320:	f7ff fe7c 	bl	1000201c <__wrap___aeabi_dcmpgt>
10002324:	2800      	cmp	r0, #0
10002326:	f040 80ee 	bne.w	10002506 <_ftoa+0x236>
1000232a:	e9dd 0104 	ldrd	r0, r1, [sp, #16]
1000232e:	a3a4      	add	r3, pc, #656	@ (adr r3, 100025c0 <_ftoa+0x2f0>)
10002330:	e9d3 2300 	ldrd	r2, r3, [r3]
10002334:	f7ff fe72 	bl	1000201c <__wrap___aeabi_dcmpgt>
10002338:	2800      	cmp	r0, #0
1000233a:	f040 80d3 	bne.w	100024e4 <_ftoa+0x214>
1000233e:	e9dd 0104 	ldrd	r0, r1, [sp, #16]
10002342:	a3a1      	add	r3, pc, #644	@ (adr r3, 100025c8 <_ftoa+0x2f8>)
10002344:	e9d3 2300 	ldrd	r2, r3, [r3]
10002348:	f7ff fe2c 	bl	10001fa4 <__wrap___aeabi_dcmplt>
1000234c:	2800      	cmp	r0, #0
1000234e:	f040 80c9 	bne.w	100024e4 <_ftoa+0x214>
10002352:	e9dd 0104 	ldrd	r0, r1, [sp, #16]
10002356:	2200      	movs	r2, #0
10002358:	2300      	movs	r3, #0
1000235a:	f7ff fe23 	bl	10001fa4 <__wrap___aeabi_dcmplt>
1000235e:	2800      	cmp	r0, #0
10002360:	f040 80e8 	bne.w	10002534 <_ftoa+0x264>
10002364:	4623      	mov	r3, r4
10002366:	900d      	str	r0, [sp, #52]	@ 0x34
10002368:	f413 6f80 	tst.w	r3, #1024	@ 0x400
1000236c:	bf08      	it	eq
1000236e:	2506      	moveq	r5, #6
10002370:	2130      	movs	r1, #48	@ 0x30
10002372:	462b      	mov	r3, r5
10002374:	aa0e      	add	r2, sp, #56	@ 0x38
10002376:	f1a5 0620 	sub.w	r6, r5, #32
1000237a:	e005      	b.n	10002388 <_ftoa+0xb8>
1000237c:	3b01      	subs	r3, #1
1000237e:	42b3      	cmp	r3, r6
10002380:	f802 1b01 	strb.w	r1, [r2], #1
10002384:	f000 8193 	beq.w	100026ae <_ftoa+0x3de>
10002388:	2b09      	cmp	r3, #9
1000238a:	d8f7      	bhi.n	1000237c <_ftoa+0xac>
1000238c:	461e      	mov	r6, r3
1000238e:	1aed      	subs	r5, r5, r3
10002390:	e9dd 0104 	ldrd	r0, r1, [sp, #16]
10002394:	f7ff fdd0 	bl	10001f38 <__wrap___aeabi_d2iz>
10002398:	4b8e      	ldr	r3, [pc, #568]	@ (100025d4 <_ftoa+0x304>)
1000239a:	4604      	mov	r4, r0
1000239c:	eb03 03c6 	add.w	r3, r3, r6, lsl #3
100023a0:	ed93 7b00 	vldr	d7, [r3]
100023a4:	ed8d 7b08 	vstr	d7, [sp, #32]
100023a8:	f7ff fda2 	bl	10001ef0 <__wrap___aeabi_i2d>
100023ac:	4602      	mov	r2, r0
100023ae:	460b      	mov	r3, r1
100023b0:	e9dd 0104 	ldrd	r0, r1, [sp, #16]
100023b4:	f7ff fd06 	bl	10001dc4 <__wrap___aeabi_dsub>
100023b8:	e9dd 2308 	ldrd	r2, r3, [sp, #32]
100023bc:	f7ff fd16 	bl	10001dec <__wrap___aeabi_dmul>
100023c0:	4602      	mov	r2, r0
100023c2:	460b      	mov	r3, r1
100023c4:	e9cd 230a 	strd	r2, r3, [sp, #40]	@ 0x28
100023c8:	f7ff fdc8 	bl	10001f5c <__wrap___aeabi_d2uiz>
100023cc:	4682      	mov	sl, r0
100023ce:	f7ff fda1 	bl	10001f14 <__wrap___aeabi_ui2d>
100023d2:	4602      	mov	r2, r0
100023d4:	460b      	mov	r3, r1
100023d6:	e9dd 010a 	ldrd	r0, r1, [sp, #40]	@ 0x28
100023da:	f7ff fcf3 	bl	10001dc4 <__wrap___aeabi_dsub>
100023de:	4602      	mov	r2, r0
100023e0:	460b      	mov	r3, r1
100023e2:	e9cd 230a 	strd	r2, r3, [sp, #40]	@ 0x28
100023e6:	2200      	movs	r2, #0
100023e8:	4b7b      	ldr	r3, [pc, #492]	@ (100025d8 <_ftoa+0x308>)
100023ea:	f7ff fe17 	bl	1000201c <__wrap___aeabi_dcmpgt>
100023ee:	2800      	cmp	r0, #0
100023f0:	f000 80fe 	beq.w	100025f0 <_ftoa+0x320>
100023f4:	f10a 0a01 	add.w	sl, sl, #1
100023f8:	4650      	mov	r0, sl
100023fa:	f7ff fd8b 	bl	10001f14 <__wrap___aeabi_ui2d>
100023fe:	4602      	mov	r2, r0
10002400:	460b      	mov	r3, r1
10002402:	e9dd 0108 	ldrd	r0, r1, [sp, #32]
10002406:	f7ff fde1 	bl	10001fcc <__wrap___aeabi_dcmple>
1000240a:	b110      	cbz	r0, 10002412 <_ftoa+0x142>
1000240c:	f04f 0a00 	mov.w	sl, #0
10002410:	3401      	adds	r4, #1
10002412:	2e00      	cmp	r6, #0
10002414:	f000 80fd 	beq.w	10002612 <_ftoa+0x342>
10002418:	1e68      	subs	r0, r5, #1
1000241a:	ab0e      	add	r3, sp, #56	@ 0x38
1000241c:	f8df c1cc 	ldr.w	ip, [pc, #460]	@ 100025ec <_ftoa+0x31c>
10002420:	4418      	add	r0, r3
10002422:	e00f      	b.n	10002444 <_ftoa+0x174>
10002424:	fbac 210a 	umull	r2, r1, ip, sl
10002428:	08c9      	lsrs	r1, r1, #3
1000242a:	eb01 0281 	add.w	r2, r1, r1, lsl #2
1000242e:	ebaa 0242 	sub.w	r2, sl, r2, lsl #1
10002432:	3230      	adds	r2, #48	@ 0x30
10002434:	f1ba 0f09 	cmp.w	sl, #9
10002438:	f800 2f01 	strb.w	r2, [r0, #1]!
1000243c:	f240 811c 	bls.w	10002678 <_ftoa+0x3a8>
10002440:	468a      	mov	sl, r1
10002442:	461d      	mov	r5, r3
10002444:	2d20      	cmp	r5, #32
10002446:	f105 0301 	add.w	r3, r5, #1
1000244a:	f106 36ff 	add.w	r6, r6, #4294967295	@ 0xffffffff
1000244e:	d1e9      	bne.n	10002424 <_ftoa+0x154>
10002450:	2520      	movs	r5, #32
10002452:	1e69      	subs	r1, r5, #1
10002454:	ab0e      	add	r3, sp, #56	@ 0x38
10002456:	4861      	ldr	r0, [pc, #388]	@ (100025dc <_ftoa+0x30c>)
10002458:	4419      	add	r1, r3
1000245a:	e010      	b.n	1000247e <_ftoa+0x1ae>
1000245c:	fb80 6204 	smull	r6, r2, r0, r4
10002460:	ebc3 03a2 	rsb	r3, r3, r2, asr #2
10002464:	eb03 0283 	add.w	r2, r3, r3, lsl #2
10002468:	eba4 0442 	sub.w	r4, r4, r2, lsl #1
1000246c:	f104 0230 	add.w	r2, r4, #48	@ 0x30
10002470:	3501      	adds	r5, #1
10002472:	461c      	mov	r4, r3
10002474:	f801 2f01 	strb.w	r2, [r1, #1]!
10002478:	2b00      	cmp	r3, #0
1000247a:	f000 80eb 	beq.w	10002654 <_ftoa+0x384>
1000247e:	2d20      	cmp	r5, #32
10002480:	ea4f 73e4 	mov.w	r3, r4, asr #31
10002484:	d1ea      	bne.n	1000245c <_ftoa+0x18c>
10002486:	9b07      	ldr	r3, [sp, #28]
10002488:	f003 0303 	and.w	r3, r3, #3
1000248c:	2b01      	cmp	r3, #1
1000248e:	d118      	bne.n	100024c2 <_ftoa+0x1f2>
10002490:	f1bb 0f00 	cmp.w	fp, #0
10002494:	d015      	beq.n	100024c2 <_ftoa+0x1f2>
10002496:	9b0d      	ldr	r3, [sp, #52]	@ 0x34
10002498:	2b00      	cmp	r3, #0
1000249a:	f000 810a 	beq.w	100026b2 <_ftoa+0x3e2>
1000249e:	f10b 3bff 	add.w	fp, fp, #4294967295	@ 0xffffffff
100024a2:	f1bb 0f20 	cmp.w	fp, #32
100024a6:	d90c      	bls.n	100024c2 <_ftoa+0x1f2>
100024a8:	1e6b      	subs	r3, r5, #1
100024aa:	a90e      	add	r1, sp, #56	@ 0x38
100024ac:	2230      	movs	r2, #48	@ 0x30
100024ae:	440b      	add	r3, r1
100024b0:	e005      	b.n	100024be <_ftoa+0x1ee>
100024b2:	3501      	adds	r5, #1
100024b4:	455d      	cmp	r5, fp
100024b6:	f803 2f01 	strb.w	r2, [r3, #1]!
100024ba:	f080 80d1 	bcs.w	10002660 <_ftoa+0x390>
100024be:	2d20      	cmp	r5, #32
100024c0:	d1f7      	bne.n	100024b2 <_ftoa+0x1e2>
100024c2:	9b07      	ldr	r3, [sp, #28]
100024c4:	ac0e      	add	r4, sp, #56	@ 0x38
100024c6:	e9cd b302 	strd	fp, r3, [sp, #8]
100024ca:	4641      	mov	r1, r8
100024cc:	464b      	mov	r3, r9
100024ce:	4638      	mov	r0, r7
100024d0:	9a0c      	ldr	r2, [sp, #48]	@ 0x30
100024d2:	9501      	str	r5, [sp, #4]
100024d4:	9400      	str	r4, [sp, #0]
100024d6:	f7ff fdb7 	bl	10002048 <_out_rev>
100024da:	4682      	mov	sl, r0
100024dc:	4650      	mov	r0, sl
100024de:	b017      	add	sp, #92	@ 0x5c
100024e0:	e8bd 8ff0 	ldmia.w	sp!, {r4, r5, r6, r7, r8, r9, sl, fp, pc}
100024e4:	9b07      	ldr	r3, [sp, #28]
100024e6:	ed9d 7b04 	vldr	d7, [sp, #16]
100024ea:	e9cd b323 	strd	fp, r3, [sp, #140]	@ 0x8c
100024ee:	4641      	mov	r1, r8
100024f0:	464b      	mov	r3, r9
100024f2:	4638      	mov	r0, r7
100024f4:	9a0c      	ldr	r2, [sp, #48]	@ 0x30
100024f6:	ed8d 7b20 	vstr	d7, [sp, #128]	@ 0x80
100024fa:	9522      	str	r5, [sp, #136]	@ 0x88
100024fc:	b017      	add	sp, #92	@ 0x5c
100024fe:	e8bd 4ff0 	ldmia.w	sp!, {r4, r5, r6, r7, r8, r9, sl, fp, lr}
10002502:	f000 b945 	b.w	10002790 <_etoa>
10002506:	0761      	lsls	r1, r4, #29
10002508:	4623      	mov	r3, r4
1000250a:	bf4c      	ite	mi
1000250c:	2304      	movmi	r3, #4
1000250e:	2303      	movpl	r3, #3
10002510:	4641      	mov	r1, r8
10002512:	9321      	str	r3, [sp, #132]	@ 0x84
10002514:	4638      	mov	r0, r7
10002516:	464b      	mov	r3, r9
10002518:	9a07      	ldr	r2, [sp, #28]
1000251a:	bf48      	it	mi
1000251c:	4c30      	ldrmi	r4, [pc, #192]	@ (100025e0 <_ftoa+0x310>)
1000251e:	e9cd b222 	strd	fp, r2, [sp, #136]	@ 0x88
10002522:	bf58      	it	pl
10002524:	4c2f      	ldrpl	r4, [pc, #188]	@ (100025e4 <_ftoa+0x314>)
10002526:	9a0c      	ldr	r2, [sp, #48]	@ 0x30
10002528:	9420      	str	r4, [sp, #128]	@ 0x80
1000252a:	b017      	add	sp, #92	@ 0x5c
1000252c:	e8bd 4ff0 	ldmia.w	sp!, {r4, r5, r6, r7, r8, r9, sl, fp, lr}
10002530:	f7ff bd8a 	b.w	10002048 <_out_rev>
10002534:	e9dd 2304 	ldrd	r2, r3, [sp, #16]
10002538:	2000      	movs	r0, #0
1000253a:	2100      	movs	r1, #0
1000253c:	f7ff fc42 	bl	10001dc4 <__wrap___aeabi_dsub>
10002540:	2301      	movs	r3, #1
10002542:	e9cd 0104 	strd	r0, r1, [sp, #16]
10002546:	930d      	str	r3, [sp, #52]	@ 0x34
10002548:	4623      	mov	r3, r4
1000254a:	e70d      	b.n	10002368 <_ftoa+0x98>
1000254c:	4623      	mov	r3, r4
1000254e:	079c      	lsls	r4, r3, #30
10002550:	f040 80aa 	bne.w	100026a8 <_ftoa+0x3d8>
10002554:	f1bb 0f04 	cmp.w	fp, #4
10002558:	f240 80a6 	bls.w	100026a8 <_ftoa+0x3d8>
1000255c:	9b0c      	ldr	r3, [sp, #48]	@ 0x30
1000255e:	461d      	mov	r5, r3
10002560:	1f1c      	subs	r4, r3, #4
10002562:	eb04 0a0b 	add.w	sl, r4, fp
10002566:	462a      	mov	r2, r5
10002568:	464b      	mov	r3, r9
1000256a:	4641      	mov	r1, r8
1000256c:	2020      	movs	r0, #32
1000256e:	3501      	adds	r5, #1
10002570:	47b8      	blx	r7
10002572:	45aa      	cmp	sl, r5
10002574:	d1f7      	bne.n	10002566 <_ftoa+0x296>
10002576:	4655      	mov	r5, sl
10002578:	4c1b      	ldr	r4, [pc, #108]	@ (100025e8 <_ftoa+0x318>)
1000257a:	1f26      	subs	r6, r4, #4
1000257c:	f814 0d01 	ldrb.w	r0, [r4, #-1]!
10002580:	462a      	mov	r2, r5
10002582:	464b      	mov	r3, r9
10002584:	4641      	mov	r1, r8
10002586:	47b8      	blx	r7
10002588:	42b4      	cmp	r4, r6
1000258a:	f105 0501 	add.w	r5, r5, #1
1000258e:	d1f5      	bne.n	1000257c <_ftoa+0x2ac>
10002590:	9b07      	ldr	r3, [sp, #28]
10002592:	f10a 0a04 	add.w	sl, sl, #4
10002596:	0798      	lsls	r0, r3, #30
10002598:	d5a0      	bpl.n	100024dc <_ftoa+0x20c>
1000259a:	9c0c      	ldr	r4, [sp, #48]	@ 0x30
1000259c:	ebaa 0304 	sub.w	r3, sl, r4
100025a0:	459b      	cmp	fp, r3
100025a2:	d99b      	bls.n	100024dc <_ftoa+0x20c>
100025a4:	4652      	mov	r2, sl
100025a6:	464b      	mov	r3, r9
100025a8:	4641      	mov	r1, r8
100025aa:	2020      	movs	r0, #32
100025ac:	f10a 0a01 	add.w	sl, sl, #1
100025b0:	47b8      	blx	r7
100025b2:	ebaa 0304 	sub.w	r3, sl, r4
100025b6:	455b      	cmp	r3, fp
100025b8:	d3f4      	bcc.n	100025a4 <_ftoa+0x2d4>
100025ba:	e78f      	b.n	100024dc <_ftoa+0x20c>
100025bc:	f3af 8000 	nop.w
100025c0:	00000000 	.word	0x00000000
100025c4:	41cdcd65 	.word	0x41cdcd65
100025c8:	00000000 	.word	0x00000000
100025cc:	c1cdcd65 	.word	0xc1cdcd65
100025d0:	7fefffff 	.word	0x7fefffff
100025d4:	10006b20 	.word	0x10006b20
100025d8:	3fe00000 	.word	0x3fe00000
100025dc:	66666667 	.word	0x66666667
100025e0:	10006828 	.word	0x10006828
100025e4:	10006830 	.word	0x10006830
100025e8:	1000683c 	.word	0x1000683c
100025ec:	cccccccd 	.word	0xcccccccd
100025f0:	2200      	movs	r2, #0
100025f2:	e9dd 010a 	ldrd	r0, r1, [sp, #40]	@ 0x28
100025f6:	4b63      	ldr	r3, [pc, #396]	@ (10002784 <_ftoa+0x4b4>)
100025f8:	f7ff fcd4 	bl	10001fa4 <__wrap___aeabi_dcmplt>
100025fc:	2800      	cmp	r0, #0
100025fe:	f47f af08 	bne.w	10002412 <_ftoa+0x142>
10002602:	f1ba 0f00 	cmp.w	sl, #0
10002606:	d16a      	bne.n	100026de <_ftoa+0x40e>
10002608:	f10a 0a01 	add.w	sl, sl, #1
1000260c:	2e00      	cmp	r6, #0
1000260e:	f47f af03 	bne.w	10002418 <_ftoa+0x148>
10002612:	4620      	mov	r0, r4
10002614:	f7ff fc6c 	bl	10001ef0 <__wrap___aeabi_i2d>
10002618:	4602      	mov	r2, r0
1000261a:	460b      	mov	r3, r1
1000261c:	e9dd 0104 	ldrd	r0, r1, [sp, #16]
10002620:	f7ff fbd0 	bl	10001dc4 <__wrap___aeabi_dsub>
10002624:	4602      	mov	r2, r0
10002626:	460b      	mov	r3, r1
10002628:	e9cd 2304 	strd	r2, r3, [sp, #16]
1000262c:	2200      	movs	r2, #0
1000262e:	4b55      	ldr	r3, [pc, #340]	@ (10002784 <_ftoa+0x4b4>)
10002630:	f7ff fcb8 	bl	10001fa4 <__wrap___aeabi_dcmplt>
10002634:	2800      	cmp	r0, #0
10002636:	f47f af0c 	bne.w	10002452 <_ftoa+0x182>
1000263a:	e9dd 0104 	ldrd	r0, r1, [sp, #16]
1000263e:	2200      	movs	r2, #0
10002640:	4b50      	ldr	r3, [pc, #320]	@ (10002784 <_ftoa+0x4b4>)
10002642:	f7ff fceb 	bl	1000201c <__wrap___aeabi_dcmpgt>
10002646:	2800      	cmp	r0, #0
10002648:	f47f af03 	bne.w	10002452 <_ftoa+0x182>
1000264c:	3401      	adds	r4, #1
1000264e:	f024 0401 	bic.w	r4, r4, #1
10002652:	e6fe      	b.n	10002452 <_ftoa+0x182>
10002654:	9b07      	ldr	r3, [sp, #28]
10002656:	f003 0303 	and.w	r3, r3, #3
1000265a:	2b01      	cmp	r3, #1
1000265c:	f000 8082 	beq.w	10002764 <_ftoa+0x494>
10002660:	2d20      	cmp	r5, #32
10002662:	f43f af2e 	beq.w	100024c2 <_ftoa+0x1f2>
10002666:	9b0d      	ldr	r3, [sp, #52]	@ 0x34
10002668:	b37b      	cbz	r3, 100026ca <_ftoa+0x3fa>
1000266a:	222d      	movs	r2, #45	@ 0x2d
1000266c:	eb0d 0305 	add.w	r3, sp, r5
10002670:	f883 2038 	strb.w	r2, [r3, #56]	@ 0x38
10002674:	3501      	adds	r5, #1
10002676:	e724      	b.n	100024c2 <_ftoa+0x1f2>
10002678:	2b20      	cmp	r3, #32
1000267a:	f43f aee9 	beq.w	10002450 <_ftoa+0x180>
1000267e:	aa0e      	add	r2, sp, #56	@ 0x38
10002680:	4415      	add	r5, r2
10002682:	441e      	add	r6, r3
10002684:	2230      	movs	r2, #48	@ 0x30
10002686:	e004      	b.n	10002692 <_ftoa+0x3c2>
10002688:	2b20      	cmp	r3, #32
1000268a:	f805 2f01 	strb.w	r2, [r5, #1]!
1000268e:	f43f aedf 	beq.w	10002450 <_ftoa+0x180>
10002692:	429e      	cmp	r6, r3
10002694:	f103 0301 	add.w	r3, r3, #1
10002698:	d1f6      	bne.n	10002688 <_ftoa+0x3b8>
1000269a:	222e      	movs	r2, #46	@ 0x2e
1000269c:	eb0d 0306 	add.w	r3, sp, r6
100026a0:	f883 2038 	strb.w	r2, [r3, #56]	@ 0x38
100026a4:	1c75      	adds	r5, r6, #1
100026a6:	e6d4      	b.n	10002452 <_ftoa+0x182>
100026a8:	f8dd a030 	ldr.w	sl, [sp, #48]	@ 0x30
100026ac:	e763      	b.n	10002576 <_ftoa+0x2a6>
100026ae:	2520      	movs	r5, #32
100026b0:	e66e      	b.n	10002390 <_ftoa+0xc0>
100026b2:	9b07      	ldr	r3, [sp, #28]
100026b4:	f013 0f0c 	tst.w	r3, #12
100026b8:	d050      	beq.n	1000275c <_ftoa+0x48c>
100026ba:	f10b 3bff 	add.w	fp, fp, #4294967295	@ 0xffffffff
100026be:	45ab      	cmp	fp, r5
100026c0:	f63f aef2 	bhi.w	100024a8 <_ftoa+0x1d8>
100026c4:	2d20      	cmp	r5, #32
100026c6:	f43f aefc 	beq.w	100024c2 <_ftoa+0x1f2>
100026ca:	9b07      	ldr	r3, [sp, #28]
100026cc:	075a      	lsls	r2, r3, #29
100026ce:	d501      	bpl.n	100026d4 <_ftoa+0x404>
100026d0:	222b      	movs	r2, #43	@ 0x2b
100026d2:	e7cb      	b.n	1000266c <_ftoa+0x39c>
100026d4:	071b      	lsls	r3, r3, #28
100026d6:	f57f aef4 	bpl.w	100024c2 <_ftoa+0x1f2>
100026da:	2220      	movs	r2, #32
100026dc:	e7c6      	b.n	1000266c <_ftoa+0x39c>
100026de:	f01a 0f01 	tst.w	sl, #1
100026e2:	f43f ae96 	beq.w	10002412 <_ftoa+0x142>
100026e6:	e78f      	b.n	10002608 <_ftoa+0x338>
100026e8:	07a6      	lsls	r6, r4, #30
100026ea:	d134      	bne.n	10002756 <_ftoa+0x486>
100026ec:	f1bb 0f03 	cmp.w	fp, #3
100026f0:	d931      	bls.n	10002756 <_ftoa+0x486>
100026f2:	9b0c      	ldr	r3, [sp, #48]	@ 0x30
100026f4:	461d      	mov	r5, r3
100026f6:	1edc      	subs	r4, r3, #3
100026f8:	eb04 0a0b 	add.w	sl, r4, fp
100026fc:	462a      	mov	r2, r5
100026fe:	464b      	mov	r3, r9
10002700:	4641      	mov	r1, r8
10002702:	2020      	movs	r0, #32
10002704:	3501      	adds	r5, #1
10002706:	47b8      	blx	r7
10002708:	4555      	cmp	r5, sl
1000270a:	d1f7      	bne.n	100026fc <_ftoa+0x42c>
1000270c:	4655      	mov	r5, sl
1000270e:	4c1e      	ldr	r4, [pc, #120]	@ (10002788 <_ftoa+0x4b8>)
10002710:	1ee6      	subs	r6, r4, #3
10002712:	f814 0d01 	ldrb.w	r0, [r4, #-1]!
10002716:	462a      	mov	r2, r5
10002718:	464b      	mov	r3, r9
1000271a:	4641      	mov	r1, r8
1000271c:	47b8      	blx	r7
1000271e:	42a6      	cmp	r6, r4
10002720:	f105 0501 	add.w	r5, r5, #1
10002724:	d1f5      	bne.n	10002712 <_ftoa+0x442>
10002726:	9b07      	ldr	r3, [sp, #28]
10002728:	f10a 0a03 	add.w	sl, sl, #3
1000272c:	079d      	lsls	r5, r3, #30
1000272e:	f57f aed5 	bpl.w	100024dc <_ftoa+0x20c>
10002732:	9c0c      	ldr	r4, [sp, #48]	@ 0x30
10002734:	ebaa 0304 	sub.w	r3, sl, r4
10002738:	459b      	cmp	fp, r3
1000273a:	f67f aecf 	bls.w	100024dc <_ftoa+0x20c>
1000273e:	4652      	mov	r2, sl
10002740:	464b      	mov	r3, r9
10002742:	4641      	mov	r1, r8
10002744:	2020      	movs	r0, #32
10002746:	f10a 0a01 	add.w	sl, sl, #1
1000274a:	47b8      	blx	r7
1000274c:	ebaa 0304 	sub.w	r3, sl, r4
10002750:	459b      	cmp	fp, r3
10002752:	d8f4      	bhi.n	1000273e <_ftoa+0x46e>
10002754:	e6c2      	b.n	100024dc <_ftoa+0x20c>
10002756:	f8dd a030 	ldr.w	sl, [sp, #48]	@ 0x30
1000275a:	e7d7      	b.n	1000270c <_ftoa+0x43c>
1000275c:	45ab      	cmp	fp, r5
1000275e:	f63f aea3 	bhi.w	100024a8 <_ftoa+0x1d8>
10002762:	e6ae      	b.n	100024c2 <_ftoa+0x1f2>
10002764:	f1bb 0f00 	cmp.w	fp, #0
10002768:	f43f af7a 	beq.w	10002660 <_ftoa+0x390>
1000276c:	9b0d      	ldr	r3, [sp, #52]	@ 0x34
1000276e:	2b00      	cmp	r3, #0
10002770:	d09f      	beq.n	100026b2 <_ftoa+0x3e2>
10002772:	f10b 3bff 	add.w	fp, fp, #4294967295	@ 0xffffffff
10002776:	455d      	cmp	r5, fp
10002778:	f4ff ae96 	bcc.w	100024a8 <_ftoa+0x1d8>
1000277c:	2d20      	cmp	r5, #32
1000277e:	f47f af74 	bne.w	1000266a <_ftoa+0x39a>
10002782:	e69e      	b.n	100024c2 <_ftoa+0x1f2>
10002784:	3fe00000 	.word	0x3fe00000
10002788:	10006837 	.word	0x10006837
1000278c:	00000000 	.word	0x00000000

10002790 <_etoa>:
10002790:	e92d 4ff0 	stmdb	sp!, {r4, r5, r6, r7, r8, r9, sl, fp, lr}
10002794:	b09f      	sub	sp, #124	@ 0x7c
10002796:	9e2a      	ldr	r6, [sp, #168]	@ 0xa8
10002798:	e9dd 4528 	ldrd	r4, r5, [sp, #160]	@ 0xa0
1000279c:	4607      	mov	r7, r0
1000279e:	4693      	mov	fp, r2
100027a0:	9108      	str	r1, [sp, #32]
100027a2:	9309      	str	r3, [sp, #36]	@ 0x24
100027a4:	4622      	mov	r2, r4
100027a6:	462b      	mov	r3, r5
100027a8:	4620      	mov	r0, r4
100027aa:	4629      	mov	r1, r5
100027ac:	960e      	str	r6, [sp, #56]	@ 0x38
100027ae:	e9dd a62b 	ldrd	sl, r6, [sp, #172]	@ 0xac
100027b2:	f7ff fbe5 	bl	10001f80 <__wrap___aeabi_dcmpun>
100027b6:	2800      	cmp	r0, #0
100027b8:	f040 80be 	bne.w	10002938 <_etoa+0x1a8>
100027bc:	4620      	mov	r0, r4
100027be:	4629      	mov	r1, r5
100027c0:	f04f 32ff 	mov.w	r2, #4294967295	@ 0xffffffff
100027c4:	4b78      	ldr	r3, [pc, #480]	@ (100029a8 <_etoa+0x218>)
100027c6:	f7ff fc29 	bl	1000201c <__wrap___aeabi_dcmpgt>
100027ca:	2800      	cmp	r0, #0
100027cc:	f040 80b4 	bne.w	10002938 <_etoa+0x1a8>
100027d0:	4620      	mov	r0, r4
100027d2:	4629      	mov	r1, r5
100027d4:	f04f 32ff 	mov.w	r2, #4294967295	@ 0xffffffff
100027d8:	f46f 1380 	mvn.w	r3, #1048576	@ 0x100000
100027dc:	f7ff fbe2 	bl	10001fa4 <__wrap___aeabi_dcmplt>
100027e0:	2800      	cmp	r0, #0
100027e2:	f040 80a9 	bne.w	10002938 <_etoa+0x1a8>
100027e6:	4620      	mov	r0, r4
100027e8:	4629      	mov	r1, r5
100027ea:	2200      	movs	r2, #0
100027ec:	2300      	movs	r3, #0
100027ee:	f7ff fbd9 	bl	10001fa4 <__wrap___aeabi_dcmplt>
100027f2:	2800      	cmp	r0, #0
100027f4:	f040 81d5 	bne.w	10002ba2 <_etoa+0x412>
100027f8:	e9cd 450a 	strd	r4, r5, [sp, #40]	@ 0x28
100027fc:	e9dd 230a 	ldrd	r2, r3, [sp, #40]	@ 0x28
10002800:	4690      	mov	r8, r2
10002802:	4699      	mov	r9, r3
10002804:	f406 6200 	and.w	r2, r6, #2048	@ 0x800
10002808:	f416 6380 	ands.w	r3, r6, #1024	@ 0x400
1000280c:	920f      	str	r2, [sp, #60]	@ 0x3c
1000280e:	9313      	str	r3, [sp, #76]	@ 0x4c
10002810:	f040 80a1 	bne.w	10002956 <_etoa+0x1c6>
10002814:	ea58 0309 	orrs.w	r3, r8, r9
10002818:	f040 80ca 	bne.w	100029b0 <_etoa+0x220>
1000281c:	2a00      	cmp	r2, #0
1000281e:	f040 81e3 	bne.w	10002be8 <_etoa+0x458>
10002822:	2306      	movs	r3, #6
10002824:	930e      	str	r3, [sp, #56]	@ 0x38
10002826:	f016 0202 	ands.w	r2, r6, #2
1000282a:	9210      	str	r2, [sp, #64]	@ 0x40
1000282c:	f040 81d4 	bne.w	10002bd8 <_etoa+0x448>
10002830:	4653      	mov	r3, sl
10002832:	2b04      	cmp	r3, #4
10002834:	bf38      	it	cc
10002836:	2304      	movcc	r3, #4
10002838:	920c      	str	r2, [sp, #48]	@ 0x30
1000283a:	2204      	movs	r2, #4
1000283c:	3b04      	subs	r3, #4
1000283e:	9212      	str	r2, [sp, #72]	@ 0x48
10002840:	930f      	str	r3, [sp, #60]	@ 0x3c
10002842:	4620      	mov	r0, r4
10002844:	4629      	mov	r1, r5
10002846:	2200      	movs	r2, #0
10002848:	2300      	movs	r3, #0
1000284a:	f7ff fbab 	bl	10001fa4 <__wrap___aeabi_dcmplt>
1000284e:	2800      	cmp	r0, #0
10002850:	f040 81f3 	bne.w	10002c3a <_etoa+0x4aa>
10002854:	ed9d 7b0a 	vldr	d7, [sp, #40]	@ 0x28
10002858:	9b0f      	ldr	r3, [sp, #60]	@ 0x3c
1000285a:	465a      	mov	r2, fp
1000285c:	9303      	str	r3, [sp, #12]
1000285e:	9b0e      	ldr	r3, [sp, #56]	@ 0x38
10002860:	ed8d 7b00 	vstr	d7, [sp]
10002864:	9302      	str	r3, [sp, #8]
10002866:	f426 6300 	bic.w	r3, r6, #2048	@ 0x800
1000286a:	9304      	str	r3, [sp, #16]
1000286c:	4638      	mov	r0, r7
1000286e:	9b09      	ldr	r3, [sp, #36]	@ 0x24
10002870:	9908      	ldr	r1, [sp, #32]
10002872:	f7ff fd2d 	bl	100022d0 <_ftoa>
10002876:	4602      	mov	r2, r0
10002878:	f016 0f20 	tst.w	r6, #32
1000287c:	9b09      	ldr	r3, [sp, #36]	@ 0x24
1000287e:	9908      	ldr	r1, [sp, #32]
10002880:	bf0c      	ite	eq
10002882:	2065      	moveq	r0, #101	@ 0x65
10002884:	2045      	movne	r0, #69	@ 0x45
10002886:	f102 0801 	add.w	r8, r2, #1
1000288a:	47b8      	blx	r7
1000288c:	9a0c      	ldr	r2, [sp, #48]	@ 0x30
1000288e:	9b12      	ldr	r3, [sp, #72]	@ 0x48
10002890:	ac16      	add	r4, sp, #88	@ 0x58
10002892:	1e5d      	subs	r5, r3, #1
10002894:	ea82 73e2 	eor.w	r3, r2, r2, asr #31
10002898:	eba3 73e2 	sub.w	r3, r3, r2, asr #31
1000289c:	0fd1      	lsrs	r1, r2, #31
1000289e:	2600      	movs	r6, #0
100028a0:	4622      	mov	r2, r4
100028a2:	4699      	mov	r9, r3
100028a4:	f8df c104 	ldr.w	ip, [pc, #260]	@ 100029ac <_etoa+0x21c>
100028a8:	e001      	b.n	100028ae <_etoa+0x11e>
100028aa:	2e20      	cmp	r6, #32
100028ac:	d010      	beq.n	100028d0 <_etoa+0x140>
100028ae:	46ce      	mov	lr, r9
100028b0:	fbac 3009 	umull	r3, r0, ip, r9
100028b4:	08c0      	lsrs	r0, r0, #3
100028b6:	eb00 0380 	add.w	r3, r0, r0, lsl #2
100028ba:	eba9 0343 	sub.w	r3, r9, r3, lsl #1
100028be:	3330      	adds	r3, #48	@ 0x30
100028c0:	f1be 0f09 	cmp.w	lr, #9
100028c4:	4681      	mov	r9, r0
100028c6:	f106 0601 	add.w	r6, r6, #1
100028ca:	f802 3b01 	strb.w	r3, [r2], #1
100028ce:	d8ec      	bhi.n	100028aa <_etoa+0x11a>
100028d0:	2305      	movs	r3, #5
100028d2:	2000      	movs	r0, #0
100028d4:	9306      	str	r3, [sp, #24]
100028d6:	230a      	movs	r3, #10
100028d8:	9505      	str	r5, [sp, #20]
100028da:	9400      	str	r4, [sp, #0]
100028dc:	9d09      	ldr	r5, [sp, #36]	@ 0x24
100028de:	9c08      	ldr	r4, [sp, #32]
100028e0:	4642      	mov	r2, r8
100028e2:	e9cd 3003 	strd	r3, r0, [sp, #12]
100028e6:	e9cd 6101 	strd	r6, r1, [sp, #4]
100028ea:	462b      	mov	r3, r5
100028ec:	4621      	mov	r1, r4
100028ee:	4638      	mov	r0, r7
100028f0:	f7ff fbf8 	bl	100020e4 <_ntoa_format>
100028f4:	9a10      	ldr	r2, [sp, #64]	@ 0x40
100028f6:	4680      	mov	r8, r0
100028f8:	b1d2      	cbz	r2, 10002930 <_etoa+0x1a0>
100028fa:	eba0 060b 	sub.w	r6, r0, fp
100028fe:	45b2      	cmp	sl, r6
10002900:	d916      	bls.n	10002930 <_etoa+0x1a0>
10002902:	eb0b 0206 	add.w	r2, fp, r6
10002906:	462b      	mov	r3, r5
10002908:	4621      	mov	r1, r4
1000290a:	2020      	movs	r0, #32
1000290c:	3601      	adds	r6, #1
1000290e:	47b8      	blx	r7
10002910:	45b2      	cmp	sl, r6
10002912:	d8f6      	bhi.n	10002902 <_etoa+0x172>
10002914:	f10b 33ff 	add.w	r3, fp, #4294967295	@ 0xffffffff
10002918:	4453      	add	r3, sl
1000291a:	f1cb 0201 	rsb	r2, fp, #1
1000291e:	eba3 0308 	sub.w	r3, r3, r8
10002922:	4442      	add	r2, r8
10002924:	4592      	cmp	sl, r2
10002926:	bf38      	it	cc
10002928:	2300      	movcc	r3, #0
1000292a:	f108 0801 	add.w	r8, r8, #1
1000292e:	4498      	add	r8, r3
10002930:	4640      	mov	r0, r8
10002932:	b01f      	add	sp, #124	@ 0x7c
10002934:	e8bd 8ff0 	ldmia.w	sp!, {r4, r5, r6, r7, r8, r9, sl, fp, pc}
10002938:	465a      	mov	r2, fp
1000293a:	4638      	mov	r0, r7
1000293c:	e9cd 4528 	strd	r4, r5, [sp, #160]	@ 0xa0
10002940:	e9cd a62b 	strd	sl, r6, [sp, #172]	@ 0xac
10002944:	9c0e      	ldr	r4, [sp, #56]	@ 0x38
10002946:	9b09      	ldr	r3, [sp, #36]	@ 0x24
10002948:	9908      	ldr	r1, [sp, #32]
1000294a:	942a      	str	r4, [sp, #168]	@ 0xa8
1000294c:	b01f      	add	sp, #124	@ 0x7c
1000294e:	e8bd 4ff0 	ldmia.w	sp!, {r4, r5, r6, r7, r8, r9, sl, fp, lr}
10002952:	f7ff bcbd 	b.w	100022d0 <_ftoa>
10002956:	ea58 0309 	orrs.w	r3, r8, r9
1000295a:	d12b      	bne.n	100029b4 <_etoa+0x224>
1000295c:	2a00      	cmp	r2, #0
1000295e:	f43f af62 	beq.w	10002826 <_etoa+0x96>
10002962:	2300      	movs	r3, #0
10002964:	930c      	str	r3, [sp, #48]	@ 0x30
10002966:	9b0e      	ldr	r3, [sp, #56]	@ 0x38
10002968:	9a0c      	ldr	r2, [sp, #48]	@ 0x30
1000296a:	4293      	cmp	r3, r2
1000296c:	f300 81b9 	bgt.w	10002ce2 <_etoa+0x552>
10002970:	f04f 0800 	mov.w	r8, #0
10002974:	4620      	mov	r0, r4
10002976:	4629      	mov	r1, r5
10002978:	2200      	movs	r2, #0
1000297a:	2300      	movs	r3, #0
1000297c:	f7ff fb12 	bl	10001fa4 <__wrap___aeabi_dcmplt>
10002980:	2800      	cmp	r0, #0
10002982:	f040 8113 	bne.w	10002bac <_etoa+0x41c>
10002986:	ed9d 7b0a 	vldr	d7, [sp, #40]	@ 0x28
1000298a:	f426 6600 	bic.w	r6, r6, #2048	@ 0x800
1000298e:	f446 6680 	orr.w	r6, r6, #1024	@ 0x400
10002992:	ed8d 7b28 	vstr	d7, [sp, #160]	@ 0xa0
10002996:	465a      	mov	r2, fp
10002998:	4638      	mov	r0, r7
1000299a:	e9cd 8a2a 	strd	r8, sl, [sp, #168]	@ 0xa8
1000299e:	9b09      	ldr	r3, [sp, #36]	@ 0x24
100029a0:	9908      	ldr	r1, [sp, #32]
100029a2:	962c      	str	r6, [sp, #176]	@ 0xb0
100029a4:	e7d2      	b.n	1000294c <_etoa+0x1bc>
100029a6:	bf00      	nop
100029a8:	7fefffff 	.word	0x7fefffff
100029ac:	cccccccd 	.word	0xcccccccd
100029b0:	2306      	movs	r3, #6
100029b2:	930e      	str	r3, [sp, #56]	@ 0x38
100029b4:	f3c9 500a 	ubfx	r0, r9, #20, #11
100029b8:	f2a0 30ff 	subw	r0, r0, #1023	@ 0x3ff
100029bc:	f7ff fa98 	bl	10001ef0 <__wrap___aeabi_i2d>
100029c0:	a3c1      	add	r3, pc, #772	@ (adr r3, 10002cc8 <_etoa+0x538>)
100029c2:	e9d3 2300 	ldrd	r2, r3, [r3]
100029c6:	f7ff fa11 	bl	10001dec <__wrap___aeabi_dmul>
100029ca:	a3c1      	add	r3, pc, #772	@ (adr r3, 10002cd0 <_etoa+0x540>)
100029cc:	e9d3 2300 	ldrd	r2, r3, [r3]
100029d0:	f7ff f9e4 	bl	10001d9c <__wrap___aeabi_dadd>
100029d4:	f3c9 0913 	ubfx	r9, r9, #0, #20
100029d8:	e9cd 010c 	strd	r0, r1, [sp, #48]	@ 0x30
100029dc:	f049 517f 	orr.w	r1, r9, #1069547520	@ 0x3fc00000
100029e0:	4640      	mov	r0, r8
100029e2:	2200      	movs	r2, #0
100029e4:	4bb2      	ldr	r3, [pc, #712]	@ (10002cb0 <_etoa+0x520>)
100029e6:	f441 1140 	orr.w	r1, r1, #3145728	@ 0x300000
100029ea:	f7ff f9eb 	bl	10001dc4 <__wrap___aeabi_dsub>
100029ee:	a3a4      	add	r3, pc, #656	@ (adr r3, 10002c80 <_etoa+0x4f0>)
100029f0:	e9d3 2300 	ldrd	r2, r3, [r3]
100029f4:	f7ff f9fa 	bl	10001dec <__wrap___aeabi_dmul>
100029f8:	4602      	mov	r2, r0
100029fa:	460b      	mov	r3, r1
100029fc:	e9dd 010c 	ldrd	r0, r1, [sp, #48]	@ 0x30
10002a00:	f7ff f9cc 	bl	10001d9c <__wrap___aeabi_dadd>
10002a04:	f7ff fa98 	bl	10001f38 <__wrap___aeabi_d2iz>
10002a08:	900c      	str	r0, [sp, #48]	@ 0x30
10002a0a:	f7ff fa71 	bl	10001ef0 <__wrap___aeabi_i2d>
10002a0e:	a39e      	add	r3, pc, #632	@ (adr r3, 10002c88 <_etoa+0x4f8>)
10002a10:	e9d3 2300 	ldrd	r2, r3, [r3]
10002a14:	4680      	mov	r8, r0
10002a16:	4689      	mov	r9, r1
10002a18:	f7ff f9e8 	bl	10001dec <__wrap___aeabi_dmul>
10002a1c:	2200      	movs	r2, #0
10002a1e:	4ba5      	ldr	r3, [pc, #660]	@ (10002cb4 <_etoa+0x524>)
10002a20:	f7ff f9bc 	bl	10001d9c <__wrap___aeabi_dadd>
10002a24:	f7ff fa88 	bl	10001f38 <__wrap___aeabi_d2iz>
10002a28:	4603      	mov	r3, r0
10002a2a:	4649      	mov	r1, r9
10002a2c:	4640      	mov	r0, r8
10002a2e:	9312      	str	r3, [sp, #72]	@ 0x48
10002a30:	a397      	add	r3, pc, #604	@ (adr r3, 10002c90 <_etoa+0x500>)
10002a32:	e9d3 2300 	ldrd	r2, r3, [r3]
10002a36:	f7ff f9d9 	bl	10001dec <__wrap___aeabi_dmul>
10002a3a:	4680      	mov	r8, r0
10002a3c:	9812      	ldr	r0, [sp, #72]	@ 0x48
10002a3e:	4689      	mov	r9, r1
10002a40:	f7ff fa56 	bl	10001ef0 <__wrap___aeabi_i2d>
10002a44:	a394      	add	r3, pc, #592	@ (adr r3, 10002c98 <_etoa+0x508>)
10002a46:	e9d3 2300 	ldrd	r2, r3, [r3]
10002a4a:	f7ff f9cf 	bl	10001dec <__wrap___aeabi_dmul>
10002a4e:	4602      	mov	r2, r0
10002a50:	460b      	mov	r3, r1
10002a52:	4640      	mov	r0, r8
10002a54:	4649      	mov	r1, r9
10002a56:	f7ff f9b5 	bl	10001dc4 <__wrap___aeabi_dsub>
10002a5a:	4602      	mov	r2, r0
10002a5c:	460b      	mov	r3, r1
10002a5e:	4680      	mov	r8, r0
10002a60:	4689      	mov	r9, r1
10002a62:	f7ff f9c3 	bl	10001dec <__wrap___aeabi_dmul>
10002a66:	4642      	mov	r2, r8
10002a68:	464b      	mov	r3, r9
10002a6a:	e9cd 0110 	strd	r0, r1, [sp, #64]	@ 0x40
10002a6e:	4640      	mov	r0, r8
10002a70:	4649      	mov	r1, r9
10002a72:	f7ff f993 	bl	10001d9c <__wrap___aeabi_dadd>
10002a76:	2200      	movs	r2, #0
10002a78:	e9cd 0114 	strd	r0, r1, [sp, #80]	@ 0x50
10002a7c:	e9dd 0110 	ldrd	r0, r1, [sp, #64]	@ 0x40
10002a80:	4b8d      	ldr	r3, [pc, #564]	@ (10002cb8 <_etoa+0x528>)
10002a82:	f7ff f9d9 	bl	10001e38 <__wrap___aeabi_ddiv>
10002a86:	2200      	movs	r2, #0
10002a88:	4b8c      	ldr	r3, [pc, #560]	@ (10002cbc <_etoa+0x52c>)
10002a8a:	f7ff f987 	bl	10001d9c <__wrap___aeabi_dadd>
10002a8e:	4602      	mov	r2, r0
10002a90:	460b      	mov	r3, r1
10002a92:	e9dd 0110 	ldrd	r0, r1, [sp, #64]	@ 0x40
10002a96:	f7ff f9cf 	bl	10001e38 <__wrap___aeabi_ddiv>
10002a9a:	2200      	movs	r2, #0
10002a9c:	4b88      	ldr	r3, [pc, #544]	@ (10002cc0 <_etoa+0x530>)
10002a9e:	f7ff f97d 	bl	10001d9c <__wrap___aeabi_dadd>
10002aa2:	4602      	mov	r2, r0
10002aa4:	460b      	mov	r3, r1
10002aa6:	e9dd 0110 	ldrd	r0, r1, [sp, #64]	@ 0x40
10002aaa:	f7ff f9c5 	bl	10001e38 <__wrap___aeabi_ddiv>
10002aae:	4642      	mov	r2, r8
10002ab0:	464b      	mov	r3, r9
10002ab2:	4680      	mov	r8, r0
10002ab4:	4689      	mov	r9, r1
10002ab6:	2000      	movs	r0, #0
10002ab8:	f04f 4180 	mov.w	r1, #1073741824	@ 0x40000000
10002abc:	f7ff f982 	bl	10001dc4 <__wrap___aeabi_dsub>
10002ac0:	4602      	mov	r2, r0
10002ac2:	460b      	mov	r3, r1
10002ac4:	4640      	mov	r0, r8
10002ac6:	4649      	mov	r1, r9
10002ac8:	f7ff f968 	bl	10001d9c <__wrap___aeabi_dadd>
10002acc:	4602      	mov	r2, r0
10002ace:	460b      	mov	r3, r1
10002ad0:	e9dd 0114 	ldrd	r0, r1, [sp, #80]	@ 0x50
10002ad4:	f7ff f9b0 	bl	10001e38 <__wrap___aeabi_ddiv>
10002ad8:	2200      	movs	r2, #0
10002ada:	4b7a      	ldr	r3, [pc, #488]	@ (10002cc4 <_etoa+0x534>)
10002adc:	f7ff f95e 	bl	10001d9c <__wrap___aeabi_dadd>
10002ae0:	9b12      	ldr	r3, [sp, #72]	@ 0x48
10002ae2:	2200      	movs	r2, #0
10002ae4:	f203 3cff 	addw	ip, r3, #1023	@ 0x3ff
10002ae8:	ea4f 530c 	mov.w	r3, ip, lsl #20
10002aec:	f7ff f97e 	bl	10001dec <__wrap___aeabi_dmul>
10002af0:	4680      	mov	r8, r0
10002af2:	4689      	mov	r9, r1
10002af4:	e9dd 010a 	ldrd	r0, r1, [sp, #40]	@ 0x28
10002af8:	4642      	mov	r2, r8
10002afa:	464b      	mov	r3, r9
10002afc:	f7ff fa52 	bl	10001fa4 <__wrap___aeabi_dcmplt>
10002b00:	b150      	cbz	r0, 10002b18 <_etoa+0x388>
10002b02:	9b0c      	ldr	r3, [sp, #48]	@ 0x30
10002b04:	4640      	mov	r0, r8
10002b06:	3b01      	subs	r3, #1
10002b08:	4649      	mov	r1, r9
10002b0a:	930c      	str	r3, [sp, #48]	@ 0x30
10002b0c:	2200      	movs	r2, #0
10002b0e:	4b6b      	ldr	r3, [pc, #428]	@ (10002cbc <_etoa+0x52c>)
10002b10:	f7ff f992 	bl	10001e38 <__wrap___aeabi_ddiv>
10002b14:	4680      	mov	r8, r0
10002b16:	4689      	mov	r9, r1
10002b18:	9a0c      	ldr	r2, [sp, #48]	@ 0x30
10002b1a:	4643      	mov	r3, r8
10002b1c:	3263      	adds	r2, #99	@ 0x63
10002b1e:	2ac6      	cmp	r2, #198	@ 0xc6
10002b20:	f006 0202 	and.w	r2, r6, #2
10002b24:	9210      	str	r2, [sp, #64]	@ 0x40
10002b26:	4649      	mov	r1, r9
10002b28:	9a0f      	ldr	r2, [sp, #60]	@ 0x3c
10002b2a:	d82c      	bhi.n	10002b86 <_etoa+0x3f6>
10002b2c:	2a00      	cmp	r2, #0
10002b2e:	d05e      	beq.n	10002bee <_etoa+0x45e>
10002b30:	2204      	movs	r2, #4
10002b32:	9212      	str	r2, [sp, #72]	@ 0x48
10002b34:	430b      	orrs	r3, r1
10002b36:	f43f af16 	beq.w	10002966 <_etoa+0x1d6>
10002b3a:	e9dd 010a 	ldrd	r0, r1, [sp, #40]	@ 0x28
10002b3e:	a358      	add	r3, pc, #352	@ (adr r3, 10002ca0 <_etoa+0x510>)
10002b40:	e9d3 2300 	ldrd	r2, r3, [r3]
10002b44:	f7ff fa56 	bl	10001ff4 <__wrap___aeabi_dcmpge>
10002b48:	b148      	cbz	r0, 10002b5e <_etoa+0x3ce>
10002b4a:	e9dd 010a 	ldrd	r0, r1, [sp, #40]	@ 0x28
10002b4e:	a356      	add	r3, pc, #344	@ (adr r3, 10002ca8 <_etoa+0x518>)
10002b50:	e9d3 2300 	ldrd	r2, r3, [r3]
10002b54:	f7ff fa26 	bl	10001fa4 <__wrap___aeabi_dcmplt>
10002b58:	2800      	cmp	r0, #0
10002b5a:	f47f af04 	bne.w	10002966 <_etoa+0x1d6>
10002b5e:	9b0e      	ldr	r3, [sp, #56]	@ 0x38
10002b60:	2b00      	cmp	r3, #0
10002b62:	d050      	beq.n	10002c06 <_etoa+0x476>
10002b64:	9a13      	ldr	r2, [sp, #76]	@ 0x4c
10002b66:	2a00      	cmp	r2, #0
10002b68:	d07d      	beq.n	10002c66 <_etoa+0x4d6>
10002b6a:	3b01      	subs	r3, #1
10002b6c:	930e      	str	r3, [sp, #56]	@ 0x38
10002b6e:	9b12      	ldr	r3, [sp, #72]	@ 0x48
10002b70:	459a      	cmp	sl, r3
10002b72:	d905      	bls.n	10002b80 <_etoa+0x3f0>
10002b74:	9b10      	ldr	r3, [sp, #64]	@ 0x40
10002b76:	2b00      	cmp	r3, #0
10002b78:	f000 80ae 	beq.w	10002cd8 <_etoa+0x548>
10002b7c:	2302      	movs	r3, #2
10002b7e:	9310      	str	r3, [sp, #64]	@ 0x40
10002b80:	2300      	movs	r3, #0
10002b82:	930f      	str	r3, [sp, #60]	@ 0x3c
10002b84:	e044      	b.n	10002c10 <_etoa+0x480>
10002b86:	bb22      	cbnz	r2, 10002bd2 <_etoa+0x442>
10002b88:	f1ba 0f05 	cmp.w	sl, #5
10002b8c:	d94f      	bls.n	10002c2e <_etoa+0x49e>
10002b8e:	f006 0302 	and.w	r3, r6, #2
10002b92:	2b00      	cmp	r3, #0
10002b94:	d149      	bne.n	10002c2a <_etoa+0x49a>
10002b96:	2305      	movs	r3, #5
10002b98:	9312      	str	r3, [sp, #72]	@ 0x48
10002b9a:	f1aa 0305 	sub.w	r3, sl, #5
10002b9e:	930f      	str	r3, [sp, #60]	@ 0x3c
10002ba0:	e03a      	b.n	10002c18 <_etoa+0x488>
10002ba2:	f105 4300 	add.w	r3, r5, #2147483648	@ 0x80000000
10002ba6:	940a      	str	r4, [sp, #40]	@ 0x28
10002ba8:	930b      	str	r3, [sp, #44]	@ 0x2c
10002baa:	e627      	b.n	100027fc <_etoa+0x6c>
10002bac:	f426 6600 	bic.w	r6, r6, #2048	@ 0x800
10002bb0:	f446 6680 	orr.w	r6, r6, #1024	@ 0x400
10002bb4:	4638      	mov	r0, r7
10002bb6:	962c      	str	r6, [sp, #176]	@ 0xb0
10002bb8:	e9dd 670a 	ldrd	r6, r7, [sp, #40]	@ 0x28
10002bbc:	4634      	mov	r4, r6
10002bbe:	f107 4500 	add.w	r5, r7, #2147483648	@ 0x80000000
10002bc2:	465a      	mov	r2, fp
10002bc4:	e9cd 8a2a 	strd	r8, sl, [sp, #168]	@ 0xa8
10002bc8:	e9cd 4528 	strd	r4, r5, [sp, #160]	@ 0xa0
10002bcc:	9b09      	ldr	r3, [sp, #36]	@ 0x24
10002bce:	9908      	ldr	r1, [sp, #32]
10002bd0:	e6bc      	b.n	1000294c <_etoa+0x1bc>
10002bd2:	2205      	movs	r2, #5
10002bd4:	9212      	str	r2, [sp, #72]	@ 0x48
10002bd6:	e7ad      	b.n	10002b34 <_etoa+0x3a4>
10002bd8:	2300      	movs	r3, #0
10002bda:	2202      	movs	r2, #2
10002bdc:	e9cd 320f 	strd	r3, r2, [sp, #60]	@ 0x3c
10002be0:	2204      	movs	r2, #4
10002be2:	930c      	str	r3, [sp, #48]	@ 0x30
10002be4:	9212      	str	r2, [sp, #72]	@ 0x48
10002be6:	e62c      	b.n	10002842 <_etoa+0xb2>
10002be8:	f04f 0805 	mov.w	r8, #5
10002bec:	e6c2      	b.n	10002974 <_etoa+0x1e4>
10002bee:	f1ba 0f04 	cmp.w	sl, #4
10002bf2:	d91f      	bls.n	10002c34 <_etoa+0x4a4>
10002bf4:	9b10      	ldr	r3, [sp, #64]	@ 0x40
10002bf6:	2b00      	cmp	r3, #0
10002bf8:	d178      	bne.n	10002cec <_etoa+0x55c>
10002bfa:	2304      	movs	r3, #4
10002bfc:	9312      	str	r3, [sp, #72]	@ 0x48
10002bfe:	f1aa 0304 	sub.w	r3, sl, #4
10002c02:	930f      	str	r3, [sp, #60]	@ 0x3c
10002c04:	e004      	b.n	10002c10 <_etoa+0x480>
10002c06:	9b12      	ldr	r3, [sp, #72]	@ 0x48
10002c08:	459a      	cmp	sl, r3
10002c0a:	d831      	bhi.n	10002c70 <_etoa+0x4e0>
10002c0c:	9b0e      	ldr	r3, [sp, #56]	@ 0x38
10002c0e:	930f      	str	r3, [sp, #60]	@ 0x3c
10002c10:	9b0c      	ldr	r3, [sp, #48]	@ 0x30
10002c12:	2b00      	cmp	r3, #0
10002c14:	f43f ae15 	beq.w	10002842 <_etoa+0xb2>
10002c18:	e9dd 010a 	ldrd	r0, r1, [sp, #40]	@ 0x28
10002c1c:	4642      	mov	r2, r8
10002c1e:	464b      	mov	r3, r9
10002c20:	f7ff f90a 	bl	10001e38 <__wrap___aeabi_ddiv>
10002c24:	e9cd 010a 	strd	r0, r1, [sp, #40]	@ 0x28
10002c28:	e60b      	b.n	10002842 <_etoa+0xb2>
10002c2a:	2302      	movs	r3, #2
10002c2c:	9310      	str	r3, [sp, #64]	@ 0x40
10002c2e:	2305      	movs	r3, #5
10002c30:	9312      	str	r3, [sp, #72]	@ 0x48
10002c32:	e7f1      	b.n	10002c18 <_etoa+0x488>
10002c34:	2304      	movs	r3, #4
10002c36:	9312      	str	r3, [sp, #72]	@ 0x48
10002c38:	e7ea      	b.n	10002c10 <_etoa+0x480>
10002c3a:	e9dd 450a 	ldrd	r4, r5, [sp, #40]	@ 0x28
10002c3e:	46a0      	mov	r8, r4
10002c40:	9b0f      	ldr	r3, [sp, #60]	@ 0x3c
10002c42:	f105 4900 	add.w	r9, r5, #2147483648	@ 0x80000000
10002c46:	9303      	str	r3, [sp, #12]
10002c48:	9b0e      	ldr	r3, [sp, #56]	@ 0x38
10002c4a:	465a      	mov	r2, fp
10002c4c:	9302      	str	r3, [sp, #8]
10002c4e:	f426 6300 	bic.w	r3, r6, #2048	@ 0x800
10002c52:	9304      	str	r3, [sp, #16]
10002c54:	4638      	mov	r0, r7
10002c56:	e9cd 8900 	strd	r8, r9, [sp]
10002c5a:	9b09      	ldr	r3, [sp, #36]	@ 0x24
10002c5c:	9908      	ldr	r1, [sp, #32]
10002c5e:	f7ff fb37 	bl	100022d0 <_ftoa>
10002c62:	4602      	mov	r2, r0
10002c64:	e608      	b.n	10002878 <_etoa+0xe8>
10002c66:	9b12      	ldr	r3, [sp, #72]	@ 0x48
10002c68:	459a      	cmp	sl, r3
10002c6a:	d844      	bhi.n	10002cf6 <_etoa+0x566>
10002c6c:	920f      	str	r2, [sp, #60]	@ 0x3c
10002c6e:	e7cf      	b.n	10002c10 <_etoa+0x480>
10002c70:	9b10      	ldr	r3, [sp, #64]	@ 0x40
10002c72:	b38b      	cbz	r3, 10002cd8 <_etoa+0x548>
10002c74:	9b0e      	ldr	r3, [sp, #56]	@ 0x38
10002c76:	930f      	str	r3, [sp, #60]	@ 0x3c
10002c78:	2302      	movs	r3, #2
10002c7a:	9310      	str	r3, [sp, #64]	@ 0x40
10002c7c:	e7c8      	b.n	10002c10 <_etoa+0x480>
10002c7e:	bf00      	nop
10002c80:	636f4361 	.word	0x636f4361
10002c84:	3fd287a7 	.word	0x3fd287a7
10002c88:	0979a371 	.word	0x0979a371
10002c8c:	400a934f 	.word	0x400a934f
10002c90:	bbb55516 	.word	0xbbb55516
10002c94:	40026bb1 	.word	0x40026bb1
10002c98:	fefa39ef 	.word	0xfefa39ef
10002c9c:	3fe62e42 	.word	0x3fe62e42
10002ca0:	eb1c432d 	.word	0xeb1c432d
10002ca4:	3f1a36e2 	.word	0x3f1a36e2
10002ca8:	00000000 	.word	0x00000000
10002cac:	412e8480 	.word	0x412e8480
10002cb0:	3ff80000 	.word	0x3ff80000
10002cb4:	3fe00000 	.word	0x3fe00000
10002cb8:	402c0000 	.word	0x402c0000
10002cbc:	40240000 	.word	0x40240000
10002cc0:	40180000 	.word	0x40180000
10002cc4:	3ff00000 	.word	0x3ff00000
10002cc8:	509f79fb 	.word	0x509f79fb
10002ccc:	3fd34413 	.word	0x3fd34413
10002cd0:	8b60c8b3 	.word	0x8b60c8b3
10002cd4:	3fc68a28 	.word	0x3fc68a28
10002cd8:	9b12      	ldr	r3, [sp, #72]	@ 0x48
10002cda:	ebaa 0303 	sub.w	r3, sl, r3
10002cde:	930f      	str	r3, [sp, #60]	@ 0x3c
10002ce0:	e796      	b.n	10002c10 <_etoa+0x480>
10002ce2:	eba3 0802 	sub.w	r8, r3, r2
10002ce6:	f108 38ff 	add.w	r8, r8, #4294967295	@ 0xffffffff
10002cea:	e643      	b.n	10002974 <_etoa+0x1e4>
10002cec:	2304      	movs	r3, #4
10002cee:	9312      	str	r3, [sp, #72]	@ 0x48
10002cf0:	2302      	movs	r3, #2
10002cf2:	9310      	str	r3, [sp, #64]	@ 0x40
10002cf4:	e78c      	b.n	10002c10 <_etoa+0x480>
10002cf6:	9b10      	ldr	r3, [sp, #64]	@ 0x40
10002cf8:	2b00      	cmp	r3, #0
10002cfa:	d0ed      	beq.n	10002cd8 <_etoa+0x548>
10002cfc:	2302      	movs	r3, #2
10002cfe:	920f      	str	r2, [sp, #60]	@ 0x3c
10002d00:	9310      	str	r3, [sp, #64]	@ 0x40
10002d02:	e785      	b.n	10002c10 <_etoa+0x480>

10002d04 <_vsnprintf>:
10002d04:	e92d 4ff0 	stmdb	sp!, {r4, r5, r6, r7, r8, r9, sl, fp, lr}
10002d08:	b09b      	sub	sp, #108	@ 0x6c
10002d0a:	9c24      	ldr	r4, [sp, #144]	@ 0x90
10002d0c:	4d95      	ldr	r5, [pc, #596]	@ (10002f64 <_vsnprintf+0x260>)
10002d0e:	940a      	str	r4, [sp, #40]	@ 0x28
10002d10:	4c95      	ldr	r4, [pc, #596]	@ (10002f68 <_vsnprintf+0x264>)
10002d12:	f1b1 0a00 	subs.w	sl, r1, #0
10002d16:	bf18      	it	ne
10002d18:	4683      	movne	fp, r0
10002d1a:	6025      	str	r5, [r4, #0]
10002d1c:	7818      	ldrb	r0, [r3, #0]
10002d1e:	4c93      	ldr	r4, [pc, #588]	@ (10002f6c <_vsnprintf+0x268>)
10002d20:	4691      	mov	r9, r2
10002d22:	bf08      	it	eq
10002d24:	46a3      	moveq	fp, r4
10002d26:	9309      	str	r3, [sp, #36]	@ 0x24
10002d28:	2800      	cmp	r0, #0
10002d2a:	f000 8293 	beq.w	10003254 <_vsnprintf+0x550>
10002d2e:	f04f 0800 	mov.w	r8, #0
10002d32:	e00a      	b.n	10002d4a <_vsnprintf+0x46>
10002d34:	4642      	mov	r2, r8
10002d36:	464b      	mov	r3, r9
10002d38:	4651      	mov	r1, sl
10002d3a:	f108 0801 	add.w	r8, r8, #1
10002d3e:	47d8      	blx	fp
10002d40:	9b09      	ldr	r3, [sp, #36]	@ 0x24
10002d42:	7818      	ldrb	r0, [r3, #0]
10002d44:	2800      	cmp	r0, #0
10002d46:	f000 80ce 	beq.w	10002ee6 <_vsnprintf+0x1e2>
10002d4a:	9b09      	ldr	r3, [sp, #36]	@ 0x24
10002d4c:	2825      	cmp	r0, #37	@ 0x25
10002d4e:	f103 0301 	add.w	r3, r3, #1
10002d52:	9309      	str	r3, [sp, #36]	@ 0x24
10002d54:	d1ee      	bne.n	10002d34 <_vsnprintf+0x30>
10002d56:	461c      	mov	r4, r3
10002d58:	2300      	movs	r3, #0
10002d5a:	4622      	mov	r2, r4
10002d5c:	f812 0b01 	ldrb.w	r0, [r2], #1
10002d60:	f1a0 0120 	sub.w	r1, r0, #32
10002d64:	2910      	cmp	r1, #16
10002d66:	d80a      	bhi.n	10002d7e <_vsnprintf+0x7a>
10002d68:	e8df f001 	tbb	[pc, r1]
10002d6c:	3c090940 	.word	0x3c090940
10002d70:	09090909 	.word	0x09090909
10002d74:	38090909 	.word	0x38090909
10002d78:	09093409 	.word	0x09093409
10002d7c:	30          	.byte	0x30
10002d7d:	00          	.byte	0x00
10002d7e:	f1a0 0130 	sub.w	r1, r0, #48	@ 0x30
10002d82:	2909      	cmp	r1, #9
10002d84:	9409      	str	r4, [sp, #36]	@ 0x24
10002d86:	f240 808a 	bls.w	10002e9e <_vsnprintf+0x19a>
10002d8a:	282a      	cmp	r0, #42	@ 0x2a
10002d8c:	f000 80f0 	beq.w	10002f70 <_vsnprintf+0x26c>
10002d90:	2500      	movs	r5, #0
10002d92:	282e      	cmp	r0, #46	@ 0x2e
10002d94:	f000 8096 	beq.w	10002ec4 <_vsnprintf+0x1c0>
10002d98:	2600      	movs	r6, #0
10002d9a:	f1a0 0168 	sub.w	r1, r0, #104	@ 0x68
10002d9e:	2912      	cmp	r1, #18
10002da0:	d82d      	bhi.n	10002dfe <_vsnprintf+0xfa>
10002da2:	e8df f011 	tbh	[pc, r1, lsl #1]
10002da6:	0149      	.short	0x0149
10002da8:	0143002c 	.word	0x0143002c
10002dac:	0138002c 	.word	0x0138002c
10002db0:	002c002c 	.word	0x002c002c
10002db4:	002c002c 	.word	0x002c002c
10002db8:	002c002c 	.word	0x002c002c
10002dbc:	0027002c 	.word	0x0027002c
10002dc0:	002c002c 	.word	0x002c002c
10002dc4:	002c002c 	.word	0x002c002c
10002dc8:	0027002c 	.word	0x0027002c
10002dcc:	4614      	mov	r4, r2
10002dce:	f043 0301 	orr.w	r3, r3, #1
10002dd2:	e7c2      	b.n	10002d5a <_vsnprintf+0x56>
10002dd4:	4614      	mov	r4, r2
10002dd6:	f043 0302 	orr.w	r3, r3, #2
10002dda:	e7be      	b.n	10002d5a <_vsnprintf+0x56>
10002ddc:	4614      	mov	r4, r2
10002dde:	f043 0304 	orr.w	r3, r3, #4
10002de2:	e7ba      	b.n	10002d5a <_vsnprintf+0x56>
10002de4:	4614      	mov	r4, r2
10002de6:	f043 0310 	orr.w	r3, r3, #16
10002dea:	e7b6      	b.n	10002d5a <_vsnprintf+0x56>
10002dec:	4614      	mov	r4, r2
10002dee:	f043 0308 	orr.w	r3, r3, #8
10002df2:	e7b2      	b.n	10002d5a <_vsnprintf+0x56>
10002df4:	9909      	ldr	r1, [sp, #36]	@ 0x24
10002df6:	7848      	ldrb	r0, [r1, #1]
10002df8:	f443 7380 	orr.w	r3, r3, #256	@ 0x100
10002dfc:	3201      	adds	r2, #1
10002dfe:	2867      	cmp	r0, #103	@ 0x67
10002e00:	9209      	str	r2, [sp, #36]	@ 0x24
10002e02:	d87e      	bhi.n	10002f02 <_vsnprintf+0x1fe>
10002e04:	2824      	cmp	r0, #36	@ 0x24
10002e06:	f240 80c1 	bls.w	10002f8c <_vsnprintf+0x288>
10002e0a:	f1a0 0225 	sub.w	r2, r0, #37	@ 0x25
10002e0e:	2a42      	cmp	r2, #66	@ 0x42
10002e10:	f200 80bc 	bhi.w	10002f8c <_vsnprintf+0x288>
10002e14:	e8df f012 	tbh	[pc, r2, lsl #1]
10002e18:	00ba0150 	.word	0x00ba0150
10002e1c:	00ba00ba 	.word	0x00ba00ba
10002e20:	00ba00ba 	.word	0x00ba00ba
10002e24:	00ba00ba 	.word	0x00ba00ba
10002e28:	00ba00ba 	.word	0x00ba00ba
10002e2c:	00ba00ba 	.word	0x00ba00ba
10002e30:	00ba00ba 	.word	0x00ba00ba
10002e34:	00ba00ba 	.word	0x00ba00ba
10002e38:	00ba00ba 	.word	0x00ba00ba
10002e3c:	00ba00ba 	.word	0x00ba00ba
10002e40:	00ba00ba 	.word	0x00ba00ba
10002e44:	00ba00ba 	.word	0x00ba00ba
10002e48:	00ba00ba 	.word	0x00ba00ba
10002e4c:	00ba00ba 	.word	0x00ba00ba
10002e50:	00ba00ba 	.word	0x00ba00ba
10002e54:	00ba00ba 	.word	0x00ba00ba
10002e58:	01370119 	.word	0x01370119
10002e5c:	00ba0119 	.word	0x00ba0119
10002e60:	00ba00ba 	.word	0x00ba00ba
10002e64:	00ba00ba 	.word	0x00ba00ba
10002e68:	00ba00ba 	.word	0x00ba00ba
10002e6c:	00ba00ba 	.word	0x00ba00ba
10002e70:	00ba00ba 	.word	0x00ba00ba
10002e74:	00ba00ba 	.word	0x00ba00ba
10002e78:	00ba00ba 	.word	0x00ba00ba
10002e7c:	01bc00ba 	.word	0x01bc00ba
10002e80:	00ba00ba 	.word	0x00ba00ba
10002e84:	00ba00ba 	.word	0x00ba00ba
10002e88:	00ba00ba 	.word	0x00ba00ba
10002e8c:	00ba00ba 	.word	0x00ba00ba
10002e90:	01bc00ba 	.word	0x01bc00ba
10002e94:	01bc0158 	.word	0x01bc0158
10002e98:	01370119 	.word	0x01370119
10002e9c:	0119      	.short	0x0119
10002e9e:	2500      	movs	r5, #0
10002ea0:	e000      	b.n	10002ea4 <_vsnprintf+0x1a0>
10002ea2:	3201      	adds	r2, #1
10002ea4:	eb05 0585 	add.w	r5, r5, r5, lsl #2
10002ea8:	eb00 0545 	add.w	r5, r0, r5, lsl #1
10002eac:	7810      	ldrb	r0, [r2, #0]
10002eae:	3d30      	subs	r5, #48	@ 0x30
10002eb0:	f1a0 0130 	sub.w	r1, r0, #48	@ 0x30
10002eb4:	2909      	cmp	r1, #9
10002eb6:	d9f4      	bls.n	10002ea2 <_vsnprintf+0x19e>
10002eb8:	282e      	cmp	r0, #46	@ 0x2e
10002eba:	9209      	str	r2, [sp, #36]	@ 0x24
10002ebc:	f102 0201 	add.w	r2, r2, #1
10002ec0:	f47f af6a 	bne.w	10002d98 <_vsnprintf+0x94>
10002ec4:	9909      	ldr	r1, [sp, #36]	@ 0x24
10002ec6:	f443 6380 	orr.w	r3, r3, #1024	@ 0x400
10002eca:	7848      	ldrb	r0, [r1, #1]
10002ecc:	4611      	mov	r1, r2
10002ece:	f1a0 0630 	sub.w	r6, r0, #48	@ 0x30
10002ed2:	2e09      	cmp	r6, #9
10002ed4:	f240 8121 	bls.w	1000311a <_vsnprintf+0x416>
10002ed8:	282a      	cmp	r0, #42	@ 0x2a
10002eda:	f000 812f 	beq.w	1000313c <_vsnprintf+0x438>
10002ede:	9209      	str	r2, [sp, #36]	@ 0x24
10002ee0:	2600      	movs	r6, #0
10002ee2:	3201      	adds	r2, #1
10002ee4:	e759      	b.n	10002d9a <_vsnprintf+0x96>
10002ee6:	4644      	mov	r4, r8
10002ee8:	45c1      	cmp	r9, r8
10002eea:	d801      	bhi.n	10002ef0 <_vsnprintf+0x1ec>
10002eec:	f109 38ff 	add.w	r8, r9, #4294967295	@ 0xffffffff
10002ef0:	464b      	mov	r3, r9
10002ef2:	4642      	mov	r2, r8
10002ef4:	4651      	mov	r1, sl
10002ef6:	2000      	movs	r0, #0
10002ef8:	47d8      	blx	fp
10002efa:	4620      	mov	r0, r4
10002efc:	b01b      	add	sp, #108	@ 0x6c
10002efe:	e8bd 8ff0 	ldmia.w	sp!, {r4, r5, r6, r7, r8, r9, sl, fp, pc}
10002f02:	f1a0 0269 	sub.w	r2, r0, #105	@ 0x69
10002f06:	b2d2      	uxtb	r2, r2
10002f08:	2a0f      	cmp	r2, #15
10002f0a:	d83f      	bhi.n	10002f8c <_vsnprintf+0x288>
10002f0c:	2101      	movs	r1, #1
10002f0e:	f249 0741 	movw	r7, #36929	@ 0x9041
10002f12:	4091      	lsls	r1, r2
10002f14:	4039      	ands	r1, r7
10002f16:	f040 80f3 	bne.w	10003100 <_vsnprintf+0x3fc>
10002f1a:	2a0a      	cmp	r2, #10
10002f1c:	d03d      	beq.n	10002f9a <_vsnprintf+0x296>
10002f1e:	2a07      	cmp	r2, #7
10002f20:	d134      	bne.n	10002f8c <_vsnprintf+0x288>
10002f22:	9d0a      	ldr	r5, [sp, #40]	@ 0x28
10002f24:	f855 2b04 	ldr.w	r2, [r5], #4
10002f28:	2a00      	cmp	r2, #0
10002f2a:	f000 8113 	beq.w	10003154 <_vsnprintf+0x450>
10002f2e:	f043 0021 	orr.w	r0, r3, #33	@ 0x21
10002f32:	ab12      	add	r3, sp, #72	@ 0x48
10002f34:	461f      	mov	r7, r3
10002f36:	930b      	str	r3, [sp, #44]	@ 0x2c
10002f38:	e003      	b.n	10002f42 <_vsnprintf+0x23e>
10002f3a:	2920      	cmp	r1, #32
10002f3c:	f000 8114 	beq.w	10003168 <_vsnprintf+0x464>
10002f40:	461a      	mov	r2, r3
10002f42:	f002 040f 	and.w	r4, r2, #15
10002f46:	4623      	mov	r3, r4
10002f48:	2c09      	cmp	r4, #9
10002f4a:	bf94      	ite	ls
10002f4c:	3330      	addls	r3, #48	@ 0x30
10002f4e:	3337      	addhi	r3, #55	@ 0x37
10002f50:	2a0f      	cmp	r2, #15
10002f52:	f807 3b01 	strb.w	r3, [r7], #1
10002f56:	f101 0101 	add.w	r1, r1, #1
10002f5a:	ea4f 1312 	mov.w	r3, r2, lsr #4
10002f5e:	d8ec      	bhi.n	10002f3a <_vsnprintf+0x236>
10002f60:	e102      	b.n	10003168 <_vsnprintf+0x464>
10002f62:	bf00      	nop
10002f64:	10002d05 	.word	0x10002d05
10002f68:	20002154 	.word	0x20002154
10002f6c:	10002045 	.word	0x10002045
10002f70:	990a      	ldr	r1, [sp, #40]	@ 0x28
10002f72:	9809      	ldr	r0, [sp, #36]	@ 0x24
10002f74:	f851 5b04 	ldr.w	r5, [r1], #4
10002f78:	7840      	ldrb	r0, [r0, #1]
10002f7a:	2d00      	cmp	r5, #0
10002f7c:	e9cd 2109 	strd	r2, r1, [sp, #36]	@ 0x24
10002f80:	bfbc      	itt	lt
10002f82:	f043 0302 	orrlt.w	r3, r3, #2
10002f86:	426d      	neglt	r5, r5
10002f88:	3201      	adds	r2, #1
10002f8a:	e702      	b.n	10002d92 <_vsnprintf+0x8e>
10002f8c:	4642      	mov	r2, r8
10002f8e:	464b      	mov	r3, r9
10002f90:	4651      	mov	r1, sl
10002f92:	f108 0801 	add.w	r8, r8, #1
10002f96:	47d8      	blx	fp
10002f98:	e6d2      	b.n	10002d40 <_vsnprintf+0x3c>
10002f9a:	990a      	ldr	r1, [sp, #40]	@ 0x28
10002f9c:	2e00      	cmp	r6, #0
10002f9e:	f851 7b04 	ldr.w	r7, [r1], #4
10002fa2:	bf18      	it	ne
10002fa4:	4632      	movne	r2, r6
10002fa6:	7838      	ldrb	r0, [r7, #0]
10002fa8:	bf08      	it	eq
10002faa:	f04f 32ff 	moveq.w	r2, #4294967295	@ 0xffffffff
10002fae:	2800      	cmp	r0, #0
10002fb0:	f000 837b 	beq.w	100036aa <_vsnprintf+0x9a6>
10002fb4:	18bc      	adds	r4, r7, r2
10002fb6:	46a4      	mov	ip, r4
10002fb8:	463a      	mov	r2, r7
10002fba:	e004      	b.n	10002fc6 <_vsnprintf+0x2c2>
10002fbc:	f812 4f01 	ldrb.w	r4, [r2, #1]!
10002fc0:	2c00      	cmp	r4, #0
10002fc2:	f000 813f 	beq.w	10003244 <_vsnprintf+0x540>
10002fc6:	4594      	cmp	ip, r2
10002fc8:	d1f8      	bne.n	10002fbc <_vsnprintf+0x2b8>
10002fca:	4664      	mov	r4, ip
10002fcc:	1be4      	subs	r4, r4, r7
10002fce:	055a      	lsls	r2, r3, #21
10002fd0:	f140 8122 	bpl.w	10003218 <_vsnprintf+0x514>
10002fd4:	42b4      	cmp	r4, r6
10002fd6:	bf28      	it	cs
10002fd8:	4634      	movcs	r4, r6
10002fda:	f013 0302 	ands.w	r3, r3, #2
10002fde:	f000 8288 	beq.w	100034f2 <_vsnprintf+0x7ee>
10002fe2:	2302      	movs	r3, #2
10002fe4:	e9cd 510a 	strd	r5, r1, [sp, #40]	@ 0x28
10002fe8:	4642      	mov	r2, r8
10002fea:	461d      	mov	r5, r3
10002fec:	4446      	add	r6, r8
10002fee:	e008      	b.n	10003002 <_vsnprintf+0x2fe>
10002ff0:	464b      	mov	r3, r9
10002ff2:	4651      	mov	r1, sl
10002ff4:	47d8      	blx	fp
10002ff6:	f817 0f01 	ldrb.w	r0, [r7, #1]!
10002ffa:	f108 0801 	add.w	r8, r8, #1
10002ffe:	b110      	cbz	r0, 10003006 <_vsnprintf+0x302>
10003000:	4642      	mov	r2, r8
10003002:	4546      	cmp	r6, r8
10003004:	d1f4      	bne.n	10002ff0 <_vsnprintf+0x2ec>
10003006:	462b      	mov	r3, r5
10003008:	990b      	ldr	r1, [sp, #44]	@ 0x2c
1000300a:	9d0a      	ldr	r5, [sp, #40]	@ 0x28
1000300c:	2b00      	cmp	r3, #0
1000300e:	f040 8141 	bne.w	10003294 <_vsnprintf+0x590>
10003012:	910a      	str	r1, [sp, #40]	@ 0x28
10003014:	e694      	b.n	10002d40 <_vsnprintf+0x3c>
10003016:	9909      	ldr	r1, [sp, #36]	@ 0x24
10003018:	7848      	ldrb	r0, [r1, #1]
1000301a:	286c      	cmp	r0, #108	@ 0x6c
1000301c:	f47f aeec 	bne.w	10002df8 <_vsnprintf+0xf4>
10003020:	460a      	mov	r2, r1
10003022:	7888      	ldrb	r0, [r1, #2]
10003024:	f443 7340 	orr.w	r3, r3, #768	@ 0x300
10003028:	3203      	adds	r2, #3
1000302a:	e6e8      	b.n	10002dfe <_vsnprintf+0xfa>
1000302c:	9909      	ldr	r1, [sp, #36]	@ 0x24
1000302e:	f443 7300 	orr.w	r3, r3, #512	@ 0x200
10003032:	7848      	ldrb	r0, [r1, #1]
10003034:	3201      	adds	r2, #1
10003036:	e6e2      	b.n	10002dfe <_vsnprintf+0xfa>
10003038:	9909      	ldr	r1, [sp, #36]	@ 0x24
1000303a:	7848      	ldrb	r0, [r1, #1]
1000303c:	2868      	cmp	r0, #104	@ 0x68
1000303e:	f000 8103 	beq.w	10003248 <_vsnprintf+0x544>
10003042:	f043 0380 	orr.w	r3, r3, #128	@ 0x80
10003046:	3201      	adds	r2, #1
10003048:	e6d9      	b.n	10002dfe <_vsnprintf+0xfa>
1000304a:	2867      	cmp	r0, #103	@ 0x67
1000304c:	f000 80d9 	beq.w	10003202 <_vsnprintf+0x4fe>
10003050:	2847      	cmp	r0, #71	@ 0x47
10003052:	f000 80dc 	beq.w	1000320e <_vsnprintf+0x50a>
10003056:	2845      	cmp	r0, #69	@ 0x45
10003058:	f000 80db 	beq.w	10003212 <_vsnprintf+0x50e>
1000305c:	e9cd 5303 	strd	r5, r3, [sp, #12]
10003060:	9b0a      	ldr	r3, [sp, #40]	@ 0x28
10003062:	9602      	str	r6, [sp, #8]
10003064:	3307      	adds	r3, #7
10003066:	f023 0307 	bic.w	r3, r3, #7
1000306a:	461c      	mov	r4, r3
1000306c:	4642      	mov	r2, r8
1000306e:	e8f4 6702 	ldrd	r6, r7, [r4], #8
10003072:	464b      	mov	r3, r9
10003074:	4651      	mov	r1, sl
10003076:	4658      	mov	r0, fp
10003078:	e9cd 6700 	strd	r6, r7, [sp]
1000307c:	940a      	str	r4, [sp, #40]	@ 0x28
1000307e:	f7ff fb87 	bl	10002790 <_etoa>
10003082:	4680      	mov	r8, r0
10003084:	e65c      	b.n	10002d40 <_vsnprintf+0x3c>
10003086:	2846      	cmp	r0, #70	@ 0x46
10003088:	bf08      	it	eq
1000308a:	f043 0320 	orreq.w	r3, r3, #32
1000308e:	e9cd 5303 	strd	r5, r3, [sp, #12]
10003092:	9b0a      	ldr	r3, [sp, #40]	@ 0x28
10003094:	9602      	str	r6, [sp, #8]
10003096:	3307      	adds	r3, #7
10003098:	f023 0307 	bic.w	r3, r3, #7
1000309c:	461c      	mov	r4, r3
1000309e:	4642      	mov	r2, r8
100030a0:	e8f4 6702 	ldrd	r6, r7, [r4], #8
100030a4:	464b      	mov	r3, r9
100030a6:	4651      	mov	r1, sl
100030a8:	4658      	mov	r0, fp
100030aa:	e9cd 6700 	strd	r6, r7, [sp]
100030ae:	940a      	str	r4, [sp, #40]	@ 0x28
100030b0:	f7ff f90e 	bl	100022d0 <_ftoa>
100030b4:	4680      	mov	r8, r0
100030b6:	e643      	b.n	10002d40 <_vsnprintf+0x3c>
100030b8:	4642      	mov	r2, r8
100030ba:	464b      	mov	r3, r9
100030bc:	4651      	mov	r1, sl
100030be:	2025      	movs	r0, #37	@ 0x25
100030c0:	f108 0801 	add.w	r8, r8, #1
100030c4:	47d8      	blx	fp
100030c6:	e63b      	b.n	10002d40 <_vsnprintf+0x3c>
100030c8:	9a0a      	ldr	r2, [sp, #40]	@ 0x28
100030ca:	0799      	lsls	r1, r3, #30
100030cc:	f102 0404 	add.w	r4, r2, #4
100030d0:	f108 0601 	add.w	r6, r8, #1
100030d4:	f140 80c6 	bpl.w	10003264 <_vsnprintf+0x560>
100030d8:	7810      	ldrb	r0, [r2, #0]
100030da:	464b      	mov	r3, r9
100030dc:	4642      	mov	r2, r8
100030de:	4651      	mov	r1, sl
100030e0:	47d8      	blx	fp
100030e2:	2d01      	cmp	r5, #1
100030e4:	bf88      	it	hi
100030e6:	44a8      	addhi	r8, r5
100030e8:	f240 81bd 	bls.w	10003466 <_vsnprintf+0x762>
100030ec:	4632      	mov	r2, r6
100030ee:	464b      	mov	r3, r9
100030f0:	4651      	mov	r1, sl
100030f2:	2020      	movs	r0, #32
100030f4:	3601      	adds	r6, #1
100030f6:	47d8      	blx	fp
100030f8:	4546      	cmp	r6, r8
100030fa:	d1f7      	bne.n	100030ec <_vsnprintf+0x3e8>
100030fc:	940a      	str	r4, [sp, #40]	@ 0x28
100030fe:	e61f      	b.n	10002d40 <_vsnprintf+0x3c>
10003100:	286f      	cmp	r0, #111	@ 0x6f
10003102:	f000 8081 	beq.w	10003208 <_vsnprintf+0x504>
10003106:	f240 8248 	bls.w	1000359a <_vsnprintf+0x896>
1000310a:	2878      	cmp	r0, #120	@ 0x78
1000310c:	f000 8190 	beq.w	10003430 <_vsnprintf+0x72c>
10003110:	270a      	movs	r7, #10
10003112:	f023 0310 	bic.w	r3, r3, #16
10003116:	46bc      	mov	ip, r7
10003118:	e041      	b.n	1000319e <_vsnprintf+0x49a>
1000311a:	2600      	movs	r6, #0
1000311c:	eb06 0686 	add.w	r6, r6, r6, lsl #2
10003120:	eb00 0046 	add.w	r0, r0, r6, lsl #1
10003124:	f1a0 0630 	sub.w	r6, r0, #48	@ 0x30
10003128:	f811 0f01 	ldrb.w	r0, [r1, #1]!
1000312c:	f1a0 0230 	sub.w	r2, r0, #48	@ 0x30
10003130:	2a09      	cmp	r2, #9
10003132:	d9f3      	bls.n	1000311c <_vsnprintf+0x418>
10003134:	460a      	mov	r2, r1
10003136:	9109      	str	r1, [sp, #36]	@ 0x24
10003138:	3201      	adds	r2, #1
1000313a:	e62e      	b.n	10002d9a <_vsnprintf+0x96>
1000313c:	e9dd 2109 	ldrd	r2, r1, [sp, #36]	@ 0x24
10003140:	f851 6b04 	ldr.w	r6, [r1], #4
10003144:	7890      	ldrb	r0, [r2, #2]
10003146:	3202      	adds	r2, #2
10003148:	9209      	str	r2, [sp, #36]	@ 0x24
1000314a:	910a      	str	r1, [sp, #40]	@ 0x28
1000314c:	3201      	adds	r2, #1
1000314e:	ea26 76e6 	bic.w	r6, r6, r6, asr #31
10003152:	e622      	b.n	10002d9a <_vsnprintf+0x96>
10003154:	f023 0010 	bic.w	r0, r3, #16
10003158:	f413 6280 	ands.w	r2, r3, #1024	@ 0x400
1000315c:	f040 0021 	orr.w	r0, r0, #33	@ 0x21
10003160:	f43f aee7 	beq.w	10002f32 <_vsnprintf+0x22e>
10003164:	ab12      	add	r3, sp, #72	@ 0x48
10003166:	930b      	str	r3, [sp, #44]	@ 0x2c
10003168:	9b0b      	ldr	r3, [sp, #44]	@ 0x2c
1000316a:	9006      	str	r0, [sp, #24]
1000316c:	9300      	str	r3, [sp, #0]
1000316e:	2308      	movs	r3, #8
10003170:	2010      	movs	r0, #16
10003172:	9305      	str	r3, [sp, #20]
10003174:	2300      	movs	r3, #0
10003176:	4642      	mov	r2, r8
10003178:	e9cd 3002 	strd	r3, r0, [sp, #8]
1000317c:	9101      	str	r1, [sp, #4]
1000317e:	464b      	mov	r3, r9
10003180:	4651      	mov	r1, sl
10003182:	4658      	mov	r0, fp
10003184:	9604      	str	r6, [sp, #16]
10003186:	f7fe ffad 	bl	100020e4 <_ntoa_format>
1000318a:	950a      	str	r5, [sp, #40]	@ 0x28
1000318c:	4680      	mov	r8, r0
1000318e:	e5d7      	b.n	10002d40 <_vsnprintf+0x3c>
10003190:	2858      	cmp	r0, #88	@ 0x58
10003192:	d062      	beq.n	1000325a <_vsnprintf+0x556>
10003194:	2862      	cmp	r0, #98	@ 0x62
10003196:	f040 808f 	bne.w	100032b8 <_vsnprintf+0x5b4>
1000319a:	2702      	movs	r7, #2
1000319c:	46bc      	mov	ip, r7
1000319e:	f413 6080 	ands.w	r0, r3, #1024	@ 0x400
100031a2:	f000 80dd 	beq.w	10003360 <_vsnprintf+0x65c>
100031a6:	f023 030d 	bic.w	r3, r3, #13
100031aa:	f413 7200 	ands.w	r2, r3, #512	@ 0x200
100031ae:	f040 8181 	bne.w	100034b4 <_vsnprintf+0x7b0>
100031b2:	990a      	ldr	r1, [sp, #40]	@ 0x28
100031b4:	1d0f      	adds	r7, r1, #4
100031b6:	f413 7180 	ands.w	r1, r3, #256	@ 0x100
100031ba:	f040 8237 	bne.w	1000362c <_vsnprintf+0x928>
100031be:	065c      	lsls	r4, r3, #25
100031c0:	9a0a      	ldr	r2, [sp, #40]	@ 0x28
100031c2:	f140 813b 	bpl.w	1000343c <_vsnprintf+0x738>
100031c6:	7812      	ldrb	r2, [r2, #0]
100031c8:	2a00      	cmp	r2, #0
100031ca:	f040 814e 	bne.w	1000346a <_vsnprintf+0x766>
100031ce:	f023 0310 	bic.w	r3, r3, #16
100031d2:	2800      	cmp	r0, #0
100031d4:	f000 8149 	beq.w	1000346a <_vsnprintf+0x766>
100031d8:	4611      	mov	r1, r2
100031da:	aa12      	add	r2, sp, #72	@ 0x48
100031dc:	920b      	str	r2, [sp, #44]	@ 0x2c
100031de:	e9cd 5305 	strd	r5, r3, [sp, #20]
100031e2:	e9cd c603 	strd	ip, r6, [sp, #12]
100031e6:	9101      	str	r1, [sp, #4]
100031e8:	9b0b      	ldr	r3, [sp, #44]	@ 0x2c
100031ea:	4642      	mov	r2, r8
100031ec:	9300      	str	r3, [sp, #0]
100031ee:	2300      	movs	r3, #0
100031f0:	4651      	mov	r1, sl
100031f2:	9302      	str	r3, [sp, #8]
100031f4:	4658      	mov	r0, fp
100031f6:	464b      	mov	r3, r9
100031f8:	f7fe ff74 	bl	100020e4 <_ntoa_format>
100031fc:	970a      	str	r7, [sp, #40]	@ 0x28
100031fe:	4680      	mov	r8, r0
10003200:	e59e      	b.n	10002d40 <_vsnprintf+0x3c>
10003202:	f443 6300 	orr.w	r3, r3, #2048	@ 0x800
10003206:	e729      	b.n	1000305c <_vsnprintf+0x358>
10003208:	2708      	movs	r7, #8
1000320a:	46bc      	mov	ip, r7
1000320c:	e7c7      	b.n	1000319e <_vsnprintf+0x49a>
1000320e:	f443 6300 	orr.w	r3, r3, #2048	@ 0x800
10003212:	f043 0320 	orr.w	r3, r3, #32
10003216:	e721      	b.n	1000305c <_vsnprintf+0x358>
10003218:	f013 0302 	ands.w	r3, r3, #2
1000321c:	f000 818e 	beq.w	1000353c <_vsnprintf+0x838>
10003220:	2302      	movs	r3, #2
10003222:	950a      	str	r5, [sp, #40]	@ 0x28
10003224:	461e      	mov	r6, r3
10003226:	460d      	mov	r5, r1
10003228:	4642      	mov	r2, r8
1000322a:	464b      	mov	r3, r9
1000322c:	4651      	mov	r1, sl
1000322e:	47d8      	blx	fp
10003230:	f817 0f01 	ldrb.w	r0, [r7, #1]!
10003234:	f108 0801 	add.w	r8, r8, #1
10003238:	2800      	cmp	r0, #0
1000323a:	d1f5      	bne.n	10003228 <_vsnprintf+0x524>
1000323c:	4629      	mov	r1, r5
1000323e:	4633      	mov	r3, r6
10003240:	9d0a      	ldr	r5, [sp, #40]	@ 0x28
10003242:	e6e3      	b.n	1000300c <_vsnprintf+0x308>
10003244:	1bd4      	subs	r4, r2, r7
10003246:	e6c2      	b.n	10002fce <_vsnprintf+0x2ca>
10003248:	460a      	mov	r2, r1
1000324a:	7888      	ldrb	r0, [r1, #2]
1000324c:	f043 03c0 	orr.w	r3, r3, #192	@ 0xc0
10003250:	3203      	adds	r2, #3
10003252:	e5d4      	b.n	10002dfe <_vsnprintf+0xfa>
10003254:	4604      	mov	r4, r0
10003256:	4680      	mov	r8, r0
10003258:	e646      	b.n	10002ee8 <_vsnprintf+0x1e4>
1000325a:	2710      	movs	r7, #16
1000325c:	f043 0320 	orr.w	r3, r3, #32
10003260:	46bc      	mov	ip, r7
10003262:	e79c      	b.n	1000319e <_vsnprintf+0x49a>
10003264:	2d01      	cmp	r5, #1
10003266:	f240 80f8 	bls.w	1000345a <_vsnprintf+0x756>
1000326a:	4646      	mov	r6, r8
1000326c:	f108 37ff 	add.w	r7, r8, #4294967295	@ 0xffffffff
10003270:	442f      	add	r7, r5
10003272:	4632      	mov	r2, r6
10003274:	464b      	mov	r3, r9
10003276:	4651      	mov	r1, sl
10003278:	2020      	movs	r0, #32
1000327a:	3601      	adds	r6, #1
1000327c:	47d8      	blx	fp
1000327e:	42be      	cmp	r6, r7
10003280:	d1f7      	bne.n	10003272 <_vsnprintf+0x56e>
10003282:	9b0a      	ldr	r3, [sp, #40]	@ 0x28
10003284:	4632      	mov	r2, r6
10003286:	7818      	ldrb	r0, [r3, #0]
10003288:	4651      	mov	r1, sl
1000328a:	464b      	mov	r3, r9
1000328c:	47d8      	blx	fp
1000328e:	44a8      	add	r8, r5
10003290:	940a      	str	r4, [sp, #40]	@ 0x28
10003292:	e555      	b.n	10002d40 <_vsnprintf+0x3c>
10003294:	4646      	mov	r6, r8
10003296:	42a5      	cmp	r5, r4
10003298:	f67f aebb 	bls.w	10003012 <_vsnprintf+0x30e>
1000329c:	44a8      	add	r8, r5
1000329e:	eba8 0804 	sub.w	r8, r8, r4
100032a2:	460c      	mov	r4, r1
100032a4:	4632      	mov	r2, r6
100032a6:	464b      	mov	r3, r9
100032a8:	4651      	mov	r1, sl
100032aa:	2020      	movs	r0, #32
100032ac:	3601      	adds	r6, #1
100032ae:	47d8      	blx	fp
100032b0:	4546      	cmp	r6, r8
100032b2:	d1f7      	bne.n	100032a4 <_vsnprintf+0x5a0>
100032b4:	4621      	mov	r1, r4
100032b6:	e6ac      	b.n	10003012 <_vsnprintf+0x30e>
100032b8:	f413 6280 	ands.w	r2, r3, #1024	@ 0x400
100032bc:	f000 80bb 	beq.w	10003436 <_vsnprintf+0x732>
100032c0:	f44f 6280 	mov.w	r2, #1024	@ 0x400
100032c4:	f023 0c11 	bic.w	ip, r3, #17
100032c8:	f41c 7700 	ands.w	r7, ip, #512	@ 0x200
100032cc:	9b0a      	ldr	r3, [sp, #40]	@ 0x28
100032ce:	d14a      	bne.n	10003366 <_vsnprintf+0x662>
100032d0:	f41c 7080 	ands.w	r0, ip, #256	@ 0x100
100032d4:	f103 0404 	add.w	r4, r3, #4
100032d8:	f040 8134 	bne.w	10003544 <_vsnprintf+0x840>
100032dc:	f01c 0f40 	tst.w	ip, #64	@ 0x40
100032e0:	f040 80a3 	bne.w	1000342a <_vsnprintf+0x726>
100032e4:	f01c 0f80 	tst.w	ip, #128	@ 0x80
100032e8:	f000 81d3 	beq.w	10003692 <_vsnprintf+0x98e>
100032ec:	f9b3 1000 	ldrsh.w	r1, [r3]
100032f0:	ea81 77e1 	eor.w	r7, r1, r1, asr #31
100032f4:	eba7 77e1 	sub.w	r7, r7, r1, asr #31
100032f8:	b2bf      	uxth	r7, r7
100032fa:	0fcb      	lsrs	r3, r1, #31
100032fc:	2900      	cmp	r1, #0
100032fe:	f000 8156 	beq.w	100035ae <_vsnprintf+0x8aa>
10003302:	463a      	mov	r2, r7
10003304:	a912      	add	r1, sp, #72	@ 0x48
10003306:	460f      	mov	r7, r1
10003308:	f8df e3d8 	ldr.w	lr, [pc, #984]	@ 100036e4 <_vsnprintf+0x9e0>
1000330c:	910b      	str	r1, [sp, #44]	@ 0x2c
1000330e:	930a      	str	r3, [sp, #40]	@ 0x28
10003310:	950c      	str	r5, [sp, #48]	@ 0x30
10003312:	e001      	b.n	10003318 <_vsnprintf+0x614>
10003314:	2820      	cmp	r0, #32
10003316:	d00f      	beq.n	10003338 <_vsnprintf+0x634>
10003318:	4615      	mov	r5, r2
1000331a:	fbae 1302 	umull	r1, r3, lr, r2
1000331e:	08db      	lsrs	r3, r3, #3
10003320:	eb03 0183 	add.w	r1, r3, r3, lsl #2
10003324:	eba2 0141 	sub.w	r1, r2, r1, lsl #1
10003328:	3130      	adds	r1, #48	@ 0x30
1000332a:	2d09      	cmp	r5, #9
1000332c:	461a      	mov	r2, r3
1000332e:	f100 0001 	add.w	r0, r0, #1
10003332:	f807 1b01 	strb.w	r1, [r7], #1
10003336:	d8ed      	bhi.n	10003314 <_vsnprintf+0x610>
10003338:	9b0a      	ldr	r3, [sp, #40]	@ 0x28
1000333a:	9d0c      	ldr	r5, [sp, #48]	@ 0x30
1000333c:	e9cd 5c05 	strd	r5, ip, [sp, #20]
10003340:	e9cd 0301 	strd	r0, r3, [sp, #4]
10003344:	9604      	str	r6, [sp, #16]
10003346:	9b0b      	ldr	r3, [sp, #44]	@ 0x2c
10003348:	4642      	mov	r2, r8
1000334a:	9300      	str	r3, [sp, #0]
1000334c:	230a      	movs	r3, #10
1000334e:	4651      	mov	r1, sl
10003350:	9303      	str	r3, [sp, #12]
10003352:	4658      	mov	r0, fp
10003354:	464b      	mov	r3, r9
10003356:	f7fe fec5 	bl	100020e4 <_ntoa_format>
1000335a:	940a      	str	r4, [sp, #40]	@ 0x28
1000335c:	4680      	mov	r8, r0
1000335e:	e4ef      	b.n	10002d40 <_vsnprintf+0x3c>
10003360:	f023 030c 	bic.w	r3, r3, #12
10003364:	e721      	b.n	100031aa <_vsnprintf+0x4a6>
10003366:	3307      	adds	r3, #7
10003368:	f023 0307 	bic.w	r3, r3, #7
1000336c:	4619      	mov	r1, r3
1000336e:	4608      	mov	r0, r1
10003370:	685b      	ldr	r3, [r3, #4]
10003372:	f850 1b08 	ldr.w	r1, [r0], #8
10003376:	0fdf      	lsrs	r7, r3, #31
10003378:	900a      	str	r0, [sp, #40]	@ 0x28
1000337a:	ea51 0003 	orrs.w	r0, r1, r3
1000337e:	d162      	bne.n	10003446 <_vsnprintf+0x742>
10003380:	2a00      	cmp	r2, #0
10003382:	f040 819f 	bne.w	100036c4 <_vsnprintf+0x9c0>
10003386:	4613      	mov	r3, r2
10003388:	4611      	mov	r1, r2
1000338a:	aa12      	add	r2, sp, #72	@ 0x48
1000338c:	e9cd 750c 	strd	r7, r5, [sp, #48]	@ 0x30
10003390:	2000      	movs	r0, #0
10003392:	4615      	mov	r5, r2
10003394:	e9cd 680e 	strd	r6, r8, [sp, #56]	@ 0x38
10003398:	f8df e348 	ldr.w	lr, [pc, #840]	@ 100036e4 <_vsnprintf+0x9e0>
1000339c:	920b      	str	r2, [sp, #44]	@ 0x2c
1000339e:	e001      	b.n	100033a4 <_vsnprintf+0x6a0>
100033a0:	2820      	cmp	r0, #32
100033a2:	d02d      	beq.n	10003400 <_vsnprintf+0x6fc>
100033a4:	185a      	adds	r2, r3, r1
100033a6:	f142 0200 	adc.w	r2, r2, #0
100033aa:	fbae 7802 	umull	r7, r8, lr, r2
100033ae:	f028 0703 	bic.w	r7, r8, #3
100033b2:	eb07 0798 	add.w	r7, r7, r8, lsr #2
100033b6:	1bd2      	subs	r2, r2, r7
100033b8:	461e      	mov	r6, r3
100033ba:	1a9b      	subs	r3, r3, r2
100033bc:	f161 0700 	sbc.w	r7, r1, #0
100033c0:	460c      	mov	r4, r1
100033c2:	f04f 31cc 	mov.w	r1, #3435973836	@ 0xcccccccc
100033c6:	fb01 f103 	mul.w	r1, r1, r3
100033ca:	fb0e 1107 	mla	r1, lr, r7, r1
100033ce:	fba3 730e 	umull	r7, r3, r3, lr
100033d2:	4419      	add	r1, r3
100033d4:	2305      	movs	r3, #5
100033d6:	f007 0801 	and.w	r8, r7, #1
100033da:	fba8 3803 	umull	r3, r8, r8, r3
100033de:	189b      	adds	r3, r3, r2
100033e0:	2e0a      	cmp	r6, #10
100033e2:	f103 0330 	add.w	r3, r3, #48	@ 0x30
100033e6:	ea4f 0757 	mov.w	r7, r7, lsr #1
100033ea:	f174 0400 	sbcs.w	r4, r4, #0
100033ee:	f805 3b01 	strb.w	r3, [r5], #1
100033f2:	f100 0001 	add.w	r0, r0, #1
100033f6:	ea47 73c1 	orr.w	r3, r7, r1, lsl #31
100033fa:	ea4f 0151 	mov.w	r1, r1, lsr #1
100033fe:	d2cf      	bcs.n	100033a0 <_vsnprintf+0x69c>
10003400:	e9dd 750c 	ldrd	r7, r5, [sp, #48]	@ 0x30
10003404:	e9dd 680e 	ldrd	r6, r8, [sp, #56]	@ 0x38
10003408:	9b0b      	ldr	r3, [sp, #44]	@ 0x2c
1000340a:	4642      	mov	r2, r8
1000340c:	9300      	str	r3, [sp, #0]
1000340e:	230a      	movs	r3, #10
10003410:	e9cd 5c05 	strd	r5, ip, [sp, #20]
10003414:	e9cd 0701 	strd	r0, r7, [sp, #4]
10003418:	9604      	str	r6, [sp, #16]
1000341a:	9303      	str	r3, [sp, #12]
1000341c:	464b      	mov	r3, r9
1000341e:	4651      	mov	r1, sl
10003420:	4658      	mov	r0, fp
10003422:	f7fe fe5f 	bl	100020e4 <_ntoa_format>
10003426:	4680      	mov	r8, r0
10003428:	e48a      	b.n	10002d40 <_vsnprintf+0x3c>
1000342a:	7819      	ldrb	r1, [r3, #0]
1000342c:	460f      	mov	r7, r1
1000342e:	e764      	b.n	100032fa <_vsnprintf+0x5f6>
10003430:	2710      	movs	r7, #16
10003432:	46bc      	mov	ip, r7
10003434:	e6b3      	b.n	1000319e <_vsnprintf+0x49a>
10003436:	f023 0c10 	bic.w	ip, r3, #16
1000343a:	e745      	b.n	100032c8 <_vsnprintf+0x5c4>
1000343c:	061c      	lsls	r4, r3, #24
1000343e:	bf4c      	ite	mi
10003440:	8812      	ldrhmi	r2, [r2, #0]
10003442:	6812      	ldrpl	r2, [r2, #0]
10003444:	e6c0      	b.n	100031c8 <_vsnprintf+0x4c4>
10003446:	460a      	mov	r2, r1
10003448:	1e19      	subs	r1, r3, #0
1000344a:	db01      	blt.n	10003450 <_vsnprintf+0x74c>
1000344c:	4613      	mov	r3, r2
1000344e:	e79c      	b.n	1000338a <_vsnprintf+0x686>
10003450:	4252      	negs	r2, r2
10003452:	4613      	mov	r3, r2
10003454:	eb61 0141 	sbc.w	r1, r1, r1, lsl #1
10003458:	e797      	b.n	1000338a <_vsnprintf+0x686>
1000345a:	4613      	mov	r3, r2
1000345c:	4651      	mov	r1, sl
1000345e:	7818      	ldrb	r0, [r3, #0]
10003460:	4642      	mov	r2, r8
10003462:	464b      	mov	r3, r9
10003464:	47d8      	blx	fp
10003466:	46b0      	mov	r8, r6
10003468:	e648      	b.n	100030fc <_vsnprintf+0x3f8>
1000346a:	f013 0f20 	tst.w	r3, #32
1000346e:	bf14      	ite	ne
10003470:	2041      	movne	r0, #65	@ 0x41
10003472:	2061      	moveq	r0, #97	@ 0x61
10003474:	ac12      	add	r4, sp, #72	@ 0x48
10003476:	46a6      	mov	lr, r4
10003478:	940b      	str	r4, [sp, #44]	@ 0x2c
1000347a:	930a      	str	r3, [sp, #40]	@ 0x28
1000347c:	f1a0 040a 	sub.w	r4, r0, #10
10003480:	950c      	str	r5, [sp, #48]	@ 0x30
10003482:	e002      	b.n	1000348a <_vsnprintf+0x786>
10003484:	2920      	cmp	r1, #32
10003486:	d012      	beq.n	100034ae <_vsnprintf+0x7aa>
10003488:	462a      	mov	r2, r5
1000348a:	fbb2 f5fc 	udiv	r5, r2, ip
1000348e:	fb0c 2015 	mls	r0, ip, r5, r2
10003492:	b2c3      	uxtb	r3, r0
10003494:	2809      	cmp	r0, #9
10003496:	f103 0030 	add.w	r0, r3, #48	@ 0x30
1000349a:	bf8a      	itet	hi
1000349c:	191b      	addhi	r3, r3, r4
1000349e:	b2c3      	uxtbls	r3, r0
100034a0:	b2db      	uxtbhi	r3, r3
100034a2:	4562      	cmp	r2, ip
100034a4:	f80e 3b01 	strb.w	r3, [lr], #1
100034a8:	f101 0101 	add.w	r1, r1, #1
100034ac:	d2ea      	bcs.n	10003484 <_vsnprintf+0x780>
100034ae:	9b0a      	ldr	r3, [sp, #40]	@ 0x28
100034b0:	9d0c      	ldr	r5, [sp, #48]	@ 0x30
100034b2:	e694      	b.n	100031de <_vsnprintf+0x4da>
100034b4:	9a0a      	ldr	r2, [sp, #40]	@ 0x28
100034b6:	3207      	adds	r2, #7
100034b8:	f022 0207 	bic.w	r2, r2, #7
100034bc:	6851      	ldr	r1, [r2, #4]
100034be:	f852 4b08 	ldr.w	r4, [r2], #8
100034c2:	468e      	mov	lr, r1
100034c4:	920a      	str	r2, [sp, #40]	@ 0x28
100034c6:	ea54 0201 	orrs.w	r2, r4, r1
100034ca:	d176      	bne.n	100035ba <_vsnprintf+0x8b6>
100034cc:	f023 0310 	bic.w	r3, r3, #16
100034d0:	2800      	cmp	r0, #0
100034d2:	d072      	beq.n	100035ba <_vsnprintf+0x8b6>
100034d4:	2200      	movs	r2, #0
100034d6:	4611      	mov	r1, r2
100034d8:	aa12      	add	r2, sp, #72	@ 0x48
100034da:	920b      	str	r2, [sp, #44]	@ 0x2c
100034dc:	e9cd 5305 	strd	r5, r3, [sp, #20]
100034e0:	9b0b      	ldr	r3, [sp, #44]	@ 0x2c
100034e2:	4642      	mov	r2, r8
100034e4:	9300      	str	r3, [sp, #0]
100034e6:	2300      	movs	r3, #0
100034e8:	e9cd c603 	strd	ip, r6, [sp, #12]
100034ec:	9101      	str	r1, [sp, #4]
100034ee:	9302      	str	r3, [sp, #8]
100034f0:	e794      	b.n	1000341c <_vsnprintf+0x718>
100034f2:	42a5      	cmp	r5, r4
100034f4:	bf98      	it	ls
100034f6:	3401      	addls	r4, #1
100034f8:	f67f ad74 	bls.w	10002fe4 <_vsnprintf+0x2e0>
100034fc:	f44f 6380 	mov.w	r3, #1024	@ 0x400
10003500:	e9cd 750a 	strd	r7, r5, [sp, #40]	@ 0x28
10003504:	eb05 0208 	add.w	r2, r5, r8
10003508:	461f      	mov	r7, r3
1000350a:	460d      	mov	r5, r1
1000350c:	1b14      	subs	r4, r2, r4
1000350e:	4642      	mov	r2, r8
10003510:	464b      	mov	r3, r9
10003512:	4651      	mov	r1, sl
10003514:	2020      	movs	r0, #32
10003516:	f108 0801 	add.w	r8, r8, #1
1000351a:	47d8      	blx	fp
1000351c:	45a0      	cmp	r8, r4
1000351e:	d1f6      	bne.n	1000350e <_vsnprintf+0x80a>
10003520:	463b      	mov	r3, r7
10003522:	9f0a      	ldr	r7, [sp, #40]	@ 0x28
10003524:	4629      	mov	r1, r5
10003526:	7838      	ldrb	r0, [r7, #0]
10003528:	9d0b      	ldr	r5, [sp, #44]	@ 0x2c
1000352a:	1c6c      	adds	r4, r5, #1
1000352c:	2800      	cmp	r0, #0
1000352e:	f43f ad70 	beq.w	10003012 <_vsnprintf+0x30e>
10003532:	2b00      	cmp	r3, #0
10003534:	f43f ae75 	beq.w	10003222 <_vsnprintf+0x51e>
10003538:	2300      	movs	r3, #0
1000353a:	e553      	b.n	10002fe4 <_vsnprintf+0x2e0>
1000353c:	42a5      	cmp	r5, r4
1000353e:	d8df      	bhi.n	10003500 <_vsnprintf+0x7fc>
10003540:	3401      	adds	r4, #1
10003542:	e66e      	b.n	10003222 <_vsnprintf+0x51e>
10003544:	6819      	ldr	r1, [r3, #0]
10003546:	0fcb      	lsrs	r3, r1, #31
10003548:	2900      	cmp	r1, #0
1000354a:	f000 80a8 	beq.w	1000369e <_vsnprintf+0x99a>
1000354e:	ea81 72e1 	eor.w	r2, r1, r1, asr #31
10003552:	eba2 72e1 	sub.w	r2, r2, r1, asr #31
10003556:	a912      	add	r1, sp, #72	@ 0x48
10003558:	4608      	mov	r0, r1
1000355a:	f8df e188 	ldr.w	lr, [pc, #392]	@ 100036e4 <_vsnprintf+0x9e0>
1000355e:	910b      	str	r1, [sp, #44]	@ 0x2c
10003560:	930a      	str	r3, [sp, #40]	@ 0x28
10003562:	950c      	str	r5, [sp, #48]	@ 0x30
10003564:	e001      	b.n	1000356a <_vsnprintf+0x866>
10003566:	2f20      	cmp	r7, #32
10003568:	d00f      	beq.n	1000358a <_vsnprintf+0x886>
1000356a:	4615      	mov	r5, r2
1000356c:	fbae 1302 	umull	r1, r3, lr, r2
10003570:	08db      	lsrs	r3, r3, #3
10003572:	eb03 0183 	add.w	r1, r3, r3, lsl #2
10003576:	eba2 0141 	sub.w	r1, r2, r1, lsl #1
1000357a:	3130      	adds	r1, #48	@ 0x30
1000357c:	2d09      	cmp	r5, #9
1000357e:	461a      	mov	r2, r3
10003580:	f107 0701 	add.w	r7, r7, #1
10003584:	f800 1b01 	strb.w	r1, [r0], #1
10003588:	d8ed      	bhi.n	10003566 <_vsnprintf+0x862>
1000358a:	9b0a      	ldr	r3, [sp, #40]	@ 0x28
1000358c:	9d0c      	ldr	r5, [sp, #48]	@ 0x30
1000358e:	e9cd 5c05 	strd	r5, ip, [sp, #20]
10003592:	e9cd 7301 	strd	r7, r3, [sp, #4]
10003596:	9604      	str	r6, [sp, #16]
10003598:	e6d5      	b.n	10003346 <_vsnprintf+0x642>
1000359a:	2869      	cmp	r0, #105	@ 0x69
1000359c:	f023 0c10 	bic.w	ip, r3, #16
100035a0:	f040 808c 	bne.w	100036bc <_vsnprintf+0x9b8>
100035a4:	f413 6280 	ands.w	r2, r3, #1024	@ 0x400
100035a8:	f43f ae8e 	beq.w	100032c8 <_vsnprintf+0x5c4>
100035ac:	e688      	b.n	100032c0 <_vsnprintf+0x5bc>
100035ae:	2a00      	cmp	r2, #0
100035b0:	f43f aea8 	beq.w	10003304 <_vsnprintf+0x600>
100035b4:	aa12      	add	r2, sp, #72	@ 0x48
100035b6:	920b      	str	r2, [sp, #44]	@ 0x2c
100035b8:	e6c0      	b.n	1000333c <_vsnprintf+0x638>
100035ba:	f013 0f20 	tst.w	r3, #32
100035be:	bf14      	ite	ne
100035c0:	2241      	movne	r2, #65	@ 0x41
100035c2:	2261      	moveq	r2, #97	@ 0x61
100035c4:	2000      	movs	r0, #0
100035c6:	a912      	add	r1, sp, #72	@ 0x48
100035c8:	3a0a      	subs	r2, #10
100035ca:	e9cd 680e 	strd	r6, r8, [sp, #56]	@ 0x38
100035ce:	e9cd 350c 	strd	r3, r5, [sp, #48]	@ 0x30
100035d2:	f8cd b044 	str.w	fp, [sp, #68]	@ 0x44
100035d6:	4606      	mov	r6, r0
100035d8:	4688      	mov	r8, r1
100035da:	4675      	mov	r5, lr
100035dc:	4693      	mov	fp, r2
100035de:	910b      	str	r1, [sp, #44]	@ 0x2c
100035e0:	f8cd c040 	str.w	ip, [sp, #64]	@ 0x40
100035e4:	e003      	b.n	100035ee <_vsnprintf+0x8ea>
100035e6:	2e20      	cmp	r6, #32
100035e8:	d017      	beq.n	1000361a <_vsnprintf+0x916>
100035ea:	4604      	mov	r4, r0
100035ec:	460d      	mov	r5, r1
100035ee:	4629      	mov	r1, r5
100035f0:	463a      	mov	r2, r7
100035f2:	2300      	movs	r3, #0
100035f4:	4620      	mov	r0, r4
100035f6:	f003 f83f 	bl	10006678 <____aeabi_uldivmod_veneer>
100035fa:	b2d2      	uxtb	r2, r2
100035fc:	2a09      	cmp	r2, #9
100035fe:	f102 0330 	add.w	r3, r2, #48	@ 0x30
10003602:	bf88      	it	hi
10003604:	eb02 030b 	addhi.w	r3, r2, fp
10003608:	42bc      	cmp	r4, r7
1000360a:	b2db      	uxtb	r3, r3
1000360c:	f175 0500 	sbcs.w	r5, r5, #0
10003610:	f808 3b01 	strb.w	r3, [r8], #1
10003614:	f106 0601 	add.w	r6, r6, #1
10003618:	d2e5      	bcs.n	100035e6 <_vsnprintf+0x8e2>
1000361a:	4631      	mov	r1, r6
1000361c:	e9dd 350c 	ldrd	r3, r5, [sp, #48]	@ 0x30
10003620:	e9dd cb10 	ldrd	ip, fp, [sp, #64]	@ 0x40
10003624:	f8dd 803c 	ldr.w	r8, [sp, #60]	@ 0x3c
10003628:	9e0e      	ldr	r6, [sp, #56]	@ 0x38
1000362a:	e757      	b.n	100034dc <_vsnprintf+0x7d8>
1000362c:	990a      	ldr	r1, [sp, #40]	@ 0x28
1000362e:	6809      	ldr	r1, [r1, #0]
10003630:	b951      	cbnz	r1, 10003648 <_vsnprintf+0x944>
10003632:	f023 0310 	bic.w	r3, r3, #16
10003636:	b138      	cbz	r0, 10003648 <_vsnprintf+0x944>
10003638:	a912      	add	r1, sp, #72	@ 0x48
1000363a:	910b      	str	r1, [sp, #44]	@ 0x2c
1000363c:	e9cd 5305 	strd	r5, r3, [sp, #20]
10003640:	e9cd c603 	strd	ip, r6, [sp, #12]
10003644:	9201      	str	r2, [sp, #4]
10003646:	e5cf      	b.n	100031e8 <_vsnprintf+0x4e4>
10003648:	f013 0f20 	tst.w	r3, #32
1000364c:	bf14      	ite	ne
1000364e:	2041      	movne	r0, #65	@ 0x41
10003650:	2061      	moveq	r0, #97	@ 0x61
10003652:	ac12      	add	r4, sp, #72	@ 0x48
10003654:	46a6      	mov	lr, r4
10003656:	940b      	str	r4, [sp, #44]	@ 0x2c
10003658:	930a      	str	r3, [sp, #40]	@ 0x28
1000365a:	f1a0 040a 	sub.w	r4, r0, #10
1000365e:	950c      	str	r5, [sp, #48]	@ 0x30
10003660:	e002      	b.n	10003668 <_vsnprintf+0x964>
10003662:	2a20      	cmp	r2, #32
10003664:	d012      	beq.n	1000368c <_vsnprintf+0x988>
10003666:	4629      	mov	r1, r5
10003668:	fbb1 f5fc 	udiv	r5, r1, ip
1000366c:	fb0c 1015 	mls	r0, ip, r5, r1
10003670:	b2c3      	uxtb	r3, r0
10003672:	2809      	cmp	r0, #9
10003674:	f103 0030 	add.w	r0, r3, #48	@ 0x30
10003678:	bf8a      	itet	hi
1000367a:	191b      	addhi	r3, r3, r4
1000367c:	b2c3      	uxtbls	r3, r0
1000367e:	b2db      	uxtbhi	r3, r3
10003680:	4561      	cmp	r1, ip
10003682:	f80e 3b01 	strb.w	r3, [lr], #1
10003686:	f102 0201 	add.w	r2, r2, #1
1000368a:	d2ea      	bcs.n	10003662 <_vsnprintf+0x95e>
1000368c:	9b0a      	ldr	r3, [sp, #40]	@ 0x28
1000368e:	9d0c      	ldr	r5, [sp, #48]	@ 0x30
10003690:	e7d4      	b.n	1000363c <_vsnprintf+0x938>
10003692:	6819      	ldr	r1, [r3, #0]
10003694:	ea81 77e1 	eor.w	r7, r1, r1, asr #31
10003698:	eba7 77e1 	sub.w	r7, r7, r1, asr #31
1000369c:	e62d      	b.n	100032fa <_vsnprintf+0x5f6>
1000369e:	2a00      	cmp	r2, #0
100036a0:	f43f af59 	beq.w	10003556 <_vsnprintf+0x852>
100036a4:	aa12      	add	r2, sp, #72	@ 0x48
100036a6:	920b      	str	r2, [sp, #44]	@ 0x2c
100036a8:	e771      	b.n	1000358e <_vsnprintf+0x88a>
100036aa:	f413 6480 	ands.w	r4, r3, #1024	@ 0x400
100036ae:	d00d      	beq.n	100036cc <_vsnprintf+0x9c8>
100036b0:	f013 0402 	ands.w	r4, r3, #2
100036b4:	d012      	beq.n	100036dc <_vsnprintf+0x9d8>
100036b6:	4604      	mov	r4, r0
100036b8:	4646      	mov	r6, r8
100036ba:	e5ec      	b.n	10003296 <_vsnprintf+0x592>
100036bc:	270a      	movs	r7, #10
100036be:	4663      	mov	r3, ip
100036c0:	46bc      	mov	ip, r7
100036c2:	e56c      	b.n	1000319e <_vsnprintf+0x49a>
100036c4:	ab12      	add	r3, sp, #72	@ 0x48
100036c6:	2000      	movs	r0, #0
100036c8:	930b      	str	r3, [sp, #44]	@ 0x2c
100036ca:	e69d      	b.n	10003408 <_vsnprintf+0x704>
100036cc:	f013 0302 	ands.w	r3, r3, #2
100036d0:	f47f ade0 	bne.w	10003294 <_vsnprintf+0x590>
100036d4:	2d00      	cmp	r5, #0
100036d6:	f47f af13 	bne.w	10003500 <_vsnprintf+0x7fc>
100036da:	e49a      	b.n	10003012 <_vsnprintf+0x30e>
100036dc:	2d00      	cmp	r5, #0
100036de:	f47f af0d 	bne.w	100034fc <_vsnprintf+0x7f8>
100036e2:	e496      	b.n	10003012 <_vsnprintf+0x30e>
100036e4:	cccccccd 	.word	0xcccccccd

100036e8 <__wrap_sprintf>:
100036e8:	b40e      	push	{r1, r2, r3}
100036ea:	b510      	push	{r4, lr}
100036ec:	b085      	sub	sp, #20
100036ee:	ac07      	add	r4, sp, #28
100036f0:	f854 3b04 	ldr.w	r3, [r4], #4
100036f4:	4601      	mov	r1, r0
100036f6:	f04f 32ff 	mov.w	r2, #4294967295	@ 0xffffffff
100036fa:	9400      	str	r4, [sp, #0]
100036fc:	4804      	ldr	r0, [pc, #16]	@ (10003710 <__wrap_sprintf+0x28>)
100036fe:	9403      	str	r4, [sp, #12]
10003700:	f7ff fb00 	bl	10002d04 <_vsnprintf>
10003704:	b005      	add	sp, #20
10003706:	e8bd 4010 	ldmia.w	sp!, {r4, lr}
1000370a:	b003      	add	sp, #12
1000370c:	4770      	bx	lr
1000370e:	bf00      	nop
10003710:	1000203d 	.word	0x1000203d

10003714 <vfctprintf>:
10003714:	b570      	push	{r4, r5, r6, lr}
10003716:	4694      	mov	ip, r2
10003718:	461e      	mov	r6, r3
1000371a:	4605      	mov	r5, r0
1000371c:	460c      	mov	r4, r1
1000371e:	b084      	sub	sp, #16
10003720:	f04f 32ff 	mov.w	r2, #4294967295	@ 0xffffffff
10003724:	4663      	mov	r3, ip
10003726:	a902      	add	r1, sp, #8
10003728:	9600      	str	r6, [sp, #0]
1000372a:	4803      	ldr	r0, [pc, #12]	@ (10003738 <vfctprintf+0x24>)
1000372c:	e9cd 5402 	strd	r5, r4, [sp, #8]
10003730:	f7ff fae8 	bl	10002d04 <_vsnprintf>
10003734:	b004      	add	sp, #16
10003736:	bd70      	pop	{r4, r5, r6, pc}
10003738:	100022c1 	.word	0x100022c1

1000373c <weak_raw_vprintf>:
1000373c:	b510      	push	{r4, lr}
1000373e:	4b09      	ldr	r3, [pc, #36]	@ (10003764 <weak_raw_vprintf+0x28>)
10003740:	b084      	sub	sp, #16
10003742:	681c      	ldr	r4, [r3, #0]
10003744:	b14c      	cbz	r4, 1000375a <weak_raw_vprintf+0x1e>
10003746:	4603      	mov	r3, r0
10003748:	9100      	str	r1, [sp, #0]
1000374a:	f04f 32ff 	mov.w	r2, #4294967295	@ 0xffffffff
1000374e:	a903      	add	r1, sp, #12
10003750:	4805      	ldr	r0, [pc, #20]	@ (10003768 <weak_raw_vprintf+0x2c>)
10003752:	47a0      	blx	r4
10003754:	2001      	movs	r0, #1
10003756:	b004      	add	sp, #16
10003758:	bd10      	pop	{r4, pc}
1000375a:	f000 f979 	bl	10003a50 <__wrap_puts>
1000375e:	4620      	mov	r0, r4
10003760:	b004      	add	sp, #16
10003762:	bd10      	pop	{r4, pc}
10003764:	20002154 	.word	0x20002154
10003768:	100022b9 	.word	0x100022b9

1000376c <_exit>:
1000376c:	be00      	bkpt	0x0000
1000376e:	e7fd      	b.n	1000376c <_exit>

10003770 <exit>:
10003770:	b508      	push	{r3, lr}
10003772:	f7ff fffb 	bl	1000376c <_exit>
10003776:	bf00      	nop

10003778 <runtime_init>:
10003778:	b538      	push	{r3, r4, r5, lr}
1000377a:	4c06      	ldr	r4, [pc, #24]	@ (10003794 <runtime_init+0x1c>)
1000377c:	4d06      	ldr	r5, [pc, #24]	@ (10003798 <runtime_init+0x20>)
1000377e:	f7fe f9dd 	bl	10001b3c <runtime_run_initializers>
10003782:	42ac      	cmp	r4, r5
10003784:	d204      	bcs.n	10003790 <runtime_init+0x18>
10003786:	f854 3b04 	ldr.w	r3, [r4], #4
1000378a:	4798      	blx	r3
1000378c:	42ac      	cmp	r4, r5
1000378e:	d3fa      	bcc.n	10003786 <runtime_init+0xe>
10003790:	bd38      	pop	{r3, r4, r5, pc}
10003792:	bf00      	nop
10003794:	100066f8 	.word	0x100066f8
10003798:	10006700 	.word	0x10006700

1000379c <stdio_out_chars_no_crlf>:
1000379c:	6803      	ldr	r3, [r0, #0]
1000379e:	4608      	mov	r0, r1
100037a0:	4611      	mov	r1, r2
100037a2:	4718      	bx	r3

100037a4 <stdio_out_chars_crlf>:
100037a4:	e92d 41f0 	stmdb	sp!, {r4, r5, r6, r7, r8, lr}
100037a8:	4615      	mov	r5, r2
100037aa:	7d42      	ldrb	r2, [r0, #21]
100037ac:	4607      	mov	r7, r0
100037ae:	4688      	mov	r8, r1
100037b0:	2a00      	cmp	r2, #0
100037b2:	d046      	beq.n	10003842 <stdio_out_chars_crlf+0x9e>
100037b4:	2d00      	cmp	r5, #0
100037b6:	dd1d      	ble.n	100037f4 <stdio_out_chars_crlf+0x50>
100037b8:	780b      	ldrb	r3, [r1, #0]
100037ba:	2b0a      	cmp	r3, #10
100037bc:	d023      	beq.n	10003806 <stdio_out_chars_crlf+0x62>
100037be:	2d01      	cmp	r5, #1
100037c0:	f04f 0c00 	mov.w	ip, #0
100037c4:	d018      	beq.n	100037f8 <stdio_out_chars_crlf+0x54>
100037c6:	4646      	mov	r6, r8
100037c8:	2401      	movs	r4, #1
100037ca:	f816 2f01 	ldrb.w	r2, [r6, #1]!
100037ce:	4621      	mov	r1, r4
100037d0:	2a0a      	cmp	r2, #10
100037d2:	f104 0401 	add.w	r4, r4, #1
100037d6:	d022      	beq.n	1000381e <stdio_out_chars_crlf+0x7a>
100037d8:	42a5      	cmp	r5, r4
100037da:	d1f6      	bne.n	100037ca <stdio_out_chars_crlf+0x26>
100037dc:	4565      	cmp	r5, ip
100037de:	dc0b      	bgt.n	100037f8 <stdio_out_chars_crlf+0x54>
100037e0:	eb08 0305 	add.w	r3, r8, r5
100037e4:	f813 3c01 	ldrb.w	r3, [r3, #-1]
100037e8:	f1a3 030d 	sub.w	r3, r3, #13
100037ec:	fab3 f383 	clz	r3, r3
100037f0:	095b      	lsrs	r3, r3, #5
100037f2:	753b      	strb	r3, [r7, #20]
100037f4:	e8bd 81f0 	ldmia.w	sp!, {r4, r5, r6, r7, r8, pc}
100037f8:	683b      	ldr	r3, [r7, #0]
100037fa:	eba5 010c 	sub.w	r1, r5, ip
100037fe:	eb08 000c 	add.w	r0, r8, ip
10003802:	4798      	blx	r3
10003804:	e7ec      	b.n	100037e0 <stdio_out_chars_crlf+0x3c>
10003806:	7d03      	ldrb	r3, [r0, #20]
10003808:	2b00      	cmp	r3, #0
1000380a:	d1d8      	bne.n	100037be <stdio_out_chars_crlf+0x1a>
1000380c:	6803      	ldr	r3, [r0, #0]
1000380e:	2102      	movs	r1, #2
10003810:	480f      	ldr	r0, [pc, #60]	@ (10003850 <stdio_out_chars_crlf+0xac>)
10003812:	4798      	blx	r3
10003814:	2d01      	cmp	r5, #1
10003816:	d0e3      	beq.n	100037e0 <stdio_out_chars_crlf+0x3c>
10003818:	f04f 0c01 	mov.w	ip, #1
1000381c:	e7d3      	b.n	100037c6 <stdio_out_chars_crlf+0x22>
1000381e:	f816 3c01 	ldrb.w	r3, [r6, #-1]
10003822:	2b0d      	cmp	r3, #13
10003824:	d0d8      	beq.n	100037d8 <stdio_out_chars_crlf+0x34>
10003826:	458c      	cmp	ip, r1
10003828:	eb08 000c 	add.w	r0, r8, ip
1000382c:	eba1 010c 	sub.w	r1, r1, ip
10003830:	da01      	bge.n	10003836 <stdio_out_chars_crlf+0x92>
10003832:	683b      	ldr	r3, [r7, #0]
10003834:	4798      	blx	r3
10003836:	2102      	movs	r1, #2
10003838:	4805      	ldr	r0, [pc, #20]	@ (10003850 <stdio_out_chars_crlf+0xac>)
1000383a:	683b      	ldr	r3, [r7, #0]
1000383c:	4798      	blx	r3
1000383e:	46a4      	mov	ip, r4
10003840:	e7ca      	b.n	100037d8 <stdio_out_chars_crlf+0x34>
10003842:	4629      	mov	r1, r5
10003844:	4640      	mov	r0, r8
10003846:	683b      	ldr	r3, [r7, #0]
10003848:	e8bd 41f0 	ldmia.w	sp!, {r4, r5, r6, r7, r8, lr}
1000384c:	4718      	bx	r3
1000384e:	bf00      	nop
10003850:	10006b70 	.word	0x10006b70

10003854 <stdio_buffered_printer>:
10003854:	680b      	ldr	r3, [r1, #0]
10003856:	e92d 41f0 	stmdb	sp!, {r4, r5, r6, r7, r8, lr}
1000385a:	2b80      	cmp	r3, #128	@ 0x80
1000385c:	460d      	mov	r5, r1
1000385e:	4606      	mov	r6, r0
10003860:	d005      	beq.n	1000386e <stdio_buffered_printer+0x1a>
10003862:	1c5a      	adds	r2, r3, #1
10003864:	442b      	add	r3, r5
10003866:	602a      	str	r2, [r5, #0]
10003868:	711e      	strb	r6, [r3, #4]
1000386a:	e8bd 81f0 	ldmia.w	sp!, {r4, r5, r6, r7, r8, pc}
1000386e:	4b0f      	ldr	r3, [pc, #60]	@ (100038ac <stdio_buffered_printer+0x58>)
10003870:	681c      	ldr	r4, [r3, #0]
10003872:	b1a4      	cbz	r4, 1000389e <stdio_buffered_printer+0x4a>
10003874:	4f0e      	ldr	r7, [pc, #56]	@ (100038b0 <stdio_buffered_printer+0x5c>)
10003876:	f101 0804 	add.w	r8, r1, #4
1000387a:	e001      	b.n	10003880 <stdio_buffered_printer+0x2c>
1000387c:	6924      	ldr	r4, [r4, #16]
1000387e:	b174      	cbz	r4, 1000389e <stdio_buffered_printer+0x4a>
10003880:	6823      	ldr	r3, [r4, #0]
10003882:	2b00      	cmp	r3, #0
10003884:	d0fa      	beq.n	1000387c <stdio_buffered_printer+0x28>
10003886:	683b      	ldr	r3, [r7, #0]
10003888:	b10b      	cbz	r3, 1000388e <stdio_buffered_printer+0x3a>
1000388a:	42a3      	cmp	r3, r4
1000388c:	d1f6      	bne.n	1000387c <stdio_buffered_printer+0x28>
1000388e:	4620      	mov	r0, r4
10003890:	4641      	mov	r1, r8
10003892:	682a      	ldr	r2, [r5, #0]
10003894:	f7ff ff86 	bl	100037a4 <stdio_out_chars_crlf>
10003898:	6924      	ldr	r4, [r4, #16]
1000389a:	2c00      	cmp	r4, #0
1000389c:	d1f0      	bne.n	10003880 <stdio_buffered_printer+0x2c>
1000389e:	2300      	movs	r3, #0
100038a0:	2201      	movs	r2, #1
100038a2:	442b      	add	r3, r5
100038a4:	602a      	str	r2, [r5, #0]
100038a6:	711e      	strb	r6, [r3, #4]
100038a8:	e8bd 81f0 	ldmia.w	sp!, {r4, r5, r6, r7, r8, pc}
100038ac:	20001d48 	.word	0x20001d48
100038b0:	20001d50 	.word	0x20001d50

100038b4 <stdio_put_string>:
100038b4:	e92d 47f0 	stmdb	sp!, {r4, r5, r6, r7, r8, r9, sl, lr}
100038b8:	b082      	sub	sp, #8
100038ba:	460d      	mov	r5, r1
100038bc:	4691      	mov	r9, r2
100038be:	461c      	mov	r4, r3
100038c0:	4606      	mov	r6, r0
100038c2:	f7fd ffa7 	bl	10001814 <time_us_64>
100038c6:	f04f 3cff 	mov.w	ip, #4294967295	@ 0xffffffff
100038ca:	f06f 4700 	mvn.w	r7, #2147483648	@ 0x80000000
100038ce:	4a2e      	ldr	r2, [pc, #184]	@ (10003988 <stdio_put_string+0xd4>)
100038d0:	1882      	adds	r2, r0, r2
100038d2:	f141 0300 	adc.w	r3, r1, #0
100038d6:	4594      	cmp	ip, r2
100038d8:	eb77 0103 	sbcs.w	r1, r7, r3
100038dc:	bf3c      	itt	cc
100038de:	4662      	movcc	r2, ip
100038e0:	463b      	movcc	r3, r7
100038e2:	482a      	ldr	r0, [pc, #168]	@ (1000398c <stdio_put_string+0xd8>)
100038e4:	f002 fed8 	bl	10006698 <__mutex_try_enter_block_until_veneer>
100038e8:	1c6b      	adds	r3, r5, #1
100038ea:	4680      	mov	r8, r0
100038ec:	d040      	beq.n	10003970 <stdio_put_string+0xbc>
100038ee:	b30c      	cbz	r4, 10003934 <stdio_put_string+0x80>
100038f0:	4f27      	ldr	r7, [pc, #156]	@ (10003990 <stdio_put_string+0xdc>)
100038f2:	4b28      	ldr	r3, [pc, #160]	@ (10003994 <stdio_put_string+0xe0>)
100038f4:	681c      	ldr	r4, [r3, #0]
100038f6:	b1b4      	cbz	r4, 10003926 <stdio_put_string+0x72>
100038f8:	f1b9 0f00 	cmp.w	r9, #0
100038fc:	d11c      	bne.n	10003938 <stdio_put_string+0x84>
100038fe:	f8df 909c 	ldr.w	r9, [pc, #156]	@ 1000399c <stdio_put_string+0xe8>
10003902:	e001      	b.n	10003908 <stdio_put_string+0x54>
10003904:	6924      	ldr	r4, [r4, #16]
10003906:	b174      	cbz	r4, 10003926 <stdio_put_string+0x72>
10003908:	6823      	ldr	r3, [r4, #0]
1000390a:	2b00      	cmp	r3, #0
1000390c:	d0fa      	beq.n	10003904 <stdio_put_string+0x50>
1000390e:	f8d9 3000 	ldr.w	r3, [r9]
10003912:	b10b      	cbz	r3, 10003918 <stdio_put_string+0x64>
10003914:	429c      	cmp	r4, r3
10003916:	d1f5      	bne.n	10003904 <stdio_put_string+0x50>
10003918:	4620      	mov	r0, r4
1000391a:	462a      	mov	r2, r5
1000391c:	4631      	mov	r1, r6
1000391e:	47b8      	blx	r7
10003920:	6924      	ldr	r4, [r4, #16]
10003922:	2c00      	cmp	r4, #0
10003924:	d1f0      	bne.n	10003908 <stdio_put_string+0x54>
10003926:	f1b8 0f00 	cmp.w	r8, #0
1000392a:	d126      	bne.n	1000397a <stdio_put_string+0xc6>
1000392c:	4628      	mov	r0, r5
1000392e:	b002      	add	sp, #8
10003930:	e8bd 87f0 	ldmia.w	sp!, {r4, r5, r6, r7, r8, r9, sl, pc}
10003934:	4f18      	ldr	r7, [pc, #96]	@ (10003998 <stdio_put_string+0xe4>)
10003936:	e7dc      	b.n	100038f2 <stdio_put_string+0x3e>
10003938:	f04f 0a0a 	mov.w	sl, #10
1000393c:	f8df 905c 	ldr.w	r9, [pc, #92]	@ 1000399c <stdio_put_string+0xe8>
10003940:	e002      	b.n	10003948 <stdio_put_string+0x94>
10003942:	6924      	ldr	r4, [r4, #16]
10003944:	2c00      	cmp	r4, #0
10003946:	d0ee      	beq.n	10003926 <stdio_put_string+0x72>
10003948:	6823      	ldr	r3, [r4, #0]
1000394a:	2b00      	cmp	r3, #0
1000394c:	d0f9      	beq.n	10003942 <stdio_put_string+0x8e>
1000394e:	f8d9 3000 	ldr.w	r3, [r9]
10003952:	b10b      	cbz	r3, 10003958 <stdio_put_string+0xa4>
10003954:	42a3      	cmp	r3, r4
10003956:	d1f4      	bne.n	10003942 <stdio_put_string+0x8e>
10003958:	462a      	mov	r2, r5
1000395a:	4631      	mov	r1, r6
1000395c:	4620      	mov	r0, r4
1000395e:	47b8      	blx	r7
10003960:	2201      	movs	r2, #1
10003962:	4620      	mov	r0, r4
10003964:	f10d 0107 	add.w	r1, sp, #7
10003968:	f88d a007 	strb.w	sl, [sp, #7]
1000396c:	47b8      	blx	r7
1000396e:	e7e8      	b.n	10003942 <stdio_put_string+0x8e>
10003970:	4630      	mov	r0, r6
10003972:	f002 fe45 	bl	10006600 <strlen>
10003976:	4605      	mov	r5, r0
10003978:	e7b9      	b.n	100038ee <stdio_put_string+0x3a>
1000397a:	4804      	ldr	r0, [pc, #16]	@ (1000398c <stdio_put_string+0xd8>)
1000397c:	f002 fe80 	bl	10006680 <__mutex_exit_veneer>
10003980:	4628      	mov	r0, r5
10003982:	b002      	add	sp, #8
10003984:	e8bd 87f0 	ldmia.w	sp!, {r4, r5, r6, r7, r8, r9, sl, pc}
10003988:	000f4240 	.word	0x000f4240
1000398c:	2000159c 	.word	0x2000159c
10003990:	100037a5 	.word	0x100037a5
10003994:	20001d48 	.word	0x20001d48
10003998:	1000379d 	.word	0x1000379d
1000399c:	20001d50 	.word	0x20001d50

100039a0 <stdio_set_driver_enabled>:
100039a0:	4a08      	ldr	r2, [pc, #32]	@ (100039c4 <stdio_set_driver_enabled+0x24>)
100039a2:	6813      	ldr	r3, [r2, #0]
100039a4:	b923      	cbnz	r3, 100039b0 <stdio_set_driver_enabled+0x10>
100039a6:	e00a      	b.n	100039be <stdio_set_driver_enabled+0x1e>
100039a8:	f103 0210 	add.w	r2, r3, #16
100039ac:	691b      	ldr	r3, [r3, #16]
100039ae:	b133      	cbz	r3, 100039be <stdio_set_driver_enabled+0x1e>
100039b0:	4283      	cmp	r3, r0
100039b2:	d1f9      	bne.n	100039a8 <stdio_set_driver_enabled+0x8>
100039b4:	b929      	cbnz	r1, 100039c2 <stdio_set_driver_enabled+0x22>
100039b6:	6918      	ldr	r0, [r3, #16]
100039b8:	6010      	str	r0, [r2, #0]
100039ba:	6119      	str	r1, [r3, #16]
100039bc:	4770      	bx	lr
100039be:	b101      	cbz	r1, 100039c2 <stdio_set_driver_enabled+0x22>
100039c0:	6010      	str	r0, [r2, #0]
100039c2:	4770      	bx	lr
100039c4:	20001d48 	.word	0x20001d48

100039c8 <stdio_init_all>:
100039c8:	f000 bade 	b.w	10003f88 <stdio_usb_init>

100039cc <__wrap_putchar>:
100039cc:	b5f0      	push	{r4, r5, r6, r7, lr}
100039ce:	b083      	sub	sp, #12
100039d0:	4606      	mov	r6, r0
100039d2:	f88d 0007 	strb.w	r0, [sp, #7]
100039d6:	f7fd ff1d 	bl	10001814 <time_us_64>
100039da:	f04f 35ff 	mov.w	r5, #4294967295	@ 0xffffffff
100039de:	f06f 4400 	mvn.w	r4, #2147483648	@ 0x80000000
100039e2:	4a17      	ldr	r2, [pc, #92]	@ (10003a40 <__wrap_putchar+0x74>)
100039e4:	1882      	adds	r2, r0, r2
100039e6:	f141 0300 	adc.w	r3, r1, #0
100039ea:	4295      	cmp	r5, r2
100039ec:	eb74 0103 	sbcs.w	r1, r4, r3
100039f0:	bf3c      	itt	cc
100039f2:	4623      	movcc	r3, r4
100039f4:	462a      	movcc	r2, r5
100039f6:	4813      	ldr	r0, [pc, #76]	@ (10003a44 <__wrap_putchar+0x78>)
100039f8:	f002 fe4e 	bl	10006698 <__mutex_try_enter_block_until_veneer>
100039fc:	4b12      	ldr	r3, [pc, #72]	@ (10003a48 <__wrap_putchar+0x7c>)
100039fe:	4607      	mov	r7, r0
10003a00:	681c      	ldr	r4, [r3, #0]
10003a02:	b19c      	cbz	r4, 10003a2c <__wrap_putchar+0x60>
10003a04:	4d11      	ldr	r5, [pc, #68]	@ (10003a4c <__wrap_putchar+0x80>)
10003a06:	e001      	b.n	10003a0c <__wrap_putchar+0x40>
10003a08:	6924      	ldr	r4, [r4, #16]
10003a0a:	b17c      	cbz	r4, 10003a2c <__wrap_putchar+0x60>
10003a0c:	6823      	ldr	r3, [r4, #0]
10003a0e:	2b00      	cmp	r3, #0
10003a10:	d0fa      	beq.n	10003a08 <__wrap_putchar+0x3c>
10003a12:	682b      	ldr	r3, [r5, #0]
10003a14:	b10b      	cbz	r3, 10003a1a <__wrap_putchar+0x4e>
10003a16:	429c      	cmp	r4, r3
10003a18:	d1f6      	bne.n	10003a08 <__wrap_putchar+0x3c>
10003a1a:	4620      	mov	r0, r4
10003a1c:	2201      	movs	r2, #1
10003a1e:	f10d 0107 	add.w	r1, sp, #7
10003a22:	f7ff febf 	bl	100037a4 <stdio_out_chars_crlf>
10003a26:	6924      	ldr	r4, [r4, #16]
10003a28:	2c00      	cmp	r4, #0
10003a2a:	d1ef      	bne.n	10003a0c <__wrap_putchar+0x40>
10003a2c:	b917      	cbnz	r7, 10003a34 <__wrap_putchar+0x68>
10003a2e:	4630      	mov	r0, r6
10003a30:	b003      	add	sp, #12
10003a32:	bdf0      	pop	{r4, r5, r6, r7, pc}
10003a34:	4803      	ldr	r0, [pc, #12]	@ (10003a44 <__wrap_putchar+0x78>)
10003a36:	f002 fe23 	bl	10006680 <__mutex_exit_veneer>
10003a3a:	4630      	mov	r0, r6
10003a3c:	b003      	add	sp, #12
10003a3e:	bdf0      	pop	{r4, r5, r6, r7, pc}
10003a40:	000f4240 	.word	0x000f4240
10003a44:	2000159c 	.word	0x2000159c
10003a48:	20001d48 	.word	0x20001d48
10003a4c:	20001d50 	.word	0x20001d50

10003a50 <__wrap_puts>:
10003a50:	b538      	push	{r3, r4, r5, lr}
10003a52:	4604      	mov	r4, r0
10003a54:	f002 fdd4 	bl	10006600 <strlen>
10003a58:	2301      	movs	r3, #1
10003a5a:	4605      	mov	r5, r0
10003a5c:	461a      	mov	r2, r3
10003a5e:	4620      	mov	r0, r4
10003a60:	4629      	mov	r1, r5
10003a62:	f7ff ff27 	bl	100038b4 <stdio_put_string>
10003a66:	4b08      	ldr	r3, [pc, #32]	@ (10003a88 <__wrap_puts+0x38>)
10003a68:	681c      	ldr	r4, [r3, #0]
10003a6a:	b12c      	cbz	r4, 10003a78 <__wrap_puts+0x28>
10003a6c:	6863      	ldr	r3, [r4, #4]
10003a6e:	b12b      	cbz	r3, 10003a7c <__wrap_puts+0x2c>
10003a70:	4798      	blx	r3
10003a72:	6924      	ldr	r4, [r4, #16]
10003a74:	2c00      	cmp	r4, #0
10003a76:	d1f9      	bne.n	10003a6c <__wrap_puts+0x1c>
10003a78:	4628      	mov	r0, r5
10003a7a:	bd38      	pop	{r3, r4, r5, pc}
10003a7c:	6924      	ldr	r4, [r4, #16]
10003a7e:	2c00      	cmp	r4, #0
10003a80:	d1f4      	bne.n	10003a6c <__wrap_puts+0x1c>
10003a82:	4628      	mov	r0, r5
10003a84:	bd38      	pop	{r3, r4, r5, pc}
10003a86:	bf00      	nop
10003a88:	20001d48 	.word	0x20001d48

10003a8c <__wrap_vprintf>:
10003a8c:	e92d 41f0 	stmdb	sp!, {r4, r5, r6, r7, r8, lr}
10003a90:	b0a2      	sub	sp, #136	@ 0x88
10003a92:	4604      	mov	r4, r0
10003a94:	460d      	mov	r5, r1
10003a96:	f7fd febd 	bl	10001814 <time_us_64>
10003a9a:	f04f 37ff 	mov.w	r7, #4294967295	@ 0xffffffff
10003a9e:	f06f 4600 	mvn.w	r6, #2147483648	@ 0x80000000
10003aa2:	4a26      	ldr	r2, [pc, #152]	@ (10003b3c <__wrap_vprintf+0xb0>)
10003aa4:	f8df 80a4 	ldr.w	r8, [pc, #164]	@ 10003b4c <__wrap_vprintf+0xc0>
10003aa8:	1882      	adds	r2, r0, r2
10003aaa:	f141 0300 	adc.w	r3, r1, #0
10003aae:	4297      	cmp	r7, r2
10003ab0:	eb76 0103 	sbcs.w	r1, r6, r3
10003ab4:	bf3c      	itt	cc
10003ab6:	463a      	movcc	r2, r7
10003ab8:	4633      	movcc	r3, r6
10003aba:	4821      	ldr	r0, [pc, #132]	@ (10003b40 <__wrap_vprintf+0xb4>)
10003abc:	f002 fdec 	bl	10006698 <__mutex_try_enter_block_until_veneer>
10003ac0:	2700      	movs	r7, #0
10003ac2:	462b      	mov	r3, r5
10003ac4:	4622      	mov	r2, r4
10003ac6:	4606      	mov	r6, r0
10003ac8:	a901      	add	r1, sp, #4
10003aca:	481e      	ldr	r0, [pc, #120]	@ (10003b44 <__wrap_vprintf+0xb8>)
10003acc:	9701      	str	r7, [sp, #4]
10003ace:	f7ff fe21 	bl	10003714 <vfctprintf>
10003ad2:	9b01      	ldr	r3, [sp, #4]
10003ad4:	4605      	mov	r5, r0
10003ad6:	f8d8 4000 	ldr.w	r4, [r8]
10003ada:	b1c3      	cbz	r3, 10003b0e <__wrap_vprintf+0x82>
10003adc:	2c00      	cmp	r4, #0
10003ade:	d02b      	beq.n	10003b38 <__wrap_vprintf+0xac>
10003ae0:	4f19      	ldr	r7, [pc, #100]	@ (10003b48 <__wrap_vprintf+0xbc>)
10003ae2:	e001      	b.n	10003ae8 <__wrap_vprintf+0x5c>
10003ae4:	6924      	ldr	r4, [r4, #16]
10003ae6:	b174      	cbz	r4, 10003b06 <__wrap_vprintf+0x7a>
10003ae8:	6823      	ldr	r3, [r4, #0]
10003aea:	2b00      	cmp	r3, #0
10003aec:	d0fa      	beq.n	10003ae4 <__wrap_vprintf+0x58>
10003aee:	683b      	ldr	r3, [r7, #0]
10003af0:	b10b      	cbz	r3, 10003af6 <__wrap_vprintf+0x6a>
10003af2:	42a3      	cmp	r3, r4
10003af4:	d1f6      	bne.n	10003ae4 <__wrap_vprintf+0x58>
10003af6:	4620      	mov	r0, r4
10003af8:	9a01      	ldr	r2, [sp, #4]
10003afa:	a902      	add	r1, sp, #8
10003afc:	f7ff fe52 	bl	100037a4 <stdio_out_chars_crlf>
10003b00:	6924      	ldr	r4, [r4, #16]
10003b02:	2c00      	cmp	r4, #0
10003b04:	d1f0      	bne.n	10003ae8 <__wrap_vprintf+0x5c>
10003b06:	2300      	movs	r3, #0
10003b08:	f8d8 4000 	ldr.w	r4, [r8]
10003b0c:	9301      	str	r3, [sp, #4]
10003b0e:	b12c      	cbz	r4, 10003b1c <__wrap_vprintf+0x90>
10003b10:	6863      	ldr	r3, [r4, #4]
10003b12:	b143      	cbz	r3, 10003b26 <__wrap_vprintf+0x9a>
10003b14:	4798      	blx	r3
10003b16:	6924      	ldr	r4, [r4, #16]
10003b18:	2c00      	cmp	r4, #0
10003b1a:	d1f9      	bne.n	10003b10 <__wrap_vprintf+0x84>
10003b1c:	b92e      	cbnz	r6, 10003b2a <__wrap_vprintf+0x9e>
10003b1e:	4628      	mov	r0, r5
10003b20:	b022      	add	sp, #136	@ 0x88
10003b22:	e8bd 81f0 	ldmia.w	sp!, {r4, r5, r6, r7, r8, pc}
10003b26:	6924      	ldr	r4, [r4, #16]
10003b28:	e7f1      	b.n	10003b0e <__wrap_vprintf+0x82>
10003b2a:	4805      	ldr	r0, [pc, #20]	@ (10003b40 <__wrap_vprintf+0xb4>)
10003b2c:	f002 fda8 	bl	10006680 <__mutex_exit_veneer>
10003b30:	4628      	mov	r0, r5
10003b32:	b022      	add	sp, #136	@ 0x88
10003b34:	e8bd 81f0 	ldmia.w	sp!, {r4, r5, r6, r7, r8, pc}
10003b38:	9401      	str	r4, [sp, #4]
10003b3a:	e7ef      	b.n	10003b1c <__wrap_vprintf+0x90>
10003b3c:	000f4240 	.word	0x000f4240
10003b40:	2000159c 	.word	0x2000159c
10003b44:	10003855 	.word	0x10003855
10003b48:	20001d50 	.word	0x20001d50
10003b4c:	20001d48 	.word	0x20001d48

10003b50 <__wrap_printf>:
10003b50:	b40f      	push	{r0, r1, r2, r3}
10003b52:	b500      	push	{lr}
10003b54:	b083      	sub	sp, #12
10003b56:	a904      	add	r1, sp, #16
10003b58:	f851 0b04 	ldr.w	r0, [r1], #4
10003b5c:	9101      	str	r1, [sp, #4]
10003b5e:	f7ff ff95 	bl	10003a8c <__wrap_vprintf>
10003b62:	b003      	add	sp, #12
10003b64:	f85d eb04 	ldr.w	lr, [sp], #4
10003b68:	b004      	add	sp, #16
10003b6a:	4770      	bx	lr

10003b6c <resetd_init>:
10003b6c:	4770      	bx	lr
10003b6e:	bf00      	nop

10003b70 <resetd_reset>:
10003b70:	2200      	movs	r2, #0
10003b72:	4b01      	ldr	r3, [pc, #4]	@ (10003b78 <resetd_reset+0x8>)
10003b74:	701a      	strb	r2, [r3, #0]
10003b76:	4770      	bx	lr
10003b78:	200023cd 	.word	0x200023cd

10003b7c <resetd_open>:
10003b7c:	794b      	ldrb	r3, [r1, #5]
10003b7e:	2bff      	cmp	r3, #255	@ 0xff
10003b80:	d10b      	bne.n	10003b9a <resetd_open+0x1e>
10003b82:	7988      	ldrb	r0, [r1, #6]
10003b84:	b948      	cbnz	r0, 10003b9a <resetd_open+0x1e>
10003b86:	79cb      	ldrb	r3, [r1, #7]
10003b88:	2b01      	cmp	r3, #1
10003b8a:	d107      	bne.n	10003b9c <resetd_open+0x20>
10003b8c:	2a08      	cmp	r2, #8
10003b8e:	d905      	bls.n	10003b9c <resetd_open+0x20>
10003b90:	4b03      	ldr	r3, [pc, #12]	@ (10003ba0 <resetd_open+0x24>)
10003b92:	788a      	ldrb	r2, [r1, #2]
10003b94:	2009      	movs	r0, #9
10003b96:	701a      	strb	r2, [r3, #0]
10003b98:	4770      	bx	lr
10003b9a:	2000      	movs	r0, #0
10003b9c:	4770      	bx	lr
10003b9e:	bf00      	nop
10003ba0:	200023cd 	.word	0x200023cd

10003ba4 <resetd_xfer_cb>:
10003ba4:	2001      	movs	r0, #1
10003ba6:	4770      	bx	lr

10003ba8 <resetd_control_xfer_cb>:
10003ba8:	2901      	cmp	r1, #1
10003baa:	d001      	beq.n	10003bb0 <resetd_control_xfer_cb+0x8>
10003bac:	2001      	movs	r0, #1
10003bae:	4770      	bx	lr
10003bb0:	b508      	push	{r3, lr}
10003bb2:	4b10      	ldr	r3, [pc, #64]	@ (10003bf4 <resetd_control_xfer_cb+0x4c>)
10003bb4:	8891      	ldrh	r1, [r2, #4]
10003bb6:	781b      	ldrb	r3, [r3, #0]
10003bb8:	4299      	cmp	r1, r3
10003bba:	d001      	beq.n	10003bc0 <resetd_control_xfer_cb+0x18>
10003bbc:	2000      	movs	r0, #0
10003bbe:	bd08      	pop	{r3, pc}
10003bc0:	7853      	ldrb	r3, [r2, #1]
10003bc2:	2b01      	cmp	r3, #1
10003bc4:	d008      	beq.n	10003bd8 <resetd_control_xfer_cb+0x30>
10003bc6:	2b02      	cmp	r3, #2
10003bc8:	d1f8      	bne.n	10003bbc <resetd_control_xfer_cb+0x14>
10003bca:	2100      	movs	r1, #0
10003bcc:	2264      	movs	r2, #100	@ 0x64
10003bce:	4608      	mov	r0, r1
10003bd0:	f7fd fef0 	bl	100019b4 <watchdog_reboot>
10003bd4:	2001      	movs	r0, #1
10003bd6:	bd08      	pop	{r3, pc}
10003bd8:	8851      	ldrh	r1, [r2, #2]
10003bda:	05cb      	lsls	r3, r1, #23
10003bdc:	bf48      	it	mi
10003bde:	0a48      	lsrmi	r0, r1, #9
10003be0:	f3c1 2240 	ubfx	r2, r1, #9, #1
10003be4:	bf58      	it	pl
10003be6:	f04f 30ff 	movpl.w	r0, #4294967295	@ 0xffffffff
10003bea:	f001 017f 	and.w	r1, r1, #127	@ 0x7f
10003bee:	f7fd ff5f 	bl	10001ab0 <rom_reset_usb_boot_extra>
10003bf2:	bf00      	nop
10003bf4:	200023cd 	.word	0x200023cd

10003bf8 <tud_descriptor_bos_cb>:
10003bf8:	4800      	ldr	r0, [pc, #0]	@ (10003bfc <tud_descriptor_bos_cb+0x4>)
10003bfa:	4770      	bx	lr
10003bfc:	10006c3c 	.word	0x10006c3c

10003c00 <tud_vendor_control_xfer_cb>:
10003c00:	2901      	cmp	r1, #1
10003c02:	d107      	bne.n	10003c14 <tud_vendor_control_xfer_cb+0x14>
10003c04:	7853      	ldrb	r3, [r2, #1]
10003c06:	2b01      	cmp	r3, #1
10003c08:	d102      	bne.n	10003c10 <tud_vendor_control_xfer_cb+0x10>
10003c0a:	8893      	ldrh	r3, [r2, #4]
10003c0c:	2b07      	cmp	r3, #7
10003c0e:	d003      	beq.n	10003c18 <tud_vendor_control_xfer_cb+0x18>
10003c10:	2000      	movs	r0, #0
10003c12:	4770      	bx	lr
10003c14:	2001      	movs	r0, #1
10003c16:	4770      	bx	lr
10003c18:	4611      	mov	r1, r2
10003c1a:	23a6      	movs	r3, #166	@ 0xa6
10003c1c:	4a01      	ldr	r2, [pc, #4]	@ (10003c24 <tud_vendor_control_xfer_cb+0x24>)
10003c1e:	f001 ba39 	b.w	10005094 <tud_control_xfer>
10003c22:	bf00      	nop
10003c24:	10006b94 	.word	0x10006b94

10003c28 <usbd_app_driver_get_cb>:
10003c28:	4603      	mov	r3, r0
10003c2a:	2201      	movs	r2, #1
10003c2c:	4801      	ldr	r0, [pc, #4]	@ (10003c34 <usbd_app_driver_get_cb+0xc>)
10003c2e:	701a      	strb	r2, [r3, #0]
10003c30:	4770      	bx	lr
10003c32:	bf00      	nop
10003c34:	10006b74 	.word	0x10006b74

10003c38 <tud_cdc_line_coding_cb>:
10003c38:	b508      	push	{r3, lr}
10003c3a:	680b      	ldr	r3, [r1, #0]
10003c3c:	f5b3 6f96 	cmp.w	r3, #1200	@ 0x4b0
10003c40:	d000      	beq.n	10003c44 <tud_cdc_line_coding_cb+0xc>
10003c42:	bd08      	pop	{r3, pc}
10003c44:	2200      	movs	r2, #0
10003c46:	f04f 30ff 	mov.w	r0, #4294967295	@ 0xffffffff
10003c4a:	4611      	mov	r1, r2
10003c4c:	f7fd ff30 	bl	10001ab0 <rom_reset_usb_boot_extra>

10003c50 <stdio_usb_set_chars_available_callback>:
10003c50:	4a02      	ldr	r2, [pc, #8]	@ (10003c5c <stdio_usb_set_chars_available_callback+0xc>)
10003c52:	4b03      	ldr	r3, [pc, #12]	@ (10003c60 <stdio_usb_set_chars_available_callback+0x10>)
10003c54:	6010      	str	r0, [r2, #0]
10003c56:	6019      	str	r1, [r3, #0]
10003c58:	4770      	bx	lr
10003c5a:	bf00      	nop
10003c5c:	20001ce8 	.word	0x20001ce8
10003c60:	20001cec 	.word	0x20001cec

10003c64 <timer_task>:
10003c64:	4b18      	ldr	r3, [pc, #96]	@ (10003cc8 <timer_task+0x64>)
10003c66:	b570      	push	{r4, r5, r6, lr}
10003c68:	681a      	ldr	r2, [r3, #0]
10003c6a:	2a00      	cmp	r2, #0
10003c6c:	d028      	beq.n	10003cc0 <timer_task+0x5c>
10003c6e:	f3ef 8110 	mrs	r1, PRIMASK
10003c72:	b672      	cpsid	i
10003c74:	e8d2 4fcf 	ldaexb	r4, [r2]
10003c78:	2001      	movs	r0, #1
10003c7a:	2c00      	cmp	r4, #0
10003c7c:	d1fa      	bne.n	10003c74 <timer_task+0x10>
10003c7e:	e8c2 0f44 	strexb	r4, r0, [r2]
10003c82:	2c00      	cmp	r4, #0
10003c84:	d1f6      	bne.n	10003c74 <timer_task+0x10>
10003c86:	f3bf 8f5f 	dmb	sy
10003c8a:	2200      	movs	r2, #0
10003c8c:	4c0f      	ldr	r4, [pc, #60]	@ (10003ccc <timer_task+0x68>)
10003c8e:	6818      	ldr	r0, [r3, #0]
10003c90:	6059      	str	r1, [r3, #4]
10003c92:	7022      	strb	r2, [r4, #0]
10003c94:	e8c0 2f8f 	stlb	r2, [r0]
10003c98:	f381 8810 	msr	PRIMASK, r1
10003c9c:	2400      	movs	r4, #0
10003c9e:	2500      	movs	r5, #0
10003ca0:	4e0b      	ldr	r6, [pc, #44]	@ (10003cd0 <timer_task+0x6c>)
10003ca2:	7830      	ldrb	r0, [r6, #0]
10003ca4:	f7fc ff82 	bl	10000bac <irq_is_enabled>
10003ca8:	b920      	cbnz	r0, 10003cb4 <timer_task+0x50>
10003caa:	2400      	movs	r4, #0
10003cac:	2500      	movs	r5, #0
10003cae:	4620      	mov	r0, r4
10003cb0:	4629      	mov	r1, r5
10003cb2:	bd70      	pop	{r4, r5, r6, pc}
10003cb4:	7830      	ldrb	r0, [r6, #0]
10003cb6:	f7fc ff89 	bl	10000bcc <irq_set_pending>
10003cba:	4620      	mov	r0, r4
10003cbc:	4629      	mov	r1, r5
10003cbe:	bd70      	pop	{r4, r5, r6, pc}
10003cc0:	f44f 747a 	mov.w	r4, #1000	@ 0x3e8
10003cc4:	2500      	movs	r5, #0
10003cc6:	e7eb      	b.n	10003ca0 <timer_task+0x3c>
10003cc8:	20002178 	.word	0x20002178
10003ccc:	200023cf 	.word	0x200023cf
10003cd0:	200023ce 	.word	0x200023ce

10003cd4 <usb_irq>:
10003cd4:	4b01      	ldr	r3, [pc, #4]	@ (10003cdc <usb_irq+0x8>)
10003cd6:	7818      	ldrb	r0, [r3, #0]
10003cd8:	f7fc bf78 	b.w	10000bcc <irq_set_pending>
10003cdc:	200023ce 	.word	0x200023ce

10003ce0 <stdio_usb_in_chars>:
10003ce0:	b538      	push	{r3, r4, r5, lr}
10003ce2:	4604      	mov	r4, r0
10003ce4:	2000      	movs	r0, #0
10003ce6:	460d      	mov	r5, r1
10003ce8:	f001 fb04 	bl	100052f4 <tud_cdc_n_connected>
10003cec:	b3a8      	cbz	r0, 10003d5a <stdio_usb_in_chars+0x7a>
10003cee:	2000      	movs	r0, #0
10003cf0:	f001 fb16 	bl	10005320 <tud_cdc_n_available>
10003cf4:	b388      	cbz	r0, 10003d5a <stdio_usb_in_chars+0x7a>
10003cf6:	f7fd fd8d 	bl	10001814 <time_us_64>
10003cfa:	f04f 3eff 	mov.w	lr, #4294967295	@ 0xffffffff
10003cfe:	f06f 4c00 	mvn.w	ip, #2147483648	@ 0x80000000
10003d02:	4a17      	ldr	r2, [pc, #92]	@ (10003d60 <stdio_usb_in_chars+0x80>)
10003d04:	1882      	adds	r2, r0, r2
10003d06:	f141 0300 	adc.w	r3, r1, #0
10003d0a:	4596      	cmp	lr, r2
10003d0c:	eb7c 0103 	sbcs.w	r1, ip, r3
10003d10:	bf3c      	itt	cc
10003d12:	4672      	movcc	r2, lr
10003d14:	4663      	movcc	r3, ip
10003d16:	4813      	ldr	r0, [pc, #76]	@ (10003d64 <stdio_usb_in_chars+0x84>)
10003d18:	f002 fcbe 	bl	10006698 <__mutex_try_enter_block_until_veneer>
10003d1c:	b1e8      	cbz	r0, 10003d5a <stdio_usb_in_chars+0x7a>
10003d1e:	2000      	movs	r0, #0
10003d20:	f001 fae8 	bl	100052f4 <tud_cdc_n_connected>
10003d24:	b958      	cbnz	r0, 10003d3e <stdio_usb_in_chars+0x5e>
10003d26:	2100      	movs	r1, #0
10003d28:	f04f 30ff 	mov.w	r0, #4294967295	@ 0xffffffff
10003d2c:	f000 fd0a 	bl	10004744 <tud_task_ext>
10003d30:	f06f 0402 	mvn.w	r4, #2
10003d34:	480b      	ldr	r0, [pc, #44]	@ (10003d64 <stdio_usb_in_chars+0x84>)
10003d36:	f002 fca3 	bl	10006680 <__mutex_exit_veneer>
10003d3a:	4620      	mov	r0, r4
10003d3c:	bd38      	pop	{r3, r4, r5, pc}
10003d3e:	2000      	movs	r0, #0
10003d40:	f001 faee 	bl	10005320 <tud_cdc_n_available>
10003d44:	2800      	cmp	r0, #0
10003d46:	d0ee      	beq.n	10003d26 <stdio_usb_in_chars+0x46>
10003d48:	4621      	mov	r1, r4
10003d4a:	462a      	mov	r2, r5
10003d4c:	2000      	movs	r0, #0
10003d4e:	f001 faf1 	bl	10005334 <tud_cdc_n_read>
10003d52:	4604      	mov	r4, r0
10003d54:	2800      	cmp	r0, #0
10003d56:	d1ed      	bne.n	10003d34 <stdio_usb_in_chars+0x54>
10003d58:	e7ea      	b.n	10003d30 <stdio_usb_in_chars+0x50>
10003d5a:	f06f 0402 	mvn.w	r4, #2
10003d5e:	e7ec      	b.n	10003d3a <stdio_usb_in_chars+0x5a>
10003d60:	000f4240 	.word	0x000f4240
10003d64:	200023b0 	.word	0x200023b0

10003d68 <stdio_usb_out_flush>:
10003d68:	b508      	push	{r3, lr}
10003d6a:	f7fd fd53 	bl	10001814 <time_us_64>
10003d6e:	f04f 3eff 	mov.w	lr, #4294967295	@ 0xffffffff
10003d72:	f06f 4c00 	mvn.w	ip, #2147483648	@ 0x80000000
10003d76:	4a0f      	ldr	r2, [pc, #60]	@ (10003db4 <stdio_usb_out_flush+0x4c>)
10003d78:	1882      	adds	r2, r0, r2
10003d7a:	f141 0300 	adc.w	r3, r1, #0
10003d7e:	4596      	cmp	lr, r2
10003d80:	eb7c 0103 	sbcs.w	r1, ip, r3
10003d84:	bf3c      	itt	cc
10003d86:	4672      	movcc	r2, lr
10003d88:	4663      	movcc	r3, ip
10003d8a:	480b      	ldr	r0, [pc, #44]	@ (10003db8 <stdio_usb_out_flush+0x50>)
10003d8c:	f002 fc84 	bl	10006698 <__mutex_try_enter_block_until_veneer>
10003d90:	b170      	cbz	r0, 10003db0 <stdio_usb_out_flush+0x48>
10003d92:	f04f 30ff 	mov.w	r0, #4294967295	@ 0xffffffff
10003d96:	2100      	movs	r1, #0
10003d98:	f000 fcd4 	bl	10004744 <tud_task_ext>
10003d9c:	2000      	movs	r0, #0
10003d9e:	f001 fb11 	bl	100053c4 <tud_cdc_n_write_flush>
10003da2:	2800      	cmp	r0, #0
10003da4:	d1f5      	bne.n	10003d92 <stdio_usb_out_flush+0x2a>
10003da6:	e8bd 4008 	ldmia.w	sp!, {r3, lr}
10003daa:	4803      	ldr	r0, [pc, #12]	@ (10003db8 <stdio_usb_out_flush+0x50>)
10003dac:	f002 bc68 	b.w	10006680 <__mutex_exit_veneer>
10003db0:	bd08      	pop	{r3, pc}
10003db2:	bf00      	nop
10003db4:	000f4240 	.word	0x000f4240
10003db8:	200023b0 	.word	0x200023b0

10003dbc <stdio_usb_out_chars>:
10003dbc:	e92d 43f8 	stmdb	sp!, {r3, r4, r5, r6, r7, r8, r9, lr}
10003dc0:	4680      	mov	r8, r0
10003dc2:	460f      	mov	r7, r1
10003dc4:	f7fd fd26 	bl	10001814 <time_us_64>
10003dc8:	f04f 35ff 	mov.w	r5, #4294967295	@ 0xffffffff
10003dcc:	f06f 4400 	mvn.w	r4, #2147483648	@ 0x80000000
10003dd0:	4a33      	ldr	r2, [pc, #204]	@ (10003ea0 <stdio_usb_out_chars+0xe4>)
10003dd2:	1882      	adds	r2, r0, r2
10003dd4:	f141 0300 	adc.w	r3, r1, #0
10003dd8:	4295      	cmp	r5, r2
10003dda:	eb74 0103 	sbcs.w	r1, r4, r3
10003dde:	bf3c      	itt	cc
10003de0:	462a      	movcc	r2, r5
10003de2:	4623      	movcc	r3, r4
10003de4:	482f      	ldr	r0, [pc, #188]	@ (10003ea4 <stdio_usb_out_chars+0xe8>)
10003de6:	f002 fc57 	bl	10006698 <__mutex_try_enter_block_until_veneer>
10003dea:	b908      	cbnz	r0, 10003df0 <stdio_usb_out_chars+0x34>
10003dec:	e8bd 83f8 	ldmia.w	sp!, {r3, r4, r5, r6, r7, r8, r9, pc}
10003df0:	2000      	movs	r0, #0
10003df2:	f001 fa7f 	bl	100052f4 <tud_cdc_n_connected>
10003df6:	2800      	cmp	r0, #0
10003df8:	d047      	beq.n	10003e8a <stdio_usb_out_chars+0xce>
10003dfa:	2f00      	cmp	r7, #0
10003dfc:	dd40      	ble.n	10003e80 <stdio_usb_out_chars+0xc4>
10003dfe:	2500      	movs	r5, #0
10003e00:	f8df 90a8 	ldr.w	r9, [pc, #168]	@ 10003eac <stdio_usb_out_chars+0xf0>
10003e04:	4e28      	ldr	r6, [pc, #160]	@ (10003ea8 <stdio_usb_out_chars+0xec>)
10003e06:	e013      	b.n	10003e30 <stdio_usb_out_chars+0x74>
10003e08:	4622      	mov	r2, r4
10003e0a:	2000      	movs	r0, #0
10003e0c:	f001 fb20 	bl	10005450 <tud_cdc_n_write>
10003e10:	2100      	movs	r1, #0
10003e12:	4604      	mov	r4, r0
10003e14:	f04f 30ff 	mov.w	r0, #4294967295	@ 0xffffffff
10003e18:	f000 fc94 	bl	10004744 <tud_task_ext>
10003e1c:	2000      	movs	r0, #0
10003e1e:	f001 fad1 	bl	100053c4 <tud_cdc_n_write_flush>
10003e22:	f7fd fcf7 	bl	10001814 <time_us_64>
10003e26:	e9c9 0100 	strd	r0, r1, [r9]
10003e2a:	4425      	add	r5, r4
10003e2c:	42af      	cmp	r7, r5
10003e2e:	dd27      	ble.n	10003e80 <stdio_usb_out_chars+0xc4>
10003e30:	2000      	movs	r0, #0
10003e32:	f001 fb2d 	bl	10005490 <tud_cdc_n_write_available>
10003e36:	1b7c      	subs	r4, r7, r5
10003e38:	4284      	cmp	r4, r0
10003e3a:	bfa8      	it	ge
10003e3c:	4604      	movge	r4, r0
10003e3e:	eb08 0105 	add.w	r1, r8, r5
10003e42:	2c00      	cmp	r4, #0
10003e44:	d1e0      	bne.n	10003e08 <stdio_usb_out_chars+0x4c>
10003e46:	4621      	mov	r1, r4
10003e48:	f04f 30ff 	mov.w	r0, #4294967295	@ 0xffffffff
10003e4c:	f000 fc7a 	bl	10004744 <tud_task_ext>
10003e50:	4620      	mov	r0, r4
10003e52:	f001 fab7 	bl	100053c4 <tud_cdc_n_write_flush>
10003e56:	4620      	mov	r0, r4
10003e58:	f001 fa4c 	bl	100052f4 <tud_cdc_n_connected>
10003e5c:	b180      	cbz	r0, 10003e80 <stdio_usb_out_chars+0xc4>
10003e5e:	4620      	mov	r0, r4
10003e60:	f001 fb16 	bl	10005490 <tud_cdc_n_write_available>
10003e64:	2800      	cmp	r0, #0
10003e66:	d1e1      	bne.n	10003e2c <stdio_usb_out_chars+0x70>
10003e68:	f7fd fcd4 	bl	10001814 <time_us_64>
10003e6c:	f8d9 3000 	ldr.w	r3, [r9]
10003e70:	f8d9 2004 	ldr.w	r2, [r9, #4]
10003e74:	199b      	adds	r3, r3, r6
10003e76:	f142 0200 	adc.w	r2, r2, #0
10003e7a:	4283      	cmp	r3, r0
10003e7c:	418a      	sbcs	r2, r1
10003e7e:	d2d5      	bcs.n	10003e2c <stdio_usb_out_chars+0x70>
10003e80:	4808      	ldr	r0, [pc, #32]	@ (10003ea4 <stdio_usb_out_chars+0xe8>)
10003e82:	e8bd 43f8 	ldmia.w	sp!, {r3, r4, r5, r6, r7, r8, r9, lr}
10003e86:	f002 bbfb 	b.w	10006680 <__mutex_exit_veneer>
10003e8a:	2000      	movs	r0, #0
10003e8c:	2100      	movs	r1, #0
10003e8e:	4b07      	ldr	r3, [pc, #28]	@ (10003eac <stdio_usb_out_chars+0xf0>)
10003e90:	e9c3 0100 	strd	r0, r1, [r3]
10003e94:	e8bd 43f8 	ldmia.w	sp!, {r3, r4, r5, r6, r7, r8, r9, lr}
10003e98:	4802      	ldr	r0, [pc, #8]	@ (10003ea4 <stdio_usb_out_chars+0xe8>)
10003e9a:	f002 bbf1 	b.w	10006680 <__mutex_exit_veneer>
10003e9e:	bf00      	nop
10003ea0:	000f4240 	.word	0x000f4240
10003ea4:	200023b0 	.word	0x200023b0
10003ea8:	0007a120 	.word	0x0007a120
10003eac:	20001728 	.word	0x20001728

10003eb0 <low_priority_worker_irq>:
10003eb0:	b530      	push	{r4, r5, lr}
10003eb2:	2100      	movs	r1, #0
10003eb4:	b085      	sub	sp, #20
10003eb6:	482e      	ldr	r0, [pc, #184]	@ (10003f70 <low_priority_worker_irq+0xc0>)
10003eb8:	f002 fbfa 	bl	100066b0 <__mutex_try_enter_veneer>
10003ebc:	b9f0      	cbnz	r0, 10003efc <low_priority_worker_irq+0x4c>
10003ebe:	4b2d      	ldr	r3, [pc, #180]	@ (10003f74 <low_priority_worker_irq+0xc4>)
10003ec0:	681a      	ldr	r2, [r3, #0]
10003ec2:	b1ca      	cbz	r2, 10003ef8 <low_priority_worker_irq+0x48>
10003ec4:	f3ef 8110 	mrs	r1, PRIMASK
10003ec8:	b672      	cpsid	i
10003eca:	e8d2 5fcf 	ldaexb	r5, [r2]
10003ece:	2401      	movs	r4, #1
10003ed0:	2d00      	cmp	r5, #0
10003ed2:	d1fa      	bne.n	10003eca <low_priority_worker_irq+0x1a>
10003ed4:	e8c2 4f45 	strexb	r5, r4, [r2]
10003ed8:	2d00      	cmp	r5, #0
10003eda:	d1f6      	bne.n	10003eca <low_priority_worker_irq+0x1a>
10003edc:	f3bf 8f5f 	dmb	sy
10003ee0:	4c25      	ldr	r4, [pc, #148]	@ (10003f78 <low_priority_worker_irq+0xc8>)
10003ee2:	681d      	ldr	r5, [r3, #0]
10003ee4:	7822      	ldrb	r2, [r4, #0]
10003ee6:	6059      	str	r1, [r3, #4]
10003ee8:	b2d3      	uxtb	r3, r2
10003eea:	2201      	movs	r2, #1
10003eec:	7022      	strb	r2, [r4, #0]
10003eee:	e8c5 0f8f 	stlb	r0, [r5]
10003ef2:	f381 8810 	msr	PRIMASK, r1
10003ef6:	b1cb      	cbz	r3, 10003f2c <low_priority_worker_irq+0x7c>
10003ef8:	b005      	add	sp, #20
10003efa:	bd30      	pop	{r4, r5, pc}
10003efc:	2100      	movs	r1, #0
10003efe:	f04f 30ff 	mov.w	r0, #4294967295	@ 0xffffffff
10003f02:	f000 fc1f 	bl	10004744 <tud_task_ext>
10003f06:	2000      	movs	r0, #0
10003f08:	f001 fa0a 	bl	10005320 <tud_cdc_n_available>
10003f0c:	4604      	mov	r4, r0
10003f0e:	4818      	ldr	r0, [pc, #96]	@ (10003f70 <low_priority_worker_irq+0xc0>)
10003f10:	f002 fbb6 	bl	10006680 <__mutex_exit_veneer>
10003f14:	2c00      	cmp	r4, #0
10003f16:	d0ef      	beq.n	10003ef8 <low_priority_worker_irq+0x48>
10003f18:	4b18      	ldr	r3, [pc, #96]	@ (10003f7c <low_priority_worker_irq+0xcc>)
10003f1a:	681b      	ldr	r3, [r3, #0]
10003f1c:	2b00      	cmp	r3, #0
10003f1e:	d0eb      	beq.n	10003ef8 <low_priority_worker_irq+0x48>
10003f20:	4a17      	ldr	r2, [pc, #92]	@ (10003f80 <low_priority_worker_irq+0xd0>)
10003f22:	6810      	ldr	r0, [r2, #0]
10003f24:	b005      	add	sp, #20
10003f26:	e8bd 4030 	ldmia.w	sp!, {r4, r5, lr}
10003f2a:	4718      	bx	r3
10003f2c:	f7fd fa68 	bl	10001400 <alarm_pool_get_default>
10003f30:	4604      	mov	r4, r0
10003f32:	f7fd fc6f 	bl	10001814 <time_us_64>
10003f36:	f04f 3cff 	mov.w	ip, #4294967295	@ 0xffffffff
10003f3a:	f06f 4500 	mvn.w	r5, #2147483648	@ 0x80000000
10003f3e:	f510 727a 	adds.w	r2, r0, #1000	@ 0x3e8
10003f42:	f141 0300 	adc.w	r3, r1, #0
10003f46:	4594      	cmp	ip, r2
10003f48:	eb75 0103 	sbcs.w	r1, r5, r3
10003f4c:	bf38      	it	cc
10003f4e:	462b      	movcc	r3, r5
10003f50:	f04f 0100 	mov.w	r1, #0
10003f54:	f04f 0501 	mov.w	r5, #1
10003f58:	4620      	mov	r0, r4
10003f5a:	4c0a      	ldr	r4, [pc, #40]	@ (10003f84 <low_priority_worker_irq+0xd4>)
10003f5c:	bf38      	it	cc
10003f5e:	4662      	movcc	r2, ip
10003f60:	e9cd 1501 	strd	r1, r5, [sp, #4]
10003f64:	9400      	str	r4, [sp, #0]
10003f66:	f7fd fa4f 	bl	10001408 <alarm_pool_add_alarm_at>
10003f6a:	b005      	add	sp, #20
10003f6c:	bd30      	pop	{r4, r5, pc}
10003f6e:	bf00      	nop
10003f70:	200023b0 	.word	0x200023b0
10003f74:	20002178 	.word	0x20002178
10003f78:	200023cf 	.word	0x200023cf
10003f7c:	20001ce8 	.word	0x20001ce8
10003f80:	20001cec 	.word	0x20001cec
10003f84:	10003c65 	.word	0x10003c65

10003f88 <stdio_usb_init>:
10003f88:	f04f 4350 	mov.w	r3, #3489660928	@ 0xd0000000
10003f8c:	b530      	push	{r4, r5, lr}
10003f8e:	b085      	sub	sp, #20
10003f90:	681c      	ldr	r4, [r3, #0]
10003f92:	f7fd fa35 	bl	10001400 <alarm_pool_get_default>
10003f96:	f7fd fb49 	bl	1000162c <alarm_pool_core_num>
10003f9a:	42a0      	cmp	r0, r4
10003f9c:	d002      	beq.n	10003fa4 <stdio_usb_init+0x1c>
10003f9e:	2000      	movs	r0, #0
10003fa0:	b005      	add	sp, #20
10003fa2:	bd30      	pop	{r4, r5, pc}
10003fa4:	2100      	movs	r1, #0
10003fa6:	4b2a      	ldr	r3, [pc, #168]	@ (10004050 <stdio_usb_init+0xc8>)
10003fa8:	4608      	mov	r0, r1
10003faa:	781b      	ldrb	r3, [r3, #0]
10003fac:	f001 fd38 	bl	10005a20 <tusb_rhport_init>
10003fb0:	4828      	ldr	r0, [pc, #160]	@ (10004054 <stdio_usb_init+0xcc>)
10003fb2:	6803      	ldr	r3, [r0, #0]
10003fb4:	2b00      	cmp	r3, #0
10003fb6:	d047      	beq.n	10004048 <stdio_usb_init+0xc0>
10003fb8:	2001      	movs	r0, #1
10003fba:	f7fc ffa5 	bl	10000f08 <user_irq_claim_unused>
10003fbe:	4603      	mov	r3, r0
10003fc0:	4c25      	ldr	r4, [pc, #148]	@ (10004058 <stdio_usb_init+0xd0>)
10003fc2:	4926      	ldr	r1, [pc, #152]	@ (1000405c <stdio_usb_init+0xd4>)
10003fc4:	b2c0      	uxtb	r0, r0
10003fc6:	7023      	strb	r3, [r4, #0]
10003fc8:	f7fc fe1c 	bl	10000c04 <irq_set_exclusive_handler>
10003fcc:	7820      	ldrb	r0, [r4, #0]
10003fce:	2101      	movs	r1, #1
10003fd0:	f7fc fdd6 	bl	10000b80 <irq_set_enabled>
10003fd4:	200e      	movs	r0, #14
10003fd6:	f7fc fe05 	bl	10000be4 <irq_has_shared_handler>
10003fda:	bb40      	cbnz	r0, 1000402e <stdio_usb_init+0xa6>
10003fdc:	4b20      	ldr	r3, [pc, #128]	@ (10004060 <stdio_usb_init+0xd8>)
10003fde:	2501      	movs	r5, #1
10003fe0:	e9c3 0000 	strd	r0, r0, [r3]
10003fe4:	f7fd fa0c 	bl	10001400 <alarm_pool_get_default>
10003fe8:	4604      	mov	r4, r0
10003fea:	f7fd fc13 	bl	10001814 <time_us_64>
10003fee:	f04f 3eff 	mov.w	lr, #4294967295	@ 0xffffffff
10003ff2:	f06f 4c00 	mvn.w	ip, #2147483648	@ 0x80000000
10003ff6:	f510 727a 	adds.w	r2, r0, #1000	@ 0x3e8
10003ffa:	f141 0300 	adc.w	r3, r1, #0
10003ffe:	4596      	cmp	lr, r2
10004000:	eb7c 0103 	sbcs.w	r1, ip, r3
10004004:	f04f 0100 	mov.w	r1, #0
10004008:	4620      	mov	r0, r4
1000400a:	4c16      	ldr	r4, [pc, #88]	@ (10004064 <stdio_usb_init+0xdc>)
1000400c:	bf3c      	itt	cc
1000400e:	4672      	movcc	r2, lr
10004010:	4663      	movcc	r3, ip
10004012:	e9cd 1501 	strd	r1, r5, [sp, #4]
10004016:	9400      	str	r4, [sp, #0]
10004018:	f7fd f9f6 	bl	10001408 <alarm_pool_add_alarm_at>
1000401c:	2800      	cmp	r0, #0
1000401e:	dbbe      	blt.n	10003f9e <stdio_usb_init+0x16>
10004020:	2101      	movs	r1, #1
10004022:	4811      	ldr	r0, [pc, #68]	@ (10004068 <stdio_usb_init+0xe0>)
10004024:	f7ff fcbc 	bl	100039a0 <stdio_set_driver_enabled>
10004028:	2001      	movs	r0, #1
1000402a:	b005      	add	sp, #20
1000402c:	bd30      	pop	{r4, r5, pc}
1000402e:	2001      	movs	r0, #1
10004030:	f7fc fd62 	bl	10000af8 <spin_lock_claim_unused>
10004034:	4601      	mov	r1, r0
10004036:	480a      	ldr	r0, [pc, #40]	@ (10004060 <stdio_usb_init+0xd8>)
10004038:	f7fc ffc2 	bl	10000fc0 <critical_section_init_with_lock_num>
1000403c:	2200      	movs	r2, #0
1000403e:	200e      	movs	r0, #14
10004040:	490a      	ldr	r1, [pc, #40]	@ (1000406c <stdio_usb_init+0xe4>)
10004042:	f7fc fe0f 	bl	10000c64 <irq_add_shared_handler>
10004046:	e7eb      	b.n	10004020 <stdio_usb_init+0x98>
10004048:	f7fc ff9e 	bl	10000f88 <mutex_init>
1000404c:	e7b4      	b.n	10003fb8 <stdio_usb_init+0x30>
1000404e:	bf00      	nop
10004050:	10006d54 	.word	0x10006d54
10004054:	200023b0 	.word	0x200023b0
10004058:	200023ce 	.word	0x200023ce
1000405c:	10003eb1 	.word	0x10003eb1
10004060:	20002178 	.word	0x20002178
10004064:	10003c65 	.word	0x10003c65
10004068:	2000155c 	.word	0x2000155c
1000406c:	10003cd5 	.word	0x10003cd5

10004070 <tud_descriptor_device_cb>:
10004070:	4800      	ldr	r0, [pc, #0]	@ (10004074 <tud_descriptor_device_cb+0x4>)
10004072:	4770      	bx	lr
10004074:	10006cd8 	.word	0x10006cd8

10004078 <tud_descriptor_configuration_cb>:
10004078:	4800      	ldr	r0, [pc, #0]	@ (1000407c <tud_descriptor_configuration_cb+0x4>)
1000407a:	4770      	bx	lr
1000407c:	10006c84 	.word	0x10006c84

10004080 <tud_descriptor_string_cb>:
10004080:	b538      	push	{r3, r4, r5, lr}
10004082:	4b18      	ldr	r3, [pc, #96]	@ (100040e4 <tud_descriptor_string_cb+0x64>)
10004084:	4604      	mov	r4, r0
10004086:	781a      	ldrb	r2, [r3, #0]
10004088:	b30a      	cbz	r2, 100040ce <tud_descriptor_string_cb+0x4e>
1000408a:	b944      	cbnz	r4, 1000409e <tud_descriptor_string_cb+0x1e>
1000408c:	f240 4209 	movw	r2, #1033	@ 0x409
10004090:	f44f 7341 	mov.w	r3, #772	@ 0x304
10004094:	4d14      	ldr	r5, [pc, #80]	@ (100040e8 <tud_descriptor_string_cb+0x68>)
10004096:	806a      	strh	r2, [r5, #2]
10004098:	4813      	ldr	r0, [pc, #76]	@ (100040e8 <tud_descriptor_string_cb+0x68>)
1000409a:	802b      	strh	r3, [r5, #0]
1000409c:	bd38      	pop	{r3, r4, r5, pc}
1000409e:	2c05      	cmp	r4, #5
100040a0:	d81d      	bhi.n	100040de <tud_descriptor_string_cb+0x5e>
100040a2:	4b12      	ldr	r3, [pc, #72]	@ (100040ec <tud_descriptor_string_cb+0x6c>)
100040a4:	4d10      	ldr	r5, [pc, #64]	@ (100040e8 <tud_descriptor_string_cb+0x68>)
100040a6:	f853 1024 	ldr.w	r1, [r3, r4, lsl #2]
100040aa:	4628      	mov	r0, r5
100040ac:	2300      	movs	r3, #0
100040ae:	3901      	subs	r1, #1
100040b0:	e003      	b.n	100040ba <tud_descriptor_string_cb+0x3a>
100040b2:	2b13      	cmp	r3, #19
100040b4:	f820 2f02 	strh.w	r2, [r0, #2]!
100040b8:	d00e      	beq.n	100040d8 <tud_descriptor_string_cb+0x58>
100040ba:	f811 2f01 	ldrb.w	r2, [r1, #1]!
100040be:	3301      	adds	r3, #1
100040c0:	b2db      	uxtb	r3, r3
100040c2:	2a00      	cmp	r2, #0
100040c4:	d1f5      	bne.n	100040b2 <tud_descriptor_string_cb+0x32>
100040c6:	005b      	lsls	r3, r3, #1
100040c8:	f443 7340 	orr.w	r3, r3, #768	@ 0x300
100040cc:	e7e4      	b.n	10004098 <tud_descriptor_string_cb+0x18>
100040ce:	2111      	movs	r1, #17
100040d0:	4618      	mov	r0, r3
100040d2:	f000 f825 	bl	10004120 <pico_get_unique_board_id_string>
100040d6:	e7d8      	b.n	1000408a <tud_descriptor_string_cb+0xa>
100040d8:	f44f 734a 	mov.w	r3, #808	@ 0x328
100040dc:	e7dc      	b.n	10004098 <tud_descriptor_string_cb+0x18>
100040de:	2000      	movs	r0, #0
100040e0:	bd38      	pop	{r3, r4, r5, pc}
100040e2:	bf00      	nop
100040e4:	200023b8 	.word	0x200023b8
100040e8:	20001d20 	.word	0x20001d20
100040ec:	10006c6c 	.word	0x10006c6c

100040f0 <_retrieve_unique_id_on_boot>:
100040f0:	b500      	push	{lr}
100040f2:	f245 3047 	movw	r0, #21319	@ 0x5347
100040f6:	b08b      	sub	sp, #44	@ 0x2c
100040f8:	f7fd fcce 	bl	10001a98 <rom_func_lookup>
100040fc:	2201      	movs	r2, #1
100040fe:	4603      	mov	r3, r0
10004100:	2109      	movs	r1, #9
10004102:	a801      	add	r0, sp, #4
10004104:	4798      	blx	r3
10004106:	e9dd 3203 	ldrd	r3, r2, [sp, #12]
1000410a:	4904      	ldr	r1, [pc, #16]	@ (1000411c <_retrieve_unique_id_on_boot+0x2c>)
1000410c:	ba12      	rev	r2, r2
1000410e:	ba1b      	rev	r3, r3
10004110:	e9c1 2300 	strd	r2, r3, [r1]
10004114:	b00b      	add	sp, #44	@ 0x2c
10004116:	f85d fb04 	ldr.w	pc, [sp], #4
1000411a:	bf00      	nop
1000411c:	200021a0 	.word	0x200021a0

10004120 <pico_get_unique_board_id_string>:
10004120:	2901      	cmp	r1, #1
10004122:	f101 33ff 	add.w	r3, r1, #4294967295	@ 0xffffffff
10004126:	f000 80b3 	beq.w	10004290 <pico_get_unique_board_id_string+0x170>
1000412a:	495d      	ldr	r1, [pc, #372]	@ (100042a0 <pico_get_unique_board_id_string+0x180>)
1000412c:	780a      	ldrb	r2, [r1, #0]
1000412e:	ea4f 1c12 	mov.w	ip, r2, lsr #4
10004132:	2a9f      	cmp	r2, #159	@ 0x9f
10004134:	bf8c      	ite	hi
10004136:	f10c 0c37 	addhi.w	ip, ip, #55	@ 0x37
1000413a:	f10c 0c30 	addls.w	ip, ip, #48	@ 0x30
1000413e:	2b01      	cmp	r3, #1
10004140:	f880 c000 	strb.w	ip, [r0]
10004144:	f000 80a7 	beq.w	10004296 <pico_get_unique_board_id_string+0x176>
10004148:	f002 020f 	and.w	r2, r2, #15
1000414c:	2a09      	cmp	r2, #9
1000414e:	bf8c      	ite	hi
10004150:	3237      	addhi	r2, #55	@ 0x37
10004152:	3230      	addls	r2, #48	@ 0x30
10004154:	2b02      	cmp	r3, #2
10004156:	7042      	strb	r2, [r0, #1]
10004158:	f000 809d 	beq.w	10004296 <pico_get_unique_board_id_string+0x176>
1000415c:	784a      	ldrb	r2, [r1, #1]
1000415e:	ea4f 1c12 	mov.w	ip, r2, lsr #4
10004162:	2a9f      	cmp	r2, #159	@ 0x9f
10004164:	bf8c      	ite	hi
10004166:	f10c 0c37 	addhi.w	ip, ip, #55	@ 0x37
1000416a:	f10c 0c30 	addls.w	ip, ip, #48	@ 0x30
1000416e:	2b03      	cmp	r3, #3
10004170:	f880 c002 	strb.w	ip, [r0, #2]
10004174:	f000 808f 	beq.w	10004296 <pico_get_unique_board_id_string+0x176>
10004178:	f002 020f 	and.w	r2, r2, #15
1000417c:	2a09      	cmp	r2, #9
1000417e:	bf8c      	ite	hi
10004180:	3237      	addhi	r2, #55	@ 0x37
10004182:	3230      	addls	r2, #48	@ 0x30
10004184:	2b04      	cmp	r3, #4
10004186:	70c2      	strb	r2, [r0, #3]
10004188:	f000 8085 	beq.w	10004296 <pico_get_unique_board_id_string+0x176>
1000418c:	788a      	ldrb	r2, [r1, #2]
1000418e:	ea4f 1c12 	mov.w	ip, r2, lsr #4
10004192:	2a9f      	cmp	r2, #159	@ 0x9f
10004194:	bf8c      	ite	hi
10004196:	f10c 0c37 	addhi.w	ip, ip, #55	@ 0x37
1000419a:	f10c 0c30 	addls.w	ip, ip, #48	@ 0x30
1000419e:	2b05      	cmp	r3, #5
100041a0:	f880 c004 	strb.w	ip, [r0, #4]
100041a4:	d077      	beq.n	10004296 <pico_get_unique_board_id_string+0x176>
100041a6:	f002 020f 	and.w	r2, r2, #15
100041aa:	2a09      	cmp	r2, #9
100041ac:	bf8c      	ite	hi
100041ae:	3237      	addhi	r2, #55	@ 0x37
100041b0:	3230      	addls	r2, #48	@ 0x30
100041b2:	2b06      	cmp	r3, #6
100041b4:	7142      	strb	r2, [r0, #5]
100041b6:	d06e      	beq.n	10004296 <pico_get_unique_board_id_string+0x176>
100041b8:	78ca      	ldrb	r2, [r1, #3]
100041ba:	ea4f 1c12 	mov.w	ip, r2, lsr #4
100041be:	2a9f      	cmp	r2, #159	@ 0x9f
100041c0:	bf8c      	ite	hi
100041c2:	f10c 0c37 	addhi.w	ip, ip, #55	@ 0x37
100041c6:	f10c 0c30 	addls.w	ip, ip, #48	@ 0x30
100041ca:	2b07      	cmp	r3, #7
100041cc:	f880 c006 	strb.w	ip, [r0, #6]
100041d0:	d061      	beq.n	10004296 <pico_get_unique_board_id_string+0x176>
100041d2:	f002 020f 	and.w	r2, r2, #15
100041d6:	2a09      	cmp	r2, #9
100041d8:	bf8c      	ite	hi
100041da:	3237      	addhi	r2, #55	@ 0x37
100041dc:	3230      	addls	r2, #48	@ 0x30
100041de:	2b08      	cmp	r3, #8
100041e0:	71c2      	strb	r2, [r0, #7]
100041e2:	d058      	beq.n	10004296 <pico_get_unique_board_id_string+0x176>
100041e4:	790a      	ldrb	r2, [r1, #4]
100041e6:	ea4f 1c12 	mov.w	ip, r2, lsr #4
100041ea:	2a9f      	cmp	r2, #159	@ 0x9f
100041ec:	bf8c      	ite	hi
100041ee:	f10c 0c37 	addhi.w	ip, ip, #55	@ 0x37
100041f2:	f10c 0c30 	addls.w	ip, ip, #48	@ 0x30
100041f6:	2b09      	cmp	r3, #9
100041f8:	f880 c008 	strb.w	ip, [r0, #8]
100041fc:	d04b      	beq.n	10004296 <pico_get_unique_board_id_string+0x176>
100041fe:	f002 020f 	and.w	r2, r2, #15
10004202:	2a09      	cmp	r2, #9
10004204:	bf8c      	ite	hi
10004206:	3237      	addhi	r2, #55	@ 0x37
10004208:	3230      	addls	r2, #48	@ 0x30
1000420a:	2b0a      	cmp	r3, #10
1000420c:	7242      	strb	r2, [r0, #9]
1000420e:	d042      	beq.n	10004296 <pico_get_unique_board_id_string+0x176>
10004210:	794a      	ldrb	r2, [r1, #5]
10004212:	ea4f 1c12 	mov.w	ip, r2, lsr #4
10004216:	2a9f      	cmp	r2, #159	@ 0x9f
10004218:	bf8c      	ite	hi
1000421a:	f10c 0c37 	addhi.w	ip, ip, #55	@ 0x37
1000421e:	f10c 0c30 	addls.w	ip, ip, #48	@ 0x30
10004222:	2b0b      	cmp	r3, #11
10004224:	f880 c00a 	strb.w	ip, [r0, #10]
10004228:	d035      	beq.n	10004296 <pico_get_unique_board_id_string+0x176>
1000422a:	f002 020f 	and.w	r2, r2, #15
1000422e:	2a09      	cmp	r2, #9
10004230:	bf8c      	ite	hi
10004232:	3237      	addhi	r2, #55	@ 0x37
10004234:	3230      	addls	r2, #48	@ 0x30
10004236:	2b0c      	cmp	r3, #12
10004238:	72c2      	strb	r2, [r0, #11]
1000423a:	d02c      	beq.n	10004296 <pico_get_unique_board_id_string+0x176>
1000423c:	798a      	ldrb	r2, [r1, #6]
1000423e:	ea4f 1c12 	mov.w	ip, r2, lsr #4
10004242:	2a9f      	cmp	r2, #159	@ 0x9f
10004244:	bf8c      	ite	hi
10004246:	f10c 0c37 	addhi.w	ip, ip, #55	@ 0x37
1000424a:	f10c 0c30 	addls.w	ip, ip, #48	@ 0x30
1000424e:	2b0d      	cmp	r3, #13
10004250:	f880 c00c 	strb.w	ip, [r0, #12]
10004254:	d01f      	beq.n	10004296 <pico_get_unique_board_id_string+0x176>
10004256:	f002 020f 	and.w	r2, r2, #15
1000425a:	2a09      	cmp	r2, #9
1000425c:	bf8c      	ite	hi
1000425e:	3237      	addhi	r2, #55	@ 0x37
10004260:	3230      	addls	r2, #48	@ 0x30
10004262:	2b0e      	cmp	r3, #14
10004264:	7342      	strb	r2, [r0, #13]
10004266:	d016      	beq.n	10004296 <pico_get_unique_board_id_string+0x176>
10004268:	79ca      	ldrb	r2, [r1, #7]
1000426a:	0911      	lsrs	r1, r2, #4
1000426c:	2a9f      	cmp	r2, #159	@ 0x9f
1000426e:	bf8c      	ite	hi
10004270:	3137      	addhi	r1, #55	@ 0x37
10004272:	3130      	addls	r1, #48	@ 0x30
10004274:	2b0f      	cmp	r3, #15
10004276:	7381      	strb	r1, [r0, #14]
10004278:	d00d      	beq.n	10004296 <pico_get_unique_board_id_string+0x176>
1000427a:	f002 020f 	and.w	r2, r2, #15
1000427e:	2a09      	cmp	r2, #9
10004280:	bf94      	ite	ls
10004282:	3230      	addls	r2, #48	@ 0x30
10004284:	3237      	addhi	r2, #55	@ 0x37
10004286:	2b10      	cmp	r3, #16
10004288:	73c2      	strb	r2, [r0, #15]
1000428a:	bf18      	it	ne
1000428c:	3010      	addne	r0, #16
1000428e:	d002      	beq.n	10004296 <pico_get_unique_board_id_string+0x176>
10004290:	2300      	movs	r3, #0
10004292:	7003      	strb	r3, [r0, #0]
10004294:	4770      	bx	lr
10004296:	4418      	add	r0, r3
10004298:	2300      	movs	r3, #0
1000429a:	7003      	strb	r3, [r0, #0]
1000429c:	4770      	bx	lr
1000429e:	bf00      	nop
100042a0:	200021a0 	.word	0x200021a0

100042a4 <dcd_init>:
100042a4:	b570      	push	{r4, r5, r6, lr}
100042a6:	f000 f92d 	bl	10004504 <rp2040_usb_init>
100042aa:	230c      	movs	r3, #12
100042ac:	2640      	movs	r6, #64	@ 0x40
100042ae:	4c19      	ldr	r4, [pc, #100]	@ (10004314 <dcd_init+0x70>)
100042b0:	22ff      	movs	r2, #255	@ 0xff
100042b2:	67a3      	str	r3, [r4, #120]	@ 0x78
100042b4:	200e      	movs	r0, #14
100042b6:	4918      	ldr	r1, [pc, #96]	@ (10004318 <dcd_init+0x74>)
100042b8:	f7fc fcd4 	bl	10000c64 <irq_add_shared_handler>
100042bc:	4632      	mov	r2, r6
100042be:	2100      	movs	r1, #0
100042c0:	4816      	ldr	r0, [pc, #88]	@ (1000431c <dcd_init+0x78>)
100042c2:	f002 f8d9 	bl	10006478 <memset>
100042c6:	2501      	movs	r5, #1
100042c8:	2300      	movs	r3, #0
100042ca:	2180      	movs	r1, #128	@ 0x80
100042cc:	4813      	ldr	r0, [pc, #76]	@ (1000431c <dcd_init+0x78>)
100042ce:	4a14      	ldr	r2, [pc, #80]	@ (10004320 <dcd_init+0x7c>)
100042d0:	8441      	strh	r1, [r0, #34]	@ 0x22
100042d2:	7045      	strb	r5, [r0, #1]
100042d4:	8306      	strh	r6, [r0, #24]
100042d6:	8706      	strh	r6, [r0, #56]	@ 0x38
100042d8:	6082      	str	r2, [r0, #8]
100042da:	6043      	str	r3, [r0, #4]
100042dc:	6013      	str	r3, [r2, #0]
100042de:	f842 3c04 	str.w	r3, [r2, #-4]
100042e2:	f880 3021 	strb.w	r3, [r0, #33]	@ 0x21
100042e6:	f880 303b 	strb.w	r3, [r0, #59]	@ 0x3b
100042ea:	6243      	str	r3, [r0, #36]	@ 0x24
100042ec:	4b0d      	ldr	r3, [pc, #52]	@ (10004324 <dcd_init+0x80>)
100042ee:	f04f 5600 	mov.w	r6, #536870912	@ 0x20000000
100042f2:	60c3      	str	r3, [r0, #12]
100042f4:	62c3      	str	r3, [r0, #44]	@ 0x2c
100042f6:	3b80      	subs	r3, #128	@ 0x80
100042f8:	6283      	str	r3, [r0, #40]	@ 0x28
100042fa:	f002 f9d1 	bl	100066a0 <__reset_non_control_endpoints_veneer>
100042fe:	f44f 3280 	mov.w	r2, #65536	@ 0x10000
10004302:	4909      	ldr	r1, [pc, #36]	@ (10004328 <dcd_init+0x84>)
10004304:	4b09      	ldr	r3, [pc, #36]	@ (1000432c <dcd_init+0x88>)
10004306:	6425      	str	r5, [r4, #64]	@ 0x40
10004308:	4628      	mov	r0, r5
1000430a:	64e6      	str	r6, [r4, #76]	@ 0x4c
1000430c:	f8c4 1090 	str.w	r1, [r4, #144]	@ 0x90
10004310:	64da      	str	r2, [r3, #76]	@ 0x4c
10004312:	bd70      	pop	{r4, r5, r6, pc}
10004314:	50110000 	.word	0x50110000
10004318:	2000039d 	.word	0x2000039d
1000431c:	20001d54 	.word	0x20001d54
10004320:	50100084 	.word	0x50100084
10004324:	50100100 	.word	0x50100100
10004328:	0001d010 	.word	0x0001d010
1000432c:	50112000 	.word	0x50112000

10004330 <dcd_int_enable>:
10004330:	2101      	movs	r1, #1
10004332:	200e      	movs	r0, #14
10004334:	f7fc bc24 	b.w	10000b80 <irq_set_enabled>

10004338 <dcd_set_address>:
10004338:	2200      	movs	r2, #0
1000433a:	4802      	ldr	r0, [pc, #8]	@ (10004344 <dcd_set_address+0xc>)
1000433c:	4611      	mov	r1, r2
1000433e:	f000 b901 	b.w	10004544 <hw_endpoint_xfer_start>
10004342:	bf00      	nop
10004344:	20001d74 	.word	0x20001d74

10004348 <dcd_sof_enable>:
10004348:	4b04      	ldr	r3, [pc, #16]	@ (1000435c <dcd_sof_enable+0x14>)
1000434a:	7019      	strb	r1, [r3, #0]
1000434c:	b121      	cbz	r1, 10004358 <dcd_sof_enable+0x10>
1000434e:	f44f 3200 	mov.w	r2, #131072	@ 0x20000
10004352:	4b03      	ldr	r3, [pc, #12]	@ (10004360 <dcd_sof_enable+0x18>)
10004354:	f8c3 2090 	str.w	r2, [r3, #144]	@ 0x90
10004358:	4770      	bx	lr
1000435a:	bf00      	nop
1000435c:	200023ca 	.word	0x200023ca
10004360:	50112000 	.word	0x50112000

10004364 <dcd_edpt0_status_complete>:
10004364:	780b      	ldrb	r3, [r1, #0]
10004366:	065b      	lsls	r3, r3, #25
10004368:	d102      	bne.n	10004370 <dcd_edpt0_status_complete+0xc>
1000436a:	784b      	ldrb	r3, [r1, #1]
1000436c:	2b05      	cmp	r3, #5
1000436e:	d000      	beq.n	10004372 <dcd_edpt0_status_complete+0xe>
10004370:	4770      	bx	lr
10004372:	884b      	ldrh	r3, [r1, #2]
10004374:	4a01      	ldr	r2, [pc, #4]	@ (1000437c <dcd_edpt0_status_complete+0x18>)
10004376:	b2db      	uxtb	r3, r3
10004378:	6013      	str	r3, [r2, #0]
1000437a:	4770      	bx	lr
1000437c:	50110000 	.word	0x50110000

10004380 <dcd_edpt_open>:
10004380:	78cb      	ldrb	r3, [r1, #3]
10004382:	e92d 41f0 	stmdb	sp!, {r4, r5, r6, r7, r8, lr}
10004386:	f003 0e03 	and.w	lr, r3, #3
1000438a:	f1be 0f01 	cmp.w	lr, #1
1000438e:	f3c3 0001 	ubfx	r0, r3, #0, #2
10004392:	d05b      	beq.n	1000444c <dcd_edpt_open+0xcc>
10004394:	2700      	movs	r7, #0
10004396:	f891 c002 	ldrb.w	ip, [r1, #2]
1000439a:	4c34      	ldr	r4, [pc, #208]	@ (1000446c <dcd_edpt_open+0xec>)
1000439c:	f00c 027f 	and.w	r2, ip, #127	@ 0x7f
100043a0:	0056      	lsls	r6, r2, #1
100043a2:	8889      	ldrh	r1, [r1, #4]
100043a4:	eb06 13dc 	add.w	r3, r6, ip, lsr #7
100043a8:	eb04 1343 	add.w	r3, r4, r3, lsl #5
100043ac:	ea4f 15dc 	mov.w	r5, ip, lsr #7
100043b0:	76d8      	strb	r0, [r3, #27]
100043b2:	f3c1 010a 	ubfx	r1, r1, #0, #11
100043b6:	f085 0001 	eor.w	r0, r5, #1
100043ba:	f883 c002 	strb.w	ip, [r3, #2]
100043be:	8319      	strh	r1, [r3, #24]
100043c0:	7058      	strb	r0, [r3, #1]
100043c2:	70df      	strb	r7, [r3, #3]
100043c4:	00d3      	lsls	r3, r2, #3
100043c6:	bb8d      	cbnz	r5, 1000442c <dcd_edpt_open+0xac>
100043c8:	4829      	ldr	r0, [pc, #164]	@ (10004470 <dcd_edpt_open+0xf0>)
100043ca:	3304      	adds	r3, #4
100043cc:	eb04 1c82 	add.w	ip, r4, r2, lsl #6
100043d0:	eb03 0800 	add.w	r8, r3, r0
100043d4:	f8cc 8008 	str.w	r8, [ip, #8]
100043d8:	501f      	str	r7, [r3, r0]
100043da:	b382      	cbz	r2, 1000443e <dcd_edpt_open+0xbe>
100043dc:	4b25      	ldr	r3, [pc, #148]	@ (10004474 <dcd_edpt_open+0xf4>)
100043de:	00d2      	lsls	r2, r2, #3
100043e0:	4413      	add	r3, r2
100043e2:	f8cc 3004 	str.w	r3, [ip, #4]
100043e6:	4b24      	ldr	r3, [pc, #144]	@ (10004478 <dcd_edpt_open+0xf8>)
100043e8:	313f      	adds	r1, #63	@ 0x3f
100043ea:	681a      	ldr	r2, [r3, #0]
100043ec:	f021 013f 	bic.w	r1, r1, #63	@ 0x3f
100043f0:	f1be 0f02 	cmp.w	lr, #2
100043f4:	bf08      	it	eq
100043f6:	0049      	lsleq	r1, r1, #1
100043f8:	4411      	add	r1, r2
100043fa:	6019      	str	r1, [r3, #0]
100043fc:	4b1f      	ldr	r3, [pc, #124]	@ (1000447c <dcd_edpt_open+0xfc>)
100043fe:	1977      	adds	r7, r6, r5
10004400:	eb04 1747 	add.w	r7, r4, r7, lsl #5
10004404:	4299      	cmp	r1, r3
10004406:	60fa      	str	r2, [r7, #12]
10004408:	d82b      	bhi.n	10004462 <dcd_edpt_open+0xe2>
1000440a:	442e      	add	r6, r5
1000440c:	eb04 1346 	add.w	r3, r4, r6, lsl #5
10004410:	7ed9      	ldrb	r1, [r3, #27]
10004412:	f082 42a0 	eor.w	r2, r2, #1342177280	@ 0x50000000
10004416:	f482 1280 	eor.w	r2, r2, #1048576	@ 0x100000
1000441a:	685b      	ldr	r3, [r3, #4]
1000441c:	ea42 6281 	orr.w	r2, r2, r1, lsl #26
10004420:	f042 4200 	orr.w	r2, r2, #2147483648	@ 0x80000000
10004424:	601a      	str	r2, [r3, #0]
10004426:	2001      	movs	r0, #1
10004428:	e8bd 81f0 	ldmia.w	sp!, {r4, r5, r6, r7, r8, pc}
1000442c:	4810      	ldr	r0, [pc, #64]	@ (10004470 <dcd_edpt_open+0xf0>)
1000442e:	eb04 1c82 	add.w	ip, r4, r2, lsl #6
10004432:	4403      	add	r3, r0
10004434:	f8cc 3028 	str.w	r3, [ip, #40]	@ 0x28
10004438:	f840 7032 	str.w	r7, [r0, r2, lsl #3]
1000443c:	b94a      	cbnz	r2, 10004452 <dcd_edpt_open+0xd2>
1000443e:	2200      	movs	r2, #0
10004440:	490f      	ldr	r1, [pc, #60]	@ (10004480 <dcd_edpt_open+0x100>)
10004442:	eb04 1345 	add.w	r3, r4, r5, lsl #5
10004446:	60d9      	str	r1, [r3, #12]
10004448:	605a      	str	r2, [r3, #4]
1000444a:	e7ec      	b.n	10004426 <dcd_edpt_open+0xa6>
1000444c:	2000      	movs	r0, #0
1000444e:	e8bd 81f0 	ldmia.w	sp!, {r4, r5, r6, r7, r8, pc}
10004452:	00d2      	lsls	r2, r2, #3
10004454:	f102 42a0 	add.w	r2, r2, #1342177280	@ 0x50000000
10004458:	f502 1280 	add.w	r2, r2, #1048576	@ 0x100000
1000445c:	f8cc 2024 	str.w	r2, [ip, #36]	@ 0x24
10004460:	e7c1      	b.n	100043e6 <dcd_edpt_open+0x66>
10004462:	f7fd fb65 	bl	10001b30 <hard_assertion_failure>
10004466:	68fa      	ldr	r2, [r7, #12]
10004468:	e7cf      	b.n	1000440a <dcd_edpt_open+0x8a>
1000446a:	bf00      	nop
1000446c:	20001d54 	.word	0x20001d54
10004470:	50100080 	.word	0x50100080
10004474:	50100004 	.word	0x50100004
10004478:	2000215c 	.word	0x2000215c
1000447c:	50100fff 	.word	0x50100fff
10004480:	50100100 	.word	0x50100100

10004484 <dcd_edpt_close_all>:
10004484:	f002 b90c 	b.w	100066a0 <__reset_non_control_endpoints_veneer>

10004488 <dcd_edpt_xfer>:
10004488:	468c      	mov	ip, r1
1000448a:	b508      	push	{r3, lr}
1000448c:	4611      	mov	r1, r2
1000448e:	4807      	ldr	r0, [pc, #28]	@ (100044ac <dcd_edpt_xfer+0x24>)
10004490:	461a      	mov	r2, r3
10004492:	f00c 037f 	and.w	r3, ip, #127	@ 0x7f
10004496:	ea4f 1cdc 	mov.w	ip, ip, lsr #7
1000449a:	eb0c 0c43 	add.w	ip, ip, r3, lsl #1
1000449e:	eb00 104c 	add.w	r0, r0, ip, lsl #5
100044a2:	f000 f84f 	bl	10004544 <hw_endpoint_xfer_start>
100044a6:	2001      	movs	r0, #1
100044a8:	bd08      	pop	{r3, pc}
100044aa:	bf00      	nop
100044ac:	20001d54 	.word	0x20001d54

100044b0 <dcd_edpt_stall>:
100044b0:	f011 027f 	ands.w	r2, r1, #127	@ 0x7f
100044b4:	d105      	bne.n	100044c2 <dcd_edpt_stall+0x12>
100044b6:	2900      	cmp	r1, #0
100044b8:	bf0c      	ite	eq
100044ba:	2002      	moveq	r0, #2
100044bc:	2001      	movne	r0, #1
100044be:	4b06      	ldr	r3, [pc, #24]	@ (100044d8 <dcd_edpt_stall+0x28>)
100044c0:	6698      	str	r0, [r3, #104]	@ 0x68
100044c2:	09c9      	lsrs	r1, r1, #7
100044c4:	4b05      	ldr	r3, [pc, #20]	@ (100044dc <dcd_edpt_stall+0x2c>)
100044c6:	eb01 0042 	add.w	r0, r1, r2, lsl #1
100044ca:	eb03 1040 	add.w	r0, r3, r0, lsl #5
100044ce:	f44f 6200 	mov.w	r2, #2048	@ 0x800
100044d2:	2100      	movs	r1, #0
100044d4:	f002 b8dc 	b.w	10006690 <___hw_endpoint_buffer_control_update32_veneer>
100044d8:	50112000 	.word	0x50112000
100044dc:	20001d54 	.word	0x20001d54

100044e0 <dcd_edpt_clear_stall>:
100044e0:	f011 037f 	ands.w	r3, r1, #127	@ 0x7f
100044e4:	d100      	bne.n	100044e8 <dcd_edpt_clear_stall+0x8>
100044e6:	4770      	bx	lr
100044e8:	2200      	movs	r2, #0
100044ea:	4805      	ldr	r0, [pc, #20]	@ (10004500 <dcd_edpt_clear_stall+0x20>)
100044ec:	005b      	lsls	r3, r3, #1
100044ee:	eb03 13d1 	add.w	r3, r3, r1, lsr #7
100044f2:	eb00 1043 	add.w	r0, r0, r3, lsl #5
100044f6:	f46f 6100 	mvn.w	r1, #2048	@ 0x800
100044fa:	70c2      	strb	r2, [r0, #3]
100044fc:	f002 b8c8 	b.w	10006690 <___hw_endpoint_buffer_control_update32_veneer>
10004500:	20001d54 	.word	0x20001d54

10004504 <rp2040_usb_init>:
10004504:	f04f 5280 	mov.w	r2, #268435456	@ 0x10000000
10004508:	4809      	ldr	r0, [pc, #36]	@ (10004530 <rp2040_usb_init+0x2c>)
1000450a:	490a      	ldr	r1, [pc, #40]	@ (10004534 <rp2040_usb_init+0x30>)
1000450c:	b508      	push	{r3, lr}
1000450e:	4b0a      	ldr	r3, [pc, #40]	@ (10004538 <rp2040_usb_init+0x34>)
10004510:	6002      	str	r2, [r0, #0]
10004512:	600a      	str	r2, [r1, #0]
10004514:	6899      	ldr	r1, [r3, #8]
10004516:	43c9      	mvns	r1, r1
10004518:	f011 5180 	ands.w	r1, r1, #268435456	@ 0x10000000
1000451c:	d1fa      	bne.n	10004514 <rp2040_usb_init+0x10>
1000451e:	f44f 5280 	mov.w	r2, #4096	@ 0x1000
10004522:	4806      	ldr	r0, [pc, #24]	@ (1000453c <rp2040_usb_init+0x38>)
10004524:	f001 ffa8 	bl	10006478 <memset>
10004528:	2209      	movs	r2, #9
1000452a:	4b05      	ldr	r3, [pc, #20]	@ (10004540 <rp2040_usb_init+0x3c>)
1000452c:	675a      	str	r2, [r3, #116]	@ 0x74
1000452e:	bd08      	pop	{r3, pc}
10004530:	40022000 	.word	0x40022000
10004534:	40023000 	.word	0x40023000
10004538:	40020000 	.word	0x40020000
1000453c:	50100000 	.word	0x50100000
10004540:	50110000 	.word	0x50110000

10004544 <hw_endpoint_xfer_start>:
10004544:	2300      	movs	r3, #0
10004546:	f04f 0c01 	mov.w	ip, #1
1000454a:	b510      	push	{r4, lr}
1000454c:	f880 c01a 	strb.w	ip, [r0, #26]
10004550:	8282      	strh	r2, [r0, #20]
10004552:	82c3      	strh	r3, [r0, #22]
10004554:	6101      	str	r1, [r0, #16]
10004556:	4604      	mov	r4, r0
10004558:	f002 f8a6 	bl	100066a8 <__e15_is_bulkin_ep_veneer>
1000455c:	b120      	cbz	r0, 10004568 <hw_endpoint_xfer_start+0x24>
1000455e:	f44f 3200 	mov.w	r2, #131072	@ 0x20000
10004562:	4b07      	ldr	r3, [pc, #28]	@ (10004580 <hw_endpoint_xfer_start+0x3c>)
10004564:	f8c3 2090 	str.w	r2, [r3, #144]	@ 0x90
10004568:	4620      	mov	r0, r4
1000456a:	f002 f88d 	bl	10006688 <__e15_is_critical_frame_period_veneer>
1000456e:	b110      	cbz	r0, 10004576 <hw_endpoint_xfer_start+0x32>
10004570:	2301      	movs	r3, #1
10004572:	7723      	strb	r3, [r4, #28]
10004574:	bd10      	pop	{r4, pc}
10004576:	4620      	mov	r0, r4
10004578:	e8bd 4010 	ldmia.w	sp!, {r4, lr}
1000457c:	f002 b874 	b.w	10006668 <__hw_endpoint_start_next_buffer_veneer>
10004580:	50112000 	.word	0x50112000

10004584 <configuration_reset>:
10004584:	e92d 41f0 	stmdb	sp!, {r4, r5, r6, r7, r8, lr}
10004588:	2400      	movs	r4, #0
1000458a:	4e1d      	ldr	r6, [pc, #116]	@ (10004600 <configuration_reset+0x7c>)
1000458c:	4605      	mov	r5, r0
1000458e:	4623      	mov	r3, r4
10004590:	7832      	ldrb	r2, [r6, #0]
10004592:	f8df 8078 	ldr.w	r8, [pc, #120]	@ 1000460c <configuration_reset+0x88>
10004596:	4f1b      	ldr	r7, [pc, #108]	@ (10004604 <configuration_reset+0x80>)
10004598:	e00d      	b.n	100045b6 <configuration_reset+0x32>
1000459a:	683b      	ldr	r3, [r7, #0]
1000459c:	eb13 1344 	adds.w	r3, r3, r4, lsl #5
100045a0:	d024      	beq.n	100045ec <configuration_reset+0x68>
100045a2:	68db      	ldr	r3, [r3, #12]
100045a4:	4628      	mov	r0, r5
100045a6:	4798      	blx	r3
100045a8:	7832      	ldrb	r2, [r6, #0]
100045aa:	3401      	adds	r4, #1
100045ac:	b2e4      	uxtb	r4, r4
100045ae:	1c51      	adds	r1, r2, #1
100045b0:	42a1      	cmp	r1, r4
100045b2:	4623      	mov	r3, r4
100045b4:	db06      	blt.n	100045c4 <configuration_reset+0x40>
100045b6:	42a2      	cmp	r2, r4
100045b8:	eba3 0302 	sub.w	r3, r3, r2
100045bc:	d8ed      	bhi.n	1000459a <configuration_reset+0x16>
100045be:	eb08 1343 	add.w	r3, r8, r3, lsl #5
100045c2:	e7ee      	b.n	100045a2 <configuration_reset+0x1e>
100045c4:	2254      	movs	r2, #84	@ 0x54
100045c6:	2100      	movs	r1, #0
100045c8:	480f      	ldr	r0, [pc, #60]	@ (10004608 <configuration_reset+0x84>)
100045ca:	f001 ff55 	bl	10006478 <memset>
100045ce:	f04f 33ff 	mov.w	r3, #4294967295	@ 0xffffffff
100045d2:	480d      	ldr	r0, [pc, #52]	@ (10004608 <configuration_reset+0x84>)
100045d4:	2220      	movs	r2, #32
100045d6:	1d04      	adds	r4, r0, #4
100045d8:	6043      	str	r3, [r0, #4]
100045da:	e9c4 3301 	strd	r3, r3, [r4, #4]
100045de:	60e3      	str	r3, [r4, #12]
100045e0:	21ff      	movs	r1, #255	@ 0xff
100045e2:	e8bd 41f0 	ldmia.w	sp!, {r4, r5, r6, r7, r8, lr}
100045e6:	3014      	adds	r0, #20
100045e8:	f001 bf46 	b.w	10006478 <memset>
100045ec:	f04f 23e0 	mov.w	r3, #3758153728	@ 0xe000e000
100045f0:	f8d3 3df0 	ldr.w	r3, [r3, #3568]	@ 0xdf0
100045f4:	07db      	lsls	r3, r3, #31
100045f6:	d500      	bpl.n	100045fa <configuration_reset+0x76>
100045f8:	be00      	bkpt	0x0000
100045fa:	e8bd 81f0 	ldmia.w	sp!, {r4, r5, r6, r7, r8, pc}
100045fe:	bf00      	nop
10004600:	200023c9 	.word	0x200023c9
10004604:	20001730 	.word	0x20001730
10004608:	20001900 	.word	0x20001900
1000460c:	10006cec 	.word	0x10006cec

10004610 <tud_event_hook_cb>:
10004610:	4770      	bx	lr
10004612:	bf00      	nop

10004614 <tud_sof_cb>:
10004614:	4770      	bx	lr
10004616:	bf00      	nop

10004618 <tud_descriptor_device_qualifier_cb>:
10004618:	2000      	movs	r0, #0
1000461a:	4770      	bx	lr

1000461c <tud_descriptor_other_speed_configuration_cb>:
1000461c:	2000      	movs	r0, #0
1000461e:	4770      	bx	lr

10004620 <tud_mount_cb>:
10004620:	4770      	bx	lr
10004622:	bf00      	nop

10004624 <tud_umount_cb>:
10004624:	4770      	bx	lr
10004626:	bf00      	nop

10004628 <tud_suspend_cb>:
10004628:	4770      	bx	lr
1000462a:	bf00      	nop

1000462c <tud_resume_cb>:
1000462c:	4770      	bx	lr
1000462e:	bf00      	nop

10004630 <tud_mounted>:
10004630:	4b02      	ldr	r3, [pc, #8]	@ (1000463c <tud_mounted+0xc>)
10004632:	7858      	ldrb	r0, [r3, #1]
10004634:	3800      	subs	r0, #0
10004636:	bf18      	it	ne
10004638:	2001      	movne	r0, #1
1000463a:	4770      	bx	lr
1000463c:	20001900 	.word	0x20001900

10004640 <tud_suspended>:
10004640:	4b02      	ldr	r3, [pc, #8]	@ (1000464c <tud_suspended+0xc>)
10004642:	7818      	ldrb	r0, [r3, #0]
10004644:	f3c0 0080 	ubfx	r0, r0, #2, #1
10004648:	4770      	bx	lr
1000464a:	bf00      	nop
1000464c:	20001900 	.word	0x20001900

10004650 <tud_rhport_init>:
10004650:	e92d 47f0 	stmdb	sp!, {r4, r5, r6, r7, r8, r9, sl, lr}
10004654:	f8df a0e4 	ldr.w	sl, [pc, #228]	@ 1000473c <tud_rhport_init+0xec>
10004658:	f89a 3000 	ldrb.w	r3, [sl]
1000465c:	2bff      	cmp	r3, #255	@ 0xff
1000465e:	d156      	bne.n	1000470e <tud_rhport_init+0xbe>
10004660:	460e      	mov	r6, r1
10004662:	2900      	cmp	r1, #0
10004664:	d03e      	beq.n	100046e4 <tud_rhport_init+0x94>
10004666:	2100      	movs	r1, #0
10004668:	2254      	movs	r2, #84	@ 0x54
1000466a:	4607      	mov	r7, r0
1000466c:	4829      	ldr	r0, [pc, #164]	@ (10004714 <tud_rhport_init+0xc4>)
1000466e:	f001 ff03 	bl	10006478 <memset>
10004672:	2200      	movs	r2, #0
10004674:	4c28      	ldr	r4, [pc, #160]	@ (10004718 <tud_rhport_init+0xc8>)
10004676:	4b29      	ldr	r3, [pc, #164]	@ (1000471c <tud_rhport_init+0xcc>)
10004678:	4620      	mov	r0, r4
1000467a:	701a      	strb	r2, [r3, #0]
1000467c:	f7fc fc84 	bl	10000f88 <mutex_init>
10004680:	4b27      	ldr	r3, [pc, #156]	@ (10004720 <tud_rhport_init+0xd0>)
10004682:	4828      	ldr	r0, [pc, #160]	@ (10004724 <tud_rhport_init+0xd4>)
10004684:	601c      	str	r4, [r3, #0]
10004686:	4c28      	ldr	r4, [pc, #160]	@ (10004728 <tud_rhport_init+0xd8>)
10004688:	f7fc fc8c 	bl	10000fa4 <critical_section_init>
1000468c:	4620      	mov	r0, r4
1000468e:	f001 fdab 	bl	100061e8 <tu_fifo_clear>
10004692:	4a26      	ldr	r2, [pc, #152]	@ (1000472c <tud_rhport_init+0xdc>)
10004694:	4b26      	ldr	r3, [pc, #152]	@ (10004730 <tud_rhport_init+0xe0>)
10004696:	6014      	str	r4, [r2, #0]
10004698:	b123      	cbz	r3, 100046a4 <tud_rhport_init+0x54>
1000469a:	4826      	ldr	r0, [pc, #152]	@ (10004734 <tud_rhport_init+0xe4>)
1000469c:	f7ff fac4 	bl	10003c28 <usbd_app_driver_get_cb>
100046a0:	4b25      	ldr	r3, [pc, #148]	@ (10004738 <tud_rhport_init+0xe8>)
100046a2:	6018      	str	r0, [r3, #0]
100046a4:	2400      	movs	r4, #0
100046a6:	4d23      	ldr	r5, [pc, #140]	@ (10004734 <tud_rhport_init+0xe4>)
100046a8:	4623      	mov	r3, r4
100046aa:	782a      	ldrb	r2, [r5, #0]
100046ac:	f8df 9090 	ldr.w	r9, [pc, #144]	@ 10004740 <tud_rhport_init+0xf0>
100046b0:	f8df 8084 	ldr.w	r8, [pc, #132]	@ 10004738 <tud_rhport_init+0xe8>
100046b4:	e00e      	b.n	100046d4 <tud_rhport_init+0x84>
100046b6:	f8d8 3000 	ldr.w	r3, [r8]
100046ba:	eb13 1344 	adds.w	r3, r3, r4, lsl #5
100046be:	d011      	beq.n	100046e4 <tud_rhport_init+0x94>
100046c0:	685b      	ldr	r3, [r3, #4]
100046c2:	b17b      	cbz	r3, 100046e4 <tud_rhport_init+0x94>
100046c4:	4798      	blx	r3
100046c6:	782a      	ldrb	r2, [r5, #0]
100046c8:	3401      	adds	r4, #1
100046ca:	b2e4      	uxtb	r4, r4
100046cc:	1c51      	adds	r1, r2, #1
100046ce:	42a1      	cmp	r1, r4
100046d0:	4623      	mov	r3, r4
100046d2:	db11      	blt.n	100046f8 <tud_rhport_init+0xa8>
100046d4:	42a2      	cmp	r2, r4
100046d6:	d8ee      	bhi.n	100046b6 <tud_rhport_init+0x66>
100046d8:	1a9b      	subs	r3, r3, r2
100046da:	eb09 1343 	add.w	r3, r9, r3, lsl #5
100046de:	685b      	ldr	r3, [r3, #4]
100046e0:	2b00      	cmp	r3, #0
100046e2:	d1ef      	bne.n	100046c4 <tud_rhport_init+0x74>
100046e4:	f04f 23e0 	mov.w	r3, #3758153728	@ 0xe000e000
100046e8:	f8d3 3df0 	ldr.w	r3, [r3, #3568]	@ 0xdf0
100046ec:	07db      	lsls	r3, r3, #31
100046ee:	d500      	bpl.n	100046f2 <tud_rhport_init+0xa2>
100046f0:	be00      	bkpt	0x0000
100046f2:	2000      	movs	r0, #0
100046f4:	e8bd 87f0 	ldmia.w	sp!, {r4, r5, r6, r7, r8, r9, sl, pc}
100046f8:	4631      	mov	r1, r6
100046fa:	4638      	mov	r0, r7
100046fc:	f88a 7000 	strb.w	r7, [sl]
10004700:	f7ff fdd0 	bl	100042a4 <dcd_init>
10004704:	2800      	cmp	r0, #0
10004706:	d0ed      	beq.n	100046e4 <tud_rhport_init+0x94>
10004708:	4638      	mov	r0, r7
1000470a:	f7ff fe11 	bl	10004330 <dcd_int_enable>
1000470e:	2001      	movs	r0, #1
10004710:	e8bd 87f0 	ldmia.w	sp!, {r4, r5, r6, r7, r8, r9, sl, pc}
10004714:	20001900 	.word	0x20001900
10004718:	200018f8 	.word	0x200018f8
1000471c:	200023cb 	.word	0x200023cb
10004720:	20001954 	.word	0x20001954
10004724:	20001588 	.word	0x20001588
10004728:	20001574 	.word	0x20001574
1000472c:	20001958 	.word	0x20001958
10004730:	10003c29 	.word	0x10003c29
10004734:	200023c9 	.word	0x200023c9
10004738:	20001730 	.word	0x20001730
1000473c:	20001590 	.word	0x20001590
10004740:	10006cec 	.word	0x10006cec

10004744 <tud_task_ext>:
10004744:	e92d 4ff0 	stmdb	sp!, {r4, r5, r6, r7, r8, r9, sl, fp, lr}
10004748:	f8df 92c8 	ldr.w	r9, [pc, #712]	@ 10004a14 <tud_task_ext+0x2d0>
1000474c:	b08b      	sub	sp, #44	@ 0x2c
1000474e:	f899 3000 	ldrb.w	r3, [r9]
10004752:	2bff      	cmp	r3, #255	@ 0xff
10004754:	f000 80f1 	beq.w	1000493a <tud_task_ext+0x1f6>
10004758:	4ca8      	ldr	r4, [pc, #672]	@ (100049fc <tud_task_ext+0x2b8>)
1000475a:	4da9      	ldr	r5, [pc, #676]	@ (10004a00 <tud_task_ext+0x2bc>)
1000475c:	f8df a2b0 	ldr.w	sl, [pc, #688]	@ 10004a10 <tud_task_ext+0x2cc>
10004760:	f8df b2b4 	ldr.w	fp, [pc, #692]	@ 10004a18 <tud_task_ext+0x2d4>
10004764:	6826      	ldr	r6, [r4, #0]
10004766:	6973      	ldr	r3, [r6, #20]
10004768:	f3ef 8210 	mrs	r2, PRIMASK
1000476c:	b672      	cpsid	i
1000476e:	e8d3 0fcf 	ldaexb	r0, [r3]
10004772:	2101      	movs	r1, #1
10004774:	2800      	cmp	r0, #0
10004776:	d1fa      	bne.n	1000476e <tud_task_ext+0x2a>
10004778:	e8c3 1f40 	strexb	r0, r1, [r3]
1000477c:	2800      	cmp	r0, #0
1000477e:	d1f6      	bne.n	1000476e <tud_task_ext+0x2a>
10004780:	f3bf 8f5f 	dmb	sy
10004784:	61b2      	str	r2, [r6, #24]
10004786:	4630      	mov	r0, r6
10004788:	a907      	add	r1, sp, #28
1000478a:	f001 fb77 	bl	10005e7c <tu_fifo_read>
1000478e:	2300      	movs	r3, #0
10004790:	6972      	ldr	r2, [r6, #20]
10004792:	e8c2 3f8f 	stlb	r3, [r2]
10004796:	69b3      	ldr	r3, [r6, #24]
10004798:	f383 8810 	msr	PRIMASK, r3
1000479c:	2800      	cmp	r0, #0
1000479e:	f000 80cc 	beq.w	1000493a <tud_task_ext+0x1f6>
100047a2:	f89d 301d 	ldrb.w	r3, [sp, #29]
100047a6:	3b01      	subs	r3, #1
100047a8:	2b07      	cmp	r3, #7
100047aa:	f200 837d 	bhi.w	10004ea8 <tud_task_ext+0x764>
100047ae:	e8df f003 	tbb	[pc, r3]
100047b2:	b1a7      	.short	0xb1a7
100047b4:	358e9d95 	.word	0x358e9d95
100047b8:	040a      	.short	0x040a
100047ba:	9b08      	ldr	r3, [sp, #32]
100047bc:	2b00      	cmp	r3, #0
100047be:	d0d1      	beq.n	10004764 <tud_task_ext+0x20>
100047c0:	9809      	ldr	r0, [sp, #36]	@ 0x24
100047c2:	4798      	blx	r3
100047c4:	e7ce      	b.n	10004764 <tud_task_ext+0x20>
100047c6:	f89d 1020 	ldrb.w	r1, [sp, #32]
100047ca:	f001 067f 	and.w	r6, r1, #127	@ 0x7f
100047ce:	eb05 0046 	add.w	r0, r5, r6, lsl #1
100047d2:	eb00 10d1 	add.w	r0, r0, r1, lsr #7
100047d6:	f890 3034 	ldrb.w	r3, [r0, #52]	@ 0x34
100047da:	f023 0301 	bic.w	r3, r3, #1
100047de:	f880 3034 	strb.w	r3, [r0, #52]	@ 0x34
100047e2:	f890 3034 	ldrb.w	r3, [r0, #52]	@ 0x34
100047e6:	f023 0304 	bic.w	r3, r3, #4
100047ea:	f880 3034 	strb.w	r3, [r0, #52]	@ 0x34
100047ee:	2e00      	cmp	r6, #0
100047f0:	f000 80a6 	beq.w	10004940 <tud_task_ext+0x1fc>
100047f4:	7d03      	ldrb	r3, [r0, #20]
100047f6:	f89a 2000 	ldrb.w	r2, [sl]
100047fa:	4293      	cmp	r3, r2
100047fc:	f080 8093 	bcs.w	10004926 <tud_task_ext+0x1e2>
10004800:	4a80      	ldr	r2, [pc, #512]	@ (10004a04 <tud_task_ext+0x2c0>)
10004802:	6812      	ldr	r2, [r2, #0]
10004804:	eb12 1343 	adds.w	r3, r2, r3, lsl #5
10004808:	f000 8090 	beq.w	1000492c <tud_task_ext+0x1e8>
1000480c:	699e      	ldr	r6, [r3, #24]
1000480e:	f89d 2021 	ldrb.w	r2, [sp, #33]	@ 0x21
10004812:	9b09      	ldr	r3, [sp, #36]	@ 0x24
10004814:	f89d 001c 	ldrb.w	r0, [sp, #28]
10004818:	47b0      	blx	r6
1000481a:	e7a3      	b.n	10004764 <tud_task_ext+0x20>
1000481c:	f89b 3000 	ldrb.w	r3, [fp]
10004820:	2b00      	cmp	r3, #0
10004822:	f000 8083 	beq.w	1000492c <tud_task_ext+0x1e8>
10004826:	f89b 3000 	ldrb.w	r3, [fp]
1000482a:	3b01      	subs	r3, #1
1000482c:	b2db      	uxtb	r3, r3
1000482e:	f88b 3000 	strb.w	r3, [fp]
10004832:	f89b 3000 	ldrb.w	r3, [fp]
10004836:	f003 00ff 	and.w	r0, r3, #255	@ 0xff
1000483a:	2b00      	cmp	r3, #0
1000483c:	d192      	bne.n	10004764 <tud_task_ext+0x20>
1000483e:	4f70      	ldr	r7, [pc, #448]	@ (10004a00 <tud_task_ext+0x2bc>)
10004840:	f89d 801c 	ldrb.w	r8, [sp, #28]
10004844:	783b      	ldrb	r3, [r7, #0]
10004846:	f043 0301 	orr.w	r3, r3, #1
1000484a:	703b      	strb	r3, [r7, #0]
1000484c:	f897 3034 	ldrb.w	r3, [r7, #52]	@ 0x34
10004850:	f360 0300 	bfi	r3, r0, #0, #1
10004854:	f887 3034 	strb.w	r3, [r7, #52]	@ 0x34
10004858:	f897 3034 	ldrb.w	r3, [r7, #52]	@ 0x34
1000485c:	f360 0382 	bfi	r3, r0, #2, #1
10004860:	f887 3034 	strb.w	r3, [r7, #52]	@ 0x34
10004864:	f897 3035 	ldrb.w	r3, [r7, #53]	@ 0x35
10004868:	f360 0300 	bfi	r3, r0, #0, #1
1000486c:	f887 3035 	strb.w	r3, [r7, #53]	@ 0x35
10004870:	f897 3035 	ldrb.w	r3, [r7, #53]	@ 0x35
10004874:	f360 0382 	bfi	r3, r0, #2, #1
10004878:	f887 3035 	strb.w	r3, [r7, #53]	@ 0x35
1000487c:	f000 fc6c 	bl	10005158 <usbd_control_set_complete_callback>
10004880:	f89d 3020 	ldrb.w	r3, [sp, #32]
10004884:	f003 0260 	and.w	r2, r3, #96	@ 0x60
10004888:	2a60      	cmp	r2, #96	@ 0x60
1000488a:	d06c      	beq.n	10004966 <tud_task_ext+0x222>
1000488c:	2a40      	cmp	r2, #64	@ 0x40
1000488e:	d07c      	beq.n	1000498a <tud_task_ext+0x246>
10004890:	f003 031f 	and.w	r3, r3, #31
10004894:	2b01      	cmp	r3, #1
10004896:	f000 80c1 	beq.w	10004a1c <tud_task_ext+0x2d8>
1000489a:	2b02      	cmp	r3, #2
1000489c:	f000 8081 	beq.w	100049a2 <tud_task_ext+0x25e>
100048a0:	2b00      	cmp	r3, #0
100048a2:	d160      	bne.n	10004966 <tud_task_ext+0x222>
100048a4:	2a20      	cmp	r2, #32
100048a6:	f000 81e9 	beq.w	10004c7c <tud_task_ext+0x538>
100048aa:	2a00      	cmp	r2, #0
100048ac:	d15b      	bne.n	10004966 <tud_task_ext+0x222>
100048ae:	f89d 3021 	ldrb.w	r3, [sp, #33]	@ 0x21
100048b2:	2b09      	cmp	r3, #9
100048b4:	d857      	bhi.n	10004966 <tud_task_ext+0x222>
100048b6:	e8df f013 	tbh	[pc, r3, lsl #1]
100048ba:	01b0      	.short	0x01b0
100048bc:	005601a2 	.word	0x005601a2
100048c0:	005601c1 	.word	0x005601c1
100048c4:	016b0195 	.word	0x016b0195
100048c8:	01600056 	.word	0x01600056
100048cc:	00f4      	.short	0x00f4
100048ce:	782b      	ldrb	r3, [r5, #0]
100048d0:	07d9      	lsls	r1, r3, #31
100048d2:	f57f af47 	bpl.w	10004764 <tud_task_ext+0x20>
100048d6:	f7ff fea9 	bl	1000462c <tud_resume_cb>
100048da:	e743      	b.n	10004764 <tud_task_ext+0x20>
100048dc:	78eb      	ldrb	r3, [r5, #3]
100048de:	07da      	lsls	r2, r3, #31
100048e0:	f57f af40 	bpl.w	10004764 <tud_task_ext+0x20>
100048e4:	9808      	ldr	r0, [sp, #32]
100048e6:	f7ff fe95 	bl	10004614 <tud_sof_cb>
100048ea:	e73b      	b.n	10004764 <tud_task_ext+0x20>
100048ec:	782b      	ldrb	r3, [r5, #0]
100048ee:	07d8      	lsls	r0, r3, #31
100048f0:	f57f af38 	bpl.w	10004764 <tud_task_ext+0x20>
100048f4:	7828      	ldrb	r0, [r5, #0]
100048f6:	f3c0 00c0 	ubfx	r0, r0, #3, #1
100048fa:	f7ff fe95 	bl	10004628 <tud_suspend_cb>
100048fe:	e731      	b.n	10004764 <tud_task_ext+0x20>
10004900:	f89d 001c 	ldrb.w	r0, [sp, #28]
10004904:	f7ff fe3e 	bl	10004584 <configuration_reset>
10004908:	f000 fc1c 	bl	10005144 <usbd_control_reset>
1000490c:	f89d 3020 	ldrb.w	r3, [sp, #32]
10004910:	70ab      	strb	r3, [r5, #2]
10004912:	e727      	b.n	10004764 <tud_task_ext+0x20>
10004914:	f89d 001c 	ldrb.w	r0, [sp, #28]
10004918:	f7ff fe34 	bl	10004584 <configuration_reset>
1000491c:	f000 fc12 	bl	10005144 <usbd_control_reset>
10004920:	f7ff fe80 	bl	10004624 <tud_umount_cb>
10004924:	e71e      	b.n	10004764 <tud_task_ext+0x20>
10004926:	1c50      	adds	r0, r2, #1
10004928:	4298      	cmp	r0, r3
1000492a:	da11      	bge.n	10004950 <tud_task_ext+0x20c>
1000492c:	f04f 23e0 	mov.w	r3, #3758153728	@ 0xe000e000
10004930:	f8d3 3df0 	ldr.w	r3, [r3, #3568]	@ 0xdf0
10004934:	07dc      	lsls	r4, r3, #31
10004936:	d500      	bpl.n	1000493a <tud_task_ext+0x1f6>
10004938:	be00      	bkpt	0x0000
1000493a:	b00b      	add	sp, #44	@ 0x2c
1000493c:	e8bd 8ff0 	ldmia.w	sp!, {r4, r5, r6, r7, r8, r9, sl, fp, pc}
10004940:	9b09      	ldr	r3, [sp, #36]	@ 0x24
10004942:	f89d 2021 	ldrb.w	r2, [sp, #33]	@ 0x21
10004946:	f89d 001c 	ldrb.w	r0, [sp, #28]
1000494a:	f000 fc19 	bl	10005180 <usbd_control_xfer_cb>
1000494e:	e709      	b.n	10004764 <tud_task_ext+0x20>
10004950:	1a9b      	subs	r3, r3, r2
10004952:	4a2d      	ldr	r2, [pc, #180]	@ (10004a08 <tud_task_ext+0x2c4>)
10004954:	eb02 1343 	add.w	r3, r2, r3, lsl #5
10004958:	e758      	b.n	1000480c <tud_task_ext+0xc8>
1000495a:	f7ff fb8d 	bl	10004078 <tud_descriptor_configuration_cb>
1000495e:	4602      	mov	r2, r0
10004960:	2800      	cmp	r0, #0
10004962:	f040 8182 	bne.w	10004c6a <tud_task_ext+0x526>
10004966:	f04f 23e0 	mov.w	r3, #3758153728	@ 0xe000e000
1000496a:	f8d3 3df0 	ldr.w	r3, [r3, #3568]	@ 0xdf0
1000496e:	07de      	lsls	r6, r3, #31
10004970:	d500      	bpl.n	10004974 <tud_task_ext+0x230>
10004972:	be00      	bkpt	0x0000
10004974:	f89d 001c 	ldrb.w	r0, [sp, #28]
10004978:	2100      	movs	r1, #0
1000497a:	f7ff fd99 	bl	100044b0 <dcd_edpt_stall>
1000497e:	2180      	movs	r1, #128	@ 0x80
10004980:	f89d 001c 	ldrb.w	r0, [sp, #28]
10004984:	f7ff fd94 	bl	100044b0 <dcd_edpt_stall>
10004988:	e6ec      	b.n	10004764 <tud_task_ext+0x20>
1000498a:	4820      	ldr	r0, [pc, #128]	@ (10004a0c <tud_task_ext+0x2c8>)
1000498c:	f000 fbe4 	bl	10005158 <usbd_control_set_complete_callback>
10004990:	2101      	movs	r1, #1
10004992:	4640      	mov	r0, r8
10004994:	aa08      	add	r2, sp, #32
10004996:	f7ff f933 	bl	10003c00 <tud_vendor_control_xfer_cb>
1000499a:	2800      	cmp	r0, #0
1000499c:	f47f aee2 	bne.w	10004764 <tud_task_ext+0x20>
100049a0:	e7e8      	b.n	10004974 <tud_task_ext+0x230>
100049a2:	f89d 1024 	ldrb.w	r1, [sp, #36]	@ 0x24
100049a6:	f011 0f70 	tst.w	r1, #112	@ 0x70
100049aa:	d1dc      	bne.n	10004966 <tud_task_ext+0x222>
100049ac:	f001 067f 	and.w	r6, r1, #127	@ 0x7f
100049b0:	eb07 0046 	add.w	r0, r7, r6, lsl #1
100049b4:	4b16      	ldr	r3, [pc, #88]	@ (10004a10 <tud_task_ext+0x2cc>)
100049b6:	eb00 10d1 	add.w	r0, r0, r1, lsr #7
100049ba:	781b      	ldrb	r3, [r3, #0]
100049bc:	7d00      	ldrb	r0, [r0, #20]
100049be:	0076      	lsls	r6, r6, #1
100049c0:	9601      	str	r6, [sp, #4]
100049c2:	4298      	cmp	r0, r3
100049c4:	ea4f 16d1 	mov.w	r6, r1, lsr #7
100049c8:	9600      	str	r6, [sp, #0]
100049ca:	d359      	bcc.n	10004a80 <tud_task_ext+0x33c>
100049cc:	1c5e      	adds	r6, r3, #1
100049ce:	4286      	cmp	r6, r0
100049d0:	f2c0 8166 	blt.w	10004ca0 <tud_task_ext+0x55c>
100049d4:	1ac0      	subs	r0, r0, r3
100049d6:	4b0c      	ldr	r3, [pc, #48]	@ (10004a08 <tud_task_ext+0x2c4>)
100049d8:	eb03 1640 	add.w	r6, r3, r0, lsl #5
100049dc:	2a00      	cmp	r2, #0
100049de:	f000 8163 	beq.w	10004ca8 <tud_task_ext+0x564>
100049e2:	6970      	ldr	r0, [r6, #20]
100049e4:	f000 fbb8 	bl	10005158 <usbd_control_set_complete_callback>
100049e8:	2101      	movs	r1, #1
100049ea:	4640      	mov	r0, r8
100049ec:	6973      	ldr	r3, [r6, #20]
100049ee:	aa08      	add	r2, sp, #32
100049f0:	4798      	blx	r3
100049f2:	2800      	cmp	r0, #0
100049f4:	f47f aeb6 	bne.w	10004764 <tud_task_ext+0x20>
100049f8:	e7bc      	b.n	10004974 <tud_task_ext+0x230>
100049fa:	bf00      	nop
100049fc:	20001958 	.word	0x20001958
10004a00:	20001900 	.word	0x20001900
10004a04:	20001730 	.word	0x20001730
10004a08:	10006cec 	.word	0x10006cec
10004a0c:	10003c01 	.word	0x10003c01
10004a10:	200023c9 	.word	0x200023c9
10004a14:	20001590 	.word	0x20001590
10004a18:	200023cb 	.word	0x200023cb
10004a1c:	f89d 3024 	ldrb.w	r3, [sp, #36]	@ 0x24
10004a20:	2b0f      	cmp	r3, #15
10004a22:	d8a7      	bhi.n	10004974 <tud_task_ext+0x230>
10004a24:	4aae      	ldr	r2, [pc, #696]	@ (10004ce0 <tud_task_ext+0x59c>)
10004a26:	443b      	add	r3, r7
10004a28:	791b      	ldrb	r3, [r3, #4]
10004a2a:	7812      	ldrb	r2, [r2, #0]
10004a2c:	4293      	cmp	r3, r2
10004a2e:	d332      	bcc.n	10004a96 <tud_task_ext+0x352>
10004a30:	1c51      	adds	r1, r2, #1
10004a32:	4299      	cmp	r1, r3
10004a34:	db9e      	blt.n	10004974 <tud_task_ext+0x230>
10004a36:	4eab      	ldr	r6, [pc, #684]	@ (10004ce4 <tud_task_ext+0x5a0>)
10004a38:	1a9b      	subs	r3, r3, r2
10004a3a:	eb06 1643 	add.w	r6, r6, r3, lsl #5
10004a3e:	6970      	ldr	r0, [r6, #20]
10004a40:	f000 fb8a 	bl	10005158 <usbd_control_set_complete_callback>
10004a44:	2101      	movs	r1, #1
10004a46:	4640      	mov	r0, r8
10004a48:	6973      	ldr	r3, [r6, #20]
10004a4a:	aa08      	add	r2, sp, #32
10004a4c:	4798      	blx	r3
10004a4e:	2800      	cmp	r0, #0
10004a50:	f47f ae88 	bne.w	10004764 <tud_task_ext+0x20>
10004a54:	f89d 3020 	ldrb.w	r3, [sp, #32]
10004a58:	f013 0660 	ands.w	r6, r3, #96	@ 0x60
10004a5c:	d18a      	bne.n	10004974 <tud_task_ext+0x230>
10004a5e:	f89d 3021 	ldrb.w	r3, [sp, #33]	@ 0x21
10004a62:	3b0a      	subs	r3, #10
10004a64:	2b01      	cmp	r3, #1
10004a66:	d885      	bhi.n	10004974 <tud_task_ext+0x230>
10004a68:	f000 fb76 	bl	10005158 <usbd_control_set_complete_callback>
10004a6c:	f89d 3021 	ldrb.w	r3, [sp, #33]	@ 0x21
10004a70:	2b0a      	cmp	r3, #10
10004a72:	f000 81f2 	beq.w	10004e5a <tud_task_ext+0x716>
10004a76:	4640      	mov	r0, r8
10004a78:	a908      	add	r1, sp, #32
10004a7a:	f000 faf1 	bl	10005060 <tud_control_status>
10004a7e:	e671      	b.n	10004764 <tud_task_ext+0x20>
10004a80:	4b99      	ldr	r3, [pc, #612]	@ (10004ce8 <tud_task_ext+0x5a4>)
10004a82:	681b      	ldr	r3, [r3, #0]
10004a84:	eb03 1640 	add.w	r6, r3, r0, lsl #5
10004a88:	2a00      	cmp	r2, #0
10004a8a:	f000 810d 	beq.w	10004ca8 <tud_task_ext+0x564>
10004a8e:	2e00      	cmp	r6, #0
10004a90:	f43f af70 	beq.w	10004974 <tud_task_ext+0x230>
10004a94:	e7a5      	b.n	100049e2 <tud_task_ext+0x29e>
10004a96:	4a94      	ldr	r2, [pc, #592]	@ (10004ce8 <tud_task_ext+0x5a4>)
10004a98:	6816      	ldr	r6, [r2, #0]
10004a9a:	eb16 1643 	adds.w	r6, r6, r3, lsl #5
10004a9e:	d1ce      	bne.n	10004a3e <tud_task_ext+0x2fa>
10004aa0:	e768      	b.n	10004974 <tud_task_ext+0x230>
10004aa2:	787b      	ldrb	r3, [r7, #1]
10004aa4:	f89d 6022 	ldrb.w	r6, [sp, #34]	@ 0x22
10004aa8:	429e      	cmp	r6, r3
10004aaa:	f000 814f 	beq.w	10004d4c <tud_task_ext+0x608>
10004aae:	787b      	ldrb	r3, [r7, #1]
10004ab0:	2b00      	cmp	r3, #0
10004ab2:	f040 81be 	bne.w	10004e32 <tud_task_ext+0x6ee>
10004ab6:	707e      	strb	r6, [r7, #1]
10004ab8:	2e00      	cmp	r6, #0
10004aba:	f000 8145 	beq.w	10004d48 <tud_task_ext+0x604>
10004abe:	1e70      	subs	r0, r6, #1
10004ac0:	b2c0      	uxtb	r0, r0
10004ac2:	f7ff fad9 	bl	10004078 <tud_descriptor_configuration_cb>
10004ac6:	4603      	mov	r3, r0
10004ac8:	2800      	cmp	r0, #0
10004aca:	f000 815f 	beq.w	10004d8c <tud_task_ext+0x648>
10004ace:	7842      	ldrb	r2, [r0, #1]
10004ad0:	2a02      	cmp	r2, #2
10004ad2:	f040 815b 	bne.w	10004d8c <tud_task_ext+0x648>
10004ad6:	79c1      	ldrb	r1, [r0, #7]
10004ad8:	f103 0609 	add.w	r6, r3, #9
10004adc:	f3c1 1240 	ubfx	r2, r1, #5, #1
10004ae0:	0112      	lsls	r2, r2, #4
10004ae2:	f3c1 1180 	ubfx	r1, r1, #6, #1
10004ae6:	ea42 1241 	orr.w	r2, r2, r1, lsl #5
10004aea:	4631      	mov	r1, r6
10004aec:	7838      	ldrb	r0, [r7, #0]
10004aee:	f020 0030 	bic.w	r0, r0, #48	@ 0x30
10004af2:	4302      	orrs	r2, r0
10004af4:	703a      	strb	r2, [r7, #0]
10004af6:	885a      	ldrh	r2, [r3, #2]
10004af8:	f8cd 800c 	str.w	r8, [sp, #12]
10004afc:	189a      	adds	r2, r3, r2
10004afe:	9201      	str	r2, [sp, #4]
10004b00:	9b01      	ldr	r3, [sp, #4]
10004b02:	428b      	cmp	r3, r1
10004b04:	f240 81a4 	bls.w	10004e50 <tud_task_ext+0x70c>
10004b08:	784a      	ldrb	r2, [r1, #1]
10004b0a:	2a0b      	cmp	r2, #11
10004b0c:	f000 81af 	beq.w	10004e6e <tud_task_ext+0x72a>
10004b10:	2301      	movs	r3, #1
10004b12:	2a04      	cmp	r2, #4
10004b14:	f040 813a 	bne.w	10004d8c <tud_task_ext+0x648>
10004b18:	2600      	movs	r6, #0
10004b1a:	9a01      	ldr	r2, [sp, #4]
10004b1c:	9600      	str	r6, [sp, #0]
10004b1e:	1a52      	subs	r2, r2, r1
10004b20:	b292      	uxth	r2, r2
10004b22:	9202      	str	r2, [sp, #8]
10004b24:	4a6e      	ldr	r2, [pc, #440]	@ (10004ce0 <tud_task_ext+0x59c>)
10004b26:	9304      	str	r3, [sp, #16]
10004b28:	7812      	ldrb	r2, [r2, #0]
10004b2a:	e01d      	b.n	10004b68 <tud_task_ext+0x424>
10004b2c:	4b6e      	ldr	r3, [pc, #440]	@ (10004ce8 <tud_task_ext+0x5a4>)
10004b2e:	681b      	ldr	r3, [r3, #0]
10004b30:	eb13 1846 	adds.w	r8, r3, r6, lsl #5
10004b34:	f000 812a 	beq.w	10004d8c <tud_task_ext+0x648>
10004b38:	9a02      	ldr	r2, [sp, #8]
10004b3a:	f8d8 3010 	ldr.w	r3, [r8, #16]
10004b3e:	9803      	ldr	r0, [sp, #12]
10004b40:	9105      	str	r1, [sp, #20]
10004b42:	4798      	blx	r3
10004b44:	2808      	cmp	r0, #8
10004b46:	4602      	mov	r2, r0
10004b48:	9905      	ldr	r1, [sp, #20]
10004b4a:	f106 0301 	add.w	r3, r6, #1
10004b4e:	d903      	bls.n	10004b58 <tud_task_ext+0x414>
10004b50:	9802      	ldr	r0, [sp, #8]
10004b52:	4290      	cmp	r0, r2
10004b54:	f080 80ff 	bcs.w	10004d56 <tud_task_ext+0x612>
10004b58:	b2de      	uxtb	r6, r3
10004b5a:	4b61      	ldr	r3, [pc, #388]	@ (10004ce0 <tud_task_ext+0x59c>)
10004b5c:	9600      	str	r6, [sp, #0]
10004b5e:	781a      	ldrb	r2, [r3, #0]
10004b60:	1c53      	adds	r3, r2, #1
10004b62:	429e      	cmp	r6, r3
10004b64:	f300 8112 	bgt.w	10004d8c <tud_task_ext+0x648>
10004b68:	9b00      	ldr	r3, [sp, #0]
10004b6a:	42b2      	cmp	r2, r6
10004b6c:	eba3 0202 	sub.w	r2, r3, r2
10004b70:	d8dc      	bhi.n	10004b2c <tud_task_ext+0x3e8>
10004b72:	4b5c      	ldr	r3, [pc, #368]	@ (10004ce4 <tud_task_ext+0x5a0>)
10004b74:	eb03 1842 	add.w	r8, r3, r2, lsl #5
10004b78:	e7de      	b.n	10004b38 <tud_task_ext+0x3f4>
10004b7a:	787b      	ldrb	r3, [r7, #1]
10004b7c:	4640      	mov	r0, r8
10004b7e:	f88d 301a 	strb.w	r3, [sp, #26]
10004b82:	f10d 021a 	add.w	r2, sp, #26
10004b86:	2301      	movs	r3, #1
10004b88:	a908      	add	r1, sp, #32
10004b8a:	f000 fa83 	bl	10005094 <tud_control_xfer>
10004b8e:	e5e9      	b.n	10004764 <tud_task_ext+0x20>
10004b90:	f8bd 0022 	ldrh.w	r0, [sp, #34]	@ 0x22
10004b94:	0a03      	lsrs	r3, r0, #8
10004b96:	3b01      	subs	r3, #1
10004b98:	0a02      	lsrs	r2, r0, #8
10004b9a:	b2c0      	uxtb	r0, r0
10004b9c:	2b0e      	cmp	r3, #14
10004b9e:	f63f aee9 	bhi.w	10004974 <tud_task_ext+0x230>
10004ba2:	a101      	add	r1, pc, #4	@ (adr r1, 10004ba8 <tud_task_ext+0x464>)
10004ba4:	f851 f023 	ldr.w	pc, [r1, r3, lsl #2]
10004ba8:	10004dbd 	.word	0x10004dbd
10004bac:	10004c59 	.word	0x10004c59
10004bb0:	10004df9 	.word	0x10004df9
10004bb4:	10004975 	.word	0x10004975
10004bb8:	10004975 	.word	0x10004975
10004bbc:	10004ddb 	.word	0x10004ddb
10004bc0:	10004c59 	.word	0x10004c59
10004bc4:	10004975 	.word	0x10004975
10004bc8:	10004975 	.word	0x10004975
10004bcc:	10004975 	.word	0x10004975
10004bd0:	10004975 	.word	0x10004975
10004bd4:	10004975 	.word	0x10004975
10004bd8:	10004975 	.word	0x10004975
10004bdc:	10004975 	.word	0x10004975
10004be0:	10004daf 	.word	0x10004daf
10004be4:	a808      	add	r0, sp, #32
10004be6:	f000 fabd 	bl	10005164 <usbd_control_set_request>
10004bea:	4640      	mov	r0, r8
10004bec:	f89d 1022 	ldrb.w	r1, [sp, #34]	@ 0x22
10004bf0:	f7ff fba2 	bl	10004338 <dcd_set_address>
10004bf4:	783b      	ldrb	r3, [r7, #0]
10004bf6:	f043 0302 	orr.w	r3, r3, #2
10004bfa:	703b      	strb	r3, [r7, #0]
10004bfc:	e5b2      	b.n	10004764 <tud_task_ext+0x20>
10004bfe:	f8bd 3022 	ldrh.w	r3, [sp, #34]	@ 0x22
10004c02:	2b01      	cmp	r3, #1
10004c04:	f47f aeb6 	bne.w	10004974 <tud_task_ext+0x230>
10004c08:	783b      	ldrb	r3, [r7, #0]
10004c0a:	4640      	mov	r0, r8
10004c0c:	f023 0308 	bic.w	r3, r3, #8
10004c10:	a908      	add	r1, sp, #32
10004c12:	703b      	strb	r3, [r7, #0]
10004c14:	f000 fa24 	bl	10005060 <tud_control_status>
10004c18:	e5a4      	b.n	10004764 <tud_task_ext+0x20>
10004c1a:	4640      	mov	r0, r8
10004c1c:	783b      	ldrb	r3, [r7, #0]
10004c1e:	089a      	lsrs	r2, r3, #2
10004c20:	f002 0202 	and.w	r2, r2, #2
10004c24:	f3c3 1340 	ubfx	r3, r3, #5, #1
10004c28:	4313      	orrs	r3, r2
10004c2a:	f8ad 301a 	strh.w	r3, [sp, #26]
10004c2e:	f10d 021a 	add.w	r2, sp, #26
10004c32:	2302      	movs	r3, #2
10004c34:	a908      	add	r1, sp, #32
10004c36:	f000 fa2d 	bl	10005094 <tud_control_xfer>
10004c3a:	e593      	b.n	10004764 <tud_task_ext+0x20>
10004c3c:	f8bd 3022 	ldrh.w	r3, [sp, #34]	@ 0x22
10004c40:	2b01      	cmp	r3, #1
10004c42:	f47f ae97 	bne.w	10004974 <tud_task_ext+0x230>
10004c46:	783b      	ldrb	r3, [r7, #0]
10004c48:	4640      	mov	r0, r8
10004c4a:	f043 0308 	orr.w	r3, r3, #8
10004c4e:	a908      	add	r1, sp, #32
10004c50:	703b      	strb	r3, [r7, #0]
10004c52:	f000 fa05 	bl	10005060 <tud_control_status>
10004c56:	e585      	b.n	10004764 <tud_task_ext+0x20>
10004c58:	2a02      	cmp	r2, #2
10004c5a:	f43f ae7e 	beq.w	1000495a <tud_task_ext+0x216>
10004c5e:	f7ff fcdd 	bl	1000461c <tud_descriptor_other_speed_configuration_cb>
10004c62:	4602      	mov	r2, r0
10004c64:	2800      	cmp	r0, #0
10004c66:	f43f ae85 	beq.w	10004974 <tud_task_ext+0x230>
10004c6a:	4640      	mov	r0, r8
10004c6c:	8853      	ldrh	r3, [r2, #2]
10004c6e:	a908      	add	r1, sp, #32
10004c70:	f000 fa10 	bl	10005094 <tud_control_xfer>
10004c74:	2800      	cmp	r0, #0
10004c76:	f47f ad75 	bne.w	10004764 <tud_task_ext+0x20>
10004c7a:	e67b      	b.n	10004974 <tud_task_ext+0x230>
10004c7c:	f89d 3024 	ldrb.w	r3, [sp, #36]	@ 0x24
10004c80:	2b0f      	cmp	r3, #15
10004c82:	f63f ae77 	bhi.w	10004974 <tud_task_ext+0x230>
10004c86:	4a16      	ldr	r2, [pc, #88]	@ (10004ce0 <tud_task_ext+0x59c>)
10004c88:	443b      	add	r3, r7
10004c8a:	791b      	ldrb	r3, [r3, #4]
10004c8c:	7812      	ldrb	r2, [r2, #0]
10004c8e:	4293      	cmp	r3, r2
10004c90:	d21d      	bcs.n	10004cce <tud_task_ext+0x58a>
10004c92:	4a15      	ldr	r2, [pc, #84]	@ (10004ce8 <tud_task_ext+0x5a4>)
10004c94:	6816      	ldr	r6, [r2, #0]
10004c96:	eb16 1643 	adds.w	r6, r6, r3, lsl #5
10004c9a:	f47f aea2 	bne.w	100049e2 <tud_task_ext+0x29e>
10004c9e:	e669      	b.n	10004974 <tud_task_ext+0x230>
10004ca0:	2a00      	cmp	r2, #0
10004ca2:	f47f ae67 	bne.w	10004974 <tud_task_ext+0x230>
10004ca6:	2600      	movs	r6, #0
10004ca8:	f89d 2021 	ldrb.w	r2, [sp, #33]	@ 0x21
10004cac:	f002 03fd 	and.w	r3, r2, #253	@ 0xfd
10004cb0:	2b01      	cmp	r3, #1
10004cb2:	d01b      	beq.n	10004cec <tud_task_ext+0x5a8>
10004cb4:	2a00      	cmp	r2, #0
10004cb6:	f47f ae56 	bne.w	10004966 <tud_task_ext+0x222>
10004cba:	9b01      	ldr	r3, [sp, #4]
10004cbc:	9a00      	ldr	r2, [sp, #0]
10004cbe:	443b      	add	r3, r7
10004cc0:	4413      	add	r3, r2
10004cc2:	f893 3034 	ldrb.w	r3, [r3, #52]	@ 0x34
10004cc6:	4640      	mov	r0, r8
10004cc8:	f3c3 0340 	ubfx	r3, r3, #1, #1
10004ccc:	e7ad      	b.n	10004c2a <tud_task_ext+0x4e6>
10004cce:	1c51      	adds	r1, r2, #1
10004cd0:	4299      	cmp	r1, r3
10004cd2:	f6ff ae4f 	blt.w	10004974 <tud_task_ext+0x230>
10004cd6:	4e03      	ldr	r6, [pc, #12]	@ (10004ce4 <tud_task_ext+0x5a0>)
10004cd8:	1a9b      	subs	r3, r3, r2
10004cda:	eb06 1643 	add.w	r6, r6, r3, lsl #5
10004cde:	e680      	b.n	100049e2 <tud_task_ext+0x29e>
10004ce0:	200023c9 	.word	0x200023c9
10004ce4:	10006cec 	.word	0x10006cec
10004ce8:	20001730 	.word	0x20001730
10004cec:	f8bd 3022 	ldrh.w	r3, [sp, #34]	@ 0x22
10004cf0:	b9b3      	cbnz	r3, 10004d20 <tud_task_ext+0x5dc>
10004cf2:	2a01      	cmp	r2, #1
10004cf4:	f899 0000 	ldrb.w	r0, [r9]
10004cf8:	f000 8086 	beq.w	10004e08 <tud_task_ext+0x6c4>
10004cfc:	f7ff fbd8 	bl	100044b0 <dcd_edpt_stall>
10004d00:	9b01      	ldr	r3, [sp, #4]
10004d02:	9a00      	ldr	r2, [sp, #0]
10004d04:	443b      	add	r3, r7
10004d06:	4413      	add	r3, r2
10004d08:	f893 2034 	ldrb.w	r2, [r3, #52]	@ 0x34
10004d0c:	f042 0202 	orr.w	r2, r2, #2
10004d10:	f883 2034 	strb.w	r2, [r3, #52]	@ 0x34
10004d14:	f893 2034 	ldrb.w	r2, [r3, #52]	@ 0x34
10004d18:	f042 0201 	orr.w	r2, r2, #1
10004d1c:	f883 2034 	strb.w	r2, [r3, #52]	@ 0x34
10004d20:	2e00      	cmp	r6, #0
10004d22:	f43f ad1f 	beq.w	10004764 <tud_task_ext+0x20>
10004d26:	6970      	ldr	r0, [r6, #20]
10004d28:	f000 fa16 	bl	10005158 <usbd_control_set_complete_callback>
10004d2c:	6973      	ldr	r3, [r6, #20]
10004d2e:	2101      	movs	r1, #1
10004d30:	aa08      	add	r2, sp, #32
10004d32:	4640      	mov	r0, r8
10004d34:	4798      	blx	r3
10004d36:	2000      	movs	r0, #0
10004d38:	f000 fa0e 	bl	10005158 <usbd_control_set_complete_callback>
10004d3c:	f897 3035 	ldrb.w	r3, [r7, #53]	@ 0x35
10004d40:	07df      	lsls	r7, r3, #31
10004d42:	f53f ad0f 	bmi.w	10004764 <tud_task_ext+0x20>
10004d46:	e696      	b.n	10004a76 <tud_task_ext+0x332>
10004d48:	f7ff fc6c 	bl	10004624 <tud_umount_cb>
10004d4c:	4640      	mov	r0, r8
10004d4e:	a908      	add	r1, sp, #32
10004d50:	f000 f986 	bl	10005060 <tud_control_status>
10004d54:	e506      	b.n	10004764 <tud_task_ext+0x20>
10004d56:	9b04      	ldr	r3, [sp, #16]
10004d58:	2b01      	cmp	r3, #1
10004d5a:	f000 809e 	beq.w	10004e9a <tud_task_ext+0x756>
10004d5e:	2b00      	cmp	r3, #0
10004d60:	f000 808a 	beq.w	10004e78 <tud_task_ext+0x734>
10004d64:	2000      	movs	r0, #0
10004d66:	f891 8002 	ldrb.w	r8, [r1, #2]
10004d6a:	e005      	b.n	10004d78 <tud_task_ext+0x634>
10004d6c:	f88c 6004 	strb.w	r6, [ip, #4]
10004d70:	fa5f fc80 	uxtb.w	ip, r0
10004d74:	4563      	cmp	r3, ip
10004d76:	d97f      	bls.n	10004e78 <tud_task_ext+0x734>
10004d78:	eb08 0c00 	add.w	ip, r8, r0
10004d7c:	fa57 fc8c 	uxtab	ip, r7, ip
10004d80:	f89c e004 	ldrb.w	lr, [ip, #4]
10004d84:	3001      	adds	r0, #1
10004d86:	f1be 0fff 	cmp.w	lr, #255	@ 0xff
10004d8a:	d0ef      	beq.n	10004d6c <tud_task_ext+0x628>
10004d8c:	f04f 23e0 	mov.w	r3, #3758153728	@ 0xe000e000
10004d90:	f8d3 3df0 	ldr.w	r3, [r3, #3568]	@ 0xdf0
10004d94:	07da      	lsls	r2, r3, #31
10004d96:	d500      	bpl.n	10004d9a <tud_task_ext+0x656>
10004d98:	be00      	bkpt	0x0000
10004d9a:	f04f 23e0 	mov.w	r3, #3758153728	@ 0xe000e000
10004d9e:	f8d3 3df0 	ldr.w	r3, [r3, #3568]	@ 0xdf0
10004da2:	07db      	lsls	r3, r3, #31
10004da4:	d500      	bpl.n	10004da8 <tud_task_ext+0x664>
10004da6:	be00      	bkpt	0x0000
10004da8:	2300      	movs	r3, #0
10004daa:	707b      	strb	r3, [r7, #1]
10004dac:	e5e2      	b.n	10004974 <tud_task_ext+0x230>
10004dae:	f7fe ff23 	bl	10003bf8 <tud_descriptor_bos_cb>
10004db2:	4602      	mov	r2, r0
10004db4:	2800      	cmp	r0, #0
10004db6:	f47f af58 	bne.w	10004c6a <tud_task_ext+0x526>
10004dba:	e5db      	b.n	10004974 <tud_task_ext+0x230>
10004dbc:	f7ff f958 	bl	10004070 <tud_descriptor_device_cb>
10004dc0:	4602      	mov	r2, r0
10004dc2:	2800      	cmp	r0, #0
10004dc4:	f43f adcf 	beq.w	10004966 <tud_task_ext+0x222>
10004dc8:	4640      	mov	r0, r8
10004dca:	2312      	movs	r3, #18
10004dcc:	a908      	add	r1, sp, #32
10004dce:	f000 f961 	bl	10005094 <tud_control_xfer>
10004dd2:	2800      	cmp	r0, #0
10004dd4:	f47f acc6 	bne.w	10004764 <tud_task_ext+0x20>
10004dd8:	e5cc      	b.n	10004974 <tud_task_ext+0x230>
10004dda:	f7ff fc1d 	bl	10004618 <tud_descriptor_device_qualifier_cb>
10004dde:	4602      	mov	r2, r0
10004de0:	2800      	cmp	r0, #0
10004de2:	f43f adc7 	beq.w	10004974 <tud_task_ext+0x230>
10004de6:	4640      	mov	r0, r8
10004de8:	7813      	ldrb	r3, [r2, #0]
10004dea:	a908      	add	r1, sp, #32
10004dec:	f000 f952 	bl	10005094 <tud_control_xfer>
10004df0:	2800      	cmp	r0, #0
10004df2:	f47f acb7 	bne.w	10004764 <tud_task_ext+0x20>
10004df6:	e5bd      	b.n	10004974 <tud_task_ext+0x230>
10004df8:	f8bd 1024 	ldrh.w	r1, [sp, #36]	@ 0x24
10004dfc:	f7ff f940 	bl	10004080 <tud_descriptor_string_cb>
10004e00:	4602      	mov	r2, r0
10004e02:	2800      	cmp	r0, #0
10004e04:	d1ef      	bne.n	10004de6 <tud_task_ext+0x6a2>
10004e06:	e5b5      	b.n	10004974 <tud_task_ext+0x230>
10004e08:	9302      	str	r3, [sp, #8]
10004e0a:	f7ff fb69 	bl	100044e0 <dcd_edpt_clear_stall>
10004e0e:	9a01      	ldr	r2, [sp, #4]
10004e10:	9b00      	ldr	r3, [sp, #0]
10004e12:	443a      	add	r2, r7
10004e14:	441a      	add	r2, r3
10004e16:	f892 1034 	ldrb.w	r1, [r2, #52]	@ 0x34
10004e1a:	9b02      	ldr	r3, [sp, #8]
10004e1c:	f363 0141 	bfi	r1, r3, #1, #1
10004e20:	f882 1034 	strb.w	r1, [r2, #52]	@ 0x34
10004e24:	f892 1034 	ldrb.w	r1, [r2, #52]	@ 0x34
10004e28:	f363 0100 	bfi	r1, r3, #0, #1
10004e2c:	f882 1034 	strb.w	r1, [r2, #52]	@ 0x34
10004e30:	e776      	b.n	10004d20 <tud_task_ext+0x5dc>
10004e32:	2100      	movs	r1, #0
10004e34:	4640      	mov	r0, r8
10004e36:	f7ff fa87 	bl	10004348 <dcd_sof_enable>
10004e3a:	4640      	mov	r0, r8
10004e3c:	f7ff fb22 	bl	10004484 <dcd_edpt_close_all>
10004e40:	78bb      	ldrb	r3, [r7, #2]
10004e42:	4640      	mov	r0, r8
10004e44:	9300      	str	r3, [sp, #0]
10004e46:	f7ff fb9d 	bl	10004584 <configuration_reset>
10004e4a:	9b00      	ldr	r3, [sp, #0]
10004e4c:	70bb      	strb	r3, [r7, #2]
10004e4e:	e632      	b.n	10004ab6 <tud_task_ext+0x372>
10004e50:	f8dd 800c 	ldr.w	r8, [sp, #12]
10004e54:	f7ff fbe4 	bl	10004620 <tud_mount_cb>
10004e58:	e778      	b.n	10004d4c <tud_task_ext+0x608>
10004e5a:	4640      	mov	r0, r8
10004e5c:	2301      	movs	r3, #1
10004e5e:	a908      	add	r1, sp, #32
10004e60:	f10d 021a 	add.w	r2, sp, #26
10004e64:	f88d 601a 	strb.w	r6, [sp, #26]
10004e68:	f000 f914 	bl	10005094 <tud_control_xfer>
10004e6c:	e47a      	b.n	10004764 <tud_task_ext+0x20>
10004e6e:	780a      	ldrb	r2, [r1, #0]
10004e70:	78cb      	ldrb	r3, [r1, #3]
10004e72:	4411      	add	r1, r2
10004e74:	784a      	ldrb	r2, [r1, #1]
10004e76:	e64c      	b.n	10004b12 <tud_task_ext+0x3ce>
10004e78:	4633      	mov	r3, r6
10004e7a:	4810      	ldr	r0, [pc, #64]	@ (10004ebc <tud_task_ext+0x778>)
10004e7c:	9204      	str	r2, [sp, #16]
10004e7e:	9102      	str	r1, [sp, #8]
10004e80:	f000 fe76 	bl	10005b70 <tu_edpt_bind_driver>
10004e84:	4b0e      	ldr	r3, [pc, #56]	@ (10004ec0 <tud_task_ext+0x77c>)
10004e86:	9a04      	ldr	r2, [sp, #16]
10004e88:	9902      	ldr	r1, [sp, #8]
10004e8a:	781b      	ldrb	r3, [r3, #0]
10004e8c:	4411      	add	r1, r2
10004e8e:	9a00      	ldr	r2, [sp, #0]
10004e90:	3301      	adds	r3, #1
10004e92:	4293      	cmp	r3, r2
10004e94:	f6bf ae34 	bge.w	10004b00 <tud_task_ext+0x3bc>
10004e98:	e778      	b.n	10004d8c <tud_task_ext+0x648>
10004e9a:	f8d8 c010 	ldr.w	ip, [r8, #16]
10004e9e:	4809      	ldr	r0, [pc, #36]	@ (10004ec4 <tud_task_ext+0x780>)
10004ea0:	4584      	cmp	ip, r0
10004ea2:	bf08      	it	eq
10004ea4:	2302      	moveq	r3, #2
10004ea6:	e75d      	b.n	10004d64 <tud_task_ext+0x620>
10004ea8:	f04f 23e0 	mov.w	r3, #3758153728	@ 0xe000e000
10004eac:	f8d3 3df0 	ldr.w	r3, [r3, #3568]	@ 0xdf0
10004eb0:	07db      	lsls	r3, r3, #31
10004eb2:	f57f ac57 	bpl.w	10004764 <tud_task_ext+0x20>
10004eb6:	be00      	bkpt	0x0000
10004eb8:	e454      	b.n	10004764 <tud_task_ext+0x20>
10004eba:	bf00      	nop
10004ebc:	20001914 	.word	0x20001914
10004ec0:	200023c9 	.word	0x200023c9
10004ec4:	10005591 	.word	0x10005591

10004ec8 <usbd_open_edpt_pair>:
10004ec8:	e92d 4ff8 	stmdb	sp!, {r3, r4, r5, r6, r7, r8, r9, sl, fp, lr}
10004ecc:	9f0a      	ldr	r7, [sp, #40]	@ 0x28
10004ece:	2a00      	cmp	r2, #0
10004ed0:	d040      	beq.n	10004f54 <usbd_open_edpt_pair+0x8c>
10004ed2:	460c      	mov	r4, r1
10004ed4:	461e      	mov	r6, r3
10004ed6:	4615      	mov	r5, r2
10004ed8:	f04f 0a00 	mov.w	sl, #0
10004edc:	f8df 907c 	ldr.w	r9, [pc, #124]	@ 10004f5c <usbd_open_edpt_pair+0x94>
10004ee0:	f8df 807c 	ldr.w	r8, [pc, #124]	@ 10004f60 <usbd_open_edpt_pair+0x98>
10004ee4:	e018      	b.n	10004f18 <usbd_open_edpt_pair+0x50>
10004ee6:	4620      	mov	r0, r4
10004ee8:	f898 1002 	ldrb.w	r1, [r8, #2]
10004eec:	f899 b000 	ldrb.w	fp, [r9]
10004ef0:	f000 fe0e 	bl	10005b10 <tu_edpt_validate>
10004ef4:	b1e0      	cbz	r0, 10004f30 <usbd_open_edpt_pair+0x68>
10004ef6:	4621      	mov	r1, r4
10004ef8:	4658      	mov	r0, fp
10004efa:	f7ff fa41 	bl	10004380 <dcd_edpt_open>
10004efe:	b1f0      	cbz	r0, 10004f3e <usbd_open_edpt_pair+0x76>
10004f00:	78a2      	ldrb	r2, [r4, #2]
10004f02:	f10a 0a01 	add.w	sl, sl, #1
10004f06:	09d1      	lsrs	r1, r2, #7
10004f08:	bf16      	itet	ne
10004f0a:	9b0b      	ldrne	r3, [sp, #44]	@ 0x2c
10004f0c:	703a      	strbeq	r2, [r7, #0]
10004f0e:	701a      	strbne	r2, [r3, #0]
10004f10:	7822      	ldrb	r2, [r4, #0]
10004f12:	45aa      	cmp	sl, r5
10004f14:	4414      	add	r4, r2
10004f16:	d01d      	beq.n	10004f54 <usbd_open_edpt_pair+0x8c>
10004f18:	7862      	ldrb	r2, [r4, #1]
10004f1a:	2a05      	cmp	r2, #5
10004f1c:	d10f      	bne.n	10004f3e <usbd_open_edpt_pair+0x76>
10004f1e:	78e1      	ldrb	r1, [r4, #3]
10004f20:	f001 0103 	and.w	r1, r1, #3
10004f24:	42b1      	cmp	r1, r6
10004f26:	d10a      	bne.n	10004f3e <usbd_open_edpt_pair+0x76>
10004f28:	78a2      	ldrb	r2, [r4, #2]
10004f2a:	f012 0f70 	tst.w	r2, #112	@ 0x70
10004f2e:	d0da      	beq.n	10004ee6 <usbd_open_edpt_pair+0x1e>
10004f30:	f04f 23e0 	mov.w	r3, #3758153728	@ 0xe000e000
10004f34:	f8d3 3df0 	ldr.w	r3, [r3, #3568]	@ 0xdf0
10004f38:	07da      	lsls	r2, r3, #31
10004f3a:	d500      	bpl.n	10004f3e <usbd_open_edpt_pair+0x76>
10004f3c:	be00      	bkpt	0x0000
10004f3e:	f04f 23e0 	mov.w	r3, #3758153728	@ 0xe000e000
10004f42:	f8d3 3df0 	ldr.w	r3, [r3, #3568]	@ 0xdf0
10004f46:	07db      	lsls	r3, r3, #31
10004f48:	d402      	bmi.n	10004f50 <usbd_open_edpt_pair+0x88>
10004f4a:	2000      	movs	r0, #0
10004f4c:	e8bd 8ff8 	ldmia.w	sp!, {r3, r4, r5, r6, r7, r8, r9, sl, fp, pc}
10004f50:	be00      	bkpt	0x0000
10004f52:	e7fa      	b.n	10004f4a <usbd_open_edpt_pair+0x82>
10004f54:	2001      	movs	r0, #1
10004f56:	e8bd 8ff8 	ldmia.w	sp!, {r3, r4, r5, r6, r7, r8, r9, sl, fp, pc}
10004f5a:	bf00      	nop
10004f5c:	20001590 	.word	0x20001590
10004f60:	20001900 	.word	0x20001900

10004f64 <usbd_edpt_open>:
10004f64:	b538      	push	{r3, r4, r5, lr}
10004f66:	788b      	ldrb	r3, [r1, #2]
10004f68:	f013 0f70 	tst.w	r3, #112	@ 0x70
10004f6c:	d008      	beq.n	10004f80 <usbd_edpt_open+0x1c>
10004f6e:	f04f 23e0 	mov.w	r3, #3758153728	@ 0xe000e000
10004f72:	f8d3 3df0 	ldr.w	r3, [r3, #3568]	@ 0xdf0
10004f76:	07db      	lsls	r3, r3, #31
10004f78:	d500      	bpl.n	10004f7c <usbd_edpt_open+0x18>
10004f7a:	be00      	bkpt	0x0000
10004f7c:	2000      	movs	r0, #0
10004f7e:	bd38      	pop	{r3, r4, r5, pc}
10004f80:	4a07      	ldr	r2, [pc, #28]	@ (10004fa0 <usbd_edpt_open+0x3c>)
10004f82:	4b08      	ldr	r3, [pc, #32]	@ (10004fa4 <usbd_edpt_open+0x40>)
10004f84:	460c      	mov	r4, r1
10004f86:	4608      	mov	r0, r1
10004f88:	7891      	ldrb	r1, [r2, #2]
10004f8a:	781d      	ldrb	r5, [r3, #0]
10004f8c:	f000 fdc0 	bl	10005b10 <tu_edpt_validate>
10004f90:	2800      	cmp	r0, #0
10004f92:	d0ec      	beq.n	10004f6e <usbd_edpt_open+0xa>
10004f94:	4621      	mov	r1, r4
10004f96:	4628      	mov	r0, r5
10004f98:	e8bd 4038 	ldmia.w	sp!, {r3, r4, r5, lr}
10004f9c:	f7ff b9f0 	b.w	10004380 <dcd_edpt_open>
10004fa0:	20001900 	.word	0x20001900
10004fa4:	20001590 	.word	0x20001590

10004fa8 <usbd_edpt_claim>:
10004fa8:	460b      	mov	r3, r1
10004faa:	4a06      	ldr	r2, [pc, #24]	@ (10004fc4 <usbd_edpt_claim+0x1c>)
10004fac:	4806      	ldr	r0, [pc, #24]	@ (10004fc8 <usbd_edpt_claim+0x20>)
10004fae:	6811      	ldr	r1, [r2, #0]
10004fb0:	09da      	lsrs	r2, r3, #7
10004fb2:	3234      	adds	r2, #52	@ 0x34
10004fb4:	f003 037f 	and.w	r3, r3, #127	@ 0x7f
10004fb8:	eb02 0343 	add.w	r3, r2, r3, lsl #1
10004fbc:	4418      	add	r0, r3
10004fbe:	f000 bd61 	b.w	10005a84 <tu_edpt_claim>
10004fc2:	bf00      	nop
10004fc4:	20001954 	.word	0x20001954
10004fc8:	20001900 	.word	0x20001900

10004fcc <usbd_edpt_release>:
10004fcc:	460b      	mov	r3, r1
10004fce:	4a06      	ldr	r2, [pc, #24]	@ (10004fe8 <usbd_edpt_release+0x1c>)
10004fd0:	4806      	ldr	r0, [pc, #24]	@ (10004fec <usbd_edpt_release+0x20>)
10004fd2:	6811      	ldr	r1, [r2, #0]
10004fd4:	09da      	lsrs	r2, r3, #7
10004fd6:	3234      	adds	r2, #52	@ 0x34
10004fd8:	f003 037f 	and.w	r3, r3, #127	@ 0x7f
10004fdc:	eb02 0343 	add.w	r3, r2, r3, lsl #1
10004fe0:	4418      	add	r0, r3
10004fe2:	f000 bd79 	b.w	10005ad8 <tu_edpt_release>
10004fe6:	bf00      	nop
10004fe8:	20001954 	.word	0x20001954
10004fec:	20001900 	.word	0x20001900

10004ff0 <usbd_edpt_xfer>:
10004ff0:	b510      	push	{r4, lr}
10004ff2:	4819      	ldr	r0, [pc, #100]	@ (10005058 <usbd_edpt_xfer+0x68>)
10004ff4:	f001 0c7f 	and.w	ip, r1, #127	@ 0x7f
10004ff8:	eb00 004c 	add.w	r0, r0, ip, lsl #1
10004ffc:	eb00 10d1 	add.w	r0, r0, r1, lsr #7
10005000:	f890 c034 	ldrb.w	ip, [r0, #52]	@ 0x34
10005004:	f01c 0f01 	tst.w	ip, #1
10005008:	d008      	beq.n	1000501c <usbd_edpt_xfer+0x2c>
1000500a:	f04f 23e0 	mov.w	r3, #3758153728	@ 0xe000e000
1000500e:	f8d3 3df0 	ldr.w	r3, [r3, #3568]	@ 0xdf0
10005012:	07da      	lsls	r2, r3, #31
10005014:	d500      	bpl.n	10005018 <usbd_edpt_xfer+0x28>
10005016:	be00      	bkpt	0x0000
10005018:	2000      	movs	r0, #0
1000501a:	bd10      	pop	{r4, pc}
1000501c:	f100 0430 	add.w	r4, r0, #48	@ 0x30
10005020:	f894 c004 	ldrb.w	ip, [r4, #4]
10005024:	480d      	ldr	r0, [pc, #52]	@ (1000505c <usbd_edpt_xfer+0x6c>)
10005026:	f04c 0c01 	orr.w	ip, ip, #1
1000502a:	7800      	ldrb	r0, [r0, #0]
1000502c:	f884 c004 	strb.w	ip, [r4, #4]
10005030:	f7ff fa2a 	bl	10004488 <dcd_edpt_xfer>
10005034:	2800      	cmp	r0, #0
10005036:	d1f0      	bne.n	1000501a <usbd_edpt_xfer+0x2a>
10005038:	f04f 21e0 	mov.w	r1, #3758153728	@ 0xe000e000
1000503c:	7922      	ldrb	r2, [r4, #4]
1000503e:	f360 0200 	bfi	r2, r0, #0, #1
10005042:	7122      	strb	r2, [r4, #4]
10005044:	7922      	ldrb	r2, [r4, #4]
10005046:	f360 0282 	bfi	r2, r0, #2, #1
1000504a:	7122      	strb	r2, [r4, #4]
1000504c:	f8d1 3df0 	ldr.w	r3, [r1, #3568]	@ 0xdf0
10005050:	07db      	lsls	r3, r3, #31
10005052:	d5e1      	bpl.n	10005018 <usbd_edpt_xfer+0x28>
10005054:	be00      	bkpt	0x0000
10005056:	e7df      	b.n	10005018 <usbd_edpt_xfer+0x28>
10005058:	20001900 	.word	0x20001900
1000505c:	20001590 	.word	0x20001590

10005060 <tud_control_status>:
10005060:	b530      	push	{r4, r5, lr}
10005062:	4c0b      	ldr	r4, [pc, #44]	@ (10005090 <tud_control_status+0x30>)
10005064:	468c      	mov	ip, r1
10005066:	46a6      	mov	lr, r4
10005068:	4605      	mov	r5, r0
1000506a:	6808      	ldr	r0, [r1, #0]
1000506c:	6849      	ldr	r1, [r1, #4]
1000506e:	2300      	movs	r3, #0
10005070:	e8ae 0003 	stmia.w	lr!, {r0, r1}
10005074:	f89c 1000 	ldrb.w	r1, [ip]
10005078:	4628      	mov	r0, r5
1000507a:	43c9      	mvns	r1, r1
1000507c:	e9c4 3302 	strd	r3, r3, [r4, #8]
10005080:	e8bd 4030 	ldmia.w	sp!, {r4, r5, lr}
10005084:	461a      	mov	r2, r3
10005086:	f001 0180 	and.w	r1, r1, #128	@ 0x80
1000508a:	f7ff bfb1 	b.w	10004ff0 <usbd_edpt_xfer>
1000508e:	bf00      	nop
10005090:	200018c0 	.word	0x200018c0

10005094 <tud_control_xfer>:
10005094:	e92d 41f0 	stmdb	sp!, {r4, r5, r6, r7, r8, lr}
10005098:	4f28      	ldr	r7, [pc, #160]	@ (1000513c <tud_control_xfer+0xa8>)
1000509a:	f04f 0800 	mov.w	r8, #0
1000509e:	46be      	mov	lr, r7
100050a0:	468c      	mov	ip, r1
100050a2:	4606      	mov	r6, r0
100050a4:	6808      	ldr	r0, [r1, #0]
100050a6:	6849      	ldr	r1, [r1, #4]
100050a8:	60ba      	str	r2, [r7, #8]
100050aa:	e8ae 0003 	stmia.w	lr!, {r0, r1}
100050ae:	f8a7 800e 	strh.w	r8, [r7, #14]
100050b2:	4615      	mov	r5, r2
100050b4:	f8bc 2006 	ldrh.w	r2, [ip, #6]
100050b8:	4293      	cmp	r3, r2
100050ba:	bf28      	it	cs
100050bc:	4613      	movcs	r3, r2
100050be:	81bb      	strh	r3, [r7, #12]
100050c0:	b19a      	cbz	r2, 100050ea <tud_control_xfer+0x56>
100050c2:	461c      	mov	r4, r3
100050c4:	b333      	cbz	r3, 10005114 <tud_control_xfer+0x80>
100050c6:	b1dd      	cbz	r5, 10005100 <tud_control_xfer+0x6c>
100050c8:	f997 3000 	ldrsb.w	r3, [r7]
100050cc:	2c40      	cmp	r4, #64	@ 0x40
100050ce:	bf28      	it	cs
100050d0:	2440      	movcs	r4, #64	@ 0x40
100050d2:	2b00      	cmp	r3, #0
100050d4:	db29      	blt.n	1000512a <tud_control_xfer+0x96>
100050d6:	4641      	mov	r1, r8
100050d8:	4623      	mov	r3, r4
100050da:	4630      	mov	r0, r6
100050dc:	4a18      	ldr	r2, [pc, #96]	@ (10005140 <tud_control_xfer+0xac>)
100050de:	f7ff ff87 	bl	10004ff0 <usbd_edpt_xfer>
100050e2:	b168      	cbz	r0, 10005100 <tud_control_xfer+0x6c>
100050e4:	2001      	movs	r0, #1
100050e6:	e8bd 81f0 	ldmia.w	sp!, {r4, r5, r6, r7, r8, pc}
100050ea:	f89c 1000 	ldrb.w	r1, [ip]
100050ee:	4613      	mov	r3, r2
100050f0:	43c9      	mvns	r1, r1
100050f2:	4630      	mov	r0, r6
100050f4:	f001 0180 	and.w	r1, r1, #128	@ 0x80
100050f8:	f7ff ff7a 	bl	10004ff0 <usbd_edpt_xfer>
100050fc:	2800      	cmp	r0, #0
100050fe:	d1f1      	bne.n	100050e4 <tud_control_xfer+0x50>
10005100:	f04f 23e0 	mov.w	r3, #3758153728	@ 0xe000e000
10005104:	f8d3 3df0 	ldr.w	r3, [r3, #3568]	@ 0xdf0
10005108:	07db      	lsls	r3, r3, #31
1000510a:	d500      	bpl.n	1000510e <tud_control_xfer+0x7a>
1000510c:	be00      	bkpt	0x0000
1000510e:	2000      	movs	r0, #0
10005110:	e8bd 81f0 	ldmia.w	sp!, {r4, r5, r6, r7, r8, pc}
10005114:	461a      	mov	r2, r3
10005116:	7839      	ldrb	r1, [r7, #0]
10005118:	f001 0180 	and.w	r1, r1, #128	@ 0x80
1000511c:	4623      	mov	r3, r4
1000511e:	4630      	mov	r0, r6
10005120:	f7ff ff66 	bl	10004ff0 <usbd_edpt_xfer>
10005124:	2800      	cmp	r0, #0
10005126:	d1dd      	bne.n	100050e4 <tud_control_xfer+0x50>
10005128:	e7ea      	b.n	10005100 <tud_control_xfer+0x6c>
1000512a:	4622      	mov	r2, r4
1000512c:	4629      	mov	r1, r5
1000512e:	4804      	ldr	r0, [pc, #16]	@ (10005140 <tud_control_xfer+0xac>)
10005130:	f001 f9f0 	bl	10006514 <memcpy>
10005134:	2180      	movs	r1, #128	@ 0x80
10005136:	4a02      	ldr	r2, [pc, #8]	@ (10005140 <tud_control_xfer+0xac>)
10005138:	e7f0      	b.n	1000511c <tud_control_xfer+0x88>
1000513a:	bf00      	nop
1000513c:	200018c0 	.word	0x200018c0
10005140:	20001880 	.word	0x20001880

10005144 <usbd_control_reset>:
10005144:	2200      	movs	r2, #0
10005146:	4b03      	ldr	r3, [pc, #12]	@ (10005154 <usbd_control_reset+0x10>)
10005148:	e9c3 2200 	strd	r2, r2, [r3]
1000514c:	e9c3 2202 	strd	r2, r2, [r3, #8]
10005150:	611a      	str	r2, [r3, #16]
10005152:	4770      	bx	lr
10005154:	200018c0 	.word	0x200018c0

10005158 <usbd_control_set_complete_callback>:
10005158:	4b01      	ldr	r3, [pc, #4]	@ (10005160 <usbd_control_set_complete_callback+0x8>)
1000515a:	6118      	str	r0, [r3, #16]
1000515c:	4770      	bx	lr
1000515e:	bf00      	nop
10005160:	200018c0 	.word	0x200018c0

10005164 <usbd_control_set_request>:
10005164:	b430      	push	{r4, r5}
10005166:	4602      	mov	r2, r0
10005168:	4c04      	ldr	r4, [pc, #16]	@ (1000517c <usbd_control_set_request+0x18>)
1000516a:	2500      	movs	r5, #0
1000516c:	4623      	mov	r3, r4
1000516e:	6800      	ldr	r0, [r0, #0]
10005170:	6851      	ldr	r1, [r2, #4]
10005172:	e9c4 5502 	strd	r5, r5, [r4, #8]
10005176:	bc30      	pop	{r4, r5}
10005178:	c303      	stmia	r3!, {r0, r1}
1000517a:	4770      	bx	lr
1000517c:	200018c0 	.word	0x200018c0

10005180 <usbd_control_xfer_cb>:
10005180:	b570      	push	{r4, r5, r6, lr}
10005182:	4c3d      	ldr	r4, [pc, #244]	@ (10005278 <usbd_control_xfer_cb+0xf8>)
10005184:	09c9      	lsrs	r1, r1, #7
10005186:	7822      	ldrb	r2, [r4, #0]
10005188:	4606      	mov	r6, r0
1000518a:	ebb1 1fd2 	cmp.w	r1, r2, lsr #7
1000518e:	461d      	mov	r5, r3
10005190:	b082      	sub	sp, #8
10005192:	d017      	beq.n	100051c4 <usbd_control_xfer_cb+0x44>
10005194:	b153      	cbz	r3, 100051ac <usbd_control_xfer_cb+0x2c>
10005196:	f04f 23e0 	mov.w	r3, #3758153728	@ 0xe000e000
1000519a:	f8d3 3df0 	ldr.w	r3, [r3, #3568]	@ 0xdf0
1000519e:	07db      	lsls	r3, r3, #31
100051a0:	d402      	bmi.n	100051a8 <usbd_control_xfer_cb+0x28>
100051a2:	2000      	movs	r0, #0
100051a4:	b002      	add	sp, #8
100051a6:	bd70      	pop	{r4, r5, r6, pc}
100051a8:	be00      	bkpt	0x0000
100051aa:	e7fa      	b.n	100051a2 <usbd_control_xfer_cb+0x22>
100051ac:	4621      	mov	r1, r4
100051ae:	f7ff f8d9 	bl	10004364 <dcd_edpt0_status_complete>
100051b2:	6923      	ldr	r3, [r4, #16]
100051b4:	b11b      	cbz	r3, 100051be <usbd_control_xfer_cb+0x3e>
100051b6:	4622      	mov	r2, r4
100051b8:	2103      	movs	r1, #3
100051ba:	4630      	mov	r0, r6
100051bc:	4798      	blx	r3
100051be:	2001      	movs	r0, #1
100051c0:	b002      	add	sp, #8
100051c2:	bd70      	pop	{r4, r5, r6, pc}
100051c4:	f994 3000 	ldrsb.w	r3, [r4]
100051c8:	2b00      	cmp	r3, #0
100051ca:	db06      	blt.n	100051da <usbd_control_xfer_cb+0x5a>
100051cc:	68a0      	ldr	r0, [r4, #8]
100051ce:	2800      	cmp	r0, #0
100051d0:	d0e7      	beq.n	100051a2 <usbd_control_xfer_cb+0x22>
100051d2:	462a      	mov	r2, r5
100051d4:	4929      	ldr	r1, [pc, #164]	@ (1000527c <usbd_control_xfer_cb+0xfc>)
100051d6:	f001 f99d 	bl	10006514 <memcpy>
100051da:	89e0      	ldrh	r0, [r4, #14]
100051dc:	68a1      	ldr	r1, [r4, #8]
100051de:	88e3      	ldrh	r3, [r4, #6]
100051e0:	4428      	add	r0, r5
100051e2:	b280      	uxth	r0, r0
100051e4:	4429      	add	r1, r5
100051e6:	4283      	cmp	r3, r0
100051e8:	81e0      	strh	r0, [r4, #14]
100051ea:	60a1      	str	r1, [r4, #8]
100051ec:	d016      	beq.n	1000521c <usbd_control_xfer_cb+0x9c>
100051ee:	2d3f      	cmp	r5, #63	@ 0x3f
100051f0:	d914      	bls.n	1000521c <usbd_control_xfer_cb+0x9c>
100051f2:	89a2      	ldrh	r2, [r4, #12]
100051f4:	f994 4000 	ldrsb.w	r4, [r4]
100051f8:	1a13      	subs	r3, r2, r0
100051fa:	b29b      	uxth	r3, r3
100051fc:	2b40      	cmp	r3, #64	@ 0x40
100051fe:	bf28      	it	cs
10005200:	2340      	movcs	r3, #64	@ 0x40
10005202:	2c00      	cmp	r4, #0
10005204:	db27      	blt.n	10005256 <usbd_control_xfer_cb+0xd6>
10005206:	4290      	cmp	r0, r2
10005208:	f04f 0100 	mov.w	r1, #0
1000520c:	d031      	beq.n	10005272 <usbd_control_xfer_cb+0xf2>
1000520e:	4a1b      	ldr	r2, [pc, #108]	@ (1000527c <usbd_control_xfer_cb+0xfc>)
10005210:	4630      	mov	r0, r6
10005212:	f7ff feed 	bl	10004ff0 <usbd_edpt_xfer>
10005216:	2800      	cmp	r0, #0
10005218:	d1d1      	bne.n	100051be <usbd_control_xfer_cb+0x3e>
1000521a:	e7bc      	b.n	10005196 <usbd_control_xfer_cb+0x16>
1000521c:	6923      	ldr	r3, [r4, #16]
1000521e:	b123      	cbz	r3, 1000522a <usbd_control_xfer_cb+0xaa>
10005220:	2102      	movs	r1, #2
10005222:	4630      	mov	r0, r6
10005224:	4a14      	ldr	r2, [pc, #80]	@ (10005278 <usbd_control_xfer_cb+0xf8>)
10005226:	4798      	blx	r3
10005228:	b160      	cbz	r0, 10005244 <usbd_control_xfer_cb+0xc4>
1000522a:	7821      	ldrb	r1, [r4, #0]
1000522c:	2300      	movs	r3, #0
1000522e:	43c9      	mvns	r1, r1
10005230:	4630      	mov	r0, r6
10005232:	461a      	mov	r2, r3
10005234:	f001 0180 	and.w	r1, r1, #128	@ 0x80
10005238:	f7ff feda 	bl	10004ff0 <usbd_edpt_xfer>
1000523c:	2800      	cmp	r0, #0
1000523e:	d0aa      	beq.n	10005196 <usbd_control_xfer_cb+0x16>
10005240:	2001      	movs	r0, #1
10005242:	e7bd      	b.n	100051c0 <usbd_control_xfer_cb+0x40>
10005244:	4601      	mov	r1, r0
10005246:	4630      	mov	r0, r6
10005248:	f7ff f932 	bl	100044b0 <dcd_edpt_stall>
1000524c:	2180      	movs	r1, #128	@ 0x80
1000524e:	4630      	mov	r0, r6
10005250:	f7ff f92e 	bl	100044b0 <dcd_edpt_stall>
10005254:	e7b3      	b.n	100051be <usbd_control_xfer_cb+0x3e>
10005256:	4290      	cmp	r0, r2
10005258:	d008      	beq.n	1000526c <usbd_control_xfer_cb+0xec>
1000525a:	461a      	mov	r2, r3
1000525c:	4807      	ldr	r0, [pc, #28]	@ (1000527c <usbd_control_xfer_cb+0xfc>)
1000525e:	9301      	str	r3, [sp, #4]
10005260:	f001 f958 	bl	10006514 <memcpy>
10005264:	2180      	movs	r1, #128	@ 0x80
10005266:	4a05      	ldr	r2, [pc, #20]	@ (1000527c <usbd_control_xfer_cb+0xfc>)
10005268:	9b01      	ldr	r3, [sp, #4]
1000526a:	e7d1      	b.n	10005210 <usbd_control_xfer_cb+0x90>
1000526c:	2180      	movs	r1, #128	@ 0x80
1000526e:	2200      	movs	r2, #0
10005270:	e7ce      	b.n	10005210 <usbd_control_xfer_cb+0x90>
10005272:	460a      	mov	r2, r1
10005274:	e7cc      	b.n	10005210 <usbd_control_xfer_cb+0x90>
10005276:	bf00      	nop
10005278:	200018c0 	.word	0x200018c0
1000527c:	20001880 	.word	0x20001880

10005280 <_prep_out_transaction.isra.0>:
10005280:	e92d 41f0 	stmdb	sp!, {r4, r5, r6, r7, r8, lr}
10005284:	4604      	mov	r4, r0
10005286:	f7ff f9d3 	bl	10004630 <tud_mounted>
1000528a:	b908      	cbnz	r0, 10005290 <_prep_out_transaction.isra.0+0x10>
1000528c:	e8bd 81f0 	ldmia.w	sp!, {r4, r5, r6, r7, r8, pc}
10005290:	f7ff f9d6 	bl	10004640 <tud_suspended>
10005294:	4605      	mov	r5, r0
10005296:	2800      	cmp	r0, #0
10005298:	d1f8      	bne.n	1000528c <_prep_out_transaction.isra.0+0xc>
1000529a:	23c8      	movs	r3, #200	@ 0xc8
1000529c:	fb04 f303 	mul.w	r3, r4, r3
100052a0:	4e12      	ldr	r6, [pc, #72]	@ (100052ec <_prep_out_transaction.isra.0+0x6c>)
100052a2:	18f7      	adds	r7, r6, r3
100052a4:	78f9      	ldrb	r1, [r7, #3]
100052a6:	2900      	cmp	r1, #0
100052a8:	d0f0      	beq.n	1000528c <_prep_out_transaction.isra.0+0xc>
100052aa:	3310      	adds	r3, #16
100052ac:	441e      	add	r6, r3
100052ae:	4630      	mov	r0, r6
100052b0:	f000 fdd2 	bl	10005e58 <tu_fifo_remaining>
100052b4:	283f      	cmp	r0, #63	@ 0x3f
100052b6:	d9e9      	bls.n	1000528c <_prep_out_transaction.isra.0+0xc>
100052b8:	4628      	mov	r0, r5
100052ba:	78f9      	ldrb	r1, [r7, #3]
100052bc:	f7ff fe74 	bl	10004fa8 <usbd_edpt_claim>
100052c0:	2800      	cmp	r0, #0
100052c2:	d0e3      	beq.n	1000528c <_prep_out_transaction.isra.0+0xc>
100052c4:	4630      	mov	r0, r6
100052c6:	f000 fdc7 	bl	10005e58 <tu_fifo_remaining>
100052ca:	283f      	cmp	r0, #63	@ 0x3f
100052cc:	78f9      	ldrb	r1, [r7, #3]
100052ce:	d908      	bls.n	100052e2 <_prep_out_transaction.isra.0+0x62>
100052d0:	4a07      	ldr	r2, [pc, #28]	@ (100052f0 <_prep_out_transaction.isra.0+0x70>)
100052d2:	4628      	mov	r0, r5
100052d4:	eb02 12c4 	add.w	r2, r2, r4, lsl #7
100052d8:	2340      	movs	r3, #64	@ 0x40
100052da:	e8bd 41f0 	ldmia.w	sp!, {r4, r5, r6, r7, r8, lr}
100052de:	f7ff be87 	b.w	10004ff0 <usbd_edpt_xfer>
100052e2:	4628      	mov	r0, r5
100052e4:	e8bd 41f0 	ldmia.w	sp!, {r4, r5, r6, r7, r8, lr}
100052e8:	f7ff be70 	b.w	10004fcc <usbd_edpt_release>
100052ec:	200017b8 	.word	0x200017b8
100052f0:	20001734 	.word	0x20001734

100052f4 <tud_cdc_n_connected>:
100052f4:	b510      	push	{r4, lr}
100052f6:	4604      	mov	r4, r0
100052f8:	f7ff f99a 	bl	10004630 <tud_mounted>
100052fc:	b908      	cbnz	r0, 10005302 <tud_cdc_n_connected+0xe>
100052fe:	2000      	movs	r0, #0
10005300:	bd10      	pop	{r4, pc}
10005302:	f7ff f99d 	bl	10004640 <tud_suspended>
10005306:	2800      	cmp	r0, #0
10005308:	d1f9      	bne.n	100052fe <tud_cdc_n_connected+0xa>
1000530a:	22c8      	movs	r2, #200	@ 0xc8
1000530c:	4b03      	ldr	r3, [pc, #12]	@ (1000531c <tud_cdc_n_connected+0x28>)
1000530e:	fb02 3304 	mla	r3, r2, r4, r3
10005312:	7918      	ldrb	r0, [r3, #4]
10005314:	f000 0001 	and.w	r0, r0, #1
10005318:	bd10      	pop	{r4, pc}
1000531a:	bf00      	nop
1000531c:	200017b8 	.word	0x200017b8

10005320 <tud_cdc_n_available>:
10005320:	22c8      	movs	r2, #200	@ 0xc8
10005322:	b508      	push	{r3, lr}
10005324:	4b02      	ldr	r3, [pc, #8]	@ (10005330 <tud_cdc_n_available+0x10>)
10005326:	fb02 3000 	mla	r0, r2, r0, r3
1000532a:	f000 fd7b 	bl	10005e24 <tu_fifo_count>
1000532e:	bd08      	pop	{r3, pc}
10005330:	200017c8 	.word	0x200017c8

10005334 <tud_cdc_n_read>:
10005334:	e92d 43f8 	stmdb	sp!, {r3, r4, r5, r6, r7, r8, r9, lr}
10005338:	f64f 73ff 	movw	r3, #65535	@ 0xffff
1000533c:	24c8      	movs	r4, #200	@ 0xc8
1000533e:	429a      	cmp	r2, r3
10005340:	bf28      	it	cs
10005342:	461a      	movcs	r2, r3
10005344:	fb00 f404 	mul.w	r4, r0, r4
10005348:	f8df 8074 	ldr.w	r8, [pc, #116]	@ 100053c0 <tud_cdc_n_read+0x8c>
1000534c:	f104 0510 	add.w	r5, r4, #16
10005350:	4445      	add	r5, r8
10005352:	4606      	mov	r6, r0
10005354:	b292      	uxth	r2, r2
10005356:	4628      	mov	r0, r5
10005358:	f000 fdda 	bl	10005f10 <tu_fifo_read_n>
1000535c:	4607      	mov	r7, r0
1000535e:	f7ff f967 	bl	10004630 <tud_mounted>
10005362:	b910      	cbnz	r0, 1000536a <tud_cdc_n_read+0x36>
10005364:	4638      	mov	r0, r7
10005366:	e8bd 83f8 	ldmia.w	sp!, {r3, r4, r5, r6, r7, r8, r9, pc}
1000536a:	f7ff f969 	bl	10004640 <tud_suspended>
1000536e:	4681      	mov	r9, r0
10005370:	2800      	cmp	r0, #0
10005372:	d1f7      	bne.n	10005364 <tud_cdc_n_read+0x30>
10005374:	44a0      	add	r8, r4
10005376:	f898 3003 	ldrb.w	r3, [r8, #3]
1000537a:	2b00      	cmp	r3, #0
1000537c:	d0f2      	beq.n	10005364 <tud_cdc_n_read+0x30>
1000537e:	4628      	mov	r0, r5
10005380:	f000 fd6a 	bl	10005e58 <tu_fifo_remaining>
10005384:	283f      	cmp	r0, #63	@ 0x3f
10005386:	d9ed      	bls.n	10005364 <tud_cdc_n_read+0x30>
10005388:	4648      	mov	r0, r9
1000538a:	f898 1003 	ldrb.w	r1, [r8, #3]
1000538e:	f7ff fe0b 	bl	10004fa8 <usbd_edpt_claim>
10005392:	2800      	cmp	r0, #0
10005394:	d0e6      	beq.n	10005364 <tud_cdc_n_read+0x30>
10005396:	4628      	mov	r0, r5
10005398:	f000 fd5e 	bl	10005e58 <tu_fifo_remaining>
1000539c:	283f      	cmp	r0, #63	@ 0x3f
1000539e:	f898 1003 	ldrb.w	r1, [r8, #3]
100053a2:	d907      	bls.n	100053b4 <tud_cdc_n_read+0x80>
100053a4:	4a05      	ldr	r2, [pc, #20]	@ (100053bc <tud_cdc_n_read+0x88>)
100053a6:	4648      	mov	r0, r9
100053a8:	2340      	movs	r3, #64	@ 0x40
100053aa:	eb02 12c6 	add.w	r2, r2, r6, lsl #7
100053ae:	f7ff fe1f 	bl	10004ff0 <usbd_edpt_xfer>
100053b2:	e7d7      	b.n	10005364 <tud_cdc_n_read+0x30>
100053b4:	4648      	mov	r0, r9
100053b6:	f7ff fe09 	bl	10004fcc <usbd_edpt_release>
100053ba:	e7d3      	b.n	10005364 <tud_cdc_n_read+0x30>
100053bc:	20001734 	.word	0x20001734
100053c0:	200017b8 	.word	0x200017b8

100053c4 <tud_cdc_n_write_flush>:
100053c4:	e92d 41f0 	stmdb	sp!, {r4, r5, r6, r7, r8, lr}
100053c8:	4604      	mov	r4, r0
100053ca:	f7ff f931 	bl	10004630 <tud_mounted>
100053ce:	b910      	cbnz	r0, 100053d6 <tud_cdc_n_write_flush+0x12>
100053d0:	2000      	movs	r0, #0
100053d2:	e8bd 81f0 	ldmia.w	sp!, {r4, r5, r6, r7, r8, pc}
100053d6:	f7ff f933 	bl	10004640 <tud_suspended>
100053da:	4605      	mov	r5, r0
100053dc:	2800      	cmp	r0, #0
100053de:	d1f7      	bne.n	100053d0 <tud_cdc_n_write_flush+0xc>
100053e0:	26c8      	movs	r6, #200	@ 0xc8
100053e2:	fb04 f606 	mul.w	r6, r4, r6
100053e6:	f8df 8064 	ldr.w	r8, [pc, #100]	@ 1000544c <tud_cdc_n_write_flush+0x88>
100053ea:	f106 0724 	add.w	r7, r6, #36	@ 0x24
100053ee:	4447      	add	r7, r8
100053f0:	4638      	mov	r0, r7
100053f2:	f000 fd17 	bl	10005e24 <tu_fifo_count>
100053f6:	2800      	cmp	r0, #0
100053f8:	d0ea      	beq.n	100053d0 <tud_cdc_n_write_flush+0xc>
100053fa:	44b0      	add	r8, r6
100053fc:	4628      	mov	r0, r5
100053fe:	f898 1002 	ldrb.w	r1, [r8, #2]
10005402:	f7ff fdd1 	bl	10004fa8 <usbd_edpt_claim>
10005406:	2800      	cmp	r0, #0
10005408:	d0e2      	beq.n	100053d0 <tud_cdc_n_write_flush+0xc>
1000540a:	4e0f      	ldr	r6, [pc, #60]	@ (10005448 <tud_cdc_n_write_flush+0x84>)
1000540c:	4638      	mov	r0, r7
1000540e:	eb06 16c4 	add.w	r6, r6, r4, lsl #7
10005412:	4631      	mov	r1, r6
10005414:	2240      	movs	r2, #64	@ 0x40
10005416:	f000 fd7b 	bl	10005f10 <tu_fifo_read_n>
1000541a:	f898 1002 	ldrb.w	r1, [r8, #2]
1000541e:	4604      	mov	r4, r0
10005420:	b168      	cbz	r0, 1000543e <tud_cdc_n_write_flush+0x7a>
10005422:	4603      	mov	r3, r0
10005424:	4632      	mov	r2, r6
10005426:	4628      	mov	r0, r5
10005428:	f7ff fde2 	bl	10004ff0 <usbd_edpt_xfer>
1000542c:	b950      	cbnz	r0, 10005444 <tud_cdc_n_write_flush+0x80>
1000542e:	f04f 23e0 	mov.w	r3, #3758153728	@ 0xe000e000
10005432:	f8d3 3df0 	ldr.w	r3, [r3, #3568]	@ 0xdf0
10005436:	07db      	lsls	r3, r3, #31
10005438:	d5ca      	bpl.n	100053d0 <tud_cdc_n_write_flush+0xc>
1000543a:	be00      	bkpt	0x0000
1000543c:	e7c8      	b.n	100053d0 <tud_cdc_n_write_flush+0xc>
1000543e:	f7ff fdc5 	bl	10004fcc <usbd_edpt_release>
10005442:	e7c5      	b.n	100053d0 <tud_cdc_n_write_flush+0xc>
10005444:	4620      	mov	r0, r4
10005446:	e7c4      	b.n	100053d2 <tud_cdc_n_write_flush+0xe>
10005448:	20001774 	.word	0x20001774
1000544c:	200017b8 	.word	0x200017b8

10005450 <tud_cdc_n_write>:
10005450:	b538      	push	{r3, r4, r5, lr}
10005452:	f64f 75ff 	movw	r5, #65535	@ 0xffff
10005456:	23c8      	movs	r3, #200	@ 0xc8
10005458:	42aa      	cmp	r2, r5
1000545a:	bf28      	it	cs
1000545c:	462a      	movcs	r2, r5
1000545e:	4c0b      	ldr	r4, [pc, #44]	@ (1000548c <tud_cdc_n_write+0x3c>)
10005460:	b292      	uxth	r2, r2
10005462:	fb03 4400 	mla	r4, r3, r0, r4
10005466:	4605      	mov	r5, r0
10005468:	4620      	mov	r0, r4
1000546a:	f000 fe0f 	bl	1000608c <tu_fifo_write_n>
1000546e:	4603      	mov	r3, r0
10005470:	4620      	mov	r0, r4
10005472:	461c      	mov	r4, r3
10005474:	f000 fcd6 	bl	10005e24 <tu_fifo_count>
10005478:	283f      	cmp	r0, #63	@ 0x3f
1000547a:	d801      	bhi.n	10005480 <tud_cdc_n_write+0x30>
1000547c:	4620      	mov	r0, r4
1000547e:	bd38      	pop	{r3, r4, r5, pc}
10005480:	4628      	mov	r0, r5
10005482:	f7ff ff9f 	bl	100053c4 <tud_cdc_n_write_flush>
10005486:	4620      	mov	r0, r4
10005488:	bd38      	pop	{r3, r4, r5, pc}
1000548a:	bf00      	nop
1000548c:	200017dc 	.word	0x200017dc

10005490 <tud_cdc_n_write_available>:
10005490:	22c8      	movs	r2, #200	@ 0xc8
10005492:	b508      	push	{r3, lr}
10005494:	4b02      	ldr	r3, [pc, #8]	@ (100054a0 <tud_cdc_n_write_available+0x10>)
10005496:	fb02 3000 	mla	r0, r2, r0, r3
1000549a:	f000 fcdd 	bl	10005e58 <tu_fifo_remaining>
1000549e:	bd08      	pop	{r3, pc}
100054a0:	200017dc 	.word	0x200017dc

100054a4 <cdcd_init>:
100054a4:	b5f0      	push	{r4, r5, r6, r7, lr}
100054a6:	2400      	movs	r4, #0
100054a8:	b083      	sub	sp, #12
100054aa:	22c8      	movs	r2, #200	@ 0xc8
100054ac:	2100      	movs	r1, #0
100054ae:	4817      	ldr	r0, [pc, #92]	@ (1000550c <cdcd_init+0x68>)
100054b0:	f000 ffe2 	bl	10006478 <memset>
100054b4:	23ff      	movs	r3, #255	@ 0xff
100054b6:	f44f 31e1 	mov.w	r1, #115200	@ 0x1c200
100054ba:	2208      	movs	r2, #8
100054bc:	4814      	ldr	r0, [pc, #80]	@ (10005510 <cdcd_init+0x6c>)
100054be:	7004      	strb	r4, [r0, #0]
100054c0:	4812      	ldr	r0, [pc, #72]	@ (1000550c <cdcd_init+0x68>)
100054c2:	9400      	str	r4, [sp, #0]
100054c4:	4607      	mov	r7, r0
100054c6:	7143      	strb	r3, [r0, #5]
100054c8:	6081      	str	r1, [r0, #8]
100054ca:	7382      	strb	r2, [r0, #14]
100054cc:	f100 0138 	add.w	r1, r0, #56	@ 0x38
100054d0:	2301      	movs	r3, #1
100054d2:	2240      	movs	r2, #64	@ 0x40
100054d4:	3010      	adds	r0, #16
100054d6:	f000 fc75 	bl	10005dc4 <tu_fifo_config>
100054da:	2301      	movs	r3, #1
100054dc:	2240      	movs	r2, #64	@ 0x40
100054de:	f107 0178 	add.w	r1, r7, #120	@ 0x78
100054e2:	9300      	str	r3, [sp, #0]
100054e4:	f107 06b8 	add.w	r6, r7, #184	@ 0xb8
100054e8:	f107 0024 	add.w	r0, r7, #36	@ 0x24
100054ec:	f000 fc6a 	bl	10005dc4 <tu_fifo_config>
100054f0:	f107 05c0 	add.w	r5, r7, #192	@ 0xc0
100054f4:	4630      	mov	r0, r6
100054f6:	f7fb fd47 	bl	10000f88 <mutex_init>
100054fa:	4628      	mov	r0, r5
100054fc:	f7fb fd44 	bl	10000f88 <mutex_init>
10005500:	e9c7 4607 	strd	r4, r6, [r7, #28]
10005504:	e9c7 540c 	strd	r5, r4, [r7, #48]	@ 0x30
10005508:	b003      	add	sp, #12
1000550a:	bdf0      	pop	{r4, r5, r6, r7, pc}
1000550c:	200017b8 	.word	0x200017b8
10005510:	200017b4 	.word	0x200017b4

10005514 <cdcd_deinit>:
10005514:	4a0a      	ldr	r2, [pc, #40]	@ (10005540 <cdcd_deinit+0x2c>)
10005516:	6b11      	ldr	r1, [r2, #48]	@ 0x30
10005518:	6a13      	ldr	r3, [r2, #32]
1000551a:	b161      	cbz	r1, 10005536 <cdcd_deinit+0x22>
1000551c:	b13b      	cbz	r3, 1000552e <cdcd_deinit+0x1a>
1000551e:	2300      	movs	r3, #0
10005520:	e9c2 330c 	strd	r3, r3, [r2, #48]	@ 0x30
10005524:	61d3      	str	r3, [r2, #28]
10005526:	2300      	movs	r3, #0
10005528:	6213      	str	r3, [r2, #32]
1000552a:	2001      	movs	r0, #1
1000552c:	4770      	bx	lr
1000552e:	2001      	movs	r0, #1
10005530:	e9c2 330c 	strd	r3, r3, [r2, #48]	@ 0x30
10005534:	4770      	bx	lr
10005536:	2b00      	cmp	r3, #0
10005538:	d0f7      	beq.n	1000552a <cdcd_deinit+0x16>
1000553a:	61d1      	str	r1, [r2, #28]
1000553c:	e7f3      	b.n	10005526 <cdcd_deinit+0x12>
1000553e:	bf00      	nop
10005540:	200017b8 	.word	0x200017b8

10005544 <cdcd_reset>:
10005544:	2200      	movs	r2, #0
10005546:	b510      	push	{r4, lr}
10005548:	4c0e      	ldr	r4, [pc, #56]	@ (10005584 <cdcd_reset+0x40>)
1000554a:	480f      	ldr	r0, [pc, #60]	@ (10005588 <cdcd_reset+0x44>)
1000554c:	7823      	ldrb	r3, [r4, #0]
1000554e:	6002      	str	r2, [r0, #0]
10005550:	7102      	strb	r2, [r0, #4]
10005552:	07da      	lsls	r2, r3, #31
10005554:	d507      	bpl.n	10005566 <cdcd_reset+0x22>
10005556:	079b      	lsls	r3, r3, #30
10005558:	d50b      	bpl.n	10005572 <cdcd_reset+0x2e>
1000555a:	e8bd 4010 	ldmia.w	sp!, {r4, lr}
1000555e:	2101      	movs	r1, #1
10005560:	480a      	ldr	r0, [pc, #40]	@ (1000558c <cdcd_reset+0x48>)
10005562:	f000 be5d 	b.w	10006220 <tu_fifo_set_overwritable>
10005566:	3010      	adds	r0, #16
10005568:	f000 fe3e 	bl	100061e8 <tu_fifo_clear>
1000556c:	7823      	ldrb	r3, [r4, #0]
1000556e:	079b      	lsls	r3, r3, #30
10005570:	d4f3      	bmi.n	1000555a <cdcd_reset+0x16>
10005572:	4806      	ldr	r0, [pc, #24]	@ (1000558c <cdcd_reset+0x48>)
10005574:	f000 fe38 	bl	100061e8 <tu_fifo_clear>
10005578:	e8bd 4010 	ldmia.w	sp!, {r4, lr}
1000557c:	2101      	movs	r1, #1
1000557e:	4803      	ldr	r0, [pc, #12]	@ (1000558c <cdcd_reset+0x48>)
10005580:	f000 be4e 	b.w	10006220 <tu_fifo_set_overwritable>
10005584:	200017b4 	.word	0x200017b4
10005588:	200017b8 	.word	0x200017b8
1000558c:	200017dc 	.word	0x200017dc

10005590 <cdcd_open>:
10005590:	b5f0      	push	{r4, r5, r6, r7, lr}
10005592:	794b      	ldrb	r3, [r1, #5]
10005594:	b083      	sub	sp, #12
10005596:	2b02      	cmp	r3, #2
10005598:	d102      	bne.n	100055a0 <cdcd_open+0x10>
1000559a:	798b      	ldrb	r3, [r1, #6]
1000559c:	2b02      	cmp	r3, #2
1000559e:	d003      	beq.n	100055a8 <cdcd_open+0x18>
100055a0:	2500      	movs	r5, #0
100055a2:	4628      	mov	r0, r5
100055a4:	b003      	add	sp, #12
100055a6:	bdf0      	pop	{r4, r5, r6, r7, pc}
100055a8:	4f27      	ldr	r7, [pc, #156]	@ (10005648 <cdcd_open+0xb8>)
100055aa:	78bb      	ldrb	r3, [r7, #2]
100055ac:	b13b      	cbz	r3, 100055be <cdcd_open+0x2e>
100055ae:	f04f 23e0 	mov.w	r3, #3758153728	@ 0xe000e000
100055b2:	f8d3 3df0 	ldr.w	r3, [r3, #3568]	@ 0xdf0
100055b6:	07db      	lsls	r3, r3, #31
100055b8:	d5f2      	bpl.n	100055a0 <cdcd_open+0x10>
100055ba:	be00      	bkpt	0x0000
100055bc:	e7f0      	b.n	100055a0 <cdcd_open+0x10>
100055be:	788b      	ldrb	r3, [r1, #2]
100055c0:	4606      	mov	r6, r0
100055c2:	703b      	strb	r3, [r7, #0]
100055c4:	780b      	ldrb	r3, [r1, #0]
100055c6:	18cc      	adds	r4, r1, r3
100055c8:	7861      	ldrb	r1, [r4, #1]
100055ca:	2924      	cmp	r1, #36	@ 0x24
100055cc:	bf08      	it	eq
100055ce:	2509      	moveq	r5, #9
100055d0:	d007      	beq.n	100055e2 <cdcd_open+0x52>
100055d2:	e036      	b.n	10005642 <cdcd_open+0xb2>
100055d4:	7823      	ldrb	r3, [r4, #0]
100055d6:	441c      	add	r4, r3
100055d8:	7861      	ldrb	r1, [r4, #1]
100055da:	442b      	add	r3, r5
100055dc:	2924      	cmp	r1, #36	@ 0x24
100055de:	b29d      	uxth	r5, r3
100055e0:	d107      	bne.n	100055f2 <cdcd_open+0x62>
100055e2:	42aa      	cmp	r2, r5
100055e4:	d2f6      	bcs.n	100055d4 <cdcd_open+0x44>
100055e6:	2000      	movs	r0, #0
100055e8:	f7ff fe4a 	bl	10005280 <_prep_out_transaction.isra.0>
100055ec:	4628      	mov	r0, r5
100055ee:	b003      	add	sp, #12
100055f0:	bdf0      	pop	{r4, r5, r6, r7, pc}
100055f2:	460b      	mov	r3, r1
100055f4:	2905      	cmp	r1, #5
100055f6:	d016      	beq.n	10005626 <cdcd_open+0x96>
100055f8:	2b04      	cmp	r3, #4
100055fa:	d1f4      	bne.n	100055e6 <cdcd_open+0x56>
100055fc:	7963      	ldrb	r3, [r4, #5]
100055fe:	2b0a      	cmp	r3, #10
10005600:	d1f1      	bne.n	100055e6 <cdcd_open+0x56>
10005602:	4b12      	ldr	r3, [pc, #72]	@ (1000564c <cdcd_open+0xbc>)
10005604:	7827      	ldrb	r7, [r4, #0]
10005606:	9301      	str	r3, [sp, #4]
10005608:	3301      	adds	r3, #1
1000560a:	9300      	str	r3, [sp, #0]
1000560c:	2302      	movs	r3, #2
1000560e:	4630      	mov	r0, r6
10005610:	461a      	mov	r2, r3
10005612:	19e1      	adds	r1, r4, r7
10005614:	f7ff fc58 	bl	10004ec8 <usbd_open_edpt_pair>
10005618:	2800      	cmp	r0, #0
1000561a:	d0c8      	beq.n	100055ae <cdcd_open+0x1e>
1000561c:	350e      	adds	r5, #14
1000561e:	fa17 f585 	uxtah	r5, r7, r5
10005622:	b2ad      	uxth	r5, r5
10005624:	e7df      	b.n	100055e6 <cdcd_open+0x56>
10005626:	4621      	mov	r1, r4
10005628:	4630      	mov	r0, r6
1000562a:	f7ff fc9b 	bl	10004f64 <usbd_edpt_open>
1000562e:	2800      	cmp	r0, #0
10005630:	d0bd      	beq.n	100055ae <cdcd_open+0x1e>
10005632:	78a3      	ldrb	r3, [r4, #2]
10005634:	707b      	strb	r3, [r7, #1]
10005636:	7823      	ldrb	r3, [r4, #0]
10005638:	195a      	adds	r2, r3, r5
1000563a:	441c      	add	r4, r3
1000563c:	7863      	ldrb	r3, [r4, #1]
1000563e:	b295      	uxth	r5, r2
10005640:	e7da      	b.n	100055f8 <cdcd_open+0x68>
10005642:	460b      	mov	r3, r1
10005644:	2509      	movs	r5, #9
10005646:	e7d5      	b.n	100055f4 <cdcd_open+0x64>
10005648:	200017b8 	.word	0x200017b8
1000564c:	200017ba 	.word	0x200017ba

10005650 <cdcd_control_xfer_cb>:
10005650:	7813      	ldrb	r3, [r2, #0]
10005652:	f003 0360 	and.w	r3, r3, #96	@ 0x60
10005656:	2b20      	cmp	r3, #32
10005658:	d108      	bne.n	1000566c <cdcd_control_xfer_cb+0x1c>
1000565a:	b570      	push	{r4, r5, r6, lr}
1000565c:	4c26      	ldr	r4, [pc, #152]	@ (100056f8 <cdcd_control_xfer_cb+0xa8>)
1000565e:	8893      	ldrh	r3, [r2, #4]
10005660:	f894 c000 	ldrb.w	ip, [r4]
10005664:	459c      	cmp	ip, r3
10005666:	d003      	beq.n	10005670 <cdcd_control_xfer_cb+0x20>
10005668:	2000      	movs	r0, #0
1000566a:	bd70      	pop	{r4, r5, r6, pc}
1000566c:	2000      	movs	r0, #0
1000566e:	4770      	bx	lr
10005670:	7853      	ldrb	r3, [r2, #1]
10005672:	3b20      	subs	r3, #32
10005674:	2b03      	cmp	r3, #3
10005676:	d8f7      	bhi.n	10005668 <cdcd_control_xfer_cb+0x18>
10005678:	e8df f003 	tbb	[pc, r3]
1000567c:	020d2327 	.word	0x020d2327
10005680:	2901      	cmp	r1, #1
10005682:	d02e      	beq.n	100056e2 <cdcd_control_xfer_cb+0x92>
10005684:	2903      	cmp	r1, #3
10005686:	d11e      	bne.n	100056c6 <cdcd_control_xfer_cb+0x76>
10005688:	4b1c      	ldr	r3, [pc, #112]	@ (100056fc <cdcd_control_xfer_cb+0xac>)
1000568a:	b1e3      	cbz	r3, 100056c6 <cdcd_control_xfer_cb+0x76>
1000568c:	2000      	movs	r0, #0
1000568e:	8851      	ldrh	r1, [r2, #2]
10005690:	f3af 8000 	nop.w
10005694:	e017      	b.n	100056c6 <cdcd_control_xfer_cb+0x76>
10005696:	2901      	cmp	r1, #1
10005698:	d023      	beq.n	100056e2 <cdcd_control_xfer_cb+0x92>
1000569a:	2903      	cmp	r1, #3
1000569c:	d113      	bne.n	100056c6 <cdcd_control_xfer_cb+0x76>
1000569e:	8855      	ldrh	r5, [r2, #2]
100056a0:	4817      	ldr	r0, [pc, #92]	@ (10005700 <cdcd_control_xfer_cb+0xb0>)
100056a2:	f005 0601 	and.w	r6, r5, #1
100056a6:	f086 0101 	eor.w	r1, r6, #1
100056aa:	7125      	strb	r5, [r4, #4]
100056ac:	f000 fdb8 	bl	10006220 <tu_fifo_set_overwritable>
100056b0:	4b14      	ldr	r3, [pc, #80]	@ (10005704 <cdcd_control_xfer_cb+0xb4>)
100056b2:	b143      	cbz	r3, 100056c6 <cdcd_control_xfer_cb+0x76>
100056b4:	4631      	mov	r1, r6
100056b6:	2000      	movs	r0, #0
100056b8:	f3c5 0240 	ubfx	r2, r5, #1, #1
100056bc:	f3af 8000 	nop.w
100056c0:	e001      	b.n	100056c6 <cdcd_control_xfer_cb+0x76>
100056c2:	2901      	cmp	r1, #1
100056c4:	d011      	beq.n	100056ea <cdcd_control_xfer_cb+0x9a>
100056c6:	2001      	movs	r0, #1
100056c8:	bd70      	pop	{r4, r5, r6, pc}
100056ca:	2901      	cmp	r1, #1
100056cc:	d00d      	beq.n	100056ea <cdcd_control_xfer_cb+0x9a>
100056ce:	2903      	cmp	r1, #3
100056d0:	d1f9      	bne.n	100056c6 <cdcd_control_xfer_cb+0x76>
100056d2:	4b0d      	ldr	r3, [pc, #52]	@ (10005708 <cdcd_control_xfer_cb+0xb8>)
100056d4:	2b00      	cmp	r3, #0
100056d6:	d0f6      	beq.n	100056c6 <cdcd_control_xfer_cb+0x76>
100056d8:	2000      	movs	r0, #0
100056da:	490c      	ldr	r1, [pc, #48]	@ (1000570c <cdcd_control_xfer_cb+0xbc>)
100056dc:	f7fe faac 	bl	10003c38 <tud_cdc_line_coding_cb>
100056e0:	e7f1      	b.n	100056c6 <cdcd_control_xfer_cb+0x76>
100056e2:	4611      	mov	r1, r2
100056e4:	f7ff fcbc 	bl	10005060 <tud_control_status>
100056e8:	e7ed      	b.n	100056c6 <cdcd_control_xfer_cb+0x76>
100056ea:	4611      	mov	r1, r2
100056ec:	2307      	movs	r3, #7
100056ee:	4a07      	ldr	r2, [pc, #28]	@ (1000570c <cdcd_control_xfer_cb+0xbc>)
100056f0:	f7ff fcd0 	bl	10005094 <tud_control_xfer>
100056f4:	e7e7      	b.n	100056c6 <cdcd_control_xfer_cb+0x76>
100056f6:	bf00      	nop
100056f8:	200017b8 	.word	0x200017b8
100056fc:	00000000 	.word	0x00000000
10005700:	200017dc 	.word	0x200017dc
10005704:	00000000 	.word	0x00000000
10005708:	10003c39 	.word	0x10003c39
1000570c:	200017c0 	.word	0x200017c0

10005710 <cdcd_xfer_cb>:
10005710:	e92d 43f8 	stmdb	sp!, {r3, r4, r5, r6, r7, r8, r9, lr}
10005714:	4e35      	ldr	r6, [pc, #212]	@ (100057ec <cdcd_xfer_cb+0xdc>)
10005716:	460c      	mov	r4, r1
10005718:	78f2      	ldrb	r2, [r6, #3]
1000571a:	4607      	mov	r7, r0
1000571c:	428a      	cmp	r2, r1
1000571e:	461d      	mov	r5, r3
10005720:	d03d      	beq.n	1000579e <cdcd_xfer_cb+0x8e>
10005722:	78b3      	ldrb	r3, [r6, #2]
10005724:	428b      	cmp	r3, r1
10005726:	d012      	beq.n	1000574e <cdcd_xfer_cb+0x3e>
10005728:	f04f 23e0 	mov.w	r3, #3758153728	@ 0xe000e000
1000572c:	f8d3 3df0 	ldr.w	r3, [r3, #3568]	@ 0xdf0
10005730:	07db      	lsls	r3, r3, #31
10005732:	d432      	bmi.n	1000579a <cdcd_xfer_cb+0x8a>
10005734:	2000      	movs	r0, #0
10005736:	e8bd 83f8 	ldmia.w	sp!, {r3, r4, r5, r6, r7, r8, r9, pc}
1000573a:	4b2d      	ldr	r3, [pc, #180]	@ (100057f0 <cdcd_xfer_cb+0xe0>)
1000573c:	b123      	cbz	r3, 10005748 <cdcd_xfer_cb+0x38>
1000573e:	482d      	ldr	r0, [pc, #180]	@ (100057f4 <cdcd_xfer_cb+0xe4>)
10005740:	f000 fb80 	bl	10005e44 <tu_fifo_empty>
10005744:	2800      	cmp	r0, #0
10005746:	d04d      	beq.n	100057e4 <cdcd_xfer_cb+0xd4>
10005748:	2000      	movs	r0, #0
1000574a:	f7ff fd99 	bl	10005280 <_prep_out_transaction.isra.0>
1000574e:	78b3      	ldrb	r3, [r6, #2]
10005750:	42a3      	cmp	r3, r4
10005752:	d001      	beq.n	10005758 <cdcd_xfer_cb+0x48>
10005754:	2001      	movs	r0, #1
10005756:	e7ee      	b.n	10005736 <cdcd_xfer_cb+0x26>
10005758:	4b27      	ldr	r3, [pc, #156]	@ (100057f8 <cdcd_xfer_cb+0xe8>)
1000575a:	b113      	cbz	r3, 10005762 <cdcd_xfer_cb+0x52>
1000575c:	2000      	movs	r0, #0
1000575e:	f3af 8000 	nop.w
10005762:	2000      	movs	r0, #0
10005764:	f7ff fe2e 	bl	100053c4 <tud_cdc_n_write_flush>
10005768:	2800      	cmp	r0, #0
1000576a:	d1f3      	bne.n	10005754 <cdcd_xfer_cb+0x44>
1000576c:	4823      	ldr	r0, [pc, #140]	@ (100057fc <cdcd_xfer_cb+0xec>)
1000576e:	f000 fb59 	bl	10005e24 <tu_fifo_count>
10005772:	2800      	cmp	r0, #0
10005774:	d1ee      	bne.n	10005754 <cdcd_xfer_cb+0x44>
10005776:	2d00      	cmp	r5, #0
10005778:	d0ec      	beq.n	10005754 <cdcd_xfer_cb+0x44>
1000577a:	f015 053f 	ands.w	r5, r5, #63	@ 0x3f
1000577e:	d1e9      	bne.n	10005754 <cdcd_xfer_cb+0x44>
10005780:	4638      	mov	r0, r7
10005782:	78b1      	ldrb	r1, [r6, #2]
10005784:	f7ff fc10 	bl	10004fa8 <usbd_edpt_claim>
10005788:	2800      	cmp	r0, #0
1000578a:	d0e3      	beq.n	10005754 <cdcd_xfer_cb+0x44>
1000578c:	462b      	mov	r3, r5
1000578e:	462a      	mov	r2, r5
10005790:	4638      	mov	r0, r7
10005792:	78b1      	ldrb	r1, [r6, #2]
10005794:	f7ff fc2c 	bl	10004ff0 <usbd_edpt_xfer>
10005798:	e7dc      	b.n	10005754 <cdcd_xfer_cb+0x44>
1000579a:	be00      	bkpt	0x0000
1000579c:	e7ca      	b.n	10005734 <cdcd_xfer_cb+0x24>
1000579e:	b29a      	uxth	r2, r3
100057a0:	4917      	ldr	r1, [pc, #92]	@ (10005800 <cdcd_xfer_cb+0xf0>)
100057a2:	f106 0010 	add.w	r0, r6, #16
100057a6:	f000 fc71 	bl	1000608c <tu_fifo_write_n>
100057aa:	4b16      	ldr	r3, [pc, #88]	@ (10005804 <cdcd_xfer_cb+0xf4>)
100057ac:	2b00      	cmp	r3, #0
100057ae:	d0c4      	beq.n	1000573a <cdcd_xfer_cb+0x2a>
100057b0:	7973      	ldrb	r3, [r6, #5]
100057b2:	2bff      	cmp	r3, #255	@ 0xff
100057b4:	d0c1      	beq.n	1000573a <cdcd_xfer_cb+0x2a>
100057b6:	2d00      	cmp	r5, #0
100057b8:	d0bf      	beq.n	1000573a <cdcd_xfer_cb+0x2a>
100057ba:	f8df 8044 	ldr.w	r8, [pc, #68]	@ 10005800 <cdcd_xfer_cb+0xf0>
100057be:	eb08 0905 	add.w	r9, r8, r5
100057c2:	e002      	b.n	100057ca <cdcd_xfer_cb+0xba>
100057c4:	45c8      	cmp	r8, r9
100057c6:	d0b8      	beq.n	1000573a <cdcd_xfer_cb+0x2a>
100057c8:	7973      	ldrb	r3, [r6, #5]
100057ca:	f818 2b01 	ldrb.w	r2, [r8], #1
100057ce:	429a      	cmp	r2, r3
100057d0:	d1f8      	bne.n	100057c4 <cdcd_xfer_cb+0xb4>
100057d2:	4808      	ldr	r0, [pc, #32]	@ (100057f4 <cdcd_xfer_cb+0xe4>)
100057d4:	f000 fb36 	bl	10005e44 <tu_fifo_empty>
100057d8:	2800      	cmp	r0, #0
100057da:	d1f3      	bne.n	100057c4 <cdcd_xfer_cb+0xb4>
100057dc:	7971      	ldrb	r1, [r6, #5]
100057de:	f3af 8000 	nop.w
100057e2:	e7ef      	b.n	100057c4 <cdcd_xfer_cb+0xb4>
100057e4:	f3af 8000 	nop.w
100057e8:	e7ae      	b.n	10005748 <cdcd_xfer_cb+0x38>
100057ea:	bf00      	nop
100057ec:	200017b8 	.word	0x200017b8
100057f0:	00000000 	.word	0x00000000
100057f4:	200017c8 	.word	0x200017c8
100057f8:	00000000 	.word	0x00000000
100057fc:	200017dc 	.word	0x200017dc
10005800:	20001734 	.word	0x20001734
10005804:	00000000 	.word	0x00000000

10005808 <vendord_init>:
10005808:	b5f0      	push	{r4, r5, r6, r7, lr}
1000580a:	f44f 7213 	mov.w	r2, #588	@ 0x24c
1000580e:	b085      	sub	sp, #20
10005810:	2100      	movs	r1, #0
10005812:	4812      	ldr	r0, [pc, #72]	@ (1000585c <vendord_init+0x54>)
10005814:	f000 fe30 	bl	10006478 <memset>
10005818:	2640      	movs	r6, #64	@ 0x40
1000581a:	2300      	movs	r3, #0
1000581c:	f44f 7580 	mov.w	r5, #256	@ 0x100
10005820:	4f0e      	ldr	r7, [pc, #56]	@ (1000585c <vendord_init+0x54>)
10005822:	4c0f      	ldr	r4, [pc, #60]	@ (10005860 <vendord_init+0x58>)
10005824:	f507 72a6 	add.w	r2, r7, #332	@ 0x14c
10005828:	4619      	mov	r1, r3
1000582a:	e9cd 4602 	strd	r4, r6, [sp, #8]
1000582e:	9200      	str	r2, [sp, #0]
10005830:	9501      	str	r5, [sp, #4]
10005832:	461a      	mov	r2, r3
10005834:	f507 7094 	add.w	r0, r7, #296	@ 0x128
10005838:	f000 f9c6 	bl	10005bc8 <tu_edpt_stream_init>
1000583c:	2300      	movs	r3, #0
1000583e:	4638      	mov	r0, r7
10005840:	f107 0128 	add.w	r1, r7, #40	@ 0x28
10005844:	4434      	add	r4, r6
10005846:	9100      	str	r1, [sp, #0]
10005848:	2201      	movs	r2, #1
1000584a:	4619      	mov	r1, r3
1000584c:	e9cd 4602 	strd	r4, r6, [sp, #8]
10005850:	9501      	str	r5, [sp, #4]
10005852:	3004      	adds	r0, #4
10005854:	f000 f9b8 	bl	10005bc8 <tu_edpt_stream_init>
10005858:	b005      	add	sp, #20
1000585a:	bdf0      	pop	{r4, r5, r6, r7, pc}
1000585c:	20001a9c 	.word	0x20001a9c
10005860:	20001a1c 	.word	0x20001a1c

10005864 <vendord_deinit>:
10005864:	b508      	push	{r3, lr}
10005866:	4805      	ldr	r0, [pc, #20]	@ (1000587c <vendord_deinit+0x18>)
10005868:	f000 f9da 	bl	10005c20 <tu_edpt_stream_deinit>
1000586c:	4b03      	ldr	r3, [pc, #12]	@ (1000587c <vendord_deinit+0x18>)
1000586e:	f5a3 7092 	sub.w	r0, r3, #292	@ 0x124
10005872:	f000 f9d5 	bl	10005c20 <tu_edpt_stream_deinit>
10005876:	2001      	movs	r0, #1
10005878:	bd08      	pop	{r3, pc}
1000587a:	bf00      	nop
1000587c:	20001bc4 	.word	0x20001bc4

10005880 <vendord_reset>:
10005880:	b538      	push	{r3, r4, r5, lr}
10005882:	2500      	movs	r5, #0
10005884:	4c06      	ldr	r4, [pc, #24]	@ (100058a0 <vendord_reset+0x20>)
10005886:	f504 7098 	add.w	r0, r4, #304	@ 0x130
1000588a:	7025      	strb	r5, [r4, #0]
1000588c:	f000 fcac 	bl	100061e8 <tu_fifo_clear>
10005890:	f104 000c 	add.w	r0, r4, #12
10005894:	f000 fca8 	bl	100061e8 <tu_fifo_clear>
10005898:	f884 5129 	strb.w	r5, [r4, #297]	@ 0x129
1000589c:	7165      	strb	r5, [r4, #5]
1000589e:	bd38      	pop	{r3, r4, r5, pc}
100058a0:	20001a9c 	.word	0x20001a9c

100058a4 <vendord_open>:
100058a4:	e92d 43f8 	stmdb	sp!, {r3, r4, r5, r6, r7, r8, r9, lr}
100058a8:	794b      	ldrb	r3, [r1, #5]
100058aa:	2bff      	cmp	r3, #255	@ 0xff
100058ac:	d151      	bne.n	10005952 <vendord_open+0xae>
100058ae:	4e35      	ldr	r6, [pc, #212]	@ (10005984 <vendord_open+0xe0>)
100058b0:	f896 3129 	ldrb.w	r3, [r6, #297]	@ 0x129
100058b4:	2b00      	cmp	r3, #0
100058b6:	d14c      	bne.n	10005952 <vendord_open+0xae>
100058b8:	f896 8005 	ldrb.w	r8, [r6, #5]
100058bc:	f1b8 0f00 	cmp.w	r8, #0
100058c0:	d147      	bne.n	10005952 <vendord_open+0xae>
100058c2:	788b      	ldrb	r3, [r1, #2]
100058c4:	780c      	ldrb	r4, [r1, #0]
100058c6:	7033      	strb	r3, [r6, #0]
100058c8:	790b      	ldrb	r3, [r1, #4]
100058ca:	460f      	mov	r7, r1
100058cc:	440c      	add	r4, r1
100058ce:	b3ab      	cbz	r3, 1000593c <vendord_open+0x98>
100058d0:	4681      	mov	r9, r0
100058d2:	18a5      	adds	r5, r4, r2
100058d4:	e003      	b.n	100058de <vendord_open+0x3a>
100058d6:	42a5      	cmp	r5, r4
100058d8:	d930      	bls.n	1000593c <vendord_open+0x98>
100058da:	7823      	ldrb	r3, [r4, #0]
100058dc:	441c      	add	r4, r3
100058de:	7863      	ldrb	r3, [r4, #1]
100058e0:	2b05      	cmp	r3, #5
100058e2:	d1f8      	bne.n	100058d6 <vendord_open+0x32>
100058e4:	42ac      	cmp	r4, r5
100058e6:	d229      	bcs.n	1000593c <vendord_open+0x98>
100058e8:	4621      	mov	r1, r4
100058ea:	4648      	mov	r0, r9
100058ec:	f7ff fb3a 	bl	10004f64 <usbd_edpt_open>
100058f0:	b340      	cbz	r0, 10005944 <vendord_open+0xa0>
100058f2:	78a3      	ldrb	r3, [r4, #2]
100058f4:	09db      	lsrs	r3, r3, #7
100058f6:	d12f      	bne.n	10005958 <vendord_open+0xb4>
100058f8:	4823      	ldr	r0, [pc, #140]	@ (10005988 <vendord_open+0xe4>)
100058fa:	f000 fc75 	bl	100061e8 <tu_fifo_clear>
100058fe:	78a3      	ldrb	r3, [r4, #2]
10005900:	f896 2128 	ldrb.w	r2, [r6, #296]	@ 0x128
10005904:	f886 3129 	strb.w	r3, [r6, #297]	@ 0x129
10005908:	88a3      	ldrh	r3, [r4, #4]
1000590a:	4648      	mov	r0, r9
1000590c:	f3c3 030a 	ubfx	r3, r3, #0, #11
10005910:	f5a3 7300 	sub.w	r3, r3, #512	@ 0x200
10005914:	fab3 f383 	clz	r3, r3
10005918:	095b      	lsrs	r3, r3, #5
1000591a:	f363 0241 	bfi	r2, r3, #1, #1
1000591e:	491b      	ldr	r1, [pc, #108]	@ (1000598c <vendord_open+0xe8>)
10005920:	f886 2128 	strb.w	r2, [r6, #296]	@ 0x128
10005924:	f000 f9ea 	bl	10005cfc <tu_edpt_stream_read_xfer>
10005928:	b160      	cbz	r0, 10005944 <vendord_open+0xa0>
1000592a:	7823      	ldrb	r3, [r4, #0]
1000592c:	793a      	ldrb	r2, [r7, #4]
1000592e:	f108 0801 	add.w	r8, r8, #1
10005932:	441c      	add	r4, r3
10005934:	fa5f f388 	uxtb.w	r3, r8
10005938:	429a      	cmp	r2, r3
1000593a:	d8d0      	bhi.n	100058de <vendord_open+0x3a>
1000593c:	1be1      	subs	r1, r4, r7
1000593e:	b288      	uxth	r0, r1
10005940:	e8bd 83f8 	ldmia.w	sp!, {r3, r4, r5, r6, r7, r8, r9, pc}
10005944:	f04f 23e0 	mov.w	r3, #3758153728	@ 0xe000e000
10005948:	f8d3 3df0 	ldr.w	r3, [r3, #3568]	@ 0xdf0
1000594c:	07db      	lsls	r3, r3, #31
1000594e:	d500      	bpl.n	10005952 <vendord_open+0xae>
10005950:	be00      	bkpt	0x0000
10005952:	2000      	movs	r0, #0
10005954:	e8bd 83f8 	ldmia.w	sp!, {r3, r4, r5, r6, r7, r8, r9, pc}
10005958:	480d      	ldr	r0, [pc, #52]	@ (10005990 <vendord_open+0xec>)
1000595a:	f000 fc45 	bl	100061e8 <tu_fifo_clear>
1000595e:	78a3      	ldrb	r3, [r4, #2]
10005960:	7932      	ldrb	r2, [r6, #4]
10005962:	7173      	strb	r3, [r6, #5]
10005964:	88a3      	ldrh	r3, [r4, #4]
10005966:	490b      	ldr	r1, [pc, #44]	@ (10005994 <vendord_open+0xf0>)
10005968:	f3c3 030a 	ubfx	r3, r3, #0, #11
1000596c:	f5a3 7300 	sub.w	r3, r3, #512	@ 0x200
10005970:	fab3 f383 	clz	r3, r3
10005974:	095b      	lsrs	r3, r3, #5
10005976:	f363 0241 	bfi	r2, r3, #1, #1
1000597a:	2000      	movs	r0, #0
1000597c:	7132      	strb	r2, [r6, #4]
1000597e:	f000 f985 	bl	10005c8c <tu_edpt_stream_write_xfer>
10005982:	e7d2      	b.n	1000592a <vendord_open+0x86>
10005984:	20001a9c 	.word	0x20001a9c
10005988:	20001bcc 	.word	0x20001bcc
1000598c:	20001bc4 	.word	0x20001bc4
10005990:	20001aa8 	.word	0x20001aa8
10005994:	20001aa0 	.word	0x20001aa0

10005998 <vendord_xfer_cb>:
10005998:	b570      	push	{r4, r5, r6, lr}
1000599a:	4c1b      	ldr	r4, [pc, #108]	@ (10005a08 <vendord_xfer_cb+0x70>)
1000599c:	4606      	mov	r6, r0
1000599e:	f894 c129 	ldrb.w	ip, [r4, #297]	@ 0x129
100059a2:	461d      	mov	r5, r3
100059a4:	458c      	cmp	ip, r1
100059a6:	d011      	beq.n	100059cc <vendord_xfer_cb+0x34>
100059a8:	7963      	ldrb	r3, [r4, #5]
100059aa:	428b      	cmp	r3, r1
100059ac:	d001      	beq.n	100059b2 <vendord_xfer_cb+0x1a>
100059ae:	2000      	movs	r0, #0
100059b0:	bd70      	pop	{r4, r5, r6, pc}
100059b2:	4b16      	ldr	r3, [pc, #88]	@ (10005a0c <vendord_xfer_cb+0x74>)
100059b4:	b11b      	cbz	r3, 100059be <vendord_xfer_cb+0x26>
100059b6:	2000      	movs	r0, #0
100059b8:	b2a9      	uxth	r1, r5
100059ba:	f3af 8000 	nop.w
100059be:	4630      	mov	r0, r6
100059c0:	4913      	ldr	r1, [pc, #76]	@ (10005a10 <vendord_xfer_cb+0x78>)
100059c2:	f000 f963 	bl	10005c8c <tu_edpt_stream_write_xfer>
100059c6:	b1c8      	cbz	r0, 100059fc <vendord_xfer_cb+0x64>
100059c8:	2001      	movs	r0, #1
100059ca:	bd70      	pop	{r4, r5, r6, pc}
100059cc:	f8b4 3134 	ldrh.w	r3, [r4, #308]	@ 0x134
100059d0:	b963      	cbnz	r3, 100059ec <vendord_xfer_cb+0x54>
100059d2:	4b10      	ldr	r3, [pc, #64]	@ (10005a14 <vendord_xfer_cb+0x7c>)
100059d4:	b123      	cbz	r3, 100059e0 <vendord_xfer_cb+0x48>
100059d6:	2000      	movs	r0, #0
100059d8:	490f      	ldr	r1, [pc, #60]	@ (10005a18 <vendord_xfer_cb+0x80>)
100059da:	b2aa      	uxth	r2, r5
100059dc:	f3af 8000 	nop.w
100059e0:	4630      	mov	r0, r6
100059e2:	490e      	ldr	r1, [pc, #56]	@ (10005a1c <vendord_xfer_cb+0x84>)
100059e4:	f000 f98a 	bl	10005cfc <tu_edpt_stream_read_xfer>
100059e8:	2001      	movs	r0, #1
100059ea:	e7ee      	b.n	100059ca <vendord_xfer_cb+0x32>
100059ec:	f8d4 112c 	ldr.w	r1, [r4, #300]	@ 0x12c
100059f0:	b2aa      	uxth	r2, r5
100059f2:	f504 7098 	add.w	r0, r4, #304	@ 0x130
100059f6:	f000 fb49 	bl	1000608c <tu_fifo_write_n>
100059fa:	e7ea      	b.n	100059d2 <vendord_xfer_cb+0x3a>
100059fc:	462a      	mov	r2, r5
100059fe:	4630      	mov	r0, r6
10005a00:	4903      	ldr	r1, [pc, #12]	@ (10005a10 <vendord_xfer_cb+0x78>)
10005a02:	f000 f90f 	bl	10005c24 <tu_edpt_stream_write_zlp_if_needed>
10005a06:	e7df      	b.n	100059c8 <vendord_xfer_cb+0x30>
10005a08:	20001a9c 	.word	0x20001a9c
10005a0c:	00000000 	.word	0x00000000
10005a10:	20001aa0 	.word	0x20001aa0
10005a14:	00000000 	.word	0x00000000
10005a18:	20001a1c 	.word	0x20001a1c
10005a1c:	20001bc4 	.word	0x20001bc4

10005a20 <tusb_rhport_init>:
10005a20:	b510      	push	{r4, lr}
10005a22:	b082      	sub	sp, #8
10005a24:	b1c9      	cbz	r1, 10005a5a <tusb_rhport_init+0x3a>
10005a26:	2801      	cmp	r0, #1
10005a28:	d80c      	bhi.n	10005a44 <tusb_rhport_init+0x24>
10005a2a:	780b      	ldrb	r3, [r1, #0]
10005a2c:	b153      	cbz	r3, 10005a44 <tusb_rhport_init+0x24>
10005a2e:	4c14      	ldr	r4, [pc, #80]	@ (10005a80 <tusb_rhport_init+0x60>)
10005a30:	2b01      	cmp	r3, #1
10005a32:	5423      	strb	r3, [r4, r0]
10005a34:	d002      	beq.n	10005a3c <tusb_rhport_init+0x1c>
10005a36:	2001      	movs	r0, #1
10005a38:	b002      	add	sp, #8
10005a3a:	bd10      	pop	{r4, pc}
10005a3c:	f7fe fe08 	bl	10004650 <tud_rhport_init>
10005a40:	2800      	cmp	r0, #0
10005a42:	d1f8      	bne.n	10005a36 <tusb_rhport_init+0x16>
10005a44:	f04f 23e0 	mov.w	r3, #3758153728	@ 0xe000e000
10005a48:	f8d3 3df0 	ldr.w	r3, [r3, #3568]	@ 0xdf0
10005a4c:	07db      	lsls	r3, r3, #31
10005a4e:	d402      	bmi.n	10005a56 <tusb_rhport_init+0x36>
10005a50:	2000      	movs	r0, #0
10005a52:	b002      	add	sp, #8
10005a54:	bd10      	pop	{r4, pc}
10005a56:	be00      	bkpt	0x0000
10005a58:	e7fa      	b.n	10005a50 <tusb_rhport_init+0x30>
10005a5a:	2401      	movs	r4, #1
10005a5c:	4608      	mov	r0, r1
10005a5e:	a901      	add	r1, sp, #4
10005a60:	f8ad 4004 	strh.w	r4, [sp, #4]
10005a64:	f7fe fdf4 	bl	10004650 <tud_rhport_init>
10005a68:	b938      	cbnz	r0, 10005a7a <tusb_rhport_init+0x5a>
10005a6a:	f04f 23e0 	mov.w	r3, #3758153728	@ 0xe000e000
10005a6e:	f8d3 3df0 	ldr.w	r3, [r3, #3568]	@ 0xdf0
10005a72:	07da      	lsls	r2, r3, #31
10005a74:	d5ed      	bpl.n	10005a52 <tusb_rhport_init+0x32>
10005a76:	be00      	bkpt	0x0000
10005a78:	e7eb      	b.n	10005a52 <tusb_rhport_init+0x32>
10005a7a:	4b01      	ldr	r3, [pc, #4]	@ (10005a80 <tusb_rhport_init+0x60>)
10005a7c:	701c      	strb	r4, [r3, #0]
10005a7e:	e7e8      	b.n	10005a52 <tusb_rhport_init+0x32>
10005a80:	200018f4 	.word	0x200018f4

10005a84 <tu_edpt_claim>:
10005a84:	b5f8      	push	{r3, r4, r5, r6, r7, lr}
10005a86:	7803      	ldrb	r3, [r0, #0]
10005a88:	f013 0401 	ands.w	r4, r3, #1
10005a8c:	d11a      	bne.n	10005ac4 <tu_edpt_claim+0x40>
10005a8e:	7803      	ldrb	r3, [r0, #0]
10005a90:	4605      	mov	r5, r0
10005a92:	075a      	lsls	r2, r3, #29
10005a94:	f3c3 0780 	ubfx	r7, r3, #2, #1
10005a98:	d501      	bpl.n	10005a9e <tu_edpt_claim+0x1a>
10005a9a:	4620      	mov	r0, r4
10005a9c:	bdf8      	pop	{r3, r4, r5, r6, r7, pc}
10005a9e:	460e      	mov	r6, r1
10005aa0:	f04f 31ff 	mov.w	r1, #4294967295	@ 0xffffffff
10005aa4:	4630      	mov	r0, r6
10005aa6:	f000 fddb 	bl	10006660 <__mutex_enter_timeout_ms_veneer>
10005aaa:	782b      	ldrb	r3, [r5, #0]
10005aac:	f013 0401 	ands.w	r4, r3, #1
10005ab0:	d10b      	bne.n	10005aca <tu_edpt_claim+0x46>
10005ab2:	782b      	ldrb	r3, [r5, #0]
10005ab4:	075b      	lsls	r3, r3, #29
10005ab6:	d409      	bmi.n	10005acc <tu_edpt_claim+0x48>
10005ab8:	782b      	ldrb	r3, [r5, #0]
10005aba:	2401      	movs	r4, #1
10005abc:	f043 0304 	orr.w	r3, r3, #4
10005ac0:	702b      	strb	r3, [r5, #0]
10005ac2:	e003      	b.n	10005acc <tu_edpt_claim+0x48>
10005ac4:	2400      	movs	r4, #0
10005ac6:	4620      	mov	r0, r4
10005ac8:	bdf8      	pop	{r3, r4, r5, r6, r7, pc}
10005aca:	463c      	mov	r4, r7
10005acc:	4630      	mov	r0, r6
10005ace:	f000 fdd7 	bl	10006680 <__mutex_exit_veneer>
10005ad2:	4620      	mov	r0, r4
10005ad4:	bdf8      	pop	{r3, r4, r5, r6, r7, pc}
10005ad6:	bf00      	nop

10005ad8 <tu_edpt_release>:
10005ad8:	b570      	push	{r4, r5, r6, lr}
10005ada:	460c      	mov	r4, r1
10005adc:	4605      	mov	r5, r0
10005ade:	f04f 31ff 	mov.w	r1, #4294967295	@ 0xffffffff
10005ae2:	4620      	mov	r0, r4
10005ae4:	f000 fdbc 	bl	10006660 <__mutex_enter_timeout_ms_veneer>
10005ae8:	782b      	ldrb	r3, [r5, #0]
10005aea:	f3c3 0680 	ubfx	r6, r3, #2, #1
10005aee:	075b      	lsls	r3, r3, #29
10005af0:	d508      	bpl.n	10005b04 <tu_edpt_release+0x2c>
10005af2:	782b      	ldrb	r3, [r5, #0]
10005af4:	f013 0301 	ands.w	r3, r3, #1
10005af8:	bf11      	iteee	ne
10005afa:	2600      	movne	r6, #0
10005afc:	782a      	ldrbeq	r2, [r5, #0]
10005afe:	f363 0282 	bfieq	r2, r3, #2, #1
10005b02:	702a      	strbeq	r2, [r5, #0]
10005b04:	4620      	mov	r0, r4
10005b06:	f000 fdbb 	bl	10006680 <__mutex_exit_veneer>
10005b0a:	4630      	mov	r0, r6
10005b0c:	bd70      	pop	{r4, r5, r6, pc}
10005b0e:	bf00      	nop

10005b10 <tu_edpt_validate>:
10005b10:	78c3      	ldrb	r3, [r0, #3]
10005b12:	8882      	ldrh	r2, [r0, #4]
10005b14:	f003 0003 	and.w	r0, r3, #3
10005b18:	2802      	cmp	r0, #2
10005b1a:	f3c2 020a 	ubfx	r2, r2, #0, #11
10005b1e:	d015      	beq.n	10005b4c <tu_edpt_validate+0x3c>
10005b20:	2803      	cmp	r0, #3
10005b22:	d00a      	beq.n	10005b3a <tu_edpt_validate+0x2a>
10005b24:	2801      	cmp	r0, #1
10005b26:	d11c      	bne.n	10005b62 <tu_edpt_validate+0x52>
10005b28:	2902      	cmp	r1, #2
10005b2a:	f240 33ff 	movw	r3, #1023	@ 0x3ff
10005b2e:	bf08      	it	eq
10005b30:	f44f 6380 	moveq.w	r3, #1024	@ 0x400
10005b34:	4293      	cmp	r3, r2
10005b36:	d30d      	bcc.n	10005b54 <tu_edpt_validate+0x44>
10005b38:	4770      	bx	lr
10005b3a:	2902      	cmp	r1, #2
10005b3c:	bf14      	ite	ne
10005b3e:	2340      	movne	r3, #64	@ 0x40
10005b40:	f44f 6380 	moveq.w	r3, #1024	@ 0x400
10005b44:	4293      	cmp	r3, r2
10005b46:	d305      	bcc.n	10005b54 <tu_edpt_validate+0x44>
10005b48:	2001      	movs	r0, #1
10005b4a:	4770      	bx	lr
10005b4c:	2902      	cmp	r1, #2
10005b4e:	d00a      	beq.n	10005b66 <tu_edpt_validate+0x56>
10005b50:	2a40      	cmp	r2, #64	@ 0x40
10005b52:	d9f9      	bls.n	10005b48 <tu_edpt_validate+0x38>
10005b54:	f04f 23e0 	mov.w	r3, #3758153728	@ 0xe000e000
10005b58:	f8d3 3df0 	ldr.w	r3, [r3, #3568]	@ 0xdf0
10005b5c:	07db      	lsls	r3, r3, #31
10005b5e:	d500      	bpl.n	10005b62 <tu_edpt_validate+0x52>
10005b60:	be00      	bkpt	0x0000
10005b62:	2000      	movs	r0, #0
10005b64:	4770      	bx	lr
10005b66:	f5b2 7f00 	cmp.w	r2, #512	@ 0x200
10005b6a:	d0ed      	beq.n	10005b48 <tu_edpt_validate+0x38>
10005b6c:	e7f2      	b.n	10005b54 <tu_edpt_validate+0x44>
10005b6e:	bf00      	nop

10005b70 <tu_edpt_bind_driver>:
10005b70:	440a      	add	r2, r1
10005b72:	4291      	cmp	r1, r2
10005b74:	d226      	bcs.n	10005bc4 <tu_edpt_bind_driver+0x54>
10005b76:	f891 c001 	ldrb.w	ip, [r1, #1]
10005b7a:	f1bc 0f05 	cmp.w	ip, #5
10005b7e:	d005      	beq.n	10005b8c <tu_edpt_bind_driver+0x1c>
10005b80:	f891 c000 	ldrb.w	ip, [r1]
10005b84:	4461      	add	r1, ip
10005b86:	428a      	cmp	r2, r1
10005b88:	d8f5      	bhi.n	10005b76 <tu_edpt_bind_driver+0x6>
10005b8a:	4770      	bx	lr
10005b8c:	b500      	push	{lr}
10005b8e:	f891 c002 	ldrb.w	ip, [r1, #2]
10005b92:	f00c 0e7f 	and.w	lr, ip, #127	@ 0x7f
10005b96:	eb00 0e4e 	add.w	lr, r0, lr, lsl #1
10005b9a:	ea4f 1cdc 	mov.w	ip, ip, lsr #7
10005b9e:	f80e 300c 	strb.w	r3, [lr, ip]
10005ba2:	f891 c000 	ldrb.w	ip, [r1]
10005ba6:	4461      	add	r1, ip
10005ba8:	428a      	cmp	r2, r1
10005baa:	d909      	bls.n	10005bc0 <tu_edpt_bind_driver+0x50>
10005bac:	f891 c001 	ldrb.w	ip, [r1, #1]
10005bb0:	f1bc 0f05 	cmp.w	ip, #5
10005bb4:	d0eb      	beq.n	10005b8e <tu_edpt_bind_driver+0x1e>
10005bb6:	f891 c000 	ldrb.w	ip, [r1]
10005bba:	4461      	add	r1, ip
10005bbc:	428a      	cmp	r2, r1
10005bbe:	d8f5      	bhi.n	10005bac <tu_edpt_bind_driver+0x3c>
10005bc0:	f85d fb04 	ldr.w	pc, [sp], #4
10005bc4:	4770      	bx	lr
10005bc6:	bf00      	nop

10005bc8 <tu_edpt_stream_init>:
10005bc8:	e92d 41f0 	stmdb	sp!, {r4, r5, r6, r7, r8, lr}
10005bcc:	468e      	mov	lr, r1
10005bce:	b082      	sub	sp, #8
10005bd0:	9300      	str	r3, [sp, #0]
10005bd2:	f890 c000 	ldrb.w	ip, [r0]
10005bd6:	9e08      	ldr	r6, [sp, #32]
10005bd8:	f8bd 7024 	ldrh.w	r7, [sp, #36]	@ 0x24
10005bdc:	f36e 0c00 	bfi	ip, lr, #0, #1
10005be0:	4604      	mov	r4, r0
10005be2:	4615      	mov	r5, r2
10005be4:	2301      	movs	r3, #1
10005be6:	4631      	mov	r1, r6
10005be8:	463a      	mov	r2, r7
10005bea:	f800 cb08 	strb.w	ip, [r0], #8
10005bee:	f8bd 802c 	ldrh.w	r8, [sp, #44]	@ 0x2c
10005bf2:	f000 f8e7 	bl	10005dc4 <tu_fifo_config>
10005bf6:	b106      	cbz	r6, 10005bfa <tu_edpt_stream_init+0x32>
10005bf8:	b93f      	cbnz	r7, 10005c0a <tu_edpt_stream_init+0x42>
10005bfa:	2001      	movs	r0, #1
10005bfc:	9b0a      	ldr	r3, [sp, #40]	@ 0x28
10005bfe:	f8a4 8002 	strh.w	r8, [r4, #2]
10005c02:	6063      	str	r3, [r4, #4]
10005c04:	b002      	add	sp, #8
10005c06:	e8bd 81f0 	ldmia.w	sp!, {r4, r5, r6, r7, r8, pc}
10005c0a:	f104 061c 	add.w	r6, r4, #28
10005c0e:	4630      	mov	r0, r6
10005c10:	f7fb f9ba 	bl	10000f88 <mutex_init>
10005c14:	b10d      	cbz	r5, 10005c1a <tu_edpt_stream_init+0x52>
10005c16:	4635      	mov	r5, r6
10005c18:	2600      	movs	r6, #0
10005c1a:	e9c4 5605 	strd	r5, r6, [r4, #20]
10005c1e:	e7ec      	b.n	10005bfa <tu_edpt_stream_init+0x32>

10005c20 <tu_edpt_stream_deinit>:
10005c20:	2001      	movs	r0, #1
10005c22:	4770      	bx	lr

10005c24 <tu_edpt_stream_write_zlp_if_needed>:
10005c24:	b5f8      	push	{r3, r4, r5, r6, r7, lr}
10005c26:	4607      	mov	r7, r0
10005c28:	4608      	mov	r0, r1
10005c2a:	f240 13ff 	movw	r3, #511	@ 0x1ff
10005c2e:	4615      	mov	r5, r2
10005c30:	f810 2b08 	ldrb.w	r2, [r0], #8
10005c34:	460c      	mov	r4, r1
10005c36:	f012 0f02 	tst.w	r2, #2
10005c3a:	bf0c      	ite	eq
10005c3c:	263f      	moveq	r6, #63	@ 0x3f
10005c3e:	461e      	movne	r6, r3
10005c40:	f000 f8f0 	bl	10005e24 <tu_fifo_count>
10005c44:	b928      	cbnz	r0, 10005c52 <tu_edpt_stream_write_zlp_if_needed+0x2e>
10005c46:	b125      	cbz	r5, 10005c52 <tu_edpt_stream_write_zlp_if_needed+0x2e>
10005c48:	422e      	tst	r6, r5
10005c4a:	d102      	bne.n	10005c52 <tu_edpt_stream_write_zlp_if_needed+0x2e>
10005c4c:	7823      	ldrb	r3, [r4, #0]
10005c4e:	07da      	lsls	r2, r3, #31
10005c50:	d501      	bpl.n	10005c56 <tu_edpt_stream_write_zlp_if_needed+0x32>
10005c52:	2000      	movs	r0, #0
10005c54:	bdf8      	pop	{r3, r4, r5, r6, r7, pc}
10005c56:	4638      	mov	r0, r7
10005c58:	7861      	ldrb	r1, [r4, #1]
10005c5a:	f7ff f9a5 	bl	10004fa8 <usbd_edpt_claim>
10005c5e:	2800      	cmp	r0, #0
10005c60:	d0f7      	beq.n	10005c52 <tu_edpt_stream_write_zlp_if_needed+0x2e>
10005c62:	7823      	ldrb	r3, [r4, #0]
10005c64:	f013 0301 	ands.w	r3, r3, #1
10005c68:	d007      	beq.n	10005c7a <tu_edpt_stream_write_zlp_if_needed+0x56>
10005c6a:	f04f 23e0 	mov.w	r3, #3758153728	@ 0xe000e000
10005c6e:	f8d3 3df0 	ldr.w	r3, [r3, #3568]	@ 0xdf0
10005c72:	07db      	lsls	r3, r3, #31
10005c74:	d5ed      	bpl.n	10005c52 <tu_edpt_stream_write_zlp_if_needed+0x2e>
10005c76:	be00      	bkpt	0x0000
10005c78:	e7eb      	b.n	10005c52 <tu_edpt_stream_write_zlp_if_needed+0x2e>
10005c7a:	461a      	mov	r2, r3
10005c7c:	4638      	mov	r0, r7
10005c7e:	7861      	ldrb	r1, [r4, #1]
10005c80:	f7ff f9b6 	bl	10004ff0 <usbd_edpt_xfer>
10005c84:	2800      	cmp	r0, #0
10005c86:	d0f0      	beq.n	10005c6a <tu_edpt_stream_write_zlp_if_needed+0x46>
10005c88:	bdf8      	pop	{r3, r4, r5, r6, r7, pc}
10005c8a:	bf00      	nop

10005c8c <tu_edpt_stream_write_xfer>:
10005c8c:	b570      	push	{r4, r5, r6, lr}
10005c8e:	f101 0508 	add.w	r5, r1, #8
10005c92:	4606      	mov	r6, r0
10005c94:	4628      	mov	r0, r5
10005c96:	460c      	mov	r4, r1
10005c98:	f000 f8c4 	bl	10005e24 <tu_fifo_count>
10005c9c:	b110      	cbz	r0, 10005ca4 <tu_edpt_stream_write_xfer+0x18>
10005c9e:	7823      	ldrb	r3, [r4, #0]
10005ca0:	07da      	lsls	r2, r3, #31
10005ca2:	d501      	bpl.n	10005ca8 <tu_edpt_stream_write_xfer+0x1c>
10005ca4:	2000      	movs	r0, #0
10005ca6:	bd70      	pop	{r4, r5, r6, pc}
10005ca8:	4630      	mov	r0, r6
10005caa:	7861      	ldrb	r1, [r4, #1]
10005cac:	f7ff f97c 	bl	10004fa8 <usbd_edpt_claim>
10005cb0:	2800      	cmp	r0, #0
10005cb2:	d0f7      	beq.n	10005ca4 <tu_edpt_stream_write_xfer+0x18>
10005cb4:	4628      	mov	r0, r5
10005cb6:	8862      	ldrh	r2, [r4, #2]
10005cb8:	6861      	ldr	r1, [r4, #4]
10005cba:	f000 f929 	bl	10005f10 <tu_fifo_read_n>
10005cbe:	7823      	ldrb	r3, [r4, #0]
10005cc0:	4605      	mov	r5, r0
10005cc2:	f003 0301 	and.w	r3, r3, #1
10005cc6:	b140      	cbz	r0, 10005cda <tu_edpt_stream_write_xfer+0x4e>
10005cc8:	b173      	cbz	r3, 10005ce8 <tu_edpt_stream_write_xfer+0x5c>
10005cca:	f04f 23e0 	mov.w	r3, #3758153728	@ 0xe000e000
10005cce:	f8d3 3df0 	ldr.w	r3, [r3, #3568]	@ 0xdf0
10005cd2:	07db      	lsls	r3, r3, #31
10005cd4:	d5e6      	bpl.n	10005ca4 <tu_edpt_stream_write_xfer+0x18>
10005cd6:	be00      	bkpt	0x0000
10005cd8:	e7e4      	b.n	10005ca4 <tu_edpt_stream_write_xfer+0x18>
10005cda:	2b00      	cmp	r3, #0
10005cdc:	d1e2      	bne.n	10005ca4 <tu_edpt_stream_write_xfer+0x18>
10005cde:	4630      	mov	r0, r6
10005ce0:	7861      	ldrb	r1, [r4, #1]
10005ce2:	f7ff f973 	bl	10004fcc <usbd_edpt_release>
10005ce6:	e7dd      	b.n	10005ca4 <tu_edpt_stream_write_xfer+0x18>
10005ce8:	4603      	mov	r3, r0
10005cea:	6862      	ldr	r2, [r4, #4]
10005cec:	4630      	mov	r0, r6
10005cee:	7861      	ldrb	r1, [r4, #1]
10005cf0:	f7ff f97e 	bl	10004ff0 <usbd_edpt_xfer>
10005cf4:	2800      	cmp	r0, #0
10005cf6:	d0e8      	beq.n	10005cca <tu_edpt_stream_write_xfer+0x3e>
10005cf8:	4628      	mov	r0, r5
10005cfa:	bd70      	pop	{r4, r5, r6, pc}

10005cfc <tu_edpt_stream_read_xfer>:
10005cfc:	898a      	ldrh	r2, [r1, #12]
10005cfe:	e92d 41f0 	stmdb	sp!, {r4, r5, r6, r7, r8, lr}
10005d02:	780b      	ldrb	r3, [r1, #0]
10005d04:	460c      	mov	r4, r1
10005d06:	4606      	mov	r6, r0
10005d08:	b922      	cbnz	r2, 10005d14 <tu_edpt_stream_read_xfer+0x18>
10005d0a:	07dd      	lsls	r5, r3, #31
10005d0c:	d534      	bpl.n	10005d78 <tu_edpt_stream_read_xfer+0x7c>
10005d0e:	2000      	movs	r0, #0
10005d10:	e8bd 81f0 	ldmia.w	sp!, {r4, r5, r6, r7, r8, pc}
10005d14:	f104 0708 	add.w	r7, r4, #8
10005d18:	0799      	lsls	r1, r3, #30
10005d1a:	4638      	mov	r0, r7
10005d1c:	bf47      	ittee	mi
10005d1e:	f44f 487e 	movmi.w	r8, #65024	@ 0xfe00
10005d22:	f44f 7500 	movmi.w	r5, #512	@ 0x200
10005d26:	f64f 78c0 	movwpl	r8, #65472	@ 0xffc0
10005d2a:	2540      	movpl	r5, #64	@ 0x40
10005d2c:	f000 f894 	bl	10005e58 <tu_fifo_remaining>
10005d30:	4285      	cmp	r5, r0
10005d32:	d8ec      	bhi.n	10005d0e <tu_edpt_stream_read_xfer+0x12>
10005d34:	7823      	ldrb	r3, [r4, #0]
10005d36:	07da      	lsls	r2, r3, #31
10005d38:	d4e9      	bmi.n	10005d0e <tu_edpt_stream_read_xfer+0x12>
10005d3a:	4630      	mov	r0, r6
10005d3c:	7861      	ldrb	r1, [r4, #1]
10005d3e:	f7ff f933 	bl	10004fa8 <usbd_edpt_claim>
10005d42:	2800      	cmp	r0, #0
10005d44:	d0e3      	beq.n	10005d0e <tu_edpt_stream_read_xfer+0x12>
10005d46:	4638      	mov	r0, r7
10005d48:	f000 f886 	bl	10005e58 <tu_fifo_remaining>
10005d4c:	7823      	ldrb	r3, [r4, #0]
10005d4e:	4285      	cmp	r5, r0
10005d50:	f003 0301 	and.w	r3, r3, #1
10005d54:	d82d      	bhi.n	10005db2 <tu_edpt_stream_read_xfer+0xb6>
10005d56:	b9bb      	cbnz	r3, 10005d88 <tu_edpt_stream_read_xfer+0x8c>
10005d58:	8865      	ldrh	r5, [r4, #2]
10005d5a:	ea08 0800 	and.w	r8, r8, r0
10005d5e:	4545      	cmp	r5, r8
10005d60:	bf28      	it	cs
10005d62:	4645      	movcs	r5, r8
10005d64:	7861      	ldrb	r1, [r4, #1]
10005d66:	b35d      	cbz	r5, 10005dc0 <tu_edpt_stream_read_xfer+0xc4>
10005d68:	6862      	ldr	r2, [r4, #4]
10005d6a:	462b      	mov	r3, r5
10005d6c:	4630      	mov	r0, r6
10005d6e:	f7ff f93f 	bl	10004ff0 <usbd_edpt_xfer>
10005d72:	b148      	cbz	r0, 10005d88 <tu_edpt_stream_read_xfer+0x8c>
10005d74:	4628      	mov	r0, r5
10005d76:	e7cb      	b.n	10005d10 <tu_edpt_stream_read_xfer+0x14>
10005d78:	7849      	ldrb	r1, [r1, #1]
10005d7a:	f7ff f915 	bl	10004fa8 <usbd_edpt_claim>
10005d7e:	2800      	cmp	r0, #0
10005d80:	d0c5      	beq.n	10005d0e <tu_edpt_stream_read_xfer+0x12>
10005d82:	7823      	ldrb	r3, [r4, #0]
10005d84:	07d8      	lsls	r0, r3, #31
10005d86:	d507      	bpl.n	10005d98 <tu_edpt_stream_read_xfer+0x9c>
10005d88:	f04f 23e0 	mov.w	r3, #3758153728	@ 0xe000e000
10005d8c:	f8d3 3df0 	ldr.w	r3, [r3, #3568]	@ 0xdf0
10005d90:	07db      	lsls	r3, r3, #31
10005d92:	d5bc      	bpl.n	10005d0e <tu_edpt_stream_read_xfer+0x12>
10005d94:	be00      	bkpt	0x0000
10005d96:	e7ba      	b.n	10005d0e <tu_edpt_stream_read_xfer+0x12>
10005d98:	8863      	ldrh	r3, [r4, #2]
10005d9a:	7861      	ldrb	r1, [r4, #1]
10005d9c:	b13b      	cbz	r3, 10005dae <tu_edpt_stream_read_xfer+0xb2>
10005d9e:	6862      	ldr	r2, [r4, #4]
10005da0:	4630      	mov	r0, r6
10005da2:	f7ff f925 	bl	10004ff0 <usbd_edpt_xfer>
10005da6:	2800      	cmp	r0, #0
10005da8:	d0ee      	beq.n	10005d88 <tu_edpt_stream_read_xfer+0x8c>
10005daa:	8860      	ldrh	r0, [r4, #2]
10005dac:	e7b0      	b.n	10005d10 <tu_edpt_stream_read_xfer+0x14>
10005dae:	461a      	mov	r2, r3
10005db0:	e7f6      	b.n	10005da0 <tu_edpt_stream_read_xfer+0xa4>
10005db2:	2b00      	cmp	r3, #0
10005db4:	d1ab      	bne.n	10005d0e <tu_edpt_stream_read_xfer+0x12>
10005db6:	4630      	mov	r0, r6
10005db8:	7861      	ldrb	r1, [r4, #1]
10005dba:	f7ff f907 	bl	10004fcc <usbd_edpt_release>
10005dbe:	e7a6      	b.n	10005d0e <tu_edpt_stream_read_xfer+0x12>
10005dc0:	462a      	mov	r2, r5
10005dc2:	e7d2      	b.n	10005d6a <tu_edpt_stream_read_xfer+0x6e>

10005dc4 <tu_fifo_config>:
10005dc4:	e92d 41f0 	stmdb	sp!, {r4, r5, r6, r7, r8, lr}
10005dc8:	f5b2 4f00 	cmp.w	r2, #32768	@ 0x8000
10005dcc:	f89d 8018 	ldrb.w	r8, [sp, #24]
10005dd0:	d824      	bhi.n	10005e1c <tu_fifo_config+0x58>
10005dd2:	4604      	mov	r4, r0
10005dd4:	68c0      	ldr	r0, [r0, #12]
10005dd6:	4617      	mov	r7, r2
10005dd8:	460e      	mov	r6, r1
10005dda:	461d      	mov	r5, r3
10005ddc:	b118      	cbz	r0, 10005de6 <tu_fifo_config+0x22>
10005dde:	f04f 31ff 	mov.w	r1, #4294967295	@ 0xffffffff
10005de2:	f000 fc3d 	bl	10006660 <__mutex_enter_timeout_ms_veneer>
10005de6:	6920      	ldr	r0, [r4, #16]
10005de8:	b118      	cbz	r0, 10005df2 <tu_fifo_config+0x2e>
10005dea:	f04f 31ff 	mov.w	r1, #4294967295	@ 0xffffffff
10005dee:	f000 fc37 	bl	10006660 <__mutex_enter_timeout_ms_veneer>
10005df2:	2200      	movs	r2, #0
10005df4:	f3c5 030e 	ubfx	r3, r5, #0, #15
10005df8:	68e0      	ldr	r0, [r4, #12]
10005dfa:	ea43 33c8 	orr.w	r3, r3, r8, lsl #15
10005dfe:	8162      	strh	r2, [r4, #10]
10005e00:	6026      	str	r6, [r4, #0]
10005e02:	80a7      	strh	r7, [r4, #4]
10005e04:	80e3      	strh	r3, [r4, #6]
10005e06:	8122      	strh	r2, [r4, #8]
10005e08:	b108      	cbz	r0, 10005e0e <tu_fifo_config+0x4a>
10005e0a:	f000 fc39 	bl	10006680 <__mutex_exit_veneer>
10005e0e:	6920      	ldr	r0, [r4, #16]
10005e10:	b108      	cbz	r0, 10005e16 <tu_fifo_config+0x52>
10005e12:	f000 fc35 	bl	10006680 <__mutex_exit_veneer>
10005e16:	2001      	movs	r0, #1
10005e18:	e8bd 81f0 	ldmia.w	sp!, {r4, r5, r6, r7, r8, pc}
10005e1c:	2000      	movs	r0, #0
10005e1e:	e8bd 81f0 	ldmia.w	sp!, {r4, r5, r6, r7, r8, pc}
10005e22:	bf00      	nop

10005e24 <tu_fifo_count>:
10005e24:	8903      	ldrh	r3, [r0, #8]
10005e26:	8942      	ldrh	r2, [r0, #10]
10005e28:	b29b      	uxth	r3, r3
10005e2a:	b292      	uxth	r2, r2
10005e2c:	8880      	ldrh	r0, [r0, #4]
10005e2e:	4293      	cmp	r3, r2
10005e30:	bf36      	itet	cc
10005e32:	ebc2 0240 	rsbcc	r2, r2, r0, lsl #1
10005e36:	1a9b      	subcs	r3, r3, r2
10005e38:	189b      	addcc	r3, r3, r2
10005e3a:	b29b      	uxth	r3, r3
10005e3c:	4298      	cmp	r0, r3
10005e3e:	bf28      	it	cs
10005e40:	4618      	movcs	r0, r3
10005e42:	4770      	bx	lr

10005e44 <tu_fifo_empty>:
10005e44:	8902      	ldrh	r2, [r0, #8]
10005e46:	8943      	ldrh	r3, [r0, #10]
10005e48:	b290      	uxth	r0, r2
10005e4a:	b29b      	uxth	r3, r3
10005e4c:	1ac0      	subs	r0, r0, r3
10005e4e:	fab0 f080 	clz	r0, r0
10005e52:	0940      	lsrs	r0, r0, #5
10005e54:	4770      	bx	lr
10005e56:	bf00      	nop

10005e58 <tu_fifo_remaining>:
10005e58:	8903      	ldrh	r3, [r0, #8]
10005e5a:	8942      	ldrh	r2, [r0, #10]
10005e5c:	b29b      	uxth	r3, r3
10005e5e:	8880      	ldrh	r0, [r0, #4]
10005e60:	b292      	uxth	r2, r2
10005e62:	4293      	cmp	r3, r2
10005e64:	bf36      	itet	cc
10005e66:	ebc2 0240 	rsbcc	r2, r2, r0, lsl #1
10005e6a:	1a9b      	subcs	r3, r3, r2
10005e6c:	189b      	addcc	r3, r3, r2
10005e6e:	b29b      	uxth	r3, r3
10005e70:	4298      	cmp	r0, r3
10005e72:	bf86      	itte	hi
10005e74:	1ac0      	subhi	r0, r0, r3
10005e76:	b280      	uxthhi	r0, r0
10005e78:	2000      	movls	r0, #0
10005e7a:	4770      	bx	lr

10005e7c <tu_fifo_read>:
10005e7c:	b538      	push	{r3, r4, r5, lr}
10005e7e:	4604      	mov	r4, r0
10005e80:	6900      	ldr	r0, [r0, #16]
10005e82:	460d      	mov	r5, r1
10005e84:	b118      	cbz	r0, 10005e8e <tu_fifo_read+0x12>
10005e86:	f04f 31ff 	mov.w	r1, #4294967295	@ 0xffffffff
10005e8a:	f000 fbe9 	bl	10006660 <__mutex_enter_timeout_ms_veneer>
10005e8e:	8921      	ldrh	r1, [r4, #8]
10005e90:	8963      	ldrh	r3, [r4, #10]
10005e92:	b289      	uxth	r1, r1
10005e94:	b29b      	uxth	r3, r3
10005e96:	88a2      	ldrh	r2, [r4, #4]
10005e98:	4299      	cmp	r1, r3
10005e9a:	bf36      	itet	cc
10005e9c:	ebc3 0042 	rsbcc	r0, r3, r2, lsl #1
10005ea0:	1ac8      	subcs	r0, r1, r3
10005ea2:	1840      	addcc	r0, r0, r1
10005ea4:	b280      	uxth	r0, r0
10005ea6:	b350      	cbz	r0, 10005efe <tu_fifo_read+0x82>
10005ea8:	4282      	cmp	r2, r0
10005eaa:	d209      	bcs.n	10005ec0 <tu_fifo_read+0x44>
10005eac:	4291      	cmp	r1, r2
10005eae:	bf2c      	ite	cs
10005eb0:	1a89      	subcs	r1, r1, r2
10005eb2:	1889      	addcc	r1, r1, r2
10005eb4:	b28b      	uxth	r3, r1
10005eb6:	429a      	cmp	r2, r3
10005eb8:	8163      	strh	r3, [r4, #10]
10005eba:	d803      	bhi.n	10005ec4 <tu_fifo_read+0x48>
10005ebc:	1a9b      	subs	r3, r3, r2
10005ebe:	b29b      	uxth	r3, r3
10005ec0:	429a      	cmp	r2, r3
10005ec2:	d9fb      	bls.n	10005ebc <tu_fifo_read+0x40>
10005ec4:	88e2      	ldrh	r2, [r4, #6]
10005ec6:	6821      	ldr	r1, [r4, #0]
10005ec8:	f3c2 020e 	ubfx	r2, r2, #0, #15
10005ecc:	fb02 1103 	mla	r1, r2, r3, r1
10005ed0:	4628      	mov	r0, r5
10005ed2:	f000 fb1f 	bl	10006514 <memcpy>
10005ed6:	8961      	ldrh	r1, [r4, #10]
10005ed8:	2501      	movs	r5, #1
10005eda:	b289      	uxth	r1, r1
10005edc:	1c4b      	adds	r3, r1, #1
10005ede:	b29b      	uxth	r3, r3
10005ee0:	4299      	cmp	r1, r3
10005ee2:	88a2      	ldrh	r2, [r4, #4]
10005ee4:	d90e      	bls.n	10005f04 <tu_fifo_read+0x88>
10005ee6:	2300      	movs	r3, #0
10005ee8:	fa02 f105 	lsl.w	r1, r2, r5
10005eec:	1a5b      	subs	r3, r3, r1
10005eee:	b29b      	uxth	r3, r3
10005ef0:	6920      	ldr	r0, [r4, #16]
10005ef2:	8163      	strh	r3, [r4, #10]
10005ef4:	b108      	cbz	r0, 10005efa <tu_fifo_read+0x7e>
10005ef6:	f000 fbc3 	bl	10006680 <__mutex_exit_veneer>
10005efa:	4628      	mov	r0, r5
10005efc:	bd38      	pop	{r3, r4, r5, pc}
10005efe:	4605      	mov	r5, r0
10005f00:	8963      	ldrh	r3, [r4, #10]
10005f02:	b29b      	uxth	r3, r3
10005f04:	ebb3 0f42 	cmp.w	r3, r2, lsl #1
10005f08:	ea4f 0142 	mov.w	r1, r2, lsl #1
10005f0c:	dbf0      	blt.n	10005ef0 <tu_fifo_read+0x74>
10005f0e:	e7ed      	b.n	10005eec <tu_fifo_read+0x70>

10005f10 <tu_fifo_read_n>:
10005f10:	e92d 47f0 	stmdb	sp!, {r4, r5, r6, r7, r8, r9, sl, lr}
10005f14:	4606      	mov	r6, r0
10005f16:	6900      	ldr	r0, [r0, #16]
10005f18:	4688      	mov	r8, r1
10005f1a:	4691      	mov	r9, r2
10005f1c:	b118      	cbz	r0, 10005f26 <tu_fifo_read_n+0x16>
10005f1e:	f04f 31ff 	mov.w	r1, #4294967295	@ 0xffffffff
10005f22:	f000 fb9d 	bl	10006660 <__mutex_enter_timeout_ms_veneer>
10005f26:	8933      	ldrh	r3, [r6, #8]
10005f28:	8974      	ldrh	r4, [r6, #10]
10005f2a:	b29b      	uxth	r3, r3
10005f2c:	b2a4      	uxth	r4, r4
10005f2e:	88b5      	ldrh	r5, [r6, #4]
10005f30:	42a3      	cmp	r3, r4
10005f32:	bf36      	itet	cc
10005f34:	ebc4 0745 	rsbcc	r7, r4, r5, lsl #1
10005f38:	1b1f      	subcs	r7, r3, r4
10005f3a:	18ff      	addcc	r7, r7, r3
10005f3c:	b2bf      	uxth	r7, r7
10005f3e:	2f00      	cmp	r7, #0
10005f40:	d04a      	beq.n	10005fd8 <tu_fifo_read_n+0xc8>
10005f42:	42bd      	cmp	r5, r7
10005f44:	d340      	bcc.n	10005fc8 <tu_fifo_read_n+0xb8>
10005f46:	45b9      	cmp	r9, r7
10005f48:	bf28      	it	cs
10005f4a:	46b9      	movcs	r9, r7
10005f4c:	42a5      	cmp	r5, r4
10005f4e:	fa1f f789 	uxth.w	r7, r9
10005f52:	d803      	bhi.n	10005f5c <tu_fifo_read_n+0x4c>
10005f54:	1b64      	subs	r4, r4, r5
10005f56:	b2a4      	uxth	r4, r4
10005f58:	42a5      	cmp	r5, r4
10005f5a:	d9fb      	bls.n	10005f54 <tu_fifo_read_n+0x44>
10005f5c:	f8b6 a006 	ldrh.w	sl, [r6, #6]
10005f60:	1b2b      	subs	r3, r5, r4
10005f62:	6831      	ldr	r1, [r6, #0]
10005f64:	b29b      	uxth	r3, r3
10005f66:	f3ca 020e 	ubfx	r2, sl, #0, #15
10005f6a:	429f      	cmp	r7, r3
10005f6c:	4692      	mov	sl, r2
10005f6e:	fb02 1104 	mla	r1, r2, r4, r1
10005f72:	d923      	bls.n	10005fbc <tu_fifo_read_n+0xac>
10005f74:	fb13 f302 	smulbb	r3, r3, r2
10005f78:	fa1f f983 	uxth.w	r9, r3
10005f7c:	464a      	mov	r2, r9
10005f7e:	4640      	mov	r0, r8
10005f80:	1b7d      	subs	r5, r7, r5
10005f82:	f000 fac7 	bl	10006514 <memcpy>
10005f86:	1962      	adds	r2, r4, r5
10005f88:	fb12 f20a 	smulbb	r2, r2, sl
10005f8c:	6831      	ldr	r1, [r6, #0]
10005f8e:	eb08 0009 	add.w	r0, r8, r9
10005f92:	b292      	uxth	r2, r2
10005f94:	f000 fabe 	bl	10006514 <memcpy>
10005f98:	8972      	ldrh	r2, [r6, #10]
10005f9a:	88b5      	ldrh	r5, [r6, #4]
10005f9c:	b292      	uxth	r2, r2
10005f9e:	19d3      	adds	r3, r2, r7
10005fa0:	b29b      	uxth	r3, r3
10005fa2:	429a      	cmp	r2, r3
10005fa4:	d91a      	bls.n	10005fdc <tu_fifo_read_n+0xcc>
10005fa6:	006a      	lsls	r2, r5, #1
10005fa8:	1a9b      	subs	r3, r3, r2
10005faa:	b29b      	uxth	r3, r3
10005fac:	6930      	ldr	r0, [r6, #16]
10005fae:	8173      	strh	r3, [r6, #10]
10005fb0:	b108      	cbz	r0, 10005fb6 <tu_fifo_read_n+0xa6>
10005fb2:	f000 fb65 	bl	10006680 <__mutex_exit_veneer>
10005fb6:	4638      	mov	r0, r7
10005fb8:	e8bd 87f0 	ldmia.w	sp!, {r4, r5, r6, r7, r8, r9, sl, pc}
10005fbc:	4640      	mov	r0, r8
10005fbe:	fb07 f202 	mul.w	r2, r7, r2
10005fc2:	f000 faa7 	bl	10006514 <memcpy>
10005fc6:	e7e7      	b.n	10005f98 <tu_fifo_read_n+0x88>
10005fc8:	42ab      	cmp	r3, r5
10005fca:	bf2c      	ite	cs
10005fcc:	1b5b      	subcs	r3, r3, r5
10005fce:	195b      	addcc	r3, r3, r5
10005fd0:	b29c      	uxth	r4, r3
10005fd2:	462f      	mov	r7, r5
10005fd4:	8174      	strh	r4, [r6, #10]
10005fd6:	e7b6      	b.n	10005f46 <tu_fifo_read_n+0x36>
10005fd8:	8973      	ldrh	r3, [r6, #10]
10005fda:	b29b      	uxth	r3, r3
10005fdc:	ebb3 0f45 	cmp.w	r3, r5, lsl #1
10005fe0:	ea4f 0245 	mov.w	r2, r5, lsl #1
10005fe4:	dbe2      	blt.n	10005fac <tu_fifo_read_n+0x9c>
10005fe6:	e7df      	b.n	10005fa8 <tu_fifo_read_n+0x98>

10005fe8 <tu_fifo_write>:
10005fe8:	b5f8      	push	{r3, r4, r5, r6, r7, lr}
10005fea:	4604      	mov	r4, r0
10005fec:	68c0      	ldr	r0, [r0, #12]
10005fee:	460e      	mov	r6, r1
10005ff0:	b118      	cbz	r0, 10005ffa <tu_fifo_write+0x12>
10005ff2:	f04f 31ff 	mov.w	r1, #4294967295	@ 0xffffffff
10005ff6:	f000 fb33 	bl	10006660 <__mutex_enter_timeout_ms_veneer>
10005ffa:	8925      	ldrh	r5, [r4, #8]
10005ffc:	8923      	ldrh	r3, [r4, #8]
10005ffe:	8961      	ldrh	r1, [r4, #10]
10006000:	b29b      	uxth	r3, r3
10006002:	b289      	uxth	r1, r1
10006004:	88a2      	ldrh	r2, [r4, #4]
10006006:	428b      	cmp	r3, r1
10006008:	bf36      	itet	cc
1000600a:	ebc1 0142 	rsbcc	r1, r1, r2, lsl #1
1000600e:	1a5b      	subcs	r3, r3, r1
10006010:	185b      	addcc	r3, r3, r1
10006012:	b29b      	uxth	r3, r3
10006014:	429a      	cmp	r2, r3
10006016:	b2ad      	uxth	r5, r5
10006018:	d808      	bhi.n	1000602c <tu_fifo_write+0x44>
1000601a:	79e7      	ldrb	r7, [r4, #7]
1000601c:	09ff      	lsrs	r7, r7, #7
1000601e:	d105      	bne.n	1000602c <tu_fifo_write+0x44>
10006020:	68e0      	ldr	r0, [r4, #12]
10006022:	b108      	cbz	r0, 10006028 <tu_fifo_write+0x40>
10006024:	f000 fb2c 	bl	10006680 <__mutex_exit_veneer>
10006028:	4638      	mov	r0, r7
1000602a:	bdf8      	pop	{r3, r4, r5, r6, r7, pc}
1000602c:	4295      	cmp	r5, r2
1000602e:	bf28      	it	cs
10006030:	462b      	movcs	r3, r5
10006032:	d318      	bcc.n	10006066 <tu_fifo_write+0x7e>
10006034:	1a9b      	subs	r3, r3, r2
10006036:	b29b      	uxth	r3, r3
10006038:	4293      	cmp	r3, r2
1000603a:	d2fb      	bcs.n	10006034 <tu_fifo_write+0x4c>
1000603c:	88e2      	ldrh	r2, [r4, #6]
1000603e:	6820      	ldr	r0, [r4, #0]
10006040:	f3c2 020e 	ubfx	r2, r2, #0, #15
10006044:	fb02 0003 	mla	r0, r2, r3, r0
10006048:	4631      	mov	r1, r6
1000604a:	f000 fa63 	bl	10006514 <memcpy>
1000604e:	1c6b      	adds	r3, r5, #1
10006050:	b29b      	uxth	r3, r3
10006052:	429d      	cmp	r5, r3
10006054:	88a2      	ldrh	r2, [r4, #4]
10006056:	d912      	bls.n	1000607e <tu_fifo_write+0x96>
10006058:	2300      	movs	r3, #0
1000605a:	0051      	lsls	r1, r2, #1
1000605c:	1a5b      	subs	r3, r3, r1
1000605e:	b29b      	uxth	r3, r3
10006060:	2701      	movs	r7, #1
10006062:	8123      	strh	r3, [r4, #8]
10006064:	e7dc      	b.n	10006020 <tu_fifo_write+0x38>
10006066:	88e2      	ldrh	r2, [r4, #6]
10006068:	6820      	ldr	r0, [r4, #0]
1000606a:	f3c2 020e 	ubfx	r2, r2, #0, #15
1000606e:	fb05 0002 	mla	r0, r5, r2, r0
10006072:	4631      	mov	r1, r6
10006074:	f000 fa4e 	bl	10006514 <memcpy>
10006078:	3501      	adds	r5, #1
1000607a:	88a2      	ldrh	r2, [r4, #4]
1000607c:	b2ab      	uxth	r3, r5
1000607e:	ebb3 0f42 	cmp.w	r3, r2, lsl #1
10006082:	ea4f 0142 	mov.w	r1, r2, lsl #1
10006086:	dbeb      	blt.n	10006060 <tu_fifo_write+0x78>
10006088:	e7e8      	b.n	1000605c <tu_fifo_write+0x74>
1000608a:	bf00      	nop

1000608c <tu_fifo_write_n>:
1000608c:	e92d 4ff0 	stmdb	sp!, {r4, r5, r6, r7, r8, r9, sl, fp, lr}
10006090:	4617      	mov	r7, r2
10006092:	b083      	sub	sp, #12
10006094:	2a00      	cmp	r2, #0
10006096:	d075      	beq.n	10006184 <tu_fifo_write_n+0xf8>
10006098:	4606      	mov	r6, r0
1000609a:	68c0      	ldr	r0, [r0, #12]
1000609c:	4689      	mov	r9, r1
1000609e:	b118      	cbz	r0, 100060a8 <tu_fifo_write_n+0x1c>
100060a0:	f04f 31ff 	mov.w	r1, #4294967295	@ 0xffffffff
100060a4:	f000 fadc 	bl	10006660 <__mutex_enter_timeout_ms_veneer>
100060a8:	79f3      	ldrb	r3, [r6, #7]
100060aa:	f8b6 8008 	ldrh.w	r8, [r6, #8]
100060ae:	8972      	ldrh	r2, [r6, #10]
100060b0:	09db      	lsrs	r3, r3, #7
100060b2:	88b5      	ldrh	r5, [r6, #4]
100060b4:	fa1f f888 	uxth.w	r8, r8
100060b8:	b292      	uxth	r2, r2
100060ba:	d13c      	bne.n	10006136 <tu_fifo_write_n+0xaa>
100060bc:	4590      	cmp	r8, r2
100060be:	bf36      	itet	cc
100060c0:	ebc2 0245 	rsbcc	r2, r2, r5, lsl #1
100060c4:	eba8 0202 	subcs.w	r2, r8, r2
100060c8:	4442      	addcc	r2, r8
100060ca:	b292      	uxth	r2, r2
100060cc:	42aa      	cmp	r2, r5
100060ce:	d25e      	bcs.n	1000618e <tu_fifo_write_n+0x102>
100060d0:	1aaa      	subs	r2, r5, r2
100060d2:	b292      	uxth	r2, r2
100060d4:	42ba      	cmp	r2, r7
100060d6:	bf28      	it	cs
100060d8:	463a      	movcs	r2, r7
100060da:	f8b6 b006 	ldrh.w	fp, [r6, #6]
100060de:	b297      	uxth	r7, r2
100060e0:	1b7b      	subs	r3, r7, r5
100060e2:	eb08 0a07 	add.w	sl, r8, r7
100060e6:	f3cb 0b0e 	ubfx	fp, fp, #0, #15
100060ea:	b29b      	uxth	r3, r3
100060ec:	fa1f fa8a 	uxth.w	sl, sl
100060f0:	45a8      	cmp	r8, r5
100060f2:	4644      	mov	r4, r8
100060f4:	d303      	bcc.n	100060fe <tu_fifo_write_n+0x72>
100060f6:	1b64      	subs	r4, r4, r5
100060f8:	b2a4      	uxth	r4, r4
100060fa:	42ac      	cmp	r4, r5
100060fc:	d2fb      	bcs.n	100060f6 <tu_fifo_write_n+0x6a>
100060fe:	1b2d      	subs	r5, r5, r4
10006100:	6830      	ldr	r0, [r6, #0]
10006102:	b2ad      	uxth	r5, r5
10006104:	42bd      	cmp	r5, r7
10006106:	fb0b 0004 	mla	r0, fp, r4, r0
1000610a:	d357      	bcc.n	100061bc <tu_fifo_write_n+0x130>
1000610c:	4649      	mov	r1, r9
1000610e:	fb0b f207 	mul.w	r2, fp, r7
10006112:	f000 f9ff 	bl	10006514 <memcpy>
10006116:	88b2      	ldrh	r2, [r6, #4]
10006118:	45d0      	cmp	r8, sl
1000611a:	ea4f 0342 	mov.w	r3, r2, lsl #1
1000611e:	d802      	bhi.n	10006126 <tu_fifo_write_n+0x9a>
10006120:	ebba 0f42 	cmp.w	sl, r2, lsl #1
10006124:	db03      	blt.n	1000612e <tu_fifo_write_n+0xa2>
10006126:	ebaa 0303 	sub.w	r3, sl, r3
1000612a:	fa1f fa83 	uxth.w	sl, r3
1000612e:	463d      	mov	r5, r7
10006130:	f8a6 a008 	strh.w	sl, [r6, #8]
10006134:	e02c      	b.n	10006190 <tu_fifo_write_n+0x104>
10006136:	f8b6 b006 	ldrh.w	fp, [r6, #6]
1000613a:	42af      	cmp	r7, r5
1000613c:	f3cb 0b0e 	ubfx	fp, fp, #0, #15
10006140:	d22f      	bcs.n	100061a2 <tu_fifo_write_n+0x116>
10006142:	4590      	cmp	r8, r2
10006144:	bf36      	itet	cc
10006146:	ebc2 0145 	rsbcc	r1, r2, r5, lsl #1
1000614a:	eba8 0102 	subcs.w	r1, r8, r2
1000614e:	4441      	addcc	r1, r8
10006150:	b289      	uxth	r1, r1
10006152:	0068      	lsls	r0, r5, #1
10006154:	4439      	add	r1, r7
10006156:	1b7b      	subs	r3, r7, r5
10006158:	4281      	cmp	r1, r0
1000615a:	b29b      	uxth	r3, r3
1000615c:	db0d      	blt.n	1000617a <tu_fifo_write_n+0xee>
1000615e:	eb02 0a05 	add.w	sl, r2, r5
10006162:	fa1f fa8a 	uxth.w	sl, sl
10006166:	ebaa 0807 	sub.w	r8, sl, r7
1000616a:	fa1f f888 	uxth.w	r8, r8
1000616e:	4542      	cmp	r2, r8
10006170:	d937      	bls.n	100061e2 <tu_fifo_write_n+0x156>
10006172:	eba8 0000 	sub.w	r0, r8, r0
10006176:	fa1f f880 	uxth.w	r8, r0
1000617a:	eb07 0a08 	add.w	sl, r7, r8
1000617e:	fa1f fa8a 	uxth.w	sl, sl
10006182:	e7b5      	b.n	100060f0 <tu_fifo_write_n+0x64>
10006184:	4615      	mov	r5, r2
10006186:	4628      	mov	r0, r5
10006188:	b003      	add	sp, #12
1000618a:	e8bd 8ff0 	ldmia.w	sp!, {r4, r5, r6, r7, r8, r9, sl, fp, pc}
1000618e:	2500      	movs	r5, #0
10006190:	68f0      	ldr	r0, [r6, #12]
10006192:	2800      	cmp	r0, #0
10006194:	d0f7      	beq.n	10006186 <tu_fifo_write_n+0xfa>
10006196:	f000 fa73 	bl	10006680 <__mutex_exit_veneer>
1000619a:	4628      	mov	r0, r5
1000619c:	b003      	add	sp, #12
1000619e:	e8bd 8ff0 	ldmia.w	sp!, {r4, r5, r6, r7, r8, r9, sl, fp, pc}
100061a2:	2d00      	cmp	r5, #0
100061a4:	d0f4      	beq.n	10006190 <tu_fifo_write_n+0x104>
100061a6:	1b7f      	subs	r7, r7, r5
100061a8:	eb02 0a05 	add.w	sl, r2, r5
100061ac:	fb0b 9907 	mla	r9, fp, r7, r9
100061b0:	4690      	mov	r8, r2
100061b2:	462f      	mov	r7, r5
100061b4:	2300      	movs	r3, #0
100061b6:	fa1f fa8a 	uxth.w	sl, sl
100061ba:	e799      	b.n	100060f0 <tu_fifo_write_n+0x64>
100061bc:	fb15 f50b 	smulbb	r5, r5, fp
100061c0:	b2ad      	uxth	r5, r5
100061c2:	462a      	mov	r2, r5
100061c4:	4649      	mov	r1, r9
100061c6:	9301      	str	r3, [sp, #4]
100061c8:	f000 f9a4 	bl	10006514 <memcpy>
100061cc:	9b01      	ldr	r3, [sp, #4]
100061ce:	6830      	ldr	r0, [r6, #0]
100061d0:	18e2      	adds	r2, r4, r3
100061d2:	fb12 f20b 	smulbb	r2, r2, fp
100061d6:	eb09 0105 	add.w	r1, r9, r5
100061da:	b292      	uxth	r2, r2
100061dc:	f000 f99a 	bl	10006514 <memcpy>
100061e0:	e799      	b.n	10006116 <tu_fifo_write_n+0x8a>
100061e2:	4540      	cmp	r0, r8
100061e4:	dc84      	bgt.n	100060f0 <tu_fifo_write_n+0x64>
100061e6:	e7c4      	b.n	10006172 <tu_fifo_write_n+0xe6>

100061e8 <tu_fifo_clear>:
100061e8:	b510      	push	{r4, lr}
100061ea:	4604      	mov	r4, r0
100061ec:	68c0      	ldr	r0, [r0, #12]
100061ee:	b118      	cbz	r0, 100061f8 <tu_fifo_clear+0x10>
100061f0:	f04f 31ff 	mov.w	r1, #4294967295	@ 0xffffffff
100061f4:	f000 fa34 	bl	10006660 <__mutex_enter_timeout_ms_veneer>
100061f8:	6920      	ldr	r0, [r4, #16]
100061fa:	b118      	cbz	r0, 10006204 <tu_fifo_clear+0x1c>
100061fc:	f04f 31ff 	mov.w	r1, #4294967295	@ 0xffffffff
10006200:	f000 fa2e 	bl	10006660 <__mutex_enter_timeout_ms_veneer>
10006204:	2300      	movs	r3, #0
10006206:	68e0      	ldr	r0, [r4, #12]
10006208:	8163      	strh	r3, [r4, #10]
1000620a:	8123      	strh	r3, [r4, #8]
1000620c:	b108      	cbz	r0, 10006212 <tu_fifo_clear+0x2a>
1000620e:	f000 fa37 	bl	10006680 <__mutex_exit_veneer>
10006212:	6920      	ldr	r0, [r4, #16]
10006214:	b108      	cbz	r0, 1000621a <tu_fifo_clear+0x32>
10006216:	f000 fa33 	bl	10006680 <__mutex_exit_veneer>
1000621a:	2001      	movs	r0, #1
1000621c:	bd10      	pop	{r4, pc}
1000621e:	bf00      	nop

10006220 <tu_fifo_set_overwritable>:
10006220:	b538      	push	{r3, r4, r5, lr}
10006222:	4604      	mov	r4, r0
10006224:	68c0      	ldr	r0, [r0, #12]
10006226:	460d      	mov	r5, r1
10006228:	b118      	cbz	r0, 10006232 <tu_fifo_set_overwritable+0x12>
1000622a:	f04f 31ff 	mov.w	r1, #4294967295	@ 0xffffffff
1000622e:	f000 fa17 	bl	10006660 <__mutex_enter_timeout_ms_veneer>
10006232:	6920      	ldr	r0, [r4, #16]
10006234:	b118      	cbz	r0, 1000623e <tu_fifo_set_overwritable+0x1e>
10006236:	f04f 31ff 	mov.w	r1, #4294967295	@ 0xffffffff
1000623a:	f000 fa11 	bl	10006660 <__mutex_enter_timeout_ms_veneer>
1000623e:	79e3      	ldrb	r3, [r4, #7]
10006240:	68e0      	ldr	r0, [r4, #12]
10006242:	f365 13c7 	bfi	r3, r5, #7, #1
10006246:	71e3      	strb	r3, [r4, #7]
10006248:	b108      	cbz	r0, 1000624e <tu_fifo_set_overwritable+0x2e>
1000624a:	f000 fa19 	bl	10006680 <__mutex_exit_veneer>
1000624e:	6920      	ldr	r0, [r4, #16]
10006250:	b108      	cbz	r0, 10006256 <tu_fifo_set_overwritable+0x36>
10006252:	f000 fa15 	bl	10006680 <__mutex_exit_veneer>
10006256:	2001      	movs	r0, #1
10006258:	bd38      	pop	{r3, r4, r5, pc}
1000625a:	bf00      	nop

1000625c <i2c_read_blocking_internal.constprop.0>:
1000625c:	b570      	push	{r4, r5, r6, lr}
1000625e:	2500      	movs	r5, #0
10006260:	2601      	movs	r6, #1
10006262:	6804      	ldr	r4, [r0, #0]
10006264:	2b00      	cmp	r3, #0
10006266:	66e5      	str	r5, [r4, #108]	@ 0x6c
10006268:	4684      	mov	ip, r0
1000626a:	6061      	str	r1, [r4, #4]
1000626c:	4628      	mov	r0, r5
1000626e:	f89d e010 	ldrb.w	lr, [sp, #16]
10006272:	66e6      	str	r6, [r4, #108]	@ 0x6c
10006274:	dd16      	ble.n	100062a4 <i2c_read_blocking_internal.constprop.0+0x48>
10006276:	1e5d      	subs	r5, r3, #1
10006278:	6f61      	ldr	r1, [r4, #116]	@ 0x74
1000627a:	2910      	cmp	r1, #16
1000627c:	d0fc      	beq.n	10006278 <i2c_read_blocking_internal.constprop.0+0x1c>
1000627e:	b300      	cbz	r0, 100062c2 <i2c_read_blocking_internal.constprop.0+0x66>
10006280:	2100      	movs	r1, #0
10006282:	42a8      	cmp	r0, r5
10006284:	bf04      	itt	eq
10006286:	f08e 0601 	eoreq.w	r6, lr, #1
1000628a:	ea41 2146 	orreq.w	r1, r1, r6, lsl #9
1000628e:	f441 7180 	orr.w	r1, r1, #256	@ 0x100
10006292:	6121      	str	r1, [r4, #16]
10006294:	f8d4 1080 	ldr.w	r1, [r4, #128]	@ 0x80
10006298:	6b61      	ldr	r1, [r4, #52]	@ 0x34
1000629a:	0649      	lsls	r1, r1, #25
1000629c:	d505      	bpl.n	100062aa <i2c_read_blocking_internal.constprop.0+0x4e>
1000629e:	f04f 30ff 	mov.w	r0, #4294967295	@ 0xffffffff
100062a2:	6d63      	ldr	r3, [r4, #84]	@ 0x54
100062a4:	f88c e004 	strb.w	lr, [ip, #4]
100062a8:	bd70      	pop	{r4, r5, r6, pc}
100062aa:	6fa1      	ldr	r1, [r4, #120]	@ 0x78
100062ac:	2900      	cmp	r1, #0
100062ae:	d0f1      	beq.n	10006294 <i2c_read_blocking_internal.constprop.0+0x38>
100062b0:	6921      	ldr	r1, [r4, #16]
100062b2:	3001      	adds	r0, #1
100062b4:	4283      	cmp	r3, r0
100062b6:	f802 1b01 	strb.w	r1, [r2], #1
100062ba:	d0f3      	beq.n	100062a4 <i2c_read_blocking_internal.constprop.0+0x48>
100062bc:	f8dc 4000 	ldr.w	r4, [ip]
100062c0:	e7da      	b.n	10006278 <i2c_read_blocking_internal.constprop.0+0x1c>
100062c2:	f89c 1004 	ldrb.w	r1, [ip, #4]
100062c6:	0289      	lsls	r1, r1, #10
100062c8:	e7db      	b.n	10006282 <i2c_read_blocking_internal.constprop.0+0x26>
100062ca:	bf00      	nop

100062cc <i2c_write_blocking_internal.constprop.0>:
100062cc:	e92d 41f0 	stmdb	sp!, {r4, r5, r6, r7, r8, lr}
100062d0:	2700      	movs	r7, #0
100062d2:	2401      	movs	r4, #1
100062d4:	4694      	mov	ip, r2
100062d6:	6802      	ldr	r2, [r0, #0]
100062d8:	4605      	mov	r5, r0
100062da:	66d7      	str	r7, [r2, #108]	@ 0x6c
100062dc:	6051      	str	r1, [r2, #4]
100062de:	66d4      	str	r4, [r2, #108]	@ 0x6c
100062e0:	1e1c      	subs	r4, r3, #0
100062e2:	4638      	mov	r0, r7
100062e4:	f89d 6018 	ldrb.w	r6, [sp, #24]
100062e8:	dd1e      	ble.n	10006328 <i2c_write_blocking_internal.constprop.0+0x5c>
100062ea:	7929      	ldrb	r1, [r5, #4]
100062ec:	f086 0701 	eor.w	r7, r6, #1
100062f0:	0289      	lsls	r1, r1, #10
100062f2:	027f      	lsls	r7, r7, #9
100062f4:	f104 3eff 	add.w	lr, r4, #4294967295	@ 0xffffffff
100062f8:	4570      	cmp	r0, lr
100062fa:	bf0c      	ite	eq
100062fc:	46b8      	moveq	r8, r7
100062fe:	f04f 0800 	movne.w	r8, #0
10006302:	f81c 3b01 	ldrb.w	r3, [ip], #1
10006306:	430b      	orrs	r3, r1
10006308:	ea43 0308 	orr.w	r3, r3, r8
1000630c:	6113      	str	r3, [r2, #16]
1000630e:	6b53      	ldr	r3, [r2, #52]	@ 0x34
10006310:	06d9      	lsls	r1, r3, #27
10006312:	d5fc      	bpl.n	1000630e <i2c_write_blocking_internal.constprop.0+0x42>
10006314:	f8d2 1080 	ldr.w	r1, [r2, #128]	@ 0x80
10006318:	b949      	cbnz	r1, 1000632e <i2c_write_blocking_internal.constprop.0+0x62>
1000631a:	4570      	cmp	r0, lr
1000631c:	d01c      	beq.n	10006358 <i2c_write_blocking_internal.constprop.0+0x8c>
1000631e:	3001      	adds	r0, #1
10006320:	4284      	cmp	r4, r0
10006322:	f04f 0100 	mov.w	r1, #0
10006326:	d1e7      	bne.n	100062f8 <i2c_write_blocking_internal.constprop.0+0x2c>
10006328:	712e      	strb	r6, [r5, #4]
1000632a:	e8bd 81f0 	ldmia.w	sp!, {r4, r5, r6, r7, r8, pc}
1000632e:	f04f 0801 	mov.w	r8, #1
10006332:	6d53      	ldr	r3, [r2, #84]	@ 0x54
10006334:	6b53      	ldr	r3, [r2, #52]	@ 0x34
10006336:	059b      	lsls	r3, r3, #22
10006338:	d5fc      	bpl.n	10006334 <i2c_write_blocking_internal.constprop.0+0x68>
1000633a:	6e13      	ldr	r3, [r2, #96]	@ 0x60
1000633c:	f1b8 0f00 	cmp.w	r8, #0
10006340:	d0ed      	beq.n	1000631e <i2c_write_blocking_internal.constprop.0+0x52>
10006342:	b169      	cbz	r1, 10006360 <i2c_write_blocking_internal.constprop.0+0x94>
10006344:	07cb      	lsls	r3, r1, #31
10006346:	d40b      	bmi.n	10006360 <i2c_write_blocking_internal.constprop.0+0x94>
10006348:	f011 0f08 	tst.w	r1, #8
1000634c:	bf08      	it	eq
1000634e:	f04f 30ff 	moveq.w	r0, #4294967295	@ 0xffffffff
10006352:	712e      	strb	r6, [r5, #4]
10006354:	e8bd 81f0 	ldmia.w	sp!, {r4, r5, r6, r7, r8, pc}
10006358:	2e00      	cmp	r6, #0
1000635a:	d1e0      	bne.n	1000631e <i2c_write_blocking_internal.constprop.0+0x52>
1000635c:	46b0      	mov	r8, r6
1000635e:	e7e9      	b.n	10006334 <i2c_write_blocking_internal.constprop.0+0x68>
10006360:	f04f 30ff 	mov.w	r0, #4294967295	@ 0xffffffff
10006364:	e7e0      	b.n	10006328 <i2c_write_blocking_internal.constprop.0+0x5c>
10006366:	bf00      	nop

10006368 <i2c_set_baudrate>:
10006368:	b5f8      	push	{r3, r4, r5, r6, r7, lr}
1000636a:	4604      	mov	r4, r0
1000636c:	2005      	movs	r0, #5
1000636e:	460f      	mov	r7, r1
10006370:	f7fb fad4 	bl	1000191c <clock_get_hz>
10006374:	eb00 0c57 	add.w	ip, r0, r7, lsr #1
10006378:	fbbc fcf7 	udiv	ip, ip, r7
1000637c:	4d20      	ldr	r5, [pc, #128]	@ (10006400 <i2c_set_baudrate+0x98>)
1000637e:	eb0c 024c 	add.w	r2, ip, ip, lsl #1
10006382:	fba5 6502 	umull	r6, r5, r5, r2
10006386:	491f      	ldr	r1, [pc, #124]	@ (10006404 <i2c_set_baudrate+0x9c>)
10006388:	08ae      	lsrs	r6, r5, #2
1000638a:	428f      	cmp	r7, r1
1000638c:	eb00 0340 	add.w	r3, r0, r0, lsl #1
10006390:	ebac 0595 	sub.w	r5, ip, r5, lsr #2
10006394:	d82e      	bhi.n	100063f4 <i2c_set_baudrate+0x8c>
10006396:	f101 41d6 	add.w	r1, r1, #1795162112	@ 0x6b000000
1000639a:	f501 01a1 	add.w	r1, r1, #5275648	@ 0x508000
1000639e:	f601 012c 	addw	r1, r1, #2092	@ 0x82c
100063a2:	fba1 1303 	umull	r1, r3, r1, r3
100063a6:	0d9b      	lsrs	r3, r3, #22
100063a8:	3301      	adds	r3, #1
100063aa:	2100      	movs	r1, #0
100063ac:	2a4f      	cmp	r2, #79	@ 0x4f
100063ae:	bf98      	it	ls
100063b0:	2201      	movls	r2, #1
100063b2:	6824      	ldr	r4, [r4, #0]
100063b4:	fbb0 f0fc 	udiv	r0, r0, ip
100063b8:	66e1      	str	r1, [r4, #108]	@ 0x6c
100063ba:	6821      	ldr	r1, [r4, #0]
100063bc:	f504 5780 	add.w	r7, r4, #4096	@ 0x1000
100063c0:	f081 0104 	eor.w	r1, r1, #4
100063c4:	f001 0106 	and.w	r1, r1, #6
100063c8:	6039      	str	r1, [r7, #0]
100063ca:	bf88      	it	hi
100063cc:	490c      	ldrhi	r1, [pc, #48]	@ (10006400 <i2c_set_baudrate+0x98>)
100063ce:	61e5      	str	r5, [r4, #28]
100063d0:	bf84      	itt	hi
100063d2:	fba1 1202 	umullhi	r1, r2, r1, r2
100063d6:	0992      	lsrhi	r2, r2, #6
100063d8:	6226      	str	r6, [r4, #32]
100063da:	f8c4 20a0 	str.w	r2, [r4, #160]	@ 0xa0
100063de:	4622      	mov	r2, r4
100063e0:	2101      	movs	r1, #1
100063e2:	f852 5f7c 	ldr.w	r5, [r2, #124]!
100063e6:	406b      	eors	r3, r5
100063e8:	b29b      	uxth	r3, r3
100063ea:	f502 5280 	add.w	r2, r2, #4096	@ 0x1000
100063ee:	6013      	str	r3, [r2, #0]
100063f0:	66e1      	str	r1, [r4, #108]	@ 0x6c
100063f2:	bdf8      	pop	{r3, r4, r5, r6, r7, pc}
100063f4:	4904      	ldr	r1, [pc, #16]	@ (10006408 <i2c_set_baudrate+0xa0>)
100063f6:	fba1 1303 	umull	r1, r3, r1, r3
100063fa:	0ddb      	lsrs	r3, r3, #23
100063fc:	3301      	adds	r3, #1
100063fe:	e7d4      	b.n	100063aa <i2c_set_baudrate+0x42>
10006400:	cccccccd 	.word	0xcccccccd
10006404:	000f423f 	.word	0x000f423f
10006408:	55e63b89 	.word	0x55e63b89

1000640c <i2c_init>:
1000640c:	4a0e      	ldr	r2, [pc, #56]	@ (10006448 <i2c_init+0x3c>)
1000640e:	b430      	push	{r4, r5}
10006410:	4290      	cmp	r0, r2
10006412:	bf14      	ite	ne
10006414:	2220      	movne	r2, #32
10006416:	2210      	moveq	r2, #16
10006418:	4d0c      	ldr	r5, [pc, #48]	@ (1000644c <i2c_init+0x40>)
1000641a:	4b0d      	ldr	r3, [pc, #52]	@ (10006450 <i2c_init+0x44>)
1000641c:	4c0d      	ldr	r4, [pc, #52]	@ (10006454 <i2c_init+0x48>)
1000641e:	602a      	str	r2, [r5, #0]
10006420:	601a      	str	r2, [r3, #0]
10006422:	68a3      	ldr	r3, [r4, #8]
10006424:	ea32 0303 	bics.w	r3, r2, r3
10006428:	d1fb      	bne.n	10006422 <i2c_init+0x16>
1000642a:	f240 1565 	movw	r5, #357	@ 0x165
1000642e:	2403      	movs	r4, #3
10006430:	6802      	ldr	r2, [r0, #0]
10006432:	7103      	strb	r3, [r0, #4]
10006434:	66d3      	str	r3, [r2, #108]	@ 0x6c
10006436:	6015      	str	r5, [r2, #0]
10006438:	63d3      	str	r3, [r2, #60]	@ 0x3c
1000643a:	6393      	str	r3, [r2, #56]	@ 0x38
1000643c:	f8c2 4088 	str.w	r4, [r2, #136]	@ 0x88
10006440:	bc30      	pop	{r4, r5}
10006442:	f7ff bf91 	b.w	10006368 <i2c_set_baudrate>
10006446:	bf00      	nop
10006448:	20001594 	.word	0x20001594
1000644c:	40022000 	.word	0x40022000
10006450:	40023000 	.word	0x40023000
10006454:	40020000 	.word	0x40020000

10006458 <i2c_write_blocking>:
10006458:	b410      	push	{r4}
1000645a:	f89d 4004 	ldrb.w	r4, [sp, #4]
1000645e:	9401      	str	r4, [sp, #4]
10006460:	f85d 4b04 	ldr.w	r4, [sp], #4
10006464:	f7ff bf32 	b.w	100062cc <i2c_write_blocking_internal.constprop.0>

10006468 <i2c_read_blocking>:
10006468:	b410      	push	{r4}
1000646a:	f89d 4004 	ldrb.w	r4, [sp, #4]
1000646e:	9401      	str	r4, [sp, #4]
10006470:	f85d 4b04 	ldr.w	r4, [sp], #4
10006474:	f7ff bef2 	b.w	1000625c <i2c_read_blocking_internal.constprop.0>

10006478 <memset>:
10006478:	0783      	lsls	r3, r0, #30
1000647a:	b530      	push	{r4, r5, lr}
1000647c:	d046      	beq.n	1000650c <memset+0x94>
1000647e:	1884      	adds	r4, r0, r2
10006480:	4684      	mov	ip, r0
10006482:	e004      	b.n	1000648e <memset+0x16>
10006484:	f803 1b01 	strb.w	r1, [r3], #1
10006488:	079d      	lsls	r5, r3, #30
1000648a:	d004      	beq.n	10006496 <memset+0x1e>
1000648c:	469c      	mov	ip, r3
1000648e:	45a4      	cmp	ip, r4
10006490:	4663      	mov	r3, ip
10006492:	d1f7      	bne.n	10006484 <memset+0xc>
10006494:	bd30      	pop	{r4, r5, pc}
10006496:	3a01      	subs	r2, #1
10006498:	4402      	add	r2, r0
1000649a:	eba2 020c 	sub.w	r2, r2, ip
1000649e:	2a03      	cmp	r2, #3
100064a0:	d929      	bls.n	100064f6 <memset+0x7e>
100064a2:	b2cc      	uxtb	r4, r1
100064a4:	2a0f      	cmp	r2, #15
100064a6:	eb04 2404 	add.w	r4, r4, r4, lsl #8
100064aa:	eb04 4404 	add.w	r4, r4, r4, lsl #16
100064ae:	d92f      	bls.n	10006510 <memset+0x98>
100064b0:	f1a2 0c10 	sub.w	ip, r2, #16
100064b4:	f103 0510 	add.w	r5, r3, #16
100064b8:	f02c 0c0f 	bic.w	ip, ip, #15
100064bc:	44ac      	add	ip, r5
100064be:	e9c3 4400 	strd	r4, r4, [r3]
100064c2:	e9c3 4402 	strd	r4, r4, [r3, #8]
100064c6:	3310      	adds	r3, #16
100064c8:	4563      	cmp	r3, ip
100064ca:	d1f8      	bne.n	100064be <memset+0x46>
100064cc:	f012 0f0c 	tst.w	r2, #12
100064d0:	f002 0e0f 	and.w	lr, r2, #15
100064d4:	d018      	beq.n	10006508 <memset+0x90>
100064d6:	f02e 0c03 	bic.w	ip, lr, #3
100064da:	f1ae 0504 	sub.w	r5, lr, #4
100064de:	461a      	mov	r2, r3
100064e0:	449c      	add	ip, r3
100064e2:	f842 4b04 	str.w	r4, [r2], #4
100064e6:	4562      	cmp	r2, ip
100064e8:	d1fb      	bne.n	100064e2 <memset+0x6a>
100064ea:	f025 0403 	bic.w	r4, r5, #3
100064ee:	3304      	adds	r3, #4
100064f0:	f00e 0203 	and.w	r2, lr, #3
100064f4:	4423      	add	r3, r4
100064f6:	2a00      	cmp	r2, #0
100064f8:	d0cc      	beq.n	10006494 <memset+0x1c>
100064fa:	b2c9      	uxtb	r1, r1
100064fc:	441a      	add	r2, r3
100064fe:	f803 1b01 	strb.w	r1, [r3], #1
10006502:	4293      	cmp	r3, r2
10006504:	d1fb      	bne.n	100064fe <memset+0x86>
10006506:	bd30      	pop	{r4, r5, pc}
10006508:	4672      	mov	r2, lr
1000650a:	e7f4      	b.n	100064f6 <memset+0x7e>
1000650c:	4603      	mov	r3, r0
1000650e:	e7c6      	b.n	1000649e <memset+0x26>
10006510:	4696      	mov	lr, r2
10006512:	e7e0      	b.n	100064d6 <memset+0x5e>

10006514 <memcpy>:
10006514:	4684      	mov	ip, r0
10006516:	ea41 0300 	orr.w	r3, r1, r0
1000651a:	f013 0303 	ands.w	r3, r3, #3
1000651e:	d149      	bne.n	100065b4 <memcpy+0xa0>
10006520:	3a40      	subs	r2, #64	@ 0x40
10006522:	d323      	bcc.n	1000656c <memcpy+0x58>
10006524:	680b      	ldr	r3, [r1, #0]
10006526:	6003      	str	r3, [r0, #0]
10006528:	684b      	ldr	r3, [r1, #4]
1000652a:	6043      	str	r3, [r0, #4]
1000652c:	688b      	ldr	r3, [r1, #8]
1000652e:	6083      	str	r3, [r0, #8]
10006530:	68cb      	ldr	r3, [r1, #12]
10006532:	60c3      	str	r3, [r0, #12]
10006534:	690b      	ldr	r3, [r1, #16]
10006536:	6103      	str	r3, [r0, #16]
10006538:	694b      	ldr	r3, [r1, #20]
1000653a:	6143      	str	r3, [r0, #20]
1000653c:	698b      	ldr	r3, [r1, #24]
1000653e:	6183      	str	r3, [r0, #24]
10006540:	69cb      	ldr	r3, [r1, #28]
10006542:	61c3      	str	r3, [r0, #28]
10006544:	6a0b      	ldr	r3, [r1, #32]
10006546:	6203      	str	r3, [r0, #32]
10006548:	6a4b      	ldr	r3, [r1, #36]	@ 0x24
1000654a:	6243      	str	r3, [r0, #36]	@ 0x24
1000654c:	6a8b      	ldr	r3, [r1, #40]	@ 0x28
1000654e:	6283      	str	r3, [r0, #40]	@ 0x28
10006550:	6acb      	ldr	r3, [r1, #44]	@ 0x2c
10006552:	62c3      	str	r3, [r0, #44]	@ 0x2c
10006554:	6b0b      	ldr	r3, [r1, #48]	@ 0x30
10006556:	6303      	str	r3, [r0, #48]	@ 0x30
10006558:	6b4b      	ldr	r3, [r1, #52]	@ 0x34
1000655a:	6343      	str	r3, [r0, #52]	@ 0x34
1000655c:	6b8b      	ldr	r3, [r1, #56]	@ 0x38
1000655e:	6383      	str	r3, [r0, #56]	@ 0x38
10006560:	6bcb      	ldr	r3, [r1, #60]	@ 0x3c
10006562:	63c3      	str	r3, [r0, #60]	@ 0x3c
10006564:	3040      	adds	r0, #64	@ 0x40
10006566:	3140      	adds	r1, #64	@ 0x40
10006568:	3a40      	subs	r2, #64	@ 0x40
1000656a:	d2db      	bcs.n	10006524 <memcpy+0x10>
1000656c:	3230      	adds	r2, #48	@ 0x30
1000656e:	d30b      	bcc.n	10006588 <memcpy+0x74>
10006570:	680b      	ldr	r3, [r1, #0]
10006572:	6003      	str	r3, [r0, #0]
10006574:	684b      	ldr	r3, [r1, #4]
10006576:	6043      	str	r3, [r0, #4]
10006578:	688b      	ldr	r3, [r1, #8]
1000657a:	6083      	str	r3, [r0, #8]
1000657c:	68cb      	ldr	r3, [r1, #12]
1000657e:	60c3      	str	r3, [r0, #12]
10006580:	3010      	adds	r0, #16
10006582:	3110      	adds	r1, #16
10006584:	3a10      	subs	r2, #16
10006586:	d2f3      	bcs.n	10006570 <memcpy+0x5c>
10006588:	320c      	adds	r2, #12
1000658a:	d305      	bcc.n	10006598 <memcpy+0x84>
1000658c:	f851 3b04 	ldr.w	r3, [r1], #4
10006590:	f840 3b04 	str.w	r3, [r0], #4
10006594:	3a04      	subs	r2, #4
10006596:	d2f9      	bcs.n	1000658c <memcpy+0x78>
10006598:	3204      	adds	r2, #4
1000659a:	d008      	beq.n	100065ae <memcpy+0x9a>
1000659c:	07d2      	lsls	r2, r2, #31
1000659e:	bf1c      	itt	ne
100065a0:	f811 3b01 	ldrbne.w	r3, [r1], #1
100065a4:	f800 3b01 	strbne.w	r3, [r0], #1
100065a8:	d301      	bcc.n	100065ae <memcpy+0x9a>
100065aa:	880b      	ldrh	r3, [r1, #0]
100065ac:	8003      	strh	r3, [r0, #0]
100065ae:	4660      	mov	r0, ip
100065b0:	4770      	bx	lr
100065b2:	bf00      	nop
100065b4:	2a08      	cmp	r2, #8
100065b6:	d313      	bcc.n	100065e0 <memcpy+0xcc>
100065b8:	078b      	lsls	r3, r1, #30
100065ba:	d0b1      	beq.n	10006520 <memcpy+0xc>
100065bc:	f010 0303 	ands.w	r3, r0, #3
100065c0:	d0ae      	beq.n	10006520 <memcpy+0xc>
100065c2:	f1c3 0304 	rsb	r3, r3, #4
100065c6:	1ad2      	subs	r2, r2, r3
100065c8:	07db      	lsls	r3, r3, #31
100065ca:	bf1c      	itt	ne
100065cc:	f811 3b01 	ldrbne.w	r3, [r1], #1
100065d0:	f800 3b01 	strbne.w	r3, [r0], #1
100065d4:	d3a4      	bcc.n	10006520 <memcpy+0xc>
100065d6:	f831 3b02 	ldrh.w	r3, [r1], #2
100065da:	f820 3b02 	strh.w	r3, [r0], #2
100065de:	e79f      	b.n	10006520 <memcpy+0xc>
100065e0:	3a04      	subs	r2, #4
100065e2:	d3d9      	bcc.n	10006598 <memcpy+0x84>
100065e4:	3a01      	subs	r2, #1
100065e6:	f811 3b01 	ldrb.w	r3, [r1], #1
100065ea:	f800 3b01 	strb.w	r3, [r0], #1
100065ee:	d2f9      	bcs.n	100065e4 <memcpy+0xd0>
100065f0:	780b      	ldrb	r3, [r1, #0]
100065f2:	7003      	strb	r3, [r0, #0]
100065f4:	784b      	ldrb	r3, [r1, #1]
100065f6:	7043      	strb	r3, [r0, #1]
100065f8:	788b      	ldrb	r3, [r1, #2]
100065fa:	7083      	strb	r3, [r0, #2]
100065fc:	4660      	mov	r0, ip
100065fe:	4770      	bx	lr

10006600 <strlen>:
10006600:	f020 0103 	bic.w	r1, r0, #3
10006604:	f010 0003 	ands.w	r0, r0, #3
10006608:	f1c0 0000 	rsb	r0, r0, #0
1000660c:	f851 3b04 	ldr.w	r3, [r1], #4
10006610:	f100 0c04 	add.w	ip, r0, #4
10006614:	ea4f 0ccc 	mov.w	ip, ip, lsl #3
10006618:	f06f 0200 	mvn.w	r2, #0
1000661c:	bf1c      	itt	ne
1000661e:	fa22 f20c 	lsrne.w	r2, r2, ip
10006622:	4313      	orrne	r3, r2
10006624:	f04f 0c01 	mov.w	ip, #1
10006628:	ea4c 2c0c 	orr.w	ip, ip, ip, lsl #8
1000662c:	ea4c 4c0c 	orr.w	ip, ip, ip, lsl #16
10006630:	eba3 020c 	sub.w	r2, r3, ip
10006634:	ea22 0203 	bic.w	r2, r2, r3
10006638:	ea12 12cc 	ands.w	r2, r2, ip, lsl #7
1000663c:	bf04      	itt	eq
1000663e:	f851 3b04 	ldreq.w	r3, [r1], #4
10006642:	3004      	addeq	r0, #4
10006644:	d0f4      	beq.n	10006630 <strlen+0x30>
10006646:	f1c2 0100 	rsb	r1, r2, #0
1000664a:	ea02 0201 	and.w	r2, r2, r1
1000664e:	fab2 f282 	clz	r2, r2
10006652:	f1c2 021f 	rsb	r2, r2, #31
10006656:	eb00 00d2 	add.w	r0, r0, r2, lsr #3
1000665a:	4770      	bx	lr

1000665c <_fini>:
1000665c:	b5f8      	push	{r3, r4, r5, r6, r7, lr}
1000665e:	bf00      	nop

10006660 <__mutex_enter_timeout_ms_veneer>:
10006660:	f85f f000 	ldr.w	pc, [pc]	@ 10006664 <__mutex_enter_timeout_ms_veneer+0x4>
10006664:	20000235 	.word	0x20000235

10006668 <__hw_endpoint_start_next_buffer_veneer>:
10006668:	f85f f000 	ldr.w	pc, [pc]	@ 1000666c <__hw_endpoint_start_next_buffer_veneer+0x4>
1000666c:	20000b0d 	.word	0x20000b0d

10006670 <____aeabi_f2d_veneer>:
10006670:	f85f f000 	ldr.w	pc, [pc]	@ 10006674 <____aeabi_f2d_veneer+0x4>
10006674:	20001099 	.word	0x20001099

10006678 <____aeabi_uldivmod_veneer>:
10006678:	f85f f000 	ldr.w	pc, [pc]	@ 1000667c <____aeabi_uldivmod_veneer+0x4>
1000667c:	20001149 	.word	0x20001149

10006680 <__mutex_exit_veneer>:
10006680:	f85f f000 	ldr.w	pc, [pc]	@ 10006684 <__mutex_exit_veneer+0x4>
10006684:	2000026d 	.word	0x2000026d

10006688 <__e15_is_critical_frame_period_veneer>:
10006688:	f85f f000 	ldr.w	pc, [pc]	@ 1000668c <__e15_is_critical_frame_period_veneer+0x4>
1000668c:	20000a95 	.word	0x20000a95

10006690 <___hw_endpoint_buffer_control_update32_veneer>:
10006690:	f85f f000 	ldr.w	pc, [pc]	@ 10006694 <___hw_endpoint_buffer_control_update32_veneer+0x4>
10006694:	20000ac9 	.word	0x20000ac9

10006698 <__mutex_try_enter_block_until_veneer>:
10006698:	f85f f000 	ldr.w	pc, [pc]	@ 1000669c <__mutex_try_enter_block_until_veneer+0x4>
1000669c:	200001cd 	.word	0x200001cd

100066a0 <__reset_non_control_endpoints_veneer>:
100066a0:	f85f f000 	ldr.w	pc, [pc]	@ 100066a4 <__reset_non_control_endpoints_veneer+0x4>
100066a4:	200002a9 	.word	0x200002a9

100066a8 <__e15_is_bulkin_ep_veneer>:
100066a8:	f85f f000 	ldr.w	pc, [pc]	@ 100066ac <__e15_is_bulkin_ep_veneer+0x4>
100066ac:	20000a6d 	.word	0x20000a6d

100066b0 <__mutex_try_enter_veneer>:
100066b0:	f85f f000 	ldr.w	pc, [pc]	@ 100066b4 <__mutex_try_enter_veneer+0x4>
100066b4:	20000111 	.word	0x20000111

100066b8 <__pre_init_runtime_init_bootrom_reset>:
100066b8:	10001be9                                ....

100066bc <__pre_init_runtime_init_early_resets>:
100066bc:	10001b5d                                ]...

100066c0 <__pre_init_runtime_init_usb_power_down>:
100066c0:	10001b91                                ....

100066c4 <__pre_init_runtime_init_clocks>:
100066c4:	10001c7d                                }...

100066c8 <__pre_init_runtime_init_post_clock_resets>:
100066c8:	10001bc9                                ....

100066cc <__pre_init_runtime_init_boot_locks_reset>:
100066cc:	10001ae1                                ....

100066d0 <__pre_init_runtime_init_spin_locks_reset>:
100066d0:	10001c11                                ....

100066d4 <__pre_init_runtime_init_bootrom_locking_enable>:
100066d4:	10001acd                                ....

100066d8 <__pre_init_runtime_init_mutex>:
100066d8:	10000f3d                                =...

100066dc <__pre_init_runtime_init_install_ram_vector_table>:
100066dc:	10001c15                                ....

100066e0 <__pre_init_runtime_init_default_alarm_pool>:
100066e0:	10001301                                ....

100066e4 <__pre_init_first_per_core_initializer>:
100066e4:	10001b2d                                -...

100066e8 <__pre_init_runtime_init_per_core_bootrom_reset>:
100066e8:	10001bfd                                ....

100066ec <__pre_init_runtime_init_per_core_enable_coprocessors>:
100066ec:	10001bad                                ....

100066f0 <__pre_init_spinlock_set_extexclall>:
100066f0:	10000b19                                ....

100066f4 <__pre_init_runtime_init_per_core_irq_priorities>:
100066f4:	10000b41                                A...

100066f8 <__init_array_start>:
100066f8:	100040f1 	.word	0x100040f1

100066fc <__frame_dummy_init_array_entry>:
100066fc:	10000211                                ....

Disassembly of section .data:

20000110 <mutex_try_enter>:
20000110:	4603      	mov	r3, r0
20000112:	b500      	push	{lr}
20000114:	6802      	ldr	r2, [r0, #0]
20000116:	f3ef 8c10 	mrs	ip, PRIMASK
2000011a:	b672      	cpsid	i
2000011c:	e8d2 efcf 	ldaexb	lr, [r2]
20000120:	2001      	movs	r0, #1
20000122:	f1be 0f00 	cmp.w	lr, #0
20000126:	d1f9      	bne.n	2000011c <mutex_try_enter+0xc>
20000128:	e8c2 0f4e 	strexb	lr, r0, [r2]
2000012c:	f1be 0f00 	cmp.w	lr, #0
20000130:	d1f4      	bne.n	2000011c <mutex_try_enter+0xc>
20000132:	f3bf 8f5f 	dmb	sy
20000136:	f993 2004 	ldrsb.w	r2, [r3, #4]
2000013a:	2a00      	cmp	r2, #0
2000013c:	db0a      	blt.n	20000154 <mutex_try_enter+0x44>
2000013e:	b101      	cbz	r1, 20000142 <mutex_try_enter+0x32>
20000140:	600a      	str	r2, [r1, #0]
20000142:	2000      	movs	r0, #0
20000144:	2200      	movs	r2, #0
20000146:	681b      	ldr	r3, [r3, #0]
20000148:	e8c3 2f8f 	stlb	r2, [r3]
2000014c:	f38c 8810 	msr	PRIMASK, ip
20000150:	f85d fb04 	ldr.w	pc, [sp], #4
20000154:	f04f 4250 	mov.w	r2, #3489660928	@ 0xd0000000
20000158:	6812      	ldr	r2, [r2, #0]
2000015a:	2001      	movs	r0, #1
2000015c:	711a      	strb	r2, [r3, #4]
2000015e:	e7f1      	b.n	20000144 <mutex_try_enter+0x34>

20000160 <mutex_enter_block_until>:
20000160:	f04f 4150 	mov.w	r1, #3489660928	@ 0xd0000000
20000164:	e92d 41f0 	stmdb	sp!, {r4, r5, r6, r7, r8, lr}
20000168:	2700      	movs	r7, #0
2000016a:	4604      	mov	r4, r0
2000016c:	4616      	mov	r6, r2
2000016e:	461d      	mov	r5, r3
20000170:	f8d1 8000 	ldr.w	r8, [r1]
20000174:	e008      	b.n	20000188 <mutex_enter_block_until+0x28>
20000176:	e8c1 7f8f 	stlb	r7, [r1]
2000017a:	f38c 8810 	msr	PRIMASK, ip
2000017e:	4630      	mov	r0, r6
20000180:	4629      	mov	r1, r5
20000182:	f001 f9ad 	bl	200014e0 <__best_effort_wfe_or_timeout_veneer>
20000186:	b9e8      	cbnz	r0, 200001c4 <mutex_enter_block_until+0x64>
20000188:	6821      	ldr	r1, [r4, #0]
2000018a:	f3ef 8c10 	mrs	ip, PRIMASK
2000018e:	b672      	cpsid	i
20000190:	e8d1 2fcf 	ldaexb	r2, [r1]
20000194:	2301      	movs	r3, #1
20000196:	2a00      	cmp	r2, #0
20000198:	d1fa      	bne.n	20000190 <mutex_enter_block_until+0x30>
2000019a:	e8c1 3f42 	strexb	r2, r3, [r1]
2000019e:	2a00      	cmp	r2, #0
200001a0:	d1f6      	bne.n	20000190 <mutex_enter_block_until+0x30>
200001a2:	f3bf 8f5f 	dmb	sy
200001a6:	f994 3004 	ldrsb.w	r3, [r4, #4]
200001aa:	6821      	ldr	r1, [r4, #0]
200001ac:	2b00      	cmp	r3, #0
200001ae:	dae2      	bge.n	20000176 <mutex_enter_block_until+0x16>
200001b0:	2300      	movs	r3, #0
200001b2:	f884 8004 	strb.w	r8, [r4, #4]
200001b6:	e8c1 3f8f 	stlb	r3, [r1]
200001ba:	f38c 8810 	msr	PRIMASK, ip
200001be:	2001      	movs	r0, #1
200001c0:	e8bd 81f0 	ldmia.w	sp!, {r4, r5, r6, r7, r8, pc}
200001c4:	2000      	movs	r0, #0
200001c6:	e8bd 81f0 	ldmia.w	sp!, {r4, r5, r6, r7, r8, pc}
200001ca:	bf00      	nop

200001cc <mutex_try_enter_block_until>:
200001cc:	b530      	push	{r4, r5, lr}
200001ce:	6804      	ldr	r4, [r0, #0]
200001d0:	f3ef 8c10 	mrs	ip, PRIMASK
200001d4:	b672      	cpsid	i
200001d6:	e8d4 efcf 	ldaexb	lr, [r4]
200001da:	2501      	movs	r5, #1
200001dc:	f1be 0f00 	cmp.w	lr, #0
200001e0:	d1f9      	bne.n	200001d6 <mutex_try_enter_block_until+0xa>
200001e2:	e8c4 5f4e 	strexb	lr, r5, [r4]
200001e6:	f1be 0f00 	cmp.w	lr, #0
200001ea:	d1f4      	bne.n	200001d6 <mutex_try_enter_block_until+0xa>
200001ec:	f3bf 8f5f 	dmb	sy
200001f0:	f990 4004 	ldrsb.w	r4, [r0, #4]
200001f4:	6805      	ldr	r5, [r0, #0]
200001f6:	2c00      	cmp	r4, #0
200001f8:	db10      	blt.n	2000021c <mutex_try_enter_block_until+0x50>
200001fa:	2100      	movs	r1, #0
200001fc:	e8c5 1f8f 	stlb	r1, [r5]
20000200:	f38c 8810 	msr	PRIMASK, ip
20000204:	f04f 4550 	mov.w	r5, #3489660928	@ 0xd0000000
20000208:	f995 5000 	ldrsb.w	r5, [r5]
2000020c:	42a5      	cmp	r5, r4
2000020e:	d101      	bne.n	20000214 <mutex_try_enter_block_until+0x48>
20000210:	4608      	mov	r0, r1
20000212:	bd30      	pop	{r4, r5, pc}
20000214:	e8bd 4030 	ldmia.w	sp!, {r4, r5, lr}
20000218:	f7ff bfa2 	b.w	20000160 <mutex_enter_block_until>
2000021c:	f04f 4250 	mov.w	r2, #3489660928	@ 0xd0000000
20000220:	6812      	ldr	r2, [r2, #0]
20000222:	2300      	movs	r3, #0
20000224:	7102      	strb	r2, [r0, #4]
20000226:	e8c5 3f8f 	stlb	r3, [r5]
2000022a:	f38c 8810 	msr	PRIMASK, ip
2000022e:	2001      	movs	r0, #1
20000230:	bd30      	pop	{r4, r5, pc}
20000232:	bf00      	nop

20000234 <mutex_enter_timeout_ms>:
20000234:	b570      	push	{r4, r5, r6, lr}
20000236:	4605      	mov	r5, r0
20000238:	460c      	mov	r4, r1
2000023a:	f001 f959 	bl	200014f0 <__time_us_64_veneer>
2000023e:	4602      	mov	r2, r0
20000240:	460b      	mov	r3, r1
20000242:	f44f 707a 	mov.w	r0, #1000	@ 0x3e8
20000246:	f04f 3eff 	mov.w	lr, #4294967295	@ 0xffffffff
2000024a:	f06f 4c00 	mvn.w	ip, #2147483648	@ 0x80000000
2000024e:	fbe4 2300 	umlal	r2, r3, r4, r0
20000252:	4596      	cmp	lr, r2
20000254:	eb7c 0103 	sbcs.w	r1, ip, r3
20000258:	bf38      	it	cc
2000025a:	4672      	movcc	r2, lr
2000025c:	4628      	mov	r0, r5
2000025e:	e8bd 4070 	ldmia.w	sp!, {r4, r5, r6, lr}
20000262:	bf38      	it	cc
20000264:	4663      	movcc	r3, ip
20000266:	f7ff bf7b 	b.w	20000160 <mutex_enter_block_until>
2000026a:	bf00      	nop

2000026c <mutex_exit>:
2000026c:	6803      	ldr	r3, [r0, #0]
2000026e:	f3ef 8210 	mrs	r2, PRIMASK
20000272:	b672      	cpsid	i
20000274:	e8d3 cfcf 	ldaexb	ip, [r3]
20000278:	2101      	movs	r1, #1
2000027a:	f1bc 0f00 	cmp.w	ip, #0
2000027e:	d1f9      	bne.n	20000274 <mutex_exit+0x8>
20000280:	e8c3 1f4c 	strexb	ip, r1, [r3]
20000284:	f1bc 0f00 	cmp.w	ip, #0
20000288:	d1f4      	bne.n	20000274 <mutex_exit+0x8>
2000028a:	f3bf 8f5f 	dmb	sy
2000028e:	f04f 0cff 	mov.w	ip, #255	@ 0xff
20000292:	2300      	movs	r3, #0
20000294:	6801      	ldr	r1, [r0, #0]
20000296:	f880 c004 	strb.w	ip, [r0, #4]
2000029a:	e8c1 3f8f 	stlb	r3, [r1]
2000029e:	f382 8810 	msr	PRIMASK, r2
200002a2:	bf40      	sev
200002a4:	4770      	bx	lr
200002a6:	bf00      	nop

200002a8 <reset_non_control_endpoints>:
200002a8:	2100      	movs	r1, #0
200002aa:	b508      	push	{r3, lr}
200002ac:	4b13      	ldr	r3, [pc, #76]	@ (200002fc <reset_non_control_endpoints+0x54>)
200002ae:	f44f 7270 	mov.w	r2, #960	@ 0x3c0
200002b2:	6099      	str	r1, [r3, #8]
200002b4:	4812      	ldr	r0, [pc, #72]	@ (20000300 <reset_non_control_endpoints+0x58>)
200002b6:	60d9      	str	r1, [r3, #12]
200002b8:	6119      	str	r1, [r3, #16]
200002ba:	6159      	str	r1, [r3, #20]
200002bc:	6199      	str	r1, [r3, #24]
200002be:	61d9      	str	r1, [r3, #28]
200002c0:	6219      	str	r1, [r3, #32]
200002c2:	6259      	str	r1, [r3, #36]	@ 0x24
200002c4:	6299      	str	r1, [r3, #40]	@ 0x28
200002c6:	62d9      	str	r1, [r3, #44]	@ 0x2c
200002c8:	6319      	str	r1, [r3, #48]	@ 0x30
200002ca:	6359      	str	r1, [r3, #52]	@ 0x34
200002cc:	6399      	str	r1, [r3, #56]	@ 0x38
200002ce:	63d9      	str	r1, [r3, #60]	@ 0x3c
200002d0:	6419      	str	r1, [r3, #64]	@ 0x40
200002d2:	6459      	str	r1, [r3, #68]	@ 0x44
200002d4:	6499      	str	r1, [r3, #72]	@ 0x48
200002d6:	64d9      	str	r1, [r3, #76]	@ 0x4c
200002d8:	6519      	str	r1, [r3, #80]	@ 0x50
200002da:	6559      	str	r1, [r3, #84]	@ 0x54
200002dc:	6599      	str	r1, [r3, #88]	@ 0x58
200002de:	65d9      	str	r1, [r3, #92]	@ 0x5c
200002e0:	6619      	str	r1, [r3, #96]	@ 0x60
200002e2:	6659      	str	r1, [r3, #100]	@ 0x64
200002e4:	6699      	str	r1, [r3, #104]	@ 0x68
200002e6:	66d9      	str	r1, [r3, #108]	@ 0x6c
200002e8:	6719      	str	r1, [r3, #112]	@ 0x70
200002ea:	6759      	str	r1, [r3, #116]	@ 0x74
200002ec:	6799      	str	r1, [r3, #120]	@ 0x78
200002ee:	67d9      	str	r1, [r3, #124]	@ 0x7c
200002f0:	f001 f8fa 	bl	200014e8 <__memset_veneer>
200002f4:	4b03      	ldr	r3, [pc, #12]	@ (20000304 <reset_non_control_endpoints+0x5c>)
200002f6:	4a04      	ldr	r2, [pc, #16]	@ (20000308 <reset_non_control_endpoints+0x60>)
200002f8:	601a      	str	r2, [r3, #0]
200002fa:	bd08      	pop	{r3, pc}
200002fc:	50100000 	.word	0x50100000
20000300:	20001d94 	.word	0x20001d94
20000304:	2000215c 	.word	0x2000215c
20000308:	50100180 	.word	0x50100180

2000030c <hw_handle_buff_status>:
2000030c:	e92d 4ff0 	stmdb	sp!, {r4, r5, r6, r7, r8, r9, sl, fp, lr}
20000310:	4b1f      	ldr	r3, [pc, #124]	@ (20000390 <hw_handle_buff_status+0x84>)
20000312:	b085      	sub	sp, #20
20000314:	f8d3 a058 	ldr.w	sl, [r3, #88]	@ 0x58
20000318:	f1ba 0f00 	cmp.w	sl, #0
2000031c:	d022      	beq.n	20000364 <hw_handle_buff_status+0x58>
2000031e:	2400      	movs	r4, #0
20000320:	2501      	movs	r5, #1
20000322:	f44f 69e0 	mov.w	r9, #1792	@ 0x700
20000326:	f8df 8070 	ldr.w	r8, [pc, #112]	@ 20000398 <hw_handle_buff_status+0x8c>
2000032a:	4f1a      	ldr	r7, [pc, #104]	@ (20000394 <hw_handle_buff_status+0x88>)
2000032c:	e001      	b.n	20000332 <hw_handle_buff_status+0x26>
2000032e:	2c20      	cmp	r4, #32
20000330:	d018      	beq.n	20000364 <hw_handle_buff_status+0x58>
20000332:	ea0a 0205 	and.w	r2, sl, r5
20000336:	1c61      	adds	r1, r4, #1
20000338:	4623      	mov	r3, r4
2000033a:	46ab      	mov	fp, r5
2000033c:	b2cc      	uxtb	r4, r1
2000033e:	006d      	lsls	r5, r5, #1
20000340:	2a00      	cmp	r2, #0
20000342:	d0f4      	beq.n	2000032e <hw_handle_buff_status+0x22>
20000344:	f004 0201 	and.w	r2, r4, #1
20000348:	f003 06fe 	and.w	r6, r3, #254	@ 0xfe
2000034c:	4416      	add	r6, r2
2000034e:	eb07 1646 	add.w	r6, r7, r6, lsl #5
20000352:	4630      	mov	r0, r6
20000354:	f8c8 b058 	str.w	fp, [r8, #88]	@ 0x58
20000358:	f000 fc0a 	bl	20000b70 <hw_endpoint_xfer_continue>
2000035c:	b928      	cbnz	r0, 2000036a <hw_handle_buff_status+0x5e>
2000035e:	ea3a 0a0b 	bics.w	sl, sl, fp
20000362:	d1e4      	bne.n	2000032e <hw_handle_buff_status+0x22>
20000364:	b005      	add	sp, #20
20000366:	e8bd 8ff0 	ldmia.w	sp!, {r4, r5, r6, r7, r8, r9, sl, fp, pc}
2000036a:	2300      	movs	r3, #0
2000036c:	f88d 3009 	strb.w	r3, [sp, #9]
20000370:	78b3      	ldrb	r3, [r6, #2]
20000372:	a801      	add	r0, sp, #4
20000374:	f88d 3008 	strb.w	r3, [sp, #8]
20000378:	8af3      	ldrh	r3, [r6, #22]
2000037a:	2101      	movs	r1, #1
2000037c:	f8ad 9004 	strh.w	r9, [sp, #4]
20000380:	9303      	str	r3, [sp, #12]
20000382:	f000 fc13 	bl	20000bac <dcd_event_handler>
20000386:	4630      	mov	r0, r6
20000388:	f000 fb98 	bl	20000abc <hw_endpoint_reset_transfer>
2000038c:	e7e7      	b.n	2000035e <hw_handle_buff_status+0x52>
2000038e:	bf00      	nop
20000390:	50110000 	.word	0x50110000
20000394:	20001d54 	.word	0x20001d54
20000398:	50113000 	.word	0x50113000

2000039c <dcd_rp2040_irq>:
2000039c:	b5f0      	push	{r4, r5, r6, r7, lr}
2000039e:	4bbb      	ldr	r3, [pc, #748]	@ (2000068c <dcd_rp2040_irq+0x2f0>)
200003a0:	b085      	sub	sp, #20
200003a2:	f8d3 5098 	ldr.w	r5, [r3, #152]	@ 0x98
200003a6:	f415 3600 	ands.w	r6, r5, #131072	@ 0x20000
200003aa:	d074      	beq.n	20000496 <dcd_rp2040_irq+0xfa>
200003ac:	4bb8      	ldr	r3, [pc, #736]	@ (20000690 <dcd_rp2040_irq+0x2f4>)
200003ae:	4cb9      	ldr	r4, [pc, #740]	@ (20000694 <dcd_rp2040_irq+0x2f8>)
200003b0:	6a99      	ldr	r1, [r3, #40]	@ 0x28
200003b2:	f894 303b 	ldrb.w	r3, [r4, #59]	@ 0x3b
200003b6:	4ab8      	ldr	r2, [pc, #736]	@ (20000698 <dcd_rp2040_irq+0x2fc>)
200003b8:	2b02      	cmp	r3, #2
200003ba:	6011      	str	r1, [r2, #0]
200003bc:	f000 80d4 	beq.w	20000568 <dcd_rp2040_irq+0x1cc>
200003c0:	2600      	movs	r6, #0
200003c2:	f894 307b 	ldrb.w	r3, [r4, #123]	@ 0x7b
200003c6:	2b02      	cmp	r3, #2
200003c8:	f000 813b 	beq.w	20000642 <dcd_rp2040_irq+0x2a6>
200003cc:	f894 30bb 	ldrb.w	r3, [r4, #187]	@ 0xbb
200003d0:	2b02      	cmp	r3, #2
200003d2:	f000 817d 	beq.w	200006d0 <dcd_rp2040_irq+0x334>
200003d6:	f894 30fb 	ldrb.w	r3, [r4, #251]	@ 0xfb
200003da:	2b02      	cmp	r3, #2
200003dc:	f000 816c 	beq.w	200006b8 <dcd_rp2040_irq+0x31c>
200003e0:	f894 313b 	ldrb.w	r3, [r4, #315]	@ 0x13b
200003e4:	2b02      	cmp	r3, #2
200003e6:	f000 8144 	beq.w	20000672 <dcd_rp2040_irq+0x2d6>
200003ea:	f894 317b 	ldrb.w	r3, [r4, #379]	@ 0x17b
200003ee:	2b02      	cmp	r3, #2
200003f0:	f000 8133 	beq.w	2000065a <dcd_rp2040_irq+0x2be>
200003f4:	f894 31bb 	ldrb.w	r3, [r4, #443]	@ 0x1bb
200003f8:	2b02      	cmp	r3, #2
200003fa:	f000 81b6 	beq.w	2000076a <dcd_rp2040_irq+0x3ce>
200003fe:	f894 31fb 	ldrb.w	r3, [r4, #507]	@ 0x1fb
20000402:	2b02      	cmp	r3, #2
20000404:	f000 81a6 	beq.w	20000754 <dcd_rp2040_irq+0x3b8>
20000408:	f894 323b 	ldrb.w	r3, [r4, #571]	@ 0x23b
2000040c:	2b02      	cmp	r3, #2
2000040e:	f000 8196 	beq.w	2000073e <dcd_rp2040_irq+0x3a2>
20000412:	f894 327b 	ldrb.w	r3, [r4, #635]	@ 0x27b
20000416:	2b02      	cmp	r3, #2
20000418:	f000 8186 	beq.w	20000728 <dcd_rp2040_irq+0x38c>
2000041c:	f894 32bb 	ldrb.w	r3, [r4, #699]	@ 0x2bb
20000420:	2b02      	cmp	r3, #2
20000422:	f000 8176 	beq.w	20000712 <dcd_rp2040_irq+0x376>
20000426:	f894 32fb 	ldrb.w	r3, [r4, #763]	@ 0x2fb
2000042a:	2b02      	cmp	r3, #2
2000042c:	f000 8166 	beq.w	200006fc <dcd_rp2040_irq+0x360>
20000430:	f894 333b 	ldrb.w	r3, [r4, #827]	@ 0x33b
20000434:	2b02      	cmp	r3, #2
20000436:	f000 8156 	beq.w	200006e6 <dcd_rp2040_irq+0x34a>
2000043a:	f894 337b 	ldrb.w	r3, [r4, #891]	@ 0x37b
2000043e:	2b02      	cmp	r3, #2
20000440:	f000 80a4 	beq.w	2000058c <dcd_rp2040_irq+0x1f0>
20000444:	f894 33bb 	ldrb.w	r3, [r4, #955]	@ 0x3bb
20000448:	2b02      	cmp	r3, #2
2000044a:	f000 8199 	beq.w	20000780 <dcd_rp2040_irq+0x3e4>
2000044e:	f894 33fb 	ldrb.w	r3, [r4, #1019]	@ 0x3fb
20000452:	2b02      	cmp	r3, #2
20000454:	f000 80b4 	beq.w	200005c0 <dcd_rp2040_irq+0x224>
20000458:	b93e      	cbnz	r6, 2000046a <dcd_rp2040_irq+0xce>
2000045a:	4b90      	ldr	r3, [pc, #576]	@ (2000069c <dcd_rp2040_irq+0x300>)
2000045c:	781b      	ldrb	r3, [r3, #0]
2000045e:	b923      	cbnz	r3, 2000046a <dcd_rp2040_irq+0xce>
20000460:	f44f 3200 	mov.w	r2, #131072	@ 0x20000
20000464:	4b8e      	ldr	r3, [pc, #568]	@ (200006a0 <dcd_rp2040_irq+0x304>)
20000466:	f8c3 2090 	str.w	r2, [r3, #144]	@ 0x90
2000046a:	f44f 7240 	mov.w	r2, #768	@ 0x300
2000046e:	4b87      	ldr	r3, [pc, #540]	@ (2000068c <dcd_rp2040_irq+0x2f0>)
20000470:	2101      	movs	r1, #1
20000472:	6c9b      	ldr	r3, [r3, #72]	@ 0x48
20000474:	a801      	add	r0, sp, #4
20000476:	f3c3 030a 	ubfx	r3, r3, #0, #11
2000047a:	f8ad 2004 	strh.w	r2, [sp, #4]
2000047e:	9302      	str	r3, [sp, #8]
20000480:	f000 fb94 	bl	20000bac <dcd_event_handler>
20000484:	06ea      	lsls	r2, r5, #27
20000486:	f44f 3600 	mov.w	r6, #131072	@ 0x20000
2000048a:	4c86      	ldr	r4, [pc, #536]	@ (200006a4 <dcd_rp2040_irq+0x308>)
2000048c:	d507      	bpl.n	2000049e <dcd_rp2040_irq+0x102>
2000048e:	f7ff ff3d 	bl	2000030c <hw_handle_buff_status>
20000492:	4626      	mov	r6, r4
20000494:	e003      	b.n	2000049e <dcd_rp2040_irq+0x102>
20000496:	06ea      	lsls	r2, r5, #27
20000498:	f04f 0410 	mov.w	r4, #16
2000049c:	d4f7      	bmi.n	2000048e <dcd_rp2040_irq+0xf2>
2000049e:	03eb      	lsls	r3, r5, #15
200004a0:	d522      	bpl.n	200004e8 <dcd_rp2040_irq+0x14c>
200004a2:	4c7c      	ldr	r4, [pc, #496]	@ (20000694 <dcd_rp2040_irq+0x2f8>)
200004a4:	f446 3680 	orr.w	r6, r6, #65536	@ 0x10000
200004a8:	7ea3      	ldrb	r3, [r4, #26]
200004aa:	2b00      	cmp	r3, #0
200004ac:	f040 8099 	bne.w	200005e2 <dcd_rp2040_irq+0x246>
200004b0:	2301      	movs	r3, #1
200004b2:	f894 203a 	ldrb.w	r2, [r4, #58]	@ 0x3a
200004b6:	70e3      	strb	r3, [r4, #3]
200004b8:	2a00      	cmp	r2, #0
200004ba:	f040 80ad 	bne.w	20000618 <dcd_rp2040_irq+0x27c>
200004be:	2301      	movs	r3, #1
200004c0:	f44f 61c0 	mov.w	r1, #1536	@ 0x600
200004c4:	4a78      	ldr	r2, [pc, #480]	@ (200006a8 <dcd_rp2040_irq+0x30c>)
200004c6:	f884 3023 	strb.w	r3, [r4, #35]	@ 0x23
200004ca:	f8ad 1004 	strh.w	r1, [sp, #4]
200004ce:	e892 0003 	ldmia.w	r2, {r0, r1}
200004d2:	aa04      	add	r2, sp, #16
200004d4:	e902 0003 	stmdb	r2, {r0, r1}
200004d8:	4619      	mov	r1, r3
200004da:	a801      	add	r0, sp, #4
200004dc:	f000 fb66 	bl	20000bac <dcd_event_handler>
200004e0:	f44f 3200 	mov.w	r2, #131072	@ 0x20000
200004e4:	4b6e      	ldr	r3, [pc, #440]	@ (200006a0 <dcd_rp2040_irq+0x304>)
200004e6:	651a      	str	r2, [r3, #80]	@ 0x50
200004e8:	04e9      	lsls	r1, r5, #19
200004ea:	d408      	bmi.n	200004fe <dcd_rp2040_irq+0x162>
200004ec:	046a      	lsls	r2, r5, #17
200004ee:	d41d      	bmi.n	2000052c <dcd_rp2040_irq+0x190>
200004f0:	042b      	lsls	r3, r5, #16
200004f2:	d42a      	bmi.n	2000054a <dcd_rp2040_irq+0x1ae>
200004f4:	42ae      	cmp	r6, r5
200004f6:	f040 81c5 	bne.w	20000884 <dcd_rp2040_irq+0x4e8>
200004fa:	b005      	add	sp, #20
200004fc:	bdf0      	pop	{r4, r5, r6, r7, pc}
200004fe:	2400      	movs	r4, #0
20000500:	4b62      	ldr	r3, [pc, #392]	@ (2000068c <dcd_rp2040_irq+0x2f0>)
20000502:	f446 5680 	orr.w	r6, r6, #4096	@ 0x1000
20000506:	601c      	str	r4, [r3, #0]
20000508:	f7ff fece 	bl	200002a8 <reset_non_control_endpoints>
2000050c:	f44f 7380 	mov.w	r3, #256	@ 0x100
20000510:	2101      	movs	r1, #1
20000512:	a801      	add	r0, sp, #4
20000514:	f8ad 3004 	strh.w	r3, [sp, #4]
20000518:	f88d 4008 	strb.w	r4, [sp, #8]
2000051c:	f000 fb46 	bl	20000bac <dcd_event_handler>
20000520:	f44f 2200 	mov.w	r2, #524288	@ 0x80000
20000524:	4b5e      	ldr	r3, [pc, #376]	@ (200006a0 <dcd_rp2040_irq+0x304>)
20000526:	651a      	str	r2, [r3, #80]	@ 0x50
20000528:	046a      	lsls	r2, r5, #17
2000052a:	d5e1      	bpl.n	200004f0 <dcd_rp2040_irq+0x154>
2000052c:	f44f 6380 	mov.w	r3, #1024	@ 0x400
20000530:	2101      	movs	r1, #1
20000532:	a801      	add	r0, sp, #4
20000534:	f8ad 3004 	strh.w	r3, [sp, #4]
20000538:	f000 fb38 	bl	20000bac <dcd_event_handler>
2000053c:	2210      	movs	r2, #16
2000053e:	4b58      	ldr	r3, [pc, #352]	@ (200006a0 <dcd_rp2040_irq+0x304>)
20000540:	f446 4680 	orr.w	r6, r6, #16384	@ 0x4000
20000544:	651a      	str	r2, [r3, #80]	@ 0x50
20000546:	042b      	lsls	r3, r5, #16
20000548:	d5d4      	bpl.n	200004f4 <dcd_rp2040_irq+0x158>
2000054a:	f44f 63a0 	mov.w	r3, #1280	@ 0x500
2000054e:	2101      	movs	r1, #1
20000550:	a801      	add	r0, sp, #4
20000552:	f8ad 3004 	strh.w	r3, [sp, #4]
20000556:	f000 fb29 	bl	20000bac <dcd_event_handler>
2000055a:	f44f 6200 	mov.w	r2, #2048	@ 0x800
2000055e:	4b50      	ldr	r3, [pc, #320]	@ (200006a0 <dcd_rp2040_irq+0x304>)
20000560:	f446 4600 	orr.w	r6, r6, #32768	@ 0x8000
20000564:	651a      	str	r2, [r3, #80]	@ 0x50
20000566:	e7c5      	b.n	200004f4 <dcd_rp2040_irq+0x158>
20000568:	f894 603a 	ldrb.w	r6, [r4, #58]	@ 0x3a
2000056c:	2e00      	cmp	r6, #0
2000056e:	f43f af28 	beq.w	200003c2 <dcd_rp2040_irq+0x26>
20000572:	f894 303c 	ldrb.w	r3, [r4, #60]	@ 0x3c
20000576:	2b00      	cmp	r3, #0
20000578:	f43f af23 	beq.w	200003c2 <dcd_rp2040_irq+0x26>
2000057c:	2300      	movs	r3, #0
2000057e:	f104 0020 	add.w	r0, r4, #32
20000582:	f884 303c 	strb.w	r3, [r4, #60]	@ 0x3c
20000586:	f000 fac1 	bl	20000b0c <hw_endpoint_start_next_buffer>
2000058a:	e71a      	b.n	200003c2 <dcd_rp2040_irq+0x26>
2000058c:	f894 737a 	ldrb.w	r7, [r4, #890]	@ 0x37a
20000590:	2f00      	cmp	r7, #0
20000592:	f43f af57 	beq.w	20000444 <dcd_rp2040_irq+0xa8>
20000596:	f894 337c 	ldrb.w	r3, [r4, #892]	@ 0x37c
2000059a:	2b00      	cmp	r3, #0
2000059c:	f040 8164 	bne.w	20000868 <dcd_rp2040_irq+0x4cc>
200005a0:	f894 33bb 	ldrb.w	r3, [r4, #955]	@ 0x3bb
200005a4:	2b02      	cmp	r3, #2
200005a6:	f040 80f4 	bne.w	20000792 <dcd_rp2040_irq+0x3f6>
200005aa:	f894 33ba 	ldrb.w	r3, [r4, #954]	@ 0x3ba
200005ae:	2b00      	cmp	r3, #0
200005b0:	f040 80eb 	bne.w	2000078a <dcd_rp2040_irq+0x3ee>
200005b4:	f894 33fb 	ldrb.w	r3, [r4, #1019]	@ 0x3fb
200005b8:	2b02      	cmp	r3, #2
200005ba:	f47f af56 	bne.w	2000046a <dcd_rp2040_irq+0xce>
200005be:	463e      	mov	r6, r7
200005c0:	f894 33fa 	ldrb.w	r3, [r4, #1018]	@ 0x3fa
200005c4:	2b00      	cmp	r3, #0
200005c6:	f43f af47 	beq.w	20000458 <dcd_rp2040_irq+0xbc>
200005ca:	f894 33fc 	ldrb.w	r3, [r4, #1020]	@ 0x3fc
200005ce:	2b00      	cmp	r3, #0
200005d0:	f43f af4b 	beq.w	2000046a <dcd_rp2040_irq+0xce>
200005d4:	2300      	movs	r3, #0
200005d6:	4835      	ldr	r0, [pc, #212]	@ (200006ac <dcd_rp2040_irq+0x310>)
200005d8:	f884 33fc 	strb.w	r3, [r4, #1020]	@ 0x3fc
200005dc:	f000 fa96 	bl	20000b0c <hw_endpoint_start_next_buffer>
200005e0:	e743      	b.n	2000046a <dcd_rp2040_irq+0xce>
200005e2:	2102      	movs	r1, #2
200005e4:	4b32      	ldr	r3, [pc, #200]	@ (200006b0 <dcd_rp2040_irq+0x314>)
200005e6:	4a29      	ldr	r2, [pc, #164]	@ (2000068c <dcd_rp2040_irq+0x2f0>)
200005e8:	6619      	str	r1, [r3, #96]	@ 0x60
200005ea:	6e53      	ldr	r3, [r2, #100]	@ 0x64
200005ec:	079f      	lsls	r7, r3, #30
200005ee:	d5fc      	bpl.n	200005ea <dcd_rp2040_irq+0x24e>
200005f0:	f44f 5240 	mov.w	r2, #12288	@ 0x3000
200005f4:	2100      	movs	r1, #0
200005f6:	4827      	ldr	r0, [pc, #156]	@ (20000694 <dcd_rp2040_irq+0x2f8>)
200005f8:	f000 fa66 	bl	20000ac8 <_hw_endpoint_buffer_control_update32>
200005fc:	4825      	ldr	r0, [pc, #148]	@ (20000694 <dcd_rp2040_irq+0x2f8>)
200005fe:	f000 fa5d 	bl	20000abc <hw_endpoint_reset_transfer>
20000602:	2202      	movs	r2, #2
20000604:	4b26      	ldr	r3, [pc, #152]	@ (200006a0 <dcd_rp2040_irq+0x304>)
20000606:	665a      	str	r2, [r3, #100]	@ 0x64
20000608:	661a      	str	r2, [r3, #96]	@ 0x60
2000060a:	2301      	movs	r3, #1
2000060c:	f894 203a 	ldrb.w	r2, [r4, #58]	@ 0x3a
20000610:	70e3      	strb	r3, [r4, #3]
20000612:	2a00      	cmp	r2, #0
20000614:	f43f af53 	beq.w	200004be <dcd_rp2040_irq+0x122>
20000618:	4a25      	ldr	r2, [pc, #148]	@ (200006b0 <dcd_rp2040_irq+0x314>)
2000061a:	6613      	str	r3, [r2, #96]	@ 0x60
2000061c:	f5a2 5200 	sub.w	r2, r2, #8192	@ 0x2000
20000620:	6e53      	ldr	r3, [r2, #100]	@ 0x64
20000622:	07d8      	lsls	r0, r3, #31
20000624:	d5fc      	bpl.n	20000620 <dcd_rp2040_irq+0x284>
20000626:	f44f 5240 	mov.w	r2, #12288	@ 0x3000
2000062a:	2100      	movs	r1, #0
2000062c:	4821      	ldr	r0, [pc, #132]	@ (200006b4 <dcd_rp2040_irq+0x318>)
2000062e:	f000 fa4b 	bl	20000ac8 <_hw_endpoint_buffer_control_update32>
20000632:	4820      	ldr	r0, [pc, #128]	@ (200006b4 <dcd_rp2040_irq+0x318>)
20000634:	f000 fa42 	bl	20000abc <hw_endpoint_reset_transfer>
20000638:	2201      	movs	r2, #1
2000063a:	4b19      	ldr	r3, [pc, #100]	@ (200006a0 <dcd_rp2040_irq+0x304>)
2000063c:	665a      	str	r2, [r3, #100]	@ 0x64
2000063e:	661a      	str	r2, [r3, #96]	@ 0x60
20000640:	e73d      	b.n	200004be <dcd_rp2040_irq+0x122>
20000642:	f894 707a 	ldrb.w	r7, [r4, #122]	@ 0x7a
20000646:	2f00      	cmp	r7, #0
20000648:	f43f aec0 	beq.w	200003cc <dcd_rp2040_irq+0x30>
2000064c:	f894 307c 	ldrb.w	r3, [r4, #124]	@ 0x7c
20000650:	2b00      	cmp	r3, #0
20000652:	f040 8101 	bne.w	20000858 <dcd_rp2040_irq+0x4bc>
20000656:	463e      	mov	r6, r7
20000658:	e6b8      	b.n	200003cc <dcd_rp2040_irq+0x30>
2000065a:	f894 717a 	ldrb.w	r7, [r4, #378]	@ 0x17a
2000065e:	2f00      	cmp	r7, #0
20000660:	f43f aec8 	beq.w	200003f4 <dcd_rp2040_irq+0x58>
20000664:	f894 317c 	ldrb.w	r3, [r4, #380]	@ 0x17c
20000668:	2b00      	cmp	r3, #0
2000066a:	f040 80ed 	bne.w	20000848 <dcd_rp2040_irq+0x4ac>
2000066e:	463e      	mov	r6, r7
20000670:	e6c0      	b.n	200003f4 <dcd_rp2040_irq+0x58>
20000672:	f894 713a 	ldrb.w	r7, [r4, #314]	@ 0x13a
20000676:	2f00      	cmp	r7, #0
20000678:	f43f aeb7 	beq.w	200003ea <dcd_rp2040_irq+0x4e>
2000067c:	f894 313c 	ldrb.w	r3, [r4, #316]	@ 0x13c
20000680:	2b00      	cmp	r3, #0
20000682:	f040 80d9 	bne.w	20000838 <dcd_rp2040_irq+0x49c>
20000686:	463e      	mov	r6, r7
20000688:	e6af      	b.n	200003ea <dcd_rp2040_irq+0x4e>
2000068a:	bf00      	nop
2000068c:	50110000 	.word	0x50110000
20000690:	400b0000 	.word	0x400b0000
20000694:	20001d54 	.word	0x20001d54
20000698:	20001d4c 	.word	0x20001d4c
2000069c:	200023ca 	.word	0x200023ca
200006a0:	50113000 	.word	0x50113000
200006a4:	00020010 	.word	0x00020010
200006a8:	50100000 	.word	0x50100000
200006ac:	20002134 	.word	0x20002134
200006b0:	50112000 	.word	0x50112000
200006b4:	20001d74 	.word	0x20001d74
200006b8:	f894 70fa 	ldrb.w	r7, [r4, #250]	@ 0xfa
200006bc:	2f00      	cmp	r7, #0
200006be:	f43f ae8f 	beq.w	200003e0 <dcd_rp2040_irq+0x44>
200006c2:	f894 30fc 	ldrb.w	r3, [r4, #252]	@ 0xfc
200006c6:	2b00      	cmp	r3, #0
200006c8:	f040 808e 	bne.w	200007e8 <dcd_rp2040_irq+0x44c>
200006cc:	463e      	mov	r6, r7
200006ce:	e687      	b.n	200003e0 <dcd_rp2040_irq+0x44>
200006d0:	f894 70ba 	ldrb.w	r7, [r4, #186]	@ 0xba
200006d4:	2f00      	cmp	r7, #0
200006d6:	f43f ae7e 	beq.w	200003d6 <dcd_rp2040_irq+0x3a>
200006da:	f894 30bc 	ldrb.w	r3, [r4, #188]	@ 0xbc
200006de:	2b00      	cmp	r3, #0
200006e0:	d17a      	bne.n	200007d8 <dcd_rp2040_irq+0x43c>
200006e2:	463e      	mov	r6, r7
200006e4:	e677      	b.n	200003d6 <dcd_rp2040_irq+0x3a>
200006e6:	f894 733a 	ldrb.w	r7, [r4, #826]	@ 0x33a
200006ea:	2f00      	cmp	r7, #0
200006ec:	f43f aea5 	beq.w	2000043a <dcd_rp2040_irq+0x9e>
200006f0:	f894 333c 	ldrb.w	r3, [r4, #828]	@ 0x33c
200006f4:	2b00      	cmp	r3, #0
200006f6:	d157      	bne.n	200007a8 <dcd_rp2040_irq+0x40c>
200006f8:	463e      	mov	r6, r7
200006fa:	e69e      	b.n	2000043a <dcd_rp2040_irq+0x9e>
200006fc:	f894 72fa 	ldrb.w	r7, [r4, #762]	@ 0x2fa
20000700:	2f00      	cmp	r7, #0
20000702:	f43f ae95 	beq.w	20000430 <dcd_rp2040_irq+0x94>
20000706:	f894 32fc 	ldrb.w	r3, [r4, #764]	@ 0x2fc
2000070a:	2b00      	cmp	r3, #0
2000070c:	d15c      	bne.n	200007c8 <dcd_rp2040_irq+0x42c>
2000070e:	463e      	mov	r6, r7
20000710:	e68e      	b.n	20000430 <dcd_rp2040_irq+0x94>
20000712:	f894 72ba 	ldrb.w	r7, [r4, #698]	@ 0x2ba
20000716:	2f00      	cmp	r7, #0
20000718:	f43f ae85 	beq.w	20000426 <dcd_rp2040_irq+0x8a>
2000071c:	f894 32bc 	ldrb.w	r3, [r4, #700]	@ 0x2bc
20000720:	2b00      	cmp	r3, #0
20000722:	d149      	bne.n	200007b8 <dcd_rp2040_irq+0x41c>
20000724:	463e      	mov	r6, r7
20000726:	e67e      	b.n	20000426 <dcd_rp2040_irq+0x8a>
20000728:	f894 727a 	ldrb.w	r7, [r4, #634]	@ 0x27a
2000072c:	2f00      	cmp	r7, #0
2000072e:	f43f ae75 	beq.w	2000041c <dcd_rp2040_irq+0x80>
20000732:	f894 327c 	ldrb.w	r3, [r4, #636]	@ 0x27c
20000736:	2b00      	cmp	r3, #0
20000738:	d176      	bne.n	20000828 <dcd_rp2040_irq+0x48c>
2000073a:	463e      	mov	r6, r7
2000073c:	e66e      	b.n	2000041c <dcd_rp2040_irq+0x80>
2000073e:	f894 723a 	ldrb.w	r7, [r4, #570]	@ 0x23a
20000742:	2f00      	cmp	r7, #0
20000744:	f43f ae65 	beq.w	20000412 <dcd_rp2040_irq+0x76>
20000748:	f894 323c 	ldrb.w	r3, [r4, #572]	@ 0x23c
2000074c:	2b00      	cmp	r3, #0
2000074e:	d163      	bne.n	20000818 <dcd_rp2040_irq+0x47c>
20000750:	463e      	mov	r6, r7
20000752:	e65e      	b.n	20000412 <dcd_rp2040_irq+0x76>
20000754:	f894 71fa 	ldrb.w	r7, [r4, #506]	@ 0x1fa
20000758:	2f00      	cmp	r7, #0
2000075a:	f43f ae55 	beq.w	20000408 <dcd_rp2040_irq+0x6c>
2000075e:	f894 31fc 	ldrb.w	r3, [r4, #508]	@ 0x1fc
20000762:	2b00      	cmp	r3, #0
20000764:	d150      	bne.n	20000808 <dcd_rp2040_irq+0x46c>
20000766:	463e      	mov	r6, r7
20000768:	e64e      	b.n	20000408 <dcd_rp2040_irq+0x6c>
2000076a:	f894 71ba 	ldrb.w	r7, [r4, #442]	@ 0x1ba
2000076e:	2f00      	cmp	r7, #0
20000770:	f43f ae45 	beq.w	200003fe <dcd_rp2040_irq+0x62>
20000774:	f894 31bc 	ldrb.w	r3, [r4, #444]	@ 0x1bc
20000778:	2b00      	cmp	r3, #0
2000077a:	d13d      	bne.n	200007f8 <dcd_rp2040_irq+0x45c>
2000077c:	463e      	mov	r6, r7
2000077e:	e63e      	b.n	200003fe <dcd_rp2040_irq+0x62>
20000780:	f894 33ba 	ldrb.w	r3, [r4, #954]	@ 0x3ba
20000784:	2b00      	cmp	r3, #0
20000786:	f43f ae62 	beq.w	2000044e <dcd_rp2040_irq+0xb2>
2000078a:	f894 33bc 	ldrb.w	r3, [r4, #956]	@ 0x3bc
2000078e:	2b00      	cmp	r3, #0
20000790:	d171      	bne.n	20000876 <dcd_rp2040_irq+0x4da>
20000792:	f894 33fb 	ldrb.w	r3, [r4, #1019]	@ 0x3fb
20000796:	2b02      	cmp	r3, #2
20000798:	f47f ae67 	bne.w	2000046a <dcd_rp2040_irq+0xce>
2000079c:	f894 33fa 	ldrb.w	r3, [r4, #1018]	@ 0x3fa
200007a0:	2b00      	cmp	r3, #0
200007a2:	f43f ae62 	beq.w	2000046a <dcd_rp2040_irq+0xce>
200007a6:	e710      	b.n	200005ca <dcd_rp2040_irq+0x22e>
200007a8:	2300      	movs	r3, #0
200007aa:	4839      	ldr	r0, [pc, #228]	@ (20000890 <dcd_rp2040_irq+0x4f4>)
200007ac:	f884 333c 	strb.w	r3, [r4, #828]	@ 0x33c
200007b0:	463e      	mov	r6, r7
200007b2:	f000 f9ab 	bl	20000b0c <hw_endpoint_start_next_buffer>
200007b6:	e640      	b.n	2000043a <dcd_rp2040_irq+0x9e>
200007b8:	2300      	movs	r3, #0
200007ba:	4836      	ldr	r0, [pc, #216]	@ (20000894 <dcd_rp2040_irq+0x4f8>)
200007bc:	f884 32bc 	strb.w	r3, [r4, #700]	@ 0x2bc
200007c0:	463e      	mov	r6, r7
200007c2:	f000 f9a3 	bl	20000b0c <hw_endpoint_start_next_buffer>
200007c6:	e62e      	b.n	20000426 <dcd_rp2040_irq+0x8a>
200007c8:	2300      	movs	r3, #0
200007ca:	4833      	ldr	r0, [pc, #204]	@ (20000898 <dcd_rp2040_irq+0x4fc>)
200007cc:	f884 32fc 	strb.w	r3, [r4, #764]	@ 0x2fc
200007d0:	463e      	mov	r6, r7
200007d2:	f000 f99b 	bl	20000b0c <hw_endpoint_start_next_buffer>
200007d6:	e62b      	b.n	20000430 <dcd_rp2040_irq+0x94>
200007d8:	2300      	movs	r3, #0
200007da:	4830      	ldr	r0, [pc, #192]	@ (2000089c <dcd_rp2040_irq+0x500>)
200007dc:	f884 30bc 	strb.w	r3, [r4, #188]	@ 0xbc
200007e0:	463e      	mov	r6, r7
200007e2:	f000 f993 	bl	20000b0c <hw_endpoint_start_next_buffer>
200007e6:	e5f6      	b.n	200003d6 <dcd_rp2040_irq+0x3a>
200007e8:	2300      	movs	r3, #0
200007ea:	482d      	ldr	r0, [pc, #180]	@ (200008a0 <dcd_rp2040_irq+0x504>)
200007ec:	f884 30fc 	strb.w	r3, [r4, #252]	@ 0xfc
200007f0:	463e      	mov	r6, r7
200007f2:	f000 f98b 	bl	20000b0c <hw_endpoint_start_next_buffer>
200007f6:	e5f3      	b.n	200003e0 <dcd_rp2040_irq+0x44>
200007f8:	2300      	movs	r3, #0
200007fa:	482a      	ldr	r0, [pc, #168]	@ (200008a4 <dcd_rp2040_irq+0x508>)
200007fc:	f884 31bc 	strb.w	r3, [r4, #444]	@ 0x1bc
20000800:	463e      	mov	r6, r7
20000802:	f000 f983 	bl	20000b0c <hw_endpoint_start_next_buffer>
20000806:	e5fa      	b.n	200003fe <dcd_rp2040_irq+0x62>
20000808:	2300      	movs	r3, #0
2000080a:	4827      	ldr	r0, [pc, #156]	@ (200008a8 <dcd_rp2040_irq+0x50c>)
2000080c:	f884 31fc 	strb.w	r3, [r4, #508]	@ 0x1fc
20000810:	463e      	mov	r6, r7
20000812:	f000 f97b 	bl	20000b0c <hw_endpoint_start_next_buffer>
20000816:	e5f7      	b.n	20000408 <dcd_rp2040_irq+0x6c>
20000818:	2300      	movs	r3, #0
2000081a:	4824      	ldr	r0, [pc, #144]	@ (200008ac <dcd_rp2040_irq+0x510>)
2000081c:	f884 323c 	strb.w	r3, [r4, #572]	@ 0x23c
20000820:	463e      	mov	r6, r7
20000822:	f000 f973 	bl	20000b0c <hw_endpoint_start_next_buffer>
20000826:	e5f4      	b.n	20000412 <dcd_rp2040_irq+0x76>
20000828:	2300      	movs	r3, #0
2000082a:	4821      	ldr	r0, [pc, #132]	@ (200008b0 <dcd_rp2040_irq+0x514>)
2000082c:	f884 327c 	strb.w	r3, [r4, #636]	@ 0x27c
20000830:	463e      	mov	r6, r7
20000832:	f000 f96b 	bl	20000b0c <hw_endpoint_start_next_buffer>
20000836:	e5f1      	b.n	2000041c <dcd_rp2040_irq+0x80>
20000838:	2300      	movs	r3, #0
2000083a:	481e      	ldr	r0, [pc, #120]	@ (200008b4 <dcd_rp2040_irq+0x518>)
2000083c:	f884 313c 	strb.w	r3, [r4, #316]	@ 0x13c
20000840:	463e      	mov	r6, r7
20000842:	f000 f963 	bl	20000b0c <hw_endpoint_start_next_buffer>
20000846:	e5d0      	b.n	200003ea <dcd_rp2040_irq+0x4e>
20000848:	2300      	movs	r3, #0
2000084a:	481b      	ldr	r0, [pc, #108]	@ (200008b8 <dcd_rp2040_irq+0x51c>)
2000084c:	f884 317c 	strb.w	r3, [r4, #380]	@ 0x17c
20000850:	463e      	mov	r6, r7
20000852:	f000 f95b 	bl	20000b0c <hw_endpoint_start_next_buffer>
20000856:	e5cd      	b.n	200003f4 <dcd_rp2040_irq+0x58>
20000858:	2300      	movs	r3, #0
2000085a:	4818      	ldr	r0, [pc, #96]	@ (200008bc <dcd_rp2040_irq+0x520>)
2000085c:	f884 307c 	strb.w	r3, [r4, #124]	@ 0x7c
20000860:	463e      	mov	r6, r7
20000862:	f000 f953 	bl	20000b0c <hw_endpoint_start_next_buffer>
20000866:	e5b1      	b.n	200003cc <dcd_rp2040_irq+0x30>
20000868:	2300      	movs	r3, #0
2000086a:	4815      	ldr	r0, [pc, #84]	@ (200008c0 <dcd_rp2040_irq+0x524>)
2000086c:	f884 337c 	strb.w	r3, [r4, #892]	@ 0x37c
20000870:	f000 f94c 	bl	20000b0c <hw_endpoint_start_next_buffer>
20000874:	e694      	b.n	200005a0 <dcd_rp2040_irq+0x204>
20000876:	2300      	movs	r3, #0
20000878:	4812      	ldr	r0, [pc, #72]	@ (200008c4 <dcd_rp2040_irq+0x528>)
2000087a:	f884 33bc 	strb.w	r3, [r4, #956]	@ 0x3bc
2000087e:	f000 f945 	bl	20000b0c <hw_endpoint_start_next_buffer>
20000882:	e786      	b.n	20000792 <dcd_rp2040_irq+0x3f6>
20000884:	4810      	ldr	r0, [pc, #64]	@ (200008c8 <dcd_rp2040_irq+0x52c>)
20000886:	ea86 0105 	eor.w	r1, r6, r5
2000088a:	f000 fe1d 	bl	200014c8 <__panic_veneer>
2000088e:	bf00      	nop
20000890:	20002074 	.word	0x20002074
20000894:	20001ff4 	.word	0x20001ff4
20000898:	20002034 	.word	0x20002034
2000089c:	20001df4 	.word	0x20001df4
200008a0:	20001e34 	.word	0x20001e34
200008a4:	20001ef4 	.word	0x20001ef4
200008a8:	20001f34 	.word	0x20001f34
200008ac:	20001f74 	.word	0x20001f74
200008b0:	20001fb4 	.word	0x20001fb4
200008b4:	20001e74 	.word	0x20001e74
200008b8:	20001eb4 	.word	0x20001eb4
200008bc:	20001db4 	.word	0x20001db4
200008c0:	200020b4 	.word	0x200020b4
200008c4:	200020f4 	.word	0x200020f4
200008c8:	10006880 	.word	0x10006880

200008cc <prepare_ep_buffer>:
200008cc:	e92d 47f0 	stmdb	sp!, {r4, r5, r6, r7, r8, r9, sl, lr}
200008d0:	8a84      	ldrh	r4, [r0, #20]
200008d2:	8b05      	ldrh	r5, [r0, #24]
200008d4:	78c2      	ldrb	r2, [r0, #3]
200008d6:	42a5      	cmp	r5, r4
200008d8:	bf28      	it	cs
200008da:	4625      	movcs	r5, r4
200008dc:	1e17      	subs	r7, r2, #0
200008de:	bf18      	it	ne
200008e0:	2701      	movne	r7, #1
200008e2:	1b64      	subs	r4, r4, r5
200008e4:	7846      	ldrb	r6, [r0, #1]
200008e6:	f082 0201 	eor.w	r2, r2, #1
200008ea:	b2a4      	uxth	r4, r4
200008ec:	4603      	mov	r3, r0
200008ee:	70c2      	strb	r2, [r0, #3]
200008f0:	8284      	strh	r4, [r0, #20]
200008f2:	f445 6080 	orr.w	r0, r5, #1024	@ 0x400
200008f6:	ea40 3047 	orr.w	r0, r0, r7, lsl #13
200008fa:	bba6      	cbnz	r6, 20000966 <prepare_ep_buffer+0x9a>
200008fc:	e9d3 2603 	ldrd	r2, r6, [r3, #12]
20000900:	1e6f      	subs	r7, r5, #1
20000902:	eb02 1e81 	add.w	lr, r2, r1, lsl #6
20000906:	b355      	cbz	r5, 2000095e <prepare_ep_buffer+0x92>
20000908:	2f05      	cmp	r7, #5
2000090a:	bf98      	it	ls
2000090c:	1c72      	addls	r2, r6, #1
2000090e:	d931      	bls.n	20000974 <prepare_ep_buffer+0xa8>
20000910:	eb02 1c81 	add.w	ip, r2, r1, lsl #6
20000914:	1c72      	adds	r2, r6, #1
20000916:	ebac 0402 	sub.w	r4, ip, r2
2000091a:	2c02      	cmp	r4, #2
2000091c:	d92a      	bls.n	20000974 <prepare_ep_buffer+0xa8>
2000091e:	4632      	mov	r2, r6
20000920:	ea4f 0995 	mov.w	r9, r5, lsr #2
20000924:	ea4f 0a89 	mov.w	sl, r9, lsl #2
20000928:	eb06 0889 	add.w	r8, r6, r9, lsl #2
2000092c:	f852 4b04 	ldr.w	r4, [r2], #4
20000930:	4542      	cmp	r2, r8
20000932:	f84c 4b04 	str.w	r4, [ip], #4
20000936:	d1f9      	bne.n	2000092c <prepare_ep_buffer+0x60>
20000938:	4555      	cmp	r5, sl
2000093a:	eba7 070a 	sub.w	r7, r7, sl
2000093e:	eb0e 040a 	add.w	r4, lr, sl
20000942:	d00a      	beq.n	2000095a <prepare_ep_buffer+0x8e>
20000944:	f816 6029 	ldrb.w	r6, [r6, r9, lsl #2]
20000948:	f80e 6029 	strb.w	r6, [lr, r9, lsl #2]
2000094c:	b12f      	cbz	r7, 2000095a <prepare_ep_buffer+0x8e>
2000094e:	7856      	ldrb	r6, [r2, #1]
20000950:	2f01      	cmp	r7, #1
20000952:	7066      	strb	r6, [r4, #1]
20000954:	d001      	beq.n	2000095a <prepare_ep_buffer+0x8e>
20000956:	7892      	ldrb	r2, [r2, #2]
20000958:	70a2      	strb	r2, [r4, #2]
2000095a:	691e      	ldr	r6, [r3, #16]
2000095c:	8a9c      	ldrh	r4, [r3, #20]
2000095e:	442e      	add	r6, r5
20000960:	611e      	str	r6, [r3, #16]
20000962:	f440 4000 	orr.w	r0, r0, #32768	@ 0x8000
20000966:	b90c      	cbnz	r4, 2000096c <prepare_ep_buffer+0xa0>
20000968:	f440 4080 	orr.w	r0, r0, #16384	@ 0x4000
2000096c:	b101      	cbz	r1, 20000970 <prepare_ep_buffer+0xa4>
2000096e:	0400      	lsls	r0, r0, #16
20000970:	e8bd 87f0 	ldmia.w	sp!, {r4, r5, r6, r7, r8, r9, sl, pc}
20000974:	f10e 3eff 	add.w	lr, lr, #4294967295	@ 0xffffffff
20000978:	442e      	add	r6, r5
2000097a:	e000      	b.n	2000097e <prepare_ep_buffer+0xb2>
2000097c:	3201      	adds	r2, #1
2000097e:	f812 4c01 	ldrb.w	r4, [r2, #-1]
20000982:	42b2      	cmp	r2, r6
20000984:	f80e 4f01 	strb.w	r4, [lr, #1]!
20000988:	d1f8      	bne.n	2000097c <prepare_ep_buffer+0xb0>
2000098a:	e7e6      	b.n	2000095a <prepare_ep_buffer+0x8e>

2000098c <sync_ep_buffer>:
2000098c:	6883      	ldr	r3, [r0, #8]
2000098e:	4602      	mov	r2, r0
20000990:	6818      	ldr	r0, [r3, #0]
20000992:	b101      	cbz	r1, 20000996 <sync_ep_buffer+0xa>
20000994:	0c00      	lsrs	r0, r0, #16
20000996:	7853      	ldrb	r3, [r2, #1]
20000998:	f3c0 0009 	ubfx	r0, r0, #0, #10
2000099c:	2b00      	cmp	r3, #0
2000099e:	d03c      	beq.n	20000a1a <sync_ep_buffer+0x8e>
200009a0:	e92d 41f0 	stmdb	sp!, {r4, r5, r6, r7, r8, lr}
200009a4:	e9d2 3403 	ldrd	r3, r4, [r2, #12]
200009a8:	1e46      	subs	r6, r0, #1
200009aa:	eb03 1e81 	add.w	lr, r3, r1, lsl #6
200009ae:	b340      	cbz	r0, 20000a02 <sync_ep_buffer+0x76>
200009b0:	2e05      	cmp	r6, #5
200009b2:	d93b      	bls.n	20000a2c <sync_ep_buffer+0xa0>
200009b4:	0189      	lsls	r1, r1, #6
200009b6:	1c4d      	adds	r5, r1, #1
200009b8:	441d      	add	r5, r3
200009ba:	1b65      	subs	r5, r4, r5
200009bc:	2d02      	cmp	r5, #2
200009be:	d935      	bls.n	20000a2c <sync_ep_buffer+0xa0>
200009c0:	4673      	mov	r3, lr
200009c2:	4621      	mov	r1, r4
200009c4:	f400 777f 	and.w	r7, r0, #1020	@ 0x3fc
200009c8:	ea4f 0890 	mov.w	r8, r0, lsr #2
200009cc:	18fd      	adds	r5, r7, r3
200009ce:	f853 cb04 	ldr.w	ip, [r3], #4
200009d2:	42ab      	cmp	r3, r5
200009d4:	f841 cb04 	str.w	ip, [r1], #4
200009d8:	d1f9      	bne.n	200009ce <sync_ep_buffer+0x42>
200009da:	42b8      	cmp	r0, r7
200009dc:	eba6 0607 	sub.w	r6, r6, r7
200009e0:	eb04 0307 	add.w	r3, r4, r7
200009e4:	eb0e 0107 	add.w	r1, lr, r7
200009e8:	d00a      	beq.n	20000a00 <sync_ep_buffer+0x74>
200009ea:	f81e 5028 	ldrb.w	r5, [lr, r8, lsl #2]
200009ee:	f804 5028 	strb.w	r5, [r4, r8, lsl #2]
200009f2:	b12e      	cbz	r6, 20000a00 <sync_ep_buffer+0x74>
200009f4:	784c      	ldrb	r4, [r1, #1]
200009f6:	2e01      	cmp	r6, #1
200009f8:	705c      	strb	r4, [r3, #1]
200009fa:	d001      	beq.n	20000a00 <sync_ep_buffer+0x74>
200009fc:	7889      	ldrb	r1, [r1, #2]
200009fe:	7099      	strb	r1, [r3, #2]
20000a00:	6914      	ldr	r4, [r2, #16]
20000a02:	8ad3      	ldrh	r3, [r2, #22]
20000a04:	4404      	add	r4, r0
20000a06:	4403      	add	r3, r0
20000a08:	82d3      	strh	r3, [r2, #22]
20000a0a:	8b13      	ldrh	r3, [r2, #24]
20000a0c:	6114      	str	r4, [r2, #16]
20000a0e:	4283      	cmp	r3, r0
20000a10:	bf84      	itt	hi
20000a12:	2300      	movhi	r3, #0
20000a14:	8293      	strhhi	r3, [r2, #20]
20000a16:	e8bd 81f0 	ldmia.w	sp!, {r4, r5, r6, r7, r8, pc}
20000a1a:	8ad3      	ldrh	r3, [r2, #22]
20000a1c:	4403      	add	r3, r0
20000a1e:	82d3      	strh	r3, [r2, #22]
20000a20:	8b13      	ldrh	r3, [r2, #24]
20000a22:	4283      	cmp	r3, r0
20000a24:	bf84      	itt	hi
20000a26:	2300      	movhi	r3, #0
20000a28:	8293      	strhhi	r3, [r2, #20]
20000a2a:	4770      	bx	lr
20000a2c:	3c01      	subs	r4, #1
20000a2e:	eb0e 0100 	add.w	r1, lr, r0
20000a32:	f81e 3b01 	ldrb.w	r3, [lr], #1
20000a36:	4571      	cmp	r1, lr
20000a38:	f804 3f01 	strb.w	r3, [r4, #1]!
20000a3c:	d1f9      	bne.n	20000a32 <sync_ep_buffer+0xa6>
20000a3e:	e7df      	b.n	20000a00 <sync_ep_buffer+0x74>

20000a40 <_hw_endpoint_xfer_sync>:
20000a40:	b510      	push	{r4, lr}
20000a42:	4604      	mov	r4, r0
20000a44:	6883      	ldr	r3, [r0, #8]
20000a46:	2100      	movs	r1, #0
20000a48:	681b      	ldr	r3, [r3, #0]
20000a4a:	f7ff ff9f 	bl	2000098c <sync_ep_buffer>
20000a4e:	6863      	ldr	r3, [r4, #4]
20000a50:	681b      	ldr	r3, [r3, #0]
20000a52:	005b      	lsls	r3, r3, #1
20000a54:	d502      	bpl.n	20000a5c <_hw_endpoint_xfer_sync+0x1c>
20000a56:	8b23      	ldrh	r3, [r4, #24]
20000a58:	4283      	cmp	r3, r0
20000a5a:	d000      	beq.n	20000a5e <_hw_endpoint_xfer_sync+0x1e>
20000a5c:	bd10      	pop	{r4, pc}
20000a5e:	4620      	mov	r0, r4
20000a60:	e8bd 4010 	ldmia.w	sp!, {r4, lr}
20000a64:	2101      	movs	r1, #1
20000a66:	f7ff bf91 	b.w	2000098c <sync_ep_buffer>
20000a6a:	bf00      	nop

20000a6c <e15_is_bulkin_ep>:
20000a6c:	4b08      	ldr	r3, [pc, #32]	@ (20000a90 <e15_is_bulkin_ep+0x24>)
20000a6e:	6c1b      	ldr	r3, [r3, #64]	@ 0x40
20000a70:	f013 0302 	ands.w	r3, r3, #2
20000a74:	d102      	bne.n	20000a7c <e15_is_bulkin_ep+0x10>
20000a76:	7882      	ldrb	r2, [r0, #2]
20000a78:	09d2      	lsrs	r2, r2, #7
20000a7a:	d101      	bne.n	20000a80 <e15_is_bulkin_ep+0x14>
20000a7c:	2000      	movs	r0, #0
20000a7e:	4770      	bx	lr
20000a80:	7ec0      	ldrb	r0, [r0, #27]
20000a82:	f1a0 0002 	sub.w	r0, r0, #2
20000a86:	fab0 f080 	clz	r0, r0
20000a8a:	0940      	lsrs	r0, r0, #5
20000a8c:	4770      	bx	lr
20000a8e:	bf00      	nop
20000a90:	50110000 	.word	0x50110000

20000a94 <e15_is_critical_frame_period>:
20000a94:	b508      	push	{r3, lr}
20000a96:	f7ff ffe9 	bl	20000a6c <e15_is_bulkin_ep>
20000a9a:	b150      	cbz	r0, 20000ab2 <e15_is_critical_frame_period+0x1e>
20000a9c:	4a05      	ldr	r2, [pc, #20]	@ (20000ab4 <e15_is_critical_frame_period+0x20>)
20000a9e:	4b06      	ldr	r3, [pc, #24]	@ (20000ab8 <e15_is_critical_frame_period+0x24>)
20000aa0:	6a90      	ldr	r0, [r2, #40]	@ 0x28
20000aa2:	681b      	ldr	r3, [r3, #0]
20000aa4:	f5a0 7048 	sub.w	r0, r0, #800	@ 0x320
20000aa8:	1ac0      	subs	r0, r0, r3
20000aaa:	28c6      	cmp	r0, #198	@ 0xc6
20000aac:	bf8c      	ite	hi
20000aae:	2000      	movhi	r0, #0
20000ab0:	2001      	movls	r0, #1
20000ab2:	bd08      	pop	{r3, pc}
20000ab4:	400b0000 	.word	0x400b0000
20000ab8:	20001d4c 	.word	0x20001d4c

20000abc <hw_endpoint_reset_transfer>:
20000abc:	2300      	movs	r3, #0
20000abe:	e9c0 3304 	strd	r3, r3, [r0, #16]
20000ac2:	7683      	strb	r3, [r0, #26]
20000ac4:	4770      	bx	lr
20000ac6:	bf00      	nop

20000ac8 <_hw_endpoint_buffer_control_update32>:
20000ac8:	b510      	push	{r4, lr}
20000aca:	6883      	ldr	r3, [r0, #8]
20000acc:	b109      	cbz	r1, 20000ad2 <_hw_endpoint_buffer_control_update32+0xa>
20000ace:	681c      	ldr	r4, [r3, #0]
20000ad0:	4021      	ands	r1, r4
20000ad2:	b182      	cbz	r2, 20000af6 <_hw_endpoint_buffer_control_update32+0x2e>
20000ad4:	4311      	orrs	r1, r2
20000ad6:	0552      	lsls	r2, r2, #21
20000ad8:	d50d      	bpl.n	20000af6 <_hw_endpoint_buffer_control_update32+0x2e>
20000ada:	681a      	ldr	r2, [r3, #0]
20000adc:	0554      	lsls	r4, r2, #21
20000ade:	d40c      	bmi.n	20000afa <_hw_endpoint_buffer_control_update32+0x32>
20000ae0:	4a08      	ldr	r2, [pc, #32]	@ (20000b04 <_hw_endpoint_buffer_control_update32+0x3c>)
20000ae2:	f421 6480 	bic.w	r4, r1, #1024	@ 0x400
20000ae6:	601c      	str	r4, [r3, #0]
20000ae8:	6c12      	ldr	r2, [r2, #64]	@ 0x40
20000aea:	0792      	lsls	r2, r2, #30
20000aec:	d403      	bmi.n	20000af6 <_hw_endpoint_buffer_control_update32+0x2e>
20000aee:	230c      	movs	r3, #12
20000af0:	3b03      	subs	r3, #3
20000af2:	d2fd      	bcs.n	20000af0 <_hw_endpoint_buffer_control_update32+0x28>
20000af4:	6883      	ldr	r3, [r0, #8]
20000af6:	6019      	str	r1, [r3, #0]
20000af8:	bd10      	pop	{r4, pc}
20000afa:	7881      	ldrb	r1, [r0, #2]
20000afc:	4802      	ldr	r0, [pc, #8]	@ (20000b08 <_hw_endpoint_buffer_control_update32+0x40>)
20000afe:	f000 fce3 	bl	200014c8 <__panic_veneer>
20000b02:	bf00      	nop
20000b04:	50110000 	.word	0x50110000
20000b08:	10006894 	.word	0x10006894

20000b0c <hw_endpoint_start_next_buffer>:
20000b0c:	b530      	push	{r4, r5, lr}
20000b0e:	6843      	ldr	r3, [r0, #4]
20000b10:	2100      	movs	r1, #0
20000b12:	b083      	sub	sp, #12
20000b14:	4604      	mov	r4, r0
20000b16:	681d      	ldr	r5, [r3, #0]
20000b18:	f7ff fed8 	bl	200008cc <prepare_ep_buffer>
20000b1c:	4b13      	ldr	r3, [pc, #76]	@ (20000b6c <hw_endpoint_start_next_buffer+0x60>)
20000b1e:	f440 5280 	orr.w	r2, r0, #4096	@ 0x1000
20000b22:	6c19      	ldr	r1, [r3, #64]	@ 0x40
20000b24:	78a3      	ldrb	r3, [r4, #2]
20000b26:	0789      	lsls	r1, r1, #30
20000b28:	d50e      	bpl.n	20000b48 <hw_endpoint_start_next_buffer+0x3c>
20000b2a:	065b      	lsls	r3, r3, #25
20000b2c:	d00e      	beq.n	20000b4c <hw_endpoint_start_next_buffer+0x40>
20000b2e:	f025 45a0 	bic.w	r5, r5, #1342177280	@ 0x50000000
20000b32:	f045 5500 	orr.w	r5, r5, #536870912	@ 0x20000000
20000b36:	2100      	movs	r1, #0
20000b38:	4620      	mov	r0, r4
20000b3a:	6863      	ldr	r3, [r4, #4]
20000b3c:	601d      	str	r5, [r3, #0]
20000b3e:	b003      	add	sp, #12
20000b40:	e8bd 4030 	ldmia.w	sp!, {r4, r5, lr}
20000b44:	f7ff bfc0 	b.w	20000ac8 <_hw_endpoint_buffer_control_update32>
20000b48:	09db      	lsrs	r3, r3, #7
20000b4a:	d0f0      	beq.n	20000b2e <hw_endpoint_start_next_buffer+0x22>
20000b4c:	8aa3      	ldrh	r3, [r4, #20]
20000b4e:	2b00      	cmp	r3, #0
20000b50:	d0ed      	beq.n	20000b2e <hw_endpoint_start_next_buffer+0x22>
20000b52:	2101      	movs	r1, #1
20000b54:	4620      	mov	r0, r4
20000b56:	9201      	str	r2, [sp, #4]
20000b58:	f7ff feb8 	bl	200008cc <prepare_ep_buffer>
20000b5c:	9a01      	ldr	r2, [sp, #4]
20000b5e:	f025 5500 	bic.w	r5, r5, #536870912	@ 0x20000000
20000b62:	4302      	orrs	r2, r0
20000b64:	f045 45a0 	orr.w	r5, r5, #1342177280	@ 0x50000000
20000b68:	e7e5      	b.n	20000b36 <hw_endpoint_start_next_buffer+0x2a>
20000b6a:	bf00      	nop
20000b6c:	50110000 	.word	0x50110000

20000b70 <hw_endpoint_xfer_continue>:
20000b70:	b538      	push	{r3, r4, r5, lr}
20000b72:	7e85      	ldrb	r5, [r0, #26]
20000b74:	4604      	mov	r4, r0
20000b76:	b195      	cbz	r5, 20000b9e <hw_endpoint_xfer_continue+0x2e>
20000b78:	f7ff ff62 	bl	20000a40 <_hw_endpoint_xfer_sync>
20000b7c:	8aa3      	ldrh	r3, [r4, #20]
20000b7e:	b90b      	cbnz	r3, 20000b84 <hw_endpoint_xfer_continue+0x14>
20000b80:	4628      	mov	r0, r5
20000b82:	bd38      	pop	{r3, r4, r5, pc}
20000b84:	4620      	mov	r0, r4
20000b86:	f7ff ff85 	bl	20000a94 <e15_is_critical_frame_period>
20000b8a:	b120      	cbz	r0, 20000b96 <hw_endpoint_xfer_continue+0x26>
20000b8c:	2301      	movs	r3, #1
20000b8e:	7723      	strb	r3, [r4, #28]
20000b90:	2500      	movs	r5, #0
20000b92:	4628      	mov	r0, r5
20000b94:	bd38      	pop	{r3, r4, r5, pc}
20000b96:	4620      	mov	r0, r4
20000b98:	f7ff ffb8 	bl	20000b0c <hw_endpoint_start_next_buffer>
20000b9c:	e7f8      	b.n	20000b90 <hw_endpoint_xfer_continue+0x20>
20000b9e:	7881      	ldrb	r1, [r0, #2]
20000ba0:	4801      	ldr	r0, [pc, #4]	@ (20000ba8 <hw_endpoint_xfer_continue+0x38>)
20000ba2:	f000 fc91 	bl	200014c8 <__panic_veneer>
20000ba6:	bf00      	nop
20000ba8:	100068b4 	.word	0x100068b4

20000bac <dcd_event_handler>:
20000bac:	e92d 43f0 	stmdb	sp!, {r4, r5, r6, r7, r8, r9, lr}
20000bb0:	7843      	ldrb	r3, [r0, #1]
20000bb2:	4681      	mov	r9, r0
20000bb4:	3b02      	subs	r3, #2
20000bb6:	460d      	mov	r5, r1
20000bb8:	b085      	sub	sp, #20
20000bba:	2b04      	cmp	r3, #4
20000bbc:	d813      	bhi.n	20000be6 <dcd_event_handler+0x3a>
20000bbe:	e8df f003 	tbb	[pc, r3]
20000bc2:	4a03      	.short	0x4a03
20000bc4:	736a      	.short	0x736a
20000bc6:	44          	.byte	0x44
20000bc7:	00          	.byte	0x00
20000bc8:	2100      	movs	r1, #0
20000bca:	4b7b      	ldr	r3, [pc, #492]	@ (20000db8 <dcd_event_handler+0x20c>)
20000bcc:	781a      	ldrb	r2, [r3, #0]
20000bce:	f022 0201 	bic.w	r2, r2, #1
20000bd2:	701a      	strb	r2, [r3, #0]
20000bd4:	781a      	ldrb	r2, [r3, #0]
20000bd6:	f022 0202 	bic.w	r2, r2, #2
20000bda:	701a      	strb	r2, [r3, #0]
20000bdc:	7059      	strb	r1, [r3, #1]
20000bde:	781a      	ldrb	r2, [r3, #0]
20000be0:	f361 0282 	bfi	r2, r1, #2, #1
20000be4:	701a      	strb	r2, [r3, #0]
20000be6:	4b75      	ldr	r3, [pc, #468]	@ (20000dbc <dcd_event_handler+0x210>)
20000be8:	681c      	ldr	r4, [r3, #0]
20000bea:	6963      	ldr	r3, [r4, #20]
20000bec:	f3ef 8210 	mrs	r2, PRIMASK
20000bf0:	b672      	cpsid	i
20000bf2:	e8d3 0fcf 	ldaexb	r0, [r3]
20000bf6:	2101      	movs	r1, #1
20000bf8:	2800      	cmp	r0, #0
20000bfa:	d1fa      	bne.n	20000bf2 <dcd_event_handler+0x46>
20000bfc:	e8c3 1f40 	strexb	r0, r1, [r3]
20000c00:	2800      	cmp	r0, #0
20000c02:	d1f6      	bne.n	20000bf2 <dcd_event_handler+0x46>
20000c04:	f3bf 8f5f 	dmb	sy
20000c08:	61a2      	str	r2, [r4, #24]
20000c0a:	4649      	mov	r1, r9
20000c0c:	4620      	mov	r0, r4
20000c0e:	f000 fc63 	bl	200014d8 <__tu_fifo_write_veneer>
20000c12:	2300      	movs	r3, #0
20000c14:	6962      	ldr	r2, [r4, #20]
20000c16:	e8c2 3f8f 	stlb	r3, [r2]
20000c1a:	69a3      	ldr	r3, [r4, #24]
20000c1c:	f383 8810 	msr	PRIMASK, r3
20000c20:	b948      	cbnz	r0, 20000c36 <dcd_event_handler+0x8a>
20000c22:	f04f 23e0 	mov.w	r3, #3758153728	@ 0xe000e000
20000c26:	f8d3 3df0 	ldr.w	r3, [r3, #3568]	@ 0xdf0
20000c2a:	07db      	lsls	r3, r3, #31
20000c2c:	d50a      	bpl.n	20000c44 <dcd_event_handler+0x98>
20000c2e:	be00      	bkpt	0x0000
20000c30:	b005      	add	sp, #20
20000c32:	e8bd 83f0 	ldmia.w	sp!, {r4, r5, r6, r7, r8, r9, pc}
20000c36:	462a      	mov	r2, r5
20000c38:	f899 1001 	ldrb.w	r1, [r9, #1]
20000c3c:	f899 0000 	ldrb.w	r0, [r9]
20000c40:	f000 fc46 	bl	200014d0 <__tud_event_hook_cb_veneer>
20000c44:	b005      	add	sp, #20
20000c46:	e8bd 83f0 	ldmia.w	sp!, {r4, r5, r6, r7, r8, r9, pc}
20000c4a:	4a5d      	ldr	r2, [pc, #372]	@ (20000dc0 <dcd_event_handler+0x214>)
20000c4c:	7813      	ldrb	r3, [r2, #0]
20000c4e:	3301      	adds	r3, #1
20000c50:	b2db      	uxtb	r3, r3
20000c52:	7013      	strb	r3, [r2, #0]
20000c54:	e7c7      	b.n	20000be6 <dcd_event_handler+0x3a>
20000c56:	2400      	movs	r4, #0
20000c58:	4e5a      	ldr	r6, [pc, #360]	@ (20000dc4 <dcd_event_handler+0x218>)
20000c5a:	4623      	mov	r3, r4
20000c5c:	7831      	ldrb	r1, [r6, #0]
20000c5e:	f8df 816c 	ldr.w	r8, [pc, #364]	@ 20000dcc <dcd_event_handler+0x220>
20000c62:	4f59      	ldr	r7, [pc, #356]	@ (20000dc8 <dcd_event_handler+0x21c>)
20000c64:	e011      	b.n	20000c8a <dcd_event_handler+0xde>
20000c66:	683b      	ldr	r3, [r7, #0]
20000c68:	eb13 1344 	adds.w	r3, r3, r4, lsl #5
20000c6c:	d007      	beq.n	20000c7e <dcd_event_handler+0xd2>
20000c6e:	69db      	ldr	r3, [r3, #28]
20000c70:	b12b      	cbz	r3, 20000c7e <dcd_event_handler+0xd2>
20000c72:	f8d9 1004 	ldr.w	r1, [r9, #4]
20000c76:	f899 0000 	ldrb.w	r0, [r9]
20000c7a:	4798      	blx	r3
20000c7c:	7831      	ldrb	r1, [r6, #0]
20000c7e:	3401      	adds	r4, #1
20000c80:	b2e4      	uxtb	r4, r4
20000c82:	1c4a      	adds	r2, r1, #1
20000c84:	42a2      	cmp	r2, r4
20000c86:	4623      	mov	r3, r4
20000c88:	db17      	blt.n	20000cba <dcd_event_handler+0x10e>
20000c8a:	42a1      	cmp	r1, r4
20000c8c:	d8eb      	bhi.n	20000c66 <dcd_event_handler+0xba>
20000c8e:	1a5b      	subs	r3, r3, r1
20000c90:	eb08 1343 	add.w	r3, r8, r3, lsl #5
20000c94:	e7eb      	b.n	20000c6e <dcd_event_handler+0xc2>
20000c96:	4b48      	ldr	r3, [pc, #288]	@ (20000db8 <dcd_event_handler+0x20c>)
20000c98:	781a      	ldrb	r2, [r3, #0]
20000c9a:	07d6      	lsls	r6, r2, #31
20000c9c:	d5d2      	bpl.n	20000c44 <dcd_event_handler+0x98>
20000c9e:	781a      	ldrb	r2, [r3, #0]
20000ca0:	f042 0204 	orr.w	r2, r2, #4
20000ca4:	701a      	strb	r2, [r3, #0]
20000ca6:	e79e      	b.n	20000be6 <dcd_event_handler+0x3a>
20000ca8:	4b43      	ldr	r3, [pc, #268]	@ (20000db8 <dcd_event_handler+0x20c>)
20000caa:	781a      	ldrb	r2, [r3, #0]
20000cac:	07d4      	lsls	r4, r2, #31
20000cae:	d5c9      	bpl.n	20000c44 <dcd_event_handler+0x98>
20000cb0:	781a      	ldrb	r2, [r3, #0]
20000cb2:	f022 0204 	bic.w	r2, r2, #4
20000cb6:	701a      	strb	r2, [r3, #0]
20000cb8:	e795      	b.n	20000be6 <dcd_event_handler+0x3a>
20000cba:	4c3f      	ldr	r4, [pc, #252]	@ (20000db8 <dcd_event_handler+0x20c>)
20000cbc:	7823      	ldrb	r3, [r4, #0]
20000cbe:	0758      	lsls	r0, r3, #29
20000cc0:	d43a      	bmi.n	20000d38 <dcd_event_handler+0x18c>
20000cc2:	78e3      	ldrb	r3, [r4, #3]
20000cc4:	07da      	lsls	r2, r3, #31
20000cc6:	d5bd      	bpl.n	20000c44 <dcd_event_handler+0x98>
20000cc8:	2303      	movs	r3, #3
20000cca:	2600      	movs	r6, #0
20000ccc:	4a3b      	ldr	r2, [pc, #236]	@ (20000dbc <dcd_event_handler+0x210>)
20000cce:	f899 1000 	ldrb.w	r1, [r9]
20000cd2:	6814      	ldr	r4, [r2, #0]
20000cd4:	f8d9 2004 	ldr.w	r2, [r9, #4]
20000cd8:	f88d 1004 	strb.w	r1, [sp, #4]
20000cdc:	f88d 3005 	strb.w	r3, [sp, #5]
20000ce0:	6963      	ldr	r3, [r4, #20]
20000ce2:	f8cd 6006 	str.w	r6, [sp, #6]
20000ce6:	f8cd 600a 	str.w	r6, [sp, #10]
20000cea:	f8ad 600e 	strh.w	r6, [sp, #14]
20000cee:	9202      	str	r2, [sp, #8]
20000cf0:	f3ef 8210 	mrs	r2, PRIMASK
20000cf4:	b672      	cpsid	i
20000cf6:	e8d3 0fcf 	ldaexb	r0, [r3]
20000cfa:	2101      	movs	r1, #1
20000cfc:	2800      	cmp	r0, #0
20000cfe:	d1fa      	bne.n	20000cf6 <dcd_event_handler+0x14a>
20000d00:	e8c3 1f40 	strexb	r0, r1, [r3]
20000d04:	2800      	cmp	r0, #0
20000d06:	d1f6      	bne.n	20000cf6 <dcd_event_handler+0x14a>
20000d08:	f3bf 8f5f 	dmb	sy
20000d0c:	4620      	mov	r0, r4
20000d0e:	61a2      	str	r2, [r4, #24]
20000d10:	a901      	add	r1, sp, #4
20000d12:	f000 fbe1 	bl	200014d8 <__tu_fifo_write_veneer>
20000d16:	6963      	ldr	r3, [r4, #20]
20000d18:	e8c3 6f8f 	stlb	r6, [r3]
20000d1c:	69a3      	ldr	r3, [r4, #24]
20000d1e:	f383 8810 	msr	PRIMASK, r3
20000d22:	2800      	cmp	r0, #0
20000d24:	f43f af7d 	beq.w	20000c22 <dcd_event_handler+0x76>
20000d28:	462a      	mov	r2, r5
20000d2a:	f89d 1005 	ldrb.w	r1, [sp, #5]
20000d2e:	f89d 0004 	ldrb.w	r0, [sp, #4]
20000d32:	f000 fbcd 	bl	200014d0 <__tud_event_hook_cb_veneer>
20000d36:	e785      	b.n	20000c44 <dcd_event_handler+0x98>
20000d38:	7823      	ldrb	r3, [r4, #0]
20000d3a:	2700      	movs	r7, #0
20000d3c:	f023 0304 	bic.w	r3, r3, #4
20000d40:	7023      	strb	r3, [r4, #0]
20000d42:	2305      	movs	r3, #5
20000d44:	4a1d      	ldr	r2, [pc, #116]	@ (20000dbc <dcd_event_handler+0x210>)
20000d46:	f88d 3005 	strb.w	r3, [sp, #5]
20000d4a:	6816      	ldr	r6, [r2, #0]
20000d4c:	f899 2000 	ldrb.w	r2, [r9]
20000d50:	f8ad 700e 	strh.w	r7, [sp, #14]
20000d54:	f88d 2004 	strb.w	r2, [sp, #4]
20000d58:	6973      	ldr	r3, [r6, #20]
20000d5a:	f8cd 7006 	str.w	r7, [sp, #6]
20000d5e:	f8cd 700a 	str.w	r7, [sp, #10]
20000d62:	f3ef 8210 	mrs	r2, PRIMASK
20000d66:	b672      	cpsid	i
20000d68:	e8d3 0fcf 	ldaexb	r0, [r3]
20000d6c:	2101      	movs	r1, #1
20000d6e:	2800      	cmp	r0, #0
20000d70:	d1fa      	bne.n	20000d68 <dcd_event_handler+0x1bc>
20000d72:	e8c3 1f40 	strexb	r0, r1, [r3]
20000d76:	2800      	cmp	r0, #0
20000d78:	d1f6      	bne.n	20000d68 <dcd_event_handler+0x1bc>
20000d7a:	f3bf 8f5f 	dmb	sy
20000d7e:	4630      	mov	r0, r6
20000d80:	61b2      	str	r2, [r6, #24]
20000d82:	a901      	add	r1, sp, #4
20000d84:	f000 fba8 	bl	200014d8 <__tu_fifo_write_veneer>
20000d88:	6973      	ldr	r3, [r6, #20]
20000d8a:	e8c3 7f8f 	stlb	r7, [r3]
20000d8e:	69b3      	ldr	r3, [r6, #24]
20000d90:	f383 8810 	msr	PRIMASK, r3
20000d94:	b938      	cbnz	r0, 20000da6 <dcd_event_handler+0x1fa>
20000d96:	f04f 23e0 	mov.w	r3, #3758153728	@ 0xe000e000
20000d9a:	f8d3 3df0 	ldr.w	r3, [r3, #3568]	@ 0xdf0
20000d9e:	07d9      	lsls	r1, r3, #31
20000da0:	d58f      	bpl.n	20000cc2 <dcd_event_handler+0x116>
20000da2:	be00      	bkpt	0x0000
20000da4:	e78d      	b.n	20000cc2 <dcd_event_handler+0x116>
20000da6:	462a      	mov	r2, r5
20000da8:	f89d 1005 	ldrb.w	r1, [sp, #5]
20000dac:	f89d 0004 	ldrb.w	r0, [sp, #4]
20000db0:	f000 fb8e 	bl	200014d0 <__tud_event_hook_cb_veneer>
20000db4:	e785      	b.n	20000cc2 <dcd_event_handler+0x116>
20000db6:	bf00      	nop
20000db8:	20001900 	.word	0x20001900
20000dbc:	20001958 	.word	0x20001958
20000dc0:	200023cb 	.word	0x200023cb
20000dc4:	200023c9 	.word	0x200023c9
20000dc8:	20001730 	.word	0x20001730
20000dcc:	10006cec 	.word	0x10006cec

20000dd0 <__aeabi_drsub>:
20000dd0:	f081 4100 	eor.w	r1, r1, #2147483648	@ 0x80000000
20000dd4:	e002      	b.n	20000ddc <__adddf3>
20000dd6:	bf00      	nop

20000dd8 <__aeabi_dsub>:
20000dd8:	f083 4300 	eor.w	r3, r3, #2147483648	@ 0x80000000

20000ddc <__adddf3>:
20000ddc:	b530      	push	{r4, r5, lr}
20000dde:	ea4f 0441 	mov.w	r4, r1, lsl #1
20000de2:	ea4f 0543 	mov.w	r5, r3, lsl #1
20000de6:	ea94 0f05 	teq	r4, r5
20000dea:	bf08      	it	eq
20000dec:	ea90 0f02 	teqeq	r0, r2
20000df0:	bf1f      	itttt	ne
20000df2:	ea54 0c00 	orrsne.w	ip, r4, r0
20000df6:	ea55 0c02 	orrsne.w	ip, r5, r2
20000dfa:	ea7f 5c64 	mvnsne.w	ip, r4, asr #21
20000dfe:	ea7f 5c65 	mvnsne.w	ip, r5, asr #21
20000e02:	f000 80e2 	beq.w	20000fca <__adddf3+0x1ee>
20000e06:	ea4f 5454 	mov.w	r4, r4, lsr #21
20000e0a:	ebd4 5555 	rsbs	r5, r4, r5, lsr #21
20000e0e:	bfb8      	it	lt
20000e10:	426d      	neglt	r5, r5
20000e12:	dd0c      	ble.n	20000e2e <__adddf3+0x52>
20000e14:	442c      	add	r4, r5
20000e16:	ea80 0202 	eor.w	r2, r0, r2
20000e1a:	ea81 0303 	eor.w	r3, r1, r3
20000e1e:	ea82 0000 	eor.w	r0, r2, r0
20000e22:	ea83 0101 	eor.w	r1, r3, r1
20000e26:	ea80 0202 	eor.w	r2, r0, r2
20000e2a:	ea81 0303 	eor.w	r3, r1, r3
20000e2e:	2d36      	cmp	r5, #54	@ 0x36
20000e30:	bf88      	it	hi
20000e32:	bd30      	pophi	{r4, r5, pc}
20000e34:	f011 4f00 	tst.w	r1, #2147483648	@ 0x80000000
20000e38:	ea4f 3101 	mov.w	r1, r1, lsl #12
20000e3c:	f44f 1c80 	mov.w	ip, #1048576	@ 0x100000
20000e40:	ea4c 3111 	orr.w	r1, ip, r1, lsr #12
20000e44:	d002      	beq.n	20000e4c <__adddf3+0x70>
20000e46:	4240      	negs	r0, r0
20000e48:	eb61 0141 	sbc.w	r1, r1, r1, lsl #1
20000e4c:	f013 4f00 	tst.w	r3, #2147483648	@ 0x80000000
20000e50:	ea4f 3303 	mov.w	r3, r3, lsl #12
20000e54:	ea4c 3313 	orr.w	r3, ip, r3, lsr #12
20000e58:	d002      	beq.n	20000e60 <__adddf3+0x84>
20000e5a:	4252      	negs	r2, r2
20000e5c:	eb63 0343 	sbc.w	r3, r3, r3, lsl #1
20000e60:	ea94 0f05 	teq	r4, r5
20000e64:	f000 80a7 	beq.w	20000fb6 <__adddf3+0x1da>
20000e68:	f1a4 0401 	sub.w	r4, r4, #1
20000e6c:	f1d5 0e20 	rsbs	lr, r5, #32
20000e70:	db0d      	blt.n	20000e8e <__adddf3+0xb2>
20000e72:	fa02 fc0e 	lsl.w	ip, r2, lr
20000e76:	fa22 f205 	lsr.w	r2, r2, r5
20000e7a:	1880      	adds	r0, r0, r2
20000e7c:	f141 0100 	adc.w	r1, r1, #0
20000e80:	fa03 f20e 	lsl.w	r2, r3, lr
20000e84:	1880      	adds	r0, r0, r2
20000e86:	fa43 f305 	asr.w	r3, r3, r5
20000e8a:	4159      	adcs	r1, r3
20000e8c:	e00e      	b.n	20000eac <__adddf3+0xd0>
20000e8e:	f1a5 0520 	sub.w	r5, r5, #32
20000e92:	f10e 0e20 	add.w	lr, lr, #32
20000e96:	2a01      	cmp	r2, #1
20000e98:	fa03 fc0e 	lsl.w	ip, r3, lr
20000e9c:	bf28      	it	cs
20000e9e:	f04c 0c02 	orrcs.w	ip, ip, #2
20000ea2:	fa43 f305 	asr.w	r3, r3, r5
20000ea6:	18c0      	adds	r0, r0, r3
20000ea8:	eb51 71e3 	adcs.w	r1, r1, r3, asr #31
20000eac:	f001 4500 	and.w	r5, r1, #2147483648	@ 0x80000000
20000eb0:	d507      	bpl.n	20000ec2 <__adddf3+0xe6>
20000eb2:	f04f 0e00 	mov.w	lr, #0
20000eb6:	f1dc 0c00 	rsbs	ip, ip, #0
20000eba:	eb7e 0000 	sbcs.w	r0, lr, r0
20000ebe:	eb6e 0101 	sbc.w	r1, lr, r1
20000ec2:	f5b1 1f80 	cmp.w	r1, #1048576	@ 0x100000
20000ec6:	d31b      	bcc.n	20000f00 <__adddf3+0x124>
20000ec8:	f5b1 1f00 	cmp.w	r1, #2097152	@ 0x200000
20000ecc:	d30c      	bcc.n	20000ee8 <__adddf3+0x10c>
20000ece:	0849      	lsrs	r1, r1, #1
20000ed0:	ea5f 0030 	movs.w	r0, r0, rrx
20000ed4:	ea4f 0c3c 	mov.w	ip, ip, rrx
20000ed8:	f104 0401 	add.w	r4, r4, #1
20000edc:	ea4f 5244 	mov.w	r2, r4, lsl #21
20000ee0:	f512 0f80 	cmn.w	r2, #4194304	@ 0x400000
20000ee4:	f080 809a 	bcs.w	2000101c <__adddf3+0x240>
20000ee8:	f1bc 4f00 	cmp.w	ip, #2147483648	@ 0x80000000
20000eec:	bf08      	it	eq
20000eee:	ea5f 0c50 	movseq.w	ip, r0, lsr #1
20000ef2:	f150 0000 	adcs.w	r0, r0, #0
20000ef6:	eb41 5104 	adc.w	r1, r1, r4, lsl #20
20000efa:	ea41 0105 	orr.w	r1, r1, r5
20000efe:	bd30      	pop	{r4, r5, pc}
20000f00:	ea5f 0c4c 	movs.w	ip, ip, lsl #1
20000f04:	4140      	adcs	r0, r0
20000f06:	eb41 0101 	adc.w	r1, r1, r1
20000f0a:	3c01      	subs	r4, #1
20000f0c:	bf28      	it	cs
20000f0e:	f5b1 1f80 	cmpcs.w	r1, #1048576	@ 0x100000
20000f12:	d2e9      	bcs.n	20000ee8 <__adddf3+0x10c>
20000f14:	f091 0f00 	teq	r1, #0
20000f18:	bf04      	itt	eq
20000f1a:	4601      	moveq	r1, r0
20000f1c:	2000      	moveq	r0, #0
20000f1e:	fab1 f381 	clz	r3, r1
20000f22:	bf08      	it	eq
20000f24:	3320      	addeq	r3, #32
20000f26:	f1a3 030b 	sub.w	r3, r3, #11
20000f2a:	f1b3 0220 	subs.w	r2, r3, #32
20000f2e:	da0c      	bge.n	20000f4a <__adddf3+0x16e>
20000f30:	320c      	adds	r2, #12
20000f32:	dd08      	ble.n	20000f46 <__adddf3+0x16a>
20000f34:	f102 0c14 	add.w	ip, r2, #20
20000f38:	f1c2 020c 	rsb	r2, r2, #12
20000f3c:	fa01 f00c 	lsl.w	r0, r1, ip
20000f40:	fa21 f102 	lsr.w	r1, r1, r2
20000f44:	e00c      	b.n	20000f60 <__adddf3+0x184>
20000f46:	f102 0214 	add.w	r2, r2, #20
20000f4a:	bfd8      	it	le
20000f4c:	f1c2 0c20 	rsble	ip, r2, #32
20000f50:	fa01 f102 	lsl.w	r1, r1, r2
20000f54:	fa20 fc0c 	lsr.w	ip, r0, ip
20000f58:	bfdc      	itt	le
20000f5a:	ea41 010c 	orrle.w	r1, r1, ip
20000f5e:	4090      	lslle	r0, r2
20000f60:	1ae4      	subs	r4, r4, r3
20000f62:	bfa2      	ittt	ge
20000f64:	eb01 5104 	addge.w	r1, r1, r4, lsl #20
20000f68:	4329      	orrge	r1, r5
20000f6a:	bd30      	popge	{r4, r5, pc}
20000f6c:	ea6f 0404 	mvn.w	r4, r4
20000f70:	3c1f      	subs	r4, #31
20000f72:	da1c      	bge.n	20000fae <__adddf3+0x1d2>
20000f74:	340c      	adds	r4, #12
20000f76:	dc0e      	bgt.n	20000f96 <__adddf3+0x1ba>
20000f78:	f104 0414 	add.w	r4, r4, #20
20000f7c:	f1c4 0220 	rsb	r2, r4, #32
20000f80:	fa20 f004 	lsr.w	r0, r0, r4
20000f84:	fa01 f302 	lsl.w	r3, r1, r2
20000f88:	ea40 0003 	orr.w	r0, r0, r3
20000f8c:	fa21 f304 	lsr.w	r3, r1, r4
20000f90:	ea45 0103 	orr.w	r1, r5, r3
20000f94:	bd30      	pop	{r4, r5, pc}
20000f96:	f1c4 040c 	rsb	r4, r4, #12
20000f9a:	f1c4 0220 	rsb	r2, r4, #32
20000f9e:	fa20 f002 	lsr.w	r0, r0, r2
20000fa2:	fa01 f304 	lsl.w	r3, r1, r4
20000fa6:	ea40 0003 	orr.w	r0, r0, r3
20000faa:	4629      	mov	r1, r5
20000fac:	bd30      	pop	{r4, r5, pc}
20000fae:	fa21 f004 	lsr.w	r0, r1, r4
20000fb2:	4629      	mov	r1, r5
20000fb4:	bd30      	pop	{r4, r5, pc}
20000fb6:	f094 0f00 	teq	r4, #0
20000fba:	f483 1380 	eor.w	r3, r3, #1048576	@ 0x100000
20000fbe:	bf06      	itte	eq
20000fc0:	f481 1180 	eoreq.w	r1, r1, #1048576	@ 0x100000
20000fc4:	3401      	addeq	r4, #1
20000fc6:	3d01      	subne	r5, #1
20000fc8:	e74e      	b.n	20000e68 <__adddf3+0x8c>
20000fca:	ea7f 5c64 	mvns.w	ip, r4, asr #21
20000fce:	bf18      	it	ne
20000fd0:	ea7f 5c65 	mvnsne.w	ip, r5, asr #21
20000fd4:	d029      	beq.n	2000102a <__adddf3+0x24e>
20000fd6:	ea94 0f05 	teq	r4, r5
20000fda:	bf08      	it	eq
20000fdc:	ea90 0f02 	teqeq	r0, r2
20000fe0:	d005      	beq.n	20000fee <__adddf3+0x212>
20000fe2:	ea54 0c00 	orrs.w	ip, r4, r0
20000fe6:	bf04      	itt	eq
20000fe8:	4619      	moveq	r1, r3
20000fea:	4610      	moveq	r0, r2
20000fec:	bd30      	pop	{r4, r5, pc}
20000fee:	ea91 0f03 	teq	r1, r3
20000ff2:	bf1e      	ittt	ne
20000ff4:	2100      	movne	r1, #0
20000ff6:	2000      	movne	r0, #0
20000ff8:	bd30      	popne	{r4, r5, pc}
20000ffa:	ea5f 5c54 	movs.w	ip, r4, lsr #21
20000ffe:	d105      	bne.n	2000100c <__adddf3+0x230>
20001000:	0040      	lsls	r0, r0, #1
20001002:	4149      	adcs	r1, r1
20001004:	bf28      	it	cs
20001006:	f041 4100 	orrcs.w	r1, r1, #2147483648	@ 0x80000000
2000100a:	bd30      	pop	{r4, r5, pc}
2000100c:	f514 0480 	adds.w	r4, r4, #4194304	@ 0x400000
20001010:	bf3c      	itt	cc
20001012:	f501 1180 	addcc.w	r1, r1, #1048576	@ 0x100000
20001016:	bd30      	popcc	{r4, r5, pc}
20001018:	f001 4500 	and.w	r5, r1, #2147483648	@ 0x80000000
2000101c:	f045 41fe 	orr.w	r1, r5, #2130706432	@ 0x7f000000
20001020:	f441 0170 	orr.w	r1, r1, #15728640	@ 0xf00000
20001024:	f04f 0000 	mov.w	r0, #0
20001028:	bd30      	pop	{r4, r5, pc}
2000102a:	ea7f 5c64 	mvns.w	ip, r4, asr #21
2000102e:	bf1a      	itte	ne
20001030:	4619      	movne	r1, r3
20001032:	4610      	movne	r0, r2
20001034:	ea7f 5c65 	mvnseq.w	ip, r5, asr #21
20001038:	bf1c      	itt	ne
2000103a:	460b      	movne	r3, r1
2000103c:	4602      	movne	r2, r0
2000103e:	ea50 3401 	orrs.w	r4, r0, r1, lsl #12
20001042:	bf06      	itte	eq
20001044:	ea52 3503 	orrseq.w	r5, r2, r3, lsl #12
20001048:	ea91 0f03 	teqeq	r1, r3
2000104c:	f441 2100 	orrne.w	r1, r1, #524288	@ 0x80000
20001050:	bd30      	pop	{r4, r5, pc}
20001052:	bf00      	nop

20001054 <__aeabi_ui2d>:
20001054:	f090 0f00 	teq	r0, #0
20001058:	bf04      	itt	eq
2000105a:	2100      	moveq	r1, #0
2000105c:	4770      	bxeq	lr
2000105e:	b530      	push	{r4, r5, lr}
20001060:	f44f 6480 	mov.w	r4, #1024	@ 0x400
20001064:	f104 0432 	add.w	r4, r4, #50	@ 0x32
20001068:	f04f 0500 	mov.w	r5, #0
2000106c:	f04f 0100 	mov.w	r1, #0
20001070:	e750      	b.n	20000f14 <__adddf3+0x138>
20001072:	bf00      	nop

20001074 <__aeabi_i2d>:
20001074:	f090 0f00 	teq	r0, #0
20001078:	bf04      	itt	eq
2000107a:	2100      	moveq	r1, #0
2000107c:	4770      	bxeq	lr
2000107e:	b530      	push	{r4, r5, lr}
20001080:	f44f 6480 	mov.w	r4, #1024	@ 0x400
20001084:	f104 0432 	add.w	r4, r4, #50	@ 0x32
20001088:	f010 4500 	ands.w	r5, r0, #2147483648	@ 0x80000000
2000108c:	bf48      	it	mi
2000108e:	4240      	negmi	r0, r0
20001090:	f04f 0100 	mov.w	r1, #0
20001094:	e73e      	b.n	20000f14 <__adddf3+0x138>
20001096:	bf00      	nop

20001098 <__aeabi_f2d>:
20001098:	0042      	lsls	r2, r0, #1
2000109a:	ea4f 01e2 	mov.w	r1, r2, asr #3
2000109e:	ea4f 0131 	mov.w	r1, r1, rrx
200010a2:	ea4f 7002 	mov.w	r0, r2, lsl #28
200010a6:	bf1f      	itttt	ne
200010a8:	f012 437f 	andsne.w	r3, r2, #4278190080	@ 0xff000000
200010ac:	f093 4f7f 	teqne	r3, #4278190080	@ 0xff000000
200010b0:	f081 5160 	eorne.w	r1, r1, #939524096	@ 0x38000000
200010b4:	4770      	bxne	lr
200010b6:	f032 427f 	bics.w	r2, r2, #4278190080	@ 0xff000000
200010ba:	bf08      	it	eq
200010bc:	4770      	bxeq	lr
200010be:	f093 4f7f 	teq	r3, #4278190080	@ 0xff000000
200010c2:	bf04      	itt	eq
200010c4:	f441 2100 	orreq.w	r1, r1, #524288	@ 0x80000
200010c8:	4770      	bxeq	lr
200010ca:	b530      	push	{r4, r5, lr}
200010cc:	f44f 7460 	mov.w	r4, #896	@ 0x380
200010d0:	f001 4500 	and.w	r5, r1, #2147483648	@ 0x80000000
200010d4:	f021 4100 	bic.w	r1, r1, #2147483648	@ 0x80000000
200010d8:	e71c      	b.n	20000f14 <__adddf3+0x138>
200010da:	bf00      	nop

200010dc <__aeabi_ul2d>:
200010dc:	ea50 0201 	orrs.w	r2, r0, r1
200010e0:	bf08      	it	eq
200010e2:	4770      	bxeq	lr
200010e4:	b530      	push	{r4, r5, lr}
200010e6:	f04f 0500 	mov.w	r5, #0
200010ea:	e00a      	b.n	20001102 <__aeabi_l2d+0x16>

200010ec <__aeabi_l2d>:
200010ec:	ea50 0201 	orrs.w	r2, r0, r1
200010f0:	bf08      	it	eq
200010f2:	4770      	bxeq	lr
200010f4:	b530      	push	{r4, r5, lr}
200010f6:	f011 4500 	ands.w	r5, r1, #2147483648	@ 0x80000000
200010fa:	d502      	bpl.n	20001102 <__aeabi_l2d+0x16>
200010fc:	4240      	negs	r0, r0
200010fe:	eb61 0141 	sbc.w	r1, r1, r1, lsl #1
20001102:	f44f 6480 	mov.w	r4, #1024	@ 0x400
20001106:	f104 0432 	add.w	r4, r4, #50	@ 0x32
2000110a:	ea5f 5c91 	movs.w	ip, r1, lsr #22
2000110e:	f43f aed8 	beq.w	20000ec2 <__adddf3+0xe6>
20001112:	f04f 0203 	mov.w	r2, #3
20001116:	ea5f 0cdc 	movs.w	ip, ip, lsr #3
2000111a:	bf18      	it	ne
2000111c:	3203      	addne	r2, #3
2000111e:	ea5f 0cdc 	movs.w	ip, ip, lsr #3
20001122:	bf18      	it	ne
20001124:	3203      	addne	r2, #3
20001126:	eb02 02dc 	add.w	r2, r2, ip, lsr #3
2000112a:	f1c2 0320 	rsb	r3, r2, #32
2000112e:	fa00 fc03 	lsl.w	ip, r0, r3
20001132:	fa20 f002 	lsr.w	r0, r0, r2
20001136:	fa01 fe03 	lsl.w	lr, r1, r3
2000113a:	ea40 000e 	orr.w	r0, r0, lr
2000113e:	fa21 f102 	lsr.w	r1, r1, r2
20001142:	4414      	add	r4, r2
20001144:	e6bd      	b.n	20000ec2 <__adddf3+0xe6>
20001146:	bf00      	nop

20001148 <__aeabi_uldivmod>:
20001148:	b953      	cbnz	r3, 20001160 <__aeabi_uldivmod+0x18>
2000114a:	b94a      	cbnz	r2, 20001160 <__aeabi_uldivmod+0x18>
2000114c:	2900      	cmp	r1, #0
2000114e:	bf08      	it	eq
20001150:	2800      	cmpeq	r0, #0
20001152:	bf1c      	itt	ne
20001154:	f04f 31ff 	movne.w	r1, #4294967295	@ 0xffffffff
20001158:	f04f 30ff 	movne.w	r0, #4294967295	@ 0xffffffff
2000115c:	f000 b9b2 	b.w	200014c4 <__aeabi_idiv0>
20001160:	f1ad 0c08 	sub.w	ip, sp, #8
20001164:	e96d ce04 	strd	ip, lr, [sp, #-16]!
20001168:	f000 f806 	bl	20001178 <__udivmoddi4>
2000116c:	f8dd e004 	ldr.w	lr, [sp, #4]
20001170:	e9dd 2302 	ldrd	r2, r3, [sp, #8]
20001174:	b004      	add	sp, #16
20001176:	4770      	bx	lr

20001178 <__udivmoddi4>:
20001178:	e92d 4ff0 	stmdb	sp!, {r4, r5, r6, r7, r8, r9, sl, fp, lr}
2000117c:	468c      	mov	ip, r1
2000117e:	9e09      	ldr	r6, [sp, #36]	@ 0x24
20001180:	4604      	mov	r4, r0
20001182:	460f      	mov	r7, r1
20001184:	2b00      	cmp	r3, #0
20001186:	d148      	bne.n	2000121a <__udivmoddi4+0xa2>
20001188:	428a      	cmp	r2, r1
2000118a:	4615      	mov	r5, r2
2000118c:	d95e      	bls.n	2000124c <__udivmoddi4+0xd4>
2000118e:	fab2 f382 	clz	r3, r2
20001192:	b13b      	cbz	r3, 200011a4 <__udivmoddi4+0x2c>
20001194:	f1c3 0220 	rsb	r2, r3, #32
20001198:	409f      	lsls	r7, r3
2000119a:	409d      	lsls	r5, r3
2000119c:	409c      	lsls	r4, r3
2000119e:	fa20 f202 	lsr.w	r2, r0, r2
200011a2:	4317      	orrs	r7, r2
200011a4:	ea4f 4e15 	mov.w	lr, r5, lsr #16
200011a8:	fa1f fc85 	uxth.w	ip, r5
200011ac:	0c22      	lsrs	r2, r4, #16
200011ae:	fbb7 f1fe 	udiv	r1, r7, lr
200011b2:	fb0e 7711 	mls	r7, lr, r1, r7
200011b6:	fb01 f00c 	mul.w	r0, r1, ip
200011ba:	ea42 4207 	orr.w	r2, r2, r7, lsl #16
200011be:	4290      	cmp	r0, r2
200011c0:	d907      	bls.n	200011d2 <__udivmoddi4+0x5a>
200011c2:	18aa      	adds	r2, r5, r2
200011c4:	f101 37ff 	add.w	r7, r1, #4294967295	@ 0xffffffff
200011c8:	d202      	bcs.n	200011d0 <__udivmoddi4+0x58>
200011ca:	4290      	cmp	r0, r2
200011cc:	f200 8158 	bhi.w	20001480 <__udivmoddi4+0x308>
200011d0:	4639      	mov	r1, r7
200011d2:	1a12      	subs	r2, r2, r0
200011d4:	b2a4      	uxth	r4, r4
200011d6:	fbb2 f0fe 	udiv	r0, r2, lr
200011da:	fb0e 2210 	mls	r2, lr, r0, r2
200011de:	fb00 fc0c 	mul.w	ip, r0, ip
200011e2:	ea44 4402 	orr.w	r4, r4, r2, lsl #16
200011e6:	45a4      	cmp	ip, r4
200011e8:	d90b      	bls.n	20001202 <__udivmoddi4+0x8a>
200011ea:	192c      	adds	r4, r5, r4
200011ec:	f100 32ff 	add.w	r2, r0, #4294967295	@ 0xffffffff
200011f0:	bf2c      	ite	cs
200011f2:	2701      	movcs	r7, #1
200011f4:	2700      	movcc	r7, #0
200011f6:	45a4      	cmp	ip, r4
200011f8:	d902      	bls.n	20001200 <__udivmoddi4+0x88>
200011fa:	2f00      	cmp	r7, #0
200011fc:	f000 8143 	beq.w	20001486 <__udivmoddi4+0x30e>
20001200:	4610      	mov	r0, r2
20001202:	ea40 4001 	orr.w	r0, r0, r1, lsl #16
20001206:	eba4 040c 	sub.w	r4, r4, ip
2000120a:	2100      	movs	r1, #0
2000120c:	b11e      	cbz	r6, 20001216 <__udivmoddi4+0x9e>
2000120e:	40dc      	lsrs	r4, r3
20001210:	2300      	movs	r3, #0
20001212:	e9c6 4300 	strd	r4, r3, [r6]
20001216:	e8bd 8ff0 	ldmia.w	sp!, {r4, r5, r6, r7, r8, r9, sl, fp, pc}
2000121a:	428b      	cmp	r3, r1
2000121c:	d906      	bls.n	2000122c <__udivmoddi4+0xb4>
2000121e:	b10e      	cbz	r6, 20001224 <__udivmoddi4+0xac>
20001220:	e9c6 0100 	strd	r0, r1, [r6]
20001224:	2100      	movs	r1, #0
20001226:	4608      	mov	r0, r1
20001228:	e8bd 8ff0 	ldmia.w	sp!, {r4, r5, r6, r7, r8, r9, sl, fp, pc}
2000122c:	fab3 f183 	clz	r1, r3
20001230:	2900      	cmp	r1, #0
20001232:	d151      	bne.n	200012d8 <__udivmoddi4+0x160>
20001234:	4563      	cmp	r3, ip
20001236:	f0c0 8116 	bcc.w	20001466 <__udivmoddi4+0x2ee>
2000123a:	4282      	cmp	r2, r0
2000123c:	f240 8113 	bls.w	20001466 <__udivmoddi4+0x2ee>
20001240:	4608      	mov	r0, r1
20001242:	2e00      	cmp	r6, #0
20001244:	d0e7      	beq.n	20001216 <__udivmoddi4+0x9e>
20001246:	e9c6 4700 	strd	r4, r7, [r6]
2000124a:	e7e4      	b.n	20001216 <__udivmoddi4+0x9e>
2000124c:	2a00      	cmp	r2, #0
2000124e:	f000 80af 	beq.w	200013b0 <__udivmoddi4+0x238>
20001252:	fab2 f382 	clz	r3, r2
20001256:	2b00      	cmp	r3, #0
20001258:	f040 80c2 	bne.w	200013e0 <__udivmoddi4+0x268>
2000125c:	1a8a      	subs	r2, r1, r2
2000125e:	ea4f 4e15 	mov.w	lr, r5, lsr #16
20001262:	b2af      	uxth	r7, r5
20001264:	2101      	movs	r1, #1
20001266:	0c20      	lsrs	r0, r4, #16
20001268:	fbb2 fcfe 	udiv	ip, r2, lr
2000126c:	fb0e 221c 	mls	r2, lr, ip, r2
20001270:	ea40 4202 	orr.w	r2, r0, r2, lsl #16
20001274:	fb07 f00c 	mul.w	r0, r7, ip
20001278:	4290      	cmp	r0, r2
2000127a:	d90e      	bls.n	2000129a <__udivmoddi4+0x122>
2000127c:	18aa      	adds	r2, r5, r2
2000127e:	f10c 38ff 	add.w	r8, ip, #4294967295	@ 0xffffffff
20001282:	bf2c      	ite	cs
20001284:	f04f 0901 	movcs.w	r9, #1
20001288:	f04f 0900 	movcc.w	r9, #0
2000128c:	4290      	cmp	r0, r2
2000128e:	d903      	bls.n	20001298 <__udivmoddi4+0x120>
20001290:	f1b9 0f00 	cmp.w	r9, #0
20001294:	f000 80f0 	beq.w	20001478 <__udivmoddi4+0x300>
20001298:	46c4      	mov	ip, r8
2000129a:	1a12      	subs	r2, r2, r0
2000129c:	b2a4      	uxth	r4, r4
2000129e:	fbb2 f0fe 	udiv	r0, r2, lr
200012a2:	fb0e 2210 	mls	r2, lr, r0, r2
200012a6:	fb00 f707 	mul.w	r7, r0, r7
200012aa:	ea44 4402 	orr.w	r4, r4, r2, lsl #16
200012ae:	42a7      	cmp	r7, r4
200012b0:	d90e      	bls.n	200012d0 <__udivmoddi4+0x158>
200012b2:	192c      	adds	r4, r5, r4
200012b4:	f100 32ff 	add.w	r2, r0, #4294967295	@ 0xffffffff
200012b8:	bf2c      	ite	cs
200012ba:	f04f 0e01 	movcs.w	lr, #1
200012be:	f04f 0e00 	movcc.w	lr, #0
200012c2:	42a7      	cmp	r7, r4
200012c4:	d903      	bls.n	200012ce <__udivmoddi4+0x156>
200012c6:	f1be 0f00 	cmp.w	lr, #0
200012ca:	f000 80d2 	beq.w	20001472 <__udivmoddi4+0x2fa>
200012ce:	4610      	mov	r0, r2
200012d0:	1be4      	subs	r4, r4, r7
200012d2:	ea40 400c 	orr.w	r0, r0, ip, lsl #16
200012d6:	e799      	b.n	2000120c <__udivmoddi4+0x94>
200012d8:	f1c1 0520 	rsb	r5, r1, #32
200012dc:	408b      	lsls	r3, r1
200012de:	fa0c f401 	lsl.w	r4, ip, r1
200012e2:	fa00 f901 	lsl.w	r9, r0, r1
200012e6:	fa22 f705 	lsr.w	r7, r2, r5
200012ea:	fa2c fc05 	lsr.w	ip, ip, r5
200012ee:	408a      	lsls	r2, r1
200012f0:	431f      	orrs	r7, r3
200012f2:	fa20 f305 	lsr.w	r3, r0, r5
200012f6:	0c38      	lsrs	r0, r7, #16
200012f8:	4323      	orrs	r3, r4
200012fa:	fa1f fe87 	uxth.w	lr, r7
200012fe:	0c1c      	lsrs	r4, r3, #16
20001300:	fbbc f8f0 	udiv	r8, ip, r0
20001304:	fb00 cc18 	mls	ip, r0, r8, ip
20001308:	ea44 440c 	orr.w	r4, r4, ip, lsl #16
2000130c:	fb08 fc0e 	mul.w	ip, r8, lr
20001310:	45a4      	cmp	ip, r4
20001312:	d90e      	bls.n	20001332 <__udivmoddi4+0x1ba>
20001314:	193c      	adds	r4, r7, r4
20001316:	f108 3aff 	add.w	sl, r8, #4294967295	@ 0xffffffff
2000131a:	bf2c      	ite	cs
2000131c:	f04f 0b01 	movcs.w	fp, #1
20001320:	f04f 0b00 	movcc.w	fp, #0
20001324:	45a4      	cmp	ip, r4
20001326:	d903      	bls.n	20001330 <__udivmoddi4+0x1b8>
20001328:	f1bb 0f00 	cmp.w	fp, #0
2000132c:	f000 80b8 	beq.w	200014a0 <__udivmoddi4+0x328>
20001330:	46d0      	mov	r8, sl
20001332:	eba4 040c 	sub.w	r4, r4, ip
20001336:	fa1f fc83 	uxth.w	ip, r3
2000133a:	fbb4 f3f0 	udiv	r3, r4, r0
2000133e:	fb00 4413 	mls	r4, r0, r3, r4
20001342:	fb03 fe0e 	mul.w	lr, r3, lr
20001346:	ea4c 4404 	orr.w	r4, ip, r4, lsl #16
2000134a:	45a6      	cmp	lr, r4
2000134c:	d90e      	bls.n	2000136c <__udivmoddi4+0x1f4>
2000134e:	193c      	adds	r4, r7, r4
20001350:	f103 30ff 	add.w	r0, r3, #4294967295	@ 0xffffffff
20001354:	bf2c      	ite	cs
20001356:	f04f 0c01 	movcs.w	ip, #1
2000135a:	f04f 0c00 	movcc.w	ip, #0
2000135e:	45a6      	cmp	lr, r4
20001360:	d903      	bls.n	2000136a <__udivmoddi4+0x1f2>
20001362:	f1bc 0f00 	cmp.w	ip, #0
20001366:	f000 809f 	beq.w	200014a8 <__udivmoddi4+0x330>
2000136a:	4603      	mov	r3, r0
2000136c:	ea43 4008 	orr.w	r0, r3, r8, lsl #16
20001370:	eba4 040e 	sub.w	r4, r4, lr
20001374:	fba0 ec02 	umull	lr, ip, r0, r2
20001378:	4564      	cmp	r4, ip
2000137a:	4673      	mov	r3, lr
2000137c:	46e0      	mov	r8, ip
2000137e:	d302      	bcc.n	20001386 <__udivmoddi4+0x20e>
20001380:	d107      	bne.n	20001392 <__udivmoddi4+0x21a>
20001382:	45f1      	cmp	r9, lr
20001384:	d205      	bcs.n	20001392 <__udivmoddi4+0x21a>
20001386:	ebbe 0302 	subs.w	r3, lr, r2
2000138a:	eb6c 0c07 	sbc.w	ip, ip, r7
2000138e:	3801      	subs	r0, #1
20001390:	46e0      	mov	r8, ip
20001392:	b15e      	cbz	r6, 200013ac <__udivmoddi4+0x234>
20001394:	ebb9 0203 	subs.w	r2, r9, r3
20001398:	eb64 0408 	sbc.w	r4, r4, r8
2000139c:	fa04 f505 	lsl.w	r5, r4, r5
200013a0:	fa22 f301 	lsr.w	r3, r2, r1
200013a4:	40cc      	lsrs	r4, r1
200013a6:	431d      	orrs	r5, r3
200013a8:	e9c6 5400 	strd	r5, r4, [r6]
200013ac:	2100      	movs	r1, #0
200013ae:	e732      	b.n	20001216 <__udivmoddi4+0x9e>
200013b0:	0842      	lsrs	r2, r0, #1
200013b2:	462f      	mov	r7, r5
200013b4:	084b      	lsrs	r3, r1, #1
200013b6:	46ac      	mov	ip, r5
200013b8:	ea42 72c1 	orr.w	r2, r2, r1, lsl #31
200013bc:	46ae      	mov	lr, r5
200013be:	07c4      	lsls	r4, r0, #31
200013c0:	0c11      	lsrs	r1, r2, #16
200013c2:	b292      	uxth	r2, r2
200013c4:	ea41 4103 	orr.w	r1, r1, r3, lsl #16
200013c8:	ea42 4201 	orr.w	r2, r2, r1, lsl #16
200013cc:	fbb1 f1f5 	udiv	r1, r1, r5
200013d0:	fbb3 f0f5 	udiv	r0, r3, r5
200013d4:	231f      	movs	r3, #31
200013d6:	eba2 020c 	sub.w	r2, r2, ip
200013da:	ea41 4100 	orr.w	r1, r1, r0, lsl #16
200013de:	e742      	b.n	20001266 <__udivmoddi4+0xee>
200013e0:	409d      	lsls	r5, r3
200013e2:	f1c3 0220 	rsb	r2, r3, #32
200013e6:	4099      	lsls	r1, r3
200013e8:	409c      	lsls	r4, r3
200013ea:	fa2c fc02 	lsr.w	ip, ip, r2
200013ee:	ea4f 4e15 	mov.w	lr, r5, lsr #16
200013f2:	fa20 f202 	lsr.w	r2, r0, r2
200013f6:	b2af      	uxth	r7, r5
200013f8:	fbbc f8fe 	udiv	r8, ip, lr
200013fc:	430a      	orrs	r2, r1
200013fe:	fb0e cc18 	mls	ip, lr, r8, ip
20001402:	0c11      	lsrs	r1, r2, #16
20001404:	ea41 410c 	orr.w	r1, r1, ip, lsl #16
20001408:	fb08 fc07 	mul.w	ip, r8, r7
2000140c:	458c      	cmp	ip, r1
2000140e:	d950      	bls.n	200014b2 <__udivmoddi4+0x33a>
20001410:	1869      	adds	r1, r5, r1
20001412:	f108 30ff 	add.w	r0, r8, #4294967295	@ 0xffffffff
20001416:	bf2c      	ite	cs
20001418:	f04f 0901 	movcs.w	r9, #1
2000141c:	f04f 0900 	movcc.w	r9, #0
20001420:	458c      	cmp	ip, r1
20001422:	d902      	bls.n	2000142a <__udivmoddi4+0x2b2>
20001424:	f1b9 0f00 	cmp.w	r9, #0
20001428:	d030      	beq.n	2000148c <__udivmoddi4+0x314>
2000142a:	eba1 010c 	sub.w	r1, r1, ip
2000142e:	fbb1 f8fe 	udiv	r8, r1, lr
20001432:	fb08 fc07 	mul.w	ip, r8, r7
20001436:	fb0e 1118 	mls	r1, lr, r8, r1
2000143a:	b292      	uxth	r2, r2
2000143c:	ea42 4201 	orr.w	r2, r2, r1, lsl #16
20001440:	4562      	cmp	r2, ip
20001442:	d234      	bcs.n	200014ae <__udivmoddi4+0x336>
20001444:	18aa      	adds	r2, r5, r2
20001446:	f108 31ff 	add.w	r1, r8, #4294967295	@ 0xffffffff
2000144a:	bf2c      	ite	cs
2000144c:	f04f 0901 	movcs.w	r9, #1
20001450:	f04f 0900 	movcc.w	r9, #0
20001454:	4562      	cmp	r2, ip
20001456:	d2be      	bcs.n	200013d6 <__udivmoddi4+0x25e>
20001458:	f1b9 0f00 	cmp.w	r9, #0
2000145c:	d1bb      	bne.n	200013d6 <__udivmoddi4+0x25e>
2000145e:	f1a8 0102 	sub.w	r1, r8, #2
20001462:	442a      	add	r2, r5
20001464:	e7b7      	b.n	200013d6 <__udivmoddi4+0x25e>
20001466:	1a84      	subs	r4, r0, r2
20001468:	eb6c 0203 	sbc.w	r2, ip, r3
2000146c:	2001      	movs	r0, #1
2000146e:	4617      	mov	r7, r2
20001470:	e6e7      	b.n	20001242 <__udivmoddi4+0xca>
20001472:	442c      	add	r4, r5
20001474:	3802      	subs	r0, #2
20001476:	e72b      	b.n	200012d0 <__udivmoddi4+0x158>
20001478:	f1ac 0c02 	sub.w	ip, ip, #2
2000147c:	442a      	add	r2, r5
2000147e:	e70c      	b.n	2000129a <__udivmoddi4+0x122>
20001480:	3902      	subs	r1, #2
20001482:	442a      	add	r2, r5
20001484:	e6a5      	b.n	200011d2 <__udivmoddi4+0x5a>
20001486:	442c      	add	r4, r5
20001488:	3802      	subs	r0, #2
2000148a:	e6ba      	b.n	20001202 <__udivmoddi4+0x8a>
2000148c:	eba5 0c0c 	sub.w	ip, r5, ip
20001490:	f1a8 0002 	sub.w	r0, r8, #2
20001494:	4461      	add	r1, ip
20001496:	fbb1 f8fe 	udiv	r8, r1, lr
2000149a:	fb08 fc07 	mul.w	ip, r8, r7
2000149e:	e7ca      	b.n	20001436 <__udivmoddi4+0x2be>
200014a0:	f1a8 0802 	sub.w	r8, r8, #2
200014a4:	443c      	add	r4, r7
200014a6:	e744      	b.n	20001332 <__udivmoddi4+0x1ba>
200014a8:	3b02      	subs	r3, #2
200014aa:	443c      	add	r4, r7
200014ac:	e75e      	b.n	2000136c <__udivmoddi4+0x1f4>
200014ae:	4641      	mov	r1, r8
200014b0:	e791      	b.n	200013d6 <__udivmoddi4+0x25e>
200014b2:	eba1 010c 	sub.w	r1, r1, ip
200014b6:	4640      	mov	r0, r8
200014b8:	fbb1 f8fe 	udiv	r8, r1, lr
200014bc:	fb08 fc07 	mul.w	ip, r8, r7
200014c0:	e7b9      	b.n	20001436 <__udivmoddi4+0x2be>
200014c2:	bf00      	nop

200014c4 <__aeabi_idiv0>:
200014c4:	4770      	bx	lr
200014c6:	bf00      	nop

200014c8 <__panic_veneer>:
200014c8:	f85f f000 	ldr.w	pc, [pc]	@ 200014cc <__panic_veneer+0x4>
200014cc:	100009d9 	.word	0x100009d9

200014d0 <__tud_event_hook_cb_veneer>:
200014d0:	f85f f000 	ldr.w	pc, [pc]	@ 200014d4 <__tud_event_hook_cb_veneer+0x4>
200014d4:	10004611 	.word	0x10004611

200014d8 <__tu_fifo_write_veneer>:
200014d8:	f85f f000 	ldr.w	pc, [pc]	@ 200014dc <__tu_fifo_write_veneer+0x4>
200014dc:	10005fe9 	.word	0x10005fe9

200014e0 <__best_effort_wfe_or_timeout_veneer>:
200014e0:	f85f f000 	ldr.w	pc, [pc]	@ 200014e4 <__best_effort_wfe_or_timeout_veneer+0x4>
200014e4:	1000170d 	.word	0x1000170d

200014e8 <__memset_veneer>:
200014e8:	f85f f000 	ldr.w	pc, [pc]	@ 200014ec <__memset_veneer+0x4>
200014ec:	10006479 	.word	0x10006479

200014f0 <__time_us_64_veneer>:
200014f0:	f85f f000 	ldr.w	pc, [pc]	@ 200014f4 <__time_us_64_veneer+0x4>
200014f4:	10001815 	.word	0x10001815

200014f8 <SSD1306_ADDRESS>:
200014f8:	                                         <

200014f9 <striped_spin_lock_num>:
200014f9:	                                         ...

200014fc <irq_handler_chain_slots>:
200014fc:	00000000 	.word	0x00000000
20001500:	00010000 	.word	0x00010000
	...
2000150c:	00020000 	.word	0x00020000
	...
20001518:	00030000 	.word	0x00030000
	...
20001524:	00ff0000 	.word	0x00ff0000
20001528:	00000000 	.word	0x00000000

2000152c <irq_handler_chain_first_slot>:
2000152c:	b501      	push	{r0, lr}
2000152e:	6848      	ldr	r0, [r1, #4]
20001530:	3101      	adds	r1, #1
20001532:	468e      	mov	lr, r1
20001534:	4700      	bx	r0

20001536 <irq_handler_chain_remove_tail>:
20001536:	4670      	mov	r0, lr
20001538:	3809      	subs	r0, #9
2000153a:	4901      	ldr	r1, [pc, #4]	@ (20001540 <irq_handler_chain_remove_tail+0xa>)
2000153c:	4788      	blx	r1
2000153e:	bd01      	pop	{r0, pc}
20001540:	10000e4d 	.word	0x10000e4d

20001544 <default_alarm_pool>:
	...
20001558:	200015a8                                ... 

2000155c <stdio_usb>:
2000155c:	10003dbd 10003d69 10003ce1 10003c51     .=..i=...<..Q<..
2000156c:	00000000 00000100                       ........

20001574 <_usbd_qdef>:
20001574:	2000195c 000c0010 00000000 00000000     \.. ............
	...

20001590 <_usbd_rhport>:
20001590:	000000ff                                ....

20001594 <i2c0_inst>:
20001594:	40090000 00000000                       ...@....

2000159c <print_mutex>:
	...
