:020000041000EA
:10000000002008205D0100101B0100101D010010E0
:100010001101001011010010110100101101001058
:100020001901001019010010190100101F01001022
:10003000110100101901001021010010230100100E
:100040001101001011010010110100101101001028
:100050001101001011010010110100101101001018
:100060001101001011010010110100101101001008
:1000700011010010110100101101001011010010F8
:1000800011010010110100101101001011010010E8
:1000900011010010110100101101001011010010D8
:1000A00011010010110100101101001011010010C8
:1000B00011010010110100101101001011010010B8
:1000C00011010010110100101101001011010010A8
:1000D0001101001011010010110100101101001098
:1000E0001101001011010010110100101101001088
:1000F0001101001011010010110100101101001078
:100100001101001011010010110100101101001067
:10011000EFF30580103800BE00BE00BE00BE00BE7A
:1001200000BE00BEF2EB8871B83D0110DC3D01104D
:10013000A001001090A31AE7D3DEFFFF42012110B7
:10014000FF010000A4580100793512AB4FF0000008
:100150001E49086006C881F3088810474FF05040D8
:10016000006810B14FF00000F2E70DA40ECC00299A
:1001700002D000F012F8F9E71549164A002000E015
:1001800001C19142FCD11449884714498847144958
:10019000884700BEFDE701C901C29A42FBD3704700
:1001A000DC3D011010010020101D0020DC59011061
:1001B0000000082000000820DC5901100010082071
:1001C00000100820000000007047000008ED00E06B
:1001D000101D00207888002041370010C90200104F
:1001E00005370010F8B500BF064B0749C91A89103A
:1001F00048BF0131491003D0044B0BB101481847E7
:10020000704700BF101D0020101D002000000000DE
:1002100008B5054B1BB105490548AFF30080BDE8A3
:100220000840FFF7E1BF00BF000000008849002040
:1002300078C9001010B5102000F0E2F84FF000046B
:10024000102344EC4430112000F0DAF811234FF071
:10025000010242EC443044EC403010BD4FF05043BA
:100260002DE9F0415C6814F48034FBD118264FF07E
:1002700001082746112548EC40500120002100F0DC
:100280000FFF4FF050435B68C3F3004343EA44045D
:1002900047EC40500120002100F002FF013EE9D16F
:1002A00048EC40500120002100F0FAFE47EC40509D
:1002B0000120002100F0F4FE230248BF44F07F44F7
:1002C0002046BDE8F08100BF2DE9F0432DED028B03
:1002D00085B003F09BFB40F6B83000F04DFFFFF710
:1002E000A9FF3B4803F0D6FBFFF7B8FF01463948AA
:1002F00003F050FC00233848039303F0CBFB03A921
:10030000364806F09FFC03994B1EB3F5FA6F03D3F2
:100310004FF4FA7319460393314803F03BFCFFF79F
:100320009DFF08EE100A01F019F8039BB8EEC88A89
:10033000002B0546894625DDDFED2A8A0024DFF8FB
:10034000B480294F294EFFF789FF07EE900AF8EE97
:10035000E77A77EEC87AA7EEA88A48F8040BA7ECEC
:10036000018A00F0FBFF401B4FF0000361EB090125
:100370004FF47A720CF0C4FA039B0134A34246F89E
:10038000040BE0DC1A4803F085FB039B002B16DD11
:100390000024164F174E144D55F8040B0CF0A4FA18
:1003A00057F8048B56F8049BCDE900014A464146B4
:1003B000114803F0EFFB039B0134A342ECDC0F4830
:1003C00003F068FB4FF47A7000F0D6FEFAE700BF46
:1003D00078C9001084C900109CC90010B4C900106D
:1003E000B8C90010CDCCCC3D382600201C690020B7
:1003F000D4C90010C8490020F4C90010ECC900108D
:1004000030B44FF0000343EC440043EC40000525BA
:100410004FF480740B4BC20053F8201003EB8000A4
:1004200081F0400102F1804303F5203301F0C00266
:1004300000F5805100F540500A605D60046030BCFA
:10044000704700BF048003400FB400B583B0049C24
:10045000074803F01FFB3CB105A92046019103F0BA
:10046000F1F8044803F016FB012003F003F900BF84
:1004700004CA0010D0C9001070B58646EFF310858D
:1004800072B6124CD4E8CF6F0120002EFAD1C4E826
:10049000460F002EF6D1BFF35F8F4FF0010CC80856
:1004A00001F007030CFA03F31EF800C01CEA030670
:1004B00008D14CEA030C0EF800C0C4E88F6F85F336
:1004C000108870BD1046FFF7BFFF00BFBF2100209E
:1004D000F8B5EFF3108772B61C4ED6E8CF5F012453
:1004E000002DFAD1C6E8454F002DF6D1BFF35F8F3E
:1004F0009A421BD8012502E00132934222D3D4084C
:1005000010F804E002F0070C05FA0CFC1EEA0C0FD0
:10051000F2D14EEA0C0E00F804E010460023C6E8C3
:100520008F3F87F31088984207DBF8BD0023C6E8A9
:100530008F3F87F310884FF0FF300029F5D00698E1
:10054000FFF782FF4FF0FF30E8E700BFBF21002038
:10055000044A1078431CDBB2182B28BF10231370F9
:10056000704700BF9815002010B5054C82B00146B9
:100570001F23182200940348FFF7AAFF02B010BD02
:1005800014CA0010D02500204FF0E022936843F0F9
:1005900000539360704700BF0021044B03F1200219
:1005A000C3E88F1F01339342FAD17047B421002072
:1005B0004FF0E0234FF08032C3F80024C3F8042446
:1005C000C3F80824C3F80C24C3F81024C3F8142477
:1005D000C3F81824C3F81C24C3F82024C3F8242427
:1005E000C3F82824C3F82C24C3F8302462B670471B
:1005F000012300F01F029340400941B1800000F147
:10060000604000F56140C0F8803103607047024AE5
:10061000203042F82030704700E100E00123064A14
:10062000410952F8212000F01F0003FA00F01040A9
:10063000003818BF0120704700E100E001224309A3
:10064000034900F01F008240403341F823207047E7
:1006500000E100E0054A10309268054B52F8200096
:10066000C01A2F288CBF00200120704700ED00E049
:100670009C150020F8B50D46EFF3108772B6124EA8
:10068000D6E8CF2F0123002AFAD1C6E8423F002A3C
:10069000F6D1BFF35F8F0D4B00F110049B680C4A3D
:1006A00053F82430934203D0994201D001F012F85C
:1006B000064B9B6843F82450BFF35F8F0023C6E8C6
:1006C0008F3F87F31088F8BDBD21002000ED00E0CA
:1006D000110100102DE9F04F81468B46164683B07C
:1006E000EFF3108372B6DFF8D0A10093DAE8CF1FE2
:1006F00001230029FAD1CAE8413F0029F6D1BFF30E
:100700005F8F664B93F90040002CC0F2A080644DCF
:1007100004EB440705EB870898F8061009F1100967
:100720001970604BBF009B6853F829006300411BA0
:100730002F292FD95C49884240F0A4801C445B4B90
:1007400002372F44043BDB1BC3F34A036FEAC34366
:100750004FF421416FEAD34325F8241005EB8404BC
:1007600063804BF60153A380FF2348F00100E6713C
:10077000C4F808B0A3714B4B9B6843F82900BFF342
:100780005F8F0023CAE88F3F009B83F3108803B07C
:10079000BDE8F08F20F0010E9EF80710B1422ED870
:1007A0004FF42143EB53414BB91C2944043B04371C
:1007B0005B1A2F44AEF10401C91BC1F34A043C4942
:1007C000C3F34A030B432143A8F804103949A8F89E
:1007D00002304AF6AA2073465B1B5B415843000D6A
:1007E00088F8076088F80600C8F808B048F00100EB
:1007F000CEF80010BFE7D179B1422ED996469EF9C6
:1008000006C00CEB4C02BCF1000F05EB8202F2DAE1
:100810004BF601510EF10402A8F10407BF1AC7F309
:100820004A076FEAC7476FEAD7478EF8064003EBDF
:100830000408204C05EB8803AEF8047045F8284006
:10084000998083F806C0DE71C3F808B093E700F022
:1008500041FF124B93F9004059E7724632F8041FEA
:10086000490514D44915023102EB410101916FF0A1
:100870000701C91B019F491B3944C1F34A0141F4D7
:100880006041C9E7019300F025FF019B56E701F5A0
:10089000FF1101F5FF511F31E4E700BF7088002010
:1008A0009C15002000ED00E011010010CC15002087
:1008B00000E0FFFF01488047BD210020F0B5EFF3C5
:1008C0000585EDB2EFF3108C72B62649D1E8CF2F33
:1008D0000123002AFAD1C1E8423F002AF6D1BFF332
:1008E0005F8F214E40F0010EB4684AF6AA2354F8F7
:1008F00025701E4A0446A41A644163431B0D7745C4
:100900005BB21BD092F906409C421CD092F9124077
:100910009C4223D092F91E409C4221D092F92A4059
:100920009C4208BF03240FD0114A0024157813708D
:100930008571C1E88F4F8CF31088F0BDB2680D4C03
:1009400042F82540F0E7002404EB440402EB840263
:10095000FF2494714BF601549480E5E70124F3E7FA
:100960000224F1E7BD21002000ED00E09C150020ED
:10097000708800201101001010B5074C82B00146AC
:100980000523002200940548FFF7A2FD0028A8BF18
:10099000C0F1330002B010BD30CA001074880020CE
:1009A000014B0B4403607047B421002070B5104C1C
:1009B000104DAC420ED2FF26236863B1FFF7C8FD8D
:1009C00001462046FFF7ECFFA680BFF35F8F083497
:1009D000AC42F1D370BDFFF7BBFD01462046FFF7E7
:1009E000DFFF2671BFF35F8F0834AC42E4D370BDE4
:1009F000081D0020101D002010B50446FFF7A8FDBB
:100A000001462046FFF7CCFFFF232371BFF35F8F22
:100A100010BD00BF10B504460120FFF7A5FD034B34
:100A200003442360BFF35F8F10BD00BFB4210020DB
:100A3000024B0B440360BFF35F8F7047B42100206B
:100A40000D4B1A68EFF3108172B6D2E8CFCF0120B8
:100A5000BCF1000FF9D1C2E84C0FBCF1000FF4D18A
:100A6000BFF35F8F00221B68C3E88F2F81F31088CC
:100A700040BF0020002170471069002000000000E6
:100A80002DE9F04F2DED028B85B0EFF30583DBB23E
:100A9000103B9A0818BF01224FF0010103F0030B2D
:100AA00018BFAF4DAF4B08BFAF4D0BEB820253F8F1
:100AB000226001FA0BF205F541539FEDA78B0192DD
:100AC0005A602FE0B3881C0440F19380B379002B67
:100AD00040F0DD80B6F90820002AC0F21E8173695B
:100AE00002EB420203EBC203D3E90247B7F1FF3F37
:100AF00008BFB4F1FF3F0ED005EB8B01AB6A0A696A
:100B0000D21AE31A934205D301232A6A03FA0BF39C
:100B1000134200D10C61284600F018FCA042B941F4
:100B2000C0F2FB80B6F90830019A002B0093EA630B
:100B3000C8DBD6F8148003EB4309284608EBC90745
:100B4000D7E9024A00F002FCA04271EB0A01B9DBCE
:100B5000BAF1000FC0F2C380D7E90431834A93424F
:100B600000F0ED807A88B6F9080092B242EA0040BF
:100B7000984702460B4652EA030100F0B080002B72
:100B800080F2D180B4EB020E6AEB030A38F93930F7
:100B9000C7E902EA002B95DB716903EB430201EB25
:100BA000C202D2E90270BE457AEB000C4FEA430262
:100BB00088DBB4462CF8083F06E003EB430001EB6A
:100BC000C0005A00D0E90270BE451A447AEB00001A
:100BD00001EBC20404DB31F93230A446002BECDA1D
:100BE00028F83930009BACF80030B3881C043FF57E
:100BF0006DAF3369EFF3108272B6D3E8CF0F0121E6
:100C00000028FAD1C3E8401F0028F6D1BFF35F8F58
:100C10004FF6FF74B0880023316900B2B480C1E898
:100C20008F3F82F310889842FFF650AF0746A946DF
:100C3000746906F1080807EB470E04EBCE03D3E90D
:100C40000250B6F90830C446002B13DBB2460097B9
:100C500004E034F936309446002B09DB03EB4306FD
:100C600004EBC602D2E90271BD4270EB0101F0DA79
:100C70005646009FACF8007034F93E7024F83E30C0
:100C8000002FD8DAB3794D46002B3FF423AF002371
:100C9000B371B6F9083006F10808581C3DD01A4661
:100CA000776903E08046591C3FF416AF03EB43011C
:100CB00007EBC100B0F802C01C461CF4004F9E4672
:100CC00037F93130EED0944280ED028B05D0A8F890
:100CD0000030328927F8312034817246E3E738F852
:100CE000393033813369EFF3108272B6D3E8CF0F16
:100CF00001210028FAD1C3E8401F0028F6D1BFF334
:100D00005F8F7388316928F83930009B7380002326
:100D1000C1E88F3F82F31088D4E640BF05B0BDEC38
:100D2000028BBDE8F08F2846CDE9022300F00EFBD0
:100D3000029A039B10EB020E43EB010A26E70846DA
:100D40000B69029198470028C9D00299D1E9002384
:100D500011E700BFAFF30080FFFFFFFFFFFFFFFFC2
:100D600000800B40A849002000000B40810A0010C1
:100D70002DE9F84F364C25692DB1BDE8F84F0A2111
:100D80003448FFF70DBEDFF8E4800321404600F051
:100D9000CBFA0326C4F80C80FFF7DAFB4FF0504C77
:100DA0002D4B267003442361DCF800300F21637063
:100DB000636961801D834FF00405A3F878504FF0FC
:100DC0000505A3F890504FF00605A3F8A8504FF082
:100DD00007050E214FF6FF7208274FF00A0EA3F801
:100DE000C0504FF001094FF00C0C4FF0020B4FF0C8
:100DF000090A0D204FF00B05A3F868111749A280CE
:100E0000A3F808E1A160A3F848B0A3F8F0A0A3F804
:100E10002051A3F838C1A3F85001A3F83090A3F8EB
:100E20006060A3F8D8701A800D4B3046C8F8207067
:100E30000C49DC60FFF71EFC49463046FFF7D8FB43
:100E4000094B0A211F640348BDE8F84FFFF7A8BD0E
:100E5000E415002010690020B4210020FFFF1000DD
:100E6000A8490020810A001000200B4000000B4020
:100E700000487047E4150020F8B59DF8205004465E
:100E800017461E4635B900F069FA874266EB010144
:100E900000295CDB2169EFF3108372B6D1E8CF0F34
:100EA00001220028FAD1C1E8402F0028F6D1BFF373
:100EB0005F8FB4F90220656902EB4201002A4FEA14
:100EC000C10C206905EBC10139DB35F80CE0A4F851
:100ED00002E04FF0000EC0E88FEF83F310884888DF
:100EE000069B0130C0F30E00012838BF01200B61C2
:100EF000079B48804B61C1E9027640EA02402369C2
:100F0000EFF3108172B6D3E8CF7F0126002FFAD11C
:100F1000C3E8476F002FF6D1BFF35F8FA38825F892
:100F20000C30A2802369C3E88FEF81F3108801227F
:100F3000E368217803F501538A405A60F8BD002226
:100F4000C0E88F2F83F310884FF0FF30F8BD28469C
:100F5000F8BD00BF0146F0B50069EFF3108772B627
:100F6000D0E8CF5F0124002DFAD1C0E8454F002D15
:100F7000F6D1BFF35F8FB1F902E04C690EEB4E0C76
:100F8000BEF1000F4FEACC05086904EBCC0C3CDB4A
:100F9000665B4E800026C0E88F6F87F31088BCF830
:100FA0000200CCE902230130C0F30E00012838BF53
:100FB0000120059BACF80200CCF81030069B40EAFB
:100FC0000E40CCF814300B69EFF3108272B6D3E800
:100FD000CFCF0127BCF1000FF9D1C3E84C7FBCF1A2
:100FE000000FF4D1BFF35F8F8B886353A1F804E047
:100FF0000B69C3E88F6F82F310880122CB680978F0
:1010000003F501538A405A60F0BD0023C0E88F3FCA
:1010100087F310884FF0FF30F0BD00BF03464089D2
:10102000B0EB214F37DD58690A1402EB420210B5CC
:1010300000EBC2001C69EFF3108C72B6D4E8CFEF5E
:101040000122BEF1000FF9D1C4E84E2FBEF1000F0E
:10105000F4D1BFF35F8F428889B292B28A4207D03F
:1010600000221B69C3E88F2F8CF31088002010BD6D
:1010700042F4004242800121002218699971C0E8BF
:101080008F2F8CF310881C78DA68084602F501531C
:10109000A140596010BD0020704700BF40787047E4
:1010A0002DE9F04182B004460E4600F057F94FF0AA
:1010B000FF326FF00043241846EB0106A24273EBA7
:1010C00006013CBF14461E46A51F46F1FF37AC4241
:1010D00076EB07033CBF00252F4600F03FF9281AA6
:1010E00067EB010C01287CF1000C06DA2046314642
:1010F00002B0BDE8F04100F069B900F02FF9854277
:1011000067EB010100290ADB0021174B2A460093F7
:1011100016483B460191FFF71DFF0130E6D04FF026
:10112000000C134A1349536A9F4204D8906AA8429C
:10113000DCD29F42DAD10B68EFF3108072B6D3E8AD
:10114000CF8F5FF0010EB8F1000FF8D1C3E848EF80
:10115000B8F1000FF3D1BFF35F8F0B68C3E88FCFF7
:1011600080F3108820BFDEE7410A0010E41500205C
:1011700000000B40106900202DE9F04182B00646C6
:1011800000F0ECF84FF47A7304464FF0FF306FF044
:101190000042E6FB0341A04272EB01033ABF044662
:1011A00015460D46A61F45F1FF37B44275EB070300
:1011B0003CBF0026374600F0D1F8301A67EB01013A
:1011C000012871F1000106DA2046294602B0BDE887
:1011D000F04100F0FBB800F0C1F8864267EB010176
:1011E00000290ADB0021174B3246009316483B4684
:1011F0000191FFF7AFFE0130E6D04FF0000C134A2B
:101200001349536A9F4204D8906AB042DCD29F428D
:10121000DAD10B68EFF3108072B6D3E8CF8F5FF0AE
:10122000010EB8F1000FF8D1C3E848EFB8F1000F94
:10123000F3D1BFF35F8F0B68C3E88FCF80F31088C3
:1012400020BFDEE7410A0010E415002000000B403B
:10125000106900202DE9F04306460D4683B0EFF3F8
:101260000584E4B23CB12D4B5A6AAA421CD200203C
:1012700003B0BDE8F0832A4FD7F80C9097F80080B0
:10128000484600F063F808F1040859F828301B1AA2
:10129000301A65EB0101984271F1000110DB20BFAB
:1012A0001E4B5A6AAA42E2D314BF012400249B6A4F
:1012B000B34234BF204644F0010003B0BDE8F083E0
:1012C00000F04CF8864265EB0101002914DB154B58
:1012D0003846CDE9003432462B46FFF73BFE011E6F
:1012E0000ADD0E4B5A6AAA4216D39B6AB34211D347
:1012F0000B48FFF793FEB6E7084B5C6AAC42B6D3E7
:10130000641B18BF01249B6AB34234BF204644F0DB
:101310000100ADE7AA42EBD120BFE9E700000B4096
:10132000E4150020410A001010B4054B054C064A94
:10133000A04214BF1846581C5DF8044BFFF79CB838
:10134000D425002000800B404CCA00100346416A9F
:101350000A46986A596A8A42FAD17047034B596A19
:101360000A46986A596A9142FAD1704700000B40C8
:1013700030B4154A536A9C46946A536A6345FAD15D
:10138000021959414FF0000528BF01250E4B5B6A39
:10139000B5B15A1C08BF1A4608D04FF0FF310A46B3
:1013A0000948436A8B42FCD38B4207D1064902E0CD
:1013B000486A984202D1886A9042F9D330BC70479B
:1013C0009942EDD8F0E700BF00000B40074A536A8E
:1013D0009942FCD8994207D1044B02E05A6A9142E3
:1013E00002D19A6A9042F9D8704700BF00000B40C2
:1013F00000EB400C4FEA8C0C0CF1804C0CF5803C5F
:10140000F0B51646DCF80420051FB2F5803F38BF62
:101410004FF48032EDB238BFCCF80420012D2AD928
:101420004FF40067254C0CF54052176054F820200B
:10143000B2B9DCF80020012D82EA461202F0E00287
:101440000CF5805632602AD94FF4006144F8203000
:101450004FF480330CF500521160CCF80430F0BD2D
:101460006769B7FBF2FE0EF1010E0EEB4E0EBEF1F8
:10147000030EFCD2DDE70129D2D103240CF5405242
:101480001460DCF80820D207FBD5DCF800200B4CF8
:1014900082EA461202F0E0020CF580563260012228
:1014A000DCF800504D4005F00305356002FA01F10B
:1014B000DCF808200A42FBD0C6E700BFD825002090
:1014C000014B53F820007047D825002070B4039DCD
:1014D00004682D0345EA03451B4B002CB3FBF1F3D5
:1014E000B2FBF3F61FDB194A194B904214BF4FF4BD
:1014F00080424FF40042174C1A6003F580531A6083
:10150000A36832EA0303FBD1212200F540530433E0
:10151000016086601A600268002AFCDA0822C56051
:101520001A6070BC7047036803F03F038B42DAD146
:101530008368C3F30B03B342D5D1C36803F4EE232E
:10154000AB42D0D1EDE700BF001BB70000800540E3
:10155000002002400000024030B44FF080441C4B99
:101560001C60E0B11B4CA3F54053DC611A4C40F009
:10157000010044401C62596298624FF080454FF070
:10158000E061134B1548164C1D60846019604AB920
:1015900030BC4FF00042A3F580531A607047114BE6
:1015A000D861EAE74FF47A7303FB02F2B2F1807F6D
:1015B0002ABF6FF07F4313461A464FF080410A4C12
:1015C00008482360094B426030BC1960704700BF77
:1015D00000B00D40D3C007B02D3FF84F00A0014030
:1015E000F3FFFF0100800D408049002000A00D4066
:1015F000012300EB4000800000F1804000F58410E2
:1016000041600360704700BF002370B5DB8A044669
:101610000D46002242E800F2520254BF102104217C
:1016200044F25220984786462B462246F446BDE8AF
:1016300070400A214FF48170604700BF0023DB8AAD
:10164000002242E800F2520201D41021184704217E
:10165000184700BF08B503460846191E02DB1AB139
:1016600040F03000FFF7D0FF40F02000FAE700BF65
:10167000034AD2F82838002BFBD0BFF35F8F7047A6
:1016800000000E400021044B044ABFF35F8F43F873
:10169000041B9342F9D170470C080E402C080E40F1
:1016A00010B44FF48D704FF42A64064A064B074974
:1016B0001460D06019605368002BFCDA5DF8044BAD
:1016C000704700BF0080044000A0044000B0FA0052
:1016D000704700BF08B50148FEF7B6FE70CA00109B
:1016E00038B5054C054DAC4204D254F8043B98473C
:1016F000AC42FAD338BD00BF30C9001070C9001029
:1017000010B40748074C084B084A094904601A609E
:101710008B6832EA0303FBD15DF8044B704700BFCE
:10172000002002407F3BEFEF00300240F6FFF30362
:1017300000000240044BDB6CB3F5004F03D14FF4C3
:101740008022024BDA6470470000115000201150D3
:101750004FF0E022044BD2F8881D0B43C2F8883DBD
:1017600010EE3004704700BF030330006FF060419B
:10177000044B054A19609368DB4333F06043FAD1A8
:10178000704700BF003002400000024010B545F233
:101790005320FFF753FFBDE81040034604201847CD
:1017A00010B545F25320FFF749FFBDE8104003464E
:1017B00001201847FEF7F0BE1449154B70B55C1AAE
:1017C000A610442E324628BF4422124D92002846CD
:1017D00005F024FCB4F5867F13D80F4AC6F1440007
:1017E00012D02B19410803EBC101C3E900220833D1
:1017F0008B42FAD1C30704D520F00100304445F8EC
:101800002020064B9D6070BD4320F8E700000010CB
:1018100010010010000000201101001000ED00E098
:10182000002370B52B4C82B0C4F88430FFF738FF2A
:101830000122294BDA63636C012BFCD10321264A78
:10184000244B11639C6B012CFCD1022605252146FB
:101850000523224A22480096FFF738FE21462B46F0
:10186000204A21480095FFF731FE0022042031462E
:101870001E4BFFF7BDFD2146284600221C4BFFF7FB
:10188000B7FD0022082011461A4BFFF7B1FD0022D8
:1018900009201146174BFFF7ABFD00220620114629
:1018A000134BFFF7A5FD0022114B07201146FFF750
:1018B0009FFD0420FFF704FE00240F4BA3FB00351F
:1018C000AD0CE0B229460134FFF792FE062CF8D1A8
:1018D00002B070BD0000014000300140002F685987
:1018E00000000540008C864700800540001BB700C3
:1018F00080D1F008006CDC0283DE1B4386B003B4A9
:1019000051FC0804CDE9020151FC0904CDE90401B0
:1019100051EC0A04CDE9060103BCF047BDE80050D4
:101920004EEC00C4BDE800504EEC01C4BDE80050D0
:101930004EEC02C400BD000000B5FFF7DFFF02E07F
:1019400010FE30F4F8D441EC100443EC112400EE06
:10195000010410EE010480EE200451EC10047047E5
:1019600000B5FFF7CBFF02E010FE30F4F8D441ECF5
:10197000100443EC112400EE010410EE210480EE6B
:10198000200451EC3004704700B5FFF7B7FF02E0C8
:1019900010FE30F4F8D410B541EC100443EC1124DF
:1019A00051EC040453EC0524A0FB024C5FF0000E44
:1019B000E0FB03CEE1FB02CE4CEC20440024E1FB33
:1019C00003E444EC30E480EE200451EC5004BDE824
:1019D0001040704700B5FFF791FF02E010FE30F4B1
:1019E000F8D441EC100443EC112451EC2104A0FB89
:1019F00001126FEA820252FB100052FB12F252FBFC
:101A00001000A0EBD07C53EC04245CFB13F153ECEE
:101A10001524A1FB022001FB030053EC4424A2EB9C
:101A2000000050FB1CF24FEA111312EB017043EB64
:101A3000E27140EA515020EA915020F0070053EC47
:101A40007524A0FB023C53EC752400FB03CC01FB86
:101A500002CC53EC0424ACEB824C40EA5C70A0F165
:101A6000010041EC400480EE200451EC700470470A
:101A700000B5FFF743FF02E010FE30F4F8D441EC6C
:101A8000100480EE220410EEB204704700B5FFF798
:101A900035FF02E010FE30F4F8D440EC700400EEA4
:101AA000010410EE210480EE200451EC3004704754
:101AB00000B5FFF723FF02E010FE30F4F8D440EC4D
:101AC000600400EE010410EE210480EE200451ECCD
:101AD0003004704700B5FFF711FF02E010FE30F44C
:101AE000F8D441EC800400EE010410EE010480EE15
:101AF000400410EE1304704700B5FFF7FFFE02E04C
:101B000010FE30F4F8D441EC800400EE010410EE35
:101B1000010480EE400410EE3304704700B5FFF777
:101B2000EDFE02E010FE30F4F8D441EC100443EC7A
:101B3000112400EE010410EE3004C0F30070704771
:101B400000B5FFF7DBFE02E010FE30F4F8D441EC04
:101B5000100443EC112400EE010410EE3004C0F335
:101B60008070704700B5FFF7C9FE02E010FE30F448
:101B7000F8D443EC102441EC110400EE010410EE03
:101B800030F48CBF01200020704700BF00B5FFF784
:101B9000B5FE02E010FE30F4F8D443EC102441EC22
:101BA000110400EE010410EE30F42CBF01200020DF
:101BB000704700BF00B5FFF7A1FE02E010FE30F451
:101BC000F8D441EC100443EC112400EE010410EEB3
:101BD00030F42CBF01200020704700BF00B5FFF794
:101BE0008DFE02E010FE30F4F8D441EC100443EC1A
:101BF000112400EE010410EE30F48CBF012000200F
:101C0000704700BF0022002950DA404261EB4101D9
:101C1000C9B1B1FA81F30B3B17D4D3F1200C30FAE0
:101C20000CFC9840994051EA0C011A44524202F2CD
:101C3000324201EB025141F0004140F2FE739A4200
:101C400038BF704721E011467EE003F1210310FA0E
:101C500003FCA3F1010301FA03FCC3F1200320FA02
:101C600003F021FA03F140EA0C00A3EB020202F2B6
:101C7000324214D050F1000041EB025141F00041DA
:101C800040F2FE739A4238BF70474FF00001A8BF80
:101C9000C7F6F0714FF00000704700217047EBD39A
:101CA00050F1000020F00100E6E70022B9B1B1FADE
:101CB00081F30B3B16D4D3F1200C30FA0CFC984086
:101CC000994051EA0C011A44524202F2324201EBAD
:101CD000025140F2FE739A4238BF704720E011462D
:101CE00000F066B803F1210310FA03FCA3F101032D
:101CF00001FA03FCC3F1200320FA03F021FA03F1F7
:101D000040EA0C00A3EB020202F2324212D050F180
:101D1000000041EB025140F2FE739A4238BF704717
:101D20004FF00001A8BFC7F6F0714FF000007047F8
:101D300000217047EDD350F1000020F00100E8E7EA
:101D4000002880F235804042B0FA80F30B3B11D47A
:101D5000984001EB0302524202F2124200EB0251A0
:101D600041F000414FF0000040F2FE739A4238BF4C
:101D7000704713E0C3F1000330FA03FCC3F1200203
:101D80009040A3EB010202F212420CEB025141F02F
:101D9000004140F2FE739A4238BF70474FF0004155
:101DA000A8BFCFF6F0714FF00000704700217047D8
:101DB00060B3B0FA80F30B3B0FD4984001EB030201
:101DC000524202F2124200EB02514FF0000040F288
:101DD000FE739A4238BF704710E05B4230FA03FC52
:101DE000C3F120029040A3EB010202F212420CEB7D
:101DF000025140F2FE739A4238BF70474FF0000123
:101E0000A8BFC7F6F0714FF000007047002170477F
:101E10000022A2F232425FEA215CACF10103A1EBA5
:101E200003515B0513F5800F32D212EB535210D4DD
:101E30000B2A36DA9140D2F1200330FA03F319432A
:101E40009040BCF1000FA8BF7047404261EB4101D8
:101E5000704720320EDD01FA02F3D2F12002D140A8
:101E6000D0401843BCF1000FA8BF7047404261EB5F
:101E700041017047524282F3050231FA02F000211B
:101E8000BCF1000FA8BF7047404261EB41017047B1
:101E900002D000200021704750EA013118BF4FF0F6
:101EA000000C6FF0004101EBDC716FEAEC707047E1
:101EB00010B5044604F02CFA28B10346034A234423
:101EC000934200D810BD0248FEF7BEFA0000082079
:101ED0007CCA001010B50C4604F0F2FC28B1034691
:101EE000034A2344934200D810BD0248FEF7ACFADF
:101EF000000008207CCA001004F012BA9A4238BFD1
:101F000088547047704700BF2DE9F04F83B0994661
:101F1000DDE90DAB0F9B884611469A07074616D19F
:101F2000DA453AD20C460D46ABEB0A060E44224681
:101F30004B46414620200134B847B442F7D12946E8
:101F4000BAF1000F08D1204603B0BDE8F08F0C466F
:101F5000BAF1000F10D00E4655460C9B2E449A4401
:101F60000191721B4B46013D41461AF8010D344662
:101F7000B847002DF5D101990F9B9B07E3D5651A52
:101F8000AB45E0D922464B46414620200135B847B3
:101F90005D4504F10104F5D3D5E70C46BAF1000F15
:101FA000D9D1D0E72DE9F04F0F9FDDF8248017F04D
:101FB000020F0A9C9DF82CA00E9DDDE90C9644D1E1
:101FC000F5BBB44241D207F0010B04F1FF3C4FF0E6
:101FD000300EC44404E00134A6420CF801EF01D9EC
:101FE000202CF8D1BBF1000F00F08880A5422CD93D
:101FF00004F1FF3C4FF0300EC44404E00134AC4225
:102000000CF801EF21D0202CF8D117F0100F0ED0D2
:1020100017F4806F54D1A64263D0A54261D0B9F1C4
:10202000100F50D0B9F1020F56D0202C29D1202406
:10203000CDE90B57CDE90984BDE8F04FFFF764BF48
:1020400017F0010B34D1B442BFD317F0100F1ED0DC
:1020500017F4806FE3D1002CDDD1B9F1100F63D0FC
:10206000B9F1020F77D0302488F800400124BAF18A
:10207000000F11D17E0748D52B2608F804600134E3
:10208000D6E7264601344FF0300C08F806C0202C65
:10209000CDD0BAF1000FEDD02D2608F80460013440
:1020A000CDE90B57CDE90984BDE8F04FFFF72CBF10
:1020B000BAF1000F30D0B44205F1FF3585D395E772
:1020C000B9F1100FB3D1BE063BD5202CAFD05826A6
:1020D00008F804600134A8E7202CA8D02646013473
:1020E00007E0661EB9D0B9F1100F36D0B9F1020F72
:1020F000C9D14FF0620C08F806C096E717F0100F30
:10210000C5D017F4806F86D089E73E0790D520268A
:1021100008F8046001348BE717F00C0F00D0013D84
:10212000B442FFF452AF61E7BC0612D4782488F8B9
:102130000040302488F801400224BAF1000F99D001
:10214000AAE7202C3FF473AF782608F80460013426
:102150006BE75824EBE76224E9E717F0200FA4F1BE
:10216000020C04D04FF0580E08F80CE08BE74FF04B
:10217000780E08F80CE086E700B9704701F048BC1B
:1021800010B1D1E900311847704700BF00000000CE
:102190002DE9F04F97B09DED207BDDE9225B0746EE
:1021A000884651EC170B249C99460C920B4602462C
:1021B0008DED047B0794FFF7B5FC002840F0F48117
:1021C000DDE904014FF0FF326FF48013FFF7CEFC1E
:1021D000002840F01B81DDE904014FF0FF32AC4BD9
:1021E000FFF700FD002840F0EE80DDE90401A4A324
:1021F000D3E90023FFF7F6FC002840F0D380DDE9A7
:102200000401A1A3D3E90023FFF7B0FC002840F0AC
:10221000C980DDE9040100220023FFF7A7FC0028A4
:1022200040F0E88023460D9013F4806F08BF062528
:1022300030212B460EAAA5F1200605E0013BB34252
:1022400002F8011B00F09381092BF7D81E46ED1A06
:10225000DDE90401FFF742FC8E4B044603EBC603A5
:1022600093ED007B8DED087BFFF714FC02460B46D7
:10227000DDE90401FFF778FBDDE90823FFF788FBC0
:1022800002460B46CDE90A23FFF73AFC8246FFF7E8
:1022900013FC02460B46DDE90A01FFF765FB024627
:1022A0000B46CDE90A2300227B4BFFF79BFC00285D
:1022B00000F0FE800AF1010A5046FFF7FDFB0246DE
:1022C0000B46DDE90801FFF765FC10B14FF0000A8D
:1022D0000134002E00F0FD80681E0EABDFF8CCC18B
:1022E00018440FE0ACFB0A21C90801EB8102AAEBFC
:1022F00042023032BAF1090F00F8012F40F21C817E
:102300008A461D46202D05F1010306F1FF36E9D16D
:102310002025691E0EAB6148194410E080FB046261
:10232000C3EBA20303EB8302A4EB420404F13002EB
:1023300001351C4601F8012F002B00F0EB80202D09
:102340004FEAE473EAD1079B03F00303012B18D192
:10235000BBF1000F15D00D9B002B00F00A810BF193
:10236000FF3BBBF1200F0CD96B1E0EA930220B4492
:1023700005E001355D4503F8012F80F0D180202D67
:10238000F7D1079B0EACCDE902B341464B46384628
:102390000C9A01950094FFF7B7FD8246504617B09E
:1023A000BDE8F08F079B9DED047BCDE923B341464B
:1023B0004B4638460C9A8DED207B229517B0BDE830
:1023C000F04F00F045B9610723464CBF04230323B7
:1023D0004146219338464B46079A48BF304CCDE9D9
:1023E00022B258BF2F4C0C9A209417B0BDE8F04F82
:1023F000FFF78ABDDDE9042300200021FFF7B4FACE
:102400000123CDE904010D9323460DE723469C07E4
:1024100040F0AA80BBF1040F40F2A6800C9B1D4641
:102420001C1F04EB0B0A2A464B464146202001356F
:10243000B847AA45F7D155461B4C261F14F8010D85
:102440002A464B464146B847B44205F10105F5D14D
:10245000079B0AF1040A9807A0D50C9CAAEB040379
:102460009B459BD952464B46414620200AF1010A22
:10247000B847AAEB04035B45F4D38FE7AFF30080C2
:102480000000000065CDCD410000000065CDCDC14C
:10249000FFFFEF7F80CD00100000E03F67666666BB
:1024A000CCCA0010D4CA0010E0CA0010CDCCCCCCED
:1024B0000022DDE90A01634BFFF758FB00287FF497
:1024C00008AFBAF1000F6AD10AF1010A002E7FF4B9
:1024D00003AF2046FFF7DEFA02460B46DDE90401B2
:1024E000FFF742FA02460B46CDE904230022554B82
:1024F000FFF73CFB00287FF40CAFDDE9040100226C
:10250000504BFFF76FFB00287FF403AF013424F03A
:102510000104FEE6079B03F00303012B00F0828019
:10252000202D3FF42EAF0D9B7BB32D220DEB050329
:1025300083F83820013524E7202B3FF4E9AE0EAABA
:1025400015441E44302204E0202B05F8012F3FF4EF
:10255000DFAE9E4203F10103F6D12E220DEB0603FE
:1025600083F83820751CD4E6DDF830A063E7202519
:102570006EE6079B13F00C0F50D00BF1FF3BAB4501
:102580003FF6F2AE202D3FF4FCAE079B5A0701D573
:102590002B22CBE71B077FF5F4AE2022C6E71AF00B
:1025A000010F3FF496AE8FE7A60734D1BBF1030FBE
:1025B00031D90C9B1D46DC1E04EB0B0A2A464B4608
:1025C000414620200135B8475545F7D155461E4CA8
:1025D000E61E14F8010D2A464B464146B847A6426E
:1025E00005F10105F5D1079B0AF1030A9D077FF567
:1025F000D5AE0C9CAAEB04039B457FF6CFAE5246AA
:102600004B46414620200AF1010AB847AAEB0403D1
:102610009B45F4D8C2E6DDF830A0D7E7AB453FF6DE
:10262000A3AEAEE6BBF1000F3FF47AAF0D9B002BDB
:102630009FD00BF1FF3B5D45FFF496AE202D7FF45C
:1026400074AF9EE60000E03FDBCA0010000000000F
:102650002DE9F04F9FB02A9EDDE9284507469346B5
:102660000891099322462B46204629460E96DDE91D
:102670002BA6FFF757FA002840F0BE8020462946D7
:102680004FF0FF32784BFFF7ADFA002840F0B480EE
:10269000204629464FF0FF326FF48013FFF766FAA9
:1026A000002840F0A9802046294600220023FFF799
:1026B0005DFA002840F0D581CDE90A45DDE90A231D
:1026C0009046994606F4006216F480630F921393C5
:1026D00040F0A18058EA090340F0CA80002A40F087
:1026E000E38106230E9316F00202109240F0D4818B
:1026F0005346042B38BF04230C920422043B12924D
:102700000F932046294600220023FFF72FFA0028C6
:1027100040F0F3819DED0A7B0F9B5A4603930E9B7D
:102720008DED007B029326F4006304933846099BE9
:102730000899FFF72DFD024616F0200F099B089916
:102740000CBF6520452002F10108B8470C9A129B86
:1027500016AC5D1E82EAE273A3EBE273D10F002692
:1027600022469946DFF804C101E0202E10D0CE4663
:10277000ACFB0930C00800EB8003A9EB4303303306
:10278000BEF1090F814606F1010602F8013BECD8C3
:102790000523002006930A2305950094099D089CB3
:1027A0004246CDE90330CDE901612B46214638464A
:1027B000FFF7F8FB109A8046D2B1A0EB0B06B245AA
:1027C00016D90BEB06022B46214620200136B847CE
:1027D000B245F6D80BF1FF335344CBF10102A3EB22
:1027E00008034244924538BF002308F10108984489
:1027F00040461FB0BDE8F08F5A463846CDE928451F
:10280000CDE92BA60E9C099B08992A941FB0BDE820
:10281000F04FFFF7BDBC58EA09032BD1002A3FF463
:1028200062AF00230C930E9B0C9A934200F3B98184
:102830004FF000082046294600220023FFF796F9B2
:10284000002840F013819DED0A7B26F4006646F4D3
:1028500080668DED287B5A463846CDE92A8A099B49
:1028600008992C96D2E700BFFFFFEF7FCDCCCCCCF0
:1028700006230E93C9F30A50A0F2FF30FFF70AF9BE
:10288000C1A3D3E90023FFF783F8C1A3D3E9002351
:10289000FFF756F8C9F31309CDE90C0149F07F5150
:1028A00040460022B24B41F44011FFF75DF8A4A36B
:1028B000D3E90023FFF76CF802460B46DDE90C0173
:1028C000FFF73EF8FFF70AF90C90FFF7E3F89EA335
:1028D000D3E9002380468946FFF75AF80022A54B2A
:1028E000FFF72EF8FFF7FAF80346494640461293E1
:1028F00097A3D3E90023FFF74BF880461298894647
:10290000FFF7C8F894A3D3E90023FFF741F8024684
:102910000B4640464946FFF727F802460B468046DD
:102920008946FFF735F842464B46CDE9100140464F
:102930004946FFF705F80022CDE91401DDE9100151
:102940008D4BFFF74BF800228C4BFEF7F9FF024648
:102950000B46DDE91001FFF741F80022884BFEF736
:10296000EFFF02460B46DDE91001FFF737F842465C
:102970004B468046894600204FF08041FEF7F4FF29
:1029800002460B4640464946FEF7DAFF02460B4632
:10299000DDE91401FFF722F800227A4BFEF7D0FFA1
:1029A000129B002203F2FF3C4FEA0C53FEF7F0FFAC
:1029B00080468946DDE90A0142464B46FFF7D6F8D4
:1029C00050B10C9B4046013B49460C9300226B4B97
:1029D000FFF704F8804689460C9A43466332C62ABC
:1029E00006F00202109249460F9A2CD8002A5ED0B7
:1029F000042212920B433FF416AFDDE90A0158A3FB
:102A0000D3E90023FFF7DAF848B1DDE90A0156A35C
:102A1000D3E90023FFF7AAF800287FF404AF0E9B48
:102A2000002B50D0139A002A7DD0013B0E93129BAD
:102A30009A4505D9109B002B00F0AE80022310931D
:102A400000230F9344E022BBBAF1050F4FD906F0E3
:102A50000203002B49D105231293AAF105030F931A
:102A60003AE005F100430A940B9327E626F400664A
:102A700046F4806638462C96DDE90A67344607F14D
:102A800000455A46CDE92A8ACDE92845099B08998F
:102A9000BCE605221292ADE700230222CDE90F32F7
:102AA00004220C9312922CE64FF00508C2E6BAF10C
:102AB000040F1FD9109B002B78D104231293AAF185
:102AC00004030F9304E0129B9A4531D80E9B0F9399
:102AD0000C9B002B3FF415AEDDE90A0142464B4644
:102AE000FEF77CFFCDE90A010BE6022310930523D4
:102AF0001293F1E704231293EAE7DDE90A45A046C1
:102B00000F9B05F1004903930E9B5A46029326F44E
:102B1000006304933846CDE90089099B0899FFF7C3
:102B200037FB024608E6129B9A4544D80F92CFE73E
:102B3000109B8BB30E9B0F9302231093C8E700BF2B
:102B400061436F63A787D23F71A379094F930A400E
:102B50001655B5BBB16B0240EF39FAFE422EE63F87
:102B60002D431CEBE2361A3F0000000080842E410A
:102B70000000F83F0000E03F00002C40000024402F
:102B8000000018400000F03FFB799F501344D33FF2
:102B9000B3C8608B288AC63F129BAAEB03030F932E
:102BA00096E7A3EB020808F1FF3843E604231293EB
:102BB000022310938CE7109B002BEDD002230F9281
:102BC000109385E72DE9F04F9BB0249C954D0A9416
:102BD000954CB1F1000A18BF834625601878934CD4
:102BE000914608BFA3460993002800F093824FF056
:102BF00000080AE042464B46514608F10108D84712
:102C0000099B1878002800F0CE80099B252803F145
:102C100001030993EED11C460023224612F8010B52
:102C2000A0F1200110290AD8DFE801F04009093C91
:102C30000909090909090938093409093000A0F10D
:102C400030010929099440F28A802A2800F0F08096
:102C500000252E2800F096800026A0F16801122998
:102C60002DD8DFE811F049012C0043012C00380178
:102C70002C002C002C002C002C002C002C002700F9
:102C80002C002C002C002C002C002700144643F0B4
:102C90000103C2E7144643F00203BEE7144643F0C3
:102CA0000403BAE7144643F01003B6E7144643F0B2
:102CB0000803B2E70999487843F480730132672822
:102CC00009927ED8242840F2C180A0F12502422A30
:102CD00000F2BC80DFE812F05001BA00BA00BA007E
:102CE000BA00BA00BA00BA00BA00BA00BA00BA0014
:102CF000BA00BA00BA00BA00BA00BA00BA00BA0004
:102D0000BA00BA00BA00BA00BA00BA00BA00BA00F3
:102D1000BA00BA00BA00BA00190137011901BA00A5
:102D2000BA00BA00BA00BA00BA00BA00BA00BA00D3
:102D3000BA00BA00BA00BA00BA00BA00BA00BC01C0
:102D4000BA00BA00BA00BA00BA00BA00BA00BA00B3
:102D5000BA00BC015801BC01190137011901002555
:102D600000E0013205EB850500EB45051078303DAC
:102D7000A0F130010929F4D92E28099202F10102AB
:102D80007FF46AAF099943F4806348781146A0F153
:102D90003006092E40F221812A2800F02F81099265
:102DA0000026013259E74446C14501D809F1FF38F0
:102DB0004B46424651460020D84720461BB0BDE84E
:102DC000F08FA0F16902D2B20F2A3FD8012149F257
:102DD00041079140394040F0F3800A2A3DD0072A4C
:102DE00034D10A9D55F8042B002A00F0138143F0DA
:102DF000210012AB1F460B9303E0202900F0148141
:102E00001A4602F00F042346092C94BF303337339F
:102E10000F2A07F8013B01F101014FEA1213ECD828
:102E200002E100BFC52B00107C490020051F0010E7
:102E30000A99099851F8045B4078002DCDE90921E1
:102E4000BCBF43F002036D42013202E742464B46EB
:102E5000514608F10108D847D2E60A99002E51F8E8
:102E6000047B18BF3246387808BF4FF0FF32002885
:102E700000F07B83BC18A4463A4604E012F8014FE8
:102E8000002C00F03F819445F8D16446E41B5A05BC
:102E900040F12281B44228BF344613F0020300F00F
:102EA00088820223CDE90A5142461D46464408E085
:102EB0004B465146D84717F8010F08F1010810B1E9
:102EC00042464645F4D12B460B990A9D002B40F013
:102ED00041810A9194E6099948786C287FF4ECAE18
:102EE0000A46887843F440730332E8E6099943F4CC
:102EF000007348780132E2E609994878682800F0C2
:102F0000038143F080030132D9E6672800F0D980BD
:102F1000472800F0DC80452800F0DB80CDE9035332
:102F20000A9B0296073323F007031C464246F4E847
:102F300002674B4651465846CDE900670A94FFF7B1
:102F400087FB80465CE6462808BF43F02003CDE9B6
:102F500003530A9B0296073323F007031C4642469D
:102F6000F4E802674B4651465846CDE900670A949B
:102F7000FFF70EF9804643E642464B465146252070
:102F800008F10108D8473BE60A9A990702F10404C0
:102F900008F1010640F1C68010784B464246514682
:102FA000D847012D88BFA84440F2BD8132464B4628
:102FB000514620200136D8474645F7D10A941FE6EE
:102FC0006F2800F0818040F24882782800F09081DC
:102FD0000A2723F01003BC4641E0002606EB8606D4
:102FE00000EB4600A0F1300611F8010FA0F130020D
:102FF000092AF3D90A46099101322EE6DDE90921B1
:1030000051F8046B9078023209920A91013226EA53
:10301000E67622E623F0100013F4806240F02100EF
:103020003FF4E7AE12AB0B930B9B06900093082383
:103030001020059300234246CDE9023001914B4612
:10304000514658460496FEF7ADFF0A958046D7E5EF
:10305000582862D0622840F08F800227BC4613F4C3
:10306000806000F0DD8023F00D0313F4007240F067
:1030700081810A990F1D13F4807140F037825C063C
:103080000A9A40F13B811278002A40F04E8123F0E9
:103090001003002800F04981114612AA0B92CDE9D5
:1030A0000553CDE903C601910B9B424600930023D3
:1030B0005146029358464B46FEF774FF0A978046E6
:1030C0009EE543F4006329E70827BC46C7E743F4BD
:1030D000006343F0200321E713F0020300F08E8128
:1030E00002230A951E460D4642464B465146D84796
:1030F00017F8010F08F101080028F5D129463346D9
:103100000A9DE3E6D41BC2E60A46887843F0C00372
:103110000332D4E50446804646E6102743F02003F8
:10312000BC469CE7012D40F2F880464608F1FF3787
:103130002F4432464B46514620200136D847BE42E6
:10314000F7D10A9B3246187851464B46D847A844D7
:103150000A9455E54646A5427FF6BBAEA844A8EBC7
:1031600004080C4632464B46514620200136D847CB
:103170004645F7D12146ACE613F4806200F0BB80EF
:103180004FF4806223F0110C1CF400770A9B4AD1A3
:103190001CF4807003F1040440F034811CF0400FF3
:1031A00040F0A3801CF0800F00F0D381B3F9001031
:1031B00081EAE177A7EBE177BFB2CB0F002900F0FE
:1031C00056813A4612A90F46DFF8D8E30B910A93CD
:1031D0000C9501E020280FD01546AEFB0213DB084A
:1031E00003EB8301A2EB41013031092D1A4600F1B6
:1031F000010007F8011BEDD80A9B0C9DCDE9055C89
:10320000CDE9010304960B9B424600930A235146E5
:10321000039358464B46FEF7C5FE0A948046EFE4FA
:1032200023F00C0321E7073323F007031946084670
:103230005B6850F8081BDF0F0A9051EA030062D167
:10324000002A40F09F811346114612AACDE90C7561
:1032500000201546CDE90E68DFF848E30B9201E047
:1032600020282DD05A1842F10002AEFB027828F037
:10327000030707EB9807D21B1E469B1A61F1000754
:103280000C464FF0CC3101FB03F10EFB0711A3FB01
:103290000E731944052307F00108A8FB03389B1897
:1032A0000A2E03F130034FEA570774F1000405F8C2
:1032B000013B00F1010047EAC1734FEA5101CFD24F
:1032C000DDE90C75DDE90E680B9B424600930A238D
:1032D000CDE9055CCDE90107049603934B465146C1
:1032E0005846FEF75FFE80468AE419780F4664E789
:1032F0001027BC46B3E623F0100C45E71C064CBF74
:1033000012881268C0E60A46191E01DB13469CE7C4
:103310005242134661EB410197E713465146187834
:1033200042464B46D847B04648E613F0200F14BF3C
:103330004120612012ACA6460B940A93A0F10A0426
:103340000C9502E0202912D02A46B2FBFCF50CFBBA
:103350001520C3B2092803F130008ABF1B19C3B27C
:10336000DBB262450EF8013B01F10101EAD20A9B92
:103370000C9D94E60A9A073222F00702516852F82F
:10338000084B8E460A9254EA010276D123F01003CC
:10339000002872D00022114612AA0B92CDE90553E3
:1033A0000B9B424600930023CDE903C60191029393
:1033B00094E7A54298BF01347FF674AD4FF4806363
:1033C000CDE90A7505EB08021F460D46141B42465F
:1033D0004B465146202008F10108D847A045F6D1B8
:1033E0003B460A9F294638780B9D6C1C00283FF409
:1033F00070AD002B3FF475AE002353E5A542DFD836
:1034000001346EE61968CB0F002900F0A88081EA2C
:10341000E172A2EBE17212A90846DFF888E10B9194
:103420000A930C9501E0202F0FD01546AEFB021336
:10343000DB0803EB8301A2EB41013031092D1A4671
:1034400007F1010700F8011BEDD80A9B0C9DCDE99F
:10345000055CCDE901730496D5E6692823F0100CCC
:1034600040F08C8013F480623FF48EAE88E6002A30
:103470003FF4A8AE12AA0B92C0E613F0200F14BFBF
:1034800041226122002012A90A3ACDE90E68CDE955
:103490000C35CDF844B006468846754693460B91E8
:1034A000CDF840C003E0202E17D004460D46294633
:1034B0003A460023204609F01BFAD2B2092A02F14B
:1034C000300388BF02EB0B03BC42DBB275F1000591
:1034D00008F8013B06F10106E5D23146DDE90C357D
:1034E000DDE910CBDDF83C800E9E57E70A990968AC
:1034F00051B923F0100338B112A90B91CDE905534E
:10350000CDE903C60192CFE513F0200F14BF41208F
:10351000612012ACA6460B940A93A0F10A040C9504
:1035200002E0202A12D02946B1FBFCF50CFB151055
:10353000C3B2092803F130008ABF1B19C3B2DBB242
:1035400061450EF8013B02F10102EAD20A9B0C9D93
:10355000D4E7196881EAE177A7EBE1772DE6002A45
:103560003FF459AF12AA0B9271E713F480640DD0A7
:1035700013F0020412D004464646ECE50A276346DF
:10358000BC466CE512AB00200B939DE613F00203E2
:103590007FF4E0AD002D7FF413AF9AE4002D7FF4AB
:1035A0000DAF96E4CDCCCCCC0EB410B585B007AC45
:1035B00054F8043B01464FF0FF3200940448039452
:1035C000FFF700FB05B0BDE8104003B0704700BF37
:1035D000FD1E001070B594461E4605460C4684B08C
:1035E0004FF0FF32634602A900960348CDE902542A
:1035F000FFF7E8FA04B070BD812100100FB410B5D8
:103600000E4B84B006A91C6851F8043B03915CB1D1
:1036100000914FF0FF3202A90948A047012004B0F1
:10362000BDE8104004B07047184600F033FA204659
:1036300004B0BDE8104004B0704700BF7C490020D2
:103640007921001010B5094B84B01C684CB10346B9
:1036500000914FF0FF3203A90548A047012004B0B4
:1036600010BD00F017FA204604B010BD7C490020C0
:103670007921001000BEFDE7074A0346106838B103
:10368000064903448B428CBF4FF0FF3013607047F4
:10369000034908461160F3E7784500200000082040
:1036A0007888002003460846114623B9034BD3E926
:1036B000002300F059B94FF0FF30704718CD0010CB
:1036C000431E012B09D810B51446084601230022D9
:1036D000214600F0D3F8204610BD4FF0FF30704770
:1036E0004FF0FF30704700BF4FF0FF30704700BF12
:1036F0004FF0FF30704700BF02288CBF0020012030
:10370000704700BF08B5FFF7B5FF00BF9C461446E1
:1037100000B50B460246614683B044B1054D0648EC
:1037200001940095FFF76AFF0120FFF7A3FF034D07
:103730002C46F4E7E4CA0010F4CA0010F0CA0010E6
:1037400038B5064C064DFDF7CBFFAC4204D254F819
:10375000043B9847AC42FAD338BD00BF70C9001093
:1037600078C9001003680846114618472DE9F04152
:103770001546427D07468846002A46D0002D1DDDAD
:103780000B780A2B23D0012D4FF0000C18D04646A1
:10379000012416F8012F21460A2A04F1010422D03F
:1037A000A542F6D165450BDC08EB050313F8013C97
:1037B000A3F10D03B3FA83F35B093B75BDE8F08118
:1037C0003B68A5EB0C0108EB0C009847ECE7037D88
:1037D000002BD8D1036802210F489847012DE3D070
:1037E0004FF0010CD3E716F8013C0D2BD8D08C45D7
:1037F00008EB0C00A1EB0C0101DA3B6898470221B1
:1038000005483B689847A446CAE7294640463B68B6
:10381000BDE8F041184700BFD0CD00100B682DE97E
:10382000F041802B0D46064605D05A1C2B442A60D9
:103830001E71BDE8F0810F4B1C68A4B10E4F01F161
:10384000040801E0246974B12368002BFAD03B68B6
:103850000BB1A342F6D1204641462A68FFF786FF06
:103860002469002CF0D1002301222B442A601E7110
:10387000BDE8F08128260020342600202DE9F047FD
:1038800082B00D4691461C460646FDF767FD4FF097
:10389000FF3C6FF000472E4A821841F10003944527
:1038A00077EB03013CBF62463B462A4809F034F8F7
:1038B0006B1C804640D00CB3274F284B1C68B4B11A
:1038C000B9F1000F1CD1DFF89C9001E0246974B1BC
:1038D0002368002BFAD0D9F800300BB19C42F5D107
:1038E00020462A463146B8472469002CF0D1B8F169
:1038F000000F26D1284602B0BDE8F087184FDCE75C
:103900004FF00A0ADFF85C9002E02469002CEED048
:103910002368002BF9D0D9F800300BB1A342F4D1C1
:103920002A4631462046B847012220460DF10701BC
:103930008DF807A0B847E8E7304603F0E5FB0546F9
:10394000B9E7044808F0D8FF284602B0BDE8F08780
:1039500040420F00081D00206D370010282600206F
:1039600065370010342600202DE9F04F98460746B1
:103970000E4683B0DFF860B0DFF86090DFF860A03B
:103980000192DBF8004014B911E024697CB1D9F848
:1039900000500DB1A542F8D1A268002AF5D03146F9
:1039A000384690470028F0DD03B0BDE8F08FDAF824
:1039B000242090450BD8DAF82810019B994204D3B3
:1039C0006FF0010003B0BDE8F08F9045F8D1012001
:1039D0000021FDF7CDFCD4E7282600203426002066
:1039E00000000B40084A136823B90AE003F11002F3
:1039F0001B6933B18342F9D129B918691060196183
:103A0000704701B1106070472826002000F0DEBA30
:103A1000F0B583B006468DF80700FDF79FFC4FF028
:103A2000FF356FF00044174A821841F100039542B8
:103A300074EB03013CBF23462A46134808F06CFF91
:103A4000124B07461C689CB1114D01E024697CB102
:103A50002368002BFAD02B680BB19C42F6D120468C
:103A600001220DF10701FFF781FE2469002CEFD13F
:103A700017B9304603B0F0BD034808F03DFF3046AB
:103A800003B0F0BD40420F00081D00202826002092
:103A90003426002038B5044603F036FB01230546E2
:103AA0001A4620462946FFF7E9FE084B1C682CB150
:103AB00063682BB198472469002CF9D1284638BD9A
:103AC0002469002CF4D1284638BD00BF28260020E8
:103AD0002DE9F041A2B004460D46FDF73FFC4FF042
:103AE000FF376FF00046264ADFF8A480821841F1C4
:103AF0000003974276EB03013CBF3A463346214828
:103B000008F00AFF00272B462246064601A91E4858
:103B10000197FFF75FFD019B0546D8F80040C3B150
:103B2000002C2BD0194F01E0246974B12368002BBD
:103B3000FAD03B680BB1A342F6D12046019A02A904
:103B4000FFF714FE2469002CF0D10023D8F80040C0
:103B500001932CB1636843B198472469002CF9D1D3
:103B60002EB9284622B0BDE8F0812469F1E7054866
:103B700008F0C2FE284622B0BDE8F0810194EFE7CC
:103B800040420F00081D00201D3800103426002080
:103B9000282600200FB400B583B004A951F8040B07
:103BA0000191FFF795FF03B05DF804EB04B0704797
:103BB000704700BF0022014B1A70704771880020C7
:103BC0004B79FF2B0BD1887948B9CB79012B07D1E1
:103BD000082A05D9034B8A7809201A7070470020FB
:103BE000704700BF7188002001207047012901D073
:103BF0000120704708B5104B91881B78994201D07D
:103C0000002008BD5378012B08D0022BF8D10021E9
:103C100064220846FDF7A0FC012008BD5188CB05B1
:103C200048BF480AC1F3402258BF4FF0FF3001F0AF
:103C30007F01FDF70FFD00BF71880020004870472D
:103C40009CCE0010012907D15378012B02D1938813
:103C5000072B03D000207047012070471146A62390
:103C6000014A01F039BA00BFF4CD00100346012229
:103C700001481A70704700BFD4CD001008B50B681A
:103C8000B3F5966F00D008BD00224FF0FF3011460B
:103C9000FDF7E0FC024A034B10601960704700BF5B
:103CA000C8250020CC250020184B70B51A68002AC2
:103CB00028D0EFF3108172B6D2E8CF4F0120002C4C
:103CC000FAD1C2E8440F002CF6D1BFF35F8F002277
:103CD0000F4C186859602270C0E88F2F81F310884C
:103CE000002400250B4E3078FCF798FC20B9002406
:103CF00000252046294670BD3078FCF79FFC204601
:103D0000294670BD4FF47A740025EBE7A0490020E6
:103D10007388002072880020014B1878FCF78EBC55
:103D20007288002038B5044600200D4601F004FBDF
:103D3000A8B3002001F016FB88B3FDF70FFB4FF08E
:103D4000FF3E6FF0004C174A821841F10003964580
:103D50007CEB03013CBF72466346134808F0DCFD70
:103D6000E8B1002001F0E8FA58B900214FF0FF3027
:103D700000F00AFD6FF002040B4808F0BDFD20467C
:103D800038BD002001F0EEFA0028EED021462A4688
:103D9000002001F0F1FA04460028EDD1EAE76FF0C7
:103DA0000204ECE740420F001469002008B5FDF75B
:103DB000D5FA4FF0FF3E6FF0004C0F4A821841F1E8
:103DC000000396457CEB03013CBF724663460B48FB
:103DD00008F0A2FD70B14FF0FF30002100F0D4FCDC
:103DE000002001F011FB0028F5D1BDE80840034890
:103DF00008F082BD08BD00BF40420F0014690020DA
:103E00002DE9F84380460F46FDF7A8FA4FF0FF353D
:103E10006FF00044334A821841F10003954274EB7D
:103E200003013CBF2A4623462F4808F075FD08B918
:103E3000BDE8F883002001F07FFA002847D0002F6A
:103E400040DD0025DFF8A890284E13E02246002030
:103E500001F020FB002104464FF0FF3000F094FCFD
:103E6000002001F0D1FAFDF779FAC9E900012544F3
:103E7000AF4227DD002001F02DFB7C1B8442A8BF50
:103E8000044608EB0501002CE0D121464FF0FF303D
:103E900000F07AFC204601F0B7FA204601F04CFA17
:103EA00080B1204601F016FB0028E1D1FDF756FA5B
:103EB000D9F80030D9F804209B1942F1000283425E
:103EC0008A41D5D20848BDE8F84308F015BD002066
:103ED0000021074BC3E90001BDE8F843024808F0A0
:103EE0000BBD00BF40420F001469002020A1070055
:103EF000901E002030B5002185B02E4808F010FD3E
:103F0000F0B92D4B1A68CAB1EFF3108172B6D2E83E
:103F1000CF5F0124002DFAD1C2E8454F002DF6D124
:103F2000BFF35F8F254C1D6822785960D3B2012200
:103F30002270C5E88F0F81F31088CBB105B030BD7A
:103F400000214FF0FF3000F01FFC002001F00AFAC2
:103F50000446184808F0D0FC002CEFD0184B1B6822
:103F6000002BEBD0174A106805B0BDE83040184769
:103F7000FCF77EFF0446FDF7F1F94FF0FF3C6FF0D0
:103F8000004510F57A7241F10003944575EB030189
:103F900038BF2B464FF000014FF0010520460A4C78
:103FA00038BF6246CDE901150094FCF765FF05B006
:103FB00030BD00BF14690020A04900207388002094
:103FC000C8250020CC250020A93C00104FF050430C
:103FD00030B585B01C68FCF74BFFFDF75FF8A042D9
:103FE00002D0002005B030BD00212A4B08461B78C6
:103FF00001F038FD28480368002B47D00120FCF76A
:10400000BBFC0346254C2649C0B22370FCF732FBAB
:1040100020780121FCF7ECFA0E20FCF71BFB40BBDB
:10402000204B0125C3E90000FCF722FF0446FDF701
:1040300095F94FF0FF3E6FF0004C10F57A7241F1A8
:10404000000396457CEB03014FF000012046164C1F
:104050003CBF72466346CDE901150094FCF70CFFA6
:104060000028BEDB01211148FFF7BCFC012005B090
:1040700030BD0120FCF778FA01460A48FCF7D8FC6D
:1040800000220E200A49FCF725FBEBE7FCF7B4FC05
:10409000B4E700BFD83D01101469002072880020E9
:1040A000F53E0010A0490020A93C0010FC1500209E
:1040B000193D00100048704738CF00100048704785
:1040C000E4CE001038B5184B04461A780AB344B948
:1040D00040F209424FF44173144D6A8013482B801B
:1040E00038BD052C1DD8124B104D53F8241028460E
:1040F0000023013903E0132B20F8022F0ED011F812
:10410000012F0133DBB2002AF5D15B0043F4407389
:10411000E4E71121184600F025F8D8E74FF44A7378
:10412000DCE7002038BD00BF5C88002000260020AE
:10413000CCCE001000B545F247308BB0FDF77EFACB
:1041400001220346092101A89847DDE90332044909
:1041500012BA1BBAC1E900230BB05DF804FB00BF23
:1041600008690020012901F1FF3300F0B3805D49A7
:104170000A784FEA121C9F2A8CBF0CF1370C0CF105
:10418000300C012B80F800C000F0A78002F00F0275
:10419000092A8CBF37323032022B427000F09D80EA
:1041A0004A784FEA121C9F2A8CBF0CF1370C0CF195
:1041B000300C032B80F802C000F08F8002F00F0259
:1041C000092A8CBF37323032042BC27000F0858050
:1041D0008A784FEA121C9F2A8CBF0CF1370C0CF125
:1041E000300C052B80F804C077D002F00F02092AAA
:1041F0008CBF37323032062B42716ED0CA784FEA0C
:10420000121C9F2A8CBF0CF1370C0CF1300C072BC1
:1042100080F806C061D002F00F02092A8CBF373245
:104220003032082BC27158D00A794FEA121C9F2AEB
:104230008CBF0CF1370C0CF1300C092B80F808C046
:104240004BD002F00F02092A8CBF373230320A2BD2
:10425000427242D04A794FEA121C9F2A8CBF0CF15D
:10426000370C0CF1300C0B2B80F80AC035D002F063
:104270000F02092A8CBF373230320C2BC2722CD07D
:104280008A794FEA121C9F2A8CBF0CF1370C0CF173
:10429000300C0D2B80F80CC01FD002F00F02092A41
:1042A0008CBF373230320E2B427316D0CA791109C7
:1042B0009F2A8CBF373130310F2B81730DD002F024
:1042C0000F02092A94BF30323732102BC27318BF45
:1042D000103002D00023037070471844002303708D
:1042E000704700BF0869002070B500F02DF90C235D
:1042F0004026194CFF22A3670E201849FCF7EAF963
:1043000032460021164802F02FFD012500238021AE
:104310001348144A418445700683068782604360CF
:10432000136042F8043C80F8213080F83B3043624F
:104330000D4B4FF00056C360C362803B836208F0B0
:10434000F3FA4FF480320949094B25642846E664A4
:10435000C4F89010DA6470BD000011509D03002075
:104360007C450020840010500001105010D0010046
:104370000020115001210E20FCF73AB9002202481A
:10438000114600F001B900BF9C450020044B197094
:1043900021B14FF40032034BC3F89020704700BFA7
:1043A0006E880020002011500B785B0602D14B78FC
:1043B000052B00D070474B88014ADBB21360704771
:1043C00000001150CB782DE9F04103F0030EBEF14F
:1043D000010FC3F301005BD0002791F802C0344CF9
:1043E0000CF07F025600898806EBDC1304EB4313C4
:1043F0004FEADC15D876C1F30A0185F0010083F895
:1044000002C019835870DF70D3008DBB2948043374
:1044100004EB821C03EB0008CCF808801F5082B329
:10442000254BD2001344CCF80430244B3F311A689A
:1044300021F03F01BEF1020F08BF4900114419608D
:104440001F4B771904EB47179942FA602BD82E447B
:1044500004EB4613D97E82F0A04282F480125B689E
:1044600042EA816242F000421A600120BDE8F08118
:10447000104804EB821C0344CCF8283040F832701A
:104480004AB900220F4904EB4513D9605A60ECE7A2
:104490000020BDE8F081D20002F1A04202F58012B6
:1044A000CCF82420C1E7FDF715F9FA68CFE700BF83
:1044B0007C450020800010500400105084490020EA
:1044C000FF0F10500001105008F02EBA8C4608B5AE
:1044D000114607481A460CF07F034FEADC1C0CEB30
:1044E000430C00EB4C1000F04FF8012008BD00BF5A
:1044F0007C45002011F07F0205D100290CBF02206D
:104500000120064B9866C909054B01EB420003EBFD
:1045100040104FF40062002108F0FAB90020115059
:104520007C45002011F07F0300D170470022054830
:104530005B0003EBD11300EB43106FF40061C2701A
:1045400008F0E6B97C4500204FF0805209480A493E
:1045500008B50A4B02600A609968C94311F080519E
:10456000FAD14FF48052064802F0FEFB0922054BB7
:104570005A6708BD0020024000300240000002409F
:10458000000010500000115000234FF0010C10B536
:1045900080F81AC08282C3820161044608F0B4F92F
:1045A00020B14FF40032074BC3F89020204608F0AA
:1045B00097F910B10123237710BD2046BDE81040C4
:1045C00008F08AB9002011502DE9F04100241D4E59
:1045D000054623463278DFF878801B4F0DE03B68B4
:1045E00013EB441324D0DB68284698473278013413
:1045F000E4B2511CA142234606DBA242A3EB020314
:10460000EDD808EB4313EEE7542200210F4802F0E7
:10461000ABFB4FF0FF330D482022041D4360C4E97B
:104620000133E360FF21BDE8F041143002F09CBB90
:104630004FF0E023D3F8F03DDB0700D500BEBDE826
:10464000F08100BF6D88002010200020E0210020B4
:104650004CCF0010704700BF704700BF002070476C
:1046600000207047704700BF704700BF704700BF11
:10467000704700BF024B5878003818BF01207047C0
:10468000E0210020024B1878C0F38000704700BF83
:10469000E02100202DE9F047DFF8E4A09AF800308F
:1046A000FF2B56D10E4600293ED00021542207464A
:1046B000294802F059FB0022284C294B20461A7049
:1046C000FCF79AF9274B28481C60284CFCF7A2F904
:1046D000204601F0ABFD264A264B146023B1264844
:1046E000FFF7C4FA254B18600024234D23462A788F
:1046F000DFF89090DFF884800EE0D8F8003013EBFC
:10470000441311D05B687BB198472A780134E4B236
:10471000511CA142234611DBA242EED89B1A09EBA1
:1047200043135B68002BEFD14FF0E023D3F8F03D4B
:10473000DB0700D500BE0020BDE8F08731463846D3
:104740008AF80070FFF7D0FD0028EDD03846FFF75B
:1047500011FE0120BDE8F087E0210020D8210020D3
:104760006F88002034220020281600201416002014
:10477000382200206D3C00106D88002010200020A1
:10478000301600204CCF00102DE9F04FDFF8C89212
:104790008BB099F80030FF2B00F0F180A84CA94DA8
:1047A000DFF8B0A2DFF8B4B226687369EFF31082C5
:1047B00072B6D3E8CF0F01210028FAD1C3E8401F19
:1047C0000028F6D1BFF35F8FB261304607A901F030
:1047D00077FB00237269C2E88F3FB36983F31088C7
:1047E000002800F0CC809DF81D30013B072B00F223
:1047F0007D83DFE803F0A7B1959D8E350A04089B01
:10480000002BD1D009989847CEE79DF8201001F0F1
:104810007F0605EB460000EBD11090F8343023F012
:10482000010380F8343090F8343023F0040380F82A
:104830003430002E00F0A680037D9AF800209342C9
:1048400080F09380804A126812EB431300F090804E
:104850009E699DF82120099B9DF81C00B047A3E7A5
:104860009BF80030002B00F083809BF80030013B68
:10487000DBB28BF800309BF8003003F0FF00002B18
:1048800092D1704F9DF81C803B7843F001033B7040
:1048900097F8343060F3000387F8343097F83430F9
:1048A00060F3820387F8343097F8353060F3000303
:1048B00087F8353097F8353060F3820387F8353064
:1048C00000F06CFC9DF8203003F06002602A6CD090
:1048D000402A7CD003F01F03012B00F0C180022B83
:1048E00000F08180002B60D1202A00F0E981002AAD
:1048F0005BD19DF82130092B57D8DFE813F0B001C8
:10490000A2015600C101560095016B0156006001DD
:10491000F4002B78D9077FF547AFFFF7A9FE43E7EF
:10492000EB78DA077FF540AF0898FFF795FE3BE795
:104930002B78D8077FF538AF2878C0F3C000FFF791
:1049400095FE31E79DF81C00FFF73EFE00F01CFCD1
:104950009DF82030AB7027E79DF81C00FFF734FE70
:1049600000F012FCFFF780FE1EE7501C984211DA9F
:104970004FF0E023D3F8F03DDC0700D500BE0BB0CC
:10498000BDE8F08F099B9DF821209DF81C0000F0E8
:1049900019FC09E79B1A2D4A02EB431358E7FFF76E
:1049A0008DFB0246002840F082814FF0E023D3F8CF
:1049B000F03DDE0700D500BE9DF81C000021FFF78A
:1049C00099FD80219DF81C00FFF794FDECE620483E
:1049D00000F0E4FB0121404608AAFFF733F9002864
:1049E0007FF4E2AEE8E79DF8241011F0700FDCD1FF
:1049F00001F07F0607EB4600164B00EBD1101B7849
:104A0000007D7600019698424FEAD116009659D360
:104A10005E1C8642C0F26681C01A0C4B03EB401646
:104A2000002A00F06381706900F0B8FB0121404664
:104A3000736908AA984700287FF4B6AEBCE700BFA8
:104A400038220020E0210020102000204CCF001050
:104A5000453C00106D880020301600206F88002033
:104A60009DF824300F2BA7D8AE4A3B441B7912780F
:104A7000934232D3511C99429EDBAB4E9B1A06EBFC
:104A80004316706900F08AFB01214046736908AA49
:104A9000984700287FF488AE9DF8203013F0600618
:104AA0008AD19DF821300A3B012B85D800F076FB96
:104AB0009DF821300A2B00F0F281404608A900F051
:104AC000F1FA71E6994B1B6803EB4016002A00F0DF
:104AD0000D81002E3FF470AFA5E7944A166816EBDF
:104AE0004316CED168E77B789DF822609E4200F0A5
:104AF0004F817B78002B40F0BE817E70002E00F04D
:104B00004581701EC0B2FFF7D9FA0346002800F0B5
:104B10005F814278022A40F05B81C17903F1090686
:104B2000C1F340121201C1F3801142EA4112314631
:104B3000387820F0300002433A705A88CDF80C8063
:104B40009A180192019B8B4240F2A4814A780B2A69
:104B500000F0AF810123042A40F03A810026019A37
:104B60000096521A92B202926E4A049312781DE095
:104B70006E4B1B6813EB461800F02A81029AD8F896
:104B8000103003980591984708280246059906F1C8
:104B9000010303D90298904280F0FF80DEB2614B9E
:104BA00000961A78531C9E4200F31281009BB24279
:104BB000A3EB0202DCD85C4B03EB4218DEE77B7808
:104BC00040468DF81A300DF11A02012308A900F0B1
:104BD00083FAE9E5BDF82200030A013B020AC0B2EC
:104BE0000E2B3FF6E9AE01A151F823F0014E001063
:104BF0009D4C00103D4E0010B9490010B9490010FD
:104C00001F4E00109D4C0010B9490010B94900100A
:104C1000B9490010B9490010B9490010B94900104C
:104C2000B9490010F34D001008A800F0BDFA404645
:104C30009DF82210FFF7A2FB3B7843F002033B7084
:104C4000B2E5BDF82230012B7FF4B6AE3B7840468A
:104C500023F0080308A93B7000F024FAA4E54046BD
:104C60003B789A0802F00202C3F340131343ADF8F5
:104C70001A300DF11A02022308A900F02DFA93E56B
:104C8000BDF82230012B7FF497AE3B78404643F0CD
:104C9000080308A93B7000F005FA85E5022A3FF4F5
:104CA0007EAEFFF7DDFC024600283FF485AE4046AD
:104CB000538808A900F010FA00287FF475AD7BE650
:104CC0009DF824300F2B3FF677AE164A3B441B79F4
:104CD000127893421DD2154A166816EB43167FF4DC
:104CE000A2AE69E6002A7FF467AE00269DF8212077
:104CF00002F0FD03012B1BD0002A7FF456AE019B6E
:104D0000009A3B44134493F834304046C3F34003C5
:104D1000ADE7511C9942FFF64FAE034E9B1A06EBCE
:104D2000431680E66D8800204CCF00101020002034
:104D3000BDF82230B3B9012A99F8000000F086804E
:104D4000FFF7D8FB019B009A3B44134493F83420AF
:104D500042F0020283F8342093F8342042F001023A
:104D600083F83420002E3FF41FAD706900F016FA6E
:104D70007369012108AA40469847002000F00EFA06
:104D800097F83530DF073FF50FAD96E6FFF76CFC7F
:104D9000404608A900F086F906E5049B012B00F0C7
:104DA0009E80002B00F08A80002091F8028005E0B0
:104DB0008CF804605FFA80FC63457FD908EB000C37
:104DC00057FA8CFC9CF804E00130BEF1FF0FEFD0E5
:104DD0004FF0E023D3F8F03DDA0700D500BE4FF0E6
:104DE000E023D3F8F03DDB0700D500BE00237B7045
:104DF000E2E5FEF723FF024600287FF458AFDBE52B
:104E0000FFF758F9024600283FF4CFAD4046122381
:104E100008A900F061F900287FF4C6ACCCE5FFF7E3
:104E20001DFC024600283FF4C7AD4046137808A990
:104E300000F052F900287FF4B7ACBDE5BDF82410AE
:104E4000FFF740F902460028EFD1B5E50293FFF7DE
:104E500069FB019A009B3A441A4492F83410029B71
:104E600063F3410182F8341092F8341063F30001C7
:104E700082F8341076E700214046FFF787FA404673
:104E8000FFF722FBBB7840460093FFF79DFB009B9A
:104E9000BB7032E6DDF80C80FFF7E4FB78E74046B4
:104EA000012308A90DF11A028DF81A6000F014F917
:104EB0007AE40A78CB7811444A784CE633461048B5
:104EC0000492029100F076FE0E4B049A02991B7830
:104ED0001144009A01339342BFF634AE78E7D8F814
:104EE00010C00948844508BF02235DE74FF0E02366
:104EF000D3F8F03DDB077FF557AC00BE54E400BFAC
:104F0000F42100206D880020D55500102DE9F84FC0
:104F10000A9F002A40D00C461E4615464FF0000A54
:104F2000DFF87C90DFF87C8018E0204698F80210CB
:104F300099F800B000F00EFEE0B121465846FFF7A8
:104F400041FAF0B1A2780AF1010AD10916BF0B9B10
:104F50003A701A702278AA4514441DD06278052A46
:104F60000FD1E17801F00301B1420AD1A27812F029
:104F7000700FDAD04FF0E023D3F8F03DDA0700D518
:104F800000BE4FF0E023D3F8F03DDB0702D4002051
:104F9000BDE8F88F00BEFAE70120BDE8F88F00BF3A
:104FA00030160020E021002038B58B7813F0700F08
:104FB00008D04FF0E023D3F8F03DDB0700D500BE6A
:104FC000002038BD074A084B0C46084691781D78EA
:104FD00000F0C0FD0028ECD021462846BDE838404E
:104FE000FFF7F0B9E0210020301600200B46064AFA
:104FF00006481168DA09343203F07F0302EB4303F9
:10500000184400F061BD00BF34220020E0210020E0
:105010000B46064A06481168DA09343203F07F036A
:1050200002EB4303184400F079BD00BF3422002096
:10503000E021002010B5194801F07F0C00EB4C0076
:1050400000EBD11090F834C01CF0010F08D04FF0E5
:10505000E023D3F8F03DDA0700D500BE002010BDF4
:1050600000F1300494F804C00D484CF0010C0078B5
:1050700084F804C0FFF72AFA0028F0D14FF0E021AD
:10508000227960F300022271227960F38202227198
:10509000D1F8F03DDB07E1D500BEDFE7E0210020DD
:1050A0003016002030B50B4C8C46A64605460868E5
:1050B00049680023AEE803009CF800102846C94365
:1050C000C4E90233BDE830401A4601F08001FFF721
:1050D000B1BF00BFA02100202DE9F041284F4FF0C3
:1050E0000008BE468C46064608684968BA60AEE8C5
:1050F0000300A7F80E801546BCF80620934228BF8F
:105100001346BB819AB11C4633B3DDB197F9003029
:10511000402C28BF4024002B29DB41462346304643
:10512000184AFFF787FF68B10120BDE8F0819CF8BD
:1051300000101346C943304601F08001FFF77AFFA3
:105140000028F1D14FF0E023D3F8F03DDB0700D584
:1051500000BE0020BDE8F0811A46397801F08001D8
:1051600023463046FFF766FF0028DDD1EAE72246F6
:105170002946044801F052FF8021024AF0E700BFAF
:10518000A0210020602100200022034BC3E900225F
:10519000C3E902221A617047A0210020014B186167
:1051A000704700BFA021002030B40246044C002507
:1051B000234600685168C4E9025530BC03C37047F8
:1051C000A021002070B53D4CC90922780646B1EBFC
:1051D000D21F1D4682B017D053B14FF0E023D3F851
:1051E000F03DDB0702D4002002B070BD00BEFAE73C
:1051F0002146FFF7D9F823691BB122460321304627
:105200009847012002B070BD94F90030002B06DBF6
:10521000A0680028E7D02A46294901F0FFFEE0896E
:10522000A168E388284480B229448342E081A160D8
:1052300016D03F2D14D9A28994F90040131A9BB2BD
:10524000402B28BF4023002C27DB90424FF0000169
:1052500031D01B4A3046FFF7EDFE0028D1D1BCE724
:10526000236923B102213046144A984760B121785E
:105270000023C94330461A4601F08001FFF7DAFEE9
:105280000028AAD00120BDE701463046FFF732F9D9
:1052900080213046FFF72EF9B3E7904208D01A4636
:1052A0000748019301F0BAFE8021054A019BD1E72E
:1052B00080210022CEE70A46CCE700BFA0210020D3
:1052C000602100202DE9F0410446FFF7D3F908B929
:1052D000BDE8F081FFF7D6F905460028F8D1C823CC
:1052E00004FB03F3124EF718F9780029F0D01033BD
:1052F0001E44304600F0D2FD3F28E9D92846F9780F
:10530000FFF774FE0028E3D0304600F0C7FD3F28C9
:10531000F97808D9074A284602EBC4124023BDE8B1
:10532000F041FFF787BE2846BDE8F041FFF770BEA9
:10533000982000201420002010B50446FFF79AF9A9
:1053400008B9002010BDFFF79DF90028F9D1C82247
:10535000034B02FB0433187900F0010010BD00BFBD
:1053600098200020C82208B5024B02FB003000F054
:105370007BFD08BDA82000202DE9F8434FF6FF7300
:10538000C8249A4228BF1A4600FB04F4DFF8748050
:1053900004F110054544064692B2284600F0DAFDB5
:1053A0000746FFF767F910B93846BDE8F883FFF7FD
:1053B00069F981460028F7D1A04498F80330002B02
:1053C000F2D0284600F06AFD3F28EDD9484698F80B
:1053D0000310FFF70BFE0028E6D0284600F05EFD24
:1053E0003F2898F8031007D9054A4846402302EBA6
:1053F000C612FFF71FFED7E74846FFF709FED3E7BF
:1054000014200020982000202DE9F0410446FFF7E9
:1054100031F910B90020BDE8F081FFF733F90546F6
:105420000028F7D1C82604FB06F6DFF8648006F1F1
:1054300024074744384600F017FD0028EAD0B0445E
:10544000284698F80210FFF7D1FD0028E2D00F4E51
:10545000384606EBC4163146402200F07BFD98F832
:105460000210044668B1034632462846FFF7E2FDC3
:1054700050B94FF0E023D3F8F03DDB07CAD500BEAA
:10548000C8E7FFF7C5FDC5E72046C4E75420002064
:105490009820002038B54FF6FF75C823AA4228BFD0
:1054A0002A460B4C92B203FB00440546204600F00E
:1054B0000FFE034620461C4600F0D6FC3F2801D8CC
:1054C000204638BD2846FFF79FFF204638BD00BF65
:1054D000BC200020C82208B5024B02FB003000F0BF
:1054E000DDFC08BDBC200020F0B5002483B0C8223C
:1054F0000021174801F038FCFF234FF4E131082266
:105500001448047012480094074643718160827306
:1055100000F1380101234022103000F075FC012316
:10552000402207F17801009307F1B80607F1240043
:1055300000F06AFC07F1C0053046FBF75DFA28462B
:10554000FBF75AFAC7E90746C7E90C5403B0F0BDA8
:1055500098200020942000200A4A116B136A61B140
:105560003BB10023C2E90C33D36100231362012055
:1055700070470120C2E90C337047002BF7D0D1618E
:10558000F3E700BF98200020002210B50E4C0F4812
:10559000237802600271DA0707D59B070BD5BDE8B7
:1055A000104001210A4800F05DBE103000F03EFEC0
:1055B00023789B07F3D4064800F038FEBDE810407E
:1055C0000121034800F04EBE9420002098200020C6
:1055D000BC200020F0B54B7983B0022B02D18B792F
:1055E000022B03D00025284603B0F0BD274FBB781F
:1055F0003BB14FF0E023D3F8F03DDB07F2D500BE1E
:10560000F0E78B7806463B700B78CC18617824293C
:1056100008BF092507D036E023781C4461782B4465
:1056200024299DB207D1AA42F6D20020FFF74AFEF4
:10563000284603B0F0BD0B46052916D0042BF4D143
:1056400063790A2BF1D1124B277801930133009330
:10565000022330461A46E119FFF758FC0028C8D04B
:105660000E3517FA85F5ADB2DFE721463046FFF774
:105670009BFC0028BDD0A3787B7023785A191C446A
:10568000637895B2DAE70B460925D5E79820002024
:105690009A200020137803F06003202B08D170B506
:1056A000264C938894F800C09C4503D0002070BD20
:1056B000002070475378203B032BF7D8DFE803F036
:1056C00027230D0201292ED003291ED11C4BE3B143
:1056D00000205188AFF3008017E0012923D003296F
:1056E00013D15588174805F0010686F00101257190
:1056F00000F0B8FD144B43B131460020C5F3400221
:10570000AFF3008001E0012911D0012070BD012913
:105710000DD00329F9D10D4B002BF6D000200C49F8
:10572000FEF7ACFAF1E71146FFF7BCFCEDE71146D6
:105730000723074AFFF7D0FCE7E700BF98200020C7
:1057400000000000BC200020000000007D3C001094
:10575000A02000202DE9F843354E0C46F27807468C
:105760008A421D463DD0B3788B4212D04FF0E023E1
:10577000D3F8F03DDB0732D40020BDE8F8832D4B91
:1057800023B12D4800F080FB00284DD00020FFF70A
:1057900099FDB378A34201D00120EEE7274B13B166
:1057A0000020AFF300800020FFF72EFE0028F3D189
:1057B000234800F059FB0028EED1002DECD015F065
:1057C0003F05E9D13846B178FFF710FC0028E3D057
:1057D0002B462A463846B178FFF72CFCDCE700BEA2
:1057E000CAE79AB2174906F1100000F071FC164B97
:1057F000002BC4D07379FF2BC1D0002DBFD0DFF8B0
:10580000448008EB050902E0C845B8D0737918F860
:10581000012B9A42F8D1084800F036FB0028F3D15A
:105820007179AFF30080EFE7AFF30080AEE700BF20
:105830009820002000000000A820002000000000A8
:10584000BC2000201420002000000000F0B54FF420
:10585000137285B00021124801F086FA4026002319
:105860004FF480750E4F0F4C07F5A6721946CDE91F
:105870000246009201951A4607F5947000F0C6F9A9
:105880000023384607F128013444009101221946CB
:10589000CDE902460195043000F0B8F905B0F0BD3D
:1058A0007C230020FC22002008B5054800F0DAF92E
:1058B000034BA3F5927000F0D5F9012008BD00BF9D
:1058C000A424002038B50025064C04F598702570F6
:1058D00000F0ACFC04F10C0000F0A8FC84F82951A5
:1058E000657138BD7C2300202DE9F8434B79FF2BEF
:1058F00051D1354E96F82931002B4CD196F80580C0
:10590000B8F1000F47D18B780C7833700B790F46C4
:105910000C44ABB38146A51803E0A54230D92378E7
:105920001C446378052BF8D1AC4229D22146484665
:10593000FFF73AFB40B3A378DB092FD1234800F0EF
:1059400075FCA37896F8282186F82931A388484663
:10595000C3F30A03A3F50073B3FA83F35B0963F39C
:1059600041021B4986F8282100F0EAF960B123784A
:105970003A7908F101081C445FFA88F39A42D0D8BA
:10598000E11B88B2BDE8F8834FF0E023D3F8F03D87
:10599000DB0700D500BE0020BDE8F8830D4800F00D
:1059A00045FCA37832797371A3880B49C3F30A03CA
:1059B000A3F50073B3FA83F35B0963F3410200209C
:1059C000327100F085F9D2E77C230020AC2400205E
:1059D000A4240020882300208023002070B51B4CC5
:1059E000064694F829C11D468C4511D063798B4237
:1059F00001D0002070BD164B1BB10020A9B2AFF33F
:105A000000803046134900F063F9C8B1012070BD31
:105A1000B4F8343163B9104B23B100200F49AAB256
:105A2000AFF3008030460E4900F08AF90120EEE71E
:105A3000D4F82C11AAB204F5987000F049FBEAE7FB
:105A40002A463046034900F00FF9DFE77C230020A7
:105A5000000000008023002000000000FC22002045
:105A6000A424002010B582B0C9B101280CD80B784D
:105A700053B1144C012B235402D0012002B010BDAD
:105A8000FEF708FE0028F8D14FF0E023D3F8F03DF0
:105A9000DB0702D4002002B010BD00BEFAE70124EB
:105AA000084601A9ADF80440FEF7F4FD38B94FF0FF
:105AB000E023D3F8F03DDA07EDD500BEEBE7014B6C
:105AC0001C70E8E7D4210020F8B5037813F0010436
:105AD0001AD1037805465A07C3F3800701D520463B
:105AE000F8BD0E464FF0FF31304606F0F1FE2B7840
:105AF00013F001040BD12B785B0709D42B78012418
:105B000043F004032B7003E000242046F8BD3C461C
:105B1000304606F0F1FE2046F8BD00BF70B50C46D9
:105B200005464FF0FF31204606F0D2FE2B78C3F336
:105B300080065B0708D52B7813F0010311BF002600
:105B40002A7863F382022A70204606F0D5FE30469A
:105B500070BD00BFC378828803F003000228C2F33F
:105B60000A0215D003280AD001281CD1022940F2CC
:105B7000FF3308BF4FF4806393420DD3704702296F
:105B800014BF40234FF48063934205D30120704734
:105B900002290AD0402AF9D94FF0E023D3F8F03D8A
:105BA000DB0700D500BE00207047B2F5007FEDD0C6
:105BB000F2E700BF0A44914226D291F801C0BCF13D
:105BC000050F05D091F800C061448A42F5D87047AE
:105BD00000B591F802C00CF07F0E00EB4E0E4FEABC
:105BE000DC1C0EF80C3091F800C061448A4209D9DF
:105BF00091F801C0BCF1050FEBD091F800C06144F1
:105C00008A42F5D85DF804FB704700BF2DE9F041EA
:105C10008E4682B0009390F800C0089EBDF82470B4
:105C20006EF3000C04461546012331463A4600F84F
:105C300008CBBDF82C8000F0E7F806B13FB9012091
:105C40000A9BA4F80280636002B0BDE8F08104F111
:105C50001C063046FAF7D0FE0DB135460026C4E9E1
:105C60000556ECE701207047F8B50746084640F2B4
:105C7000FF13154610F8082B0C4612F0020F0CBF4C
:105C80003F261E4600F0F0F828B925B12E4202D179
:105C90002378DA0701D50020F8BD38466178FFF790
:105CA000A5F90028F7D0237813F0010307D04FF0AF
:105CB000E023D3F8F03DDB07EDD500BEEBE71A4655
:105CC00038466178FFF7B6F90028F0D0F8BD00BF7C
:105CD00070B501F10805064628460C4600F0C4F8E8
:105CE00010B12378DA0701D5002070BD3046617805
:105CF000FFF77CF90028F7D028466288616800F039
:105D000029F92378054603F0010340B173B14FF040
:105D1000E023D3F8F03DDB07E6D500BEE4E7002B37
:105D2000E2D130466178FFF773F9DDE70346626838
:105D300030466178FFF77EF90028E8D0284670BD2C
:105D40008A892DE9F0410B780C46064622B9DD0719
:105D500034D50020BDE8F08104F1080799073846E2
:105D600047BF4FF47E484FF400754FF6C07840258A
:105D700000F094F88542ECD82378DA07E9D430466D
:105D80006178FFF733F90028E3D0384600F086F851
:105D90002378854203F001032DD8BBB9658808EA52
:105DA0000008454528BF454661785DB362682B46CB
:105DB0003046FFF73FF948B12846CBE74978FFF76F
:105DC00015F90028C5D02378D80707D54FF0E02370
:105DD000D3F8F03DDB07BCD500BEBAE76388617835
:105DE0003BB162683046FFF725F90028EED06088A5
:105DF000B0E71A46F6E7002BABD130466178FFF7E3
:105E000007F9A6E72A46D2E72DE9F041B2F5004F9F
:105E10009DF8188024D80446C06817460E461D46D3
:105E200018B14FF0FF3106F053FD206918B14FF063
:105E3000FF3106F04DFD0022C5F30E03E06843EA92
:105E4000C83362812660A780E380228108B106F012
:105E500053FD206908B106F04FFD0120BDE8F08137
:105E60000020BDE8F08100BF038942899BB292B255
:105E70008088934236BFC2EB40029B1A9B189BB2AC
:105E8000984228BF184670470289438990B29BB256
:105E9000C01AB0FA80F04009704700BF03894289F8
:105EA0009BB2808892B2934236BFC2EB40029B1AEB
:105EB0009B189BB2984286BFC01A80B200207047E0
:105EC00038B5044600690D4618B14FF0FF3106F0B1
:105ED000FFFC2189638989B29BB2A288994236BFAF
:105EE000C3EB4200C81A401880B250B3824209D2B4
:105EF00091422CBF891A89188BB29A42638103D8C8
:105F00009B1A9BB29A42FBD9E2882168C2F30E0227
:105F100002FB0311284601F081F86189012589B24D
:105F20004B1C9BB29942A2880ED9002302FA05F1BC
:105F30005B1A9BB22069638108B106F0DDFC28463C
:105F400038BD054663899BB2B3EB420F4FEA42016D
:105F5000F0DBEDE72DE9F0470646006988469146FB
:105F600018B14FF0FF3106F0B3FC338974899BB24E
:105F7000A4B2B588A34236BFC4EB45071F1BFF1868
:105F8000BFB2002F4AD0BD4240D3B94528BFB94661
:105F9000A5421FFA89F703D8641BA4B2A542FBD916
:105FA000B6F806A02B1B31689BB2CAF30E029F42C3
:105FB000924602FB041123D913FB02F31FFA83F963
:105FC0004A4640467D1B01F029F8621912FB0AF28D
:105FD000316808EB090092B201F020F87289B588A7
:105FE00092B2D3199BB29A421AD96A009B1A9BB2F9
:105FF0003069738108B106F07FFC3846BDE8F08750
:10600000404607FB02F201F009F8E7E7AB422CBF7C
:106010005B1B5B199CB22F467481B6E773899BB2F8
:10602000B3EB450F4FEA4502E2DBDFE7F8B5044684
:10603000C0680E4618B14FF0FF3106F049FC2589C3
:10604000238961899BB289B2A2888B4236BFC1EB9A
:1060500042015B1A5B189BB29A42ADB208D8E7794D
:10606000FF0905D1E06808B106F046FC3846F8BDE6
:10607000954228BF2B4618D39B1A9BB29342FBD262
:10608000E2882068C2F30E0202FB0300314600F0F2
:10609000C5FF6B1C9BB29D42A28812D90023510000
:1060A0005B1A9BB201272381DCE7E2882068C2F3F8
:1060B0000E0205FB0200314600F0B0FF0135A28858
:1060C000ABB2B3EB420F4FEA4201EBDBE8E700BFB4
:1060D0002DE9F04F174683B0002A75D00646C068F8
:1060E000894618B14FF0FF3106F0F2FBF379B6F8AC
:1060F00008807289DB09B5881FFA88F892B23CD112
:10610000904536BFC2EB4502A8EB0202424492B270
:10611000AA425ED2AA1A92B2BA4228BF3A46B6F84A
:1061200006B097B27B1B08EB070ACBF30E0B9BB2B2
:106130001FFA8AFAA845444603D3641BA4B2AC42B2
:10614000FBD22D1B3068ADB2BD420BFB040057D310
:1061500049460BFB07F200F061FFB288D0454FEAD9
:10616000420302D8BAEB420F03DBAAEB03031FFA88
:1061700083FA3D46A6F808A02CE0B6F806B0AF4278
:10618000CBF30E0B2FD2904536BFC2EB4501A8EBE7
:106190000201414489B2680039447B1B81429BB2B1
:1061A0000DDB02EB050A1FFA8AFAAAEB07081FFAB1
:1061B00088F8424537D9A8EB00001FFA80F807EBB2
:1061C000080A1FFA8AFAB5E71546284603B0BDE863
:1061D000F08F0025F0680028F7D006F08DFB2846E8
:1061E00003B0BDE8F08F002DF4D07F1B02EB050A51
:1061F0000BFB079990462F4600231FFA8AFA99E76E
:1062000015FB0BF5ADB22A464946019300F006FF97
:10621000019B3068E21812FB0BF209EB050192B208
:1062200000F0FCFE99E7404584DCC4E710B5044665
:10623000C06818B14FF0FF3106F04AFB206918B171
:106240004FF0FF3106F044FB0023E06863812381B7
:1062500008B106F051FB206908B106F04DFB0120A2
:1062600010BD00BF38B50446C0680D4618B14FF0E8
:10627000FF3106F02DFB206918B14FF0FF3106F019
:1062800027FBE379E06865F3C713E37108B106F013
:1062900033FB206908B106F02FFB012038BD00BF99
:1062A00038B5A1FB021434BB00F042F8054630B308
:1062B00050F8042C22F00302043A242A0CD8132AA2
:1062C0000FD91B2AC0E9004412D9242AC0E902448C
:1062D00018D000F1100205E0214600F045FD2846E7
:1062E00038BD024600232846C2E90033936038BD1A
:1062F00000F10802F6E700F097FD0C23036000258B
:10630000284638BD00F11802C0E90444EAE700BF9E
:10631000024B0146186800F00BB800BF481A002075
:10632000024B0146186800F079BF00BF481A0020F0
:1063300001F10B03162B2DE9F04F074683B023D84C
:10634000102900F2AF8000F0AFFA102518230220C8
:10635000BA4E33445C68A3F10802944200F05681BF
:106360006368384623F00303D4E902122344CA6069
:1063700091605A68083442F001025A6000F09AFABB
:10638000204603B0BDE8F08F002B23F00705C0F2D4
:106390008980A94200F2868000F086FAB5F5FC7F7C
:1063A000C0F07B826B0A00F08480042B00F26281D3
:1063B000AB0903F1390003F1380EC3009F4E33449B
:1063C000A3F1080C5C68A44507D10DE0002AE16840
:1063D00080F216818C450C4606D0636823F00303D7
:1063E0005A1B0F2AF2DD7046DFF868823469444593
:1063F00000F0F280636823F0030CACEB05030F2B75
:1064000000F37481002BC6E9048880F26381BCF537
:10641000007FD6F804E080F0FF804FEADC03012221
:106420004FEA5C1C013302FA0CF256F833104EEAC4
:10643000020E06EBC302083AC6F804E0C4E90212F1
:1064400046F83340CC6083104FF0010C0CFA03FC8B
:10645000F44534D81CEA0E0F07D120F003004FEAB0
:106460004C0C04301CEA0E0FF9D006EBC00A814632
:10647000D646DEF80C300BE05A681C46DB6822F08A
:106480000302511B0F2900F30181002980F21581BD
:106490009E45F1D109F101090EF1080E19F0030F23
:1064A000E7D158E10C233B600024204603B0BDE84F
:1064B000F08F4FF4007340204FF03F0E7EE7B4683A
:1064C000636823F00309A945A9EB050302D30F2B49
:1064D00000F385805A4B08201B6803F1100804EB79
:1064E0000903009300F0A6FC564AA84483461368AB
:1064F000013305D008F1FF384342804403EA08081D
:106500004146384600F07EFCB0F1FF3F82464D4ADE
:1065100000F0078104EB0903834200F200814A4B3B
:106520000BF1FF3C18684044186000F0648111686A
:10653000013100F06C8104EB0902AAEB0202024473
:106540001A601AF00702CDE9002300F02781C2F19A
:106550000802384692445A44D04408EA0C01521AC0
:1065600002EA0C0B594600F04DFC421C019B00F066
:106570006A81A0EB0A0000EB0B08186848F00102E2
:10658000B442C6F808A05844CAF80420186017D0CE
:10659000B9F10F0F40F23E816168A9F10C024FF092
:1065A000050C22F0070201F0010111430F2A61607E
:1065B00004EB0201C1E901CC00F24D81DAF80420BC
:1065C000224B54461968814238BF1860204B196825
:1065D000814238BF1860A6E0D6F804E033E76219BC
:1065E00045F0010543F00103083444F8045C3846E3
:1065F000B260536000F05EF9204603B0BDE8F08F52
:10660000A26823443846D1608A60B2E6DC68A342BF
:106610007FF4A6AE0230E7E6BCF5206F4FEA5C22BD
:1066200076D3142A00F2CD8002F15C035B32DB00EA
:10663000F118F3580839994211D1A5E0401600200D
:10664000D01E002034160020A01E0020C81E0020EE
:10665000CC1E0020481600209B68994204D05A683E
:1066600022F003026245F7D8D968C4E902318C6090
:10667000DC60E8E6142B63D9542B00F2AB802B0BC3
:1066800003F16F0003F16E0EC30097E6D4F808C063
:106690003846671945F001056560CCF80C30C3F841
:1066A00008C041F00103C6E90477C7E902887B60AE
:1066B000A150083400F0FEF8F7E62244384651684D
:1066C00041F00101516054F8082FD3609A6000F046
:1066D000F1F8EAE6A44438460834DCF8043043F024
:1066E0000103CCF8043000F0E5F8DEE6621943F06F
:1066F000010145F0010538466560C6E90422C2E99A
:106700000288516044F80C30083400F0D3F8CCE62D
:106710004FEA9C1202F139033832DB0088E7B442B9
:1067200062D0B468626822F00308A845A8EB0503AC
:1067300002D30F2B3FF753AF384600F0BBF8B3E658
:1067400003F15C0003F15B0EC30037E65AF8083929
:10675000534540F0A08010F0030F00F1FF30F5D159
:10676000736823EA0C0373604FEA4C0C0CF1FF32A0
:106770009A4204D3A3E64FEA4C0C09F104091CEA3F
:10678000030FF8D0484670E692104FF0010C0CFA57
:1067900002F24EEA020EC6F804E066E70AEB0802CF
:1067A000384602EA0C02ABEB020B0BEA0C0B594623
:1067B00000F028FB431C019B7FF4DBAEDDF800B04A
:1067C000DBE6542A2AD84FEA1C3202F16F036E32FC
:1067D000DB002DE7B3F5AA7F2AD8EB0B03F1780095
:1067E00003F1770EC300E9E52E4B0BF1FF3C18686F
:1067F000404418609BE61AEA0C0F7FF498AEC84438
:10680000D6F808A048F00102CAF80420D8E6C2F879
:1068100000A096E60123CAF804308DE7B2F5AA7FFE
:1068200024D84FEADC3202F178037732DB00FFE64E
:1068300040F25452934224D8AB0C03F17D0003F193
:106840007C0EC300BAE5009A4FF0000B083A904462
:10685000A8EB0A0891E6384604F10801009300F01D
:10686000DDFC009BD6F808A01868A7E640F2545358
:106870009A420CD84FEA9C4202F17D037C32DB0045
:10688000D6E64FF47E737F204FF07E0E96E54FF4F0
:106890007E737E22CCE6736866E7E80805F108039C
:1068A00056E500BFA01E0020014800F0B3BB00BFAA
:1068B000981E0020014800F0AFBB00BF981E0020CA
:1068C000024B0A460146186800F002B8481A002038
:1068D0002DE9F04F164683B0002900F09E800C464B
:1068E00006F10B058046FFF7DFFF54F8040C162D68
:1068F000A4F1080920F0030762D8102200231546EE
:10690000B542C0F0A280002B40F09F80974261DA30
:10691000DFF82CB309EB0701DBF80830D1F804C02D
:106920008B4200F09A802CF001030B445B68DB077C
:1069300068D42CF0030C07EB0C03934245DAC30731
:1069400012D454F8083CA9EB030ADAF8043023F017
:10695000030084440CEB070B5A4540F3018107EB1D
:10696000000B5A4540F3D78031464046FFF7E0FC24
:106970000646002800F02C8154F8043CA0F10802DF
:1069800023F001034B44934200F0B4803A1F242AC1
:1069900000F2E280132A00F2B38003462246116817
:1069A00019605168596092689A602146404600F02B
:1069B00035FC4046FFF77EFF304603B0BDE8F08F60
:1069C00025F007052A46EB0F9AE71F46D1E9022377
:1069D000D3609A60781BD9F8043009EB07020F28BE
:1069E00003F001031FD83B43C9F80430536843F058
:1069F0000103536026464046FFF75CFF304603B074
:106A0000BDE8F08FC307AFD454F8083CA9EB030AE4
:106A1000DAF8043023F00300A1E7114603B0BDE823
:106A2000F04FFFF785BC2B4309EB050140F0010057
:106A3000C9F80430083141F8040C4046536843F06B
:106A40000103536000F0EAFBD4E70C23C8F80030E0
:106A50000026304603B0BDE8F08F2CF0030C05F1A2
:106A600010010CEB07038B4280F29280C0073FF5C8
:106A70007BAF54F8083CA9EB030ADAF8043023F0A2
:106A8000030084440CEB070399423FF768AF3A1FB9
:106A90005646DAF80C1056F8080F242AC1608860B0
:106AA00000F2B080132A40F2AB8021681B2ACAF89A
:106AB00008106168CAF80C1000F2AB8008340AF1C3
:106AC00010022168116061685160A16891605B1BD0
:106AD0000AEB0502404643F00103CBF8082053605F
:106AE000DAF8043003F001032B43CAF80430FFF74F
:106AF000E1FE83E750F8043C23F003031F4469E7F9
:106B000023681B2A03606368436036D804F10802D7
:106B100000F1080343E73A1F5646DAF80C30242AFE
:106B200056F8081FCB60996022D8132A1ED9236813
:106B30001B2ACAF808306368CAF80C303CD80834FD
:106B40000AF1100322681A6062685A60A2689A60AB
:106B500034465F46D1463DE7214600F087F824E7FA
:106B6000D1E902133A1FCB609960D5E73346E9E7D4
:106B70002146304600F07AF8EAE7A368242A8360C9
:106B8000E368C36028D004F1100200F1100306E7A7
:106B90005B1B09EB05024046264643F00103CBF898
:106BA0000820536054F8043C03F001032B4344F8DD
:106BB000043CFFF77FFE21E7A368242ACAF81030BF
:106BC000E368CAF8143010D010340AF11803B9E79A
:106BD0004046FFF76FFE3BE7236904F118020361AB
:106BE0006369436100F11803D9E623691834CAF8D0
:106BF000183054F8043CCAF81C300AF12003A1E70D
:106C000032465EE721463046019300F02FF8019BA3
:106C10005DE7A168242ACAF81010E168CAF81410C8
:106C200003D010340AF118024BE722691834CAF86D
:106C3000182054F8042CCAF81C200AF1200240E75E
:106C4000401600200FB4084900B583B0086804ABB3
:106C5000416853F8042B019302F0E0F803B05DF8AB
:106C600004EB04B0704700BF481A002088420DD9D9
:106C70008B1883420AD900EB020C5AB3624613F810
:106C800001CD994202F801CDF9D170470F2A0DD8F4
:106C900002F1FF3CF2B10CF1010C431E8C4411F8DF
:106CA000012B614503F8012FF9D1704740EA010338
:106CB0009B07F0B50C460ED002F1FF3C03460CF1E9
:106CC000010C013B8C4411F8012B614503F8012FA5
:106CD000F9D1F0BD7047A2F1100501F1200E01F1CC
:106CE000100300F1100C25F00F05AE4453F8106CA2
:106CF00010330CF1100C4CF8206C53F81C6C4CF851
:106D00001C6C53F8186C73454CF8186C53F8146CE1
:106D10004CF8146CEAD101EB050C12F00C0F054491
:106D20000CF1100105F1100302F00F050E4618D00A
:106D3000043DA0EB040E25F00304A4440CF1140C54
:106D40000F6801EB0E0504312F606145F8D1043462
:106D500002F00302A119234402F1FF3C002AAED144
:106D6000F0BD2A46F8E700BF830730B546D0841847
:106D7000844604E003F8011B9D0704D09C46A4450B
:106D80006346F7D130BD013A0244A2EB0C02032A5C
:106D900029D9CCB20F2A04EB042404EB04442FD9E4
:106DA000A2F1100C03F110052CF00F0CAC44C3E958
:106DB0000044C3E9024410336345F8D112F00C0FCC
:106DC00002F00F0E18D02EF0030CAEF104051A4697
:106DD0009C4442F8044B6245FBD125F00304043384
:106DE0000EF003022344002ACCD0C9B21A4403F89F
:106DF000011B9342FBD130BD7246F4E70346C6E760
:106E00009646E0E738B50022064D044608462A605B
:106E1000FCF732FC431C00D038BD2B68002BFBD0A4
:106E2000236038BD30260020014B1868704700BF32
:106E3000481A0020082802D14FF48050704708B546
:106E4000FFF7F2FF162203464FF0FF301A6008BD2D
:106E500080EA010C1CF0030F37D110F0030C20F076
:106E6000030021F0030150F8042B08BF51F8043B44
:106E70000ED08CF0030C6FF07F434FEACC0C23FA5A
:106E80000CFC51F8043B42EA0C0243EA0C0300BF3D
:106E9000A2F1013C9A4201BF2CEA020C1CF0803F97
:106EA00050F8042B51F8043BF2D04FEA02604FEA4D
:106EB0001222012828BFB0EB036F08BF1B0AF4D0D1
:106EC00003F0FF03000EC01A704710F0030F0AD042
:106ED00010F8012B11F8013B012A28BF9A42F4D087
:106EE000A2EB030070474DF8045D50F8042B01F04D
:106EF000030521F0030151F8043B022D26D04DD8A3
:106F000022F07F45B5EB132FA2F1013C2CEA020CD5
:106F10000DD11CF0803C08BF51F8043B0AD185EA32
:106F20000205B5EB036F0CD150F8042BE8E74FEAEC
:106F300013235BE03CF07F4C54D10B784FEA126591
:106F400054E04FEA126503F0FF034FE04FEA0245B9
:106F5000A2F1013C4FEA15452CEA020CB5EB134FA8
:106F600018D11CF0803C08BF51F8043B07D185EADA
:106F70000205B5EB034F09D150F8042BE6E75FEAB1
:106F80000C4C2FD10B884FEA12452FE04FEA0343F8
:106F90004FEA12454FEA134328E000BF02F0FF0515
:106FA000B5EB136FA2F1013C2CEA020C0DD11CF0E1
:106FB000803C08BF51F8043B0AD185EA0205B5EBD5
:106FC000032F0AD150F8042BE8E74FEA13630DE0D2
:106FD00012F0FF0F06D051F8043B4FEA122523F0C0
:106FE0007F4303E04FF0000020BC704705F0FF0234
:106FF00003F0FF00012828BF904204BF2D0A1B0A9E
:10700000F4D0A2EB000020BC704700BF704700BF67
:10701000704700BF704700BF704700BF844641EA19
:10702000000313F0030349D1403A23D30B680360F4
:107030004B6843608B688360CB68C3600B690361F6
:107040004B6943618B698361CB69C3610B6A0362DE
:107050004B6A43628B6A8362CB6AC3620B6B0363C6
:107060004B6B43638B6B8363CB6BC36340304031AB
:10707000403ADBD230320BD30B6803604B6843607D
:107080008B688360CB68C36010301031103AF3D244
:107090000C3205D351F8043B40F8043B043AF9D2D2
:1070A000043208D0D2071CBF11F8013B00F8013BA5
:1070B00001D30B8803806046704700BF082A13D3B2
:1070C0008B07B1D010F00303AED0C3F10403D21A82
:1070D000DB071CBF11F8013B00F8013BA4D331F8DA
:1070E000023B20F8023B9FE7043AD9D3013A11F85A
:1070F000013B00F8013BF9D20B7803704B784370E9
:107100008B7883706046704720F0030110F0030015
:10711000C0F1000051F8043B00F1040C4FEACC0C24
:107120006FF000021CBF22FA0CF213434FF0010C67
:107130004CEA0C2C4CEA0C4CA3EB0C0222EA0302A6
:1071400012EACC1204BF51F8043B0430F4D0C2F16F
:10715000000102EA0102B2FA82F2C2F11F0200EB60
:10716000D20070472DE9F8430646DFF8AC800820CE
:107170008946FFF75FFE05463046FFF795FBD8F8D6
:1071800008305F6827F00307A7F11104A4EB090496
:107190002C44B4FBF5F4013C05FB04F4A54208DCE7
:1071A00000213046FFF72EFED8F808303B449842C5
:1071B00005D03046FFF77EFB0020BDE8F883614232
:1071C0003046FFF71FFE01300FD03F1B104AD8F8A2
:1071D0000830304647F001075F6013681B1B1360DF
:1071E000FFF768FB0120BDE8F88300213046FFF778
:1071F00009FED8F80820831A0F2BDADD43F00103CB
:1072000003495360034B1B68C01A0860D1E700BFF5
:10721000A01E0020341600204016002000295AD05D
:10722000F8B50C460746FFF73FFB734D54F804CC06
:10723000A4F10802A8682CF001030CF0010ED1188B
:107240004E68884226F003067CD088194E6040685C
:1072500000F00100BEF1000F2ED154F8084C05F1EA
:10726000080C121B23449468644560D0D2F80CE0EB
:10727000C4F80CE0CEF8084000287DD043F00100AF
:1072800050600B60B3F5007F2ED25809D908012356
:10729000834068680131034355F831006B6005EBAA
:1072A000C103083BC2E9020345F83120C2603846F9
:1072B000BDE8F840FFF7FEBA70B9334405F1080C99
:1072C000886843F0010460456ED0C968C160886079
:1072D0005460D350D6E770474CF00101B3F5007FFE
:1072E00044F8041CD350D0D3B3F5206F4FEA532198
:1072F00044D2990901F1390001F13804C10068183C
:1073000069580838884203D155E08968884204D01A
:107310004C6824F003049C42F7D8C868C2E9021004
:1073200082603846CA60BDE8F840FFF7C3BA80BB48
:107330001E44D1E90213CB60996046F0010353600B
:107340009651B4E71E44BEF1000F07D154F8083C33
:10735000D21A1E44D2E90213CB60996046F00103B1
:107360005360264BAA601B68B342A0D8244B384612
:107370001968FFF7F7FE9AE73344A1E714290DD9FE
:1073800054291FD8190B01F16F0001F16E04C100DF
:10739000B5E743F0010050600B6088E701F15C0045
:1073A00001F15B04C100AAE7C5E90422C2E902CCED
:1073B0005460D3507BE7A4100123A3406C6823439F
:1073C0006B60ABE7B1F5AA7F06D8D90B01F1780065
:1073D00001F17704C10092E740F25450814206D88F
:1073E000990C01F17D0001F17C04C10087E74FF4A5
:1073F0007E717E2483E700BF4016002038160020EF
:10740000D01E00202DE9F04FADF5377D90468A461D
:1074100002AFB1F90C20FB624B6EB864DE0740F19D
:107420006481950400F15D8242F4005223F400531C
:10743000AAF80C20CAF864300822002107F158008D
:10744000FFF792FC4FF0000EC7F84C80F346C7F8E8
:107450003CE0C7F820E0C7F834E0C7F840E0C7F8E0
:1074600024E0AF4BD3F8E44003F08EFB07F1580261
:10747000034607F154010092FA6CB86CA04700284B
:10748000C0F21281FB6C02460344FB647B6D002B4F
:1074900038D0012800F01881252B4BD00028E0D0EF
:1074A000FB6C9E1ADAF804303044751E1A46441EEE
:1074B000002A15DDDAF80030691C6A781878013383
:1074C00090421FD1DAF804208C42CAF8003002F151
:1074D000FF32CAF8042000F00381002A0D46E9DCDF
:1074E0005146B86C02F084FE0028E3D03A6C002AC2
:1074F00001F02682BAF80C3013F0400F18BF4FF09D
:10750000FF323A64DAF86430DD0740F1FF80FB6B4C
:1075100043B1FB6B18683B6C013300F0498108B143
:10752000FAF7EAFC386C07F53577BD46BDE8F08F11
:10753000012002460024FD6CA1462978A1F1250313
:107540006E1C552BDED80FF2080C5CF823F000BF40
:10755000557E0010057500100575001005750010AA
:1075600005750010D979001005750010057500101B
:107570000575001005750010057500105F78001086
:107580005F7800105F7800105F7800105F7800105F
:107590005F7800105F7800105F7800105F7800104F
:1075A0005F78001005750010057500100575001056
:1075B00005750010057500100575001005750010A3
:1075C0007978001005750010ED7C0010E979001045
:1075D000797800107978001079780010057500101E
:1075E0000575001005750010057500101178001064
:1075F0000575001005750010057A0010057500105E
:107600000575001005750010217A00100575001031
:10761000057500100575001005750010EB78001059
:107620000575001005750010417A001005750010F1
:107630000575001005750010057500100575001022
:1076400079780010057500103B790010CD79001095
:10765000797800107978001079780010897C001012
:107660001F7C00101178001005750010537C00106D
:10767000C77C00109F7C0010397C0010697C0010D2
:1076800005750010057500100779001005780010C9
:10769000157900100575001005750010EB780010C5
:1076A00005750010057800104FF6FD7308220021C3
:1076B00007F158007B65FFF757FBFB6C0133FB6458
:1076C0007B6D002B3FF41EAF164AD25C140700F10D
:1076D000A780252B3FF42CAFFB6C01205E1EE1E65A
:1076E00002355D44A5EB060BBBE690057AD5910407
:1076F0007FF59AAE9B047FF59FAEBAF80C309905E2
:1077000041F1D9814FF0FF333B640BE7BAF80C30FD
:107710009C053FF5FCAEDAF85800FFF77DFCF6E675
:107720009C1B002001D00010B9F1000F04F01003E1
:1077300008BF4FF0FF3914F00106BB6341F0E2814E
:10774000BB6B002B41F04382FB6A14F0800453F8BA
:10775000048BFB6201F0C180B8F1000F3FF4D2AEA0
:107760002020FAF7A5FB0646002801F0E980FB6B14
:10777000C8F80000DA889C88A242C1F013834FF653
:10778000F673FA649C4208D80834FB6BA1001868B1
:10779000FAF7A0FB002841F02983DAF86430DA0711
:1077A00004D4BAF80C309B0541F19F81FB6B18683B
:1077B000FB6BDE887EB10024051F8146A04655F88C
:1077C000043F01341868FAF797FB2B68B442C3F8FA
:1077D0000080F4D148464FF0FF333B6400287FF42B
:1077E0009FAE9FE6886DFFF715FCBAF90C20DAF81A
:1077F000643096047FF518AE9D047FF51DAED80762
:1078000080D47AE723077FF47DAE6978354695E624
:1078100021077FF477AE697844F0020435468DE69F
:10782000DAF80420BC6C11E0DAF8003081491A78EB
:1078300001338A5C10077FF514AEDAF804200BF1EF
:10784000010BCAF80030013ACAF80420002AEBDC28
:107850005146204602F0CCFC0028E5D001E614F0A9
:107860008F0F7FF44FAE09EB890901EB4909697865
:107870003546A9F1300961E6DAF804303E630426A2
:10788000002B53DDDAF800206A4D1378EB5C180703
:107890001FD5D7F8488005E0CAF800201378EB5CC4
:1078A000190716D5DAF804300BF1010B0132013B50
:1078B000002BCAF80430EFDC5146404602F098FC39
:1078C00000287FF413AEDAF800201378EB5C190778
:1078D000E8D4033E012E3FF627AFDFE816F0D602CC
:1078E00087039C047FF5A8AD0CE7DAF8043044F474
:1078F00000743E63002B40F3BF814F4B03267B6235
:1079000010237B63BEE7DAF804303E630226002BC7
:10791000B8DC0BE0DAF804303E63002B464B7B62A8
:107920004FF00A034FF003067B63ABDC5146B86CA3
:1079300002F05EFC0028A5D0D8E5DAF804303E63FA
:10794000002B41F34D804D46012D38BF012514F029
:10795000010340F06487E60600F1C586FB6A200655
:1079600053F8046BFB6240F17186002E3FF4CAAD00
:107970002846FAF79DFA0446002800F0E187FB6BE1
:107980003060B3F806809A88904580F07587186853
:10799000FB6B214640F8286008F101080122A3F89A
:1079A00006802B46CDF800A0B86C02F095FF044687
:1079B00000283FF49BAD854205D901463068FAF7AF
:1079C00089FA00B13060A34400F0EFBDDAF804306A
:1079D0003E63002B194BA2E759EA04097FF492ADEC
:1079E000697810243546A9E5DAF8043044F001043A
:1079F0003E63002B40F3EB87104B03267B620A2388
:107A00007B633FE7DAF8043044F001043E63002B67
:107A100040F3CB87084B03267B6208237B6331E767
:107A2000DAF804303E63002B40F3B68744F00104DB
:107A3000022627E701D00010D1A100108DA0001070
:107A4000314607F1700002F04FFCDAF80430F864B8
:107A5000002B40F39887B9F1000F04F0100308BF22
:107A60004FF0FF3914F00105BB6200F01985002BBF
:107A700040F03086FB6A210653F8042B3A61FB6222
:107A800040F17987002A3FF43DAD8020FAF710FAE3
:107A90000646002800F054873B691860FB6BDC88C1
:107AA0009D88AC4280F09C8618683B690122FE618B
:107AB00040F824300134FB6BDC802023C7E9052328
:107AC000C7F838B00024CB4607F5B8783D6AB14610
:107AD00003F05AF8A0423FF409AD032D07F1600608
:107AE000DAE9003213F8011B02F1FF32CAF8003064
:107AF00004F10103CAF8042008F804107B6402D1E1
:107B00003368042B04D0082200213046FFF72CF9FB
:107B1000009642467B6C4946B86C03F0B7FA431CAA
:107B200005463FF4E3AC002840F0A6810346C9F8BF
:107B300000000822002107F168003B63FFF714F9F9
:107B40003B6B07F15001B86C1A46654BD3F8E03037
:107B50001C4607F16803A04701280CBF97F8503076
:107B6000002307F17002D35C002B00F04287BB6B4F
:107B7000032D7A6C1344BB6324D0BB6A0BF1FF3B2B
:107B8000BBB909F10409F869BE69A9EB0004B6EBB9
:107B9000A40F0ED87B6963B1F100FAF79BF9F86185
:107BA000002800F0CD86720000EB0409BA613A6942
:107BB0001060DAF80430002B0EDDBBF1000F11D09D
:107BC000002485E73368042BD7D1BB6A002BD8D0BB
:107BD000DAF80430002BF3DC5146B86C02F008FBF5
:107BE0000028EAD0D7F838B04E463D62BB6A002B79
:107BF0007FF437AC3360FB69BA69F11A8B1001333B
:107C00009A4208D97B6933B13C6904312068FAF79C
:107C100061F900B120603B6C01333B6421E4DAF888
:107C200004303E630326002B2E4B7B624FF0000393
:107C30007B633FF727AE79E6DAF804303E6303262C
:107C4000002B294B7B624FF008037B633FF71AAE92
:107C50006CE621077FF456AC69786C2900F0D38577
:107C600044F00104354669E4DAF8043044F4087459
:107C70003E63002B3FF741AE5146B86C02F0B8FAB4
:107C800000283FF43AAE31E423077FF43BAC697837
:107C9000682900F0BE8544F0040435464EE4E10650
:107CA0003E6300F1D380FA6A52F8043BFA6222077D
:107CB00000F1DE85660740F1C986A3F800B03B6B92
:107CC000FB64FFF7CEBB14F08F037FF41BACF96BA2
:107CD000002900F0FB85697844F0800435462DE4E6
:107CE0009C1B00208DA00010D1A10010DAF80430F8
:107CF00044F041043E63002B40F360864D46012D65
:107D000038BF012514F01003FB6440F00C85FB6ABA
:107D100053F8042BFB622306FA6140F12486002A03
:107D20003FF4F0AB8020FAF7C3F80646002800F0D5
:107D30000786FB691860FB6BDC88B3F80480444558
:107D400080F0FC841868FB69B14640F824300134A7
:107D5000FB6BDC800123BB6220237B64C7F8389077
:107D6000002407F5B878D7F8209002F00DFFA04264
:107D70003FF4BCABB9F1030FDAE9002112F8010BB3
:107D800001F1FF3108F8040004F10104CAF80410FD
:107D9000CAF8002002D1BB6E042B05D008220021B6
:107DA00007F16800FEF7E0FF07F16803424631463D
:107DB00000932346B86C03F069F9B0F1FF3F8146A8
:107DC0003FF494AB002848D1FB6CA344013DB3B908
:107DD0003360B86B7B6C341AB3EBA40F0ED8BA6A5D
:107DE00062B1D900FAF776F8B863002800F0A885E8
:107DF0007B6C06195B007B64FB6918600436DAF85B
:107E00000420002A09DD75B10024AEE7FB6C002BCD
:107E1000DFD0DAF80420002AF6DC5146B86C02F014
:107E2000E7F90028EFD0C7F82090D7F83890A6EBF4
:107E300009017B6CB3EBA10F03D9BB6A002B40F0A7
:107E40003685FB6C13B93B6C01333B643B6BFB64C5
:107E5000FFF707BBFE64FFF721BB10F1020F00F034
:107E6000FA820328A34402D1BA6E042ACED0FB6C56
:107E7000013D002BADD0C2E7841C00F00183D9F88E
:107E80000030581C7FF455AE6BE609F1FF33B3F5B3
:107E9000AE7F40F2FD826FF4AE7209EB020840F251
:107EA0005D1907F5B87300225646C7F84C8044F4B4
:107EB00058641D46D7F834809246BB623268107809
:107EC000A0F12B034D2B61D8DFE813F0770260009F
:107ED000770260006000A202A301A301A301A30135
:107EE000A301A301A3017D027D0260006000600088
:107EF00060006000600060004E004E004E004E00CA
:107F00004E004E0060006000600060006000600095
:107F10006000600060006000600060006000600061
:107F2000600060006000850260006000600060002A
:107F300060006000600060004E004E004E004E0089
:107F40004E004E0060006000600060006000600055
:107F50006000600060006000600060006000600021
:107F60006000600060008502B8F10A0F0EDD24F4A5
:107F7000386405F8010B7368013B002B736040F314
:107F8000628201323260B9F1010997D1E105D1462F
:107F9000C7F83480B24607D5BB6A9D4200F26483BD
:107FA000BB6A9D423FF4AEAA14F0100216D17B6B5F
:107FB0002A70B96AB86C7E6AB047FB6AA20603F100
:107FC000040800F10E83230740F12D84FB6A1B682F
:107FD00018703B6CC7F82C8001333B64BB6AED1A08
:107FE0003B6B4D44FB64AB44FFF73BBAB86C02F00B
:107FF000D1FD0368FB6109F1FF33B3F5AE7F40F2B9
:10800000EC826FF4AE7009EB000340F25D19FB6087
:10801000002607F5B87344F4F0647E641D46BE6321
:10802000BE61FE64BB62C7E904664E46DAF8001022
:108030000A78A2F12B034E2B50D8DFE813F0B801D9
:108040004F00B8014F004F00D9019E009E009E00D6
:108050009E009E009E009E009E009E004F004F00CE
:108060004F004F004F004F004F0047019C009C0005
:108070009C004401AA014F004F0055014F004F00E2
:108080004F004F0025014F000A014F004F004F00E5
:1080900003014F004F004F00F0003D014F004F0023
:1080A0004F004F004F004F004F0047019C009C00C5
:1080B0009C004401AA014F004F0055014F004F00A2
:1080C0004F004F0025014F000A014F004F004F00A5
:1080D00003014F004F004F00F0003D01A00569D59E
:1080E000F8690378934265D181464FF00008C7E9EB
:1080F00001655646A24606E0316099F8000091F805
:1081000000E086451CD119F8010F45465C46013157
:1081100008F101080BF1010B002800F04D82706896
:10812000013800287060E7DC3146B86C02F060F876
:1081300030B9316899F8000091F800E08645E2D046
:10814000FB692A46FC6054469844B246BD6899468D
:10815000FE6CD7F848B0FC644446904614F8011D04
:108160005246584602F026FBA145F7D1FB68FC6C4D
:10817000A3EB080B1FE023051CD57B6CF96C5B1887
:1081800018D124F4C074FB647B6405F8012B013E14
:10819000DAF804300BF1010B013B002BCAF8043074
:1081A00040F34681DAF800300133CAF80030002E7F
:1081B0007FF43CAFFE6C7B6CBA6B013B002A00F095
:1081C000A480012B24F4807440F25284731E062B89
:1081D00040F2CA8214F010037FF438AE2B7004F41E
:1081E000C063B3F5806F40F0B280BB69BA6B934255
:1081F00000F0B1809A1A7D6107F2C3237969994230
:1082000002D307F2C2237B617869A349FBF7CCF95B
:10821000A1E0A24B24F4386433F91880A9E604F4F1
:108220001863B3F5807FC5D1BB6B012BC2D130235E
:1082300024F48074013E05F8013B002344F40064FB
:10824000BB63A2E7FB6C062B40F00B840723FB64A7
:108250009BE72305AED504F4A063B3F5806F05D08A
:108260006105A7D5BB6B002B00F01384A30504D4D4
:10827000BB6BB9695B1AC7E9043524F47864002341
:1082800044F4C074BB6380E77B6C002B40F07C81BE
:10829000BB6B002B40F0788104F4E063B3F5E06F32
:1082A00000F0C783FB6C012B01D0042B82D1FB6C47
:1082B0000133DBB2FB6468E7FB6C072B40F0D18332
:1082C0000823FB6461E72005C5D556E7230504D5DF
:1082D0007B6CF96C5B183FF454AF7B6C012B7FF423
:1082E00069AF02237B6450E7FB6C002B40F05381A5
:1082F000BB6B002B40F04F8104F4E063B3F5E06FFB
:1083000000F08F8300267B6C013B012B40F2B08391
:10831000731E062B40F25C820023BB63E1057FF5F0
:1083200059AF620500F1B78315F8011C01F0DF03B6
:10833000452B40F0A1816E1E0BF1FF3B5246B86CFD
:1083400002F038FA14F010037FF480AD33703B690B
:10835000002B40F0FA82B96A0022B86C01F0ACFD43
:10836000FB6A8046894653F8045BFB62E30700F131
:108370001A81A60700F1178102460B46F9F7D2FBD6
:10838000002840F09E8240464946F9F775FB286078
:108390000BE1210504D57B6CF96C5B183FF4F1AE61
:1083A000FB6C022B40F05D830323FB64EDE62006AB
:1083B0007FF500AF24F08004E7E623067FF5E6AD05
:1083C00024F08004D5E5354B33F91880B8F1080F57
:1083D0003FF7CDADDAE504F4C063B3F5007F7FF479
:1083E000D5AD24F400744FF0100844F4A064C0E547
:1083F000E1057FF5C2AEBB6B24F080040133BB63A3
:10840000FB68002B3FF4C3AEFB68013BFB60BFE69B
:1084100023057FF5AEADB8F1000F03D144F400742D
:108420004FF00808610540F1F58024F4B064A0E540
:108430005146B86C01F0DCFE00287FF4BBAE002E84
:108440007FF4F4ADB6E63146B86C01F0D1FE0028F9
:108450003FF499AD9AE5DAF80420002A3FF785AC9D
:108460005146B86C01F0C4FE00283FF47EACC7F85A
:108470002090D7F83890002C3FF4D9ACFFF736B8ED
:10848000DAF80430002B40F3D0807C6CFFF720BB7F
:108490004FF0000805E500BFC0CB00108CCF0010E6
:1084A000BB6A002B40F0F280FB6A14F0800453F8A2
:1084B000042BFB6200F053827A64002A3FF422A866
:1084C0002020F9F7F5FC0546002800F03982FB6B07
:1084D0007A6CDC889E881060B44280F065811868F0
:1084E000FB6B202640F824200134DC80DAF8000001
:1084F00007F170030178595C00293FF403A8131EAB
:10850000C7F838B02C46B34618BF01237A641E461C
:108510003B6307E0DAF8000007F170020378D35CF0
:10852000002B61D0DAF80430411C013BCAE900138A
:10853000037805F8013BA5EB0408D8450ED3204687
:1085400066B14FEA4B0B5946F9F7C4FC04460028C4
:1085500000F0F6817B6C00EB08051860B9F10109A9
:1085600042D0DAF80430002BD4DC5146B86C01F06C
:108570003FFE0028CED0A5425E467A6CD7F838B0D0
:108580003EF4B4AF2C1B36E07B6C022B7FF48AAE3A
:1085900003237B64F9E5FB6C032B3FF488AE052BCA
:1085A0003FF485AE06E6C5E900893B6C01333B64C8
:1085B0003B6BFB64FEF755BFBD684246F969A346B5
:1085C00028465446B2467E6802F0A8FABB6B24F4F3
:1085D0002074013E0546BB61DAE50023FB6017E528
:1085E000FB6A1B681860F4E42C1B5E467A6CD7F8B3
:1085F00038B03EF487AF00212970611C8E4203D948
:108600003B6B002B40F02981A3443B6C01333B645E
:10861000FEF727BFFB6C24F460741BB1013B09F12A
:108620000109FB640AF1010AA5E45146B86C01F0A6
:10863000DFFD00283FF429AF7B6C4E46D7F838B0F9
:108640003D62002B3FF4D2AAFEF750BFCDF800A048
:108650002B4631460122B86C02F03EF90446002850
:108660003EF444AFA344A0E715F8011C3246B86CB1
:10867000013D02F09FF893E45246B86C02F09AF87C
:10868000ABF1020BAE1E15F8021C57E6DAF800201B
:1086900007F170011378CB5C002B3EF433AFBC6C58
:1086A00005E0137807F17001CB5C002B43D0DAF8BA
:1086B000043001350132013B4D45CAE900233AD06F
:1086C000002BEEDC5146204601F092FD98BBDAF813
:1086D0000020E6E7002307F154067B613B61C7E910
:1086E0000633FFF7EDB91C46BE6C0AE0CAF800106D
:1086F000304651461C44ED1A01F07AFD002840F046
:10870000A081DAE900239D4202EB0301EEDC5B1B52
:108710002A442C44CAF80430CAF800203B6BA34416
:10872000FB64FEF79EBE00231E469946BB627B6437
:10873000FB61FFF713BBAB44FEF793BE4FF6F67336
:10874000984500F2FD8008F10808FB6B4FEA8801AC
:108750001868F9F7BFFB002800F0F280FB6BA3F864
:1087600004801860FFF7EFBA022E40F2AA81032EB0
:108770003FF430AD331FFC64D7F848902C46DBB291
:10878000DE4398462E4414F8011D5246484602F036
:1087900011F8B442F7D143460BF1FF3B013DFC6CAD
:1087A000ABEB080BED1AB9E54FF6F6737A649E420F
:1087B0003EF6F3AF0836FB6BB1001868F9F78AFB99
:1087C00000283EF4EAAFFB6B7A6C9E80186087E667
:1087D000022E40F276810023032EBB63CAD19DE5B1
:1087E0004FF6F6739D4200F2AB800835FB6BA90093
:1087F0001868F9F76FFB002800F0A280FB6B9D80E2
:108800001860FFF752B9A97844F002040235FEF768
:1088100095BEA97844F008040235FEF78FBE44F0F7
:108820004004FFF76FBA66073CD414F001027FF4EE
:10883000D7AEA4077FF5D4AEB04B796AB86C994235
:108840007B6BB96A00F04D8102F042FB0B46FA6A7D
:108850001168C1E90003FFF7BCBB10687A64F9F73F
:1088600039FB00283FF4D0AE7A6CA3441060CCE60C
:1088700083F800B0FFF7EABA4FF6F6739A423EF675
:108880008CAF02F10809FB6B4FEA89011868F9F710
:1088900021FB00283EF481AFFB6BA3F80490186025
:1088A000FFF776B8FB6A1B681880FFF792BBFC697C
:1088B0002068F9F70FFB00283FF4C3AA2060FFF7F8
:1088C000C0BA8F4802F02AFC28606EE682B0CDE97B
:1088D000023302ABFB63FFF7FEB94646A446A0464F
:1088E000FC64DAF800000378EB5C1A0700F10182FF
:1088F000C7F844B03146CB463446C146E046DAF8C4
:1089000004200E46FB6C013ACAF80420421CCAF847
:108910000020027806F8012B321B9A42BA63C0F09D
:1089200000822046B8F1000F00F0FB815B00194681
:10893000FB64F9F7CFFABA6B0446002840F0EE81E9
:108940004FF0FF333B64FEF7DDBD79690A23002257
:10895000B86C013101F09AFB3B69C21A4CE4154630
:1089600026462246C2E5FB6CFE699946BB627B64E3
:10897000FB61FFF7F3B9BB6A3E69FB613B61C7E985
:108980000533FFF79DB85146B86C01F031FC002863
:108990003FF461A8FEF7AABD5146B86C01F028FC6F
:1089A00000283FF443A8FEF7A1BD5146B86C01F082
:1089B0001FFC00283FF42EA8FEF798BD5146B86C66
:1089C00001F016FC00283FF499A9FEF78FBD51462F
:1089D000B86C01F00DFC00283FF40EA8FEF786BD30
:1089E0005146B86C01F004FC00283EF4ACAFFEF731
:1089F0007DBD7B6C4E46D7F838B03D62002B3FF40E
:108A0000F5A808EB03041D46D7F84880013D5246FF
:108A100014F8011D404601F0CDFE002DF6D1FFF700
:108A2000E5B8012324F4F064FB640023BB63FFF783
:108A3000ACBB012324F4F0647B640023BB63FFF729
:108A4000A4BB002C7FF46AAEFEF750BDE5070BD443
:108A5000A40709D54FEAEB72C3F800B05A60FFF7DC
:108A6000F5B91E46FFF7A7BBC3F800B0FFF7EEB994
:108A7000BA6A95427EF646AD2C46BE6ABD6C14F8C5
:108A8000011D5246284601F095FEB442F7D1FEF78B
:108A900039BDFE6C37E4BE6AB5427EF633AD2C4676
:108AA000BD6C14F8011D5246284601F083FEB44205
:108AB000F7D1FEF727BDDAF85800FEF7ADFAFEF75A
:108AC00021BEBA6A95427EF61DAD2C46BD6A14F8E9
:108AD000011D5246B86C01F06DFEAC42F7D1FEF7B5
:108AE00011BD02F0BBFA0B46B1E6DAF85800FEF70A
:108AF00093FA4FF0FF333B64FEF70BBDD1A100109A
:108B0000F0CA0010002B55D1FB6A210653F8048BE4
:108B1000FB6256D5B8F1000F3EF4F4AC8020F9F7B3
:108B2000C7F9064600283FF40BAFFB6BC8F80000FE
:108B3000DA889C88A2426CD34FF6F673FA649C42A2
:108B40003FF6FEAE0834FB6BA1001868F9F7C2F9D6
:108B500000283FF4F5AEFB6BFA6C9C801860531C48
:108B600040F82280B646FA6B4FF0200CD380DAF83A
:108B700000301B78EB5C13F008034CD0BB6B002B70
:108B80007FF464A9A6EB0E0133608B1001339C4582
:108B90007FF659A9B8F1000F3FF455A90431D8F870
:108BA0000000F9F797F900283FF44DA9C8F8000034
:108BB000FFF749B94FF0000C07F15406E646E046CE
:108BC000D5E74646D7F83880C446C646CFE7DAF838
:108BD00000301A78AA5C10073FF538A9DAF80420AB
:108BE00001360133013A4E45CAE9003205D0002A68
:108BF00006DD1A78AA5C1107F0D5B344FFF726B951
:108C00005146B86C01F0F4FA0028F6D1DAF80030D9
:108C1000EFE71868A3E71C46B8F10003C7F82890EF
:108C2000E14618BF0123C7F84480A0467446FB61A3
:108C300001F0AAFF40453EF459ACDAE9003213F8DE
:108C4000011B013ACAF8003008F10103CAF80420F8
:108C500007F5B872FB643B6A02F8081007F1680870
:108C6000032B03D1D8F80030042B04D008220021B4
:108C70004046FEF779F8CDF8008007F5B872FB6C36
:108C80003146B86C02F002FA421C38623EF42EAC57
:108C9000002864D1306002F023FA002840F08D8073
:108CA000FB6C9B44BB6A013BBB62BB6B4BB904369C
:108CB000A6EB0408B9EBA80F03D8FA69002A40F024
:108CC0009A804FF00008DAF80430002B5BDDDAF808
:108CD00000301B78EB5CC3F3C00383F00103DB07B8
:108CE00002D5BB6A002BA3D1D7F84480A646CC4658
:108CF00044E7012100233370FB6C8B427FF655ACB7
:108D0000BCF1000F3FF451ACD8F80000F9F7E2F8DD
:108D100000283FF44AACC8F8000046E48618C9F8B9
:108D20000000BBF1010B0BD0DAF80420002A0FDDA4
:108D3000DAF8000031460278AA5C13077FF5DFAD50
:108D4000331BD7F844B0C446C8469B44591CD1E7EE
:108D50005146B86C01F04CFA0028E9D0F0E73B6AC4
:108D600002330DD0306802F0BBF930BBFB6C9B4482
:108D70003B6A032B96D1D8F80030042B92D194E7AC
:108D8000D7F84C809FE75146B86C01F031FA0028C3
:108D90009DD0A6464446CC46D7F84480002C7EF4AD
:108DA000A5ABEBE61868531C40F82280FA6B4FF035
:108DB000010CD3802023FB6493E5A646CC4607F53F
:108DC000B873FA6CD7F84480F1469C186546FB6C82
:108DD000524614F8011D013BB86CFB6401F0EAFC3B
:108DE000FB6C002BF3D1CE46AC46C7E6FB6BFA6CAE
:108DF0009C801860D7E720464FEAC901F9F76AF866
:108E0000044600283FF49CAD7A6C00EB08064FEA5C
:108E10004909D7F83880106055E700BF30B50446DF
:108E200085B008B1456B2DB1204605B0BDE8304096
:108E3000FEF7E8BACDE90223019101F057FC019950
:108E40002046DDE9022305B0BDE83040FEF7DABA7E
:108E50002DE9F04F0E46A1B0002183460792002273
:108E60001C910021CDE90412324690461B9212F863
:108E700001ABBAF12D0F5FD801A151F82AF000BF64
:108E8000C38F0010398F0010398F0010398F0010F8
:108E9000398F0010398F0010398F0010398F001072
:108EA000398F00106B8E00106B8E00106B8E0010CF
:108EB0006B8E00106B8E0010398F0010398F0010F0
:108EC000398F0010398F0010398F0010398F001042
:108ED000398F0010398F0010398F0010398F001032
:108EE000398F0010398F0010398F0010398F001022
:108EF000398F0010398F0010398F0010398F001012
:108F00006B8E0010398F0010398F0010398F0010D0
:108F1000398F0010398F0010398F0010398F0010F1
:108F2000398F0010398F0010398F0010E392001034
:108F3000398F0010FD92001000220892BAF1300F14
:108F400000F0A48000230993AAF13003092B00F25A
:108F5000F783002740463D463C460130082C07EB8E
:108F6000870204F1010405EB85011B9090F800A035
:108F7000CCBF03EB420703EB4105AAF13003092BF9
:108F8000EBD90122A74901F08FFD814628BB1B992F
:108F90000B4601311B915B78A3F1300CBCF1090F3A
:108FA00040F21E8123F02003A646452B40F0A98104
:108FB0004FF0010A0A900A9B2343099A134340F099
:108FC0004281079B4FF000084FF0000903B11E607B
:108FD0004046494621B0BDE8F08F2AF02003452BDA
:108FE00000F02C814FF00009A646CDF83090CDF866
:108FF000389026467446102E2846B246A8BF4FF039
:10900000100AF8F759FD092E02460B46CDE9042354
:1090100017DD854B03EBCA0353E91223F8F7B8FCBD
:1090200002460B463846CDE90423F8F745FD0246D3
:109030000B46DDE90401F8F783FC0F2ECDE90401AE
:109040003BDC0C9B002B00F0AD830C9B40F3B28209
:10905000162B40F3DF84C6F125030C9A93422CDBD8
:10906000C6F10F05704C04EBC501DDE90423D1E91D
:109070000001F8F78DFC0C9B5D1B04EBC504D4E9E3
:109080000023F8F785FC8046894699E098F801208E
:1090900002F0DF02582A00F0D283434601331B93CB
:1090A00093F800A0BAF1300FF8D09846BAF1000F4B
:1090B00000F082800123099346E7A6EB0A0A0C9B85
:1090C0009A44BAF1000F40F327812AF00F071AF0F3
:1090D0000F0A40F02384B7F59A7F00F3A984102F7C
:1090E0004FEA271A00F0EB85DFF84CE14FF0000C57
:1090F000CDE90945774664467546DDE904231AF053
:10910000010F1046194607D0D7E90023F8F740FCB5
:109110004FF0010C02460B464FEA6A0A0134083749
:10912000BAF1010FEBD12146AE46099C0A9DBCF174
:10913000000F01D0CDE90423059B0EEBC10EA3F176
:1091400054730593DDE90423DEE90001F8F720FC00
:10915000364B0A460B40CDE9040135498B4200F2FB
:109160006784A1F580118B4240F225854FF0FF32D4
:10917000304BCDE90423D1E01B98431C1B9341786D
:10918000302940F0A184831C1A461B9301331178C7
:109190003029F9D0121A531E0A93A1F13103082B7A
:1091A00040F2E28221F02001452900F0A483DDE9AC
:1091B000092313433FF405AF4FF000084FF00009B7
:1091C000079A0AB11B9B1360089B002B3FF400AF6A
:1091D00009F1004340469946494621B0BDE8F08F69
:1091E000A6460A900A9A08466146531CBCF1000F35
:1091F00000F08984012B994400F02D86224404E07C
:109200004FEA4A05A24200F02786082C05EB850AA2
:1092100004F10104F4DD07EB8703102CD8BF5F00D5
:10922000F0E700BFC8CB0010E83C01100000F07F61
:109230000000A07CFFFFEF7FC03C01100023A6468A
:1092400099469A460A931B9E731C1B9373782B2B8B
:1092500000F06A822D2B41D101230C93B31C1B9388
:10926000B378A3F1300CBCF1090F00F21E82302B51
:109270001B9940F0C08201311B910B78302BFAD042
:10928000A3F13100082840F2B48200220E92002C93
:1092900038D1DDE909210A438ED1BAF1000F7FF4FC
:1092A00090AE692B00F04F8300F34883492B00F008
:1092B0004A834E2B7FF485AEB7491BA802F094FB7E
:1092C00000283FF47EAE1B9B1B78282B00F098846F
:1092D000B24801F01DFF8046894671E700220C92DA
:1092E000BFE70022089208F101021B9298F801A042
:1092F000BAF1000F3FF465AE90461FE601220892D6
:10930000F1E70E900E9BA3EB09030C93BEF1000F47
:109310007FF46FAE26466EE640F0348300230D9353
:109320003346224641465846009502F013FD1590FB
:10933000002800F07D830E9B0021A9EB03090C9B04
:109340008A460991002B23EAE373B4BF4A46002200
:1093500014930E920D9A531AB2FA82FC18BF01238D
:109360004FEA5C1C1693CDF85CC0D1E0D21A1F2ADC
:10937000A4EB020400F39D81012300279340129384
:10938000254434440D9BA6421D443346A8BF2346C2
:10939000AB42A8BF2B46002B02DDE41AED1AF61AE9
:1093A0000E9B002B00F32881002C00F33D810C9BC9
:1093B000002B00F37081002D00F36181002E08DD89
:1093C00051463246584602F0C9FE8246002800F057
:1093D0005F814A461C99584602F054FF09900028C4
:1093E00000F05681099A0023D168D3600F9151464D
:1093F00002F026FF0028C0F22B84059E00F08E8329
:109400005146099803F0DAF800224FF080430446F1
:109410000D46F8F7BFFB002800F0DE800F9B002B05
:1094200040F05381049B002B40F05482C6F3130399
:10943000002B40F07C810022594B20462946F8F74A
:1094400095FB002840F061830022564B20462946B8
:10945000F8F79EFA0A460146109002F10043CDE962
:1094600012121193504F514B37409F42DDE9104586
:1094700000F03281B7F1D46F21D8169BFBB144A321
:10948000D3E90023DDE91201F8F784FBA0B1DDE99F
:109490001201F8F735FB012838BF0120F8F70CFB63
:1094A0000F9BCDE91201002B40F0338201F1004304
:1094B00018901993DDE9184505F1D663DD1BDDE948
:1094C0000A0102F097FF02460B4620462946F8F7AC
:1094D0005FFADDE90A23F8F733FA0C46CDE9040117
:1094E000314B2340BB4203D1179B002B40F05D81E1
:1094F0001C99584602F0D2FB4946584602F0CEFB72
:109500005146584602F0CAFB0999584602F0C6FB7C
:10951000159C5846616802F09BFB8146002800F0CC
:10952000B780226904F10C010C3002329200FDF781
:1095300075FD1EAB584601931DAB9DED047B00935A
:1095400053EC172B8DED0A7B02F0DAFF02461C90DC
:10955000002873D00121584602F0BEFC8246002844
:1095600000F096801D9B002BC0F285800E9A149D02
:109570009E180D9A1E9C9B1A0D4A2344C4F1360472
:10958000013B9342FFF6F2AE012300271293F7E668
:109590000000C0FFFFFFDF41D8CB0010F0CA001071
:1095A0000000F03F0000E03F0000F07F0000E07F9F
:1095B00002FCFFFF1633FFF680AD0E9BA9EB0309FB
:1095C000B34B03EBC903DDE90401D3E90023F8F74A
:1095D00005FA80468946F3E5AE4B2046294600222F
:1095E000F8F7D6F90F9BCDE91201002B68D101F1F4
:1095F00000431090119335E751461A46584602F041
:109600004DFD1C9A8246C8B10146584602F092FCB4
:109610001C9A0F9090B11146584602F03FFB0F9BE9
:10962000002C1C937FF7C3AE22461C99584602F0CB
:1096300095FD02461C9000287FF4B9AE4F461146B6
:1096400022234FF00008DFF85492CBF80030584640
:1096500002F024FB3946584602F020FB514658469A
:1096600002F01CFB1599584602F018FB0999584660
:1096700002F014FBA4E5149A0E9ED51A79E7494628
:109680002A46584602F06AFD814600287FF496AECD
:109690004F461C99D4E74946149A584602F0FEFCFE
:1096A000814600287FF487AEF2E700221B960E92D7
:1096B000EDE5794AD21A012303FA02F712935FE625
:1096C0009DED127B8DED107BCCE69FED6B7B8DEDE0
:1096D000107B8DED127BC5E6A6F154736F4E05939A
:1096E000DDE904452046294602F084FEDDE9102329
:1096F000F8F74EF92B462246F8F722F9684B0E4050
:109700009E42CDE9040140F2008103F15473DDE98A
:109710000A01994202D1B0F1FF3FB9D04FF0FF33B7
:10972000604CCDE90434E3E600230C9396E59FED0D
:10973000547B8DED107B9FED507B8DED127B91E680
:1097400001225949404601F0AFF9864600283FF40E
:1097500013AD2AF020025346452A00F0B981099A38
:10976000002A3FF49EAD27E50A9B3039DDF86C8076
:10977000012403F10109002340461F46CD180023B0
:109780000A93411C1B914378A3F1300CBCF1090FE3
:109790007FF628AD23F020014FF0010A45297FF420
:1097A00074AD08E4DDE904890AE5DDE91256C4F385
:1097B000130728463146F8F72BFBF8F723FA024641
:1097C0000B4628463146F8F7CFF8049D0F9E044615
:1097D0002E430D4637436BD12BA3D3E90023F8F773
:1097E000C5F900283FF484AE4F46DDE904891C9991
:1097F0002DE7A3F1300C481C1B904B78A3F13002ED
:10980000092A00F2B78001300CEB8C0C1B9003EBA3
:109810004C0C0378ACF1300CA3F13002092AF2D9D8
:10982000401A082840F3A68044F61F620E920C9A54
:10983000002A3FF42CAD0E9A52420E9227E5029375
:109840001BA9089B5846194A01931CAB00931DABFA
:1098500001F0C6FD10F00F0504463FF4ADAC062D37
:1098600040F0EE8008F1010300224FF000084FF0B5
:10987000000908921B93A3E4000000000000F03FE1
:10988000000000000000F0BF9535A094FFFFCF3F1F
:10989000E83C01100000E03FE2FBFFFF0000F07F2A
:1098A000FFFF9F7CFFFFEF7FC8CB0010C4CF0010ED
:1098B000CEA3D3E90023F8F759F9002894D1204624
:1098C0002946CCA3D3E90023F8F78CF900283FF40C
:1098D0000FAE89E7049B012B7FF429AF002E7FF4A4
:1098E00026AF4F4622231C994FF000084FF0000985
:1098F000CBF80030ABE64FF000090A9B4FF0010AAD
:109900004C464F464D46FFF758BB01F15474059441
:10991000E6E59DED127B8DED187BCBE5AC4901EBC7
:10992000CA01DDE90423D1E90001F8F731F8CDE9F6
:109930000401002F3FF4F2ACFFF7CDBB6E2B3FF4D8
:10994000BBACFFF73EBBA3491BA802F04DF80028B3
:109950003FF437AB1B9B1BA89F49013B1B9302F0B5
:1099600043F810B91B9B01331B934FF00008DFF83D
:109970006C9225E444F61F6162468C45A8BF0A46F6
:109980000E9254E7CAF1000A4FEA2A171AF00F0A9A
:1099900040F0A9801F2F34DC17F01001DFF85CA223
:1099A00018BF6A21DDE904230D9117F0010F10465D
:1099B000194641D00AF1080A5AE90223F7F7E8FFED
:1099C00002467F100B46F0D10D9BCDE904017BB11F
:1099D000C1F30A52C2F16B03002B09DD1F2B40F3C8
:1099E000AC81342B049740F3F9814FF05C730593FD
:1099F00000220023DDE90401F8F7A6F800283FF46F
:109A00008FAC22234FF000084FF00009CBF8003054
:109A1000FFF7D6BB0C986E4901EBC001DDE90423CA
:109A2000D1E90001F7F7B4FF80468946FFF7C8BBCC
:109A30002223CBF8003098E77F100AF1080AB4E738
:109A40001C9A3AB135211EA802F0E6FD58461C9931
:109A500002F024F9013D042D00F21682DFE805F042
:109A6000032E2B2003001E9B04931D9B03F2334205
:109A70001F9B23F4801343EA02530593E20502D5AA
:109A800043F000430593554A1A40DDE90489002A52
:109A90007FF496ABFDF7C8F922230360FFF790BB74
:109AA0004FF0FF326FF00043CDE90423E3057FF56B
:109AB00079AE059BE4E7494B0593F7E7DDE91E1214
:109AC0001F9BCDE90412D9E7CDF828E0FFF765BB6D
:109AD0004FF0000E77467546F1467446F246CDF8D3
:109AE00028E0FFF768BA3A4B03EBCA03DDE904014B
:109AF000D3E90023F7F772FFCDE90401002F3FF40B
:109B00000DAC47E700230A933BE69FED2D7B8DEDDF
:109B1000107B9FED2D7B8DED127BA3E40F9CBE4649
:109B200033464F462E49C6F31302DDE90A89002C5D
:109B30007AD08A4200F00F81BEF1000F00F005815B
:109B40001EEA060F33D040464946049302F052FC09
:109B50000D9B002B00F01881049BC3F30A53C3F143
:109B60006B06002E40F38A811E4C002204EB065344
:109B7000F7F70EFF02460B4640464946F7F7E0FE70
:109B80008046894640464946174B0022F7F700FFBA
:109B9000124B804689460B40002B7FF428AE2223CF
:109BA000CBF8003023E61EEA030F40F097800D9BB0
:109BB000002BE7D11BE602F154730593FFF7AEBB10
:109BC000000000000000E0BF000000000000E03FD7
:109BD000E83C0110CCCB0010D0CB00100000F07F8F
:109BE000FFFF0F000000F03F000050399535A094B2
:109BF000FFFFDF3F35E5AF350000E03FD8CF001075
:109C00001BA81EAAA74901F009FF05287FF460AB35
:109C10001F9B43F0FF4343F4E00305931E9B049313
:109C2000DDE90489FFF7CCBA002A4ED1DDE9040151
:109C30000246002878D10D9A002A00F0AF809A4C95
:109C40003440B4F1D66F2DD8B4F15C7F9AD849E690
:109C50000F9B4F46DDE90401DDE90A890343A6D1E4
:109C6000C1F313020B46002AA1D121F00044240DB8
:109C70002405B4F1D66F9AD909994A6912B90A69CB
:109C8000012A94DD0999012258460A9302F066FAE6
:109C90005146099002F0D4FA002888DD0D9A0A9BFB
:109CA000002A7BD0A4F580146FEA14536FEA0353A3
:109CB00005934FF0FF330493DDE9048962E7002345
:109CC000DFF8F0E11946FFF737BABEF1000F7FF475
:109CD0006AAF129A04990A423FF469AF4046494676
:109CE000049302F087FB0D9B002B67D0049BC3F30A
:109CF0000A53C3F16B06002E40F3C3806B4C002265
:109D000004EB0653F7F744FE02460B46404649462D
:109D1000F7F72AFE0022002380468946F7F714FF52
:109D200000283FF42FAFDDE5BEF1000F7FF43BAF1D
:109D300012990A423FF43BAFD0E74FF0FF3202FAEC
:109D400003F3049A1A40049252E6129A04990A42C2
:109D50003FF42DAFF7E60D9A049D002A55D0524CE2
:109D60003440B4F1D46F41D8210D4FF0FF32C1F12E
:109D70006B018A40954253D0BEF1000F5CD01EEAC1
:109D8000030F3FF4FFAEDEE602460B46404649466F
:109D9000F7F7D6FD894680461C9958E4424A1C993B
:109DA0001A40A2F580126FEA12536FEA035305932B
:109DB0004FF0FF330493DDE9048948E402460B4683
:109DC00040464946F7F7D0FD0022002380468946E9
:109DD000F7F7BAFE00283FF40AAD83E5C2F14B0263
:109DE0004FF0FF3393400B40059301E66A1CC3D14B
:109DF0002F4A934225D001321A4002F58013059371
:109E000000230493DDE90489D1E6049A0132EFD0FE
:109E1000BEF1000F0BD01EEA060F3FF4E8AC92E64D
:109E200004F58013CDE90403DDE90489AAE6129A5A
:109E300015423FF4DCAC86E6129A15423FF4A2AE1E
:109E400081E622231C994FF00008DFF85C90CBF8E4
:109E50000030FFF7FCBB2246082A02F1010409DDAD
:109E6000102C3FF74FAE07EB870700230CEB47079B
:109E70000A9386E40A2305FB03F37FE402460B46BC
:109E80007AE602460B4641E7E10505D54FF000436F
:109E90000593DDE90489FDE54FF000084FF0000966
:109EA000F8E500BFB0CF00100000F07F0000F03FE9
:109EB000FFFFEF7FC03C0110014BFEF7C9BF00BFA1
:109EC0009C1B00202DE9F04F81468E466D4875465B
:109ED0001EF801BB10F80B4014F00804F7D1BBF1D9
:109EE0002D0F23F010075DD0BBF12B0F10D0AFB9B1
:109EF000BBF1300F00F08D80002B00F08580102327
:109F00006FF078460F27984600246FF0004A0DE066
:109F10009EF800B005F1020E002F60D06FF00047F0
:109F20009846B7FBF3F6BA4603FB1677002528469A
:109F30000EE0ABF1370C9C451DDA013504D0B04280
:109F400002D822D1BC4520DD4FF0FF351EF801BB01
:109F5000ABF1300CBCF1090FEDD9ABF1410CBCF108
:109F6000190FE6D9ABF1610CBCF1190F03D8ABF1B5
:109F7000570C9C45E1DB6B1C0BD004B1404212B185
:109F8000002D57D11160BDE8F08F08FB00C00125FE
:109F9000DCE72223C9F80030002A4DD00EF1FF3152
:109FA0005046EFE79EF800B005F1020E67B9BBF12D
:109FB000300F44D0002B50D10A23334E0827012400
:109FC00098464FF0004AB1E74FF0004A9846012406
:109FD000BAFBF3F603FB06F7AAEB0707A6E7BBF10C
:109FE000300F89D1A87800F0DF0058281ED1102347
:109FF00095F803B005F1040E98466FF00047B7FBE3
:10A00000F8F608FB16777FE70A231F4E07279846C6
:10A010007AE79EF8000000F0DF00582806D11023F0
:10A020009EF801B005F1030E9846E6E723BB08232E
:10A030009846E2E78246B1E75046BDE8F08FA8783F
:10A0400000F0DF00582810D0CBB1102398464FF015
:10A05000004A0124BAFBF8F668E710234FF00066C7
:10A0600001244FF0004A984660E7102395F803B0AA
:10A0700005F1040E9846EAE710239846BDE7082349
:10A080009846E4E701D00010CCCCCC0C242B03D8AC
:10A09000012B01D0FFF716BF10B5FCF7C5FE162344
:10A0A0000360002010BD00BF2DE9F04707460E46B3
:10A0B0004548354616F801EB10F80EC01CF0080CA8
:10A0C000F7D1BEF12D0F63D0BEF12B0F3AD064460D
:10A0D00033F010003ED04FF0FF389A46B8FBF3F84B
:10A0E00003FB08F96FEA0909002528460EE0AEF1E6
:10A0F000370C63451DDD013504D0404502D834D10D
:10A10000CC4532DD4FF0FF3516F801EBAEF1300CE7
:10A11000BCF1090FEDD9AEF1410CBCF1190FE6D934
:10A12000AEF1610CBCF1190F03D8AEF1570C6345C9
:10A13000E1DC6B1C25D004B140420AB135BB116093
:10A14000BDE8F08733F0100096F800E0644605F1B2
:10A150000206C0D1BEF1300F1FD05BB90A234FF009
:10A160000509DFF868809A46BEE70AFB00C00125B2
:10A17000CAE70BB310234FF00F096FF070489A46EF
:10A18000B2E7222328463B60002AD9D0711ED6E7C9
:10A1900096F800E00124AE1C9AE7307800F0DF006A
:10A1A0005828E6D1102396F801E04FF00F09023647
:10A1B0006FF070489A4697E708234FF007096FF051
:10A1C00060489A4690E700BF01D00010999999190C
:10A1D000FFF76ABF8B8903F00903092B01D0002028
:10A1E0007047024B186800F069B900BF481A002098
:10A1F00070B505460C4610B1436B002B56D0B4F930
:10A200000C3000229E06626058D4580719D4D90633
:10A210004FD51A0739D443F00403A3812369002BD7
:10A220003FD0B4F90C60B3071ED122692846266AD4
:10A230006369E1692260B0470028606041DD002069
:10A2400070BD216B0029E9D004F14003994202D08E
:10A250002846FCF7E3FF0022E36B22636360002BD8
:10A26000DCD0A36B2360EAE701231C4A1C49A381CD
:10A270001C4801F0CBFC06F00903A681092BD4D1C0
:10A280002146284600F080F8CFE72146284600F016
:10A2900015F998B9B4F90C30A06023F00803A06157
:10A2A000B9E72146284602F013FABAE700F01EFA91
:10A2B000A5E7092243F040032A60A3814FF0FF3055
:10A2C00070BDB4F90C3003D143F02003A381F5E74E
:10A2D000002243F040036260A381EFE7901B00205F
:10A2E000D5A10010501A002070B50C7884465E2C61
:10A2F00024D00023481C9E4600220CF5807163F395
:10A30000070263F30F2263F3174263F31F6263468E
:10A3100043F8042B8B42FBD174B18EF00101451C34
:10A320000CF8041015F8013C2D2B0ED05D2B0AD033
:10A330001BB11C462846F2E7013870BD0123881C7A
:10A340004C789E46D8E7284670BD90F801E0BEF1F3
:10A350005D0F15D0744513DC661C02300CEB060251
:10A3600002F8011BA2EB0C03013B9E45F8DCAEEBAF
:10A3700004030235013B7445A8BF00239C19D1E7B3
:10A380002D242846CBE700BFB1F90C202DE9F04180
:10A3900015070C4680464ED4496842F400630029F4
:10A3A000A38163DDA66A002E42D0002112F4805200
:10A3B000D8F80050C8F8001065D10123E169404683
:10A3C000B0470246501C6CD0B4F90C30A66A59074D
:10A3D00005D56368D21A236B0BB1E36BD21A002345
:10A3E000E1694046B047421CB4F90C304DD1D8F871
:10A3F00000101D2940D8304ACA40D7073CD523F465
:10A400000062DE04A2814FF00002626022692260D5
:10A4100001D5002943D0216BC8F8005041B104F1A7
:10A420004003994202D04046FCF7F8FE0023236324
:10A430000020BDE8F0810E69002EF9D092070D686A
:10A440000E600CBF4B690023AD1B8B600BE02B46ED
:10A450003246E1694046676AB847B0F1000CA5EBA7
:10A460000C05664406DD002DF1DCE1E7E16B002917
:10A4700098DCDDE7B4F90C3043F040034FF0FF30D7
:10A48000A381BDE8F081226DA1E723F40062DB0423
:10A49000A2814FF00002626022692260BBD5206574
:10A4A000B9E7D8F80030002B8ED01D2B01D0162B29
:10A4B000E0D1C8F80050BBE70100402038B50546A0
:10A4C0000C4608B1436B03B3B4F90C0088B1636E5A
:10A4D000DB0701D481050FD528462146FFF754FF3D
:10A4E000636E0546DA0702D4A3899B0508D5284682
:10A4F00038BD0546284638BDA06DFCF78BFDEBE75F
:10A50000A06DFCF789FD284638BD00F0EFF8DBE7C9
:10A5100010B50C46B1F90E1000F068FB002803DB03
:10A52000236D0344236510BDA38923F48053A381C5
:10A5300010BD00BF2DE9F0410C46B1F90C101F46CB
:10A540000546CB0516460BD421F480513B463246D6
:10A550002846A181B4F90E10BDE8F04100F080BD9D
:10A56000B4F90E100223002200F02AFBB4F90C10FB
:10A57000EAE700BF10B50C46B1F90E1000F020FB61
:10A58000421CB4F90C3004D043F480532065A381FD
:10A5900010BD23F48053A38110BD00BFB1F90E108C
:10A5A00000F0FCBA024A0349034801F02FBB00BF88
:10A5B000901B0020BDC70010501A00200C4B4168B2
:10A5C000994210B5044601D002F0F8F8A168094B91
:10A5D000994202D0204602F0F1F8E168064B994218
:10A5E00004D02046BDE8104002F0E8B810BD00BF1E
:10A5F000D41E00203C1F0020A41F00202DE9F8439A
:10A60000314A0025314C04233149DFF8D89004F158
:10A610005C00DFF8D4802F4F2F4E116029460822AE
:10A6200025606566C4E90335C4E90155C4E90555EB
:10A63000FCF79AFB04F15800E662C4E90749C4E953
:10A640000987FCF7E3FC254B2946082204F1C400E6
:10A6500063672567C4F8CC50C4F88050C4E91A5524
:10A66000C4E91E55FCF780FB04F1680304F1C00047
:10A67000C4F88430C4E92298C4E92476FCF7C6FC07
:10A68000174B294604F596700822C4F8DC30C4F84C
:10A69000D850C4F83451C4F8E850C4E93455C4E97A
:10A6A0003855FCF761FB04F1D00304F59470C4F84D
:10A6B000F090C4F8FC60C4F8EC30C4E93D87BDE814
:10A6C000F843FCF7A3BC00BF0C200020D41E0020E0
:10A6D000A5A5001075A500109DA50010090001009A
:10A6E0001200020011A5001035A5001010B5044697
:10A6F0000A48FCF78FFC636B23B9094B094A1B68B6
:10A70000626323B10548BDE81040FCF785BCFFF744
:10A7100075FF0248BDE81040FCF77EBC9C1E00207F
:10A720000C200020BDA500100148FCF773BC00BF41
:10A730009C1E00200148FCF76FBC00BF9C1E00203F
:10A740002DE9F0410C46096B04F14003994214D005
:10A75000666B77003A46FCF7BBF8054630B300EB72
:10A760000608014632464046FCF758FCC4F8008013
:10A77000C4E90C570020BDE8F0814FF48061FBF77D
:10A78000D7FD98B194F842204FF48061206300F225
:10A79000FD33616380F8FF2394F8412080F8FE23A5
:10A7A00094F8402080F8FD232360E3E74FF0FF306A
:10A7B000E1E700BF70B54C1C3CD00D460646144680
:10A7C00010B1436B002B74D0626EB4F90C30D1071A
:10A7D00001D49A0550D523F020025807A28106D44F
:10A7E000D90670D51B0757D442F00402A281226B10
:10A7F000EDB263680AB3626B9A420FDD23685A1E9A
:10A80000226003F8015C6368626E0133D207636003
:10A8100002D4A3899B053AD5284670BD214630460F
:10A82000FFF78EFF0028E9D0636ED80702D4A38912
:10A8300099054CD54FF0FF35EEE7626E206921682F
:10A8400002F0010228B1884203D211F8010CA8429B
:10A8500032D0A1630321E36304F140002346616326
:10A860000121206303F8425FC4E90031002AD3D1FB
:10A87000A3899B05D0D40AE0A06DFCF7CBFBB4F90B
:10A880000C3023F020025807A281B0D4A8E7A06DB5
:10A89000FCF7C2FB284670BD21463046FFF70EFE8E
:10A8A0000028C1D1B4F90C20A06022F00802A061F8
:10A8B0009AE7FFF71BFF87E701390133C4E900136B
:10A8C000002AA9D1A5E7626ED207B3D4B0E7A06D84
:10A8D000FCF7A2FBAEE700BF2DE9F04F994685B02B
:10A8E00002FB03F30E9C0193002B4DD093460646CA
:10A8F0000D4610B1436B002B61D0636EB4F90C2090
:10A9000013F0010144D112F4007748D0900452D4DE
:10A9100042F4005223F40053A2816366D4F804A0E9
:10A92000BAF1000F4EDBA2895346019F920750D423
:10A93000B04656460FE0FCF771FB236821464046BF
:10A9400033443544A7EB060A2360FFF751FC002887
:10A950007BD166685746BE42324628462168EAD314
:10A960003A46FCF75BFBCDF80490D4E90032D21BE9
:10A970001F44636EC4E90072DA0705D4A3899B05FE
:10A9800002D4A06DFCF748FB019805B0BDE8F08F3C
:10A990009104BDD59F04C1D500230193F4E7A06DB8
:10A9A000FCF738FBB4F90C20636E9004B0D5990421
:10A9B000B4D50197E0E79F04B0D50191DEE7FFF73A
:10A9C00095FE9AE7A2890023019F92079A46636049
:10A9D000AED59F423A462168284628BF1A4690467F
:10A9E000FCF71CFB2368216BA7EB0807434423609B
:10A9F0006368A3EB0803636051B1002F38D004F102
:10AA00004003994202D03046FCF708FC0023236340
:10AA100045444FF0000ACDE902B93FB3D4F810B075
:10AA20002146D4F800803046D4F814902560C4E95B
:10AA30000457FFF7DDFB6368C4E904B91D44FA1A43
:10AA4000C4E9008AC0B91746E7E7626EB246D0078C
:10AA500002D4A289910523D5019B5344DB1BB3FB90
:10AA6000FBF30193019805B0BDE8F08FDDF80C9081
:10AA7000636ECDF804907FE7626EDDF808B0D6070C
:10AA800007D4A289950504D4A06D0293FCF7C4FAFB
:10AA9000029B019A1344DB1BB3FBFBF3019373E7A7
:10AAA000A06DFCF7B9FAD7E782B30B4630B540EAA0
:10AAB00001048646A40717D1032A07D814E0043AF4
:10AAC00022D01CF0803F1FD1032A23D9DEF800409A
:10AAD000194653F8045B7046A4F1013C0EF1040ED4
:10AAE000AC422CEA040CEAD00378013A0C78A34279
:10AAF0000ED1024406E03BB110F8013F11F8014FBE
:10AB0000A34205D19042F6D1002030BD10467047D7
:10AB1000181B30BD70461946E6E700BF40EA010346
:10AB20009B0730B4044601D1032A1BD8013907E042
:10AB300011F8013F551E00F8013B3BB12A4604467F
:10AB40002046002AF4D1204630BC704735B122445B
:10AB5000014601F8013B9142FBD12844002CF2D17F
:10AB600030BC70470D46286829460435A0F10133F2
:10AB700023EA000313F0803FD8D1043A44F8040BD1
:10AB8000032AF0D82946D1E7014B93F828017047F2
:10AB90009C1B0020004870478C1C002038B5002208
:10ABA000064D044608462A60F8F79AFD431C00D07B
:10ABB00038BD2B68002BFBD0236038BD3026002029
:10ABC00038B50C4684461146074D1A4600232046E8
:10ABD00064462B60F8F788FD431C00D038BD2B6815
:10ABE000002BFBD0236038BD3026002038B50C4642
:10ABF00084461146074D1A460023204664462B60C2
:10AC0000F8F750FD431C00D038BD2B68002BFBD05B
:10AC1000236038BD302600202DE9F04F1F4685B057
:10AC20008B460D46A84B039000922A4615F8014B1F
:10AC30001E5D16F00806F8D12D2C27F0100900F043
:10AC400090802B2C1AD0B9F1000F1DD1302C00F0C0
:10AC5000E980002F00F0DB804FF01008B2466FF063
:10AC6000784C4FF0FF364FF00F09474600224FF067
:10AC7000FF336FF0004ECDE9012321E02C78951CC5
:10AC8000B9F1000F00F0A1804FEAE77A3A464FF0A1
:10AC9000FF306FF000415346B84601F029FE53469D
:10ACA00091464FF0FF303A466FF0004101F020FE30
:10ACB0004FF0FF3301968C4606466FF0004E02932C
:10ACC00000221046114613E0A4F13703BB421FDAFD
:10ACD000013209D086427CEB010205D3614508BFF1
:10ACE000B04227D14B4525DD4FF0FF3215F8014B1F
:10ACF000A4F13003092BE9D9A4F14103192BE3D9BD
:10AD0000A4F16103192B03D8A4F15703BB42DFDB85
:10AD1000531C1BD0019B13B1404261EB4101009BCE
:10AD20002BB1002A40F09080009BC3F800B005B022
:10AD3000BDE8F08F00FB0AF208FB0122A0FB08012E
:10AD40000A44181842EBE3710122CFE72223039A49
:10AD50001360009B002B7AD005F1FF3B02987146EF
:10AD6000E2E72C78951CB9F1000F14D1302C73D088
:10AD7000002F40F08B804FF00A080123BA4602965C
:10AD8000DFF848C14FF0CC364FF0080947464FF086
:10AD9000004E019394E74FEAE77A3A4600204FF0DD
:10ADA00000415346B84601F0A3FD534691460020AA
:10ADB0003A464FF0004101F09BFD012302968C467C
:10ADC00006464FF0004E01937AE7302C7FF441AFF6
:10ADD000937803F0DF03582B30D14FF01008CA46A8
:10ADE000D478151D4746424653464FF0FF306FF06A
:10ADF000004101F07DFD534691464FF0FF30424641
:10AE00006FF0004101F074FD06468C462EE74FF0CE
:10AE10000A08BA464FF0CC36DFF8B0C04FF0070949
:10AE2000474623E72B7803F0DF03582B06D14FF07A
:10AE300010086C78CA46D51C4746D4E7D7BB4FF0FC
:10AE40000808BA464746CEE78E46029084E7029845
:10AE5000714605B0BDE8F08F937803F0DF03582BFF
:10AE600021D067B34FF01008CA46474653464246C2
:10AE700000204FF0004101F03BFD00238C460121F2
:10AE800006464FF0004ECDE9011319E74FF01008C8
:10AE900001234E464FF0006CCA4647464FF0004E25
:10AEA000CDE901390CE74FF01008D478151DCA46DA
:10AEB0004746DBE74FF01008CA46474693E74FF096
:10AEC0000808BA464746D1E701D00010CCCCCC0CDC
:10AED000FFF7A2BE2DE9F04F85B08B461E460D460A
:10AEE00001925C4A0390294615F8014B135D13F05B
:10AEF0000803F8D12D2C00F08C802B2C52D002931B
:10AF000036F0100A55D04FEAE67A32464FF0FF305D
:10AF10004FF0FF315346B14601F0EAFC3246074696
:10AF2000884653464FF0FF304FF0FF3101F0E0FC10
:10AF3000944600221046114613E0A4F137039E42C6
:10AF40001FDD013209D0874278EB010205D341456C
:10AF500008BFB8423BD1634539DD4FF0FF3215F8E9
:10AF6000014BA4F13003092BE9D9A4F14103192BBA
:10AF7000E3D9A4F16103192B03D8A4F157039E422E
:10AF8000DFDC531C3AD0029B13B1404261EB41011C
:10AF9000019B23B1002A39D1019BC3F800B005B051
:10AFA000BDE8F08F36F0100A2C78029301F102050B
:10AFB000A9D1302C32D0BEB94FF00A09B2464FF0B9
:10AFC000050C4FF09937DFF890804E46B1E700FB53
:10AFD0000AF209FB0122A0FB09010A44181842EBFE
:10AFE000E3710122BBE756B34FF010094FF00F0C8D
:10AFF0004FF0FF376FF070484E469AE722230399CF
:10B0000010460B601146019B002BC8D005F1FF3B99
:10B01000C2E701232C788D1C029371E72B7803F093
:10B02000DF03582BDFD14FF010096C784FF00F0C75
:10B0300002354FF0FF376FF070484E4679E74FF01A
:10B040000809B2464FF0070C4FF0FF376FF0604829
:10B050004E466EE701D0001099999919FFF73ABF53
:10B0600038B50C4684461146074D1A460023204643
:10B0700064462B60F8F724FB431C00D038BD2B68D6
:10B08000002BFBD0236038BD3026002070B582B085
:10B090000446069D55B11048D0F8E4606AB12046D8
:10B0A0000095B047431C10D002B070BD00F1F4050C
:10B0B0000948D0F8E460002AF1D101231146204666
:10B0C000064A0095B047431CEED100228A232A602D
:10B0D000236002B070BD00BF9C1B0020F0CA0010AE
:10B0E000002100F001B800BF10B500F0C1F804461F
:10B0F00000F0F0F8A0F11A03DBB2022B01D8012016
:10B1000010BDA4F1090004288CBF0020012010BD4F
:10B1100000200149704700BF0000F87F00487047D9
:10B120000000C07F0229C0F307235FFA80FC25D00E
:10B13000032903D083F080038CF0800C03F15002CC
:10B14000D2B21F2A0BD903F13002D2B2242A3BD843
:10B150004FF2A64290422CD94FF0FF3070474CF688
:10B16000D3729042F8D8B03BACF1A10C384AC3EB93
:10B17000C3130CEB430332F813007047BCF19E0F6E
:10B1800011D90CF1230C80225FFA8CFC9F2B94BF09
:10B19000703B503302EB4302D3B203F15002D2B200
:10B1A0001F2AD0D8DBE7ACF17E0C7F225FFA8CFC43
:10B1B000ECE7D03BACF1A10C264AC3EBC3130CEB7C
:10B1C000430332F813007047A13B072BC4D8DFE8D4
:10B1D00003F0382E241D17120D04BCF1C00FBBD88C
:10B1E0001D4AACF1A10332F813007047BCF1F10F16
:10B1F000B2D81A4A1CE0BCF1D80FADD8184A17E0F3
:10B20000BCF1F60FA8D80CF540507047BCF1F30F15
:10B21000A2D842F6A07060447047124B634413F802
:10B22000A13C002B98D04FF66060604470470E4AF6
:10B23000ACF1A10332F81300002808BF4FF0FF3033
:10B2400070470A4AACF1A10332F81300704700BFFF
:10B2500080EB001004D10010AC020110EC020110D0
:10B2600090030110000401105C0401101805011086
:10B2700038B50546B9B101F5957412492046FBF77A
:10B28000E7FD28B928460121BDE83840FFF74ABF4D
:10B290000D492046FBF7DCFD38B928460221BDE800
:10B2A0003840FFF73FBF094CE7E709492046FBF765
:10B2B000CFFD28B928460321BDE83840FFF732BF4B
:10B2C000284638BD20CC001024CC0010C61C00201D
:10B2D0002CCC0010154B984226D840F6F90C70B5CE
:10B2E0004FF0000E124D03E004F1010EF44519DB9E
:10B2F0001EEB0C0248BF013222F00103541003EB95
:10B30000620305EB43015B004A784E88898842EA74
:10B31000062211448842E7D8904204F1FF3CE5D36D
:10B32000E85C70BDFF2070BDFF207047EF010E008C
:10B33000D40501102DE9F0410469B4EB611F05DC6F
:10B340000023036100234361BDE8F08100F1140C88
:10B350004E1111F01F0E0CEB84050CEB860323D06D
:10B3600004335CF82610CEF120089D4221FA0EF13C
:10B3700030D967461A6802FA08F20A4347F8042BE4
:10B3800053F8041B9D4221FA0EF1F3D8A31B0CF1D4
:10B3900004029B00053B9C0823F0030342F82410A1
:10B3A000134471B104330CE09D42C9D900F110027D
:10B3B00053F8041B9D4242F8041FF9D8A31B0CEB61
:10B3C0008303A3EB0C0263454FEAA2020261B9D0EA
:10B3D000BDE8F08141610029B2D06346E2E700BFD9
:10B3E0002DE9F04F8A4685B0096803938B78302B9E
:10B3F000CDE9002040F0F881CA1C137814460132D0
:10B40000302BFAD0A4EB0109A9F10209DFF80C8373
:10B4100018F80330002B00F0D3802378002718F8A9
:10B4200003303D46002B00F06A81264616F8013FA6
:10B4300018F80330002BF9D10122B7493046FFF745
:10B4400033FB8346002843D03278002D00F0A281E0
:10B45000AB1B4FEA830B02F0DF023546502A43D084
:10B46000CAF80060002F54D12A1B3946013A072A36
:10B4700003DD52100131072AFBDC019800F0E8FBE4
:10B480008246002800F0A58200F11406AC42029624
:10B4900080F0E3810027B9460CE03A4604372B7868
:10B4A000A54218F8033003F00F0303FA02F349EA48
:10B4B000030940D015F8013D2E2B01D1A54231D210
:10B4C000202FEAD1002246F8049B04279146E6E7A4
:10B4D000002D00F07A813278AB1B354602F0DF0296
:10B4E0004FEA830B502ABBD16A782B2A00F0508197
:10B4F0002D2A40F0D6800120AA78AE1C18F8021040
:10B500004A1E182A40F2D5802E46CAF80060002F45
:10B51000AAD0B9F1000F0CBF06240024204605B0C4
:10B52000BDE8F08F01227C492846FFF7BDFA0028CC
:10B53000C6D1A542BED1029B484646F8049BF61AE6
:10B54000B610CAF81060760100F05CFC009B361A59
:10B550001D68AE4257DCC0F21F81009B9A685A45B5
:10B56000C0F20D815A68934580F2BE80A2EB0B0BAE
:10B57000AB4573DA0BF1FF36002E40F08181374680
:10B580007311029A06F01F06A5EB0B0552F8232053
:10B59000012359465046B340134200F08081FFF723
:10B5A000C9FE009BDC68D3F804B0022C00F02F81A8
:10B5B000032C00F08F81012C00F08881122494E08C
:10B5C000012255492046FFF76FFA0746002840F050
:10B5D00098806378651C18F80320002A00F0938097
:10B5E000302B2C4640F0788114F8013F302BFBD0F3
:10B5F00018F803304FF00109B3FA83F77F09002BE5
:10B600007FF413AF7BE0761B5046314601F032F8F1
:10B61000074678B1711E029B01274A1153F8220098
:10B6200001F01F0207FA02F2024203D0B94200F30E
:10B630002D81022731465046FFF77CFE009BB34424
:10B640009A685A45C0F29B80009B5A685A4540F35D
:10B65000CF80A2EB0B0B5D4500F30381009BDB6801
:10B66000022B5DD0032B00F02581012B5BD1AB4574
:10B6700059D1BBF1010F08D00BF1FF31504600F05A
:10B68000F9FF00284FD0009B5A68039901236224D8
:10B690000A60029ACAF8103013600E9BC3F800A02B
:10B6A0003CE718F802106E1C00204A1E182A3FF6CC
:10B6B0002BAF72781039013618F8022002F1FF3CE6
:10B6C000BCF1180F0CD801EB810116F8013F02EB19
:10B6D0004102A2F1100118F80320531E182BF2D9D1
:10B6E00000B149428B44BBE601240E9B2046C3F8BF
:10B6F00000A0039BC3F800B005B0BDE8F08F26465C
:10B700009AE62378254603F0DF03502B00F0CE8025
:10B71000CAF80050FDE600BFC8CB0010B03B0110D6
:10B720000F9B002BB1D050240198514600F0B6FA7F
:10B7300000230E9A2046136005B0BDE8F08FDAF8BA
:10B740000820974280F2CB807A1C01210AEB870700
:10B75000022CCAF81020DDF80880796100F0AF8073
:10B76000002A00F3E2800022CAF810200022CAF862
:10B770001420009B0BF1010B9A685A456BDA514675
:10B78000019800F08BFA00230E9AA3241360C5E6FB
:10B790000020B1E6AB465EE6AE1B5146019832464C
:10B7A000ABEB060B00F0DAFC009B82469A689345EF
:10B7B000E5DC5A68934597DAA2EB0B0B00F1140312
:10B7C000AB450293BFF64AAFD4E67278751C18F801
:10B7D00002102E4600293FF43EAE16F8012F18F84D
:10B7E0000230002BF9D133E68C1C4FF000090DE636
:10B7F0000124002F3FF479AF009BDA68022A06D0BB
:10B80000032A08D0012A33D044F010046DE70F9BBF
:10B81000C3F101030F930F9B002BF5D0029B002671
:10B82000DAF8107098461A464FEA870903EB87004A
:10B8300003E0904242F8046C81D9944652F8041B0C
:10B840004B1CF6D00131022CCCF8001037D015F08B
:10B850001F0540F09780212447E7029E4FF0000922
:10B8600069E60BF1FF36002F3FF486AE012787E62D
:10B87000B907C9D5029B1A681743FA07CED4C3E7A4
:10B880003146504600F0F6FE074679E6B11E5046B6
:10B8900000F0F0FE00283FF4CCAE0327CAE6FFF725
:10B8A00049FD009B0224D3F804B0A2E74FF0000B3F
:10B8B000012719E60F9B002B7FF4E7AE33E7009BCF
:10B8C0001A68013AAA426AD022240EE747F002071A
:10B8D0000224CFE702249EE74FF00109A5E5DAF83C
:10B8E00004100198013100F0B3F9064600286AD02F
:10B8F000DAF810200AF10C010C3006F114080232BB
:10B900009200FBF78BFB51460198B24600F0C6F956
:10B9100031690120022C01EB000206EB810132614A
:10B920004861CCD0974292DA1AE708EB82040AF118
:10B930001800DAF8142084424FEA52023BD94546F7
:10B94000036842EAC37245F8042B50F8042B844282
:10B950004FEA5202F4D8A4EB0A0108F104001939A5
:10B960008C0821F0030140F82420014402B1043185
:10B97000A1EB080241454FEAA202CAF810207FF469
:10B98000F8AEF3E6C144C5F1200559F8040C00F007
:10B9900039FAA842BFF65FAFDAF81020E0E66A1184
:10B9A00005F01F0558F822100122AA400A4214BFD0
:10B9B0002124222499E6C8F800200AB14146D6E79E
:10B9C000CAF81020D2E60246054B84210548F7F755
:10B9D0009DFE0246024BE4210248F7F797FE00BFA6
:10B9E00034CC001048CC001010B5046886460134F1
:10B9F00009E014F8013BA3F1410CBCF1190F98BF09
:10BA00002033934207D111F8012B002AF1D10120F4
:10BA1000CEF8004010BD002010BD00BF09682DE920
:10BA2000F04F4B1185B011F01F01044602EB830368
:10BA3000029140F09B80181F19462568002641F8A6
:10BA4000046C01352B78002B00F0A880B4460191DE
:10BA500006468646DFF88481E1466746E346AA4605
:10BA60000146039418F8030000285DD1202B00F252
:10BA70008F804F4520DDB6451AD2BCF1070F17DC89
:10BA8000CCF10804DEF800307046CDF800E0A400E8
:10BA9000C4F1200CA646446804FA0CF51D4324FAB0
:10BAA0000EF3056040F8043FB042F4D3DDF800E047
:10BAB000724552D34FF0080C1AF8013F002BD1D138
:10BAC00008460199002F69D0B64502D2BCF1070F94
:10BAD00068DD72454DD2141F734653F8045B8342F0
:10BAE00044F8045FF9D9A0EB0E03441C0EF1010EDB
:10BAF000002523F00303A64588BF0023141D23441B
:10BB00001C46043383422560FAD951F8044C1CB119
:10BB100006E050F8043D1BB98242FAD101231360BC
:10BB2000052005B0BDE8F08F0CF1010C0137BCF128
:10BB3000080F08DCDEF800301B0100F00F0018438E
:10BB4000CEF80000B8E77245B6D24EF804BC002328
:10BB5000AEF1040E4FF0010CEFE7AEF104064EF823
:10BB600004BCB9464FF0000CB646A5E7191D1846AF
:10BB700063E7029B51F8044C002BC8D0C3F12003AB
:10BB80004FF0FF3525FA03F31C4041F8044CBEE7A3
:10BB9000292B084655460199039C1BD0042005B06B
:10BBA000BDE8F08FCCF10803DEF8004077469B003B
:10BBB0002546C3F120089C467B6803FA08F42C4311
:10BBC00023FA0CF53C6047F8045FB742F4D37245A2
:10BBD00081D3CEE70135256074E700BFB03B01108B
:10BBE00082B049B15AB16BB113780B601278101E54
:10BBF00018BF012002B0704701A9002AF3D11046F6
:10BC000002B070476FF00100F4E700BF2DE9F84380
:10BC10004FF00009074688461646D6E90154013D13
:10BC20000FD4A389012B08D9B4F90E302146384628
:10BC3000013302D0C04749EA0009013D68346B1C5A
:10BC4000EFD13668002EE8D14846BDE8F88300BF42
:10BC500038B5436C05460C464BB153F8240080B10F
:10BC6000026843F824200023C0E9033338BD2122B1
:10BC70000421FAF715FB034668640028EDD1002083
:10BC800038BD0121284601FA04F56A1D9200FAF731
:10BC900007FB0028F3D0C0E90145E4E731B1436C6C
:10BCA0004A6853F82200086043F82210704700BF2A
:10BCB0002DE9F04107460E461C460D6901F1140EB0
:10BCC0000020DEF8001001308BB285424FEA1141AE
:10BCD00002FB03434FEA134C9BB202FB01CC03EB84
:10BCE0000C434FEA1C444EF8043BEADC3CB1B36819
:10BCF000AB4207DD06EB850301355C6135613046FB
:10BD0000BDE8F081716838460131FFF7A1FF804638
:10BD1000A8B1326906F10C010C3002329200FBF737
:10BD20007DF97B6C726853F82210316043F8226011
:10BD3000464606EB850301355C613561DFE7024667
:10BD4000024BBA210248F7F7E1FC00BF34CC0010E7
:10BD5000B4CC00102DE9F8431E4617460833264A96
:10BD60000C46092E82FB03124FEAE3730546C3EB30
:10BD7000620338DD4FF0010C00214FEA4C0C013119
:10BD80006345FADC2846FFF763FF014668B3089B6A
:10BD9000092F43614FF00103036112DC0A340927C4
:10BDA000BE420BDDF61B264414F8013B0A2228464E
:10BDB000303BFFF77DFFB4420146F5D10846BDE8B0
:10BDC000F88304F109093C44C84618F8013B0A22EB
:10BDD0002846303BFFF76CFFA0450146F5D1B9443A
:10BDE000A9F10804DCE70021CCE70246034BD3218C
:10BDF0000348F7F78BFC00BF398EE33834CC0010D2
:10BE0000B4CC0010B0F5803F034610D203041020DC
:10BE1000B3F1807F01D208301B02B3F1805F08D3F9
:10BE2000B3F1804F10D29A0013D403307047002032
:10BE3000EEE71A010430B2F1804F06D29B0108D41C
:10BE40005B00F2D4202070471A46002AFBDB013049
:10BE500070470230704700BF03680246590707D099
:10BE6000D8071DD499072AD55B08012013607047B5
:10BE700099B279B91B0CD9B2A1B11020190701D11F
:10BE800004301B09990712D0D90701D401305B088F
:10BE900013607047D9B241B1180718D10420F0E7F8
:10BEA0000020704718201B0AE8E70820FBE713F082
:10BEB000040F4FEA930106D002300B46E8E79B08D7
:10BEC000022013607047DB0804D120207047DB0894
:10BED0000320DDE70330DBE738B5436C04460D464D
:10BEE0004BB15868B0B102685A6000220123456125
:10BEF000C0E9032338BD21220421FAF7D1F9034612
:10BF000060640028EDD1094B002240F24511084839
:10BF1000F7F7FCFB1C2201212046FAF7C1F90028A3
:10BF2000F1D001220223C0E90123DEE734CC001066
:10BF3000B4CC00102DE9F04FD1F8108085B0156910
:10BF40000E469246A84505DB2A46534645468A4694
:10BF500090461E4605EB0804DAE90113A342B8BF78
:10BF60000131FFF775FE002800F08C8000F1140706
:10BF700007EB840E774505D23B46002243F8042B9D
:10BF80009E45FBD814360AF1140906EB880809EB24
:10BF90008505464569D2A5EB0A030AF1150ACDF8D5
:10BFA00008E0AE46153B039423F00303AA4594BF73
:10BFB0009B464FF0000B824605E0090C2DD1B045A1
:10BFC00007F104074ED956F8041B8DB2002DF4D0AA
:10BFD000CC463C46002301965CF8040B216886B2EF
:10BFE000E6458AB24FEA104005FB06224FEA1141AE
:10BFF0001A4405FB001101EB124192B24FEA1143C2
:10C0000042EA014244F8042BE6D8019E07EB0B02FA
:10C01000536056F8041C090CD1D03B6800224846F6
:10C020003D461C46944602889BB201FB02C202EBCD
:10C03000144243EA024345F8043B50F8043B2C68A1
:10C040004FEA134C8645A3B201FB0C3303EB1243BA
:10C050004FEA134CE7D807EB0B02B04507F1040792
:10C060005360B0D85046DDE902E4002C02DC05E064
:10C07000013C03D05EF8043D002BF9D0046105B00B
:10C08000BDE8F08F0246034B4FF4B1710248F7F759
:10C090003DFB00BF34CC0010B4CC001012F0030301
:10C0A0002DE9F0411446074632D10E46A4102CD09B
:10C0B0003D6C002D35D004F001034FF000086410F2
:10C0C0003BB92868B8B1054604F001036410002BA1
:10C0D000F7D02A4631463846FFF72CFF36B17B6C45
:10C0E000716853F82120326043F8216074B106462C
:10C0F00028680028E7D12A4629463846FFF71AFF64
:10C1000028600546C0F80080DEE73046BDE8F081D3
:10C11000013B0F4A52F823200023FFF7C9FD0646D2
:10C12000C4E701213846FFF793FD054640B10123DE
:10C1300040F27122C0E90432002338640360BAE798
:10C140000246044B40F245110348F7F7DFFA00BFFF
:10C15000B03C011034CC0010B4CC00102DE9F047F5
:10C160000C46904606464FEA62192769A36807EB1A
:10C17000621749687D1C9D4203DD5B0001319D42D1
:10C18000FBDC3046FFF764FD00284DD0B9F1000F0D
:10C1900000F1140C0BDD09F105026346002100EBF0
:10C1A000820243F8041B9342FBD10CEB890C04F18F
:10C1B0001403216918F01F0803EB81012BD0C8F18B
:10C1C0002009E6464FF0000A1A6802FA08F242EA2D
:10C1D0000A024EF8042B53F8042B994222FA09FA6A
:10C1E000F2D80B1B04F11502153B23F00303914217
:10C1F00038BF002304334CF803A0BAF1000F00D17C
:10C200003D46736C6268056153F82210216043F863
:10C210002240BDE8F087ACF1040C53F8042B99429E
:10C220004CF8042FF9D8EBE70246034B4FF4EF71BB
:10C230000248F7F76BFA00BF34CC0010B4CC001002
:10C2400084460B690069C01A16D10CF1140C143124
:10C250000CEB830201EB830310B401E0944508D298
:10C2600052F8044D53F8041D8C42F7D005D24FF01C
:10C27000FF305DF8044B7047704701205DF8044BB8
:10C28000704700BF2DE9F04F136983B00E698946EE
:10C290001546F61A002E14D101F1140702F114010B
:10C2A00001EB830107EB830301E09F427ED253F849
:10C2B000044D51F8042D9442F7D080F0828001267D
:10C2C00003E0FCDB00260D4691466968FFF7C0FCE1
:10C2D000002800F083802F6905F1140B05F110028E
:10C2E000D9F8103009F1140500F114010BEB870E99
:10C2F000944605EB830A88460023C660CDF804B057
:10C3000055F8046B5CF8042F1FFA86FBAA4594B21B
:10C31000A4EB0B041C444FEA1643C3EB124303EB9C
:10C320002443A4B244EA03444FEA234348F8044BAD
:10C33000E6D8AAEB090209F11509DDF804B0264692
:10C34000153A22F00302CA4538BF00220BEB02085F
:10C350000A4408F10408141DC645454635D9A1EB29
:10C360000B0105EB010C55F8042B1FFA82F9D618C6
:10C37000120CAE454B44B6B202EB234246EA0246EB
:10C380004FEA2243CCF80060EBD80EF1FF33A3EB69
:10C39000080323F00303234426B953F8042D013F77
:10C3A000002AFAD0076103B0BDE8F08F0021FFF743
:10C3B0004FFC60B101220023C0E9042303B0BDE8B3
:10C3C000F08F2B464D4699467FE71346E4E7024639
:10C3D000064B40F237210648F7F798F90246034B1F
:10C3E00040F245210248F7F791F900BF34CC001024
:10C3F000B4CC0010114B0B40A3F15073002B03DDA4
:10C4000000221946104670475B42B3F1A07F4FEA05
:10C41000235106DA4FF4002300220B41104619463F
:10C42000704714391E2904DD0122002310461946E5
:10C4300070474FF00042CA40F7E700BF0000F07FAE
:10C440002DE9F843066900F1140808EB860656F852
:10C45000047CA6F104093846FFF7D4FCC0F12003A0
:10C460000A280B6034DDC845A0F10B021AD256F839
:10C47000083C2AB3C2F120009740A6F1080123FA34
:10C4800000F49340884547EA040747F07F5545F498
:10C49000401519D256F80C2C2946C24013431846B1
:10C4A000BDE8F8830B280AD007FA02F2002342F015
:10C4B0007F55184645F440152946BDE8F88300230A
:10C4C00047F07F5545F4401518462946BDE8F883E6
:10C4D000C0F10B03C84527FA03F242F07F5545F43B
:10C4E000401509D3002200F11503294607FA03F38A
:10C4F00013431846BDE8F88356F8082CDA40F2E7F3
:10C50000F0B5012183B016461F46FFF7A1FB054693
:10C51000002847D0C7F30A54C7F313030CB143F400
:10C520008013002E019315D101A8FFF795FC019A05
:10C53000012100F120036A6129611CB3A4F2334494
:10C54000C3F135001C44089B1C60099B18602846F9
:10C5500003B0F0BD68460096FFF77EFC0346DDE9B8
:10C56000001230B1C0F1200002FA00F0DA400143BD
:10C570000192002AC5E905120CBF0121022129619F
:10C58000002CDBD1A3F2324305EB81020898036053
:10C590001069FFF737FC099BC0EB41101860284673
:10C5A00003B0F0BD0246034B40F20F310248F7F7EB
:10C5B000ADF800BF34CC0010B4CC00102DE9F0432E
:10C5C00083B0884681466946FFF73AFF04460D4628
:10C5D000404601A9FFF734FFD9F81030D8F81020F1
:10C5E000A3EB020CDDE900329B1A03EB4C13002B8A
:10C5F0000BDD05EB03573D4602460B462046294618
:10C60000F5F7ECF903B0BDE8F083C3EB033301EBBE
:10C6100003594946F0E700BF013902F114034FEA1C
:10C62000611C116903EB81010CF1010C8B4200EBE1
:10C630008C0C16D210B5A0F1040E53F8044B99429D
:10C640004EF8044FF9D8891A0430153921F0030146
:10C650000844844504D9002340F8043B8445FBD8B2
:10C6600010BD844505D9002340F8043B8445FBD820
:10C670007047704703694A111430934209DA00EB9E
:10C68000830302E053F8042DAAB98342FAD80020AC
:10C69000704700EB8203F8DD11F01F01F5D010B4F4
:10C6A00050F8224024FA01F28A40944209D0012035
:10C6B0005DF8044B70470120704753F8042D002AA1
:10C6C000F5D18342F9D800205DF8044B704700BFD4
:10C6D000B1F90C3070B50C46990796B007D504F146
:10C6E000430301222360C4E9043216B070BDB4F9DB
:10C6F0000E10054600292BDB6A4600F0BFF8002823
:10C7000024DB4FF480612846019EF9F711FEB4F94D
:10C710000C30A0B306F4704643F080034FF48062FF
:10C720002060B6F5005F2061A381626135D1B4F964
:10C730000E10284600F0B8F8B4F90C3068B323F0B6
:10C7400003034FF4006243F0010314E0B4F90C302A
:10C7500013F0800F28460CBF4FF480654025294612
:10C76000F9F7E6FDB4F90C3048B143F0800300223C
:10C770002060C4E904051343A38116B070BD9A0577
:10C78000B3D423F0030304F14302012143F0020375
:10C790002260C4E90421A381A7E74FF40062EAE71D
:10C7A000034649B1FF2A02D801200A7070478A2245
:10C7B0004FF0FF301A6070470846704770B5002987
:10C7C0003FD006460C4610B1436B002B3CD0636E45
:10C7D000B4F90C20DD0732D4900538D52146304617
:10C7E000FDF7D2FDE36A054633B1E169304698476B
:10C7F0000028B8BF4FF0FF35A3891A0639D4216B42
:10C8000041B104F14003994202D03046FAF706FDE7
:10C8100000232363616C21B13046FAF7FFFC00234B
:10C820006364FDF781FF636E0022DB07A2811CD5E4
:10C83000A06DFAF7EDFBFDF77DFF284670BD002ADD
:10C84000CCD10025284670BDFDF750FFBFE7A06D95
:10C85000FAF7E0FBB4F90C30002BBFD1636ED907B7
:10C86000EFD4A06DFAF7D8FBEBE7A06DFAF7D4FB95
:10C87000DEE721693046FAF7D1FCC0E770B50C4617
:10C880000346084D0026204611461C462E60F6F74A
:10C890002FFF431C00D070BD2B68002BFBD0236002
:10C8A00070BD00BF3026002038B50022064D04467A
:10C8B00008462A60F6F720FF431C00D038BD2B68DD
:10C8C000002BFBD0236038BD30260020F8B500BF18
:10C8D0005FF800F0350200205FF800F00D0B00203B
:10C8E0005FF800F0950A00205FF800F09910002032
:10C8F0005FF800F0E91100205FF800F06D02002001
:10C900005FF800F0491100205FF800F06D0A002088
:10C910005FF800F0C90A00205FF800F0CD010020A8
:10C920005FF800F0110100205FF800F0A90200207C
:10C930008D17001001170010351700102118001076
:10C940006D17001085160010B51700107116001035
:10C95000AD090010B9170010710D0010D1160010AC
:10C96000A11700105117001089050010B105001023
:08C97000354100101102001016
:10C9780048583731312072656164790046697273AD
:10C9880074207261772072656164696E673A202548
:10C998006C640A0053656E64206E756D6265722062
:10C9A8006F662073616D706C65733A0025640000D2
:10C9B800436F6C6C656374696E67202564207361CE
:10C9C8006D706C65732E2E2E0A00000074696D65FB
:10C9D8005F6D732C7261772C66696C74657265641F
:10C9E80000000000446F6E6500000000256C752C87
:10C9F800256C642C252E32660A0000000A2A2A2A91
:10CA08002050414E4943202A2A2A0A004E6F20739B
:10CA180070696E6C6F636B732061726520617661FB
:10CA2800696C61626C6500004E6F207573657220D9
:10CA3800495251732061726520617661696C616247
:10CA48006C650000486172647761726520616C6191
:10CA5800726D20256420616C726561647920636C55
:10CA680061696D65640000004861726420617373D8
:10CA7800657274004F7574206F66206D656D6F72F6
:10CA88007900000052656C6561736500626F6F74B0
:10CA9800325F77323571303830000000302E310087
:10CAA800322E322E300000007069636F32000000B1
:10CAB80048573134000000004A756E203134203266
:10CAC80030323600666E692B00000000666E690021
:10CAD8006E616E00666E692D000000002C20667580
:10CAE8006E6374696F6E3A200000000061737365AD
:10CAF8007274696F6E2022257322206661696C65E5
:10CB0800643A2066696C6520222573222C206C69A2
:10CB18006E65202564257325730A0000555342204D
:10CB2800737464696E202F207374646F75740000C9
:10CB3800526173706265727279205069000000005A
:10CB48005069636F00000000426F617264204344C3
:10CB5800430000005265736574000000556E6861FB
:10CB68006E646C65642049525120307825780A003B
:10CB7800657020253032582077617320616C7265AA
:10CB880061647920617661696C61626C650000009E
:10CB980043616E277420636F6E74696E75652078C3
:10CBA800666572206F6E20696E61637469766520B0
:10CBB800657020253032580065256C64000000003F
:10CBC8002E0000006E660000696E6974790000002E
:10CBD800616E00004C435F434F4C4C41544500008C
:10CBE8004C435F4354595045000000004C435F4D8F
:10CBF8004F4E4554415259004C435F4E554D455296
:10CC0800494300004C435F54494D45004C435F4D38
:10CC180045535341474553004A495300534A4953E2
:10CC2800000000004555434A5000000042616C6C0A
:10CC38006F63207375636365656465640000000055
:10CC48002F566F6C756D65732F646174612F6A65FB
:10CC58006E6B696E732F776F726B73706163652F7C
:10CC6800474E552D746F6F6C636861696E2F6172E2
:10CC78006D2D31342F7372632F6E65776C69622D59
:10CC880063796777696E2F6E65776C69622F6C6957
:10CC980062632F7374646C69622F6764746F612DAB
:10CCA8006765746865782E63000000002F566F6C06
:10CCB800756D65732F646174612F6A656E6B696E3B
:10CCC800732F776F726B73706163652F474E552DA5
:10CCD800746F6F6C636861696E2F61726D2D31348A
:10CCE8002F7372632F6E65776C69622D637967772E
:10CCF800696E2F6E65776C69622F6C6962632F733A
:10CD080074646C69622F6D707265632E6300000035
:10CD1800FFFFFFFFFFFFFF7F06005250D3F0754271
:10CD28008CCA001006005250E182887F94CA001015
:10CD3800060052503ABCA911A4CA0010060052506D
:10CD4800ABB36053A8CA001006005250BBFF3CB6F4
:10CD5800B0CA001006005250861C0302B8CA001060
:10CD6800060052505422A29DC0CA0010050052501D
:10CD7800DE65F468F0590110000000000000F03F83
:10CD8800000000000000244000000000000059409E
:10CD98000000000000408F40000000000088C340F1
:10CDA80000000000006AF8400000000080842E4166
:10CDB80000000000D01263410000000084D79741B2
:10CDC8000000000065CDCD410D0A00000000000004
:10CDD800B13B001000000000B53B0010C13B001043
:10CDE800ED3B0010E93B0010000000000A000000C5
:10CDF80000000306A6000800020002009C001400C0
:10CE0800030057494E55534200000000000000003F
:10CE1800000080000400010028004400650076003E
:10CE280069006300650049006E00740065007200C7
:10CE38006600610063006500470055004900440032
:10CE480000004E007B0062006300370033003900A9
:10CE58003800630031002D003700330063006400A0
:10CE68002D0034006300620037002D0039003800BF
:10CE7800620038002D0039003100330061003800AD
:10CE880066006300610037006200660036007D00BE
:10CE980000000000050F2100011C100500DF60DD07
:10CEA800D88945C74C9CD2659D9E648A9F00000323
:10CEB80006A60001000000000600525053B4F4A179
:10CEC80024CB00100000000038CB001048CB001025
:10CED8005C88002050CB00105CCB00100902540085
:10CEE800030100807D080B00020202000009040013
:10CEF80000010202000405240020010524010001AC
:10CF08000424020605240600010705810308001011
:10CF180009040100020A000000070502024000009F
:10CF2800070582024000000904020000FF00010515
:10CF380012011002EF0201408A2E090000010102CD
:10CF48000301000000000000E954001059550010CA
:10CF580089550010D55500109556001055570010EA
:10CF680000000000000000004D580010A9580010F3
:10CF7800C5580010E9580010453C0010DD59001054
:10CF8800000000000A000100020003000400050080
:10CF980006000700080009000A000B000C000D003D
:10CFA8000E000F001000000034000000CEFBFFFF51
:10CFB800CB03000001000000000000003500000065
:10CFC800CEFBFFFFCB0300000100000000000000C3
:10CFD800BC89D897B2D29C3C33A7A8D523F6493947
:10CFE8003DA7F444FD0FA5329D978CCF08BA5B2569
:10CFF800436FAC64280668110020202020202020E0
:10D0080020202828282828202020202020202020F0
:10D018002020202020202020208810101010101000
:10D02800101010101010101010040404040404044C
:10D0380004040410101010101010414141414141E6
:10D0480001010101010101010101010101010101C8
:10D0580001010101101010101010424242424242D8
:10D068000202020202020202020202020202020298
:10D078000202020210101010200000000000000040
:10D088000000000000000000000000000000000098
:10D098000000000000000000000000000000000088
:10D0A8000000000000000000000000000000000078
:10D0B8000000000000000000000000000000000068
:10D0C8000000000000000000000000000000000058
:10D0D8000000000000000000000000000000000048
:10D0E8000000000000000000000000000000000038
:10D0F8000000000000000000000000000C5F104E5F
:10D10800154E2A4E314E364E3C4E3F4E424E564EEE
:10D11800584E824E854E6B8C8A4E12820D5F8E4E13
:10D128009E4E9F4EA04EA24EB04EB34EB64ECE4E21
:10D13800CD4EC44EC64EC24ED74EDE4EED4EDF4EDD
:10D14800F74E094F5A4F304F5B4F5D4F574F474F80
:10D15800764F884F8F4F984F7B4F694F704F914F45
:10D168006F4F864F964F1851D44FDF4FCE4FD84F41
:10D17800DB4FD14FDA4FD04FE44FE54F1A502850CC
:10D1880014502A50255005501C4FF64F2150295055
:10D198002C50FE4FEF4F1150065043504750036735
:10D1A8005550505048505A5056506C5078508050F6
:10D1B8009A508550B450B250C950CA50B350C2505A
:10D1C800D650DE50E550ED50E350EE50F950F55092
:10D1D8000951015102511651155114511A51215139
:10D1E8003A5137513C513B513F51405152514C51AA
:10D1F80054516251F87A69516A516E518051825185
:10D20800D8568C5189518F519151935195519651BE
:10D21800A451A651A251A951AA51AB51B351B15130
:10D22800B251B051B551BD51C551C951DB51E05151
:10D238005586E951ED51F051F551FE5104520B520A
:10D2480014520E5227522A522E52335239524F52EA
:10D2580044524B524C525E5254526A527452695262
:10D2680073527F527D528D5294529252715288520B
:10D278009152A88FA78FAC52AD52BC52B552C15231
:10D28800CD52D752DE52E352E652ED98E052F352B5
:10D29800F552F852F9520653085338750D53105386
:10D2A8000F5315531A5323532F53315333533853B2
:10D2B800405346534553174E49534D53D6515E5329
:10D2C80069536E5318597B53775382539653A0531F
:10D2D800A653A553AE53B053B653C353127CD99635
:10D2E800DF53FC66EE71EE53E853ED53FA530154E5
:10D2F8003D5440542C542D543C542E5436542954E7
:10D308001D544E548F5475548E545F547154775431
:10D31800705492547B548054765484549054865458
:10D32800C754A254B854A554AC54C454C854A854AF
:10D33800AB54C254A454BE54BC54D854E554E65417
:10D348000F551455FD54EE54ED54FA54E254395522
:10D35800405563554C552E555C55455556555755B2
:10D36800385533555D5599558055AF548A559F5555
:10D378007B557E5598559E55AE557C558355A95578
:10D388008755A855DA55C555DF55C455DC55E455BC
:10D39800D4551456F7551656FE55FD551B56F955D6
:10D3A8004E565056DF7134563656325638566B56EE
:10D3B80064562F566C566A56865680568A56A0561C
:10D3C80094568F56A556AE56B656B456C256BC5647
:10D3D800C156C356C056C856CE56D156D356D75640
:10D3E800EE56F9560057FF560457095708570B577A
:10D3F8000D57135718571657C7551C5726573757E1
:10D4080038574E573B5740574F576957C05788575B
:10D4180061577F5789579357A057B357A457AA57AF
:10D42800B057C357C657D457D257D3570A58D657A9
:10D43800E3570B5819581D587258215862584B58C1
:10D448007058C06B52583D5879588558B9589F58EC
:10D45800AB58BA58DE58BB58B858AE58C558D35808
:10D46800D158D758D958D858E558DC58E458DF5817
:10D47800EF58FA58F958FB58FC58FD5802590A5900
:10D4880010591B59A66825592C592D593259385904
:10D498003E59D27A555950594E595A595859625984
:10D4A800605967596C596959785981599D595E4F26
:10D4B800AB4FA359B259C659E859DC598D59D959B6
:10D4C800DA59255A1F5A115A1C5A095A1A5A405AD7
:10D4D8006C5A495A355A365A625A6A5A9A5ABC5A32
:10D4E800BE5ACB5AC25ABD5AE35AD75AE65AE95AD3
:10D4F800D65AFA5AFB5A0C5B0B5B165B325BD05A56
:10D508002A5B365B3E5B435B455B405B515B555B2F
:10D518005A5B5B5B655B695B705B735B755B785BD8
:10D5280088657A5B805B835BA65BB85BC35BC75B24
:10D53800C95BD45BD05BE45BE65BE25BDE5BE55B2F
:10D54800EB5BF05BF65BF35B055C075C085C0D5C12
:10D55800135C205C225C285C385C395C415C465C6E
:10D568004E5C535C505C4F5C715B6C5C6E5C624EF5
:10D57800765C795C8C5C915C945C9B59AB5CBB5C25
:10D58800B65CBC5CB75CC55CBE5CC75CD95CE95C7E
:10D59800FD5CFA5CED5C8C5DEA5C0B5D155D175D0E
:10D5A8005C5D1F5D1B5D115D145D225D1A5D195D7B
:10D5B800185D4C5D525D4E5D4B5D6C5D735D765DD7
:10D5C800875D845D825DA25D9D5DAC5DAE5DBD5D88
:10D5D800905DB75DBC5DC95DCD5DD35DD25DD65D47
:10D5E800DB5DEB5DF25DF55D0B5E1A5E195E115E4B
:10D5F8001B5E365E375E445E435E405E4E5E575E3F
:10D60800545E5F5E625E645E475E755E765E7A5EFD
:10D61800BC9E7F5EA05EC15EC25EC85ED05ECF5E0D
:10D62800D65EE35EDD5EDA5EDB5EE25EE15EE85E0C
:10D63800E95EEC5EF15EF35EF05EF45EF85EFE5E5F
:10D64800035F095F5D5F5C5F0B5F115F165F295FBA
:10D658002D5F385F415F485F4C5F4E5F2F5F515FC2
:10D66800565F575F595F615F6D5F735F775F835F79
:10D67800825F7F5F8A5F885F915F875F9E5F995F48
:10D68800985FA05FA85FAD5FBC5FD65FFB5FE45F9C
:10D69800F85FF15FDD5FB360FF5F21606060196074
:10D6A800106029600E6031601B6015602B60266079
:10D6B8000F603A605A6041606A6077605F604A60F4
:10D6C80046604D6063604360646042606C606B609C
:10D6D800596081608D60E76083609A6084609B60B8
:10D6E800966097609260A7608B60E160B860E060C8
:10D6F800D360B460F05FBD60C660B560D8604D614E
:10D7080015610661F660F7600061F460FA60036114
:10D718002161FB60F1600D610E6147613E61286126
:10D7280027614A613F613C612C6134613D6142611E
:10D73800446173617761586159615A616B617461C1
:10D748006F61656171615F615D6153617561996167
:10D7580096618761AC6194619A618A619161AB61FC
:10D76800AE61CC61CA61C961F761C861C361C66154
:10D77800BA61CB61797FCD61E661E361F661FA61F7
:10D78800F461FF61FD61FC61FE610062086209628B
:10D798000D620C6214621B621E6221622A622E6292
:10D7A80030623262336241624E625E6263625B6221
:10D7B800606268627C62826289627E62926293625F
:10D7C8009662D46283629462D762D162BB62CF628E
:10D7D800FF62C662D464C862DC62CC62CA62C2629A
:10D7E800C7629B62C9620C63EE62F16227630263DF
:10D7F8000863EF62F56250633E634D631C644F63D8
:10D8080096638E638063AB637663A3638F63896378
:10D818009F63B5636B636963BE63E963C063C66393
:10D82800E363C963D263F663C4631664346406644D
:10D838001364266436641D65176428640F6467647E
:10D848006F6476644E642A6595649364A564A964DC
:10D858008864BC64DA64D264C564C764BB64D86491
:10D86800C264F164E7640982E064E164AC62E36481
:10D87800EF642C65F664F464F264FA640065FD6490
:10D8880018651C650565246523652B653465356554
:10D898003765366538654B754865566555654D6518
:10D8A80058655E655D6572657865826583658A8B96
:10D8B8009B659F65AB65B765C365C665C165C4658E
:10D8C800CC65D265DB65D965E065E165F1657267B0
:10D8D8000A660366FB6573673566366634661C66DA
:10D8E8004F664466496641665E665D66646667665D
:10D8F80068665F6662667066836688668E66896635
:10D90800846698669D66C166B966C966BE66BC6669
:10D91800C466B866D666DA66E0663F66E666E966B5
:10D92800F066F566F7660F6716671E67266727674E
:10D9380038972E673F6736674167386737674667A6
:10D948005E67606759676367646789677067A96717
:10D958007C676A678C678B67A667A1678567B76707
:10D96800EF67B467EC67B367E967B867E467DE67D2
:10D97800DD67E267EE67B967CE67C667E7679C6AE7
:10D988001E684668296840684D6832684E68B36802
:10D998002B685968636877687F689F688F68AD6887
:10D9A80094689D689B688368AE6AB9687468B5684E
:10D9B800A068BA680F698D687E680169CA680869D5
:10D9C800D86822692669E1680C69CD68D468E76877
:10D9D800D568366912690469D768E3682569F96802
:10D9E800E068EF6828692A691A6923692169C668A5
:10D9F800796977695C6978696B6954697E696E6968
:10DA0800396974693D695969306961695E695D6937
:10DA180081696A69B269AE69D069BF69C169D36948
:10DA2800BE69CE69E85BCA69DD69BB69C369A76974
:10DA38002E6A9169A0699C699569B469DE69E8698B
:10DA4800026A1B6AFF690A6BF969F269E769056A84
:10DA5800B1691E6AED69146AEB690A6A126AC16AD9
:10DA6800236A136A446A0C6A726A366A786A476A71
:10DA7800626A596A666A486A386A226A906A8D6A6E
:10DA8800A06A846AA26AA36A976A1786BB6AC36A8D
:10DA9800C26AB86AB36AAC6ADE6AD16ADF6AAA6A1D
:10DAA800DA6AEA6AFB6A056B1686FA6A126B166B03
:10DAB800319B1F6B386B376BDC76396BEE98476B95
:10DAC800436B496B506B596B546B5B6B5F6B616B52
:10DAD800786B796B7F6B806B846B836B8D6B986BCA
:10DAE800956B9E6BA46BAA6BAB6BAF6BB26BB16B98
:10DAF800B36BB76BBC6BC66BCB6BD36BDF6BEC6B71
:10DB0800EB6BF36BEF6BBE9E086C136C146C1B6CA9
:10DB1800246C236C5E6C556C626C6A6C826C8D6CC8
:10DB28009A6C816C9B6C7E6C686C736C926C906C5C
:10DB3800C46CF16CD36CBD6CD76CC56CDD6CAE6C11
:10DB4800B16CBE6CBA6CDB6CEF6CD96CEA6C1F6D97
:10DB58004D88366D2B6D3D6D386D196D356D336D96
:10DB6800126D0C6D636D936D646D5A6D796D596DA1
:10DB78008E6D956DE46F856DF96D156E0A6EB56DD8
:10DB8800C76DE66DB86DC66DEC6DDE6DCC6DE86D7C
:10DB9800D26DC56DFA6DD96DE46DD56DEA6DEE6D1A
:10DBA8002D6E6E6E2E6E196E726E5F6E3E6E236EE9
:10DBB8006B6E2B6E766E4D6E1F6E436E3A6E4E6EAA
:10DBC800246EFF6E1D6E386E826EAA6E986EC96ED8
:10DBD800B76ED36EBD6EAF6EC46EB26ED46ED56EB8
:10DBE8008F6EA56EC26E9F6E416F116F4C70EC6E9A
:10DBF800F86EFE6E3F6FF26E316FEF6E326FCC6E65
:10DC08003E6F136FF76E866F7A6F786F816F806FD4
:10DC18006F6F5B6FF36F6D6F826F7C6F586F8E6F76
:10DC2800916FC26F666FB36FA36FA16FA46FB96F67
:10DC3800C66FAA6FDF6FD56FEC6FD46FD86FF16FB7
:10DC4800EE6FDB6F09700B70FA6F117001700F7057
:10DC5800FE6F1B701A70746F1D7018701F70307013
:10DC68003E7032705170637099709270AF70F1703D
:10DC7800AC70B870B370AE70DF70CB70DD70D970F7
:10DC88000971FD701C711971657155718871667122
:10DC980062714C7156716C718F71FB7184719571E1
:10DCA800A871AC71D771B971BE71D271C971D471D3
:10DCB800CE71E071EC71E771F571FC71F971FF716A
:10DCC8000D7210721B7228722D722C7230723272A1
:10DCD8003B723C723F72407246724B725872747259
:10DCE8007E7282728172877292729672A272A77223
:10DCF800B972B272C372C672C472CE72D272E27252
:10DD0800E072E172F972F7720F5017730A731C739D
:10DD180016731D7334732F73297325733E734E73F3
:10DD28004F73D89E57736A7368737073787375737B
:10DD38007B737A73C873B373CE73BB73C073E573A5
:10DD4800EE73DE73A27405746F742574F8733274FD
:10DD58003A7455743F745F74597441745C7469748F
:10DD6800707463746A7476747E748B749E74A7740A
:10DD7800CA74CF74D474F173E074E374E774E9740B
:10DD8800EE74F274F074F174F874F7740475037532
:10DD980005750C750E750D75157513751E7526753B
:10DDA8002C753C7544754D754A7549755B75467596
:10DDB8005A756975647567756B756D75787576755F
:10DDC8008675877574758A758975827594759A755F
:10DDD8009D75A575A375C275B375C375B575BD7504
:10DDE800B875BC75B175CD75CA75D275D975E37539
:10DDF800DE75FE75FF75FC750176F075FA75F275BE
:10DE0800F3750B760D7609761F76277620762176C0
:10DE180022762476347630763B7647764876467690
:10DE28005C76587661766276687669766A76677621
:10DE38006C7670767276767678767C76807683766F
:10DE480088768B768E769676937699769A76B0766D
:10DE5800B476B876B976BA76C276CD76D676D276F4
:10DE6800DE76E176E576E776EA762F86FB76087742
:10DE780007770477297724771E77257726771B7706
:10DE88003777387747775A7768776B775B7765772F
:10DE98007F777E7779778E778B779177A0779E7764
:10DEA800B077B677B977BF77BC77BD77BB77C777D9
:10DEB800CD77D777DA77DC77E377EE77FC770C786E
:10DEC8001278267920782A7945788E787478867839
:10DED8007C789A788C78A378B578AA78AF78D17856
:10DEE800C678CB78D478BE78BC78C578CA78EC7810
:10DEF800E778DA78FD78F478077912791179197961
:10DF08002C792B794079607957795F795A795579E5
:10DF180053797A797F798A799D79A7794B9FAA79FC
:10DF2800AE79B379B979BA79C979D579E779EC79DC
:10DF3800E179E379087A0D7A187A197A207A1F7AC2
:10DF48008079317A3B7A3E7A377A437A577A497AB6
:10DF5800617A627A697A9D9F707A797A7D7A887A0D
:10DF6800977A957A987A967AA97AC87AB07AB67AA8
:10DF7800C57AC47ABF7A8390C77ACA7ACD7ACF7ABB
:10DF8800D57AD37AD97ADA7ADD7AE17AE27AE67AD8
:10DF9800ED7AF07A027B0F7B0A7B067B337B187B5A
:10DFA800197B1E7B357B287B367B507B7A7B047BF9
:10DFB8004D7B0B7B4C7B457B757B657B747B677BE3
:10DFC800707B717B6C7B6E7B9D7B987B9F7B8D7B55
:10DFD8009C7B9A7B8B7B927B8F7B5D7B997BCB7BBE
:10DFE800C17BCC7BCF7BB47BC67BDD7BE97B117CA3
:10DFF800147CE67BE57B607C007C077C137CF37BF0
:10E00800F77B177C0D7CF67B237C277C2A7C1F7C86
:10E01800377C2B7C3D7C4C7C437C547C4F7C407C07
:10E02800507C587C5F7C647C567C657C6C7C757C01
:10E03800837C907CA47CAD7CA27CAB7CA17CA87CFE
:10E04800B37CB27CB17CAE7CB97CBD7CC07CC57C29
:10E05800C27CD87CD27CDC7CE27C3B9BEF7CF27C73
:10E06800F47CF67CFA7C067D027D1C7D157D0A7D9C
:10E07800457D4B7D2E7D327D3F7D357D467D737D93
:10E08800567D4E7D727D687D6E7D4F7D637D937D6F
:10E09800897D5B7D8F7D7D7D9B7DBA7DAE7DA37DFA
:10E0A800B57DC77DBD7DAB7D3D7EA27DAF7DDC7D31
:10E0B800B87D9F7DB07DD87DDD7DE47DDE7DFB7DF7
:10E0C800F27DE17D057E0A7E237E217E127E317EF1
:10E0D8001F7E097E0B7E227E467E667E3B7E357ED7
:10E0E800397E437E377E327E3A7E677E5D7E567EFF
:10E0F8005E7E597E5A7E797E6A7E697E7C7E7B7ED4
:10E10800837ED57D7D7EAE8F7F7E887E897E8C7E68
:10E11800927E907E937E947E967E8E7E9B7E9C7E63
:10E12800387F3A7F457F4C7F4D7F4E7F507F517FB0
:10E13800557F547F587F5F7F607F687F697F677FE7
:10E14800787F827F867F837F887F877F8C7F947F9D
:10E158009E7F9D7F9A7FA37FAF7FB27FB97FAE7F7F
:10E16800B67FB87F718BC57FC67FCA7FD57FD47FC6
:10E17800E17FE67FE97FF37FF97FDC980680048002
:10E188000B801280188019801C80218028803F8095
:10E198003B804A804680528058805A805F806280E7
:10E1A8006880738072807080768079807D807F80BF
:10E1B8008480868085809B8093809A80AD809051F2
:10E1C800AC80DB80E580D980DD80C480DA80D680B1
:10E1D8000981EF80F1801B81298123812F814B8167
:10E1E8008B9646813E8153815181FC8071816E817D
:10E1F800658166817481838188818A818081828139
:10E20800A0819581A481A3815F819381A981B08137
:10E21800B581BE81B881BD81C081C281BA81C98101
:10E22800CD81D181D981D881C881DA81DF81E0812E
:10E23800E781FA81FB81FE810182028205820782E1
:10E248000A820D821082168229822B8238823382BA
:10E258004082598258825D825A825F8264826282D9
:10E2680068826A826B822E827182778278827E824D
:10E278008D829282AB829F82BB82AC82E182E382F2
:10E28800DF82D282F482F382FA8293830383FB8251
:10E29800F982DE820683DC820983D982358334835E
:10E2A80016833283318340833983508345832F8398
:10E2B8002B831783188385839A83AA839F83A283DA
:10E2C800968323838E8387838A837C83B583738332
:10E2D8007583A0838983A883F4831384EB83CE8317
:10E2E800FD830384D8830B84C183F7830784E08389
:10E2F800F2830D8422842084BD8338840685FB83C1
:10E308006D842A843C845A85848477846B84AD84A4
:10E318006E848284698446842C846F8479843584ED
:10E32800CA846284B984BF849F84D984CD84BB8421
:10E33800DA84D084C184C684D684A1842185FF84EC
:10E34800F484178518852C851F8515851485FC840C
:10E358004085638558854885418502864B85558566
:10E368008085A485888591858A85A8856D8594850D
:10E378009B85EA8587859C8577857E859085C98577
:10E38800BA85CF85B985D085D585DD85E585DC85D8
:10E39800F9850A8613860B86FE85FA850686228607
:10E3A8001A8630863F864D86554E54865F86678628
:10E3B80071869386A386A986AA868B868C86B6865E
:10E3C800AF86C486C686B086C9862388AB86D486BF
:10E3D800DE86E986EC86DF86DB86EF86128706878F
:10E3E800088700870387FB86118709870D87F986C9
:10E3F8000A8734873F8737873B87258729871A8786
:10E4080060875F8778874C874E87748757876887C8
:10E418006E875987538763876A870588A2879F878E
:10E428008287AF87CB87BD87C087D087D696AB87D3
:10E43800C487B387C787C687BB87EF87F287E0871C
:10E448000F880D88FE87F687F7870E88D287118890
:10E45800168815882288218831883688398827883F
:10E468003B8844884288528859885E8862886B88CD
:10E4780081887E889E8875887D88B588728882881C
:10E4880097889288AE889988A2888D88A488B08851
:10E49800BF88B188C388C488D488D888D988DD88DB
:10E4A800F9880289FC88F488E888F28804890C894C
:10E4B8000A89138943891E8925892A892B894189D3
:10E4C80044893B89368938894C891D8960895E89E8
:10E4D800668964896D896A896F89748977897E8973
:10E4E800838988898A8993899889A189A989A6892C
:10E4F800AC89AF89B289BA89BD89BF89C089DA89EF
:10E50800DC89DD89E789F489F889038A168A108A03
:10E518000C8A1B8A1D8A258A368A418A5B8A528A16
:10E52800468A488A7C8A6D8A6C8A628A858A828A47
:10E53800848AA88AA18A918AA58AA68A9A8AA38A9D
:10E54800C48ACD8AC28ADA8AEB8AF38AE78AE48A9D
:10E55800F18A148BE08AE28AF78ADE8ADB8A0C8BDE
:10E56800078B1A8BE18A168B108B178B208B338BBA
:10E57800AB97268B2B8B3E8B288B418B4C8B4F8BF1
:10E588004E8B498B568B5B8B5A8B6B8B5F8B6C8B53
:10E598006F8B748B7D8B808B8C8B8E8B928B938BFC
:10E5A800968B998B9A8B3A8C418C3F8C488C4C8CEF
:10E5B8004E8C508C558C628C6C8C788C7A8C828CBE
:10E5C800898C858C8A8C8D8C8E8C948C7C8C988C88
:10E5D8001D62AD8CAA8CBD8CB28CB38CAE8CB68C03
:10E5E800C88CC18CE48CE38CDA8CFD8CFA8CFB8CA7
:10E5F800048D058D0A8D078D0F8D0D8D108D4E9F05
:10E60800138DCD8C148D168D678D6D8D718D738DD9
:10E61800818D998DC28DBE8DBA8DCF8DDA8DD68DB7
:10E62800CC8DDB8DCB8DEA8DEB8DDF8DE38DFC8D75
:10E63800088E098EFF8D1D8E1E8E108E1F8E428EA7
:10E64800358E308E348E4A8E478E498E4C8E508E43
:10E65800488E598E648E608E2A8E638E558E768E85
:10E66800728E7C8E818E878E858E848E8B8E8A8E1E
:10E67800938E918E948E998EAA8EA18EAC8EB08E2A
:10E68800C68EB18EBE8EC58EC88ECB8EDB8EE38EC7
:10E69800FC8EFB8EEB8EFE8E0A8F058F158F128FE8
:10E6A800198F138F1C8F1F8F1B8F0C8F268F338F03
:10E6B8003B8F398F458F428F3E8F4C8F498F468FC6
:10E6C8004E8F578F5C8F628F638F648F9C8F9F8F65
:10E6D800A38FAD8FAF8FB78FDA8FE58FE28FEA8F79
:10E6E800EF8F8790F48F0590F98FFA8F119015901E
:10E6F80021900D901E9016900B9027903690359093
:10E708003990F88F4F905090519052900E904990B8
:10E718003E90569058905E9068906F907690A8962C
:10E72800729082907D90819080908A9089908F904D
:10E73800A890AF90B190B590E290E4904862DB90D9
:10E74800029112911991329130914A9156915891B2
:10E75800639165916991739172918B91899182917D
:10E76800A291AB91AF91AA91B591B491BA91C09190
:10E77800C191C991CB91D091D691DF91E191DB9173
:10E78800FC91F591F6911E92FF9114922C9215929C
:10E7980011925E925792459249926492489295924C
:10E7A8003F924B9250929C92969293929B925A923D
:10E7B800CF92B992B792E9920F93FA9244932E931B
:10E7C800199322931A9323933A9335933B935C932B
:10E7D80060937C936E935693B093AC93AD9394935C
:10E7E800B993D693D793E893E593D893C393DD93DE
:10E7F800D093C893E4931A941494139403940794AD
:10E80800109436942B94359421943A9441945294CC
:10E8180044945B94609462945E946A942992709490
:10E82800759477947D945A947C947E9481947F9483
:10E83800829587958A959495969598959995A0959A
:10E84800A895A795AD95BC95BB95B995BE95CA9564
:10E85800F66FC395CD95CC95D595D495D695DC9581
:10E86800E195E595E295219628962E962F96429663
:10E878004C964F964B9677965C965E965D965F960D
:10E88800669672966C968D96989695969796AA9691
:10E89800A796B196B296B096B496B696B896B9962B
:10E8A800CE96CB96C996CD964D89DC960D97D59682
:10E8B800F99604970697089713970E9711970F974D
:10E8C8001697199724972A97309739973D973E9727
:10E8D800449746974897429749975C9760976497FB
:10E8E80066976897D2526B977197799785977C97B7
:10E8F80081977A9786978B978F9790979C97A897E9
:10E90800A697A397B397B497C397C697C897CB977B
:10E91800DC97ED974F9FF297DF7AF697F5970F9868
:10E928000C9838982498219837983D9846984F988D
:10E938004B986B986F987098719874987398AA9878
:10E94800AF98B198B698C498C398C698E998EB98C8
:10E958000399099912991499189921991D991E9941
:10E96800249920992C992E993D993E994299499933
:10E97800459950994B99519952994C99559997990C
:10E988009899A599AD99AE99BC99DF99DB99DD99CC
:10E99800D899D199ED99EE99F199F299FB99F8994D
:10E9A800019A0F9A059AE299199A2B9A379A459AD9
:10E9B800429A409A439A3E9A559A4D9A5B9A579A28
:10E9C8005F9A629A659A649A699A6B9A6A9AAD9AFA
:10E9D800B09ABC9AC09ACF9AD19AD39AD49ADE9A0E
:10E9E800DF9AE29AE39AE69AEF9AEB9AEE9AF49A09
:10E9F800F19AF79AFB9A069B189B1A9B1F9B229BDE
:10EA0800239B259B279B289B299B2A9B2E9B2F9BDF
:10EA1800329B449B439B4F9B4D9B4E9B519B589BCA
:10EA2800749B939B839B919B969B979B9F9BA09B7F
:10EA3800A89BB49BC09BCA9BB99BC69BCF9BD19BF1
:10EA4800D29BE39BE29BE49BD49BE19B3A9CF29B89
:10EA5800F19BF09B159C149C099C139C0C9C069C98
:10EA6800089C129C0A9C049C2E9C1B9C259C249C04
:10EA7800219C309C479C329C469C3E9C5A9C609CA6
:10EA8800679C769C789CE79CEC9CF09C099D089D73
:10EA9800EB9C039D069D2A9D269DAF9D239D1F9D52
:10EAA800449D159D129D419D3F9D3E9D469D489DBF
:10EAB8005D9D5E9D649D519D509D599D729D899D52
:10EAC800879DAB9D6F9D7A9D9A9DA49DA99DB29DA2
:10EAD800C49DC19DBB9DB89DBA9DC69DCF9DC29D3D
:10EAE800D99DD39DF89DE69DED9DEF9DFD9D1A9EB8
:10EAF8001B9E1E9E759E799E7D9E819E889E8B9EE6
:10EB08008C9E929E959E919E9D9EA59EA99EB89E26
:10EB1800AA9EAD9E6197CC9ECE9ECF9ED09ED49E3F
:10EB2800DC9EDE9EDD9EE09EE59EE89EEF9EF49EC6
:10EB3800F69EF79EF99EFB9EFC9EFD9E079F089FF2
:10EB4800B776159F219F2C9F3E9F4A9F529F549FA7
:10EB5800639F5F9F609F619F669F679F6C9F6A9F8F
:10EB6800779F729F769F959F9C9FA09F2F58C769FC
:10EB780059906474DC5199719C4E1655035A3F960E
:10EB8800C0541B612863F659229075841C83507AFF
:10EB9800AA60E163256EED656684A682F59B93689D
:10EBA8002757A16571629B5BD0597B86F498627D7B
:10EBB800BE7D8E9B16629F7CB788895BB55E0963B4
:10EBC80097664868C7958D974F67E54E0A4F4D4F32
:10EBD8009D4F4950F2563759D459015A095CDF60A4
:10EBE8000F61706113660569BA704F757075FB79AE
:10EBF800AD7DEF7DC3800E846388028B55907A903B
:10EC08003B53954EA54EDF57B280C190EF78004E2A
:10EC1800F158A26E3890327A28838B822F9C41510A
:10EC28007053BD54E154E056FB59155FF298EB6DF3
:10EC3800E4802D8562967096A096FB970B54F3534B
:10EC4800875BCF70BD7FC28FE8966F535C9DBA7AA1
:10EC5800114E9378FC81266E185604551D6B1A8543
:10EC68003B9CE559A953666DDC748F954256914ECD
:10EC78004B90F2964F830C99E153B655305B715F18
:10EC88002066F3660468386CF36C296D5B74C8768B
:10EC98004E7A3498F1825B88608AED92B26DAB75DA
:10ECA800CA76C599A660018B8A8DB2958E69AD53D7
:10ECB8008651125730584459B45BF65E2860A963F0
:10ECC800F463BF6C146F8E7014715971D5713F73F2
:10ECD800017E7682D182978560905B921B9D6958F0
:10ECE800BC655A6C2575F9512E596559805FDC5FF2
:10ECF800BC62FA652A6A276BB46B8B73C17F56892D
:10ED08002C9D0E9DC49EA15C966C7B8304514B5C2C
:10ED1800B661C68176686172594EFA4F7853696058
:10ED2800296E4F7AF3970B4E1653EE4E554F3D4FC3
:10ED3800A14F734FA052EF5309560F59C15AB65BF2
:10ED4800E15BD17987669C67B6674C6BB36C6B7077
:10ED5800C2738D79BE793C7A877BB182DB8204836A
:10ED68007783EF83D3836687B28A2956A88CE68F88
:10ED78004E901E978A86C44FE85C116259723B75A3
:10ED8800E581BD82FE86C08CC5961399D599CB4E78
:10ED98001A4FE389DE564A58CA58FB5EEB5F2A6071
:10EDA80094606260D0611262D0623965419B666688
:10EDB800B068776D70704C758676757DA582F98719
:10EDC8008B958E969D8CF151BE521659B354B35BF8
:10EDD800165D68618269AF6D8D78CB845788728AB9
:10EDE800A793B89A6C6DA899D986A357FF67CE8662
:10EDF8000E92835287560454D35EE162B9643C682C
:10EE08003868BB6B7273BA786B7A9A89D2896B8DC2
:10EE1800038FED90A39594966997665BB35C7D69C3
:10EE28004D984E989B63207B2B6A7F6AB6680D9C31
:10EE38005F6F72529D557060EC623B6D076ED16ECC
:10EE48005B841089448F144E399CF6531B693A6AC7
:10EE580084972A685C51C37AB284DC918C935B56A0
:10EE6800289D226805833184A57C0852C582E674F2
:10EE78007E4E834FA051D25B0A52D852E752FB5DB7
:10EE88009A552A58E6598C5B985BDB5B725E795E13
:10EE9800A3601F616361BE61DB636265D16753680C
:10EEA800FA683E6B536B576C226F976F456FB0745F
:10EEB8001875E3760B77FF7AA17B217CE97D367F95
:10EEC800F07F9D8066829E83B389CC8AAB8C8490C8
:10EED800519493959195A2956596D3972899188200
:10EEE800384E2B54B85CCC5DA9734C763C77A95C42
:10EEF800EB7F0B8DC196119854985898014F0E4F7F
:10EF080071539C556856FA574759095BC45B905C26
:10EF18000C5E7E5ECC5FEE633A67D765E2651F677D
:10EF2800CB68C4685F6A305EC56B176C7D6C7F7593
:10EF38004879635B007A007DBD5F8F89188AB48C3D
:10EF4800778DCC8E1D8FE2980E9A3C9B804E7D501B
:10EF5800005193599C5B2F628062EC643A6BA072FB
:10EF680091754779A97FFB87BC8A708BAC63CA838C
:10EF7800A09709540354AB555468586A708A277887
:10EF88007567CD9E7453A25B1A8150860690184E01
:10EF9800454EC74E114FCA533854AE5B135F2560B8
:10EFA80051653D67426C726CE36C78700374767AD5
:10EFB800AE7A087B1A7DFE7C667DE7655B72BB5383
:10EFC800455CE85DD262E0621963206E5A86318A38
:10EFD800DD8DF892016FA6795A9BA84EAB4EAC4EC8
:10EFE8009B4FA04FD1504751F67A7151F651545367
:10EFF80021537F53EB53AC558358E15C375F4A5F2D
:10F008002F6050606D601F6359654B6AC16CC27296
:10F01800ED72EF77F880058108824E85F790E193CD
:10F02800FF9757995A9AF04EDD512D5C81666D69AC
:10F03800405CF266756989735068817CC550E452FA
:10F048004757FE5D2693A465236B3D6B3474817925
:10F05800BD794B7BCA7DB982CC837F885F89398B28
:10F06800D18FD1911F5480925D4E3650E5533A535B
:10F07800D7729673E977E682AF8EC699C899D29906
:10F0880077511A615E86B0557A7A7650D35B47908D
:10F098008596324EDB6AE791515C485C98639F7AAB
:10F0A800936C7497618FAA7A8A718896827C1768A4
:10F0B800707E51686C93F2521B54AB85138AA47FFF
:10F0C800CD8EE190665388884179C24FBE50115267
:10F0D800445153552D57EA738B575159625F845FDA
:10F0E800756076616761A961B2633A646C656F6641
:10F0F8004268136E66753D7AFB7C4C7D997D4B7E2C
:10F108006B7F0E834A83CD86088A638A668BFD8E61
:10F118001A988F9DB882CE8FE89B87521F628364AE
:10F12800C06F999641689150206B7A6C546F747ACD
:10F13800507D4088238A0867F64E3950265065501E
:10F148007C5138526352A7550F570558CC5AFA5E6E
:10F15800B261F861F36272631C69296A7D72AC72EC
:10F168002E7314786F78797D0C77A9808B89198B29
:10F17800E28CD28E639075937A965598139A789EFE
:10F1880043519F53B3537B5E265F1B6E906E84730F
:10F19800FE73437D3782008AFA8A50964E4E0B5092
:10F1A800E4537C54FA56D159645BF15DAB5E275F3A
:10F1B80038624565AF67566ED072CA7CB488A18044
:10F1C800E180F0834E86878AE88D3792C7966798E4
:10F1D800139F944E924E0D4F485349543E542F5A04
:10F1E8008C5FA15F9F60A7688E6A5A7481789E8A37
:10F1F800A48A778B90915E4EC99BA44E7C4FAF4FEB
:10F208001950165049516C519F52B952FE529A5397
:10F21800E35311540E5489555157A2577D59545BE5
:10F228005D5B8F5BE55DE75DF75D785E835E9A5EAB
:10F23800B75E185F52604C619762D862A7633B65FE
:10F2480002664366F4666D6721689768CB695F6CF0
:10F258002A6D696D2F6E9D6E327587766C783F7A50
:10F26800E07C057D187D5E7DB17D15800380AF80D3
:10F27800B18054818F812A8252834C8861881B8B8C
:10F28800A28CFC8CCA90759171923F78FC92A495DF
:10F298004D9605989999D89A3B9D5B52AB52F75376
:10F2A8000854D558F762E06F6A8C5F8FB99E4B514E
:10F2B8003B524A54FD56407A7791609DD29E4473E2
:10F2C800096F70811175FD5FDA60A89ADB72BC8FD7
:10F2D800646B0398CA4EF0566457BE585A5A686011
:10F2E800C7610F6606663968B168F76DD5753A7DEE
:10F2F8006E82429B9B4E504FC95306556F5DE65D2B
:10F30800EE5DFB67996C73740278508A9693DF8878
:10F318005057A75E2B63B550AC508D510067C95448
:10F328005E58BB59B05B695F4D62A1633D68736B02
:10F33800086E7D70C7918072157826786D798E6514
:10F34800307DDC83C188098F9B96645228575067AB
:10F358006A7FA18CB45142572A963A588A69B48078
:10F36800B2540E5DFC579578FA9D5C4F4A528B5407
:10F378003E6428661467F567847A567B227D2F934E
:10F388005C68AD9B397B19538A513752DF5BF66253
:10F39800AE64E6642D67BA6BA985D1969076D69B44
:10F3A8004C630693AB9BBF765266094E9850C25386
:10F3B800715CE860926463655F68E671CA7323757F
:10F3C800977B827E9586838BDB8C78911099AC65D0
:10F3D800AB668B6BD54ED44E3A4F7F4F3A52F853AB
:10F3E800F253E355DB56EB58CB59C959FF59505BDB
:10F3F8004D5C025E2B5ED75F1D6007632F655C5B0B
:10F40800AF65BD65E8659D67626B7B6B0F6C457387
:10F418004979C179F87C197D2B7DA2800281F3811D
:10F4280096895E8A698A668A8C8AEE8AC78CDC8CA1
:10F43800CC96FC986F6B8B4E3C4F8D4F5051575B61
:10F44800FA5B486101634266216BCB6EBB6C3E720E
:10F45800BD74D475C1783A790C803380EA8194847C
:10F468009E8F506C7F9E0F5F588B2B9DFA7AF88E7B
:10F478008D5BEB96034EF153F7573159C95AA45B8C
:10F4880089607F6E066FBE75EA8C9F5B0085E07BA6
:10F498007250F4679D82615C4A851E7E0E82995186
:10F4A800045C6863668D9C656E713E79177D058086
:10F4B8001D8BCA8E6E90C786AA901F50FA523A5C6E
:10F4C80053677C7035724C91C8912B93E582C25B6F
:10F4D800315FF9603B4ED653885B4B6231678A6B6C
:10F4E800E972E0732E7A6B81A38D5291969912512D
:10F4F800D7536A54FF5B8863396AAC7D0097DA5644
:10F50800CE536854975B315CDE5DEE4F0161FE625D
:10F51800326DC079CB79427D4D7ED27FED811F82DD
:10F52800908446887289908B748E2F8F31904B917E
:10F538006C91C6969C91C04E4F4F45514153935F75
:10F548000E62D467416C0B6E6373267ECD918392F5
:10F55800D4531959BF5BD16D5D792E7E9B7C7E5843
:10F568009F71FA515388F08FCA4FFB5C2566AC77C0
:10F57800E37A1C82FF99C651AA5FEC656F69896BB3
:10F58800F36D966E646FFE76147DE15D75908791DC
:10F598000698E6511D5240629166D9661A6EB65EAB
:10F5A800D27D727FF866AF85F785F88AA952D9535C
:10F5B80073598F5E905F5560E4926496B7501F51FF
:10F5C800DD5220534753EC53E854465531551756EE
:10F5D8006859BE593C5AB55B065C0F5C115C1A5CF5
:10F5E800845E8A5EE05E705F7F628462DB628C6349
:10F5F800776307660C662D6676667E67A2681F6A63
:10F60800356ABC6C886D096E586E3C7126716771DD
:10F61800C77501775D7801796579F079E07A117BB2
:10F62800A77C397D9680D6838B8449855D88F3884D
:10F638001F8A3C8A548A738A618CDE8CA4916692F4
:10F648007E9318949C9698970A4E084E1E4E574ED5
:10F6580097517052CE573458CC58225B385EC560EB
:10F66800FE6461675667446DB6727375637AB884D1
:10F67800728BB89120933156F457FE98ED620D695C
:10F68800966BED71547E77807282E689DF98558794
:10F69800B18F3B5C384FE14FB54F0755205ADD5BC2
:10F6A800E95BC35F4E612F63B0654B66EE689B698B
:10F6B800786DF16D3375B9751F775E79E679337DAD
:10F6C800E381AF82AA85AA893A8AAB8E9B8F329052
:10F6D800DD910797BA4EC14E03527558EC580B5C32
:10F6E8001A753D5C4E810A8AC58F63966D97257B96
:10F6F800CF8A08986291F356A853179039548257C5
:10F70800255EA863346C8A7061778B7CE07F708893
:10F7180042905491109318938F965E74C49A075D23
:10F72800695D7065A267A88DDB966E634967196984
:10F73800C5831798C096FE88846F7A64F85B164E66
:10F748002C705D752F66C4513652E252D359815FD1
:10F75800276010623F6574651F667466F2681668F4
:10F76800636B056E72721F75DB76BE7C5680F0582F
:10F77800FD887F89A08A938ACB8A1D90929152979F
:10F78800599789650E7A0681BB962D5EDC601A62F0
:10F79800A56514669067F3774D7A4D7C3E7E0A81A5
:10F7A800AC8C648DE18D5F8EA9780752D962A56310
:10F7B800426498622D8A837AC07BAC8AEA96767D09
:10F7C8000C824987D94E485143536053A35B025C6E
:10F7D800165CDD5D26624762B06413683468C96CE4
:10F7E800456D176DD3675C6F4E717D71CB657F7A00
:10F7F800AD7BDA7D4A7EA87F7A811B823982A68515
:10F808006E8ACE8CF58D78907790AD929192839593
:10F81800AE9B4D528455386F367168518579557E47
:10F82800B381CE7C4C565158A85CAA63FE66FD662F
:10F838005A69D9728F758E750E795679DF79977CEA
:10F84800207D447D0786348A3B966190209FE7504F
:10F858007552CC53E2530950AA55EE584F593D7290
:10F868008B5B645C1D53E360F3605C6383633F639D
:10F87800BB63CD64E965F966E35DCD69FD69156F24
:10F88800E571894EE975F876937ADF7CCF7D9C7DAA
:10F898006180498358836C84BC84FB85C588708DDE
:10F8A80001906D9097931C97129ACF5097588E613C
:10F8B800D3813585088D2090C34F745047527353B8
:10F8C8006F6049635F672C6EB38D1F90D74F5E5C86
:10F8D800CA8CCF659A7D525396887651C363585B1C
:10F8E8006B5B0A5C0D6451675C90D64E1A592A59B5
:10F8F800706C518A3E551558A559F0605362C1671E
:10F90800358255694096C499289A534F0658FE5B2C
:10F918001080B15C2F5E855F20604B613462FF66AA
:10F92800F06CDE6ECE807F81D4828B88B88C00909C
:10F938002E908A96DB9EDB9BE34EF05327592C7B57
:10F948008D914C98F99DDD6E277053534455855B16
:10F9580058629E62D362A26CEF6F2274178A389441
:10F96800C16FFE8A3883E751F886EA53E953464F58
:10F978005490B08F6A593181FD5DEA7ABF8FDA6899
:10F98800378CF872489C3D6AB08A394E58530656EF
:10F998006657C562A263E6654E6BE16D5B6EAD703E
:10F9A800ED77EF7AAA7BBB7D3D80C680CB86958AB2
:10F9B8005B93E356C7583E5FAD659666806AB56B44
:10F9C8003775C78A2450E57730571B5F65607A66BC
:10F9D800606CF4751A7A6E7FF48118874590B39934
:10F9E800C97B5C75F97A517BC4841090E979927A65
:10F9F8003683E15A40772D4EF24E995BE05FBD6247
:10FA08003C66F167E86C6B8677883B8A4E91F39287
:10FA1800D099176A26702A73E7825784AF8C014EF3
:10FA28004651CB518B55F55B165E335E815E145F94
:10FA3800355F6B5FB45FF2611163A2661D676E6F1D
:10FA480052723A753A777480398178817687BF8A9D
:10FA5800DC8A858DF38D9A9277950298E59CC5523C
:10FA68005763F4761567886CCD73C38CAE93739621
:10FA7800256D9C580E69CC69FD8F9A93DB751A9099
:10FA88005A580268B463FB69434F2C6FD867BB8F21
:10FA98002685B47D54933F69706F6A57F7582C5B7D
:10FAA8002C7D2A720A54E391B49DAD4E4E4F5C50A2
:10FAB800755043529E8C485424589A5B1D5E955E3F
:10FAC800AD5EF75E1F5F8C60B5623A63D063AF6866
:10FAD800406C87788E790B7AE07D4782028AE68AC5
:10FAE800448E1390B8902D91D8910E9FE56C586470
:10FAF800E2647565F46E84761B7B6990D193BA6E67
:10FB0800F254B95FA4644D8FED8F449278516B58CD
:10FB18002959555C975EFB6D8F7E1C75BC8CE28EF7
:10FB28005B98B9701D4FBF6BB16F3075FB964E5126
:10FB3800105435585758AC59605C925F97655C67AC
:10FB4800216E7B76DF83ED8C1490FD904D932578A4
:10FB58003A78AA52A65E1F577459126012505A5129
:10FB6800AC51CD5100521055545858585759955BBF
:10FB7800F65C8B5DBC6095622D6471674368BC68F8
:10FB8800DF68D776D86D6F6E9B6D6F70C871535FE5
:10FB9800D8757779497B547B527BD67C717D3052FE
:10FBA80063846985E4850E8A048B468C0F8E0390E6
:10FBB8000F90199476962D98309AD895CD50D552A5
:10FBC8000C5402580E5CA7619E641E6DB377E57AEB
:10FBD800F480048453908592E05C079D3F53975FBF
:10FBE800B35F9C6D79726377BF79E47BD26BEC72FB
:10FBF800AD8A0368616AF851817A34694A5CF69C77
:10FC0800EB82C55B49911E7078566F5CC76066656C
:10FC18008C6C5A8C419013985154C7660D92485970
:10FC2800A39085514D4EEA5199850E8B58707A6391
:10FC38004B936269B499047E777557536069DF8E78
:10FC4800E3965D6C8C4E3C5C105FE98F0253D18C5F
:10FC580089807986FF5EE565734E655182593F5C00
:10FC6800EE97FB4E8A59CD5F8D8AE16FB079627944
:10FC7800E75B71842B73B171745EF55F7B639A6483
:10FC8800C371987C434EFC5E4B4EDC57A256A9606C
:10FC9800C36F0D7DFD803381BF81B28F9789A486A4
:10FCA800F45D8A62AD6487897767E26C3E6D36746D
:10FCB8003478465A757FAD82AC99F34FC35EDD62E6
:10FCC800926357656F67C3764C72CC80BA80298F70
:10FCD8004D910D50F957925A856873696471FD7298
:10FCE800B78CF258E08C6A9619907F87E479E777A9
:10FCF80029842F4F65525A53CD62CF67CA6C7D76DF
:10FD0800947B957C36828485EB8FDD66206F067246
:10FD18001B7EAB83C199A69EFD51B17B7278B87BDF
:10FD28008780487BE86A615E8C80517560756B518D
:10FD380062928C6E7A769791EA9A104F707F9C62E5
:10FD48004F7BA595E99C7A565958E486BC96344F62
:10FD580024524A53CD53DB53065E2C6491657F676A
:10FD68003E6C4E6C4872AF72ED735475417E2C82B6
:10FD7800E985A98CC47BC69169711298EF983D6397
:10FD880069666A75E476D0784385EE862A535153BE
:10FD980026548359875E7C5FB26049627962AB62A0
:10FDA8009065D46BCC6CB275AE769178D879CB7DF2
:10FDB800777FA580AB88B98ABB8C7F905E97DB98EC
:10FDC8000B6A387C99503E5CAE5F8767D86B357498
:10FDD80009778E7F3B9FCA67177A39538B75ED9ADF
:10FDE800665F9D81F18398803C5FC55F6275467B45
:10FDF8003C906768EB599B5A107D7E762C8BF54FAB
:10FE08006A5F196A376C026FE27468796888558A84
:10FE1800798CDF5ECF63C575D279D7822893F29249
:10FE28009C84ED862D9CC1546C5F8C655C6D15704F
:10FE3800A78CD38C3B984F65F6740D4ED84EE0577F
:10FE48002B59665ACC5BA851035E9C5E166076629D
:10FE58007765A7656E666E6D3672267B50819A81CE
:10FE680099825C8BA08CE68C748D1C964496AE4F60
:10FE7800AB64666B1E8261846A85E890015C536995
:10FE8800A8987A8457850F4F6F52A95F455E0D6712
:10FE98008F79798107898689F56D175F5562B86C06
:10FEA800CF4E6972929B06523B547456B358A46164
:10FEB8006E621A716E59897CDE7C1B7DF0968765AF
:10FEC8005E80194E754F75514058635E735E0A5FC8
:10FED800C467264E3D8589955B96737C0198FB50D7
:10FEE800C1585676A7782552A5771185867B4F503D
:10FEF80009594772C77BE87DBA8FD48F4D90BF4FA1
:10FF0800C952295A015FAD97DD4F1782EA9203570C
:10FF18005563696B2B75DC88148F427ADF529358CE
:10FF280055610A62AE66CD6B3F7CE9832350F84F7A
:10FF380005534654315849599D5BF05CEF5C295D87
:10FF4800965EB16267633E65B9650B67D56CE16C17
:10FF5800F97032782B7EDE80B3820C84EC840287C1
:10FF680012892A8A4A8CA690D292FD98F39C6C9D9D
:10FF78004F4EA14E8D5056524A57A8593D5ED85FF4
:10FF8800D95F3F62B4661B67D067D2689251217D02
:10FF9800AA80A881008B8C8CBF8C7E9232962054CC
:10FFA8002C981753D5505C53A858B26434676772BD
:10FFB8006677467AE691C352A16C866B00584C5E10
:10FFC80054592C67FB7FE151C6766964E878549BE5
:10FFD800BB9ECB57B95927669A67CE6BE954D96946
:10FFE800555E9C819567AA9BFE67529C5D68A64EEC
:08FFF800E34FC853B9622B6707
:020000041001E9
:10000000AB6CC48FAD4F6D7EBF9E074E6261806E3C
:100010002B6F138573542A67459BF35D957BAC5C0E
:10002000C65B1C874A6ED184147A088199598D7CED
:10003000116C2077D952225921715F72DB77279793
:10004000619D0B697F5A185AA5510D547D540E6657
:10005000DF76F78F9892F49CEA595D72C56E4D5128
:10006000C968BF7DEC7D6297BA9E7864216A02837D
:1000700084595F5BDB6B1B73F276B27D17809984CA
:1000800032512867D99EEE766267FF520599245C4B
:100090003B627E7CB08C4F55B6600B7D80950153E2
:1000A0005F4EB6511C593A723680CE91255FE27789
:1000B0008453795F047DAC85338A8D8E5697F367C0
:1000C000AE85539409610861B96C5276ED8A388F18
:1000D0002F55514F2A51C752CB53A55B7D5EA0606F
:1000E0008261D6630967DA67676E8C6D3673377322
:1000F00031755079D588988A4A909190F590C49638
:100100008D871559884E594F0E4E898A3F8F10980A
:10011000AD507C5E9659B95BB85EDA63FA63C16430
:10012000DC664A69D8690B6DB66E94712875AF7A32
:100130008A7F00804984C9848189218B0A8E6590D9
:100140007D960A997E619162326B836C746DCC7F6F
:10015000FC7FC06D857FBA87F8886567B1833C985E
:10016000F7961B6D617D3D846A91714E7553505DAC
:10017000046BEB6FCD852D86A78929520F54655CE2
:100180004E67A86806748374E275CF88E188CC91C5
:10019000E29678968B5F8773CB7A4E84A063657501
:1001A0008952416D9C6E097459756B78927C869664
:1001B000DC7A8D9FB64F6E61C5655C86864EAE4E0D
:1001C000DA50214ECC51EE5B99658168BC6D1F738E
:1001D0004276AD771C7AE77C6F82D28A7C90CF9191
:1001E000759618989B52D17D2B5098539767CB6D7D
:1001F000D0713374E8812A8FA396579C9F9E6074B8
:100200004158996D2F7D5E98E44E364F8B4FB75114
:10021000B152BA5D1C60B2733C79D3823492B79606
:10022000F6960A97979E629FA666746B1752A35222
:10023000C870C288C95E4B609061236F49713E7C73
:10024000F47D6F80EE8423902C9342546F9BD36A8D
:100250008970C28CEF8D3297B452415ACA5E045FE6
:1002600017677C6994696A6D0F6F6272FC72ED7B2F
:1002700001807E804B87CE906D51939E84798B80D8
:100280003293D68A2D508C54718A6A6BC48C078144
:10029000D160A067F29D994E984E109C6B8AC185E3
:1002A000688500697E6E97785581000000250225DB
:1002B0000C251025182514251C252C25242534252E
:1002C0003C25012503250F2513251B25172523254F
:1002D00033252B253B254B2520252F252825372564
:1002E0003F251D25302525253825422510041104DC
:1002F000120413041404150401041604170418044A
:1003000019041A041B041C041D041E041F042004E9
:100310002104220423042404250426042704280499
:1003200029042A042B042C042D042E042F0400007D
:1003300000000000000000000000000000000000BD
:100340000000000000000000000000003004310444
:1003500032043304340435045104360437043804B9
:1003600039043A043B043C043D043E043F04400489
:100370004104420443044404450446044704480439
:1003800049044A044B044C044D044E044F0400003D
:1003900091039203930394039503960397039803A1
:1003A00099039A039B039C039D039E039F03A00351
:1003B000A103A303A403A503A603A703A803A903FA
:1003C000000000000000000000000000000000002D
:1003D000B103B203B303B403B503B603B703B80361
:1003E000B903BA03BB03BC03BD03BE03BF03C00311
:1003F000C103C303C403C503C603C703C803C903BA
:1004000000000000000000000000000000000001EB
:1004100001010101010101010100000000000000D3
:1004200001010101010101010101010101010101BC
:1004300001010101010101010101000000000000B2
:10044000000101010101010101010101010101019D
:10045000010101010101010101010100C625A125E0
:10046000A025B325B225BD25BC253B201230922105
:100470009021912193211330000000000000000022
:100480000000000000000000000000000000082242
:100490000B2286228722822283222A2229220000FE
:1004A0000000000000000000000000000000272203
:1004B0002822AC00D221D4210022032229220000CC
:1004C000000000000000000000000000000000002C
:1004D00000002022A522122302220722612252229A
:1004E0006A226B221A223D221D2235222B222C2227
:1004F00000000000000000000000000000002B21B0
:1005000030206F266D266A2620202120B6002C225E
:10051000000000000000EF250030013002300CFF29
:100520000EFFFB301AFF1BFF1FFF01FF9B309C30AB
:10053000B40040FFA8003EFF3E203FFFFD30FE30EC
:100540009D309E300330DD4E053006300730FC30E4
:10055000142010200FFF3CFF1C3016205CFF2620CB
:100560002520182019201C201D2008FF09FF143009
:1005700015303BFF3DFF5BFF5DFF083009300A305F
:100580000B300C300D300E300F30103011300BFFAF
:100590001222B100D700F7001DFF60221CFF1EFFD2
:1005A000662267221E22342242264026B0003220D4
:1005B00033200321A50004FFA200A30005FF03FFD1
:1005C00006FF0AFF20FFA70006260526CB25CF251C
:1005D000CE25C725000000001F001C2000000000E1
:1005E0001421000002001624000000001425000061
:1005F0000200152800000000112900000000142A44
:1006000000000000182B00000000142C0000000067
:10061000102D00000000142E000001000C3000001E
:100620000900143A00000100183C00000200143FC9
:1006300000000100034100001900155B00000000EC
:10064000145C00000000115D00000000175E000057
:1006500000000F5F00000000176000000000036151
:1006600000001900157B00000000187C000000004D
:10067000117D00000000187E00000000007F0000D7
:1006800020001CA00000000014A10000000016A221
:100690000000030019A60000000014A700000000DD
:1006A00017A80000000019A90000000006AA000019
:1006B000000013AB0000000018AC0000000001AD0A
:1006C0000000000019AE0000000017AF000000009D
:1006D00019B00000000018B1000000000EB20000C8
:1006E000010017B40000000003B50000000014B6BC
:1006F0000000010017B8000000000EB90000000063
:1007000006BA0000000012BB000000000EBC000092
:10071000020014BF0000000003C00000160018D73C
:100720000000000003D80000060004DF0000000005
:1007300003E00000160018F70000000003F80000B6
:100740003F00043801000000033901000F00044994
:1007500001000000034A01004200048D0100000076
:10076000038E01000C00049B01000000039C0100AB
:100770000D0004AA0100010003AC01000D0004BA41
:100780000100000006BB0100000003BC01000100E5
:1007900004BE0100000003BF0100000006C001000C
:1007A000030003C40100000007C50100000003C6E8
:1007B0000100010007C80100000003C90100010099
:1007C00007CB0100000003CC0100230004F001006E
:1007D000000003F10100000007F20100000003F334
:1007E00001002D000421020000000322020011007C
:1007F000043402000500033A02001A000455020006
:1008000000000356020001000458020000000359D2
:1008100002000000045A02000000035B0200010015
:10082000045D020002000360020001000462020095
:10083000000003630200000004640200000003657E
:1008400002000100046702000000036802000400C7
:10085000046D02000100036F02000000047002003A
:10086000000003710200010004730200010003751F
:1008700002000000047602000600037D0200000072
:10088000047E0200010003800200000004810200D7
:1008900000000382020001000484020002000387BA
:1008A00002000500048D0200040003920200000013
:1008B0000493020000000694020000000495020068
:1008C0000700039D02000100049F0200100005B014
:1008D0000200110017C20200030005C602000B004F
:1008E00017D202000D0005E00200040017E5020027
:1008F000060005EC0200000017ED0200000005EE06
:100900000200000017EF020010000B0003006F0050
:100910000370030003000574030000001775030053
:100920000000037603000100057A03000000037B4A
:1009300003000200147E03000000037F0300000098
:1009400017840300010003860300000014870300DE
:100950000000038803000200038C03000000038EE4
:100960000300010004900300000003910300100045
:1009700003A303000C0004B00300000003B1030054
:10098000200008D20300020003D50300200018F65F
:100990000300000003F70300040004FC0300000050
:1009A00003FD030084001982040000000B8304008F
:1009B00004000A8804000100038A0400A500033132
:1009C00005002500055905000000145A0500050022
:1009D0000460050000000361050025000487050090
:1009E0000100148905000000108A05000000198D1F
:1009F00005000100168F050000000B9105002C007A
:100A000010BE050000000BBF0500000014C005006B
:100A100000000BC10500010014C3050000000BC459
:100A20000500010014C6050000000BC7050000000A
:100A300006D005001A0006EF0500030014F30500B8
:100A40000100010006000500180606000200140956
:100A500006000100160B06000000140C0600010041
:100A6000190E060001000B1006000A00141B0600F8
:100A70000000011C06000000141D060002000620F4
:100A800006001F00054006000000064106000900A0
:100A90000B4B060014000C6006000900146A0600E7
:100AA0000300066E060001000B70060000000671D0
:100AB0000600620014D40600000006D506000000FF
:100AC0000BD60600060001DD0600000019DE060058
:100AD00000000BDF0600050005E5060001000BE73E
:100AE0000600010019E9060000000BEA06000300F9
:100AF00006EE060001000CF00600090006FA0600EA
:100B0000020019FD0600010006FF060000001400A7
:100B100007000D00010F070000000610070000008D
:100B20000B1107000000061207001D000B30070024
:100B30001A00064D070058000BA607000A0006B170
:100B4000070000000CC00700090006CA07002000CB
:100B50000BEB0700080005F40700010019F6070079
:100B6000000014F70700020005FA070000000BFD63
:100B70000700000016FE070001000600080015002F
:100B80000B1608000300051A080000000B1B0800E4
:100B900008000524080000000B25080002000528B5
:100BA000080000000B2908000400143008000E00A3
:100BB0000640080018000B5908000200145E0800E7
:100BC0000000066008000A00067008001700178879
:100BD00008000000068908000500019008000100D7
:100BE0000B980800070006A00800280005C90800A7
:100BF00000000BCA0800170001E2080000000BE328
:100C000008001F0009030900000006040900350060
:100C10000B3A09000000093B090000000B3C0900E9
:100C20000000063D09000000093E090002000B41DA
:100C3000090007000949090003000B4D09000000E5
:100C4000094E090001000650090000000B5109007F
:100C500006000658090009000B620900010014642F
:100C6000090001000C660900090014700900000069
:100C7000057109000000067209000E000B810900D1
:100C80000000098209000100068509000700068F9F
:100C90000900010006930900150006AA09000600D4
:100CA00006B20900000006B6090003000BBC0900EB
:100CB000000006BD0900000009BE090002000BC1CA
:100CC0000900030009C70900010009CB0900010060
:100CD0000BCD0900000006CE0900000009D709006D
:100CE000000006DC0900010006DF090002000BE23B
:100CF000090001000CE60900090006F009000100E6
:100D000016F2090001000EF40900050019FA0900A5
:100D1000000016FB0900000006FC0900000014FD9D
:100D2000090000000BFE090000000B010A00010091
:100D300009030A00000006050A000500060F0A0064
:100D4000010006130A001500062A0A0006000632F2
:100D50000A00010006350A00010006380A000100F9
:100D60000B3C0A000000093E0A0002000B410A0089
:100D700001000B470A0001000B4B0A0002000B5157
:100D80000A00000006590A000300065E0A0000007F
:100D90000C660A0009000B700A00010006720A00C6
:100DA00002000B750A00000014760A0000000B8197
:100DB0000A00010009830A00000006850A000800F5
:100DC000068F0A00020006930A00150006AA0A0010
:100DD000060006B20A00010006B50A0004000BBCBA
:100DE0000A00000006BD0A00000009BE0A00020059
:100DF0000BC10A0004000BC70A00010009C90A0060
:100E0000000009CB0A0001000BCD0A00000006D04B
:100E10000A00000006E00A0001000BE20A000100DF
:100E20000CE60A00090014F00A00000016F10A009E
:100E3000000006F90A0000000BFA0A0005000B0189
:100E40000B00000009020B00010006050B00070063
:100E5000060F0B00010006130B001500062A0B00FD
:100E6000060006320B00010006350B0004000B3CA7
:100E70000B000000063D0B000000093E0B000000C7
:100E80000B3F0B00000009400B0000000B410B0062
:100E9000030009470B000100094B0B0001000B4D3B
:100EA0000B0000000B550B00010009570B00000060
:100EB000065C0B000100065F0B0002000B620B00DA
:100EC00001000C660B00090019700B000000067190
:100ED0000B0000000E720B0005000B820B000000DF
:100EE00006830B00000006850B000500068E0B0034
:100EF000020006920B00030006990B000100069CFD
:100F00000B000000069E0B00010006A30B00010071
:100F100006A80B00020006AE0B000B0009BE0B007A
:100F200001000BC00B00000009C10B00010009C645
:100F30000B00020009CA0B0002000BCD0B000000E1
:100F400006D00B00000009D70B0000000CE60B00D8
:100F500009000EF00B00020019F30B00050016F952
:100F60000B00000019FA0B0000000B000C00000041
:100F700009010C0002000B040C00000006050C0027
:100F80000700060E0C00020006120C001600062ACE
:100F90000C000F000B3C0C000000063D0C00000094
:100FA0000B3E0C00020009410C0003000B460C0034
:100FB00002000B4A0C0003000B550C000100065800
:100FC0000C000200065D0C00000006600C00010031
:100FD0000B620C0001000C660C00090014770C0079
:100FE00000000E780C000600197F0C00000006803F
:100FF0000C0000000B810C00000009820C000100B5
:1010000014840C00000006850C000700068E0C00FE
:10101000020006920C00160006AA0C00090006B594
:101020000C0004000BBC0C00000006BD0C0000000E
:1010300009BE0C0000000BBF0C00000009C00C0032
:1010400004000BC60C00000009C70C00010009CA0F
:101050000C0001000BCC0C00010009D50C000100B4
:1010600006DD0C00010006E00C0001000BE20C00A4
:1010700001000CE60C00090006F10C00010009F368
:101080000C0000000B000D00010009020D00010022
:1010900006040D000800060E0D00020006120D00E9
:1010A00028000B3B0D000100063D0D000000093E2D
:1010B0000D0002000B410D00030009460D00020067
:1010C000094A0D0002000B4D0D000000064E0D00F8
:1010D0000000194F0D00000006540D0002000957D2
:1010E0000D0000000E580D000600065F0D00020006
:1010F0000B620D0001000C660D0009000E700D0062
:10110000080019790D000000067A0D0005000B811A
:101110000D00000009820D00010006850D00110080
:10112000069A0D00170006B30D00080006BD0D005D
:10113000000006C00D0006000BCA0D00000009CF1C
:101140000D0002000BD20D0002000BD60D000000B6
:1011500009D80D0007000CE60D00090009F20D008A
:10116000010014F40D00000006010E002F000B31E9
:101170000E00000006320E0001000B340E000600C7
:10118000163F0E00000006400E00050005460E004A
:1011900000000B470E000700144F0E0000000C501B
:1011A0000E000900145A0E00010006810E00010015
:1011B00006840E00000006860E000400068C0E0059
:1011C000170006A50E00000006A70E0009000BB1CF
:1011D0000E00000006B20E0001000BB40E00080065
:1011E00006BD0E00000006C00E00040005C60E007D
:1011F00000000BC80E0006000CD00E00090006DC33
:101200000E00030006000F00000019010F0002008D
:1012100014040F000E0019130F00000014140F0027
:10122000000019150F0002000B180F000100191A19
:101230000F0005000C200F0009000E2A0F00090006
:1012400019340F0000000B350F00000019360F0095
:1012500000000B370F00000019380F0000000B3999
:101260000F000000153A0F000000113B0F000000B6
:10127000153C0F000000113D0F000000093E0F005B
:10128000010006400F00070006490F0023000B7104
:101290000F000D00097F0F0000000B800F000400FD
:1012A00014850F0000000B860F00010006880F0058
:1012B00004000B8D0F000A000B990F00230019BECC
:1012C0000F0007000BC60F00000019C70F00050034
:1012D00019CE0F00010014D00F00040019D50F0023
:1012E000030014D90F000100060010002A00092B8A
:1012F000100001000B2D1000030009311000000048
:101300000B32100005000938100000000B391000E6
:101310000100093B100001000B3D10000100063FD9
:10132000100000000C4010000900144A10000500D5
:101330000650100005000956100001000B5810005F
:101340000100065A100003000B5E10000200066147
:101350001000000009621000020006651000010084
:10136000096710000600066E100002000B711000E5
:101370000300067510000C000B82100000000983AA
:10138000100001000B851000010009871000050006
:101390000B8D10000000068E10000000098F100059
:1013A00000000C9010000900099A100002000B9D2B
:1013B00010000000199E1000010003A0100025007D
:1013C00003C71000000003CD1000000003D0100080
:1013D0002A0014FB1000000005FC1000000003FDB3
:1013E00010000200060011004801064A1200030026
:1013F000065012000600065812000000065A12009D
:101400000300066012002800068A120003000690FE
:101410001200200006B21200030006B812000600F7
:1014200006C01200000006C21200030006C8120027
:101430000E0006D81200380006121300030006182A
:10144000130042000B5D130002001460130008003B
:101450000E6913001300068013000F00199013008B
:10146000090003A01300550003F813000500100045
:1014700014000000060114006B02196D1600000034
:10148000146E16000000066F160010001C80160077
:101490000000068116001900159B16000000119C23
:1014A0001600000006A016004A0014EB1600020009
:1014B0000DEE1600020006F11600070006001700E8
:1014C00011000B1217000200091517000000061F7B
:1014D000170012000B32170001000934170000003A
:1014E0001435170001000640170011000B521700B9
:1014F0000100066017000C00066E170002000B7258
:10150000170001000680170033000BB4170001001C
:1015100009B6170000000BB71700060009BE170038
:1015200007000BC61700000009C7170001000BC910
:1015300017000A0014D41700020005D71700000096
:1015400014D81700020016DB1700000006DC170095
:1015500000000BDD170000000CE0170009000EF082
:1015600017000900140018000500100618000000FC
:101570001407180003000B0B18000200010E1800DE
:1015800000000B0F180000000C10180009000620C6
:10159000180022000543180000000644180034001B
:1015A0000680180004000B8518000100068718004B
:1015B00021000BA91800000006AA1800000006B0C0
:1015C00018004500060019001E000B20190002003B
:1015D0000923190003000B2719000100092919002C
:1015E00002000930190001000B3219000000093314
:1015F000190005000B3919000200194019000000FC
:101600001444190001000C46190009000650190085
:101610001D00067019000400068019002B0006B09A
:10162000190019000CD0190009000EDA1900000089
:1016300019DE1900210006001A0016000B171A0007
:10164000010009191A0001000B1B1A000000141EEA
:101650001A00010006201A00340009551A00000083
:101660000B561A00000009571A0000000B581A0008
:1016700006000B601A00000009611A0000000B62EE
:101680001A00000009631A0001000B651A00070028
:10169000096D1A0005000B731A0009000B7F1A0070
:1016A00000000C801A0009000C901A00090014A018
:1016B0001A00060005A71A00000014A81A00050069
:1016C0000BB01A000D000ABE1A0000000BBF1A0072
:1016D0000F000B001B00030009041B00000006059F
:1016E0001B002E000B341B00000009351B000000FE
:1016F0000B361B000400093B1B0000000B3C1B00C9
:101700000000093D1B0004000B421B0000000943C0
:101710001B00010006451B0007000C501B000900C0
:10172000145A1B00060019611B0009000B6B1B00FB
:10173000080019741B000800147D1B0001000B80B9
:101740001B00010009821B00000006831B001D0016
:1017500009A11B0000000BA21B00030009A61B002F
:1017600001000BA81B00010009AA1B0000000BAB25
:101770001B00020006AE1B0001000CB01B0009009C
:1017800006BA1B002B000BE61B00000009E71B003C
:1017900000000BE81B00010009EA1B0002000BED32
:1017A0001B00000009EE1B0000000BEF1B000200F5
:1017B00009F21B00010014FC1B00030006001C00C2
:1017C000230009241C0007000B2C1C00070009340F
:1017D0001C0001000B361C000100143B1C0004001F
:1017E0000C401C000900064D1C0002000C501C009F
:1017F0000900065A1C001D0005781C000500147E17
:101800001C00010003801C00080003901C002A003B
:1018100003BD1C00020014C01C0007000BD01C00FC
:10182000020014D31C0000000BD41C000C0009E1C2
:101830001C0000000BE21C00060006E91C0003006F
:101840000BED1C00000006EE1C0005000BF41C0054
:10185000000006F51C00010009F71C0000000BF851
:101860001C00010006FA1C00000004001D002B00F3
:10187000052C1D003E00046B1D000C0005781D00AA
:10188000000003791D000000047A1D000200037DA2
:101890001D000000047E1D000F00038E1D000000CF
:1018A000048F1D000B00059B1D0024000BC01D00B4
:1018B0003F0003001E00950004961E000400039BD9
:1018C0001E000000049C1E000100039E1E0000007C
:1018D000049F1E00000003A01E00750003181F00D7
:1018E000050003201F00250003481F0005000450C9
:1018F0001F00000003511F00000004521F000000E1
:1019000003531F00000004541F00000003551F0074
:10191000000004561F00000003571F000000035979
:101920001F000000035B1F000000035D1F0000009C
:10193000035F1F001E0003801F00070007881F00B1
:10194000070003901F00070007981F00070003A06F
:101950001F00070007A81F00070003B01F000100B9
:1019600004B21F00000003B31F00000004B41F00F6
:10197000000004B61F00010003B81F00030007BCED
:101980001F00000017BD1F00000003BE1F00000065
:1019900017BF1F00020004C21F00000003C31F0086
:1019A000000004C41F00000004C61F00010003C89B
:1019B0001F00030007CC1F00000017CD1F0002000E
:1019C00003D01F00010004D21F00010004D61F0035
:1019D000010003D81F00030017DD1F00020003E011
:1019E0001F00010004E21F00020003E51F000000C9
:1019F00004E61F00010003E81F00040017ED1F00AC
:101A0000020004F21F00000003F31F00000004F4B2
:101A10001F00000004F61F00010003F81F00030070
:101A200007FC1F00000017FD1F0001001C00200024
:101A30000A00010B200004001010200005001416FD
:101A400020000100131820000000121920000000DF
:101A5000151A20000000131B20000100121D200099
:101A60000000151E20000000131F2000000014209D
:101A7000200007001A28200000001B292000000079
:101A8000012A200004001C2F200000001430200038
:101A90000800133920000000123A20000000143B17
:101AA000200003000F3F200001001441200002002D
:101AB00018442000000015452000000011462000B9
:101AC0000000144720000A001852200000001453A0
:101AD000200000000F5420000000145520000900D1
:101AE0001C5F20000000016020000400016620004F
:101AF00009000E70200000000571200000000E7427
:101B000020000500187A20000200157D200000004A
:101B1000117E20000000057F200000000E802000C4
:101B20000900188A20000200158D20000000118E87
:101B300020000000059020000C0016A020002000CE
:101B40000BD020000C000ADD200003000BE1200078
:101B500000000AE2200002000BE520000B00190043
:101B600021000100080221000000190321000300E8
:101B7000080721000000190821000100040A2100C3
:101B80000000080B21000200040E210001000810D3
:101B9000210002000413210000001914210000009C
:101BA0000815210000001916210001001818210055
:101BB0000000081921000400191E21000500082456
:101BC000210000001925210000000326210000004B
:101BD00019272100000008282100000019292100F0
:101BE0000000032A21000100082C21000100192E09
:101BF00021000000042F2100000008302100010016
:101C000003322100000008332100000004342100C9
:101C10000000063521000300043921000000193AB4
:101C200021000100043C21000100083E21000100C8
:101C3000184021000400084521000000044621004E
:101C40000300194A21000000184B21000000194C24
:101C500021000100034E21000000194F2100000067
:101C60000E5021000F000D6021002200038321008F
:101C700001000D85210003000E8921000000198A52
:101C80002100010018902100040019952100040092
:101C9000189A21000100199C2100030018A02100BE
:101CA000000019A12100010018A32100000019A4BF
:101CB0002100010018A62100000019A7210006003C
:101CC00018AE2100000019AF21001E0018CE21001F
:101CD000010019D02100010018D22100000019D301
:101CE0002100000018D42100000019D521001E0099
:101CF00018F421000B011900230007001508230028
:101D00000000110923000000150A23000000110B38
:101D100023000000190C23001300182023000100E9
:101D2000192223000600152923000000112A230090
:101D30000000192B23005000187C23000000197D9F
:101D400023001D00189B2300180019B4230027004E
:101D500018DC2300050019E2230044001940240088
:101D60000A000E6024003B00199C24004D000EEA7E
:101D70002400150019002500B60018B72500000042
:101D800019B82500080018C12500000019C2250057
:101D9000350018F825000700190026006E00186F9E
:101DA0002600000019702600F700156827000000C3
:101DB000116927000000156A27000000116B270039
:101DC0000000156C27000000116D27000000156E43
:101DD00027000000116F2700000015702700000089
:101DE00011712700000015722700000011732700F1
:101DF00000001574270000001175270000000E7602
:101E000027001D00199427002B0018C0270004008C
:101E100015C52700000011C62700000018C72700BD
:101E20001E0015E62700000011E72700000015E856
:101E30002700000011E92700000015EA2700000034
:101E400011EB2700000015EC2700000011ED270022
:101E5000000015EE2700000011EF2700000018F029
:101E600027000F0019002800FF0018002900820039
:101E70001583290000001184290000001585290020
:101E80000000118629000000158729000000118834
:101E900029000000158929000000118A290000008E
:101EA000158B29000000118C29000000158D2900D8
:101EB0000000118E29000000158F290000001190EC
:101EC000290000001591290000001192290000004E
:101ED0001593290000001194290000001595290090
:101EE00000001196290000001597290000001198A4
:101EF00029000000189929003E0015D8290000008B
:101F000011D92900000015DA2900000011DB290091
:101F1000000018DC29001F0015FC2900000011FD3D
:101F20002900000018FE2900010119002B002F00D4
:101F300018302B00140019452B00010018472B0006
:101F40000500194D2B00260019762B001F0019974C
:101F50002B00680003002C00700004712C000000AE
:101F600003722C00010004742C00000003752C0087
:101F7000010004772C000400057C2C000100037E86
:101F80002C00650004E42C00000019E52C0005007D
:101F900003EB2C0003000BEF2C00020003F22C00DB
:101FA000010014F92C0003000EFD2C00000014FEAB
:101FB0002C00010003002D00250003272D00000048
:101FC000032D2D00000006302D003700056F2D0079
:101FD000000014702D0000000B7F2D000000068013
:101FE0002D00160006A02D00060006A82D000600F4
:101FF00006B02D00060006B82D00060006C02D0014
:10200000060006C82D00060006D02D00060006D8E2
:102010002D0006000BE02D001F0014002E00010013
:1020200013022E00000012032E00000013042E00E5
:10203000000012052E00000014062E0002001309F5
:102040002E000000120A2E000000140B2E000000CB
:10205000130C2E000000120D2E000000140E2E0096
:10206000080010172E00000014182E000100101A8E
:102070002E000000141B2E000000131C2E00000078
:10208000121D2E000000141E2E00010013202E0031
:10209000000012212E00000015222E000000112346
:1020A0002E00000015242E00000011252E00000037
:1020B00015262E00000011272E00000015282E00E6
:1020C000000011292E000000142A2E000400052F04
:1020D0002E00000014302E000900103A2E000100DE
:1020E000143C2E00030010402E00000014412E006E
:1020F000000015422E00000014432E000C00195061
:102100002E00010014522E00020015552E00000072
:1021100011562E00000015572E00000011582E00F9
:10212000000015592E000000115A2E000000155B0A
:102130002E000000115C2E000000105D2E0000003B
:1021400019802E001900199B2E00580019002F002D
:10215000D50019F02F000B001C0030000000140106
:1021600030000200190430000000050530000000B6
:102170000606300000000D07300000001508300092
:102180000000110930000000150A30000000110B9A
:1021900030000000150C30000000110D3000000070
:1021A000150E30000000110F300000001510300037
:1021B0000000111130000000191230000100151448
:1021C000300000001115300000001516300000002E
:1021D00011173000000015183000000011193000F0
:1021E0000000151A30000000111B30000000101C08
:1021F00030000000151D30000000111E30000100ED
:102200001920300000000D21300008000B2A30009A
:102210000300092E300001001030300000000531AD
:10222000300004001936300001000D383000020083
:10223000053B30000000063C30000000143D30003B
:102240000000193E300001000641300055000B9996
:1022500030000100179B30000100059D3000010097
:10226000069F3000000010A03000000006A13000E2
:10227000590014FB3000000005FC3000020006FF8E
:1022800030000000060531002A00063131005D00F3
:102290001990310001000E923100030019963100AF
:1022A000090006A031001F0019C03100230006F00C
:1022B00031000F00190032001E000E20320009000C
:1022C000192A32001D000E48320007001950320052
:1022D00000000E5132000E00196032001F000E8007
:1022E00032000900198A320026000EB132000E00B9
:1022F00019C032003F0106003400BF1919C04D005B
:102300003F0006004E0014520515A00000000616FE
:10231000A00076041990A400360006D0A40027007F
:1023200005F8A400050014FEA40001000600A500A5
:102330000B01050CA6000000140DA60002000610FB
:10234000A6000F000C20A6000900062AA600010026
:102350000340A6002D00066EA60000000B6FA6002D
:1023600000000A70A60002001473A60000000B749F
:10237000A6000900147EA6000000057FA60000004C
:102380000380A6001B00059CA60001000B9EA60072
:10239000010006A0A60045000DE6A60009000BF00E
:1023A000A600010014F2A60005001700A700160001
:1023B0000517A70008001720A70001000322A700A7
:1023C0000D000430A70001000332A7003D00057096
:1023D000A70000000471A70007000379A7000E0002
:1023E0000588A70000001789A7000100038BA7003C
:1023F0000200048EA7000000068FA70000000390D3
:10240000A70004000495A70000000396A700180089
:1024100004AFA700000003B0A7001A0003D0A70074
:10242000010004D3A700000004D5A700000003D6D4
:10243000A700030005F2A700020003F5A7000100B2
:1024400006F7A700000005F8A700010004FAA7009E
:10245000000006FBA70006000B02A8000000060310
:10246000A80002000B06A80000000607A800030051
:102470000B0BA8000000060CA80016000923A800FA
:1024800001000B25A80001000927A8000000192859
:10249000A80003000B2CA80000000E30A8000500C7
:1024A0001936A80001001638A80000001939A80044
:1024B00000000640A80033001474A800030009803F
:1024C000A80001000682A800310009B4A8000F008E
:1024D0000BC4A800010014CEA80001000CD0A80075
:1024E00009000BE0A800110006F2A800050014F88E
:1024F000A800020006FBA800000014FCA8000000D1
:1025000006FDA80001000BFFA80000000C00A900B8
:102510000900060AA9001B000B26A9000700142EBB
:10252000A90001000630A90016000B47A9000A0007
:102530000952A9000100145FA90000000660A9006B
:102540001C000B80A90002000983A900000006847A
:10255000A9002E000BB3A900000009B4A9000100D6
:102560000BB6A900030009BAA90001000BBCA90021
:10257000010009BEA900020014C1A9000C0005CF8A
:10258000A90000000CD0A900090014DEA900010078
:1025900006E0A90004000BE5A900000005E6A9007B
:1025A000000006E7A90008000CF0A900090006FADF
:1025B000A90004000600AA0028000B29AA000500B3
:1025C000092FAA0001000B31AA0001000933AA005B
:1025D00001000B35AA0001000640AA0002000B43CF
:1025E000AA0000000644AA0007000B4CAA00000045
:1025F000094DAA0000000C50AA000900145CAA00B2
:1026000003000660AA000F000570AA000000067112
:10261000AA0005001977AA000200067AAA000000A5
:10262000097BAA0000000B7CAA000000097DAA001B
:102630000000067EAA0031000BB0AA00000006B11F
:10264000AA0000000BB2AA00020006B5AA00010011
:102650000BB7AA00010006B9AA0004000BBEAA002D
:10266000010006C0AA0000000BC1AA00000006C2BB
:10267000AA00000006DBAA00010005DDAA00000098
:1026800014DEAA00010006E0AA000A0009EBAA0075
:1026900000000BECAA00010009EEAA00010014F0F2
:1026A000AA00010006F2AA00000005F3AA0001003A
:1026B00009F5AA0000000BF6AA0000000601AB0015
:1026C00005000609AB0005000611AB000500062059
:1026D000AB0006000628AB0006000430AB00220069
:1026E0000353AB0000000454AB000600175BAB00C3
:1026F0000000055CAB0003000460AB000800056946
:10270000AB000000176AAB0001000370AB004F0084
:1027100006C0AB00220009E3AB0001000BE5AB00F3
:10272000000009E6AB0001000BE8AB00000009E97E
:10273000AB00010014EBAB00000009ECAB000000A3
:102740000BEDAB0000000CF0AB0009000600AC0084
:10275000A32B06B0D700160006CBD700300002002E
:10276000D800FF070600F9006D010670FA00690045
:102770000400FB0006000413FB000400061DFB0020
:1027800000000B1EFB000000061FFB0009001829BB
:10279000FB000000062AFB000C000638FB000400CA
:1027A000063EFB0000000640FB0001000643FB0064
:1027B00001000646FB006B0017B2FB00100006D3B9
:1027C000FB006A01113EFD000000153FFD00000006
:1027D0001940FD000F000650FD003F000692FD006D
:1027E000350019CFFD00000006F0FD000B0016FCBF
:1027F000FD00000019FDFD0002000B00FE000F00AF
:102800001410FE0006001517FE0000001118FE004F
:1028100000001419FE0000000B20FE000F00143011
:10282000FE0000001031FE0001000F33FE00010029
:102830001535FE0000001136FE0000001537FE00C1
:1028400000001138FE0000001539FE000000113AAA
:10285000FE000000153BFE000000113CFE000000E1
:10286000153DFE000000113EFE000000153FFE0079
:1028700000001140FE0000001541FE000000114262
:10288000FE0000001543FE0000001144FE000000A1
:102890001445FE0001001547FE0000001148FE002F
:1028A00000001449FE0003000F4DFE00020014500A
:1028B000FE0002001454FE0003001058FE00000049
:1028C0001559FE000000115AFE000000155BFE00C5
:1028D0000000115CFE000000155DFE000000115EAE
:1028E000FE000000145FFE0002001862FE000000FF
:1028F0001063FE0000001864FE0002001468FE0071
:1029000000001669FE000000146AFE000100067057
:10291000FE0004000676FE00860001FFFE000000B7
:102920001401FF0002001604FF0000001405FF0060
:1029300002001508FF0000001109FF000000140A42
:10294000FF000000180BFF000000140CFF00000047
:10295000100DFF000000140EFF0001000C10FF001E
:102960000900141AFF000100181CFF000200141FC8
:10297000FF0001000321FF001900153BFF000000CC
:10298000143CFF000000113DFF000000173EFF0057
:1029900000000F3FFF0000001740FF000000034150
:1029A000FF001900155BFF000000185CFF0000002D
:1029B000115DFF000000185EFF000000155FFF00C2
:1029C00000001160FF0000001461FF0000001562AC
:1029D000FF0000001163FF0000001464FF0001000D
:1029E0000666FF0009000570FF0000000671FF0089
:1029F0002C00059EFF00010006A0FF001E0006C27D
:102A0000FF00050006CAFF00050006D2FF00050012
:102A100006DAFF00020016E0FF00010018E2FF00E6
:102A2000000017E3FF00000019E4FF00000016E5B6
:102A3000FF00010019E8FF00000018E9FF00030093
:102A400019EDFF00010001F9FF00020019FCFF0071
:102A50000100060000010B00060D00011900062808
:102A600000011200063C00010100063F00010E00BB
:102A7000065000010D00068000017A0014000101DB
:102A800002000E0701012C001937010108000D405A
:102A9000010134000E7501010300197901011000D4
:102AA0000E8A01010100198C010102001990010137
:102AB0000C0019A00101000019D001012C000BFD30
:102AC00001010000068002011C0006A00201300086
:102AD0000BE0020100000EE102011A0006000301F2
:102AE0001F000E2003010300062D030113000D41FA
:102AF000030100000642030107000D4A0301000024
:102B00000650030125000B76030104000680030133
:102B10001D00149F0301000006A00301230006C846
:102B20000301070014D0030100000DD103010400CC
:102B3000030004014F00065004014D000CA00401E5
:102B4000090003B00401230003D804012300060098
:102B500005012700063005013300146F0501000050
:102B6000037005010A00037C05010E00038C0501BA
:102B70000600039405010100039705010A0003A361
:102B800005010E0003B30501060003BB05010100AA
:102B90000600060136010640070115000660070120
:102BA000070005800701050005870701290005B218
:102BB00007010800060008010500060808010000DA
:102BC000060A08012B00063708010100063C08012F
:102BD0000000063F080116001457080100000E58B7
:102BE00008010700066008011600197708010100B6
:102BF0000E7908010600068008011E000EA70801D4
:102C0000080006E00801120006F4080101000EFBAE
:102C1000080104000600090115000E16090105004F
:102C2000141F09010000062009011900143F0901C1
:102C300000000680090137000EBC0901010006BE34
:102C4000090101000EC009010F000ED209012D007B
:102C500006000A0100000B010A0102000B050A012F
:102C600001000B0C0A01030006100A0103000615FF
:102C70000A01020006190A011C000B380A010200B1
:102C80000B3F0A0100000E400A01080014500A011F
:102C9000080006600A011C000E7D0A010100147F75
:102CA0000A01000006800A011C000E9D0A010200B4
:102CB00006C00A01070019C80A01000006C90A0176
:102CC0001B000BE50A0101000EEB0A01040014F0E1
:102CD0000A01060006000B01350014390B0106003D
:102CE00006400B0115000E580B01070006600B0192
:102CF00012000E780B01070006800B0111001499D9
:102D00000B0103000EA90B01060006000C01480090
:102D100003800C01320003C00C0132000EFA0C01DA
:102D2000050006000D0123000B240D0103000C30EB
:102D30000D0109000E600E011E0006800E01290023
:102D40000BAB0E01010010AD0E01000006B00E012C
:102D500001000BFD0E01020006000F011C000E1DFC
:102D60000F01090006270F01000006300F011500B2
:102D70000B460F010A000E510F01030014550F01FD
:102D8000040006700F0111000B820F01030014866E
:102D90000F01030006B00F0114000EC50F0106005D
:102DA00006E00F0116000900100100000B011001E0
:102DB00000000902100100000603100134000B3866
:102DC00010010E001447100106000E5210011300EE
:102DD0000C66100109000B70100100000671100153
:102DE00001000B73100101000675100100000B7F3C
:102DF00010010200098210010000068310012C005E
:102E000009B0100102000BB31001030009B7100153
:102E100001000BB91001010014BB1001010001BD3C
:102E20001001000014BE100103000BC210010000CD
:102E300001CD1001000006D0100118000CF01001A7
:102E400009000B00110102000603110123000B27EA
:102E500011010400092C110100000B2D11010700C4
:102E60000C36110109001440110103000644110140
:102E7000000009451101010006471101000006503C
:102E8000110122000B7311010000147411010100E3
:102E90000676110100000B80110101000982110169
:102EA0000000068311012F0009B3110102000BB6C7
:102EB0001101080009BF1101010006C11101030041
:102EC00014C5110103000BC91101030014CD110138
:102ED000000009CE110100000BCF110100000CD041
:102EE0001101090006DA1101000014DB11010000D4
:102EF00006DC1101000014DD110102000EE11101D8
:102F00001300060012011100061312011800092C0B
:102F1000120102000B2F12010200093212010100FE
:102F20000B34120100000935120100000B361201AA
:102F300001001438120105000B3E12010000063F8B
:102F4000120101000B41120100000680120106006F
:102F5000068812010000068A12010300068F120182
:102F60000E00069F1201090014A91201000006B00C
:102F700012012E000BDF1201000009E01201020015
:102F80000BE3120107000CF0120109000B00130102
:102F90000100090213010100060513010700060FD5
:102FA00013010100061313011500062A1301060080
:102FB0000632130101000635130104000B3B130117
:102FC0000100063D13010000093E130101000B4002
:102FD0001301000009411301030009471301010017
:102FE000094B130102000650130100000957130199
:102FF0000000065D130104000962130101000B6665
:10300000130106000B7013010400060014013400C4
:103010000935140102000B3814010700094014019E
:1030200001000B42140102000945140100000B4687
:1030300014010000064714010300144B140104009E
:103040000C5014010900145A14010100145D1401FC
:1030500000000B5E14010000065F140102000680F0
:1030600014012F0009B0140102000BB31401050074
:1030700009B9140100000BBA1401000009BB1401C6
:1030800003000BBF1401010009C1140100000BC2B1
:103090001401010006C41401010014C6140100004B
:1030A00006C7140100000CD01401090006801501A8
:1030B0002E0009AF150102000BB21501030009B87B
:1030C000150103000BBC1501010009BE150100002C
:1030D0000BBF1501010014C11501160006D815011A
:1030E00003000BDC15010100060016012F0009305A
:1030F000160102000B3316010700093B16010100FF
:103100000B3D16010000093E160100000B3F1601A1
:1031100001001441160102000644160100000C5083
:1031200016010900146016010C00068016012A0021
:103130000BAB1601000009AC160100000BAD160127
:10314000000009AE160101000BB01601050009B61A
:10315000160100000BB71601000006B816010000AA
:1031600014B9160100000CC0160109000600170171
:103170001A000B1D170102000920170101000B2284
:10318000170103000926170100000B27170104008F
:103190000C30170109000E3A17010100143C170109
:1031A0000200193F17010000064017010600060043
:1031B00018012B00092C180102000B2F1801080020
:1031C0000938180100000B3918010100143B1801DF
:1031D000000003A018013F000CE0180109000EEAEE
:1031E0001801080006FF1801070006091901000070
:1031F000060C19010700061519010100061819012E
:1032000017000930190105000937190101000B3BAE
:1032100019010100093D190100000B3E19010000D0
:10322000063F19010000094019010000064119017B
:1032300000000942190100000B4319010000144469
:10324000190102000C501901090006A0190107001C
:1032500006AA1901260009D1190102000BD419018F
:1032600003000BDA1901010009DC190103000BE06E
:103270001901000006E11901000014E21901000023
:1032800006E31901000009E41901000006001A0113
:1032900000000B011A010900060B1A0127000B336D
:1032A0001A01050009391A010000063A1A01000046
:1032B0000B3B1A010300143F1A0107000B471A01C8
:1032C000000006501A0100000B511A0105000957B1
:1032D0001A0101000B591A010200065C1A012D00A7
:1032E0000B8A1A010C0009971A0100000B981A01A9
:1032F0000100149A1A010200069D1A010000149E92
:103300001A01040006B01A01480014001B0109004C
:1033100006001C010800060A1C012400092F1C01DC
:1033200000000B301C0106000B381C010500093E93
:103330001C0100000B3F1C01000006401C010000A6
:1033400014411C0104000C501C0109000E5A1C0100
:10335000120014701C01010006721C011D000B926A
:103360001C01150009A91C0100000BAA1C01060084
:1033700009B11C0100000BB21C01010009B41C01C1
:1033800000000BB51C01010006001D010600060827
:103390001D010100060B1D0125000B311D0105005B
:1033A0000B3A1D0100000B3C1D0101000B3F1D01EC
:1033B000060006461D0100000B471D0100000C50D1
:1033C0001D01090006601D01050006671D010100C1
:1033D000066A1D011F00098A1D0104000B901D01D2
:1033E000010009931D0101000B951D0100000996C4
:1033F0001D0100000B971D01000006981D01000033
:103400000CA01D01090006E01E0112000BF31E01B5
:10341000010009F51E01010014F71E0101000B0057
:103420001F01010006021F01000009031F01000027
:1034300006041F010C0006121F01210009341F01A0
:1034400001000B361F010400093E1F0101000B4063
:103450001F01000009411F0100000B421F01000075
:1034600014431F010C000C501F01090006B01F017E
:1034700000000EC01F01140019D51F01070016DD42
:103480001F01030019E11F01100014FF1F010000BC
:103490000600200199030D0024016E001470240120
:1034A000040006802401C30006902F01600014F17F
:1034B0002F010100060030012F04013034010F00FC
:1034C0000B40340100000641340105000B47340174
:1034D0000E0006004401460206006801380206405C
:1034E0006A011E000C606A010900146E6A01010085
:1034F00006706A014E000CC06A01090006D06A011C
:103500001D000BF06A01040014F56A0100000600BA
:103510006B012F000B306B01060014376B010400A8
:10352000193C6B01030005406B01030014446B015F
:10353000000019456B0100000C506B0109000E5B87
:103540006B01060006636B011400067D6B0112001F
:1035500003406E013F000E806E01160014976E014D
:10356000030006006F014A000B4F6F010000065078
:103570006F01000009516F0136000B8F6F010300CE
:1035800005936F010C0005E06F01010014E26F016B
:10359000000005E36F0100000BE46F01000009F07B
:1035A0006F01010006007001F71706008801D504BD
:1035B00006008D01080005F0AF01030005F5AF011D
:1035C000060005FDAF0101000600B0012201063230
:1035D000B10100000650B10102000655B101000022
:1035E0000664B10103000670B1018B010600BC0145
:1035F0006A000670BC010C000680BC010800069041
:10360000BC010900199CBC0100000B9DBC0101001C
:10361000149FBC01000001A0BC0103000B00CF01FE
:103620002D000B30CF0116001950CF017300190087
:10363000D001F5001900D10126001929D1013B0064
:103640000965D10101000B67D1010200196AD1019E
:103650000200096DD10105000173D10107000B7B48
:10366000D10107001983D10101000B85D1010600AA
:10367000198CD1011D000BAAD101030019AED10193
:103680003C001900D20141000B42D2010200194551
:10369000D20100000EC0D20113000EE0D2011300CF
:1036A0001900D30156000E60D30118000800D401A0
:1036B0001900041AD40119000834D4011900044E69
:1036C000D40106000456D40111000868D401190081
:1036D0000482D4011900089CD4010000089ED40182
:1036E000010008A2D401000008A5D401010008A926
:1036F000D401030008AED401070004B6D4010300CE
:1037000004BBD401000004BDD401060004C5D401EB
:103710000A0008D0D401190004EAD40119000804F1
:10372000D50101000807D5010300080DD5010700E8
:103730000816D5010600041ED50119000838D50168
:103740000100083BD50103000840D50104000846EC
:10375000D5010000084AD50106000452D501190020
:10376000086CD50119000486D501190008A0D501FF
:10377000190004BAD501190008D4D501190004EEC6
:10378000D50119000808D60119000422D601190034
:10379000083CD60119000456D60119000870D6015C
:1037A0001900048AD6011B0008A8D601180018C108
:1037B000D601000004C2D601180018DBD6010000B3
:1037C00004DCD601050008E2D601180018FBD6017A
:1037D000000004FCD60118001815D70100000416DB
:1037E000D7010500081CD70118001835D7010000C3
:1037F0000436D7011800184FD70100000450D70134
:1038000005000856D7011800186FD7010000047092
:10381000D70118001889D7010000048AD7010500D4
:103820000890D701180018A9D701000004AAD701F1
:10383000180018C3D701000004C4D701050008CA46
:10384000D701000004CBD70100000CCED701310016
:103850001900D801FF010B00DA0136001937DA012F
:1038600003000B3BDA013100196DDA0107000B751B
:10387000DA0100001976DA010D000B84DA0100008C
:103880001985DA0101001487DA0104000B9BDA01C3
:1038900004000BA1DA010E000400DF010900060A92
:1038A000DF010000040BDF0113000425DF01050028
:1038B0000B00E00106000B08E00110000B1BE0010B
:1038C00006000B23E00101000B26E0010400053097
:1038D000E0013D000B8FE00100000600E1012C003B
:1038E0000B30E10106000537E10106000C40E10163
:1038F0000900064EE1010000194FE10100000690A9
:10390000E2011D000BAEE201000006C0E2012B0047
:103910000BECE20103000CF0E201090016FFE201EA
:10392000000006D0E4011A0005EBE40100000BECF6
:10393000E40103000CF0E401090006E0E7010600E1
:1039400006E8E701030006EDE701010006F0E701E4
:103950000E000600E801C4000EC7E80108000BD005
:10396000E80106000300E90143000B44E9010600F9
:10397000054BE90100000C50E9010900145EE90162
:1039800001000E71EC013A0019ACEC0100000EAD23
:10399000EC01020016B0EC0100000EB1EC010300D6
:1039A0000E01ED012C00192EED0100000E2FED018E
:1039B0000E000600EE0103000605EE011A000621C6
:1039C000EE0101000624EE0100000627EE010000D2
:1039D0000629EE0109000634EE0103000639EE0166
:1039E0000000063BEE0100000642EE010000064723
:1039F000EE0100000649EE010000064BEE0100005A
:103A0000064DEE0102000651EE0101000654EE01E2
:103A100000000657EE0100000659EE010000065BAB
:103A2000EE010000065DEE010000065FEE01000001
:103A30000661EE0101000664EE0100000667EE017A
:103A40000300066CEE0106000674EE010300067921
:103A5000EE010300067EEE0100000680EE01090083
:103A6000068BEE01100006A1EE01020006A5EE0194
:103A7000040006ABEE01100018F0EE010100190081
:103A8000F0012B001930F001630019A0F0010E00C5
:103A900019B1F0010E0019C1F0010E0019D1F001A9
:103AA00024000E00F1010C00190DF101A00019E62F
:103AB000F1011C001910F2012B001940F20108005D
:103AC0001950F20101001960F20105001900F3011B
:103AD000FA0017FBF30104001900F401D70219DC06
:103AE000F601100019F0F6010C001900F70176003C
:103AF000197BF7015E0019E0F7010B0019F0F701DF
:103B000000001900F8010B001910F80137001950D6
:103B1000F80109001960F80127001990F8011D004B
:103B200019B0F80101001900F90153011960FA01F7
:103B30000D001970FA010C001980FA0108001990A3
:103B4000FA012D0019BFFA01060019CEFA010D0085
:103B500019E0FA01080019F0FA0108001900FB0148
:103B600092001994FB0136000CF0FB0109000600DD
:103B70000002DFA60600A70239100640B702DD00EA
:103B80000620B802811606B0CE02301D0600F802EB
:103B90001D02060000034A13065013035F100101C3
:103BA000000E00000120000E5F000B00010EEF0070
:103BB0000000000000000000000000000000000005
:103BC00000000000000000000000000000000000F5
:103BD00000000000000000000000000000000000E5
:103BE0001011121314151617181900000000000008
:103BF000001A1B1C1D1E1F0000000000000000001A
:103C000000000000000000000000000000000000B4
:103C1000001A1B1C1D1E1F000000000000000000F9
:103C20000000000000000000000000000000000094
:103C30000000000000000000000000000000000084
:103C40000000000000000000000000000000000074
:103C50000000000000000000000000000000000064
:103C60000000000000000000000000000000000054
:103C70000000000000000000000000000000000044
:103C80000000000000000000000000000000000034
:103C90000000000000000000000000000000000024
:103CA0000000000000000000000000000000000014
:103CB00005000000190000007D0000000000000069
:103CC0000080E03779C34143176E05B5B5B8934618
:103CD000F5F93FE9034F384D321D30F94877825AE4
:103CE0003CBF737FDD4F1575000000000000F03F02
:103CF00000000000000024400000000000005940C7
:103D00000000000000408F40000000000088C34019
:103D100000000000006AF8400000000080842E418E
:103D200000000000D01263410000000084D79741DA
:103D30000000000065CDCD41000000205FA00242E0
:103D4000000000E876483742000000A2941A6D4255
:103D5000000040E59C30A2420000901EC4BCD64248
:103D600000003426F56B0C430080E03779C34143F3
:103D700000A0D8855734764300C84E676DC1AB4369
:103D8000003D9160E458E143408CB5781DAF154487
:103D900050EFE2D6E41A4B4492D54D06CFF0804462
:103DA000F64AE1C7022DB544B49DD9794378EA4477
:083DB000A030FF7F01000000BC
:103DB80020CD00102CCD001038CD001044CD0010BF
:103DC80050CD00105CCD001068CD001074CD0010EF
:043DD800C0CE001049
:103DDC00034600B50268EFF3108C72B6D2E8CFEF51
:103DEC000120BEF1000FF9D1C2E84E0FBEF1000F59
:103DFC00F4D1BFF35F8F93F90420002A0ADB01B1E1
:103E0C000A60002000221B68C3E88F2F8CF31088F7
:103E1C005DF804FB4FF05042126801201A71F1E773
:103E2C004FF050412DE9F0410027044616461D463F
:103E3C00D1F8008008E0C1E88F7F8CF31088304601
:103E4C00294601F0F5F9E8B92168EFF3108C72B648
:103E5C00D1E8CF2F0123002AFAD1C1E8423F002A32
:103E6C00F6D1BFF35F8F94F904302168002BE2DAAE
:103E7C00002384F80480C1E88F3F8CF31088012064
:103E8C00BDE8F0810020BDE8F08100BF30B50468CA
:103E9C00EFF3108C72B6D4E8CFEF0125BEF1000F12
:103EAC00F9D1C4E84E5FBEF1000FF4D1BFF35F8FC0
:103EBC0090F904400568002C10DB0021C5E88F1F29
:103ECC008CF310884FF0504595F90050A54201D164
:103EDC00084630BDBDE83040FFF7A2BF4FF050425E
:103EEC00126800230271C5E88F3F8CF31088012003
:103EFC0030BD00BF70B505460C4601F0A9F902466D
:103F0C000B464FF47A704FF0FF3E6FF0004CE4FB21
:103F1C00002396457CEB030138BF72462846BDE86A
:103F2C00704038BF6346FFF77BBF00BF0368EFF3F9
:103F3C00108272B6D3E8CFCF0121BCF1000FF9D1BA
:103F4C00C3E84C1FBCF1000FF4D1BFF35F8F4FF0EF
:103F5C00FF0C0023016880F804C0C1E88F3F82F396
:103F6C00108840BF704700BF002108B5134B4FF4B9
:103F7C00707299601248D960196159619961D9615F
:103F8C00196259629962D962196359639963D96349
:103F9C00196459649964D964196559659965D96529
:103FAC00196659669966D966196759679967D96709
:103FBC0001F04AF9034B044A1A6008BD0000105086
:103FCC00BC45002084490020800110502DE9F04FA1
:103FDC001F4B85B0D3F858A0BAF1000F22D00024A3
:103FEC0001254FF4E069DFF870801A4F01E0202CB6
:103FFC0018D00AEA0502611C2346AB46CCB26D0010
:10400C00002AF4D004F0010203F0FE06164407EB7C
:10401C0046163046C8F858B000F00AFC28B93AEAFF
:10402C000B0AE4D105B0BDE8F08F00238DF8093000
:10403C00B37801A88DF80830F38A0121ADF804900B
:10404C00039300F013FC304600F098FBE7E700BF49
:10405C00000011507C45002000301150F0B5BB4BD6
:10406C0085B0D3F8985015F4003674D0B84BB94CD1
:10407C00996A94F83B30B84A022B116000F0D48056
:10408C00002694F87B30022B00F03B8194F8BB3077
:10409C00022B00F07D8194F8FB30022B00F06C8138
:1040AC0094F83B31022B00F0448194F87B31022BC5
:1040BC0000F0338194F8BB31022B00F0B68194F8F8
:1040CC00FB31022B00F0A68194F83B32022B00F05E
:1040DC00968194F87B32022B00F0868194F8BB32E7
:1040EC00022B00F0768194F8FB32022B00F06681F3
:1040FC0094F83B33022B00F0568194F87B33022B5F
:10410C0000F0A48094F8BB33022B00F0998194F852
:10411C00FB33022B00F0B4803EB9904B1B7823B9D3
:10412C004FF400328E4BC3F890204FF44072874B03
:10413C0001219B6C01A8C3F30A03ADF80420029380
:10414C0000F094FBEA064FF40036864C07D5FFF7D7
:10415C003DFF264603E0EA064FF01004F7D4EB03CC
:10416C0022D57C4C46F48036A37E002B40F09980FF
:10417C00012394F83A20E370002A40F0AD8001232B
:10418C004FF4C061784A84F82330ADF8041092E8FB
:10419C00030004AA02E90300194601A800F066FB1B
:1041AC004FF400326E4B1A65E90408D46A041DD42E
:1041BC002B042AD4AE4240F0C58105B0F0BD0024DA
:1041CC00624B46F480561C60FFF7CEFE4FF48073B2
:1041DC00012101A8ADF804308DF8084000F046FB31
:1041EC004FF400225E4B1A656A04E1D54FF48063EC
:1041FC00012101A8ADF8043000F038FB1022584B17
:10420C0046F480461A652B04D4D54FF4A0630121E3
:10421C0001A8ADF8043000F029FB4FF40062504BBC
:10422C0046F400461A65C5E794F83A60002E3FF450
:10423C0028AF94F83C30002B3FF423AF002304F15B
:10424C00200084F83C3000F0C1FA1AE794F87A7335
:10425C00002F3FF457AF94F87C33002B40F064816F
:10426C0094F8BB33022B40F0F48094F8BA33002B53
:10427C0040F0EB8094F8FB33022B7FF456AF3E46B4
:10428C0094F8FA33002B3FF447AF94F8FC33002B2F
:10429C003FF44BAF0023354884F8FC3300F096FA1A
:1042AC0043E70221324B294A1966536E9F07FCD50E
:1042BC004FF440520021274800F066FA254800F0E0
:1042CC005DFA0222264B5A661A66012394F83A20AC
:1042DC00E370002A3FF453AF254A1366A2F500524F
:1042EC00536ED807FCD54FF440520021214800F002
:1042FC004BFA204800F042FA0122194B5A661A6612
:10430C003DE794F87A70002F3FF4C0AE94F87C30FF
:10431C00002B40F001813E46B8E694F87A71002FEC
:10432C003FF4C8AE94F87C31002B40F0ED803E4653
:10433C00C0E694F83A71002F3FF4B7AE94F83C31D4
:10434C00002B40F0D9803E46AFE600BF0000115074
:10435C0000000B407C4500202C2600206E8800209D
:10436C000030115010000200000010505C49002079
:10437C00002011509C45002094F8FA70002F3FF457
:10438C008FAE94F8FC30002B40F08E803E4687E6D2
:10439C0094F8BA70002F3FF47EAE94F8BC30002B2A
:1043AC007AD13E4677E694F83A73002F3FF4A5AEE7
:1043BC0094F83C33002B57D13E469EE694F8FA72A3
:1043CC00002F3FF495AE94F8FC32002B5CD13E46A6
:1043DC008EE694F8BA72002F3FF485AE94F8BC3296
:1043EC00002B49D13E467EE694F87A72002F3FF4BA
:1043FC0075AE94F87C32002B76D13E466EE694F87E
:10440C003A72002F3FF465AE94F83C32002B63D126
:10441C003E465EE694F8FA71002F3FF455AE94F8E0
:10442C00FC31002B50D13E464EE694F8BA71002F69
:10443C003FF445AE94F8BC31002B3DD13E463EE6F0
:10444C0094F8BA33002B3FF462AE94F8BC33002BD3
:10445C0071D194F8FB33022B7FF467AE94F8FA33E6
:10446C00002B3FF462AE10E70023394884F83C334C
:10447C003E4600F0ABF940E60023364884F8BC32E7
:10448C003E4600F0A3F92EE60023334884F8FC32B4
:10449C003E4600F09BF92BE60023304884F8BC30F4
:1044AC003E4600F093F9F6E500232D4884F8FC30E5
:1044BC003E4600F08BF9F3E500232A4884F8BC3122
:1044CC003E4600F083F9FAE50023274884F8FC31D6
:1044DC003E4600F07BF9F7E50023244884F83C3293
:1044EC003E4600F073F9F4E50023214884F87C3251
:1044FC003E4600F06BF9F1E500231E4884F83C3190
:10450C003E4600F063F9D0E500231B4884F87C316B
:10451C003E4600F05BF9CDE50023184884F87C306A
:10452C003E4600F053F9B1E50023154884F87C337E
:10453C0000F04CF994E60023124884F8BC3300F0E8
:10454C0045F986E7104886EA050100F075FE00BFC4
:10455C009C4800201C4800205C4800201C46002081
:10456C005C4600201C4700205C4700209C47002034
:10457C00DC4700209C460020DC460020DC45002067
:10458C00DC4800201C49002064CB00102DE9F047CA
:10459C00848A058BC278A54228BF2546171E18BFF2
:1045AC000127641B467882F00102A4B20346C27054
:1045BC00848245F4806040EA4730A6BBD3E90326E9
:1045CC006F1E02EB811E55B3052F98BF721C31D99B
:1045DC0002EB811C721CACEB0204022C2AD9324671
:1045EC004FEA95094FEA890A06EB890852F8044B01
:1045FC0042454CF8044BF9D15545A7EB0A070EEB95
:10460C000A040AD016F829600EF829602FB15678E2
:10461C00012F667001D09278A2701E699C8A2E447C
:10462C001E6140F400400CB940F4804001B100041C
:10463C00BDE8F0870EF1FF3E2E4400E0013212F887
:10464C00014CB2420EF8014FF8D1E6E783680246FE
:10465C00186801B1000C5378C0F30900002B3CD052
:10466C002DE9F041D2E90334461E03EB811E40B321
:10467C00052E3BD989014D1C1D44651B022D35D9D6
:10468C007346214600F47F774FEA9008FD1853F8E3
:10469C0004CBAB4241F804CBF9D1B842A6EB0706E8
:1046AC0004EB07030EEB07010AD01EF8285004F8A0
:1046BC0028502EB14C78012E5C7001D089789970FD
:1046CC001469D38A04440344D382138B1461834248
:1046DC0084BF00239382BDE8F081D38A0344D38244
:1046EC00138B834284BF002393827047013C0EEBF3
:1046FC0000011EF8013B714504F8013FF9D1DFE7D9
:10470C0010B50446836800211B68FFF79FFF6368A0
:10471C001B685B0002D5238B834200D010BD204662
:10472C00BDE810400121FFF791BF00BF084B1B6C87
:10473C0013F0020302D18278D20901D10020704714
:10474C00C07EA0F10200B0FA80F04009704700BFB3
:10475C000000115008B5FFF7E9FF50B1054A064BB0
:10476C00906A1B68A0F54870C01AC6288CBF002040
:10477C00012008BD00000B402C2600200023C0E9BE
:10478C0004338376704700BF10B5836809B11C6889
:10479C00214082B1114352050DD51A6854050CD431
:1047AC00084A21F480641C60126C920703D40C2319
:1047BC00033BFDD28368196010BD8178024800F07C
:1047CC003BFD00BF0000115078CB001030B54368A2
:1047DC00002183B004461D68FFF7D8FE134B40F44C
:1047EC008052196CA37889070ED55B060ED025F084
:1047FC00A04545F000550021204663681D6003B0BC
:10480C00BDE83040FFF7C0BFDB09F0D0A38A002B16
:10481C00EDD0012120460192FFF7B8FE019A25F058
:10482C000055024345F0A045E5E700BF00001150DC
:10483C0038B5857E044695B1FFF762FFA38A0BB9A4
:10484C00284638BD2046FFF785FF20B1012323778A
:10485C000025284638BD2046FFF7B8FFF8E78178D9
:10486C00014800F0E9FC00BF98CB00102DE9F043A3
:10487C0043788146023B0D4685B0042B13D8DFE804
:10488C0003F0034A6A73440000217B4B1A7822F030
:10489C0001021A701A7822F002021A7059701A78F2
:1048AC0061F382021A70754B1C686369EFF3108216
:1048BC0072B6D3E8CF0F01210028FAD1C3E8401F0C
:1048CC000028F6D1BFF35F8FA2614946204600F065
:1048DC00ABFC00236269C2E88F3FA36983F31088A5
:1048EC0048B94FF0E023D3F8F03DDB070AD500BE02
:1048FC0005B0BDE8F0832A4699F8011099F800003C
:10490C0000F09EFC05B0BDE8F0835D4A13780133DE
:10491C00DBB21370C7E700245A4E23463178DFF818
:10492C006C81594F11E03B6813EB441307D0DB69E2
:10493C002BB1D9F8041099F800009847317801345C
:10494C00E4B24A1CA242234617DBA142EBD85B1A05
:10495C0008EB4313EBE7484B1A78D607D2D51A78F5
:10496C0042F004021A709EE7434B1A78D407C9D55B
:10497C001A7822F004021A7095E73F4C23785807F6
:10498C003AD4E378DA07BDD5032300263B4A99F8DD
:10499C0000101468D9F804208DF804108DF8053037
:1049AC006369CDF80660CDF80A60ADF80E6002922E
:1049BC00EFF3108272B6D3E8CF0F01210028FAD1A1
:1049CC00C3E8401F0028F6D1BFF35F8F2046A261D9
:1049DC0001A900F029FC6369C3E88F6FA36983F315
:1049EC00108800283FF47DAF2A469DF805109DF8ED
:1049FC00040000F025FC85E72378002723F004034E
:104A0C00237005231D4A8DF80530166899F800208F
:104A1C00ADF80E708DF804207369CDF80670CDF8E2
:104A2C000A70EFF3108272B6D3E8CF0F0121002881
:104A3C00FAD1C3E8401F0028F6D1BFF35F8F304690
:104A4C00B26101A900F0F0FB7369C3E88F7FB36911
:104A5C0083F3108838B94FF0E023D3F8F03DD90731
:104A6C008FD500BE8DE72A469DF805109DF80400F1
:104A7C0000F0E6FB85E700BFE02100203822002093
:104A8C006F8800206D880020102000204CCF001073
:104A9C0081F0004102E000BF83F0004330B54FEAE3
:104AAC0041044FEA430594EA050F08BF90EA020F50
:104ABC001FBF54EA000C55EA020C7FEA645C7FEAE3
:104ACC00655C00F0E2804FEA5454D4EB5555B8BF06
:104ADC006D420CDD2C4480EA020281EA030382EA77
:104AEC00000083EA010180EA020281EA0303362D09
:104AFC0088BF30BD11F0004F4FEA01314FF4801CDC
:104B0C004CEA113102D0404261EB410113F0004FED
:104B1C004FEA03334CEA133302D0524263EB4303A4
:104B2C0094EA050F00F0A780A4F10104D5F1200E42
:104B3C000DDB02FA0EFC22FA05F2801841F100019D
:104B4C0003FA0EF2801843FA05F359410EE0A5F171
:104B5C0020050EF1200E012A03FA0EFC28BF4CF0A2
:104B6C00020C43FA05F3C01851EBE37101F0004558
:104B7C0007D54FF0000EDCF1000C7EEB00006EEB65
:104B8C000101B1F5801F1BD3B1F5001F0CD34908EF
:104B9C005FEA30004FEA3C0C04F101044FEA445246
:104BAC0012F5800F80F09A80BCF1004F08BF5FEACD
:104BBC00500C50F1000041EB045141EA050130BDAD
:104BCC005FEA4C0C404141EB0101013C28BFB1F5BF
:104BDC00801FE9D291F0000F04BF01460020B1FA0A
:104BEC0081F308BF2033A3F10B03B3F120020CDADD
:104BFC000C3208DD02F1140CC2F10C0201FA0CF0BB
:104C0C0021FA02F10CE002F11402D8BFC2F1200C1F
:104C1C0001FA02F120FA0CFCDCBF41EA0C019040D5
:104C2C00E41AA2BF01EB0451294330BD6FEA04041E
:104C3C001F3C1CDA0C340EDC04F11404C4F1200209
:104C4C0020FA04F001FA02F340EA030021FA04F31B
:104C5C0045EA030130BDC4F10C04C4F1200220FA72
:104C6C0002F001FA04F340EA0300294630BD21FAB0
:104C7C0004F0294630BD94F0000F83F4801306BF76
:104C8C0081F480110134013D4EE77FEA645C18BF6A
:104C9C007FEA655C29D094EA050F08BF90EA020F01
:104CAC0005D054EA000C04BF1946104630BD91EAF9
:104CBC00030F1EBF0021002030BD5FEA545C05D1FC
:104CCC004000494128BF41F0004130BD14F580043B
:104CDC003CBF01F5801130BD01F0004545F0FE41AF
:104CEC0041F470014FF0000030BD7FEA645C1ABFE4
:104CFC00194610467FEA655C1CBF0B46024650EA1B
:104D0C00013406BF52EA033591EA030F41F4002146
:104D1C0030BD00BF90F0000F04BF0021704730B5CC
:104D2C004FF4806404F132044FF000054FF00001A1
:104D3C0050E700BF90F0000F04BF0021704730B562
:104D4C004FF4806404F1320410F0004548BF404237
:104D5C004FF000013EE700BF42004FEAE2014FEA8C
:104D6C0031014FEA02701FBF12F07F4393F07F4F67
:104D7C0081F06051704732F07F4208BF704793F06A
:104D8C007F4F04BF41F40021704730B54FF460747D
:104D9C0001F0004521F000411CE700BF50EA010280
:104DAC0008BF704730B54FF000050AE050EA010229
:104DBC0008BF704730B511F0004502D5404261EB99
:104DCC0041014FF4806404F132045FEA915C3FF4DA
:104DDC00D8AE4FF003025FEADC0C18BF03325FEA77
:104DEC00DC0C18BF033202EBDC02C2F1200300FA28
:104DFC0003FC20FA02F001FA03FE40EA0E0021FA4D
:104E0C0002F11444BDE600BF7BB972B90029BEBFE4
:104E1C0000204FF0004106E008BF00281CBF6FF0D7
:104E2C0000414FF0FF3000F0FDB9ADF1080C6DE919
:104E3C0004CE002909DB002B1ADB00F04DF8DDF85D
:104E4C0004E0DDE9022304B07047404261EB41010C
:104E5C00002B1BDB00F040F8DDF804E0DDE9022359
:104E6C0004B0404261EB4101524263EB4303704793
:104E7C00524263EB430300F02FF8DDF804E0DDE968
:104E8C00022304B0404261EB41017047524263EB94
:104E9C00430300F021F8DDF804E0DDE9022304B05F
:104EAC00524263EB4303704753B94AB9002908BF18
:104EBC0000281CBF4FF0FF314FF0FF3000F0B2B9AB
:104ECC00ADF1080C6DE904CE00F006F8DDF804E055
:104EDC00DDE9022304B070472DE9F04F8C46099EA2
:104EEC0004460F46002B48D18A4215465ED9B2FAC9
:104EFC0082F33BB1C3F120029F409D409C4020FABD
:104F0C0002F217434FEA154E1FFA85FC220CB7FB31
:104F1C00FEF10EFB117701FB0CF042EA07429042C6
:104F2C0007D9AA1801F1FF3702D2904200F258813A
:104F3C003946121AA4B2B2FBFEF00EFB102200FB93
:104F4C000CFC44EA0244A4450BD92C1900F1FF32A5
:104F5C002CBF01270027A44502D9002F00F0438164
:104F6C00104640EA0140A4EB0C0400211EB1DC40C9
:104F7C000023C6E90043BDE8F08F8B4206D90EB181
:104F8C00C6E9000100210846BDE8F08FB3FA83F1B1
:104F9C00002951D16345C0F01681824240F2138141
:104FAC000846002EE7D0C6E90047E4E7002A00F0E7
:104FBC00AF80B2FA82F3002B40F0C2808A1A4FEA1B
:104FCC00154EAFB20121200CB2FBFEFC0EFB1C22D5
:104FDC0040EA024207FB0CF090420ED9AA180CF1E1
:104FEC00FF382CBF4FF001094FF00009904203D954
:104FFC00B9F1000F00F0F080C446121AA4B2B2FB53
:10500C00FEF00EFB102200FB07F744EA0244A74215
:10501C000ED92C1900F1FF322CBF4FF0010E4FF0BE
:10502C00000EA74203D9BEF1000F00F0D28010464B
:10503C00E41B40EA0C4099E7C1F120058B400CFAC7
:10504C0001F400FA01F922FA05F72CFA05FC8A4062
:10505C001F4320FA05F3380C23431FFA87FE1C0C60
:10506C00BCFBF0F800FB18CC44EA0C4408FB0EFC2B
:10507C00A4450ED93C1908F1FF3A2CBF4FF0010B97
:10508C004FF0000BA44503D9BBF1000F00F0B88022
:10509C00D046A4EB0C041FFA83FCB4FBF0F300FB2A
:1050AC00134403FB0EFE4CEA0444A6450ED93C19EE
:1050BC0003F1FF302CBF4FF0010C4FF0000CA64554
:1050CC0003D9BCF1000F00F09F80034643EA08406F
:1050DC00A4EB0E04A0FB02EC64457346E04602D33D
:1050EC0007D1F14505D2BEEB02036CEB070C01387E
:1050FC00E0465EB1B9EB030264EB080404FA05F573
:10510C0022FA01F3CC401D43C6E90054002132E7DA
:10511C0042082F464B08AC4642EAC172AE46C40761
:10512C00110C92B241EA034142EA0142B1FBF5F1A2
:10513C00B3FBF5F01F23A2EB0C0241EA004142E75E
:10514C009D40C3F1200299409C402CFA02FC4FEA8E
:10515C00154E20FA02F2AFB2BCFBFEF80A430EFB6E
:10516C0018CC110C41EA0C4108FB07FC8C4550D9BA
:10517C00691808F1FF302CBF4FF001094FF00009FE
:10518C008C4502D9B9F1000F30D0A1EB0C01B1FB69
:10519C00FEF808FB07FC0EFB181192B242EA014222
:1051AC00624534D2AA1808F1FF312CBF4FF0010927
:1051BC004FF000096245BED2B9F1000FBBD1A8F186
:1051CC0002012A44B7E7841A6CEB0302012017464C
:1051DC00E7E62C4402382BE7ACF1020C2A440CE72E
:1051EC0002392A44A5E62C440238BAE6A5EB0C0C8D
:1051FC00A8F102006144B1FBFEF808FB07FCCAE70A
:10520C00A8F102083C4444E7023B3C445EE74146BB
:10521C0091E7A1EB0C014046B1FBFEF808FB07FC43
:10522C00B9E700BF704700BF5FF800F02D600010B9
:10523C005FF800F0551200105FF800F04904001000
:10524C005FF800F0554600105FF800F0696D001033
:10525C005FF800F05D13001010000000000000006B
:10526C00000001000000000000000000000002002F
:10527C00000000000000000000000300000000001F
:10528C00000000000000FF000000000001B54868AD
:10529C0001318E460047704609380149884701BDE7
:1052AC00BD0800100000000000000000000000001D
:1052BC000000000000000000101D0020013E001046
:1052CC00AD3D0010253D0010953C00100000000085
:1052DC00000100003C22002010000C000000000027
:1052EC0000000000000000000000000000000000B2
:1052FC00FF000000FFFFFFFF0000020000000000A5
:10530C0000000000000000004016002040160020A5
:10531C004816002048160020501600205016002079
:10532C005816002058160020601600206016002029
:10533C0068160020681600207016002070160020D9
:10534C007816002078160020801600208016002089
:10535C008816002088160020901600209016002039
:10536C009816002098160020A0160020A0160020E9
:10537C00A8160020A8160020B0160020B016002099
:10538C00B8160020B8160020C0160020C016002049
:10539C00C8160020C8160020D0160020D0160020F9
:1053AC00D8160020D8160020E0160020E0160020A9
:1053BC00E8160020E8160020F0160020F016002059
:1053CC00F8160020F8160020001700200017002007
:1053DC0008170020081700201017002010170020B5
:1053EC001817002018170020201700202017002065
:1053FC002817002028170020301700203017002015
:10540C0038170020381700204017002040170020C4
:10541C004817002048170020501700205017002074
:10542C005817002058170020601700206017002024
:10543C0068170020681700207017002070170020D4
:10544C007817002078170020801700208017002084
:10545C008817002088170020901700209017002034
:10546C009817002098170020A0170020A0170020E4
:10547C00A8170020A8170020B0170020B017002094
:10548C00B8170020B8170020C0170020C017002044
:10549C00C8170020C8170020D0170020D0170020F4
:1054AC00D8170020D8170020E0170020E0170020A4
:1054BC00E8170020E8170020F0170020F017002054
:1054CC00F8170020F8170020001800200018002002
:1054DC0008180020081800201018002010180020B0
:1054EC001818002018180020201800202018002060
:1054FC002818002028180020301800203018002010
:10550C0038180020381800204018002040180020BF
:10551C00481800204818002050180020501800206F
:10552C00581800205818002060180020601800201F
:10553C0068180020681800207018002070180020CF
:10554C00781800207818002080180020801800207F
:10555C00881800208818002090180020901800202F
:10556C009818002098180020A0180020A0180020DF
:10557C00A8180020A8180020B0180020B01800208F
:10558C00B8180020B8180020C0180020C01800203F
:10559C00C8180020C8180020D0180020D0180020EF
:1055AC00D8180020D8180020E0180020E01800209F
:1055BC00E8180020E8180020F0180020F01800204F
:1055CC00F8180020F81800200019002000190020FD
:1055DC0008190020081900201019002010190020AB
:1055EC00181900201819002020190020201900205B
:1055FC00281900202819002030190020301900200B
:10560C0038190020381900204019002040190020BA
:10561C00481900204819002050190020501900206A
:10562C00581900205819002060190020601900201A
:10563C0068190020681900207019002070190020CA
:10564C00781900207819002080190020801900207A
:10565C00881900208819002090190020901900202A
:10566C009819002098190020A0190020A0190020DA
:10567C00A8190020A8190020B0190020B01900208A
:10568C00B8190020B8190020C0190020C01900203A
:10569C00C8190020C8190020D0190020D0190020EA
:1056AC00D8190020D8190020E0190020E01900209A
:1056BC00E8190020E8190020F0190020F01900204A
:1056CC00F8190020F8190020001A0020001A0020F8
:1056DC00081A0020081A0020101A0020101A0020A6
:1056EC00181A0020181A0020201A0020201A002056
:1056FC00281A0020281A0020301A0020301A002006
:10570C00381A0020381A0020501A0020000000001F
:10571C0000000000D41E00203C1F0020A41F00200D
:10572C00000000000000000000000000000000006D
:10573C00000000000000000000000000000000005D
:10574C00000000000000000000000000000000004D
:10575C00000000000000000000000000000000003D
:10576C00000000000000000000000000000000002D
:10577C00000000000000000000000000000000001D
:10578C00000000000000000000000000000000000D
:10579C0000000000000000000000000000000000FD
:1057AC0000000000000000000100000000000000EC
:1057BC000E33CDAB34126DE6ECDE05000B000000B1
:1057CC0000000000000000000000000000000000CD
:1057DC0000000000000000000000000000000000BD
:1057EC0000000000000000000000000000000000AD
:1057FC00000000000000000000000000000000009D
:10580C00000000000000000000000000000000008C
:10581C00000000000000000000000000000000007C
:10582C00000000000000000000000000000000006C
:10583C00000000000000000000000000000000005C
:10584C00000000000000000000000000000000004C
:10585C000000000003000000D41E002043000000E4
:10586C00000000000000000000000000000000002C
:10587C0000000000000000000000000043000000D9
:10588C00000000000000000000000000000000000C
:10589C0000000000000000000000000043000000B9
:1058AC0000000000000000000000000000000000EC
:1058BC000000000000000000000000004300000099
:1058CC0000000000000000000000000000000000CC
:1058DC000000000000000000000000004300000079
:1058EC0000000000000000000000000000000000AC
:1058FC000000000000000000000000004300000059
:10590C00000000000000000000000000000000008B
:10591C000000000000000000000000004300000038
:10592C00000000000000000000000000000000006B
:10593C00000000000000000000000000A1C70010E3
:10594C00E1BB00100000000000D00010C8CB00101C
:10595C00F0CA0010F0CA0010F0CA0010F0CA001013
:10596C00F0CA0010F0CA0010F0CA0010F0CA001003
:10597C00F0CA0010FFFFFFFFFFFFFFFFFFFFFFFF5D
:10598C00FFFF0000010041534349490000000000A3
:10599C0000000000000000000000000000000000FB
:1059AC000000000000004153434949000000000082
:1059BC0000000000000000000000000000000000DB
:1059CC0000000000000000000000000000000000CB
:1059DC00D3DEFFFFFE010000FF0100005CA7FEFF0D
:0459EC00793512AB4C
:040000051000014D99
:00000001FF
