
/Users/zanderchierici/Documents/GitHub/ME433/hw18/build/HW18.elf:     file format elf32-littlearm

Sections:
Idx Name          Size      VMA       LMA       File off  Algn
  0 .text         00006540  10000000  10000000  00001000  2**3
                  CONTENTS, ALLOC, LOAD, READONLY, CODE
  1 .rodata       000005a4  10006540  10006540  00007540  2**3
                  CONTENTS, ALLOC, LOAD, READONLY, DATA
  2 .ARM.exidx    00000008  10006ae4  10006ae4  00007ae4  2**2
                  CONTENTS, ALLOC, LOAD, READONLY, DATA
  3 .binary_info  00000024  10006aec  10006aec  00007aec  2**2
                  CONTENTS, ALLOC, LOAD, READONLY, DATA
  4 .ram_vector_table 00000110  20000000  20000000  0000a000  2**2
                  ALLOC
  5 .uninitialized_data 00000000  20000110  20000110  00009fb8  2**0
                  CONTENTS
  6 .data         00001494  20000110  10006b10  00008110  2**3
                  CONTENTS, ALLOC, LOAD, READONLY, CODE
  7 .tdata        00000000  200015a4  200015a4  00009fb8  2**0
                  CONTENTS, ALLOC, LOAD, DATA, THREAD_LOCAL
  8 .tbss         00000000  200015a4  200015a4  00000000  2**0
                  ALLOC, THREAD_LOCAL
  9 .bss          00000c28  200015a8  10007fa4  0000a5a8  2**3
                  ALLOC
 10 .heap         00000800  200021d0  10007fa4  0000a1d0  2**2
                  ALLOC, READONLY
 11 .scratch_x    00000000  20080000  20080000  00009fb8  2**0
                  CONTENTS
 12 .scratch_y    00000000  20081000  20081000  00009fb8  2**0
                  CONTENTS
 13 .stack_dummy  00000800  20081000  20081000  0000a000  2**5
                  ALLOC, READONLY
 14 .flash_end    00000014  10007fa4  10007fa4  00009fa4  2**2
                  CONTENTS, ALLOC, LOAD, READONLY, DATA
 15 .ARM.attributes 00000034  00000000  00000000  00009fb8  2**0
                  CONTENTS, READONLY
 16 .comment      00000045  00000000  00000000  00009fec  2**0
                  CONTENTS, READONLY
 17 .debug_info   00037173  00000000  00000000  0000a031  2**0
                  CONTENTS, READONLY, DEBUGGING, OCTETS
 18 .debug_abbrev 0000939e  00000000  00000000  000411a4  2**0
                  CONTENTS, READONLY, DEBUGGING, OCTETS
 19 .debug_loclists 0001a3d5  00000000  00000000  0004a542  2**0
                  CONTENTS, READONLY, DEBUGGING, OCTETS
 20 .debug_aranges 00001358  00000000  00000000  00064918  2**3
                  CONTENTS, READONLY, DEBUGGING, OCTETS
 21 .debug_rnglists 0000496c  00000000  00000000  00065c70  2**0
                  CONTENTS, READONLY, DEBUGGING, OCTETS
 22 .debug_line   0002325c  00000000  00000000  0006a5dc  2**0
                  CONTENTS, READONLY, DEBUGGING, OCTETS
 23 .debug_str    00009a3f  00000000  00000000  0008d838  2**0
                  CONTENTS, READONLY, DEBUGGING, OCTETS
 24 .debug_frame  000034dc  00000000  00000000  00097278  2**2
                  CONTENTS, READONLY, DEBUGGING, OCTETS
 25 .debug_line_str 000002bd  00000000  00000000  0009a754  2**0
                  CONTENTS, READONLY, DEBUGGING, OCTETS

/Users/zanderchierici/Documents/GitHub/ME433/hw18/build/HW18.elf:     file format elf32-littlearm


Disassembly of section .text:

10000000 <__VECTOR_TABLE>:
10000000:	20082000 	.word	0x20082000
10000004:	1000015d 	.word	0x1000015d
10000008:	1000011b 	.word	0x1000011b
1000000c:	1000011d 	.word	0x1000011d
10000010:	10000111 	.word	0x10000111
10000014:	10000111 	.word	0x10000111
10000018:	10000111 	.word	0x10000111
1000001c:	10000111 	.word	0x10000111
10000020:	10000119 	.word	0x10000119
10000024:	10000119 	.word	0x10000119
10000028:	10000119 	.word	0x10000119
1000002c:	1000011f 	.word	0x1000011f
10000030:	10000111 	.word	0x10000111
10000034:	10000119 	.word	0x10000119
10000038:	10000121 	.word	0x10000121
1000003c:	10000123 	.word	0x10000123
10000040:	10000111 	.word	0x10000111
10000044:	10000111 	.word	0x10000111
10000048:	10000111 	.word	0x10000111
1000004c:	10000111 	.word	0x10000111
10000050:	10000111 	.word	0x10000111
10000054:	10000111 	.word	0x10000111
10000058:	10000111 	.word	0x10000111
1000005c:	10000111 	.word	0x10000111
10000060:	10000111 	.word	0x10000111
10000064:	10000111 	.word	0x10000111
10000068:	10000111 	.word	0x10000111
1000006c:	10000111 	.word	0x10000111
10000070:	10000111 	.word	0x10000111
10000074:	10000111 	.word	0x10000111
10000078:	10000111 	.word	0x10000111
1000007c:	10000111 	.word	0x10000111
10000080:	10000111 	.word	0x10000111
10000084:	10000111 	.word	0x10000111
10000088:	10000111 	.word	0x10000111
1000008c:	10000111 	.word	0x10000111
10000090:	10000111 	.word	0x10000111
10000094:	10000111 	.word	0x10000111
10000098:	10000111 	.word	0x10000111
1000009c:	10000111 	.word	0x10000111
100000a0:	10000111 	.word	0x10000111
100000a4:	10000111 	.word	0x10000111
100000a8:	10000111 	.word	0x10000111
100000ac:	10000111 	.word	0x10000111
100000b0:	10000111 	.word	0x10000111
100000b4:	10000111 	.word	0x10000111
100000b8:	10000111 	.word	0x10000111
100000bc:	10000111 	.word	0x10000111
100000c0:	10000111 	.word	0x10000111
100000c4:	10000111 	.word	0x10000111
100000c8:	10000111 	.word	0x10000111
100000cc:	10000111 	.word	0x10000111
100000d0:	10000111 	.word	0x10000111
100000d4:	10000111 	.word	0x10000111
100000d8:	10000111 	.word	0x10000111
100000dc:	10000111 	.word	0x10000111
100000e0:	10000111 	.word	0x10000111
100000e4:	10000111 	.word	0x10000111
100000e8:	10000111 	.word	0x10000111
100000ec:	10000111 	.word	0x10000111
100000f0:	10000111 	.word	0x10000111
100000f4:	10000111 	.word	0x10000111
100000f8:	10000111 	.word	0x10000111
100000fc:	10000111 	.word	0x10000111
10000100:	10000111 	.word	0x10000111
10000104:	10000111 	.word	0x10000111
10000108:	10000111 	.word	0x10000111
1000010c:	10000111 	.word	0x10000111

10000110 <__unhandled_user_irq>:
10000110:	f3ef 8005 	mrs	r0, IPSR
10000114:	3810      	subs	r0, #16

10000116 <unhandled_user_irq_num_in_r0>:
10000116:	be00      	bkpt	0x0000

10000118 <isr_invalid>:
10000118:	be00      	bkpt	0x0000

1000011a <isr_nmi>:
1000011a:	be00      	bkpt	0x0000

1000011c <isr_hardfault>:
1000011c:	be00      	bkpt	0x0000

1000011e <isr_svcall>:
1000011e:	be00      	bkpt	0x0000

10000120 <isr_pendsv>:
10000120:	be00      	bkpt	0x0000

10000122 <isr_systick>:
10000122:	be00      	bkpt	0x0000

10000124 <__default_isrs_end>:
10000124:	7188ebf2 	.word	0x7188ebf2
10000128:	10006aec 	.word	0x10006aec
1000012c:	10006b10 	.word	0x10006b10
10000130:	100001a0 	.word	0x100001a0
10000134:	e71aa390 	.word	0xe71aa390

10000138 <__binary_info_header_end>:
10000138:	ffffded3 	.word	0xffffded3
1000013c:	10210142 	.word	0x10210142
10000140:	000001ff 	.word	0x000001ff
10000144:	00007e6c 	.word	0x00007e6c
10000148:	ab123579 	.word	0xab123579

1000014c <_entry_point>:
1000014c:	f04f 0000 	mov.w	r0, #0

10000150 <_enter_vtable_in_r0>:
10000150:	491e      	ldr	r1, [pc, #120]	@ (100001cc <data_cpy_table+0x2c>)
10000152:	6008      	str	r0, [r1, #0]
10000154:	c806      	ldmia	r0!, {r1, r2}
10000156:	f381 8808 	msr	MSP, r1
1000015a:	4710      	bx	r2

1000015c <_reset_handler>:
1000015c:	f04f 4050 	mov.w	r0, #3489660928	@ 0xd0000000
10000160:	6800      	ldr	r0, [r0, #0]
10000162:	b110      	cbz	r0, 1000016a <hold_non_core0_in_bootrom+0x6>

10000164 <hold_non_core0_in_bootrom>:
10000164:	f04f 0000 	mov.w	r0, #0
10000168:	e7f2      	b.n	10000150 <_enter_vtable_in_r0>
1000016a:	a40d      	add	r4, pc, #52	@ (adr r4, 100001a0 <data_cpy_table>)
1000016c:	cc0e      	ldmia	r4!, {r1, r2, r3}
1000016e:	2900      	cmp	r1, #0
10000170:	d002      	beq.n	10000178 <hold_non_core0_in_bootrom+0x14>
10000172:	f000 f812 	bl	1000019a <data_cpy>
10000176:	e7f9      	b.n	1000016c <hold_non_core0_in_bootrom+0x8>
10000178:	4915      	ldr	r1, [pc, #84]	@ (100001d0 <data_cpy_table+0x30>)
1000017a:	4a16      	ldr	r2, [pc, #88]	@ (100001d4 <data_cpy_table+0x34>)
1000017c:	2000      	movs	r0, #0
1000017e:	e000      	b.n	10000182 <bss_fill_test>

10000180 <bss_fill_loop>:
10000180:	c101      	stmia	r1!, {r0}

10000182 <bss_fill_test>:
10000182:	4291      	cmp	r1, r2
10000184:	d1fc      	bne.n	10000180 <bss_fill_loop>

10000186 <platform_entry>:
10000186:	4914      	ldr	r1, [pc, #80]	@ (100001d8 <data_cpy_table+0x38>)
10000188:	4788      	blx	r1
1000018a:	4914      	ldr	r1, [pc, #80]	@ (100001dc <data_cpy_table+0x3c>)
1000018c:	4788      	blx	r1
1000018e:	4914      	ldr	r1, [pc, #80]	@ (100001e0 <data_cpy_table+0x40>)
10000190:	4788      	blx	r1
10000192:	be00      	bkpt	0x0000
10000194:	e7fd      	b.n	10000192 <platform_entry+0xc>

10000196 <data_cpy_loop>:
10000196:	c901      	ldmia	r1!, {r0}
10000198:	c201      	stmia	r2!, {r0}

1000019a <data_cpy>:
1000019a:	429a      	cmp	r2, r3
1000019c:	d3fb      	bcc.n	10000196 <data_cpy_loop>
1000019e:	4770      	bx	lr

100001a0 <data_cpy_table>:
100001a0:	10006b10 	.word	0x10006b10
100001a4:	20000110 	.word	0x20000110
100001a8:	200015a4 	.word	0x200015a4
100001ac:	10007fa4 	.word	0x10007fa4
100001b0:	20080000 	.word	0x20080000
100001b4:	20080000 	.word	0x20080000
100001b8:	10007fa4 	.word	0x10007fa4
100001bc:	20081000 	.word	0x20081000
100001c0:	20081000 	.word	0x20081000
100001c4:	00000000 	.word	0x00000000
100001c8:	4770      	bx	lr
100001ca:	0000      	.short	0x0000
100001cc:	e000ed08 	.word	0xe000ed08
100001d0:	200015a4 	.word	0x200015a4
100001d4:	200021d0 	.word	0x200021d0
100001d8:	100035b5 	.word	0x100035b5
100001dc:	10000439 	.word	0x10000439
100001e0:	100035ad 	.word	0x100035ad

100001e4 <_init>:
100001e4:	b5f8      	push	{r3, r4, r5, r6, r7, lr}
100001e6:	bf00      	nop

100001e8 <register_tm_clones>:
100001e8:	4b06      	ldr	r3, [pc, #24]	@ (10000204 <register_tm_clones+0x1c>)
100001ea:	4907      	ldr	r1, [pc, #28]	@ (10000208 <register_tm_clones+0x20>)
100001ec:	1ac9      	subs	r1, r1, r3
100001ee:	1089      	asrs	r1, r1, #2
100001f0:	bf48      	it	mi
100001f2:	3101      	addmi	r1, #1
100001f4:	1049      	asrs	r1, r1, #1
100001f6:	d003      	beq.n	10000200 <register_tm_clones+0x18>
100001f8:	4b04      	ldr	r3, [pc, #16]	@ (1000020c <register_tm_clones+0x24>)
100001fa:	b10b      	cbz	r3, 10000200 <register_tm_clones+0x18>
100001fc:	4801      	ldr	r0, [pc, #4]	@ (10000204 <register_tm_clones+0x1c>)
100001fe:	4718      	bx	r3
10000200:	4770      	bx	lr
10000202:	bf00      	nop
10000204:	200015a4 	.word	0x200015a4
10000208:	200015a4 	.word	0x200015a4
1000020c:	00000000 	.word	0x00000000

10000210 <frame_dummy>:
10000210:	b508      	push	{r3, lr}
10000212:	4b05      	ldr	r3, [pc, #20]	@ (10000228 <frame_dummy+0x18>)
10000214:	b11b      	cbz	r3, 1000021e <frame_dummy+0xe>
10000216:	4905      	ldr	r1, [pc, #20]	@ (1000022c <frame_dummy+0x1c>)
10000218:	4805      	ldr	r0, [pc, #20]	@ (10000230 <frame_dummy+0x20>)
1000021a:	f3af 8000 	nop.w
1000021e:	e8bd 4008 	ldmia.w	sp!, {r3, lr}
10000222:	f7ff bfe1 	b.w	100001e8 <register_tm_clones>
10000226:	bf00      	nop
10000228:	00000000 	.word	0x00000000
1000022c:	20002160 	.word	0x20002160
10000230:	10006540 	.word	0x10006540

10000234 <set_motor>:
10000234:	eeb7 7a00 	vmov.f32	s14, #112	@ 0x3f800000  1.0
10000238:	ee07 0a90 	vmov	s15, r0
1000023c:	eef4 7ac7 	vcmpe.f32	s15, s14
10000240:	eef1 fa10 	vmrs	APSR_nzcv, fpscr
10000244:	dd10      	ble.n	10000268 <set_motor+0x34>
10000246:	f64f 73ff 	movw	r3, #65535	@ 0xffff
1000024a:	4823      	ldr	r0, [pc, #140]	@ (100002d8 <set_motor+0xa4>)
1000024c:	4923      	ldr	r1, [pc, #140]	@ (100002dc <set_motor+0xa8>)
1000024e:	f8d0 2098 	ldr.w	r2, [r0, #152]	@ 0x98
10000252:	4053      	eors	r3, r2
10000254:	b29b      	uxth	r3, r3
10000256:	f8c1 3098 	str.w	r3, [r1, #152]	@ 0x98
1000025a:	f8d0 3098 	ldr.w	r3, [r0, #152]	@ 0x98
1000025e:	f36f 030f 	bfc	r3, #0, #16
10000262:	f8c1 3098 	str.w	r3, [r1, #152]	@ 0x98
10000266:	4770      	bx	lr
10000268:	eebf 7a00 	vmov.f32	s14, #240	@ 0xbf800000 -1.0
1000026c:	eef4 7ac7 	vcmpe.f32	s15, s14
10000270:	eef1 fa10 	vmrs	APSR_nzcv, fpscr
10000274:	bf58      	it	pl
10000276:	eeb0 7a67 	vmovpl.f32	s14, s15
1000027a:	eddf 6a19 	vldr	s13, [pc, #100]	@ 100002e0 <set_motor+0xac>
1000027e:	eef0 7ac7 	vabs.f32	s15, s14
10000282:	ee67 7aa6 	vmul.f32	s15, s15, s13
10000286:	eeb5 7ac0 	vcmpe.f32	s14, #0.0
1000028a:	eefc 7ae7 	vcvt.u32.f32	s15, s15
1000028e:	eef1 fa10 	vmrs	APSR_nzcv, fpscr
10000292:	ee17 3a90 	vmov	r3, s15
10000296:	b29b      	uxth	r3, r3
10000298:	dcd7      	bgt.n	1000024a <set_motor+0x16>
1000029a:	480f      	ldr	r0, [pc, #60]	@ (100002d8 <set_motor+0xa4>)
1000029c:	490f      	ldr	r1, [pc, #60]	@ (100002dc <set_motor+0xa8>)
1000029e:	d40d      	bmi.n	100002bc <set_motor+0x88>
100002a0:	f8d0 3098 	ldr.w	r3, [r0, #152]	@ 0x98
100002a4:	4a0f      	ldr	r2, [pc, #60]	@ (100002e4 <set_motor+0xb0>)
100002a6:	43db      	mvns	r3, r3
100002a8:	b29b      	uxth	r3, r3
100002aa:	f8c1 3098 	str.w	r3, [r1, #152]	@ 0x98
100002ae:	f8d0 3098 	ldr.w	r3, [r0, #152]	@ 0x98
100002b2:	ea22 0303 	bic.w	r3, r2, r3
100002b6:	f8c1 3098 	str.w	r3, [r1, #152]	@ 0x98
100002ba:	4770      	bx	lr
100002bc:	f8d0 2098 	ldr.w	r2, [r0, #152]	@ 0x98
100002c0:	b292      	uxth	r2, r2
100002c2:	f8c1 2098 	str.w	r2, [r1, #152]	@ 0x98
100002c6:	f8d0 2098 	ldr.w	r2, [r0, #152]	@ 0x98
100002ca:	ea82 4303 	eor.w	r3, r2, r3, lsl #16
100002ce:	f36f 030f 	bfc	r3, #0, #16
100002d2:	f8c1 3098 	str.w	r3, [r1, #152]	@ 0x98
100002d6:	4770      	bx	lr
100002d8:	400a8000 	.word	0x400a8000
100002dc:	400a9000 	.word	0x400a9000
100002e0:	477fff00 	.word	0x477fff00
100002e4:	ffff0000 	.word	0xffff0000

100002e8 <print_as5600_diag>:
100002e8:	b5f0      	push	{r4, r5, r6, r7, lr}
100002ea:	2400      	movs	r4, #0
100002ec:	250b      	movs	r5, #11
100002ee:	b085      	sub	sp, #20
100002f0:	2301      	movs	r3, #1
100002f2:	2136      	movs	r1, #54	@ 0x36
100002f4:	f10d 020e 	add.w	r2, sp, #14
100002f8:	482e      	ldr	r0, [pc, #184]	@ (100003b4 <print_as5600_diag+0xcc>)
100002fa:	9400      	str	r4, [sp, #0]
100002fc:	f88d 500e 	strb.w	r5, [sp, #14]
10000300:	f88d 400f 	strb.w	r4, [sp, #15]
10000304:	f005 ffc6 	bl	10006294 <i2c_write_blocking>
10000308:	2301      	movs	r3, #1
1000030a:	2136      	movs	r1, #54	@ 0x36
1000030c:	f10d 020f 	add.w	r2, sp, #15
10000310:	4828      	ldr	r0, [pc, #160]	@ (100003b4 <print_as5600_diag+0xcc>)
10000312:	9400      	str	r4, [sp, #0]
10000314:	f005 ffc6 	bl	100062a4 <i2c_read_blocking>
10000318:	221a      	movs	r2, #26
1000031a:	f89d c00f 	ldrb.w	ip, [sp, #15]
1000031e:	2301      	movs	r3, #1
10000320:	2136      	movs	r1, #54	@ 0x36
10000322:	f88d 200e 	strb.w	r2, [sp, #14]
10000326:	4823      	ldr	r0, [pc, #140]	@ (100003b4 <print_as5600_diag+0xcc>)
10000328:	f10d 020e 	add.w	r2, sp, #14
1000032c:	9400      	str	r4, [sp, #0]
1000032e:	f3cc 1640 	ubfx	r6, ip, #5, #1
10000332:	f3cc 1700 	ubfx	r7, ip, #4, #1
10000336:	f3cc 05c0 	ubfx	r5, ip, #3, #1
1000033a:	f88d 400f 	strb.w	r4, [sp, #15]
1000033e:	f005 ffa9 	bl	10006294 <i2c_write_blocking>
10000342:	2301      	movs	r3, #1
10000344:	2136      	movs	r1, #54	@ 0x36
10000346:	f10d 020f 	add.w	r2, sp, #15
1000034a:	481a      	ldr	r0, [pc, #104]	@ (100003b4 <print_as5600_diag+0xcc>)
1000034c:	9400      	str	r4, [sp, #0]
1000034e:	f005 ffa9 	bl	100062a4 <i2c_read_blocking>
10000352:	f89d 300f 	ldrb.w	r3, [sp, #15]
10000356:	463a      	mov	r2, r7
10000358:	9300      	str	r3, [sp, #0]
1000035a:	4631      	mov	r1, r6
1000035c:	462b      	mov	r3, r5
1000035e:	4816      	ldr	r0, [pc, #88]	@ (100003b8 <print_as5600_diag+0xd0>)
10000360:	f003 fb14 	bl	1000398c <__wrap_printf>
10000364:	b19e      	cbz	r6, 1000038e <print_as5600_diag+0xa6>
10000366:	b94f      	cbnz	r7, 1000037c <print_as5600_diag+0x94>
10000368:	b1d5      	cbz	r5, 100003a0 <print_as5600_diag+0xb8>
1000036a:	4814      	ldr	r0, [pc, #80]	@ (100003bc <print_as5600_diag+0xd4>)
1000036c:	f003 fb0e 	bl	1000398c <__wrap_printf>
10000370:	200a      	movs	r0, #10
10000372:	b005      	add	sp, #20
10000374:	e8bd 40f0 	ldmia.w	sp!, {r4, r5, r6, r7, lr}
10000378:	f003 ba46 	b.w	10003808 <__wrap_putchar>
1000037c:	4810      	ldr	r0, [pc, #64]	@ (100003c0 <print_as5600_diag+0xd8>)
1000037e:	f003 fb05 	bl	1000398c <__wrap_printf>
10000382:	200a      	movs	r0, #10
10000384:	b005      	add	sp, #20
10000386:	e8bd 40f0 	ldmia.w	sp!, {r4, r5, r6, r7, lr}
1000038a:	f003 ba3d 	b.w	10003808 <__wrap_putchar>
1000038e:	480d      	ldr	r0, [pc, #52]	@ (100003c4 <print_as5600_diag+0xdc>)
10000390:	f003 fafc 	bl	1000398c <__wrap_printf>
10000394:	200a      	movs	r0, #10
10000396:	b005      	add	sp, #20
10000398:	e8bd 40f0 	ldmia.w	sp!, {r4, r5, r6, r7, lr}
1000039c:	f003 ba34 	b.w	10003808 <__wrap_putchar>
100003a0:	4809      	ldr	r0, [pc, #36]	@ (100003c8 <print_as5600_diag+0xe0>)
100003a2:	f003 faf3 	bl	1000398c <__wrap_printf>
100003a6:	200a      	movs	r0, #10
100003a8:	b005      	add	sp, #20
100003aa:	e8bd 40f0 	ldmia.w	sp!, {r4, r5, r6, r7, lr}
100003ae:	f003 ba2b 	b.w	10003808 <__wrap_putchar>
100003b2:	bf00      	nop
100003b4:	20001594 	.word	0x20001594
100003b8:	10006540 	.word	0x10006540
100003bc:	100065d4 	.word	0x100065d4
100003c0:	100065a4 	.word	0x100065a4
100003c4:	10006574 	.word	0x10006574
100003c8:	1000660c 	.word	0x1000660c

100003cc <read_hx711>:
100003cc:	f04f 4350 	mov.w	r3, #3489660928	@ 0xd0000000
100003d0:	e92d 41f0 	stmdb	sp!, {r4, r5, r6, r7, r8, lr}
100003d4:	685c      	ldr	r4, [r3, #4]
100003d6:	f414 3480 	ands.w	r4, r4, #65536	@ 0x10000
100003da:	d1fb      	bne.n	100003d4 <read_hx711+0x8>
100003dc:	2618      	movs	r6, #24
100003de:	f04f 0801 	mov.w	r8, #1
100003e2:	4627      	mov	r7, r4
100003e4:	2511      	movs	r5, #17
100003e6:	ec48 5040 	gpioc_bit_out_put r5, r8
100003ea:	2001      	movs	r0, #1
100003ec:	2100      	movs	r1, #0
100003ee:	f000 fffb 	bl	100013e8 <sleep_us>
100003f2:	f04f 4350 	mov.w	r3, #3489660928	@ 0xd0000000
100003f6:	685b      	ldr	r3, [r3, #4]
100003f8:	f3c3 4300 	ubfx	r3, r3, #16, #1
100003fc:	ea43 0444 	orr.w	r4, r3, r4, lsl #1
10000400:	ec47 5040 	gpioc_bit_out_put r5, r7
10000404:	2001      	movs	r0, #1
10000406:	2100      	movs	r1, #0
10000408:	f000 ffee 	bl	100013e8 <sleep_us>
1000040c:	3e01      	subs	r6, #1
1000040e:	d1e9      	bne.n	100003e4 <read_hx711+0x18>
10000410:	ec48 5040 	gpioc_bit_out_put r5, r8
10000414:	2001      	movs	r0, #1
10000416:	2100      	movs	r1, #0
10000418:	f000 ffe6 	bl	100013e8 <sleep_us>
1000041c:	ec47 5040 	gpioc_bit_out_put r5, r7
10000420:	2001      	movs	r0, #1
10000422:	2100      	movs	r1, #0
10000424:	f000 ffe0 	bl	100013e8 <sleep_us>
10000428:	0223      	lsls	r3, r4, #8
1000042a:	bf48      	it	mi
1000042c:	f044 447f 	orrmi.w	r4, r4, #4278190080	@ 0xff000000
10000430:	4620      	mov	r0, r4
10000432:	e8bd 81f0 	ldmia.w	sp!, {r4, r5, r6, r7, r8, pc}
10000436:	bf00      	nop

10000438 <main>:
10000438:	e92d 4f70 	stmdb	sp!, {r4, r5, r6, r8, r9, sl, fp, lr}
1000043c:	ed2d 8b08 	vpush	{d8-d11}
10000440:	b088      	sub	sp, #32
10000442:	f003 f9df 	bl	10003804 <stdio_init_all>
10000446:	f44f 60fa 	mov.w	r0, #2000	@ 0x7d0
1000044a:	f001 f839 	bl	100014c0 <sleep_ms>
1000044e:	4991      	ldr	r1, [pc, #580]	@ (10000694 <main+0x25c>)
10000450:	4891      	ldr	r0, [pc, #580]	@ (10000698 <main+0x260>)
10000452:	f005 fef9 	bl	10006248 <i2c_init>
10000456:	2103      	movs	r1, #3
10000458:	2004      	movs	r0, #4
1000045a:	f000 f943 	bl	100006e4 <gpio_set_function>
1000045e:	2103      	movs	r1, #3
10000460:	2005      	movs	r0, #5
10000462:	f000 f93f 	bl	100006e4 <gpio_set_function>
10000466:	2200      	movs	r2, #0
10000468:	2101      	movs	r1, #1
1000046a:	2004      	movs	r0, #4
1000046c:	f000 f958 	bl	10000720 <gpio_set_pulls>
10000470:	2200      	movs	r2, #0
10000472:	2101      	movs	r1, #1
10000474:	2005      	movs	r0, #5
10000476:	f000 f953 	bl	10000720 <gpio_set_pulls>
1000047a:	4888      	ldr	r0, [pc, #544]	@ (1000069c <main+0x264>)
1000047c:	f003 fa06 	bl	1000388c <__wrap_puts>
10000480:	2408      	movs	r4, #8
10000482:	2600      	movs	r6, #0
10000484:	e007      	b.n	10000496 <main+0x5e>
10000486:	4621      	mov	r1, r4
10000488:	4a85      	ldr	r2, [pc, #532]	@ (100006a0 <main+0x268>)
1000048a:	4886      	ldr	r0, [pc, #536]	@ (100006a4 <main+0x26c>)
1000048c:	f003 fa7e 	bl	1000398c <__wrap_printf>
10000490:	3401      	adds	r4, #1
10000492:	2c78      	cmp	r4, #120	@ 0x78
10000494:	d013      	beq.n	100004be <main+0x86>
10000496:	2500      	movs	r5, #0
10000498:	2301      	movs	r3, #1
1000049a:	487f      	ldr	r0, [pc, #508]	@ (10000698 <main+0x260>)
1000049c:	aa07      	add	r2, sp, #28
1000049e:	b2e1      	uxtb	r1, r4
100004a0:	9500      	str	r5, [sp, #0]
100004a2:	f005 feff 	bl	100062a4 <i2c_read_blocking>
100004a6:	42a8      	cmp	r0, r5
100004a8:	dbf2      	blt.n	10000490 <main+0x58>
100004aa:	2c36      	cmp	r4, #54	@ 0x36
100004ac:	d1eb      	bne.n	10000486 <main+0x4e>
100004ae:	4621      	mov	r1, r4
100004b0:	487c      	ldr	r0, [pc, #496]	@ (100006a4 <main+0x26c>)
100004b2:	4a7d      	ldr	r2, [pc, #500]	@ (100006a8 <main+0x270>)
100004b4:	f003 fa6a 	bl	1000398c <__wrap_printf>
100004b8:	2437      	movs	r4, #55	@ 0x37
100004ba:	2601      	movs	r6, #1
100004bc:	e7eb      	b.n	10000496 <main+0x5e>
100004be:	2e00      	cmp	r6, #0
100004c0:	f000 80e4 	beq.w	1000068c <main+0x254>
100004c4:	4879      	ldr	r0, [pc, #484]	@ (100006ac <main+0x274>)
100004c6:	f003 f9e1 	bl	1000388c <__wrap_puts>
100004ca:	f7ff ff0d 	bl	100002e8 <print_as5600_diag>
100004ce:	2010      	movs	r0, #16
100004d0:	f000 f93a 	bl	10000748 <gpio_init>
100004d4:	f04f 0400 	mov.w	r4, #0
100004d8:	2310      	movs	r3, #16
100004da:	ec44 3044 	gpioc_bit_oe_put r3, r4
100004de:	2011      	movs	r0, #17
100004e0:	f000 f932 	bl	10000748 <gpio_init>
100004e4:	2311      	movs	r3, #17
100004e6:	f04f 0201 	mov.w	r2, #1
100004ea:	ec42 3044 	gpioc_bit_oe_put r3, r2
100004ee:	ec44 3040 	gpioc_bit_out_put r3, r4
100004f2:	2104      	movs	r1, #4
100004f4:	200e      	movs	r0, #14
100004f6:	f000 f8f5 	bl	100006e4 <gpio_set_function>
100004fa:	2104      	movs	r1, #4
100004fc:	200f      	movs	r0, #15
100004fe:	f000 f8f1 	bl	100006e4 <gpio_set_function>
10000502:	f64f 73ff 	movw	r3, #65535	@ 0xffff
10000506:	4a6a      	ldr	r2, [pc, #424]	@ (100006b0 <main+0x278>)
10000508:	496a      	ldr	r1, [pc, #424]	@ (100006b4 <main+0x27c>)
1000050a:	f8c2 309c 	str.w	r3, [r2, #156]	@ 0x9c
1000050e:	f8d2 308c 	ldr.w	r3, [r2, #140]	@ 0x8c
10000512:	4c69      	ldr	r4, [pc, #420]	@ (100006b8 <main+0x280>)
10000514:	43db      	mvns	r3, r3
10000516:	f003 0301 	and.w	r3, r3, #1
1000051a:	f8c1 308c 	str.w	r3, [r1, #140]	@ 0x8c
1000051e:	f8d2 3098 	ldr.w	r3, [r2, #152]	@ 0x98
10000522:	4866      	ldr	r0, [pc, #408]	@ (100006bc <main+0x284>)
10000524:	43db      	mvns	r3, r3
10000526:	b29b      	uxth	r3, r3
10000528:	f8c1 3098 	str.w	r3, [r1, #152]	@ 0x98
1000052c:	f8d2 3098 	ldr.w	r3, [r2, #152]	@ 0x98
10000530:	2500      	movs	r5, #0
10000532:	ea24 0303 	bic.w	r3, r4, r3
10000536:	f8c1 3098 	str.w	r3, [r1, #152]	@ 0x98
1000053a:	f003 f9a7 	bl	1000388c <__wrap_puts>
1000053e:	ed9f ba60 	vldr	s22, [pc, #384]	@ 100006c0 <main+0x288>
10000542:	f7ff ff43 	bl	100003cc <read_hx711>
10000546:	eddf aa5f 	vldr	s21, [pc, #380]	@ 100006c4 <main+0x28c>
1000054a:	ed9f aa5f 	vldr	s20, [pc, #380]	@ 100006c8 <main+0x290>
1000054e:	eddf 9a5f 	vldr	s19, [pc, #380]	@ 100006cc <main+0x294>
10000552:	ed9f 9a5f 	vldr	s18, [pc, #380]	@ 100006d0 <main+0x298>
10000556:	4e5f      	ldr	r6, [pc, #380]	@ (100006d4 <main+0x29c>)
10000558:	f001 f8a4 	bl	100016a4 <time_us_64>
1000055c:	2900      	cmp	r1, #0
1000055e:	d074      	beq.n	1000064a <main+0x212>
10000560:	2300      	movs	r3, #0
10000562:	f44f 727a 	mov.w	r2, #1000	@ 0x3e8
10000566:	f005 ffaf 	bl	100064c8 <____aeabi_uldivmod_veneer>
1000056a:	4604      	mov	r4, r0
1000056c:	1b63      	subs	r3, r4, r5
1000056e:	f5b3 7ffa 	cmp.w	r3, #500	@ 0x1f4
10000572:	d271      	bcs.n	10000658 <main+0x220>
10000574:	2400      	movs	r4, #0
10000576:	f04f 0c0e 	mov.w	ip, #14
1000057a:	2301      	movs	r3, #1
1000057c:	2136      	movs	r1, #54	@ 0x36
1000057e:	4846      	ldr	r0, [pc, #280]	@ (10000698 <main+0x260>)
10000580:	f10d 021b 	add.w	r2, sp, #27
10000584:	9400      	str	r4, [sp, #0]
10000586:	f88d c01b 	strb.w	ip, [sp, #27]
1000058a:	f8ad 401c 	strh.w	r4, [sp, #28]
1000058e:	f005 fe81 	bl	10006294 <i2c_write_blocking>
10000592:	42a0      	cmp	r0, r4
10000594:	db64      	blt.n	10000660 <main+0x228>
10000596:	2302      	movs	r3, #2
10000598:	2136      	movs	r1, #54	@ 0x36
1000059a:	483f      	ldr	r0, [pc, #252]	@ (10000698 <main+0x260>)
1000059c:	aa07      	add	r2, sp, #28
1000059e:	9400      	str	r4, [sp, #0]
100005a0:	f005 fe80 	bl	100062a4 <i2c_read_blocking>
100005a4:	2800      	cmp	r0, #0
100005a6:	db5b      	blt.n	10000660 <main+0x228>
100005a8:	f89d 201c 	ldrb.w	r2, [sp, #28]
100005ac:	f89d 301d 	ldrb.w	r3, [sp, #29]
100005b0:	0212      	lsls	r2, r2, #8
100005b2:	f402 6270 	and.w	r2, r2, #3840	@ 0xf00
100005b6:	4313      	orrs	r3, r2
100005b8:	ee08 3a10 	vmov	s16, r3
100005bc:	eeb8 8a48 	vcvt.f32.u32	s16, s16
100005c0:	ee28 8a0b 	vmul.f32	s16, s16, s22
100005c4:	ee28 8a2a 	vmul.f32	s16, s16, s21
100005c8:	ee38 7a4a 	vsub.f32	s14, s16, s20
100005cc:	eef7 8a00 	vmov.f32	s17, #112	@ 0x3f800000  1.0
100005d0:	eec7 7a29 	vdiv.f32	s15, s14, s19
100005d4:	eef4 7ae8 	vcmpe.f32	s15, s17
100005d8:	eef1 fa10 	vmrs	APSR_nzcv, fpscr
100005dc:	dc08      	bgt.n	100005f0 <main+0x1b8>
100005de:	eeff 8a00 	vmov.f32	s17, #240	@ 0xbf800000 -1.0
100005e2:	eef4 7ae8 	vcmpe.f32	s15, s17
100005e6:	eef1 fa10 	vmrs	APSR_nzcv, fpscr
100005ea:	bf58      	it	pl
100005ec:	eef0 8a67 	vmovpl.f32	s17, s15
100005f0:	f7ff feec 	bl	100003cc <read_hx711>
100005f4:	ee68 7a89 	vmul.f32	s15, s17, s18
100005f8:	ee17 9a90 	vmov	r9, s15
100005fc:	4604      	mov	r4, r0
100005fe:	4648      	mov	r0, r9
10000600:	f7ff fe18 	bl	10000234 <set_motor>
10000604:	ee18 0a10 	vmov	r0, s16
10000608:	f005 ff5a 	bl	100064c0 <____aeabi_f2d_veneer>
1000060c:	4602      	mov	r2, r0
1000060e:	4648      	mov	r0, r9
10000610:	4690      	mov	r8, r2
10000612:	4689      	mov	r9, r1
10000614:	f005 ff54 	bl	100064c0 <____aeabi_f2d_veneer>
10000618:	4602      	mov	r2, r0
1000061a:	460b      	mov	r3, r1
1000061c:	ee18 0a90 	vmov	r0, s17
10000620:	e9cd 2304 	strd	r2, r3, [sp, #16]
10000624:	f005 ff4c 	bl	100064c0 <____aeabi_f2d_veneer>
10000628:	468b      	mov	fp, r1
1000062a:	4682      	mov	sl, r0
1000062c:	4642      	mov	r2, r8
1000062e:	464b      	mov	r3, r9
10000630:	e9cd ab02 	strd	sl, fp, [sp, #8]
10000634:	4828      	ldr	r0, [pc, #160]	@ (100006d8 <main+0x2a0>)
10000636:	9400      	str	r4, [sp, #0]
10000638:	f003 f9a8 	bl	1000398c <__wrap_printf>
1000063c:	200a      	movs	r0, #10
1000063e:	f000 ff3f 	bl	100014c0 <sleep_ms>
10000642:	f001 f82f 	bl	100016a4 <time_us_64>
10000646:	2900      	cmp	r1, #0
10000648:	d18a      	bne.n	10000560 <main+0x128>
1000064a:	fba6 3400 	umull	r3, r4, r6, r0
1000064e:	09a4      	lsrs	r4, r4, #6
10000650:	1b63      	subs	r3, r4, r5
10000652:	f5b3 7ffa 	cmp.w	r3, #500	@ 0x1f4
10000656:	d38d      	bcc.n	10000574 <main+0x13c>
10000658:	f7ff fe46 	bl	100002e8 <print_as5600_diag>
1000065c:	4625      	mov	r5, r4
1000065e:	e789      	b.n	10000574 <main+0x13c>
10000660:	4c13      	ldr	r4, [pc, #76]	@ (100006b0 <main+0x278>)
10000662:	481e      	ldr	r0, [pc, #120]	@ (100006dc <main+0x2a4>)
10000664:	f003 f912 	bl	1000388c <__wrap_puts>
10000668:	f8d4 3098 	ldr.w	r3, [r4, #152]	@ 0x98
1000066c:	4911      	ldr	r1, [pc, #68]	@ (100006b4 <main+0x27c>)
1000066e:	43db      	mvns	r3, r3
10000670:	b29b      	uxth	r3, r3
10000672:	f8c1 3098 	str.w	r3, [r1, #152]	@ 0x98
10000676:	f8d4 3098 	ldr.w	r3, [r4, #152]	@ 0x98
1000067a:	4a0f      	ldr	r2, [pc, #60]	@ (100006b8 <main+0x280>)
1000067c:	200a      	movs	r0, #10
1000067e:	ea22 0303 	bic.w	r3, r2, r3
10000682:	f8c1 3098 	str.w	r3, [r1, #152]	@ 0x98
10000686:	f000 ff1b 	bl	100014c0 <sleep_ms>
1000068a:	e765      	b.n	10000558 <main+0x120>
1000068c:	4814      	ldr	r0, [pc, #80]	@ (100006e0 <main+0x2a8>)
1000068e:	f003 f8fd 	bl	1000388c <__wrap_puts>
10000692:	e717      	b.n	100004c4 <main+0x8c>
10000694:	000186a0 	.word	0x000186a0
10000698:	20001594 	.word	0x20001594
1000069c:	1000661c 	.word	0x1000661c
100006a0:	100066ac 	.word	0x100066ac
100006a4:	1000664c 	.word	0x1000664c
100006a8:	1000663c 	.word	0x1000663c
100006ac:	100066b0 	.word	0x100066b0
100006b0:	400a8000 	.word	0x400a8000
100006b4:	400a9000 	.word	0x400a9000
100006b8:	ffff0000 	.word	0xffff0000
100006bc:	100066bc 	.word	0x100066bc
100006c0:	43b40000 	.word	0x43b40000
100006c4:	39800000 	.word	0x39800000
100006c8:	432d0000 	.word	0x432d0000
100006cc:	42340000 	.word	0x42340000
100006d0:	be99999a 	.word	0xbe99999a
100006d4:	10624dd3 	.word	0x10624dd3
100006d8:	100066f0 	.word	0x100066f0
100006dc:	100066d4 	.word	0x100066d4
100006e0:	10006668 	.word	0x10006668

100006e4 <gpio_set_function>:
100006e4:	b410      	push	{r4}
100006e6:	f44f 7480 	mov.w	r4, #256	@ 0x100
100006ea:	4b0c      	ldr	r3, [pc, #48]	@ (1000071c <gpio_set_function+0x38>)
100006ec:	f853 2020 	ldr.w	r2, [r3, r0, lsl #2]
100006f0:	eb03 0380 	add.w	r3, r3, r0, lsl #2
100006f4:	00c0      	lsls	r0, r0, #3
100006f6:	f082 0240 	eor.w	r2, r2, #64	@ 0x40
100006fa:	f100 4080 	add.w	r0, r0, #1073741824	@ 0x40000000
100006fe:	f503 5c80 	add.w	ip, r3, #4096	@ 0x1000
10000702:	f002 02c0 	and.w	r2, r2, #192	@ 0xc0
10000706:	f500 3020 	add.w	r0, r0, #163840	@ 0x28000
1000070a:	f503 5340 	add.w	r3, r3, #12288	@ 0x3000
1000070e:	f8cc 2000 	str.w	r2, [ip]
10000712:	6041      	str	r1, [r0, #4]
10000714:	601c      	str	r4, [r3, #0]
10000716:	f85d 4b04 	ldr.w	r4, [sp], #4
1000071a:	4770      	bx	lr
1000071c:	40038004 	.word	0x40038004

10000720 <gpio_set_pulls>:
10000720:	b410      	push	{r4}
10000722:	4c08      	ldr	r4, [pc, #32]	@ (10000744 <gpio_set_pulls+0x24>)
10000724:	00c9      	lsls	r1, r1, #3
10000726:	ea41 0182 	orr.w	r1, r1, r2, lsl #2
1000072a:	f854 2020 	ldr.w	r2, [r4, r0, lsl #2]
1000072e:	eb04 0380 	add.w	r3, r4, r0, lsl #2
10000732:	4051      	eors	r1, r2
10000734:	f503 5380 	add.w	r3, r3, #4096	@ 0x1000
10000738:	f001 010c 	and.w	r1, r1, #12
1000073c:	f85d 4b04 	ldr.w	r4, [sp], #4
10000740:	6019      	str	r1, [r3, #0]
10000742:	4770      	bx	lr
10000744:	40038004 	.word	0x40038004

10000748 <gpio_init>:
10000748:	b430      	push	{r4, r5}
1000074a:	f04f 0300 	mov.w	r3, #0
1000074e:	ec43 0044 	gpioc_bit_oe_put r0, r3
10000752:	ec43 0040 	gpioc_bit_out_put r0, r3
10000756:	2505      	movs	r5, #5
10000758:	f44f 7480 	mov.w	r4, #256	@ 0x100
1000075c:	4b0b      	ldr	r3, [pc, #44]	@ (1000078c <gpio_init+0x44>)
1000075e:	00c2      	lsls	r2, r0, #3
10000760:	f853 1020 	ldr.w	r1, [r3, r0, lsl #2]
10000764:	eb03 0080 	add.w	r0, r3, r0, lsl #2
10000768:	f081 0140 	eor.w	r1, r1, #64	@ 0x40
1000076c:	f102 4380 	add.w	r3, r2, #1073741824	@ 0x40000000
10000770:	f503 3320 	add.w	r3, r3, #163840	@ 0x28000
10000774:	f001 02c0 	and.w	r2, r1, #192	@ 0xc0
10000778:	f500 5180 	add.w	r1, r0, #4096	@ 0x1000
1000077c:	f500 5040 	add.w	r0, r0, #12288	@ 0x3000
10000780:	600a      	str	r2, [r1, #0]
10000782:	605d      	str	r5, [r3, #4]
10000784:	6004      	str	r4, [r0, #0]
10000786:	bc30      	pop	{r4, r5}
10000788:	4770      	bx	lr
1000078a:	bf00      	nop
1000078c:	40038004 	.word	0x40038004

10000790 <panic>:
10000790:	b40f      	push	{r0, r1, r2, r3}
10000792:	b500      	push	{lr}
10000794:	b083      	sub	sp, #12
10000796:	9c04      	ldr	r4, [sp, #16]
10000798:	4807      	ldr	r0, [pc, #28]	@ (100007b8 <panic+0x28>)
1000079a:	f003 f877 	bl	1000388c <__wrap_puts>
1000079e:	b13c      	cbz	r4, 100007b0 <panic+0x20>
100007a0:	a905      	add	r1, sp, #20
100007a2:	4620      	mov	r0, r4
100007a4:	9101      	str	r1, [sp, #4]
100007a6:	f002 fee7 	bl	10003578 <weak_raw_vprintf>
100007aa:	4804      	ldr	r0, [pc, #16]	@ (100007bc <panic+0x2c>)
100007ac:	f003 f86e 	bl	1000388c <__wrap_puts>
100007b0:	2001      	movs	r0, #1
100007b2:	f002 fef9 	bl	100035a8 <_exit>
100007b6:	bf00      	nop
100007b8:	10006704 	.word	0x10006704
100007bc:	10006714 	.word	0x10006714

100007c0 <hw_claim_or_assert>:
100007c0:	b570      	push	{r4, r5, r6, lr}
100007c2:	4686      	mov	lr, r0
100007c4:	f3ef 8510 	mrs	r5, PRIMASK
100007c8:	b672      	cpsid	i
100007ca:	4c12      	ldr	r4, [pc, #72]	@ (10000814 <hw_claim_or_assert+0x54>)
100007cc:	e8d4 6fcf 	ldaexb	r6, [r4]
100007d0:	2001      	movs	r0, #1
100007d2:	2e00      	cmp	r6, #0
100007d4:	d1fa      	bne.n	100007cc <hw_claim_or_assert+0xc>
100007d6:	e8c4 0f46 	strexb	r6, r0, [r4]
100007da:	2e00      	cmp	r6, #0
100007dc:	d1f6      	bne.n	100007cc <hw_claim_or_assert+0xc>
100007de:	f3bf 8f5f 	dmb	sy
100007e2:	f04f 0c01 	mov.w	ip, #1
100007e6:	08c8      	lsrs	r0, r1, #3
100007e8:	f001 0307 	and.w	r3, r1, #7
100007ec:	fa0c f303 	lsl.w	r3, ip, r3
100007f0:	f81e c000 	ldrb.w	ip, [lr, r0]
100007f4:	ea1c 0603 	ands.w	r6, ip, r3
100007f8:	d108      	bne.n	1000080c <hw_claim_or_assert+0x4c>
100007fa:	ea4c 0c03 	orr.w	ip, ip, r3
100007fe:	f80e c000 	strb.w	ip, [lr, r0]
10000802:	e8c4 6f8f 	stlb	r6, [r4]
10000806:	f385 8810 	msr	PRIMASK, r5
1000080a:	bd70      	pop	{r4, r5, r6, pc}
1000080c:	4610      	mov	r0, r2
1000080e:	f7ff ffbf 	bl	10000790 <panic>
10000812:	bf00      	nop
10000814:	200018df 	.word	0x200018df

10000818 <hw_claim_unused_from_range>:
10000818:	b5f8      	push	{r3, r4, r5, r6, r7, lr}
1000081a:	f3ef 8710 	mrs	r7, PRIMASK
1000081e:	b672      	cpsid	i
10000820:	4e1c      	ldr	r6, [pc, #112]	@ (10000894 <hw_claim_unused_from_range+0x7c>)
10000822:	e8d6 5fcf 	ldaexb	r5, [r6]
10000826:	2401      	movs	r4, #1
10000828:	2d00      	cmp	r5, #0
1000082a:	d1fa      	bne.n	10000822 <hw_claim_unused_from_range+0xa>
1000082c:	e8c6 4f45 	strexb	r5, r4, [r6]
10000830:	2d00      	cmp	r5, #0
10000832:	d1f6      	bne.n	10000822 <hw_claim_unused_from_range+0xa>
10000834:	f3bf 8f5f 	dmb	sy
10000838:	429a      	cmp	r2, r3
1000083a:	d81b      	bhi.n	10000874 <hw_claim_unused_from_range+0x5c>
1000083c:	2501      	movs	r5, #1
1000083e:	e002      	b.n	10000846 <hw_claim_unused_from_range+0x2e>
10000840:	3201      	adds	r2, #1
10000842:	4293      	cmp	r3, r2
10000844:	d322      	bcc.n	1000088c <hw_claim_unused_from_range+0x74>
10000846:	08d4      	lsrs	r4, r2, #3
10000848:	f810 e004 	ldrb.w	lr, [r0, r4]
1000084c:	f002 0c07 	and.w	ip, r2, #7
10000850:	fa05 fc0c 	lsl.w	ip, r5, ip
10000854:	ea1e 0f0c 	tst.w	lr, ip
10000858:	d1f2      	bne.n	10000840 <hw_claim_unused_from_range+0x28>
1000085a:	ea4e 0e0c 	orr.w	lr, lr, ip
1000085e:	f800 e004 	strb.w	lr, [r0, r4]
10000862:	4610      	mov	r0, r2
10000864:	2300      	movs	r3, #0
10000866:	e8c6 3f8f 	stlb	r3, [r6]
1000086a:	f387 8810 	msr	PRIMASK, r7
1000086e:	4298      	cmp	r0, r3
10000870:	db07      	blt.n	10000882 <hw_claim_unused_from_range+0x6a>
10000872:	bdf8      	pop	{r3, r4, r5, r6, r7, pc}
10000874:	2300      	movs	r3, #0
10000876:	e8c6 3f8f 	stlb	r3, [r6]
1000087a:	f387 8810 	msr	PRIMASK, r7
1000087e:	f04f 30ff 	mov.w	r0, #4294967295	@ 0xffffffff
10000882:	2900      	cmp	r1, #0
10000884:	d0f5      	beq.n	10000872 <hw_claim_unused_from_range+0x5a>
10000886:	9806      	ldr	r0, [sp, #24]
10000888:	f7ff ff82 	bl	10000790 <panic>
1000088c:	f04f 30ff 	mov.w	r0, #4294967295	@ 0xffffffff
10000890:	e7e8      	b.n	10000864 <hw_claim_unused_from_range+0x4c>
10000892:	bf00      	nop
10000894:	200018df 	.word	0x200018df

10000898 <next_striped_spin_lock_num>:
10000898:	4a04      	ldr	r2, [pc, #16]	@ (100008ac <next_striped_spin_lock_num+0x14>)
1000089a:	7810      	ldrb	r0, [r2, #0]
1000089c:	1c43      	adds	r3, r0, #1
1000089e:	b2db      	uxtb	r3, r3
100008a0:	2b18      	cmp	r3, #24
100008a2:	bf28      	it	cs
100008a4:	2310      	movcs	r3, #16
100008a6:	7013      	strb	r3, [r2, #0]
100008a8:	4770      	bx	lr
100008aa:	bf00      	nop
100008ac:	200014f8 	.word	0x200014f8

100008b0 <spin_lock_claim_unused>:
100008b0:	b510      	push	{r4, lr}
100008b2:	4c05      	ldr	r4, [pc, #20]	@ (100008c8 <spin_lock_claim_unused+0x18>)
100008b4:	b082      	sub	sp, #8
100008b6:	4601      	mov	r1, r0
100008b8:	231f      	movs	r3, #31
100008ba:	2218      	movs	r2, #24
100008bc:	9400      	str	r4, [sp, #0]
100008be:	4803      	ldr	r0, [pc, #12]	@ (100008cc <spin_lock_claim_unused+0x1c>)
100008c0:	f7ff ffaa 	bl	10000818 <hw_claim_unused_from_range>
100008c4:	b002      	add	sp, #8
100008c6:	bd10      	pop	{r4, pc}
100008c8:	10006718 	.word	0x10006718
100008cc:	20001cf0 	.word	0x20001cf0

100008d0 <spinlock_set_extexclall>:
100008d0:	f04f 22e0 	mov.w	r2, #3758153728	@ 0xe000e000
100008d4:	6893      	ldr	r3, [r2, #8]
100008d6:	f043 5300 	orr.w	r3, r3, #536870912	@ 0x20000000
100008da:	6093      	str	r3, [r2, #8]
100008dc:	4770      	bx	lr
100008de:	bf00      	nop

100008e0 <spin_locks_reset>:
100008e0:	2100      	movs	r1, #0
100008e2:	4b04      	ldr	r3, [pc, #16]	@ (100008f4 <spin_locks_reset+0x14>)
100008e4:	f103 0220 	add.w	r2, r3, #32
100008e8:	e8c3 1f8f 	stlb	r1, [r3]
100008ec:	3301      	adds	r3, #1
100008ee:	4293      	cmp	r3, r2
100008f0:	d1fa      	bne.n	100008e8 <spin_locks_reset+0x8>
100008f2:	4770      	bx	lr
100008f4:	200018d4 	.word	0x200018d4

100008f8 <runtime_init_per_core_irq_priorities>:
100008f8:	f04f 23e0 	mov.w	r3, #3758153728	@ 0xe000e000
100008fc:	f04f 3280 	mov.w	r2, #2155905152	@ 0x80808080
10000900:	f8c3 2400 	str.w	r2, [r3, #1024]	@ 0x400
10000904:	f8c3 2404 	str.w	r2, [r3, #1028]	@ 0x404
10000908:	f8c3 2408 	str.w	r2, [r3, #1032]	@ 0x408
1000090c:	f8c3 240c 	str.w	r2, [r3, #1036]	@ 0x40c
10000910:	f8c3 2410 	str.w	r2, [r3, #1040]	@ 0x410
10000914:	f8c3 2414 	str.w	r2, [r3, #1044]	@ 0x414
10000918:	f8c3 2418 	str.w	r2, [r3, #1048]	@ 0x418
1000091c:	f8c3 241c 	str.w	r2, [r3, #1052]	@ 0x41c
10000920:	f8c3 2420 	str.w	r2, [r3, #1056]	@ 0x420
10000924:	f8c3 2424 	str.w	r2, [r3, #1060]	@ 0x424
10000928:	f8c3 2428 	str.w	r2, [r3, #1064]	@ 0x428
1000092c:	f8c3 242c 	str.w	r2, [r3, #1068]	@ 0x42c
10000930:	f8c3 2430 	str.w	r2, [r3, #1072]	@ 0x430
10000934:	b662      	cpsie	i
10000936:	4770      	bx	lr

10000938 <irq_set_enabled>:
10000938:	2301      	movs	r3, #1
1000093a:	f000 021f 	and.w	r2, r0, #31
1000093e:	4093      	lsls	r3, r2
10000940:	0940      	lsrs	r0, r0, #5
10000942:	b141      	cbz	r1, 10000956 <irq_set_enabled+0x1e>
10000944:	0080      	lsls	r0, r0, #2
10000946:	f100 4060 	add.w	r0, r0, #3758096384	@ 0xe0000000
1000094a:	f500 4061 	add.w	r0, r0, #57600	@ 0xe100
1000094e:	f8c0 3180 	str.w	r3, [r0, #384]	@ 0x180
10000952:	6003      	str	r3, [r0, #0]
10000954:	4770      	bx	lr
10000956:	4a02      	ldr	r2, [pc, #8]	@ (10000960 <irq_set_enabled+0x28>)
10000958:	3020      	adds	r0, #32
1000095a:	f842 3020 	str.w	r3, [r2, r0, lsl #2]
1000095e:	4770      	bx	lr
10000960:	e000e100 	.word	0xe000e100

10000964 <irq_is_enabled>:
10000964:	2301      	movs	r3, #1
10000966:	4a06      	ldr	r2, [pc, #24]	@ (10000980 <irq_is_enabled+0x1c>)
10000968:	0941      	lsrs	r1, r0, #5
1000096a:	f852 2021 	ldr.w	r2, [r2, r1, lsl #2]
1000096e:	f000 001f 	and.w	r0, r0, #31
10000972:	fa03 f000 	lsl.w	r0, r3, r0
10000976:	4010      	ands	r0, r2
10000978:	3800      	subs	r0, #0
1000097a:	bf18      	it	ne
1000097c:	2001      	movne	r0, #1
1000097e:	4770      	bx	lr
10000980:	e000e100 	.word	0xe000e100

10000984 <irq_set_pending>:
10000984:	2201      	movs	r2, #1
10000986:	0943      	lsrs	r3, r0, #5
10000988:	4903      	ldr	r1, [pc, #12]	@ (10000998 <irq_set_pending+0x14>)
1000098a:	f000 001f 	and.w	r0, r0, #31
1000098e:	4082      	lsls	r2, r0
10000990:	3340      	adds	r3, #64	@ 0x40
10000992:	f841 2023 	str.w	r2, [r1, r3, lsl #2]
10000996:	4770      	bx	lr
10000998:	e000e100 	.word	0xe000e100

1000099c <irq_has_shared_handler>:
1000099c:	4a05      	ldr	r2, [pc, #20]	@ (100009b4 <irq_has_shared_handler+0x18>)
1000099e:	3010      	adds	r0, #16
100009a0:	6892      	ldr	r2, [r2, #8]
100009a2:	4b05      	ldr	r3, [pc, #20]	@ (100009b8 <irq_has_shared_handler+0x1c>)
100009a4:	f852 0020 	ldr.w	r0, [r2, r0, lsl #2]
100009a8:	1ac0      	subs	r0, r0, r3
100009aa:	282f      	cmp	r0, #47	@ 0x2f
100009ac:	bf8c      	ite	hi
100009ae:	2000      	movhi	r0, #0
100009b0:	2001      	movls	r0, #1
100009b2:	4770      	bx	lr
100009b4:	e000ed00 	.word	0xe000ed00
100009b8:	200014fc 	.word	0x200014fc

100009bc <irq_set_exclusive_handler>:
100009bc:	b5f8      	push	{r3, r4, r5, r6, r7, lr}
100009be:	460d      	mov	r5, r1
100009c0:	f3ef 8710 	mrs	r7, PRIMASK
100009c4:	b672      	cpsid	i
100009c6:	4e12      	ldr	r6, [pc, #72]	@ (10000a10 <irq_set_exclusive_handler+0x54>)
100009c8:	e8d6 2fcf 	ldaexb	r2, [r6]
100009cc:	2301      	movs	r3, #1
100009ce:	2a00      	cmp	r2, #0
100009d0:	d1fa      	bne.n	100009c8 <irq_set_exclusive_handler+0xc>
100009d2:	e8c6 3f42 	strexb	r2, r3, [r6]
100009d6:	2a00      	cmp	r2, #0
100009d8:	d1f6      	bne.n	100009c8 <irq_set_exclusive_handler+0xc>
100009da:	f3bf 8f5f 	dmb	sy
100009de:	4b0d      	ldr	r3, [pc, #52]	@ (10000a14 <irq_set_exclusive_handler+0x58>)
100009e0:	f100 0410 	add.w	r4, r0, #16
100009e4:	689b      	ldr	r3, [r3, #8]
100009e6:	4a0c      	ldr	r2, [pc, #48]	@ (10000a18 <irq_set_exclusive_handler+0x5c>)
100009e8:	f853 3024 	ldr.w	r3, [r3, r4, lsl #2]
100009ec:	4293      	cmp	r3, r2
100009ee:	d003      	beq.n	100009f8 <irq_set_exclusive_handler+0x3c>
100009f0:	4299      	cmp	r1, r3
100009f2:	d001      	beq.n	100009f8 <irq_set_exclusive_handler+0x3c>
100009f4:	f000 ffe4 	bl	100019c0 <hard_assertion_failure>
100009f8:	4b06      	ldr	r3, [pc, #24]	@ (10000a14 <irq_set_exclusive_handler+0x58>)
100009fa:	689b      	ldr	r3, [r3, #8]
100009fc:	f843 5024 	str.w	r5, [r3, r4, lsl #2]
10000a00:	f3bf 8f5f 	dmb	sy
10000a04:	2300      	movs	r3, #0
10000a06:	e8c6 3f8f 	stlb	r3, [r6]
10000a0a:	f387 8810 	msr	PRIMASK, r7
10000a0e:	bdf8      	pop	{r3, r4, r5, r6, r7, pc}
10000a10:	200018dd 	.word	0x200018dd
10000a14:	e000ed00 	.word	0xe000ed00
10000a18:	10000111 	.word	0x10000111

10000a1c <irq_add_shared_handler>:
10000a1c:	e92d 4ff0 	stmdb	sp!, {r4, r5, r6, r7, r8, r9, sl, fp, lr}
10000a20:	4681      	mov	r9, r0
10000a22:	468b      	mov	fp, r1
10000a24:	4616      	mov	r6, r2
10000a26:	b083      	sub	sp, #12
10000a28:	f3ef 8310 	mrs	r3, PRIMASK
10000a2c:	b672      	cpsid	i
10000a2e:	f8df a1d0 	ldr.w	sl, [pc, #464]	@ 10000c00 <irq_add_shared_handler+0x1e4>
10000a32:	9300      	str	r3, [sp, #0]
10000a34:	e8da 1fcf 	ldaexb	r1, [sl]
10000a38:	2301      	movs	r3, #1
10000a3a:	2900      	cmp	r1, #0
10000a3c:	d1fa      	bne.n	10000a34 <irq_add_shared_handler+0x18>
10000a3e:	e8ca 3f41 	strexb	r1, r3, [sl]
10000a42:	2900      	cmp	r1, #0
10000a44:	d1f6      	bne.n	10000a34 <irq_add_shared_handler+0x18>
10000a46:	f3bf 8f5f 	dmb	sy
10000a4a:	4b66      	ldr	r3, [pc, #408]	@ (10000be4 <irq_add_shared_handler+0x1c8>)
10000a4c:	f993 4000 	ldrsb.w	r4, [r3]
10000a50:	2c00      	cmp	r4, #0
10000a52:	f2c0 80a0 	blt.w	10000b96 <irq_add_shared_handler+0x17a>
10000a56:	4d64      	ldr	r5, [pc, #400]	@ (10000be8 <irq_add_shared_handler+0x1cc>)
10000a58:	eb04 0744 	add.w	r7, r4, r4, lsl #1
10000a5c:	eb05 0887 	add.w	r8, r5, r7, lsl #2
10000a60:	f898 1006 	ldrb.w	r1, [r8, #6]
10000a64:	f109 0910 	add.w	r9, r9, #16
10000a68:	7019      	strb	r1, [r3, #0]
10000a6a:	4b60      	ldr	r3, [pc, #384]	@ (10000bec <irq_add_shared_handler+0x1d0>)
10000a6c:	00bf      	lsls	r7, r7, #2
10000a6e:	689b      	ldr	r3, [r3, #8]
10000a70:	f853 0029 	ldr.w	r0, [r3, r9, lsl #2]
10000a74:	0063      	lsls	r3, r4, #1
10000a76:	1b41      	subs	r1, r0, r5
10000a78:	292f      	cmp	r1, #47	@ 0x2f
10000a7a:	d92f      	bls.n	10000adc <irq_add_shared_handler+0xc0>
10000a7c:	495c      	ldr	r1, [pc, #368]	@ (10000bf0 <irq_add_shared_handler+0x1d4>)
10000a7e:	4288      	cmp	r0, r1
10000a80:	f040 80a4 	bne.w	10000bcc <irq_add_shared_handler+0x1b0>
10000a84:	441c      	add	r4, r3
10000a86:	4b5b      	ldr	r3, [pc, #364]	@ (10000bf4 <irq_add_shared_handler+0x1d8>)
10000a88:	3702      	adds	r7, #2
10000a8a:	442f      	add	r7, r5
10000a8c:	3b04      	subs	r3, #4
10000a8e:	1bdb      	subs	r3, r3, r7
10000a90:	f3c3 034a 	ubfx	r3, r3, #1, #11
10000a94:	ea6f 43c3 	mvn.w	r3, r3, lsl #19
10000a98:	f44f 4121 	mov.w	r1, #41216	@ 0xa100
10000a9c:	ea6f 43d3 	mvn.w	r3, r3, lsr #19
10000aa0:	f825 1024 	strh.w	r1, [r5, r4, lsl #2]
10000aa4:	eb05 0484 	add.w	r4, r5, r4, lsl #2
10000aa8:	8063      	strh	r3, [r4, #2]
10000aaa:	f64b 5301 	movw	r3, #48385	@ 0xbd01
10000aae:	80a3      	strh	r3, [r4, #4]
10000ab0:	23ff      	movs	r3, #255	@ 0xff
10000ab2:	f048 0001 	orr.w	r0, r8, #1
10000ab6:	71e6      	strb	r6, [r4, #7]
10000ab8:	f8c4 b008 	str.w	fp, [r4, #8]
10000abc:	71a3      	strb	r3, [r4, #6]
10000abe:	4b4b      	ldr	r3, [pc, #300]	@ (10000bec <irq_add_shared_handler+0x1d0>)
10000ac0:	689b      	ldr	r3, [r3, #8]
10000ac2:	f843 0029 	str.w	r0, [r3, r9, lsl #2]
10000ac6:	f3bf 8f5f 	dmb	sy
10000aca:	2300      	movs	r3, #0
10000acc:	e8ca 3f8f 	stlb	r3, [sl]
10000ad0:	9b00      	ldr	r3, [sp, #0]
10000ad2:	f383 8810 	msr	PRIMASK, r3
10000ad6:	b003      	add	sp, #12
10000ad8:	e8bd 8ff0 	ldmia.w	sp!, {r4, r5, r6, r7, r8, r9, sl, fp, pc}
10000adc:	f020 0e01 	bic.w	lr, r0, #1
10000ae0:	f89e 1007 	ldrb.w	r1, [lr, #7]
10000ae4:	42b1      	cmp	r1, r6
10000ae6:	d82e      	bhi.n	10000b46 <irq_add_shared_handler+0x12a>
10000ae8:	f44f 4321 	mov.w	r3, #41216	@ 0xa100
10000aec:	53eb      	strh	r3, [r5, r7]
10000aee:	4b41      	ldr	r3, [pc, #260]	@ (10000bf4 <irq_add_shared_handler+0x1d8>)
10000af0:	1cb9      	adds	r1, r7, #2
10000af2:	4429      	add	r1, r5
10000af4:	3b04      	subs	r3, #4
10000af6:	3704      	adds	r7, #4
10000af8:	1a5b      	subs	r3, r3, r1
10000afa:	442f      	add	r7, r5
10000afc:	f1ae 0104 	sub.w	r1, lr, #4
10000b00:	1bc9      	subs	r1, r1, r7
10000b02:	f3c1 044a 	ubfx	r4, r1, #1, #11
10000b06:	493c      	ldr	r1, [pc, #240]	@ (10000bf8 <irq_add_shared_handler+0x1dc>)
10000b08:	f3c3 034a 	ubfx	r3, r3, #1, #11
10000b0c:	430b      	orrs	r3, r1
10000b0e:	4321      	orrs	r1, r4
10000b10:	f8a8 1004 	strh.w	r1, [r8, #4]
10000b14:	4939      	ldr	r1, [pc, #228]	@ (10000bfc <irq_add_shared_handler+0x1e0>)
10000b16:	f8a8 3002 	strh.w	r3, [r8, #2]
10000b1a:	f64a 20aa 	movw	r0, #43690	@ 0xaaaa
10000b1e:	4673      	mov	r3, lr
10000b20:	1b5b      	subs	r3, r3, r5
10000b22:	415b      	adcs	r3, r3
10000b24:	4358      	muls	r0, r3
10000b26:	0d00      	lsrs	r0, r0, #20
10000b28:	f888 6007 	strb.w	r6, [r8, #7]
10000b2c:	f888 0006 	strb.w	r0, [r8, #6]
10000b30:	f8c8 b008 	str.w	fp, [r8, #8]
10000b34:	f048 0001 	orr.w	r0, r8, #1
10000b38:	f8ce 1000 	str.w	r1, [lr]
10000b3c:	e7bf      	b.n	10000abe <irq_add_shared_handler+0xa2>
10000b3e:	79d1      	ldrb	r1, [r2, #7]
10000b40:	42b1      	cmp	r1, r6
10000b42:	d92e      	bls.n	10000ba2 <irq_add_shared_handler+0x186>
10000b44:	4696      	mov	lr, r2
10000b46:	f99e c006 	ldrsb.w	ip, [lr, #6]
10000b4a:	eb0c 024c 	add.w	r2, ip, ip, lsl #1
10000b4e:	f1bc 0f00 	cmp.w	ip, #0
10000b52:	eb05 0282 	add.w	r2, r5, r2, lsl #2
10000b56:	daf2      	bge.n	10000b3e <irq_add_shared_handler+0x122>
10000b58:	f64b 5101 	movw	r1, #48385	@ 0xbd01
10000b5c:	f10e 0204 	add.w	r2, lr, #4
10000b60:	f1a8 0704 	sub.w	r7, r8, #4
10000b64:	1abf      	subs	r7, r7, r2
10000b66:	f3c7 074a 	ubfx	r7, r7, #1, #11
10000b6a:	ea6f 47c7 	mvn.w	r7, r7, lsl #19
10000b6e:	ea6f 47d7 	mvn.w	r7, r7, lsr #19
10000b72:	f88e 4006 	strb.w	r4, [lr, #6]
10000b76:	eb03 0804 	add.w	r8, r3, r4
10000b7a:	4c20      	ldr	r4, [pc, #128]	@ (10000bfc <irq_add_shared_handler+0x1e0>)
10000b7c:	eb05 0388 	add.w	r3, r5, r8, lsl #2
10000b80:	f8ae 7004 	strh.w	r7, [lr, #4]
10000b84:	f845 4028 	str.w	r4, [r5, r8, lsl #2]
10000b88:	8099      	strh	r1, [r3, #4]
10000b8a:	f883 c006 	strb.w	ip, [r3, #6]
10000b8e:	71de      	strb	r6, [r3, #7]
10000b90:	f8c3 b008 	str.w	fp, [r3, #8]
10000b94:	e793      	b.n	10000abe <irq_add_shared_handler+0xa2>
10000b96:	f000 ff13 	bl	100019c0 <hard_assertion_failure>
10000b9a:	4b12      	ldr	r3, [pc, #72]	@ (10000be4 <irq_add_shared_handler+0x1c8>)
10000b9c:	f993 4000 	ldrsb.w	r4, [r3]
10000ba0:	e759      	b.n	10000a56 <irq_add_shared_handler+0x3a>
10000ba2:	4672      	mov	r2, lr
10000ba4:	f832 1f04 	ldrh.w	r1, [r2, #4]!
10000ba8:	0549      	lsls	r1, r1, #21
10000baa:	d414      	bmi.n	10000bd6 <irq_add_shared_handler+0x1ba>
10000bac:	1549      	asrs	r1, r1, #21
10000bae:	3102      	adds	r1, #2
10000bb0:	eb02 0141 	add.w	r1, r2, r1, lsl #1
10000bb4:	9101      	str	r1, [sp, #4]
10000bb6:	f06f 0107 	mvn.w	r1, #7
10000bba:	1bc9      	subs	r1, r1, r7
10000bbc:	9f01      	ldr	r7, [sp, #4]
10000bbe:	1b49      	subs	r1, r1, r5
10000bc0:	4439      	add	r1, r7
10000bc2:	f3c1 014a 	ubfx	r1, r1, #1, #11
10000bc6:	f441 4160 	orr.w	r1, r1, #57344	@ 0xe000
10000bca:	e7c9      	b.n	10000b60 <irq_add_shared_handler+0x144>
10000bcc:	9301      	str	r3, [sp, #4]
10000bce:	f000 fef7 	bl	100019c0 <hard_assertion_failure>
10000bd2:	9b01      	ldr	r3, [sp, #4]
10000bd4:	e756      	b.n	10000a84 <irq_add_shared_handler+0x68>
10000bd6:	f501 11ff 	add.w	r1, r1, #2088960	@ 0x1fe000
10000bda:	f501 51ff 	add.w	r1, r1, #8160	@ 0x1fe0
10000bde:	311f      	adds	r1, #31
10000be0:	e7e4      	b.n	10000bac <irq_add_shared_handler+0x190>
10000be2:	bf00      	nop
10000be4:	200021c8 	.word	0x200021c8
10000be8:	200014fc 	.word	0x200014fc
10000bec:	e000ed00 	.word	0xe000ed00
10000bf0:	10000111 	.word	0x10000111
10000bf4:	2000152c 	.word	0x2000152c
10000bf8:	ffffe000 	.word	0xffffe000
10000bfc:	47804801 	.word	0x47804801
10000c00:	200018dd 	.word	0x200018dd

10000c04 <irq_add_tail_to_free_list>:
10000c04:	b5f0      	push	{r4, r5, r6, r7, lr}
10000c06:	f3ef 8505 	mrs	r5, IPSR
10000c0a:	b2ed      	uxtb	r5, r5
10000c0c:	f3ef 8c10 	mrs	ip, PRIMASK
10000c10:	b672      	cpsid	i
10000c12:	4926      	ldr	r1, [pc, #152]	@ (10000cac <irq_add_tail_to_free_list+0xa8>)
10000c14:	e8d1 2fcf 	ldaexb	r2, [r1]
10000c18:	2301      	movs	r3, #1
10000c1a:	2a00      	cmp	r2, #0
10000c1c:	d1fa      	bne.n	10000c14 <irq_add_tail_to_free_list+0x10>
10000c1e:	e8c1 3f42 	strexb	r2, r3, [r1]
10000c22:	2a00      	cmp	r2, #0
10000c24:	d1f6      	bne.n	10000c14 <irq_add_tail_to_free_list+0x10>
10000c26:	f3bf 8f5f 	dmb	sy
10000c2a:	4e21      	ldr	r6, [pc, #132]	@ (10000cb0 <irq_add_tail_to_free_list+0xac>)
10000c2c:	f040 0e01 	orr.w	lr, r0, #1
10000c30:	68b4      	ldr	r4, [r6, #8]
10000c32:	f64a 23aa 	movw	r3, #43690	@ 0xaaaa
10000c36:	f854 7025 	ldr.w	r7, [r4, r5, lsl #2]
10000c3a:	4a1e      	ldr	r2, [pc, #120]	@ (10000cb4 <irq_add_tail_to_free_list+0xb0>)
10000c3c:	4604      	mov	r4, r0
10000c3e:	1aa4      	subs	r4, r4, r2
10000c40:	4164      	adcs	r4, r4
10000c42:	4363      	muls	r3, r4
10000c44:	0d1b      	lsrs	r3, r3, #20
10000c46:	4577      	cmp	r7, lr
10000c48:	b25b      	sxtb	r3, r3
10000c4a:	d01b      	beq.n	10000c84 <irq_add_tail_to_free_list+0x80>
10000c4c:	f992 4006 	ldrsb.w	r4, [r2, #6]
10000c50:	429c      	cmp	r4, r3
10000c52:	d01c      	beq.n	10000c8e <irq_add_tail_to_free_list+0x8a>
10000c54:	f992 4012 	ldrsb.w	r4, [r2, #18]
10000c58:	429c      	cmp	r4, r3
10000c5a:	d023      	beq.n	10000ca4 <irq_add_tail_to_free_list+0xa0>
10000c5c:	f992 401e 	ldrsb.w	r4, [r2, #30]
10000c60:	429c      	cmp	r4, r3
10000c62:	d021      	beq.n	10000ca8 <irq_add_tail_to_free_list+0xa4>
10000c64:	f992 402a 	ldrsb.w	r4, [r2, #42]	@ 0x2a
10000c68:	429c      	cmp	r4, r3
10000c6a:	bf08      	it	eq
10000c6c:	2403      	moveq	r4, #3
10000c6e:	d00f      	beq.n	10000c90 <irq_add_tail_to_free_list+0x8c>
10000c70:	4a11      	ldr	r2, [pc, #68]	@ (10000cb8 <irq_add_tail_to_free_list+0xb4>)
10000c72:	2400      	movs	r4, #0
10000c74:	7815      	ldrb	r5, [r2, #0]
10000c76:	7013      	strb	r3, [r2, #0]
10000c78:	7185      	strb	r5, [r0, #6]
10000c7a:	e8c1 4f8f 	stlb	r4, [r1]
10000c7e:	f38c 8810 	msr	PRIMASK, ip
10000c82:	bdf0      	pop	{r4, r5, r6, r7, pc}
10000c84:	68b2      	ldr	r2, [r6, #8]
10000c86:	4c0d      	ldr	r4, [pc, #52]	@ (10000cbc <irq_add_tail_to_free_list+0xb8>)
10000c88:	f842 4025 	str.w	r4, [r2, r5, lsl #2]
10000c8c:	e7f0      	b.n	10000c70 <irq_add_tail_to_free_list+0x6c>
10000c8e:	2400      	movs	r4, #0
10000c90:	eb04 0444 	add.w	r4, r4, r4, lsl #1
10000c94:	eb02 0284 	add.w	r2, r2, r4, lsl #2
10000c98:	24ff      	movs	r4, #255	@ 0xff
10000c9a:	7194      	strb	r4, [r2, #6]
10000c9c:	f64b 5401 	movw	r4, #48385	@ 0xbd01
10000ca0:	8094      	strh	r4, [r2, #4]
10000ca2:	e7e5      	b.n	10000c70 <irq_add_tail_to_free_list+0x6c>
10000ca4:	2401      	movs	r4, #1
10000ca6:	e7f3      	b.n	10000c90 <irq_add_tail_to_free_list+0x8c>
10000ca8:	2402      	movs	r4, #2
10000caa:	e7f1      	b.n	10000c90 <irq_add_tail_to_free_list+0x8c>
10000cac:	200018dd 	.word	0x200018dd
10000cb0:	e000ed00 	.word	0xe000ed00
10000cb4:	200014fc 	.word	0x200014fc
10000cb8:	200021c8 	.word	0x200021c8
10000cbc:	10000111 	.word	0x10000111

10000cc0 <user_irq_claim_unused>:
10000cc0:	b510      	push	{r4, lr}
10000cc2:	4c07      	ldr	r4, [pc, #28]	@ (10000ce0 <user_irq_claim_unused+0x20>)
10000cc4:	b082      	sub	sp, #8
10000cc6:	4601      	mov	r1, r0
10000cc8:	2305      	movs	r3, #5
10000cca:	2200      	movs	r2, #0
10000ccc:	9400      	str	r4, [sp, #0]
10000cce:	4805      	ldr	r0, [pc, #20]	@ (10000ce4 <user_irq_claim_unused+0x24>)
10000cd0:	f7ff fda2 	bl	10000818 <hw_claim_unused_from_range>
10000cd4:	2800      	cmp	r0, #0
10000cd6:	bfa8      	it	ge
10000cd8:	f1c0 0033 	rsbge	r0, r0, #51	@ 0x33
10000cdc:	b002      	add	sp, #8
10000cde:	bd10      	pop	{r4, pc}
10000ce0:	10006734 	.word	0x10006734
10000ce4:	200021cc 	.word	0x200021cc

10000ce8 <lock_init>:
10000ce8:	4b01      	ldr	r3, [pc, #4]	@ (10000cf0 <lock_init+0x8>)
10000cea:	440b      	add	r3, r1
10000cec:	6003      	str	r3, [r0, #0]
10000cee:	4770      	bx	lr
10000cf0:	200018d4 	.word	0x200018d4

10000cf4 <runtime_init_mutex>:
10000cf4:	b570      	push	{r4, r5, r6, lr}
10000cf6:	4c10      	ldr	r4, [pc, #64]	@ (10000d38 <runtime_init_mutex+0x44>)
10000cf8:	4d10      	ldr	r5, [pc, #64]	@ (10000d3c <runtime_init_mutex+0x48>)
10000cfa:	42ac      	cmp	r4, r5
10000cfc:	d20e      	bcs.n	10000d1c <runtime_init_mutex+0x28>
10000cfe:	26ff      	movs	r6, #255	@ 0xff
10000d00:	6823      	ldr	r3, [r4, #0]
10000d02:	b163      	cbz	r3, 10000d1e <runtime_init_mutex+0x2a>
10000d04:	f7ff fdc8 	bl	10000898 <next_striped_spin_lock_num>
10000d08:	4601      	mov	r1, r0
10000d0a:	4620      	mov	r0, r4
10000d0c:	f7ff ffec 	bl	10000ce8 <lock_init>
10000d10:	80a6      	strh	r6, [r4, #4]
10000d12:	f3bf 8f5f 	dmb	sy
10000d16:	3408      	adds	r4, #8
10000d18:	42ac      	cmp	r4, r5
10000d1a:	d3f1      	bcc.n	10000d00 <runtime_init_mutex+0xc>
10000d1c:	bd70      	pop	{r4, r5, r6, pc}
10000d1e:	f7ff fdbb 	bl	10000898 <next_striped_spin_lock_num>
10000d22:	4601      	mov	r1, r0
10000d24:	4620      	mov	r0, r4
10000d26:	f7ff ffdf 	bl	10000ce8 <lock_init>
10000d2a:	7126      	strb	r6, [r4, #4]
10000d2c:	f3bf 8f5f 	dmb	sy
10000d30:	3408      	adds	r4, #8
10000d32:	42ac      	cmp	r4, r5
10000d34:	d3e4      	bcc.n	10000d00 <runtime_init_mutex+0xc>
10000d36:	bd70      	pop	{r4, r5, r6, pc}
10000d38:	2000159c 	.word	0x2000159c
10000d3c:	200015a4 	.word	0x200015a4

10000d40 <mutex_init>:
10000d40:	b510      	push	{r4, lr}
10000d42:	4604      	mov	r4, r0
10000d44:	f7ff fda8 	bl	10000898 <next_striped_spin_lock_num>
10000d48:	4601      	mov	r1, r0
10000d4a:	4620      	mov	r0, r4
10000d4c:	f7ff ffcc 	bl	10000ce8 <lock_init>
10000d50:	23ff      	movs	r3, #255	@ 0xff
10000d52:	7123      	strb	r3, [r4, #4]
10000d54:	f3bf 8f5f 	dmb	sy
10000d58:	bd10      	pop	{r4, pc}
10000d5a:	bf00      	nop

10000d5c <critical_section_init>:
10000d5c:	b510      	push	{r4, lr}
10000d5e:	4604      	mov	r4, r0
10000d60:	2001      	movs	r0, #1
10000d62:	f7ff fda5 	bl	100008b0 <spin_lock_claim_unused>
10000d66:	4b03      	ldr	r3, [pc, #12]	@ (10000d74 <critical_section_init+0x18>)
10000d68:	4403      	add	r3, r0
10000d6a:	6023      	str	r3, [r4, #0]
10000d6c:	f3bf 8f5f 	dmb	sy
10000d70:	bd10      	pop	{r4, pc}
10000d72:	bf00      	nop
10000d74:	200018d4 	.word	0x200018d4

10000d78 <critical_section_init_with_lock_num>:
10000d78:	4b02      	ldr	r3, [pc, #8]	@ (10000d84 <critical_section_init_with_lock_num+0xc>)
10000d7a:	440b      	add	r3, r1
10000d7c:	6003      	str	r3, [r0, #0]
10000d7e:	f3bf 8f5f 	dmb	sy
10000d82:	4770      	bx	lr
10000d84:	200018d4 	.word	0x200018d4

10000d88 <sleep_until_callback>:
10000d88:	4b0d      	ldr	r3, [pc, #52]	@ (10000dc0 <sleep_until_callback+0x38>)
10000d8a:	681a      	ldr	r2, [r3, #0]
10000d8c:	f3ef 8110 	mrs	r1, PRIMASK
10000d90:	b672      	cpsid	i
10000d92:	e8d2 cfcf 	ldaexb	ip, [r2]
10000d96:	2001      	movs	r0, #1
10000d98:	f1bc 0f00 	cmp.w	ip, #0
10000d9c:	d1f9      	bne.n	10000d92 <sleep_until_callback+0xa>
10000d9e:	e8c2 0f4c 	strexb	ip, r0, [r2]
10000da2:	f1bc 0f00 	cmp.w	ip, #0
10000da6:	d1f4      	bne.n	10000d92 <sleep_until_callback+0xa>
10000da8:	f3bf 8f5f 	dmb	sy
10000dac:	2200      	movs	r2, #0
10000dae:	681b      	ldr	r3, [r3, #0]
10000db0:	e8c3 2f8f 	stlb	r2, [r3]
10000db4:	f381 8810 	msr	PRIMASK, r1
10000db8:	bf40      	sev
10000dba:	2000      	movs	r0, #0
10000dbc:	2100      	movs	r1, #0
10000dbe:	4770      	bx	lr
10000dc0:	200021a8 	.word	0x200021a8
10000dc4:	00000000 	.word	0x00000000

10000dc8 <alarm_pool_irq_handler>:
10000dc8:	e92d 4ff0 	stmdb	sp!, {r4, r5, r6, r7, r8, r9, sl, fp, lr}
10000dcc:	ed2d 8b02 	vpush	{d8}
10000dd0:	b085      	sub	sp, #20
10000dd2:	f3ef 8305 	mrs	r3, IPSR
10000dd6:	b2db      	uxtb	r3, r3
10000dd8:	3b10      	subs	r3, #16
10000dda:	089a      	lsrs	r2, r3, #2
10000ddc:	bf18      	it	ne
10000dde:	2201      	movne	r2, #1
10000de0:	f04f 0101 	mov.w	r1, #1
10000de4:	f003 0b03 	and.w	fp, r3, #3
10000de8:	bf18      	it	ne
10000dea:	4daf      	ldrne	r5, [pc, #700]	@ (100010a8 <alarm_pool_irq_handler+0x2e0>)
10000dec:	4baf      	ldr	r3, [pc, #700]	@ (100010ac <alarm_pool_irq_handler+0x2e4>)
10000dee:	bf08      	it	eq
10000df0:	4daf      	ldreq	r5, [pc, #700]	@ (100010b0 <alarm_pool_irq_handler+0x2e8>)
10000df2:	eb0b 0282 	add.w	r2, fp, r2, lsl #2
10000df6:	f853 6022 	ldr.w	r6, [r3, r2, lsl #2]
10000dfa:	fa01 f20b 	lsl.w	r2, r1, fp
10000dfe:	f505 5341 	add.w	r3, r5, #12352	@ 0x3040
10000e02:	ed9f 8ba7 	vldr	d8, [pc, #668]	@ 100010a0 <alarm_pool_irq_handler+0x2d8>
10000e06:	9201      	str	r2, [sp, #4]
10000e08:	605a      	str	r2, [r3, #4]
10000e0a:	e02f      	b.n	10000e6c <alarm_pool_irq_handler+0xa4>
10000e0c:	88b3      	ldrh	r3, [r6, #4]
10000e0e:	041c      	lsls	r4, r3, #16
10000e10:	f140 8093 	bpl.w	10000f3a <alarm_pool_irq_handler+0x172>
10000e14:	79b3      	ldrb	r3, [r6, #6]
10000e16:	2b00      	cmp	r3, #0
10000e18:	f040 80dd 	bne.w	10000fd6 <alarm_pool_irq_handler+0x20e>
10000e1c:	f9b6 2008 	ldrsh.w	r2, [r6, #8]
10000e20:	2a00      	cmp	r2, #0
10000e22:	f2c0 811e 	blt.w	10001062 <alarm_pool_irq_handler+0x29a>
10000e26:	6973      	ldr	r3, [r6, #20]
10000e28:	eb02 0242 	add.w	r2, r2, r2, lsl #1
10000e2c:	eb03 03c2 	add.w	r3, r3, r2, lsl #3
10000e30:	e9d3 4702 	ldrd	r4, r7, [r3, #8]
10000e34:	f1b7 3fff 	cmp.w	r7, #4294967295	@ 0xffffffff
10000e38:	bf08      	it	eq
10000e3a:	f1b4 3fff 	cmpeq.w	r4, #4294967295	@ 0xffffffff
10000e3e:	d00e      	beq.n	10000e5e <alarm_pool_irq_handler+0x96>
10000e40:	eb05 018b 	add.w	r1, r5, fp, lsl #2
10000e44:	6aab      	ldr	r3, [r5, #40]	@ 0x28
10000e46:	690a      	ldr	r2, [r1, #16]
10000e48:	1ad2      	subs	r2, r2, r3
10000e4a:	1ae3      	subs	r3, r4, r3
10000e4c:	4293      	cmp	r3, r2
10000e4e:	d305      	bcc.n	10000e5c <alarm_pool_irq_handler+0x94>
10000e50:	2301      	movs	r3, #1
10000e52:	6a2a      	ldr	r2, [r5, #32]
10000e54:	fa03 f30b 	lsl.w	r3, r3, fp
10000e58:	4213      	tst	r3, r2
10000e5a:	d100      	bne.n	10000e5e <alarm_pool_irq_handler+0x96>
10000e5c:	610c      	str	r4, [r1, #16]
10000e5e:	4628      	mov	r0, r5
10000e60:	f000 fc18 	bl	10001694 <timer_time_us_64>
10000e64:	42a0      	cmp	r0, r4
10000e66:	41b9      	sbcs	r1, r7
10000e68:	f2c0 80fb 	blt.w	10001062 <alarm_pool_irq_handler+0x29a>
10000e6c:	f9b6 3008 	ldrsh.w	r3, [r6, #8]
10000e70:	9a01      	ldr	r2, [sp, #4]
10000e72:	2b00      	cmp	r3, #0
10000e74:	9300      	str	r3, [sp, #0]
10000e76:	63ea      	str	r2, [r5, #60]	@ 0x3c
10000e78:	dbc8      	blt.n	10000e0c <alarm_pool_irq_handler+0x44>
10000e7a:	f8d6 8014 	ldr.w	r8, [r6, #20]
10000e7e:	eb03 0943 	add.w	r9, r3, r3, lsl #1
10000e82:	4628      	mov	r0, r5
10000e84:	eb08 07c9 	add.w	r7, r8, r9, lsl #3
10000e88:	e9d7 4a02 	ldrd	r4, sl, [r7, #8]
10000e8c:	f000 fc02 	bl	10001694 <timer_time_us_64>
10000e90:	42a0      	cmp	r0, r4
10000e92:	eb71 010a 	sbcs.w	r1, r1, sl
10000e96:	dbb9      	blt.n	10000e0c <alarm_pool_irq_handler+0x44>
10000e98:	f1ba 0f00 	cmp.w	sl, #0
10000e9c:	f2c0 80c3 	blt.w	10001026 <alarm_pool_irq_handler+0x25e>
10000ea0:	e9d7 3104 	ldrd	r3, r1, [r7, #16]
10000ea4:	4a83      	ldr	r2, [pc, #524]	@ (100010b4 <alarm_pool_irq_handler+0x2ec>)
10000ea6:	4293      	cmp	r3, r2
10000ea8:	f000 80ed 	beq.w	10001086 <alarm_pool_irq_handler+0x2be>
10000eac:	887a      	ldrh	r2, [r7, #2]
10000eae:	f9b6 0008 	ldrsh.w	r0, [r6, #8]
10000eb2:	b292      	uxth	r2, r2
10000eb4:	ea42 4000 	orr.w	r0, r2, r0, lsl #16
10000eb8:	4798      	blx	r3
10000eba:	4602      	mov	r2, r0
10000ebc:	460b      	mov	r3, r1
10000ebe:	ea52 0103 	orrs.w	r1, r2, r3
10000ec2:	f000 80b0 	beq.w	10001026 <alarm_pool_irq_handler+0x25e>
10000ec6:	2b00      	cmp	r3, #0
10000ec8:	f280 80d1 	bge.w	1000106e <alarm_pool_irq_handler+0x2a6>
10000ecc:	ebb4 0e02 	subs.w	lr, r4, r2
10000ed0:	eb6a 0a03 	sbc.w	sl, sl, r3
10000ed4:	f938 3039 	ldrsh.w	r3, [r8, r9, lsl #3]
10000ed8:	e9c7 ea02 	strd	lr, sl, [r7, #8]
10000edc:	2b00      	cmp	r3, #0
10000ede:	db95      	blt.n	10000e0c <alarm_pool_irq_handler+0x44>
10000ee0:	6971      	ldr	r1, [r6, #20]
10000ee2:	eb03 0243 	add.w	r2, r3, r3, lsl #1
10000ee6:	eb01 02c2 	add.w	r2, r1, r2, lsl #3
10000eea:	e9d2 7002 	ldrd	r7, r0, [r2, #8]
10000eee:	45be      	cmp	lr, r7
10000ef0:	eb7a 0c00 	sbcs.w	ip, sl, r0
10000ef4:	ea4f 0243 	mov.w	r2, r3, lsl #1
10000ef8:	db88      	blt.n	10000e0c <alarm_pool_irq_handler+0x44>
10000efa:	46b4      	mov	ip, r6
10000efc:	f82c 3f08 	strh.w	r3, [ip, #8]!
10000f00:	e006      	b.n	10000f10 <alarm_pool_irq_handler+0x148>
10000f02:	eb03 0043 	add.w	r0, r3, r3, lsl #1
10000f06:	eb01 00c0 	add.w	r0, r1, r0, lsl #3
10000f0a:	005a      	lsls	r2, r3, #1
10000f0c:	e9d0 7002 	ldrd	r7, r0, [r0, #8]
10000f10:	45be      	cmp	lr, r7
10000f12:	441a      	add	r2, r3
10000f14:	eb7a 0000 	sbcs.w	r0, sl, r0
10000f18:	eb01 04c2 	add.w	r4, r1, r2, lsl #3
10000f1c:	db04      	blt.n	10000f28 <alarm_pool_irq_handler+0x160>
10000f1e:	f931 3032 	ldrsh.w	r3, [r1, r2, lsl #3]
10000f22:	46a4      	mov	ip, r4
10000f24:	2b00      	cmp	r3, #0
10000f26:	daec      	bge.n	10000f02 <alarm_pool_irq_handler+0x13a>
10000f28:	f828 3039 	strh.w	r3, [r8, r9, lsl #3]
10000f2c:	9b00      	ldr	r3, [sp, #0]
10000f2e:	f8ac 3000 	strh.w	r3, [ip]
10000f32:	88b3      	ldrh	r3, [r6, #4]
10000f34:	041c      	lsls	r4, r3, #16
10000f36:	f53f af6d 	bmi.w	10000e14 <alarm_pool_irq_handler+0x4c>
10000f3a:	6933      	ldr	r3, [r6, #16]
10000f3c:	f3ef 8210 	mrs	r2, PRIMASK
10000f40:	b672      	cpsid	i
10000f42:	e8d3 0fcf 	ldaexb	r0, [r3]
10000f46:	2101      	movs	r1, #1
10000f48:	2800      	cmp	r0, #0
10000f4a:	d1fa      	bne.n	10000f42 <alarm_pool_irq_handler+0x17a>
10000f4c:	e8c3 1f40 	strexb	r0, r1, [r3]
10000f50:	2800      	cmp	r0, #0
10000f52:	d1f6      	bne.n	10000f42 <alarm_pool_irq_handler+0x17a>
10000f54:	f3bf 8f5f 	dmb	sy
10000f58:	f64f 74ff 	movw	r4, #65535	@ 0xffff
10000f5c:	88b0      	ldrh	r0, [r6, #4]
10000f5e:	2300      	movs	r3, #0
10000f60:	6931      	ldr	r1, [r6, #16]
10000f62:	b200      	sxth	r0, r0
10000f64:	80b4      	strh	r4, [r6, #4]
10000f66:	e8c1 3f8f 	stlb	r3, [r1]
10000f6a:	f382 8810 	msr	PRIMASK, r2
10000f6e:	4298      	cmp	r0, r3
10000f70:	f6ff af50 	blt.w	10000e14 <alarm_pool_irq_handler+0x4c>
10000f74:	4607      	mov	r7, r0
10000f76:	46a9      	mov	r9, r5
10000f78:	6974      	ldr	r4, [r6, #20]
10000f7a:	f106 0808 	add.w	r8, r6, #8
10000f7e:	eb07 0e47 	add.w	lr, r7, r7, lsl #1
10000f82:	eb04 03ce 	add.w	r3, r4, lr, lsl #3
10000f86:	e9d3 5002 	ldrd	r5, r0, [r3, #8]
10000f8a:	f9b6 3008 	ldrsh.w	r3, [r6, #8]
10000f8e:	46c4      	mov	ip, r8
10000f90:	2b00      	cmp	r3, #0
10000f92:	db13      	blt.n	10000fbc <alarm_pool_irq_handler+0x1f4>
10000f94:	46b2      	mov	sl, r6
10000f96:	9700      	str	r7, [sp, #0]
10000f98:	e004      	b.n	10000fa4 <alarm_pool_irq_handler+0x1dc>
10000f9a:	f934 3036 	ldrsh.w	r3, [r4, r6, lsl #3]
10000f9e:	4694      	mov	ip, r2
10000fa0:	2b00      	cmp	r3, #0
10000fa2:	db09      	blt.n	10000fb8 <alarm_pool_irq_handler+0x1f0>
10000fa4:	eb03 0643 	add.w	r6, r3, r3, lsl #1
10000fa8:	eb04 02c6 	add.w	r2, r4, r6, lsl #3
10000fac:	e9d2 7102 	ldrd	r7, r1, [r2, #8]
10000fb0:	42bd      	cmp	r5, r7
10000fb2:	eb70 0101 	sbcs.w	r1, r0, r1
10000fb6:	daf0      	bge.n	10000f9a <alarm_pool_irq_handler+0x1d2>
10000fb8:	4656      	mov	r6, sl
10000fba:	9f00      	ldr	r7, [sp, #0]
10000fbc:	f8ac 7000 	strh.w	r7, [ip]
10000fc0:	f934 703e 	ldrsh.w	r7, [r4, lr, lsl #3]
10000fc4:	f824 303e 	strh.w	r3, [r4, lr, lsl #3]
10000fc8:	2f00      	cmp	r7, #0
10000fca:	dad8      	bge.n	10000f7e <alarm_pool_irq_handler+0x1b6>
10000fcc:	79b3      	ldrb	r3, [r6, #6]
10000fce:	464d      	mov	r5, r9
10000fd0:	2b00      	cmp	r3, #0
10000fd2:	f43f af23 	beq.w	10000e1c <alarm_pool_irq_handler+0x54>
10000fd6:	2300      	movs	r3, #0
10000fd8:	71b3      	strb	r3, [r6, #6]
10000fda:	f9b6 3008 	ldrsh.w	r3, [r6, #8]
10000fde:	f106 0808 	add.w	r8, r6, #8
10000fe2:	1c58      	adds	r0, r3, #1
10000fe4:	d03d      	beq.n	10001062 <alarm_pool_irq_handler+0x29a>
10000fe6:	461a      	mov	r2, r3
10000fe8:	6977      	ldr	r7, [r6, #20]
10000fea:	e003      	b.n	10000ff4 <alarm_pool_irq_handler+0x22c>
10000fec:	4680      	mov	r8, r0
10000fee:	1c59      	adds	r1, r3, #1
10000ff0:	f43f af16 	beq.w	10000e20 <alarm_pool_irq_handler+0x58>
10000ff4:	eb03 0143 	add.w	r1, r3, r3, lsl #1
10000ff8:	eb07 00c1 	add.w	r0, r7, r1, lsl #3
10000ffc:	f8b0 c002 	ldrh.w	ip, [r0, #2]
10001000:	461c      	mov	r4, r3
10001002:	f41c 4f00 	tst.w	ip, #32768	@ 0x8000
10001006:	469e      	mov	lr, r3
10001008:	f937 3031 	ldrsh.w	r3, [r7, r1, lsl #3]
1000100c:	d0ee      	beq.n	10000fec <alarm_pool_irq_handler+0x224>
1000100e:	4294      	cmp	r4, r2
10001010:	ed80 8b02 	vstr	d8, [r0, #8]
10001014:	d005      	beq.n	10001022 <alarm_pool_irq_handler+0x25a>
10001016:	f8a8 3000 	strh.w	r3, [r8]
1000101a:	8932      	ldrh	r2, [r6, #8]
1000101c:	f827 2031 	strh.w	r2, [r7, r1, lsl #3]
10001020:	8134      	strh	r4, [r6, #8]
10001022:	4672      	mov	r2, lr
10001024:	e7e3      	b.n	10000fee <alarm_pool_irq_handler+0x226>
10001026:	f838 3039 	ldrh.w	r3, [r8, r9, lsl #3]
1000102a:	8133      	strh	r3, [r6, #8]
1000102c:	6933      	ldr	r3, [r6, #16]
1000102e:	f3ef 8210 	mrs	r2, PRIMASK
10001032:	b672      	cpsid	i
10001034:	e8d3 0fcf 	ldaexb	r0, [r3]
10001038:	2101      	movs	r1, #1
1000103a:	2800      	cmp	r0, #0
1000103c:	d1fa      	bne.n	10001034 <alarm_pool_irq_handler+0x26c>
1000103e:	e8c3 1f40 	strexb	r0, r1, [r3]
10001042:	2800      	cmp	r0, #0
10001044:	d1f6      	bne.n	10001034 <alarm_pool_irq_handler+0x26c>
10001046:	f3bf 8f5f 	dmb	sy
1000104a:	8873      	ldrh	r3, [r6, #2]
1000104c:	6931      	ldr	r1, [r6, #16]
1000104e:	f828 3039 	strh.w	r3, [r8, r9, lsl #3]
10001052:	9b00      	ldr	r3, [sp, #0]
10001054:	8073      	strh	r3, [r6, #2]
10001056:	2300      	movs	r3, #0
10001058:	e8c1 3f8f 	stlb	r3, [r1]
1000105c:	f382 8810 	msr	PRIMASK, r2
10001060:	e6d4      	b.n	10000e0c <alarm_pool_irq_handler+0x44>
10001062:	bf40      	sev
10001064:	b005      	add	sp, #20
10001066:	ecbd 8b02 	vpop	{d8}
1000106a:	e8bd 8ff0 	ldmia.w	sp!, {r4, r5, r6, r7, r8, r9, sl, fp, pc}
1000106e:	4628      	mov	r0, r5
10001070:	e9cd 2302 	strd	r2, r3, [sp, #8]
10001074:	f000 fb0e 	bl	10001694 <timer_time_us_64>
10001078:	9a02      	ldr	r2, [sp, #8]
1000107a:	9b03      	ldr	r3, [sp, #12]
1000107c:	eb10 0e02 	adds.w	lr, r0, r2
10001080:	eb43 0a01 	adc.w	sl, r3, r1
10001084:	e726      	b.n	10000ed4 <alarm_pool_irq_handler+0x10c>
10001086:	4608      	mov	r0, r1
10001088:	690b      	ldr	r3, [r1, #16]
1000108a:	9102      	str	r1, [sp, #8]
1000108c:	4798      	blx	r3
1000108e:	2800      	cmp	r0, #0
10001090:	d0c9      	beq.n	10001026 <alarm_pool_irq_handler+0x25e>
10001092:	9902      	ldr	r1, [sp, #8]
10001094:	e9d1 2300 	ldrd	r2, r3, [r1]
10001098:	e711      	b.n	10000ebe <alarm_pool_irq_handler+0xf6>
1000109a:	bf00      	nop
1000109c:	f3af 8000 	nop.w
100010a0:	ffffffff 	.word	0xffffffff
100010a4:	ffffffff 	.word	0xffffffff
100010a8:	400b8000 	.word	0x400b8000
100010ac:	20002180 	.word	0x20002180
100010b0:	400b0000 	.word	0x400b0000
100010b4:	10000dc9 	.word	0x10000dc9

100010b8 <runtime_init_default_alarm_pool>:
100010b8:	e92d 4ff8 	stmdb	sp!, {r3, r4, r5, r6, r7, r8, r9, sl, fp, lr}
100010bc:	4c36      	ldr	r4, [pc, #216]	@ (10001198 <runtime_init_default_alarm_pool+0xe0>)
100010be:	6925      	ldr	r5, [r4, #16]
100010c0:	b12d      	cbz	r5, 100010ce <runtime_init_default_alarm_pool+0x16>
100010c2:	e8bd 4ff8 	ldmia.w	sp!, {r3, r4, r5, r6, r7, r8, r9, sl, fp, lr}
100010c6:	210a      	movs	r1, #10
100010c8:	4834      	ldr	r0, [pc, #208]	@ (1000119c <runtime_init_default_alarm_pool+0xe4>)
100010ca:	f7ff be0d 	b.w	10000ce8 <lock_init>
100010ce:	f8df 80e4 	ldr.w	r8, [pc, #228]	@ 100011b4 <runtime_init_default_alarm_pool+0xfc>
100010d2:	2103      	movs	r1, #3
100010d4:	4640      	mov	r0, r8
100010d6:	f000 facb 	bl	10001670 <timer_hardware_alarm_claim>
100010da:	2603      	movs	r6, #3
100010dc:	f8c4 800c 	str.w	r8, [r4, #12]
100010e0:	f7ff fbda 	bl	10000898 <next_striped_spin_lock_num>
100010e4:	f04f 4c50 	mov.w	ip, #3489660928	@ 0xd0000000
100010e8:	4b2d      	ldr	r3, [pc, #180]	@ (100011a0 <runtime_init_default_alarm_pool+0xe8>)
100010ea:	7026      	strb	r6, [r4, #0]
100010ec:	4403      	add	r3, r0
100010ee:	6123      	str	r3, [r4, #16]
100010f0:	f8dc 3000 	ldr.w	r3, [ip]
100010f4:	210f      	movs	r1, #15
100010f6:	7063      	strb	r3, [r4, #1]
100010f8:	6963      	ldr	r3, [r4, #20]
100010fa:	8061      	strh	r1, [r4, #2]
100010fc:	831d      	strh	r5, [r3, #24]
100010fe:	f04f 0504 	mov.w	r5, #4
10001102:	f8a3 5078 	strh.w	r5, [r3, #120]	@ 0x78
10001106:	f04f 0505 	mov.w	r5, #5
1000110a:	f8a3 5090 	strh.w	r5, [r3, #144]	@ 0x90
1000110e:	f04f 0506 	mov.w	r5, #6
10001112:	f8a3 50a8 	strh.w	r5, [r3, #168]	@ 0xa8
10001116:	f04f 0507 	mov.w	r5, #7
1000111a:	210e      	movs	r1, #14
1000111c:	f64f 72ff 	movw	r2, #65535	@ 0xffff
10001120:	2708      	movs	r7, #8
10001122:	f04f 0e0a 	mov.w	lr, #10
10001126:	f8a3 50c0 	strh.w	r5, [r3, #192]	@ 0xc0
1000112a:	f04f 0901 	mov.w	r9, #1
1000112e:	f04f 0c0c 	mov.w	ip, #12
10001132:	f04f 0b02 	mov.w	fp, #2
10001136:	f04f 0a09 	mov.w	sl, #9
1000113a:	200d      	movs	r0, #13
1000113c:	f04f 050b 	mov.w	r5, #11
10001140:	f8a3 1168 	strh.w	r1, [r3, #360]	@ 0x168
10001144:	4917      	ldr	r1, [pc, #92]	@ (100011a4 <runtime_init_default_alarm_pool+0xec>)
10001146:	80a2      	strh	r2, [r4, #4]
10001148:	f8a3 e108 	strh.w	lr, [r3, #264]	@ 0x108
1000114c:	60a1      	str	r1, [r4, #8]
1000114e:	f8a3 b048 	strh.w	fp, [r3, #72]	@ 0x48
10001152:	f8a3 a0f0 	strh.w	sl, [r3, #240]	@ 0xf0
10001156:	f8a3 5120 	strh.w	r5, [r3, #288]	@ 0x120
1000115a:	f8a3 c138 	strh.w	ip, [r3, #312]	@ 0x138
1000115e:	f8a3 0150 	strh.w	r0, [r3, #336]	@ 0x150
10001162:	f8a3 9030 	strh.w	r9, [r3, #48]	@ 0x30
10001166:	f8a3 6060 	strh.w	r6, [r3, #96]	@ 0x60
1000116a:	f8a3 70d8 	strh.w	r7, [r3, #216]	@ 0xd8
1000116e:	801a      	strh	r2, [r3, #0]
10001170:	4b0d      	ldr	r3, [pc, #52]	@ (100011a8 <runtime_init_default_alarm_pool+0xf0>)
10001172:	4630      	mov	r0, r6
10001174:	f8c8 7020 	str.w	r7, [r8, #32]
10001178:	490c      	ldr	r1, [pc, #48]	@ (100011ac <runtime_init_default_alarm_pool+0xf4>)
1000117a:	60dc      	str	r4, [r3, #12]
1000117c:	f7ff fc1e 	bl	100009bc <irq_set_exclusive_handler>
10001180:	4649      	mov	r1, r9
10001182:	4630      	mov	r0, r6
10001184:	f7ff fbd8 	bl	10000938 <irq_set_enabled>
10001188:	4b09      	ldr	r3, [pc, #36]	@ (100011b0 <runtime_init_default_alarm_pool+0xf8>)
1000118a:	210a      	movs	r1, #10
1000118c:	641f      	str	r7, [r3, #64]	@ 0x40
1000118e:	4803      	ldr	r0, [pc, #12]	@ (1000119c <runtime_init_default_alarm_pool+0xe4>)
10001190:	e8bd 4ff8 	ldmia.w	sp!, {r3, r4, r5, r6, r7, r8, r9, sl, fp, lr}
10001194:	f7ff bda8 	b.w	10000ce8 <lock_init>
10001198:	20001544 	.word	0x20001544
1000119c:	200021a8 	.word	0x200021a8
100011a0:	200018d4 	.word	0x200018d4
100011a4:	0010ffff 	.word	0x0010ffff
100011a8:	20002180 	.word	0x20002180
100011ac:	10000dc9 	.word	0x10000dc9
100011b0:	400b2000 	.word	0x400b2000
100011b4:	400b0000 	.word	0x400b0000

100011b8 <alarm_pool_get_default>:
100011b8:	4800      	ldr	r0, [pc, #0]	@ (100011bc <alarm_pool_get_default+0x4>)
100011ba:	4770      	bx	lr
100011bc:	20001544 	.word	0x20001544

100011c0 <alarm_pool_add_alarm_at>:
100011c0:	b5f8      	push	{r3, r4, r5, r6, r7, lr}
100011c2:	f89d 5020 	ldrb.w	r5, [sp, #32]
100011c6:	4604      	mov	r4, r0
100011c8:	4617      	mov	r7, r2
100011ca:	461e      	mov	r6, r3
100011cc:	b935      	cbnz	r5, 100011dc <alarm_pool_add_alarm_at+0x1c>
100011ce:	f000 fa69 	bl	100016a4 <time_us_64>
100011d2:	4287      	cmp	r7, r0
100011d4:	eb66 0101 	sbc.w	r1, r6, r1
100011d8:	2900      	cmp	r1, #0
100011da:	db5c      	blt.n	10001296 <alarm_pool_add_alarm_at+0xd6>
100011dc:	6921      	ldr	r1, [r4, #16]
100011de:	f3ef 8310 	mrs	r3, PRIMASK
100011e2:	b672      	cpsid	i
100011e4:	e8d1 0fcf 	ldaexb	r0, [r1]
100011e8:	2201      	movs	r2, #1
100011ea:	2800      	cmp	r0, #0
100011ec:	d1fa      	bne.n	100011e4 <alarm_pool_add_alarm_at+0x24>
100011ee:	e8c1 2f40 	strexb	r0, r2, [r1]
100011f2:	2800      	cmp	r0, #0
100011f4:	d1f6      	bne.n	100011e4 <alarm_pool_add_alarm_at+0x24>
100011f6:	f3bf 8f5f 	dmb	sy
100011fa:	f9b4 2002 	ldrsh.w	r2, [r4, #2]
100011fe:	6965      	ldr	r5, [r4, #20]
10001200:	eb02 0142 	add.w	r1, r2, r2, lsl #1
10001204:	2a00      	cmp	r2, #0
10001206:	ea4f 0cc1 	mov.w	ip, r1, lsl #3
1000120a:	6920      	ldr	r0, [r4, #16]
1000120c:	eb05 01c1 	add.w	r1, r5, r1, lsl #3
10001210:	db39      	blt.n	10001286 <alarm_pool_add_alarm_at+0xc6>
10001212:	f835 e00c 	ldrh.w	lr, [r5, ip]
10001216:	f8a4 e002 	strh.w	lr, [r4, #2]
1000121a:	f04f 0e00 	mov.w	lr, #0
1000121e:	e8c0 ef8f 	stlb	lr, [r0]
10001222:	f383 8810 	msr	PRIMASK, r3
10001226:	8848      	ldrh	r0, [r1, #2]
10001228:	9b06      	ldr	r3, [sp, #24]
1000122a:	3001      	adds	r0, #1
1000122c:	f3c0 000e 	ubfx	r0, r0, #0, #15
10001230:	2801      	cmp	r0, #1
10001232:	bf38      	it	cc
10001234:	2001      	movcc	r0, #1
10001236:	610b      	str	r3, [r1, #16]
10001238:	9b07      	ldr	r3, [sp, #28]
1000123a:	8048      	strh	r0, [r1, #2]
1000123c:	614b      	str	r3, [r1, #20]
1000123e:	e9c1 7602 	strd	r7, r6, [r1, #8]
10001242:	ea40 4002 	orr.w	r0, r0, r2, lsl #16
10001246:	6923      	ldr	r3, [r4, #16]
10001248:	f3ef 8110 	mrs	r1, PRIMASK
1000124c:	b672      	cpsid	i
1000124e:	e8d3 7fcf 	ldaexb	r7, [r3]
10001252:	2601      	movs	r6, #1
10001254:	2f00      	cmp	r7, #0
10001256:	d1fa      	bne.n	1000124e <alarm_pool_add_alarm_at+0x8e>
10001258:	e8c3 6f47 	strexb	r7, r6, [r3]
1000125c:	2f00      	cmp	r7, #0
1000125e:	d1f6      	bne.n	1000124e <alarm_pool_add_alarm_at+0x8e>
10001260:	f3bf 8f5f 	dmb	sy
10001264:	88a3      	ldrh	r3, [r4, #4]
10001266:	f825 300c 	strh.w	r3, [r5, ip]
1000126a:	80a2      	strh	r2, [r4, #4]
1000126c:	6923      	ldr	r3, [r4, #16]
1000126e:	e8c3 ef8f 	stlb	lr, [r3]
10001272:	f381 8810 	msr	PRIMASK, r1
10001276:	2201      	movs	r2, #1
10001278:	68e3      	ldr	r3, [r4, #12]
1000127a:	7821      	ldrb	r1, [r4, #0]
1000127c:	f503 5301 	add.w	r3, r3, #8256	@ 0x2040
10001280:	408a      	lsls	r2, r1
10001282:	605a      	str	r2, [r3, #4]
10001284:	bdf8      	pop	{r3, r4, r5, r6, r7, pc}
10001286:	2200      	movs	r2, #0
10001288:	e8c0 2f8f 	stlb	r2, [r0]
1000128c:	f383 8810 	msr	PRIMASK, r3
10001290:	f04f 30ff 	mov.w	r0, #4294967295	@ 0xffffffff
10001294:	bdf8      	pop	{r3, r4, r5, r6, r7, pc}
10001296:	4628      	mov	r0, r5
10001298:	bdf8      	pop	{r3, r4, r5, r6, r7, pc}
1000129a:	bf00      	nop

1000129c <alarm_pool_add_alarm_at_force_in_context>:
1000129c:	4601      	mov	r1, r0
1000129e:	b5f0      	push	{r4, r5, r6, r7, lr}
100012a0:	6900      	ldr	r0, [r0, #16]
100012a2:	f3ef 8710 	mrs	r7, PRIMASK
100012a6:	b672      	cpsid	i
100012a8:	e8d0 5fcf 	ldaexb	r5, [r0]
100012ac:	2401      	movs	r4, #1
100012ae:	2d00      	cmp	r5, #0
100012b0:	d1fa      	bne.n	100012a8 <alarm_pool_add_alarm_at_force_in_context+0xc>
100012b2:	e8c0 4f45 	strexb	r5, r4, [r0]
100012b6:	2d00      	cmp	r5, #0
100012b8:	d1f6      	bne.n	100012a8 <alarm_pool_add_alarm_at_force_in_context+0xc>
100012ba:	f3bf 8f5f 	dmb	sy
100012be:	f9b1 e002 	ldrsh.w	lr, [r1, #2]
100012c2:	694c      	ldr	r4, [r1, #20]
100012c4:	eb0e 0c4e 	add.w	ip, lr, lr, lsl #1
100012c8:	f1be 0f00 	cmp.w	lr, #0
100012cc:	ea4f 05cc 	mov.w	r5, ip, lsl #3
100012d0:	6908      	ldr	r0, [r1, #16]
100012d2:	eb04 0ccc 	add.w	ip, r4, ip, lsl #3
100012d6:	db3c      	blt.n	10001352 <alarm_pool_add_alarm_at_force_in_context+0xb6>
100012d8:	5b66      	ldrh	r6, [r4, r5]
100012da:	804e      	strh	r6, [r1, #2]
100012dc:	2600      	movs	r6, #0
100012de:	e8c0 6f8f 	stlb	r6, [r0]
100012e2:	f387 8810 	msr	PRIMASK, r7
100012e6:	f8bc 0002 	ldrh.w	r0, [ip, #2]
100012ea:	e9cc 2302 	strd	r2, r3, [ip, #8]
100012ee:	3001      	adds	r0, #1
100012f0:	f3c0 000e 	ubfx	r0, r0, #0, #15
100012f4:	2801      	cmp	r0, #1
100012f6:	bf38      	it	cc
100012f8:	2001      	movcc	r0, #1
100012fa:	9b05      	ldr	r3, [sp, #20]
100012fc:	f8ac 0002 	strh.w	r0, [ip, #2]
10001300:	f8cc 3010 	str.w	r3, [ip, #16]
10001304:	9b06      	ldr	r3, [sp, #24]
10001306:	ea40 400e 	orr.w	r0, r0, lr, lsl #16
1000130a:	f8cc 3014 	str.w	r3, [ip, #20]
1000130e:	690b      	ldr	r3, [r1, #16]
10001310:	f3ef 8210 	mrs	r2, PRIMASK
10001314:	b672      	cpsid	i
10001316:	e8d3 cfcf 	ldaexb	ip, [r3]
1000131a:	2701      	movs	r7, #1
1000131c:	f1bc 0f00 	cmp.w	ip, #0
10001320:	d1f9      	bne.n	10001316 <alarm_pool_add_alarm_at_force_in_context+0x7a>
10001322:	e8c3 7f4c 	strexb	ip, r7, [r3]
10001326:	f1bc 0f00 	cmp.w	ip, #0
1000132a:	d1f4      	bne.n	10001316 <alarm_pool_add_alarm_at_force_in_context+0x7a>
1000132c:	f3bf 8f5f 	dmb	sy
10001330:	888b      	ldrh	r3, [r1, #4]
10001332:	5363      	strh	r3, [r4, r5]
10001334:	f8a1 e004 	strh.w	lr, [r1, #4]
10001338:	690b      	ldr	r3, [r1, #16]
1000133a:	e8c3 6f8f 	stlb	r6, [r3]
1000133e:	f382 8810 	msr	PRIMASK, r2
10001342:	2201      	movs	r2, #1
10001344:	68cb      	ldr	r3, [r1, #12]
10001346:	7809      	ldrb	r1, [r1, #0]
10001348:	f503 5301 	add.w	r3, r3, #8256	@ 0x2040
1000134c:	408a      	lsls	r2, r1
1000134e:	605a      	str	r2, [r3, #4]
10001350:	bdf0      	pop	{r4, r5, r6, r7, pc}
10001352:	2300      	movs	r3, #0
10001354:	e8c0 3f8f 	stlb	r3, [r0]
10001358:	f387 8810 	msr	PRIMASK, r7
1000135c:	f04f 30ff 	mov.w	r0, #4294967295	@ 0xffffffff
10001360:	bdf0      	pop	{r4, r5, r6, r7, pc}
10001362:	bf00      	nop

10001364 <alarm_pool_cancel_alarm>:
10001364:	4603      	mov	r3, r0
10001366:	8940      	ldrh	r0, [r0, #10]
10001368:	ebb0 4f21 	cmp.w	r0, r1, asr #16
1000136c:	dd37      	ble.n	100013de <alarm_pool_cancel_alarm+0x7a>
1000136e:	6958      	ldr	r0, [r3, #20]
10001370:	140a      	asrs	r2, r1, #16
10001372:	eb02 0242 	add.w	r2, r2, r2, lsl #1
10001376:	b510      	push	{r4, lr}
10001378:	eb00 00c2 	add.w	r0, r0, r2, lsl #3
1000137c:	691c      	ldr	r4, [r3, #16]
1000137e:	f3ef 8c10 	mrs	ip, PRIMASK
10001382:	b672      	cpsid	i
10001384:	e8d4 efcf 	ldaexb	lr, [r4]
10001388:	2201      	movs	r2, #1
1000138a:	f1be 0f00 	cmp.w	lr, #0
1000138e:	d1f9      	bne.n	10001384 <alarm_pool_cancel_alarm+0x20>
10001390:	e8c4 2f4e 	strexb	lr, r2, [r4]
10001394:	f1be 0f00 	cmp.w	lr, #0
10001398:	d1f4      	bne.n	10001384 <alarm_pool_cancel_alarm+0x20>
1000139a:	f3bf 8f5f 	dmb	sy
1000139e:	8842      	ldrh	r2, [r0, #2]
100013a0:	b289      	uxth	r1, r1
100013a2:	b292      	uxth	r2, r2
100013a4:	428a      	cmp	r2, r1
100013a6:	d007      	beq.n	100013b8 <alarm_pool_cancel_alarm+0x54>
100013a8:	2200      	movs	r2, #0
100013aa:	691b      	ldr	r3, [r3, #16]
100013ac:	e8c3 2f8f 	stlb	r2, [r3]
100013b0:	f38c 8810 	msr	PRIMASK, ip
100013b4:	2000      	movs	r0, #0
100013b6:	bd10      	pop	{r4, pc}
100013b8:	f442 4200 	orr.w	r2, r2, #32768	@ 0x8000
100013bc:	8042      	strh	r2, [r0, #2]
100013be:	2101      	movs	r1, #1
100013c0:	2200      	movs	r2, #0
100013c2:	6918      	ldr	r0, [r3, #16]
100013c4:	7199      	strb	r1, [r3, #6]
100013c6:	e8c0 2f8f 	stlb	r2, [r0]
100013ca:	f38c 8810 	msr	PRIMASK, ip
100013ce:	781c      	ldrb	r4, [r3, #0]
100013d0:	68da      	ldr	r2, [r3, #12]
100013d2:	4608      	mov	r0, r1
100013d4:	f502 5301 	add.w	r3, r2, #8256	@ 0x2040
100013d8:	40a1      	lsls	r1, r4
100013da:	6059      	str	r1, [r3, #4]
100013dc:	bd10      	pop	{r4, pc}
100013de:	2000      	movs	r0, #0
100013e0:	4770      	bx	lr
100013e2:	bf00      	nop

100013e4 <alarm_pool_core_num>:
100013e4:	7840      	ldrb	r0, [r0, #1]
100013e6:	4770      	bx	lr

100013e8 <sleep_us>:
100013e8:	e92d 41f0 	stmdb	sp!, {r4, r5, r6, r7, r8, lr}
100013ec:	b082      	sub	sp, #8
100013ee:	4604      	mov	r4, r0
100013f0:	460e      	mov	r6, r1
100013f2:	f000 f957 	bl	100016a4 <time_us_64>
100013f6:	f04f 32ff 	mov.w	r2, #4294967295	@ 0xffffffff
100013fa:	f06f 4300 	mvn.w	r3, #2147483648	@ 0x80000000
100013fe:	1824      	adds	r4, r4, r0
10001400:	eb46 0601 	adc.w	r6, r6, r1
10001404:	42a2      	cmp	r2, r4
10001406:	eb73 0106 	sbcs.w	r1, r3, r6
1000140a:	bf3c      	itt	cc
1000140c:	4614      	movcc	r4, r2
1000140e:	461e      	movcc	r6, r3
10001410:	1fa5      	subs	r5, r4, #6
10001412:	f146 37ff 	adc.w	r7, r6, #4294967295	@ 0xffffffff
10001416:	42ac      	cmp	r4, r5
10001418:	eb76 0307 	sbcs.w	r3, r6, r7
1000141c:	bf3c      	itt	cc
1000141e:	2500      	movcc	r5, #0
10001420:	462f      	movcc	r7, r5
10001422:	f000 f93f 	bl	100016a4 <time_us_64>
10001426:	1a28      	subs	r0, r5, r0
10001428:	eb67 0c01 	sbc.w	ip, r7, r1
1000142c:	2801      	cmp	r0, #1
1000142e:	f17c 0c00 	sbcs.w	ip, ip, #0
10001432:	da06      	bge.n	10001442 <sleep_us+0x5a>
10001434:	4620      	mov	r0, r4
10001436:	4631      	mov	r1, r6
10001438:	b002      	add	sp, #8
1000143a:	e8bd 41f0 	ldmia.w	sp!, {r4, r5, r6, r7, r8, lr}
1000143e:	f000 b93b 	b.w	100016b8 <busy_wait_until>
10001442:	f000 f92f 	bl	100016a4 <time_us_64>
10001446:	4285      	cmp	r5, r0
10001448:	eb67 0101 	sbc.w	r1, r7, r1
1000144c:	2900      	cmp	r1, #0
1000144e:	db0a      	blt.n	10001466 <sleep_us+0x7e>
10001450:	2100      	movs	r1, #0
10001452:	4b17      	ldr	r3, [pc, #92]	@ (100014b0 <sleep_us+0xc8>)
10001454:	462a      	mov	r2, r5
10001456:	9300      	str	r3, [sp, #0]
10001458:	4816      	ldr	r0, [pc, #88]	@ (100014b4 <sleep_us+0xcc>)
1000145a:	463b      	mov	r3, r7
1000145c:	9101      	str	r1, [sp, #4]
1000145e:	f7ff ff1d 	bl	1000129c <alarm_pool_add_alarm_at_force_in_context>
10001462:	3001      	adds	r0, #1
10001464:	d0e6      	beq.n	10001434 <sleep_us+0x4c>
10001466:	f04f 0c00 	mov.w	ip, #0
1000146a:	4a13      	ldr	r2, [pc, #76]	@ (100014b8 <sleep_us+0xd0>)
1000146c:	4913      	ldr	r1, [pc, #76]	@ (100014bc <sleep_us+0xd4>)
1000146e:	6a53      	ldr	r3, [r2, #36]	@ 0x24
10001470:	429f      	cmp	r7, r3
10001472:	d804      	bhi.n	1000147e <sleep_us+0x96>
10001474:	6a90      	ldr	r0, [r2, #40]	@ 0x28
10001476:	42a8      	cmp	r0, r5
10001478:	d2dc      	bcs.n	10001434 <sleep_us+0x4c>
1000147a:	429f      	cmp	r7, r3
1000147c:	d1da      	bne.n	10001434 <sleep_us+0x4c>
1000147e:	680b      	ldr	r3, [r1, #0]
10001480:	f3ef 8010 	mrs	r0, PRIMASK
10001484:	b672      	cpsid	i
10001486:	e8d3 8fcf 	ldaexb	r8, [r3]
1000148a:	f05f 0e01 	movs.w	lr, #1
1000148e:	f1b8 0f00 	cmp.w	r8, #0
10001492:	d1f8      	bne.n	10001486 <sleep_us+0x9e>
10001494:	e8c3 ef48 	strexb	r8, lr, [r3]
10001498:	f1b8 0f00 	cmp.w	r8, #0
1000149c:	d1f3      	bne.n	10001486 <sleep_us+0x9e>
1000149e:	f3bf 8f5f 	dmb	sy
100014a2:	680b      	ldr	r3, [r1, #0]
100014a4:	e8c3 cf8f 	stlb	ip, [r3]
100014a8:	f380 8810 	msr	PRIMASK, r0
100014ac:	bf20      	wfe
100014ae:	e7de      	b.n	1000146e <sleep_us+0x86>
100014b0:	10000d89 	.word	0x10000d89
100014b4:	20001544 	.word	0x20001544
100014b8:	400b0000 	.word	0x400b0000
100014bc:	200021a8 	.word	0x200021a8

100014c0 <sleep_ms>:
100014c0:	e92d 41f0 	stmdb	sp!, {r4, r5, r6, r7, r8, lr}
100014c4:	b082      	sub	sp, #8
100014c6:	4606      	mov	r6, r0
100014c8:	f000 f8ec 	bl	100016a4 <time_us_64>
100014cc:	f44f 737a 	mov.w	r3, #1000	@ 0x3e8
100014d0:	4604      	mov	r4, r0
100014d2:	f04f 30ff 	mov.w	r0, #4294967295	@ 0xffffffff
100014d6:	f06f 4200 	mvn.w	r2, #2147483648	@ 0x80000000
100014da:	fbe6 4103 	umlal	r4, r1, r6, r3
100014de:	42a0      	cmp	r0, r4
100014e0:	eb72 0301 	sbcs.w	r3, r2, r1
100014e4:	bf3a      	itte	cc
100014e6:	4604      	movcc	r4, r0
100014e8:	4615      	movcc	r5, r2
100014ea:	460d      	movcs	r5, r1
100014ec:	1fa6      	subs	r6, r4, #6
100014ee:	f145 37ff 	adc.w	r7, r5, #4294967295	@ 0xffffffff
100014f2:	42b4      	cmp	r4, r6
100014f4:	eb75 0307 	sbcs.w	r3, r5, r7
100014f8:	bf3c      	itt	cc
100014fa:	2600      	movcc	r6, #0
100014fc:	4637      	movcc	r7, r6
100014fe:	f000 f8d1 	bl	100016a4 <time_us_64>
10001502:	1a30      	subs	r0, r6, r0
10001504:	eb67 0101 	sbc.w	r1, r7, r1
10001508:	2801      	cmp	r0, #1
1000150a:	f171 0100 	sbcs.w	r1, r1, #0
1000150e:	da06      	bge.n	1000151e <sleep_ms+0x5e>
10001510:	4620      	mov	r0, r4
10001512:	4629      	mov	r1, r5
10001514:	b002      	add	sp, #8
10001516:	e8bd 41f0 	ldmia.w	sp!, {r4, r5, r6, r7, r8, lr}
1000151a:	f000 b8cd 	b.w	100016b8 <busy_wait_until>
1000151e:	f000 f8c1 	bl	100016a4 <time_us_64>
10001522:	4286      	cmp	r6, r0
10001524:	eb67 0101 	sbc.w	r1, r7, r1
10001528:	2900      	cmp	r1, #0
1000152a:	db0a      	blt.n	10001542 <sleep_ms+0x82>
1000152c:	2100      	movs	r1, #0
1000152e:	4b17      	ldr	r3, [pc, #92]	@ (1000158c <sleep_ms+0xcc>)
10001530:	4632      	mov	r2, r6
10001532:	9300      	str	r3, [sp, #0]
10001534:	4816      	ldr	r0, [pc, #88]	@ (10001590 <sleep_ms+0xd0>)
10001536:	463b      	mov	r3, r7
10001538:	9101      	str	r1, [sp, #4]
1000153a:	f7ff feaf 	bl	1000129c <alarm_pool_add_alarm_at_force_in_context>
1000153e:	3001      	adds	r0, #1
10001540:	d0e6      	beq.n	10001510 <sleep_ms+0x50>
10001542:	f04f 0c00 	mov.w	ip, #0
10001546:	4a13      	ldr	r2, [pc, #76]	@ (10001594 <sleep_ms+0xd4>)
10001548:	4913      	ldr	r1, [pc, #76]	@ (10001598 <sleep_ms+0xd8>)
1000154a:	6a53      	ldr	r3, [r2, #36]	@ 0x24
1000154c:	429f      	cmp	r7, r3
1000154e:	d804      	bhi.n	1000155a <sleep_ms+0x9a>
10001550:	6a90      	ldr	r0, [r2, #40]	@ 0x28
10001552:	42b0      	cmp	r0, r6
10001554:	d2dc      	bcs.n	10001510 <sleep_ms+0x50>
10001556:	429f      	cmp	r7, r3
10001558:	d1da      	bne.n	10001510 <sleep_ms+0x50>
1000155a:	680b      	ldr	r3, [r1, #0]
1000155c:	f3ef 8010 	mrs	r0, PRIMASK
10001560:	b672      	cpsid	i
10001562:	e8d3 8fcf 	ldaexb	r8, [r3]
10001566:	f05f 0e01 	movs.w	lr, #1
1000156a:	f1b8 0f00 	cmp.w	r8, #0
1000156e:	d1f8      	bne.n	10001562 <sleep_ms+0xa2>
10001570:	e8c3 ef48 	strexb	r8, lr, [r3]
10001574:	f1b8 0f00 	cmp.w	r8, #0
10001578:	d1f3      	bne.n	10001562 <sleep_ms+0xa2>
1000157a:	f3bf 8f5f 	dmb	sy
1000157e:	680b      	ldr	r3, [r1, #0]
10001580:	e8c3 cf8f 	stlb	ip, [r3]
10001584:	f380 8810 	msr	PRIMASK, r0
10001588:	bf20      	wfe
1000158a:	e7de      	b.n	1000154a <sleep_ms+0x8a>
1000158c:	10000d89 	.word	0x10000d89
10001590:	20001544 	.word	0x20001544
10001594:	400b0000 	.word	0x400b0000
10001598:	200021a8 	.word	0x200021a8

1000159c <best_effort_wfe_or_timeout>:
1000159c:	e92d 43f0 	stmdb	sp!, {r4, r5, r6, r7, r8, r9, lr}
100015a0:	4606      	mov	r6, r0
100015a2:	460d      	mov	r5, r1
100015a4:	b083      	sub	sp, #12
100015a6:	f3ef 8405 	mrs	r4, IPSR
100015aa:	b2e4      	uxtb	r4, r4
100015ac:	b13c      	cbz	r4, 100015be <best_effort_wfe_or_timeout+0x22>
100015ae:	4b2d      	ldr	r3, [pc, #180]	@ (10001664 <best_effort_wfe_or_timeout+0xc8>)
100015b0:	6a5a      	ldr	r2, [r3, #36]	@ 0x24
100015b2:	42aa      	cmp	r2, r5
100015b4:	d21c      	bcs.n	100015f0 <best_effort_wfe_or_timeout+0x54>
100015b6:	2000      	movs	r0, #0
100015b8:	b003      	add	sp, #12
100015ba:	e8bd 83f0 	ldmia.w	sp!, {r4, r5, r6, r7, r8, r9, pc}
100015be:	4f2a      	ldr	r7, [pc, #168]	@ (10001668 <best_effort_wfe_or_timeout+0xcc>)
100015c0:	f8d7 900c 	ldr.w	r9, [r7, #12]
100015c4:	f897 8000 	ldrb.w	r8, [r7]
100015c8:	4648      	mov	r0, r9
100015ca:	f000 f863 	bl	10001694 <timer_time_us_64>
100015ce:	f108 0804 	add.w	r8, r8, #4
100015d2:	f859 3028 	ldr.w	r3, [r9, r8, lsl #2]
100015d6:	1a1b      	subs	r3, r3, r0
100015d8:	1a30      	subs	r0, r6, r0
100015da:	eb65 0101 	sbc.w	r1, r5, r1
100015de:	4298      	cmp	r0, r3
100015e0:	f171 0100 	sbcs.w	r1, r1, #0
100015e4:	db10      	blt.n	10001608 <best_effort_wfe_or_timeout+0x6c>
100015e6:	bf20      	wfe
100015e8:	4b1e      	ldr	r3, [pc, #120]	@ (10001664 <best_effort_wfe_or_timeout+0xc8>)
100015ea:	6a5a      	ldr	r2, [r3, #36]	@ 0x24
100015ec:	42aa      	cmp	r2, r5
100015ee:	d3e2      	bcc.n	100015b6 <best_effort_wfe_or_timeout+0x1a>
100015f0:	bf14      	ite	ne
100015f2:	2401      	movne	r4, #1
100015f4:	2400      	moveq	r4, #0
100015f6:	6a9b      	ldr	r3, [r3, #40]	@ 0x28
100015f8:	42b3      	cmp	r3, r6
100015fa:	bf34      	ite	cc
100015fc:	4620      	movcc	r0, r4
100015fe:	f044 0001 	orrcs.w	r0, r4, #1
10001602:	b003      	add	sp, #12
10001604:	e8bd 83f0 	ldmia.w	sp!, {r4, r5, r6, r7, r8, r9, pc}
10001608:	f000 f84c 	bl	100016a4 <time_us_64>
1000160c:	4286      	cmp	r6, r0
1000160e:	eb65 0101 	sbc.w	r1, r5, r1
10001612:	2900      	cmp	r1, #0
10001614:	db14      	blt.n	10001640 <best_effort_wfe_or_timeout+0xa4>
10001616:	4b15      	ldr	r3, [pc, #84]	@ (1000166c <best_effort_wfe_or_timeout+0xd0>)
10001618:	4638      	mov	r0, r7
1000161a:	e9cd 3400 	strd	r3, r4, [sp]
1000161e:	4632      	mov	r2, r6
10001620:	462b      	mov	r3, r5
10001622:	f7ff fe3b 	bl	1000129c <alarm_pool_add_alarm_at_force_in_context>
10001626:	1e01      	subs	r1, r0, #0
10001628:	dd0a      	ble.n	10001640 <best_effort_wfe_or_timeout+0xa4>
1000162a:	4b0e      	ldr	r3, [pc, #56]	@ (10001664 <best_effort_wfe_or_timeout+0xc8>)
1000162c:	6a5a      	ldr	r2, [r3, #36]	@ 0x24
1000162e:	42aa      	cmp	r2, r5
10001630:	d316      	bcc.n	10001660 <best_effort_wfe_or_timeout+0xc4>
10001632:	6a9b      	ldr	r3, [r3, #40]	@ 0x28
10001634:	42b3      	cmp	r3, r6
10001636:	d311      	bcc.n	1000165c <best_effort_wfe_or_timeout+0xc0>
10001638:	480b      	ldr	r0, [pc, #44]	@ (10001668 <best_effort_wfe_or_timeout+0xcc>)
1000163a:	f7ff fe93 	bl	10001364 <alarm_pool_cancel_alarm>
1000163e:	e7b6      	b.n	100015ae <best_effort_wfe_or_timeout+0x12>
10001640:	4b08      	ldr	r3, [pc, #32]	@ (10001664 <best_effort_wfe_or_timeout+0xc8>)
10001642:	6a5c      	ldr	r4, [r3, #36]	@ 0x24
10001644:	42ac      	cmp	r4, r5
10001646:	d3b6      	bcc.n	100015b6 <best_effort_wfe_or_timeout+0x1a>
10001648:	1b64      	subs	r4, r4, r5
1000164a:	bf18      	it	ne
1000164c:	2401      	movne	r4, #1
1000164e:	6a9b      	ldr	r3, [r3, #40]	@ 0x28
10001650:	42b3      	cmp	r3, r6
10001652:	bf34      	ite	cc
10001654:	4620      	movcc	r0, r4
10001656:	f044 0001 	orrcs.w	r0, r4, #1
1000165a:	e7ad      	b.n	100015b8 <best_effort_wfe_or_timeout+0x1c>
1000165c:	42aa      	cmp	r2, r5
1000165e:	d1eb      	bne.n	10001638 <best_effort_wfe_or_timeout+0x9c>
10001660:	bf20      	wfe
10001662:	e7e9      	b.n	10001638 <best_effort_wfe_or_timeout+0x9c>
10001664:	400b0000 	.word	0x400b0000
10001668:	20001544 	.word	0x20001544
1000166c:	10000d89 	.word	0x10000d89

10001670 <timer_hardware_alarm_claim>:
10001670:	b410      	push	{r4}
10001672:	4b05      	ldr	r3, [pc, #20]	@ (10001688 <timer_hardware_alarm_claim+0x18>)
10001674:	4c05      	ldr	r4, [pc, #20]	@ (1000168c <timer_hardware_alarm_claim+0x1c>)
10001676:	4a06      	ldr	r2, [pc, #24]	@ (10001690 <timer_hardware_alarm_claim+0x20>)
10001678:	42a0      	cmp	r0, r4
1000167a:	bf14      	ite	ne
1000167c:	4618      	movne	r0, r3
1000167e:	1c58      	addeq	r0, r3, #1
10001680:	f85d 4b04 	ldr.w	r4, [sp], #4
10001684:	f7ff b89c 	b.w	100007c0 <hw_claim_or_assert>
10001688:	20001cf4 	.word	0x20001cf4
1000168c:	400b8000 	.word	0x400b8000
10001690:	10006750 	.word	0x10006750

10001694 <timer_time_us_64>:
10001694:	4603      	mov	r3, r0
10001696:	6a41      	ldr	r1, [r0, #36]	@ 0x24
10001698:	460a      	mov	r2, r1
1000169a:	6a98      	ldr	r0, [r3, #40]	@ 0x28
1000169c:	6a59      	ldr	r1, [r3, #36]	@ 0x24
1000169e:	428a      	cmp	r2, r1
100016a0:	d1fa      	bne.n	10001698 <timer_time_us_64+0x4>
100016a2:	4770      	bx	lr

100016a4 <time_us_64>:
100016a4:	4b03      	ldr	r3, [pc, #12]	@ (100016b4 <time_us_64+0x10>)
100016a6:	6a59      	ldr	r1, [r3, #36]	@ 0x24
100016a8:	460a      	mov	r2, r1
100016aa:	6a98      	ldr	r0, [r3, #40]	@ 0x28
100016ac:	6a59      	ldr	r1, [r3, #36]	@ 0x24
100016ae:	4291      	cmp	r1, r2
100016b0:	d1fa      	bne.n	100016a8 <time_us_64+0x4>
100016b2:	4770      	bx	lr
100016b4:	400b0000 	.word	0x400b0000

100016b8 <busy_wait_until>:
100016b8:	4a07      	ldr	r2, [pc, #28]	@ (100016d8 <busy_wait_until+0x20>)
100016ba:	6a53      	ldr	r3, [r2, #36]	@ 0x24
100016bc:	4299      	cmp	r1, r3
100016be:	d8fc      	bhi.n	100016ba <busy_wait_until+0x2>
100016c0:	4299      	cmp	r1, r3
100016c2:	d107      	bne.n	100016d4 <busy_wait_until+0x1c>
100016c4:	4b04      	ldr	r3, [pc, #16]	@ (100016d8 <busy_wait_until+0x20>)
100016c6:	e002      	b.n	100016ce <busy_wait_until+0x16>
100016c8:	6a5a      	ldr	r2, [r3, #36]	@ 0x24
100016ca:	4291      	cmp	r1, r2
100016cc:	d102      	bne.n	100016d4 <busy_wait_until+0x1c>
100016ce:	6a9a      	ldr	r2, [r3, #40]	@ 0x28
100016d0:	4290      	cmp	r0, r2
100016d2:	d8f9      	bhi.n	100016c8 <busy_wait_until+0x10>
100016d4:	4770      	bx	lr
100016d6:	bf00      	nop
100016d8:	400b0000 	.word	0x400b0000

100016dc <clock_configure_undivided>:
100016dc:	eb00 0c40 	add.w	ip, r0, r0, lsl #1
100016e0:	ea4f 0c8c 	mov.w	ip, ip, lsl #2
100016e4:	f10c 4c80 	add.w	ip, ip, #1073741824	@ 0x40000000
100016e8:	f50c 3c80 	add.w	ip, ip, #65536	@ 0x10000
100016ec:	b5f0      	push	{r4, r5, r6, r7, lr}
100016ee:	4616      	mov	r6, r2
100016f0:	f8dc 2004 	ldr.w	r2, [ip, #4]
100016f4:	1f05      	subs	r5, r0, #4
100016f6:	f5b2 3f80 	cmp.w	r2, #65536	@ 0x10000
100016fa:	bf38      	it	cc
100016fc:	f44f 3280 	movcc.w	r2, #65536	@ 0x10000
10001700:	b2ed      	uxtb	r5, r5
10001702:	bf38      	it	cc
10001704:	f8cc 2004 	strcc.w	r2, [ip, #4]
10001708:	2d01      	cmp	r5, #1
1000170a:	d92a      	bls.n	10001762 <clock_configure_undivided+0x86>
1000170c:	f44f 6700 	mov.w	r7, #2048	@ 0x800
10001710:	4c25      	ldr	r4, [pc, #148]	@ (100017a8 <clock_configure_undivided+0xcc>)
10001712:	f50c 5240 	add.w	r2, ip, #12288	@ 0x3000
10001716:	6017      	str	r7, [r2, #0]
10001718:	f854 2020 	ldr.w	r2, [r4, r0, lsl #2]
1000171c:	b9b2      	cbnz	r2, 1000174c <clock_configure_undivided+0x70>
1000171e:	f8dc 2000 	ldr.w	r2, [ip]
10001722:	2d01      	cmp	r5, #1
10001724:	ea82 1246 	eor.w	r2, r2, r6, lsl #5
10001728:	f002 02e0 	and.w	r2, r2, #224	@ 0xe0
1000172c:	f50c 5680 	add.w	r6, ip, #4096	@ 0x1000
10001730:	6032      	str	r2, [r6, #0]
10001732:	d92a      	bls.n	1000178a <clock_configure_undivided+0xae>
10001734:	f44f 6100 	mov.w	r1, #2048	@ 0x800
10001738:	f844 3020 	str.w	r3, [r4, r0, lsl #2]
1000173c:	f44f 3380 	mov.w	r3, #65536	@ 0x10000
10001740:	f50c 5200 	add.w	r2, ip, #8192	@ 0x2000
10001744:	6011      	str	r1, [r2, #0]
10001746:	f8cc 3004 	str.w	r3, [ip, #4]
1000174a:	bdf0      	pop	{r4, r5, r6, r7, pc}
1000174c:	6967      	ldr	r7, [r4, #20]
1000174e:	fbb7 fef2 	udiv	lr, r7, r2
10001752:	f10e 0e01 	add.w	lr, lr, #1
10001756:	eb0e 0e4e 	add.w	lr, lr, lr, lsl #1
1000175a:	f1be 0e03 	subs.w	lr, lr, #3
1000175e:	d2fc      	bcs.n	1000175a <clock_configure_undivided+0x7e>
10001760:	e7dd      	b.n	1000171e <clock_configure_undivided+0x42>
10001762:	2901      	cmp	r1, #1
10001764:	d1d2      	bne.n	1000170c <clock_configure_undivided+0x30>
10001766:	2403      	movs	r4, #3
10001768:	f50c 5240 	add.w	r2, ip, #12288	@ 0x3000
1000176c:	6014      	str	r4, [r2, #0]
1000176e:	f8dc 2008 	ldr.w	r2, [ip, #8]
10001772:	07d2      	lsls	r2, r2, #31
10001774:	d5fb      	bpl.n	1000176e <clock_configure_undivided+0x92>
10001776:	f8dc 2000 	ldr.w	r2, [ip]
1000177a:	4c0b      	ldr	r4, [pc, #44]	@ (100017a8 <clock_configure_undivided+0xcc>)
1000177c:	ea82 1246 	eor.w	r2, r2, r6, lsl #5
10001780:	f002 02e0 	and.w	r2, r2, #224	@ 0xe0
10001784:	f50c 5680 	add.w	r6, ip, #4096	@ 0x1000
10001788:	6032      	str	r2, [r6, #0]
1000178a:	2201      	movs	r2, #1
1000178c:	f8dc 5000 	ldr.w	r5, [ip]
10001790:	404d      	eors	r5, r1
10001792:	f005 0503 	and.w	r5, r5, #3
10001796:	6035      	str	r5, [r6, #0]
10001798:	fa02 f101 	lsl.w	r1, r2, r1
1000179c:	f8dc 2008 	ldr.w	r2, [ip, #8]
100017a0:	420a      	tst	r2, r1
100017a2:	d0fb      	beq.n	1000179c <clock_configure_undivided+0xc0>
100017a4:	e7c6      	b.n	10001734 <clock_configure_undivided+0x58>
100017a6:	bf00      	nop
100017a8:	20001cf8 	.word	0x20001cf8

100017ac <clock_get_hz>:
100017ac:	4b01      	ldr	r3, [pc, #4]	@ (100017b4 <clock_get_hz+0x8>)
100017ae:	f853 0020 	ldr.w	r0, [r3, r0, lsl #2]
100017b2:	4770      	bx	lr
100017b4:	20001cf8 	.word	0x20001cf8

100017b8 <pll_init>:
100017b8:	b470      	push	{r4, r5, r6}
100017ba:	9d03      	ldr	r5, [sp, #12]
100017bc:	6804      	ldr	r4, [r0, #0]
100017be:	032d      	lsls	r5, r5, #12
100017c0:	ea45 4503 	orr.w	r5, r5, r3, lsl #16
100017c4:	4b1b      	ldr	r3, [pc, #108]	@ (10001834 <pll_init+0x7c>)
100017c6:	2c00      	cmp	r4, #0
100017c8:	fbb3 f3f1 	udiv	r3, r3, r1
100017cc:	fbb2 f6f3 	udiv	r6, r2, r3
100017d0:	db1f      	blt.n	10001812 <pll_init+0x5a>
100017d2:	4a19      	ldr	r2, [pc, #100]	@ (10001838 <pll_init+0x80>)
100017d4:	4b19      	ldr	r3, [pc, #100]	@ (1000183c <pll_init+0x84>)
100017d6:	4290      	cmp	r0, r2
100017d8:	bf14      	ite	ne
100017da:	f44f 4280 	movne.w	r2, #16384	@ 0x4000
100017de:	f44f 4200 	moveq.w	r2, #32768	@ 0x8000
100017e2:	4c17      	ldr	r4, [pc, #92]	@ (10001840 <pll_init+0x88>)
100017e4:	601a      	str	r2, [r3, #0]
100017e6:	f503 5380 	add.w	r3, r3, #4096	@ 0x1000
100017ea:	601a      	str	r2, [r3, #0]
100017ec:	68a3      	ldr	r3, [r4, #8]
100017ee:	ea32 0303 	bics.w	r3, r2, r3
100017f2:	d1fb      	bne.n	100017ec <pll_init+0x34>
100017f4:	2221      	movs	r2, #33	@ 0x21
100017f6:	f500 5340 	add.w	r3, r0, #12288	@ 0x3000
100017fa:	3304      	adds	r3, #4
100017fc:	6001      	str	r1, [r0, #0]
100017fe:	6086      	str	r6, [r0, #8]
10001800:	601a      	str	r2, [r3, #0]
10001802:	6802      	ldr	r2, [r0, #0]
10001804:	2a00      	cmp	r2, #0
10001806:	dafc      	bge.n	10001802 <pll_init+0x4a>
10001808:	2208      	movs	r2, #8
1000180a:	60c5      	str	r5, [r0, #12]
1000180c:	601a      	str	r2, [r3, #0]
1000180e:	bc70      	pop	{r4, r5, r6}
10001810:	4770      	bx	lr
10001812:	6803      	ldr	r3, [r0, #0]
10001814:	f003 033f 	and.w	r3, r3, #63	@ 0x3f
10001818:	428b      	cmp	r3, r1
1000181a:	d1da      	bne.n	100017d2 <pll_init+0x1a>
1000181c:	6883      	ldr	r3, [r0, #8]
1000181e:	f3c3 030b 	ubfx	r3, r3, #0, #12
10001822:	42b3      	cmp	r3, r6
10001824:	d1d5      	bne.n	100017d2 <pll_init+0x1a>
10001826:	68c3      	ldr	r3, [r0, #12]
10001828:	f403 23ee 	and.w	r3, r3, #487424	@ 0x77000
1000182c:	42ab      	cmp	r3, r5
1000182e:	d1d0      	bne.n	100017d2 <pll_init+0x1a>
10001830:	e7ed      	b.n	1000180e <pll_init+0x56>
10001832:	bf00      	nop
10001834:	00b71b00 	.word	0x00b71b00
10001838:	40058000 	.word	0x40058000
1000183c:	40022000 	.word	0x40022000
10001840:	40020000 	.word	0x40020000

10001844 <watchdog_reboot>:
10001844:	b430      	push	{r4, r5}
10001846:	f04f 4480 	mov.w	r4, #1073741824	@ 0x40000000
1000184a:	4b1c      	ldr	r3, [pc, #112]	@ (100018bc <watchdog_reboot+0x78>)
1000184c:	601c      	str	r4, [r3, #0]
1000184e:	b1e0      	cbz	r0, 1000188a <watchdog_reboot+0x46>
10001850:	4c1b      	ldr	r4, [pc, #108]	@ (100018c0 <watchdog_reboot+0x7c>)
10001852:	f5a3 5340 	sub.w	r3, r3, #12288	@ 0x3000
10001856:	61dc      	str	r4, [r3, #28]
10001858:	4c1a      	ldr	r4, [pc, #104]	@ (100018c4 <watchdog_reboot+0x80>)
1000185a:	f040 0001 	orr.w	r0, r0, #1
1000185e:	4044      	eors	r4, r0
10001860:	621c      	str	r4, [r3, #32]
10001862:	6259      	str	r1, [r3, #36]	@ 0x24
10001864:	6298      	str	r0, [r3, #40]	@ 0x28
10001866:	f04f 4580 	mov.w	r5, #1073741824	@ 0x40000000
1000186a:	f04f 61e0 	mov.w	r1, #117440512	@ 0x7000000
1000186e:	4b13      	ldr	r3, [pc, #76]	@ (100018bc <watchdog_reboot+0x78>)
10001870:	4815      	ldr	r0, [pc, #84]	@ (100018c8 <watchdog_reboot+0x84>)
10001872:	4c16      	ldr	r4, [pc, #88]	@ (100018cc <watchdog_reboot+0x88>)
10001874:	601d      	str	r5, [r3, #0]
10001876:	6084      	str	r4, [r0, #8]
10001878:	6019      	str	r1, [r3, #0]
1000187a:	b94a      	cbnz	r2, 10001890 <watchdog_reboot+0x4c>
1000187c:	bc30      	pop	{r4, r5}
1000187e:	f04f 4200 	mov.w	r2, #2147483648	@ 0x80000000
10001882:	f5a3 5380 	sub.w	r3, r3, #4096	@ 0x1000
10001886:	601a      	str	r2, [r3, #0]
10001888:	4770      	bx	lr
1000188a:	4b11      	ldr	r3, [pc, #68]	@ (100018d0 <watchdog_reboot+0x8c>)
1000188c:	61d8      	str	r0, [r3, #28]
1000188e:	e7ea      	b.n	10001866 <watchdog_reboot+0x22>
10001890:	f44f 737a 	mov.w	r3, #1000	@ 0x3e8
10001894:	fb03 f202 	mul.w	r2, r3, r2
10001898:	f1b2 7f80 	cmp.w	r2, #16777216	@ 0x1000000
1000189c:	bf2a      	itet	cs
1000189e:	f06f 437f 	mvncs.w	r3, #4278190080	@ 0xff000000
100018a2:	4613      	movcc	r3, r2
100018a4:	461a      	movcs	r2, r3
100018a6:	f04f 4180 	mov.w	r1, #1073741824	@ 0x40000000
100018aa:	4c0a      	ldr	r4, [pc, #40]	@ (100018d4 <watchdog_reboot+0x90>)
100018ac:	4808      	ldr	r0, [pc, #32]	@ (100018d0 <watchdog_reboot+0x8c>)
100018ae:	6023      	str	r3, [r4, #0]
100018b0:	4b09      	ldr	r3, [pc, #36]	@ (100018d8 <watchdog_reboot+0x94>)
100018b2:	6042      	str	r2, [r0, #4]
100018b4:	bc30      	pop	{r4, r5}
100018b6:	6019      	str	r1, [r3, #0]
100018b8:	4770      	bx	lr
100018ba:	bf00      	nop
100018bc:	400db000 	.word	0x400db000
100018c0:	b007c0d3 	.word	0xb007c0d3
100018c4:	4ff83f2d 	.word	0x4ff83f2d
100018c8:	4001a000 	.word	0x4001a000
100018cc:	01fffff3 	.word	0x01fffff3
100018d0:	400d8000 	.word	0x400d8000
100018d4:	20002158 	.word	0x20002158
100018d8:	400da000 	.word	0x400da000

100018dc <tick_start>:
100018dc:	2301      	movs	r3, #1
100018de:	eb00 0040 	add.w	r0, r0, r0, lsl #1
100018e2:	0080      	lsls	r0, r0, #2
100018e4:	f100 4080 	add.w	r0, r0, #1073741824	@ 0x40000000
100018e8:	f500 1084 	add.w	r0, r0, #1081344	@ 0x108000
100018ec:	6041      	str	r1, [r0, #4]
100018ee:	6003      	str	r3, [r0, #0]
100018f0:	4770      	bx	lr
100018f2:	bf00      	nop

100018f4 <rom_reboot.constprop.0.isra.0>:
100018f4:	2300      	movs	r3, #0
100018f6:	b570      	push	{r4, r5, r6, lr}
100018f8:	8adb      	ldrh	r3, [r3, #22]
100018fa:	4604      	mov	r4, r0
100018fc:	460d      	mov	r5, r1
100018fe:	2200      	movs	r2, #0
10001900:	e842 f200 	tt	r2, r2
10001904:	0252      	lsls	r2, r2, #9
10001906:	bf54      	ite	pl
10001908:	2110      	movpl	r1, #16
1000190a:	2104      	movmi	r1, #4
1000190c:	f244 2052 	movw	r0, #16978	@ 0x4252
10001910:	4798      	blx	r3
10001912:	4686      	mov	lr, r0
10001914:	462b      	mov	r3, r5
10001916:	4622      	mov	r2, r4
10001918:	46f4      	mov	ip, lr
1000191a:	e8bd 4070 	ldmia.w	sp!, {r4, r5, r6, lr}
1000191e:	210a      	movs	r1, #10
10001920:	f44f 7081 	mov.w	r0, #258	@ 0x102
10001924:	4760      	bx	ip
10001926:	bf00      	nop

10001928 <rom_func_lookup>:
10001928:	2300      	movs	r3, #0
1000192a:	8adb      	ldrh	r3, [r3, #22]
1000192c:	2200      	movs	r2, #0
1000192e:	e842 f200 	tt	r2, r2
10001932:	0252      	lsls	r2, r2, #9
10001934:	d401      	bmi.n	1000193a <rom_func_lookup+0x12>
10001936:	2110      	movs	r1, #16
10001938:	4718      	bx	r3
1000193a:	2104      	movs	r1, #4
1000193c:	4718      	bx	r3
1000193e:	bf00      	nop

10001940 <rom_reset_usb_boot_extra>:
10001940:	b508      	push	{r3, lr}
10001942:	4603      	mov	r3, r0
10001944:	4608      	mov	r0, r1
10001946:	1e19      	subs	r1, r3, #0
10001948:	db02      	blt.n	10001950 <rom_reset_usb_boot_extra+0x10>
1000194a:	b11a      	cbz	r2, 10001954 <rom_reset_usb_boot_extra+0x14>
1000194c:	f040 0030 	orr.w	r0, r0, #48	@ 0x30
10001950:	f7ff ffd0 	bl	100018f4 <rom_reboot.constprop.0.isra.0>
10001954:	f040 0020 	orr.w	r0, r0, #32
10001958:	e7fa      	b.n	10001950 <rom_reset_usb_boot_extra+0x10>
1000195a:	bf00      	nop

1000195c <runtime_init_bootrom_locking_enable>:
1000195c:	4a03      	ldr	r2, [pc, #12]	@ (1000196c <runtime_init_bootrom_locking_enable+0x10>)
1000195e:	f8d2 3828 	ldr.w	r3, [r2, #2088]	@ 0x828
10001962:	2b00      	cmp	r3, #0
10001964:	d0fb      	beq.n	1000195e <runtime_init_bootrom_locking_enable+0x2>
10001966:	f3bf 8f5f 	dmb	sy
1000196a:	4770      	bx	lr
1000196c:	400e0000 	.word	0x400e0000

10001970 <runtime_init_boot_locks_reset>:
10001970:	2100      	movs	r1, #0
10001972:	4b04      	ldr	r3, [pc, #16]	@ (10001984 <runtime_init_boot_locks_reset+0x14>)
10001974:	4a04      	ldr	r2, [pc, #16]	@ (10001988 <runtime_init_boot_locks_reset+0x18>)
10001976:	f3bf 8f5f 	dmb	sy
1000197a:	f843 1b04 	str.w	r1, [r3], #4
1000197e:	4293      	cmp	r3, r2
10001980:	d1f9      	bne.n	10001976 <runtime_init_boot_locks_reset+0x6>
10001982:	4770      	bx	lr
10001984:	400e080c 	.word	0x400e080c
10001988:	400e082c 	.word	0x400e082c

1000198c <xosc_init>:
1000198c:	b410      	push	{r4}
1000198e:	f44f 708d 	mov.w	r0, #282	@ 0x11a
10001992:	f44f 642a 	mov.w	r4, #2720	@ 0xaa0
10001996:	4a06      	ldr	r2, [pc, #24]	@ (100019b0 <xosc_init+0x24>)
10001998:	4b06      	ldr	r3, [pc, #24]	@ (100019b4 <xosc_init+0x28>)
1000199a:	4907      	ldr	r1, [pc, #28]	@ (100019b8 <xosc_init+0x2c>)
1000199c:	6014      	str	r4, [r2, #0]
1000199e:	60d0      	str	r0, [r2, #12]
100019a0:	6019      	str	r1, [r3, #0]
100019a2:	6853      	ldr	r3, [r2, #4]
100019a4:	2b00      	cmp	r3, #0
100019a6:	dafc      	bge.n	100019a2 <xosc_init+0x16>
100019a8:	f85d 4b04 	ldr.w	r4, [sp], #4
100019ac:	4770      	bx	lr
100019ae:	bf00      	nop
100019b0:	40048000 	.word	0x40048000
100019b4:	4004a000 	.word	0x4004a000
100019b8:	00fab000 	.word	0x00fab000

100019bc <first_per_core_initializer>:
100019bc:	4770      	bx	lr
100019be:	bf00      	nop

100019c0 <hard_assertion_failure>:
100019c0:	b508      	push	{r3, lr}
100019c2:	4801      	ldr	r0, [pc, #4]	@ (100019c8 <hard_assertion_failure+0x8>)
100019c4:	f7fe fee4 	bl	10000790 <panic>
100019c8:	10006774 	.word	0x10006774

100019cc <runtime_run_initializers>:
100019cc:	b538      	push	{r3, r4, r5, lr}
100019ce:	4c05      	ldr	r4, [pc, #20]	@ (100019e4 <runtime_run_initializers+0x18>)
100019d0:	4d05      	ldr	r5, [pc, #20]	@ (100019e8 <runtime_run_initializers+0x1c>)
100019d2:	42ac      	cmp	r4, r5
100019d4:	d204      	bcs.n	100019e0 <runtime_run_initializers+0x14>
100019d6:	f854 3b04 	ldr.w	r3, [r4], #4
100019da:	4798      	blx	r3
100019dc:	42ac      	cmp	r4, r5
100019de:	d3fa      	bcc.n	100019d6 <runtime_run_initializers+0xa>
100019e0:	bd38      	pop	{r3, r4, r5, pc}
100019e2:	bf00      	nop
100019e4:	100064f8 	.word	0x100064f8
100019e8:	10006538 	.word	0x10006538

100019ec <runtime_init_early_resets>:
100019ec:	b410      	push	{r4}
100019ee:	4807      	ldr	r0, [pc, #28]	@ (10001a0c <runtime_init_early_resets+0x20>)
100019f0:	4c07      	ldr	r4, [pc, #28]	@ (10001a10 <runtime_init_early_resets+0x24>)
100019f2:	4b08      	ldr	r3, [pc, #32]	@ (10001a14 <runtime_init_early_resets+0x28>)
100019f4:	4a08      	ldr	r2, [pc, #32]	@ (10001a18 <runtime_init_early_resets+0x2c>)
100019f6:	4909      	ldr	r1, [pc, #36]	@ (10001a1c <runtime_init_early_resets+0x30>)
100019f8:	6004      	str	r4, [r0, #0]
100019fa:	601a      	str	r2, [r3, #0]
100019fc:	688b      	ldr	r3, [r1, #8]
100019fe:	ea32 0303 	bics.w	r3, r2, r3
10001a02:	d1fb      	bne.n	100019fc <runtime_init_early_resets+0x10>
10001a04:	f85d 4b04 	ldr.w	r4, [sp], #4
10001a08:	4770      	bx	lr
10001a0a:	bf00      	nop
10001a0c:	40022000 	.word	0x40022000
10001a10:	efef3b7f 	.word	0xefef3b7f
10001a14:	40023000 	.word	0x40023000
10001a18:	03f3fff6 	.word	0x03f3fff6
10001a1c:	40020000 	.word	0x40020000

10001a20 <runtime_init_usb_power_down>:
10001a20:	4b04      	ldr	r3, [pc, #16]	@ (10001a34 <runtime_init_usb_power_down+0x14>)
10001a22:	6cdb      	ldr	r3, [r3, #76]	@ 0x4c
10001a24:	f5b3 4f00 	cmp.w	r3, #32768	@ 0x8000
10001a28:	d103      	bne.n	10001a32 <runtime_init_usb_power_down+0x12>
10001a2a:	f44f 2280 	mov.w	r2, #262144	@ 0x40000
10001a2e:	4b02      	ldr	r3, [pc, #8]	@ (10001a38 <runtime_init_usb_power_down+0x18>)
10001a30:	64da      	str	r2, [r3, #76]	@ 0x4c
10001a32:	4770      	bx	lr
10001a34:	50110000 	.word	0x50110000
10001a38:	50112000 	.word	0x50112000

10001a3c <runtime_init_per_core_enable_coprocessors>:
10001a3c:	f04f 22e0 	mov.w	r2, #3758153728	@ 0xe000e000
10001a40:	4b04      	ldr	r3, [pc, #16]	@ (10001a54 <runtime_init_per_core_enable_coprocessors+0x18>)
10001a42:	f8d2 1d88 	ldr.w	r1, [r2, #3464]	@ 0xd88
10001a46:	430b      	orrs	r3, r1
10001a48:	f8c2 3d88 	str.w	r3, [r2, #3464]	@ 0xd88
10001a4c:	ee10 0430 			dcp_rcmp r0
10001a50:	4770      	bx	lr
10001a52:	bf00      	nop
10001a54:	00300303 	.word	0x00300303

10001a58 <runtime_init_post_clock_resets>:
10001a58:	f06f 4160 	mvn.w	r1, #3758096384	@ 0xe0000000
10001a5c:	4b04      	ldr	r3, [pc, #16]	@ (10001a70 <runtime_init_post_clock_resets+0x18>)
10001a5e:	4a05      	ldr	r2, [pc, #20]	@ (10001a74 <runtime_init_post_clock_resets+0x1c>)
10001a60:	6019      	str	r1, [r3, #0]
10001a62:	6893      	ldr	r3, [r2, #8]
10001a64:	43db      	mvns	r3, r3
10001a66:	f033 4360 	bics.w	r3, r3, #3758096384	@ 0xe0000000
10001a6a:	d1fa      	bne.n	10001a62 <runtime_init_post_clock_resets+0xa>
10001a6c:	4770      	bx	lr
10001a6e:	bf00      	nop
10001a70:	40023000 	.word	0x40023000
10001a74:	40020000 	.word	0x40020000

10001a78 <runtime_init_bootrom_reset>:
10001a78:	b510      	push	{r4, lr}
10001a7a:	f245 2053 	movw	r0, #21075	@ 0x5253
10001a7e:	f7ff ff53 	bl	10001928 <rom_func_lookup>
10001a82:	e8bd 4010 	ldmia.w	sp!, {r4, lr}
10001a86:	4603      	mov	r3, r0
10001a88:	2004      	movs	r0, #4
10001a8a:	4718      	bx	r3

10001a8c <runtime_init_per_core_bootrom_reset>:
10001a8c:	b510      	push	{r4, lr}
10001a8e:	f245 2053 	movw	r0, #21075	@ 0x5253
10001a92:	f7ff ff49 	bl	10001928 <rom_func_lookup>
10001a96:	e8bd 4010 	ldmia.w	sp!, {r4, lr}
10001a9a:	4603      	mov	r3, r0
10001a9c:	2001      	movs	r0, #1
10001a9e:	4718      	bx	r3

10001aa0 <runtime_init_spin_locks_reset>:
10001aa0:	f7fe bf1e 	b.w	100008e0 <spin_locks_reset>

10001aa4 <runtime_init_install_ram_vector_table>:
10001aa4:	4914      	ldr	r1, [pc, #80]	@ (10001af8 <runtime_init_install_ram_vector_table+0x54>)
10001aa6:	4b15      	ldr	r3, [pc, #84]	@ (10001afc <runtime_init_install_ram_vector_table+0x58>)
10001aa8:	b570      	push	{r4, r5, r6, lr}
10001aaa:	1a5c      	subs	r4, r3, r1
10001aac:	10a6      	asrs	r6, r4, #2
10001aae:	2e44      	cmp	r6, #68	@ 0x44
10001ab0:	4632      	mov	r2, r6
10001ab2:	bf28      	it	cs
10001ab4:	2244      	movcs	r2, #68	@ 0x44
10001ab6:	4d12      	ldr	r5, [pc, #72]	@ (10001b00 <runtime_init_install_ram_vector_table+0x5c>)
10001ab8:	0092      	lsls	r2, r2, #2
10001aba:	4628      	mov	r0, r5
10001abc:	f004 fc48 	bl	10006350 <memcpy>
10001ac0:	f5b4 7f86 	cmp.w	r4, #268	@ 0x10c
10001ac4:	d813      	bhi.n	10001aee <runtime_init_install_ram_vector_table+0x4a>
10001ac6:	4a0f      	ldr	r2, [pc, #60]	@ (10001b04 <runtime_init_install_ram_vector_table+0x60>)
10001ac8:	f1c6 0044 	rsb	r0, r6, #68	@ 0x44
10001acc:	d012      	beq.n	10001af4 <runtime_init_install_ram_vector_table+0x50>
10001ace:	192b      	adds	r3, r5, r4
10001ad0:	0841      	lsrs	r1, r0, #1
10001ad2:	eb03 01c1 	add.w	r1, r3, r1, lsl #3
10001ad6:	e9c3 2200 	strd	r2, r2, [r3]
10001ada:	3308      	adds	r3, #8
10001adc:	428b      	cmp	r3, r1
10001ade:	d1fa      	bne.n	10001ad6 <runtime_init_install_ram_vector_table+0x32>
10001ae0:	07c3      	lsls	r3, r0, #31
10001ae2:	d504      	bpl.n	10001aee <runtime_init_install_ram_vector_table+0x4a>
10001ae4:	f020 0001 	bic.w	r0, r0, #1
10001ae8:	4430      	add	r0, r6
10001aea:	f845 2020 	str.w	r2, [r5, r0, lsl #2]
10001aee:	4b06      	ldr	r3, [pc, #24]	@ (10001b08 <runtime_init_install_ram_vector_table+0x64>)
10001af0:	609d      	str	r5, [r3, #8]
10001af2:	bd70      	pop	{r4, r5, r6, pc}
10001af4:	2043      	movs	r0, #67	@ 0x43
10001af6:	e7f8      	b.n	10001aea <runtime_init_install_ram_vector_table+0x46>
10001af8:	10000000 	.word	0x10000000
10001afc:	10000110 	.word	0x10000110
10001b00:	20000000 	.word	0x20000000
10001b04:	10000111 	.word	0x10000111
10001b08:	e000ed00 	.word	0xe000ed00

10001b0c <runtime_init_clocks>:
10001b0c:	2300      	movs	r3, #0
10001b0e:	b570      	push	{r4, r5, r6, lr}
10001b10:	4c2b      	ldr	r4, [pc, #172]	@ (10001bc0 <runtime_init_clocks+0xb4>)
10001b12:	b082      	sub	sp, #8
10001b14:	f8c4 3084 	str.w	r3, [r4, #132]	@ 0x84
10001b18:	f7ff ff38 	bl	1000198c <xosc_init>
10001b1c:	2201      	movs	r2, #1
10001b1e:	4b29      	ldr	r3, [pc, #164]	@ (10001bc4 <runtime_init_clocks+0xb8>)
10001b20:	63da      	str	r2, [r3, #60]	@ 0x3c
10001b22:	6c63      	ldr	r3, [r4, #68]	@ 0x44
10001b24:	2b01      	cmp	r3, #1
10001b26:	d1fc      	bne.n	10001b22 <runtime_init_clocks+0x16>
10001b28:	2103      	movs	r1, #3
10001b2a:	4a26      	ldr	r2, [pc, #152]	@ (10001bc4 <runtime_init_clocks+0xb8>)
10001b2c:	4b24      	ldr	r3, [pc, #144]	@ (10001bc0 <runtime_init_clocks+0xb4>)
10001b2e:	6311      	str	r1, [r2, #48]	@ 0x30
10001b30:	6b9c      	ldr	r4, [r3, #56]	@ 0x38
10001b32:	2c01      	cmp	r4, #1
10001b34:	d1fc      	bne.n	10001b30 <runtime_init_clocks+0x24>
10001b36:	2602      	movs	r6, #2
10001b38:	2505      	movs	r5, #5
10001b3a:	4621      	mov	r1, r4
10001b3c:	2305      	movs	r3, #5
10001b3e:	4a22      	ldr	r2, [pc, #136]	@ (10001bc8 <runtime_init_clocks+0xbc>)
10001b40:	4822      	ldr	r0, [pc, #136]	@ (10001bcc <runtime_init_clocks+0xc0>)
10001b42:	9600      	str	r6, [sp, #0]
10001b44:	f7ff fe38 	bl	100017b8 <pll_init>
10001b48:	4621      	mov	r1, r4
10001b4a:	462b      	mov	r3, r5
10001b4c:	4a20      	ldr	r2, [pc, #128]	@ (10001bd0 <runtime_init_clocks+0xc4>)
10001b4e:	4821      	ldr	r0, [pc, #132]	@ (10001bd4 <runtime_init_clocks+0xc8>)
10001b50:	9500      	str	r5, [sp, #0]
10001b52:	f7ff fe31 	bl	100017b8 <pll_init>
10001b56:	2200      	movs	r2, #0
10001b58:	2004      	movs	r0, #4
10001b5a:	4631      	mov	r1, r6
10001b5c:	4b1e      	ldr	r3, [pc, #120]	@ (10001bd8 <runtime_init_clocks+0xcc>)
10001b5e:	f7ff fdbd 	bl	100016dc <clock_configure_undivided>
10001b62:	4621      	mov	r1, r4
10001b64:	4628      	mov	r0, r5
10001b66:	2200      	movs	r2, #0
10001b68:	4b1c      	ldr	r3, [pc, #112]	@ (10001bdc <runtime_init_clocks+0xd0>)
10001b6a:	f7ff fdb7 	bl	100016dc <clock_configure_undivided>
10001b6e:	2200      	movs	r2, #0
10001b70:	2008      	movs	r0, #8
10001b72:	4611      	mov	r1, r2
10001b74:	4b1a      	ldr	r3, [pc, #104]	@ (10001be0 <runtime_init_clocks+0xd4>)
10001b76:	f7ff fdb1 	bl	100016dc <clock_configure_undivided>
10001b7a:	2200      	movs	r2, #0
10001b7c:	2009      	movs	r0, #9
10001b7e:	4611      	mov	r1, r2
10001b80:	4b17      	ldr	r3, [pc, #92]	@ (10001be0 <runtime_init_clocks+0xd4>)
10001b82:	f7ff fdab 	bl	100016dc <clock_configure_undivided>
10001b86:	2200      	movs	r2, #0
10001b88:	2006      	movs	r0, #6
10001b8a:	4611      	mov	r1, r2
10001b8c:	4b13      	ldr	r3, [pc, #76]	@ (10001bdc <runtime_init_clocks+0xd0>)
10001b8e:	f7ff fda5 	bl	100016dc <clock_configure_undivided>
10001b92:	2200      	movs	r2, #0
10001b94:	4b11      	ldr	r3, [pc, #68]	@ (10001bdc <runtime_init_clocks+0xd0>)
10001b96:	2007      	movs	r0, #7
10001b98:	4611      	mov	r1, r2
10001b9a:	f7ff fd9f 	bl	100016dc <clock_configure_undivided>
10001b9e:	2004      	movs	r0, #4
10001ba0:	f7ff fe04 	bl	100017ac <clock_get_hz>
10001ba4:	2400      	movs	r4, #0
10001ba6:	4b0f      	ldr	r3, [pc, #60]	@ (10001be4 <runtime_init_clocks+0xd8>)
10001ba8:	fba3 3500 	umull	r3, r5, r3, r0
10001bac:	0cad      	lsrs	r5, r5, #18
10001bae:	b2e0      	uxtb	r0, r4
10001bb0:	4629      	mov	r1, r5
10001bb2:	3401      	adds	r4, #1
10001bb4:	f7ff fe92 	bl	100018dc <tick_start>
10001bb8:	2c06      	cmp	r4, #6
10001bba:	d1f8      	bne.n	10001bae <runtime_init_clocks+0xa2>
10001bbc:	b002      	add	sp, #8
10001bbe:	bd70      	pop	{r4, r5, r6, pc}
10001bc0:	40010000 	.word	0x40010000
10001bc4:	40013000 	.word	0x40013000
10001bc8:	59682f00 	.word	0x59682f00
10001bcc:	40050000 	.word	0x40050000
10001bd0:	47868c00 	.word	0x47868c00
10001bd4:	40058000 	.word	0x40058000
10001bd8:	00b71b00 	.word	0x00b71b00
10001bdc:	08f0d180 	.word	0x08f0d180
10001be0:	02dc6c00 	.word	0x02dc6c00
10001be4:	431bde83 	.word	0x431bde83

10001be8 <generic_save_state>:
10001be8:	b086      	sub	sp, #24
10001bea:	b403      	push	{r0, r1}
10001bec:	fc51 0408 	dcp_pxmd r0, r1
10001bf0:	e9cd 0102 	strd	r0, r1, [sp, #8]
10001bf4:	fc51 0409 	dcp_pymd r0, r1
10001bf8:	e9cd 0104 	strd	r0, r1, [sp, #16]
10001bfc:	ec51 040a 	dcp_refd r0, r1
10001c00:	e9cd 0106 	strd	r0, r1, [sp, #24]
10001c04:	bc03      	pop	{r0, r1}
10001c06:	47f0      	blx	lr

10001c08 <generic_restore_state>:
10001c08:	e8bd 5000 	ldmia.w	sp!, {ip, lr}
10001c0c:	ec4e c400 	dcp_wxmd ip, lr
10001c10:	e8bd 5000 	ldmia.w	sp!, {ip, lr}
10001c14:	ec4e c401 	dcp_wymd ip, lr
10001c18:	e8bd 5000 	ldmia.w	sp!, {ip, lr}
10001c1c:	ec4e c402 	dcp_wefd ip, lr
10001c20:	bd00      	pop	{pc}
10001c22:	0000      	movs	r0, r0
10001c24:	b500      	push	{lr}
10001c26:	f7ff ffdf 	bl	10001be8 <generic_save_state>
10001c2a:	e002      	b.n	10001c32 <__wrap___aeabi_dadd+0x6>

10001c2c <__wrap___aeabi_dadd>:
10001c2c:	fe10 f430 	dcp_pcmp APSR_nzcv
10001c30:	d4f8      	bmi.n	10001c24 <generic_restore_state+0x1c>
10001c32:	ec41 0410 	dcp_wxup r0, r1
10001c36:	ec43 2411 	dcp_wyup r2, r3
10001c3a:	ee00 0401 			dcp_add0
10001c3e:	ee10 0401 			dcp_add1
10001c42:	ee80 0420 			dcp_nrdd
10001c46:	ec51 0410 	dcp_rdda r0, r1
10001c4a:	4770      	bx	lr
10001c4c:	b500      	push	{lr}
10001c4e:	f7ff ffcb 	bl	10001be8 <generic_save_state>
10001c52:	e002      	b.n	10001c5a <__wrap___aeabi_dsub+0x6>

10001c54 <__wrap___aeabi_dsub>:
10001c54:	fe10 f430 	dcp_pcmp APSR_nzcv
10001c58:	d4f8      	bmi.n	10001c4c <__wrap___aeabi_dadd+0x20>
10001c5a:	ec41 0410 	dcp_wxup r0, r1
10001c5e:	ec43 2411 	dcp_wyup r2, r3
10001c62:	ee00 0401 			dcp_add0
10001c66:	ee10 0421 			dcp_sub1
10001c6a:	ee80 0420 			dcp_nrdd
10001c6e:	ec51 0430 	dcp_rdds r0, r1
10001c72:	4770      	bx	lr
10001c74:	b500      	push	{lr}
10001c76:	f7ff ffb7 	bl	10001be8 <generic_save_state>
10001c7a:	e002      	b.n	10001c82 <__wrap___aeabi_dmul+0x6>

10001c7c <__wrap___aeabi_dmul>:
10001c7c:	fe10 f430 	dcp_pcmp APSR_nzcv
10001c80:	d4f8      	bmi.n	10001c74 <__wrap___aeabi_dsub+0x20>
10001c82:	b510      	push	{r4, lr}
10001c84:	ec41 0410 	dcp_wxup r0, r1
10001c88:	ec43 2411 	dcp_wyup r2, r3
10001c8c:	ec51 0404 	dcp_rxms r0, r1, #0x0
10001c90:	ec53 2405 	dcp_ryms r2, r3, #0x0
10001c94:	fba0 4c02 	umull	r4, ip, r0, r2
10001c98:	f05f 0e00 	movs.w	lr, #0
10001c9c:	fbe0 ce03 	umlal	ip, lr, r0, r3
10001ca0:	fbe1 ce02 	umlal	ip, lr, r1, r2
10001ca4:	ec4c 4420 	dcp_wxms r4, ip
10001ca8:	2400      	movs	r4, #0
10001caa:	fbe1 e403 	umlal	lr, r4, r1, r3
10001cae:	ec44 e430 	dcp_wxmo lr, r4
10001cb2:	ee80 0420 			dcp_nrdd
10001cb6:	ec51 0450 	dcp_rddm r0, r1
10001cba:	e8bd 4010 	ldmia.w	sp!, {r4, lr}
10001cbe:	4770      	bx	lr
10001cc0:	b500      	push	{lr}
10001cc2:	f7ff ff91 	bl	10001be8 <generic_save_state>
10001cc6:	e002      	b.n	10001cce <__wrap___aeabi_ddiv+0x6>

10001cc8 <__wrap___aeabi_ddiv>:
10001cc8:	fe10 f430 	dcp_pcmp APSR_nzcv
10001ccc:	d4f8      	bmi.n	10001cc0 <__wrap___aeabi_dmul+0x44>
10001cce:	ec41 0410 	dcp_wxup r0, r1
10001cd2:	ec43 2411 	dcp_wyup r2, r3
10001cd6:	ec51 0421 	dcp_rymr r0, r1
10001cda:	fba0 1201 	umull	r1, r2, r0, r1
10001cde:	ea6f 0282 	mvn.w	r2, r2, lsl #2
10001ce2:	fb52 0010 	smmlar	r0, r2, r0, r0
10001ce6:	fb52 f212 	smmulr	r2, r2, r2
10001cea:	fb52 0010 	smmlar	r0, r2, r0, r0
10001cee:	eba0 7cd0 	sub.w	ip, r0, r0, lsr #31
10001cf2:	ec53 2404 	dcp_rxms r2, r3, #0x0
10001cf6:	fb5c f113 	smmulr	r1, ip, r3
10001cfa:	ec53 2415 	dcp_ryms r2, r3, #0x1
10001cfe:	fba1 2002 	umull	r2, r0, r1, r2
10001d02:	fb01 0003 	mla	r0, r1, r3, r0
10001d06:	ec53 2444 	dcp_rxms r2, r3, #0x4
10001d0a:	eba2 0000 	sub.w	r0, r2, r0
10001d0e:	fb50 f21c 	smmulr	r2, r0, ip
10001d12:	ea4f 1311 	mov.w	r3, r1, lsr #4
10001d16:	eb12 7001 	adds.w	r0, r2, r1, lsl #28
10001d1a:	eb43 71e2 	adc.w	r1, r3, r2, asr #31
10001d1e:	ea40 5051 	orr.w	r0, r0, r1, lsr #21
10001d22:	ea20 5091 	bic.w	r0, r0, r1, lsr #22
10001d26:	f020 0007 	bic.w	r0, r0, #7
10001d2a:	ec53 2475 	dcp_ryms r2, r3, #0x7
10001d2e:	fba0 3c02 	umull	r3, ip, r0, r2
10001d32:	ec53 2475 	dcp_ryms r2, r3, #0x7
10001d36:	fb00 cc03 	mla	ip, r0, r3, ip
10001d3a:	fb01 cc02 	mla	ip, r1, r2, ip
10001d3e:	ec53 2404 	dcp_rxms r2, r3, #0x0
10001d42:	ebac 4c82 	sub.w	ip, ip, r2, lsl #18
10001d46:	ea40 705c 	orr.w	r0, r0, ip, lsr #29
10001d4a:	f1a0 0001 	sub.w	r0, r0, #1
10001d4e:	ec41 0440 	dcp_wxdd r0, r1
10001d52:	ee80 0420 			dcp_nrdd
10001d56:	ec51 0470 	dcp_rddd r0, r1
10001d5a:	4770      	bx	lr
10001d5c:	b500      	push	{lr}
10001d5e:	f7ff ff43 	bl	10001be8 <generic_save_state>
10001d62:	e002      	b.n	10001d6a <__wrap___aeabi_i2d+0x6>

10001d64 <__wrap___aeabi_i2d>:
10001d64:	fe10 f430 	dcp_pcmp APSR_nzcv
10001d68:	d4f8      	bmi.n	10001d5c <__wrap___aeabi_ddiv+0x94>
10001d6a:	ec40 0470 	dcp_wxic r0, r0
10001d6e:	ee00 0401 			dcp_add0
10001d72:	ee10 0421 			dcp_sub1
10001d76:	ee80 0420 			dcp_nrdd
10001d7a:	ec51 0430 	dcp_rdds r0, r1
10001d7e:	4770      	bx	lr
10001d80:	b500      	push	{lr}
10001d82:	f7ff ff31 	bl	10001be8 <generic_save_state>
10001d86:	e002      	b.n	10001d8e <__wrap___aeabi_ui2d+0x6>

10001d88 <__wrap___aeabi_ui2d>:
10001d88:	fe10 f430 	dcp_pcmp APSR_nzcv
10001d8c:	d4f8      	bmi.n	10001d80 <__wrap___aeabi_i2d+0x1c>
10001d8e:	ec40 0460 	dcp_wxuc r0, r0
10001d92:	ee00 0401 			dcp_add0
10001d96:	ee10 0421 			dcp_sub1
10001d9a:	ee80 0420 			dcp_nrdd
10001d9e:	ec51 0430 	dcp_rdds r0, r1
10001da2:	4770      	bx	lr
10001da4:	b500      	push	{lr}
10001da6:	f7ff ff1f 	bl	10001be8 <generic_save_state>
10001daa:	e002      	b.n	10001db2 <double2int_z_entry>

10001dac <__wrap___aeabi_d2iz>:
10001dac:	fe10 f430 	dcp_pcmp APSR_nzcv
10001db0:	d4f8      	bmi.n	10001da4 <__wrap___aeabi_ui2d+0x1c>

10001db2 <double2int_z_entry>:
10001db2:	ec41 0480 	dcp_wxdc r0, r1
10001db6:	ee00 0401 			dcp_add0
10001dba:	ee10 0401 			dcp_add1
10001dbe:	ee80 0440 			dcp_ntdc
10001dc2:	ee10 0413 			dcp_rdic r0
10001dc6:	4770      	bx	lr
10001dc8:	b500      	push	{lr}
10001dca:	f7ff ff0d 	bl	10001be8 <generic_save_state>
10001dce:	e002      	b.n	10001dd6 <double2uint_z_entry>

10001dd0 <__wrap___aeabi_d2uiz>:
10001dd0:	fe10 f430 	dcp_pcmp APSR_nzcv
10001dd4:	d4f8      	bmi.n	10001dc8 <double2int_z_entry+0x16>

10001dd6 <double2uint_z_entry>:
10001dd6:	ec41 0480 	dcp_wxdc r0, r1
10001dda:	ee00 0401 			dcp_add0
10001dde:	ee10 0401 			dcp_add1
10001de2:	ee80 0440 			dcp_ntdc
10001de6:	ee10 0433 			dcp_rduc r0
10001dea:	4770      	bx	lr
10001dec:	b500      	push	{lr}
10001dee:	f7ff fefb 	bl	10001be8 <generic_save_state>
10001df2:	e002      	b.n	10001dfa <__wrap___aeabi_dcmpun+0x6>

10001df4 <__wrap___aeabi_dcmpun>:
10001df4:	fe10 f430 	dcp_pcmp APSR_nzcv
10001df8:	d4f8      	bmi.n	10001dec <double2uint_z_entry+0x16>
10001dfa:	ec41 0410 	dcp_wxup r0, r1
10001dfe:	ec43 2411 	dcp_wyup r2, r3
10001e02:	ee00 0401 			dcp_add0
10001e06:	ee10 0430 			dcp_rcmp r0
10001e0a:	f3c0 7000 	ubfx	r0, r0, #28, #1
10001e0e:	4770      	bx	lr
10001e10:	b500      	push	{lr}
10001e12:	f7ff fee9 	bl	10001be8 <generic_save_state>
10001e16:	e002      	b.n	10001e1e <__wrap___aeabi_dcmplt+0x6>

10001e18 <__wrap___aeabi_dcmplt>:
10001e18:	fe10 f430 	dcp_pcmp APSR_nzcv
10001e1c:	d4f8      	bmi.n	10001e10 <__wrap___aeabi_dcmpun+0x1c>
10001e1e:	ec43 2410 	dcp_wxup r2, r3
10001e22:	ec41 0411 	dcp_wyup r0, r1
10001e26:	ee00 0401 			dcp_add0
10001e2a:	ee10 f430 			dcp_rcmp APSR_nzcv
10001e2e:	bf8c      	ite	hi
10001e30:	2001      	movhi	r0, #1
10001e32:	2000      	movls	r0, #0
10001e34:	4770      	bx	lr
10001e36:	bf00      	nop
10001e38:	b500      	push	{lr}
10001e3a:	f7ff fed5 	bl	10001be8 <generic_save_state>
10001e3e:	e002      	b.n	10001e46 <__wrap___aeabi_dcmple+0x6>

10001e40 <__wrap___aeabi_dcmple>:
10001e40:	fe10 f430 	dcp_pcmp APSR_nzcv
10001e44:	d4f8      	bmi.n	10001e38 <__wrap___aeabi_dcmplt+0x20>
10001e46:	ec43 2410 	dcp_wxup r2, r3
10001e4a:	ec41 0411 	dcp_wyup r0, r1
10001e4e:	ee00 0401 			dcp_add0
10001e52:	ee10 f430 			dcp_rcmp APSR_nzcv
10001e56:	bf2c      	ite	cs
10001e58:	2001      	movcs	r0, #1
10001e5a:	2000      	movcc	r0, #0
10001e5c:	4770      	bx	lr
10001e5e:	bf00      	nop
10001e60:	b500      	push	{lr}
10001e62:	f7ff fec1 	bl	10001be8 <generic_save_state>
10001e66:	e002      	b.n	10001e6e <__wrap___aeabi_dcmpge+0x6>

10001e68 <__wrap___aeabi_dcmpge>:
10001e68:	fe10 f430 	dcp_pcmp APSR_nzcv
10001e6c:	d4f8      	bmi.n	10001e60 <__wrap___aeabi_dcmple+0x20>
10001e6e:	ec41 0410 	dcp_wxup r0, r1
10001e72:	ec43 2411 	dcp_wyup r2, r3
10001e76:	ee00 0401 			dcp_add0
10001e7a:	ee10 f430 			dcp_rcmp APSR_nzcv
10001e7e:	bf2c      	ite	cs
10001e80:	2001      	movcs	r0, #1
10001e82:	2000      	movcc	r0, #0
10001e84:	4770      	bx	lr
10001e86:	bf00      	nop
10001e88:	b500      	push	{lr}
10001e8a:	f7ff fead 	bl	10001be8 <generic_save_state>
10001e8e:	e002      	b.n	10001e96 <__wrap___aeabi_dcmpgt+0x6>

10001e90 <__wrap___aeabi_dcmpgt>:
10001e90:	fe10 f430 	dcp_pcmp APSR_nzcv
10001e94:	d4f8      	bmi.n	10001e88 <__wrap___aeabi_dcmpge+0x20>
10001e96:	ec41 0410 	dcp_wxup r0, r1
10001e9a:	ec43 2411 	dcp_wyup r2, r3
10001e9e:	ee00 0401 			dcp_add0
10001ea2:	ee10 f430 			dcp_rcmp APSR_nzcv
10001ea6:	bf8c      	ite	hi
10001ea8:	2001      	movhi	r0, #1
10001eaa:	2000      	movls	r0, #0
10001eac:	4770      	bx	lr
10001eae:	bf00      	nop

10001eb0 <_out_null>:
10001eb0:	4770      	bx	lr
10001eb2:	bf00      	nop

10001eb4 <_out_rev>:
10001eb4:	e92d 4ff0 	stmdb	sp!, {r4, r5, r6, r7, r8, r9, sl, fp, lr}
10001eb8:	b083      	sub	sp, #12
10001eba:	4699      	mov	r9, r3
10001ebc:	e9dd ab0d 	ldrd	sl, fp, [sp, #52]	@ 0x34
10001ec0:	9b0f      	ldr	r3, [sp, #60]	@ 0x3c
10001ec2:	4688      	mov	r8, r1
10001ec4:	4611      	mov	r1, r2
10001ec6:	079a      	lsls	r2, r3, #30
10001ec8:	4607      	mov	r7, r0
10001eca:	d116      	bne.n	10001efa <_out_rev+0x46>
10001ecc:	45da      	cmp	sl, fp
10001ece:	d23a      	bcs.n	10001f46 <_out_rev+0x92>
10001ed0:	460c      	mov	r4, r1
10001ed2:	460d      	mov	r5, r1
10001ed4:	ebab 060a 	sub.w	r6, fp, sl
10001ed8:	440e      	add	r6, r1
10001eda:	4622      	mov	r2, r4
10001edc:	464b      	mov	r3, r9
10001ede:	4641      	mov	r1, r8
10001ee0:	2020      	movs	r0, #32
10001ee2:	3401      	adds	r4, #1
10001ee4:	47b8      	blx	r7
10001ee6:	42b4      	cmp	r4, r6
10001ee8:	d1f7      	bne.n	10001eda <_out_rev+0x26>
10001eea:	4629      	mov	r1, r5
10001eec:	f1ba 0f00 	cmp.w	sl, #0
10001ef0:	d108      	bne.n	10001f04 <_out_rev+0x50>
10001ef2:	4620      	mov	r0, r4
10001ef4:	b003      	add	sp, #12
10001ef6:	e8bd 8ff0 	ldmia.w	sp!, {r4, r5, r6, r7, r8, r9, sl, fp, pc}
10001efa:	460c      	mov	r4, r1
10001efc:	f1ba 0f00 	cmp.w	sl, #0
10001f00:	d010      	beq.n	10001f24 <_out_rev+0x70>
10001f02:	460e      	mov	r6, r1
10001f04:	4655      	mov	r5, sl
10001f06:	9b0c      	ldr	r3, [sp, #48]	@ 0x30
10001f08:	442e      	add	r6, r5
10001f0a:	449a      	add	sl, r3
10001f0c:	9101      	str	r1, [sp, #4]
10001f0e:	1b72      	subs	r2, r6, r5
10001f10:	464b      	mov	r3, r9
10001f12:	3d01      	subs	r5, #1
10001f14:	4641      	mov	r1, r8
10001f16:	f81a 0d01 	ldrb.w	r0, [sl, #-1]!
10001f1a:	4634      	mov	r4, r6
10001f1c:	47b8      	blx	r7
10001f1e:	2d00      	cmp	r5, #0
10001f20:	d1f5      	bne.n	10001f0e <_out_rev+0x5a>
10001f22:	9901      	ldr	r1, [sp, #4]
10001f24:	9b0f      	ldr	r3, [sp, #60]	@ 0x3c
10001f26:	079b      	lsls	r3, r3, #30
10001f28:	d5e3      	bpl.n	10001ef2 <_out_rev+0x3e>
10001f2a:	1a65      	subs	r5, r4, r1
10001f2c:	45ab      	cmp	fp, r5
10001f2e:	d9e0      	bls.n	10001ef2 <_out_rev+0x3e>
10001f30:	4622      	mov	r2, r4
10001f32:	464b      	mov	r3, r9
10001f34:	4641      	mov	r1, r8
10001f36:	2020      	movs	r0, #32
10001f38:	3501      	adds	r5, #1
10001f3a:	47b8      	blx	r7
10001f3c:	455d      	cmp	r5, fp
10001f3e:	f104 0401 	add.w	r4, r4, #1
10001f42:	d3f5      	bcc.n	10001f30 <_out_rev+0x7c>
10001f44:	e7d5      	b.n	10001ef2 <_out_rev+0x3e>
10001f46:	460c      	mov	r4, r1
10001f48:	f1ba 0f00 	cmp.w	sl, #0
10001f4c:	d1d9      	bne.n	10001f02 <_out_rev+0x4e>
10001f4e:	e7d0      	b.n	10001ef2 <_out_rev+0x3e>

10001f50 <_ntoa_format>:
10001f50:	e92d 4ff0 	stmdb	sp!, {r4, r5, r6, r7, r8, r9, sl, fp, lr}
10001f54:	9f0f      	ldr	r7, [sp, #60]	@ 0x3c
10001f56:	f8dd 8024 	ldr.w	r8, [sp, #36]	@ 0x24
10001f5a:	f017 0f02 	tst.w	r7, #2
10001f5e:	9c0a      	ldr	r4, [sp, #40]	@ 0x28
10001f60:	f89d a02c 	ldrb.w	sl, [sp, #44]	@ 0x2c
10001f64:	9d0e      	ldr	r5, [sp, #56]	@ 0x38
10001f66:	e9dd 960c 	ldrd	r9, r6, [sp, #48]	@ 0x30
10001f6a:	d144      	bne.n	10001ff6 <_ntoa_format+0xa6>
10001f6c:	bbf5      	cbnz	r5, 10001fec <_ntoa_format+0x9c>
10001f6e:	42b4      	cmp	r4, r6
10001f70:	d241      	bcs.n	10001ff6 <_ntoa_format+0xa6>
10001f72:	f007 0b01 	and.w	fp, r7, #1
10001f76:	f104 3cff 	add.w	ip, r4, #4294967295	@ 0xffffffff
10001f7a:	f04f 0e30 	mov.w	lr, #48	@ 0x30
10001f7e:	44c4      	add	ip, r8
10001f80:	e004      	b.n	10001f8c <_ntoa_format+0x3c>
10001f82:	3401      	adds	r4, #1
10001f84:	42a6      	cmp	r6, r4
10001f86:	f80c ef01 	strb.w	lr, [ip, #1]!
10001f8a:	d901      	bls.n	10001f90 <_ntoa_format+0x40>
10001f8c:	2c20      	cmp	r4, #32
10001f8e:	d1f8      	bne.n	10001f82 <_ntoa_format+0x32>
10001f90:	f1bb 0f00 	cmp.w	fp, #0
10001f94:	f000 8088 	beq.w	100020a8 <_ntoa_format+0x158>
10001f98:	42a5      	cmp	r5, r4
10001f9a:	d92c      	bls.n	10001ff6 <_ntoa_format+0xa6>
10001f9c:	f104 3cff 	add.w	ip, r4, #4294967295	@ 0xffffffff
10001fa0:	f04f 0e30 	mov.w	lr, #48	@ 0x30
10001fa4:	44c4      	add	ip, r8
10001fa6:	e004      	b.n	10001fb2 <_ntoa_format+0x62>
10001fa8:	3401      	adds	r4, #1
10001faa:	42ac      	cmp	r4, r5
10001fac:	f80c ef01 	strb.w	lr, [ip, #1]!
10001fb0:	d021      	beq.n	10001ff6 <_ntoa_format+0xa6>
10001fb2:	2c20      	cmp	r4, #32
10001fb4:	d1f8      	bne.n	10001fa8 <_ntoa_format+0x58>
10001fb6:	f017 0f10 	tst.w	r7, #16
10001fba:	d00e      	beq.n	10001fda <_ntoa_format+0x8a>
10001fbc:	f417 6f80 	tst.w	r7, #1024	@ 0x400
10001fc0:	d154      	bne.n	1000206c <_ntoa_format+0x11c>
10001fc2:	42a6      	cmp	r6, r4
10001fc4:	d063      	beq.n	1000208e <_ntoa_format+0x13e>
10001fc6:	42a5      	cmp	r5, r4
10001fc8:	d061      	beq.n	1000208e <_ntoa_format+0x13e>
10001fca:	f1b9 0f10 	cmp.w	r9, #16
10001fce:	d050      	beq.n	10002072 <_ntoa_format+0x122>
10001fd0:	f1b9 0f02 	cmp.w	r9, #2
10001fd4:	d056      	beq.n	10002084 <_ntoa_format+0x134>
10001fd6:	2c20      	cmp	r4, #32
10001fd8:	d129      	bne.n	1000202e <_ntoa_format+0xde>
10001fda:	2420      	movs	r4, #32
10001fdc:	e9cd 570b 	strd	r5, r7, [sp, #44]	@ 0x2c
10001fe0:	e9cd 8409 	strd	r8, r4, [sp, #36]	@ 0x24
10001fe4:	e8bd 4ff0 	ldmia.w	sp!, {r4, r5, r6, r7, r8, r9, sl, fp, lr}
10001fe8:	f7ff bf64 	b.w	10001eb4 <_out_rev>
10001fec:	f017 0b01 	ands.w	fp, r7, #1
10001ff0:	d134      	bne.n	1000205c <_ntoa_format+0x10c>
10001ff2:	42b4      	cmp	r4, r6
10001ff4:	d3bf      	bcc.n	10001f76 <_ntoa_format+0x26>
10001ff6:	f017 0f10 	tst.w	r7, #16
10001ffa:	d01e      	beq.n	1000203a <_ntoa_format+0xea>
10001ffc:	f417 6f80 	tst.w	r7, #1024	@ 0x400
10002000:	d1e3      	bne.n	10001fca <_ntoa_format+0x7a>
10002002:	2c00      	cmp	r4, #0
10002004:	d1dd      	bne.n	10001fc2 <_ntoa_format+0x72>
10002006:	f1b9 0f10 	cmp.w	r9, #16
1000200a:	d063      	beq.n	100020d4 <_ntoa_format+0x184>
1000200c:	f1b9 0f02 	cmp.w	r9, #2
10002010:	d077      	beq.n	10002102 <_ntoa_format+0x1b2>
10002012:	2430      	movs	r4, #48	@ 0x30
10002014:	f888 4000 	strb.w	r4, [r8]
10002018:	2401      	movs	r4, #1
1000201a:	f1ba 0f00 	cmp.w	sl, #0
1000201e:	d111      	bne.n	10002044 <_ntoa_format+0xf4>
10002020:	077e      	lsls	r6, r7, #29
10002022:	d548      	bpl.n	100020b6 <_ntoa_format+0x166>
10002024:	262b      	movs	r6, #43	@ 0x2b
10002026:	f808 6004 	strb.w	r6, [r8, r4]
1000202a:	3401      	adds	r4, #1
1000202c:	e7d6      	b.n	10001fdc <_ntoa_format+0x8c>
1000202e:	4626      	mov	r6, r4
10002030:	3401      	adds	r4, #1
10002032:	f04f 0c30 	mov.w	ip, #48	@ 0x30
10002036:	f808 c006 	strb.w	ip, [r8, r6]
1000203a:	2c20      	cmp	r4, #32
1000203c:	d0cd      	beq.n	10001fda <_ntoa_format+0x8a>
1000203e:	f1ba 0f00 	cmp.w	sl, #0
10002042:	d0ed      	beq.n	10002020 <_ntoa_format+0xd0>
10002044:	262d      	movs	r6, #45	@ 0x2d
10002046:	f808 6004 	strb.w	r6, [r8, r4]
1000204a:	3401      	adds	r4, #1
1000204c:	e9cd 570b 	strd	r5, r7, [sp, #44]	@ 0x2c
10002050:	e9cd 8409 	strd	r8, r4, [sp, #36]	@ 0x24
10002054:	e8bd 4ff0 	ldmia.w	sp!, {r4, r5, r6, r7, r8, r9, sl, fp, lr}
10002058:	f7ff bf2c 	b.w	10001eb4 <_out_rev>
1000205c:	f1ba 0f00 	cmp.w	sl, #0
10002060:	d030      	beq.n	100020c4 <_ntoa_format+0x174>
10002062:	42b4      	cmp	r4, r6
10002064:	f105 35ff 	add.w	r5, r5, #4294967295	@ 0xffffffff
10002068:	d385      	bcc.n	10001f76 <_ntoa_format+0x26>
1000206a:	e795      	b.n	10001f98 <_ntoa_format+0x48>
1000206c:	f1b9 0f10 	cmp.w	r9, #16
10002070:	d1b3      	bne.n	10001fda <_ntoa_format+0x8a>
10002072:	06be      	lsls	r6, r7, #26
10002074:	d53b      	bpl.n	100020ee <_ntoa_format+0x19e>
10002076:	2c20      	cmp	r4, #32
10002078:	d0af      	beq.n	10001fda <_ntoa_format+0x8a>
1000207a:	2658      	movs	r6, #88	@ 0x58
1000207c:	f808 6004 	strb.w	r6, [r8, r4]
10002080:	3401      	adds	r4, #1
10002082:	e7a8      	b.n	10001fd6 <_ntoa_format+0x86>
10002084:	2c20      	cmp	r4, #32
10002086:	d0a8      	beq.n	10001fda <_ntoa_format+0x8a>
10002088:	4626      	mov	r6, r4
1000208a:	3401      	adds	r4, #1
1000208c:	e007      	b.n	1000209e <_ntoa_format+0x14e>
1000208e:	1e66      	subs	r6, r4, #1
10002090:	d0b9      	beq.n	10002006 <_ntoa_format+0xb6>
10002092:	f1b9 0f10 	cmp.w	r9, #16
10002096:	d036      	beq.n	10002106 <_ntoa_format+0x1b6>
10002098:	f1b9 0f02 	cmp.w	r9, #2
1000209c:	d1c9      	bne.n	10002032 <_ntoa_format+0xe2>
1000209e:	f04f 0c62 	mov.w	ip, #98	@ 0x62
100020a2:	f808 c006 	strb.w	ip, [r8, r6]
100020a6:	e796      	b.n	10001fd6 <_ntoa_format+0x86>
100020a8:	f017 0f10 	tst.w	r7, #16
100020ac:	d0c5      	beq.n	1000203a <_ntoa_format+0xea>
100020ae:	f417 6f80 	tst.w	r7, #1024	@ 0x400
100020b2:	d086      	beq.n	10001fc2 <_ntoa_format+0x72>
100020b4:	e789      	b.n	10001fca <_ntoa_format+0x7a>
100020b6:	073e      	lsls	r6, r7, #28
100020b8:	d590      	bpl.n	10001fdc <_ntoa_format+0x8c>
100020ba:	2620      	movs	r6, #32
100020bc:	f808 6004 	strb.w	r6, [r8, r4]
100020c0:	3401      	adds	r4, #1
100020c2:	e78b      	b.n	10001fdc <_ntoa_format+0x8c>
100020c4:	f017 0f0c 	tst.w	r7, #12
100020c8:	d000      	beq.n	100020cc <_ntoa_format+0x17c>
100020ca:	3d01      	subs	r5, #1
100020cc:	42b4      	cmp	r4, r6
100020ce:	f4ff af52 	bcc.w	10001f76 <_ntoa_format+0x26>
100020d2:	e761      	b.n	10001f98 <_ntoa_format+0x48>
100020d4:	06bc      	lsls	r4, r7, #26
100020d6:	d412      	bmi.n	100020fe <_ntoa_format+0x1ae>
100020d8:	2478      	movs	r4, #120	@ 0x78
100020da:	f888 4000 	strb.w	r4, [r8]
100020de:	2430      	movs	r4, #48	@ 0x30
100020e0:	f888 4001 	strb.w	r4, [r8, #1]
100020e4:	2402      	movs	r4, #2
100020e6:	f1ba 0f00 	cmp.w	sl, #0
100020ea:	d099      	beq.n	10002020 <_ntoa_format+0xd0>
100020ec:	e7aa      	b.n	10002044 <_ntoa_format+0xf4>
100020ee:	2c20      	cmp	r4, #32
100020f0:	f43f af73 	beq.w	10001fda <_ntoa_format+0x8a>
100020f4:	2678      	movs	r6, #120	@ 0x78
100020f6:	f808 6004 	strb.w	r6, [r8, r4]
100020fa:	3401      	adds	r4, #1
100020fc:	e76b      	b.n	10001fd6 <_ntoa_format+0x86>
100020fe:	2458      	movs	r4, #88	@ 0x58
10002100:	e7eb      	b.n	100020da <_ntoa_format+0x18a>
10002102:	2462      	movs	r4, #98	@ 0x62
10002104:	e7e9      	b.n	100020da <_ntoa_format+0x18a>
10002106:	f017 0f20 	tst.w	r7, #32
1000210a:	f1a4 0c02 	sub.w	ip, r4, #2
1000210e:	d004      	beq.n	1000211a <_ntoa_format+0x1ca>
10002110:	f04f 0e58 	mov.w	lr, #88	@ 0x58
10002114:	f808 e00c 	strb.w	lr, [r8, ip]
10002118:	e78b      	b.n	10002032 <_ntoa_format+0xe2>
1000211a:	f04f 0e78 	mov.w	lr, #120	@ 0x78
1000211e:	f808 e00c 	strb.w	lr, [r8, ip]
10002122:	e786      	b.n	10002032 <_ntoa_format+0xe2>

10002124 <_out_char>:
10002124:	b900      	cbnz	r0, 10002128 <_out_char+0x4>
10002126:	4770      	bx	lr
10002128:	f001 bb6e 	b.w	10003808 <__wrap_putchar>

1000212c <_out_fct>:
1000212c:	b110      	cbz	r0, 10002134 <_out_fct+0x8>
1000212e:	e9d1 3100 	ldrd	r3, r1, [r1]
10002132:	4718      	bx	r3
10002134:	4770      	bx	lr
10002136:	bf00      	nop

10002138 <_ftoa>:
10002138:	e92d 4ff0 	stmdb	sp!, {r4, r5, r6, r7, r8, r9, sl, fp, lr}
1000213c:	b097      	sub	sp, #92	@ 0x5c
1000213e:	ed9d 7b20 	vldr	d7, [sp, #128]	@ 0x80
10002142:	e9dd 5b22 	ldrd	r5, fp, [sp, #136]	@ 0x88
10002146:	4607      	mov	r7, r0
10002148:	4688      	mov	r8, r1
1000214a:	ec51 0b17 	vmov	r0, r1, d7
1000214e:	9c24      	ldr	r4, [sp, #144]	@ 0x90
10002150:	4699      	mov	r9, r3
10002152:	920c      	str	r2, [sp, #48]	@ 0x30
10002154:	460b      	mov	r3, r1
10002156:	4602      	mov	r2, r0
10002158:	ed8d 7b04 	vstr	d7, [sp, #16]
1000215c:	9407      	str	r4, [sp, #28]
1000215e:	f7ff fe49 	bl	10001df4 <__wrap___aeabi_dcmpun>
10002162:	2800      	cmp	r0, #0
10002164:	f040 81f4 	bne.w	10002550 <_ftoa+0x418>
10002168:	e9dd 0104 	ldrd	r0, r1, [sp, #16]
1000216c:	f04f 32ff 	mov.w	r2, #4294967295	@ 0xffffffff
10002170:	f46f 1380 	mvn.w	r3, #1048576	@ 0x100000
10002174:	f7ff fe50 	bl	10001e18 <__wrap___aeabi_dcmplt>
10002178:	2800      	cmp	r0, #0
1000217a:	f040 811b 	bne.w	100023b4 <_ftoa+0x27c>
1000217e:	e9dd 0104 	ldrd	r0, r1, [sp, #16]
10002182:	f04f 32ff 	mov.w	r2, #4294967295	@ 0xffffffff
10002186:	4bac      	ldr	r3, [pc, #688]	@ (10002438 <_ftoa+0x300>)
10002188:	f7ff fe82 	bl	10001e90 <__wrap___aeabi_dcmpgt>
1000218c:	2800      	cmp	r0, #0
1000218e:	f040 80ee 	bne.w	1000236e <_ftoa+0x236>
10002192:	e9dd 0104 	ldrd	r0, r1, [sp, #16]
10002196:	a3a4      	add	r3, pc, #656	@ (adr r3, 10002428 <_ftoa+0x2f0>)
10002198:	e9d3 2300 	ldrd	r2, r3, [r3]
1000219c:	f7ff fe78 	bl	10001e90 <__wrap___aeabi_dcmpgt>
100021a0:	2800      	cmp	r0, #0
100021a2:	f040 80d3 	bne.w	1000234c <_ftoa+0x214>
100021a6:	e9dd 0104 	ldrd	r0, r1, [sp, #16]
100021aa:	a3a1      	add	r3, pc, #644	@ (adr r3, 10002430 <_ftoa+0x2f8>)
100021ac:	e9d3 2300 	ldrd	r2, r3, [r3]
100021b0:	f7ff fe32 	bl	10001e18 <__wrap___aeabi_dcmplt>
100021b4:	2800      	cmp	r0, #0
100021b6:	f040 80c9 	bne.w	1000234c <_ftoa+0x214>
100021ba:	e9dd 0104 	ldrd	r0, r1, [sp, #16]
100021be:	2200      	movs	r2, #0
100021c0:	2300      	movs	r3, #0
100021c2:	f7ff fe29 	bl	10001e18 <__wrap___aeabi_dcmplt>
100021c6:	2800      	cmp	r0, #0
100021c8:	f040 80e8 	bne.w	1000239c <_ftoa+0x264>
100021cc:	4623      	mov	r3, r4
100021ce:	900d      	str	r0, [sp, #52]	@ 0x34
100021d0:	f413 6f80 	tst.w	r3, #1024	@ 0x400
100021d4:	bf08      	it	eq
100021d6:	2506      	moveq	r5, #6
100021d8:	2130      	movs	r1, #48	@ 0x30
100021da:	462b      	mov	r3, r5
100021dc:	aa0e      	add	r2, sp, #56	@ 0x38
100021de:	f1a5 0620 	sub.w	r6, r5, #32
100021e2:	e005      	b.n	100021f0 <_ftoa+0xb8>
100021e4:	3b01      	subs	r3, #1
100021e6:	42b3      	cmp	r3, r6
100021e8:	f802 1b01 	strb.w	r1, [r2], #1
100021ec:	f000 8193 	beq.w	10002516 <_ftoa+0x3de>
100021f0:	2b09      	cmp	r3, #9
100021f2:	d8f7      	bhi.n	100021e4 <_ftoa+0xac>
100021f4:	461e      	mov	r6, r3
100021f6:	1aed      	subs	r5, r5, r3
100021f8:	e9dd 0104 	ldrd	r0, r1, [sp, #16]
100021fc:	f7ff fdd6 	bl	10001dac <__wrap___aeabi_d2iz>
10002200:	4b8e      	ldr	r3, [pc, #568]	@ (1000243c <_ftoa+0x304>)
10002202:	4604      	mov	r4, r0
10002204:	eb03 03c6 	add.w	r3, r3, r6, lsl #3
10002208:	ed93 7b00 	vldr	d7, [r3]
1000220c:	ed8d 7b08 	vstr	d7, [sp, #32]
10002210:	f7ff fda8 	bl	10001d64 <__wrap___aeabi_i2d>
10002214:	4602      	mov	r2, r0
10002216:	460b      	mov	r3, r1
10002218:	e9dd 0104 	ldrd	r0, r1, [sp, #16]
1000221c:	f7ff fd1a 	bl	10001c54 <__wrap___aeabi_dsub>
10002220:	e9dd 2308 	ldrd	r2, r3, [sp, #32]
10002224:	f7ff fd2a 	bl	10001c7c <__wrap___aeabi_dmul>
10002228:	4602      	mov	r2, r0
1000222a:	460b      	mov	r3, r1
1000222c:	e9cd 230a 	strd	r2, r3, [sp, #40]	@ 0x28
10002230:	f7ff fdce 	bl	10001dd0 <__wrap___aeabi_d2uiz>
10002234:	4682      	mov	sl, r0
10002236:	f7ff fda7 	bl	10001d88 <__wrap___aeabi_ui2d>
1000223a:	4602      	mov	r2, r0
1000223c:	460b      	mov	r3, r1
1000223e:	e9dd 010a 	ldrd	r0, r1, [sp, #40]	@ 0x28
10002242:	f7ff fd07 	bl	10001c54 <__wrap___aeabi_dsub>
10002246:	4602      	mov	r2, r0
10002248:	460b      	mov	r3, r1
1000224a:	e9cd 230a 	strd	r2, r3, [sp, #40]	@ 0x28
1000224e:	2200      	movs	r2, #0
10002250:	4b7b      	ldr	r3, [pc, #492]	@ (10002440 <_ftoa+0x308>)
10002252:	f7ff fe1d 	bl	10001e90 <__wrap___aeabi_dcmpgt>
10002256:	2800      	cmp	r0, #0
10002258:	f000 80fe 	beq.w	10002458 <_ftoa+0x320>
1000225c:	f10a 0a01 	add.w	sl, sl, #1
10002260:	4650      	mov	r0, sl
10002262:	f7ff fd91 	bl	10001d88 <__wrap___aeabi_ui2d>
10002266:	4602      	mov	r2, r0
10002268:	460b      	mov	r3, r1
1000226a:	e9dd 0108 	ldrd	r0, r1, [sp, #32]
1000226e:	f7ff fde7 	bl	10001e40 <__wrap___aeabi_dcmple>
10002272:	b110      	cbz	r0, 1000227a <_ftoa+0x142>
10002274:	f04f 0a00 	mov.w	sl, #0
10002278:	3401      	adds	r4, #1
1000227a:	2e00      	cmp	r6, #0
1000227c:	f000 80fd 	beq.w	1000247a <_ftoa+0x342>
10002280:	1e68      	subs	r0, r5, #1
10002282:	ab0e      	add	r3, sp, #56	@ 0x38
10002284:	f8df c1cc 	ldr.w	ip, [pc, #460]	@ 10002454 <_ftoa+0x31c>
10002288:	4418      	add	r0, r3
1000228a:	e00f      	b.n	100022ac <_ftoa+0x174>
1000228c:	fbac 210a 	umull	r2, r1, ip, sl
10002290:	08c9      	lsrs	r1, r1, #3
10002292:	eb01 0281 	add.w	r2, r1, r1, lsl #2
10002296:	ebaa 0242 	sub.w	r2, sl, r2, lsl #1
1000229a:	3230      	adds	r2, #48	@ 0x30
1000229c:	f1ba 0f09 	cmp.w	sl, #9
100022a0:	f800 2f01 	strb.w	r2, [r0, #1]!
100022a4:	f240 811c 	bls.w	100024e0 <_ftoa+0x3a8>
100022a8:	468a      	mov	sl, r1
100022aa:	461d      	mov	r5, r3
100022ac:	2d20      	cmp	r5, #32
100022ae:	f105 0301 	add.w	r3, r5, #1
100022b2:	f106 36ff 	add.w	r6, r6, #4294967295	@ 0xffffffff
100022b6:	d1e9      	bne.n	1000228c <_ftoa+0x154>
100022b8:	2520      	movs	r5, #32
100022ba:	1e69      	subs	r1, r5, #1
100022bc:	ab0e      	add	r3, sp, #56	@ 0x38
100022be:	4861      	ldr	r0, [pc, #388]	@ (10002444 <_ftoa+0x30c>)
100022c0:	4419      	add	r1, r3
100022c2:	e010      	b.n	100022e6 <_ftoa+0x1ae>
100022c4:	fb80 6204 	smull	r6, r2, r0, r4
100022c8:	ebc3 03a2 	rsb	r3, r3, r2, asr #2
100022cc:	eb03 0283 	add.w	r2, r3, r3, lsl #2
100022d0:	eba4 0442 	sub.w	r4, r4, r2, lsl #1
100022d4:	f104 0230 	add.w	r2, r4, #48	@ 0x30
100022d8:	3501      	adds	r5, #1
100022da:	461c      	mov	r4, r3
100022dc:	f801 2f01 	strb.w	r2, [r1, #1]!
100022e0:	2b00      	cmp	r3, #0
100022e2:	f000 80eb 	beq.w	100024bc <_ftoa+0x384>
100022e6:	2d20      	cmp	r5, #32
100022e8:	ea4f 73e4 	mov.w	r3, r4, asr #31
100022ec:	d1ea      	bne.n	100022c4 <_ftoa+0x18c>
100022ee:	9b07      	ldr	r3, [sp, #28]
100022f0:	f003 0303 	and.w	r3, r3, #3
100022f4:	2b01      	cmp	r3, #1
100022f6:	d118      	bne.n	1000232a <_ftoa+0x1f2>
100022f8:	f1bb 0f00 	cmp.w	fp, #0
100022fc:	d015      	beq.n	1000232a <_ftoa+0x1f2>
100022fe:	9b0d      	ldr	r3, [sp, #52]	@ 0x34
10002300:	2b00      	cmp	r3, #0
10002302:	f000 810a 	beq.w	1000251a <_ftoa+0x3e2>
10002306:	f10b 3bff 	add.w	fp, fp, #4294967295	@ 0xffffffff
1000230a:	f1bb 0f20 	cmp.w	fp, #32
1000230e:	d90c      	bls.n	1000232a <_ftoa+0x1f2>
10002310:	1e6b      	subs	r3, r5, #1
10002312:	a90e      	add	r1, sp, #56	@ 0x38
10002314:	2230      	movs	r2, #48	@ 0x30
10002316:	440b      	add	r3, r1
10002318:	e005      	b.n	10002326 <_ftoa+0x1ee>
1000231a:	3501      	adds	r5, #1
1000231c:	455d      	cmp	r5, fp
1000231e:	f803 2f01 	strb.w	r2, [r3, #1]!
10002322:	f080 80d1 	bcs.w	100024c8 <_ftoa+0x390>
10002326:	2d20      	cmp	r5, #32
10002328:	d1f7      	bne.n	1000231a <_ftoa+0x1e2>
1000232a:	9b07      	ldr	r3, [sp, #28]
1000232c:	ac0e      	add	r4, sp, #56	@ 0x38
1000232e:	e9cd b302 	strd	fp, r3, [sp, #8]
10002332:	4641      	mov	r1, r8
10002334:	464b      	mov	r3, r9
10002336:	4638      	mov	r0, r7
10002338:	9a0c      	ldr	r2, [sp, #48]	@ 0x30
1000233a:	9501      	str	r5, [sp, #4]
1000233c:	9400      	str	r4, [sp, #0]
1000233e:	f7ff fdb9 	bl	10001eb4 <_out_rev>
10002342:	4682      	mov	sl, r0
10002344:	4650      	mov	r0, sl
10002346:	b017      	add	sp, #92	@ 0x5c
10002348:	e8bd 8ff0 	ldmia.w	sp!, {r4, r5, r6, r7, r8, r9, sl, fp, pc}
1000234c:	9b07      	ldr	r3, [sp, #28]
1000234e:	ed9d 7b04 	vldr	d7, [sp, #16]
10002352:	e9cd b323 	strd	fp, r3, [sp, #140]	@ 0x8c
10002356:	4641      	mov	r1, r8
10002358:	464b      	mov	r3, r9
1000235a:	4638      	mov	r0, r7
1000235c:	9a0c      	ldr	r2, [sp, #48]	@ 0x30
1000235e:	ed8d 7b20 	vstr	d7, [sp, #128]	@ 0x80
10002362:	9522      	str	r5, [sp, #136]	@ 0x88
10002364:	b017      	add	sp, #92	@ 0x5c
10002366:	e8bd 4ff0 	ldmia.w	sp!, {r4, r5, r6, r7, r8, r9, sl, fp, lr}
1000236a:	f000 b945 	b.w	100025f8 <_etoa>
1000236e:	0761      	lsls	r1, r4, #29
10002370:	4623      	mov	r3, r4
10002372:	bf4c      	ite	mi
10002374:	2304      	movmi	r3, #4
10002376:	2303      	movpl	r3, #3
10002378:	4641      	mov	r1, r8
1000237a:	9321      	str	r3, [sp, #132]	@ 0x84
1000237c:	4638      	mov	r0, r7
1000237e:	464b      	mov	r3, r9
10002380:	9a07      	ldr	r2, [sp, #28]
10002382:	bf48      	it	mi
10002384:	4c30      	ldrmi	r4, [pc, #192]	@ (10002448 <_ftoa+0x310>)
10002386:	e9cd b222 	strd	fp, r2, [sp, #136]	@ 0x88
1000238a:	bf58      	it	pl
1000238c:	4c2f      	ldrpl	r4, [pc, #188]	@ (1000244c <_ftoa+0x314>)
1000238e:	9a0c      	ldr	r2, [sp, #48]	@ 0x30
10002390:	9420      	str	r4, [sp, #128]	@ 0x80
10002392:	b017      	add	sp, #92	@ 0x5c
10002394:	e8bd 4ff0 	ldmia.w	sp!, {r4, r5, r6, r7, r8, r9, sl, fp, lr}
10002398:	f7ff bd8c 	b.w	10001eb4 <_out_rev>
1000239c:	e9dd 2304 	ldrd	r2, r3, [sp, #16]
100023a0:	2000      	movs	r0, #0
100023a2:	2100      	movs	r1, #0
100023a4:	f7ff fc56 	bl	10001c54 <__wrap___aeabi_dsub>
100023a8:	2301      	movs	r3, #1
100023aa:	e9cd 0104 	strd	r0, r1, [sp, #16]
100023ae:	930d      	str	r3, [sp, #52]	@ 0x34
100023b0:	4623      	mov	r3, r4
100023b2:	e70d      	b.n	100021d0 <_ftoa+0x98>
100023b4:	4623      	mov	r3, r4
100023b6:	079c      	lsls	r4, r3, #30
100023b8:	f040 80aa 	bne.w	10002510 <_ftoa+0x3d8>
100023bc:	f1bb 0f04 	cmp.w	fp, #4
100023c0:	f240 80a6 	bls.w	10002510 <_ftoa+0x3d8>
100023c4:	9b0c      	ldr	r3, [sp, #48]	@ 0x30
100023c6:	461d      	mov	r5, r3
100023c8:	1f1c      	subs	r4, r3, #4
100023ca:	eb04 0a0b 	add.w	sl, r4, fp
100023ce:	462a      	mov	r2, r5
100023d0:	464b      	mov	r3, r9
100023d2:	4641      	mov	r1, r8
100023d4:	2020      	movs	r0, #32
100023d6:	3501      	adds	r5, #1
100023d8:	47b8      	blx	r7
100023da:	45aa      	cmp	sl, r5
100023dc:	d1f7      	bne.n	100023ce <_ftoa+0x296>
100023de:	4655      	mov	r5, sl
100023e0:	4c1b      	ldr	r4, [pc, #108]	@ (10002450 <_ftoa+0x318>)
100023e2:	1f26      	subs	r6, r4, #4
100023e4:	f814 0d01 	ldrb.w	r0, [r4, #-1]!
100023e8:	462a      	mov	r2, r5
100023ea:	464b      	mov	r3, r9
100023ec:	4641      	mov	r1, r8
100023ee:	47b8      	blx	r7
100023f0:	42b4      	cmp	r4, r6
100023f2:	f105 0501 	add.w	r5, r5, #1
100023f6:	d1f5      	bne.n	100023e4 <_ftoa+0x2ac>
100023f8:	9b07      	ldr	r3, [sp, #28]
100023fa:	f10a 0a04 	add.w	sl, sl, #4
100023fe:	0798      	lsls	r0, r3, #30
10002400:	d5a0      	bpl.n	10002344 <_ftoa+0x20c>
10002402:	9c0c      	ldr	r4, [sp, #48]	@ 0x30
10002404:	ebaa 0304 	sub.w	r3, sl, r4
10002408:	459b      	cmp	fp, r3
1000240a:	d99b      	bls.n	10002344 <_ftoa+0x20c>
1000240c:	4652      	mov	r2, sl
1000240e:	464b      	mov	r3, r9
10002410:	4641      	mov	r1, r8
10002412:	2020      	movs	r0, #32
10002414:	f10a 0a01 	add.w	sl, sl, #1
10002418:	47b8      	blx	r7
1000241a:	ebaa 0304 	sub.w	r3, sl, r4
1000241e:	455b      	cmp	r3, fp
10002420:	d3f4      	bcc.n	1000240c <_ftoa+0x2d4>
10002422:	e78f      	b.n	10002344 <_ftoa+0x20c>
10002424:	f3af 8000 	nop.w
10002428:	00000000 	.word	0x00000000
1000242c:	41cdcd65 	.word	0x41cdcd65
10002430:	00000000 	.word	0x00000000
10002434:	c1cdcd65 	.word	0xc1cdcd65
10002438:	7fefffff 	.word	0x7fefffff
1000243c:	100068d8 	.word	0x100068d8
10002440:	3fe00000 	.word	0x3fe00000
10002444:	66666667 	.word	0x66666667
10002448:	100067c0 	.word	0x100067c0
1000244c:	100067c8 	.word	0x100067c8
10002450:	100067d4 	.word	0x100067d4
10002454:	cccccccd 	.word	0xcccccccd
10002458:	2200      	movs	r2, #0
1000245a:	e9dd 010a 	ldrd	r0, r1, [sp, #40]	@ 0x28
1000245e:	4b63      	ldr	r3, [pc, #396]	@ (100025ec <_ftoa+0x4b4>)
10002460:	f7ff fcda 	bl	10001e18 <__wrap___aeabi_dcmplt>
10002464:	2800      	cmp	r0, #0
10002466:	f47f af08 	bne.w	1000227a <_ftoa+0x142>
1000246a:	f1ba 0f00 	cmp.w	sl, #0
1000246e:	d16a      	bne.n	10002546 <_ftoa+0x40e>
10002470:	f10a 0a01 	add.w	sl, sl, #1
10002474:	2e00      	cmp	r6, #0
10002476:	f47f af03 	bne.w	10002280 <_ftoa+0x148>
1000247a:	4620      	mov	r0, r4
1000247c:	f7ff fc72 	bl	10001d64 <__wrap___aeabi_i2d>
10002480:	4602      	mov	r2, r0
10002482:	460b      	mov	r3, r1
10002484:	e9dd 0104 	ldrd	r0, r1, [sp, #16]
10002488:	f7ff fbe4 	bl	10001c54 <__wrap___aeabi_dsub>
1000248c:	4602      	mov	r2, r0
1000248e:	460b      	mov	r3, r1
10002490:	e9cd 2304 	strd	r2, r3, [sp, #16]
10002494:	2200      	movs	r2, #0
10002496:	4b55      	ldr	r3, [pc, #340]	@ (100025ec <_ftoa+0x4b4>)
10002498:	f7ff fcbe 	bl	10001e18 <__wrap___aeabi_dcmplt>
1000249c:	2800      	cmp	r0, #0
1000249e:	f47f af0c 	bne.w	100022ba <_ftoa+0x182>
100024a2:	e9dd 0104 	ldrd	r0, r1, [sp, #16]
100024a6:	2200      	movs	r2, #0
100024a8:	4b50      	ldr	r3, [pc, #320]	@ (100025ec <_ftoa+0x4b4>)
100024aa:	f7ff fcf1 	bl	10001e90 <__wrap___aeabi_dcmpgt>
100024ae:	2800      	cmp	r0, #0
100024b0:	f47f af03 	bne.w	100022ba <_ftoa+0x182>
100024b4:	3401      	adds	r4, #1
100024b6:	f024 0401 	bic.w	r4, r4, #1
100024ba:	e6fe      	b.n	100022ba <_ftoa+0x182>
100024bc:	9b07      	ldr	r3, [sp, #28]
100024be:	f003 0303 	and.w	r3, r3, #3
100024c2:	2b01      	cmp	r3, #1
100024c4:	f000 8082 	beq.w	100025cc <_ftoa+0x494>
100024c8:	2d20      	cmp	r5, #32
100024ca:	f43f af2e 	beq.w	1000232a <_ftoa+0x1f2>
100024ce:	9b0d      	ldr	r3, [sp, #52]	@ 0x34
100024d0:	b37b      	cbz	r3, 10002532 <_ftoa+0x3fa>
100024d2:	222d      	movs	r2, #45	@ 0x2d
100024d4:	eb0d 0305 	add.w	r3, sp, r5
100024d8:	f883 2038 	strb.w	r2, [r3, #56]	@ 0x38
100024dc:	3501      	adds	r5, #1
100024de:	e724      	b.n	1000232a <_ftoa+0x1f2>
100024e0:	2b20      	cmp	r3, #32
100024e2:	f43f aee9 	beq.w	100022b8 <_ftoa+0x180>
100024e6:	aa0e      	add	r2, sp, #56	@ 0x38
100024e8:	4415      	add	r5, r2
100024ea:	441e      	add	r6, r3
100024ec:	2230      	movs	r2, #48	@ 0x30
100024ee:	e004      	b.n	100024fa <_ftoa+0x3c2>
100024f0:	2b20      	cmp	r3, #32
100024f2:	f805 2f01 	strb.w	r2, [r5, #1]!
100024f6:	f43f aedf 	beq.w	100022b8 <_ftoa+0x180>
100024fa:	429e      	cmp	r6, r3
100024fc:	f103 0301 	add.w	r3, r3, #1
10002500:	d1f6      	bne.n	100024f0 <_ftoa+0x3b8>
10002502:	222e      	movs	r2, #46	@ 0x2e
10002504:	eb0d 0306 	add.w	r3, sp, r6
10002508:	f883 2038 	strb.w	r2, [r3, #56]	@ 0x38
1000250c:	1c75      	adds	r5, r6, #1
1000250e:	e6d4      	b.n	100022ba <_ftoa+0x182>
10002510:	f8dd a030 	ldr.w	sl, [sp, #48]	@ 0x30
10002514:	e763      	b.n	100023de <_ftoa+0x2a6>
10002516:	2520      	movs	r5, #32
10002518:	e66e      	b.n	100021f8 <_ftoa+0xc0>
1000251a:	9b07      	ldr	r3, [sp, #28]
1000251c:	f013 0f0c 	tst.w	r3, #12
10002520:	d050      	beq.n	100025c4 <_ftoa+0x48c>
10002522:	f10b 3bff 	add.w	fp, fp, #4294967295	@ 0xffffffff
10002526:	45ab      	cmp	fp, r5
10002528:	f63f aef2 	bhi.w	10002310 <_ftoa+0x1d8>
1000252c:	2d20      	cmp	r5, #32
1000252e:	f43f aefc 	beq.w	1000232a <_ftoa+0x1f2>
10002532:	9b07      	ldr	r3, [sp, #28]
10002534:	075a      	lsls	r2, r3, #29
10002536:	d501      	bpl.n	1000253c <_ftoa+0x404>
10002538:	222b      	movs	r2, #43	@ 0x2b
1000253a:	e7cb      	b.n	100024d4 <_ftoa+0x39c>
1000253c:	071b      	lsls	r3, r3, #28
1000253e:	f57f aef4 	bpl.w	1000232a <_ftoa+0x1f2>
10002542:	2220      	movs	r2, #32
10002544:	e7c6      	b.n	100024d4 <_ftoa+0x39c>
10002546:	f01a 0f01 	tst.w	sl, #1
1000254a:	f43f ae96 	beq.w	1000227a <_ftoa+0x142>
1000254e:	e78f      	b.n	10002470 <_ftoa+0x338>
10002550:	07a6      	lsls	r6, r4, #30
10002552:	d134      	bne.n	100025be <_ftoa+0x486>
10002554:	f1bb 0f03 	cmp.w	fp, #3
10002558:	d931      	bls.n	100025be <_ftoa+0x486>
1000255a:	9b0c      	ldr	r3, [sp, #48]	@ 0x30
1000255c:	461d      	mov	r5, r3
1000255e:	1edc      	subs	r4, r3, #3
10002560:	eb04 0a0b 	add.w	sl, r4, fp
10002564:	462a      	mov	r2, r5
10002566:	464b      	mov	r3, r9
10002568:	4641      	mov	r1, r8
1000256a:	2020      	movs	r0, #32
1000256c:	3501      	adds	r5, #1
1000256e:	47b8      	blx	r7
10002570:	4555      	cmp	r5, sl
10002572:	d1f7      	bne.n	10002564 <_ftoa+0x42c>
10002574:	4655      	mov	r5, sl
10002576:	4c1e      	ldr	r4, [pc, #120]	@ (100025f0 <_ftoa+0x4b8>)
10002578:	1ee6      	subs	r6, r4, #3
1000257a:	f814 0d01 	ldrb.w	r0, [r4, #-1]!
1000257e:	462a      	mov	r2, r5
10002580:	464b      	mov	r3, r9
10002582:	4641      	mov	r1, r8
10002584:	47b8      	blx	r7
10002586:	42a6      	cmp	r6, r4
10002588:	f105 0501 	add.w	r5, r5, #1
1000258c:	d1f5      	bne.n	1000257a <_ftoa+0x442>
1000258e:	9b07      	ldr	r3, [sp, #28]
10002590:	f10a 0a03 	add.w	sl, sl, #3
10002594:	079d      	lsls	r5, r3, #30
10002596:	f57f aed5 	bpl.w	10002344 <_ftoa+0x20c>
1000259a:	9c0c      	ldr	r4, [sp, #48]	@ 0x30
1000259c:	ebaa 0304 	sub.w	r3, sl, r4
100025a0:	459b      	cmp	fp, r3
100025a2:	f67f aecf 	bls.w	10002344 <_ftoa+0x20c>
100025a6:	4652      	mov	r2, sl
100025a8:	464b      	mov	r3, r9
100025aa:	4641      	mov	r1, r8
100025ac:	2020      	movs	r0, #32
100025ae:	f10a 0a01 	add.w	sl, sl, #1
100025b2:	47b8      	blx	r7
100025b4:	ebaa 0304 	sub.w	r3, sl, r4
100025b8:	459b      	cmp	fp, r3
100025ba:	d8f4      	bhi.n	100025a6 <_ftoa+0x46e>
100025bc:	e6c2      	b.n	10002344 <_ftoa+0x20c>
100025be:	f8dd a030 	ldr.w	sl, [sp, #48]	@ 0x30
100025c2:	e7d7      	b.n	10002574 <_ftoa+0x43c>
100025c4:	45ab      	cmp	fp, r5
100025c6:	f63f aea3 	bhi.w	10002310 <_ftoa+0x1d8>
100025ca:	e6ae      	b.n	1000232a <_ftoa+0x1f2>
100025cc:	f1bb 0f00 	cmp.w	fp, #0
100025d0:	f43f af7a 	beq.w	100024c8 <_ftoa+0x390>
100025d4:	9b0d      	ldr	r3, [sp, #52]	@ 0x34
100025d6:	2b00      	cmp	r3, #0
100025d8:	d09f      	beq.n	1000251a <_ftoa+0x3e2>
100025da:	f10b 3bff 	add.w	fp, fp, #4294967295	@ 0xffffffff
100025de:	455d      	cmp	r5, fp
100025e0:	f4ff ae96 	bcc.w	10002310 <_ftoa+0x1d8>
100025e4:	2d20      	cmp	r5, #32
100025e6:	f47f af74 	bne.w	100024d2 <_ftoa+0x39a>
100025ea:	e69e      	b.n	1000232a <_ftoa+0x1f2>
100025ec:	3fe00000 	.word	0x3fe00000
100025f0:	100067cf 	.word	0x100067cf
100025f4:	00000000 	.word	0x00000000

100025f8 <_etoa>:
100025f8:	e92d 4ff0 	stmdb	sp!, {r4, r5, r6, r7, r8, r9, sl, fp, lr}
100025fc:	b09f      	sub	sp, #124	@ 0x7c
100025fe:	9e2a      	ldr	r6, [sp, #168]	@ 0xa8
10002600:	e9dd 4528 	ldrd	r4, r5, [sp, #160]	@ 0xa0
10002604:	4607      	mov	r7, r0
10002606:	4693      	mov	fp, r2
10002608:	9108      	str	r1, [sp, #32]
1000260a:	9309      	str	r3, [sp, #36]	@ 0x24
1000260c:	4622      	mov	r2, r4
1000260e:	462b      	mov	r3, r5
10002610:	4620      	mov	r0, r4
10002612:	4629      	mov	r1, r5
10002614:	960e      	str	r6, [sp, #56]	@ 0x38
10002616:	e9dd a62b 	ldrd	sl, r6, [sp, #172]	@ 0xac
1000261a:	f7ff fbeb 	bl	10001df4 <__wrap___aeabi_dcmpun>
1000261e:	2800      	cmp	r0, #0
10002620:	f040 80be 	bne.w	100027a0 <_etoa+0x1a8>
10002624:	4620      	mov	r0, r4
10002626:	4629      	mov	r1, r5
10002628:	f04f 32ff 	mov.w	r2, #4294967295	@ 0xffffffff
1000262c:	4b78      	ldr	r3, [pc, #480]	@ (10002810 <_etoa+0x218>)
1000262e:	f7ff fc2f 	bl	10001e90 <__wrap___aeabi_dcmpgt>
10002632:	2800      	cmp	r0, #0
10002634:	f040 80b4 	bne.w	100027a0 <_etoa+0x1a8>
10002638:	4620      	mov	r0, r4
1000263a:	4629      	mov	r1, r5
1000263c:	f04f 32ff 	mov.w	r2, #4294967295	@ 0xffffffff
10002640:	f46f 1380 	mvn.w	r3, #1048576	@ 0x100000
10002644:	f7ff fbe8 	bl	10001e18 <__wrap___aeabi_dcmplt>
10002648:	2800      	cmp	r0, #0
1000264a:	f040 80a9 	bne.w	100027a0 <_etoa+0x1a8>
1000264e:	4620      	mov	r0, r4
10002650:	4629      	mov	r1, r5
10002652:	2200      	movs	r2, #0
10002654:	2300      	movs	r3, #0
10002656:	f7ff fbdf 	bl	10001e18 <__wrap___aeabi_dcmplt>
1000265a:	2800      	cmp	r0, #0
1000265c:	f040 81d5 	bne.w	10002a0a <_etoa+0x412>
10002660:	e9cd 450a 	strd	r4, r5, [sp, #40]	@ 0x28
10002664:	e9dd 230a 	ldrd	r2, r3, [sp, #40]	@ 0x28
10002668:	4690      	mov	r8, r2
1000266a:	4699      	mov	r9, r3
1000266c:	f406 6200 	and.w	r2, r6, #2048	@ 0x800
10002670:	f416 6380 	ands.w	r3, r6, #1024	@ 0x400
10002674:	920f      	str	r2, [sp, #60]	@ 0x3c
10002676:	9313      	str	r3, [sp, #76]	@ 0x4c
10002678:	f040 80a1 	bne.w	100027be <_etoa+0x1c6>
1000267c:	ea58 0309 	orrs.w	r3, r8, r9
10002680:	f040 80ca 	bne.w	10002818 <_etoa+0x220>
10002684:	2a00      	cmp	r2, #0
10002686:	f040 81e3 	bne.w	10002a50 <_etoa+0x458>
1000268a:	2306      	movs	r3, #6
1000268c:	930e      	str	r3, [sp, #56]	@ 0x38
1000268e:	f016 0202 	ands.w	r2, r6, #2
10002692:	9210      	str	r2, [sp, #64]	@ 0x40
10002694:	f040 81d4 	bne.w	10002a40 <_etoa+0x448>
10002698:	4653      	mov	r3, sl
1000269a:	2b04      	cmp	r3, #4
1000269c:	bf38      	it	cc
1000269e:	2304      	movcc	r3, #4
100026a0:	920c      	str	r2, [sp, #48]	@ 0x30
100026a2:	2204      	movs	r2, #4
100026a4:	3b04      	subs	r3, #4
100026a6:	9212      	str	r2, [sp, #72]	@ 0x48
100026a8:	930f      	str	r3, [sp, #60]	@ 0x3c
100026aa:	4620      	mov	r0, r4
100026ac:	4629      	mov	r1, r5
100026ae:	2200      	movs	r2, #0
100026b0:	2300      	movs	r3, #0
100026b2:	f7ff fbb1 	bl	10001e18 <__wrap___aeabi_dcmplt>
100026b6:	2800      	cmp	r0, #0
100026b8:	f040 81f3 	bne.w	10002aa2 <_etoa+0x4aa>
100026bc:	ed9d 7b0a 	vldr	d7, [sp, #40]	@ 0x28
100026c0:	9b0f      	ldr	r3, [sp, #60]	@ 0x3c
100026c2:	465a      	mov	r2, fp
100026c4:	9303      	str	r3, [sp, #12]
100026c6:	9b0e      	ldr	r3, [sp, #56]	@ 0x38
100026c8:	ed8d 7b00 	vstr	d7, [sp]
100026cc:	9302      	str	r3, [sp, #8]
100026ce:	f426 6300 	bic.w	r3, r6, #2048	@ 0x800
100026d2:	9304      	str	r3, [sp, #16]
100026d4:	4638      	mov	r0, r7
100026d6:	9b09      	ldr	r3, [sp, #36]	@ 0x24
100026d8:	9908      	ldr	r1, [sp, #32]
100026da:	f7ff fd2d 	bl	10002138 <_ftoa>
100026de:	4602      	mov	r2, r0
100026e0:	f016 0f20 	tst.w	r6, #32
100026e4:	9b09      	ldr	r3, [sp, #36]	@ 0x24
100026e6:	9908      	ldr	r1, [sp, #32]
100026e8:	bf0c      	ite	eq
100026ea:	2065      	moveq	r0, #101	@ 0x65
100026ec:	2045      	movne	r0, #69	@ 0x45
100026ee:	f102 0801 	add.w	r8, r2, #1
100026f2:	47b8      	blx	r7
100026f4:	9a0c      	ldr	r2, [sp, #48]	@ 0x30
100026f6:	9b12      	ldr	r3, [sp, #72]	@ 0x48
100026f8:	ac16      	add	r4, sp, #88	@ 0x58
100026fa:	1e5d      	subs	r5, r3, #1
100026fc:	ea82 73e2 	eor.w	r3, r2, r2, asr #31
10002700:	eba3 73e2 	sub.w	r3, r3, r2, asr #31
10002704:	0fd1      	lsrs	r1, r2, #31
10002706:	2600      	movs	r6, #0
10002708:	4622      	mov	r2, r4
1000270a:	4699      	mov	r9, r3
1000270c:	f8df c104 	ldr.w	ip, [pc, #260]	@ 10002814 <_etoa+0x21c>
10002710:	e001      	b.n	10002716 <_etoa+0x11e>
10002712:	2e20      	cmp	r6, #32
10002714:	d010      	beq.n	10002738 <_etoa+0x140>
10002716:	46ce      	mov	lr, r9
10002718:	fbac 3009 	umull	r3, r0, ip, r9
1000271c:	08c0      	lsrs	r0, r0, #3
1000271e:	eb00 0380 	add.w	r3, r0, r0, lsl #2
10002722:	eba9 0343 	sub.w	r3, r9, r3, lsl #1
10002726:	3330      	adds	r3, #48	@ 0x30
10002728:	f1be 0f09 	cmp.w	lr, #9
1000272c:	4681      	mov	r9, r0
1000272e:	f106 0601 	add.w	r6, r6, #1
10002732:	f802 3b01 	strb.w	r3, [r2], #1
10002736:	d8ec      	bhi.n	10002712 <_etoa+0x11a>
10002738:	2305      	movs	r3, #5
1000273a:	2000      	movs	r0, #0
1000273c:	9306      	str	r3, [sp, #24]
1000273e:	230a      	movs	r3, #10
10002740:	9505      	str	r5, [sp, #20]
10002742:	9400      	str	r4, [sp, #0]
10002744:	9d09      	ldr	r5, [sp, #36]	@ 0x24
10002746:	9c08      	ldr	r4, [sp, #32]
10002748:	4642      	mov	r2, r8
1000274a:	e9cd 3003 	strd	r3, r0, [sp, #12]
1000274e:	e9cd 6101 	strd	r6, r1, [sp, #4]
10002752:	462b      	mov	r3, r5
10002754:	4621      	mov	r1, r4
10002756:	4638      	mov	r0, r7
10002758:	f7ff fbfa 	bl	10001f50 <_ntoa_format>
1000275c:	9a10      	ldr	r2, [sp, #64]	@ 0x40
1000275e:	4680      	mov	r8, r0
10002760:	b1d2      	cbz	r2, 10002798 <_etoa+0x1a0>
10002762:	eba0 060b 	sub.w	r6, r0, fp
10002766:	45b2      	cmp	sl, r6
10002768:	d916      	bls.n	10002798 <_etoa+0x1a0>
1000276a:	eb0b 0206 	add.w	r2, fp, r6
1000276e:	462b      	mov	r3, r5
10002770:	4621      	mov	r1, r4
10002772:	2020      	movs	r0, #32
10002774:	3601      	adds	r6, #1
10002776:	47b8      	blx	r7
10002778:	45b2      	cmp	sl, r6
1000277a:	d8f6      	bhi.n	1000276a <_etoa+0x172>
1000277c:	f10b 33ff 	add.w	r3, fp, #4294967295	@ 0xffffffff
10002780:	4453      	add	r3, sl
10002782:	f1cb 0201 	rsb	r2, fp, #1
10002786:	eba3 0308 	sub.w	r3, r3, r8
1000278a:	4442      	add	r2, r8
1000278c:	4592      	cmp	sl, r2
1000278e:	bf38      	it	cc
10002790:	2300      	movcc	r3, #0
10002792:	f108 0801 	add.w	r8, r8, #1
10002796:	4498      	add	r8, r3
10002798:	4640      	mov	r0, r8
1000279a:	b01f      	add	sp, #124	@ 0x7c
1000279c:	e8bd 8ff0 	ldmia.w	sp!, {r4, r5, r6, r7, r8, r9, sl, fp, pc}
100027a0:	465a      	mov	r2, fp
100027a2:	4638      	mov	r0, r7
100027a4:	e9cd 4528 	strd	r4, r5, [sp, #160]	@ 0xa0
100027a8:	e9cd a62b 	strd	sl, r6, [sp, #172]	@ 0xac
100027ac:	9c0e      	ldr	r4, [sp, #56]	@ 0x38
100027ae:	9b09      	ldr	r3, [sp, #36]	@ 0x24
100027b0:	9908      	ldr	r1, [sp, #32]
100027b2:	942a      	str	r4, [sp, #168]	@ 0xa8
100027b4:	b01f      	add	sp, #124	@ 0x7c
100027b6:	e8bd 4ff0 	ldmia.w	sp!, {r4, r5, r6, r7, r8, r9, sl, fp, lr}
100027ba:	f7ff bcbd 	b.w	10002138 <_ftoa>
100027be:	ea58 0309 	orrs.w	r3, r8, r9
100027c2:	d12b      	bne.n	1000281c <_etoa+0x224>
100027c4:	2a00      	cmp	r2, #0
100027c6:	f43f af62 	beq.w	1000268e <_etoa+0x96>
100027ca:	2300      	movs	r3, #0
100027cc:	930c      	str	r3, [sp, #48]	@ 0x30
100027ce:	9b0e      	ldr	r3, [sp, #56]	@ 0x38
100027d0:	9a0c      	ldr	r2, [sp, #48]	@ 0x30
100027d2:	4293      	cmp	r3, r2
100027d4:	f300 81b9 	bgt.w	10002b4a <_etoa+0x552>
100027d8:	f04f 0800 	mov.w	r8, #0
100027dc:	4620      	mov	r0, r4
100027de:	4629      	mov	r1, r5
100027e0:	2200      	movs	r2, #0
100027e2:	2300      	movs	r3, #0
100027e4:	f7ff fb18 	bl	10001e18 <__wrap___aeabi_dcmplt>
100027e8:	2800      	cmp	r0, #0
100027ea:	f040 8113 	bne.w	10002a14 <_etoa+0x41c>
100027ee:	ed9d 7b0a 	vldr	d7, [sp, #40]	@ 0x28
100027f2:	f426 6600 	bic.w	r6, r6, #2048	@ 0x800
100027f6:	f446 6680 	orr.w	r6, r6, #1024	@ 0x400
100027fa:	ed8d 7b28 	vstr	d7, [sp, #160]	@ 0xa0
100027fe:	465a      	mov	r2, fp
10002800:	4638      	mov	r0, r7
10002802:	e9cd 8a2a 	strd	r8, sl, [sp, #168]	@ 0xa8
10002806:	9b09      	ldr	r3, [sp, #36]	@ 0x24
10002808:	9908      	ldr	r1, [sp, #32]
1000280a:	962c      	str	r6, [sp, #176]	@ 0xb0
1000280c:	e7d2      	b.n	100027b4 <_etoa+0x1bc>
1000280e:	bf00      	nop
10002810:	7fefffff 	.word	0x7fefffff
10002814:	cccccccd 	.word	0xcccccccd
10002818:	2306      	movs	r3, #6
1000281a:	930e      	str	r3, [sp, #56]	@ 0x38
1000281c:	f3c9 500a 	ubfx	r0, r9, #20, #11
10002820:	f2a0 30ff 	subw	r0, r0, #1023	@ 0x3ff
10002824:	f7ff fa9e 	bl	10001d64 <__wrap___aeabi_i2d>
10002828:	a3c1      	add	r3, pc, #772	@ (adr r3, 10002b30 <_etoa+0x538>)
1000282a:	e9d3 2300 	ldrd	r2, r3, [r3]
1000282e:	f7ff fa25 	bl	10001c7c <__wrap___aeabi_dmul>
10002832:	a3c1      	add	r3, pc, #772	@ (adr r3, 10002b38 <_etoa+0x540>)
10002834:	e9d3 2300 	ldrd	r2, r3, [r3]
10002838:	f7ff f9f8 	bl	10001c2c <__wrap___aeabi_dadd>
1000283c:	f3c9 0913 	ubfx	r9, r9, #0, #20
10002840:	e9cd 010c 	strd	r0, r1, [sp, #48]	@ 0x30
10002844:	f049 517f 	orr.w	r1, r9, #1069547520	@ 0x3fc00000
10002848:	4640      	mov	r0, r8
1000284a:	2200      	movs	r2, #0
1000284c:	4bb2      	ldr	r3, [pc, #712]	@ (10002b18 <_etoa+0x520>)
1000284e:	f441 1140 	orr.w	r1, r1, #3145728	@ 0x300000
10002852:	f7ff f9ff 	bl	10001c54 <__wrap___aeabi_dsub>
10002856:	a3a4      	add	r3, pc, #656	@ (adr r3, 10002ae8 <_etoa+0x4f0>)
10002858:	e9d3 2300 	ldrd	r2, r3, [r3]
1000285c:	f7ff fa0e 	bl	10001c7c <__wrap___aeabi_dmul>
10002860:	4602      	mov	r2, r0
10002862:	460b      	mov	r3, r1
10002864:	e9dd 010c 	ldrd	r0, r1, [sp, #48]	@ 0x30
10002868:	f7ff f9e0 	bl	10001c2c <__wrap___aeabi_dadd>
1000286c:	f7ff fa9e 	bl	10001dac <__wrap___aeabi_d2iz>
10002870:	900c      	str	r0, [sp, #48]	@ 0x30
10002872:	f7ff fa77 	bl	10001d64 <__wrap___aeabi_i2d>
10002876:	a39e      	add	r3, pc, #632	@ (adr r3, 10002af0 <_etoa+0x4f8>)
10002878:	e9d3 2300 	ldrd	r2, r3, [r3]
1000287c:	4680      	mov	r8, r0
1000287e:	4689      	mov	r9, r1
10002880:	f7ff f9fc 	bl	10001c7c <__wrap___aeabi_dmul>
10002884:	2200      	movs	r2, #0
10002886:	4ba5      	ldr	r3, [pc, #660]	@ (10002b1c <_etoa+0x524>)
10002888:	f7ff f9d0 	bl	10001c2c <__wrap___aeabi_dadd>
1000288c:	f7ff fa8e 	bl	10001dac <__wrap___aeabi_d2iz>
10002890:	4603      	mov	r3, r0
10002892:	4649      	mov	r1, r9
10002894:	4640      	mov	r0, r8
10002896:	9312      	str	r3, [sp, #72]	@ 0x48
10002898:	a397      	add	r3, pc, #604	@ (adr r3, 10002af8 <_etoa+0x500>)
1000289a:	e9d3 2300 	ldrd	r2, r3, [r3]
1000289e:	f7ff f9ed 	bl	10001c7c <__wrap___aeabi_dmul>
100028a2:	4680      	mov	r8, r0
100028a4:	9812      	ldr	r0, [sp, #72]	@ 0x48
100028a6:	4689      	mov	r9, r1
100028a8:	f7ff fa5c 	bl	10001d64 <__wrap___aeabi_i2d>
100028ac:	a394      	add	r3, pc, #592	@ (adr r3, 10002b00 <_etoa+0x508>)
100028ae:	e9d3 2300 	ldrd	r2, r3, [r3]
100028b2:	f7ff f9e3 	bl	10001c7c <__wrap___aeabi_dmul>
100028b6:	4602      	mov	r2, r0
100028b8:	460b      	mov	r3, r1
100028ba:	4640      	mov	r0, r8
100028bc:	4649      	mov	r1, r9
100028be:	f7ff f9c9 	bl	10001c54 <__wrap___aeabi_dsub>
100028c2:	4602      	mov	r2, r0
100028c4:	460b      	mov	r3, r1
100028c6:	4680      	mov	r8, r0
100028c8:	4689      	mov	r9, r1
100028ca:	f7ff f9d7 	bl	10001c7c <__wrap___aeabi_dmul>
100028ce:	4642      	mov	r2, r8
100028d0:	464b      	mov	r3, r9
100028d2:	e9cd 0110 	strd	r0, r1, [sp, #64]	@ 0x40
100028d6:	4640      	mov	r0, r8
100028d8:	4649      	mov	r1, r9
100028da:	f7ff f9a7 	bl	10001c2c <__wrap___aeabi_dadd>
100028de:	2200      	movs	r2, #0
100028e0:	e9cd 0114 	strd	r0, r1, [sp, #80]	@ 0x50
100028e4:	e9dd 0110 	ldrd	r0, r1, [sp, #64]	@ 0x40
100028e8:	4b8d      	ldr	r3, [pc, #564]	@ (10002b20 <_etoa+0x528>)
100028ea:	f7ff f9ed 	bl	10001cc8 <__wrap___aeabi_ddiv>
100028ee:	2200      	movs	r2, #0
100028f0:	4b8c      	ldr	r3, [pc, #560]	@ (10002b24 <_etoa+0x52c>)
100028f2:	f7ff f99b 	bl	10001c2c <__wrap___aeabi_dadd>
100028f6:	4602      	mov	r2, r0
100028f8:	460b      	mov	r3, r1
100028fa:	e9dd 0110 	ldrd	r0, r1, [sp, #64]	@ 0x40
100028fe:	f7ff f9e3 	bl	10001cc8 <__wrap___aeabi_ddiv>
10002902:	2200      	movs	r2, #0
10002904:	4b88      	ldr	r3, [pc, #544]	@ (10002b28 <_etoa+0x530>)
10002906:	f7ff f991 	bl	10001c2c <__wrap___aeabi_dadd>
1000290a:	4602      	mov	r2, r0
1000290c:	460b      	mov	r3, r1
1000290e:	e9dd 0110 	ldrd	r0, r1, [sp, #64]	@ 0x40
10002912:	f7ff f9d9 	bl	10001cc8 <__wrap___aeabi_ddiv>
10002916:	4642      	mov	r2, r8
10002918:	464b      	mov	r3, r9
1000291a:	4680      	mov	r8, r0
1000291c:	4689      	mov	r9, r1
1000291e:	2000      	movs	r0, #0
10002920:	f04f 4180 	mov.w	r1, #1073741824	@ 0x40000000
10002924:	f7ff f996 	bl	10001c54 <__wrap___aeabi_dsub>
10002928:	4602      	mov	r2, r0
1000292a:	460b      	mov	r3, r1
1000292c:	4640      	mov	r0, r8
1000292e:	4649      	mov	r1, r9
10002930:	f7ff f97c 	bl	10001c2c <__wrap___aeabi_dadd>
10002934:	4602      	mov	r2, r0
10002936:	460b      	mov	r3, r1
10002938:	e9dd 0114 	ldrd	r0, r1, [sp, #80]	@ 0x50
1000293c:	f7ff f9c4 	bl	10001cc8 <__wrap___aeabi_ddiv>
10002940:	2200      	movs	r2, #0
10002942:	4b7a      	ldr	r3, [pc, #488]	@ (10002b2c <_etoa+0x534>)
10002944:	f7ff f972 	bl	10001c2c <__wrap___aeabi_dadd>
10002948:	9b12      	ldr	r3, [sp, #72]	@ 0x48
1000294a:	2200      	movs	r2, #0
1000294c:	f203 3cff 	addw	ip, r3, #1023	@ 0x3ff
10002950:	ea4f 530c 	mov.w	r3, ip, lsl #20
10002954:	f7ff f992 	bl	10001c7c <__wrap___aeabi_dmul>
10002958:	4680      	mov	r8, r0
1000295a:	4689      	mov	r9, r1
1000295c:	e9dd 010a 	ldrd	r0, r1, [sp, #40]	@ 0x28
10002960:	4642      	mov	r2, r8
10002962:	464b      	mov	r3, r9
10002964:	f7ff fa58 	bl	10001e18 <__wrap___aeabi_dcmplt>
10002968:	b150      	cbz	r0, 10002980 <_etoa+0x388>
1000296a:	9b0c      	ldr	r3, [sp, #48]	@ 0x30
1000296c:	4640      	mov	r0, r8
1000296e:	3b01      	subs	r3, #1
10002970:	4649      	mov	r1, r9
10002972:	930c      	str	r3, [sp, #48]	@ 0x30
10002974:	2200      	movs	r2, #0
10002976:	4b6b      	ldr	r3, [pc, #428]	@ (10002b24 <_etoa+0x52c>)
10002978:	f7ff f9a6 	bl	10001cc8 <__wrap___aeabi_ddiv>
1000297c:	4680      	mov	r8, r0
1000297e:	4689      	mov	r9, r1
10002980:	9a0c      	ldr	r2, [sp, #48]	@ 0x30
10002982:	4643      	mov	r3, r8
10002984:	3263      	adds	r2, #99	@ 0x63
10002986:	2ac6      	cmp	r2, #198	@ 0xc6
10002988:	f006 0202 	and.w	r2, r6, #2
1000298c:	9210      	str	r2, [sp, #64]	@ 0x40
1000298e:	4649      	mov	r1, r9
10002990:	9a0f      	ldr	r2, [sp, #60]	@ 0x3c
10002992:	d82c      	bhi.n	100029ee <_etoa+0x3f6>
10002994:	2a00      	cmp	r2, #0
10002996:	d05e      	beq.n	10002a56 <_etoa+0x45e>
10002998:	2204      	movs	r2, #4
1000299a:	9212      	str	r2, [sp, #72]	@ 0x48
1000299c:	430b      	orrs	r3, r1
1000299e:	f43f af16 	beq.w	100027ce <_etoa+0x1d6>
100029a2:	e9dd 010a 	ldrd	r0, r1, [sp, #40]	@ 0x28
100029a6:	a358      	add	r3, pc, #352	@ (adr r3, 10002b08 <_etoa+0x510>)
100029a8:	e9d3 2300 	ldrd	r2, r3, [r3]
100029ac:	f7ff fa5c 	bl	10001e68 <__wrap___aeabi_dcmpge>
100029b0:	b148      	cbz	r0, 100029c6 <_etoa+0x3ce>
100029b2:	e9dd 010a 	ldrd	r0, r1, [sp, #40]	@ 0x28
100029b6:	a356      	add	r3, pc, #344	@ (adr r3, 10002b10 <_etoa+0x518>)
100029b8:	e9d3 2300 	ldrd	r2, r3, [r3]
100029bc:	f7ff fa2c 	bl	10001e18 <__wrap___aeabi_dcmplt>
100029c0:	2800      	cmp	r0, #0
100029c2:	f47f af04 	bne.w	100027ce <_etoa+0x1d6>
100029c6:	9b0e      	ldr	r3, [sp, #56]	@ 0x38
100029c8:	2b00      	cmp	r3, #0
100029ca:	d050      	beq.n	10002a6e <_etoa+0x476>
100029cc:	9a13      	ldr	r2, [sp, #76]	@ 0x4c
100029ce:	2a00      	cmp	r2, #0
100029d0:	d07d      	beq.n	10002ace <_etoa+0x4d6>
100029d2:	3b01      	subs	r3, #1
100029d4:	930e      	str	r3, [sp, #56]	@ 0x38
100029d6:	9b12      	ldr	r3, [sp, #72]	@ 0x48
100029d8:	459a      	cmp	sl, r3
100029da:	d905      	bls.n	100029e8 <_etoa+0x3f0>
100029dc:	9b10      	ldr	r3, [sp, #64]	@ 0x40
100029de:	2b00      	cmp	r3, #0
100029e0:	f000 80ae 	beq.w	10002b40 <_etoa+0x548>
100029e4:	2302      	movs	r3, #2
100029e6:	9310      	str	r3, [sp, #64]	@ 0x40
100029e8:	2300      	movs	r3, #0
100029ea:	930f      	str	r3, [sp, #60]	@ 0x3c
100029ec:	e044      	b.n	10002a78 <_etoa+0x480>
100029ee:	bb22      	cbnz	r2, 10002a3a <_etoa+0x442>
100029f0:	f1ba 0f05 	cmp.w	sl, #5
100029f4:	d94f      	bls.n	10002a96 <_etoa+0x49e>
100029f6:	f006 0302 	and.w	r3, r6, #2
100029fa:	2b00      	cmp	r3, #0
100029fc:	d149      	bne.n	10002a92 <_etoa+0x49a>
100029fe:	2305      	movs	r3, #5
10002a00:	9312      	str	r3, [sp, #72]	@ 0x48
10002a02:	f1aa 0305 	sub.w	r3, sl, #5
10002a06:	930f      	str	r3, [sp, #60]	@ 0x3c
10002a08:	e03a      	b.n	10002a80 <_etoa+0x488>
10002a0a:	f105 4300 	add.w	r3, r5, #2147483648	@ 0x80000000
10002a0e:	940a      	str	r4, [sp, #40]	@ 0x28
10002a10:	930b      	str	r3, [sp, #44]	@ 0x2c
10002a12:	e627      	b.n	10002664 <_etoa+0x6c>
10002a14:	f426 6600 	bic.w	r6, r6, #2048	@ 0x800
10002a18:	f446 6680 	orr.w	r6, r6, #1024	@ 0x400
10002a1c:	4638      	mov	r0, r7
10002a1e:	962c      	str	r6, [sp, #176]	@ 0xb0
10002a20:	e9dd 670a 	ldrd	r6, r7, [sp, #40]	@ 0x28
10002a24:	4634      	mov	r4, r6
10002a26:	f107 4500 	add.w	r5, r7, #2147483648	@ 0x80000000
10002a2a:	465a      	mov	r2, fp
10002a2c:	e9cd 8a2a 	strd	r8, sl, [sp, #168]	@ 0xa8
10002a30:	e9cd 4528 	strd	r4, r5, [sp, #160]	@ 0xa0
10002a34:	9b09      	ldr	r3, [sp, #36]	@ 0x24
10002a36:	9908      	ldr	r1, [sp, #32]
10002a38:	e6bc      	b.n	100027b4 <_etoa+0x1bc>
10002a3a:	2205      	movs	r2, #5
10002a3c:	9212      	str	r2, [sp, #72]	@ 0x48
10002a3e:	e7ad      	b.n	1000299c <_etoa+0x3a4>
10002a40:	2300      	movs	r3, #0
10002a42:	2202      	movs	r2, #2
10002a44:	e9cd 320f 	strd	r3, r2, [sp, #60]	@ 0x3c
10002a48:	2204      	movs	r2, #4
10002a4a:	930c      	str	r3, [sp, #48]	@ 0x30
10002a4c:	9212      	str	r2, [sp, #72]	@ 0x48
10002a4e:	e62c      	b.n	100026aa <_etoa+0xb2>
10002a50:	f04f 0805 	mov.w	r8, #5
10002a54:	e6c2      	b.n	100027dc <_etoa+0x1e4>
10002a56:	f1ba 0f04 	cmp.w	sl, #4
10002a5a:	d91f      	bls.n	10002a9c <_etoa+0x4a4>
10002a5c:	9b10      	ldr	r3, [sp, #64]	@ 0x40
10002a5e:	2b00      	cmp	r3, #0
10002a60:	d178      	bne.n	10002b54 <_etoa+0x55c>
10002a62:	2304      	movs	r3, #4
10002a64:	9312      	str	r3, [sp, #72]	@ 0x48
10002a66:	f1aa 0304 	sub.w	r3, sl, #4
10002a6a:	930f      	str	r3, [sp, #60]	@ 0x3c
10002a6c:	e004      	b.n	10002a78 <_etoa+0x480>
10002a6e:	9b12      	ldr	r3, [sp, #72]	@ 0x48
10002a70:	459a      	cmp	sl, r3
10002a72:	d831      	bhi.n	10002ad8 <_etoa+0x4e0>
10002a74:	9b0e      	ldr	r3, [sp, #56]	@ 0x38
10002a76:	930f      	str	r3, [sp, #60]	@ 0x3c
10002a78:	9b0c      	ldr	r3, [sp, #48]	@ 0x30
10002a7a:	2b00      	cmp	r3, #0
10002a7c:	f43f ae15 	beq.w	100026aa <_etoa+0xb2>
10002a80:	e9dd 010a 	ldrd	r0, r1, [sp, #40]	@ 0x28
10002a84:	4642      	mov	r2, r8
10002a86:	464b      	mov	r3, r9
10002a88:	f7ff f91e 	bl	10001cc8 <__wrap___aeabi_ddiv>
10002a8c:	e9cd 010a 	strd	r0, r1, [sp, #40]	@ 0x28
10002a90:	e60b      	b.n	100026aa <_etoa+0xb2>
10002a92:	2302      	movs	r3, #2
10002a94:	9310      	str	r3, [sp, #64]	@ 0x40
10002a96:	2305      	movs	r3, #5
10002a98:	9312      	str	r3, [sp, #72]	@ 0x48
10002a9a:	e7f1      	b.n	10002a80 <_etoa+0x488>
10002a9c:	2304      	movs	r3, #4
10002a9e:	9312      	str	r3, [sp, #72]	@ 0x48
10002aa0:	e7ea      	b.n	10002a78 <_etoa+0x480>
10002aa2:	e9dd 450a 	ldrd	r4, r5, [sp, #40]	@ 0x28
10002aa6:	46a0      	mov	r8, r4
10002aa8:	9b0f      	ldr	r3, [sp, #60]	@ 0x3c
10002aaa:	f105 4900 	add.w	r9, r5, #2147483648	@ 0x80000000
10002aae:	9303      	str	r3, [sp, #12]
10002ab0:	9b0e      	ldr	r3, [sp, #56]	@ 0x38
10002ab2:	465a      	mov	r2, fp
10002ab4:	9302      	str	r3, [sp, #8]
10002ab6:	f426 6300 	bic.w	r3, r6, #2048	@ 0x800
10002aba:	9304      	str	r3, [sp, #16]
10002abc:	4638      	mov	r0, r7
10002abe:	e9cd 8900 	strd	r8, r9, [sp]
10002ac2:	9b09      	ldr	r3, [sp, #36]	@ 0x24
10002ac4:	9908      	ldr	r1, [sp, #32]
10002ac6:	f7ff fb37 	bl	10002138 <_ftoa>
10002aca:	4602      	mov	r2, r0
10002acc:	e608      	b.n	100026e0 <_etoa+0xe8>
10002ace:	9b12      	ldr	r3, [sp, #72]	@ 0x48
10002ad0:	459a      	cmp	sl, r3
10002ad2:	d844      	bhi.n	10002b5e <_etoa+0x566>
10002ad4:	920f      	str	r2, [sp, #60]	@ 0x3c
10002ad6:	e7cf      	b.n	10002a78 <_etoa+0x480>
10002ad8:	9b10      	ldr	r3, [sp, #64]	@ 0x40
10002ada:	b38b      	cbz	r3, 10002b40 <_etoa+0x548>
10002adc:	9b0e      	ldr	r3, [sp, #56]	@ 0x38
10002ade:	930f      	str	r3, [sp, #60]	@ 0x3c
10002ae0:	2302      	movs	r3, #2
10002ae2:	9310      	str	r3, [sp, #64]	@ 0x40
10002ae4:	e7c8      	b.n	10002a78 <_etoa+0x480>
10002ae6:	bf00      	nop
10002ae8:	636f4361 	.word	0x636f4361
10002aec:	3fd287a7 	.word	0x3fd287a7
10002af0:	0979a371 	.word	0x0979a371
10002af4:	400a934f 	.word	0x400a934f
10002af8:	bbb55516 	.word	0xbbb55516
10002afc:	40026bb1 	.word	0x40026bb1
10002b00:	fefa39ef 	.word	0xfefa39ef
10002b04:	3fe62e42 	.word	0x3fe62e42
10002b08:	eb1c432d 	.word	0xeb1c432d
10002b0c:	3f1a36e2 	.word	0x3f1a36e2
10002b10:	00000000 	.word	0x00000000
10002b14:	412e8480 	.word	0x412e8480
10002b18:	3ff80000 	.word	0x3ff80000
10002b1c:	3fe00000 	.word	0x3fe00000
10002b20:	402c0000 	.word	0x402c0000
10002b24:	40240000 	.word	0x40240000
10002b28:	40180000 	.word	0x40180000
10002b2c:	3ff00000 	.word	0x3ff00000
10002b30:	509f79fb 	.word	0x509f79fb
10002b34:	3fd34413 	.word	0x3fd34413
10002b38:	8b60c8b3 	.word	0x8b60c8b3
10002b3c:	3fc68a28 	.word	0x3fc68a28
10002b40:	9b12      	ldr	r3, [sp, #72]	@ 0x48
10002b42:	ebaa 0303 	sub.w	r3, sl, r3
10002b46:	930f      	str	r3, [sp, #60]	@ 0x3c
10002b48:	e796      	b.n	10002a78 <_etoa+0x480>
10002b4a:	eba3 0802 	sub.w	r8, r3, r2
10002b4e:	f108 38ff 	add.w	r8, r8, #4294967295	@ 0xffffffff
10002b52:	e643      	b.n	100027dc <_etoa+0x1e4>
10002b54:	2304      	movs	r3, #4
10002b56:	9312      	str	r3, [sp, #72]	@ 0x48
10002b58:	2302      	movs	r3, #2
10002b5a:	9310      	str	r3, [sp, #64]	@ 0x40
10002b5c:	e78c      	b.n	10002a78 <_etoa+0x480>
10002b5e:	9b10      	ldr	r3, [sp, #64]	@ 0x40
10002b60:	2b00      	cmp	r3, #0
10002b62:	d0ed      	beq.n	10002b40 <_etoa+0x548>
10002b64:	2302      	movs	r3, #2
10002b66:	920f      	str	r2, [sp, #60]	@ 0x3c
10002b68:	9310      	str	r3, [sp, #64]	@ 0x40
10002b6a:	e785      	b.n	10002a78 <_etoa+0x480>

10002b6c <_vsnprintf>:
10002b6c:	e92d 4ff0 	stmdb	sp!, {r4, r5, r6, r7, r8, r9, sl, fp, lr}
10002b70:	b09b      	sub	sp, #108	@ 0x6c
10002b72:	9c24      	ldr	r4, [sp, #144]	@ 0x90
10002b74:	4d95      	ldr	r5, [pc, #596]	@ (10002dcc <_vsnprintf+0x260>)
10002b76:	940a      	str	r4, [sp, #40]	@ 0x28
10002b78:	4c95      	ldr	r4, [pc, #596]	@ (10002dd0 <_vsnprintf+0x264>)
10002b7a:	f1b1 0a00 	subs.w	sl, r1, #0
10002b7e:	bf18      	it	ne
10002b80:	4683      	movne	fp, r0
10002b82:	6025      	str	r5, [r4, #0]
10002b84:	7818      	ldrb	r0, [r3, #0]
10002b86:	4c93      	ldr	r4, [pc, #588]	@ (10002dd4 <_vsnprintf+0x268>)
10002b88:	4691      	mov	r9, r2
10002b8a:	bf08      	it	eq
10002b8c:	46a3      	moveq	fp, r4
10002b8e:	9309      	str	r3, [sp, #36]	@ 0x24
10002b90:	2800      	cmp	r0, #0
10002b92:	f000 8293 	beq.w	100030bc <_vsnprintf+0x550>
10002b96:	f04f 0800 	mov.w	r8, #0
10002b9a:	e00a      	b.n	10002bb2 <_vsnprintf+0x46>
10002b9c:	4642      	mov	r2, r8
10002b9e:	464b      	mov	r3, r9
10002ba0:	4651      	mov	r1, sl
10002ba2:	f108 0801 	add.w	r8, r8, #1
10002ba6:	47d8      	blx	fp
10002ba8:	9b09      	ldr	r3, [sp, #36]	@ 0x24
10002baa:	7818      	ldrb	r0, [r3, #0]
10002bac:	2800      	cmp	r0, #0
10002bae:	f000 80ce 	beq.w	10002d4e <_vsnprintf+0x1e2>
10002bb2:	9b09      	ldr	r3, [sp, #36]	@ 0x24
10002bb4:	2825      	cmp	r0, #37	@ 0x25
10002bb6:	f103 0301 	add.w	r3, r3, #1
10002bba:	9309      	str	r3, [sp, #36]	@ 0x24
10002bbc:	d1ee      	bne.n	10002b9c <_vsnprintf+0x30>
10002bbe:	461c      	mov	r4, r3
10002bc0:	2300      	movs	r3, #0
10002bc2:	4622      	mov	r2, r4
10002bc4:	f812 0b01 	ldrb.w	r0, [r2], #1
10002bc8:	f1a0 0120 	sub.w	r1, r0, #32
10002bcc:	2910      	cmp	r1, #16
10002bce:	d80a      	bhi.n	10002be6 <_vsnprintf+0x7a>
10002bd0:	e8df f001 	tbb	[pc, r1]
10002bd4:	3c090940 	.word	0x3c090940
10002bd8:	09090909 	.word	0x09090909
10002bdc:	38090909 	.word	0x38090909
10002be0:	09093409 	.word	0x09093409
10002be4:	30          	.byte	0x30
10002be5:	00          	.byte	0x00
10002be6:	f1a0 0130 	sub.w	r1, r0, #48	@ 0x30
10002bea:	2909      	cmp	r1, #9
10002bec:	9409      	str	r4, [sp, #36]	@ 0x24
10002bee:	f240 808a 	bls.w	10002d06 <_vsnprintf+0x19a>
10002bf2:	282a      	cmp	r0, #42	@ 0x2a
10002bf4:	f000 80f0 	beq.w	10002dd8 <_vsnprintf+0x26c>
10002bf8:	2500      	movs	r5, #0
10002bfa:	282e      	cmp	r0, #46	@ 0x2e
10002bfc:	f000 8096 	beq.w	10002d2c <_vsnprintf+0x1c0>
10002c00:	2600      	movs	r6, #0
10002c02:	f1a0 0168 	sub.w	r1, r0, #104	@ 0x68
10002c06:	2912      	cmp	r1, #18
10002c08:	d82d      	bhi.n	10002c66 <_vsnprintf+0xfa>
10002c0a:	e8df f011 	tbh	[pc, r1, lsl #1]
10002c0e:	0149      	.short	0x0149
10002c10:	0143002c 	.word	0x0143002c
10002c14:	0138002c 	.word	0x0138002c
10002c18:	002c002c 	.word	0x002c002c
10002c1c:	002c002c 	.word	0x002c002c
10002c20:	002c002c 	.word	0x002c002c
10002c24:	0027002c 	.word	0x0027002c
10002c28:	002c002c 	.word	0x002c002c
10002c2c:	002c002c 	.word	0x002c002c
10002c30:	0027002c 	.word	0x0027002c
10002c34:	4614      	mov	r4, r2
10002c36:	f043 0301 	orr.w	r3, r3, #1
10002c3a:	e7c2      	b.n	10002bc2 <_vsnprintf+0x56>
10002c3c:	4614      	mov	r4, r2
10002c3e:	f043 0302 	orr.w	r3, r3, #2
10002c42:	e7be      	b.n	10002bc2 <_vsnprintf+0x56>
10002c44:	4614      	mov	r4, r2
10002c46:	f043 0304 	orr.w	r3, r3, #4
10002c4a:	e7ba      	b.n	10002bc2 <_vsnprintf+0x56>
10002c4c:	4614      	mov	r4, r2
10002c4e:	f043 0310 	orr.w	r3, r3, #16
10002c52:	e7b6      	b.n	10002bc2 <_vsnprintf+0x56>
10002c54:	4614      	mov	r4, r2
10002c56:	f043 0308 	orr.w	r3, r3, #8
10002c5a:	e7b2      	b.n	10002bc2 <_vsnprintf+0x56>
10002c5c:	9909      	ldr	r1, [sp, #36]	@ 0x24
10002c5e:	7848      	ldrb	r0, [r1, #1]
10002c60:	f443 7380 	orr.w	r3, r3, #256	@ 0x100
10002c64:	3201      	adds	r2, #1
10002c66:	2867      	cmp	r0, #103	@ 0x67
10002c68:	9209      	str	r2, [sp, #36]	@ 0x24
10002c6a:	d87e      	bhi.n	10002d6a <_vsnprintf+0x1fe>
10002c6c:	2824      	cmp	r0, #36	@ 0x24
10002c6e:	f240 80c1 	bls.w	10002df4 <_vsnprintf+0x288>
10002c72:	f1a0 0225 	sub.w	r2, r0, #37	@ 0x25
10002c76:	2a42      	cmp	r2, #66	@ 0x42
10002c78:	f200 80bc 	bhi.w	10002df4 <_vsnprintf+0x288>
10002c7c:	e8df f012 	tbh	[pc, r2, lsl #1]
10002c80:	00ba0150 	.word	0x00ba0150
10002c84:	00ba00ba 	.word	0x00ba00ba
10002c88:	00ba00ba 	.word	0x00ba00ba
10002c8c:	00ba00ba 	.word	0x00ba00ba
10002c90:	00ba00ba 	.word	0x00ba00ba
10002c94:	00ba00ba 	.word	0x00ba00ba
10002c98:	00ba00ba 	.word	0x00ba00ba
10002c9c:	00ba00ba 	.word	0x00ba00ba
10002ca0:	00ba00ba 	.word	0x00ba00ba
10002ca4:	00ba00ba 	.word	0x00ba00ba
10002ca8:	00ba00ba 	.word	0x00ba00ba
10002cac:	00ba00ba 	.word	0x00ba00ba
10002cb0:	00ba00ba 	.word	0x00ba00ba
10002cb4:	00ba00ba 	.word	0x00ba00ba
10002cb8:	00ba00ba 	.word	0x00ba00ba
10002cbc:	00ba00ba 	.word	0x00ba00ba
10002cc0:	01370119 	.word	0x01370119
10002cc4:	00ba0119 	.word	0x00ba0119
10002cc8:	00ba00ba 	.word	0x00ba00ba
10002ccc:	00ba00ba 	.word	0x00ba00ba
10002cd0:	00ba00ba 	.word	0x00ba00ba
10002cd4:	00ba00ba 	.word	0x00ba00ba
10002cd8:	00ba00ba 	.word	0x00ba00ba
10002cdc:	00ba00ba 	.word	0x00ba00ba
10002ce0:	00ba00ba 	.word	0x00ba00ba
10002ce4:	01bc00ba 	.word	0x01bc00ba
10002ce8:	00ba00ba 	.word	0x00ba00ba
10002cec:	00ba00ba 	.word	0x00ba00ba
10002cf0:	00ba00ba 	.word	0x00ba00ba
10002cf4:	00ba00ba 	.word	0x00ba00ba
10002cf8:	01bc00ba 	.word	0x01bc00ba
10002cfc:	01bc0158 	.word	0x01bc0158
10002d00:	01370119 	.word	0x01370119
10002d04:	0119      	.short	0x0119
10002d06:	2500      	movs	r5, #0
10002d08:	e000      	b.n	10002d0c <_vsnprintf+0x1a0>
10002d0a:	3201      	adds	r2, #1
10002d0c:	eb05 0585 	add.w	r5, r5, r5, lsl #2
10002d10:	eb00 0545 	add.w	r5, r0, r5, lsl #1
10002d14:	7810      	ldrb	r0, [r2, #0]
10002d16:	3d30      	subs	r5, #48	@ 0x30
10002d18:	f1a0 0130 	sub.w	r1, r0, #48	@ 0x30
10002d1c:	2909      	cmp	r1, #9
10002d1e:	d9f4      	bls.n	10002d0a <_vsnprintf+0x19e>
10002d20:	282e      	cmp	r0, #46	@ 0x2e
10002d22:	9209      	str	r2, [sp, #36]	@ 0x24
10002d24:	f102 0201 	add.w	r2, r2, #1
10002d28:	f47f af6a 	bne.w	10002c00 <_vsnprintf+0x94>
10002d2c:	9909      	ldr	r1, [sp, #36]	@ 0x24
10002d2e:	f443 6380 	orr.w	r3, r3, #1024	@ 0x400
10002d32:	7848      	ldrb	r0, [r1, #1]
10002d34:	4611      	mov	r1, r2
10002d36:	f1a0 0630 	sub.w	r6, r0, #48	@ 0x30
10002d3a:	2e09      	cmp	r6, #9
10002d3c:	f240 8121 	bls.w	10002f82 <_vsnprintf+0x416>
10002d40:	282a      	cmp	r0, #42	@ 0x2a
10002d42:	f000 812f 	beq.w	10002fa4 <_vsnprintf+0x438>
10002d46:	9209      	str	r2, [sp, #36]	@ 0x24
10002d48:	2600      	movs	r6, #0
10002d4a:	3201      	adds	r2, #1
10002d4c:	e759      	b.n	10002c02 <_vsnprintf+0x96>
10002d4e:	4644      	mov	r4, r8
10002d50:	45c1      	cmp	r9, r8
10002d52:	d801      	bhi.n	10002d58 <_vsnprintf+0x1ec>
10002d54:	f109 38ff 	add.w	r8, r9, #4294967295	@ 0xffffffff
10002d58:	464b      	mov	r3, r9
10002d5a:	4642      	mov	r2, r8
10002d5c:	4651      	mov	r1, sl
10002d5e:	2000      	movs	r0, #0
10002d60:	47d8      	blx	fp
10002d62:	4620      	mov	r0, r4
10002d64:	b01b      	add	sp, #108	@ 0x6c
10002d66:	e8bd 8ff0 	ldmia.w	sp!, {r4, r5, r6, r7, r8, r9, sl, fp, pc}
10002d6a:	f1a0 0269 	sub.w	r2, r0, #105	@ 0x69
10002d6e:	b2d2      	uxtb	r2, r2
10002d70:	2a0f      	cmp	r2, #15
10002d72:	d83f      	bhi.n	10002df4 <_vsnprintf+0x288>
10002d74:	2101      	movs	r1, #1
10002d76:	f249 0741 	movw	r7, #36929	@ 0x9041
10002d7a:	4091      	lsls	r1, r2
10002d7c:	4039      	ands	r1, r7
10002d7e:	f040 80f3 	bne.w	10002f68 <_vsnprintf+0x3fc>
10002d82:	2a0a      	cmp	r2, #10
10002d84:	d03d      	beq.n	10002e02 <_vsnprintf+0x296>
10002d86:	2a07      	cmp	r2, #7
10002d88:	d134      	bne.n	10002df4 <_vsnprintf+0x288>
10002d8a:	9d0a      	ldr	r5, [sp, #40]	@ 0x28
10002d8c:	f855 2b04 	ldr.w	r2, [r5], #4
10002d90:	2a00      	cmp	r2, #0
10002d92:	f000 8113 	beq.w	10002fbc <_vsnprintf+0x450>
10002d96:	f043 0021 	orr.w	r0, r3, #33	@ 0x21
10002d9a:	ab12      	add	r3, sp, #72	@ 0x48
10002d9c:	461f      	mov	r7, r3
10002d9e:	930b      	str	r3, [sp, #44]	@ 0x2c
10002da0:	e003      	b.n	10002daa <_vsnprintf+0x23e>
10002da2:	2920      	cmp	r1, #32
10002da4:	f000 8114 	beq.w	10002fd0 <_vsnprintf+0x464>
10002da8:	461a      	mov	r2, r3
10002daa:	f002 040f 	and.w	r4, r2, #15
10002dae:	4623      	mov	r3, r4
10002db0:	2c09      	cmp	r4, #9
10002db2:	bf94      	ite	ls
10002db4:	3330      	addls	r3, #48	@ 0x30
10002db6:	3337      	addhi	r3, #55	@ 0x37
10002db8:	2a0f      	cmp	r2, #15
10002dba:	f807 3b01 	strb.w	r3, [r7], #1
10002dbe:	f101 0101 	add.w	r1, r1, #1
10002dc2:	ea4f 1312 	mov.w	r3, r2, lsr #4
10002dc6:	d8ec      	bhi.n	10002da2 <_vsnprintf+0x236>
10002dc8:	e102      	b.n	10002fd0 <_vsnprintf+0x464>
10002dca:	bf00      	nop
10002dcc:	10002b6d 	.word	0x10002b6d
10002dd0:	20002154 	.word	0x20002154
10002dd4:	10001eb1 	.word	0x10001eb1
10002dd8:	990a      	ldr	r1, [sp, #40]	@ 0x28
10002dda:	9809      	ldr	r0, [sp, #36]	@ 0x24
10002ddc:	f851 5b04 	ldr.w	r5, [r1], #4
10002de0:	7840      	ldrb	r0, [r0, #1]
10002de2:	2d00      	cmp	r5, #0
10002de4:	e9cd 2109 	strd	r2, r1, [sp, #36]	@ 0x24
10002de8:	bfbc      	itt	lt
10002dea:	f043 0302 	orrlt.w	r3, r3, #2
10002dee:	426d      	neglt	r5, r5
10002df0:	3201      	adds	r2, #1
10002df2:	e702      	b.n	10002bfa <_vsnprintf+0x8e>
10002df4:	4642      	mov	r2, r8
10002df6:	464b      	mov	r3, r9
10002df8:	4651      	mov	r1, sl
10002dfa:	f108 0801 	add.w	r8, r8, #1
10002dfe:	47d8      	blx	fp
10002e00:	e6d2      	b.n	10002ba8 <_vsnprintf+0x3c>
10002e02:	990a      	ldr	r1, [sp, #40]	@ 0x28
10002e04:	2e00      	cmp	r6, #0
10002e06:	f851 7b04 	ldr.w	r7, [r1], #4
10002e0a:	bf18      	it	ne
10002e0c:	4632      	movne	r2, r6
10002e0e:	7838      	ldrb	r0, [r7, #0]
10002e10:	bf08      	it	eq
10002e12:	f04f 32ff 	moveq.w	r2, #4294967295	@ 0xffffffff
10002e16:	2800      	cmp	r0, #0
10002e18:	f000 837b 	beq.w	10003512 <_vsnprintf+0x9a6>
10002e1c:	18bc      	adds	r4, r7, r2
10002e1e:	46a4      	mov	ip, r4
10002e20:	463a      	mov	r2, r7
10002e22:	e004      	b.n	10002e2e <_vsnprintf+0x2c2>
10002e24:	f812 4f01 	ldrb.w	r4, [r2, #1]!
10002e28:	2c00      	cmp	r4, #0
10002e2a:	f000 813f 	beq.w	100030ac <_vsnprintf+0x540>
10002e2e:	4594      	cmp	ip, r2
10002e30:	d1f8      	bne.n	10002e24 <_vsnprintf+0x2b8>
10002e32:	4664      	mov	r4, ip
10002e34:	1be4      	subs	r4, r4, r7
10002e36:	055a      	lsls	r2, r3, #21
10002e38:	f140 8122 	bpl.w	10003080 <_vsnprintf+0x514>
10002e3c:	42b4      	cmp	r4, r6
10002e3e:	bf28      	it	cs
10002e40:	4634      	movcs	r4, r6
10002e42:	f013 0302 	ands.w	r3, r3, #2
10002e46:	f000 8288 	beq.w	1000335a <_vsnprintf+0x7ee>
10002e4a:	2302      	movs	r3, #2
10002e4c:	e9cd 510a 	strd	r5, r1, [sp, #40]	@ 0x28
10002e50:	4642      	mov	r2, r8
10002e52:	461d      	mov	r5, r3
10002e54:	4446      	add	r6, r8
10002e56:	e008      	b.n	10002e6a <_vsnprintf+0x2fe>
10002e58:	464b      	mov	r3, r9
10002e5a:	4651      	mov	r1, sl
10002e5c:	47d8      	blx	fp
10002e5e:	f817 0f01 	ldrb.w	r0, [r7, #1]!
10002e62:	f108 0801 	add.w	r8, r8, #1
10002e66:	b110      	cbz	r0, 10002e6e <_vsnprintf+0x302>
10002e68:	4642      	mov	r2, r8
10002e6a:	4546      	cmp	r6, r8
10002e6c:	d1f4      	bne.n	10002e58 <_vsnprintf+0x2ec>
10002e6e:	462b      	mov	r3, r5
10002e70:	990b      	ldr	r1, [sp, #44]	@ 0x2c
10002e72:	9d0a      	ldr	r5, [sp, #40]	@ 0x28
10002e74:	2b00      	cmp	r3, #0
10002e76:	f040 8141 	bne.w	100030fc <_vsnprintf+0x590>
10002e7a:	910a      	str	r1, [sp, #40]	@ 0x28
10002e7c:	e694      	b.n	10002ba8 <_vsnprintf+0x3c>
10002e7e:	9909      	ldr	r1, [sp, #36]	@ 0x24
10002e80:	7848      	ldrb	r0, [r1, #1]
10002e82:	286c      	cmp	r0, #108	@ 0x6c
10002e84:	f47f aeec 	bne.w	10002c60 <_vsnprintf+0xf4>
10002e88:	460a      	mov	r2, r1
10002e8a:	7888      	ldrb	r0, [r1, #2]
10002e8c:	f443 7340 	orr.w	r3, r3, #768	@ 0x300
10002e90:	3203      	adds	r2, #3
10002e92:	e6e8      	b.n	10002c66 <_vsnprintf+0xfa>
10002e94:	9909      	ldr	r1, [sp, #36]	@ 0x24
10002e96:	f443 7300 	orr.w	r3, r3, #512	@ 0x200
10002e9a:	7848      	ldrb	r0, [r1, #1]
10002e9c:	3201      	adds	r2, #1
10002e9e:	e6e2      	b.n	10002c66 <_vsnprintf+0xfa>
10002ea0:	9909      	ldr	r1, [sp, #36]	@ 0x24
10002ea2:	7848      	ldrb	r0, [r1, #1]
10002ea4:	2868      	cmp	r0, #104	@ 0x68
10002ea6:	f000 8103 	beq.w	100030b0 <_vsnprintf+0x544>
10002eaa:	f043 0380 	orr.w	r3, r3, #128	@ 0x80
10002eae:	3201      	adds	r2, #1
10002eb0:	e6d9      	b.n	10002c66 <_vsnprintf+0xfa>
10002eb2:	2867      	cmp	r0, #103	@ 0x67
10002eb4:	f000 80d9 	beq.w	1000306a <_vsnprintf+0x4fe>
10002eb8:	2847      	cmp	r0, #71	@ 0x47
10002eba:	f000 80dc 	beq.w	10003076 <_vsnprintf+0x50a>
10002ebe:	2845      	cmp	r0, #69	@ 0x45
10002ec0:	f000 80db 	beq.w	1000307a <_vsnprintf+0x50e>
10002ec4:	e9cd 5303 	strd	r5, r3, [sp, #12]
10002ec8:	9b0a      	ldr	r3, [sp, #40]	@ 0x28
10002eca:	9602      	str	r6, [sp, #8]
10002ecc:	3307      	adds	r3, #7
10002ece:	f023 0307 	bic.w	r3, r3, #7
10002ed2:	461c      	mov	r4, r3
10002ed4:	4642      	mov	r2, r8
10002ed6:	e8f4 6702 	ldrd	r6, r7, [r4], #8
10002eda:	464b      	mov	r3, r9
10002edc:	4651      	mov	r1, sl
10002ede:	4658      	mov	r0, fp
10002ee0:	e9cd 6700 	strd	r6, r7, [sp]
10002ee4:	940a      	str	r4, [sp, #40]	@ 0x28
10002ee6:	f7ff fb87 	bl	100025f8 <_etoa>
10002eea:	4680      	mov	r8, r0
10002eec:	e65c      	b.n	10002ba8 <_vsnprintf+0x3c>
10002eee:	2846      	cmp	r0, #70	@ 0x46
10002ef0:	bf08      	it	eq
10002ef2:	f043 0320 	orreq.w	r3, r3, #32
10002ef6:	e9cd 5303 	strd	r5, r3, [sp, #12]
10002efa:	9b0a      	ldr	r3, [sp, #40]	@ 0x28
10002efc:	9602      	str	r6, [sp, #8]
10002efe:	3307      	adds	r3, #7
10002f00:	f023 0307 	bic.w	r3, r3, #7
10002f04:	461c      	mov	r4, r3
10002f06:	4642      	mov	r2, r8
10002f08:	e8f4 6702 	ldrd	r6, r7, [r4], #8
10002f0c:	464b      	mov	r3, r9
10002f0e:	4651      	mov	r1, sl
10002f10:	4658      	mov	r0, fp
10002f12:	e9cd 6700 	strd	r6, r7, [sp]
10002f16:	940a      	str	r4, [sp, #40]	@ 0x28
10002f18:	f7ff f90e 	bl	10002138 <_ftoa>
10002f1c:	4680      	mov	r8, r0
10002f1e:	e643      	b.n	10002ba8 <_vsnprintf+0x3c>
10002f20:	4642      	mov	r2, r8
10002f22:	464b      	mov	r3, r9
10002f24:	4651      	mov	r1, sl
10002f26:	2025      	movs	r0, #37	@ 0x25
10002f28:	f108 0801 	add.w	r8, r8, #1
10002f2c:	47d8      	blx	fp
10002f2e:	e63b      	b.n	10002ba8 <_vsnprintf+0x3c>
10002f30:	9a0a      	ldr	r2, [sp, #40]	@ 0x28
10002f32:	0799      	lsls	r1, r3, #30
10002f34:	f102 0404 	add.w	r4, r2, #4
10002f38:	f108 0601 	add.w	r6, r8, #1
10002f3c:	f140 80c6 	bpl.w	100030cc <_vsnprintf+0x560>
10002f40:	7810      	ldrb	r0, [r2, #0]
10002f42:	464b      	mov	r3, r9
10002f44:	4642      	mov	r2, r8
10002f46:	4651      	mov	r1, sl
10002f48:	47d8      	blx	fp
10002f4a:	2d01      	cmp	r5, #1
10002f4c:	bf88      	it	hi
10002f4e:	44a8      	addhi	r8, r5
10002f50:	f240 81bd 	bls.w	100032ce <_vsnprintf+0x762>
10002f54:	4632      	mov	r2, r6
10002f56:	464b      	mov	r3, r9
10002f58:	4651      	mov	r1, sl
10002f5a:	2020      	movs	r0, #32
10002f5c:	3601      	adds	r6, #1
10002f5e:	47d8      	blx	fp
10002f60:	4546      	cmp	r6, r8
10002f62:	d1f7      	bne.n	10002f54 <_vsnprintf+0x3e8>
10002f64:	940a      	str	r4, [sp, #40]	@ 0x28
10002f66:	e61f      	b.n	10002ba8 <_vsnprintf+0x3c>
10002f68:	286f      	cmp	r0, #111	@ 0x6f
10002f6a:	f000 8081 	beq.w	10003070 <_vsnprintf+0x504>
10002f6e:	f240 8248 	bls.w	10003402 <_vsnprintf+0x896>
10002f72:	2878      	cmp	r0, #120	@ 0x78
10002f74:	f000 8190 	beq.w	10003298 <_vsnprintf+0x72c>
10002f78:	270a      	movs	r7, #10
10002f7a:	f023 0310 	bic.w	r3, r3, #16
10002f7e:	46bc      	mov	ip, r7
10002f80:	e041      	b.n	10003006 <_vsnprintf+0x49a>
10002f82:	2600      	movs	r6, #0
10002f84:	eb06 0686 	add.w	r6, r6, r6, lsl #2
10002f88:	eb00 0046 	add.w	r0, r0, r6, lsl #1
10002f8c:	f1a0 0630 	sub.w	r6, r0, #48	@ 0x30
10002f90:	f811 0f01 	ldrb.w	r0, [r1, #1]!
10002f94:	f1a0 0230 	sub.w	r2, r0, #48	@ 0x30
10002f98:	2a09      	cmp	r2, #9
10002f9a:	d9f3      	bls.n	10002f84 <_vsnprintf+0x418>
10002f9c:	460a      	mov	r2, r1
10002f9e:	9109      	str	r1, [sp, #36]	@ 0x24
10002fa0:	3201      	adds	r2, #1
10002fa2:	e62e      	b.n	10002c02 <_vsnprintf+0x96>
10002fa4:	e9dd 2109 	ldrd	r2, r1, [sp, #36]	@ 0x24
10002fa8:	f851 6b04 	ldr.w	r6, [r1], #4
10002fac:	7890      	ldrb	r0, [r2, #2]
10002fae:	3202      	adds	r2, #2
10002fb0:	9209      	str	r2, [sp, #36]	@ 0x24
10002fb2:	910a      	str	r1, [sp, #40]	@ 0x28
10002fb4:	3201      	adds	r2, #1
10002fb6:	ea26 76e6 	bic.w	r6, r6, r6, asr #31
10002fba:	e622      	b.n	10002c02 <_vsnprintf+0x96>
10002fbc:	f023 0010 	bic.w	r0, r3, #16
10002fc0:	f413 6280 	ands.w	r2, r3, #1024	@ 0x400
10002fc4:	f040 0021 	orr.w	r0, r0, #33	@ 0x21
10002fc8:	f43f aee7 	beq.w	10002d9a <_vsnprintf+0x22e>
10002fcc:	ab12      	add	r3, sp, #72	@ 0x48
10002fce:	930b      	str	r3, [sp, #44]	@ 0x2c
10002fd0:	9b0b      	ldr	r3, [sp, #44]	@ 0x2c
10002fd2:	9006      	str	r0, [sp, #24]
10002fd4:	9300      	str	r3, [sp, #0]
10002fd6:	2308      	movs	r3, #8
10002fd8:	2010      	movs	r0, #16
10002fda:	9305      	str	r3, [sp, #20]
10002fdc:	2300      	movs	r3, #0
10002fde:	4642      	mov	r2, r8
10002fe0:	e9cd 3002 	strd	r3, r0, [sp, #8]
10002fe4:	9101      	str	r1, [sp, #4]
10002fe6:	464b      	mov	r3, r9
10002fe8:	4651      	mov	r1, sl
10002fea:	4658      	mov	r0, fp
10002fec:	9604      	str	r6, [sp, #16]
10002fee:	f7fe ffaf 	bl	10001f50 <_ntoa_format>
10002ff2:	950a      	str	r5, [sp, #40]	@ 0x28
10002ff4:	4680      	mov	r8, r0
10002ff6:	e5d7      	b.n	10002ba8 <_vsnprintf+0x3c>
10002ff8:	2858      	cmp	r0, #88	@ 0x58
10002ffa:	d062      	beq.n	100030c2 <_vsnprintf+0x556>
10002ffc:	2862      	cmp	r0, #98	@ 0x62
10002ffe:	f040 808f 	bne.w	10003120 <_vsnprintf+0x5b4>
10003002:	2702      	movs	r7, #2
10003004:	46bc      	mov	ip, r7
10003006:	f413 6080 	ands.w	r0, r3, #1024	@ 0x400
1000300a:	f000 80dd 	beq.w	100031c8 <_vsnprintf+0x65c>
1000300e:	f023 030d 	bic.w	r3, r3, #13
10003012:	f413 7200 	ands.w	r2, r3, #512	@ 0x200
10003016:	f040 8181 	bne.w	1000331c <_vsnprintf+0x7b0>
1000301a:	990a      	ldr	r1, [sp, #40]	@ 0x28
1000301c:	1d0f      	adds	r7, r1, #4
1000301e:	f413 7180 	ands.w	r1, r3, #256	@ 0x100
10003022:	f040 8237 	bne.w	10003494 <_vsnprintf+0x928>
10003026:	065c      	lsls	r4, r3, #25
10003028:	9a0a      	ldr	r2, [sp, #40]	@ 0x28
1000302a:	f140 813b 	bpl.w	100032a4 <_vsnprintf+0x738>
1000302e:	7812      	ldrb	r2, [r2, #0]
10003030:	2a00      	cmp	r2, #0
10003032:	f040 814e 	bne.w	100032d2 <_vsnprintf+0x766>
10003036:	f023 0310 	bic.w	r3, r3, #16
1000303a:	2800      	cmp	r0, #0
1000303c:	f000 8149 	beq.w	100032d2 <_vsnprintf+0x766>
10003040:	4611      	mov	r1, r2
10003042:	aa12      	add	r2, sp, #72	@ 0x48
10003044:	920b      	str	r2, [sp, #44]	@ 0x2c
10003046:	e9cd 5305 	strd	r5, r3, [sp, #20]
1000304a:	e9cd c603 	strd	ip, r6, [sp, #12]
1000304e:	9101      	str	r1, [sp, #4]
10003050:	9b0b      	ldr	r3, [sp, #44]	@ 0x2c
10003052:	4642      	mov	r2, r8
10003054:	9300      	str	r3, [sp, #0]
10003056:	2300      	movs	r3, #0
10003058:	4651      	mov	r1, sl
1000305a:	9302      	str	r3, [sp, #8]
1000305c:	4658      	mov	r0, fp
1000305e:	464b      	mov	r3, r9
10003060:	f7fe ff76 	bl	10001f50 <_ntoa_format>
10003064:	970a      	str	r7, [sp, #40]	@ 0x28
10003066:	4680      	mov	r8, r0
10003068:	e59e      	b.n	10002ba8 <_vsnprintf+0x3c>
1000306a:	f443 6300 	orr.w	r3, r3, #2048	@ 0x800
1000306e:	e729      	b.n	10002ec4 <_vsnprintf+0x358>
10003070:	2708      	movs	r7, #8
10003072:	46bc      	mov	ip, r7
10003074:	e7c7      	b.n	10003006 <_vsnprintf+0x49a>
10003076:	f443 6300 	orr.w	r3, r3, #2048	@ 0x800
1000307a:	f043 0320 	orr.w	r3, r3, #32
1000307e:	e721      	b.n	10002ec4 <_vsnprintf+0x358>
10003080:	f013 0302 	ands.w	r3, r3, #2
10003084:	f000 818e 	beq.w	100033a4 <_vsnprintf+0x838>
10003088:	2302      	movs	r3, #2
1000308a:	950a      	str	r5, [sp, #40]	@ 0x28
1000308c:	461e      	mov	r6, r3
1000308e:	460d      	mov	r5, r1
10003090:	4642      	mov	r2, r8
10003092:	464b      	mov	r3, r9
10003094:	4651      	mov	r1, sl
10003096:	47d8      	blx	fp
10003098:	f817 0f01 	ldrb.w	r0, [r7, #1]!
1000309c:	f108 0801 	add.w	r8, r8, #1
100030a0:	2800      	cmp	r0, #0
100030a2:	d1f5      	bne.n	10003090 <_vsnprintf+0x524>
100030a4:	4629      	mov	r1, r5
100030a6:	4633      	mov	r3, r6
100030a8:	9d0a      	ldr	r5, [sp, #40]	@ 0x28
100030aa:	e6e3      	b.n	10002e74 <_vsnprintf+0x308>
100030ac:	1bd4      	subs	r4, r2, r7
100030ae:	e6c2      	b.n	10002e36 <_vsnprintf+0x2ca>
100030b0:	460a      	mov	r2, r1
100030b2:	7888      	ldrb	r0, [r1, #2]
100030b4:	f043 03c0 	orr.w	r3, r3, #192	@ 0xc0
100030b8:	3203      	adds	r2, #3
100030ba:	e5d4      	b.n	10002c66 <_vsnprintf+0xfa>
100030bc:	4604      	mov	r4, r0
100030be:	4680      	mov	r8, r0
100030c0:	e646      	b.n	10002d50 <_vsnprintf+0x1e4>
100030c2:	2710      	movs	r7, #16
100030c4:	f043 0320 	orr.w	r3, r3, #32
100030c8:	46bc      	mov	ip, r7
100030ca:	e79c      	b.n	10003006 <_vsnprintf+0x49a>
100030cc:	2d01      	cmp	r5, #1
100030ce:	f240 80f8 	bls.w	100032c2 <_vsnprintf+0x756>
100030d2:	4646      	mov	r6, r8
100030d4:	f108 37ff 	add.w	r7, r8, #4294967295	@ 0xffffffff
100030d8:	442f      	add	r7, r5
100030da:	4632      	mov	r2, r6
100030dc:	464b      	mov	r3, r9
100030de:	4651      	mov	r1, sl
100030e0:	2020      	movs	r0, #32
100030e2:	3601      	adds	r6, #1
100030e4:	47d8      	blx	fp
100030e6:	42be      	cmp	r6, r7
100030e8:	d1f7      	bne.n	100030da <_vsnprintf+0x56e>
100030ea:	9b0a      	ldr	r3, [sp, #40]	@ 0x28
100030ec:	4632      	mov	r2, r6
100030ee:	7818      	ldrb	r0, [r3, #0]
100030f0:	4651      	mov	r1, sl
100030f2:	464b      	mov	r3, r9
100030f4:	47d8      	blx	fp
100030f6:	44a8      	add	r8, r5
100030f8:	940a      	str	r4, [sp, #40]	@ 0x28
100030fa:	e555      	b.n	10002ba8 <_vsnprintf+0x3c>
100030fc:	4646      	mov	r6, r8
100030fe:	42a5      	cmp	r5, r4
10003100:	f67f aebb 	bls.w	10002e7a <_vsnprintf+0x30e>
10003104:	44a8      	add	r8, r5
10003106:	eba8 0804 	sub.w	r8, r8, r4
1000310a:	460c      	mov	r4, r1
1000310c:	4632      	mov	r2, r6
1000310e:	464b      	mov	r3, r9
10003110:	4651      	mov	r1, sl
10003112:	2020      	movs	r0, #32
10003114:	3601      	adds	r6, #1
10003116:	47d8      	blx	fp
10003118:	4546      	cmp	r6, r8
1000311a:	d1f7      	bne.n	1000310c <_vsnprintf+0x5a0>
1000311c:	4621      	mov	r1, r4
1000311e:	e6ac      	b.n	10002e7a <_vsnprintf+0x30e>
10003120:	f413 6280 	ands.w	r2, r3, #1024	@ 0x400
10003124:	f000 80bb 	beq.w	1000329e <_vsnprintf+0x732>
10003128:	f44f 6280 	mov.w	r2, #1024	@ 0x400
1000312c:	f023 0c11 	bic.w	ip, r3, #17
10003130:	f41c 7700 	ands.w	r7, ip, #512	@ 0x200
10003134:	9b0a      	ldr	r3, [sp, #40]	@ 0x28
10003136:	d14a      	bne.n	100031ce <_vsnprintf+0x662>
10003138:	f41c 7080 	ands.w	r0, ip, #256	@ 0x100
1000313c:	f103 0404 	add.w	r4, r3, #4
10003140:	f040 8134 	bne.w	100033ac <_vsnprintf+0x840>
10003144:	f01c 0f40 	tst.w	ip, #64	@ 0x40
10003148:	f040 80a3 	bne.w	10003292 <_vsnprintf+0x726>
1000314c:	f01c 0f80 	tst.w	ip, #128	@ 0x80
10003150:	f000 81d3 	beq.w	100034fa <_vsnprintf+0x98e>
10003154:	f9b3 1000 	ldrsh.w	r1, [r3]
10003158:	ea81 77e1 	eor.w	r7, r1, r1, asr #31
1000315c:	eba7 77e1 	sub.w	r7, r7, r1, asr #31
10003160:	b2bf      	uxth	r7, r7
10003162:	0fcb      	lsrs	r3, r1, #31
10003164:	2900      	cmp	r1, #0
10003166:	f000 8156 	beq.w	10003416 <_vsnprintf+0x8aa>
1000316a:	463a      	mov	r2, r7
1000316c:	a912      	add	r1, sp, #72	@ 0x48
1000316e:	460f      	mov	r7, r1
10003170:	f8df e3d8 	ldr.w	lr, [pc, #984]	@ 1000354c <_vsnprintf+0x9e0>
10003174:	910b      	str	r1, [sp, #44]	@ 0x2c
10003176:	930a      	str	r3, [sp, #40]	@ 0x28
10003178:	950c      	str	r5, [sp, #48]	@ 0x30
1000317a:	e001      	b.n	10003180 <_vsnprintf+0x614>
1000317c:	2820      	cmp	r0, #32
1000317e:	d00f      	beq.n	100031a0 <_vsnprintf+0x634>
10003180:	4615      	mov	r5, r2
10003182:	fbae 1302 	umull	r1, r3, lr, r2
10003186:	08db      	lsrs	r3, r3, #3
10003188:	eb03 0183 	add.w	r1, r3, r3, lsl #2
1000318c:	eba2 0141 	sub.w	r1, r2, r1, lsl #1
10003190:	3130      	adds	r1, #48	@ 0x30
10003192:	2d09      	cmp	r5, #9
10003194:	461a      	mov	r2, r3
10003196:	f100 0001 	add.w	r0, r0, #1
1000319a:	f807 1b01 	strb.w	r1, [r7], #1
1000319e:	d8ed      	bhi.n	1000317c <_vsnprintf+0x610>
100031a0:	9b0a      	ldr	r3, [sp, #40]	@ 0x28
100031a2:	9d0c      	ldr	r5, [sp, #48]	@ 0x30
100031a4:	e9cd 5c05 	strd	r5, ip, [sp, #20]
100031a8:	e9cd 0301 	strd	r0, r3, [sp, #4]
100031ac:	9604      	str	r6, [sp, #16]
100031ae:	9b0b      	ldr	r3, [sp, #44]	@ 0x2c
100031b0:	4642      	mov	r2, r8
100031b2:	9300      	str	r3, [sp, #0]
100031b4:	230a      	movs	r3, #10
100031b6:	4651      	mov	r1, sl
100031b8:	9303      	str	r3, [sp, #12]
100031ba:	4658      	mov	r0, fp
100031bc:	464b      	mov	r3, r9
100031be:	f7fe fec7 	bl	10001f50 <_ntoa_format>
100031c2:	940a      	str	r4, [sp, #40]	@ 0x28
100031c4:	4680      	mov	r8, r0
100031c6:	e4ef      	b.n	10002ba8 <_vsnprintf+0x3c>
100031c8:	f023 030c 	bic.w	r3, r3, #12
100031cc:	e721      	b.n	10003012 <_vsnprintf+0x4a6>
100031ce:	3307      	adds	r3, #7
100031d0:	f023 0307 	bic.w	r3, r3, #7
100031d4:	4619      	mov	r1, r3
100031d6:	4608      	mov	r0, r1
100031d8:	685b      	ldr	r3, [r3, #4]
100031da:	f850 1b08 	ldr.w	r1, [r0], #8
100031de:	0fdf      	lsrs	r7, r3, #31
100031e0:	900a      	str	r0, [sp, #40]	@ 0x28
100031e2:	ea51 0003 	orrs.w	r0, r1, r3
100031e6:	d162      	bne.n	100032ae <_vsnprintf+0x742>
100031e8:	2a00      	cmp	r2, #0
100031ea:	f040 819f 	bne.w	1000352c <_vsnprintf+0x9c0>
100031ee:	4613      	mov	r3, r2
100031f0:	4611      	mov	r1, r2
100031f2:	aa12      	add	r2, sp, #72	@ 0x48
100031f4:	e9cd 750c 	strd	r7, r5, [sp, #48]	@ 0x30
100031f8:	2000      	movs	r0, #0
100031fa:	4615      	mov	r5, r2
100031fc:	e9cd 680e 	strd	r6, r8, [sp, #56]	@ 0x38
10003200:	f8df e348 	ldr.w	lr, [pc, #840]	@ 1000354c <_vsnprintf+0x9e0>
10003204:	920b      	str	r2, [sp, #44]	@ 0x2c
10003206:	e001      	b.n	1000320c <_vsnprintf+0x6a0>
10003208:	2820      	cmp	r0, #32
1000320a:	d02d      	beq.n	10003268 <_vsnprintf+0x6fc>
1000320c:	185a      	adds	r2, r3, r1
1000320e:	f142 0200 	adc.w	r2, r2, #0
10003212:	fbae 7802 	umull	r7, r8, lr, r2
10003216:	f028 0703 	bic.w	r7, r8, #3
1000321a:	eb07 0798 	add.w	r7, r7, r8, lsr #2
1000321e:	1bd2      	subs	r2, r2, r7
10003220:	461e      	mov	r6, r3
10003222:	1a9b      	subs	r3, r3, r2
10003224:	f161 0700 	sbc.w	r7, r1, #0
10003228:	460c      	mov	r4, r1
1000322a:	f04f 31cc 	mov.w	r1, #3435973836	@ 0xcccccccc
1000322e:	fb01 f103 	mul.w	r1, r1, r3
10003232:	fb0e 1107 	mla	r1, lr, r7, r1
10003236:	fba3 730e 	umull	r7, r3, r3, lr
1000323a:	4419      	add	r1, r3
1000323c:	2305      	movs	r3, #5
1000323e:	f007 0801 	and.w	r8, r7, #1
10003242:	fba8 3803 	umull	r3, r8, r8, r3
10003246:	189b      	adds	r3, r3, r2
10003248:	2e0a      	cmp	r6, #10
1000324a:	f103 0330 	add.w	r3, r3, #48	@ 0x30
1000324e:	ea4f 0757 	mov.w	r7, r7, lsr #1
10003252:	f174 0400 	sbcs.w	r4, r4, #0
10003256:	f805 3b01 	strb.w	r3, [r5], #1
1000325a:	f100 0001 	add.w	r0, r0, #1
1000325e:	ea47 73c1 	orr.w	r3, r7, r1, lsl #31
10003262:	ea4f 0151 	mov.w	r1, r1, lsr #1
10003266:	d2cf      	bcs.n	10003208 <_vsnprintf+0x69c>
10003268:	e9dd 750c 	ldrd	r7, r5, [sp, #48]	@ 0x30
1000326c:	e9dd 680e 	ldrd	r6, r8, [sp, #56]	@ 0x38
10003270:	9b0b      	ldr	r3, [sp, #44]	@ 0x2c
10003272:	4642      	mov	r2, r8
10003274:	9300      	str	r3, [sp, #0]
10003276:	230a      	movs	r3, #10
10003278:	e9cd 5c05 	strd	r5, ip, [sp, #20]
1000327c:	e9cd 0701 	strd	r0, r7, [sp, #4]
10003280:	9604      	str	r6, [sp, #16]
10003282:	9303      	str	r3, [sp, #12]
10003284:	464b      	mov	r3, r9
10003286:	4651      	mov	r1, sl
10003288:	4658      	mov	r0, fp
1000328a:	f7fe fe61 	bl	10001f50 <_ntoa_format>
1000328e:	4680      	mov	r8, r0
10003290:	e48a      	b.n	10002ba8 <_vsnprintf+0x3c>
10003292:	7819      	ldrb	r1, [r3, #0]
10003294:	460f      	mov	r7, r1
10003296:	e764      	b.n	10003162 <_vsnprintf+0x5f6>
10003298:	2710      	movs	r7, #16
1000329a:	46bc      	mov	ip, r7
1000329c:	e6b3      	b.n	10003006 <_vsnprintf+0x49a>
1000329e:	f023 0c10 	bic.w	ip, r3, #16
100032a2:	e745      	b.n	10003130 <_vsnprintf+0x5c4>
100032a4:	061c      	lsls	r4, r3, #24
100032a6:	bf4c      	ite	mi
100032a8:	8812      	ldrhmi	r2, [r2, #0]
100032aa:	6812      	ldrpl	r2, [r2, #0]
100032ac:	e6c0      	b.n	10003030 <_vsnprintf+0x4c4>
100032ae:	460a      	mov	r2, r1
100032b0:	1e19      	subs	r1, r3, #0
100032b2:	db01      	blt.n	100032b8 <_vsnprintf+0x74c>
100032b4:	4613      	mov	r3, r2
100032b6:	e79c      	b.n	100031f2 <_vsnprintf+0x686>
100032b8:	4252      	negs	r2, r2
100032ba:	4613      	mov	r3, r2
100032bc:	eb61 0141 	sbc.w	r1, r1, r1, lsl #1
100032c0:	e797      	b.n	100031f2 <_vsnprintf+0x686>
100032c2:	4613      	mov	r3, r2
100032c4:	4651      	mov	r1, sl
100032c6:	7818      	ldrb	r0, [r3, #0]
100032c8:	4642      	mov	r2, r8
100032ca:	464b      	mov	r3, r9
100032cc:	47d8      	blx	fp
100032ce:	46b0      	mov	r8, r6
100032d0:	e648      	b.n	10002f64 <_vsnprintf+0x3f8>
100032d2:	f013 0f20 	tst.w	r3, #32
100032d6:	bf14      	ite	ne
100032d8:	2041      	movne	r0, #65	@ 0x41
100032da:	2061      	moveq	r0, #97	@ 0x61
100032dc:	ac12      	add	r4, sp, #72	@ 0x48
100032de:	46a6      	mov	lr, r4
100032e0:	940b      	str	r4, [sp, #44]	@ 0x2c
100032e2:	930a      	str	r3, [sp, #40]	@ 0x28
100032e4:	f1a0 040a 	sub.w	r4, r0, #10
100032e8:	950c      	str	r5, [sp, #48]	@ 0x30
100032ea:	e002      	b.n	100032f2 <_vsnprintf+0x786>
100032ec:	2920      	cmp	r1, #32
100032ee:	d012      	beq.n	10003316 <_vsnprintf+0x7aa>
100032f0:	462a      	mov	r2, r5
100032f2:	fbb2 f5fc 	udiv	r5, r2, ip
100032f6:	fb0c 2015 	mls	r0, ip, r5, r2
100032fa:	b2c3      	uxtb	r3, r0
100032fc:	2809      	cmp	r0, #9
100032fe:	f103 0030 	add.w	r0, r3, #48	@ 0x30
10003302:	bf8a      	itet	hi
10003304:	191b      	addhi	r3, r3, r4
10003306:	b2c3      	uxtbls	r3, r0
10003308:	b2db      	uxtbhi	r3, r3
1000330a:	4562      	cmp	r2, ip
1000330c:	f80e 3b01 	strb.w	r3, [lr], #1
10003310:	f101 0101 	add.w	r1, r1, #1
10003314:	d2ea      	bcs.n	100032ec <_vsnprintf+0x780>
10003316:	9b0a      	ldr	r3, [sp, #40]	@ 0x28
10003318:	9d0c      	ldr	r5, [sp, #48]	@ 0x30
1000331a:	e694      	b.n	10003046 <_vsnprintf+0x4da>
1000331c:	9a0a      	ldr	r2, [sp, #40]	@ 0x28
1000331e:	3207      	adds	r2, #7
10003320:	f022 0207 	bic.w	r2, r2, #7
10003324:	6851      	ldr	r1, [r2, #4]
10003326:	f852 4b08 	ldr.w	r4, [r2], #8
1000332a:	468e      	mov	lr, r1
1000332c:	920a      	str	r2, [sp, #40]	@ 0x28
1000332e:	ea54 0201 	orrs.w	r2, r4, r1
10003332:	d176      	bne.n	10003422 <_vsnprintf+0x8b6>
10003334:	f023 0310 	bic.w	r3, r3, #16
10003338:	2800      	cmp	r0, #0
1000333a:	d072      	beq.n	10003422 <_vsnprintf+0x8b6>
1000333c:	2200      	movs	r2, #0
1000333e:	4611      	mov	r1, r2
10003340:	aa12      	add	r2, sp, #72	@ 0x48
10003342:	920b      	str	r2, [sp, #44]	@ 0x2c
10003344:	e9cd 5305 	strd	r5, r3, [sp, #20]
10003348:	9b0b      	ldr	r3, [sp, #44]	@ 0x2c
1000334a:	4642      	mov	r2, r8
1000334c:	9300      	str	r3, [sp, #0]
1000334e:	2300      	movs	r3, #0
10003350:	e9cd c603 	strd	ip, r6, [sp, #12]
10003354:	9101      	str	r1, [sp, #4]
10003356:	9302      	str	r3, [sp, #8]
10003358:	e794      	b.n	10003284 <_vsnprintf+0x718>
1000335a:	42a5      	cmp	r5, r4
1000335c:	bf98      	it	ls
1000335e:	3401      	addls	r4, #1
10003360:	f67f ad74 	bls.w	10002e4c <_vsnprintf+0x2e0>
10003364:	f44f 6380 	mov.w	r3, #1024	@ 0x400
10003368:	e9cd 750a 	strd	r7, r5, [sp, #40]	@ 0x28
1000336c:	eb05 0208 	add.w	r2, r5, r8
10003370:	461f      	mov	r7, r3
10003372:	460d      	mov	r5, r1
10003374:	1b14      	subs	r4, r2, r4
10003376:	4642      	mov	r2, r8
10003378:	464b      	mov	r3, r9
1000337a:	4651      	mov	r1, sl
1000337c:	2020      	movs	r0, #32
1000337e:	f108 0801 	add.w	r8, r8, #1
10003382:	47d8      	blx	fp
10003384:	45a0      	cmp	r8, r4
10003386:	d1f6      	bne.n	10003376 <_vsnprintf+0x80a>
10003388:	463b      	mov	r3, r7
1000338a:	9f0a      	ldr	r7, [sp, #40]	@ 0x28
1000338c:	4629      	mov	r1, r5
1000338e:	7838      	ldrb	r0, [r7, #0]
10003390:	9d0b      	ldr	r5, [sp, #44]	@ 0x2c
10003392:	1c6c      	adds	r4, r5, #1
10003394:	2800      	cmp	r0, #0
10003396:	f43f ad70 	beq.w	10002e7a <_vsnprintf+0x30e>
1000339a:	2b00      	cmp	r3, #0
1000339c:	f43f ae75 	beq.w	1000308a <_vsnprintf+0x51e>
100033a0:	2300      	movs	r3, #0
100033a2:	e553      	b.n	10002e4c <_vsnprintf+0x2e0>
100033a4:	42a5      	cmp	r5, r4
100033a6:	d8df      	bhi.n	10003368 <_vsnprintf+0x7fc>
100033a8:	3401      	adds	r4, #1
100033aa:	e66e      	b.n	1000308a <_vsnprintf+0x51e>
100033ac:	6819      	ldr	r1, [r3, #0]
100033ae:	0fcb      	lsrs	r3, r1, #31
100033b0:	2900      	cmp	r1, #0
100033b2:	f000 80a8 	beq.w	10003506 <_vsnprintf+0x99a>
100033b6:	ea81 72e1 	eor.w	r2, r1, r1, asr #31
100033ba:	eba2 72e1 	sub.w	r2, r2, r1, asr #31
100033be:	a912      	add	r1, sp, #72	@ 0x48
100033c0:	4608      	mov	r0, r1
100033c2:	f8df e188 	ldr.w	lr, [pc, #392]	@ 1000354c <_vsnprintf+0x9e0>
100033c6:	910b      	str	r1, [sp, #44]	@ 0x2c
100033c8:	930a      	str	r3, [sp, #40]	@ 0x28
100033ca:	950c      	str	r5, [sp, #48]	@ 0x30
100033cc:	e001      	b.n	100033d2 <_vsnprintf+0x866>
100033ce:	2f20      	cmp	r7, #32
100033d0:	d00f      	beq.n	100033f2 <_vsnprintf+0x886>
100033d2:	4615      	mov	r5, r2
100033d4:	fbae 1302 	umull	r1, r3, lr, r2
100033d8:	08db      	lsrs	r3, r3, #3
100033da:	eb03 0183 	add.w	r1, r3, r3, lsl #2
100033de:	eba2 0141 	sub.w	r1, r2, r1, lsl #1
100033e2:	3130      	adds	r1, #48	@ 0x30
100033e4:	2d09      	cmp	r5, #9
100033e6:	461a      	mov	r2, r3
100033e8:	f107 0701 	add.w	r7, r7, #1
100033ec:	f800 1b01 	strb.w	r1, [r0], #1
100033f0:	d8ed      	bhi.n	100033ce <_vsnprintf+0x862>
100033f2:	9b0a      	ldr	r3, [sp, #40]	@ 0x28
100033f4:	9d0c      	ldr	r5, [sp, #48]	@ 0x30
100033f6:	e9cd 5c05 	strd	r5, ip, [sp, #20]
100033fa:	e9cd 7301 	strd	r7, r3, [sp, #4]
100033fe:	9604      	str	r6, [sp, #16]
10003400:	e6d5      	b.n	100031ae <_vsnprintf+0x642>
10003402:	2869      	cmp	r0, #105	@ 0x69
10003404:	f023 0c10 	bic.w	ip, r3, #16
10003408:	f040 808c 	bne.w	10003524 <_vsnprintf+0x9b8>
1000340c:	f413 6280 	ands.w	r2, r3, #1024	@ 0x400
10003410:	f43f ae8e 	beq.w	10003130 <_vsnprintf+0x5c4>
10003414:	e688      	b.n	10003128 <_vsnprintf+0x5bc>
10003416:	2a00      	cmp	r2, #0
10003418:	f43f aea8 	beq.w	1000316c <_vsnprintf+0x600>
1000341c:	aa12      	add	r2, sp, #72	@ 0x48
1000341e:	920b      	str	r2, [sp, #44]	@ 0x2c
10003420:	e6c0      	b.n	100031a4 <_vsnprintf+0x638>
10003422:	f013 0f20 	tst.w	r3, #32
10003426:	bf14      	ite	ne
10003428:	2241      	movne	r2, #65	@ 0x41
1000342a:	2261      	moveq	r2, #97	@ 0x61
1000342c:	2000      	movs	r0, #0
1000342e:	a912      	add	r1, sp, #72	@ 0x48
10003430:	3a0a      	subs	r2, #10
10003432:	e9cd 680e 	strd	r6, r8, [sp, #56]	@ 0x38
10003436:	e9cd 350c 	strd	r3, r5, [sp, #48]	@ 0x30
1000343a:	f8cd b044 	str.w	fp, [sp, #68]	@ 0x44
1000343e:	4606      	mov	r6, r0
10003440:	4688      	mov	r8, r1
10003442:	4675      	mov	r5, lr
10003444:	4693      	mov	fp, r2
10003446:	910b      	str	r1, [sp, #44]	@ 0x2c
10003448:	f8cd c040 	str.w	ip, [sp, #64]	@ 0x40
1000344c:	e003      	b.n	10003456 <_vsnprintf+0x8ea>
1000344e:	2e20      	cmp	r6, #32
10003450:	d017      	beq.n	10003482 <_vsnprintf+0x916>
10003452:	4604      	mov	r4, r0
10003454:	460d      	mov	r5, r1
10003456:	4629      	mov	r1, r5
10003458:	463a      	mov	r2, r7
1000345a:	2300      	movs	r3, #0
1000345c:	4620      	mov	r0, r4
1000345e:	f003 f833 	bl	100064c8 <____aeabi_uldivmod_veneer>
10003462:	b2d2      	uxtb	r2, r2
10003464:	2a09      	cmp	r2, #9
10003466:	f102 0330 	add.w	r3, r2, #48	@ 0x30
1000346a:	bf88      	it	hi
1000346c:	eb02 030b 	addhi.w	r3, r2, fp
10003470:	42bc      	cmp	r4, r7
10003472:	b2db      	uxtb	r3, r3
10003474:	f175 0500 	sbcs.w	r5, r5, #0
10003478:	f808 3b01 	strb.w	r3, [r8], #1
1000347c:	f106 0601 	add.w	r6, r6, #1
10003480:	d2e5      	bcs.n	1000344e <_vsnprintf+0x8e2>
10003482:	4631      	mov	r1, r6
10003484:	e9dd 350c 	ldrd	r3, r5, [sp, #48]	@ 0x30
10003488:	e9dd cb10 	ldrd	ip, fp, [sp, #64]	@ 0x40
1000348c:	f8dd 803c 	ldr.w	r8, [sp, #60]	@ 0x3c
10003490:	9e0e      	ldr	r6, [sp, #56]	@ 0x38
10003492:	e757      	b.n	10003344 <_vsnprintf+0x7d8>
10003494:	990a      	ldr	r1, [sp, #40]	@ 0x28
10003496:	6809      	ldr	r1, [r1, #0]
10003498:	b951      	cbnz	r1, 100034b0 <_vsnprintf+0x944>
1000349a:	f023 0310 	bic.w	r3, r3, #16
1000349e:	b138      	cbz	r0, 100034b0 <_vsnprintf+0x944>
100034a0:	a912      	add	r1, sp, #72	@ 0x48
100034a2:	910b      	str	r1, [sp, #44]	@ 0x2c
100034a4:	e9cd 5305 	strd	r5, r3, [sp, #20]
100034a8:	e9cd c603 	strd	ip, r6, [sp, #12]
100034ac:	9201      	str	r2, [sp, #4]
100034ae:	e5cf      	b.n	10003050 <_vsnprintf+0x4e4>
100034b0:	f013 0f20 	tst.w	r3, #32
100034b4:	bf14      	ite	ne
100034b6:	2041      	movne	r0, #65	@ 0x41
100034b8:	2061      	moveq	r0, #97	@ 0x61
100034ba:	ac12      	add	r4, sp, #72	@ 0x48
100034bc:	46a6      	mov	lr, r4
100034be:	940b      	str	r4, [sp, #44]	@ 0x2c
100034c0:	930a      	str	r3, [sp, #40]	@ 0x28
100034c2:	f1a0 040a 	sub.w	r4, r0, #10
100034c6:	950c      	str	r5, [sp, #48]	@ 0x30
100034c8:	e002      	b.n	100034d0 <_vsnprintf+0x964>
100034ca:	2a20      	cmp	r2, #32
100034cc:	d012      	beq.n	100034f4 <_vsnprintf+0x988>
100034ce:	4629      	mov	r1, r5
100034d0:	fbb1 f5fc 	udiv	r5, r1, ip
100034d4:	fb0c 1015 	mls	r0, ip, r5, r1
100034d8:	b2c3      	uxtb	r3, r0
100034da:	2809      	cmp	r0, #9
100034dc:	f103 0030 	add.w	r0, r3, #48	@ 0x30
100034e0:	bf8a      	itet	hi
100034e2:	191b      	addhi	r3, r3, r4
100034e4:	b2c3      	uxtbls	r3, r0
100034e6:	b2db      	uxtbhi	r3, r3
100034e8:	4561      	cmp	r1, ip
100034ea:	f80e 3b01 	strb.w	r3, [lr], #1
100034ee:	f102 0201 	add.w	r2, r2, #1
100034f2:	d2ea      	bcs.n	100034ca <_vsnprintf+0x95e>
100034f4:	9b0a      	ldr	r3, [sp, #40]	@ 0x28
100034f6:	9d0c      	ldr	r5, [sp, #48]	@ 0x30
100034f8:	e7d4      	b.n	100034a4 <_vsnprintf+0x938>
100034fa:	6819      	ldr	r1, [r3, #0]
100034fc:	ea81 77e1 	eor.w	r7, r1, r1, asr #31
10003500:	eba7 77e1 	sub.w	r7, r7, r1, asr #31
10003504:	e62d      	b.n	10003162 <_vsnprintf+0x5f6>
10003506:	2a00      	cmp	r2, #0
10003508:	f43f af59 	beq.w	100033be <_vsnprintf+0x852>
1000350c:	aa12      	add	r2, sp, #72	@ 0x48
1000350e:	920b      	str	r2, [sp, #44]	@ 0x2c
10003510:	e771      	b.n	100033f6 <_vsnprintf+0x88a>
10003512:	f413 6480 	ands.w	r4, r3, #1024	@ 0x400
10003516:	d00d      	beq.n	10003534 <_vsnprintf+0x9c8>
10003518:	f013 0402 	ands.w	r4, r3, #2
1000351c:	d012      	beq.n	10003544 <_vsnprintf+0x9d8>
1000351e:	4604      	mov	r4, r0
10003520:	4646      	mov	r6, r8
10003522:	e5ec      	b.n	100030fe <_vsnprintf+0x592>
10003524:	270a      	movs	r7, #10
10003526:	4663      	mov	r3, ip
10003528:	46bc      	mov	ip, r7
1000352a:	e56c      	b.n	10003006 <_vsnprintf+0x49a>
1000352c:	ab12      	add	r3, sp, #72	@ 0x48
1000352e:	2000      	movs	r0, #0
10003530:	930b      	str	r3, [sp, #44]	@ 0x2c
10003532:	e69d      	b.n	10003270 <_vsnprintf+0x704>
10003534:	f013 0302 	ands.w	r3, r3, #2
10003538:	f47f ade0 	bne.w	100030fc <_vsnprintf+0x590>
1000353c:	2d00      	cmp	r5, #0
1000353e:	f47f af13 	bne.w	10003368 <_vsnprintf+0x7fc>
10003542:	e49a      	b.n	10002e7a <_vsnprintf+0x30e>
10003544:	2d00      	cmp	r5, #0
10003546:	f47f af0d 	bne.w	10003364 <_vsnprintf+0x7f8>
1000354a:	e496      	b.n	10002e7a <_vsnprintf+0x30e>
1000354c:	cccccccd 	.word	0xcccccccd

10003550 <vfctprintf>:
10003550:	b570      	push	{r4, r5, r6, lr}
10003552:	4694      	mov	ip, r2
10003554:	461e      	mov	r6, r3
10003556:	4605      	mov	r5, r0
10003558:	460c      	mov	r4, r1
1000355a:	b084      	sub	sp, #16
1000355c:	f04f 32ff 	mov.w	r2, #4294967295	@ 0xffffffff
10003560:	4663      	mov	r3, ip
10003562:	a902      	add	r1, sp, #8
10003564:	9600      	str	r6, [sp, #0]
10003566:	4803      	ldr	r0, [pc, #12]	@ (10003574 <vfctprintf+0x24>)
10003568:	e9cd 5402 	strd	r5, r4, [sp, #8]
1000356c:	f7ff fafe 	bl	10002b6c <_vsnprintf>
10003570:	b004      	add	sp, #16
10003572:	bd70      	pop	{r4, r5, r6, pc}
10003574:	1000212d 	.word	0x1000212d

10003578 <weak_raw_vprintf>:
10003578:	b510      	push	{r4, lr}
1000357a:	4b09      	ldr	r3, [pc, #36]	@ (100035a0 <weak_raw_vprintf+0x28>)
1000357c:	b084      	sub	sp, #16
1000357e:	681c      	ldr	r4, [r3, #0]
10003580:	b14c      	cbz	r4, 10003596 <weak_raw_vprintf+0x1e>
10003582:	4603      	mov	r3, r0
10003584:	9100      	str	r1, [sp, #0]
10003586:	f04f 32ff 	mov.w	r2, #4294967295	@ 0xffffffff
1000358a:	a903      	add	r1, sp, #12
1000358c:	4805      	ldr	r0, [pc, #20]	@ (100035a4 <weak_raw_vprintf+0x2c>)
1000358e:	47a0      	blx	r4
10003590:	2001      	movs	r0, #1
10003592:	b004      	add	sp, #16
10003594:	bd10      	pop	{r4, pc}
10003596:	f000 f979 	bl	1000388c <__wrap_puts>
1000359a:	4620      	mov	r0, r4
1000359c:	b004      	add	sp, #16
1000359e:	bd10      	pop	{r4, pc}
100035a0:	20002154 	.word	0x20002154
100035a4:	10002125 	.word	0x10002125

100035a8 <_exit>:
100035a8:	be00      	bkpt	0x0000
100035aa:	e7fd      	b.n	100035a8 <_exit>

100035ac <exit>:
100035ac:	b508      	push	{r3, lr}
100035ae:	f7ff fffb 	bl	100035a8 <_exit>
100035b2:	bf00      	nop

100035b4 <runtime_init>:
100035b4:	b538      	push	{r3, r4, r5, lr}
100035b6:	4c06      	ldr	r4, [pc, #24]	@ (100035d0 <runtime_init+0x1c>)
100035b8:	4d06      	ldr	r5, [pc, #24]	@ (100035d4 <runtime_init+0x20>)
100035ba:	f7fe fa07 	bl	100019cc <runtime_run_initializers>
100035be:	42ac      	cmp	r4, r5
100035c0:	d204      	bcs.n	100035cc <runtime_init+0x18>
100035c2:	f854 3b04 	ldr.w	r3, [r4], #4
100035c6:	4798      	blx	r3
100035c8:	42ac      	cmp	r4, r5
100035ca:	d3fa      	bcc.n	100035c2 <runtime_init+0xe>
100035cc:	bd38      	pop	{r3, r4, r5, pc}
100035ce:	bf00      	nop
100035d0:	10006538 	.word	0x10006538
100035d4:	10006540 	.word	0x10006540

100035d8 <stdio_out_chars_no_crlf>:
100035d8:	6803      	ldr	r3, [r0, #0]
100035da:	4608      	mov	r0, r1
100035dc:	4611      	mov	r1, r2
100035de:	4718      	bx	r3

100035e0 <stdio_out_chars_crlf>:
100035e0:	e92d 41f0 	stmdb	sp!, {r4, r5, r6, r7, r8, lr}
100035e4:	4615      	mov	r5, r2
100035e6:	7d42      	ldrb	r2, [r0, #21]
100035e8:	4607      	mov	r7, r0
100035ea:	4688      	mov	r8, r1
100035ec:	2a00      	cmp	r2, #0
100035ee:	d046      	beq.n	1000367e <stdio_out_chars_crlf+0x9e>
100035f0:	2d00      	cmp	r5, #0
100035f2:	dd1d      	ble.n	10003630 <stdio_out_chars_crlf+0x50>
100035f4:	780b      	ldrb	r3, [r1, #0]
100035f6:	2b0a      	cmp	r3, #10
100035f8:	d023      	beq.n	10003642 <stdio_out_chars_crlf+0x62>
100035fa:	2d01      	cmp	r5, #1
100035fc:	f04f 0c00 	mov.w	ip, #0
10003600:	d018      	beq.n	10003634 <stdio_out_chars_crlf+0x54>
10003602:	4646      	mov	r6, r8
10003604:	2401      	movs	r4, #1
10003606:	f816 2f01 	ldrb.w	r2, [r6, #1]!
1000360a:	4621      	mov	r1, r4
1000360c:	2a0a      	cmp	r2, #10
1000360e:	f104 0401 	add.w	r4, r4, #1
10003612:	d022      	beq.n	1000365a <stdio_out_chars_crlf+0x7a>
10003614:	42a5      	cmp	r5, r4
10003616:	d1f6      	bne.n	10003606 <stdio_out_chars_crlf+0x26>
10003618:	4565      	cmp	r5, ip
1000361a:	dc0b      	bgt.n	10003634 <stdio_out_chars_crlf+0x54>
1000361c:	eb08 0305 	add.w	r3, r8, r5
10003620:	f813 3c01 	ldrb.w	r3, [r3, #-1]
10003624:	f1a3 030d 	sub.w	r3, r3, #13
10003628:	fab3 f383 	clz	r3, r3
1000362c:	095b      	lsrs	r3, r3, #5
1000362e:	753b      	strb	r3, [r7, #20]
10003630:	e8bd 81f0 	ldmia.w	sp!, {r4, r5, r6, r7, r8, pc}
10003634:	683b      	ldr	r3, [r7, #0]
10003636:	eba5 010c 	sub.w	r1, r5, ip
1000363a:	eb08 000c 	add.w	r0, r8, ip
1000363e:	4798      	blx	r3
10003640:	e7ec      	b.n	1000361c <stdio_out_chars_crlf+0x3c>
10003642:	7d03      	ldrb	r3, [r0, #20]
10003644:	2b00      	cmp	r3, #0
10003646:	d1d8      	bne.n	100035fa <stdio_out_chars_crlf+0x1a>
10003648:	6803      	ldr	r3, [r0, #0]
1000364a:	2102      	movs	r1, #2
1000364c:	480f      	ldr	r0, [pc, #60]	@ (1000368c <stdio_out_chars_crlf+0xac>)
1000364e:	4798      	blx	r3
10003650:	2d01      	cmp	r5, #1
10003652:	d0e3      	beq.n	1000361c <stdio_out_chars_crlf+0x3c>
10003654:	f04f 0c01 	mov.w	ip, #1
10003658:	e7d3      	b.n	10003602 <stdio_out_chars_crlf+0x22>
1000365a:	f816 3c01 	ldrb.w	r3, [r6, #-1]
1000365e:	2b0d      	cmp	r3, #13
10003660:	d0d8      	beq.n	10003614 <stdio_out_chars_crlf+0x34>
10003662:	458c      	cmp	ip, r1
10003664:	eb08 000c 	add.w	r0, r8, ip
10003668:	eba1 010c 	sub.w	r1, r1, ip
1000366c:	da01      	bge.n	10003672 <stdio_out_chars_crlf+0x92>
1000366e:	683b      	ldr	r3, [r7, #0]
10003670:	4798      	blx	r3
10003672:	2102      	movs	r1, #2
10003674:	4805      	ldr	r0, [pc, #20]	@ (1000368c <stdio_out_chars_crlf+0xac>)
10003676:	683b      	ldr	r3, [r7, #0]
10003678:	4798      	blx	r3
1000367a:	46a4      	mov	ip, r4
1000367c:	e7ca      	b.n	10003614 <stdio_out_chars_crlf+0x34>
1000367e:	4629      	mov	r1, r5
10003680:	4640      	mov	r0, r8
10003682:	683b      	ldr	r3, [r7, #0]
10003684:	e8bd 41f0 	ldmia.w	sp!, {r4, r5, r6, r7, r8, lr}
10003688:	4718      	bx	r3
1000368a:	bf00      	nop
1000368c:	10006928 	.word	0x10006928

10003690 <stdio_buffered_printer>:
10003690:	680b      	ldr	r3, [r1, #0]
10003692:	e92d 41f0 	stmdb	sp!, {r4, r5, r6, r7, r8, lr}
10003696:	2b80      	cmp	r3, #128	@ 0x80
10003698:	460d      	mov	r5, r1
1000369a:	4606      	mov	r6, r0
1000369c:	d005      	beq.n	100036aa <stdio_buffered_printer+0x1a>
1000369e:	1c5a      	adds	r2, r3, #1
100036a0:	442b      	add	r3, r5
100036a2:	602a      	str	r2, [r5, #0]
100036a4:	711e      	strb	r6, [r3, #4]
100036a6:	e8bd 81f0 	ldmia.w	sp!, {r4, r5, r6, r7, r8, pc}
100036aa:	4b0f      	ldr	r3, [pc, #60]	@ (100036e8 <stdio_buffered_printer+0x58>)
100036ac:	681c      	ldr	r4, [r3, #0]
100036ae:	b1a4      	cbz	r4, 100036da <stdio_buffered_printer+0x4a>
100036b0:	4f0e      	ldr	r7, [pc, #56]	@ (100036ec <stdio_buffered_printer+0x5c>)
100036b2:	f101 0804 	add.w	r8, r1, #4
100036b6:	e001      	b.n	100036bc <stdio_buffered_printer+0x2c>
100036b8:	6924      	ldr	r4, [r4, #16]
100036ba:	b174      	cbz	r4, 100036da <stdio_buffered_printer+0x4a>
100036bc:	6823      	ldr	r3, [r4, #0]
100036be:	2b00      	cmp	r3, #0
100036c0:	d0fa      	beq.n	100036b8 <stdio_buffered_printer+0x28>
100036c2:	683b      	ldr	r3, [r7, #0]
100036c4:	b10b      	cbz	r3, 100036ca <stdio_buffered_printer+0x3a>
100036c6:	42a3      	cmp	r3, r4
100036c8:	d1f6      	bne.n	100036b8 <stdio_buffered_printer+0x28>
100036ca:	4620      	mov	r0, r4
100036cc:	4641      	mov	r1, r8
100036ce:	682a      	ldr	r2, [r5, #0]
100036d0:	f7ff ff86 	bl	100035e0 <stdio_out_chars_crlf>
100036d4:	6924      	ldr	r4, [r4, #16]
100036d6:	2c00      	cmp	r4, #0
100036d8:	d1f0      	bne.n	100036bc <stdio_buffered_printer+0x2c>
100036da:	2300      	movs	r3, #0
100036dc:	2201      	movs	r2, #1
100036de:	442b      	add	r3, r5
100036e0:	602a      	str	r2, [r5, #0]
100036e2:	711e      	strb	r6, [r3, #4]
100036e4:	e8bd 81f0 	ldmia.w	sp!, {r4, r5, r6, r7, r8, pc}
100036e8:	20001d48 	.word	0x20001d48
100036ec:	20001d50 	.word	0x20001d50

100036f0 <stdio_put_string>:
100036f0:	e92d 47f0 	stmdb	sp!, {r4, r5, r6, r7, r8, r9, sl, lr}
100036f4:	b082      	sub	sp, #8
100036f6:	460d      	mov	r5, r1
100036f8:	4691      	mov	r9, r2
100036fa:	461c      	mov	r4, r3
100036fc:	4606      	mov	r6, r0
100036fe:	f7fd ffd1 	bl	100016a4 <time_us_64>
10003702:	f04f 3cff 	mov.w	ip, #4294967295	@ 0xffffffff
10003706:	f06f 4700 	mvn.w	r7, #2147483648	@ 0x80000000
1000370a:	4a2e      	ldr	r2, [pc, #184]	@ (100037c4 <stdio_put_string+0xd4>)
1000370c:	1882      	adds	r2, r0, r2
1000370e:	f141 0300 	adc.w	r3, r1, #0
10003712:	4594      	cmp	ip, r2
10003714:	eb77 0103 	sbcs.w	r1, r7, r3
10003718:	bf3c      	itt	cc
1000371a:	4662      	movcc	r2, ip
1000371c:	463b      	movcc	r3, r7
1000371e:	482a      	ldr	r0, [pc, #168]	@ (100037c8 <stdio_put_string+0xd8>)
10003720:	f002 fee2 	bl	100064e8 <__mutex_try_enter_block_until_veneer>
10003724:	1c6b      	adds	r3, r5, #1
10003726:	4680      	mov	r8, r0
10003728:	d040      	beq.n	100037ac <stdio_put_string+0xbc>
1000372a:	b30c      	cbz	r4, 10003770 <stdio_put_string+0x80>
1000372c:	4f27      	ldr	r7, [pc, #156]	@ (100037cc <stdio_put_string+0xdc>)
1000372e:	4b28      	ldr	r3, [pc, #160]	@ (100037d0 <stdio_put_string+0xe0>)
10003730:	681c      	ldr	r4, [r3, #0]
10003732:	b1b4      	cbz	r4, 10003762 <stdio_put_string+0x72>
10003734:	f1b9 0f00 	cmp.w	r9, #0
10003738:	d11c      	bne.n	10003774 <stdio_put_string+0x84>
1000373a:	f8df 909c 	ldr.w	r9, [pc, #156]	@ 100037d8 <stdio_put_string+0xe8>
1000373e:	e001      	b.n	10003744 <stdio_put_string+0x54>
10003740:	6924      	ldr	r4, [r4, #16]
10003742:	b174      	cbz	r4, 10003762 <stdio_put_string+0x72>
10003744:	6823      	ldr	r3, [r4, #0]
10003746:	2b00      	cmp	r3, #0
10003748:	d0fa      	beq.n	10003740 <stdio_put_string+0x50>
1000374a:	f8d9 3000 	ldr.w	r3, [r9]
1000374e:	b10b      	cbz	r3, 10003754 <stdio_put_string+0x64>
10003750:	429c      	cmp	r4, r3
10003752:	d1f5      	bne.n	10003740 <stdio_put_string+0x50>
10003754:	4620      	mov	r0, r4
10003756:	462a      	mov	r2, r5
10003758:	4631      	mov	r1, r6
1000375a:	47b8      	blx	r7
1000375c:	6924      	ldr	r4, [r4, #16]
1000375e:	2c00      	cmp	r4, #0
10003760:	d1f0      	bne.n	10003744 <stdio_put_string+0x54>
10003762:	f1b8 0f00 	cmp.w	r8, #0
10003766:	d126      	bne.n	100037b6 <stdio_put_string+0xc6>
10003768:	4628      	mov	r0, r5
1000376a:	b002      	add	sp, #8
1000376c:	e8bd 87f0 	ldmia.w	sp!, {r4, r5, r6, r7, r8, r9, sl, pc}
10003770:	4f18      	ldr	r7, [pc, #96]	@ (100037d4 <stdio_put_string+0xe4>)
10003772:	e7dc      	b.n	1000372e <stdio_put_string+0x3e>
10003774:	f04f 0a0a 	mov.w	sl, #10
10003778:	f8df 905c 	ldr.w	r9, [pc, #92]	@ 100037d8 <stdio_put_string+0xe8>
1000377c:	e002      	b.n	10003784 <stdio_put_string+0x94>
1000377e:	6924      	ldr	r4, [r4, #16]
10003780:	2c00      	cmp	r4, #0
10003782:	d0ee      	beq.n	10003762 <stdio_put_string+0x72>
10003784:	6823      	ldr	r3, [r4, #0]
10003786:	2b00      	cmp	r3, #0
10003788:	d0f9      	beq.n	1000377e <stdio_put_string+0x8e>
1000378a:	f8d9 3000 	ldr.w	r3, [r9]
1000378e:	b10b      	cbz	r3, 10003794 <stdio_put_string+0xa4>
10003790:	42a3      	cmp	r3, r4
10003792:	d1f4      	bne.n	1000377e <stdio_put_string+0x8e>
10003794:	462a      	mov	r2, r5
10003796:	4631      	mov	r1, r6
10003798:	4620      	mov	r0, r4
1000379a:	47b8      	blx	r7
1000379c:	2201      	movs	r2, #1
1000379e:	4620      	mov	r0, r4
100037a0:	f10d 0107 	add.w	r1, sp, #7
100037a4:	f88d a007 	strb.w	sl, [sp, #7]
100037a8:	47b8      	blx	r7
100037aa:	e7e8      	b.n	1000377e <stdio_put_string+0x8e>
100037ac:	4630      	mov	r0, r6
100037ae:	f002 fe45 	bl	1000643c <strlen>
100037b2:	4605      	mov	r5, r0
100037b4:	e7b9      	b.n	1000372a <stdio_put_string+0x3a>
100037b6:	4804      	ldr	r0, [pc, #16]	@ (100037c8 <stdio_put_string+0xd8>)
100037b8:	f002 fe8a 	bl	100064d0 <__mutex_exit_veneer>
100037bc:	4628      	mov	r0, r5
100037be:	b002      	add	sp, #8
100037c0:	e8bd 87f0 	ldmia.w	sp!, {r4, r5, r6, r7, r8, r9, sl, pc}
100037c4:	000f4240 	.word	0x000f4240
100037c8:	2000159c 	.word	0x2000159c
100037cc:	100035e1 	.word	0x100035e1
100037d0:	20001d48 	.word	0x20001d48
100037d4:	100035d9 	.word	0x100035d9
100037d8:	20001d50 	.word	0x20001d50

100037dc <stdio_set_driver_enabled>:
100037dc:	4a08      	ldr	r2, [pc, #32]	@ (10003800 <stdio_set_driver_enabled+0x24>)
100037de:	6813      	ldr	r3, [r2, #0]
100037e0:	b923      	cbnz	r3, 100037ec <stdio_set_driver_enabled+0x10>
100037e2:	e00a      	b.n	100037fa <stdio_set_driver_enabled+0x1e>
100037e4:	f103 0210 	add.w	r2, r3, #16
100037e8:	691b      	ldr	r3, [r3, #16]
100037ea:	b133      	cbz	r3, 100037fa <stdio_set_driver_enabled+0x1e>
100037ec:	4283      	cmp	r3, r0
100037ee:	d1f9      	bne.n	100037e4 <stdio_set_driver_enabled+0x8>
100037f0:	b929      	cbnz	r1, 100037fe <stdio_set_driver_enabled+0x22>
100037f2:	6918      	ldr	r0, [r3, #16]
100037f4:	6010      	str	r0, [r2, #0]
100037f6:	6119      	str	r1, [r3, #16]
100037f8:	4770      	bx	lr
100037fa:	b101      	cbz	r1, 100037fe <stdio_set_driver_enabled+0x22>
100037fc:	6010      	str	r0, [r2, #0]
100037fe:	4770      	bx	lr
10003800:	20001d48 	.word	0x20001d48

10003804 <stdio_init_all>:
10003804:	f000 bade 	b.w	10003dc4 <stdio_usb_init>

10003808 <__wrap_putchar>:
10003808:	b5f0      	push	{r4, r5, r6, r7, lr}
1000380a:	b083      	sub	sp, #12
1000380c:	4606      	mov	r6, r0
1000380e:	f88d 0007 	strb.w	r0, [sp, #7]
10003812:	f7fd ff47 	bl	100016a4 <time_us_64>
10003816:	f04f 35ff 	mov.w	r5, #4294967295	@ 0xffffffff
1000381a:	f06f 4400 	mvn.w	r4, #2147483648	@ 0x80000000
1000381e:	4a17      	ldr	r2, [pc, #92]	@ (1000387c <__wrap_putchar+0x74>)
10003820:	1882      	adds	r2, r0, r2
10003822:	f141 0300 	adc.w	r3, r1, #0
10003826:	4295      	cmp	r5, r2
10003828:	eb74 0103 	sbcs.w	r1, r4, r3
1000382c:	bf3c      	itt	cc
1000382e:	4623      	movcc	r3, r4
10003830:	462a      	movcc	r2, r5
10003832:	4813      	ldr	r0, [pc, #76]	@ (10003880 <__wrap_putchar+0x78>)
10003834:	f002 fe58 	bl	100064e8 <__mutex_try_enter_block_until_veneer>
10003838:	4b12      	ldr	r3, [pc, #72]	@ (10003884 <__wrap_putchar+0x7c>)
1000383a:	4607      	mov	r7, r0
1000383c:	681c      	ldr	r4, [r3, #0]
1000383e:	b19c      	cbz	r4, 10003868 <__wrap_putchar+0x60>
10003840:	4d11      	ldr	r5, [pc, #68]	@ (10003888 <__wrap_putchar+0x80>)
10003842:	e001      	b.n	10003848 <__wrap_putchar+0x40>
10003844:	6924      	ldr	r4, [r4, #16]
10003846:	b17c      	cbz	r4, 10003868 <__wrap_putchar+0x60>
10003848:	6823      	ldr	r3, [r4, #0]
1000384a:	2b00      	cmp	r3, #0
1000384c:	d0fa      	beq.n	10003844 <__wrap_putchar+0x3c>
1000384e:	682b      	ldr	r3, [r5, #0]
10003850:	b10b      	cbz	r3, 10003856 <__wrap_putchar+0x4e>
10003852:	429c      	cmp	r4, r3
10003854:	d1f6      	bne.n	10003844 <__wrap_putchar+0x3c>
10003856:	4620      	mov	r0, r4
10003858:	2201      	movs	r2, #1
1000385a:	f10d 0107 	add.w	r1, sp, #7
1000385e:	f7ff febf 	bl	100035e0 <stdio_out_chars_crlf>
10003862:	6924      	ldr	r4, [r4, #16]
10003864:	2c00      	cmp	r4, #0
10003866:	d1ef      	bne.n	10003848 <__wrap_putchar+0x40>
10003868:	b917      	cbnz	r7, 10003870 <__wrap_putchar+0x68>
1000386a:	4630      	mov	r0, r6
1000386c:	b003      	add	sp, #12
1000386e:	bdf0      	pop	{r4, r5, r6, r7, pc}
10003870:	4803      	ldr	r0, [pc, #12]	@ (10003880 <__wrap_putchar+0x78>)
10003872:	f002 fe2d 	bl	100064d0 <__mutex_exit_veneer>
10003876:	4630      	mov	r0, r6
10003878:	b003      	add	sp, #12
1000387a:	bdf0      	pop	{r4, r5, r6, r7, pc}
1000387c:	000f4240 	.word	0x000f4240
10003880:	2000159c 	.word	0x2000159c
10003884:	20001d48 	.word	0x20001d48
10003888:	20001d50 	.word	0x20001d50

1000388c <__wrap_puts>:
1000388c:	b538      	push	{r3, r4, r5, lr}
1000388e:	4604      	mov	r4, r0
10003890:	f002 fdd4 	bl	1000643c <strlen>
10003894:	2301      	movs	r3, #1
10003896:	4605      	mov	r5, r0
10003898:	461a      	mov	r2, r3
1000389a:	4620      	mov	r0, r4
1000389c:	4629      	mov	r1, r5
1000389e:	f7ff ff27 	bl	100036f0 <stdio_put_string>
100038a2:	4b08      	ldr	r3, [pc, #32]	@ (100038c4 <__wrap_puts+0x38>)
100038a4:	681c      	ldr	r4, [r3, #0]
100038a6:	b12c      	cbz	r4, 100038b4 <__wrap_puts+0x28>
100038a8:	6863      	ldr	r3, [r4, #4]
100038aa:	b12b      	cbz	r3, 100038b8 <__wrap_puts+0x2c>
100038ac:	4798      	blx	r3
100038ae:	6924      	ldr	r4, [r4, #16]
100038b0:	2c00      	cmp	r4, #0
100038b2:	d1f9      	bne.n	100038a8 <__wrap_puts+0x1c>
100038b4:	4628      	mov	r0, r5
100038b6:	bd38      	pop	{r3, r4, r5, pc}
100038b8:	6924      	ldr	r4, [r4, #16]
100038ba:	2c00      	cmp	r4, #0
100038bc:	d1f4      	bne.n	100038a8 <__wrap_puts+0x1c>
100038be:	4628      	mov	r0, r5
100038c0:	bd38      	pop	{r3, r4, r5, pc}
100038c2:	bf00      	nop
100038c4:	20001d48 	.word	0x20001d48

100038c8 <__wrap_vprintf>:
100038c8:	e92d 41f0 	stmdb	sp!, {r4, r5, r6, r7, r8, lr}
100038cc:	b0a2      	sub	sp, #136	@ 0x88
100038ce:	4604      	mov	r4, r0
100038d0:	460d      	mov	r5, r1
100038d2:	f7fd fee7 	bl	100016a4 <time_us_64>
100038d6:	f04f 37ff 	mov.w	r7, #4294967295	@ 0xffffffff
100038da:	f06f 4600 	mvn.w	r6, #2147483648	@ 0x80000000
100038de:	4a26      	ldr	r2, [pc, #152]	@ (10003978 <__wrap_vprintf+0xb0>)
100038e0:	f8df 80a4 	ldr.w	r8, [pc, #164]	@ 10003988 <__wrap_vprintf+0xc0>
100038e4:	1882      	adds	r2, r0, r2
100038e6:	f141 0300 	adc.w	r3, r1, #0
100038ea:	4297      	cmp	r7, r2
100038ec:	eb76 0103 	sbcs.w	r1, r6, r3
100038f0:	bf3c      	itt	cc
100038f2:	463a      	movcc	r2, r7
100038f4:	4633      	movcc	r3, r6
100038f6:	4821      	ldr	r0, [pc, #132]	@ (1000397c <__wrap_vprintf+0xb4>)
100038f8:	f002 fdf6 	bl	100064e8 <__mutex_try_enter_block_until_veneer>
100038fc:	2700      	movs	r7, #0
100038fe:	462b      	mov	r3, r5
10003900:	4622      	mov	r2, r4
10003902:	4606      	mov	r6, r0
10003904:	a901      	add	r1, sp, #4
10003906:	481e      	ldr	r0, [pc, #120]	@ (10003980 <__wrap_vprintf+0xb8>)
10003908:	9701      	str	r7, [sp, #4]
1000390a:	f7ff fe21 	bl	10003550 <vfctprintf>
1000390e:	9b01      	ldr	r3, [sp, #4]
10003910:	4605      	mov	r5, r0
10003912:	f8d8 4000 	ldr.w	r4, [r8]
10003916:	b1c3      	cbz	r3, 1000394a <__wrap_vprintf+0x82>
10003918:	2c00      	cmp	r4, #0
1000391a:	d02b      	beq.n	10003974 <__wrap_vprintf+0xac>
1000391c:	4f19      	ldr	r7, [pc, #100]	@ (10003984 <__wrap_vprintf+0xbc>)
1000391e:	e001      	b.n	10003924 <__wrap_vprintf+0x5c>
10003920:	6924      	ldr	r4, [r4, #16]
10003922:	b174      	cbz	r4, 10003942 <__wrap_vprintf+0x7a>
10003924:	6823      	ldr	r3, [r4, #0]
10003926:	2b00      	cmp	r3, #0
10003928:	d0fa      	beq.n	10003920 <__wrap_vprintf+0x58>
1000392a:	683b      	ldr	r3, [r7, #0]
1000392c:	b10b      	cbz	r3, 10003932 <__wrap_vprintf+0x6a>
1000392e:	42a3      	cmp	r3, r4
10003930:	d1f6      	bne.n	10003920 <__wrap_vprintf+0x58>
10003932:	4620      	mov	r0, r4
10003934:	9a01      	ldr	r2, [sp, #4]
10003936:	a902      	add	r1, sp, #8
10003938:	f7ff fe52 	bl	100035e0 <stdio_out_chars_crlf>
1000393c:	6924      	ldr	r4, [r4, #16]
1000393e:	2c00      	cmp	r4, #0
10003940:	d1f0      	bne.n	10003924 <__wrap_vprintf+0x5c>
10003942:	2300      	movs	r3, #0
10003944:	f8d8 4000 	ldr.w	r4, [r8]
10003948:	9301      	str	r3, [sp, #4]
1000394a:	b12c      	cbz	r4, 10003958 <__wrap_vprintf+0x90>
1000394c:	6863      	ldr	r3, [r4, #4]
1000394e:	b143      	cbz	r3, 10003962 <__wrap_vprintf+0x9a>
10003950:	4798      	blx	r3
10003952:	6924      	ldr	r4, [r4, #16]
10003954:	2c00      	cmp	r4, #0
10003956:	d1f9      	bne.n	1000394c <__wrap_vprintf+0x84>
10003958:	b92e      	cbnz	r6, 10003966 <__wrap_vprintf+0x9e>
1000395a:	4628      	mov	r0, r5
1000395c:	b022      	add	sp, #136	@ 0x88
1000395e:	e8bd 81f0 	ldmia.w	sp!, {r4, r5, r6, r7, r8, pc}
10003962:	6924      	ldr	r4, [r4, #16]
10003964:	e7f1      	b.n	1000394a <__wrap_vprintf+0x82>
10003966:	4805      	ldr	r0, [pc, #20]	@ (1000397c <__wrap_vprintf+0xb4>)
10003968:	f002 fdb2 	bl	100064d0 <__mutex_exit_veneer>
1000396c:	4628      	mov	r0, r5
1000396e:	b022      	add	sp, #136	@ 0x88
10003970:	e8bd 81f0 	ldmia.w	sp!, {r4, r5, r6, r7, r8, pc}
10003974:	9401      	str	r4, [sp, #4]
10003976:	e7ef      	b.n	10003958 <__wrap_vprintf+0x90>
10003978:	000f4240 	.word	0x000f4240
1000397c:	2000159c 	.word	0x2000159c
10003980:	10003691 	.word	0x10003691
10003984:	20001d50 	.word	0x20001d50
10003988:	20001d48 	.word	0x20001d48

1000398c <__wrap_printf>:
1000398c:	b40f      	push	{r0, r1, r2, r3}
1000398e:	b500      	push	{lr}
10003990:	b083      	sub	sp, #12
10003992:	a904      	add	r1, sp, #16
10003994:	f851 0b04 	ldr.w	r0, [r1], #4
10003998:	9101      	str	r1, [sp, #4]
1000399a:	f7ff ff95 	bl	100038c8 <__wrap_vprintf>
1000399e:	b003      	add	sp, #12
100039a0:	f85d eb04 	ldr.w	lr, [sp], #4
100039a4:	b004      	add	sp, #16
100039a6:	4770      	bx	lr

100039a8 <resetd_init>:
100039a8:	4770      	bx	lr
100039aa:	bf00      	nop

100039ac <resetd_reset>:
100039ac:	2200      	movs	r2, #0
100039ae:	4b01      	ldr	r3, [pc, #4]	@ (100039b4 <resetd_reset+0x8>)
100039b0:	701a      	strb	r2, [r3, #0]
100039b2:	4770      	bx	lr
100039b4:	200021c9 	.word	0x200021c9

100039b8 <resetd_open>:
100039b8:	794b      	ldrb	r3, [r1, #5]
100039ba:	2bff      	cmp	r3, #255	@ 0xff
100039bc:	d10b      	bne.n	100039d6 <resetd_open+0x1e>
100039be:	7988      	ldrb	r0, [r1, #6]
100039c0:	b948      	cbnz	r0, 100039d6 <resetd_open+0x1e>
100039c2:	79cb      	ldrb	r3, [r1, #7]
100039c4:	2b01      	cmp	r3, #1
100039c6:	d107      	bne.n	100039d8 <resetd_open+0x20>
100039c8:	2a08      	cmp	r2, #8
100039ca:	d905      	bls.n	100039d8 <resetd_open+0x20>
100039cc:	4b03      	ldr	r3, [pc, #12]	@ (100039dc <resetd_open+0x24>)
100039ce:	788a      	ldrb	r2, [r1, #2]
100039d0:	2009      	movs	r0, #9
100039d2:	701a      	strb	r2, [r3, #0]
100039d4:	4770      	bx	lr
100039d6:	2000      	movs	r0, #0
100039d8:	4770      	bx	lr
100039da:	bf00      	nop
100039dc:	200021c9 	.word	0x200021c9

100039e0 <resetd_xfer_cb>:
100039e0:	2001      	movs	r0, #1
100039e2:	4770      	bx	lr

100039e4 <resetd_control_xfer_cb>:
100039e4:	2901      	cmp	r1, #1
100039e6:	d001      	beq.n	100039ec <resetd_control_xfer_cb+0x8>
100039e8:	2001      	movs	r0, #1
100039ea:	4770      	bx	lr
100039ec:	b508      	push	{r3, lr}
100039ee:	4b10      	ldr	r3, [pc, #64]	@ (10003a30 <resetd_control_xfer_cb+0x4c>)
100039f0:	8891      	ldrh	r1, [r2, #4]
100039f2:	781b      	ldrb	r3, [r3, #0]
100039f4:	4299      	cmp	r1, r3
100039f6:	d001      	beq.n	100039fc <resetd_control_xfer_cb+0x18>
100039f8:	2000      	movs	r0, #0
100039fa:	bd08      	pop	{r3, pc}
100039fc:	7853      	ldrb	r3, [r2, #1]
100039fe:	2b01      	cmp	r3, #1
10003a00:	d008      	beq.n	10003a14 <resetd_control_xfer_cb+0x30>
10003a02:	2b02      	cmp	r3, #2
10003a04:	d1f8      	bne.n	100039f8 <resetd_control_xfer_cb+0x14>
10003a06:	2100      	movs	r1, #0
10003a08:	2264      	movs	r2, #100	@ 0x64
10003a0a:	4608      	mov	r0, r1
10003a0c:	f7fd ff1a 	bl	10001844 <watchdog_reboot>
10003a10:	2001      	movs	r0, #1
10003a12:	bd08      	pop	{r3, pc}
10003a14:	8851      	ldrh	r1, [r2, #2]
10003a16:	05cb      	lsls	r3, r1, #23
10003a18:	bf48      	it	mi
10003a1a:	0a48      	lsrmi	r0, r1, #9
10003a1c:	f3c1 2240 	ubfx	r2, r1, #9, #1
10003a20:	bf58      	it	pl
10003a22:	f04f 30ff 	movpl.w	r0, #4294967295	@ 0xffffffff
10003a26:	f001 017f 	and.w	r1, r1, #127	@ 0x7f
10003a2a:	f7fd ff89 	bl	10001940 <rom_reset_usb_boot_extra>
10003a2e:	bf00      	nop
10003a30:	200021c9 	.word	0x200021c9

10003a34 <tud_descriptor_bos_cb>:
10003a34:	4800      	ldr	r0, [pc, #0]	@ (10003a38 <tud_descriptor_bos_cb+0x4>)
10003a36:	4770      	bx	lr
10003a38:	100069f4 	.word	0x100069f4

10003a3c <tud_vendor_control_xfer_cb>:
10003a3c:	2901      	cmp	r1, #1
10003a3e:	d107      	bne.n	10003a50 <tud_vendor_control_xfer_cb+0x14>
10003a40:	7853      	ldrb	r3, [r2, #1]
10003a42:	2b01      	cmp	r3, #1
10003a44:	d102      	bne.n	10003a4c <tud_vendor_control_xfer_cb+0x10>
10003a46:	8893      	ldrh	r3, [r2, #4]
10003a48:	2b07      	cmp	r3, #7
10003a4a:	d003      	beq.n	10003a54 <tud_vendor_control_xfer_cb+0x18>
10003a4c:	2000      	movs	r0, #0
10003a4e:	4770      	bx	lr
10003a50:	2001      	movs	r0, #1
10003a52:	4770      	bx	lr
10003a54:	4611      	mov	r1, r2
10003a56:	23a6      	movs	r3, #166	@ 0xa6
10003a58:	4a01      	ldr	r2, [pc, #4]	@ (10003a60 <tud_vendor_control_xfer_cb+0x24>)
10003a5a:	f001 ba39 	b.w	10004ed0 <tud_control_xfer>
10003a5e:	bf00      	nop
10003a60:	1000694c 	.word	0x1000694c

10003a64 <usbd_app_driver_get_cb>:
10003a64:	4603      	mov	r3, r0
10003a66:	2201      	movs	r2, #1
10003a68:	4801      	ldr	r0, [pc, #4]	@ (10003a70 <usbd_app_driver_get_cb+0xc>)
10003a6a:	701a      	strb	r2, [r3, #0]
10003a6c:	4770      	bx	lr
10003a6e:	bf00      	nop
10003a70:	1000692c 	.word	0x1000692c

10003a74 <tud_cdc_line_coding_cb>:
10003a74:	b508      	push	{r3, lr}
10003a76:	680b      	ldr	r3, [r1, #0]
10003a78:	f5b3 6f96 	cmp.w	r3, #1200	@ 0x4b0
10003a7c:	d000      	beq.n	10003a80 <tud_cdc_line_coding_cb+0xc>
10003a7e:	bd08      	pop	{r3, pc}
10003a80:	2200      	movs	r2, #0
10003a82:	f04f 30ff 	mov.w	r0, #4294967295	@ 0xffffffff
10003a86:	4611      	mov	r1, r2
10003a88:	f7fd ff5a 	bl	10001940 <rom_reset_usb_boot_extra>

10003a8c <stdio_usb_set_chars_available_callback>:
10003a8c:	4a02      	ldr	r2, [pc, #8]	@ (10003a98 <stdio_usb_set_chars_available_callback+0xc>)
10003a8e:	4b03      	ldr	r3, [pc, #12]	@ (10003a9c <stdio_usb_set_chars_available_callback+0x10>)
10003a90:	6010      	str	r0, [r2, #0]
10003a92:	6019      	str	r1, [r3, #0]
10003a94:	4770      	bx	lr
10003a96:	bf00      	nop
10003a98:	20001ce8 	.word	0x20001ce8
10003a9c:	20001cec 	.word	0x20001cec

10003aa0 <timer_task>:
10003aa0:	4b18      	ldr	r3, [pc, #96]	@ (10003b04 <timer_task+0x64>)
10003aa2:	b570      	push	{r4, r5, r6, lr}
10003aa4:	681a      	ldr	r2, [r3, #0]
10003aa6:	2a00      	cmp	r2, #0
10003aa8:	d028      	beq.n	10003afc <timer_task+0x5c>
10003aaa:	f3ef 8110 	mrs	r1, PRIMASK
10003aae:	b672      	cpsid	i
10003ab0:	e8d2 4fcf 	ldaexb	r4, [r2]
10003ab4:	2001      	movs	r0, #1
10003ab6:	2c00      	cmp	r4, #0
10003ab8:	d1fa      	bne.n	10003ab0 <timer_task+0x10>
10003aba:	e8c2 0f44 	strexb	r4, r0, [r2]
10003abe:	2c00      	cmp	r4, #0
10003ac0:	d1f6      	bne.n	10003ab0 <timer_task+0x10>
10003ac2:	f3bf 8f5f 	dmb	sy
10003ac6:	2200      	movs	r2, #0
10003ac8:	4c0f      	ldr	r4, [pc, #60]	@ (10003b08 <timer_task+0x68>)
10003aca:	6818      	ldr	r0, [r3, #0]
10003acc:	6059      	str	r1, [r3, #4]
10003ace:	7022      	strb	r2, [r4, #0]
10003ad0:	e8c0 2f8f 	stlb	r2, [r0]
10003ad4:	f381 8810 	msr	PRIMASK, r1
10003ad8:	2400      	movs	r4, #0
10003ada:	2500      	movs	r5, #0
10003adc:	4e0b      	ldr	r6, [pc, #44]	@ (10003b0c <timer_task+0x6c>)
10003ade:	7830      	ldrb	r0, [r6, #0]
10003ae0:	f7fc ff40 	bl	10000964 <irq_is_enabled>
10003ae4:	b920      	cbnz	r0, 10003af0 <timer_task+0x50>
10003ae6:	2400      	movs	r4, #0
10003ae8:	2500      	movs	r5, #0
10003aea:	4620      	mov	r0, r4
10003aec:	4629      	mov	r1, r5
10003aee:	bd70      	pop	{r4, r5, r6, pc}
10003af0:	7830      	ldrb	r0, [r6, #0]
10003af2:	f7fc ff47 	bl	10000984 <irq_set_pending>
10003af6:	4620      	mov	r0, r4
10003af8:	4629      	mov	r1, r5
10003afa:	bd70      	pop	{r4, r5, r6, pc}
10003afc:	f44f 747a 	mov.w	r4, #1000	@ 0x3e8
10003b00:	2500      	movs	r5, #0
10003b02:	e7eb      	b.n	10003adc <timer_task+0x3c>
10003b04:	20002178 	.word	0x20002178
10003b08:	200021cb 	.word	0x200021cb
10003b0c:	200021ca 	.word	0x200021ca

10003b10 <usb_irq>:
10003b10:	4b01      	ldr	r3, [pc, #4]	@ (10003b18 <usb_irq+0x8>)
10003b12:	7818      	ldrb	r0, [r3, #0]
10003b14:	f7fc bf36 	b.w	10000984 <irq_set_pending>
10003b18:	200021ca 	.word	0x200021ca

10003b1c <stdio_usb_in_chars>:
10003b1c:	b538      	push	{r3, r4, r5, lr}
10003b1e:	4604      	mov	r4, r0
10003b20:	2000      	movs	r0, #0
10003b22:	460d      	mov	r5, r1
10003b24:	f001 fb04 	bl	10005130 <tud_cdc_n_connected>
10003b28:	b3a8      	cbz	r0, 10003b96 <stdio_usb_in_chars+0x7a>
10003b2a:	2000      	movs	r0, #0
10003b2c:	f001 fb16 	bl	1000515c <tud_cdc_n_available>
10003b30:	b388      	cbz	r0, 10003b96 <stdio_usb_in_chars+0x7a>
10003b32:	f7fd fdb7 	bl	100016a4 <time_us_64>
10003b36:	f04f 3eff 	mov.w	lr, #4294967295	@ 0xffffffff
10003b3a:	f06f 4c00 	mvn.w	ip, #2147483648	@ 0x80000000
10003b3e:	4a17      	ldr	r2, [pc, #92]	@ (10003b9c <stdio_usb_in_chars+0x80>)
10003b40:	1882      	adds	r2, r0, r2
10003b42:	f141 0300 	adc.w	r3, r1, #0
10003b46:	4596      	cmp	lr, r2
10003b48:	eb7c 0103 	sbcs.w	r1, ip, r3
10003b4c:	bf3c      	itt	cc
10003b4e:	4672      	movcc	r2, lr
10003b50:	4663      	movcc	r3, ip
10003b52:	4813      	ldr	r0, [pc, #76]	@ (10003ba0 <stdio_usb_in_chars+0x84>)
10003b54:	f002 fcc8 	bl	100064e8 <__mutex_try_enter_block_until_veneer>
10003b58:	b1e8      	cbz	r0, 10003b96 <stdio_usb_in_chars+0x7a>
10003b5a:	2000      	movs	r0, #0
10003b5c:	f001 fae8 	bl	10005130 <tud_cdc_n_connected>
10003b60:	b958      	cbnz	r0, 10003b7a <stdio_usb_in_chars+0x5e>
10003b62:	2100      	movs	r1, #0
10003b64:	f04f 30ff 	mov.w	r0, #4294967295	@ 0xffffffff
10003b68:	f000 fd0a 	bl	10004580 <tud_task_ext>
10003b6c:	f06f 0402 	mvn.w	r4, #2
10003b70:	480b      	ldr	r0, [pc, #44]	@ (10003ba0 <stdio_usb_in_chars+0x84>)
10003b72:	f002 fcad 	bl	100064d0 <__mutex_exit_veneer>
10003b76:	4620      	mov	r0, r4
10003b78:	bd38      	pop	{r3, r4, r5, pc}
10003b7a:	2000      	movs	r0, #0
10003b7c:	f001 faee 	bl	1000515c <tud_cdc_n_available>
10003b80:	2800      	cmp	r0, #0
10003b82:	d0ee      	beq.n	10003b62 <stdio_usb_in_chars+0x46>
10003b84:	4621      	mov	r1, r4
10003b86:	462a      	mov	r2, r5
10003b88:	2000      	movs	r0, #0
10003b8a:	f001 faf1 	bl	10005170 <tud_cdc_n_read>
10003b8e:	4604      	mov	r4, r0
10003b90:	2800      	cmp	r0, #0
10003b92:	d1ed      	bne.n	10003b70 <stdio_usb_in_chars+0x54>
10003b94:	e7ea      	b.n	10003b6c <stdio_usb_in_chars+0x50>
10003b96:	f06f 0402 	mvn.w	r4, #2
10003b9a:	e7ec      	b.n	10003b76 <stdio_usb_in_chars+0x5a>
10003b9c:	000f4240 	.word	0x000f4240
10003ba0:	200021ac 	.word	0x200021ac

10003ba4 <stdio_usb_out_flush>:
10003ba4:	b508      	push	{r3, lr}
10003ba6:	f7fd fd7d 	bl	100016a4 <time_us_64>
10003baa:	f04f 3eff 	mov.w	lr, #4294967295	@ 0xffffffff
10003bae:	f06f 4c00 	mvn.w	ip, #2147483648	@ 0x80000000
10003bb2:	4a0f      	ldr	r2, [pc, #60]	@ (10003bf0 <stdio_usb_out_flush+0x4c>)
10003bb4:	1882      	adds	r2, r0, r2
10003bb6:	f141 0300 	adc.w	r3, r1, #0
10003bba:	4596      	cmp	lr, r2
10003bbc:	eb7c 0103 	sbcs.w	r1, ip, r3
10003bc0:	bf3c      	itt	cc
10003bc2:	4672      	movcc	r2, lr
10003bc4:	4663      	movcc	r3, ip
10003bc6:	480b      	ldr	r0, [pc, #44]	@ (10003bf4 <stdio_usb_out_flush+0x50>)
10003bc8:	f002 fc8e 	bl	100064e8 <__mutex_try_enter_block_until_veneer>
10003bcc:	b170      	cbz	r0, 10003bec <stdio_usb_out_flush+0x48>
10003bce:	f04f 30ff 	mov.w	r0, #4294967295	@ 0xffffffff
10003bd2:	2100      	movs	r1, #0
10003bd4:	f000 fcd4 	bl	10004580 <tud_task_ext>
10003bd8:	2000      	movs	r0, #0
10003bda:	f001 fb11 	bl	10005200 <tud_cdc_n_write_flush>
10003bde:	2800      	cmp	r0, #0
10003be0:	d1f5      	bne.n	10003bce <stdio_usb_out_flush+0x2a>
10003be2:	e8bd 4008 	ldmia.w	sp!, {r3, lr}
10003be6:	4803      	ldr	r0, [pc, #12]	@ (10003bf4 <stdio_usb_out_flush+0x50>)
10003be8:	f002 bc72 	b.w	100064d0 <__mutex_exit_veneer>
10003bec:	bd08      	pop	{r3, pc}
10003bee:	bf00      	nop
10003bf0:	000f4240 	.word	0x000f4240
10003bf4:	200021ac 	.word	0x200021ac

10003bf8 <stdio_usb_out_chars>:
10003bf8:	e92d 43f8 	stmdb	sp!, {r3, r4, r5, r6, r7, r8, r9, lr}
10003bfc:	4680      	mov	r8, r0
10003bfe:	460f      	mov	r7, r1
10003c00:	f7fd fd50 	bl	100016a4 <time_us_64>
10003c04:	f04f 35ff 	mov.w	r5, #4294967295	@ 0xffffffff
10003c08:	f06f 4400 	mvn.w	r4, #2147483648	@ 0x80000000
10003c0c:	4a33      	ldr	r2, [pc, #204]	@ (10003cdc <stdio_usb_out_chars+0xe4>)
10003c0e:	1882      	adds	r2, r0, r2
10003c10:	f141 0300 	adc.w	r3, r1, #0
10003c14:	4295      	cmp	r5, r2
10003c16:	eb74 0103 	sbcs.w	r1, r4, r3
10003c1a:	bf3c      	itt	cc
10003c1c:	462a      	movcc	r2, r5
10003c1e:	4623      	movcc	r3, r4
10003c20:	482f      	ldr	r0, [pc, #188]	@ (10003ce0 <stdio_usb_out_chars+0xe8>)
10003c22:	f002 fc61 	bl	100064e8 <__mutex_try_enter_block_until_veneer>
10003c26:	b908      	cbnz	r0, 10003c2c <stdio_usb_out_chars+0x34>
10003c28:	e8bd 83f8 	ldmia.w	sp!, {r3, r4, r5, r6, r7, r8, r9, pc}
10003c2c:	2000      	movs	r0, #0
10003c2e:	f001 fa7f 	bl	10005130 <tud_cdc_n_connected>
10003c32:	2800      	cmp	r0, #0
10003c34:	d047      	beq.n	10003cc6 <stdio_usb_out_chars+0xce>
10003c36:	2f00      	cmp	r7, #0
10003c38:	dd40      	ble.n	10003cbc <stdio_usb_out_chars+0xc4>
10003c3a:	2500      	movs	r5, #0
10003c3c:	f8df 90a8 	ldr.w	r9, [pc, #168]	@ 10003ce8 <stdio_usb_out_chars+0xf0>
10003c40:	4e28      	ldr	r6, [pc, #160]	@ (10003ce4 <stdio_usb_out_chars+0xec>)
10003c42:	e013      	b.n	10003c6c <stdio_usb_out_chars+0x74>
10003c44:	4622      	mov	r2, r4
10003c46:	2000      	movs	r0, #0
10003c48:	f001 fb20 	bl	1000528c <tud_cdc_n_write>
10003c4c:	2100      	movs	r1, #0
10003c4e:	4604      	mov	r4, r0
10003c50:	f04f 30ff 	mov.w	r0, #4294967295	@ 0xffffffff
10003c54:	f000 fc94 	bl	10004580 <tud_task_ext>
10003c58:	2000      	movs	r0, #0
10003c5a:	f001 fad1 	bl	10005200 <tud_cdc_n_write_flush>
10003c5e:	f7fd fd21 	bl	100016a4 <time_us_64>
10003c62:	e9c9 0100 	strd	r0, r1, [r9]
10003c66:	4425      	add	r5, r4
10003c68:	42af      	cmp	r7, r5
10003c6a:	dd27      	ble.n	10003cbc <stdio_usb_out_chars+0xc4>
10003c6c:	2000      	movs	r0, #0
10003c6e:	f001 fb2d 	bl	100052cc <tud_cdc_n_write_available>
10003c72:	1b7c      	subs	r4, r7, r5
10003c74:	4284      	cmp	r4, r0
10003c76:	bfa8      	it	ge
10003c78:	4604      	movge	r4, r0
10003c7a:	eb08 0105 	add.w	r1, r8, r5
10003c7e:	2c00      	cmp	r4, #0
10003c80:	d1e0      	bne.n	10003c44 <stdio_usb_out_chars+0x4c>
10003c82:	4621      	mov	r1, r4
10003c84:	f04f 30ff 	mov.w	r0, #4294967295	@ 0xffffffff
10003c88:	f000 fc7a 	bl	10004580 <tud_task_ext>
10003c8c:	4620      	mov	r0, r4
10003c8e:	f001 fab7 	bl	10005200 <tud_cdc_n_write_flush>
10003c92:	4620      	mov	r0, r4
10003c94:	f001 fa4c 	bl	10005130 <tud_cdc_n_connected>
10003c98:	b180      	cbz	r0, 10003cbc <stdio_usb_out_chars+0xc4>
10003c9a:	4620      	mov	r0, r4
10003c9c:	f001 fb16 	bl	100052cc <tud_cdc_n_write_available>
10003ca0:	2800      	cmp	r0, #0
10003ca2:	d1e1      	bne.n	10003c68 <stdio_usb_out_chars+0x70>
10003ca4:	f7fd fcfe 	bl	100016a4 <time_us_64>
10003ca8:	f8d9 3000 	ldr.w	r3, [r9]
10003cac:	f8d9 2004 	ldr.w	r2, [r9, #4]
10003cb0:	199b      	adds	r3, r3, r6
10003cb2:	f142 0200 	adc.w	r2, r2, #0
10003cb6:	4283      	cmp	r3, r0
10003cb8:	418a      	sbcs	r2, r1
10003cba:	d2d5      	bcs.n	10003c68 <stdio_usb_out_chars+0x70>
10003cbc:	4808      	ldr	r0, [pc, #32]	@ (10003ce0 <stdio_usb_out_chars+0xe8>)
10003cbe:	e8bd 43f8 	ldmia.w	sp!, {r3, r4, r5, r6, r7, r8, r9, lr}
10003cc2:	f002 bc05 	b.w	100064d0 <__mutex_exit_veneer>
10003cc6:	2000      	movs	r0, #0
10003cc8:	2100      	movs	r1, #0
10003cca:	4b07      	ldr	r3, [pc, #28]	@ (10003ce8 <stdio_usb_out_chars+0xf0>)
10003ccc:	e9c3 0100 	strd	r0, r1, [r3]
10003cd0:	e8bd 43f8 	ldmia.w	sp!, {r3, r4, r5, r6, r7, r8, r9, lr}
10003cd4:	4802      	ldr	r0, [pc, #8]	@ (10003ce0 <stdio_usb_out_chars+0xe8>)
10003cd6:	f002 bbfb 	b.w	100064d0 <__mutex_exit_veneer>
10003cda:	bf00      	nop
10003cdc:	000f4240 	.word	0x000f4240
10003ce0:	200021ac 	.word	0x200021ac
10003ce4:	0007a120 	.word	0x0007a120
10003ce8:	20001728 	.word	0x20001728

10003cec <low_priority_worker_irq>:
10003cec:	b530      	push	{r4, r5, lr}
10003cee:	2100      	movs	r1, #0
10003cf0:	b085      	sub	sp, #20
10003cf2:	482e      	ldr	r0, [pc, #184]	@ (10003dac <low_priority_worker_irq+0xc0>)
10003cf4:	f002 fbfc 	bl	100064f0 <__mutex_try_enter_veneer>
10003cf8:	b9f0      	cbnz	r0, 10003d38 <low_priority_worker_irq+0x4c>
10003cfa:	4b2d      	ldr	r3, [pc, #180]	@ (10003db0 <low_priority_worker_irq+0xc4>)
10003cfc:	681a      	ldr	r2, [r3, #0]
10003cfe:	b1ca      	cbz	r2, 10003d34 <low_priority_worker_irq+0x48>
10003d00:	f3ef 8110 	mrs	r1, PRIMASK
10003d04:	b672      	cpsid	i
10003d06:	e8d2 5fcf 	ldaexb	r5, [r2]
10003d0a:	2401      	movs	r4, #1
10003d0c:	2d00      	cmp	r5, #0
10003d0e:	d1fa      	bne.n	10003d06 <low_priority_worker_irq+0x1a>
10003d10:	e8c2 4f45 	strexb	r5, r4, [r2]
10003d14:	2d00      	cmp	r5, #0
10003d16:	d1f6      	bne.n	10003d06 <low_priority_worker_irq+0x1a>
10003d18:	f3bf 8f5f 	dmb	sy
10003d1c:	4c25      	ldr	r4, [pc, #148]	@ (10003db4 <low_priority_worker_irq+0xc8>)
10003d1e:	681d      	ldr	r5, [r3, #0]
10003d20:	7822      	ldrb	r2, [r4, #0]
10003d22:	6059      	str	r1, [r3, #4]
10003d24:	b2d3      	uxtb	r3, r2
10003d26:	2201      	movs	r2, #1
10003d28:	7022      	strb	r2, [r4, #0]
10003d2a:	e8c5 0f8f 	stlb	r0, [r5]
10003d2e:	f381 8810 	msr	PRIMASK, r1
10003d32:	b1cb      	cbz	r3, 10003d68 <low_priority_worker_irq+0x7c>
10003d34:	b005      	add	sp, #20
10003d36:	bd30      	pop	{r4, r5, pc}
10003d38:	2100      	movs	r1, #0
10003d3a:	f04f 30ff 	mov.w	r0, #4294967295	@ 0xffffffff
10003d3e:	f000 fc1f 	bl	10004580 <tud_task_ext>
10003d42:	2000      	movs	r0, #0
10003d44:	f001 fa0a 	bl	1000515c <tud_cdc_n_available>
10003d48:	4604      	mov	r4, r0
10003d4a:	4818      	ldr	r0, [pc, #96]	@ (10003dac <low_priority_worker_irq+0xc0>)
10003d4c:	f002 fbc0 	bl	100064d0 <__mutex_exit_veneer>
10003d50:	2c00      	cmp	r4, #0
10003d52:	d0ef      	beq.n	10003d34 <low_priority_worker_irq+0x48>
10003d54:	4b18      	ldr	r3, [pc, #96]	@ (10003db8 <low_priority_worker_irq+0xcc>)
10003d56:	681b      	ldr	r3, [r3, #0]
10003d58:	2b00      	cmp	r3, #0
10003d5a:	d0eb      	beq.n	10003d34 <low_priority_worker_irq+0x48>
10003d5c:	4a17      	ldr	r2, [pc, #92]	@ (10003dbc <low_priority_worker_irq+0xd0>)
10003d5e:	6810      	ldr	r0, [r2, #0]
10003d60:	b005      	add	sp, #20
10003d62:	e8bd 4030 	ldmia.w	sp!, {r4, r5, lr}
10003d66:	4718      	bx	r3
10003d68:	f7fd fa26 	bl	100011b8 <alarm_pool_get_default>
10003d6c:	4604      	mov	r4, r0
10003d6e:	f7fd fc99 	bl	100016a4 <time_us_64>
10003d72:	f04f 3cff 	mov.w	ip, #4294967295	@ 0xffffffff
10003d76:	f06f 4500 	mvn.w	r5, #2147483648	@ 0x80000000
10003d7a:	f510 727a 	adds.w	r2, r0, #1000	@ 0x3e8
10003d7e:	f141 0300 	adc.w	r3, r1, #0
10003d82:	4594      	cmp	ip, r2
10003d84:	eb75 0103 	sbcs.w	r1, r5, r3
10003d88:	bf38      	it	cc
10003d8a:	462b      	movcc	r3, r5
10003d8c:	f04f 0100 	mov.w	r1, #0
10003d90:	f04f 0501 	mov.w	r5, #1
10003d94:	4620      	mov	r0, r4
10003d96:	4c0a      	ldr	r4, [pc, #40]	@ (10003dc0 <low_priority_worker_irq+0xd4>)
10003d98:	bf38      	it	cc
10003d9a:	4662      	movcc	r2, ip
10003d9c:	e9cd 1501 	strd	r1, r5, [sp, #4]
10003da0:	9400      	str	r4, [sp, #0]
10003da2:	f7fd fa0d 	bl	100011c0 <alarm_pool_add_alarm_at>
10003da6:	b005      	add	sp, #20
10003da8:	bd30      	pop	{r4, r5, pc}
10003daa:	bf00      	nop
10003dac:	200021ac 	.word	0x200021ac
10003db0:	20002178 	.word	0x20002178
10003db4:	200021cb 	.word	0x200021cb
10003db8:	20001ce8 	.word	0x20001ce8
10003dbc:	20001cec 	.word	0x20001cec
10003dc0:	10003aa1 	.word	0x10003aa1

10003dc4 <stdio_usb_init>:
10003dc4:	f04f 4350 	mov.w	r3, #3489660928	@ 0xd0000000
10003dc8:	b530      	push	{r4, r5, lr}
10003dca:	b085      	sub	sp, #20
10003dcc:	681c      	ldr	r4, [r3, #0]
10003dce:	f7fd f9f3 	bl	100011b8 <alarm_pool_get_default>
10003dd2:	f7fd fb07 	bl	100013e4 <alarm_pool_core_num>
10003dd6:	42a0      	cmp	r0, r4
10003dd8:	d002      	beq.n	10003de0 <stdio_usb_init+0x1c>
10003dda:	2000      	movs	r0, #0
10003ddc:	b005      	add	sp, #20
10003dde:	bd30      	pop	{r4, r5, pc}
10003de0:	2100      	movs	r1, #0
10003de2:	4b2a      	ldr	r3, [pc, #168]	@ (10003e8c <stdio_usb_init+0xc8>)
10003de4:	4608      	mov	r0, r1
10003de6:	781b      	ldrb	r3, [r3, #0]
10003de8:	f001 fd38 	bl	1000585c <tusb_rhport_init>
10003dec:	4828      	ldr	r0, [pc, #160]	@ (10003e90 <stdio_usb_init+0xcc>)
10003dee:	6803      	ldr	r3, [r0, #0]
10003df0:	2b00      	cmp	r3, #0
10003df2:	d047      	beq.n	10003e84 <stdio_usb_init+0xc0>
10003df4:	2001      	movs	r0, #1
10003df6:	f7fc ff63 	bl	10000cc0 <user_irq_claim_unused>
10003dfa:	4603      	mov	r3, r0
10003dfc:	4c25      	ldr	r4, [pc, #148]	@ (10003e94 <stdio_usb_init+0xd0>)
10003dfe:	4926      	ldr	r1, [pc, #152]	@ (10003e98 <stdio_usb_init+0xd4>)
10003e00:	b2c0      	uxtb	r0, r0
10003e02:	7023      	strb	r3, [r4, #0]
10003e04:	f7fc fdda 	bl	100009bc <irq_set_exclusive_handler>
10003e08:	7820      	ldrb	r0, [r4, #0]
10003e0a:	2101      	movs	r1, #1
10003e0c:	f7fc fd94 	bl	10000938 <irq_set_enabled>
10003e10:	200e      	movs	r0, #14
10003e12:	f7fc fdc3 	bl	1000099c <irq_has_shared_handler>
10003e16:	bb40      	cbnz	r0, 10003e6a <stdio_usb_init+0xa6>
10003e18:	4b20      	ldr	r3, [pc, #128]	@ (10003e9c <stdio_usb_init+0xd8>)
10003e1a:	2501      	movs	r5, #1
10003e1c:	e9c3 0000 	strd	r0, r0, [r3]
10003e20:	f7fd f9ca 	bl	100011b8 <alarm_pool_get_default>
10003e24:	4604      	mov	r4, r0
10003e26:	f7fd fc3d 	bl	100016a4 <time_us_64>
10003e2a:	f04f 3eff 	mov.w	lr, #4294967295	@ 0xffffffff
10003e2e:	f06f 4c00 	mvn.w	ip, #2147483648	@ 0x80000000
10003e32:	f510 727a 	adds.w	r2, r0, #1000	@ 0x3e8
10003e36:	f141 0300 	adc.w	r3, r1, #0
10003e3a:	4596      	cmp	lr, r2
10003e3c:	eb7c 0103 	sbcs.w	r1, ip, r3
10003e40:	f04f 0100 	mov.w	r1, #0
10003e44:	4620      	mov	r0, r4
10003e46:	4c16      	ldr	r4, [pc, #88]	@ (10003ea0 <stdio_usb_init+0xdc>)
10003e48:	bf3c      	itt	cc
10003e4a:	4672      	movcc	r2, lr
10003e4c:	4663      	movcc	r3, ip
10003e4e:	e9cd 1501 	strd	r1, r5, [sp, #4]
10003e52:	9400      	str	r4, [sp, #0]
10003e54:	f7fd f9b4 	bl	100011c0 <alarm_pool_add_alarm_at>
10003e58:	2800      	cmp	r0, #0
10003e5a:	dbbe      	blt.n	10003dda <stdio_usb_init+0x16>
10003e5c:	2101      	movs	r1, #1
10003e5e:	4811      	ldr	r0, [pc, #68]	@ (10003ea4 <stdio_usb_init+0xe0>)
10003e60:	f7ff fcbc 	bl	100037dc <stdio_set_driver_enabled>
10003e64:	2001      	movs	r0, #1
10003e66:	b005      	add	sp, #20
10003e68:	bd30      	pop	{r4, r5, pc}
10003e6a:	2001      	movs	r0, #1
10003e6c:	f7fc fd20 	bl	100008b0 <spin_lock_claim_unused>
10003e70:	4601      	mov	r1, r0
10003e72:	480a      	ldr	r0, [pc, #40]	@ (10003e9c <stdio_usb_init+0xd8>)
10003e74:	f7fc ff80 	bl	10000d78 <critical_section_init_with_lock_num>
10003e78:	2200      	movs	r2, #0
10003e7a:	200e      	movs	r0, #14
10003e7c:	490a      	ldr	r1, [pc, #40]	@ (10003ea8 <stdio_usb_init+0xe4>)
10003e7e:	f7fc fdcd 	bl	10000a1c <irq_add_shared_handler>
10003e82:	e7eb      	b.n	10003e5c <stdio_usb_init+0x98>
10003e84:	f7fc ff5c 	bl	10000d40 <mutex_init>
10003e88:	e7b4      	b.n	10003df4 <stdio_usb_init+0x30>
10003e8a:	bf00      	nop
10003e8c:	10006b0c 	.word	0x10006b0c
10003e90:	200021ac 	.word	0x200021ac
10003e94:	200021ca 	.word	0x200021ca
10003e98:	10003ced 	.word	0x10003ced
10003e9c:	20002178 	.word	0x20002178
10003ea0:	10003aa1 	.word	0x10003aa1
10003ea4:	2000155c 	.word	0x2000155c
10003ea8:	10003b11 	.word	0x10003b11

10003eac <tud_descriptor_device_cb>:
10003eac:	4800      	ldr	r0, [pc, #0]	@ (10003eb0 <tud_descriptor_device_cb+0x4>)
10003eae:	4770      	bx	lr
10003eb0:	10006a90 	.word	0x10006a90

10003eb4 <tud_descriptor_configuration_cb>:
10003eb4:	4800      	ldr	r0, [pc, #0]	@ (10003eb8 <tud_descriptor_configuration_cb+0x4>)
10003eb6:	4770      	bx	lr
10003eb8:	10006a3c 	.word	0x10006a3c

10003ebc <tud_descriptor_string_cb>:
10003ebc:	b538      	push	{r3, r4, r5, lr}
10003ebe:	4b18      	ldr	r3, [pc, #96]	@ (10003f20 <tud_descriptor_string_cb+0x64>)
10003ec0:	4604      	mov	r4, r0
10003ec2:	781a      	ldrb	r2, [r3, #0]
10003ec4:	b30a      	cbz	r2, 10003f0a <tud_descriptor_string_cb+0x4e>
10003ec6:	b944      	cbnz	r4, 10003eda <tud_descriptor_string_cb+0x1e>
10003ec8:	f240 4209 	movw	r2, #1033	@ 0x409
10003ecc:	f44f 7341 	mov.w	r3, #772	@ 0x304
10003ed0:	4d14      	ldr	r5, [pc, #80]	@ (10003f24 <tud_descriptor_string_cb+0x68>)
10003ed2:	806a      	strh	r2, [r5, #2]
10003ed4:	4813      	ldr	r0, [pc, #76]	@ (10003f24 <tud_descriptor_string_cb+0x68>)
10003ed6:	802b      	strh	r3, [r5, #0]
10003ed8:	bd38      	pop	{r3, r4, r5, pc}
10003eda:	2c05      	cmp	r4, #5
10003edc:	d81d      	bhi.n	10003f1a <tud_descriptor_string_cb+0x5e>
10003ede:	4b12      	ldr	r3, [pc, #72]	@ (10003f28 <tud_descriptor_string_cb+0x6c>)
10003ee0:	4d10      	ldr	r5, [pc, #64]	@ (10003f24 <tud_descriptor_string_cb+0x68>)
10003ee2:	f853 1024 	ldr.w	r1, [r3, r4, lsl #2]
10003ee6:	4628      	mov	r0, r5
10003ee8:	2300      	movs	r3, #0
10003eea:	3901      	subs	r1, #1
10003eec:	e003      	b.n	10003ef6 <tud_descriptor_string_cb+0x3a>
10003eee:	2b13      	cmp	r3, #19
10003ef0:	f820 2f02 	strh.w	r2, [r0, #2]!
10003ef4:	d00e      	beq.n	10003f14 <tud_descriptor_string_cb+0x58>
10003ef6:	f811 2f01 	ldrb.w	r2, [r1, #1]!
10003efa:	3301      	adds	r3, #1
10003efc:	b2db      	uxtb	r3, r3
10003efe:	2a00      	cmp	r2, #0
10003f00:	d1f5      	bne.n	10003eee <tud_descriptor_string_cb+0x32>
10003f02:	005b      	lsls	r3, r3, #1
10003f04:	f443 7340 	orr.w	r3, r3, #768	@ 0x300
10003f08:	e7e4      	b.n	10003ed4 <tud_descriptor_string_cb+0x18>
10003f0a:	2111      	movs	r1, #17
10003f0c:	4618      	mov	r0, r3
10003f0e:	f000 f825 	bl	10003f5c <pico_get_unique_board_id_string>
10003f12:	e7d8      	b.n	10003ec6 <tud_descriptor_string_cb+0xa>
10003f14:	f44f 734a 	mov.w	r3, #808	@ 0x328
10003f18:	e7dc      	b.n	10003ed4 <tud_descriptor_string_cb+0x18>
10003f1a:	2000      	movs	r0, #0
10003f1c:	bd38      	pop	{r3, r4, r5, pc}
10003f1e:	bf00      	nop
10003f20:	200021b4 	.word	0x200021b4
10003f24:	20001d20 	.word	0x20001d20
10003f28:	10006a24 	.word	0x10006a24

10003f2c <_retrieve_unique_id_on_boot>:
10003f2c:	b500      	push	{lr}
10003f2e:	f245 3047 	movw	r0, #21319	@ 0x5347
10003f32:	b08b      	sub	sp, #44	@ 0x2c
10003f34:	f7fd fcf8 	bl	10001928 <rom_func_lookup>
10003f38:	2201      	movs	r2, #1
10003f3a:	4603      	mov	r3, r0
10003f3c:	2109      	movs	r1, #9
10003f3e:	a801      	add	r0, sp, #4
10003f40:	4798      	blx	r3
10003f42:	e9dd 3203 	ldrd	r3, r2, [sp, #12]
10003f46:	4904      	ldr	r1, [pc, #16]	@ (10003f58 <_retrieve_unique_id_on_boot+0x2c>)
10003f48:	ba12      	rev	r2, r2
10003f4a:	ba1b      	rev	r3, r3
10003f4c:	e9c1 2300 	strd	r2, r3, [r1]
10003f50:	b00b      	add	sp, #44	@ 0x2c
10003f52:	f85d fb04 	ldr.w	pc, [sp], #4
10003f56:	bf00      	nop
10003f58:	200021a0 	.word	0x200021a0

10003f5c <pico_get_unique_board_id_string>:
10003f5c:	2901      	cmp	r1, #1
10003f5e:	f101 33ff 	add.w	r3, r1, #4294967295	@ 0xffffffff
10003f62:	f000 80b3 	beq.w	100040cc <pico_get_unique_board_id_string+0x170>
10003f66:	495d      	ldr	r1, [pc, #372]	@ (100040dc <pico_get_unique_board_id_string+0x180>)
10003f68:	780a      	ldrb	r2, [r1, #0]
10003f6a:	ea4f 1c12 	mov.w	ip, r2, lsr #4
10003f6e:	2a9f      	cmp	r2, #159	@ 0x9f
10003f70:	bf8c      	ite	hi
10003f72:	f10c 0c37 	addhi.w	ip, ip, #55	@ 0x37
10003f76:	f10c 0c30 	addls.w	ip, ip, #48	@ 0x30
10003f7a:	2b01      	cmp	r3, #1
10003f7c:	f880 c000 	strb.w	ip, [r0]
10003f80:	f000 80a7 	beq.w	100040d2 <pico_get_unique_board_id_string+0x176>
10003f84:	f002 020f 	and.w	r2, r2, #15
10003f88:	2a09      	cmp	r2, #9
10003f8a:	bf8c      	ite	hi
10003f8c:	3237      	addhi	r2, #55	@ 0x37
10003f8e:	3230      	addls	r2, #48	@ 0x30
10003f90:	2b02      	cmp	r3, #2
10003f92:	7042      	strb	r2, [r0, #1]
10003f94:	f000 809d 	beq.w	100040d2 <pico_get_unique_board_id_string+0x176>
10003f98:	784a      	ldrb	r2, [r1, #1]
10003f9a:	ea4f 1c12 	mov.w	ip, r2, lsr #4
10003f9e:	2a9f      	cmp	r2, #159	@ 0x9f
10003fa0:	bf8c      	ite	hi
10003fa2:	f10c 0c37 	addhi.w	ip, ip, #55	@ 0x37
10003fa6:	f10c 0c30 	addls.w	ip, ip, #48	@ 0x30
10003faa:	2b03      	cmp	r3, #3
10003fac:	f880 c002 	strb.w	ip, [r0, #2]
10003fb0:	f000 808f 	beq.w	100040d2 <pico_get_unique_board_id_string+0x176>
10003fb4:	f002 020f 	and.w	r2, r2, #15
10003fb8:	2a09      	cmp	r2, #9
10003fba:	bf8c      	ite	hi
10003fbc:	3237      	addhi	r2, #55	@ 0x37
10003fbe:	3230      	addls	r2, #48	@ 0x30
10003fc0:	2b04      	cmp	r3, #4
10003fc2:	70c2      	strb	r2, [r0, #3]
10003fc4:	f000 8085 	beq.w	100040d2 <pico_get_unique_board_id_string+0x176>
10003fc8:	788a      	ldrb	r2, [r1, #2]
10003fca:	ea4f 1c12 	mov.w	ip, r2, lsr #4
10003fce:	2a9f      	cmp	r2, #159	@ 0x9f
10003fd0:	bf8c      	ite	hi
10003fd2:	f10c 0c37 	addhi.w	ip, ip, #55	@ 0x37
10003fd6:	f10c 0c30 	addls.w	ip, ip, #48	@ 0x30
10003fda:	2b05      	cmp	r3, #5
10003fdc:	f880 c004 	strb.w	ip, [r0, #4]
10003fe0:	d077      	beq.n	100040d2 <pico_get_unique_board_id_string+0x176>
10003fe2:	f002 020f 	and.w	r2, r2, #15
10003fe6:	2a09      	cmp	r2, #9
10003fe8:	bf8c      	ite	hi
10003fea:	3237      	addhi	r2, #55	@ 0x37
10003fec:	3230      	addls	r2, #48	@ 0x30
10003fee:	2b06      	cmp	r3, #6
10003ff0:	7142      	strb	r2, [r0, #5]
10003ff2:	d06e      	beq.n	100040d2 <pico_get_unique_board_id_string+0x176>
10003ff4:	78ca      	ldrb	r2, [r1, #3]
10003ff6:	ea4f 1c12 	mov.w	ip, r2, lsr #4
10003ffa:	2a9f      	cmp	r2, #159	@ 0x9f
10003ffc:	bf8c      	ite	hi
10003ffe:	f10c 0c37 	addhi.w	ip, ip, #55	@ 0x37
10004002:	f10c 0c30 	addls.w	ip, ip, #48	@ 0x30
10004006:	2b07      	cmp	r3, #7
10004008:	f880 c006 	strb.w	ip, [r0, #6]
1000400c:	d061      	beq.n	100040d2 <pico_get_unique_board_id_string+0x176>
1000400e:	f002 020f 	and.w	r2, r2, #15
10004012:	2a09      	cmp	r2, #9
10004014:	bf8c      	ite	hi
10004016:	3237      	addhi	r2, #55	@ 0x37
10004018:	3230      	addls	r2, #48	@ 0x30
1000401a:	2b08      	cmp	r3, #8
1000401c:	71c2      	strb	r2, [r0, #7]
1000401e:	d058      	beq.n	100040d2 <pico_get_unique_board_id_string+0x176>
10004020:	790a      	ldrb	r2, [r1, #4]
10004022:	ea4f 1c12 	mov.w	ip, r2, lsr #4
10004026:	2a9f      	cmp	r2, #159	@ 0x9f
10004028:	bf8c      	ite	hi
1000402a:	f10c 0c37 	addhi.w	ip, ip, #55	@ 0x37
1000402e:	f10c 0c30 	addls.w	ip, ip, #48	@ 0x30
10004032:	2b09      	cmp	r3, #9
10004034:	f880 c008 	strb.w	ip, [r0, #8]
10004038:	d04b      	beq.n	100040d2 <pico_get_unique_board_id_string+0x176>
1000403a:	f002 020f 	and.w	r2, r2, #15
1000403e:	2a09      	cmp	r2, #9
10004040:	bf8c      	ite	hi
10004042:	3237      	addhi	r2, #55	@ 0x37
10004044:	3230      	addls	r2, #48	@ 0x30
10004046:	2b0a      	cmp	r3, #10
10004048:	7242      	strb	r2, [r0, #9]
1000404a:	d042      	beq.n	100040d2 <pico_get_unique_board_id_string+0x176>
1000404c:	794a      	ldrb	r2, [r1, #5]
1000404e:	ea4f 1c12 	mov.w	ip, r2, lsr #4
10004052:	2a9f      	cmp	r2, #159	@ 0x9f
10004054:	bf8c      	ite	hi
10004056:	f10c 0c37 	addhi.w	ip, ip, #55	@ 0x37
1000405a:	f10c 0c30 	addls.w	ip, ip, #48	@ 0x30
1000405e:	2b0b      	cmp	r3, #11
10004060:	f880 c00a 	strb.w	ip, [r0, #10]
10004064:	d035      	beq.n	100040d2 <pico_get_unique_board_id_string+0x176>
10004066:	f002 020f 	and.w	r2, r2, #15
1000406a:	2a09      	cmp	r2, #9
1000406c:	bf8c      	ite	hi
1000406e:	3237      	addhi	r2, #55	@ 0x37
10004070:	3230      	addls	r2, #48	@ 0x30
10004072:	2b0c      	cmp	r3, #12
10004074:	72c2      	strb	r2, [r0, #11]
10004076:	d02c      	beq.n	100040d2 <pico_get_unique_board_id_string+0x176>
10004078:	798a      	ldrb	r2, [r1, #6]
1000407a:	ea4f 1c12 	mov.w	ip, r2, lsr #4
1000407e:	2a9f      	cmp	r2, #159	@ 0x9f
10004080:	bf8c      	ite	hi
10004082:	f10c 0c37 	addhi.w	ip, ip, #55	@ 0x37
10004086:	f10c 0c30 	addls.w	ip, ip, #48	@ 0x30
1000408a:	2b0d      	cmp	r3, #13
1000408c:	f880 c00c 	strb.w	ip, [r0, #12]
10004090:	d01f      	beq.n	100040d2 <pico_get_unique_board_id_string+0x176>
10004092:	f002 020f 	and.w	r2, r2, #15
10004096:	2a09      	cmp	r2, #9
10004098:	bf8c      	ite	hi
1000409a:	3237      	addhi	r2, #55	@ 0x37
1000409c:	3230      	addls	r2, #48	@ 0x30
1000409e:	2b0e      	cmp	r3, #14
100040a0:	7342      	strb	r2, [r0, #13]
100040a2:	d016      	beq.n	100040d2 <pico_get_unique_board_id_string+0x176>
100040a4:	79ca      	ldrb	r2, [r1, #7]
100040a6:	0911      	lsrs	r1, r2, #4
100040a8:	2a9f      	cmp	r2, #159	@ 0x9f
100040aa:	bf8c      	ite	hi
100040ac:	3137      	addhi	r1, #55	@ 0x37
100040ae:	3130      	addls	r1, #48	@ 0x30
100040b0:	2b0f      	cmp	r3, #15
100040b2:	7381      	strb	r1, [r0, #14]
100040b4:	d00d      	beq.n	100040d2 <pico_get_unique_board_id_string+0x176>
100040b6:	f002 020f 	and.w	r2, r2, #15
100040ba:	2a09      	cmp	r2, #9
100040bc:	bf94      	ite	ls
100040be:	3230      	addls	r2, #48	@ 0x30
100040c0:	3237      	addhi	r2, #55	@ 0x37
100040c2:	2b10      	cmp	r3, #16
100040c4:	73c2      	strb	r2, [r0, #15]
100040c6:	bf18      	it	ne
100040c8:	3010      	addne	r0, #16
100040ca:	d002      	beq.n	100040d2 <pico_get_unique_board_id_string+0x176>
100040cc:	2300      	movs	r3, #0
100040ce:	7003      	strb	r3, [r0, #0]
100040d0:	4770      	bx	lr
100040d2:	4418      	add	r0, r3
100040d4:	2300      	movs	r3, #0
100040d6:	7003      	strb	r3, [r0, #0]
100040d8:	4770      	bx	lr
100040da:	bf00      	nop
100040dc:	200021a0 	.word	0x200021a0

100040e0 <dcd_init>:
100040e0:	b570      	push	{r4, r5, r6, lr}
100040e2:	f000 f92d 	bl	10004340 <rp2040_usb_init>
100040e6:	230c      	movs	r3, #12
100040e8:	2640      	movs	r6, #64	@ 0x40
100040ea:	4c19      	ldr	r4, [pc, #100]	@ (10004150 <dcd_init+0x70>)
100040ec:	22ff      	movs	r2, #255	@ 0xff
100040ee:	67a3      	str	r3, [r4, #120]	@ 0x78
100040f0:	200e      	movs	r0, #14
100040f2:	4918      	ldr	r1, [pc, #96]	@ (10004154 <dcd_init+0x74>)
100040f4:	f7fc fc92 	bl	10000a1c <irq_add_shared_handler>
100040f8:	4632      	mov	r2, r6
100040fa:	2100      	movs	r1, #0
100040fc:	4816      	ldr	r0, [pc, #88]	@ (10004158 <dcd_init+0x78>)
100040fe:	f002 f8d9 	bl	100062b4 <memset>
10004102:	2501      	movs	r5, #1
10004104:	2300      	movs	r3, #0
10004106:	2180      	movs	r1, #128	@ 0x80
10004108:	4813      	ldr	r0, [pc, #76]	@ (10004158 <dcd_init+0x78>)
1000410a:	4a14      	ldr	r2, [pc, #80]	@ (1000415c <dcd_init+0x7c>)
1000410c:	8441      	strh	r1, [r0, #34]	@ 0x22
1000410e:	7045      	strb	r5, [r0, #1]
10004110:	8306      	strh	r6, [r0, #24]
10004112:	8706      	strh	r6, [r0, #56]	@ 0x38
10004114:	6082      	str	r2, [r0, #8]
10004116:	6043      	str	r3, [r0, #4]
10004118:	6013      	str	r3, [r2, #0]
1000411a:	f842 3c04 	str.w	r3, [r2, #-4]
1000411e:	f880 3021 	strb.w	r3, [r0, #33]	@ 0x21
10004122:	f880 303b 	strb.w	r3, [r0, #59]	@ 0x3b
10004126:	6243      	str	r3, [r0, #36]	@ 0x24
10004128:	4b0d      	ldr	r3, [pc, #52]	@ (10004160 <dcd_init+0x80>)
1000412a:	f04f 5600 	mov.w	r6, #536870912	@ 0x20000000
1000412e:	60c3      	str	r3, [r0, #12]
10004130:	62c3      	str	r3, [r0, #44]	@ 0x2c
10004132:	3b80      	subs	r3, #128	@ 0x80
10004134:	6283      	str	r3, [r0, #40]	@ 0x28
10004136:	f002 f9cf 	bl	100064d8 <__reset_non_control_endpoints_veneer>
1000413a:	f44f 3280 	mov.w	r2, #65536	@ 0x10000
1000413e:	4909      	ldr	r1, [pc, #36]	@ (10004164 <dcd_init+0x84>)
10004140:	4b09      	ldr	r3, [pc, #36]	@ (10004168 <dcd_init+0x88>)
10004142:	6425      	str	r5, [r4, #64]	@ 0x40
10004144:	4628      	mov	r0, r5
10004146:	64e6      	str	r6, [r4, #76]	@ 0x4c
10004148:	f8c4 1090 	str.w	r1, [r4, #144]	@ 0x90
1000414c:	64da      	str	r2, [r3, #76]	@ 0x4c
1000414e:	bd70      	pop	{r4, r5, r6, pc}
10004150:	50110000 	.word	0x50110000
10004154:	2000039d 	.word	0x2000039d
10004158:	20001d54 	.word	0x20001d54
1000415c:	50100084 	.word	0x50100084
10004160:	50100100 	.word	0x50100100
10004164:	0001d010 	.word	0x0001d010
10004168:	50112000 	.word	0x50112000

1000416c <dcd_int_enable>:
1000416c:	2101      	movs	r1, #1
1000416e:	200e      	movs	r0, #14
10004170:	f7fc bbe2 	b.w	10000938 <irq_set_enabled>

10004174 <dcd_set_address>:
10004174:	2200      	movs	r2, #0
10004176:	4802      	ldr	r0, [pc, #8]	@ (10004180 <dcd_set_address+0xc>)
10004178:	4611      	mov	r1, r2
1000417a:	f000 b901 	b.w	10004380 <hw_endpoint_xfer_start>
1000417e:	bf00      	nop
10004180:	20001d74 	.word	0x20001d74

10004184 <dcd_sof_enable>:
10004184:	4b04      	ldr	r3, [pc, #16]	@ (10004198 <dcd_sof_enable+0x14>)
10004186:	7019      	strb	r1, [r3, #0]
10004188:	b121      	cbz	r1, 10004194 <dcd_sof_enable+0x10>
1000418a:	f44f 3200 	mov.w	r2, #131072	@ 0x20000
1000418e:	4b03      	ldr	r3, [pc, #12]	@ (1000419c <dcd_sof_enable+0x18>)
10004190:	f8c3 2090 	str.w	r2, [r3, #144]	@ 0x90
10004194:	4770      	bx	lr
10004196:	bf00      	nop
10004198:	200021c6 	.word	0x200021c6
1000419c:	50112000 	.word	0x50112000

100041a0 <dcd_edpt0_status_complete>:
100041a0:	780b      	ldrb	r3, [r1, #0]
100041a2:	065b      	lsls	r3, r3, #25
100041a4:	d102      	bne.n	100041ac <dcd_edpt0_status_complete+0xc>
100041a6:	784b      	ldrb	r3, [r1, #1]
100041a8:	2b05      	cmp	r3, #5
100041aa:	d000      	beq.n	100041ae <dcd_edpt0_status_complete+0xe>
100041ac:	4770      	bx	lr
100041ae:	884b      	ldrh	r3, [r1, #2]
100041b0:	4a01      	ldr	r2, [pc, #4]	@ (100041b8 <dcd_edpt0_status_complete+0x18>)
100041b2:	b2db      	uxtb	r3, r3
100041b4:	6013      	str	r3, [r2, #0]
100041b6:	4770      	bx	lr
100041b8:	50110000 	.word	0x50110000

100041bc <dcd_edpt_open>:
100041bc:	78cb      	ldrb	r3, [r1, #3]
100041be:	e92d 41f0 	stmdb	sp!, {r4, r5, r6, r7, r8, lr}
100041c2:	f003 0e03 	and.w	lr, r3, #3
100041c6:	f1be 0f01 	cmp.w	lr, #1
100041ca:	f3c3 0001 	ubfx	r0, r3, #0, #2
100041ce:	d05b      	beq.n	10004288 <dcd_edpt_open+0xcc>
100041d0:	2700      	movs	r7, #0
100041d2:	f891 c002 	ldrb.w	ip, [r1, #2]
100041d6:	4c34      	ldr	r4, [pc, #208]	@ (100042a8 <dcd_edpt_open+0xec>)
100041d8:	f00c 027f 	and.w	r2, ip, #127	@ 0x7f
100041dc:	0056      	lsls	r6, r2, #1
100041de:	8889      	ldrh	r1, [r1, #4]
100041e0:	eb06 13dc 	add.w	r3, r6, ip, lsr #7
100041e4:	eb04 1343 	add.w	r3, r4, r3, lsl #5
100041e8:	ea4f 15dc 	mov.w	r5, ip, lsr #7
100041ec:	76d8      	strb	r0, [r3, #27]
100041ee:	f3c1 010a 	ubfx	r1, r1, #0, #11
100041f2:	f085 0001 	eor.w	r0, r5, #1
100041f6:	f883 c002 	strb.w	ip, [r3, #2]
100041fa:	8319      	strh	r1, [r3, #24]
100041fc:	7058      	strb	r0, [r3, #1]
100041fe:	70df      	strb	r7, [r3, #3]
10004200:	00d3      	lsls	r3, r2, #3
10004202:	bb8d      	cbnz	r5, 10004268 <dcd_edpt_open+0xac>
10004204:	4829      	ldr	r0, [pc, #164]	@ (100042ac <dcd_edpt_open+0xf0>)
10004206:	3304      	adds	r3, #4
10004208:	eb04 1c82 	add.w	ip, r4, r2, lsl #6
1000420c:	eb03 0800 	add.w	r8, r3, r0
10004210:	f8cc 8008 	str.w	r8, [ip, #8]
10004214:	501f      	str	r7, [r3, r0]
10004216:	b382      	cbz	r2, 1000427a <dcd_edpt_open+0xbe>
10004218:	4b25      	ldr	r3, [pc, #148]	@ (100042b0 <dcd_edpt_open+0xf4>)
1000421a:	00d2      	lsls	r2, r2, #3
1000421c:	4413      	add	r3, r2
1000421e:	f8cc 3004 	str.w	r3, [ip, #4]
10004222:	4b24      	ldr	r3, [pc, #144]	@ (100042b4 <dcd_edpt_open+0xf8>)
10004224:	313f      	adds	r1, #63	@ 0x3f
10004226:	681a      	ldr	r2, [r3, #0]
10004228:	f021 013f 	bic.w	r1, r1, #63	@ 0x3f
1000422c:	f1be 0f02 	cmp.w	lr, #2
10004230:	bf08      	it	eq
10004232:	0049      	lsleq	r1, r1, #1
10004234:	4411      	add	r1, r2
10004236:	6019      	str	r1, [r3, #0]
10004238:	4b1f      	ldr	r3, [pc, #124]	@ (100042b8 <dcd_edpt_open+0xfc>)
1000423a:	1977      	adds	r7, r6, r5
1000423c:	eb04 1747 	add.w	r7, r4, r7, lsl #5
10004240:	4299      	cmp	r1, r3
10004242:	60fa      	str	r2, [r7, #12]
10004244:	d82b      	bhi.n	1000429e <dcd_edpt_open+0xe2>
10004246:	442e      	add	r6, r5
10004248:	eb04 1346 	add.w	r3, r4, r6, lsl #5
1000424c:	7ed9      	ldrb	r1, [r3, #27]
1000424e:	f082 42a0 	eor.w	r2, r2, #1342177280	@ 0x50000000
10004252:	f482 1280 	eor.w	r2, r2, #1048576	@ 0x100000
10004256:	685b      	ldr	r3, [r3, #4]
10004258:	ea42 6281 	orr.w	r2, r2, r1, lsl #26
1000425c:	f042 4200 	orr.w	r2, r2, #2147483648	@ 0x80000000
10004260:	601a      	str	r2, [r3, #0]
10004262:	2001      	movs	r0, #1
10004264:	e8bd 81f0 	ldmia.w	sp!, {r4, r5, r6, r7, r8, pc}
10004268:	4810      	ldr	r0, [pc, #64]	@ (100042ac <dcd_edpt_open+0xf0>)
1000426a:	eb04 1c82 	add.w	ip, r4, r2, lsl #6
1000426e:	4403      	add	r3, r0
10004270:	f8cc 3028 	str.w	r3, [ip, #40]	@ 0x28
10004274:	f840 7032 	str.w	r7, [r0, r2, lsl #3]
10004278:	b94a      	cbnz	r2, 1000428e <dcd_edpt_open+0xd2>
1000427a:	2200      	movs	r2, #0
1000427c:	490f      	ldr	r1, [pc, #60]	@ (100042bc <dcd_edpt_open+0x100>)
1000427e:	eb04 1345 	add.w	r3, r4, r5, lsl #5
10004282:	60d9      	str	r1, [r3, #12]
10004284:	605a      	str	r2, [r3, #4]
10004286:	e7ec      	b.n	10004262 <dcd_edpt_open+0xa6>
10004288:	2000      	movs	r0, #0
1000428a:	e8bd 81f0 	ldmia.w	sp!, {r4, r5, r6, r7, r8, pc}
1000428e:	00d2      	lsls	r2, r2, #3
10004290:	f102 42a0 	add.w	r2, r2, #1342177280	@ 0x50000000
10004294:	f502 1280 	add.w	r2, r2, #1048576	@ 0x100000
10004298:	f8cc 2024 	str.w	r2, [ip, #36]	@ 0x24
1000429c:	e7c1      	b.n	10004222 <dcd_edpt_open+0x66>
1000429e:	f7fd fb8f 	bl	100019c0 <hard_assertion_failure>
100042a2:	68fa      	ldr	r2, [r7, #12]
100042a4:	e7cf      	b.n	10004246 <dcd_edpt_open+0x8a>
100042a6:	bf00      	nop
100042a8:	20001d54 	.word	0x20001d54
100042ac:	50100080 	.word	0x50100080
100042b0:	50100004 	.word	0x50100004
100042b4:	2000215c 	.word	0x2000215c
100042b8:	50100fff 	.word	0x50100fff
100042bc:	50100100 	.word	0x50100100

100042c0 <dcd_edpt_close_all>:
100042c0:	f002 b90a 	b.w	100064d8 <__reset_non_control_endpoints_veneer>

100042c4 <dcd_edpt_xfer>:
100042c4:	468c      	mov	ip, r1
100042c6:	b508      	push	{r3, lr}
100042c8:	4611      	mov	r1, r2
100042ca:	4807      	ldr	r0, [pc, #28]	@ (100042e8 <dcd_edpt_xfer+0x24>)
100042cc:	461a      	mov	r2, r3
100042ce:	f00c 037f 	and.w	r3, ip, #127	@ 0x7f
100042d2:	ea4f 1cdc 	mov.w	ip, ip, lsr #7
100042d6:	eb0c 0c43 	add.w	ip, ip, r3, lsl #1
100042da:	eb00 104c 	add.w	r0, r0, ip, lsl #5
100042de:	f000 f84f 	bl	10004380 <hw_endpoint_xfer_start>
100042e2:	2001      	movs	r0, #1
100042e4:	bd08      	pop	{r3, pc}
100042e6:	bf00      	nop
100042e8:	20001d54 	.word	0x20001d54

100042ec <dcd_edpt_stall>:
100042ec:	f011 027f 	ands.w	r2, r1, #127	@ 0x7f
100042f0:	d105      	bne.n	100042fe <dcd_edpt_stall+0x12>
100042f2:	2900      	cmp	r1, #0
100042f4:	bf0c      	ite	eq
100042f6:	2002      	moveq	r0, #2
100042f8:	2001      	movne	r0, #1
100042fa:	4b06      	ldr	r3, [pc, #24]	@ (10004314 <dcd_edpt_stall+0x28>)
100042fc:	6698      	str	r0, [r3, #104]	@ 0x68
100042fe:	09c9      	lsrs	r1, r1, #7
10004300:	4b05      	ldr	r3, [pc, #20]	@ (10004318 <dcd_edpt_stall+0x2c>)
10004302:	eb01 0042 	add.w	r0, r1, r2, lsl #1
10004306:	eb03 1040 	add.w	r0, r3, r0, lsl #5
1000430a:	f44f 6200 	mov.w	r2, #2048	@ 0x800
1000430e:	2100      	movs	r1, #0
10004310:	f002 b8e6 	b.w	100064e0 <___hw_endpoint_buffer_control_update32_veneer>
10004314:	50112000 	.word	0x50112000
10004318:	20001d54 	.word	0x20001d54

1000431c <dcd_edpt_clear_stall>:
1000431c:	f011 037f 	ands.w	r3, r1, #127	@ 0x7f
10004320:	d100      	bne.n	10004324 <dcd_edpt_clear_stall+0x8>
10004322:	4770      	bx	lr
10004324:	2200      	movs	r2, #0
10004326:	4805      	ldr	r0, [pc, #20]	@ (1000433c <dcd_edpt_clear_stall+0x20>)
10004328:	005b      	lsls	r3, r3, #1
1000432a:	eb03 13d1 	add.w	r3, r3, r1, lsr #7
1000432e:	eb00 1043 	add.w	r0, r0, r3, lsl #5
10004332:	f46f 6100 	mvn.w	r1, #2048	@ 0x800
10004336:	70c2      	strb	r2, [r0, #3]
10004338:	f002 b8d2 	b.w	100064e0 <___hw_endpoint_buffer_control_update32_veneer>
1000433c:	20001d54 	.word	0x20001d54

10004340 <rp2040_usb_init>:
10004340:	f04f 5280 	mov.w	r2, #268435456	@ 0x10000000
10004344:	4809      	ldr	r0, [pc, #36]	@ (1000436c <rp2040_usb_init+0x2c>)
10004346:	490a      	ldr	r1, [pc, #40]	@ (10004370 <rp2040_usb_init+0x30>)
10004348:	b508      	push	{r3, lr}
1000434a:	4b0a      	ldr	r3, [pc, #40]	@ (10004374 <rp2040_usb_init+0x34>)
1000434c:	6002      	str	r2, [r0, #0]
1000434e:	600a      	str	r2, [r1, #0]
10004350:	6899      	ldr	r1, [r3, #8]
10004352:	43c9      	mvns	r1, r1
10004354:	f011 5180 	ands.w	r1, r1, #268435456	@ 0x10000000
10004358:	d1fa      	bne.n	10004350 <rp2040_usb_init+0x10>
1000435a:	f44f 5280 	mov.w	r2, #4096	@ 0x1000
1000435e:	4806      	ldr	r0, [pc, #24]	@ (10004378 <rp2040_usb_init+0x38>)
10004360:	f001 ffa8 	bl	100062b4 <memset>
10004364:	2209      	movs	r2, #9
10004366:	4b05      	ldr	r3, [pc, #20]	@ (1000437c <rp2040_usb_init+0x3c>)
10004368:	675a      	str	r2, [r3, #116]	@ 0x74
1000436a:	bd08      	pop	{r3, pc}
1000436c:	40022000 	.word	0x40022000
10004370:	40023000 	.word	0x40023000
10004374:	40020000 	.word	0x40020000
10004378:	50100000 	.word	0x50100000
1000437c:	50110000 	.word	0x50110000

10004380 <hw_endpoint_xfer_start>:
10004380:	2300      	movs	r3, #0
10004382:	f04f 0c01 	mov.w	ip, #1
10004386:	b510      	push	{r4, lr}
10004388:	f880 c01a 	strb.w	ip, [r0, #26]
1000438c:	8282      	strh	r2, [r0, #20]
1000438e:	82c3      	strh	r3, [r0, #22]
10004390:	6101      	str	r1, [r0, #16]
10004392:	4604      	mov	r4, r0
10004394:	f002 f890 	bl	100064b8 <__e15_is_bulkin_ep_veneer>
10004398:	b120      	cbz	r0, 100043a4 <hw_endpoint_xfer_start+0x24>
1000439a:	f44f 3200 	mov.w	r2, #131072	@ 0x20000
1000439e:	4b07      	ldr	r3, [pc, #28]	@ (100043bc <hw_endpoint_xfer_start+0x3c>)
100043a0:	f8c3 2090 	str.w	r2, [r3, #144]	@ 0x90
100043a4:	4620      	mov	r0, r4
100043a6:	f002 f883 	bl	100064b0 <__e15_is_critical_frame_period_veneer>
100043aa:	b110      	cbz	r0, 100043b2 <hw_endpoint_xfer_start+0x32>
100043ac:	2301      	movs	r3, #1
100043ae:	7723      	strb	r3, [r4, #28]
100043b0:	bd10      	pop	{r4, pc}
100043b2:	4620      	mov	r0, r4
100043b4:	e8bd 4010 	ldmia.w	sp!, {r4, lr}
100043b8:	f002 b876 	b.w	100064a8 <__hw_endpoint_start_next_buffer_veneer>
100043bc:	50112000 	.word	0x50112000

100043c0 <configuration_reset>:
100043c0:	e92d 41f0 	stmdb	sp!, {r4, r5, r6, r7, r8, lr}
100043c4:	2400      	movs	r4, #0
100043c6:	4e1d      	ldr	r6, [pc, #116]	@ (1000443c <configuration_reset+0x7c>)
100043c8:	4605      	mov	r5, r0
100043ca:	4623      	mov	r3, r4
100043cc:	7832      	ldrb	r2, [r6, #0]
100043ce:	f8df 8078 	ldr.w	r8, [pc, #120]	@ 10004448 <configuration_reset+0x88>
100043d2:	4f1b      	ldr	r7, [pc, #108]	@ (10004440 <configuration_reset+0x80>)
100043d4:	e00d      	b.n	100043f2 <configuration_reset+0x32>
100043d6:	683b      	ldr	r3, [r7, #0]
100043d8:	eb13 1344 	adds.w	r3, r3, r4, lsl #5
100043dc:	d024      	beq.n	10004428 <configuration_reset+0x68>
100043de:	68db      	ldr	r3, [r3, #12]
100043e0:	4628      	mov	r0, r5
100043e2:	4798      	blx	r3
100043e4:	7832      	ldrb	r2, [r6, #0]
100043e6:	3401      	adds	r4, #1
100043e8:	b2e4      	uxtb	r4, r4
100043ea:	1c51      	adds	r1, r2, #1
100043ec:	42a1      	cmp	r1, r4
100043ee:	4623      	mov	r3, r4
100043f0:	db06      	blt.n	10004400 <configuration_reset+0x40>
100043f2:	42a2      	cmp	r2, r4
100043f4:	eba3 0302 	sub.w	r3, r3, r2
100043f8:	d8ed      	bhi.n	100043d6 <configuration_reset+0x16>
100043fa:	eb08 1343 	add.w	r3, r8, r3, lsl #5
100043fe:	e7ee      	b.n	100043de <configuration_reset+0x1e>
10004400:	2254      	movs	r2, #84	@ 0x54
10004402:	2100      	movs	r1, #0
10004404:	480f      	ldr	r0, [pc, #60]	@ (10004444 <configuration_reset+0x84>)
10004406:	f001 ff55 	bl	100062b4 <memset>
1000440a:	f04f 33ff 	mov.w	r3, #4294967295	@ 0xffffffff
1000440e:	480d      	ldr	r0, [pc, #52]	@ (10004444 <configuration_reset+0x84>)
10004410:	2220      	movs	r2, #32
10004412:	1d04      	adds	r4, r0, #4
10004414:	6043      	str	r3, [r0, #4]
10004416:	e9c4 3301 	strd	r3, r3, [r4, #4]
1000441a:	60e3      	str	r3, [r4, #12]
1000441c:	21ff      	movs	r1, #255	@ 0xff
1000441e:	e8bd 41f0 	ldmia.w	sp!, {r4, r5, r6, r7, r8, lr}
10004422:	3014      	adds	r0, #20
10004424:	f001 bf46 	b.w	100062b4 <memset>
10004428:	f04f 23e0 	mov.w	r3, #3758153728	@ 0xe000e000
1000442c:	f8d3 3df0 	ldr.w	r3, [r3, #3568]	@ 0xdf0
10004430:	07db      	lsls	r3, r3, #31
10004432:	d500      	bpl.n	10004436 <configuration_reset+0x76>
10004434:	be00      	bkpt	0x0000
10004436:	e8bd 81f0 	ldmia.w	sp!, {r4, r5, r6, r7, r8, pc}
1000443a:	bf00      	nop
1000443c:	200021c5 	.word	0x200021c5
10004440:	20001730 	.word	0x20001730
10004444:	20001900 	.word	0x20001900
10004448:	10006aa4 	.word	0x10006aa4

1000444c <tud_event_hook_cb>:
1000444c:	4770      	bx	lr
1000444e:	bf00      	nop

10004450 <tud_sof_cb>:
10004450:	4770      	bx	lr
10004452:	bf00      	nop

10004454 <tud_descriptor_device_qualifier_cb>:
10004454:	2000      	movs	r0, #0
10004456:	4770      	bx	lr

10004458 <tud_descriptor_other_speed_configuration_cb>:
10004458:	2000      	movs	r0, #0
1000445a:	4770      	bx	lr

1000445c <tud_mount_cb>:
1000445c:	4770      	bx	lr
1000445e:	bf00      	nop

10004460 <tud_umount_cb>:
10004460:	4770      	bx	lr
10004462:	bf00      	nop

10004464 <tud_suspend_cb>:
10004464:	4770      	bx	lr
10004466:	bf00      	nop

10004468 <tud_resume_cb>:
10004468:	4770      	bx	lr
1000446a:	bf00      	nop

1000446c <tud_mounted>:
1000446c:	4b02      	ldr	r3, [pc, #8]	@ (10004478 <tud_mounted+0xc>)
1000446e:	7858      	ldrb	r0, [r3, #1]
10004470:	3800      	subs	r0, #0
10004472:	bf18      	it	ne
10004474:	2001      	movne	r0, #1
10004476:	4770      	bx	lr
10004478:	20001900 	.word	0x20001900

1000447c <tud_suspended>:
1000447c:	4b02      	ldr	r3, [pc, #8]	@ (10004488 <tud_suspended+0xc>)
1000447e:	7818      	ldrb	r0, [r3, #0]
10004480:	f3c0 0080 	ubfx	r0, r0, #2, #1
10004484:	4770      	bx	lr
10004486:	bf00      	nop
10004488:	20001900 	.word	0x20001900

1000448c <tud_rhport_init>:
1000448c:	e92d 47f0 	stmdb	sp!, {r4, r5, r6, r7, r8, r9, sl, lr}
10004490:	f8df a0e4 	ldr.w	sl, [pc, #228]	@ 10004578 <tud_rhport_init+0xec>
10004494:	f89a 3000 	ldrb.w	r3, [sl]
10004498:	2bff      	cmp	r3, #255	@ 0xff
1000449a:	d156      	bne.n	1000454a <tud_rhport_init+0xbe>
1000449c:	460e      	mov	r6, r1
1000449e:	2900      	cmp	r1, #0
100044a0:	d03e      	beq.n	10004520 <tud_rhport_init+0x94>
100044a2:	2100      	movs	r1, #0
100044a4:	2254      	movs	r2, #84	@ 0x54
100044a6:	4607      	mov	r7, r0
100044a8:	4829      	ldr	r0, [pc, #164]	@ (10004550 <tud_rhport_init+0xc4>)
100044aa:	f001 ff03 	bl	100062b4 <memset>
100044ae:	2200      	movs	r2, #0
100044b0:	4c28      	ldr	r4, [pc, #160]	@ (10004554 <tud_rhport_init+0xc8>)
100044b2:	4b29      	ldr	r3, [pc, #164]	@ (10004558 <tud_rhport_init+0xcc>)
100044b4:	4620      	mov	r0, r4
100044b6:	701a      	strb	r2, [r3, #0]
100044b8:	f7fc fc42 	bl	10000d40 <mutex_init>
100044bc:	4b27      	ldr	r3, [pc, #156]	@ (1000455c <tud_rhport_init+0xd0>)
100044be:	4828      	ldr	r0, [pc, #160]	@ (10004560 <tud_rhport_init+0xd4>)
100044c0:	601c      	str	r4, [r3, #0]
100044c2:	4c28      	ldr	r4, [pc, #160]	@ (10004564 <tud_rhport_init+0xd8>)
100044c4:	f7fc fc4a 	bl	10000d5c <critical_section_init>
100044c8:	4620      	mov	r0, r4
100044ca:	f001 fdab 	bl	10006024 <tu_fifo_clear>
100044ce:	4a26      	ldr	r2, [pc, #152]	@ (10004568 <tud_rhport_init+0xdc>)
100044d0:	4b26      	ldr	r3, [pc, #152]	@ (1000456c <tud_rhport_init+0xe0>)
100044d2:	6014      	str	r4, [r2, #0]
100044d4:	b123      	cbz	r3, 100044e0 <tud_rhport_init+0x54>
100044d6:	4826      	ldr	r0, [pc, #152]	@ (10004570 <tud_rhport_init+0xe4>)
100044d8:	f7ff fac4 	bl	10003a64 <usbd_app_driver_get_cb>
100044dc:	4b25      	ldr	r3, [pc, #148]	@ (10004574 <tud_rhport_init+0xe8>)
100044de:	6018      	str	r0, [r3, #0]
100044e0:	2400      	movs	r4, #0
100044e2:	4d23      	ldr	r5, [pc, #140]	@ (10004570 <tud_rhport_init+0xe4>)
100044e4:	4623      	mov	r3, r4
100044e6:	782a      	ldrb	r2, [r5, #0]
100044e8:	f8df 9090 	ldr.w	r9, [pc, #144]	@ 1000457c <tud_rhport_init+0xf0>
100044ec:	f8df 8084 	ldr.w	r8, [pc, #132]	@ 10004574 <tud_rhport_init+0xe8>
100044f0:	e00e      	b.n	10004510 <tud_rhport_init+0x84>
100044f2:	f8d8 3000 	ldr.w	r3, [r8]
100044f6:	eb13 1344 	adds.w	r3, r3, r4, lsl #5
100044fa:	d011      	beq.n	10004520 <tud_rhport_init+0x94>
100044fc:	685b      	ldr	r3, [r3, #4]
100044fe:	b17b      	cbz	r3, 10004520 <tud_rhport_init+0x94>
10004500:	4798      	blx	r3
10004502:	782a      	ldrb	r2, [r5, #0]
10004504:	3401      	adds	r4, #1
10004506:	b2e4      	uxtb	r4, r4
10004508:	1c51      	adds	r1, r2, #1
1000450a:	42a1      	cmp	r1, r4
1000450c:	4623      	mov	r3, r4
1000450e:	db11      	blt.n	10004534 <tud_rhport_init+0xa8>
10004510:	42a2      	cmp	r2, r4
10004512:	d8ee      	bhi.n	100044f2 <tud_rhport_init+0x66>
10004514:	1a9b      	subs	r3, r3, r2
10004516:	eb09 1343 	add.w	r3, r9, r3, lsl #5
1000451a:	685b      	ldr	r3, [r3, #4]
1000451c:	2b00      	cmp	r3, #0
1000451e:	d1ef      	bne.n	10004500 <tud_rhport_init+0x74>
10004520:	f04f 23e0 	mov.w	r3, #3758153728	@ 0xe000e000
10004524:	f8d3 3df0 	ldr.w	r3, [r3, #3568]	@ 0xdf0
10004528:	07db      	lsls	r3, r3, #31
1000452a:	d500      	bpl.n	1000452e <tud_rhport_init+0xa2>
1000452c:	be00      	bkpt	0x0000
1000452e:	2000      	movs	r0, #0
10004530:	e8bd 87f0 	ldmia.w	sp!, {r4, r5, r6, r7, r8, r9, sl, pc}
10004534:	4631      	mov	r1, r6
10004536:	4638      	mov	r0, r7
10004538:	f88a 7000 	strb.w	r7, [sl]
1000453c:	f7ff fdd0 	bl	100040e0 <dcd_init>
10004540:	2800      	cmp	r0, #0
10004542:	d0ed      	beq.n	10004520 <tud_rhport_init+0x94>
10004544:	4638      	mov	r0, r7
10004546:	f7ff fe11 	bl	1000416c <dcd_int_enable>
1000454a:	2001      	movs	r0, #1
1000454c:	e8bd 87f0 	ldmia.w	sp!, {r4, r5, r6, r7, r8, r9, sl, pc}
10004550:	20001900 	.word	0x20001900
10004554:	200018f8 	.word	0x200018f8
10004558:	200021c7 	.word	0x200021c7
1000455c:	20001954 	.word	0x20001954
10004560:	20001588 	.word	0x20001588
10004564:	20001574 	.word	0x20001574
10004568:	20001958 	.word	0x20001958
1000456c:	10003a65 	.word	0x10003a65
10004570:	200021c5 	.word	0x200021c5
10004574:	20001730 	.word	0x20001730
10004578:	20001590 	.word	0x20001590
1000457c:	10006aa4 	.word	0x10006aa4

10004580 <tud_task_ext>:
10004580:	e92d 4ff0 	stmdb	sp!, {r4, r5, r6, r7, r8, r9, sl, fp, lr}
10004584:	f8df 92c8 	ldr.w	r9, [pc, #712]	@ 10004850 <tud_task_ext+0x2d0>
10004588:	b08b      	sub	sp, #44	@ 0x2c
1000458a:	f899 3000 	ldrb.w	r3, [r9]
1000458e:	2bff      	cmp	r3, #255	@ 0xff
10004590:	f000 80f1 	beq.w	10004776 <tud_task_ext+0x1f6>
10004594:	4ca8      	ldr	r4, [pc, #672]	@ (10004838 <tud_task_ext+0x2b8>)
10004596:	4da9      	ldr	r5, [pc, #676]	@ (1000483c <tud_task_ext+0x2bc>)
10004598:	f8df a2b0 	ldr.w	sl, [pc, #688]	@ 1000484c <tud_task_ext+0x2cc>
1000459c:	f8df b2b4 	ldr.w	fp, [pc, #692]	@ 10004854 <tud_task_ext+0x2d4>
100045a0:	6826      	ldr	r6, [r4, #0]
100045a2:	6973      	ldr	r3, [r6, #20]
100045a4:	f3ef 8210 	mrs	r2, PRIMASK
100045a8:	b672      	cpsid	i
100045aa:	e8d3 0fcf 	ldaexb	r0, [r3]
100045ae:	2101      	movs	r1, #1
100045b0:	2800      	cmp	r0, #0
100045b2:	d1fa      	bne.n	100045aa <tud_task_ext+0x2a>
100045b4:	e8c3 1f40 	strexb	r0, r1, [r3]
100045b8:	2800      	cmp	r0, #0
100045ba:	d1f6      	bne.n	100045aa <tud_task_ext+0x2a>
100045bc:	f3bf 8f5f 	dmb	sy
100045c0:	61b2      	str	r2, [r6, #24]
100045c2:	4630      	mov	r0, r6
100045c4:	a907      	add	r1, sp, #28
100045c6:	f001 fb77 	bl	10005cb8 <tu_fifo_read>
100045ca:	2300      	movs	r3, #0
100045cc:	6972      	ldr	r2, [r6, #20]
100045ce:	e8c2 3f8f 	stlb	r3, [r2]
100045d2:	69b3      	ldr	r3, [r6, #24]
100045d4:	f383 8810 	msr	PRIMASK, r3
100045d8:	2800      	cmp	r0, #0
100045da:	f000 80cc 	beq.w	10004776 <tud_task_ext+0x1f6>
100045de:	f89d 301d 	ldrb.w	r3, [sp, #29]
100045e2:	3b01      	subs	r3, #1
100045e4:	2b07      	cmp	r3, #7
100045e6:	f200 837d 	bhi.w	10004ce4 <tud_task_ext+0x764>
100045ea:	e8df f003 	tbb	[pc, r3]
100045ee:	b1a7      	.short	0xb1a7
100045f0:	358e9d95 	.word	0x358e9d95
100045f4:	040a      	.short	0x040a
100045f6:	9b08      	ldr	r3, [sp, #32]
100045f8:	2b00      	cmp	r3, #0
100045fa:	d0d1      	beq.n	100045a0 <tud_task_ext+0x20>
100045fc:	9809      	ldr	r0, [sp, #36]	@ 0x24
100045fe:	4798      	blx	r3
10004600:	e7ce      	b.n	100045a0 <tud_task_ext+0x20>
10004602:	f89d 1020 	ldrb.w	r1, [sp, #32]
10004606:	f001 067f 	and.w	r6, r1, #127	@ 0x7f
1000460a:	eb05 0046 	add.w	r0, r5, r6, lsl #1
1000460e:	eb00 10d1 	add.w	r0, r0, r1, lsr #7
10004612:	f890 3034 	ldrb.w	r3, [r0, #52]	@ 0x34
10004616:	f023 0301 	bic.w	r3, r3, #1
1000461a:	f880 3034 	strb.w	r3, [r0, #52]	@ 0x34
1000461e:	f890 3034 	ldrb.w	r3, [r0, #52]	@ 0x34
10004622:	f023 0304 	bic.w	r3, r3, #4
10004626:	f880 3034 	strb.w	r3, [r0, #52]	@ 0x34
1000462a:	2e00      	cmp	r6, #0
1000462c:	f000 80a6 	beq.w	1000477c <tud_task_ext+0x1fc>
10004630:	7d03      	ldrb	r3, [r0, #20]
10004632:	f89a 2000 	ldrb.w	r2, [sl]
10004636:	4293      	cmp	r3, r2
10004638:	f080 8093 	bcs.w	10004762 <tud_task_ext+0x1e2>
1000463c:	4a80      	ldr	r2, [pc, #512]	@ (10004840 <tud_task_ext+0x2c0>)
1000463e:	6812      	ldr	r2, [r2, #0]
10004640:	eb12 1343 	adds.w	r3, r2, r3, lsl #5
10004644:	f000 8090 	beq.w	10004768 <tud_task_ext+0x1e8>
10004648:	699e      	ldr	r6, [r3, #24]
1000464a:	f89d 2021 	ldrb.w	r2, [sp, #33]	@ 0x21
1000464e:	9b09      	ldr	r3, [sp, #36]	@ 0x24
10004650:	f89d 001c 	ldrb.w	r0, [sp, #28]
10004654:	47b0      	blx	r6
10004656:	e7a3      	b.n	100045a0 <tud_task_ext+0x20>
10004658:	f89b 3000 	ldrb.w	r3, [fp]
1000465c:	2b00      	cmp	r3, #0
1000465e:	f000 8083 	beq.w	10004768 <tud_task_ext+0x1e8>
10004662:	f89b 3000 	ldrb.w	r3, [fp]
10004666:	3b01      	subs	r3, #1
10004668:	b2db      	uxtb	r3, r3
1000466a:	f88b 3000 	strb.w	r3, [fp]
1000466e:	f89b 3000 	ldrb.w	r3, [fp]
10004672:	f003 00ff 	and.w	r0, r3, #255	@ 0xff
10004676:	2b00      	cmp	r3, #0
10004678:	d192      	bne.n	100045a0 <tud_task_ext+0x20>
1000467a:	4f70      	ldr	r7, [pc, #448]	@ (1000483c <tud_task_ext+0x2bc>)
1000467c:	f89d 801c 	ldrb.w	r8, [sp, #28]
10004680:	783b      	ldrb	r3, [r7, #0]
10004682:	f043 0301 	orr.w	r3, r3, #1
10004686:	703b      	strb	r3, [r7, #0]
10004688:	f897 3034 	ldrb.w	r3, [r7, #52]	@ 0x34
1000468c:	f360 0300 	bfi	r3, r0, #0, #1
10004690:	f887 3034 	strb.w	r3, [r7, #52]	@ 0x34
10004694:	f897 3034 	ldrb.w	r3, [r7, #52]	@ 0x34
10004698:	f360 0382 	bfi	r3, r0, #2, #1
1000469c:	f887 3034 	strb.w	r3, [r7, #52]	@ 0x34
100046a0:	f897 3035 	ldrb.w	r3, [r7, #53]	@ 0x35
100046a4:	f360 0300 	bfi	r3, r0, #0, #1
100046a8:	f887 3035 	strb.w	r3, [r7, #53]	@ 0x35
100046ac:	f897 3035 	ldrb.w	r3, [r7, #53]	@ 0x35
100046b0:	f360 0382 	bfi	r3, r0, #2, #1
100046b4:	f887 3035 	strb.w	r3, [r7, #53]	@ 0x35
100046b8:	f000 fc6c 	bl	10004f94 <usbd_control_set_complete_callback>
100046bc:	f89d 3020 	ldrb.w	r3, [sp, #32]
100046c0:	f003 0260 	and.w	r2, r3, #96	@ 0x60
100046c4:	2a60      	cmp	r2, #96	@ 0x60
100046c6:	d06c      	beq.n	100047a2 <tud_task_ext+0x222>
100046c8:	2a40      	cmp	r2, #64	@ 0x40
100046ca:	d07c      	beq.n	100047c6 <tud_task_ext+0x246>
100046cc:	f003 031f 	and.w	r3, r3, #31
100046d0:	2b01      	cmp	r3, #1
100046d2:	f000 80c1 	beq.w	10004858 <tud_task_ext+0x2d8>
100046d6:	2b02      	cmp	r3, #2
100046d8:	f000 8081 	beq.w	100047de <tud_task_ext+0x25e>
100046dc:	2b00      	cmp	r3, #0
100046de:	d160      	bne.n	100047a2 <tud_task_ext+0x222>
100046e0:	2a20      	cmp	r2, #32
100046e2:	f000 81e9 	beq.w	10004ab8 <tud_task_ext+0x538>
100046e6:	2a00      	cmp	r2, #0
100046e8:	d15b      	bne.n	100047a2 <tud_task_ext+0x222>
100046ea:	f89d 3021 	ldrb.w	r3, [sp, #33]	@ 0x21
100046ee:	2b09      	cmp	r3, #9
100046f0:	d857      	bhi.n	100047a2 <tud_task_ext+0x222>
100046f2:	e8df f013 	tbh	[pc, r3, lsl #1]
100046f6:	01b0      	.short	0x01b0
100046f8:	005601a2 	.word	0x005601a2
100046fc:	005601c1 	.word	0x005601c1
10004700:	016b0195 	.word	0x016b0195
10004704:	01600056 	.word	0x01600056
10004708:	00f4      	.short	0x00f4
1000470a:	782b      	ldrb	r3, [r5, #0]
1000470c:	07d9      	lsls	r1, r3, #31
1000470e:	f57f af47 	bpl.w	100045a0 <tud_task_ext+0x20>
10004712:	f7ff fea9 	bl	10004468 <tud_resume_cb>
10004716:	e743      	b.n	100045a0 <tud_task_ext+0x20>
10004718:	78eb      	ldrb	r3, [r5, #3]
1000471a:	07da      	lsls	r2, r3, #31
1000471c:	f57f af40 	bpl.w	100045a0 <tud_task_ext+0x20>
10004720:	9808      	ldr	r0, [sp, #32]
10004722:	f7ff fe95 	bl	10004450 <tud_sof_cb>
10004726:	e73b      	b.n	100045a0 <tud_task_ext+0x20>
10004728:	782b      	ldrb	r3, [r5, #0]
1000472a:	07d8      	lsls	r0, r3, #31
1000472c:	f57f af38 	bpl.w	100045a0 <tud_task_ext+0x20>
10004730:	7828      	ldrb	r0, [r5, #0]
10004732:	f3c0 00c0 	ubfx	r0, r0, #3, #1
10004736:	f7ff fe95 	bl	10004464 <tud_suspend_cb>
1000473a:	e731      	b.n	100045a0 <tud_task_ext+0x20>
1000473c:	f89d 001c 	ldrb.w	r0, [sp, #28]
10004740:	f7ff fe3e 	bl	100043c0 <configuration_reset>
10004744:	f000 fc1c 	bl	10004f80 <usbd_control_reset>
10004748:	f89d 3020 	ldrb.w	r3, [sp, #32]
1000474c:	70ab      	strb	r3, [r5, #2]
1000474e:	e727      	b.n	100045a0 <tud_task_ext+0x20>
10004750:	f89d 001c 	ldrb.w	r0, [sp, #28]
10004754:	f7ff fe34 	bl	100043c0 <configuration_reset>
10004758:	f000 fc12 	bl	10004f80 <usbd_control_reset>
1000475c:	f7ff fe80 	bl	10004460 <tud_umount_cb>
10004760:	e71e      	b.n	100045a0 <tud_task_ext+0x20>
10004762:	1c50      	adds	r0, r2, #1
10004764:	4298      	cmp	r0, r3
10004766:	da11      	bge.n	1000478c <tud_task_ext+0x20c>
10004768:	f04f 23e0 	mov.w	r3, #3758153728	@ 0xe000e000
1000476c:	f8d3 3df0 	ldr.w	r3, [r3, #3568]	@ 0xdf0
10004770:	07dc      	lsls	r4, r3, #31
10004772:	d500      	bpl.n	10004776 <tud_task_ext+0x1f6>
10004774:	be00      	bkpt	0x0000
10004776:	b00b      	add	sp, #44	@ 0x2c
10004778:	e8bd 8ff0 	ldmia.w	sp!, {r4, r5, r6, r7, r8, r9, sl, fp, pc}
1000477c:	9b09      	ldr	r3, [sp, #36]	@ 0x24
1000477e:	f89d 2021 	ldrb.w	r2, [sp, #33]	@ 0x21
10004782:	f89d 001c 	ldrb.w	r0, [sp, #28]
10004786:	f000 fc19 	bl	10004fbc <usbd_control_xfer_cb>
1000478a:	e709      	b.n	100045a0 <tud_task_ext+0x20>
1000478c:	1a9b      	subs	r3, r3, r2
1000478e:	4a2d      	ldr	r2, [pc, #180]	@ (10004844 <tud_task_ext+0x2c4>)
10004790:	eb02 1343 	add.w	r3, r2, r3, lsl #5
10004794:	e758      	b.n	10004648 <tud_task_ext+0xc8>
10004796:	f7ff fb8d 	bl	10003eb4 <tud_descriptor_configuration_cb>
1000479a:	4602      	mov	r2, r0
1000479c:	2800      	cmp	r0, #0
1000479e:	f040 8182 	bne.w	10004aa6 <tud_task_ext+0x526>
100047a2:	f04f 23e0 	mov.w	r3, #3758153728	@ 0xe000e000
100047a6:	f8d3 3df0 	ldr.w	r3, [r3, #3568]	@ 0xdf0
100047aa:	07de      	lsls	r6, r3, #31
100047ac:	d500      	bpl.n	100047b0 <tud_task_ext+0x230>
100047ae:	be00      	bkpt	0x0000
100047b0:	f89d 001c 	ldrb.w	r0, [sp, #28]
100047b4:	2100      	movs	r1, #0
100047b6:	f7ff fd99 	bl	100042ec <dcd_edpt_stall>
100047ba:	2180      	movs	r1, #128	@ 0x80
100047bc:	f89d 001c 	ldrb.w	r0, [sp, #28]
100047c0:	f7ff fd94 	bl	100042ec <dcd_edpt_stall>
100047c4:	e6ec      	b.n	100045a0 <tud_task_ext+0x20>
100047c6:	4820      	ldr	r0, [pc, #128]	@ (10004848 <tud_task_ext+0x2c8>)
100047c8:	f000 fbe4 	bl	10004f94 <usbd_control_set_complete_callback>
100047cc:	2101      	movs	r1, #1
100047ce:	4640      	mov	r0, r8
100047d0:	aa08      	add	r2, sp, #32
100047d2:	f7ff f933 	bl	10003a3c <tud_vendor_control_xfer_cb>
100047d6:	2800      	cmp	r0, #0
100047d8:	f47f aee2 	bne.w	100045a0 <tud_task_ext+0x20>
100047dc:	e7e8      	b.n	100047b0 <tud_task_ext+0x230>
100047de:	f89d 1024 	ldrb.w	r1, [sp, #36]	@ 0x24
100047e2:	f011 0f70 	tst.w	r1, #112	@ 0x70
100047e6:	d1dc      	bne.n	100047a2 <tud_task_ext+0x222>
100047e8:	f001 067f 	and.w	r6, r1, #127	@ 0x7f
100047ec:	eb07 0046 	add.w	r0, r7, r6, lsl #1
100047f0:	4b16      	ldr	r3, [pc, #88]	@ (1000484c <tud_task_ext+0x2cc>)
100047f2:	eb00 10d1 	add.w	r0, r0, r1, lsr #7
100047f6:	781b      	ldrb	r3, [r3, #0]
100047f8:	7d00      	ldrb	r0, [r0, #20]
100047fa:	0076      	lsls	r6, r6, #1
100047fc:	9601      	str	r6, [sp, #4]
100047fe:	4298      	cmp	r0, r3
10004800:	ea4f 16d1 	mov.w	r6, r1, lsr #7
10004804:	9600      	str	r6, [sp, #0]
10004806:	d359      	bcc.n	100048bc <tud_task_ext+0x33c>
10004808:	1c5e      	adds	r6, r3, #1
1000480a:	4286      	cmp	r6, r0
1000480c:	f2c0 8166 	blt.w	10004adc <tud_task_ext+0x55c>
10004810:	1ac0      	subs	r0, r0, r3
10004812:	4b0c      	ldr	r3, [pc, #48]	@ (10004844 <tud_task_ext+0x2c4>)
10004814:	eb03 1640 	add.w	r6, r3, r0, lsl #5
10004818:	2a00      	cmp	r2, #0
1000481a:	f000 8163 	beq.w	10004ae4 <tud_task_ext+0x564>
1000481e:	6970      	ldr	r0, [r6, #20]
10004820:	f000 fbb8 	bl	10004f94 <usbd_control_set_complete_callback>
10004824:	2101      	movs	r1, #1
10004826:	4640      	mov	r0, r8
10004828:	6973      	ldr	r3, [r6, #20]
1000482a:	aa08      	add	r2, sp, #32
1000482c:	4798      	blx	r3
1000482e:	2800      	cmp	r0, #0
10004830:	f47f aeb6 	bne.w	100045a0 <tud_task_ext+0x20>
10004834:	e7bc      	b.n	100047b0 <tud_task_ext+0x230>
10004836:	bf00      	nop
10004838:	20001958 	.word	0x20001958
1000483c:	20001900 	.word	0x20001900
10004840:	20001730 	.word	0x20001730
10004844:	10006aa4 	.word	0x10006aa4
10004848:	10003a3d 	.word	0x10003a3d
1000484c:	200021c5 	.word	0x200021c5
10004850:	20001590 	.word	0x20001590
10004854:	200021c7 	.word	0x200021c7
10004858:	f89d 3024 	ldrb.w	r3, [sp, #36]	@ 0x24
1000485c:	2b0f      	cmp	r3, #15
1000485e:	d8a7      	bhi.n	100047b0 <tud_task_ext+0x230>
10004860:	4aae      	ldr	r2, [pc, #696]	@ (10004b1c <tud_task_ext+0x59c>)
10004862:	443b      	add	r3, r7
10004864:	791b      	ldrb	r3, [r3, #4]
10004866:	7812      	ldrb	r2, [r2, #0]
10004868:	4293      	cmp	r3, r2
1000486a:	d332      	bcc.n	100048d2 <tud_task_ext+0x352>
1000486c:	1c51      	adds	r1, r2, #1
1000486e:	4299      	cmp	r1, r3
10004870:	db9e      	blt.n	100047b0 <tud_task_ext+0x230>
10004872:	4eab      	ldr	r6, [pc, #684]	@ (10004b20 <tud_task_ext+0x5a0>)
10004874:	1a9b      	subs	r3, r3, r2
10004876:	eb06 1643 	add.w	r6, r6, r3, lsl #5
1000487a:	6970      	ldr	r0, [r6, #20]
1000487c:	f000 fb8a 	bl	10004f94 <usbd_control_set_complete_callback>
10004880:	2101      	movs	r1, #1
10004882:	4640      	mov	r0, r8
10004884:	6973      	ldr	r3, [r6, #20]
10004886:	aa08      	add	r2, sp, #32
10004888:	4798      	blx	r3
1000488a:	2800      	cmp	r0, #0
1000488c:	f47f ae88 	bne.w	100045a0 <tud_task_ext+0x20>
10004890:	f89d 3020 	ldrb.w	r3, [sp, #32]
10004894:	f013 0660 	ands.w	r6, r3, #96	@ 0x60
10004898:	d18a      	bne.n	100047b0 <tud_task_ext+0x230>
1000489a:	f89d 3021 	ldrb.w	r3, [sp, #33]	@ 0x21
1000489e:	3b0a      	subs	r3, #10
100048a0:	2b01      	cmp	r3, #1
100048a2:	d885      	bhi.n	100047b0 <tud_task_ext+0x230>
100048a4:	f000 fb76 	bl	10004f94 <usbd_control_set_complete_callback>
100048a8:	f89d 3021 	ldrb.w	r3, [sp, #33]	@ 0x21
100048ac:	2b0a      	cmp	r3, #10
100048ae:	f000 81f2 	beq.w	10004c96 <tud_task_ext+0x716>
100048b2:	4640      	mov	r0, r8
100048b4:	a908      	add	r1, sp, #32
100048b6:	f000 faf1 	bl	10004e9c <tud_control_status>
100048ba:	e671      	b.n	100045a0 <tud_task_ext+0x20>
100048bc:	4b99      	ldr	r3, [pc, #612]	@ (10004b24 <tud_task_ext+0x5a4>)
100048be:	681b      	ldr	r3, [r3, #0]
100048c0:	eb03 1640 	add.w	r6, r3, r0, lsl #5
100048c4:	2a00      	cmp	r2, #0
100048c6:	f000 810d 	beq.w	10004ae4 <tud_task_ext+0x564>
100048ca:	2e00      	cmp	r6, #0
100048cc:	f43f af70 	beq.w	100047b0 <tud_task_ext+0x230>
100048d0:	e7a5      	b.n	1000481e <tud_task_ext+0x29e>
100048d2:	4a94      	ldr	r2, [pc, #592]	@ (10004b24 <tud_task_ext+0x5a4>)
100048d4:	6816      	ldr	r6, [r2, #0]
100048d6:	eb16 1643 	adds.w	r6, r6, r3, lsl #5
100048da:	d1ce      	bne.n	1000487a <tud_task_ext+0x2fa>
100048dc:	e768      	b.n	100047b0 <tud_task_ext+0x230>
100048de:	787b      	ldrb	r3, [r7, #1]
100048e0:	f89d 6022 	ldrb.w	r6, [sp, #34]	@ 0x22
100048e4:	429e      	cmp	r6, r3
100048e6:	f000 814f 	beq.w	10004b88 <tud_task_ext+0x608>
100048ea:	787b      	ldrb	r3, [r7, #1]
100048ec:	2b00      	cmp	r3, #0
100048ee:	f040 81be 	bne.w	10004c6e <tud_task_ext+0x6ee>
100048f2:	707e      	strb	r6, [r7, #1]
100048f4:	2e00      	cmp	r6, #0
100048f6:	f000 8145 	beq.w	10004b84 <tud_task_ext+0x604>
100048fa:	1e70      	subs	r0, r6, #1
100048fc:	b2c0      	uxtb	r0, r0
100048fe:	f7ff fad9 	bl	10003eb4 <tud_descriptor_configuration_cb>
10004902:	4603      	mov	r3, r0
10004904:	2800      	cmp	r0, #0
10004906:	f000 815f 	beq.w	10004bc8 <tud_task_ext+0x648>
1000490a:	7842      	ldrb	r2, [r0, #1]
1000490c:	2a02      	cmp	r2, #2
1000490e:	f040 815b 	bne.w	10004bc8 <tud_task_ext+0x648>
10004912:	79c1      	ldrb	r1, [r0, #7]
10004914:	f103 0609 	add.w	r6, r3, #9
10004918:	f3c1 1240 	ubfx	r2, r1, #5, #1
1000491c:	0112      	lsls	r2, r2, #4
1000491e:	f3c1 1180 	ubfx	r1, r1, #6, #1
10004922:	ea42 1241 	orr.w	r2, r2, r1, lsl #5
10004926:	4631      	mov	r1, r6
10004928:	7838      	ldrb	r0, [r7, #0]
1000492a:	f020 0030 	bic.w	r0, r0, #48	@ 0x30
1000492e:	4302      	orrs	r2, r0
10004930:	703a      	strb	r2, [r7, #0]
10004932:	885a      	ldrh	r2, [r3, #2]
10004934:	f8cd 800c 	str.w	r8, [sp, #12]
10004938:	189a      	adds	r2, r3, r2
1000493a:	9201      	str	r2, [sp, #4]
1000493c:	9b01      	ldr	r3, [sp, #4]
1000493e:	428b      	cmp	r3, r1
10004940:	f240 81a4 	bls.w	10004c8c <tud_task_ext+0x70c>
10004944:	784a      	ldrb	r2, [r1, #1]
10004946:	2a0b      	cmp	r2, #11
10004948:	f000 81af 	beq.w	10004caa <tud_task_ext+0x72a>
1000494c:	2301      	movs	r3, #1
1000494e:	2a04      	cmp	r2, #4
10004950:	f040 813a 	bne.w	10004bc8 <tud_task_ext+0x648>
10004954:	2600      	movs	r6, #0
10004956:	9a01      	ldr	r2, [sp, #4]
10004958:	9600      	str	r6, [sp, #0]
1000495a:	1a52      	subs	r2, r2, r1
1000495c:	b292      	uxth	r2, r2
1000495e:	9202      	str	r2, [sp, #8]
10004960:	4a6e      	ldr	r2, [pc, #440]	@ (10004b1c <tud_task_ext+0x59c>)
10004962:	9304      	str	r3, [sp, #16]
10004964:	7812      	ldrb	r2, [r2, #0]
10004966:	e01d      	b.n	100049a4 <tud_task_ext+0x424>
10004968:	4b6e      	ldr	r3, [pc, #440]	@ (10004b24 <tud_task_ext+0x5a4>)
1000496a:	681b      	ldr	r3, [r3, #0]
1000496c:	eb13 1846 	adds.w	r8, r3, r6, lsl #5
10004970:	f000 812a 	beq.w	10004bc8 <tud_task_ext+0x648>
10004974:	9a02      	ldr	r2, [sp, #8]
10004976:	f8d8 3010 	ldr.w	r3, [r8, #16]
1000497a:	9803      	ldr	r0, [sp, #12]
1000497c:	9105      	str	r1, [sp, #20]
1000497e:	4798      	blx	r3
10004980:	2808      	cmp	r0, #8
10004982:	4602      	mov	r2, r0
10004984:	9905      	ldr	r1, [sp, #20]
10004986:	f106 0301 	add.w	r3, r6, #1
1000498a:	d903      	bls.n	10004994 <tud_task_ext+0x414>
1000498c:	9802      	ldr	r0, [sp, #8]
1000498e:	4290      	cmp	r0, r2
10004990:	f080 80ff 	bcs.w	10004b92 <tud_task_ext+0x612>
10004994:	b2de      	uxtb	r6, r3
10004996:	4b61      	ldr	r3, [pc, #388]	@ (10004b1c <tud_task_ext+0x59c>)
10004998:	9600      	str	r6, [sp, #0]
1000499a:	781a      	ldrb	r2, [r3, #0]
1000499c:	1c53      	adds	r3, r2, #1
1000499e:	429e      	cmp	r6, r3
100049a0:	f300 8112 	bgt.w	10004bc8 <tud_task_ext+0x648>
100049a4:	9b00      	ldr	r3, [sp, #0]
100049a6:	42b2      	cmp	r2, r6
100049a8:	eba3 0202 	sub.w	r2, r3, r2
100049ac:	d8dc      	bhi.n	10004968 <tud_task_ext+0x3e8>
100049ae:	4b5c      	ldr	r3, [pc, #368]	@ (10004b20 <tud_task_ext+0x5a0>)
100049b0:	eb03 1842 	add.w	r8, r3, r2, lsl #5
100049b4:	e7de      	b.n	10004974 <tud_task_ext+0x3f4>
100049b6:	787b      	ldrb	r3, [r7, #1]
100049b8:	4640      	mov	r0, r8
100049ba:	f88d 301a 	strb.w	r3, [sp, #26]
100049be:	f10d 021a 	add.w	r2, sp, #26
100049c2:	2301      	movs	r3, #1
100049c4:	a908      	add	r1, sp, #32
100049c6:	f000 fa83 	bl	10004ed0 <tud_control_xfer>
100049ca:	e5e9      	b.n	100045a0 <tud_task_ext+0x20>
100049cc:	f8bd 0022 	ldrh.w	r0, [sp, #34]	@ 0x22
100049d0:	0a03      	lsrs	r3, r0, #8
100049d2:	3b01      	subs	r3, #1
100049d4:	0a02      	lsrs	r2, r0, #8
100049d6:	b2c0      	uxtb	r0, r0
100049d8:	2b0e      	cmp	r3, #14
100049da:	f63f aee9 	bhi.w	100047b0 <tud_task_ext+0x230>
100049de:	a101      	add	r1, pc, #4	@ (adr r1, 100049e4 <tud_task_ext+0x464>)
100049e0:	f851 f023 	ldr.w	pc, [r1, r3, lsl #2]
100049e4:	10004bf9 	.word	0x10004bf9
100049e8:	10004a95 	.word	0x10004a95
100049ec:	10004c35 	.word	0x10004c35
100049f0:	100047b1 	.word	0x100047b1
100049f4:	100047b1 	.word	0x100047b1
100049f8:	10004c17 	.word	0x10004c17
100049fc:	10004a95 	.word	0x10004a95
10004a00:	100047b1 	.word	0x100047b1
10004a04:	100047b1 	.word	0x100047b1
10004a08:	100047b1 	.word	0x100047b1
10004a0c:	100047b1 	.word	0x100047b1
10004a10:	100047b1 	.word	0x100047b1
10004a14:	100047b1 	.word	0x100047b1
10004a18:	100047b1 	.word	0x100047b1
10004a1c:	10004beb 	.word	0x10004beb
10004a20:	a808      	add	r0, sp, #32
10004a22:	f000 fabd 	bl	10004fa0 <usbd_control_set_request>
10004a26:	4640      	mov	r0, r8
10004a28:	f89d 1022 	ldrb.w	r1, [sp, #34]	@ 0x22
10004a2c:	f7ff fba2 	bl	10004174 <dcd_set_address>
10004a30:	783b      	ldrb	r3, [r7, #0]
10004a32:	f043 0302 	orr.w	r3, r3, #2
10004a36:	703b      	strb	r3, [r7, #0]
10004a38:	e5b2      	b.n	100045a0 <tud_task_ext+0x20>
10004a3a:	f8bd 3022 	ldrh.w	r3, [sp, #34]	@ 0x22
10004a3e:	2b01      	cmp	r3, #1
10004a40:	f47f aeb6 	bne.w	100047b0 <tud_task_ext+0x230>
10004a44:	783b      	ldrb	r3, [r7, #0]
10004a46:	4640      	mov	r0, r8
10004a48:	f023 0308 	bic.w	r3, r3, #8
10004a4c:	a908      	add	r1, sp, #32
10004a4e:	703b      	strb	r3, [r7, #0]
10004a50:	f000 fa24 	bl	10004e9c <tud_control_status>
10004a54:	e5a4      	b.n	100045a0 <tud_task_ext+0x20>
10004a56:	4640      	mov	r0, r8
10004a58:	783b      	ldrb	r3, [r7, #0]
10004a5a:	089a      	lsrs	r2, r3, #2
10004a5c:	f002 0202 	and.w	r2, r2, #2
10004a60:	f3c3 1340 	ubfx	r3, r3, #5, #1
10004a64:	4313      	orrs	r3, r2
10004a66:	f8ad 301a 	strh.w	r3, [sp, #26]
10004a6a:	f10d 021a 	add.w	r2, sp, #26
10004a6e:	2302      	movs	r3, #2
10004a70:	a908      	add	r1, sp, #32
10004a72:	f000 fa2d 	bl	10004ed0 <tud_control_xfer>
10004a76:	e593      	b.n	100045a0 <tud_task_ext+0x20>
10004a78:	f8bd 3022 	ldrh.w	r3, [sp, #34]	@ 0x22
10004a7c:	2b01      	cmp	r3, #1
10004a7e:	f47f ae97 	bne.w	100047b0 <tud_task_ext+0x230>
10004a82:	783b      	ldrb	r3, [r7, #0]
10004a84:	4640      	mov	r0, r8
10004a86:	f043 0308 	orr.w	r3, r3, #8
10004a8a:	a908      	add	r1, sp, #32
10004a8c:	703b      	strb	r3, [r7, #0]
10004a8e:	f000 fa05 	bl	10004e9c <tud_control_status>
10004a92:	e585      	b.n	100045a0 <tud_task_ext+0x20>
10004a94:	2a02      	cmp	r2, #2
10004a96:	f43f ae7e 	beq.w	10004796 <tud_task_ext+0x216>
10004a9a:	f7ff fcdd 	bl	10004458 <tud_descriptor_other_speed_configuration_cb>
10004a9e:	4602      	mov	r2, r0
10004aa0:	2800      	cmp	r0, #0
10004aa2:	f43f ae85 	beq.w	100047b0 <tud_task_ext+0x230>
10004aa6:	4640      	mov	r0, r8
10004aa8:	8853      	ldrh	r3, [r2, #2]
10004aaa:	a908      	add	r1, sp, #32
10004aac:	f000 fa10 	bl	10004ed0 <tud_control_xfer>
10004ab0:	2800      	cmp	r0, #0
10004ab2:	f47f ad75 	bne.w	100045a0 <tud_task_ext+0x20>
10004ab6:	e67b      	b.n	100047b0 <tud_task_ext+0x230>
10004ab8:	f89d 3024 	ldrb.w	r3, [sp, #36]	@ 0x24
10004abc:	2b0f      	cmp	r3, #15
10004abe:	f63f ae77 	bhi.w	100047b0 <tud_task_ext+0x230>
10004ac2:	4a16      	ldr	r2, [pc, #88]	@ (10004b1c <tud_task_ext+0x59c>)
10004ac4:	443b      	add	r3, r7
10004ac6:	791b      	ldrb	r3, [r3, #4]
10004ac8:	7812      	ldrb	r2, [r2, #0]
10004aca:	4293      	cmp	r3, r2
10004acc:	d21d      	bcs.n	10004b0a <tud_task_ext+0x58a>
10004ace:	4a15      	ldr	r2, [pc, #84]	@ (10004b24 <tud_task_ext+0x5a4>)
10004ad0:	6816      	ldr	r6, [r2, #0]
10004ad2:	eb16 1643 	adds.w	r6, r6, r3, lsl #5
10004ad6:	f47f aea2 	bne.w	1000481e <tud_task_ext+0x29e>
10004ada:	e669      	b.n	100047b0 <tud_task_ext+0x230>
10004adc:	2a00      	cmp	r2, #0
10004ade:	f47f ae67 	bne.w	100047b0 <tud_task_ext+0x230>
10004ae2:	2600      	movs	r6, #0
10004ae4:	f89d 2021 	ldrb.w	r2, [sp, #33]	@ 0x21
10004ae8:	f002 03fd 	and.w	r3, r2, #253	@ 0xfd
10004aec:	2b01      	cmp	r3, #1
10004aee:	d01b      	beq.n	10004b28 <tud_task_ext+0x5a8>
10004af0:	2a00      	cmp	r2, #0
10004af2:	f47f ae56 	bne.w	100047a2 <tud_task_ext+0x222>
10004af6:	9b01      	ldr	r3, [sp, #4]
10004af8:	9a00      	ldr	r2, [sp, #0]
10004afa:	443b      	add	r3, r7
10004afc:	4413      	add	r3, r2
10004afe:	f893 3034 	ldrb.w	r3, [r3, #52]	@ 0x34
10004b02:	4640      	mov	r0, r8
10004b04:	f3c3 0340 	ubfx	r3, r3, #1, #1
10004b08:	e7ad      	b.n	10004a66 <tud_task_ext+0x4e6>
10004b0a:	1c51      	adds	r1, r2, #1
10004b0c:	4299      	cmp	r1, r3
10004b0e:	f6ff ae4f 	blt.w	100047b0 <tud_task_ext+0x230>
10004b12:	4e03      	ldr	r6, [pc, #12]	@ (10004b20 <tud_task_ext+0x5a0>)
10004b14:	1a9b      	subs	r3, r3, r2
10004b16:	eb06 1643 	add.w	r6, r6, r3, lsl #5
10004b1a:	e680      	b.n	1000481e <tud_task_ext+0x29e>
10004b1c:	200021c5 	.word	0x200021c5
10004b20:	10006aa4 	.word	0x10006aa4
10004b24:	20001730 	.word	0x20001730
10004b28:	f8bd 3022 	ldrh.w	r3, [sp, #34]	@ 0x22
10004b2c:	b9b3      	cbnz	r3, 10004b5c <tud_task_ext+0x5dc>
10004b2e:	2a01      	cmp	r2, #1
10004b30:	f899 0000 	ldrb.w	r0, [r9]
10004b34:	f000 8086 	beq.w	10004c44 <tud_task_ext+0x6c4>
10004b38:	f7ff fbd8 	bl	100042ec <dcd_edpt_stall>
10004b3c:	9b01      	ldr	r3, [sp, #4]
10004b3e:	9a00      	ldr	r2, [sp, #0]
10004b40:	443b      	add	r3, r7
10004b42:	4413      	add	r3, r2
10004b44:	f893 2034 	ldrb.w	r2, [r3, #52]	@ 0x34
10004b48:	f042 0202 	orr.w	r2, r2, #2
10004b4c:	f883 2034 	strb.w	r2, [r3, #52]	@ 0x34
10004b50:	f893 2034 	ldrb.w	r2, [r3, #52]	@ 0x34
10004b54:	f042 0201 	orr.w	r2, r2, #1
10004b58:	f883 2034 	strb.w	r2, [r3, #52]	@ 0x34
10004b5c:	2e00      	cmp	r6, #0
10004b5e:	f43f ad1f 	beq.w	100045a0 <tud_task_ext+0x20>
10004b62:	6970      	ldr	r0, [r6, #20]
10004b64:	f000 fa16 	bl	10004f94 <usbd_control_set_complete_callback>
10004b68:	6973      	ldr	r3, [r6, #20]
10004b6a:	2101      	movs	r1, #1
10004b6c:	aa08      	add	r2, sp, #32
10004b6e:	4640      	mov	r0, r8
10004b70:	4798      	blx	r3
10004b72:	2000      	movs	r0, #0
10004b74:	f000 fa0e 	bl	10004f94 <usbd_control_set_complete_callback>
10004b78:	f897 3035 	ldrb.w	r3, [r7, #53]	@ 0x35
10004b7c:	07df      	lsls	r7, r3, #31
10004b7e:	f53f ad0f 	bmi.w	100045a0 <tud_task_ext+0x20>
10004b82:	e696      	b.n	100048b2 <tud_task_ext+0x332>
10004b84:	f7ff fc6c 	bl	10004460 <tud_umount_cb>
10004b88:	4640      	mov	r0, r8
10004b8a:	a908      	add	r1, sp, #32
10004b8c:	f000 f986 	bl	10004e9c <tud_control_status>
10004b90:	e506      	b.n	100045a0 <tud_task_ext+0x20>
10004b92:	9b04      	ldr	r3, [sp, #16]
10004b94:	2b01      	cmp	r3, #1
10004b96:	f000 809e 	beq.w	10004cd6 <tud_task_ext+0x756>
10004b9a:	2b00      	cmp	r3, #0
10004b9c:	f000 808a 	beq.w	10004cb4 <tud_task_ext+0x734>
10004ba0:	2000      	movs	r0, #0
10004ba2:	f891 8002 	ldrb.w	r8, [r1, #2]
10004ba6:	e005      	b.n	10004bb4 <tud_task_ext+0x634>
10004ba8:	f88c 6004 	strb.w	r6, [ip, #4]
10004bac:	fa5f fc80 	uxtb.w	ip, r0
10004bb0:	4563      	cmp	r3, ip
10004bb2:	d97f      	bls.n	10004cb4 <tud_task_ext+0x734>
10004bb4:	eb08 0c00 	add.w	ip, r8, r0
10004bb8:	fa57 fc8c 	uxtab	ip, r7, ip
10004bbc:	f89c e004 	ldrb.w	lr, [ip, #4]
10004bc0:	3001      	adds	r0, #1
10004bc2:	f1be 0fff 	cmp.w	lr, #255	@ 0xff
10004bc6:	d0ef      	beq.n	10004ba8 <tud_task_ext+0x628>
10004bc8:	f04f 23e0 	mov.w	r3, #3758153728	@ 0xe000e000
10004bcc:	f8d3 3df0 	ldr.w	r3, [r3, #3568]	@ 0xdf0
10004bd0:	07da      	lsls	r2, r3, #31
10004bd2:	d500      	bpl.n	10004bd6 <tud_task_ext+0x656>
10004bd4:	be00      	bkpt	0x0000
10004bd6:	f04f 23e0 	mov.w	r3, #3758153728	@ 0xe000e000
10004bda:	f8d3 3df0 	ldr.w	r3, [r3, #3568]	@ 0xdf0
10004bde:	07db      	lsls	r3, r3, #31
10004be0:	d500      	bpl.n	10004be4 <tud_task_ext+0x664>
10004be2:	be00      	bkpt	0x0000
10004be4:	2300      	movs	r3, #0
10004be6:	707b      	strb	r3, [r7, #1]
10004be8:	e5e2      	b.n	100047b0 <tud_task_ext+0x230>
10004bea:	f7fe ff23 	bl	10003a34 <tud_descriptor_bos_cb>
10004bee:	4602      	mov	r2, r0
10004bf0:	2800      	cmp	r0, #0
10004bf2:	f47f af58 	bne.w	10004aa6 <tud_task_ext+0x526>
10004bf6:	e5db      	b.n	100047b0 <tud_task_ext+0x230>
10004bf8:	f7ff f958 	bl	10003eac <tud_descriptor_device_cb>
10004bfc:	4602      	mov	r2, r0
10004bfe:	2800      	cmp	r0, #0
10004c00:	f43f adcf 	beq.w	100047a2 <tud_task_ext+0x222>
10004c04:	4640      	mov	r0, r8
10004c06:	2312      	movs	r3, #18
10004c08:	a908      	add	r1, sp, #32
10004c0a:	f000 f961 	bl	10004ed0 <tud_control_xfer>
10004c0e:	2800      	cmp	r0, #0
10004c10:	f47f acc6 	bne.w	100045a0 <tud_task_ext+0x20>
10004c14:	e5cc      	b.n	100047b0 <tud_task_ext+0x230>
10004c16:	f7ff fc1d 	bl	10004454 <tud_descriptor_device_qualifier_cb>
10004c1a:	4602      	mov	r2, r0
10004c1c:	2800      	cmp	r0, #0
10004c1e:	f43f adc7 	beq.w	100047b0 <tud_task_ext+0x230>
10004c22:	4640      	mov	r0, r8
10004c24:	7813      	ldrb	r3, [r2, #0]
10004c26:	a908      	add	r1, sp, #32
10004c28:	f000 f952 	bl	10004ed0 <tud_control_xfer>
10004c2c:	2800      	cmp	r0, #0
10004c2e:	f47f acb7 	bne.w	100045a0 <tud_task_ext+0x20>
10004c32:	e5bd      	b.n	100047b0 <tud_task_ext+0x230>
10004c34:	f8bd 1024 	ldrh.w	r1, [sp, #36]	@ 0x24
10004c38:	f7ff f940 	bl	10003ebc <tud_descriptor_string_cb>
10004c3c:	4602      	mov	r2, r0
10004c3e:	2800      	cmp	r0, #0
10004c40:	d1ef      	bne.n	10004c22 <tud_task_ext+0x6a2>
10004c42:	e5b5      	b.n	100047b0 <tud_task_ext+0x230>
10004c44:	9302      	str	r3, [sp, #8]
10004c46:	f7ff fb69 	bl	1000431c <dcd_edpt_clear_stall>
10004c4a:	9a01      	ldr	r2, [sp, #4]
10004c4c:	9b00      	ldr	r3, [sp, #0]
10004c4e:	443a      	add	r2, r7
10004c50:	441a      	add	r2, r3
10004c52:	f892 1034 	ldrb.w	r1, [r2, #52]	@ 0x34
10004c56:	9b02      	ldr	r3, [sp, #8]
10004c58:	f363 0141 	bfi	r1, r3, #1, #1
10004c5c:	f882 1034 	strb.w	r1, [r2, #52]	@ 0x34
10004c60:	f892 1034 	ldrb.w	r1, [r2, #52]	@ 0x34
10004c64:	f363 0100 	bfi	r1, r3, #0, #1
10004c68:	f882 1034 	strb.w	r1, [r2, #52]	@ 0x34
10004c6c:	e776      	b.n	10004b5c <tud_task_ext+0x5dc>
10004c6e:	2100      	movs	r1, #0
10004c70:	4640      	mov	r0, r8
10004c72:	f7ff fa87 	bl	10004184 <dcd_sof_enable>
10004c76:	4640      	mov	r0, r8
10004c78:	f7ff fb22 	bl	100042c0 <dcd_edpt_close_all>
10004c7c:	78bb      	ldrb	r3, [r7, #2]
10004c7e:	4640      	mov	r0, r8
10004c80:	9300      	str	r3, [sp, #0]
10004c82:	f7ff fb9d 	bl	100043c0 <configuration_reset>
10004c86:	9b00      	ldr	r3, [sp, #0]
10004c88:	70bb      	strb	r3, [r7, #2]
10004c8a:	e632      	b.n	100048f2 <tud_task_ext+0x372>
10004c8c:	f8dd 800c 	ldr.w	r8, [sp, #12]
10004c90:	f7ff fbe4 	bl	1000445c <tud_mount_cb>
10004c94:	e778      	b.n	10004b88 <tud_task_ext+0x608>
10004c96:	4640      	mov	r0, r8
10004c98:	2301      	movs	r3, #1
10004c9a:	a908      	add	r1, sp, #32
10004c9c:	f10d 021a 	add.w	r2, sp, #26
10004ca0:	f88d 601a 	strb.w	r6, [sp, #26]
10004ca4:	f000 f914 	bl	10004ed0 <tud_control_xfer>
10004ca8:	e47a      	b.n	100045a0 <tud_task_ext+0x20>
10004caa:	780a      	ldrb	r2, [r1, #0]
10004cac:	78cb      	ldrb	r3, [r1, #3]
10004cae:	4411      	add	r1, r2
10004cb0:	784a      	ldrb	r2, [r1, #1]
10004cb2:	e64c      	b.n	1000494e <tud_task_ext+0x3ce>
10004cb4:	4633      	mov	r3, r6
10004cb6:	4810      	ldr	r0, [pc, #64]	@ (10004cf8 <tud_task_ext+0x778>)
10004cb8:	9204      	str	r2, [sp, #16]
10004cba:	9102      	str	r1, [sp, #8]
10004cbc:	f000 fe76 	bl	100059ac <tu_edpt_bind_driver>
10004cc0:	4b0e      	ldr	r3, [pc, #56]	@ (10004cfc <tud_task_ext+0x77c>)
10004cc2:	9a04      	ldr	r2, [sp, #16]
10004cc4:	9902      	ldr	r1, [sp, #8]
10004cc6:	781b      	ldrb	r3, [r3, #0]
10004cc8:	4411      	add	r1, r2
10004cca:	9a00      	ldr	r2, [sp, #0]
10004ccc:	3301      	adds	r3, #1
10004cce:	4293      	cmp	r3, r2
10004cd0:	f6bf ae34 	bge.w	1000493c <tud_task_ext+0x3bc>
10004cd4:	e778      	b.n	10004bc8 <tud_task_ext+0x648>
10004cd6:	f8d8 c010 	ldr.w	ip, [r8, #16]
10004cda:	4809      	ldr	r0, [pc, #36]	@ (10004d00 <tud_task_ext+0x780>)
10004cdc:	4584      	cmp	ip, r0
10004cde:	bf08      	it	eq
10004ce0:	2302      	moveq	r3, #2
10004ce2:	e75d      	b.n	10004ba0 <tud_task_ext+0x620>
10004ce4:	f04f 23e0 	mov.w	r3, #3758153728	@ 0xe000e000
10004ce8:	f8d3 3df0 	ldr.w	r3, [r3, #3568]	@ 0xdf0
10004cec:	07db      	lsls	r3, r3, #31
10004cee:	f57f ac57 	bpl.w	100045a0 <tud_task_ext+0x20>
10004cf2:	be00      	bkpt	0x0000
10004cf4:	e454      	b.n	100045a0 <tud_task_ext+0x20>
10004cf6:	bf00      	nop
10004cf8:	20001914 	.word	0x20001914
10004cfc:	200021c5 	.word	0x200021c5
10004d00:	100053cd 	.word	0x100053cd

10004d04 <usbd_open_edpt_pair>:
10004d04:	e92d 4ff8 	stmdb	sp!, {r3, r4, r5, r6, r7, r8, r9, sl, fp, lr}
10004d08:	9f0a      	ldr	r7, [sp, #40]	@ 0x28
10004d0a:	2a00      	cmp	r2, #0
10004d0c:	d040      	beq.n	10004d90 <usbd_open_edpt_pair+0x8c>
10004d0e:	460c      	mov	r4, r1
10004d10:	461e      	mov	r6, r3
10004d12:	4615      	mov	r5, r2
10004d14:	f04f 0a00 	mov.w	sl, #0
10004d18:	f8df 907c 	ldr.w	r9, [pc, #124]	@ 10004d98 <usbd_open_edpt_pair+0x94>
10004d1c:	f8df 807c 	ldr.w	r8, [pc, #124]	@ 10004d9c <usbd_open_edpt_pair+0x98>
10004d20:	e018      	b.n	10004d54 <usbd_open_edpt_pair+0x50>
10004d22:	4620      	mov	r0, r4
10004d24:	f898 1002 	ldrb.w	r1, [r8, #2]
10004d28:	f899 b000 	ldrb.w	fp, [r9]
10004d2c:	f000 fe0e 	bl	1000594c <tu_edpt_validate>
10004d30:	b1e0      	cbz	r0, 10004d6c <usbd_open_edpt_pair+0x68>
10004d32:	4621      	mov	r1, r4
10004d34:	4658      	mov	r0, fp
10004d36:	f7ff fa41 	bl	100041bc <dcd_edpt_open>
10004d3a:	b1f0      	cbz	r0, 10004d7a <usbd_open_edpt_pair+0x76>
10004d3c:	78a2      	ldrb	r2, [r4, #2]
10004d3e:	f10a 0a01 	add.w	sl, sl, #1
10004d42:	09d1      	lsrs	r1, r2, #7
10004d44:	bf16      	itet	ne
10004d46:	9b0b      	ldrne	r3, [sp, #44]	@ 0x2c
10004d48:	703a      	strbeq	r2, [r7, #0]
10004d4a:	701a      	strbne	r2, [r3, #0]
10004d4c:	7822      	ldrb	r2, [r4, #0]
10004d4e:	45aa      	cmp	sl, r5
10004d50:	4414      	add	r4, r2
10004d52:	d01d      	beq.n	10004d90 <usbd_open_edpt_pair+0x8c>
10004d54:	7862      	ldrb	r2, [r4, #1]
10004d56:	2a05      	cmp	r2, #5
10004d58:	d10f      	bne.n	10004d7a <usbd_open_edpt_pair+0x76>
10004d5a:	78e1      	ldrb	r1, [r4, #3]
10004d5c:	f001 0103 	and.w	r1, r1, #3
10004d60:	42b1      	cmp	r1, r6
10004d62:	d10a      	bne.n	10004d7a <usbd_open_edpt_pair+0x76>
10004d64:	78a2      	ldrb	r2, [r4, #2]
10004d66:	f012 0f70 	tst.w	r2, #112	@ 0x70
10004d6a:	d0da      	beq.n	10004d22 <usbd_open_edpt_pair+0x1e>
10004d6c:	f04f 23e0 	mov.w	r3, #3758153728	@ 0xe000e000
10004d70:	f8d3 3df0 	ldr.w	r3, [r3, #3568]	@ 0xdf0
10004d74:	07da      	lsls	r2, r3, #31
10004d76:	d500      	bpl.n	10004d7a <usbd_open_edpt_pair+0x76>
10004d78:	be00      	bkpt	0x0000
10004d7a:	f04f 23e0 	mov.w	r3, #3758153728	@ 0xe000e000
10004d7e:	f8d3 3df0 	ldr.w	r3, [r3, #3568]	@ 0xdf0
10004d82:	07db      	lsls	r3, r3, #31
10004d84:	d402      	bmi.n	10004d8c <usbd_open_edpt_pair+0x88>
10004d86:	2000      	movs	r0, #0
10004d88:	e8bd 8ff8 	ldmia.w	sp!, {r3, r4, r5, r6, r7, r8, r9, sl, fp, pc}
10004d8c:	be00      	bkpt	0x0000
10004d8e:	e7fa      	b.n	10004d86 <usbd_open_edpt_pair+0x82>
10004d90:	2001      	movs	r0, #1
10004d92:	e8bd 8ff8 	ldmia.w	sp!, {r3, r4, r5, r6, r7, r8, r9, sl, fp, pc}
10004d96:	bf00      	nop
10004d98:	20001590 	.word	0x20001590
10004d9c:	20001900 	.word	0x20001900

10004da0 <usbd_edpt_open>:
10004da0:	b538      	push	{r3, r4, r5, lr}
10004da2:	788b      	ldrb	r3, [r1, #2]
10004da4:	f013 0f70 	tst.w	r3, #112	@ 0x70
10004da8:	d008      	beq.n	10004dbc <usbd_edpt_open+0x1c>
10004daa:	f04f 23e0 	mov.w	r3, #3758153728	@ 0xe000e000
10004dae:	f8d3 3df0 	ldr.w	r3, [r3, #3568]	@ 0xdf0
10004db2:	07db      	lsls	r3, r3, #31
10004db4:	d500      	bpl.n	10004db8 <usbd_edpt_open+0x18>
10004db6:	be00      	bkpt	0x0000
10004db8:	2000      	movs	r0, #0
10004dba:	bd38      	pop	{r3, r4, r5, pc}
10004dbc:	4a07      	ldr	r2, [pc, #28]	@ (10004ddc <usbd_edpt_open+0x3c>)
10004dbe:	4b08      	ldr	r3, [pc, #32]	@ (10004de0 <usbd_edpt_open+0x40>)
10004dc0:	460c      	mov	r4, r1
10004dc2:	4608      	mov	r0, r1
10004dc4:	7891      	ldrb	r1, [r2, #2]
10004dc6:	781d      	ldrb	r5, [r3, #0]
10004dc8:	f000 fdc0 	bl	1000594c <tu_edpt_validate>
10004dcc:	2800      	cmp	r0, #0
10004dce:	d0ec      	beq.n	10004daa <usbd_edpt_open+0xa>
10004dd0:	4621      	mov	r1, r4
10004dd2:	4628      	mov	r0, r5
10004dd4:	e8bd 4038 	ldmia.w	sp!, {r3, r4, r5, lr}
10004dd8:	f7ff b9f0 	b.w	100041bc <dcd_edpt_open>
10004ddc:	20001900 	.word	0x20001900
10004de0:	20001590 	.word	0x20001590

10004de4 <usbd_edpt_claim>:
10004de4:	460b      	mov	r3, r1
10004de6:	4a06      	ldr	r2, [pc, #24]	@ (10004e00 <usbd_edpt_claim+0x1c>)
10004de8:	4806      	ldr	r0, [pc, #24]	@ (10004e04 <usbd_edpt_claim+0x20>)
10004dea:	6811      	ldr	r1, [r2, #0]
10004dec:	09da      	lsrs	r2, r3, #7
10004dee:	3234      	adds	r2, #52	@ 0x34
10004df0:	f003 037f 	and.w	r3, r3, #127	@ 0x7f
10004df4:	eb02 0343 	add.w	r3, r2, r3, lsl #1
10004df8:	4418      	add	r0, r3
10004dfa:	f000 bd61 	b.w	100058c0 <tu_edpt_claim>
10004dfe:	bf00      	nop
10004e00:	20001954 	.word	0x20001954
10004e04:	20001900 	.word	0x20001900

10004e08 <usbd_edpt_release>:
10004e08:	460b      	mov	r3, r1
10004e0a:	4a06      	ldr	r2, [pc, #24]	@ (10004e24 <usbd_edpt_release+0x1c>)
10004e0c:	4806      	ldr	r0, [pc, #24]	@ (10004e28 <usbd_edpt_release+0x20>)
10004e0e:	6811      	ldr	r1, [r2, #0]
10004e10:	09da      	lsrs	r2, r3, #7
10004e12:	3234      	adds	r2, #52	@ 0x34
10004e14:	f003 037f 	and.w	r3, r3, #127	@ 0x7f
10004e18:	eb02 0343 	add.w	r3, r2, r3, lsl #1
10004e1c:	4418      	add	r0, r3
10004e1e:	f000 bd79 	b.w	10005914 <tu_edpt_release>
10004e22:	bf00      	nop
10004e24:	20001954 	.word	0x20001954
10004e28:	20001900 	.word	0x20001900

10004e2c <usbd_edpt_xfer>:
10004e2c:	b510      	push	{r4, lr}
10004e2e:	4819      	ldr	r0, [pc, #100]	@ (10004e94 <usbd_edpt_xfer+0x68>)
10004e30:	f001 0c7f 	and.w	ip, r1, #127	@ 0x7f
10004e34:	eb00 004c 	add.w	r0, r0, ip, lsl #1
10004e38:	eb00 10d1 	add.w	r0, r0, r1, lsr #7
10004e3c:	f890 c034 	ldrb.w	ip, [r0, #52]	@ 0x34
10004e40:	f01c 0f01 	tst.w	ip, #1
10004e44:	d008      	beq.n	10004e58 <usbd_edpt_xfer+0x2c>
10004e46:	f04f 23e0 	mov.w	r3, #3758153728	@ 0xe000e000
10004e4a:	f8d3 3df0 	ldr.w	r3, [r3, #3568]	@ 0xdf0
10004e4e:	07da      	lsls	r2, r3, #31
10004e50:	d500      	bpl.n	10004e54 <usbd_edpt_xfer+0x28>
10004e52:	be00      	bkpt	0x0000
10004e54:	2000      	movs	r0, #0
10004e56:	bd10      	pop	{r4, pc}
10004e58:	f100 0430 	add.w	r4, r0, #48	@ 0x30
10004e5c:	f894 c004 	ldrb.w	ip, [r4, #4]
10004e60:	480d      	ldr	r0, [pc, #52]	@ (10004e98 <usbd_edpt_xfer+0x6c>)
10004e62:	f04c 0c01 	orr.w	ip, ip, #1
10004e66:	7800      	ldrb	r0, [r0, #0]
10004e68:	f884 c004 	strb.w	ip, [r4, #4]
10004e6c:	f7ff fa2a 	bl	100042c4 <dcd_edpt_xfer>
10004e70:	2800      	cmp	r0, #0
10004e72:	d1f0      	bne.n	10004e56 <usbd_edpt_xfer+0x2a>
10004e74:	f04f 21e0 	mov.w	r1, #3758153728	@ 0xe000e000
10004e78:	7922      	ldrb	r2, [r4, #4]
10004e7a:	f360 0200 	bfi	r2, r0, #0, #1
10004e7e:	7122      	strb	r2, [r4, #4]
10004e80:	7922      	ldrb	r2, [r4, #4]
10004e82:	f360 0282 	bfi	r2, r0, #2, #1
10004e86:	7122      	strb	r2, [r4, #4]
10004e88:	f8d1 3df0 	ldr.w	r3, [r1, #3568]	@ 0xdf0
10004e8c:	07db      	lsls	r3, r3, #31
10004e8e:	d5e1      	bpl.n	10004e54 <usbd_edpt_xfer+0x28>
10004e90:	be00      	bkpt	0x0000
10004e92:	e7df      	b.n	10004e54 <usbd_edpt_xfer+0x28>
10004e94:	20001900 	.word	0x20001900
10004e98:	20001590 	.word	0x20001590

10004e9c <tud_control_status>:
10004e9c:	b530      	push	{r4, r5, lr}
10004e9e:	4c0b      	ldr	r4, [pc, #44]	@ (10004ecc <tud_control_status+0x30>)
10004ea0:	468c      	mov	ip, r1
10004ea2:	46a6      	mov	lr, r4
10004ea4:	4605      	mov	r5, r0
10004ea6:	6808      	ldr	r0, [r1, #0]
10004ea8:	6849      	ldr	r1, [r1, #4]
10004eaa:	2300      	movs	r3, #0
10004eac:	e8ae 0003 	stmia.w	lr!, {r0, r1}
10004eb0:	f89c 1000 	ldrb.w	r1, [ip]
10004eb4:	4628      	mov	r0, r5
10004eb6:	43c9      	mvns	r1, r1
10004eb8:	e9c4 3302 	strd	r3, r3, [r4, #8]
10004ebc:	e8bd 4030 	ldmia.w	sp!, {r4, r5, lr}
10004ec0:	461a      	mov	r2, r3
10004ec2:	f001 0180 	and.w	r1, r1, #128	@ 0x80
10004ec6:	f7ff bfb1 	b.w	10004e2c <usbd_edpt_xfer>
10004eca:	bf00      	nop
10004ecc:	200018c0 	.word	0x200018c0

10004ed0 <tud_control_xfer>:
10004ed0:	e92d 41f0 	stmdb	sp!, {r4, r5, r6, r7, r8, lr}
10004ed4:	4f28      	ldr	r7, [pc, #160]	@ (10004f78 <tud_control_xfer+0xa8>)
10004ed6:	f04f 0800 	mov.w	r8, #0
10004eda:	46be      	mov	lr, r7
10004edc:	468c      	mov	ip, r1
10004ede:	4606      	mov	r6, r0
10004ee0:	6808      	ldr	r0, [r1, #0]
10004ee2:	6849      	ldr	r1, [r1, #4]
10004ee4:	60ba      	str	r2, [r7, #8]
10004ee6:	e8ae 0003 	stmia.w	lr!, {r0, r1}
10004eea:	f8a7 800e 	strh.w	r8, [r7, #14]
10004eee:	4615      	mov	r5, r2
10004ef0:	f8bc 2006 	ldrh.w	r2, [ip, #6]
10004ef4:	4293      	cmp	r3, r2
10004ef6:	bf28      	it	cs
10004ef8:	4613      	movcs	r3, r2
10004efa:	81bb      	strh	r3, [r7, #12]
10004efc:	b19a      	cbz	r2, 10004f26 <tud_control_xfer+0x56>
10004efe:	461c      	mov	r4, r3
10004f00:	b333      	cbz	r3, 10004f50 <tud_control_xfer+0x80>
10004f02:	b1dd      	cbz	r5, 10004f3c <tud_control_xfer+0x6c>
10004f04:	f997 3000 	ldrsb.w	r3, [r7]
10004f08:	2c40      	cmp	r4, #64	@ 0x40
10004f0a:	bf28      	it	cs
10004f0c:	2440      	movcs	r4, #64	@ 0x40
10004f0e:	2b00      	cmp	r3, #0
10004f10:	db29      	blt.n	10004f66 <tud_control_xfer+0x96>
10004f12:	4641      	mov	r1, r8
10004f14:	4623      	mov	r3, r4
10004f16:	4630      	mov	r0, r6
10004f18:	4a18      	ldr	r2, [pc, #96]	@ (10004f7c <tud_control_xfer+0xac>)
10004f1a:	f7ff ff87 	bl	10004e2c <usbd_edpt_xfer>
10004f1e:	b168      	cbz	r0, 10004f3c <tud_control_xfer+0x6c>
10004f20:	2001      	movs	r0, #1
10004f22:	e8bd 81f0 	ldmia.w	sp!, {r4, r5, r6, r7, r8, pc}
10004f26:	f89c 1000 	ldrb.w	r1, [ip]
10004f2a:	4613      	mov	r3, r2
10004f2c:	43c9      	mvns	r1, r1
10004f2e:	4630      	mov	r0, r6
10004f30:	f001 0180 	and.w	r1, r1, #128	@ 0x80
10004f34:	f7ff ff7a 	bl	10004e2c <usbd_edpt_xfer>
10004f38:	2800      	cmp	r0, #0
10004f3a:	d1f1      	bne.n	10004f20 <tud_control_xfer+0x50>
10004f3c:	f04f 23e0 	mov.w	r3, #3758153728	@ 0xe000e000
10004f40:	f8d3 3df0 	ldr.w	r3, [r3, #3568]	@ 0xdf0
10004f44:	07db      	lsls	r3, r3, #31
10004f46:	d500      	bpl.n	10004f4a <tud_control_xfer+0x7a>
10004f48:	be00      	bkpt	0x0000
10004f4a:	2000      	movs	r0, #0
10004f4c:	e8bd 81f0 	ldmia.w	sp!, {r4, r5, r6, r7, r8, pc}
10004f50:	461a      	mov	r2, r3
10004f52:	7839      	ldrb	r1, [r7, #0]
10004f54:	f001 0180 	and.w	r1, r1, #128	@ 0x80
10004f58:	4623      	mov	r3, r4
10004f5a:	4630      	mov	r0, r6
10004f5c:	f7ff ff66 	bl	10004e2c <usbd_edpt_xfer>
10004f60:	2800      	cmp	r0, #0
10004f62:	d1dd      	bne.n	10004f20 <tud_control_xfer+0x50>
10004f64:	e7ea      	b.n	10004f3c <tud_control_xfer+0x6c>
10004f66:	4622      	mov	r2, r4
10004f68:	4629      	mov	r1, r5
10004f6a:	4804      	ldr	r0, [pc, #16]	@ (10004f7c <tud_control_xfer+0xac>)
10004f6c:	f001 f9f0 	bl	10006350 <memcpy>
10004f70:	2180      	movs	r1, #128	@ 0x80
10004f72:	4a02      	ldr	r2, [pc, #8]	@ (10004f7c <tud_control_xfer+0xac>)
10004f74:	e7f0      	b.n	10004f58 <tud_control_xfer+0x88>
10004f76:	bf00      	nop
10004f78:	200018c0 	.word	0x200018c0
10004f7c:	20001880 	.word	0x20001880

10004f80 <usbd_control_reset>:
10004f80:	2200      	movs	r2, #0
10004f82:	4b03      	ldr	r3, [pc, #12]	@ (10004f90 <usbd_control_reset+0x10>)
10004f84:	e9c3 2200 	strd	r2, r2, [r3]
10004f88:	e9c3 2202 	strd	r2, r2, [r3, #8]
10004f8c:	611a      	str	r2, [r3, #16]
10004f8e:	4770      	bx	lr
10004f90:	200018c0 	.word	0x200018c0

10004f94 <usbd_control_set_complete_callback>:
10004f94:	4b01      	ldr	r3, [pc, #4]	@ (10004f9c <usbd_control_set_complete_callback+0x8>)
10004f96:	6118      	str	r0, [r3, #16]
10004f98:	4770      	bx	lr
10004f9a:	bf00      	nop
10004f9c:	200018c0 	.word	0x200018c0

10004fa0 <usbd_control_set_request>:
10004fa0:	b430      	push	{r4, r5}
10004fa2:	4602      	mov	r2, r0
10004fa4:	4c04      	ldr	r4, [pc, #16]	@ (10004fb8 <usbd_control_set_request+0x18>)
10004fa6:	2500      	movs	r5, #0
10004fa8:	4623      	mov	r3, r4
10004faa:	6800      	ldr	r0, [r0, #0]
10004fac:	6851      	ldr	r1, [r2, #4]
10004fae:	e9c4 5502 	strd	r5, r5, [r4, #8]
10004fb2:	bc30      	pop	{r4, r5}
10004fb4:	c303      	stmia	r3!, {r0, r1}
10004fb6:	4770      	bx	lr
10004fb8:	200018c0 	.word	0x200018c0

10004fbc <usbd_control_xfer_cb>:
10004fbc:	b570      	push	{r4, r5, r6, lr}
10004fbe:	4c3d      	ldr	r4, [pc, #244]	@ (100050b4 <usbd_control_xfer_cb+0xf8>)
10004fc0:	09c9      	lsrs	r1, r1, #7
10004fc2:	7822      	ldrb	r2, [r4, #0]
10004fc4:	4606      	mov	r6, r0
10004fc6:	ebb1 1fd2 	cmp.w	r1, r2, lsr #7
10004fca:	461d      	mov	r5, r3
10004fcc:	b082      	sub	sp, #8
10004fce:	d017      	beq.n	10005000 <usbd_control_xfer_cb+0x44>
10004fd0:	b153      	cbz	r3, 10004fe8 <usbd_control_xfer_cb+0x2c>
10004fd2:	f04f 23e0 	mov.w	r3, #3758153728	@ 0xe000e000
10004fd6:	f8d3 3df0 	ldr.w	r3, [r3, #3568]	@ 0xdf0
10004fda:	07db      	lsls	r3, r3, #31
10004fdc:	d402      	bmi.n	10004fe4 <usbd_control_xfer_cb+0x28>
10004fde:	2000      	movs	r0, #0
10004fe0:	b002      	add	sp, #8
10004fe2:	bd70      	pop	{r4, r5, r6, pc}
10004fe4:	be00      	bkpt	0x0000
10004fe6:	e7fa      	b.n	10004fde <usbd_control_xfer_cb+0x22>
10004fe8:	4621      	mov	r1, r4
10004fea:	f7ff f8d9 	bl	100041a0 <dcd_edpt0_status_complete>
10004fee:	6923      	ldr	r3, [r4, #16]
10004ff0:	b11b      	cbz	r3, 10004ffa <usbd_control_xfer_cb+0x3e>
10004ff2:	4622      	mov	r2, r4
10004ff4:	2103      	movs	r1, #3
10004ff6:	4630      	mov	r0, r6
10004ff8:	4798      	blx	r3
10004ffa:	2001      	movs	r0, #1
10004ffc:	b002      	add	sp, #8
10004ffe:	bd70      	pop	{r4, r5, r6, pc}
10005000:	f994 3000 	ldrsb.w	r3, [r4]
10005004:	2b00      	cmp	r3, #0
10005006:	db06      	blt.n	10005016 <usbd_control_xfer_cb+0x5a>
10005008:	68a0      	ldr	r0, [r4, #8]
1000500a:	2800      	cmp	r0, #0
1000500c:	d0e7      	beq.n	10004fde <usbd_control_xfer_cb+0x22>
1000500e:	462a      	mov	r2, r5
10005010:	4929      	ldr	r1, [pc, #164]	@ (100050b8 <usbd_control_xfer_cb+0xfc>)
10005012:	f001 f99d 	bl	10006350 <memcpy>
10005016:	89e0      	ldrh	r0, [r4, #14]
10005018:	68a1      	ldr	r1, [r4, #8]
1000501a:	88e3      	ldrh	r3, [r4, #6]
1000501c:	4428      	add	r0, r5
1000501e:	b280      	uxth	r0, r0
10005020:	4429      	add	r1, r5
10005022:	4283      	cmp	r3, r0
10005024:	81e0      	strh	r0, [r4, #14]
10005026:	60a1      	str	r1, [r4, #8]
10005028:	d016      	beq.n	10005058 <usbd_control_xfer_cb+0x9c>
1000502a:	2d3f      	cmp	r5, #63	@ 0x3f
1000502c:	d914      	bls.n	10005058 <usbd_control_xfer_cb+0x9c>
1000502e:	89a2      	ldrh	r2, [r4, #12]
10005030:	f994 4000 	ldrsb.w	r4, [r4]
10005034:	1a13      	subs	r3, r2, r0
10005036:	b29b      	uxth	r3, r3
10005038:	2b40      	cmp	r3, #64	@ 0x40
1000503a:	bf28      	it	cs
1000503c:	2340      	movcs	r3, #64	@ 0x40
1000503e:	2c00      	cmp	r4, #0
10005040:	db27      	blt.n	10005092 <usbd_control_xfer_cb+0xd6>
10005042:	4290      	cmp	r0, r2
10005044:	f04f 0100 	mov.w	r1, #0
10005048:	d031      	beq.n	100050ae <usbd_control_xfer_cb+0xf2>
1000504a:	4a1b      	ldr	r2, [pc, #108]	@ (100050b8 <usbd_control_xfer_cb+0xfc>)
1000504c:	4630      	mov	r0, r6
1000504e:	f7ff feed 	bl	10004e2c <usbd_edpt_xfer>
10005052:	2800      	cmp	r0, #0
10005054:	d1d1      	bne.n	10004ffa <usbd_control_xfer_cb+0x3e>
10005056:	e7bc      	b.n	10004fd2 <usbd_control_xfer_cb+0x16>
10005058:	6923      	ldr	r3, [r4, #16]
1000505a:	b123      	cbz	r3, 10005066 <usbd_control_xfer_cb+0xaa>
1000505c:	2102      	movs	r1, #2
1000505e:	4630      	mov	r0, r6
10005060:	4a14      	ldr	r2, [pc, #80]	@ (100050b4 <usbd_control_xfer_cb+0xf8>)
10005062:	4798      	blx	r3
10005064:	b160      	cbz	r0, 10005080 <usbd_control_xfer_cb+0xc4>
10005066:	7821      	ldrb	r1, [r4, #0]
10005068:	2300      	movs	r3, #0
1000506a:	43c9      	mvns	r1, r1
1000506c:	4630      	mov	r0, r6
1000506e:	461a      	mov	r2, r3
10005070:	f001 0180 	and.w	r1, r1, #128	@ 0x80
10005074:	f7ff feda 	bl	10004e2c <usbd_edpt_xfer>
10005078:	2800      	cmp	r0, #0
1000507a:	d0aa      	beq.n	10004fd2 <usbd_control_xfer_cb+0x16>
1000507c:	2001      	movs	r0, #1
1000507e:	e7bd      	b.n	10004ffc <usbd_control_xfer_cb+0x40>
10005080:	4601      	mov	r1, r0
10005082:	4630      	mov	r0, r6
10005084:	f7ff f932 	bl	100042ec <dcd_edpt_stall>
10005088:	2180      	movs	r1, #128	@ 0x80
1000508a:	4630      	mov	r0, r6
1000508c:	f7ff f92e 	bl	100042ec <dcd_edpt_stall>
10005090:	e7b3      	b.n	10004ffa <usbd_control_xfer_cb+0x3e>
10005092:	4290      	cmp	r0, r2
10005094:	d008      	beq.n	100050a8 <usbd_control_xfer_cb+0xec>
10005096:	461a      	mov	r2, r3
10005098:	4807      	ldr	r0, [pc, #28]	@ (100050b8 <usbd_control_xfer_cb+0xfc>)
1000509a:	9301      	str	r3, [sp, #4]
1000509c:	f001 f958 	bl	10006350 <memcpy>
100050a0:	2180      	movs	r1, #128	@ 0x80
100050a2:	4a05      	ldr	r2, [pc, #20]	@ (100050b8 <usbd_control_xfer_cb+0xfc>)
100050a4:	9b01      	ldr	r3, [sp, #4]
100050a6:	e7d1      	b.n	1000504c <usbd_control_xfer_cb+0x90>
100050a8:	2180      	movs	r1, #128	@ 0x80
100050aa:	2200      	movs	r2, #0
100050ac:	e7ce      	b.n	1000504c <usbd_control_xfer_cb+0x90>
100050ae:	460a      	mov	r2, r1
100050b0:	e7cc      	b.n	1000504c <usbd_control_xfer_cb+0x90>
100050b2:	bf00      	nop
100050b4:	200018c0 	.word	0x200018c0
100050b8:	20001880 	.word	0x20001880

100050bc <_prep_out_transaction.isra.0>:
100050bc:	e92d 41f0 	stmdb	sp!, {r4, r5, r6, r7, r8, lr}
100050c0:	4604      	mov	r4, r0
100050c2:	f7ff f9d3 	bl	1000446c <tud_mounted>
100050c6:	b908      	cbnz	r0, 100050cc <_prep_out_transaction.isra.0+0x10>
100050c8:	e8bd 81f0 	ldmia.w	sp!, {r4, r5, r6, r7, r8, pc}
100050cc:	f7ff f9d6 	bl	1000447c <tud_suspended>
100050d0:	4605      	mov	r5, r0
100050d2:	2800      	cmp	r0, #0
100050d4:	d1f8      	bne.n	100050c8 <_prep_out_transaction.isra.0+0xc>
100050d6:	23c8      	movs	r3, #200	@ 0xc8
100050d8:	fb04 f303 	mul.w	r3, r4, r3
100050dc:	4e12      	ldr	r6, [pc, #72]	@ (10005128 <_prep_out_transaction.isra.0+0x6c>)
100050de:	18f7      	adds	r7, r6, r3
100050e0:	78f9      	ldrb	r1, [r7, #3]
100050e2:	2900      	cmp	r1, #0
100050e4:	d0f0      	beq.n	100050c8 <_prep_out_transaction.isra.0+0xc>
100050e6:	3310      	adds	r3, #16
100050e8:	441e      	add	r6, r3
100050ea:	4630      	mov	r0, r6
100050ec:	f000 fdd2 	bl	10005c94 <tu_fifo_remaining>
100050f0:	283f      	cmp	r0, #63	@ 0x3f
100050f2:	d9e9      	bls.n	100050c8 <_prep_out_transaction.isra.0+0xc>
100050f4:	4628      	mov	r0, r5
100050f6:	78f9      	ldrb	r1, [r7, #3]
100050f8:	f7ff fe74 	bl	10004de4 <usbd_edpt_claim>
100050fc:	2800      	cmp	r0, #0
100050fe:	d0e3      	beq.n	100050c8 <_prep_out_transaction.isra.0+0xc>
10005100:	4630      	mov	r0, r6
10005102:	f000 fdc7 	bl	10005c94 <tu_fifo_remaining>
10005106:	283f      	cmp	r0, #63	@ 0x3f
10005108:	78f9      	ldrb	r1, [r7, #3]
1000510a:	d908      	bls.n	1000511e <_prep_out_transaction.isra.0+0x62>
1000510c:	4a07      	ldr	r2, [pc, #28]	@ (1000512c <_prep_out_transaction.isra.0+0x70>)
1000510e:	4628      	mov	r0, r5
10005110:	eb02 12c4 	add.w	r2, r2, r4, lsl #7
10005114:	2340      	movs	r3, #64	@ 0x40
10005116:	e8bd 41f0 	ldmia.w	sp!, {r4, r5, r6, r7, r8, lr}
1000511a:	f7ff be87 	b.w	10004e2c <usbd_edpt_xfer>
1000511e:	4628      	mov	r0, r5
10005120:	e8bd 41f0 	ldmia.w	sp!, {r4, r5, r6, r7, r8, lr}
10005124:	f7ff be70 	b.w	10004e08 <usbd_edpt_release>
10005128:	200017b8 	.word	0x200017b8
1000512c:	20001734 	.word	0x20001734

10005130 <tud_cdc_n_connected>:
10005130:	b510      	push	{r4, lr}
10005132:	4604      	mov	r4, r0
10005134:	f7ff f99a 	bl	1000446c <tud_mounted>
10005138:	b908      	cbnz	r0, 1000513e <tud_cdc_n_connected+0xe>
1000513a:	2000      	movs	r0, #0
1000513c:	bd10      	pop	{r4, pc}
1000513e:	f7ff f99d 	bl	1000447c <tud_suspended>
10005142:	2800      	cmp	r0, #0
10005144:	d1f9      	bne.n	1000513a <tud_cdc_n_connected+0xa>
10005146:	22c8      	movs	r2, #200	@ 0xc8
10005148:	4b03      	ldr	r3, [pc, #12]	@ (10005158 <tud_cdc_n_connected+0x28>)
1000514a:	fb02 3304 	mla	r3, r2, r4, r3
1000514e:	7918      	ldrb	r0, [r3, #4]
10005150:	f000 0001 	and.w	r0, r0, #1
10005154:	bd10      	pop	{r4, pc}
10005156:	bf00      	nop
10005158:	200017b8 	.word	0x200017b8

1000515c <tud_cdc_n_available>:
1000515c:	22c8      	movs	r2, #200	@ 0xc8
1000515e:	b508      	push	{r3, lr}
10005160:	4b02      	ldr	r3, [pc, #8]	@ (1000516c <tud_cdc_n_available+0x10>)
10005162:	fb02 3000 	mla	r0, r2, r0, r3
10005166:	f000 fd7b 	bl	10005c60 <tu_fifo_count>
1000516a:	bd08      	pop	{r3, pc}
1000516c:	200017c8 	.word	0x200017c8

10005170 <tud_cdc_n_read>:
10005170:	e92d 43f8 	stmdb	sp!, {r3, r4, r5, r6, r7, r8, r9, lr}
10005174:	f64f 73ff 	movw	r3, #65535	@ 0xffff
10005178:	24c8      	movs	r4, #200	@ 0xc8
1000517a:	429a      	cmp	r2, r3
1000517c:	bf28      	it	cs
1000517e:	461a      	movcs	r2, r3
10005180:	fb00 f404 	mul.w	r4, r0, r4
10005184:	f8df 8074 	ldr.w	r8, [pc, #116]	@ 100051fc <tud_cdc_n_read+0x8c>
10005188:	f104 0510 	add.w	r5, r4, #16
1000518c:	4445      	add	r5, r8
1000518e:	4606      	mov	r6, r0
10005190:	b292      	uxth	r2, r2
10005192:	4628      	mov	r0, r5
10005194:	f000 fdda 	bl	10005d4c <tu_fifo_read_n>
10005198:	4607      	mov	r7, r0
1000519a:	f7ff f967 	bl	1000446c <tud_mounted>
1000519e:	b910      	cbnz	r0, 100051a6 <tud_cdc_n_read+0x36>
100051a0:	4638      	mov	r0, r7
100051a2:	e8bd 83f8 	ldmia.w	sp!, {r3, r4, r5, r6, r7, r8, r9, pc}
100051a6:	f7ff f969 	bl	1000447c <tud_suspended>
100051aa:	4681      	mov	r9, r0
100051ac:	2800      	cmp	r0, #0
100051ae:	d1f7      	bne.n	100051a0 <tud_cdc_n_read+0x30>
100051b0:	44a0      	add	r8, r4
100051b2:	f898 3003 	ldrb.w	r3, [r8, #3]
100051b6:	2b00      	cmp	r3, #0
100051b8:	d0f2      	beq.n	100051a0 <tud_cdc_n_read+0x30>
100051ba:	4628      	mov	r0, r5
100051bc:	f000 fd6a 	bl	10005c94 <tu_fifo_remaining>
100051c0:	283f      	cmp	r0, #63	@ 0x3f
100051c2:	d9ed      	bls.n	100051a0 <tud_cdc_n_read+0x30>
100051c4:	4648      	mov	r0, r9
100051c6:	f898 1003 	ldrb.w	r1, [r8, #3]
100051ca:	f7ff fe0b 	bl	10004de4 <usbd_edpt_claim>
100051ce:	2800      	cmp	r0, #0
100051d0:	d0e6      	beq.n	100051a0 <tud_cdc_n_read+0x30>
100051d2:	4628      	mov	r0, r5
100051d4:	f000 fd5e 	bl	10005c94 <tu_fifo_remaining>
100051d8:	283f      	cmp	r0, #63	@ 0x3f
100051da:	f898 1003 	ldrb.w	r1, [r8, #3]
100051de:	d907      	bls.n	100051f0 <tud_cdc_n_read+0x80>
100051e0:	4a05      	ldr	r2, [pc, #20]	@ (100051f8 <tud_cdc_n_read+0x88>)
100051e2:	4648      	mov	r0, r9
100051e4:	2340      	movs	r3, #64	@ 0x40
100051e6:	eb02 12c6 	add.w	r2, r2, r6, lsl #7
100051ea:	f7ff fe1f 	bl	10004e2c <usbd_edpt_xfer>
100051ee:	e7d7      	b.n	100051a0 <tud_cdc_n_read+0x30>
100051f0:	4648      	mov	r0, r9
100051f2:	f7ff fe09 	bl	10004e08 <usbd_edpt_release>
100051f6:	e7d3      	b.n	100051a0 <tud_cdc_n_read+0x30>
100051f8:	20001734 	.word	0x20001734
100051fc:	200017b8 	.word	0x200017b8

10005200 <tud_cdc_n_write_flush>:
10005200:	e92d 41f0 	stmdb	sp!, {r4, r5, r6, r7, r8, lr}
10005204:	4604      	mov	r4, r0
10005206:	f7ff f931 	bl	1000446c <tud_mounted>
1000520a:	b910      	cbnz	r0, 10005212 <tud_cdc_n_write_flush+0x12>
1000520c:	2000      	movs	r0, #0
1000520e:	e8bd 81f0 	ldmia.w	sp!, {r4, r5, r6, r7, r8, pc}
10005212:	f7ff f933 	bl	1000447c <tud_suspended>
10005216:	4605      	mov	r5, r0
10005218:	2800      	cmp	r0, #0
1000521a:	d1f7      	bne.n	1000520c <tud_cdc_n_write_flush+0xc>
1000521c:	26c8      	movs	r6, #200	@ 0xc8
1000521e:	fb04 f606 	mul.w	r6, r4, r6
10005222:	f8df 8064 	ldr.w	r8, [pc, #100]	@ 10005288 <tud_cdc_n_write_flush+0x88>
10005226:	f106 0724 	add.w	r7, r6, #36	@ 0x24
1000522a:	4447      	add	r7, r8
1000522c:	4638      	mov	r0, r7
1000522e:	f000 fd17 	bl	10005c60 <tu_fifo_count>
10005232:	2800      	cmp	r0, #0
10005234:	d0ea      	beq.n	1000520c <tud_cdc_n_write_flush+0xc>
10005236:	44b0      	add	r8, r6
10005238:	4628      	mov	r0, r5
1000523a:	f898 1002 	ldrb.w	r1, [r8, #2]
1000523e:	f7ff fdd1 	bl	10004de4 <usbd_edpt_claim>
10005242:	2800      	cmp	r0, #0
10005244:	d0e2      	beq.n	1000520c <tud_cdc_n_write_flush+0xc>
10005246:	4e0f      	ldr	r6, [pc, #60]	@ (10005284 <tud_cdc_n_write_flush+0x84>)
10005248:	4638      	mov	r0, r7
1000524a:	eb06 16c4 	add.w	r6, r6, r4, lsl #7
1000524e:	4631      	mov	r1, r6
10005250:	2240      	movs	r2, #64	@ 0x40
10005252:	f000 fd7b 	bl	10005d4c <tu_fifo_read_n>
10005256:	f898 1002 	ldrb.w	r1, [r8, #2]
1000525a:	4604      	mov	r4, r0
1000525c:	b168      	cbz	r0, 1000527a <tud_cdc_n_write_flush+0x7a>
1000525e:	4603      	mov	r3, r0
10005260:	4632      	mov	r2, r6
10005262:	4628      	mov	r0, r5
10005264:	f7ff fde2 	bl	10004e2c <usbd_edpt_xfer>
10005268:	b950      	cbnz	r0, 10005280 <tud_cdc_n_write_flush+0x80>
1000526a:	f04f 23e0 	mov.w	r3, #3758153728	@ 0xe000e000
1000526e:	f8d3 3df0 	ldr.w	r3, [r3, #3568]	@ 0xdf0
10005272:	07db      	lsls	r3, r3, #31
10005274:	d5ca      	bpl.n	1000520c <tud_cdc_n_write_flush+0xc>
10005276:	be00      	bkpt	0x0000
10005278:	e7c8      	b.n	1000520c <tud_cdc_n_write_flush+0xc>
1000527a:	f7ff fdc5 	bl	10004e08 <usbd_edpt_release>
1000527e:	e7c5      	b.n	1000520c <tud_cdc_n_write_flush+0xc>
10005280:	4620      	mov	r0, r4
10005282:	e7c4      	b.n	1000520e <tud_cdc_n_write_flush+0xe>
10005284:	20001774 	.word	0x20001774
10005288:	200017b8 	.word	0x200017b8

1000528c <tud_cdc_n_write>:
1000528c:	b538      	push	{r3, r4, r5, lr}
1000528e:	f64f 75ff 	movw	r5, #65535	@ 0xffff
10005292:	23c8      	movs	r3, #200	@ 0xc8
10005294:	42aa      	cmp	r2, r5
10005296:	bf28      	it	cs
10005298:	462a      	movcs	r2, r5
1000529a:	4c0b      	ldr	r4, [pc, #44]	@ (100052c8 <tud_cdc_n_write+0x3c>)
1000529c:	b292      	uxth	r2, r2
1000529e:	fb03 4400 	mla	r4, r3, r0, r4
100052a2:	4605      	mov	r5, r0
100052a4:	4620      	mov	r0, r4
100052a6:	f000 fe0f 	bl	10005ec8 <tu_fifo_write_n>
100052aa:	4603      	mov	r3, r0
100052ac:	4620      	mov	r0, r4
100052ae:	461c      	mov	r4, r3
100052b0:	f000 fcd6 	bl	10005c60 <tu_fifo_count>
100052b4:	283f      	cmp	r0, #63	@ 0x3f
100052b6:	d801      	bhi.n	100052bc <tud_cdc_n_write+0x30>
100052b8:	4620      	mov	r0, r4
100052ba:	bd38      	pop	{r3, r4, r5, pc}
100052bc:	4628      	mov	r0, r5
100052be:	f7ff ff9f 	bl	10005200 <tud_cdc_n_write_flush>
100052c2:	4620      	mov	r0, r4
100052c4:	bd38      	pop	{r3, r4, r5, pc}
100052c6:	bf00      	nop
100052c8:	200017dc 	.word	0x200017dc

100052cc <tud_cdc_n_write_available>:
100052cc:	22c8      	movs	r2, #200	@ 0xc8
100052ce:	b508      	push	{r3, lr}
100052d0:	4b02      	ldr	r3, [pc, #8]	@ (100052dc <tud_cdc_n_write_available+0x10>)
100052d2:	fb02 3000 	mla	r0, r2, r0, r3
100052d6:	f000 fcdd 	bl	10005c94 <tu_fifo_remaining>
100052da:	bd08      	pop	{r3, pc}
100052dc:	200017dc 	.word	0x200017dc

100052e0 <cdcd_init>:
100052e0:	b5f0      	push	{r4, r5, r6, r7, lr}
100052e2:	2400      	movs	r4, #0
100052e4:	b083      	sub	sp, #12
100052e6:	22c8      	movs	r2, #200	@ 0xc8
100052e8:	2100      	movs	r1, #0
100052ea:	4817      	ldr	r0, [pc, #92]	@ (10005348 <cdcd_init+0x68>)
100052ec:	f000 ffe2 	bl	100062b4 <memset>
100052f0:	23ff      	movs	r3, #255	@ 0xff
100052f2:	f44f 31e1 	mov.w	r1, #115200	@ 0x1c200
100052f6:	2208      	movs	r2, #8
100052f8:	4814      	ldr	r0, [pc, #80]	@ (1000534c <cdcd_init+0x6c>)
100052fa:	7004      	strb	r4, [r0, #0]
100052fc:	4812      	ldr	r0, [pc, #72]	@ (10005348 <cdcd_init+0x68>)
100052fe:	9400      	str	r4, [sp, #0]
10005300:	4607      	mov	r7, r0
10005302:	7143      	strb	r3, [r0, #5]
10005304:	6081      	str	r1, [r0, #8]
10005306:	7382      	strb	r2, [r0, #14]
10005308:	f100 0138 	add.w	r1, r0, #56	@ 0x38
1000530c:	2301      	movs	r3, #1
1000530e:	2240      	movs	r2, #64	@ 0x40
10005310:	3010      	adds	r0, #16
10005312:	f000 fc75 	bl	10005c00 <tu_fifo_config>
10005316:	2301      	movs	r3, #1
10005318:	2240      	movs	r2, #64	@ 0x40
1000531a:	f107 0178 	add.w	r1, r7, #120	@ 0x78
1000531e:	9300      	str	r3, [sp, #0]
10005320:	f107 06b8 	add.w	r6, r7, #184	@ 0xb8
10005324:	f107 0024 	add.w	r0, r7, #36	@ 0x24
10005328:	f000 fc6a 	bl	10005c00 <tu_fifo_config>
1000532c:	f107 05c0 	add.w	r5, r7, #192	@ 0xc0
10005330:	4630      	mov	r0, r6
10005332:	f7fb fd05 	bl	10000d40 <mutex_init>
10005336:	4628      	mov	r0, r5
10005338:	f7fb fd02 	bl	10000d40 <mutex_init>
1000533c:	e9c7 4607 	strd	r4, r6, [r7, #28]
10005340:	e9c7 540c 	strd	r5, r4, [r7, #48]	@ 0x30
10005344:	b003      	add	sp, #12
10005346:	bdf0      	pop	{r4, r5, r6, r7, pc}
10005348:	200017b8 	.word	0x200017b8
1000534c:	200017b4 	.word	0x200017b4

10005350 <cdcd_deinit>:
10005350:	4a0a      	ldr	r2, [pc, #40]	@ (1000537c <cdcd_deinit+0x2c>)
10005352:	6b11      	ldr	r1, [r2, #48]	@ 0x30
10005354:	6a13      	ldr	r3, [r2, #32]
10005356:	b161      	cbz	r1, 10005372 <cdcd_deinit+0x22>
10005358:	b13b      	cbz	r3, 1000536a <cdcd_deinit+0x1a>
1000535a:	2300      	movs	r3, #0
1000535c:	e9c2 330c 	strd	r3, r3, [r2, #48]	@ 0x30
10005360:	61d3      	str	r3, [r2, #28]
10005362:	2300      	movs	r3, #0
10005364:	6213      	str	r3, [r2, #32]
10005366:	2001      	movs	r0, #1
10005368:	4770      	bx	lr
1000536a:	2001      	movs	r0, #1
1000536c:	e9c2 330c 	strd	r3, r3, [r2, #48]	@ 0x30
10005370:	4770      	bx	lr
10005372:	2b00      	cmp	r3, #0
10005374:	d0f7      	beq.n	10005366 <cdcd_deinit+0x16>
10005376:	61d1      	str	r1, [r2, #28]
10005378:	e7f3      	b.n	10005362 <cdcd_deinit+0x12>
1000537a:	bf00      	nop
1000537c:	200017b8 	.word	0x200017b8

10005380 <cdcd_reset>:
10005380:	2200      	movs	r2, #0
10005382:	b510      	push	{r4, lr}
10005384:	4c0e      	ldr	r4, [pc, #56]	@ (100053c0 <cdcd_reset+0x40>)
10005386:	480f      	ldr	r0, [pc, #60]	@ (100053c4 <cdcd_reset+0x44>)
10005388:	7823      	ldrb	r3, [r4, #0]
1000538a:	6002      	str	r2, [r0, #0]
1000538c:	7102      	strb	r2, [r0, #4]
1000538e:	07da      	lsls	r2, r3, #31
10005390:	d507      	bpl.n	100053a2 <cdcd_reset+0x22>
10005392:	079b      	lsls	r3, r3, #30
10005394:	d50b      	bpl.n	100053ae <cdcd_reset+0x2e>
10005396:	e8bd 4010 	ldmia.w	sp!, {r4, lr}
1000539a:	2101      	movs	r1, #1
1000539c:	480a      	ldr	r0, [pc, #40]	@ (100053c8 <cdcd_reset+0x48>)
1000539e:	f000 be5d 	b.w	1000605c <tu_fifo_set_overwritable>
100053a2:	3010      	adds	r0, #16
100053a4:	f000 fe3e 	bl	10006024 <tu_fifo_clear>
100053a8:	7823      	ldrb	r3, [r4, #0]
100053aa:	079b      	lsls	r3, r3, #30
100053ac:	d4f3      	bmi.n	10005396 <cdcd_reset+0x16>
100053ae:	4806      	ldr	r0, [pc, #24]	@ (100053c8 <cdcd_reset+0x48>)
100053b0:	f000 fe38 	bl	10006024 <tu_fifo_clear>
100053b4:	e8bd 4010 	ldmia.w	sp!, {r4, lr}
100053b8:	2101      	movs	r1, #1
100053ba:	4803      	ldr	r0, [pc, #12]	@ (100053c8 <cdcd_reset+0x48>)
100053bc:	f000 be4e 	b.w	1000605c <tu_fifo_set_overwritable>
100053c0:	200017b4 	.word	0x200017b4
100053c4:	200017b8 	.word	0x200017b8
100053c8:	200017dc 	.word	0x200017dc

100053cc <cdcd_open>:
100053cc:	b5f0      	push	{r4, r5, r6, r7, lr}
100053ce:	794b      	ldrb	r3, [r1, #5]
100053d0:	b083      	sub	sp, #12
100053d2:	2b02      	cmp	r3, #2
100053d4:	d102      	bne.n	100053dc <cdcd_open+0x10>
100053d6:	798b      	ldrb	r3, [r1, #6]
100053d8:	2b02      	cmp	r3, #2
100053da:	d003      	beq.n	100053e4 <cdcd_open+0x18>
100053dc:	2500      	movs	r5, #0
100053de:	4628      	mov	r0, r5
100053e0:	b003      	add	sp, #12
100053e2:	bdf0      	pop	{r4, r5, r6, r7, pc}
100053e4:	4f27      	ldr	r7, [pc, #156]	@ (10005484 <cdcd_open+0xb8>)
100053e6:	78bb      	ldrb	r3, [r7, #2]
100053e8:	b13b      	cbz	r3, 100053fa <cdcd_open+0x2e>
100053ea:	f04f 23e0 	mov.w	r3, #3758153728	@ 0xe000e000
100053ee:	f8d3 3df0 	ldr.w	r3, [r3, #3568]	@ 0xdf0
100053f2:	07db      	lsls	r3, r3, #31
100053f4:	d5f2      	bpl.n	100053dc <cdcd_open+0x10>
100053f6:	be00      	bkpt	0x0000
100053f8:	e7f0      	b.n	100053dc <cdcd_open+0x10>
100053fa:	788b      	ldrb	r3, [r1, #2]
100053fc:	4606      	mov	r6, r0
100053fe:	703b      	strb	r3, [r7, #0]
10005400:	780b      	ldrb	r3, [r1, #0]
10005402:	18cc      	adds	r4, r1, r3
10005404:	7861      	ldrb	r1, [r4, #1]
10005406:	2924      	cmp	r1, #36	@ 0x24
10005408:	bf08      	it	eq
1000540a:	2509      	moveq	r5, #9
1000540c:	d007      	beq.n	1000541e <cdcd_open+0x52>
1000540e:	e036      	b.n	1000547e <cdcd_open+0xb2>
10005410:	7823      	ldrb	r3, [r4, #0]
10005412:	441c      	add	r4, r3
10005414:	7861      	ldrb	r1, [r4, #1]
10005416:	442b      	add	r3, r5
10005418:	2924      	cmp	r1, #36	@ 0x24
1000541a:	b29d      	uxth	r5, r3
1000541c:	d107      	bne.n	1000542e <cdcd_open+0x62>
1000541e:	42aa      	cmp	r2, r5
10005420:	d2f6      	bcs.n	10005410 <cdcd_open+0x44>
10005422:	2000      	movs	r0, #0
10005424:	f7ff fe4a 	bl	100050bc <_prep_out_transaction.isra.0>
10005428:	4628      	mov	r0, r5
1000542a:	b003      	add	sp, #12
1000542c:	bdf0      	pop	{r4, r5, r6, r7, pc}
1000542e:	460b      	mov	r3, r1
10005430:	2905      	cmp	r1, #5
10005432:	d016      	beq.n	10005462 <cdcd_open+0x96>
10005434:	2b04      	cmp	r3, #4
10005436:	d1f4      	bne.n	10005422 <cdcd_open+0x56>
10005438:	7963      	ldrb	r3, [r4, #5]
1000543a:	2b0a      	cmp	r3, #10
1000543c:	d1f1      	bne.n	10005422 <cdcd_open+0x56>
1000543e:	4b12      	ldr	r3, [pc, #72]	@ (10005488 <cdcd_open+0xbc>)
10005440:	7827      	ldrb	r7, [r4, #0]
10005442:	9301      	str	r3, [sp, #4]
10005444:	3301      	adds	r3, #1
10005446:	9300      	str	r3, [sp, #0]
10005448:	2302      	movs	r3, #2
1000544a:	4630      	mov	r0, r6
1000544c:	461a      	mov	r2, r3
1000544e:	19e1      	adds	r1, r4, r7
10005450:	f7ff fc58 	bl	10004d04 <usbd_open_edpt_pair>
10005454:	2800      	cmp	r0, #0
10005456:	d0c8      	beq.n	100053ea <cdcd_open+0x1e>
10005458:	350e      	adds	r5, #14
1000545a:	fa17 f585 	uxtah	r5, r7, r5
1000545e:	b2ad      	uxth	r5, r5
10005460:	e7df      	b.n	10005422 <cdcd_open+0x56>
10005462:	4621      	mov	r1, r4
10005464:	4630      	mov	r0, r6
10005466:	f7ff fc9b 	bl	10004da0 <usbd_edpt_open>
1000546a:	2800      	cmp	r0, #0
1000546c:	d0bd      	beq.n	100053ea <cdcd_open+0x1e>
1000546e:	78a3      	ldrb	r3, [r4, #2]
10005470:	707b      	strb	r3, [r7, #1]
10005472:	7823      	ldrb	r3, [r4, #0]
10005474:	195a      	adds	r2, r3, r5
10005476:	441c      	add	r4, r3
10005478:	7863      	ldrb	r3, [r4, #1]
1000547a:	b295      	uxth	r5, r2
1000547c:	e7da      	b.n	10005434 <cdcd_open+0x68>
1000547e:	460b      	mov	r3, r1
10005480:	2509      	movs	r5, #9
10005482:	e7d5      	b.n	10005430 <cdcd_open+0x64>
10005484:	200017b8 	.word	0x200017b8
10005488:	200017ba 	.word	0x200017ba

1000548c <cdcd_control_xfer_cb>:
1000548c:	7813      	ldrb	r3, [r2, #0]
1000548e:	f003 0360 	and.w	r3, r3, #96	@ 0x60
10005492:	2b20      	cmp	r3, #32
10005494:	d108      	bne.n	100054a8 <cdcd_control_xfer_cb+0x1c>
10005496:	b570      	push	{r4, r5, r6, lr}
10005498:	4c26      	ldr	r4, [pc, #152]	@ (10005534 <cdcd_control_xfer_cb+0xa8>)
1000549a:	8893      	ldrh	r3, [r2, #4]
1000549c:	f894 c000 	ldrb.w	ip, [r4]
100054a0:	459c      	cmp	ip, r3
100054a2:	d003      	beq.n	100054ac <cdcd_control_xfer_cb+0x20>
100054a4:	2000      	movs	r0, #0
100054a6:	bd70      	pop	{r4, r5, r6, pc}
100054a8:	2000      	movs	r0, #0
100054aa:	4770      	bx	lr
100054ac:	7853      	ldrb	r3, [r2, #1]
100054ae:	3b20      	subs	r3, #32
100054b0:	2b03      	cmp	r3, #3
100054b2:	d8f7      	bhi.n	100054a4 <cdcd_control_xfer_cb+0x18>
100054b4:	e8df f003 	tbb	[pc, r3]
100054b8:	020d2327 	.word	0x020d2327
100054bc:	2901      	cmp	r1, #1
100054be:	d02e      	beq.n	1000551e <cdcd_control_xfer_cb+0x92>
100054c0:	2903      	cmp	r1, #3
100054c2:	d11e      	bne.n	10005502 <cdcd_control_xfer_cb+0x76>
100054c4:	4b1c      	ldr	r3, [pc, #112]	@ (10005538 <cdcd_control_xfer_cb+0xac>)
100054c6:	b1e3      	cbz	r3, 10005502 <cdcd_control_xfer_cb+0x76>
100054c8:	2000      	movs	r0, #0
100054ca:	8851      	ldrh	r1, [r2, #2]
100054cc:	f3af 8000 	nop.w
100054d0:	e017      	b.n	10005502 <cdcd_control_xfer_cb+0x76>
100054d2:	2901      	cmp	r1, #1
100054d4:	d023      	beq.n	1000551e <cdcd_control_xfer_cb+0x92>
100054d6:	2903      	cmp	r1, #3
100054d8:	d113      	bne.n	10005502 <cdcd_control_xfer_cb+0x76>
100054da:	8855      	ldrh	r5, [r2, #2]
100054dc:	4817      	ldr	r0, [pc, #92]	@ (1000553c <cdcd_control_xfer_cb+0xb0>)
100054de:	f005 0601 	and.w	r6, r5, #1
100054e2:	f086 0101 	eor.w	r1, r6, #1
100054e6:	7125      	strb	r5, [r4, #4]
100054e8:	f000 fdb8 	bl	1000605c <tu_fifo_set_overwritable>
100054ec:	4b14      	ldr	r3, [pc, #80]	@ (10005540 <cdcd_control_xfer_cb+0xb4>)
100054ee:	b143      	cbz	r3, 10005502 <cdcd_control_xfer_cb+0x76>
100054f0:	4631      	mov	r1, r6
100054f2:	2000      	movs	r0, #0
100054f4:	f3c5 0240 	ubfx	r2, r5, #1, #1
100054f8:	f3af 8000 	nop.w
100054fc:	e001      	b.n	10005502 <cdcd_control_xfer_cb+0x76>
100054fe:	2901      	cmp	r1, #1
10005500:	d011      	beq.n	10005526 <cdcd_control_xfer_cb+0x9a>
10005502:	2001      	movs	r0, #1
10005504:	bd70      	pop	{r4, r5, r6, pc}
10005506:	2901      	cmp	r1, #1
10005508:	d00d      	beq.n	10005526 <cdcd_control_xfer_cb+0x9a>
1000550a:	2903      	cmp	r1, #3
1000550c:	d1f9      	bne.n	10005502 <cdcd_control_xfer_cb+0x76>
1000550e:	4b0d      	ldr	r3, [pc, #52]	@ (10005544 <cdcd_control_xfer_cb+0xb8>)
10005510:	2b00      	cmp	r3, #0
10005512:	d0f6      	beq.n	10005502 <cdcd_control_xfer_cb+0x76>
10005514:	2000      	movs	r0, #0
10005516:	490c      	ldr	r1, [pc, #48]	@ (10005548 <cdcd_control_xfer_cb+0xbc>)
10005518:	f7fe faac 	bl	10003a74 <tud_cdc_line_coding_cb>
1000551c:	e7f1      	b.n	10005502 <cdcd_control_xfer_cb+0x76>
1000551e:	4611      	mov	r1, r2
10005520:	f7ff fcbc 	bl	10004e9c <tud_control_status>
10005524:	e7ed      	b.n	10005502 <cdcd_control_xfer_cb+0x76>
10005526:	4611      	mov	r1, r2
10005528:	2307      	movs	r3, #7
1000552a:	4a07      	ldr	r2, [pc, #28]	@ (10005548 <cdcd_control_xfer_cb+0xbc>)
1000552c:	f7ff fcd0 	bl	10004ed0 <tud_control_xfer>
10005530:	e7e7      	b.n	10005502 <cdcd_control_xfer_cb+0x76>
10005532:	bf00      	nop
10005534:	200017b8 	.word	0x200017b8
10005538:	00000000 	.word	0x00000000
1000553c:	200017dc 	.word	0x200017dc
10005540:	00000000 	.word	0x00000000
10005544:	10003a75 	.word	0x10003a75
10005548:	200017c0 	.word	0x200017c0

1000554c <cdcd_xfer_cb>:
1000554c:	e92d 43f8 	stmdb	sp!, {r3, r4, r5, r6, r7, r8, r9, lr}
10005550:	4e35      	ldr	r6, [pc, #212]	@ (10005628 <cdcd_xfer_cb+0xdc>)
10005552:	460c      	mov	r4, r1
10005554:	78f2      	ldrb	r2, [r6, #3]
10005556:	4607      	mov	r7, r0
10005558:	428a      	cmp	r2, r1
1000555a:	461d      	mov	r5, r3
1000555c:	d03d      	beq.n	100055da <cdcd_xfer_cb+0x8e>
1000555e:	78b3      	ldrb	r3, [r6, #2]
10005560:	428b      	cmp	r3, r1
10005562:	d012      	beq.n	1000558a <cdcd_xfer_cb+0x3e>
10005564:	f04f 23e0 	mov.w	r3, #3758153728	@ 0xe000e000
10005568:	f8d3 3df0 	ldr.w	r3, [r3, #3568]	@ 0xdf0
1000556c:	07db      	lsls	r3, r3, #31
1000556e:	d432      	bmi.n	100055d6 <cdcd_xfer_cb+0x8a>
10005570:	2000      	movs	r0, #0
10005572:	e8bd 83f8 	ldmia.w	sp!, {r3, r4, r5, r6, r7, r8, r9, pc}
10005576:	4b2d      	ldr	r3, [pc, #180]	@ (1000562c <cdcd_xfer_cb+0xe0>)
10005578:	b123      	cbz	r3, 10005584 <cdcd_xfer_cb+0x38>
1000557a:	482d      	ldr	r0, [pc, #180]	@ (10005630 <cdcd_xfer_cb+0xe4>)
1000557c:	f000 fb80 	bl	10005c80 <tu_fifo_empty>
10005580:	2800      	cmp	r0, #0
10005582:	d04d      	beq.n	10005620 <cdcd_xfer_cb+0xd4>
10005584:	2000      	movs	r0, #0
10005586:	f7ff fd99 	bl	100050bc <_prep_out_transaction.isra.0>
1000558a:	78b3      	ldrb	r3, [r6, #2]
1000558c:	42a3      	cmp	r3, r4
1000558e:	d001      	beq.n	10005594 <cdcd_xfer_cb+0x48>
10005590:	2001      	movs	r0, #1
10005592:	e7ee      	b.n	10005572 <cdcd_xfer_cb+0x26>
10005594:	4b27      	ldr	r3, [pc, #156]	@ (10005634 <cdcd_xfer_cb+0xe8>)
10005596:	b113      	cbz	r3, 1000559e <cdcd_xfer_cb+0x52>
10005598:	2000      	movs	r0, #0
1000559a:	f3af 8000 	nop.w
1000559e:	2000      	movs	r0, #0
100055a0:	f7ff fe2e 	bl	10005200 <tud_cdc_n_write_flush>
100055a4:	2800      	cmp	r0, #0
100055a6:	d1f3      	bne.n	10005590 <cdcd_xfer_cb+0x44>
100055a8:	4823      	ldr	r0, [pc, #140]	@ (10005638 <cdcd_xfer_cb+0xec>)
100055aa:	f000 fb59 	bl	10005c60 <tu_fifo_count>
100055ae:	2800      	cmp	r0, #0
100055b0:	d1ee      	bne.n	10005590 <cdcd_xfer_cb+0x44>
100055b2:	2d00      	cmp	r5, #0
100055b4:	d0ec      	beq.n	10005590 <cdcd_xfer_cb+0x44>
100055b6:	f015 053f 	ands.w	r5, r5, #63	@ 0x3f
100055ba:	d1e9      	bne.n	10005590 <cdcd_xfer_cb+0x44>
100055bc:	4638      	mov	r0, r7
100055be:	78b1      	ldrb	r1, [r6, #2]
100055c0:	f7ff fc10 	bl	10004de4 <usbd_edpt_claim>
100055c4:	2800      	cmp	r0, #0
100055c6:	d0e3      	beq.n	10005590 <cdcd_xfer_cb+0x44>
100055c8:	462b      	mov	r3, r5
100055ca:	462a      	mov	r2, r5
100055cc:	4638      	mov	r0, r7
100055ce:	78b1      	ldrb	r1, [r6, #2]
100055d0:	f7ff fc2c 	bl	10004e2c <usbd_edpt_xfer>
100055d4:	e7dc      	b.n	10005590 <cdcd_xfer_cb+0x44>
100055d6:	be00      	bkpt	0x0000
100055d8:	e7ca      	b.n	10005570 <cdcd_xfer_cb+0x24>
100055da:	b29a      	uxth	r2, r3
100055dc:	4917      	ldr	r1, [pc, #92]	@ (1000563c <cdcd_xfer_cb+0xf0>)
100055de:	f106 0010 	add.w	r0, r6, #16
100055e2:	f000 fc71 	bl	10005ec8 <tu_fifo_write_n>
100055e6:	4b16      	ldr	r3, [pc, #88]	@ (10005640 <cdcd_xfer_cb+0xf4>)
100055e8:	2b00      	cmp	r3, #0
100055ea:	d0c4      	beq.n	10005576 <cdcd_xfer_cb+0x2a>
100055ec:	7973      	ldrb	r3, [r6, #5]
100055ee:	2bff      	cmp	r3, #255	@ 0xff
100055f0:	d0c1      	beq.n	10005576 <cdcd_xfer_cb+0x2a>
100055f2:	2d00      	cmp	r5, #0
100055f4:	d0bf      	beq.n	10005576 <cdcd_xfer_cb+0x2a>
100055f6:	f8df 8044 	ldr.w	r8, [pc, #68]	@ 1000563c <cdcd_xfer_cb+0xf0>
100055fa:	eb08 0905 	add.w	r9, r8, r5
100055fe:	e002      	b.n	10005606 <cdcd_xfer_cb+0xba>
10005600:	45c8      	cmp	r8, r9
10005602:	d0b8      	beq.n	10005576 <cdcd_xfer_cb+0x2a>
10005604:	7973      	ldrb	r3, [r6, #5]
10005606:	f818 2b01 	ldrb.w	r2, [r8], #1
1000560a:	429a      	cmp	r2, r3
1000560c:	d1f8      	bne.n	10005600 <cdcd_xfer_cb+0xb4>
1000560e:	4808      	ldr	r0, [pc, #32]	@ (10005630 <cdcd_xfer_cb+0xe4>)
10005610:	f000 fb36 	bl	10005c80 <tu_fifo_empty>
10005614:	2800      	cmp	r0, #0
10005616:	d1f3      	bne.n	10005600 <cdcd_xfer_cb+0xb4>
10005618:	7971      	ldrb	r1, [r6, #5]
1000561a:	f3af 8000 	nop.w
1000561e:	e7ef      	b.n	10005600 <cdcd_xfer_cb+0xb4>
10005620:	f3af 8000 	nop.w
10005624:	e7ae      	b.n	10005584 <cdcd_xfer_cb+0x38>
10005626:	bf00      	nop
10005628:	200017b8 	.word	0x200017b8
1000562c:	00000000 	.word	0x00000000
10005630:	200017c8 	.word	0x200017c8
10005634:	00000000 	.word	0x00000000
10005638:	200017dc 	.word	0x200017dc
1000563c:	20001734 	.word	0x20001734
10005640:	00000000 	.word	0x00000000

10005644 <vendord_init>:
10005644:	b5f0      	push	{r4, r5, r6, r7, lr}
10005646:	f44f 7213 	mov.w	r2, #588	@ 0x24c
1000564a:	b085      	sub	sp, #20
1000564c:	2100      	movs	r1, #0
1000564e:	4812      	ldr	r0, [pc, #72]	@ (10005698 <vendord_init+0x54>)
10005650:	f000 fe30 	bl	100062b4 <memset>
10005654:	2640      	movs	r6, #64	@ 0x40
10005656:	2300      	movs	r3, #0
10005658:	f44f 7580 	mov.w	r5, #256	@ 0x100
1000565c:	4f0e      	ldr	r7, [pc, #56]	@ (10005698 <vendord_init+0x54>)
1000565e:	4c0f      	ldr	r4, [pc, #60]	@ (1000569c <vendord_init+0x58>)
10005660:	f507 72a6 	add.w	r2, r7, #332	@ 0x14c
10005664:	4619      	mov	r1, r3
10005666:	e9cd 4602 	strd	r4, r6, [sp, #8]
1000566a:	9200      	str	r2, [sp, #0]
1000566c:	9501      	str	r5, [sp, #4]
1000566e:	461a      	mov	r2, r3
10005670:	f507 7094 	add.w	r0, r7, #296	@ 0x128
10005674:	f000 f9c6 	bl	10005a04 <tu_edpt_stream_init>
10005678:	2300      	movs	r3, #0
1000567a:	4638      	mov	r0, r7
1000567c:	f107 0128 	add.w	r1, r7, #40	@ 0x28
10005680:	4434      	add	r4, r6
10005682:	9100      	str	r1, [sp, #0]
10005684:	2201      	movs	r2, #1
10005686:	4619      	mov	r1, r3
10005688:	e9cd 4602 	strd	r4, r6, [sp, #8]
1000568c:	9501      	str	r5, [sp, #4]
1000568e:	3004      	adds	r0, #4
10005690:	f000 f9b8 	bl	10005a04 <tu_edpt_stream_init>
10005694:	b005      	add	sp, #20
10005696:	bdf0      	pop	{r4, r5, r6, r7, pc}
10005698:	20001a9c 	.word	0x20001a9c
1000569c:	20001a1c 	.word	0x20001a1c

100056a0 <vendord_deinit>:
100056a0:	b508      	push	{r3, lr}
100056a2:	4805      	ldr	r0, [pc, #20]	@ (100056b8 <vendord_deinit+0x18>)
100056a4:	f000 f9da 	bl	10005a5c <tu_edpt_stream_deinit>
100056a8:	4b03      	ldr	r3, [pc, #12]	@ (100056b8 <vendord_deinit+0x18>)
100056aa:	f5a3 7092 	sub.w	r0, r3, #292	@ 0x124
100056ae:	f000 f9d5 	bl	10005a5c <tu_edpt_stream_deinit>
100056b2:	2001      	movs	r0, #1
100056b4:	bd08      	pop	{r3, pc}
100056b6:	bf00      	nop
100056b8:	20001bc4 	.word	0x20001bc4

100056bc <vendord_reset>:
100056bc:	b538      	push	{r3, r4, r5, lr}
100056be:	2500      	movs	r5, #0
100056c0:	4c06      	ldr	r4, [pc, #24]	@ (100056dc <vendord_reset+0x20>)
100056c2:	f504 7098 	add.w	r0, r4, #304	@ 0x130
100056c6:	7025      	strb	r5, [r4, #0]
100056c8:	f000 fcac 	bl	10006024 <tu_fifo_clear>
100056cc:	f104 000c 	add.w	r0, r4, #12
100056d0:	f000 fca8 	bl	10006024 <tu_fifo_clear>
100056d4:	f884 5129 	strb.w	r5, [r4, #297]	@ 0x129
100056d8:	7165      	strb	r5, [r4, #5]
100056da:	bd38      	pop	{r3, r4, r5, pc}
100056dc:	20001a9c 	.word	0x20001a9c

100056e0 <vendord_open>:
100056e0:	e92d 43f8 	stmdb	sp!, {r3, r4, r5, r6, r7, r8, r9, lr}
100056e4:	794b      	ldrb	r3, [r1, #5]
100056e6:	2bff      	cmp	r3, #255	@ 0xff
100056e8:	d151      	bne.n	1000578e <vendord_open+0xae>
100056ea:	4e35      	ldr	r6, [pc, #212]	@ (100057c0 <vendord_open+0xe0>)
100056ec:	f896 3129 	ldrb.w	r3, [r6, #297]	@ 0x129
100056f0:	2b00      	cmp	r3, #0
100056f2:	d14c      	bne.n	1000578e <vendord_open+0xae>
100056f4:	f896 8005 	ldrb.w	r8, [r6, #5]
100056f8:	f1b8 0f00 	cmp.w	r8, #0
100056fc:	d147      	bne.n	1000578e <vendord_open+0xae>
100056fe:	788b      	ldrb	r3, [r1, #2]
10005700:	780c      	ldrb	r4, [r1, #0]
10005702:	7033      	strb	r3, [r6, #0]
10005704:	790b      	ldrb	r3, [r1, #4]
10005706:	460f      	mov	r7, r1
10005708:	440c      	add	r4, r1
1000570a:	b3ab      	cbz	r3, 10005778 <vendord_open+0x98>
1000570c:	4681      	mov	r9, r0
1000570e:	18a5      	adds	r5, r4, r2
10005710:	e003      	b.n	1000571a <vendord_open+0x3a>
10005712:	42a5      	cmp	r5, r4
10005714:	d930      	bls.n	10005778 <vendord_open+0x98>
10005716:	7823      	ldrb	r3, [r4, #0]
10005718:	441c      	add	r4, r3
1000571a:	7863      	ldrb	r3, [r4, #1]
1000571c:	2b05      	cmp	r3, #5
1000571e:	d1f8      	bne.n	10005712 <vendord_open+0x32>
10005720:	42ac      	cmp	r4, r5
10005722:	d229      	bcs.n	10005778 <vendord_open+0x98>
10005724:	4621      	mov	r1, r4
10005726:	4648      	mov	r0, r9
10005728:	f7ff fb3a 	bl	10004da0 <usbd_edpt_open>
1000572c:	b340      	cbz	r0, 10005780 <vendord_open+0xa0>
1000572e:	78a3      	ldrb	r3, [r4, #2]
10005730:	09db      	lsrs	r3, r3, #7
10005732:	d12f      	bne.n	10005794 <vendord_open+0xb4>
10005734:	4823      	ldr	r0, [pc, #140]	@ (100057c4 <vendord_open+0xe4>)
10005736:	f000 fc75 	bl	10006024 <tu_fifo_clear>
1000573a:	78a3      	ldrb	r3, [r4, #2]
1000573c:	f896 2128 	ldrb.w	r2, [r6, #296]	@ 0x128
10005740:	f886 3129 	strb.w	r3, [r6, #297]	@ 0x129
10005744:	88a3      	ldrh	r3, [r4, #4]
10005746:	4648      	mov	r0, r9
10005748:	f3c3 030a 	ubfx	r3, r3, #0, #11
1000574c:	f5a3 7300 	sub.w	r3, r3, #512	@ 0x200
10005750:	fab3 f383 	clz	r3, r3
10005754:	095b      	lsrs	r3, r3, #5
10005756:	f363 0241 	bfi	r2, r3, #1, #1
1000575a:	491b      	ldr	r1, [pc, #108]	@ (100057c8 <vendord_open+0xe8>)
1000575c:	f886 2128 	strb.w	r2, [r6, #296]	@ 0x128
10005760:	f000 f9ea 	bl	10005b38 <tu_edpt_stream_read_xfer>
10005764:	b160      	cbz	r0, 10005780 <vendord_open+0xa0>
10005766:	7823      	ldrb	r3, [r4, #0]
10005768:	793a      	ldrb	r2, [r7, #4]
1000576a:	f108 0801 	add.w	r8, r8, #1
1000576e:	441c      	add	r4, r3
10005770:	fa5f f388 	uxtb.w	r3, r8
10005774:	429a      	cmp	r2, r3
10005776:	d8d0      	bhi.n	1000571a <vendord_open+0x3a>
10005778:	1be1      	subs	r1, r4, r7
1000577a:	b288      	uxth	r0, r1
1000577c:	e8bd 83f8 	ldmia.w	sp!, {r3, r4, r5, r6, r7, r8, r9, pc}
10005780:	f04f 23e0 	mov.w	r3, #3758153728	@ 0xe000e000
10005784:	f8d3 3df0 	ldr.w	r3, [r3, #3568]	@ 0xdf0
10005788:	07db      	lsls	r3, r3, #31
1000578a:	d500      	bpl.n	1000578e <vendord_open+0xae>
1000578c:	be00      	bkpt	0x0000
1000578e:	2000      	movs	r0, #0
10005790:	e8bd 83f8 	ldmia.w	sp!, {r3, r4, r5, r6, r7, r8, r9, pc}
10005794:	480d      	ldr	r0, [pc, #52]	@ (100057cc <vendord_open+0xec>)
10005796:	f000 fc45 	bl	10006024 <tu_fifo_clear>
1000579a:	78a3      	ldrb	r3, [r4, #2]
1000579c:	7932      	ldrb	r2, [r6, #4]
1000579e:	7173      	strb	r3, [r6, #5]
100057a0:	88a3      	ldrh	r3, [r4, #4]
100057a2:	490b      	ldr	r1, [pc, #44]	@ (100057d0 <vendord_open+0xf0>)
100057a4:	f3c3 030a 	ubfx	r3, r3, #0, #11
100057a8:	f5a3 7300 	sub.w	r3, r3, #512	@ 0x200
100057ac:	fab3 f383 	clz	r3, r3
100057b0:	095b      	lsrs	r3, r3, #5
100057b2:	f363 0241 	bfi	r2, r3, #1, #1
100057b6:	2000      	movs	r0, #0
100057b8:	7132      	strb	r2, [r6, #4]
100057ba:	f000 f985 	bl	10005ac8 <tu_edpt_stream_write_xfer>
100057be:	e7d2      	b.n	10005766 <vendord_open+0x86>
100057c0:	20001a9c 	.word	0x20001a9c
100057c4:	20001bcc 	.word	0x20001bcc
100057c8:	20001bc4 	.word	0x20001bc4
100057cc:	20001aa8 	.word	0x20001aa8
100057d0:	20001aa0 	.word	0x20001aa0

100057d4 <vendord_xfer_cb>:
100057d4:	b570      	push	{r4, r5, r6, lr}
100057d6:	4c1b      	ldr	r4, [pc, #108]	@ (10005844 <vendord_xfer_cb+0x70>)
100057d8:	4606      	mov	r6, r0
100057da:	f894 c129 	ldrb.w	ip, [r4, #297]	@ 0x129
100057de:	461d      	mov	r5, r3
100057e0:	458c      	cmp	ip, r1
100057e2:	d011      	beq.n	10005808 <vendord_xfer_cb+0x34>
100057e4:	7963      	ldrb	r3, [r4, #5]
100057e6:	428b      	cmp	r3, r1
100057e8:	d001      	beq.n	100057ee <vendord_xfer_cb+0x1a>
100057ea:	2000      	movs	r0, #0
100057ec:	bd70      	pop	{r4, r5, r6, pc}
100057ee:	4b16      	ldr	r3, [pc, #88]	@ (10005848 <vendord_xfer_cb+0x74>)
100057f0:	b11b      	cbz	r3, 100057fa <vendord_xfer_cb+0x26>
100057f2:	2000      	movs	r0, #0
100057f4:	b2a9      	uxth	r1, r5
100057f6:	f3af 8000 	nop.w
100057fa:	4630      	mov	r0, r6
100057fc:	4913      	ldr	r1, [pc, #76]	@ (1000584c <vendord_xfer_cb+0x78>)
100057fe:	f000 f963 	bl	10005ac8 <tu_edpt_stream_write_xfer>
10005802:	b1c8      	cbz	r0, 10005838 <vendord_xfer_cb+0x64>
10005804:	2001      	movs	r0, #1
10005806:	bd70      	pop	{r4, r5, r6, pc}
10005808:	f8b4 3134 	ldrh.w	r3, [r4, #308]	@ 0x134
1000580c:	b963      	cbnz	r3, 10005828 <vendord_xfer_cb+0x54>
1000580e:	4b10      	ldr	r3, [pc, #64]	@ (10005850 <vendord_xfer_cb+0x7c>)
10005810:	b123      	cbz	r3, 1000581c <vendord_xfer_cb+0x48>
10005812:	2000      	movs	r0, #0
10005814:	490f      	ldr	r1, [pc, #60]	@ (10005854 <vendord_xfer_cb+0x80>)
10005816:	b2aa      	uxth	r2, r5
10005818:	f3af 8000 	nop.w
1000581c:	4630      	mov	r0, r6
1000581e:	490e      	ldr	r1, [pc, #56]	@ (10005858 <vendord_xfer_cb+0x84>)
10005820:	f000 f98a 	bl	10005b38 <tu_edpt_stream_read_xfer>
10005824:	2001      	movs	r0, #1
10005826:	e7ee      	b.n	10005806 <vendord_xfer_cb+0x32>
10005828:	f8d4 112c 	ldr.w	r1, [r4, #300]	@ 0x12c
1000582c:	b2aa      	uxth	r2, r5
1000582e:	f504 7098 	add.w	r0, r4, #304	@ 0x130
10005832:	f000 fb49 	bl	10005ec8 <tu_fifo_write_n>
10005836:	e7ea      	b.n	1000580e <vendord_xfer_cb+0x3a>
10005838:	462a      	mov	r2, r5
1000583a:	4630      	mov	r0, r6
1000583c:	4903      	ldr	r1, [pc, #12]	@ (1000584c <vendord_xfer_cb+0x78>)
1000583e:	f000 f90f 	bl	10005a60 <tu_edpt_stream_write_zlp_if_needed>
10005842:	e7df      	b.n	10005804 <vendord_xfer_cb+0x30>
10005844:	20001a9c 	.word	0x20001a9c
10005848:	00000000 	.word	0x00000000
1000584c:	20001aa0 	.word	0x20001aa0
10005850:	00000000 	.word	0x00000000
10005854:	20001a1c 	.word	0x20001a1c
10005858:	20001bc4 	.word	0x20001bc4

1000585c <tusb_rhport_init>:
1000585c:	b510      	push	{r4, lr}
1000585e:	b082      	sub	sp, #8
10005860:	b1c9      	cbz	r1, 10005896 <tusb_rhport_init+0x3a>
10005862:	2801      	cmp	r0, #1
10005864:	d80c      	bhi.n	10005880 <tusb_rhport_init+0x24>
10005866:	780b      	ldrb	r3, [r1, #0]
10005868:	b153      	cbz	r3, 10005880 <tusb_rhport_init+0x24>
1000586a:	4c14      	ldr	r4, [pc, #80]	@ (100058bc <tusb_rhport_init+0x60>)
1000586c:	2b01      	cmp	r3, #1
1000586e:	5423      	strb	r3, [r4, r0]
10005870:	d002      	beq.n	10005878 <tusb_rhport_init+0x1c>
10005872:	2001      	movs	r0, #1
10005874:	b002      	add	sp, #8
10005876:	bd10      	pop	{r4, pc}
10005878:	f7fe fe08 	bl	1000448c <tud_rhport_init>
1000587c:	2800      	cmp	r0, #0
1000587e:	d1f8      	bne.n	10005872 <tusb_rhport_init+0x16>
10005880:	f04f 23e0 	mov.w	r3, #3758153728	@ 0xe000e000
10005884:	f8d3 3df0 	ldr.w	r3, [r3, #3568]	@ 0xdf0
10005888:	07db      	lsls	r3, r3, #31
1000588a:	d402      	bmi.n	10005892 <tusb_rhport_init+0x36>
1000588c:	2000      	movs	r0, #0
1000588e:	b002      	add	sp, #8
10005890:	bd10      	pop	{r4, pc}
10005892:	be00      	bkpt	0x0000
10005894:	e7fa      	b.n	1000588c <tusb_rhport_init+0x30>
10005896:	2401      	movs	r4, #1
10005898:	4608      	mov	r0, r1
1000589a:	a901      	add	r1, sp, #4
1000589c:	f8ad 4004 	strh.w	r4, [sp, #4]
100058a0:	f7fe fdf4 	bl	1000448c <tud_rhport_init>
100058a4:	b938      	cbnz	r0, 100058b6 <tusb_rhport_init+0x5a>
100058a6:	f04f 23e0 	mov.w	r3, #3758153728	@ 0xe000e000
100058aa:	f8d3 3df0 	ldr.w	r3, [r3, #3568]	@ 0xdf0
100058ae:	07da      	lsls	r2, r3, #31
100058b0:	d5ed      	bpl.n	1000588e <tusb_rhport_init+0x32>
100058b2:	be00      	bkpt	0x0000
100058b4:	e7eb      	b.n	1000588e <tusb_rhport_init+0x32>
100058b6:	4b01      	ldr	r3, [pc, #4]	@ (100058bc <tusb_rhport_init+0x60>)
100058b8:	701c      	strb	r4, [r3, #0]
100058ba:	e7e8      	b.n	1000588e <tusb_rhport_init+0x32>
100058bc:	200018f4 	.word	0x200018f4

100058c0 <tu_edpt_claim>:
100058c0:	b5f8      	push	{r3, r4, r5, r6, r7, lr}
100058c2:	7803      	ldrb	r3, [r0, #0]
100058c4:	f013 0401 	ands.w	r4, r3, #1
100058c8:	d11a      	bne.n	10005900 <tu_edpt_claim+0x40>
100058ca:	7803      	ldrb	r3, [r0, #0]
100058cc:	4605      	mov	r5, r0
100058ce:	075a      	lsls	r2, r3, #29
100058d0:	f3c3 0780 	ubfx	r7, r3, #2, #1
100058d4:	d501      	bpl.n	100058da <tu_edpt_claim+0x1a>
100058d6:	4620      	mov	r0, r4
100058d8:	bdf8      	pop	{r3, r4, r5, r6, r7, pc}
100058da:	460e      	mov	r6, r1
100058dc:	f04f 31ff 	mov.w	r1, #4294967295	@ 0xffffffff
100058e0:	4630      	mov	r0, r6
100058e2:	f000 fddd 	bl	100064a0 <__mutex_enter_timeout_ms_veneer>
100058e6:	782b      	ldrb	r3, [r5, #0]
100058e8:	f013 0401 	ands.w	r4, r3, #1
100058ec:	d10b      	bne.n	10005906 <tu_edpt_claim+0x46>
100058ee:	782b      	ldrb	r3, [r5, #0]
100058f0:	075b      	lsls	r3, r3, #29
100058f2:	d409      	bmi.n	10005908 <tu_edpt_claim+0x48>
100058f4:	782b      	ldrb	r3, [r5, #0]
100058f6:	2401      	movs	r4, #1
100058f8:	f043 0304 	orr.w	r3, r3, #4
100058fc:	702b      	strb	r3, [r5, #0]
100058fe:	e003      	b.n	10005908 <tu_edpt_claim+0x48>
10005900:	2400      	movs	r4, #0
10005902:	4620      	mov	r0, r4
10005904:	bdf8      	pop	{r3, r4, r5, r6, r7, pc}
10005906:	463c      	mov	r4, r7
10005908:	4630      	mov	r0, r6
1000590a:	f000 fde1 	bl	100064d0 <__mutex_exit_veneer>
1000590e:	4620      	mov	r0, r4
10005910:	bdf8      	pop	{r3, r4, r5, r6, r7, pc}
10005912:	bf00      	nop

10005914 <tu_edpt_release>:
10005914:	b570      	push	{r4, r5, r6, lr}
10005916:	460c      	mov	r4, r1
10005918:	4605      	mov	r5, r0
1000591a:	f04f 31ff 	mov.w	r1, #4294967295	@ 0xffffffff
1000591e:	4620      	mov	r0, r4
10005920:	f000 fdbe 	bl	100064a0 <__mutex_enter_timeout_ms_veneer>
10005924:	782b      	ldrb	r3, [r5, #0]
10005926:	f3c3 0680 	ubfx	r6, r3, #2, #1
1000592a:	075b      	lsls	r3, r3, #29
1000592c:	d508      	bpl.n	10005940 <tu_edpt_release+0x2c>
1000592e:	782b      	ldrb	r3, [r5, #0]
10005930:	f013 0301 	ands.w	r3, r3, #1
10005934:	bf11      	iteee	ne
10005936:	2600      	movne	r6, #0
10005938:	782a      	ldrbeq	r2, [r5, #0]
1000593a:	f363 0282 	bfieq	r2, r3, #2, #1
1000593e:	702a      	strbeq	r2, [r5, #0]
10005940:	4620      	mov	r0, r4
10005942:	f000 fdc5 	bl	100064d0 <__mutex_exit_veneer>
10005946:	4630      	mov	r0, r6
10005948:	bd70      	pop	{r4, r5, r6, pc}
1000594a:	bf00      	nop

1000594c <tu_edpt_validate>:
1000594c:	78c3      	ldrb	r3, [r0, #3]
1000594e:	8882      	ldrh	r2, [r0, #4]
10005950:	f003 0003 	and.w	r0, r3, #3
10005954:	2802      	cmp	r0, #2
10005956:	f3c2 020a 	ubfx	r2, r2, #0, #11
1000595a:	d015      	beq.n	10005988 <tu_edpt_validate+0x3c>
1000595c:	2803      	cmp	r0, #3
1000595e:	d00a      	beq.n	10005976 <tu_edpt_validate+0x2a>
10005960:	2801      	cmp	r0, #1
10005962:	d11c      	bne.n	1000599e <tu_edpt_validate+0x52>
10005964:	2902      	cmp	r1, #2
10005966:	f240 33ff 	movw	r3, #1023	@ 0x3ff
1000596a:	bf08      	it	eq
1000596c:	f44f 6380 	moveq.w	r3, #1024	@ 0x400
10005970:	4293      	cmp	r3, r2
10005972:	d30d      	bcc.n	10005990 <tu_edpt_validate+0x44>
10005974:	4770      	bx	lr
10005976:	2902      	cmp	r1, #2
10005978:	bf14      	ite	ne
1000597a:	2340      	movne	r3, #64	@ 0x40
1000597c:	f44f 6380 	moveq.w	r3, #1024	@ 0x400
10005980:	4293      	cmp	r3, r2
10005982:	d305      	bcc.n	10005990 <tu_edpt_validate+0x44>
10005984:	2001      	movs	r0, #1
10005986:	4770      	bx	lr
10005988:	2902      	cmp	r1, #2
1000598a:	d00a      	beq.n	100059a2 <tu_edpt_validate+0x56>
1000598c:	2a40      	cmp	r2, #64	@ 0x40
1000598e:	d9f9      	bls.n	10005984 <tu_edpt_validate+0x38>
10005990:	f04f 23e0 	mov.w	r3, #3758153728	@ 0xe000e000
10005994:	f8d3 3df0 	ldr.w	r3, [r3, #3568]	@ 0xdf0
10005998:	07db      	lsls	r3, r3, #31
1000599a:	d500      	bpl.n	1000599e <tu_edpt_validate+0x52>
1000599c:	be00      	bkpt	0x0000
1000599e:	2000      	movs	r0, #0
100059a0:	4770      	bx	lr
100059a2:	f5b2 7f00 	cmp.w	r2, #512	@ 0x200
100059a6:	d0ed      	beq.n	10005984 <tu_edpt_validate+0x38>
100059a8:	e7f2      	b.n	10005990 <tu_edpt_validate+0x44>
100059aa:	bf00      	nop

100059ac <tu_edpt_bind_driver>:
100059ac:	440a      	add	r2, r1
100059ae:	4291      	cmp	r1, r2
100059b0:	d226      	bcs.n	10005a00 <tu_edpt_bind_driver+0x54>
100059b2:	f891 c001 	ldrb.w	ip, [r1, #1]
100059b6:	f1bc 0f05 	cmp.w	ip, #5
100059ba:	d005      	beq.n	100059c8 <tu_edpt_bind_driver+0x1c>
100059bc:	f891 c000 	ldrb.w	ip, [r1]
100059c0:	4461      	add	r1, ip
100059c2:	428a      	cmp	r2, r1
100059c4:	d8f5      	bhi.n	100059b2 <tu_edpt_bind_driver+0x6>
100059c6:	4770      	bx	lr
100059c8:	b500      	push	{lr}
100059ca:	f891 c002 	ldrb.w	ip, [r1, #2]
100059ce:	f00c 0e7f 	and.w	lr, ip, #127	@ 0x7f
100059d2:	eb00 0e4e 	add.w	lr, r0, lr, lsl #1
100059d6:	ea4f 1cdc 	mov.w	ip, ip, lsr #7
100059da:	f80e 300c 	strb.w	r3, [lr, ip]
100059de:	f891 c000 	ldrb.w	ip, [r1]
100059e2:	4461      	add	r1, ip
100059e4:	428a      	cmp	r2, r1
100059e6:	d909      	bls.n	100059fc <tu_edpt_bind_driver+0x50>
100059e8:	f891 c001 	ldrb.w	ip, [r1, #1]
100059ec:	f1bc 0f05 	cmp.w	ip, #5
100059f0:	d0eb      	beq.n	100059ca <tu_edpt_bind_driver+0x1e>
100059f2:	f891 c000 	ldrb.w	ip, [r1]
100059f6:	4461      	add	r1, ip
100059f8:	428a      	cmp	r2, r1
100059fa:	d8f5      	bhi.n	100059e8 <tu_edpt_bind_driver+0x3c>
100059fc:	f85d fb04 	ldr.w	pc, [sp], #4
10005a00:	4770      	bx	lr
10005a02:	bf00      	nop

10005a04 <tu_edpt_stream_init>:
10005a04:	e92d 41f0 	stmdb	sp!, {r4, r5, r6, r7, r8, lr}
10005a08:	468e      	mov	lr, r1
10005a0a:	b082      	sub	sp, #8
10005a0c:	9300      	str	r3, [sp, #0]
10005a0e:	f890 c000 	ldrb.w	ip, [r0]
10005a12:	9e08      	ldr	r6, [sp, #32]
10005a14:	f8bd 7024 	ldrh.w	r7, [sp, #36]	@ 0x24
10005a18:	f36e 0c00 	bfi	ip, lr, #0, #1
10005a1c:	4604      	mov	r4, r0
10005a1e:	4615      	mov	r5, r2
10005a20:	2301      	movs	r3, #1
10005a22:	4631      	mov	r1, r6
10005a24:	463a      	mov	r2, r7
10005a26:	f800 cb08 	strb.w	ip, [r0], #8
10005a2a:	f8bd 802c 	ldrh.w	r8, [sp, #44]	@ 0x2c
10005a2e:	f000 f8e7 	bl	10005c00 <tu_fifo_config>
10005a32:	b106      	cbz	r6, 10005a36 <tu_edpt_stream_init+0x32>
10005a34:	b93f      	cbnz	r7, 10005a46 <tu_edpt_stream_init+0x42>
10005a36:	2001      	movs	r0, #1
10005a38:	9b0a      	ldr	r3, [sp, #40]	@ 0x28
10005a3a:	f8a4 8002 	strh.w	r8, [r4, #2]
10005a3e:	6063      	str	r3, [r4, #4]
10005a40:	b002      	add	sp, #8
10005a42:	e8bd 81f0 	ldmia.w	sp!, {r4, r5, r6, r7, r8, pc}
10005a46:	f104 061c 	add.w	r6, r4, #28
10005a4a:	4630      	mov	r0, r6
10005a4c:	f7fb f978 	bl	10000d40 <mutex_init>
10005a50:	b10d      	cbz	r5, 10005a56 <tu_edpt_stream_init+0x52>
10005a52:	4635      	mov	r5, r6
10005a54:	2600      	movs	r6, #0
10005a56:	e9c4 5605 	strd	r5, r6, [r4, #20]
10005a5a:	e7ec      	b.n	10005a36 <tu_edpt_stream_init+0x32>

10005a5c <tu_edpt_stream_deinit>:
10005a5c:	2001      	movs	r0, #1
10005a5e:	4770      	bx	lr

10005a60 <tu_edpt_stream_write_zlp_if_needed>:
10005a60:	b5f8      	push	{r3, r4, r5, r6, r7, lr}
10005a62:	4607      	mov	r7, r0
10005a64:	4608      	mov	r0, r1
10005a66:	f240 13ff 	movw	r3, #511	@ 0x1ff
10005a6a:	4615      	mov	r5, r2
10005a6c:	f810 2b08 	ldrb.w	r2, [r0], #8
10005a70:	460c      	mov	r4, r1
10005a72:	f012 0f02 	tst.w	r2, #2
10005a76:	bf0c      	ite	eq
10005a78:	263f      	moveq	r6, #63	@ 0x3f
10005a7a:	461e      	movne	r6, r3
10005a7c:	f000 f8f0 	bl	10005c60 <tu_fifo_count>
10005a80:	b928      	cbnz	r0, 10005a8e <tu_edpt_stream_write_zlp_if_needed+0x2e>
10005a82:	b125      	cbz	r5, 10005a8e <tu_edpt_stream_write_zlp_if_needed+0x2e>
10005a84:	422e      	tst	r6, r5
10005a86:	d102      	bne.n	10005a8e <tu_edpt_stream_write_zlp_if_needed+0x2e>
10005a88:	7823      	ldrb	r3, [r4, #0]
10005a8a:	07da      	lsls	r2, r3, #31
10005a8c:	d501      	bpl.n	10005a92 <tu_edpt_stream_write_zlp_if_needed+0x32>
10005a8e:	2000      	movs	r0, #0
10005a90:	bdf8      	pop	{r3, r4, r5, r6, r7, pc}
10005a92:	4638      	mov	r0, r7
10005a94:	7861      	ldrb	r1, [r4, #1]
10005a96:	f7ff f9a5 	bl	10004de4 <usbd_edpt_claim>
10005a9a:	2800      	cmp	r0, #0
10005a9c:	d0f7      	beq.n	10005a8e <tu_edpt_stream_write_zlp_if_needed+0x2e>
10005a9e:	7823      	ldrb	r3, [r4, #0]
10005aa0:	f013 0301 	ands.w	r3, r3, #1
10005aa4:	d007      	beq.n	10005ab6 <tu_edpt_stream_write_zlp_if_needed+0x56>
10005aa6:	f04f 23e0 	mov.w	r3, #3758153728	@ 0xe000e000
10005aaa:	f8d3 3df0 	ldr.w	r3, [r3, #3568]	@ 0xdf0
10005aae:	07db      	lsls	r3, r3, #31
10005ab0:	d5ed      	bpl.n	10005a8e <tu_edpt_stream_write_zlp_if_needed+0x2e>
10005ab2:	be00      	bkpt	0x0000
10005ab4:	e7eb      	b.n	10005a8e <tu_edpt_stream_write_zlp_if_needed+0x2e>
10005ab6:	461a      	mov	r2, r3
10005ab8:	4638      	mov	r0, r7
10005aba:	7861      	ldrb	r1, [r4, #1]
10005abc:	f7ff f9b6 	bl	10004e2c <usbd_edpt_xfer>
10005ac0:	2800      	cmp	r0, #0
10005ac2:	d0f0      	beq.n	10005aa6 <tu_edpt_stream_write_zlp_if_needed+0x46>
10005ac4:	bdf8      	pop	{r3, r4, r5, r6, r7, pc}
10005ac6:	bf00      	nop

10005ac8 <tu_edpt_stream_write_xfer>:
10005ac8:	b570      	push	{r4, r5, r6, lr}
10005aca:	f101 0508 	add.w	r5, r1, #8
10005ace:	4606      	mov	r6, r0
10005ad0:	4628      	mov	r0, r5
10005ad2:	460c      	mov	r4, r1
10005ad4:	f000 f8c4 	bl	10005c60 <tu_fifo_count>
10005ad8:	b110      	cbz	r0, 10005ae0 <tu_edpt_stream_write_xfer+0x18>
10005ada:	7823      	ldrb	r3, [r4, #0]
10005adc:	07da      	lsls	r2, r3, #31
10005ade:	d501      	bpl.n	10005ae4 <tu_edpt_stream_write_xfer+0x1c>
10005ae0:	2000      	movs	r0, #0
10005ae2:	bd70      	pop	{r4, r5, r6, pc}
10005ae4:	4630      	mov	r0, r6
10005ae6:	7861      	ldrb	r1, [r4, #1]
10005ae8:	f7ff f97c 	bl	10004de4 <usbd_edpt_claim>
10005aec:	2800      	cmp	r0, #0
10005aee:	d0f7      	beq.n	10005ae0 <tu_edpt_stream_write_xfer+0x18>
10005af0:	4628      	mov	r0, r5
10005af2:	8862      	ldrh	r2, [r4, #2]
10005af4:	6861      	ldr	r1, [r4, #4]
10005af6:	f000 f929 	bl	10005d4c <tu_fifo_read_n>
10005afa:	7823      	ldrb	r3, [r4, #0]
10005afc:	4605      	mov	r5, r0
10005afe:	f003 0301 	and.w	r3, r3, #1
10005b02:	b140      	cbz	r0, 10005b16 <tu_edpt_stream_write_xfer+0x4e>
10005b04:	b173      	cbz	r3, 10005b24 <tu_edpt_stream_write_xfer+0x5c>
10005b06:	f04f 23e0 	mov.w	r3, #3758153728	@ 0xe000e000
10005b0a:	f8d3 3df0 	ldr.w	r3, [r3, #3568]	@ 0xdf0
10005b0e:	07db      	lsls	r3, r3, #31
10005b10:	d5e6      	bpl.n	10005ae0 <tu_edpt_stream_write_xfer+0x18>
10005b12:	be00      	bkpt	0x0000
10005b14:	e7e4      	b.n	10005ae0 <tu_edpt_stream_write_xfer+0x18>
10005b16:	2b00      	cmp	r3, #0
10005b18:	d1e2      	bne.n	10005ae0 <tu_edpt_stream_write_xfer+0x18>
10005b1a:	4630      	mov	r0, r6
10005b1c:	7861      	ldrb	r1, [r4, #1]
10005b1e:	f7ff f973 	bl	10004e08 <usbd_edpt_release>
10005b22:	e7dd      	b.n	10005ae0 <tu_edpt_stream_write_xfer+0x18>
10005b24:	4603      	mov	r3, r0
10005b26:	6862      	ldr	r2, [r4, #4]
10005b28:	4630      	mov	r0, r6
10005b2a:	7861      	ldrb	r1, [r4, #1]
10005b2c:	f7ff f97e 	bl	10004e2c <usbd_edpt_xfer>
10005b30:	2800      	cmp	r0, #0
10005b32:	d0e8      	beq.n	10005b06 <tu_edpt_stream_write_xfer+0x3e>
10005b34:	4628      	mov	r0, r5
10005b36:	bd70      	pop	{r4, r5, r6, pc}

10005b38 <tu_edpt_stream_read_xfer>:
10005b38:	898a      	ldrh	r2, [r1, #12]
10005b3a:	e92d 41f0 	stmdb	sp!, {r4, r5, r6, r7, r8, lr}
10005b3e:	780b      	ldrb	r3, [r1, #0]
10005b40:	460c      	mov	r4, r1
10005b42:	4606      	mov	r6, r0
10005b44:	b922      	cbnz	r2, 10005b50 <tu_edpt_stream_read_xfer+0x18>
10005b46:	07dd      	lsls	r5, r3, #31
10005b48:	d534      	bpl.n	10005bb4 <tu_edpt_stream_read_xfer+0x7c>
10005b4a:	2000      	movs	r0, #0
10005b4c:	e8bd 81f0 	ldmia.w	sp!, {r4, r5, r6, r7, r8, pc}
10005b50:	f104 0708 	add.w	r7, r4, #8
10005b54:	0799      	lsls	r1, r3, #30
10005b56:	4638      	mov	r0, r7
10005b58:	bf47      	ittee	mi
10005b5a:	f44f 487e 	movmi.w	r8, #65024	@ 0xfe00
10005b5e:	f44f 7500 	movmi.w	r5, #512	@ 0x200
10005b62:	f64f 78c0 	movwpl	r8, #65472	@ 0xffc0
10005b66:	2540      	movpl	r5, #64	@ 0x40
10005b68:	f000 f894 	bl	10005c94 <tu_fifo_remaining>
10005b6c:	4285      	cmp	r5, r0
10005b6e:	d8ec      	bhi.n	10005b4a <tu_edpt_stream_read_xfer+0x12>
10005b70:	7823      	ldrb	r3, [r4, #0]
10005b72:	07da      	lsls	r2, r3, #31
10005b74:	d4e9      	bmi.n	10005b4a <tu_edpt_stream_read_xfer+0x12>
10005b76:	4630      	mov	r0, r6
10005b78:	7861      	ldrb	r1, [r4, #1]
10005b7a:	f7ff f933 	bl	10004de4 <usbd_edpt_claim>
10005b7e:	2800      	cmp	r0, #0
10005b80:	d0e3      	beq.n	10005b4a <tu_edpt_stream_read_xfer+0x12>
10005b82:	4638      	mov	r0, r7
10005b84:	f000 f886 	bl	10005c94 <tu_fifo_remaining>
10005b88:	7823      	ldrb	r3, [r4, #0]
10005b8a:	4285      	cmp	r5, r0
10005b8c:	f003 0301 	and.w	r3, r3, #1
10005b90:	d82d      	bhi.n	10005bee <tu_edpt_stream_read_xfer+0xb6>
10005b92:	b9bb      	cbnz	r3, 10005bc4 <tu_edpt_stream_read_xfer+0x8c>
10005b94:	8865      	ldrh	r5, [r4, #2]
10005b96:	ea08 0800 	and.w	r8, r8, r0
10005b9a:	4545      	cmp	r5, r8
10005b9c:	bf28      	it	cs
10005b9e:	4645      	movcs	r5, r8
10005ba0:	7861      	ldrb	r1, [r4, #1]
10005ba2:	b35d      	cbz	r5, 10005bfc <tu_edpt_stream_read_xfer+0xc4>
10005ba4:	6862      	ldr	r2, [r4, #4]
10005ba6:	462b      	mov	r3, r5
10005ba8:	4630      	mov	r0, r6
10005baa:	f7ff f93f 	bl	10004e2c <usbd_edpt_xfer>
10005bae:	b148      	cbz	r0, 10005bc4 <tu_edpt_stream_read_xfer+0x8c>
10005bb0:	4628      	mov	r0, r5
10005bb2:	e7cb      	b.n	10005b4c <tu_edpt_stream_read_xfer+0x14>
10005bb4:	7849      	ldrb	r1, [r1, #1]
10005bb6:	f7ff f915 	bl	10004de4 <usbd_edpt_claim>
10005bba:	2800      	cmp	r0, #0
10005bbc:	d0c5      	beq.n	10005b4a <tu_edpt_stream_read_xfer+0x12>
10005bbe:	7823      	ldrb	r3, [r4, #0]
10005bc0:	07d8      	lsls	r0, r3, #31
10005bc2:	d507      	bpl.n	10005bd4 <tu_edpt_stream_read_xfer+0x9c>
10005bc4:	f04f 23e0 	mov.w	r3, #3758153728	@ 0xe000e000
10005bc8:	f8d3 3df0 	ldr.w	r3, [r3, #3568]	@ 0xdf0
10005bcc:	07db      	lsls	r3, r3, #31
10005bce:	d5bc      	bpl.n	10005b4a <tu_edpt_stream_read_xfer+0x12>
10005bd0:	be00      	bkpt	0x0000
10005bd2:	e7ba      	b.n	10005b4a <tu_edpt_stream_read_xfer+0x12>
10005bd4:	8863      	ldrh	r3, [r4, #2]
10005bd6:	7861      	ldrb	r1, [r4, #1]
10005bd8:	b13b      	cbz	r3, 10005bea <tu_edpt_stream_read_xfer+0xb2>
10005bda:	6862      	ldr	r2, [r4, #4]
10005bdc:	4630      	mov	r0, r6
10005bde:	f7ff f925 	bl	10004e2c <usbd_edpt_xfer>
10005be2:	2800      	cmp	r0, #0
10005be4:	d0ee      	beq.n	10005bc4 <tu_edpt_stream_read_xfer+0x8c>
10005be6:	8860      	ldrh	r0, [r4, #2]
10005be8:	e7b0      	b.n	10005b4c <tu_edpt_stream_read_xfer+0x14>
10005bea:	461a      	mov	r2, r3
10005bec:	e7f6      	b.n	10005bdc <tu_edpt_stream_read_xfer+0xa4>
10005bee:	2b00      	cmp	r3, #0
10005bf0:	d1ab      	bne.n	10005b4a <tu_edpt_stream_read_xfer+0x12>
10005bf2:	4630      	mov	r0, r6
10005bf4:	7861      	ldrb	r1, [r4, #1]
10005bf6:	f7ff f907 	bl	10004e08 <usbd_edpt_release>
10005bfa:	e7a6      	b.n	10005b4a <tu_edpt_stream_read_xfer+0x12>
10005bfc:	462a      	mov	r2, r5
10005bfe:	e7d2      	b.n	10005ba6 <tu_edpt_stream_read_xfer+0x6e>

10005c00 <tu_fifo_config>:
10005c00:	e92d 41f0 	stmdb	sp!, {r4, r5, r6, r7, r8, lr}
10005c04:	f5b2 4f00 	cmp.w	r2, #32768	@ 0x8000
10005c08:	f89d 8018 	ldrb.w	r8, [sp, #24]
10005c0c:	d824      	bhi.n	10005c58 <tu_fifo_config+0x58>
10005c0e:	4604      	mov	r4, r0
10005c10:	68c0      	ldr	r0, [r0, #12]
10005c12:	4617      	mov	r7, r2
10005c14:	460e      	mov	r6, r1
10005c16:	461d      	mov	r5, r3
10005c18:	b118      	cbz	r0, 10005c22 <tu_fifo_config+0x22>
10005c1a:	f04f 31ff 	mov.w	r1, #4294967295	@ 0xffffffff
10005c1e:	f000 fc3f 	bl	100064a0 <__mutex_enter_timeout_ms_veneer>
10005c22:	6920      	ldr	r0, [r4, #16]
10005c24:	b118      	cbz	r0, 10005c2e <tu_fifo_config+0x2e>
10005c26:	f04f 31ff 	mov.w	r1, #4294967295	@ 0xffffffff
10005c2a:	f000 fc39 	bl	100064a0 <__mutex_enter_timeout_ms_veneer>
10005c2e:	2200      	movs	r2, #0
10005c30:	f3c5 030e 	ubfx	r3, r5, #0, #15
10005c34:	68e0      	ldr	r0, [r4, #12]
10005c36:	ea43 33c8 	orr.w	r3, r3, r8, lsl #15
10005c3a:	8162      	strh	r2, [r4, #10]
10005c3c:	6026      	str	r6, [r4, #0]
10005c3e:	80a7      	strh	r7, [r4, #4]
10005c40:	80e3      	strh	r3, [r4, #6]
10005c42:	8122      	strh	r2, [r4, #8]
10005c44:	b108      	cbz	r0, 10005c4a <tu_fifo_config+0x4a>
10005c46:	f000 fc43 	bl	100064d0 <__mutex_exit_veneer>
10005c4a:	6920      	ldr	r0, [r4, #16]
10005c4c:	b108      	cbz	r0, 10005c52 <tu_fifo_config+0x52>
10005c4e:	f000 fc3f 	bl	100064d0 <__mutex_exit_veneer>
10005c52:	2001      	movs	r0, #1
10005c54:	e8bd 81f0 	ldmia.w	sp!, {r4, r5, r6, r7, r8, pc}
10005c58:	2000      	movs	r0, #0
10005c5a:	e8bd 81f0 	ldmia.w	sp!, {r4, r5, r6, r7, r8, pc}
10005c5e:	bf00      	nop

10005c60 <tu_fifo_count>:
10005c60:	8903      	ldrh	r3, [r0, #8]
10005c62:	8942      	ldrh	r2, [r0, #10]
10005c64:	b29b      	uxth	r3, r3
10005c66:	b292      	uxth	r2, r2
10005c68:	8880      	ldrh	r0, [r0, #4]
10005c6a:	4293      	cmp	r3, r2
10005c6c:	bf36      	itet	cc
10005c6e:	ebc2 0240 	rsbcc	r2, r2, r0, lsl #1
10005c72:	1a9b      	subcs	r3, r3, r2
10005c74:	189b      	addcc	r3, r3, r2
10005c76:	b29b      	uxth	r3, r3
10005c78:	4298      	cmp	r0, r3
10005c7a:	bf28      	it	cs
10005c7c:	4618      	movcs	r0, r3
10005c7e:	4770      	bx	lr

10005c80 <tu_fifo_empty>:
10005c80:	8902      	ldrh	r2, [r0, #8]
10005c82:	8943      	ldrh	r3, [r0, #10]
10005c84:	b290      	uxth	r0, r2
10005c86:	b29b      	uxth	r3, r3
10005c88:	1ac0      	subs	r0, r0, r3
10005c8a:	fab0 f080 	clz	r0, r0
10005c8e:	0940      	lsrs	r0, r0, #5
10005c90:	4770      	bx	lr
10005c92:	bf00      	nop

10005c94 <tu_fifo_remaining>:
10005c94:	8903      	ldrh	r3, [r0, #8]
10005c96:	8942      	ldrh	r2, [r0, #10]
10005c98:	b29b      	uxth	r3, r3
10005c9a:	8880      	ldrh	r0, [r0, #4]
10005c9c:	b292      	uxth	r2, r2
10005c9e:	4293      	cmp	r3, r2
10005ca0:	bf36      	itet	cc
10005ca2:	ebc2 0240 	rsbcc	r2, r2, r0, lsl #1
10005ca6:	1a9b      	subcs	r3, r3, r2
10005ca8:	189b      	addcc	r3, r3, r2
10005caa:	b29b      	uxth	r3, r3
10005cac:	4298      	cmp	r0, r3
10005cae:	bf86      	itte	hi
10005cb0:	1ac0      	subhi	r0, r0, r3
10005cb2:	b280      	uxthhi	r0, r0
10005cb4:	2000      	movls	r0, #0
10005cb6:	4770      	bx	lr

10005cb8 <tu_fifo_read>:
10005cb8:	b538      	push	{r3, r4, r5, lr}
10005cba:	4604      	mov	r4, r0
10005cbc:	6900      	ldr	r0, [r0, #16]
10005cbe:	460d      	mov	r5, r1
10005cc0:	b118      	cbz	r0, 10005cca <tu_fifo_read+0x12>
10005cc2:	f04f 31ff 	mov.w	r1, #4294967295	@ 0xffffffff
10005cc6:	f000 fbeb 	bl	100064a0 <__mutex_enter_timeout_ms_veneer>
10005cca:	8921      	ldrh	r1, [r4, #8]
10005ccc:	8963      	ldrh	r3, [r4, #10]
10005cce:	b289      	uxth	r1, r1
10005cd0:	b29b      	uxth	r3, r3
10005cd2:	88a2      	ldrh	r2, [r4, #4]
10005cd4:	4299      	cmp	r1, r3
10005cd6:	bf36      	itet	cc
10005cd8:	ebc3 0042 	rsbcc	r0, r3, r2, lsl #1
10005cdc:	1ac8      	subcs	r0, r1, r3
10005cde:	1840      	addcc	r0, r0, r1
10005ce0:	b280      	uxth	r0, r0
10005ce2:	b350      	cbz	r0, 10005d3a <tu_fifo_read+0x82>
10005ce4:	4282      	cmp	r2, r0
10005ce6:	d209      	bcs.n	10005cfc <tu_fifo_read+0x44>
10005ce8:	4291      	cmp	r1, r2
10005cea:	bf2c      	ite	cs
10005cec:	1a89      	subcs	r1, r1, r2
10005cee:	1889      	addcc	r1, r1, r2
10005cf0:	b28b      	uxth	r3, r1
10005cf2:	429a      	cmp	r2, r3
10005cf4:	8163      	strh	r3, [r4, #10]
10005cf6:	d803      	bhi.n	10005d00 <tu_fifo_read+0x48>
10005cf8:	1a9b      	subs	r3, r3, r2
10005cfa:	b29b      	uxth	r3, r3
10005cfc:	429a      	cmp	r2, r3
10005cfe:	d9fb      	bls.n	10005cf8 <tu_fifo_read+0x40>
10005d00:	88e2      	ldrh	r2, [r4, #6]
10005d02:	6821      	ldr	r1, [r4, #0]
10005d04:	f3c2 020e 	ubfx	r2, r2, #0, #15
10005d08:	fb02 1103 	mla	r1, r2, r3, r1
10005d0c:	4628      	mov	r0, r5
10005d0e:	f000 fb1f 	bl	10006350 <memcpy>
10005d12:	8961      	ldrh	r1, [r4, #10]
10005d14:	2501      	movs	r5, #1
10005d16:	b289      	uxth	r1, r1
10005d18:	1c4b      	adds	r3, r1, #1
10005d1a:	b29b      	uxth	r3, r3
10005d1c:	4299      	cmp	r1, r3
10005d1e:	88a2      	ldrh	r2, [r4, #4]
10005d20:	d90e      	bls.n	10005d40 <tu_fifo_read+0x88>
10005d22:	2300      	movs	r3, #0
10005d24:	fa02 f105 	lsl.w	r1, r2, r5
10005d28:	1a5b      	subs	r3, r3, r1
10005d2a:	b29b      	uxth	r3, r3
10005d2c:	6920      	ldr	r0, [r4, #16]
10005d2e:	8163      	strh	r3, [r4, #10]
10005d30:	b108      	cbz	r0, 10005d36 <tu_fifo_read+0x7e>
10005d32:	f000 fbcd 	bl	100064d0 <__mutex_exit_veneer>
10005d36:	4628      	mov	r0, r5
10005d38:	bd38      	pop	{r3, r4, r5, pc}
10005d3a:	4605      	mov	r5, r0
10005d3c:	8963      	ldrh	r3, [r4, #10]
10005d3e:	b29b      	uxth	r3, r3
10005d40:	ebb3 0f42 	cmp.w	r3, r2, lsl #1
10005d44:	ea4f 0142 	mov.w	r1, r2, lsl #1
10005d48:	dbf0      	blt.n	10005d2c <tu_fifo_read+0x74>
10005d4a:	e7ed      	b.n	10005d28 <tu_fifo_read+0x70>

10005d4c <tu_fifo_read_n>:
10005d4c:	e92d 47f0 	stmdb	sp!, {r4, r5, r6, r7, r8, r9, sl, lr}
10005d50:	4606      	mov	r6, r0
10005d52:	6900      	ldr	r0, [r0, #16]
10005d54:	4688      	mov	r8, r1
10005d56:	4691      	mov	r9, r2
10005d58:	b118      	cbz	r0, 10005d62 <tu_fifo_read_n+0x16>
10005d5a:	f04f 31ff 	mov.w	r1, #4294967295	@ 0xffffffff
10005d5e:	f000 fb9f 	bl	100064a0 <__mutex_enter_timeout_ms_veneer>
10005d62:	8933      	ldrh	r3, [r6, #8]
10005d64:	8974      	ldrh	r4, [r6, #10]
10005d66:	b29b      	uxth	r3, r3
10005d68:	b2a4      	uxth	r4, r4
10005d6a:	88b5      	ldrh	r5, [r6, #4]
10005d6c:	42a3      	cmp	r3, r4
10005d6e:	bf36      	itet	cc
10005d70:	ebc4 0745 	rsbcc	r7, r4, r5, lsl #1
10005d74:	1b1f      	subcs	r7, r3, r4
10005d76:	18ff      	addcc	r7, r7, r3
10005d78:	b2bf      	uxth	r7, r7
10005d7a:	2f00      	cmp	r7, #0
10005d7c:	d04a      	beq.n	10005e14 <tu_fifo_read_n+0xc8>
10005d7e:	42bd      	cmp	r5, r7
10005d80:	d340      	bcc.n	10005e04 <tu_fifo_read_n+0xb8>
10005d82:	45b9      	cmp	r9, r7
10005d84:	bf28      	it	cs
10005d86:	46b9      	movcs	r9, r7
10005d88:	42a5      	cmp	r5, r4
10005d8a:	fa1f f789 	uxth.w	r7, r9
10005d8e:	d803      	bhi.n	10005d98 <tu_fifo_read_n+0x4c>
10005d90:	1b64      	subs	r4, r4, r5
10005d92:	b2a4      	uxth	r4, r4
10005d94:	42a5      	cmp	r5, r4
10005d96:	d9fb      	bls.n	10005d90 <tu_fifo_read_n+0x44>
10005d98:	f8b6 a006 	ldrh.w	sl, [r6, #6]
10005d9c:	1b2b      	subs	r3, r5, r4
10005d9e:	6831      	ldr	r1, [r6, #0]
10005da0:	b29b      	uxth	r3, r3
10005da2:	f3ca 020e 	ubfx	r2, sl, #0, #15
10005da6:	429f      	cmp	r7, r3
10005da8:	4692      	mov	sl, r2
10005daa:	fb02 1104 	mla	r1, r2, r4, r1
10005dae:	d923      	bls.n	10005df8 <tu_fifo_read_n+0xac>
10005db0:	fb13 f302 	smulbb	r3, r3, r2
10005db4:	fa1f f983 	uxth.w	r9, r3
10005db8:	464a      	mov	r2, r9
10005dba:	4640      	mov	r0, r8
10005dbc:	1b7d      	subs	r5, r7, r5
10005dbe:	f000 fac7 	bl	10006350 <memcpy>
10005dc2:	1962      	adds	r2, r4, r5
10005dc4:	fb12 f20a 	smulbb	r2, r2, sl
10005dc8:	6831      	ldr	r1, [r6, #0]
10005dca:	eb08 0009 	add.w	r0, r8, r9
10005dce:	b292      	uxth	r2, r2
10005dd0:	f000 fabe 	bl	10006350 <memcpy>
10005dd4:	8972      	ldrh	r2, [r6, #10]
10005dd6:	88b5      	ldrh	r5, [r6, #4]
10005dd8:	b292      	uxth	r2, r2
10005dda:	19d3      	adds	r3, r2, r7
10005ddc:	b29b      	uxth	r3, r3
10005dde:	429a      	cmp	r2, r3
10005de0:	d91a      	bls.n	10005e18 <tu_fifo_read_n+0xcc>
10005de2:	006a      	lsls	r2, r5, #1
10005de4:	1a9b      	subs	r3, r3, r2
10005de6:	b29b      	uxth	r3, r3
10005de8:	6930      	ldr	r0, [r6, #16]
10005dea:	8173      	strh	r3, [r6, #10]
10005dec:	b108      	cbz	r0, 10005df2 <tu_fifo_read_n+0xa6>
10005dee:	f000 fb6f 	bl	100064d0 <__mutex_exit_veneer>
10005df2:	4638      	mov	r0, r7
10005df4:	e8bd 87f0 	ldmia.w	sp!, {r4, r5, r6, r7, r8, r9, sl, pc}
10005df8:	4640      	mov	r0, r8
10005dfa:	fb07 f202 	mul.w	r2, r7, r2
10005dfe:	f000 faa7 	bl	10006350 <memcpy>
10005e02:	e7e7      	b.n	10005dd4 <tu_fifo_read_n+0x88>
10005e04:	42ab      	cmp	r3, r5
10005e06:	bf2c      	ite	cs
10005e08:	1b5b      	subcs	r3, r3, r5
10005e0a:	195b      	addcc	r3, r3, r5
10005e0c:	b29c      	uxth	r4, r3
10005e0e:	462f      	mov	r7, r5
10005e10:	8174      	strh	r4, [r6, #10]
10005e12:	e7b6      	b.n	10005d82 <tu_fifo_read_n+0x36>
10005e14:	8973      	ldrh	r3, [r6, #10]
10005e16:	b29b      	uxth	r3, r3
10005e18:	ebb3 0f45 	cmp.w	r3, r5, lsl #1
10005e1c:	ea4f 0245 	mov.w	r2, r5, lsl #1
10005e20:	dbe2      	blt.n	10005de8 <tu_fifo_read_n+0x9c>
10005e22:	e7df      	b.n	10005de4 <tu_fifo_read_n+0x98>

10005e24 <tu_fifo_write>:
10005e24:	b5f8      	push	{r3, r4, r5, r6, r7, lr}
10005e26:	4604      	mov	r4, r0
10005e28:	68c0      	ldr	r0, [r0, #12]
10005e2a:	460e      	mov	r6, r1
10005e2c:	b118      	cbz	r0, 10005e36 <tu_fifo_write+0x12>
10005e2e:	f04f 31ff 	mov.w	r1, #4294967295	@ 0xffffffff
10005e32:	f000 fb35 	bl	100064a0 <__mutex_enter_timeout_ms_veneer>
10005e36:	8925      	ldrh	r5, [r4, #8]
10005e38:	8923      	ldrh	r3, [r4, #8]
10005e3a:	8961      	ldrh	r1, [r4, #10]
10005e3c:	b29b      	uxth	r3, r3
10005e3e:	b289      	uxth	r1, r1
10005e40:	88a2      	ldrh	r2, [r4, #4]
10005e42:	428b      	cmp	r3, r1
10005e44:	bf36      	itet	cc
10005e46:	ebc1 0142 	rsbcc	r1, r1, r2, lsl #1
10005e4a:	1a5b      	subcs	r3, r3, r1
10005e4c:	185b      	addcc	r3, r3, r1
10005e4e:	b29b      	uxth	r3, r3
10005e50:	429a      	cmp	r2, r3
10005e52:	b2ad      	uxth	r5, r5
10005e54:	d808      	bhi.n	10005e68 <tu_fifo_write+0x44>
10005e56:	79e7      	ldrb	r7, [r4, #7]
10005e58:	09ff      	lsrs	r7, r7, #7
10005e5a:	d105      	bne.n	10005e68 <tu_fifo_write+0x44>
10005e5c:	68e0      	ldr	r0, [r4, #12]
10005e5e:	b108      	cbz	r0, 10005e64 <tu_fifo_write+0x40>
10005e60:	f000 fb36 	bl	100064d0 <__mutex_exit_veneer>
10005e64:	4638      	mov	r0, r7
10005e66:	bdf8      	pop	{r3, r4, r5, r6, r7, pc}
10005e68:	4295      	cmp	r5, r2
10005e6a:	bf28      	it	cs
10005e6c:	462b      	movcs	r3, r5
10005e6e:	d318      	bcc.n	10005ea2 <tu_fifo_write+0x7e>
10005e70:	1a9b      	subs	r3, r3, r2
10005e72:	b29b      	uxth	r3, r3
10005e74:	4293      	cmp	r3, r2
10005e76:	d2fb      	bcs.n	10005e70 <tu_fifo_write+0x4c>
10005e78:	88e2      	ldrh	r2, [r4, #6]
10005e7a:	6820      	ldr	r0, [r4, #0]
10005e7c:	f3c2 020e 	ubfx	r2, r2, #0, #15
10005e80:	fb02 0003 	mla	r0, r2, r3, r0
10005e84:	4631      	mov	r1, r6
10005e86:	f000 fa63 	bl	10006350 <memcpy>
10005e8a:	1c6b      	adds	r3, r5, #1
10005e8c:	b29b      	uxth	r3, r3
10005e8e:	429d      	cmp	r5, r3
10005e90:	88a2      	ldrh	r2, [r4, #4]
10005e92:	d912      	bls.n	10005eba <tu_fifo_write+0x96>
10005e94:	2300      	movs	r3, #0
10005e96:	0051      	lsls	r1, r2, #1
10005e98:	1a5b      	subs	r3, r3, r1
10005e9a:	b29b      	uxth	r3, r3
10005e9c:	2701      	movs	r7, #1
10005e9e:	8123      	strh	r3, [r4, #8]
10005ea0:	e7dc      	b.n	10005e5c <tu_fifo_write+0x38>
10005ea2:	88e2      	ldrh	r2, [r4, #6]
10005ea4:	6820      	ldr	r0, [r4, #0]
10005ea6:	f3c2 020e 	ubfx	r2, r2, #0, #15
10005eaa:	fb05 0002 	mla	r0, r5, r2, r0
10005eae:	4631      	mov	r1, r6
10005eb0:	f000 fa4e 	bl	10006350 <memcpy>
10005eb4:	3501      	adds	r5, #1
10005eb6:	88a2      	ldrh	r2, [r4, #4]
10005eb8:	b2ab      	uxth	r3, r5
10005eba:	ebb3 0f42 	cmp.w	r3, r2, lsl #1
10005ebe:	ea4f 0142 	mov.w	r1, r2, lsl #1
10005ec2:	dbeb      	blt.n	10005e9c <tu_fifo_write+0x78>
10005ec4:	e7e8      	b.n	10005e98 <tu_fifo_write+0x74>
10005ec6:	bf00      	nop

10005ec8 <tu_fifo_write_n>:
10005ec8:	e92d 4ff0 	stmdb	sp!, {r4, r5, r6, r7, r8, r9, sl, fp, lr}
10005ecc:	4617      	mov	r7, r2
10005ece:	b083      	sub	sp, #12
10005ed0:	2a00      	cmp	r2, #0
10005ed2:	d075      	beq.n	10005fc0 <tu_fifo_write_n+0xf8>
10005ed4:	4606      	mov	r6, r0
10005ed6:	68c0      	ldr	r0, [r0, #12]
10005ed8:	4689      	mov	r9, r1
10005eda:	b118      	cbz	r0, 10005ee4 <tu_fifo_write_n+0x1c>
10005edc:	f04f 31ff 	mov.w	r1, #4294967295	@ 0xffffffff
10005ee0:	f000 fade 	bl	100064a0 <__mutex_enter_timeout_ms_veneer>
10005ee4:	79f3      	ldrb	r3, [r6, #7]
10005ee6:	f8b6 8008 	ldrh.w	r8, [r6, #8]
10005eea:	8972      	ldrh	r2, [r6, #10]
10005eec:	09db      	lsrs	r3, r3, #7
10005eee:	88b5      	ldrh	r5, [r6, #4]
10005ef0:	fa1f f888 	uxth.w	r8, r8
10005ef4:	b292      	uxth	r2, r2
10005ef6:	d13c      	bne.n	10005f72 <tu_fifo_write_n+0xaa>
10005ef8:	4590      	cmp	r8, r2
10005efa:	bf36      	itet	cc
10005efc:	ebc2 0245 	rsbcc	r2, r2, r5, lsl #1
10005f00:	eba8 0202 	subcs.w	r2, r8, r2
10005f04:	4442      	addcc	r2, r8
10005f06:	b292      	uxth	r2, r2
10005f08:	42aa      	cmp	r2, r5
10005f0a:	d25e      	bcs.n	10005fca <tu_fifo_write_n+0x102>
10005f0c:	1aaa      	subs	r2, r5, r2
10005f0e:	b292      	uxth	r2, r2
10005f10:	42ba      	cmp	r2, r7
10005f12:	bf28      	it	cs
10005f14:	463a      	movcs	r2, r7
10005f16:	f8b6 b006 	ldrh.w	fp, [r6, #6]
10005f1a:	b297      	uxth	r7, r2
10005f1c:	1b7b      	subs	r3, r7, r5
10005f1e:	eb08 0a07 	add.w	sl, r8, r7
10005f22:	f3cb 0b0e 	ubfx	fp, fp, #0, #15
10005f26:	b29b      	uxth	r3, r3
10005f28:	fa1f fa8a 	uxth.w	sl, sl
10005f2c:	45a8      	cmp	r8, r5
10005f2e:	4644      	mov	r4, r8
10005f30:	d303      	bcc.n	10005f3a <tu_fifo_write_n+0x72>
10005f32:	1b64      	subs	r4, r4, r5
10005f34:	b2a4      	uxth	r4, r4
10005f36:	42ac      	cmp	r4, r5
10005f38:	d2fb      	bcs.n	10005f32 <tu_fifo_write_n+0x6a>
10005f3a:	1b2d      	subs	r5, r5, r4
10005f3c:	6830      	ldr	r0, [r6, #0]
10005f3e:	b2ad      	uxth	r5, r5
10005f40:	42bd      	cmp	r5, r7
10005f42:	fb0b 0004 	mla	r0, fp, r4, r0
10005f46:	d357      	bcc.n	10005ff8 <tu_fifo_write_n+0x130>
10005f48:	4649      	mov	r1, r9
10005f4a:	fb0b f207 	mul.w	r2, fp, r7
10005f4e:	f000 f9ff 	bl	10006350 <memcpy>
10005f52:	88b2      	ldrh	r2, [r6, #4]
10005f54:	45d0      	cmp	r8, sl
10005f56:	ea4f 0342 	mov.w	r3, r2, lsl #1
10005f5a:	d802      	bhi.n	10005f62 <tu_fifo_write_n+0x9a>
10005f5c:	ebba 0f42 	cmp.w	sl, r2, lsl #1
10005f60:	db03      	blt.n	10005f6a <tu_fifo_write_n+0xa2>
10005f62:	ebaa 0303 	sub.w	r3, sl, r3
10005f66:	fa1f fa83 	uxth.w	sl, r3
10005f6a:	463d      	mov	r5, r7
10005f6c:	f8a6 a008 	strh.w	sl, [r6, #8]
10005f70:	e02c      	b.n	10005fcc <tu_fifo_write_n+0x104>
10005f72:	f8b6 b006 	ldrh.w	fp, [r6, #6]
10005f76:	42af      	cmp	r7, r5
10005f78:	f3cb 0b0e 	ubfx	fp, fp, #0, #15
10005f7c:	d22f      	bcs.n	10005fde <tu_fifo_write_n+0x116>
10005f7e:	4590      	cmp	r8, r2
10005f80:	bf36      	itet	cc
10005f82:	ebc2 0145 	rsbcc	r1, r2, r5, lsl #1
10005f86:	eba8 0102 	subcs.w	r1, r8, r2
10005f8a:	4441      	addcc	r1, r8
10005f8c:	b289      	uxth	r1, r1
10005f8e:	0068      	lsls	r0, r5, #1
10005f90:	4439      	add	r1, r7
10005f92:	1b7b      	subs	r3, r7, r5
10005f94:	4281      	cmp	r1, r0
10005f96:	b29b      	uxth	r3, r3
10005f98:	db0d      	blt.n	10005fb6 <tu_fifo_write_n+0xee>
10005f9a:	eb02 0a05 	add.w	sl, r2, r5
10005f9e:	fa1f fa8a 	uxth.w	sl, sl
10005fa2:	ebaa 0807 	sub.w	r8, sl, r7
10005fa6:	fa1f f888 	uxth.w	r8, r8
10005faa:	4542      	cmp	r2, r8
10005fac:	d937      	bls.n	1000601e <tu_fifo_write_n+0x156>
10005fae:	eba8 0000 	sub.w	r0, r8, r0
10005fb2:	fa1f f880 	uxth.w	r8, r0
10005fb6:	eb07 0a08 	add.w	sl, r7, r8
10005fba:	fa1f fa8a 	uxth.w	sl, sl
10005fbe:	e7b5      	b.n	10005f2c <tu_fifo_write_n+0x64>
10005fc0:	4615      	mov	r5, r2
10005fc2:	4628      	mov	r0, r5
10005fc4:	b003      	add	sp, #12
10005fc6:	e8bd 8ff0 	ldmia.w	sp!, {r4, r5, r6, r7, r8, r9, sl, fp, pc}
10005fca:	2500      	movs	r5, #0
10005fcc:	68f0      	ldr	r0, [r6, #12]
10005fce:	2800      	cmp	r0, #0
10005fd0:	d0f7      	beq.n	10005fc2 <tu_fifo_write_n+0xfa>
10005fd2:	f000 fa7d 	bl	100064d0 <__mutex_exit_veneer>
10005fd6:	4628      	mov	r0, r5
10005fd8:	b003      	add	sp, #12
10005fda:	e8bd 8ff0 	ldmia.w	sp!, {r4, r5, r6, r7, r8, r9, sl, fp, pc}
10005fde:	2d00      	cmp	r5, #0
10005fe0:	d0f4      	beq.n	10005fcc <tu_fifo_write_n+0x104>
10005fe2:	1b7f      	subs	r7, r7, r5
10005fe4:	eb02 0a05 	add.w	sl, r2, r5
10005fe8:	fb0b 9907 	mla	r9, fp, r7, r9
10005fec:	4690      	mov	r8, r2
10005fee:	462f      	mov	r7, r5
10005ff0:	2300      	movs	r3, #0
10005ff2:	fa1f fa8a 	uxth.w	sl, sl
10005ff6:	e799      	b.n	10005f2c <tu_fifo_write_n+0x64>
10005ff8:	fb15 f50b 	smulbb	r5, r5, fp
10005ffc:	b2ad      	uxth	r5, r5
10005ffe:	462a      	mov	r2, r5
10006000:	4649      	mov	r1, r9
10006002:	9301      	str	r3, [sp, #4]
10006004:	f000 f9a4 	bl	10006350 <memcpy>
10006008:	9b01      	ldr	r3, [sp, #4]
1000600a:	6830      	ldr	r0, [r6, #0]
1000600c:	18e2      	adds	r2, r4, r3
1000600e:	fb12 f20b 	smulbb	r2, r2, fp
10006012:	eb09 0105 	add.w	r1, r9, r5
10006016:	b292      	uxth	r2, r2
10006018:	f000 f99a 	bl	10006350 <memcpy>
1000601c:	e799      	b.n	10005f52 <tu_fifo_write_n+0x8a>
1000601e:	4540      	cmp	r0, r8
10006020:	dc84      	bgt.n	10005f2c <tu_fifo_write_n+0x64>
10006022:	e7c4      	b.n	10005fae <tu_fifo_write_n+0xe6>

10006024 <tu_fifo_clear>:
10006024:	b510      	push	{r4, lr}
10006026:	4604      	mov	r4, r0
10006028:	68c0      	ldr	r0, [r0, #12]
1000602a:	b118      	cbz	r0, 10006034 <tu_fifo_clear+0x10>
1000602c:	f04f 31ff 	mov.w	r1, #4294967295	@ 0xffffffff
10006030:	f000 fa36 	bl	100064a0 <__mutex_enter_timeout_ms_veneer>
10006034:	6920      	ldr	r0, [r4, #16]
10006036:	b118      	cbz	r0, 10006040 <tu_fifo_clear+0x1c>
10006038:	f04f 31ff 	mov.w	r1, #4294967295	@ 0xffffffff
1000603c:	f000 fa30 	bl	100064a0 <__mutex_enter_timeout_ms_veneer>
10006040:	2300      	movs	r3, #0
10006042:	68e0      	ldr	r0, [r4, #12]
10006044:	8163      	strh	r3, [r4, #10]
10006046:	8123      	strh	r3, [r4, #8]
10006048:	b108      	cbz	r0, 1000604e <tu_fifo_clear+0x2a>
1000604a:	f000 fa41 	bl	100064d0 <__mutex_exit_veneer>
1000604e:	6920      	ldr	r0, [r4, #16]
10006050:	b108      	cbz	r0, 10006056 <tu_fifo_clear+0x32>
10006052:	f000 fa3d 	bl	100064d0 <__mutex_exit_veneer>
10006056:	2001      	movs	r0, #1
10006058:	bd10      	pop	{r4, pc}
1000605a:	bf00      	nop

1000605c <tu_fifo_set_overwritable>:
1000605c:	b538      	push	{r3, r4, r5, lr}
1000605e:	4604      	mov	r4, r0
10006060:	68c0      	ldr	r0, [r0, #12]
10006062:	460d      	mov	r5, r1
10006064:	b118      	cbz	r0, 1000606e <tu_fifo_set_overwritable+0x12>
10006066:	f04f 31ff 	mov.w	r1, #4294967295	@ 0xffffffff
1000606a:	f000 fa19 	bl	100064a0 <__mutex_enter_timeout_ms_veneer>
1000606e:	6920      	ldr	r0, [r4, #16]
10006070:	b118      	cbz	r0, 1000607a <tu_fifo_set_overwritable+0x1e>
10006072:	f04f 31ff 	mov.w	r1, #4294967295	@ 0xffffffff
10006076:	f000 fa13 	bl	100064a0 <__mutex_enter_timeout_ms_veneer>
1000607a:	79e3      	ldrb	r3, [r4, #7]
1000607c:	68e0      	ldr	r0, [r4, #12]
1000607e:	f365 13c7 	bfi	r3, r5, #7, #1
10006082:	71e3      	strb	r3, [r4, #7]
10006084:	b108      	cbz	r0, 1000608a <tu_fifo_set_overwritable+0x2e>
10006086:	f000 fa23 	bl	100064d0 <__mutex_exit_veneer>
1000608a:	6920      	ldr	r0, [r4, #16]
1000608c:	b108      	cbz	r0, 10006092 <tu_fifo_set_overwritable+0x36>
1000608e:	f000 fa1f 	bl	100064d0 <__mutex_exit_veneer>
10006092:	2001      	movs	r0, #1
10006094:	bd38      	pop	{r3, r4, r5, pc}
10006096:	bf00      	nop

10006098 <i2c_read_blocking_internal.constprop.0>:
10006098:	b570      	push	{r4, r5, r6, lr}
1000609a:	2500      	movs	r5, #0
1000609c:	2601      	movs	r6, #1
1000609e:	6804      	ldr	r4, [r0, #0]
100060a0:	2b00      	cmp	r3, #0
100060a2:	66e5      	str	r5, [r4, #108]	@ 0x6c
100060a4:	4684      	mov	ip, r0
100060a6:	6061      	str	r1, [r4, #4]
100060a8:	4628      	mov	r0, r5
100060aa:	f89d e010 	ldrb.w	lr, [sp, #16]
100060ae:	66e6      	str	r6, [r4, #108]	@ 0x6c
100060b0:	dd16      	ble.n	100060e0 <i2c_read_blocking_internal.constprop.0+0x48>
100060b2:	1e5d      	subs	r5, r3, #1
100060b4:	6f61      	ldr	r1, [r4, #116]	@ 0x74
100060b6:	2910      	cmp	r1, #16
100060b8:	d0fc      	beq.n	100060b4 <i2c_read_blocking_internal.constprop.0+0x1c>
100060ba:	b300      	cbz	r0, 100060fe <i2c_read_blocking_internal.constprop.0+0x66>
100060bc:	2100      	movs	r1, #0
100060be:	42a8      	cmp	r0, r5
100060c0:	bf04      	itt	eq
100060c2:	f08e 0601 	eoreq.w	r6, lr, #1
100060c6:	ea41 2146 	orreq.w	r1, r1, r6, lsl #9
100060ca:	f441 7180 	orr.w	r1, r1, #256	@ 0x100
100060ce:	6121      	str	r1, [r4, #16]
100060d0:	f8d4 1080 	ldr.w	r1, [r4, #128]	@ 0x80
100060d4:	6b61      	ldr	r1, [r4, #52]	@ 0x34
100060d6:	0649      	lsls	r1, r1, #25
100060d8:	d505      	bpl.n	100060e6 <i2c_read_blocking_internal.constprop.0+0x4e>
100060da:	f04f 30ff 	mov.w	r0, #4294967295	@ 0xffffffff
100060de:	6d63      	ldr	r3, [r4, #84]	@ 0x54
100060e0:	f88c e004 	strb.w	lr, [ip, #4]
100060e4:	bd70      	pop	{r4, r5, r6, pc}
100060e6:	6fa1      	ldr	r1, [r4, #120]	@ 0x78
100060e8:	2900      	cmp	r1, #0
100060ea:	d0f1      	beq.n	100060d0 <i2c_read_blocking_internal.constprop.0+0x38>
100060ec:	6921      	ldr	r1, [r4, #16]
100060ee:	3001      	adds	r0, #1
100060f0:	4283      	cmp	r3, r0
100060f2:	f802 1b01 	strb.w	r1, [r2], #1
100060f6:	d0f3      	beq.n	100060e0 <i2c_read_blocking_internal.constprop.0+0x48>
100060f8:	f8dc 4000 	ldr.w	r4, [ip]
100060fc:	e7da      	b.n	100060b4 <i2c_read_blocking_internal.constprop.0+0x1c>
100060fe:	f89c 1004 	ldrb.w	r1, [ip, #4]
10006102:	0289      	lsls	r1, r1, #10
10006104:	e7db      	b.n	100060be <i2c_read_blocking_internal.constprop.0+0x26>
10006106:	bf00      	nop

10006108 <i2c_write_blocking_internal.constprop.0>:
10006108:	e92d 41f0 	stmdb	sp!, {r4, r5, r6, r7, r8, lr}
1000610c:	2700      	movs	r7, #0
1000610e:	2401      	movs	r4, #1
10006110:	4694      	mov	ip, r2
10006112:	6802      	ldr	r2, [r0, #0]
10006114:	4605      	mov	r5, r0
10006116:	66d7      	str	r7, [r2, #108]	@ 0x6c
10006118:	6051      	str	r1, [r2, #4]
1000611a:	66d4      	str	r4, [r2, #108]	@ 0x6c
1000611c:	1e1c      	subs	r4, r3, #0
1000611e:	4638      	mov	r0, r7
10006120:	f89d 6018 	ldrb.w	r6, [sp, #24]
10006124:	dd1e      	ble.n	10006164 <i2c_write_blocking_internal.constprop.0+0x5c>
10006126:	7929      	ldrb	r1, [r5, #4]
10006128:	f086 0701 	eor.w	r7, r6, #1
1000612c:	0289      	lsls	r1, r1, #10
1000612e:	027f      	lsls	r7, r7, #9
10006130:	f104 3eff 	add.w	lr, r4, #4294967295	@ 0xffffffff
10006134:	4570      	cmp	r0, lr
10006136:	bf0c      	ite	eq
10006138:	46b8      	moveq	r8, r7
1000613a:	f04f 0800 	movne.w	r8, #0
1000613e:	f81c 3b01 	ldrb.w	r3, [ip], #1
10006142:	430b      	orrs	r3, r1
10006144:	ea43 0308 	orr.w	r3, r3, r8
10006148:	6113      	str	r3, [r2, #16]
1000614a:	6b53      	ldr	r3, [r2, #52]	@ 0x34
1000614c:	06d9      	lsls	r1, r3, #27
1000614e:	d5fc      	bpl.n	1000614a <i2c_write_blocking_internal.constprop.0+0x42>
10006150:	f8d2 1080 	ldr.w	r1, [r2, #128]	@ 0x80
10006154:	b949      	cbnz	r1, 1000616a <i2c_write_blocking_internal.constprop.0+0x62>
10006156:	4570      	cmp	r0, lr
10006158:	d01c      	beq.n	10006194 <i2c_write_blocking_internal.constprop.0+0x8c>
1000615a:	3001      	adds	r0, #1
1000615c:	4284      	cmp	r4, r0
1000615e:	f04f 0100 	mov.w	r1, #0
10006162:	d1e7      	bne.n	10006134 <i2c_write_blocking_internal.constprop.0+0x2c>
10006164:	712e      	strb	r6, [r5, #4]
10006166:	e8bd 81f0 	ldmia.w	sp!, {r4, r5, r6, r7, r8, pc}
1000616a:	f04f 0801 	mov.w	r8, #1
1000616e:	6d53      	ldr	r3, [r2, #84]	@ 0x54
10006170:	6b53      	ldr	r3, [r2, #52]	@ 0x34
10006172:	059b      	lsls	r3, r3, #22
10006174:	d5fc      	bpl.n	10006170 <i2c_write_blocking_internal.constprop.0+0x68>
10006176:	6e13      	ldr	r3, [r2, #96]	@ 0x60
10006178:	f1b8 0f00 	cmp.w	r8, #0
1000617c:	d0ed      	beq.n	1000615a <i2c_write_blocking_internal.constprop.0+0x52>
1000617e:	b169      	cbz	r1, 1000619c <i2c_write_blocking_internal.constprop.0+0x94>
10006180:	07cb      	lsls	r3, r1, #31
10006182:	d40b      	bmi.n	1000619c <i2c_write_blocking_internal.constprop.0+0x94>
10006184:	f011 0f08 	tst.w	r1, #8
10006188:	bf08      	it	eq
1000618a:	f04f 30ff 	moveq.w	r0, #4294967295	@ 0xffffffff
1000618e:	712e      	strb	r6, [r5, #4]
10006190:	e8bd 81f0 	ldmia.w	sp!, {r4, r5, r6, r7, r8, pc}
10006194:	2e00      	cmp	r6, #0
10006196:	d1e0      	bne.n	1000615a <i2c_write_blocking_internal.constprop.0+0x52>
10006198:	46b0      	mov	r8, r6
1000619a:	e7e9      	b.n	10006170 <i2c_write_blocking_internal.constprop.0+0x68>
1000619c:	f04f 30ff 	mov.w	r0, #4294967295	@ 0xffffffff
100061a0:	e7e0      	b.n	10006164 <i2c_write_blocking_internal.constprop.0+0x5c>
100061a2:	bf00      	nop

100061a4 <i2c_set_baudrate>:
100061a4:	b5f8      	push	{r3, r4, r5, r6, r7, lr}
100061a6:	4604      	mov	r4, r0
100061a8:	2005      	movs	r0, #5
100061aa:	460f      	mov	r7, r1
100061ac:	f7fb fafe 	bl	100017ac <clock_get_hz>
100061b0:	eb00 0c57 	add.w	ip, r0, r7, lsr #1
100061b4:	fbbc fcf7 	udiv	ip, ip, r7
100061b8:	4d20      	ldr	r5, [pc, #128]	@ (1000623c <i2c_set_baudrate+0x98>)
100061ba:	eb0c 024c 	add.w	r2, ip, ip, lsl #1
100061be:	fba5 6502 	umull	r6, r5, r5, r2
100061c2:	491f      	ldr	r1, [pc, #124]	@ (10006240 <i2c_set_baudrate+0x9c>)
100061c4:	08ae      	lsrs	r6, r5, #2
100061c6:	428f      	cmp	r7, r1
100061c8:	eb00 0340 	add.w	r3, r0, r0, lsl #1
100061cc:	ebac 0595 	sub.w	r5, ip, r5, lsr #2
100061d0:	d82e      	bhi.n	10006230 <i2c_set_baudrate+0x8c>
100061d2:	f101 41d6 	add.w	r1, r1, #1795162112	@ 0x6b000000
100061d6:	f501 01a1 	add.w	r1, r1, #5275648	@ 0x508000
100061da:	f601 012c 	addw	r1, r1, #2092	@ 0x82c
100061de:	fba1 1303 	umull	r1, r3, r1, r3
100061e2:	0d9b      	lsrs	r3, r3, #22
100061e4:	3301      	adds	r3, #1
100061e6:	2100      	movs	r1, #0
100061e8:	2a4f      	cmp	r2, #79	@ 0x4f
100061ea:	bf98      	it	ls
100061ec:	2201      	movls	r2, #1
100061ee:	6824      	ldr	r4, [r4, #0]
100061f0:	fbb0 f0fc 	udiv	r0, r0, ip
100061f4:	66e1      	str	r1, [r4, #108]	@ 0x6c
100061f6:	6821      	ldr	r1, [r4, #0]
100061f8:	f504 5780 	add.w	r7, r4, #4096	@ 0x1000
100061fc:	f081 0104 	eor.w	r1, r1, #4
10006200:	f001 0106 	and.w	r1, r1, #6
10006204:	6039      	str	r1, [r7, #0]
10006206:	bf88      	it	hi
10006208:	490c      	ldrhi	r1, [pc, #48]	@ (1000623c <i2c_set_baudrate+0x98>)
1000620a:	61e5      	str	r5, [r4, #28]
1000620c:	bf84      	itt	hi
1000620e:	fba1 1202 	umullhi	r1, r2, r1, r2
10006212:	0992      	lsrhi	r2, r2, #6
10006214:	6226      	str	r6, [r4, #32]
10006216:	f8c4 20a0 	str.w	r2, [r4, #160]	@ 0xa0
1000621a:	4622      	mov	r2, r4
1000621c:	2101      	movs	r1, #1
1000621e:	f852 5f7c 	ldr.w	r5, [r2, #124]!
10006222:	406b      	eors	r3, r5
10006224:	b29b      	uxth	r3, r3
10006226:	f502 5280 	add.w	r2, r2, #4096	@ 0x1000
1000622a:	6013      	str	r3, [r2, #0]
1000622c:	66e1      	str	r1, [r4, #108]	@ 0x6c
1000622e:	bdf8      	pop	{r3, r4, r5, r6, r7, pc}
10006230:	4904      	ldr	r1, [pc, #16]	@ (10006244 <i2c_set_baudrate+0xa0>)
10006232:	fba1 1303 	umull	r1, r3, r1, r3
10006236:	0ddb      	lsrs	r3, r3, #23
10006238:	3301      	adds	r3, #1
1000623a:	e7d4      	b.n	100061e6 <i2c_set_baudrate+0x42>
1000623c:	cccccccd 	.word	0xcccccccd
10006240:	000f423f 	.word	0x000f423f
10006244:	55e63b89 	.word	0x55e63b89

10006248 <i2c_init>:
10006248:	4a0e      	ldr	r2, [pc, #56]	@ (10006284 <i2c_init+0x3c>)
1000624a:	b430      	push	{r4, r5}
1000624c:	4290      	cmp	r0, r2
1000624e:	bf14      	ite	ne
10006250:	2220      	movne	r2, #32
10006252:	2210      	moveq	r2, #16
10006254:	4d0c      	ldr	r5, [pc, #48]	@ (10006288 <i2c_init+0x40>)
10006256:	4b0d      	ldr	r3, [pc, #52]	@ (1000628c <i2c_init+0x44>)
10006258:	4c0d      	ldr	r4, [pc, #52]	@ (10006290 <i2c_init+0x48>)
1000625a:	602a      	str	r2, [r5, #0]
1000625c:	601a      	str	r2, [r3, #0]
1000625e:	68a3      	ldr	r3, [r4, #8]
10006260:	ea32 0303 	bics.w	r3, r2, r3
10006264:	d1fb      	bne.n	1000625e <i2c_init+0x16>
10006266:	f240 1565 	movw	r5, #357	@ 0x165
1000626a:	2403      	movs	r4, #3
1000626c:	6802      	ldr	r2, [r0, #0]
1000626e:	7103      	strb	r3, [r0, #4]
10006270:	66d3      	str	r3, [r2, #108]	@ 0x6c
10006272:	6015      	str	r5, [r2, #0]
10006274:	63d3      	str	r3, [r2, #60]	@ 0x3c
10006276:	6393      	str	r3, [r2, #56]	@ 0x38
10006278:	f8c2 4088 	str.w	r4, [r2, #136]	@ 0x88
1000627c:	bc30      	pop	{r4, r5}
1000627e:	f7ff bf91 	b.w	100061a4 <i2c_set_baudrate>
10006282:	bf00      	nop
10006284:	20001594 	.word	0x20001594
10006288:	40022000 	.word	0x40022000
1000628c:	40023000 	.word	0x40023000
10006290:	40020000 	.word	0x40020000

10006294 <i2c_write_blocking>:
10006294:	b410      	push	{r4}
10006296:	f89d 4004 	ldrb.w	r4, [sp, #4]
1000629a:	9401      	str	r4, [sp, #4]
1000629c:	f85d 4b04 	ldr.w	r4, [sp], #4
100062a0:	f7ff bf32 	b.w	10006108 <i2c_write_blocking_internal.constprop.0>

100062a4 <i2c_read_blocking>:
100062a4:	b410      	push	{r4}
100062a6:	f89d 4004 	ldrb.w	r4, [sp, #4]
100062aa:	9401      	str	r4, [sp, #4]
100062ac:	f85d 4b04 	ldr.w	r4, [sp], #4
100062b0:	f7ff bef2 	b.w	10006098 <i2c_read_blocking_internal.constprop.0>

100062b4 <memset>:
100062b4:	0783      	lsls	r3, r0, #30
100062b6:	b530      	push	{r4, r5, lr}
100062b8:	d046      	beq.n	10006348 <memset+0x94>
100062ba:	1884      	adds	r4, r0, r2
100062bc:	4684      	mov	ip, r0
100062be:	e004      	b.n	100062ca <memset+0x16>
100062c0:	f803 1b01 	strb.w	r1, [r3], #1
100062c4:	079d      	lsls	r5, r3, #30
100062c6:	d004      	beq.n	100062d2 <memset+0x1e>
100062c8:	469c      	mov	ip, r3
100062ca:	45a4      	cmp	ip, r4
100062cc:	4663      	mov	r3, ip
100062ce:	d1f7      	bne.n	100062c0 <memset+0xc>
100062d0:	bd30      	pop	{r4, r5, pc}
100062d2:	3a01      	subs	r2, #1
100062d4:	4402      	add	r2, r0
100062d6:	eba2 020c 	sub.w	r2, r2, ip
100062da:	2a03      	cmp	r2, #3
100062dc:	d929      	bls.n	10006332 <memset+0x7e>
100062de:	b2cc      	uxtb	r4, r1
100062e0:	2a0f      	cmp	r2, #15
100062e2:	eb04 2404 	add.w	r4, r4, r4, lsl #8
100062e6:	eb04 4404 	add.w	r4, r4, r4, lsl #16
100062ea:	d92f      	bls.n	1000634c <memset+0x98>
100062ec:	f1a2 0c10 	sub.w	ip, r2, #16
100062f0:	f103 0510 	add.w	r5, r3, #16
100062f4:	f02c 0c0f 	bic.w	ip, ip, #15
100062f8:	44ac      	add	ip, r5
100062fa:	e9c3 4400 	strd	r4, r4, [r3]
100062fe:	e9c3 4402 	strd	r4, r4, [r3, #8]
10006302:	3310      	adds	r3, #16
10006304:	4563      	cmp	r3, ip
10006306:	d1f8      	bne.n	100062fa <memset+0x46>
10006308:	f012 0f0c 	tst.w	r2, #12
1000630c:	f002 0e0f 	and.w	lr, r2, #15
10006310:	d018      	beq.n	10006344 <memset+0x90>
10006312:	f02e 0c03 	bic.w	ip, lr, #3
10006316:	f1ae 0504 	sub.w	r5, lr, #4
1000631a:	461a      	mov	r2, r3
1000631c:	449c      	add	ip, r3
1000631e:	f842 4b04 	str.w	r4, [r2], #4
10006322:	4562      	cmp	r2, ip
10006324:	d1fb      	bne.n	1000631e <memset+0x6a>
10006326:	f025 0403 	bic.w	r4, r5, #3
1000632a:	3304      	adds	r3, #4
1000632c:	f00e 0203 	and.w	r2, lr, #3
10006330:	4423      	add	r3, r4
10006332:	2a00      	cmp	r2, #0
10006334:	d0cc      	beq.n	100062d0 <memset+0x1c>
10006336:	b2c9      	uxtb	r1, r1
10006338:	441a      	add	r2, r3
1000633a:	f803 1b01 	strb.w	r1, [r3], #1
1000633e:	4293      	cmp	r3, r2
10006340:	d1fb      	bne.n	1000633a <memset+0x86>
10006342:	bd30      	pop	{r4, r5, pc}
10006344:	4672      	mov	r2, lr
10006346:	e7f4      	b.n	10006332 <memset+0x7e>
10006348:	4603      	mov	r3, r0
1000634a:	e7c6      	b.n	100062da <memset+0x26>
1000634c:	4696      	mov	lr, r2
1000634e:	e7e0      	b.n	10006312 <memset+0x5e>

10006350 <memcpy>:
10006350:	4684      	mov	ip, r0
10006352:	ea41 0300 	orr.w	r3, r1, r0
10006356:	f013 0303 	ands.w	r3, r3, #3
1000635a:	d149      	bne.n	100063f0 <memcpy+0xa0>
1000635c:	3a40      	subs	r2, #64	@ 0x40
1000635e:	d323      	bcc.n	100063a8 <memcpy+0x58>
10006360:	680b      	ldr	r3, [r1, #0]
10006362:	6003      	str	r3, [r0, #0]
10006364:	684b      	ldr	r3, [r1, #4]
10006366:	6043      	str	r3, [r0, #4]
10006368:	688b      	ldr	r3, [r1, #8]
1000636a:	6083      	str	r3, [r0, #8]
1000636c:	68cb      	ldr	r3, [r1, #12]
1000636e:	60c3      	str	r3, [r0, #12]
10006370:	690b      	ldr	r3, [r1, #16]
10006372:	6103      	str	r3, [r0, #16]
10006374:	694b      	ldr	r3, [r1, #20]
10006376:	6143      	str	r3, [r0, #20]
10006378:	698b      	ldr	r3, [r1, #24]
1000637a:	6183      	str	r3, [r0, #24]
1000637c:	69cb      	ldr	r3, [r1, #28]
1000637e:	61c3      	str	r3, [r0, #28]
10006380:	6a0b      	ldr	r3, [r1, #32]
10006382:	6203      	str	r3, [r0, #32]
10006384:	6a4b      	ldr	r3, [r1, #36]	@ 0x24
10006386:	6243      	str	r3, [r0, #36]	@ 0x24
10006388:	6a8b      	ldr	r3, [r1, #40]	@ 0x28
1000638a:	6283      	str	r3, [r0, #40]	@ 0x28
1000638c:	6acb      	ldr	r3, [r1, #44]	@ 0x2c
1000638e:	62c3      	str	r3, [r0, #44]	@ 0x2c
10006390:	6b0b      	ldr	r3, [r1, #48]	@ 0x30
10006392:	6303      	str	r3, [r0, #48]	@ 0x30
10006394:	6b4b      	ldr	r3, [r1, #52]	@ 0x34
10006396:	6343      	str	r3, [r0, #52]	@ 0x34
10006398:	6b8b      	ldr	r3, [r1, #56]	@ 0x38
1000639a:	6383      	str	r3, [r0, #56]	@ 0x38
1000639c:	6bcb      	ldr	r3, [r1, #60]	@ 0x3c
1000639e:	63c3      	str	r3, [r0, #60]	@ 0x3c
100063a0:	3040      	adds	r0, #64	@ 0x40
100063a2:	3140      	adds	r1, #64	@ 0x40
100063a4:	3a40      	subs	r2, #64	@ 0x40
100063a6:	d2db      	bcs.n	10006360 <memcpy+0x10>
100063a8:	3230      	adds	r2, #48	@ 0x30
100063aa:	d30b      	bcc.n	100063c4 <memcpy+0x74>
100063ac:	680b      	ldr	r3, [r1, #0]
100063ae:	6003      	str	r3, [r0, #0]
100063b0:	684b      	ldr	r3, [r1, #4]
100063b2:	6043      	str	r3, [r0, #4]
100063b4:	688b      	ldr	r3, [r1, #8]
100063b6:	6083      	str	r3, [r0, #8]
100063b8:	68cb      	ldr	r3, [r1, #12]
100063ba:	60c3      	str	r3, [r0, #12]
100063bc:	3010      	adds	r0, #16
100063be:	3110      	adds	r1, #16
100063c0:	3a10      	subs	r2, #16
100063c2:	d2f3      	bcs.n	100063ac <memcpy+0x5c>
100063c4:	320c      	adds	r2, #12
100063c6:	d305      	bcc.n	100063d4 <memcpy+0x84>
100063c8:	f851 3b04 	ldr.w	r3, [r1], #4
100063cc:	f840 3b04 	str.w	r3, [r0], #4
100063d0:	3a04      	subs	r2, #4
100063d2:	d2f9      	bcs.n	100063c8 <memcpy+0x78>
100063d4:	3204      	adds	r2, #4
100063d6:	d008      	beq.n	100063ea <memcpy+0x9a>
100063d8:	07d2      	lsls	r2, r2, #31
100063da:	bf1c      	itt	ne
100063dc:	f811 3b01 	ldrbne.w	r3, [r1], #1
100063e0:	f800 3b01 	strbne.w	r3, [r0], #1
100063e4:	d301      	bcc.n	100063ea <memcpy+0x9a>
100063e6:	880b      	ldrh	r3, [r1, #0]
100063e8:	8003      	strh	r3, [r0, #0]
100063ea:	4660      	mov	r0, ip
100063ec:	4770      	bx	lr
100063ee:	bf00      	nop
100063f0:	2a08      	cmp	r2, #8
100063f2:	d313      	bcc.n	1000641c <memcpy+0xcc>
100063f4:	078b      	lsls	r3, r1, #30
100063f6:	d0b1      	beq.n	1000635c <memcpy+0xc>
100063f8:	f010 0303 	ands.w	r3, r0, #3
100063fc:	d0ae      	beq.n	1000635c <memcpy+0xc>
100063fe:	f1c3 0304 	rsb	r3, r3, #4
10006402:	1ad2      	subs	r2, r2, r3
10006404:	07db      	lsls	r3, r3, #31
10006406:	bf1c      	itt	ne
10006408:	f811 3b01 	ldrbne.w	r3, [r1], #1
1000640c:	f800 3b01 	strbne.w	r3, [r0], #1
10006410:	d3a4      	bcc.n	1000635c <memcpy+0xc>
10006412:	f831 3b02 	ldrh.w	r3, [r1], #2
10006416:	f820 3b02 	strh.w	r3, [r0], #2
1000641a:	e79f      	b.n	1000635c <memcpy+0xc>
1000641c:	3a04      	subs	r2, #4
1000641e:	d3d9      	bcc.n	100063d4 <memcpy+0x84>
10006420:	3a01      	subs	r2, #1
10006422:	f811 3b01 	ldrb.w	r3, [r1], #1
10006426:	f800 3b01 	strb.w	r3, [r0], #1
1000642a:	d2f9      	bcs.n	10006420 <memcpy+0xd0>
1000642c:	780b      	ldrb	r3, [r1, #0]
1000642e:	7003      	strb	r3, [r0, #0]
10006430:	784b      	ldrb	r3, [r1, #1]
10006432:	7043      	strb	r3, [r0, #1]
10006434:	788b      	ldrb	r3, [r1, #2]
10006436:	7083      	strb	r3, [r0, #2]
10006438:	4660      	mov	r0, ip
1000643a:	4770      	bx	lr

1000643c <strlen>:
1000643c:	f020 0103 	bic.w	r1, r0, #3
10006440:	f010 0003 	ands.w	r0, r0, #3
10006444:	f1c0 0000 	rsb	r0, r0, #0
10006448:	f851 3b04 	ldr.w	r3, [r1], #4
1000644c:	f100 0c04 	add.w	ip, r0, #4
10006450:	ea4f 0ccc 	mov.w	ip, ip, lsl #3
10006454:	f06f 0200 	mvn.w	r2, #0
10006458:	bf1c      	itt	ne
1000645a:	fa22 f20c 	lsrne.w	r2, r2, ip
1000645e:	4313      	orrne	r3, r2
10006460:	f04f 0c01 	mov.w	ip, #1
10006464:	ea4c 2c0c 	orr.w	ip, ip, ip, lsl #8
10006468:	ea4c 4c0c 	orr.w	ip, ip, ip, lsl #16
1000646c:	eba3 020c 	sub.w	r2, r3, ip
10006470:	ea22 0203 	bic.w	r2, r2, r3
10006474:	ea12 12cc 	ands.w	r2, r2, ip, lsl #7
10006478:	bf04      	itt	eq
1000647a:	f851 3b04 	ldreq.w	r3, [r1], #4
1000647e:	3004      	addeq	r0, #4
10006480:	d0f4      	beq.n	1000646c <strlen+0x30>
10006482:	f1c2 0100 	rsb	r1, r2, #0
10006486:	ea02 0201 	and.w	r2, r2, r1
1000648a:	fab2 f282 	clz	r2, r2
1000648e:	f1c2 021f 	rsb	r2, r2, #31
10006492:	eb00 00d2 	add.w	r0, r0, r2, lsr #3
10006496:	4770      	bx	lr

10006498 <_fini>:
10006498:	b5f8      	push	{r3, r4, r5, r6, r7, lr}
1000649a:	bf00      	nop
1000649c:	0000      	movs	r0, r0
	...

100064a0 <__mutex_enter_timeout_ms_veneer>:
100064a0:	f85f f000 	ldr.w	pc, [pc]	@ 100064a4 <__mutex_enter_timeout_ms_veneer+0x4>
100064a4:	20000235 	.word	0x20000235

100064a8 <__hw_endpoint_start_next_buffer_veneer>:
100064a8:	f85f f000 	ldr.w	pc, [pc]	@ 100064ac <__hw_endpoint_start_next_buffer_veneer+0x4>
100064ac:	20000b0d 	.word	0x20000b0d

100064b0 <__e15_is_critical_frame_period_veneer>:
100064b0:	f85f f000 	ldr.w	pc, [pc]	@ 100064b4 <__e15_is_critical_frame_period_veneer+0x4>
100064b4:	20000a95 	.word	0x20000a95

100064b8 <__e15_is_bulkin_ep_veneer>:
100064b8:	f85f f000 	ldr.w	pc, [pc]	@ 100064bc <__e15_is_bulkin_ep_veneer+0x4>
100064bc:	20000a6d 	.word	0x20000a6d

100064c0 <____aeabi_f2d_veneer>:
100064c0:	f85f f000 	ldr.w	pc, [pc]	@ 100064c4 <____aeabi_f2d_veneer+0x4>
100064c4:	20001099 	.word	0x20001099

100064c8 <____aeabi_uldivmod_veneer>:
100064c8:	f85f f000 	ldr.w	pc, [pc]	@ 100064cc <____aeabi_uldivmod_veneer+0x4>
100064cc:	20001149 	.word	0x20001149

100064d0 <__mutex_exit_veneer>:
100064d0:	f85f f000 	ldr.w	pc, [pc]	@ 100064d4 <__mutex_exit_veneer+0x4>
100064d4:	2000026d 	.word	0x2000026d

100064d8 <__reset_non_control_endpoints_veneer>:
100064d8:	f85f f000 	ldr.w	pc, [pc]	@ 100064dc <__reset_non_control_endpoints_veneer+0x4>
100064dc:	200002a9 	.word	0x200002a9

100064e0 <___hw_endpoint_buffer_control_update32_veneer>:
100064e0:	f85f f000 	ldr.w	pc, [pc]	@ 100064e4 <___hw_endpoint_buffer_control_update32_veneer+0x4>
100064e4:	20000ac9 	.word	0x20000ac9

100064e8 <__mutex_try_enter_block_until_veneer>:
100064e8:	f85f f000 	ldr.w	pc, [pc]	@ 100064ec <__mutex_try_enter_block_until_veneer+0x4>
100064ec:	200001cd 	.word	0x200001cd

100064f0 <__mutex_try_enter_veneer>:
100064f0:	f85f f000 	ldr.w	pc, [pc]	@ 100064f4 <__mutex_try_enter_veneer+0x4>
100064f4:	20000111 	.word	0x20000111

100064f8 <__pre_init_runtime_init_bootrom_reset>:
100064f8:	10001a79                                y...

100064fc <__pre_init_runtime_init_early_resets>:
100064fc:	100019ed                                ....

10006500 <__pre_init_runtime_init_usb_power_down>:
10006500:	10001a21                                !...

10006504 <__pre_init_runtime_init_clocks>:
10006504:	10001b0d                                ....

10006508 <__pre_init_runtime_init_post_clock_resets>:
10006508:	10001a59                                Y...

1000650c <__pre_init_runtime_init_boot_locks_reset>:
1000650c:	10001971                                q...

10006510 <__pre_init_runtime_init_spin_locks_reset>:
10006510:	10001aa1                                ....

10006514 <__pre_init_runtime_init_bootrom_locking_enable>:
10006514:	1000195d                                ]...

10006518 <__pre_init_runtime_init_mutex>:
10006518:	10000cf5                                ....

1000651c <__pre_init_runtime_init_install_ram_vector_table>:
1000651c:	10001aa5                                ....

10006520 <__pre_init_runtime_init_default_alarm_pool>:
10006520:	100010b9                                ....

10006524 <__pre_init_first_per_core_initializer>:
10006524:	100019bd                                ....

10006528 <__pre_init_runtime_init_per_core_bootrom_reset>:
10006528:	10001a8d                                ....

1000652c <__pre_init_runtime_init_per_core_enable_coprocessors>:
1000652c:	10001a3d                                =...

10006530 <__pre_init_spinlock_set_extexclall>:
10006530:	100008d1                                ....

10006534 <__pre_init_runtime_init_per_core_irq_priorities>:
10006534:	100008f9                                ....

10006538 <__init_array_start>:
10006538:	10003f2d 	.word	0x10003f2d

1000653c <__frame_dummy_init_array_entry>:
1000653c:	10000211                                ....

Disassembly of section .data:

20000110 <mutex_try_enter>:
20000110:	4603      	mov	r3, r0
20000112:	b500      	push	{lr}
20000114:	6802      	ldr	r2, [r0, #0]
20000116:	f3ef 8c10 	mrs	ip, PRIMASK
2000011a:	b672      	cpsid	i
2000011c:	e8d2 efcf 	ldaexb	lr, [r2]
20000120:	2001      	movs	r0, #1
20000122:	f1be 0f00 	cmp.w	lr, #0
20000126:	d1f9      	bne.n	2000011c <mutex_try_enter+0xc>
20000128:	e8c2 0f4e 	strexb	lr, r0, [r2]
2000012c:	f1be 0f00 	cmp.w	lr, #0
20000130:	d1f4      	bne.n	2000011c <mutex_try_enter+0xc>
20000132:	f3bf 8f5f 	dmb	sy
20000136:	f993 2004 	ldrsb.w	r2, [r3, #4]
2000013a:	2a00      	cmp	r2, #0
2000013c:	db0a      	blt.n	20000154 <mutex_try_enter+0x44>
2000013e:	b101      	cbz	r1, 20000142 <mutex_try_enter+0x32>
20000140:	600a      	str	r2, [r1, #0]
20000142:	2000      	movs	r0, #0
20000144:	2200      	movs	r2, #0
20000146:	681b      	ldr	r3, [r3, #0]
20000148:	e8c3 2f8f 	stlb	r2, [r3]
2000014c:	f38c 8810 	msr	PRIMASK, ip
20000150:	f85d fb04 	ldr.w	pc, [sp], #4
20000154:	f04f 4250 	mov.w	r2, #3489660928	@ 0xd0000000
20000158:	6812      	ldr	r2, [r2, #0]
2000015a:	2001      	movs	r0, #1
2000015c:	711a      	strb	r2, [r3, #4]
2000015e:	e7f1      	b.n	20000144 <mutex_try_enter+0x34>

20000160 <mutex_enter_block_until>:
20000160:	f04f 4150 	mov.w	r1, #3489660928	@ 0xd0000000
20000164:	e92d 41f0 	stmdb	sp!, {r4, r5, r6, r7, r8, lr}
20000168:	2700      	movs	r7, #0
2000016a:	4604      	mov	r4, r0
2000016c:	4616      	mov	r6, r2
2000016e:	461d      	mov	r5, r3
20000170:	f8d1 8000 	ldr.w	r8, [r1]
20000174:	e008      	b.n	20000188 <mutex_enter_block_until+0x28>
20000176:	e8c1 7f8f 	stlb	r7, [r1]
2000017a:	f38c 8810 	msr	PRIMASK, ip
2000017e:	4630      	mov	r0, r6
20000180:	4629      	mov	r1, r5
20000182:	f001 f9a5 	bl	200014d0 <__best_effort_wfe_or_timeout_veneer>
20000186:	b9e8      	cbnz	r0, 200001c4 <mutex_enter_block_until+0x64>
20000188:	6821      	ldr	r1, [r4, #0]
2000018a:	f3ef 8c10 	mrs	ip, PRIMASK
2000018e:	b672      	cpsid	i
20000190:	e8d1 2fcf 	ldaexb	r2, [r1]
20000194:	2301      	movs	r3, #1
20000196:	2a00      	cmp	r2, #0
20000198:	d1fa      	bne.n	20000190 <mutex_enter_block_until+0x30>
2000019a:	e8c1 3f42 	strexb	r2, r3, [r1]
2000019e:	2a00      	cmp	r2, #0
200001a0:	d1f6      	bne.n	20000190 <mutex_enter_block_until+0x30>
200001a2:	f3bf 8f5f 	dmb	sy
200001a6:	f994 3004 	ldrsb.w	r3, [r4, #4]
200001aa:	6821      	ldr	r1, [r4, #0]
200001ac:	2b00      	cmp	r3, #0
200001ae:	dae2      	bge.n	20000176 <mutex_enter_block_until+0x16>
200001b0:	2300      	movs	r3, #0
200001b2:	f884 8004 	strb.w	r8, [r4, #4]
200001b6:	e8c1 3f8f 	stlb	r3, [r1]
200001ba:	f38c 8810 	msr	PRIMASK, ip
200001be:	2001      	movs	r0, #1
200001c0:	e8bd 81f0 	ldmia.w	sp!, {r4, r5, r6, r7, r8, pc}
200001c4:	2000      	movs	r0, #0
200001c6:	e8bd 81f0 	ldmia.w	sp!, {r4, r5, r6, r7, r8, pc}
200001ca:	bf00      	nop

200001cc <mutex_try_enter_block_until>:
200001cc:	b530      	push	{r4, r5, lr}
200001ce:	6804      	ldr	r4, [r0, #0]
200001d0:	f3ef 8c10 	mrs	ip, PRIMASK
200001d4:	b672      	cpsid	i
200001d6:	e8d4 efcf 	ldaexb	lr, [r4]
200001da:	2501      	movs	r5, #1
200001dc:	f1be 0f00 	cmp.w	lr, #0
200001e0:	d1f9      	bne.n	200001d6 <mutex_try_enter_block_until+0xa>
200001e2:	e8c4 5f4e 	strexb	lr, r5, [r4]
200001e6:	f1be 0f00 	cmp.w	lr, #0
200001ea:	d1f4      	bne.n	200001d6 <mutex_try_enter_block_until+0xa>
200001ec:	f3bf 8f5f 	dmb	sy
200001f0:	f990 4004 	ldrsb.w	r4, [r0, #4]
200001f4:	6805      	ldr	r5, [r0, #0]
200001f6:	2c00      	cmp	r4, #0
200001f8:	db10      	blt.n	2000021c <mutex_try_enter_block_until+0x50>
200001fa:	2100      	movs	r1, #0
200001fc:	e8c5 1f8f 	stlb	r1, [r5]
20000200:	f38c 8810 	msr	PRIMASK, ip
20000204:	f04f 4550 	mov.w	r5, #3489660928	@ 0xd0000000
20000208:	f995 5000 	ldrsb.w	r5, [r5]
2000020c:	42a5      	cmp	r5, r4
2000020e:	d101      	bne.n	20000214 <mutex_try_enter_block_until+0x48>
20000210:	4608      	mov	r0, r1
20000212:	bd30      	pop	{r4, r5, pc}
20000214:	e8bd 4030 	ldmia.w	sp!, {r4, r5, lr}
20000218:	f7ff bfa2 	b.w	20000160 <mutex_enter_block_until>
2000021c:	f04f 4250 	mov.w	r2, #3489660928	@ 0xd0000000
20000220:	6812      	ldr	r2, [r2, #0]
20000222:	2300      	movs	r3, #0
20000224:	7102      	strb	r2, [r0, #4]
20000226:	e8c5 3f8f 	stlb	r3, [r5]
2000022a:	f38c 8810 	msr	PRIMASK, ip
2000022e:	2001      	movs	r0, #1
20000230:	bd30      	pop	{r4, r5, pc}
20000232:	bf00      	nop

20000234 <mutex_enter_timeout_ms>:
20000234:	b570      	push	{r4, r5, r6, lr}
20000236:	4605      	mov	r5, r0
20000238:	460c      	mov	r4, r1
2000023a:	f001 f955 	bl	200014e8 <__time_us_64_veneer>
2000023e:	4602      	mov	r2, r0
20000240:	460b      	mov	r3, r1
20000242:	f44f 707a 	mov.w	r0, #1000	@ 0x3e8
20000246:	f04f 3eff 	mov.w	lr, #4294967295	@ 0xffffffff
2000024a:	f06f 4c00 	mvn.w	ip, #2147483648	@ 0x80000000
2000024e:	fbe4 2300 	umlal	r2, r3, r4, r0
20000252:	4596      	cmp	lr, r2
20000254:	eb7c 0103 	sbcs.w	r1, ip, r3
20000258:	bf38      	it	cc
2000025a:	4672      	movcc	r2, lr
2000025c:	4628      	mov	r0, r5
2000025e:	e8bd 4070 	ldmia.w	sp!, {r4, r5, r6, lr}
20000262:	bf38      	it	cc
20000264:	4663      	movcc	r3, ip
20000266:	f7ff bf7b 	b.w	20000160 <mutex_enter_block_until>
2000026a:	bf00      	nop

2000026c <mutex_exit>:
2000026c:	6803      	ldr	r3, [r0, #0]
2000026e:	f3ef 8210 	mrs	r2, PRIMASK
20000272:	b672      	cpsid	i
20000274:	e8d3 cfcf 	ldaexb	ip, [r3]
20000278:	2101      	movs	r1, #1
2000027a:	f1bc 0f00 	cmp.w	ip, #0
2000027e:	d1f9      	bne.n	20000274 <mutex_exit+0x8>
20000280:	e8c3 1f4c 	strexb	ip, r1, [r3]
20000284:	f1bc 0f00 	cmp.w	ip, #0
20000288:	d1f4      	bne.n	20000274 <mutex_exit+0x8>
2000028a:	f3bf 8f5f 	dmb	sy
2000028e:	f04f 0cff 	mov.w	ip, #255	@ 0xff
20000292:	2300      	movs	r3, #0
20000294:	6801      	ldr	r1, [r0, #0]
20000296:	f880 c004 	strb.w	ip, [r0, #4]
2000029a:	e8c1 3f8f 	stlb	r3, [r1]
2000029e:	f382 8810 	msr	PRIMASK, r2
200002a2:	bf40      	sev
200002a4:	4770      	bx	lr
200002a6:	bf00      	nop

200002a8 <reset_non_control_endpoints>:
200002a8:	2100      	movs	r1, #0
200002aa:	b508      	push	{r3, lr}
200002ac:	4b13      	ldr	r3, [pc, #76]	@ (200002fc <reset_non_control_endpoints+0x54>)
200002ae:	f44f 7270 	mov.w	r2, #960	@ 0x3c0
200002b2:	6099      	str	r1, [r3, #8]
200002b4:	4812      	ldr	r0, [pc, #72]	@ (20000300 <reset_non_control_endpoints+0x58>)
200002b6:	60d9      	str	r1, [r3, #12]
200002b8:	6119      	str	r1, [r3, #16]
200002ba:	6159      	str	r1, [r3, #20]
200002bc:	6199      	str	r1, [r3, #24]
200002be:	61d9      	str	r1, [r3, #28]
200002c0:	6219      	str	r1, [r3, #32]
200002c2:	6259      	str	r1, [r3, #36]	@ 0x24
200002c4:	6299      	str	r1, [r3, #40]	@ 0x28
200002c6:	62d9      	str	r1, [r3, #44]	@ 0x2c
200002c8:	6319      	str	r1, [r3, #48]	@ 0x30
200002ca:	6359      	str	r1, [r3, #52]	@ 0x34
200002cc:	6399      	str	r1, [r3, #56]	@ 0x38
200002ce:	63d9      	str	r1, [r3, #60]	@ 0x3c
200002d0:	6419      	str	r1, [r3, #64]	@ 0x40
200002d2:	6459      	str	r1, [r3, #68]	@ 0x44
200002d4:	6499      	str	r1, [r3, #72]	@ 0x48
200002d6:	64d9      	str	r1, [r3, #76]	@ 0x4c
200002d8:	6519      	str	r1, [r3, #80]	@ 0x50
200002da:	6559      	str	r1, [r3, #84]	@ 0x54
200002dc:	6599      	str	r1, [r3, #88]	@ 0x58
200002de:	65d9      	str	r1, [r3, #92]	@ 0x5c
200002e0:	6619      	str	r1, [r3, #96]	@ 0x60
200002e2:	6659      	str	r1, [r3, #100]	@ 0x64
200002e4:	6699      	str	r1, [r3, #104]	@ 0x68
200002e6:	66d9      	str	r1, [r3, #108]	@ 0x6c
200002e8:	6719      	str	r1, [r3, #112]	@ 0x70
200002ea:	6759      	str	r1, [r3, #116]	@ 0x74
200002ec:	6799      	str	r1, [r3, #120]	@ 0x78
200002ee:	67d9      	str	r1, [r3, #124]	@ 0x7c
200002f0:	f001 f8f6 	bl	200014e0 <__memset_veneer>
200002f4:	4b03      	ldr	r3, [pc, #12]	@ (20000304 <reset_non_control_endpoints+0x5c>)
200002f6:	4a04      	ldr	r2, [pc, #16]	@ (20000308 <reset_non_control_endpoints+0x60>)
200002f8:	601a      	str	r2, [r3, #0]
200002fa:	bd08      	pop	{r3, pc}
200002fc:	50100000 	.word	0x50100000
20000300:	20001d94 	.word	0x20001d94
20000304:	2000215c 	.word	0x2000215c
20000308:	50100180 	.word	0x50100180

2000030c <hw_handle_buff_status>:
2000030c:	e92d 4ff0 	stmdb	sp!, {r4, r5, r6, r7, r8, r9, sl, fp, lr}
20000310:	4b1f      	ldr	r3, [pc, #124]	@ (20000390 <hw_handle_buff_status+0x84>)
20000312:	b085      	sub	sp, #20
20000314:	f8d3 a058 	ldr.w	sl, [r3, #88]	@ 0x58
20000318:	f1ba 0f00 	cmp.w	sl, #0
2000031c:	d022      	beq.n	20000364 <hw_handle_buff_status+0x58>
2000031e:	2400      	movs	r4, #0
20000320:	2501      	movs	r5, #1
20000322:	f44f 69e0 	mov.w	r9, #1792	@ 0x700
20000326:	f8df 8070 	ldr.w	r8, [pc, #112]	@ 20000398 <hw_handle_buff_status+0x8c>
2000032a:	4f1a      	ldr	r7, [pc, #104]	@ (20000394 <hw_handle_buff_status+0x88>)
2000032c:	e001      	b.n	20000332 <hw_handle_buff_status+0x26>
2000032e:	2c20      	cmp	r4, #32
20000330:	d018      	beq.n	20000364 <hw_handle_buff_status+0x58>
20000332:	ea0a 0205 	and.w	r2, sl, r5
20000336:	1c61      	adds	r1, r4, #1
20000338:	4623      	mov	r3, r4
2000033a:	46ab      	mov	fp, r5
2000033c:	b2cc      	uxtb	r4, r1
2000033e:	006d      	lsls	r5, r5, #1
20000340:	2a00      	cmp	r2, #0
20000342:	d0f4      	beq.n	2000032e <hw_handle_buff_status+0x22>
20000344:	f004 0201 	and.w	r2, r4, #1
20000348:	f003 06fe 	and.w	r6, r3, #254	@ 0xfe
2000034c:	4416      	add	r6, r2
2000034e:	eb07 1646 	add.w	r6, r7, r6, lsl #5
20000352:	4630      	mov	r0, r6
20000354:	f8c8 b058 	str.w	fp, [r8, #88]	@ 0x58
20000358:	f000 fc0a 	bl	20000b70 <hw_endpoint_xfer_continue>
2000035c:	b928      	cbnz	r0, 2000036a <hw_handle_buff_status+0x5e>
2000035e:	ea3a 0a0b 	bics.w	sl, sl, fp
20000362:	d1e4      	bne.n	2000032e <hw_handle_buff_status+0x22>
20000364:	b005      	add	sp, #20
20000366:	e8bd 8ff0 	ldmia.w	sp!, {r4, r5, r6, r7, r8, r9, sl, fp, pc}
2000036a:	2300      	movs	r3, #0
2000036c:	f88d 3009 	strb.w	r3, [sp, #9]
20000370:	78b3      	ldrb	r3, [r6, #2]
20000372:	a801      	add	r0, sp, #4
20000374:	f88d 3008 	strb.w	r3, [sp, #8]
20000378:	8af3      	ldrh	r3, [r6, #22]
2000037a:	2101      	movs	r1, #1
2000037c:	f8ad 9004 	strh.w	r9, [sp, #4]
20000380:	9303      	str	r3, [sp, #12]
20000382:	f000 fc13 	bl	20000bac <dcd_event_handler>
20000386:	4630      	mov	r0, r6
20000388:	f000 fb98 	bl	20000abc <hw_endpoint_reset_transfer>
2000038c:	e7e7      	b.n	2000035e <hw_handle_buff_status+0x52>
2000038e:	bf00      	nop
20000390:	50110000 	.word	0x50110000
20000394:	20001d54 	.word	0x20001d54
20000398:	50113000 	.word	0x50113000

2000039c <dcd_rp2040_irq>:
2000039c:	b5f0      	push	{r4, r5, r6, r7, lr}
2000039e:	4bbb      	ldr	r3, [pc, #748]	@ (2000068c <dcd_rp2040_irq+0x2f0>)
200003a0:	b085      	sub	sp, #20
200003a2:	f8d3 5098 	ldr.w	r5, [r3, #152]	@ 0x98
200003a6:	f415 3600 	ands.w	r6, r5, #131072	@ 0x20000
200003aa:	d074      	beq.n	20000496 <dcd_rp2040_irq+0xfa>
200003ac:	4bb8      	ldr	r3, [pc, #736]	@ (20000690 <dcd_rp2040_irq+0x2f4>)
200003ae:	4cb9      	ldr	r4, [pc, #740]	@ (20000694 <dcd_rp2040_irq+0x2f8>)
200003b0:	6a99      	ldr	r1, [r3, #40]	@ 0x28
200003b2:	f894 303b 	ldrb.w	r3, [r4, #59]	@ 0x3b
200003b6:	4ab8      	ldr	r2, [pc, #736]	@ (20000698 <dcd_rp2040_irq+0x2fc>)
200003b8:	2b02      	cmp	r3, #2
200003ba:	6011      	str	r1, [r2, #0]
200003bc:	f000 80d4 	beq.w	20000568 <dcd_rp2040_irq+0x1cc>
200003c0:	2600      	movs	r6, #0
200003c2:	f894 307b 	ldrb.w	r3, [r4, #123]	@ 0x7b
200003c6:	2b02      	cmp	r3, #2
200003c8:	f000 813b 	beq.w	20000642 <dcd_rp2040_irq+0x2a6>
200003cc:	f894 30bb 	ldrb.w	r3, [r4, #187]	@ 0xbb
200003d0:	2b02      	cmp	r3, #2
200003d2:	f000 817d 	beq.w	200006d0 <dcd_rp2040_irq+0x334>
200003d6:	f894 30fb 	ldrb.w	r3, [r4, #251]	@ 0xfb
200003da:	2b02      	cmp	r3, #2
200003dc:	f000 816c 	beq.w	200006b8 <dcd_rp2040_irq+0x31c>
200003e0:	f894 313b 	ldrb.w	r3, [r4, #315]	@ 0x13b
200003e4:	2b02      	cmp	r3, #2
200003e6:	f000 8144 	beq.w	20000672 <dcd_rp2040_irq+0x2d6>
200003ea:	f894 317b 	ldrb.w	r3, [r4, #379]	@ 0x17b
200003ee:	2b02      	cmp	r3, #2
200003f0:	f000 8133 	beq.w	2000065a <dcd_rp2040_irq+0x2be>
200003f4:	f894 31bb 	ldrb.w	r3, [r4, #443]	@ 0x1bb
200003f8:	2b02      	cmp	r3, #2
200003fa:	f000 81b6 	beq.w	2000076a <dcd_rp2040_irq+0x3ce>
200003fe:	f894 31fb 	ldrb.w	r3, [r4, #507]	@ 0x1fb
20000402:	2b02      	cmp	r3, #2
20000404:	f000 81a6 	beq.w	20000754 <dcd_rp2040_irq+0x3b8>
20000408:	f894 323b 	ldrb.w	r3, [r4, #571]	@ 0x23b
2000040c:	2b02      	cmp	r3, #2
2000040e:	f000 8196 	beq.w	2000073e <dcd_rp2040_irq+0x3a2>
20000412:	f894 327b 	ldrb.w	r3, [r4, #635]	@ 0x27b
20000416:	2b02      	cmp	r3, #2
20000418:	f000 8186 	beq.w	20000728 <dcd_rp2040_irq+0x38c>
2000041c:	f894 32bb 	ldrb.w	r3, [r4, #699]	@ 0x2bb
20000420:	2b02      	cmp	r3, #2
20000422:	f000 8176 	beq.w	20000712 <dcd_rp2040_irq+0x376>
20000426:	f894 32fb 	ldrb.w	r3, [r4, #763]	@ 0x2fb
2000042a:	2b02      	cmp	r3, #2
2000042c:	f000 8166 	beq.w	200006fc <dcd_rp2040_irq+0x360>
20000430:	f894 333b 	ldrb.w	r3, [r4, #827]	@ 0x33b
20000434:	2b02      	cmp	r3, #2
20000436:	f000 8156 	beq.w	200006e6 <dcd_rp2040_irq+0x34a>
2000043a:	f894 337b 	ldrb.w	r3, [r4, #891]	@ 0x37b
2000043e:	2b02      	cmp	r3, #2
20000440:	f000 80a4 	beq.w	2000058c <dcd_rp2040_irq+0x1f0>
20000444:	f894 33bb 	ldrb.w	r3, [r4, #955]	@ 0x3bb
20000448:	2b02      	cmp	r3, #2
2000044a:	f000 8199 	beq.w	20000780 <dcd_rp2040_irq+0x3e4>
2000044e:	f894 33fb 	ldrb.w	r3, [r4, #1019]	@ 0x3fb
20000452:	2b02      	cmp	r3, #2
20000454:	f000 80b4 	beq.w	200005c0 <dcd_rp2040_irq+0x224>
20000458:	b93e      	cbnz	r6, 2000046a <dcd_rp2040_irq+0xce>
2000045a:	4b90      	ldr	r3, [pc, #576]	@ (2000069c <dcd_rp2040_irq+0x300>)
2000045c:	781b      	ldrb	r3, [r3, #0]
2000045e:	b923      	cbnz	r3, 2000046a <dcd_rp2040_irq+0xce>
20000460:	f44f 3200 	mov.w	r2, #131072	@ 0x20000
20000464:	4b8e      	ldr	r3, [pc, #568]	@ (200006a0 <dcd_rp2040_irq+0x304>)
20000466:	f8c3 2090 	str.w	r2, [r3, #144]	@ 0x90
2000046a:	f44f 7240 	mov.w	r2, #768	@ 0x300
2000046e:	4b87      	ldr	r3, [pc, #540]	@ (2000068c <dcd_rp2040_irq+0x2f0>)
20000470:	2101      	movs	r1, #1
20000472:	6c9b      	ldr	r3, [r3, #72]	@ 0x48
20000474:	a801      	add	r0, sp, #4
20000476:	f3c3 030a 	ubfx	r3, r3, #0, #11
2000047a:	f8ad 2004 	strh.w	r2, [sp, #4]
2000047e:	9302      	str	r3, [sp, #8]
20000480:	f000 fb94 	bl	20000bac <dcd_event_handler>
20000484:	06ea      	lsls	r2, r5, #27
20000486:	f44f 3600 	mov.w	r6, #131072	@ 0x20000
2000048a:	4c86      	ldr	r4, [pc, #536]	@ (200006a4 <dcd_rp2040_irq+0x308>)
2000048c:	d507      	bpl.n	2000049e <dcd_rp2040_irq+0x102>
2000048e:	f7ff ff3d 	bl	2000030c <hw_handle_buff_status>
20000492:	4626      	mov	r6, r4
20000494:	e003      	b.n	2000049e <dcd_rp2040_irq+0x102>
20000496:	06ea      	lsls	r2, r5, #27
20000498:	f04f 0410 	mov.w	r4, #16
2000049c:	d4f7      	bmi.n	2000048e <dcd_rp2040_irq+0xf2>
2000049e:	03eb      	lsls	r3, r5, #15
200004a0:	d522      	bpl.n	200004e8 <dcd_rp2040_irq+0x14c>
200004a2:	4c7c      	ldr	r4, [pc, #496]	@ (20000694 <dcd_rp2040_irq+0x2f8>)
200004a4:	f446 3680 	orr.w	r6, r6, #65536	@ 0x10000
200004a8:	7ea3      	ldrb	r3, [r4, #26]
200004aa:	2b00      	cmp	r3, #0
200004ac:	f040 8099 	bne.w	200005e2 <dcd_rp2040_irq+0x246>
200004b0:	2301      	movs	r3, #1
200004b2:	f894 203a 	ldrb.w	r2, [r4, #58]	@ 0x3a
200004b6:	70e3      	strb	r3, [r4, #3]
200004b8:	2a00      	cmp	r2, #0
200004ba:	f040 80ad 	bne.w	20000618 <dcd_rp2040_irq+0x27c>
200004be:	2301      	movs	r3, #1
200004c0:	f44f 61c0 	mov.w	r1, #1536	@ 0x600
200004c4:	4a78      	ldr	r2, [pc, #480]	@ (200006a8 <dcd_rp2040_irq+0x30c>)
200004c6:	f884 3023 	strb.w	r3, [r4, #35]	@ 0x23
200004ca:	f8ad 1004 	strh.w	r1, [sp, #4]
200004ce:	e892 0003 	ldmia.w	r2, {r0, r1}
200004d2:	aa04      	add	r2, sp, #16
200004d4:	e902 0003 	stmdb	r2, {r0, r1}
200004d8:	4619      	mov	r1, r3
200004da:	a801      	add	r0, sp, #4
200004dc:	f000 fb66 	bl	20000bac <dcd_event_handler>
200004e0:	f44f 3200 	mov.w	r2, #131072	@ 0x20000
200004e4:	4b6e      	ldr	r3, [pc, #440]	@ (200006a0 <dcd_rp2040_irq+0x304>)
200004e6:	651a      	str	r2, [r3, #80]	@ 0x50
200004e8:	04e9      	lsls	r1, r5, #19
200004ea:	d408      	bmi.n	200004fe <dcd_rp2040_irq+0x162>
200004ec:	046a      	lsls	r2, r5, #17
200004ee:	d41d      	bmi.n	2000052c <dcd_rp2040_irq+0x190>
200004f0:	042b      	lsls	r3, r5, #16
200004f2:	d42a      	bmi.n	2000054a <dcd_rp2040_irq+0x1ae>
200004f4:	42ae      	cmp	r6, r5
200004f6:	f040 81c5 	bne.w	20000884 <dcd_rp2040_irq+0x4e8>
200004fa:	b005      	add	sp, #20
200004fc:	bdf0      	pop	{r4, r5, r6, r7, pc}
200004fe:	2400      	movs	r4, #0
20000500:	4b62      	ldr	r3, [pc, #392]	@ (2000068c <dcd_rp2040_irq+0x2f0>)
20000502:	f446 5680 	orr.w	r6, r6, #4096	@ 0x1000
20000506:	601c      	str	r4, [r3, #0]
20000508:	f7ff fece 	bl	200002a8 <reset_non_control_endpoints>
2000050c:	f44f 7380 	mov.w	r3, #256	@ 0x100
20000510:	2101      	movs	r1, #1
20000512:	a801      	add	r0, sp, #4
20000514:	f8ad 3004 	strh.w	r3, [sp, #4]
20000518:	f88d 4008 	strb.w	r4, [sp, #8]
2000051c:	f000 fb46 	bl	20000bac <dcd_event_handler>
20000520:	f44f 2200 	mov.w	r2, #524288	@ 0x80000
20000524:	4b5e      	ldr	r3, [pc, #376]	@ (200006a0 <dcd_rp2040_irq+0x304>)
20000526:	651a      	str	r2, [r3, #80]	@ 0x50
20000528:	046a      	lsls	r2, r5, #17
2000052a:	d5e1      	bpl.n	200004f0 <dcd_rp2040_irq+0x154>
2000052c:	f44f 6380 	mov.w	r3, #1024	@ 0x400
20000530:	2101      	movs	r1, #1
20000532:	a801      	add	r0, sp, #4
20000534:	f8ad 3004 	strh.w	r3, [sp, #4]
20000538:	f000 fb38 	bl	20000bac <dcd_event_handler>
2000053c:	2210      	movs	r2, #16
2000053e:	4b58      	ldr	r3, [pc, #352]	@ (200006a0 <dcd_rp2040_irq+0x304>)
20000540:	f446 4680 	orr.w	r6, r6, #16384	@ 0x4000
20000544:	651a      	str	r2, [r3, #80]	@ 0x50
20000546:	042b      	lsls	r3, r5, #16
20000548:	d5d4      	bpl.n	200004f4 <dcd_rp2040_irq+0x158>
2000054a:	f44f 63a0 	mov.w	r3, #1280	@ 0x500
2000054e:	2101      	movs	r1, #1
20000550:	a801      	add	r0, sp, #4
20000552:	f8ad 3004 	strh.w	r3, [sp, #4]
20000556:	f000 fb29 	bl	20000bac <dcd_event_handler>
2000055a:	f44f 6200 	mov.w	r2, #2048	@ 0x800
2000055e:	4b50      	ldr	r3, [pc, #320]	@ (200006a0 <dcd_rp2040_irq+0x304>)
20000560:	f446 4600 	orr.w	r6, r6, #32768	@ 0x8000
20000564:	651a      	str	r2, [r3, #80]	@ 0x50
20000566:	e7c5      	b.n	200004f4 <dcd_rp2040_irq+0x158>
20000568:	f894 603a 	ldrb.w	r6, [r4, #58]	@ 0x3a
2000056c:	2e00      	cmp	r6, #0
2000056e:	f43f af28 	beq.w	200003c2 <dcd_rp2040_irq+0x26>
20000572:	f894 303c 	ldrb.w	r3, [r4, #60]	@ 0x3c
20000576:	2b00      	cmp	r3, #0
20000578:	f43f af23 	beq.w	200003c2 <dcd_rp2040_irq+0x26>
2000057c:	2300      	movs	r3, #0
2000057e:	f104 0020 	add.w	r0, r4, #32
20000582:	f884 303c 	strb.w	r3, [r4, #60]	@ 0x3c
20000586:	f000 fac1 	bl	20000b0c <hw_endpoint_start_next_buffer>
2000058a:	e71a      	b.n	200003c2 <dcd_rp2040_irq+0x26>
2000058c:	f894 737a 	ldrb.w	r7, [r4, #890]	@ 0x37a
20000590:	2f00      	cmp	r7, #0
20000592:	f43f af57 	beq.w	20000444 <dcd_rp2040_irq+0xa8>
20000596:	f894 337c 	ldrb.w	r3, [r4, #892]	@ 0x37c
2000059a:	2b00      	cmp	r3, #0
2000059c:	f040 8164 	bne.w	20000868 <dcd_rp2040_irq+0x4cc>
200005a0:	f894 33bb 	ldrb.w	r3, [r4, #955]	@ 0x3bb
200005a4:	2b02      	cmp	r3, #2
200005a6:	f040 80f4 	bne.w	20000792 <dcd_rp2040_irq+0x3f6>
200005aa:	f894 33ba 	ldrb.w	r3, [r4, #954]	@ 0x3ba
200005ae:	2b00      	cmp	r3, #0
200005b0:	f040 80eb 	bne.w	2000078a <dcd_rp2040_irq+0x3ee>
200005b4:	f894 33fb 	ldrb.w	r3, [r4, #1019]	@ 0x3fb
200005b8:	2b02      	cmp	r3, #2
200005ba:	f47f af56 	bne.w	2000046a <dcd_rp2040_irq+0xce>
200005be:	463e      	mov	r6, r7
200005c0:	f894 33fa 	ldrb.w	r3, [r4, #1018]	@ 0x3fa
200005c4:	2b00      	cmp	r3, #0
200005c6:	f43f af47 	beq.w	20000458 <dcd_rp2040_irq+0xbc>
200005ca:	f894 33fc 	ldrb.w	r3, [r4, #1020]	@ 0x3fc
200005ce:	2b00      	cmp	r3, #0
200005d0:	f43f af4b 	beq.w	2000046a <dcd_rp2040_irq+0xce>
200005d4:	2300      	movs	r3, #0
200005d6:	4835      	ldr	r0, [pc, #212]	@ (200006ac <dcd_rp2040_irq+0x310>)
200005d8:	f884 33fc 	strb.w	r3, [r4, #1020]	@ 0x3fc
200005dc:	f000 fa96 	bl	20000b0c <hw_endpoint_start_next_buffer>
200005e0:	e743      	b.n	2000046a <dcd_rp2040_irq+0xce>
200005e2:	2102      	movs	r1, #2
200005e4:	4b32      	ldr	r3, [pc, #200]	@ (200006b0 <dcd_rp2040_irq+0x314>)
200005e6:	4a29      	ldr	r2, [pc, #164]	@ (2000068c <dcd_rp2040_irq+0x2f0>)
200005e8:	6619      	str	r1, [r3, #96]	@ 0x60
200005ea:	6e53      	ldr	r3, [r2, #100]	@ 0x64
200005ec:	079f      	lsls	r7, r3, #30
200005ee:	d5fc      	bpl.n	200005ea <dcd_rp2040_irq+0x24e>
200005f0:	f44f 5240 	mov.w	r2, #12288	@ 0x3000
200005f4:	2100      	movs	r1, #0
200005f6:	4827      	ldr	r0, [pc, #156]	@ (20000694 <dcd_rp2040_irq+0x2f8>)
200005f8:	f000 fa66 	bl	20000ac8 <_hw_endpoint_buffer_control_update32>
200005fc:	4825      	ldr	r0, [pc, #148]	@ (20000694 <dcd_rp2040_irq+0x2f8>)
200005fe:	f000 fa5d 	bl	20000abc <hw_endpoint_reset_transfer>
20000602:	2202      	movs	r2, #2
20000604:	4b26      	ldr	r3, [pc, #152]	@ (200006a0 <dcd_rp2040_irq+0x304>)
20000606:	665a      	str	r2, [r3, #100]	@ 0x64
20000608:	661a      	str	r2, [r3, #96]	@ 0x60
2000060a:	2301      	movs	r3, #1
2000060c:	f894 203a 	ldrb.w	r2, [r4, #58]	@ 0x3a
20000610:	70e3      	strb	r3, [r4, #3]
20000612:	2a00      	cmp	r2, #0
20000614:	f43f af53 	beq.w	200004be <dcd_rp2040_irq+0x122>
20000618:	4a25      	ldr	r2, [pc, #148]	@ (200006b0 <dcd_rp2040_irq+0x314>)
2000061a:	6613      	str	r3, [r2, #96]	@ 0x60
2000061c:	f5a2 5200 	sub.w	r2, r2, #8192	@ 0x2000
20000620:	6e53      	ldr	r3, [r2, #100]	@ 0x64
20000622:	07d8      	lsls	r0, r3, #31
20000624:	d5fc      	bpl.n	20000620 <dcd_rp2040_irq+0x284>
20000626:	f44f 5240 	mov.w	r2, #12288	@ 0x3000
2000062a:	2100      	movs	r1, #0
2000062c:	4821      	ldr	r0, [pc, #132]	@ (200006b4 <dcd_rp2040_irq+0x318>)
2000062e:	f000 fa4b 	bl	20000ac8 <_hw_endpoint_buffer_control_update32>
20000632:	4820      	ldr	r0, [pc, #128]	@ (200006b4 <dcd_rp2040_irq+0x318>)
20000634:	f000 fa42 	bl	20000abc <hw_endpoint_reset_transfer>
20000638:	2201      	movs	r2, #1
2000063a:	4b19      	ldr	r3, [pc, #100]	@ (200006a0 <dcd_rp2040_irq+0x304>)
2000063c:	665a      	str	r2, [r3, #100]	@ 0x64
2000063e:	661a      	str	r2, [r3, #96]	@ 0x60
20000640:	e73d      	b.n	200004be <dcd_rp2040_irq+0x122>
20000642:	f894 707a 	ldrb.w	r7, [r4, #122]	@ 0x7a
20000646:	2f00      	cmp	r7, #0
20000648:	f43f aec0 	beq.w	200003cc <dcd_rp2040_irq+0x30>
2000064c:	f894 307c 	ldrb.w	r3, [r4, #124]	@ 0x7c
20000650:	2b00      	cmp	r3, #0
20000652:	f040 8101 	bne.w	20000858 <dcd_rp2040_irq+0x4bc>
20000656:	463e      	mov	r6, r7
20000658:	e6b8      	b.n	200003cc <dcd_rp2040_irq+0x30>
2000065a:	f894 717a 	ldrb.w	r7, [r4, #378]	@ 0x17a
2000065e:	2f00      	cmp	r7, #0
20000660:	f43f aec8 	beq.w	200003f4 <dcd_rp2040_irq+0x58>
20000664:	f894 317c 	ldrb.w	r3, [r4, #380]	@ 0x17c
20000668:	2b00      	cmp	r3, #0
2000066a:	f040 80ed 	bne.w	20000848 <dcd_rp2040_irq+0x4ac>
2000066e:	463e      	mov	r6, r7
20000670:	e6c0      	b.n	200003f4 <dcd_rp2040_irq+0x58>
20000672:	f894 713a 	ldrb.w	r7, [r4, #314]	@ 0x13a
20000676:	2f00      	cmp	r7, #0
20000678:	f43f aeb7 	beq.w	200003ea <dcd_rp2040_irq+0x4e>
2000067c:	f894 313c 	ldrb.w	r3, [r4, #316]	@ 0x13c
20000680:	2b00      	cmp	r3, #0
20000682:	f040 80d9 	bne.w	20000838 <dcd_rp2040_irq+0x49c>
20000686:	463e      	mov	r6, r7
20000688:	e6af      	b.n	200003ea <dcd_rp2040_irq+0x4e>
2000068a:	bf00      	nop
2000068c:	50110000 	.word	0x50110000
20000690:	400b0000 	.word	0x400b0000
20000694:	20001d54 	.word	0x20001d54
20000698:	20001d4c 	.word	0x20001d4c
2000069c:	200021c6 	.word	0x200021c6
200006a0:	50113000 	.word	0x50113000
200006a4:	00020010 	.word	0x00020010
200006a8:	50100000 	.word	0x50100000
200006ac:	20002134 	.word	0x20002134
200006b0:	50112000 	.word	0x50112000
200006b4:	20001d74 	.word	0x20001d74
200006b8:	f894 70fa 	ldrb.w	r7, [r4, #250]	@ 0xfa
200006bc:	2f00      	cmp	r7, #0
200006be:	f43f ae8f 	beq.w	200003e0 <dcd_rp2040_irq+0x44>
200006c2:	f894 30fc 	ldrb.w	r3, [r4, #252]	@ 0xfc
200006c6:	2b00      	cmp	r3, #0
200006c8:	f040 808e 	bne.w	200007e8 <dcd_rp2040_irq+0x44c>
200006cc:	463e      	mov	r6, r7
200006ce:	e687      	b.n	200003e0 <dcd_rp2040_irq+0x44>
200006d0:	f894 70ba 	ldrb.w	r7, [r4, #186]	@ 0xba
200006d4:	2f00      	cmp	r7, #0
200006d6:	f43f ae7e 	beq.w	200003d6 <dcd_rp2040_irq+0x3a>
200006da:	f894 30bc 	ldrb.w	r3, [r4, #188]	@ 0xbc
200006de:	2b00      	cmp	r3, #0
200006e0:	d17a      	bne.n	200007d8 <dcd_rp2040_irq+0x43c>
200006e2:	463e      	mov	r6, r7
200006e4:	e677      	b.n	200003d6 <dcd_rp2040_irq+0x3a>
200006e6:	f894 733a 	ldrb.w	r7, [r4, #826]	@ 0x33a
200006ea:	2f00      	cmp	r7, #0
200006ec:	f43f aea5 	beq.w	2000043a <dcd_rp2040_irq+0x9e>
200006f0:	f894 333c 	ldrb.w	r3, [r4, #828]	@ 0x33c
200006f4:	2b00      	cmp	r3, #0
200006f6:	d157      	bne.n	200007a8 <dcd_rp2040_irq+0x40c>
200006f8:	463e      	mov	r6, r7
200006fa:	e69e      	b.n	2000043a <dcd_rp2040_irq+0x9e>
200006fc:	f894 72fa 	ldrb.w	r7, [r4, #762]	@ 0x2fa
20000700:	2f00      	cmp	r7, #0
20000702:	f43f ae95 	beq.w	20000430 <dcd_rp2040_irq+0x94>
20000706:	f894 32fc 	ldrb.w	r3, [r4, #764]	@ 0x2fc
2000070a:	2b00      	cmp	r3, #0
2000070c:	d15c      	bne.n	200007c8 <dcd_rp2040_irq+0x42c>
2000070e:	463e      	mov	r6, r7
20000710:	e68e      	b.n	20000430 <dcd_rp2040_irq+0x94>
20000712:	f894 72ba 	ldrb.w	r7, [r4, #698]	@ 0x2ba
20000716:	2f00      	cmp	r7, #0
20000718:	f43f ae85 	beq.w	20000426 <dcd_rp2040_irq+0x8a>
2000071c:	f894 32bc 	ldrb.w	r3, [r4, #700]	@ 0x2bc
20000720:	2b00      	cmp	r3, #0
20000722:	d149      	bne.n	200007b8 <dcd_rp2040_irq+0x41c>
20000724:	463e      	mov	r6, r7
20000726:	e67e      	b.n	20000426 <dcd_rp2040_irq+0x8a>
20000728:	f894 727a 	ldrb.w	r7, [r4, #634]	@ 0x27a
2000072c:	2f00      	cmp	r7, #0
2000072e:	f43f ae75 	beq.w	2000041c <dcd_rp2040_irq+0x80>
20000732:	f894 327c 	ldrb.w	r3, [r4, #636]	@ 0x27c
20000736:	2b00      	cmp	r3, #0
20000738:	d176      	bne.n	20000828 <dcd_rp2040_irq+0x48c>
2000073a:	463e      	mov	r6, r7
2000073c:	e66e      	b.n	2000041c <dcd_rp2040_irq+0x80>
2000073e:	f894 723a 	ldrb.w	r7, [r4, #570]	@ 0x23a
20000742:	2f00      	cmp	r7, #0
20000744:	f43f ae65 	beq.w	20000412 <dcd_rp2040_irq+0x76>
20000748:	f894 323c 	ldrb.w	r3, [r4, #572]	@ 0x23c
2000074c:	2b00      	cmp	r3, #0
2000074e:	d163      	bne.n	20000818 <dcd_rp2040_irq+0x47c>
20000750:	463e      	mov	r6, r7
20000752:	e65e      	b.n	20000412 <dcd_rp2040_irq+0x76>
20000754:	f894 71fa 	ldrb.w	r7, [r4, #506]	@ 0x1fa
20000758:	2f00      	cmp	r7, #0
2000075a:	f43f ae55 	beq.w	20000408 <dcd_rp2040_irq+0x6c>
2000075e:	f894 31fc 	ldrb.w	r3, [r4, #508]	@ 0x1fc
20000762:	2b00      	cmp	r3, #0
20000764:	d150      	bne.n	20000808 <dcd_rp2040_irq+0x46c>
20000766:	463e      	mov	r6, r7
20000768:	e64e      	b.n	20000408 <dcd_rp2040_irq+0x6c>
2000076a:	f894 71ba 	ldrb.w	r7, [r4, #442]	@ 0x1ba
2000076e:	2f00      	cmp	r7, #0
20000770:	f43f ae45 	beq.w	200003fe <dcd_rp2040_irq+0x62>
20000774:	f894 31bc 	ldrb.w	r3, [r4, #444]	@ 0x1bc
20000778:	2b00      	cmp	r3, #0
2000077a:	d13d      	bne.n	200007f8 <dcd_rp2040_irq+0x45c>
2000077c:	463e      	mov	r6, r7
2000077e:	e63e      	b.n	200003fe <dcd_rp2040_irq+0x62>
20000780:	f894 33ba 	ldrb.w	r3, [r4, #954]	@ 0x3ba
20000784:	2b00      	cmp	r3, #0
20000786:	f43f ae62 	beq.w	2000044e <dcd_rp2040_irq+0xb2>
2000078a:	f894 33bc 	ldrb.w	r3, [r4, #956]	@ 0x3bc
2000078e:	2b00      	cmp	r3, #0
20000790:	d171      	bne.n	20000876 <dcd_rp2040_irq+0x4da>
20000792:	f894 33fb 	ldrb.w	r3, [r4, #1019]	@ 0x3fb
20000796:	2b02      	cmp	r3, #2
20000798:	f47f ae67 	bne.w	2000046a <dcd_rp2040_irq+0xce>
2000079c:	f894 33fa 	ldrb.w	r3, [r4, #1018]	@ 0x3fa
200007a0:	2b00      	cmp	r3, #0
200007a2:	f43f ae62 	beq.w	2000046a <dcd_rp2040_irq+0xce>
200007a6:	e710      	b.n	200005ca <dcd_rp2040_irq+0x22e>
200007a8:	2300      	movs	r3, #0
200007aa:	4839      	ldr	r0, [pc, #228]	@ (20000890 <dcd_rp2040_irq+0x4f4>)
200007ac:	f884 333c 	strb.w	r3, [r4, #828]	@ 0x33c
200007b0:	463e      	mov	r6, r7
200007b2:	f000 f9ab 	bl	20000b0c <hw_endpoint_start_next_buffer>
200007b6:	e640      	b.n	2000043a <dcd_rp2040_irq+0x9e>
200007b8:	2300      	movs	r3, #0
200007ba:	4836      	ldr	r0, [pc, #216]	@ (20000894 <dcd_rp2040_irq+0x4f8>)
200007bc:	f884 32bc 	strb.w	r3, [r4, #700]	@ 0x2bc
200007c0:	463e      	mov	r6, r7
200007c2:	f000 f9a3 	bl	20000b0c <hw_endpoint_start_next_buffer>
200007c6:	e62e      	b.n	20000426 <dcd_rp2040_irq+0x8a>
200007c8:	2300      	movs	r3, #0
200007ca:	4833      	ldr	r0, [pc, #204]	@ (20000898 <dcd_rp2040_irq+0x4fc>)
200007cc:	f884 32fc 	strb.w	r3, [r4, #764]	@ 0x2fc
200007d0:	463e      	mov	r6, r7
200007d2:	f000 f99b 	bl	20000b0c <hw_endpoint_start_next_buffer>
200007d6:	e62b      	b.n	20000430 <dcd_rp2040_irq+0x94>
200007d8:	2300      	movs	r3, #0
200007da:	4830      	ldr	r0, [pc, #192]	@ (2000089c <dcd_rp2040_irq+0x500>)
200007dc:	f884 30bc 	strb.w	r3, [r4, #188]	@ 0xbc
200007e0:	463e      	mov	r6, r7
200007e2:	f000 f993 	bl	20000b0c <hw_endpoint_start_next_buffer>
200007e6:	e5f6      	b.n	200003d6 <dcd_rp2040_irq+0x3a>
200007e8:	2300      	movs	r3, #0
200007ea:	482d      	ldr	r0, [pc, #180]	@ (200008a0 <dcd_rp2040_irq+0x504>)
200007ec:	f884 30fc 	strb.w	r3, [r4, #252]	@ 0xfc
200007f0:	463e      	mov	r6, r7
200007f2:	f000 f98b 	bl	20000b0c <hw_endpoint_start_next_buffer>
200007f6:	e5f3      	b.n	200003e0 <dcd_rp2040_irq+0x44>
200007f8:	2300      	movs	r3, #0
200007fa:	482a      	ldr	r0, [pc, #168]	@ (200008a4 <dcd_rp2040_irq+0x508>)
200007fc:	f884 31bc 	strb.w	r3, [r4, #444]	@ 0x1bc
20000800:	463e      	mov	r6, r7
20000802:	f000 f983 	bl	20000b0c <hw_endpoint_start_next_buffer>
20000806:	e5fa      	b.n	200003fe <dcd_rp2040_irq+0x62>
20000808:	2300      	movs	r3, #0
2000080a:	4827      	ldr	r0, [pc, #156]	@ (200008a8 <dcd_rp2040_irq+0x50c>)
2000080c:	f884 31fc 	strb.w	r3, [r4, #508]	@ 0x1fc
20000810:	463e      	mov	r6, r7
20000812:	f000 f97b 	bl	20000b0c <hw_endpoint_start_next_buffer>
20000816:	e5f7      	b.n	20000408 <dcd_rp2040_irq+0x6c>
20000818:	2300      	movs	r3, #0
2000081a:	4824      	ldr	r0, [pc, #144]	@ (200008ac <dcd_rp2040_irq+0x510>)
2000081c:	f884 323c 	strb.w	r3, [r4, #572]	@ 0x23c
20000820:	463e      	mov	r6, r7
20000822:	f000 f973 	bl	20000b0c <hw_endpoint_start_next_buffer>
20000826:	e5f4      	b.n	20000412 <dcd_rp2040_irq+0x76>
20000828:	2300      	movs	r3, #0
2000082a:	4821      	ldr	r0, [pc, #132]	@ (200008b0 <dcd_rp2040_irq+0x514>)
2000082c:	f884 327c 	strb.w	r3, [r4, #636]	@ 0x27c
20000830:	463e      	mov	r6, r7
20000832:	f000 f96b 	bl	20000b0c <hw_endpoint_start_next_buffer>
20000836:	e5f1      	b.n	2000041c <dcd_rp2040_irq+0x80>
20000838:	2300      	movs	r3, #0
2000083a:	481e      	ldr	r0, [pc, #120]	@ (200008b4 <dcd_rp2040_irq+0x518>)
2000083c:	f884 313c 	strb.w	r3, [r4, #316]	@ 0x13c
20000840:	463e      	mov	r6, r7
20000842:	f000 f963 	bl	20000b0c <hw_endpoint_start_next_buffer>
20000846:	e5d0      	b.n	200003ea <dcd_rp2040_irq+0x4e>
20000848:	2300      	movs	r3, #0
2000084a:	481b      	ldr	r0, [pc, #108]	@ (200008b8 <dcd_rp2040_irq+0x51c>)
2000084c:	f884 317c 	strb.w	r3, [r4, #380]	@ 0x17c
20000850:	463e      	mov	r6, r7
20000852:	f000 f95b 	bl	20000b0c <hw_endpoint_start_next_buffer>
20000856:	e5cd      	b.n	200003f4 <dcd_rp2040_irq+0x58>
20000858:	2300      	movs	r3, #0
2000085a:	4818      	ldr	r0, [pc, #96]	@ (200008bc <dcd_rp2040_irq+0x520>)
2000085c:	f884 307c 	strb.w	r3, [r4, #124]	@ 0x7c
20000860:	463e      	mov	r6, r7
20000862:	f000 f953 	bl	20000b0c <hw_endpoint_start_next_buffer>
20000866:	e5b1      	b.n	200003cc <dcd_rp2040_irq+0x30>
20000868:	2300      	movs	r3, #0
2000086a:	4815      	ldr	r0, [pc, #84]	@ (200008c0 <dcd_rp2040_irq+0x524>)
2000086c:	f884 337c 	strb.w	r3, [r4, #892]	@ 0x37c
20000870:	f000 f94c 	bl	20000b0c <hw_endpoint_start_next_buffer>
20000874:	e694      	b.n	200005a0 <dcd_rp2040_irq+0x204>
20000876:	2300      	movs	r3, #0
20000878:	4812      	ldr	r0, [pc, #72]	@ (200008c4 <dcd_rp2040_irq+0x528>)
2000087a:	f884 33bc 	strb.w	r3, [r4, #956]	@ 0x3bc
2000087e:	f000 f945 	bl	20000b0c <hw_endpoint_start_next_buffer>
20000882:	e786      	b.n	20000792 <dcd_rp2040_irq+0x3f6>
20000884:	4810      	ldr	r0, [pc, #64]	@ (200008c8 <dcd_rp2040_irq+0x52c>)
20000886:	ea86 0105 	eor.w	r1, r6, r5
2000088a:	f000 fe25 	bl	200014d8 <__panic_veneer>
2000088e:	bf00      	nop
20000890:	20002074 	.word	0x20002074
20000894:	20001ff4 	.word	0x20001ff4
20000898:	20002034 	.word	0x20002034
2000089c:	20001df4 	.word	0x20001df4
200008a0:	20001e34 	.word	0x20001e34
200008a4:	20001ef4 	.word	0x20001ef4
200008a8:	20001f34 	.word	0x20001f34
200008ac:	20001f74 	.word	0x20001f74
200008b0:	20001fb4 	.word	0x20001fb4
200008b4:	20001e74 	.word	0x20001e74
200008b8:	20001eb4 	.word	0x20001eb4
200008bc:	20001db4 	.word	0x20001db4
200008c0:	200020b4 	.word	0x200020b4
200008c4:	200020f4 	.word	0x200020f4
200008c8:	10006818 	.word	0x10006818

200008cc <prepare_ep_buffer>:
200008cc:	e92d 47f0 	stmdb	sp!, {r4, r5, r6, r7, r8, r9, sl, lr}
200008d0:	8a84      	ldrh	r4, [r0, #20]
200008d2:	8b05      	ldrh	r5, [r0, #24]
200008d4:	78c2      	ldrb	r2, [r0, #3]
200008d6:	42a5      	cmp	r5, r4
200008d8:	bf28      	it	cs
200008da:	4625      	movcs	r5, r4
200008dc:	1e17      	subs	r7, r2, #0
200008de:	bf18      	it	ne
200008e0:	2701      	movne	r7, #1
200008e2:	1b64      	subs	r4, r4, r5
200008e4:	7846      	ldrb	r6, [r0, #1]
200008e6:	f082 0201 	eor.w	r2, r2, #1
200008ea:	b2a4      	uxth	r4, r4
200008ec:	4603      	mov	r3, r0
200008ee:	70c2      	strb	r2, [r0, #3]
200008f0:	8284      	strh	r4, [r0, #20]
200008f2:	f445 6080 	orr.w	r0, r5, #1024	@ 0x400
200008f6:	ea40 3047 	orr.w	r0, r0, r7, lsl #13
200008fa:	bba6      	cbnz	r6, 20000966 <prepare_ep_buffer+0x9a>
200008fc:	e9d3 2603 	ldrd	r2, r6, [r3, #12]
20000900:	1e6f      	subs	r7, r5, #1
20000902:	eb02 1e81 	add.w	lr, r2, r1, lsl #6
20000906:	b355      	cbz	r5, 2000095e <prepare_ep_buffer+0x92>
20000908:	2f05      	cmp	r7, #5
2000090a:	bf98      	it	ls
2000090c:	1c72      	addls	r2, r6, #1
2000090e:	d931      	bls.n	20000974 <prepare_ep_buffer+0xa8>
20000910:	eb02 1c81 	add.w	ip, r2, r1, lsl #6
20000914:	1c72      	adds	r2, r6, #1
20000916:	ebac 0402 	sub.w	r4, ip, r2
2000091a:	2c02      	cmp	r4, #2
2000091c:	d92a      	bls.n	20000974 <prepare_ep_buffer+0xa8>
2000091e:	4632      	mov	r2, r6
20000920:	ea4f 0995 	mov.w	r9, r5, lsr #2
20000924:	ea4f 0a89 	mov.w	sl, r9, lsl #2
20000928:	eb06 0889 	add.w	r8, r6, r9, lsl #2
2000092c:	f852 4b04 	ldr.w	r4, [r2], #4
20000930:	4542      	cmp	r2, r8
20000932:	f84c 4b04 	str.w	r4, [ip], #4
20000936:	d1f9      	bne.n	2000092c <prepare_ep_buffer+0x60>
20000938:	4555      	cmp	r5, sl
2000093a:	eba7 070a 	sub.w	r7, r7, sl
2000093e:	eb0e 040a 	add.w	r4, lr, sl
20000942:	d00a      	beq.n	2000095a <prepare_ep_buffer+0x8e>
20000944:	f816 6029 	ldrb.w	r6, [r6, r9, lsl #2]
20000948:	f80e 6029 	strb.w	r6, [lr, r9, lsl #2]
2000094c:	b12f      	cbz	r7, 2000095a <prepare_ep_buffer+0x8e>
2000094e:	7856      	ldrb	r6, [r2, #1]
20000950:	2f01      	cmp	r7, #1
20000952:	7066      	strb	r6, [r4, #1]
20000954:	d001      	beq.n	2000095a <prepare_ep_buffer+0x8e>
20000956:	7892      	ldrb	r2, [r2, #2]
20000958:	70a2      	strb	r2, [r4, #2]
2000095a:	691e      	ldr	r6, [r3, #16]
2000095c:	8a9c      	ldrh	r4, [r3, #20]
2000095e:	442e      	add	r6, r5
20000960:	611e      	str	r6, [r3, #16]
20000962:	f440 4000 	orr.w	r0, r0, #32768	@ 0x8000
20000966:	b90c      	cbnz	r4, 2000096c <prepare_ep_buffer+0xa0>
20000968:	f440 4080 	orr.w	r0, r0, #16384	@ 0x4000
2000096c:	b101      	cbz	r1, 20000970 <prepare_ep_buffer+0xa4>
2000096e:	0400      	lsls	r0, r0, #16
20000970:	e8bd 87f0 	ldmia.w	sp!, {r4, r5, r6, r7, r8, r9, sl, pc}
20000974:	f10e 3eff 	add.w	lr, lr, #4294967295	@ 0xffffffff
20000978:	442e      	add	r6, r5
2000097a:	e000      	b.n	2000097e <prepare_ep_buffer+0xb2>
2000097c:	3201      	adds	r2, #1
2000097e:	f812 4c01 	ldrb.w	r4, [r2, #-1]
20000982:	42b2      	cmp	r2, r6
20000984:	f80e 4f01 	strb.w	r4, [lr, #1]!
20000988:	d1f8      	bne.n	2000097c <prepare_ep_buffer+0xb0>
2000098a:	e7e6      	b.n	2000095a <prepare_ep_buffer+0x8e>

2000098c <sync_ep_buffer>:
2000098c:	6883      	ldr	r3, [r0, #8]
2000098e:	4602      	mov	r2, r0
20000990:	6818      	ldr	r0, [r3, #0]
20000992:	b101      	cbz	r1, 20000996 <sync_ep_buffer+0xa>
20000994:	0c00      	lsrs	r0, r0, #16
20000996:	7853      	ldrb	r3, [r2, #1]
20000998:	f3c0 0009 	ubfx	r0, r0, #0, #10
2000099c:	2b00      	cmp	r3, #0
2000099e:	d03c      	beq.n	20000a1a <sync_ep_buffer+0x8e>
200009a0:	e92d 41f0 	stmdb	sp!, {r4, r5, r6, r7, r8, lr}
200009a4:	e9d2 3403 	ldrd	r3, r4, [r2, #12]
200009a8:	1e46      	subs	r6, r0, #1
200009aa:	eb03 1e81 	add.w	lr, r3, r1, lsl #6
200009ae:	b340      	cbz	r0, 20000a02 <sync_ep_buffer+0x76>
200009b0:	2e05      	cmp	r6, #5
200009b2:	d93b      	bls.n	20000a2c <sync_ep_buffer+0xa0>
200009b4:	0189      	lsls	r1, r1, #6
200009b6:	1c4d      	adds	r5, r1, #1
200009b8:	441d      	add	r5, r3
200009ba:	1b65      	subs	r5, r4, r5
200009bc:	2d02      	cmp	r5, #2
200009be:	d935      	bls.n	20000a2c <sync_ep_buffer+0xa0>
200009c0:	4673      	mov	r3, lr
200009c2:	4621      	mov	r1, r4
200009c4:	f400 777f 	and.w	r7, r0, #1020	@ 0x3fc
200009c8:	ea4f 0890 	mov.w	r8, r0, lsr #2
200009cc:	18fd      	adds	r5, r7, r3
200009ce:	f853 cb04 	ldr.w	ip, [r3], #4
200009d2:	42ab      	cmp	r3, r5
200009d4:	f841 cb04 	str.w	ip, [r1], #4
200009d8:	d1f9      	bne.n	200009ce <sync_ep_buffer+0x42>
200009da:	42b8      	cmp	r0, r7
200009dc:	eba6 0607 	sub.w	r6, r6, r7
200009e0:	eb04 0307 	add.w	r3, r4, r7
200009e4:	eb0e 0107 	add.w	r1, lr, r7
200009e8:	d00a      	beq.n	20000a00 <sync_ep_buffer+0x74>
200009ea:	f81e 5028 	ldrb.w	r5, [lr, r8, lsl #2]
200009ee:	f804 5028 	strb.w	r5, [r4, r8, lsl #2]
200009f2:	b12e      	cbz	r6, 20000a00 <sync_ep_buffer+0x74>
200009f4:	784c      	ldrb	r4, [r1, #1]
200009f6:	2e01      	cmp	r6, #1
200009f8:	705c      	strb	r4, [r3, #1]
200009fa:	d001      	beq.n	20000a00 <sync_ep_buffer+0x74>
200009fc:	7889      	ldrb	r1, [r1, #2]
200009fe:	7099      	strb	r1, [r3, #2]
20000a00:	6914      	ldr	r4, [r2, #16]
20000a02:	8ad3      	ldrh	r3, [r2, #22]
20000a04:	4404      	add	r4, r0
20000a06:	4403      	add	r3, r0
20000a08:	82d3      	strh	r3, [r2, #22]
20000a0a:	8b13      	ldrh	r3, [r2, #24]
20000a0c:	6114      	str	r4, [r2, #16]
20000a0e:	4283      	cmp	r3, r0
20000a10:	bf84      	itt	hi
20000a12:	2300      	movhi	r3, #0
20000a14:	8293      	strhhi	r3, [r2, #20]
20000a16:	e8bd 81f0 	ldmia.w	sp!, {r4, r5, r6, r7, r8, pc}
20000a1a:	8ad3      	ldrh	r3, [r2, #22]
20000a1c:	4403      	add	r3, r0
20000a1e:	82d3      	strh	r3, [r2, #22]
20000a20:	8b13      	ldrh	r3, [r2, #24]
20000a22:	4283      	cmp	r3, r0
20000a24:	bf84      	itt	hi
20000a26:	2300      	movhi	r3, #0
20000a28:	8293      	strhhi	r3, [r2, #20]
20000a2a:	4770      	bx	lr
20000a2c:	3c01      	subs	r4, #1
20000a2e:	eb0e 0100 	add.w	r1, lr, r0
20000a32:	f81e 3b01 	ldrb.w	r3, [lr], #1
20000a36:	4571      	cmp	r1, lr
20000a38:	f804 3f01 	strb.w	r3, [r4, #1]!
20000a3c:	d1f9      	bne.n	20000a32 <sync_ep_buffer+0xa6>
20000a3e:	e7df      	b.n	20000a00 <sync_ep_buffer+0x74>

20000a40 <_hw_endpoint_xfer_sync>:
20000a40:	b510      	push	{r4, lr}
20000a42:	4604      	mov	r4, r0
20000a44:	6883      	ldr	r3, [r0, #8]
20000a46:	2100      	movs	r1, #0
20000a48:	681b      	ldr	r3, [r3, #0]
20000a4a:	f7ff ff9f 	bl	2000098c <sync_ep_buffer>
20000a4e:	6863      	ldr	r3, [r4, #4]
20000a50:	681b      	ldr	r3, [r3, #0]
20000a52:	005b      	lsls	r3, r3, #1
20000a54:	d502      	bpl.n	20000a5c <_hw_endpoint_xfer_sync+0x1c>
20000a56:	8b23      	ldrh	r3, [r4, #24]
20000a58:	4283      	cmp	r3, r0
20000a5a:	d000      	beq.n	20000a5e <_hw_endpoint_xfer_sync+0x1e>
20000a5c:	bd10      	pop	{r4, pc}
20000a5e:	4620      	mov	r0, r4
20000a60:	e8bd 4010 	ldmia.w	sp!, {r4, lr}
20000a64:	2101      	movs	r1, #1
20000a66:	f7ff bf91 	b.w	2000098c <sync_ep_buffer>
20000a6a:	bf00      	nop

20000a6c <e15_is_bulkin_ep>:
20000a6c:	4b08      	ldr	r3, [pc, #32]	@ (20000a90 <e15_is_bulkin_ep+0x24>)
20000a6e:	6c1b      	ldr	r3, [r3, #64]	@ 0x40
20000a70:	f013 0302 	ands.w	r3, r3, #2
20000a74:	d102      	bne.n	20000a7c <e15_is_bulkin_ep+0x10>
20000a76:	7882      	ldrb	r2, [r0, #2]
20000a78:	09d2      	lsrs	r2, r2, #7
20000a7a:	d101      	bne.n	20000a80 <e15_is_bulkin_ep+0x14>
20000a7c:	2000      	movs	r0, #0
20000a7e:	4770      	bx	lr
20000a80:	7ec0      	ldrb	r0, [r0, #27]
20000a82:	f1a0 0002 	sub.w	r0, r0, #2
20000a86:	fab0 f080 	clz	r0, r0
20000a8a:	0940      	lsrs	r0, r0, #5
20000a8c:	4770      	bx	lr
20000a8e:	bf00      	nop
20000a90:	50110000 	.word	0x50110000

20000a94 <e15_is_critical_frame_period>:
20000a94:	b508      	push	{r3, lr}
20000a96:	f7ff ffe9 	bl	20000a6c <e15_is_bulkin_ep>
20000a9a:	b150      	cbz	r0, 20000ab2 <e15_is_critical_frame_period+0x1e>
20000a9c:	4a05      	ldr	r2, [pc, #20]	@ (20000ab4 <e15_is_critical_frame_period+0x20>)
20000a9e:	4b06      	ldr	r3, [pc, #24]	@ (20000ab8 <e15_is_critical_frame_period+0x24>)
20000aa0:	6a90      	ldr	r0, [r2, #40]	@ 0x28
20000aa2:	681b      	ldr	r3, [r3, #0]
20000aa4:	f5a0 7048 	sub.w	r0, r0, #800	@ 0x320
20000aa8:	1ac0      	subs	r0, r0, r3
20000aaa:	28c6      	cmp	r0, #198	@ 0xc6
20000aac:	bf8c      	ite	hi
20000aae:	2000      	movhi	r0, #0
20000ab0:	2001      	movls	r0, #1
20000ab2:	bd08      	pop	{r3, pc}
20000ab4:	400b0000 	.word	0x400b0000
20000ab8:	20001d4c 	.word	0x20001d4c

20000abc <hw_endpoint_reset_transfer>:
20000abc:	2300      	movs	r3, #0
20000abe:	e9c0 3304 	strd	r3, r3, [r0, #16]
20000ac2:	7683      	strb	r3, [r0, #26]
20000ac4:	4770      	bx	lr
20000ac6:	bf00      	nop

20000ac8 <_hw_endpoint_buffer_control_update32>:
20000ac8:	b510      	push	{r4, lr}
20000aca:	6883      	ldr	r3, [r0, #8]
20000acc:	b109      	cbz	r1, 20000ad2 <_hw_endpoint_buffer_control_update32+0xa>
20000ace:	681c      	ldr	r4, [r3, #0]
20000ad0:	4021      	ands	r1, r4
20000ad2:	b182      	cbz	r2, 20000af6 <_hw_endpoint_buffer_control_update32+0x2e>
20000ad4:	4311      	orrs	r1, r2
20000ad6:	0552      	lsls	r2, r2, #21
20000ad8:	d50d      	bpl.n	20000af6 <_hw_endpoint_buffer_control_update32+0x2e>
20000ada:	681a      	ldr	r2, [r3, #0]
20000adc:	0554      	lsls	r4, r2, #21
20000ade:	d40c      	bmi.n	20000afa <_hw_endpoint_buffer_control_update32+0x32>
20000ae0:	4a08      	ldr	r2, [pc, #32]	@ (20000b04 <_hw_endpoint_buffer_control_update32+0x3c>)
20000ae2:	f421 6480 	bic.w	r4, r1, #1024	@ 0x400
20000ae6:	601c      	str	r4, [r3, #0]
20000ae8:	6c12      	ldr	r2, [r2, #64]	@ 0x40
20000aea:	0792      	lsls	r2, r2, #30
20000aec:	d403      	bmi.n	20000af6 <_hw_endpoint_buffer_control_update32+0x2e>
20000aee:	230c      	movs	r3, #12
20000af0:	3b03      	subs	r3, #3
20000af2:	d2fd      	bcs.n	20000af0 <_hw_endpoint_buffer_control_update32+0x28>
20000af4:	6883      	ldr	r3, [r0, #8]
20000af6:	6019      	str	r1, [r3, #0]
20000af8:	bd10      	pop	{r4, pc}
20000afa:	7881      	ldrb	r1, [r0, #2]
20000afc:	4802      	ldr	r0, [pc, #8]	@ (20000b08 <_hw_endpoint_buffer_control_update32+0x40>)
20000afe:	f000 fceb 	bl	200014d8 <__panic_veneer>
20000b02:	bf00      	nop
20000b04:	50110000 	.word	0x50110000
20000b08:	1000682c 	.word	0x1000682c

20000b0c <hw_endpoint_start_next_buffer>:
20000b0c:	b530      	push	{r4, r5, lr}
20000b0e:	6843      	ldr	r3, [r0, #4]
20000b10:	2100      	movs	r1, #0
20000b12:	b083      	sub	sp, #12
20000b14:	4604      	mov	r4, r0
20000b16:	681d      	ldr	r5, [r3, #0]
20000b18:	f7ff fed8 	bl	200008cc <prepare_ep_buffer>
20000b1c:	4b13      	ldr	r3, [pc, #76]	@ (20000b6c <hw_endpoint_start_next_buffer+0x60>)
20000b1e:	f440 5280 	orr.w	r2, r0, #4096	@ 0x1000
20000b22:	6c19      	ldr	r1, [r3, #64]	@ 0x40
20000b24:	78a3      	ldrb	r3, [r4, #2]
20000b26:	0789      	lsls	r1, r1, #30
20000b28:	d50e      	bpl.n	20000b48 <hw_endpoint_start_next_buffer+0x3c>
20000b2a:	065b      	lsls	r3, r3, #25
20000b2c:	d00e      	beq.n	20000b4c <hw_endpoint_start_next_buffer+0x40>
20000b2e:	f025 45a0 	bic.w	r5, r5, #1342177280	@ 0x50000000
20000b32:	f045 5500 	orr.w	r5, r5, #536870912	@ 0x20000000
20000b36:	2100      	movs	r1, #0
20000b38:	4620      	mov	r0, r4
20000b3a:	6863      	ldr	r3, [r4, #4]
20000b3c:	601d      	str	r5, [r3, #0]
20000b3e:	b003      	add	sp, #12
20000b40:	e8bd 4030 	ldmia.w	sp!, {r4, r5, lr}
20000b44:	f7ff bfc0 	b.w	20000ac8 <_hw_endpoint_buffer_control_update32>
20000b48:	09db      	lsrs	r3, r3, #7
20000b4a:	d0f0      	beq.n	20000b2e <hw_endpoint_start_next_buffer+0x22>
20000b4c:	8aa3      	ldrh	r3, [r4, #20]
20000b4e:	2b00      	cmp	r3, #0
20000b50:	d0ed      	beq.n	20000b2e <hw_endpoint_start_next_buffer+0x22>
20000b52:	2101      	movs	r1, #1
20000b54:	4620      	mov	r0, r4
20000b56:	9201      	str	r2, [sp, #4]
20000b58:	f7ff feb8 	bl	200008cc <prepare_ep_buffer>
20000b5c:	9a01      	ldr	r2, [sp, #4]
20000b5e:	f025 5500 	bic.w	r5, r5, #536870912	@ 0x20000000
20000b62:	4302      	orrs	r2, r0
20000b64:	f045 45a0 	orr.w	r5, r5, #1342177280	@ 0x50000000
20000b68:	e7e5      	b.n	20000b36 <hw_endpoint_start_next_buffer+0x2a>
20000b6a:	bf00      	nop
20000b6c:	50110000 	.word	0x50110000

20000b70 <hw_endpoint_xfer_continue>:
20000b70:	b538      	push	{r3, r4, r5, lr}
20000b72:	7e85      	ldrb	r5, [r0, #26]
20000b74:	4604      	mov	r4, r0
20000b76:	b195      	cbz	r5, 20000b9e <hw_endpoint_xfer_continue+0x2e>
20000b78:	f7ff ff62 	bl	20000a40 <_hw_endpoint_xfer_sync>
20000b7c:	8aa3      	ldrh	r3, [r4, #20]
20000b7e:	b90b      	cbnz	r3, 20000b84 <hw_endpoint_xfer_continue+0x14>
20000b80:	4628      	mov	r0, r5
20000b82:	bd38      	pop	{r3, r4, r5, pc}
20000b84:	4620      	mov	r0, r4
20000b86:	f7ff ff85 	bl	20000a94 <e15_is_critical_frame_period>
20000b8a:	b120      	cbz	r0, 20000b96 <hw_endpoint_xfer_continue+0x26>
20000b8c:	2301      	movs	r3, #1
20000b8e:	7723      	strb	r3, [r4, #28]
20000b90:	2500      	movs	r5, #0
20000b92:	4628      	mov	r0, r5
20000b94:	bd38      	pop	{r3, r4, r5, pc}
20000b96:	4620      	mov	r0, r4
20000b98:	f7ff ffb8 	bl	20000b0c <hw_endpoint_start_next_buffer>
20000b9c:	e7f8      	b.n	20000b90 <hw_endpoint_xfer_continue+0x20>
20000b9e:	7881      	ldrb	r1, [r0, #2]
20000ba0:	4801      	ldr	r0, [pc, #4]	@ (20000ba8 <hw_endpoint_xfer_continue+0x38>)
20000ba2:	f000 fc99 	bl	200014d8 <__panic_veneer>
20000ba6:	bf00      	nop
20000ba8:	1000684c 	.word	0x1000684c

20000bac <dcd_event_handler>:
20000bac:	e92d 43f0 	stmdb	sp!, {r4, r5, r6, r7, r8, r9, lr}
20000bb0:	7843      	ldrb	r3, [r0, #1]
20000bb2:	4681      	mov	r9, r0
20000bb4:	3b02      	subs	r3, #2
20000bb6:	460d      	mov	r5, r1
20000bb8:	b085      	sub	sp, #20
20000bba:	2b04      	cmp	r3, #4
20000bbc:	d813      	bhi.n	20000be6 <dcd_event_handler+0x3a>
20000bbe:	e8df f003 	tbb	[pc, r3]
20000bc2:	4a03      	.short	0x4a03
20000bc4:	736a      	.short	0x736a
20000bc6:	44          	.byte	0x44
20000bc7:	00          	.byte	0x00
20000bc8:	2100      	movs	r1, #0
20000bca:	4b7b      	ldr	r3, [pc, #492]	@ (20000db8 <dcd_event_handler+0x20c>)
20000bcc:	781a      	ldrb	r2, [r3, #0]
20000bce:	f022 0201 	bic.w	r2, r2, #1
20000bd2:	701a      	strb	r2, [r3, #0]
20000bd4:	781a      	ldrb	r2, [r3, #0]
20000bd6:	f022 0202 	bic.w	r2, r2, #2
20000bda:	701a      	strb	r2, [r3, #0]
20000bdc:	7059      	strb	r1, [r3, #1]
20000bde:	781a      	ldrb	r2, [r3, #0]
20000be0:	f361 0282 	bfi	r2, r1, #2, #1
20000be4:	701a      	strb	r2, [r3, #0]
20000be6:	4b75      	ldr	r3, [pc, #468]	@ (20000dbc <dcd_event_handler+0x210>)
20000be8:	681c      	ldr	r4, [r3, #0]
20000bea:	6963      	ldr	r3, [r4, #20]
20000bec:	f3ef 8210 	mrs	r2, PRIMASK
20000bf0:	b672      	cpsid	i
20000bf2:	e8d3 0fcf 	ldaexb	r0, [r3]
20000bf6:	2101      	movs	r1, #1
20000bf8:	2800      	cmp	r0, #0
20000bfa:	d1fa      	bne.n	20000bf2 <dcd_event_handler+0x46>
20000bfc:	e8c3 1f40 	strexb	r0, r1, [r3]
20000c00:	2800      	cmp	r0, #0
20000c02:	d1f6      	bne.n	20000bf2 <dcd_event_handler+0x46>
20000c04:	f3bf 8f5f 	dmb	sy
20000c08:	61a2      	str	r2, [r4, #24]
20000c0a:	4649      	mov	r1, r9
20000c0c:	4620      	mov	r0, r4
20000c0e:	f000 fc6f 	bl	200014f0 <__tu_fifo_write_veneer>
20000c12:	2300      	movs	r3, #0
20000c14:	6962      	ldr	r2, [r4, #20]
20000c16:	e8c2 3f8f 	stlb	r3, [r2]
20000c1a:	69a3      	ldr	r3, [r4, #24]
20000c1c:	f383 8810 	msr	PRIMASK, r3
20000c20:	b948      	cbnz	r0, 20000c36 <dcd_event_handler+0x8a>
20000c22:	f04f 23e0 	mov.w	r3, #3758153728	@ 0xe000e000
20000c26:	f8d3 3df0 	ldr.w	r3, [r3, #3568]	@ 0xdf0
20000c2a:	07db      	lsls	r3, r3, #31
20000c2c:	d50a      	bpl.n	20000c44 <dcd_event_handler+0x98>
20000c2e:	be00      	bkpt	0x0000
20000c30:	b005      	add	sp, #20
20000c32:	e8bd 83f0 	ldmia.w	sp!, {r4, r5, r6, r7, r8, r9, pc}
20000c36:	462a      	mov	r2, r5
20000c38:	f899 1001 	ldrb.w	r1, [r9, #1]
20000c3c:	f899 0000 	ldrb.w	r0, [r9]
20000c40:	f000 fc42 	bl	200014c8 <__tud_event_hook_cb_veneer>
20000c44:	b005      	add	sp, #20
20000c46:	e8bd 83f0 	ldmia.w	sp!, {r4, r5, r6, r7, r8, r9, pc}
20000c4a:	4a5d      	ldr	r2, [pc, #372]	@ (20000dc0 <dcd_event_handler+0x214>)
20000c4c:	7813      	ldrb	r3, [r2, #0]
20000c4e:	3301      	adds	r3, #1
20000c50:	b2db      	uxtb	r3, r3
20000c52:	7013      	strb	r3, [r2, #0]
20000c54:	e7c7      	b.n	20000be6 <dcd_event_handler+0x3a>
20000c56:	2400      	movs	r4, #0
20000c58:	4e5a      	ldr	r6, [pc, #360]	@ (20000dc4 <dcd_event_handler+0x218>)
20000c5a:	4623      	mov	r3, r4
20000c5c:	7831      	ldrb	r1, [r6, #0]
20000c5e:	f8df 816c 	ldr.w	r8, [pc, #364]	@ 20000dcc <dcd_event_handler+0x220>
20000c62:	4f59      	ldr	r7, [pc, #356]	@ (20000dc8 <dcd_event_handler+0x21c>)
20000c64:	e011      	b.n	20000c8a <dcd_event_handler+0xde>
20000c66:	683b      	ldr	r3, [r7, #0]
20000c68:	eb13 1344 	adds.w	r3, r3, r4, lsl #5
20000c6c:	d007      	beq.n	20000c7e <dcd_event_handler+0xd2>
20000c6e:	69db      	ldr	r3, [r3, #28]
20000c70:	b12b      	cbz	r3, 20000c7e <dcd_event_handler+0xd2>
20000c72:	f8d9 1004 	ldr.w	r1, [r9, #4]
20000c76:	f899 0000 	ldrb.w	r0, [r9]
20000c7a:	4798      	blx	r3
20000c7c:	7831      	ldrb	r1, [r6, #0]
20000c7e:	3401      	adds	r4, #1
20000c80:	b2e4      	uxtb	r4, r4
20000c82:	1c4a      	adds	r2, r1, #1
20000c84:	42a2      	cmp	r2, r4
20000c86:	4623      	mov	r3, r4
20000c88:	db17      	blt.n	20000cba <dcd_event_handler+0x10e>
20000c8a:	42a1      	cmp	r1, r4
20000c8c:	d8eb      	bhi.n	20000c66 <dcd_event_handler+0xba>
20000c8e:	1a5b      	subs	r3, r3, r1
20000c90:	eb08 1343 	add.w	r3, r8, r3, lsl #5
20000c94:	e7eb      	b.n	20000c6e <dcd_event_handler+0xc2>
20000c96:	4b48      	ldr	r3, [pc, #288]	@ (20000db8 <dcd_event_handler+0x20c>)
20000c98:	781a      	ldrb	r2, [r3, #0]
20000c9a:	07d6      	lsls	r6, r2, #31
20000c9c:	d5d2      	bpl.n	20000c44 <dcd_event_handler+0x98>
20000c9e:	781a      	ldrb	r2, [r3, #0]
20000ca0:	f042 0204 	orr.w	r2, r2, #4
20000ca4:	701a      	strb	r2, [r3, #0]
20000ca6:	e79e      	b.n	20000be6 <dcd_event_handler+0x3a>
20000ca8:	4b43      	ldr	r3, [pc, #268]	@ (20000db8 <dcd_event_handler+0x20c>)
20000caa:	781a      	ldrb	r2, [r3, #0]
20000cac:	07d4      	lsls	r4, r2, #31
20000cae:	d5c9      	bpl.n	20000c44 <dcd_event_handler+0x98>
20000cb0:	781a      	ldrb	r2, [r3, #0]
20000cb2:	f022 0204 	bic.w	r2, r2, #4
20000cb6:	701a      	strb	r2, [r3, #0]
20000cb8:	e795      	b.n	20000be6 <dcd_event_handler+0x3a>
20000cba:	4c3f      	ldr	r4, [pc, #252]	@ (20000db8 <dcd_event_handler+0x20c>)
20000cbc:	7823      	ldrb	r3, [r4, #0]
20000cbe:	0758      	lsls	r0, r3, #29
20000cc0:	d43a      	bmi.n	20000d38 <dcd_event_handler+0x18c>
20000cc2:	78e3      	ldrb	r3, [r4, #3]
20000cc4:	07da      	lsls	r2, r3, #31
20000cc6:	d5bd      	bpl.n	20000c44 <dcd_event_handler+0x98>
20000cc8:	2303      	movs	r3, #3
20000cca:	2600      	movs	r6, #0
20000ccc:	4a3b      	ldr	r2, [pc, #236]	@ (20000dbc <dcd_event_handler+0x210>)
20000cce:	f899 1000 	ldrb.w	r1, [r9]
20000cd2:	6814      	ldr	r4, [r2, #0]
20000cd4:	f8d9 2004 	ldr.w	r2, [r9, #4]
20000cd8:	f88d 1004 	strb.w	r1, [sp, #4]
20000cdc:	f88d 3005 	strb.w	r3, [sp, #5]
20000ce0:	6963      	ldr	r3, [r4, #20]
20000ce2:	f8cd 6006 	str.w	r6, [sp, #6]
20000ce6:	f8cd 600a 	str.w	r6, [sp, #10]
20000cea:	f8ad 600e 	strh.w	r6, [sp, #14]
20000cee:	9202      	str	r2, [sp, #8]
20000cf0:	f3ef 8210 	mrs	r2, PRIMASK
20000cf4:	b672      	cpsid	i
20000cf6:	e8d3 0fcf 	ldaexb	r0, [r3]
20000cfa:	2101      	movs	r1, #1
20000cfc:	2800      	cmp	r0, #0
20000cfe:	d1fa      	bne.n	20000cf6 <dcd_event_handler+0x14a>
20000d00:	e8c3 1f40 	strexb	r0, r1, [r3]
20000d04:	2800      	cmp	r0, #0
20000d06:	d1f6      	bne.n	20000cf6 <dcd_event_handler+0x14a>
20000d08:	f3bf 8f5f 	dmb	sy
20000d0c:	4620      	mov	r0, r4
20000d0e:	61a2      	str	r2, [r4, #24]
20000d10:	a901      	add	r1, sp, #4
20000d12:	f000 fbed 	bl	200014f0 <__tu_fifo_write_veneer>
20000d16:	6963      	ldr	r3, [r4, #20]
20000d18:	e8c3 6f8f 	stlb	r6, [r3]
20000d1c:	69a3      	ldr	r3, [r4, #24]
20000d1e:	f383 8810 	msr	PRIMASK, r3
20000d22:	2800      	cmp	r0, #0
20000d24:	f43f af7d 	beq.w	20000c22 <dcd_event_handler+0x76>
20000d28:	462a      	mov	r2, r5
20000d2a:	f89d 1005 	ldrb.w	r1, [sp, #5]
20000d2e:	f89d 0004 	ldrb.w	r0, [sp, #4]
20000d32:	f000 fbc9 	bl	200014c8 <__tud_event_hook_cb_veneer>
20000d36:	e785      	b.n	20000c44 <dcd_event_handler+0x98>
20000d38:	7823      	ldrb	r3, [r4, #0]
20000d3a:	2700      	movs	r7, #0
20000d3c:	f023 0304 	bic.w	r3, r3, #4
20000d40:	7023      	strb	r3, [r4, #0]
20000d42:	2305      	movs	r3, #5
20000d44:	4a1d      	ldr	r2, [pc, #116]	@ (20000dbc <dcd_event_handler+0x210>)
20000d46:	f88d 3005 	strb.w	r3, [sp, #5]
20000d4a:	6816      	ldr	r6, [r2, #0]
20000d4c:	f899 2000 	ldrb.w	r2, [r9]
20000d50:	f8ad 700e 	strh.w	r7, [sp, #14]
20000d54:	f88d 2004 	strb.w	r2, [sp, #4]
20000d58:	6973      	ldr	r3, [r6, #20]
20000d5a:	f8cd 7006 	str.w	r7, [sp, #6]
20000d5e:	f8cd 700a 	str.w	r7, [sp, #10]
20000d62:	f3ef 8210 	mrs	r2, PRIMASK
20000d66:	b672      	cpsid	i
20000d68:	e8d3 0fcf 	ldaexb	r0, [r3]
20000d6c:	2101      	movs	r1, #1
20000d6e:	2800      	cmp	r0, #0
20000d70:	d1fa      	bne.n	20000d68 <dcd_event_handler+0x1bc>
20000d72:	e8c3 1f40 	strexb	r0, r1, [r3]
20000d76:	2800      	cmp	r0, #0
20000d78:	d1f6      	bne.n	20000d68 <dcd_event_handler+0x1bc>
20000d7a:	f3bf 8f5f 	dmb	sy
20000d7e:	4630      	mov	r0, r6
20000d80:	61b2      	str	r2, [r6, #24]
20000d82:	a901      	add	r1, sp, #4
20000d84:	f000 fbb4 	bl	200014f0 <__tu_fifo_write_veneer>
20000d88:	6973      	ldr	r3, [r6, #20]
20000d8a:	e8c3 7f8f 	stlb	r7, [r3]
20000d8e:	69b3      	ldr	r3, [r6, #24]
20000d90:	f383 8810 	msr	PRIMASK, r3
20000d94:	b938      	cbnz	r0, 20000da6 <dcd_event_handler+0x1fa>
20000d96:	f04f 23e0 	mov.w	r3, #3758153728	@ 0xe000e000
20000d9a:	f8d3 3df0 	ldr.w	r3, [r3, #3568]	@ 0xdf0
20000d9e:	07d9      	lsls	r1, r3, #31
20000da0:	d58f      	bpl.n	20000cc2 <dcd_event_handler+0x116>
20000da2:	be00      	bkpt	0x0000
20000da4:	e78d      	b.n	20000cc2 <dcd_event_handler+0x116>
20000da6:	462a      	mov	r2, r5
20000da8:	f89d 1005 	ldrb.w	r1, [sp, #5]
20000dac:	f89d 0004 	ldrb.w	r0, [sp, #4]
20000db0:	f000 fb8a 	bl	200014c8 <__tud_event_hook_cb_veneer>
20000db4:	e785      	b.n	20000cc2 <dcd_event_handler+0x116>
20000db6:	bf00      	nop
20000db8:	20001900 	.word	0x20001900
20000dbc:	20001958 	.word	0x20001958
20000dc0:	200021c7 	.word	0x200021c7
20000dc4:	200021c5 	.word	0x200021c5
20000dc8:	20001730 	.word	0x20001730
20000dcc:	10006aa4 	.word	0x10006aa4

20000dd0 <__aeabi_drsub>:
20000dd0:	f081 4100 	eor.w	r1, r1, #2147483648	@ 0x80000000
20000dd4:	e002      	b.n	20000ddc <__adddf3>
20000dd6:	bf00      	nop

20000dd8 <__aeabi_dsub>:
20000dd8:	f083 4300 	eor.w	r3, r3, #2147483648	@ 0x80000000

20000ddc <__adddf3>:
20000ddc:	b530      	push	{r4, r5, lr}
20000dde:	ea4f 0441 	mov.w	r4, r1, lsl #1
20000de2:	ea4f 0543 	mov.w	r5, r3, lsl #1
20000de6:	ea94 0f05 	teq	r4, r5
20000dea:	bf08      	it	eq
20000dec:	ea90 0f02 	teqeq	r0, r2
20000df0:	bf1f      	itttt	ne
20000df2:	ea54 0c00 	orrsne.w	ip, r4, r0
20000df6:	ea55 0c02 	orrsne.w	ip, r5, r2
20000dfa:	ea7f 5c64 	mvnsne.w	ip, r4, asr #21
20000dfe:	ea7f 5c65 	mvnsne.w	ip, r5, asr #21
20000e02:	f000 80e2 	beq.w	20000fca <__adddf3+0x1ee>
20000e06:	ea4f 5454 	mov.w	r4, r4, lsr #21
20000e0a:	ebd4 5555 	rsbs	r5, r4, r5, lsr #21
20000e0e:	bfb8      	it	lt
20000e10:	426d      	neglt	r5, r5
20000e12:	dd0c      	ble.n	20000e2e <__adddf3+0x52>
20000e14:	442c      	add	r4, r5
20000e16:	ea80 0202 	eor.w	r2, r0, r2
20000e1a:	ea81 0303 	eor.w	r3, r1, r3
20000e1e:	ea82 0000 	eor.w	r0, r2, r0
20000e22:	ea83 0101 	eor.w	r1, r3, r1
20000e26:	ea80 0202 	eor.w	r2, r0, r2
20000e2a:	ea81 0303 	eor.w	r3, r1, r3
20000e2e:	2d36      	cmp	r5, #54	@ 0x36
20000e30:	bf88      	it	hi
20000e32:	bd30      	pophi	{r4, r5, pc}
20000e34:	f011 4f00 	tst.w	r1, #2147483648	@ 0x80000000
20000e38:	ea4f 3101 	mov.w	r1, r1, lsl #12
20000e3c:	f44f 1c80 	mov.w	ip, #1048576	@ 0x100000
20000e40:	ea4c 3111 	orr.w	r1, ip, r1, lsr #12
20000e44:	d002      	beq.n	20000e4c <__adddf3+0x70>
20000e46:	4240      	negs	r0, r0
20000e48:	eb61 0141 	sbc.w	r1, r1, r1, lsl #1
20000e4c:	f013 4f00 	tst.w	r3, #2147483648	@ 0x80000000
20000e50:	ea4f 3303 	mov.w	r3, r3, lsl #12
20000e54:	ea4c 3313 	orr.w	r3, ip, r3, lsr #12
20000e58:	d002      	beq.n	20000e60 <__adddf3+0x84>
20000e5a:	4252      	negs	r2, r2
20000e5c:	eb63 0343 	sbc.w	r3, r3, r3, lsl #1
20000e60:	ea94 0f05 	teq	r4, r5
20000e64:	f000 80a7 	beq.w	20000fb6 <__adddf3+0x1da>
20000e68:	f1a4 0401 	sub.w	r4, r4, #1
20000e6c:	f1d5 0e20 	rsbs	lr, r5, #32
20000e70:	db0d      	blt.n	20000e8e <__adddf3+0xb2>
20000e72:	fa02 fc0e 	lsl.w	ip, r2, lr
20000e76:	fa22 f205 	lsr.w	r2, r2, r5
20000e7a:	1880      	adds	r0, r0, r2
20000e7c:	f141 0100 	adc.w	r1, r1, #0
20000e80:	fa03 f20e 	lsl.w	r2, r3, lr
20000e84:	1880      	adds	r0, r0, r2
20000e86:	fa43 f305 	asr.w	r3, r3, r5
20000e8a:	4159      	adcs	r1, r3
20000e8c:	e00e      	b.n	20000eac <__adddf3+0xd0>
20000e8e:	f1a5 0520 	sub.w	r5, r5, #32
20000e92:	f10e 0e20 	add.w	lr, lr, #32
20000e96:	2a01      	cmp	r2, #1
20000e98:	fa03 fc0e 	lsl.w	ip, r3, lr
20000e9c:	bf28      	it	cs
20000e9e:	f04c 0c02 	orrcs.w	ip, ip, #2
20000ea2:	fa43 f305 	asr.w	r3, r3, r5
20000ea6:	18c0      	adds	r0, r0, r3
20000ea8:	eb51 71e3 	adcs.w	r1, r1, r3, asr #31
20000eac:	f001 4500 	and.w	r5, r1, #2147483648	@ 0x80000000
20000eb0:	d507      	bpl.n	20000ec2 <__adddf3+0xe6>
20000eb2:	f04f 0e00 	mov.w	lr, #0
20000eb6:	f1dc 0c00 	rsbs	ip, ip, #0
20000eba:	eb7e 0000 	sbcs.w	r0, lr, r0
20000ebe:	eb6e 0101 	sbc.w	r1, lr, r1
20000ec2:	f5b1 1f80 	cmp.w	r1, #1048576	@ 0x100000
20000ec6:	d31b      	bcc.n	20000f00 <__adddf3+0x124>
20000ec8:	f5b1 1f00 	cmp.w	r1, #2097152	@ 0x200000
20000ecc:	d30c      	bcc.n	20000ee8 <__adddf3+0x10c>
20000ece:	0849      	lsrs	r1, r1, #1
20000ed0:	ea5f 0030 	movs.w	r0, r0, rrx
20000ed4:	ea4f 0c3c 	mov.w	ip, ip, rrx
20000ed8:	f104 0401 	add.w	r4, r4, #1
20000edc:	ea4f 5244 	mov.w	r2, r4, lsl #21
20000ee0:	f512 0f80 	cmn.w	r2, #4194304	@ 0x400000
20000ee4:	f080 809a 	bcs.w	2000101c <__adddf3+0x240>
20000ee8:	f1bc 4f00 	cmp.w	ip, #2147483648	@ 0x80000000
20000eec:	bf08      	it	eq
20000eee:	ea5f 0c50 	movseq.w	ip, r0, lsr #1
20000ef2:	f150 0000 	adcs.w	r0, r0, #0
20000ef6:	eb41 5104 	adc.w	r1, r1, r4, lsl #20
20000efa:	ea41 0105 	orr.w	r1, r1, r5
20000efe:	bd30      	pop	{r4, r5, pc}
20000f00:	ea5f 0c4c 	movs.w	ip, ip, lsl #1
20000f04:	4140      	adcs	r0, r0
20000f06:	eb41 0101 	adc.w	r1, r1, r1
20000f0a:	3c01      	subs	r4, #1
20000f0c:	bf28      	it	cs
20000f0e:	f5b1 1f80 	cmpcs.w	r1, #1048576	@ 0x100000
20000f12:	d2e9      	bcs.n	20000ee8 <__adddf3+0x10c>
20000f14:	f091 0f00 	teq	r1, #0
20000f18:	bf04      	itt	eq
20000f1a:	4601      	moveq	r1, r0
20000f1c:	2000      	moveq	r0, #0
20000f1e:	fab1 f381 	clz	r3, r1
20000f22:	bf08      	it	eq
20000f24:	3320      	addeq	r3, #32
20000f26:	f1a3 030b 	sub.w	r3, r3, #11
20000f2a:	f1b3 0220 	subs.w	r2, r3, #32
20000f2e:	da0c      	bge.n	20000f4a <__adddf3+0x16e>
20000f30:	320c      	adds	r2, #12
20000f32:	dd08      	ble.n	20000f46 <__adddf3+0x16a>
20000f34:	f102 0c14 	add.w	ip, r2, #20
20000f38:	f1c2 020c 	rsb	r2, r2, #12
20000f3c:	fa01 f00c 	lsl.w	r0, r1, ip
20000f40:	fa21 f102 	lsr.w	r1, r1, r2
20000f44:	e00c      	b.n	20000f60 <__adddf3+0x184>
20000f46:	f102 0214 	add.w	r2, r2, #20
20000f4a:	bfd8      	it	le
20000f4c:	f1c2 0c20 	rsble	ip, r2, #32
20000f50:	fa01 f102 	lsl.w	r1, r1, r2
20000f54:	fa20 fc0c 	lsr.w	ip, r0, ip
20000f58:	bfdc      	itt	le
20000f5a:	ea41 010c 	orrle.w	r1, r1, ip
20000f5e:	4090      	lslle	r0, r2
20000f60:	1ae4      	subs	r4, r4, r3
20000f62:	bfa2      	ittt	ge
20000f64:	eb01 5104 	addge.w	r1, r1, r4, lsl #20
20000f68:	4329      	orrge	r1, r5
20000f6a:	bd30      	popge	{r4, r5, pc}
20000f6c:	ea6f 0404 	mvn.w	r4, r4
20000f70:	3c1f      	subs	r4, #31
20000f72:	da1c      	bge.n	20000fae <__adddf3+0x1d2>
20000f74:	340c      	adds	r4, #12
20000f76:	dc0e      	bgt.n	20000f96 <__adddf3+0x1ba>
20000f78:	f104 0414 	add.w	r4, r4, #20
20000f7c:	f1c4 0220 	rsb	r2, r4, #32
20000f80:	fa20 f004 	lsr.w	r0, r0, r4
20000f84:	fa01 f302 	lsl.w	r3, r1, r2
20000f88:	ea40 0003 	orr.w	r0, r0, r3
20000f8c:	fa21 f304 	lsr.w	r3, r1, r4
20000f90:	ea45 0103 	orr.w	r1, r5, r3
20000f94:	bd30      	pop	{r4, r5, pc}
20000f96:	f1c4 040c 	rsb	r4, r4, #12
20000f9a:	f1c4 0220 	rsb	r2, r4, #32
20000f9e:	fa20 f002 	lsr.w	r0, r0, r2
20000fa2:	fa01 f304 	lsl.w	r3, r1, r4
20000fa6:	ea40 0003 	orr.w	r0, r0, r3
20000faa:	4629      	mov	r1, r5
20000fac:	bd30      	pop	{r4, r5, pc}
20000fae:	fa21 f004 	lsr.w	r0, r1, r4
20000fb2:	4629      	mov	r1, r5
20000fb4:	bd30      	pop	{r4, r5, pc}
20000fb6:	f094 0f00 	teq	r4, #0
20000fba:	f483 1380 	eor.w	r3, r3, #1048576	@ 0x100000
20000fbe:	bf06      	itte	eq
20000fc0:	f481 1180 	eoreq.w	r1, r1, #1048576	@ 0x100000
20000fc4:	3401      	addeq	r4, #1
20000fc6:	3d01      	subne	r5, #1
20000fc8:	e74e      	b.n	20000e68 <__adddf3+0x8c>
20000fca:	ea7f 5c64 	mvns.w	ip, r4, asr #21
20000fce:	bf18      	it	ne
20000fd0:	ea7f 5c65 	mvnsne.w	ip, r5, asr #21
20000fd4:	d029      	beq.n	2000102a <__adddf3+0x24e>
20000fd6:	ea94 0f05 	teq	r4, r5
20000fda:	bf08      	it	eq
20000fdc:	ea90 0f02 	teqeq	r0, r2
20000fe0:	d005      	beq.n	20000fee <__adddf3+0x212>
20000fe2:	ea54 0c00 	orrs.w	ip, r4, r0
20000fe6:	bf04      	itt	eq
20000fe8:	4619      	moveq	r1, r3
20000fea:	4610      	moveq	r0, r2
20000fec:	bd30      	pop	{r4, r5, pc}
20000fee:	ea91 0f03 	teq	r1, r3
20000ff2:	bf1e      	ittt	ne
20000ff4:	2100      	movne	r1, #0
20000ff6:	2000      	movne	r0, #0
20000ff8:	bd30      	popne	{r4, r5, pc}
20000ffa:	ea5f 5c54 	movs.w	ip, r4, lsr #21
20000ffe:	d105      	bne.n	2000100c <__adddf3+0x230>
20001000:	0040      	lsls	r0, r0, #1
20001002:	4149      	adcs	r1, r1
20001004:	bf28      	it	cs
20001006:	f041 4100 	orrcs.w	r1, r1, #2147483648	@ 0x80000000
2000100a:	bd30      	pop	{r4, r5, pc}
2000100c:	f514 0480 	adds.w	r4, r4, #4194304	@ 0x400000
20001010:	bf3c      	itt	cc
20001012:	f501 1180 	addcc.w	r1, r1, #1048576	@ 0x100000
20001016:	bd30      	popcc	{r4, r5, pc}
20001018:	f001 4500 	and.w	r5, r1, #2147483648	@ 0x80000000
2000101c:	f045 41fe 	orr.w	r1, r5, #2130706432	@ 0x7f000000
20001020:	f441 0170 	orr.w	r1, r1, #15728640	@ 0xf00000
20001024:	f04f 0000 	mov.w	r0, #0
20001028:	bd30      	pop	{r4, r5, pc}
2000102a:	ea7f 5c64 	mvns.w	ip, r4, asr #21
2000102e:	bf1a      	itte	ne
20001030:	4619      	movne	r1, r3
20001032:	4610      	movne	r0, r2
20001034:	ea7f 5c65 	mvnseq.w	ip, r5, asr #21
20001038:	bf1c      	itt	ne
2000103a:	460b      	movne	r3, r1
2000103c:	4602      	movne	r2, r0
2000103e:	ea50 3401 	orrs.w	r4, r0, r1, lsl #12
20001042:	bf06      	itte	eq
20001044:	ea52 3503 	orrseq.w	r5, r2, r3, lsl #12
20001048:	ea91 0f03 	teqeq	r1, r3
2000104c:	f441 2100 	orrne.w	r1, r1, #524288	@ 0x80000
20001050:	bd30      	pop	{r4, r5, pc}
20001052:	bf00      	nop

20001054 <__aeabi_ui2d>:
20001054:	f090 0f00 	teq	r0, #0
20001058:	bf04      	itt	eq
2000105a:	2100      	moveq	r1, #0
2000105c:	4770      	bxeq	lr
2000105e:	b530      	push	{r4, r5, lr}
20001060:	f44f 6480 	mov.w	r4, #1024	@ 0x400
20001064:	f104 0432 	add.w	r4, r4, #50	@ 0x32
20001068:	f04f 0500 	mov.w	r5, #0
2000106c:	f04f 0100 	mov.w	r1, #0
20001070:	e750      	b.n	20000f14 <__adddf3+0x138>
20001072:	bf00      	nop

20001074 <__aeabi_i2d>:
20001074:	f090 0f00 	teq	r0, #0
20001078:	bf04      	itt	eq
2000107a:	2100      	moveq	r1, #0
2000107c:	4770      	bxeq	lr
2000107e:	b530      	push	{r4, r5, lr}
20001080:	f44f 6480 	mov.w	r4, #1024	@ 0x400
20001084:	f104 0432 	add.w	r4, r4, #50	@ 0x32
20001088:	f010 4500 	ands.w	r5, r0, #2147483648	@ 0x80000000
2000108c:	bf48      	it	mi
2000108e:	4240      	negmi	r0, r0
20001090:	f04f 0100 	mov.w	r1, #0
20001094:	e73e      	b.n	20000f14 <__adddf3+0x138>
20001096:	bf00      	nop

20001098 <__aeabi_f2d>:
20001098:	0042      	lsls	r2, r0, #1
2000109a:	ea4f 01e2 	mov.w	r1, r2, asr #3
2000109e:	ea4f 0131 	mov.w	r1, r1, rrx
200010a2:	ea4f 7002 	mov.w	r0, r2, lsl #28
200010a6:	bf1f      	itttt	ne
200010a8:	f012 437f 	andsne.w	r3, r2, #4278190080	@ 0xff000000
200010ac:	f093 4f7f 	teqne	r3, #4278190080	@ 0xff000000
200010b0:	f081 5160 	eorne.w	r1, r1, #939524096	@ 0x38000000
200010b4:	4770      	bxne	lr
200010b6:	f032 427f 	bics.w	r2, r2, #4278190080	@ 0xff000000
200010ba:	bf08      	it	eq
200010bc:	4770      	bxeq	lr
200010be:	f093 4f7f 	teq	r3, #4278190080	@ 0xff000000
200010c2:	bf04      	itt	eq
200010c4:	f441 2100 	orreq.w	r1, r1, #524288	@ 0x80000
200010c8:	4770      	bxeq	lr
200010ca:	b530      	push	{r4, r5, lr}
200010cc:	f44f 7460 	mov.w	r4, #896	@ 0x380
200010d0:	f001 4500 	and.w	r5, r1, #2147483648	@ 0x80000000
200010d4:	f021 4100 	bic.w	r1, r1, #2147483648	@ 0x80000000
200010d8:	e71c      	b.n	20000f14 <__adddf3+0x138>
200010da:	bf00      	nop

200010dc <__aeabi_ul2d>:
200010dc:	ea50 0201 	orrs.w	r2, r0, r1
200010e0:	bf08      	it	eq
200010e2:	4770      	bxeq	lr
200010e4:	b530      	push	{r4, r5, lr}
200010e6:	f04f 0500 	mov.w	r5, #0
200010ea:	e00a      	b.n	20001102 <__aeabi_l2d+0x16>

200010ec <__aeabi_l2d>:
200010ec:	ea50 0201 	orrs.w	r2, r0, r1
200010f0:	bf08      	it	eq
200010f2:	4770      	bxeq	lr
200010f4:	b530      	push	{r4, r5, lr}
200010f6:	f011 4500 	ands.w	r5, r1, #2147483648	@ 0x80000000
200010fa:	d502      	bpl.n	20001102 <__aeabi_l2d+0x16>
200010fc:	4240      	negs	r0, r0
200010fe:	eb61 0141 	sbc.w	r1, r1, r1, lsl #1
20001102:	f44f 6480 	mov.w	r4, #1024	@ 0x400
20001106:	f104 0432 	add.w	r4, r4, #50	@ 0x32
2000110a:	ea5f 5c91 	movs.w	ip, r1, lsr #22
2000110e:	f43f aed8 	beq.w	20000ec2 <__adddf3+0xe6>
20001112:	f04f 0203 	mov.w	r2, #3
20001116:	ea5f 0cdc 	movs.w	ip, ip, lsr #3
2000111a:	bf18      	it	ne
2000111c:	3203      	addne	r2, #3
2000111e:	ea5f 0cdc 	movs.w	ip, ip, lsr #3
20001122:	bf18      	it	ne
20001124:	3203      	addne	r2, #3
20001126:	eb02 02dc 	add.w	r2, r2, ip, lsr #3
2000112a:	f1c2 0320 	rsb	r3, r2, #32
2000112e:	fa00 fc03 	lsl.w	ip, r0, r3
20001132:	fa20 f002 	lsr.w	r0, r0, r2
20001136:	fa01 fe03 	lsl.w	lr, r1, r3
2000113a:	ea40 000e 	orr.w	r0, r0, lr
2000113e:	fa21 f102 	lsr.w	r1, r1, r2
20001142:	4414      	add	r4, r2
20001144:	e6bd      	b.n	20000ec2 <__adddf3+0xe6>
20001146:	bf00      	nop

20001148 <__aeabi_uldivmod>:
20001148:	b953      	cbnz	r3, 20001160 <__aeabi_uldivmod+0x18>
2000114a:	b94a      	cbnz	r2, 20001160 <__aeabi_uldivmod+0x18>
2000114c:	2900      	cmp	r1, #0
2000114e:	bf08      	it	eq
20001150:	2800      	cmpeq	r0, #0
20001152:	bf1c      	itt	ne
20001154:	f04f 31ff 	movne.w	r1, #4294967295	@ 0xffffffff
20001158:	f04f 30ff 	movne.w	r0, #4294967295	@ 0xffffffff
2000115c:	f000 b9b2 	b.w	200014c4 <__aeabi_idiv0>
20001160:	f1ad 0c08 	sub.w	ip, sp, #8
20001164:	e96d ce04 	strd	ip, lr, [sp, #-16]!
20001168:	f000 f806 	bl	20001178 <__udivmoddi4>
2000116c:	f8dd e004 	ldr.w	lr, [sp, #4]
20001170:	e9dd 2302 	ldrd	r2, r3, [sp, #8]
20001174:	b004      	add	sp, #16
20001176:	4770      	bx	lr

20001178 <__udivmoddi4>:
20001178:	e92d 4ff0 	stmdb	sp!, {r4, r5, r6, r7, r8, r9, sl, fp, lr}
2000117c:	468c      	mov	ip, r1
2000117e:	9e09      	ldr	r6, [sp, #36]	@ 0x24
20001180:	4604      	mov	r4, r0
20001182:	460f      	mov	r7, r1
20001184:	2b00      	cmp	r3, #0
20001186:	d148      	bne.n	2000121a <__udivmoddi4+0xa2>
20001188:	428a      	cmp	r2, r1
2000118a:	4615      	mov	r5, r2
2000118c:	d95e      	bls.n	2000124c <__udivmoddi4+0xd4>
2000118e:	fab2 f382 	clz	r3, r2
20001192:	b13b      	cbz	r3, 200011a4 <__udivmoddi4+0x2c>
20001194:	f1c3 0220 	rsb	r2, r3, #32
20001198:	409f      	lsls	r7, r3
2000119a:	409d      	lsls	r5, r3
2000119c:	409c      	lsls	r4, r3
2000119e:	fa20 f202 	lsr.w	r2, r0, r2
200011a2:	4317      	orrs	r7, r2
200011a4:	ea4f 4e15 	mov.w	lr, r5, lsr #16
200011a8:	fa1f fc85 	uxth.w	ip, r5
200011ac:	0c22      	lsrs	r2, r4, #16
200011ae:	fbb7 f1fe 	udiv	r1, r7, lr
200011b2:	fb0e 7711 	mls	r7, lr, r1, r7
200011b6:	fb01 f00c 	mul.w	r0, r1, ip
200011ba:	ea42 4207 	orr.w	r2, r2, r7, lsl #16
200011be:	4290      	cmp	r0, r2
200011c0:	d907      	bls.n	200011d2 <__udivmoddi4+0x5a>
200011c2:	18aa      	adds	r2, r5, r2
200011c4:	f101 37ff 	add.w	r7, r1, #4294967295	@ 0xffffffff
200011c8:	d202      	bcs.n	200011d0 <__udivmoddi4+0x58>
200011ca:	4290      	cmp	r0, r2
200011cc:	f200 8158 	bhi.w	20001480 <__udivmoddi4+0x308>
200011d0:	4639      	mov	r1, r7
200011d2:	1a12      	subs	r2, r2, r0
200011d4:	b2a4      	uxth	r4, r4
200011d6:	fbb2 f0fe 	udiv	r0, r2, lr
200011da:	fb0e 2210 	mls	r2, lr, r0, r2
200011de:	fb00 fc0c 	mul.w	ip, r0, ip
200011e2:	ea44 4402 	orr.w	r4, r4, r2, lsl #16
200011e6:	45a4      	cmp	ip, r4
200011e8:	d90b      	bls.n	20001202 <__udivmoddi4+0x8a>
200011ea:	192c      	adds	r4, r5, r4
200011ec:	f100 32ff 	add.w	r2, r0, #4294967295	@ 0xffffffff
200011f0:	bf2c      	ite	cs
200011f2:	2701      	movcs	r7, #1
200011f4:	2700      	movcc	r7, #0
200011f6:	45a4      	cmp	ip, r4
200011f8:	d902      	bls.n	20001200 <__udivmoddi4+0x88>
200011fa:	2f00      	cmp	r7, #0
200011fc:	f000 8143 	beq.w	20001486 <__udivmoddi4+0x30e>
20001200:	4610      	mov	r0, r2
20001202:	ea40 4001 	orr.w	r0, r0, r1, lsl #16
20001206:	eba4 040c 	sub.w	r4, r4, ip
2000120a:	2100      	movs	r1, #0
2000120c:	b11e      	cbz	r6, 20001216 <__udivmoddi4+0x9e>
2000120e:	40dc      	lsrs	r4, r3
20001210:	2300      	movs	r3, #0
20001212:	e9c6 4300 	strd	r4, r3, [r6]
20001216:	e8bd 8ff0 	ldmia.w	sp!, {r4, r5, r6, r7, r8, r9, sl, fp, pc}
2000121a:	428b      	cmp	r3, r1
2000121c:	d906      	bls.n	2000122c <__udivmoddi4+0xb4>
2000121e:	b10e      	cbz	r6, 20001224 <__udivmoddi4+0xac>
20001220:	e9c6 0100 	strd	r0, r1, [r6]
20001224:	2100      	movs	r1, #0
20001226:	4608      	mov	r0, r1
20001228:	e8bd 8ff0 	ldmia.w	sp!, {r4, r5, r6, r7, r8, r9, sl, fp, pc}
2000122c:	fab3 f183 	clz	r1, r3
20001230:	2900      	cmp	r1, #0
20001232:	d151      	bne.n	200012d8 <__udivmoddi4+0x160>
20001234:	4563      	cmp	r3, ip
20001236:	f0c0 8116 	bcc.w	20001466 <__udivmoddi4+0x2ee>
2000123a:	4282      	cmp	r2, r0
2000123c:	f240 8113 	bls.w	20001466 <__udivmoddi4+0x2ee>
20001240:	4608      	mov	r0, r1
20001242:	2e00      	cmp	r6, #0
20001244:	d0e7      	beq.n	20001216 <__udivmoddi4+0x9e>
20001246:	e9c6 4700 	strd	r4, r7, [r6]
2000124a:	e7e4      	b.n	20001216 <__udivmoddi4+0x9e>
2000124c:	2a00      	cmp	r2, #0
2000124e:	f000 80af 	beq.w	200013b0 <__udivmoddi4+0x238>
20001252:	fab2 f382 	clz	r3, r2
20001256:	2b00      	cmp	r3, #0
20001258:	f040 80c2 	bne.w	200013e0 <__udivmoddi4+0x268>
2000125c:	1a8a      	subs	r2, r1, r2
2000125e:	ea4f 4e15 	mov.w	lr, r5, lsr #16
20001262:	b2af      	uxth	r7, r5
20001264:	2101      	movs	r1, #1
20001266:	0c20      	lsrs	r0, r4, #16
20001268:	fbb2 fcfe 	udiv	ip, r2, lr
2000126c:	fb0e 221c 	mls	r2, lr, ip, r2
20001270:	ea40 4202 	orr.w	r2, r0, r2, lsl #16
20001274:	fb07 f00c 	mul.w	r0, r7, ip
20001278:	4290      	cmp	r0, r2
2000127a:	d90e      	bls.n	2000129a <__udivmoddi4+0x122>
2000127c:	18aa      	adds	r2, r5, r2
2000127e:	f10c 38ff 	add.w	r8, ip, #4294967295	@ 0xffffffff
20001282:	bf2c      	ite	cs
20001284:	f04f 0901 	movcs.w	r9, #1
20001288:	f04f 0900 	movcc.w	r9, #0
2000128c:	4290      	cmp	r0, r2
2000128e:	d903      	bls.n	20001298 <__udivmoddi4+0x120>
20001290:	f1b9 0f00 	cmp.w	r9, #0
20001294:	f000 80f0 	beq.w	20001478 <__udivmoddi4+0x300>
20001298:	46c4      	mov	ip, r8
2000129a:	1a12      	subs	r2, r2, r0
2000129c:	b2a4      	uxth	r4, r4
2000129e:	fbb2 f0fe 	udiv	r0, r2, lr
200012a2:	fb0e 2210 	mls	r2, lr, r0, r2
200012a6:	fb00 f707 	mul.w	r7, r0, r7
200012aa:	ea44 4402 	orr.w	r4, r4, r2, lsl #16
200012ae:	42a7      	cmp	r7, r4
200012b0:	d90e      	bls.n	200012d0 <__udivmoddi4+0x158>
200012b2:	192c      	adds	r4, r5, r4
200012b4:	f100 32ff 	add.w	r2, r0, #4294967295	@ 0xffffffff
200012b8:	bf2c      	ite	cs
200012ba:	f04f 0e01 	movcs.w	lr, #1
200012be:	f04f 0e00 	movcc.w	lr, #0
200012c2:	42a7      	cmp	r7, r4
200012c4:	d903      	bls.n	200012ce <__udivmoddi4+0x156>
200012c6:	f1be 0f00 	cmp.w	lr, #0
200012ca:	f000 80d2 	beq.w	20001472 <__udivmoddi4+0x2fa>
200012ce:	4610      	mov	r0, r2
200012d0:	1be4      	subs	r4, r4, r7
200012d2:	ea40 400c 	orr.w	r0, r0, ip, lsl #16
200012d6:	e799      	b.n	2000120c <__udivmoddi4+0x94>
200012d8:	f1c1 0520 	rsb	r5, r1, #32
200012dc:	408b      	lsls	r3, r1
200012de:	fa0c f401 	lsl.w	r4, ip, r1
200012e2:	fa00 f901 	lsl.w	r9, r0, r1
200012e6:	fa22 f705 	lsr.w	r7, r2, r5
200012ea:	fa2c fc05 	lsr.w	ip, ip, r5
200012ee:	408a      	lsls	r2, r1
200012f0:	431f      	orrs	r7, r3
200012f2:	fa20 f305 	lsr.w	r3, r0, r5
200012f6:	0c38      	lsrs	r0, r7, #16
200012f8:	4323      	orrs	r3, r4
200012fa:	fa1f fe87 	uxth.w	lr, r7
200012fe:	0c1c      	lsrs	r4, r3, #16
20001300:	fbbc f8f0 	udiv	r8, ip, r0
20001304:	fb00 cc18 	mls	ip, r0, r8, ip
20001308:	ea44 440c 	orr.w	r4, r4, ip, lsl #16
2000130c:	fb08 fc0e 	mul.w	ip, r8, lr
20001310:	45a4      	cmp	ip, r4
20001312:	d90e      	bls.n	20001332 <__udivmoddi4+0x1ba>
20001314:	193c      	adds	r4, r7, r4
20001316:	f108 3aff 	add.w	sl, r8, #4294967295	@ 0xffffffff
2000131a:	bf2c      	ite	cs
2000131c:	f04f 0b01 	movcs.w	fp, #1
20001320:	f04f 0b00 	movcc.w	fp, #0
20001324:	45a4      	cmp	ip, r4
20001326:	d903      	bls.n	20001330 <__udivmoddi4+0x1b8>
20001328:	f1bb 0f00 	cmp.w	fp, #0
2000132c:	f000 80b8 	beq.w	200014a0 <__udivmoddi4+0x328>
20001330:	46d0      	mov	r8, sl
20001332:	eba4 040c 	sub.w	r4, r4, ip
20001336:	fa1f fc83 	uxth.w	ip, r3
2000133a:	fbb4 f3f0 	udiv	r3, r4, r0
2000133e:	fb00 4413 	mls	r4, r0, r3, r4
20001342:	fb03 fe0e 	mul.w	lr, r3, lr
20001346:	ea4c 4404 	orr.w	r4, ip, r4, lsl #16
2000134a:	45a6      	cmp	lr, r4
2000134c:	d90e      	bls.n	2000136c <__udivmoddi4+0x1f4>
2000134e:	193c      	adds	r4, r7, r4
20001350:	f103 30ff 	add.w	r0, r3, #4294967295	@ 0xffffffff
20001354:	bf2c      	ite	cs
20001356:	f04f 0c01 	movcs.w	ip, #1
2000135a:	f04f 0c00 	movcc.w	ip, #0
2000135e:	45a6      	cmp	lr, r4
20001360:	d903      	bls.n	2000136a <__udivmoddi4+0x1f2>
20001362:	f1bc 0f00 	cmp.w	ip, #0
20001366:	f000 809f 	beq.w	200014a8 <__udivmoddi4+0x330>
2000136a:	4603      	mov	r3, r0
2000136c:	ea43 4008 	orr.w	r0, r3, r8, lsl #16
20001370:	eba4 040e 	sub.w	r4, r4, lr
20001374:	fba0 ec02 	umull	lr, ip, r0, r2
20001378:	4564      	cmp	r4, ip
2000137a:	4673      	mov	r3, lr
2000137c:	46e0      	mov	r8, ip
2000137e:	d302      	bcc.n	20001386 <__udivmoddi4+0x20e>
20001380:	d107      	bne.n	20001392 <__udivmoddi4+0x21a>
20001382:	45f1      	cmp	r9, lr
20001384:	d205      	bcs.n	20001392 <__udivmoddi4+0x21a>
20001386:	ebbe 0302 	subs.w	r3, lr, r2
2000138a:	eb6c 0c07 	sbc.w	ip, ip, r7
2000138e:	3801      	subs	r0, #1
20001390:	46e0      	mov	r8, ip
20001392:	b15e      	cbz	r6, 200013ac <__udivmoddi4+0x234>
20001394:	ebb9 0203 	subs.w	r2, r9, r3
20001398:	eb64 0408 	sbc.w	r4, r4, r8
2000139c:	fa04 f505 	lsl.w	r5, r4, r5
200013a0:	fa22 f301 	lsr.w	r3, r2, r1
200013a4:	40cc      	lsrs	r4, r1
200013a6:	431d      	orrs	r5, r3
200013a8:	e9c6 5400 	strd	r5, r4, [r6]
200013ac:	2100      	movs	r1, #0
200013ae:	e732      	b.n	20001216 <__udivmoddi4+0x9e>
200013b0:	0842      	lsrs	r2, r0, #1
200013b2:	462f      	mov	r7, r5
200013b4:	084b      	lsrs	r3, r1, #1
200013b6:	46ac      	mov	ip, r5
200013b8:	ea42 72c1 	orr.w	r2, r2, r1, lsl #31
200013bc:	46ae      	mov	lr, r5
200013be:	07c4      	lsls	r4, r0, #31
200013c0:	0c11      	lsrs	r1, r2, #16
200013c2:	b292      	uxth	r2, r2
200013c4:	ea41 4103 	orr.w	r1, r1, r3, lsl #16
200013c8:	ea42 4201 	orr.w	r2, r2, r1, lsl #16
200013cc:	fbb1 f1f5 	udiv	r1, r1, r5
200013d0:	fbb3 f0f5 	udiv	r0, r3, r5
200013d4:	231f      	movs	r3, #31
200013d6:	eba2 020c 	sub.w	r2, r2, ip
200013da:	ea41 4100 	orr.w	r1, r1, r0, lsl #16
200013de:	e742      	b.n	20001266 <__udivmoddi4+0xee>
200013e0:	409d      	lsls	r5, r3
200013e2:	f1c3 0220 	rsb	r2, r3, #32
200013e6:	4099      	lsls	r1, r3
200013e8:	409c      	lsls	r4, r3
200013ea:	fa2c fc02 	lsr.w	ip, ip, r2
200013ee:	ea4f 4e15 	mov.w	lr, r5, lsr #16
200013f2:	fa20 f202 	lsr.w	r2, r0, r2
200013f6:	b2af      	uxth	r7, r5
200013f8:	fbbc f8fe 	udiv	r8, ip, lr
200013fc:	430a      	orrs	r2, r1
200013fe:	fb0e cc18 	mls	ip, lr, r8, ip
20001402:	0c11      	lsrs	r1, r2, #16
20001404:	ea41 410c 	orr.w	r1, r1, ip, lsl #16
20001408:	fb08 fc07 	mul.w	ip, r8, r7
2000140c:	458c      	cmp	ip, r1
2000140e:	d950      	bls.n	200014b2 <__udivmoddi4+0x33a>
20001410:	1869      	adds	r1, r5, r1
20001412:	f108 30ff 	add.w	r0, r8, #4294967295	@ 0xffffffff
20001416:	bf2c      	ite	cs
20001418:	f04f 0901 	movcs.w	r9, #1
2000141c:	f04f 0900 	movcc.w	r9, #0
20001420:	458c      	cmp	ip, r1
20001422:	d902      	bls.n	2000142a <__udivmoddi4+0x2b2>
20001424:	f1b9 0f00 	cmp.w	r9, #0
20001428:	d030      	beq.n	2000148c <__udivmoddi4+0x314>
2000142a:	eba1 010c 	sub.w	r1, r1, ip
2000142e:	fbb1 f8fe 	udiv	r8, r1, lr
20001432:	fb08 fc07 	mul.w	ip, r8, r7
20001436:	fb0e 1118 	mls	r1, lr, r8, r1
2000143a:	b292      	uxth	r2, r2
2000143c:	ea42 4201 	orr.w	r2, r2, r1, lsl #16
20001440:	4562      	cmp	r2, ip
20001442:	d234      	bcs.n	200014ae <__udivmoddi4+0x336>
20001444:	18aa      	adds	r2, r5, r2
20001446:	f108 31ff 	add.w	r1, r8, #4294967295	@ 0xffffffff
2000144a:	bf2c      	ite	cs
2000144c:	f04f 0901 	movcs.w	r9, #1
20001450:	f04f 0900 	movcc.w	r9, #0
20001454:	4562      	cmp	r2, ip
20001456:	d2be      	bcs.n	200013d6 <__udivmoddi4+0x25e>
20001458:	f1b9 0f00 	cmp.w	r9, #0
2000145c:	d1bb      	bne.n	200013d6 <__udivmoddi4+0x25e>
2000145e:	f1a8 0102 	sub.w	r1, r8, #2
20001462:	442a      	add	r2, r5
20001464:	e7b7      	b.n	200013d6 <__udivmoddi4+0x25e>
20001466:	1a84      	subs	r4, r0, r2
20001468:	eb6c 0203 	sbc.w	r2, ip, r3
2000146c:	2001      	movs	r0, #1
2000146e:	4617      	mov	r7, r2
20001470:	e6e7      	b.n	20001242 <__udivmoddi4+0xca>
20001472:	442c      	add	r4, r5
20001474:	3802      	subs	r0, #2
20001476:	e72b      	b.n	200012d0 <__udivmoddi4+0x158>
20001478:	f1ac 0c02 	sub.w	ip, ip, #2
2000147c:	442a      	add	r2, r5
2000147e:	e70c      	b.n	2000129a <__udivmoddi4+0x122>
20001480:	3902      	subs	r1, #2
20001482:	442a      	add	r2, r5
20001484:	e6a5      	b.n	200011d2 <__udivmoddi4+0x5a>
20001486:	442c      	add	r4, r5
20001488:	3802      	subs	r0, #2
2000148a:	e6ba      	b.n	20001202 <__udivmoddi4+0x8a>
2000148c:	eba5 0c0c 	sub.w	ip, r5, ip
20001490:	f1a8 0002 	sub.w	r0, r8, #2
20001494:	4461      	add	r1, ip
20001496:	fbb1 f8fe 	udiv	r8, r1, lr
2000149a:	fb08 fc07 	mul.w	ip, r8, r7
2000149e:	e7ca      	b.n	20001436 <__udivmoddi4+0x2be>
200014a0:	f1a8 0802 	sub.w	r8, r8, #2
200014a4:	443c      	add	r4, r7
200014a6:	e744      	b.n	20001332 <__udivmoddi4+0x1ba>
200014a8:	3b02      	subs	r3, #2
200014aa:	443c      	add	r4, r7
200014ac:	e75e      	b.n	2000136c <__udivmoddi4+0x1f4>
200014ae:	4641      	mov	r1, r8
200014b0:	e791      	b.n	200013d6 <__udivmoddi4+0x25e>
200014b2:	eba1 010c 	sub.w	r1, r1, ip
200014b6:	4640      	mov	r0, r8
200014b8:	fbb1 f8fe 	udiv	r8, r1, lr
200014bc:	fb08 fc07 	mul.w	ip, r8, r7
200014c0:	e7b9      	b.n	20001436 <__udivmoddi4+0x2be>
200014c2:	bf00      	nop

200014c4 <__aeabi_idiv0>:
200014c4:	4770      	bx	lr
200014c6:	bf00      	nop

200014c8 <__tud_event_hook_cb_veneer>:
200014c8:	f85f f000 	ldr.w	pc, [pc]	@ 200014cc <__tud_event_hook_cb_veneer+0x4>
200014cc:	1000444d 	.word	0x1000444d

200014d0 <__best_effort_wfe_or_timeout_veneer>:
200014d0:	f85f f000 	ldr.w	pc, [pc]	@ 200014d4 <__best_effort_wfe_or_timeout_veneer+0x4>
200014d4:	1000159d 	.word	0x1000159d

200014d8 <__panic_veneer>:
200014d8:	f85f f000 	ldr.w	pc, [pc]	@ 200014dc <__panic_veneer+0x4>
200014dc:	10000791 	.word	0x10000791

200014e0 <__memset_veneer>:
200014e0:	f85f f000 	ldr.w	pc, [pc]	@ 200014e4 <__memset_veneer+0x4>
200014e4:	100062b5 	.word	0x100062b5

200014e8 <__time_us_64_veneer>:
200014e8:	f85f f000 	ldr.w	pc, [pc]	@ 200014ec <__time_us_64_veneer+0x4>
200014ec:	100016a5 	.word	0x100016a5

200014f0 <__tu_fifo_write_veneer>:
200014f0:	f85f f000 	ldr.w	pc, [pc]	@ 200014f4 <__tu_fifo_write_veneer+0x4>
200014f4:	10005e25 	.word	0x10005e25

200014f8 <striped_spin_lock_num>:
200014f8:	00000010                                ....

200014fc <irq_handler_chain_slots>:
200014fc:	00000000 	.word	0x00000000
20001500:	00010000 	.word	0x00010000
	...
2000150c:	00020000 	.word	0x00020000
	...
20001518:	00030000 	.word	0x00030000
	...
20001524:	00ff0000 	.word	0x00ff0000
20001528:	00000000 	.word	0x00000000

2000152c <irq_handler_chain_first_slot>:
2000152c:	b501      	push	{r0, lr}
2000152e:	6848      	ldr	r0, [r1, #4]
20001530:	3101      	adds	r1, #1
20001532:	468e      	mov	lr, r1
20001534:	4700      	bx	r0

20001536 <irq_handler_chain_remove_tail>:
20001536:	4670      	mov	r0, lr
20001538:	3809      	subs	r0, #9
2000153a:	4901      	ldr	r1, [pc, #4]	@ (20001540 <irq_handler_chain_remove_tail+0xa>)
2000153c:	4788      	blx	r1
2000153e:	bd01      	pop	{r0, pc}
20001540:	10000c05 	.word	0x10000c05

20001544 <default_alarm_pool>:
	...
20001558:	200015a8                                ... 

2000155c <stdio_usb>:
2000155c:	10003bf9 10003ba5 10003b1d 10003a8d     .;...;...;...:..
2000156c:	00000000 00000100                       ........

20001574 <_usbd_qdef>:
20001574:	2000195c 000c0010 00000000 00000000     \.. ............
	...

20001590 <_usbd_rhport>:
20001590:	000000ff                                ....

20001594 <i2c0_inst>:
20001594:	40090000 00000000                       ...@....

2000159c <print_mutex>:
	...
