
/Users/zanderchierici/Documents/GitHub/ME433/hw4/build/hw4.elf:     file format elf32-littlearm

Sections:
Idx Name          Size      VMA       LMA       File off  Algn
  0 .text         00006588  10000000  10000000  00001000  2**3
                  CONTENTS, ALLOC, LOAD, READONLY, CODE
  1 .rodata       00000624  10006588  10006588  00007588  2**3
                  CONTENTS, ALLOC, LOAD, READONLY, DATA
  2 .ARM.exidx    00000008  10006bac  10006bac  00007bac  2**2
                  CONTENTS, ALLOC, LOAD, READONLY, DATA
  3 .binary_info  00000024  10006bb4  10006bb4  00007bb4  2**2
                  CONTENTS, ALLOC, LOAD, READONLY, DATA
  4 .ram_vector_table 00000110  20000000  20000000  0000b000  2**2
                  ALLOC
  5 .uninitialized_data 00000000  20000110  20000110  0000a080  2**0
                  CONTENTS
  6 .data         00001494  20000110  10006bd8  00008110  2**3
                  CONTENTS, ALLOC, LOAD, READONLY, CODE
  7 .tdata        00000000  200015a4  200015a4  0000a080  2**0
                  CONTENTS, ALLOC, LOAD, DATA, THREAD_LOCAL
  8 .tbss         00000000  200015a4  200015a4  00000000  2**0
                  ALLOC, THREAD_LOCAL
  9 .bss          00000e2c  200015a8  1000806c  0000a5a8  2**3
                  ALLOC
 10 .heap         00000800  200023d4  1000806c  0000a3d4  2**2
                  ALLOC, READONLY
 11 .scratch_x    00000000  20080000  20080000  0000a080  2**0
                  CONTENTS
 12 .scratch_y    00000000  20081000  20081000  0000a080  2**0
                  CONTENTS
 13 .stack_dummy  00000800  20081000  20081000  0000b000  2**5
                  ALLOC, READONLY
 14 .flash_end    00000014  1000806c  1000806c  0000a06c  2**2
                  CONTENTS, ALLOC, LOAD, READONLY, DATA
 15 .ARM.attributes 00000034  00000000  00000000  0000a080  2**0
                  CONTENTS, READONLY
 16 .comment      00000045  00000000  00000000  0000a0b4  2**0
                  CONTENTS, READONLY
 17 .debug_info   000376fe  00000000  00000000  0000a0f9  2**0
                  CONTENTS, READONLY, DEBUGGING, OCTETS
 18 .debug_abbrev 000096f9  00000000  00000000  000417f7  2**0
                  CONTENTS, READONLY, DEBUGGING, OCTETS
 19 .debug_loclists 0001a236  00000000  00000000  0004aef0  2**0
                  CONTENTS, READONLY, DEBUGGING, OCTETS
 20 .debug_aranges 000013a0  00000000  00000000  00065128  2**3
                  CONTENTS, READONLY, DEBUGGING, OCTETS
 21 .debug_rnglists 00004943  00000000  00000000  000664c8  2**0
                  CONTENTS, READONLY, DEBUGGING, OCTETS
 22 .debug_line   00023a80  00000000  00000000  0006ae0b  2**0
                  CONTENTS, READONLY, DEBUGGING, OCTETS
 23 .debug_str    000097b4  00000000  00000000  0008e88b  2**0
                  CONTENTS, READONLY, DEBUGGING, OCTETS
 24 .debug_frame  00003534  00000000  00000000  00098040  2**2
                  CONTENTS, READONLY, DEBUGGING, OCTETS
 25 .debug_line_str 000002bc  00000000  00000000  0009b574  2**0
                  CONTENTS, READONLY, DEBUGGING, OCTETS

/Users/zanderchierici/Documents/GitHub/ME433/hw4/build/hw4.elf:     file format elf32-littlearm


Disassembly of section .text:

10000000 <__VECTOR_TABLE>:
10000000:	20082000 	.word	0x20082000
10000004:	1000015d 	.word	0x1000015d
10000008:	1000011b 	.word	0x1000011b
1000000c:	1000011d 	.word	0x1000011d
10000010:	10000111 	.word	0x10000111
10000014:	10000111 	.word	0x10000111
10000018:	10000111 	.word	0x10000111
1000001c:	10000111 	.word	0x10000111
10000020:	10000119 	.word	0x10000119
10000024:	10000119 	.word	0x10000119
10000028:	10000119 	.word	0x10000119
1000002c:	1000011f 	.word	0x1000011f
10000030:	10000111 	.word	0x10000111
10000034:	10000119 	.word	0x10000119
10000038:	10000121 	.word	0x10000121
1000003c:	10000123 	.word	0x10000123
10000040:	10000111 	.word	0x10000111
10000044:	10000111 	.word	0x10000111
10000048:	10000111 	.word	0x10000111
1000004c:	10000111 	.word	0x10000111
10000050:	10000111 	.word	0x10000111
10000054:	10000111 	.word	0x10000111
10000058:	10000111 	.word	0x10000111
1000005c:	10000111 	.word	0x10000111
10000060:	10000111 	.word	0x10000111
10000064:	10000111 	.word	0x10000111
10000068:	10000111 	.word	0x10000111
1000006c:	10000111 	.word	0x10000111
10000070:	10000111 	.word	0x10000111
10000074:	10000111 	.word	0x10000111
10000078:	10000111 	.word	0x10000111
1000007c:	10000111 	.word	0x10000111
10000080:	10000111 	.word	0x10000111
10000084:	10000111 	.word	0x10000111
10000088:	10000111 	.word	0x10000111
1000008c:	10000111 	.word	0x10000111
10000090:	10000111 	.word	0x10000111
10000094:	10000111 	.word	0x10000111
10000098:	10000111 	.word	0x10000111
1000009c:	10000111 	.word	0x10000111
100000a0:	10000111 	.word	0x10000111
100000a4:	10000111 	.word	0x10000111
100000a8:	10000111 	.word	0x10000111
100000ac:	10000111 	.word	0x10000111
100000b0:	10000111 	.word	0x10000111
100000b4:	10000111 	.word	0x10000111
100000b8:	10000111 	.word	0x10000111
100000bc:	10000111 	.word	0x10000111
100000c0:	10000111 	.word	0x10000111
100000c4:	10000111 	.word	0x10000111
100000c8:	10000111 	.word	0x10000111
100000cc:	10000111 	.word	0x10000111
100000d0:	10000111 	.word	0x10000111
100000d4:	10000111 	.word	0x10000111
100000d8:	10000111 	.word	0x10000111
100000dc:	10000111 	.word	0x10000111
100000e0:	10000111 	.word	0x10000111
100000e4:	10000111 	.word	0x10000111
100000e8:	10000111 	.word	0x10000111
100000ec:	10000111 	.word	0x10000111
100000f0:	10000111 	.word	0x10000111
100000f4:	10000111 	.word	0x10000111
100000f8:	10000111 	.word	0x10000111
100000fc:	10000111 	.word	0x10000111
10000100:	10000111 	.word	0x10000111
10000104:	10000111 	.word	0x10000111
10000108:	10000111 	.word	0x10000111
1000010c:	10000111 	.word	0x10000111

10000110 <__unhandled_user_irq>:
10000110:	f3ef 8005 	mrs	r0, IPSR
10000114:	3810      	subs	r0, #16

10000116 <unhandled_user_irq_num_in_r0>:
10000116:	be00      	bkpt	0x0000

10000118 <isr_invalid>:
10000118:	be00      	bkpt	0x0000

1000011a <isr_nmi>:
1000011a:	be00      	bkpt	0x0000

1000011c <isr_hardfault>:
1000011c:	be00      	bkpt	0x0000

1000011e <isr_svcall>:
1000011e:	be00      	bkpt	0x0000

10000120 <isr_pendsv>:
10000120:	be00      	bkpt	0x0000

10000122 <isr_systick>:
10000122:	be00      	bkpt	0x0000

10000124 <__default_isrs_end>:
10000124:	7188ebf2 	.word	0x7188ebf2
10000128:	10006bb4 	.word	0x10006bb4
1000012c:	10006bd8 	.word	0x10006bd8
10000130:	100001a0 	.word	0x100001a0
10000134:	e71aa390 	.word	0xe71aa390

10000138 <__binary_info_header_end>:
10000138:	ffffded3 	.word	0xffffded3
1000013c:	10210142 	.word	0x10210142
10000140:	000001ff 	.word	0x000001ff
10000144:	00007f34 	.word	0x00007f34
10000148:	ab123579 	.word	0xab123579

1000014c <_entry_point>:
1000014c:	f04f 0000 	mov.w	r0, #0

10000150 <_enter_vtable_in_r0>:
10000150:	491e      	ldr	r1, [pc, #120]	@ (100001cc <data_cpy_table+0x2c>)
10000152:	6008      	str	r0, [r1, #0]
10000154:	c806      	ldmia	r0!, {r1, r2}
10000156:	f381 8808 	msr	MSP, r1
1000015a:	4710      	bx	r2

1000015c <_reset_handler>:
1000015c:	f04f 4050 	mov.w	r0, #3489660928	@ 0xd0000000
10000160:	6800      	ldr	r0, [r0, #0]
10000162:	b110      	cbz	r0, 1000016a <hold_non_core0_in_bootrom+0x6>

10000164 <hold_non_core0_in_bootrom>:
10000164:	f04f 0000 	mov.w	r0, #0
10000168:	e7f2      	b.n	10000150 <_enter_vtable_in_r0>
1000016a:	a40d      	add	r4, pc, #52	@ (adr r4, 100001a0 <data_cpy_table>)
1000016c:	cc0e      	ldmia	r4!, {r1, r2, r3}
1000016e:	2900      	cmp	r1, #0
10000170:	d002      	beq.n	10000178 <hold_non_core0_in_bootrom+0x14>
10000172:	f000 f812 	bl	1000019a <data_cpy>
10000176:	e7f9      	b.n	1000016c <hold_non_core0_in_bootrom+0x8>
10000178:	4915      	ldr	r1, [pc, #84]	@ (100001d0 <data_cpy_table+0x30>)
1000017a:	4a16      	ldr	r2, [pc, #88]	@ (100001d4 <data_cpy_table+0x34>)
1000017c:	2000      	movs	r0, #0
1000017e:	e000      	b.n	10000182 <bss_fill_test>

10000180 <bss_fill_loop>:
10000180:	c101      	stmia	r1!, {r0}

10000182 <bss_fill_test>:
10000182:	4291      	cmp	r1, r2
10000184:	d1fc      	bne.n	10000180 <bss_fill_loop>

10000186 <platform_entry>:
10000186:	4914      	ldr	r1, [pc, #80]	@ (100001d8 <data_cpy_table+0x38>)
10000188:	4788      	blx	r1
1000018a:	4914      	ldr	r1, [pc, #80]	@ (100001dc <data_cpy_table+0x3c>)
1000018c:	4788      	blx	r1
1000018e:	4914      	ldr	r1, [pc, #80]	@ (100001e0 <data_cpy_table+0x40>)
10000190:	4788      	blx	r1
10000192:	be00      	bkpt	0x0000
10000194:	e7fd      	b.n	10000192 <platform_entry+0xc>

10000196 <data_cpy_loop>:
10000196:	c901      	ldmia	r1!, {r0}
10000198:	c201      	stmia	r2!, {r0}

1000019a <data_cpy>:
1000019a:	429a      	cmp	r2, r3
1000019c:	d3fb      	bcc.n	10000196 <data_cpy_loop>
1000019e:	4770      	bx	lr

100001a0 <data_cpy_table>:
100001a0:	10006bd8 	.word	0x10006bd8
100001a4:	20000110 	.word	0x20000110
100001a8:	200015a4 	.word	0x200015a4
100001ac:	1000806c 	.word	0x1000806c
100001b0:	20080000 	.word	0x20080000
100001b4:	20080000 	.word	0x20080000
100001b8:	1000806c 	.word	0x1000806c
100001bc:	20081000 	.word	0x20081000
100001c0:	20081000 	.word	0x20081000
100001c4:	00000000 	.word	0x00000000
100001c8:	4770      	bx	lr
100001ca:	0000      	.short	0x0000
100001cc:	e000ed08 	.word	0xe000ed08
100001d0:	200015a4 	.word	0x200015a4
100001d4:	200023d4 	.word	0x200023d4
100001d8:	10003651 	.word	0x10003651
100001dc:	10000281 	.word	0x10000281
100001e0:	10003649 	.word	0x10003649

100001e4 <_init>:
100001e4:	b5f8      	push	{r3, r4, r5, r6, r7, lr}
100001e6:	bf00      	nop

100001e8 <register_tm_clones>:
100001e8:	4b06      	ldr	r3, [pc, #24]	@ (10000204 <register_tm_clones+0x1c>)
100001ea:	4907      	ldr	r1, [pc, #28]	@ (10000208 <register_tm_clones+0x20>)
100001ec:	1ac9      	subs	r1, r1, r3
100001ee:	1089      	asrs	r1, r1, #2
100001f0:	bf48      	it	mi
100001f2:	3101      	addmi	r1, #1
100001f4:	1049      	asrs	r1, r1, #1
100001f6:	d003      	beq.n	10000200 <register_tm_clones+0x18>
100001f8:	4b04      	ldr	r3, [pc, #16]	@ (1000020c <register_tm_clones+0x24>)
100001fa:	b10b      	cbz	r3, 10000200 <register_tm_clones+0x18>
100001fc:	4801      	ldr	r0, [pc, #4]	@ (10000204 <register_tm_clones+0x1c>)
100001fe:	4718      	bx	r3
10000200:	4770      	bx	lr
10000202:	bf00      	nop
10000204:	200015a4 	.word	0x200015a4
10000208:	200015a4 	.word	0x200015a4
1000020c:	00000000 	.word	0x00000000

10000210 <frame_dummy>:
10000210:	b508      	push	{r3, lr}
10000212:	4b05      	ldr	r3, [pc, #20]	@ (10000228 <frame_dummy+0x18>)
10000214:	b11b      	cbz	r3, 1000021e <frame_dummy+0xe>
10000216:	4905      	ldr	r1, [pc, #20]	@ (1000022c <frame_dummy+0x1c>)
10000218:	4805      	ldr	r0, [pc, #20]	@ (10000230 <frame_dummy+0x20>)
1000021a:	f3af 8000 	nop.w
1000021e:	e8bd 4008 	ldmia.w	sp!, {r3, lr}
10000222:	f7ff bfe1 	b.w	100001e8 <register_tm_clones>
10000226:	bf00      	nop
10000228:	00000000 	.word	0x00000000
1000022c:	20002160 	.word	0x20002160
10000230:	10006588 	.word	0x10006588

10000234 <i2c_scan>:
10000234:	b530      	push	{r4, r5, lr}
10000236:	2400      	movs	r4, #0
10000238:	480d      	ldr	r0, [pc, #52]	@ (10000270 <i2c_scan+0x3c>)
1000023a:	b083      	sub	sp, #12
1000023c:	f003 fb74 	bl	10003928 <__wrap_puts>
10000240:	4625      	mov	r5, r4
10000242:	2300      	movs	r3, #0
10000244:	480b      	ldr	r0, [pc, #44]	@ (10000274 <i2c_scan+0x40>)
10000246:	461a      	mov	r2, r3
10000248:	9500      	str	r5, [sp, #0]
1000024a:	b2e1      	uxtb	r1, r4
1000024c:	f006 f838 	bl	100062c0 <i2c_write_blocking>
10000250:	2800      	cmp	r0, #0
10000252:	db03      	blt.n	1000025c <i2c_scan+0x28>
10000254:	4621      	mov	r1, r4
10000256:	4808      	ldr	r0, [pc, #32]	@ (10000278 <i2c_scan+0x44>)
10000258:	f003 fbe6 	bl	10003a28 <__wrap_printf>
1000025c:	3401      	adds	r4, #1
1000025e:	2c7f      	cmp	r4, #127	@ 0x7f
10000260:	d1ef      	bne.n	10000242 <i2c_scan+0xe>
10000262:	4806      	ldr	r0, [pc, #24]	@ (1000027c <i2c_scan+0x48>)
10000264:	b003      	add	sp, #12
10000266:	e8bd 4030 	ldmia.w	sp!, {r4, r5, lr}
1000026a:	f003 bb5d 	b.w	10003928 <__wrap_puts>
1000026e:	bf00      	nop
10000270:	10006588 	.word	0x10006588
10000274:	20001594 	.word	0x20001594
10000278:	100065a0 	.word	0x100065a0
1000027c:	100065b8 	.word	0x100065b8

10000280 <main>:
10000280:	e92d 4ff0 	stmdb	sp!, {r4, r5, r6, r7, r8, r9, sl, fp, lr}
10000284:	ed2d 8b04 	vpush	{d8-d9}
10000288:	b09f      	sub	sp, #124	@ 0x7c
1000028a:	f003 fb09 	bl	100038a0 <stdio_init_all>
1000028e:	2019      	movs	r0, #25
10000290:	f000 fafc 	bl	1000088c <gpio_init>
10000294:	2319      	movs	r3, #25
10000296:	f04f 0201 	mov.w	r2, #1
1000029a:	ec42 3044 	gpioc_bit_oe_put r3, r2
1000029e:	497a      	ldr	r1, [pc, #488]	@ (10000488 <main+0x208>)
100002a0:	487a      	ldr	r0, [pc, #488]	@ (1000048c <main+0x20c>)
100002a2:	f005 ffe7 	bl	10006274 <i2c_init>
100002a6:	2103      	movs	r1, #3
100002a8:	2000      	movs	r0, #0
100002aa:	f000 faad 	bl	10000808 <gpio_set_function>
100002ae:	2103      	movs	r1, #3
100002b0:	2001      	movs	r0, #1
100002b2:	f000 faa9 	bl	10000808 <gpio_set_function>
100002b6:	2200      	movs	r2, #0
100002b8:	2101      	movs	r1, #1
100002ba:	4610      	mov	r0, r2
100002bc:	f000 fac2 	bl	10000844 <gpio_set_pulls>
100002c0:	2101      	movs	r1, #1
100002c2:	2200      	movs	r2, #0
100002c4:	4608      	mov	r0, r1
100002c6:	f000 fabd 	bl	10000844 <gpio_set_pulls>
100002ca:	4871      	ldr	r0, [pc, #452]	@ (10000490 <main+0x210>)
100002cc:	f003 fb2c 	bl	10003928 <__wrap_puts>
100002d0:	f7ff ffb0 	bl	10000234 <i2c_scan>
100002d4:	f000 f942 	bl	1000055c <ssd1306_setup>
100002d8:	f005 fffa 	bl	100062d0 <adc_init>
100002dc:	211f      	movs	r1, #31
100002de:	201a      	movs	r0, #26
100002e0:	f000 fa92 	bl	10000808 <gpio_set_function>
100002e4:	2200      	movs	r2, #0
100002e6:	201a      	movs	r0, #26
100002e8:	4611      	mov	r1, r2
100002ea:	4f6a      	ldr	r7, [pc, #424]	@ (10000494 <main+0x214>)
100002ec:	f000 faaa 	bl	10000844 <gpio_set_pulls>
100002f0:	2100      	movs	r1, #0
100002f2:	201a      	movs	r0, #26
100002f4:	f000 faba 	bl	1000086c <gpio_set_input_enabled>
100002f8:	683b      	ldr	r3, [r7, #0]
100002fa:	4a67      	ldr	r2, [pc, #412]	@ (10000498 <main+0x218>)
100002fc:	f403 4370 	and.w	r3, r3, #61440	@ 0xf000
10000300:	6013      	str	r3, [r2, #0]
10000302:	f001 fa03 	bl	1000170c <time_us_64>
10000306:	f04f 0900 	mov.w	r9, #0
1000030a:	eddf 9a64 	vldr	s19, [pc, #400]	@ 1000049c <main+0x21c>
1000030e:	ed9f 9a64 	vldr	s18, [pc, #400]	@ 100004a0 <main+0x220>
10000312:	eddf 8a64 	vldr	s17, [pc, #400]	@ 100004a4 <main+0x224>
10000316:	4604      	mov	r4, r0
10000318:	46ca      	mov	sl, r9
1000031a:	4d63      	ldr	r5, [pc, #396]	@ (100004a8 <main+0x228>)
1000031c:	4e63      	ldr	r6, [pc, #396]	@ (100004ac <main+0x22c>)
1000031e:	f08a 0a01 	eor.w	sl, sl, #1
10000322:	2319      	movs	r3, #25
10000324:	f00a 0201 	and.w	r2, sl, #1
10000328:	ec42 3040 	gpioc_bit_out_put r3, r2
1000032c:	2304      	movs	r3, #4
1000032e:	6033      	str	r3, [r6, #0]
10000330:	683b      	ldr	r3, [r7, #0]
10000332:	05db      	lsls	r3, r3, #23
10000334:	d5fc      	bpl.n	10000330 <main+0xb0>
10000336:	687b      	ldr	r3, [r7, #4]
10000338:	b29b      	uxth	r3, r3
1000033a:	ee07 3a90 	vmov	s15, r3
1000033e:	eef8 7ae7 	vcvt.f32.s32	s15, s15
10000342:	ee67 7aa9 	vmul.f32	s15, s15, s19
10000346:	ee87 8a89 	vdiv.f32	s16, s15, s18
1000034a:	f001 f9df 	bl	1000170c <time_us_64>
1000034e:	4680      	mov	r8, r0
10000350:	ee18 0a10 	vmov	r0, s16
10000354:	f006 f8d0 	bl	100064f8 <____aeabi_f2d_veneer>
10000358:	eba8 0404 	sub.w	r4, r8, r4
1000035c:	4602      	mov	r2, r0
1000035e:	460b      	mov	r3, r1
10000360:	a804      	add	r0, sp, #16
10000362:	4953      	ldr	r1, [pc, #332]	@ (100004b0 <main+0x230>)
10000364:	f003 f92c 	bl	100035c0 <__wrap_sprintf>
10000368:	ee07 4a90 	vmov	s15, r4
1000036c:	eef8 7a67 	vcvt.f32.u32	s15, s15
10000370:	eec8 7aa7 	vdiv.f32	s15, s17, s15
10000374:	ee17 0a90 	vmov	r0, s15
10000378:	f006 f8be 	bl	100064f8 <____aeabi_f2d_veneer>
1000037c:	4602      	mov	r2, r0
1000037e:	460b      	mov	r3, r1
10000380:	a811      	add	r0, sp, #68	@ 0x44
10000382:	494c      	ldr	r1, [pc, #304]	@ (100004b4 <main+0x234>)
10000384:	f003 f91c 	bl	100035c0 <__wrap_sprintf>
10000388:	f000 fa30 	bl	100007ec <ssd1306_clear>
1000038c:	f89d 2010 	ldrb.w	r2, [sp, #16]
10000390:	b3b2      	cbz	r2, 10000400 <main+0x180>
10000392:	f04f 0905 	mov.w	r9, #5
10000396:	ac04      	add	r4, sp, #16
10000398:	e9cd a802 	strd	sl, r8, [sp, #8]
1000039c:	4613      	mov	r3, r2
1000039e:	46a3      	mov	fp, r4
100003a0:	46c8      	mov	r8, r9
100003a2:	3b20      	subs	r3, #32
100003a4:	2b5f      	cmp	r3, #95	@ 0x5f
100003a6:	d821      	bhi.n	100003ec <main+0x16c>
100003a8:	eb03 0383 	add.w	r3, r3, r3, lsl #2
100003ac:	f1a8 0005 	sub.w	r0, r8, #5
100003b0:	eb05 0a03 	add.w	sl, r5, r3
100003b4:	fa5f f980 	uxtb.w	r9, r0
100003b8:	f8cd b004 	str.w	fp, [sp, #4]
100003bc:	46d3      	mov	fp, sl
100003be:	46ca      	mov	sl, r9
100003c0:	2400      	movs	r4, #0
100003c2:	f81b 9b01 	ldrb.w	r9, [fp], #1
100003c6:	fa49 f204 	asr.w	r2, r9, r4
100003ca:	b2e1      	uxtb	r1, r4
100003cc:	4650      	mov	r0, sl
100003ce:	f002 0201 	and.w	r2, r2, #1
100003d2:	3401      	adds	r4, #1
100003d4:	f000 f9ec 	bl	100007b0 <ssd1306_drawPixel>
100003d8:	2c08      	cmp	r4, #8
100003da:	d1f4      	bne.n	100003c6 <main+0x146>
100003dc:	f10a 0001 	add.w	r0, sl, #1
100003e0:	fa5f fa80 	uxtb.w	sl, r0
100003e4:	45c2      	cmp	sl, r8
100003e6:	d1eb      	bne.n	100003c0 <main+0x140>
100003e8:	f8dd b004 	ldr.w	fp, [sp, #4]
100003ec:	f81b 3f01 	ldrb.w	r3, [fp, #1]!
100003f0:	f108 0106 	add.w	r1, r8, #6
100003f4:	fa5f f881 	uxtb.w	r8, r1
100003f8:	2b00      	cmp	r3, #0
100003fa:	d1d2      	bne.n	100003a2 <main+0x122>
100003fc:	e9dd a802 	ldrd	sl, r8, [sp, #8]
10000400:	f89d 2044 	ldrb.w	r2, [sp, #68]	@ 0x44
10000404:	b3c2      	cbz	r2, 10000478 <main+0x1f8>
10000406:	f04f 0905 	mov.w	r9, #5
1000040a:	ac11      	add	r4, sp, #68	@ 0x44
1000040c:	e9cd a802 	strd	sl, r8, [sp, #8]
10000410:	4613      	mov	r3, r2
10000412:	46a3      	mov	fp, r4
10000414:	46c8      	mov	r8, r9
10000416:	3b20      	subs	r3, #32
10000418:	2b5f      	cmp	r3, #95	@ 0x5f
1000041a:	d823      	bhi.n	10000464 <main+0x1e4>
1000041c:	eb03 0383 	add.w	r3, r3, r3, lsl #2
10000420:	f1a8 0905 	sub.w	r9, r8, #5
10000424:	eb05 0a03 	add.w	sl, r5, r3
10000428:	fa5f f989 	uxtb.w	r9, r9
1000042c:	f8cd b004 	str.w	fp, [sp, #4]
10000430:	46d3      	mov	fp, sl
10000432:	46ca      	mov	sl, r9
10000434:	2400      	movs	r4, #0
10000436:	f81b 9b01 	ldrb.w	r9, [fp], #1
1000043a:	fa49 f204 	asr.w	r2, r9, r4
1000043e:	f104 0118 	add.w	r1, r4, #24
10000442:	4650      	mov	r0, sl
10000444:	f002 0201 	and.w	r2, r2, #1
10000448:	b2c9      	uxtb	r1, r1
1000044a:	3401      	adds	r4, #1
1000044c:	f000 f9b0 	bl	100007b0 <ssd1306_drawPixel>
10000450:	2c08      	cmp	r4, #8
10000452:	d1f2      	bne.n	1000043a <main+0x1ba>
10000454:	f10a 0001 	add.w	r0, sl, #1
10000458:	fa5f fa80 	uxtb.w	sl, r0
1000045c:	45c2      	cmp	sl, r8
1000045e:	d1e9      	bne.n	10000434 <main+0x1b4>
10000460:	f8dd b004 	ldr.w	fp, [sp, #4]
10000464:	f81b 3f01 	ldrb.w	r3, [fp, #1]!
10000468:	f108 0c06 	add.w	ip, r8, #6
1000046c:	fa5f f88c 	uxtb.w	r8, ip
10000470:	2b00      	cmp	r3, #0
10000472:	d1d0      	bne.n	10000416 <main+0x196>
10000474:	e9dd a802 	ldrd	sl, r8, [sp, #8]
10000478:	f000 f81e 	bl	100004b8 <ssd1306_update>
1000047c:	2064      	movs	r0, #100	@ 0x64
1000047e:	f001 f853 	bl	10001528 <sleep_ms>
10000482:	4644      	mov	r4, r8
10000484:	e74b      	b.n	1000031e <main+0x9e>
10000486:	bf00      	nop
10000488:	00061a80 	.word	0x00061a80
1000048c:	20001594 	.word	0x20001594
10000490:	100065c8 	.word	0x100065c8
10000494:	400a0000 	.word	0x400a0000
10000498:	400a1000 	.word	0x400a1000
1000049c:	40533333 	.word	0x40533333
100004a0:	457ff000 	.word	0x457ff000
100004a4:	49742400 	.word	0x49742400
100004a8:	10006760 	.word	0x10006760
100004ac:	400a2000 	.word	0x400a2000
100004b0:	100065dc 	.word	0x100065dc
100004b4:	100065e8 	.word	0x100065e8

100004b8 <ssd1306_update>:
100004b8:	b530      	push	{r4, r5, lr}
100004ba:	2400      	movs	r4, #0
100004bc:	f44f 5c08 	mov.w	ip, #8704	@ 0x2200
100004c0:	4d23      	ldr	r5, [pc, #140]	@ (10000550 <ssd1306_update+0x98>)
100004c2:	b085      	sub	sp, #20
100004c4:	7829      	ldrb	r1, [r5, #0]
100004c6:	aa03      	add	r2, sp, #12
100004c8:	2302      	movs	r3, #2
100004ca:	9400      	str	r4, [sp, #0]
100004cc:	4821      	ldr	r0, [pc, #132]	@ (10000554 <ssd1306_update+0x9c>)
100004ce:	f8ad c00c 	strh.w	ip, [sp, #12]
100004d2:	f005 fef5 	bl	100062c0 <i2c_write_blocking>
100004d6:	9400      	str	r4, [sp, #0]
100004d8:	7829      	ldrb	r1, [r5, #0]
100004da:	aa03      	add	r2, sp, #12
100004dc:	2302      	movs	r3, #2
100004de:	481d      	ldr	r0, [pc, #116]	@ (10000554 <ssd1306_update+0x9c>)
100004e0:	f8ad 400c 	strh.w	r4, [sp, #12]
100004e4:	f005 feec 	bl	100062c0 <i2c_write_blocking>
100004e8:	f44f 427f 	mov.w	r2, #65280	@ 0xff00
100004ec:	9400      	str	r4, [sp, #0]
100004ee:	7829      	ldrb	r1, [r5, #0]
100004f0:	f8ad 200c 	strh.w	r2, [sp, #12]
100004f4:	2302      	movs	r3, #2
100004f6:	aa03      	add	r2, sp, #12
100004f8:	4816      	ldr	r0, [pc, #88]	@ (10000554 <ssd1306_update+0x9c>)
100004fa:	f005 fee1 	bl	100062c0 <i2c_write_blocking>
100004fe:	f44f 5204 	mov.w	r2, #8448	@ 0x2100
10000502:	9400      	str	r4, [sp, #0]
10000504:	7829      	ldrb	r1, [r5, #0]
10000506:	f8ad 200c 	strh.w	r2, [sp, #12]
1000050a:	2302      	movs	r3, #2
1000050c:	aa03      	add	r2, sp, #12
1000050e:	4811      	ldr	r0, [pc, #68]	@ (10000554 <ssd1306_update+0x9c>)
10000510:	f005 fed6 	bl	100062c0 <i2c_write_blocking>
10000514:	9400      	str	r4, [sp, #0]
10000516:	7829      	ldrb	r1, [r5, #0]
10000518:	aa03      	add	r2, sp, #12
1000051a:	2302      	movs	r3, #2
1000051c:	480d      	ldr	r0, [pc, #52]	@ (10000554 <ssd1306_update+0x9c>)
1000051e:	f8ad 400c 	strh.w	r4, [sp, #12]
10000522:	f005 fecd 	bl	100062c0 <i2c_write_blocking>
10000526:	f44f 41fe 	mov.w	r1, #32512	@ 0x7f00
1000052a:	9400      	str	r4, [sp, #0]
1000052c:	aa03      	add	r2, sp, #12
1000052e:	f8ad 100c 	strh.w	r1, [sp, #12]
10000532:	2302      	movs	r3, #2
10000534:	7829      	ldrb	r1, [r5, #0]
10000536:	4807      	ldr	r0, [pc, #28]	@ (10000554 <ssd1306_update+0x9c>)
10000538:	f005 fec2 	bl	100062c0 <i2c_write_blocking>
1000053c:	7829      	ldrb	r1, [r5, #0]
1000053e:	f240 2301 	movw	r3, #513	@ 0x201
10000542:	4a05      	ldr	r2, [pc, #20]	@ (10000558 <ssd1306_update+0xa0>)
10000544:	9400      	str	r4, [sp, #0]
10000546:	4803      	ldr	r0, [pc, #12]	@ (10000554 <ssd1306_update+0x9c>)
10000548:	f005 feba 	bl	100062c0 <i2c_write_blocking>
1000054c:	b005      	add	sp, #20
1000054e:	bd30      	pop	{r4, r5, pc}
10000550:	200014f8 	.word	0x200014f8
10000554:	20001594 	.word	0x20001594
10000558:	200021ac 	.word	0x200021ac

1000055c <ssd1306_setup>:
1000055c:	e92d 41f0 	stmdb	sp!, {r4, r5, r6, r7, r8, lr}
10000560:	2640      	movs	r6, #64	@ 0x40
10000562:	4b90      	ldr	r3, [pc, #576]	@ (100007a4 <ssd1306_setup+0x248>)
10000564:	b084      	sub	sp, #16
10000566:	2014      	movs	r0, #20
10000568:	2400      	movs	r4, #0
1000056a:	701e      	strb	r6, [r3, #0]
1000056c:	f000 ffdc 	bl	10001528 <sleep_ms>
10000570:	f44f 422e 	mov.w	r2, #44544	@ 0xae00
10000574:	4d8c      	ldr	r5, [pc, #560]	@ (100007a8 <ssd1306_setup+0x24c>)
10000576:	f8ad 200c 	strh.w	r2, [sp, #12]
1000057a:	7829      	ldrb	r1, [r5, #0]
1000057c:	aa03      	add	r2, sp, #12
1000057e:	2302      	movs	r3, #2
10000580:	9400      	str	r4, [sp, #0]
10000582:	488a      	ldr	r0, [pc, #552]	@ (100007ac <ssd1306_setup+0x250>)
10000584:	f005 fe9c 	bl	100062c0 <i2c_write_blocking>
10000588:	f44f 4355 	mov.w	r3, #54528	@ 0xd500
1000058c:	9400      	str	r4, [sp, #0]
1000058e:	7829      	ldrb	r1, [r5, #0]
10000590:	f8ad 300c 	strh.w	r3, [sp, #12]
10000594:	aa03      	add	r2, sp, #12
10000596:	2302      	movs	r3, #2
10000598:	4884      	ldr	r0, [pc, #528]	@ (100007ac <ssd1306_setup+0x250>)
1000059a:	f005 fe91 	bl	100062c0 <i2c_write_blocking>
1000059e:	f44f 4300 	mov.w	r3, #32768	@ 0x8000
100005a2:	9400      	str	r4, [sp, #0]
100005a4:	7829      	ldrb	r1, [r5, #0]
100005a6:	f8ad 300c 	strh.w	r3, [sp, #12]
100005aa:	aa03      	add	r2, sp, #12
100005ac:	2302      	movs	r3, #2
100005ae:	487f      	ldr	r0, [pc, #508]	@ (100007ac <ssd1306_setup+0x250>)
100005b0:	f005 fe86 	bl	100062c0 <i2c_write_blocking>
100005b4:	f44f 4328 	mov.w	r3, #43008	@ 0xa800
100005b8:	9400      	str	r4, [sp, #0]
100005ba:	7829      	ldrb	r1, [r5, #0]
100005bc:	f8ad 300c 	strh.w	r3, [sp, #12]
100005c0:	aa03      	add	r2, sp, #12
100005c2:	2302      	movs	r3, #2
100005c4:	4879      	ldr	r0, [pc, #484]	@ (100007ac <ssd1306_setup+0x250>)
100005c6:	f005 fe7b 	bl	100062c0 <i2c_write_blocking>
100005ca:	f44f 53f8 	mov.w	r3, #7936	@ 0x1f00
100005ce:	9400      	str	r4, [sp, #0]
100005d0:	7829      	ldrb	r1, [r5, #0]
100005d2:	f8ad 300c 	strh.w	r3, [sp, #12]
100005d6:	aa03      	add	r2, sp, #12
100005d8:	2302      	movs	r3, #2
100005da:	4874      	ldr	r0, [pc, #464]	@ (100007ac <ssd1306_setup+0x250>)
100005dc:	f005 fe70 	bl	100062c0 <i2c_write_blocking>
100005e0:	f44f 4353 	mov.w	r3, #54016	@ 0xd300
100005e4:	f44f 4880 	mov.w	r8, #16384	@ 0x4000
100005e8:	9400      	str	r4, [sp, #0]
100005ea:	7829      	ldrb	r1, [r5, #0]
100005ec:	f8ad 300c 	strh.w	r3, [sp, #12]
100005f0:	aa03      	add	r2, sp, #12
100005f2:	2302      	movs	r3, #2
100005f4:	486d      	ldr	r0, [pc, #436]	@ (100007ac <ssd1306_setup+0x250>)
100005f6:	f005 fe63 	bl	100062c0 <i2c_write_blocking>
100005fa:	9400      	str	r4, [sp, #0]
100005fc:	7829      	ldrb	r1, [r5, #0]
100005fe:	aa03      	add	r2, sp, #12
10000600:	2302      	movs	r3, #2
10000602:	486a      	ldr	r0, [pc, #424]	@ (100007ac <ssd1306_setup+0x250>)
10000604:	f8ad 400c 	strh.w	r4, [sp, #12]
10000608:	f005 fe5a 	bl	100062c0 <i2c_write_blocking>
1000060c:	9400      	str	r4, [sp, #0]
1000060e:	7829      	ldrb	r1, [r5, #0]
10000610:	aa03      	add	r2, sp, #12
10000612:	2302      	movs	r3, #2
10000614:	4865      	ldr	r0, [pc, #404]	@ (100007ac <ssd1306_setup+0x250>)
10000616:	f8ad 800c 	strh.w	r8, [sp, #12]
1000061a:	f005 fe51 	bl	100062c0 <i2c_write_blocking>
1000061e:	f44f 430d 	mov.w	r3, #36096	@ 0x8d00
10000622:	9400      	str	r4, [sp, #0]
10000624:	7829      	ldrb	r1, [r5, #0]
10000626:	f8ad 300c 	strh.w	r3, [sp, #12]
1000062a:	aa03      	add	r2, sp, #12
1000062c:	2302      	movs	r3, #2
1000062e:	485f      	ldr	r0, [pc, #380]	@ (100007ac <ssd1306_setup+0x250>)
10000630:	f005 fe46 	bl	100062c0 <i2c_write_blocking>
10000634:	f44f 53a0 	mov.w	r3, #5120	@ 0x1400
10000638:	9400      	str	r4, [sp, #0]
1000063a:	7829      	ldrb	r1, [r5, #0]
1000063c:	f8ad 300c 	strh.w	r3, [sp, #12]
10000640:	aa03      	add	r2, sp, #12
10000642:	2302      	movs	r3, #2
10000644:	4859      	ldr	r0, [pc, #356]	@ (100007ac <ssd1306_setup+0x250>)
10000646:	f005 fe3b 	bl	100062c0 <i2c_write_blocking>
1000064a:	f44f 5300 	mov.w	r3, #8192	@ 0x2000
1000064e:	9400      	str	r4, [sp, #0]
10000650:	7829      	ldrb	r1, [r5, #0]
10000652:	f8ad 300c 	strh.w	r3, [sp, #12]
10000656:	aa03      	add	r2, sp, #12
10000658:	2302      	movs	r3, #2
1000065a:	4854      	ldr	r0, [pc, #336]	@ (100007ac <ssd1306_setup+0x250>)
1000065c:	f005 fe30 	bl	100062c0 <i2c_write_blocking>
10000660:	9400      	str	r4, [sp, #0]
10000662:	7829      	ldrb	r1, [r5, #0]
10000664:	aa03      	add	r2, sp, #12
10000666:	2302      	movs	r3, #2
10000668:	4850      	ldr	r0, [pc, #320]	@ (100007ac <ssd1306_setup+0x250>)
1000066a:	f8ad 400c 	strh.w	r4, [sp, #12]
1000066e:	f005 fe27 	bl	100062c0 <i2c_write_blocking>
10000672:	f44f 4321 	mov.w	r3, #41216	@ 0xa100
10000676:	9400      	str	r4, [sp, #0]
10000678:	7829      	ldrb	r1, [r5, #0]
1000067a:	f8ad 300c 	strh.w	r3, [sp, #12]
1000067e:	aa03      	add	r2, sp, #12
10000680:	2302      	movs	r3, #2
10000682:	484a      	ldr	r0, [pc, #296]	@ (100007ac <ssd1306_setup+0x250>)
10000684:	f005 fe1c 	bl	100062c0 <i2c_write_blocking>
10000688:	f44f 4348 	mov.w	r3, #51200	@ 0xc800
1000068c:	9400      	str	r4, [sp, #0]
1000068e:	7829      	ldrb	r1, [r5, #0]
10000690:	f8ad 300c 	strh.w	r3, [sp, #12]
10000694:	aa03      	add	r2, sp, #12
10000696:	2302      	movs	r3, #2
10000698:	4844      	ldr	r0, [pc, #272]	@ (100007ac <ssd1306_setup+0x250>)
1000069a:	f005 fe11 	bl	100062c0 <i2c_write_blocking>
1000069e:	f44f 435a 	mov.w	r3, #55808	@ 0xda00
100006a2:	f44f 7700 	mov.w	r7, #512	@ 0x200
100006a6:	9400      	str	r4, [sp, #0]
100006a8:	7829      	ldrb	r1, [r5, #0]
100006aa:	f8ad 300c 	strh.w	r3, [sp, #12]
100006ae:	aa03      	add	r2, sp, #12
100006b0:	2302      	movs	r3, #2
100006b2:	483e      	ldr	r0, [pc, #248]	@ (100007ac <ssd1306_setup+0x250>)
100006b4:	f005 fe04 	bl	100062c0 <i2c_write_blocking>
100006b8:	9400      	str	r4, [sp, #0]
100006ba:	7829      	ldrb	r1, [r5, #0]
100006bc:	aa03      	add	r2, sp, #12
100006be:	2302      	movs	r3, #2
100006c0:	483a      	ldr	r0, [pc, #232]	@ (100007ac <ssd1306_setup+0x250>)
100006c2:	f8ad 700c 	strh.w	r7, [sp, #12]
100006c6:	f005 fdfb 	bl	100062c0 <i2c_write_blocking>
100006ca:	f44f 4301 	mov.w	r3, #33024	@ 0x8100
100006ce:	9400      	str	r4, [sp, #0]
100006d0:	7829      	ldrb	r1, [r5, #0]
100006d2:	f8ad 300c 	strh.w	r3, [sp, #12]
100006d6:	aa03      	add	r2, sp, #12
100006d8:	2302      	movs	r3, #2
100006da:	4834      	ldr	r0, [pc, #208]	@ (100007ac <ssd1306_setup+0x250>)
100006dc:	f005 fdf0 	bl	100062c0 <i2c_write_blocking>
100006e0:	f44f 430f 	mov.w	r3, #36608	@ 0x8f00
100006e4:	9400      	str	r4, [sp, #0]
100006e6:	7829      	ldrb	r1, [r5, #0]
100006e8:	f8ad 300c 	strh.w	r3, [sp, #12]
100006ec:	aa03      	add	r2, sp, #12
100006ee:	2302      	movs	r3, #2
100006f0:	482e      	ldr	r0, [pc, #184]	@ (100007ac <ssd1306_setup+0x250>)
100006f2:	f005 fde5 	bl	100062c0 <i2c_write_blocking>
100006f6:	f44f 4359 	mov.w	r3, #55552	@ 0xd900
100006fa:	9400      	str	r4, [sp, #0]
100006fc:	7829      	ldrb	r1, [r5, #0]
100006fe:	f8ad 300c 	strh.w	r3, [sp, #12]
10000702:	aa03      	add	r2, sp, #12
10000704:	2302      	movs	r3, #2
10000706:	4829      	ldr	r0, [pc, #164]	@ (100007ac <ssd1306_setup+0x250>)
10000708:	f005 fdda 	bl	100062c0 <i2c_write_blocking>
1000070c:	f44f 4371 	mov.w	r3, #61696	@ 0xf100
10000710:	9400      	str	r4, [sp, #0]
10000712:	7829      	ldrb	r1, [r5, #0]
10000714:	f8ad 300c 	strh.w	r3, [sp, #12]
10000718:	aa03      	add	r2, sp, #12
1000071a:	2302      	movs	r3, #2
1000071c:	4823      	ldr	r0, [pc, #140]	@ (100007ac <ssd1306_setup+0x250>)
1000071e:	f005 fdcf 	bl	100062c0 <i2c_write_blocking>
10000722:	f44f 435b 	mov.w	r3, #56064	@ 0xdb00
10000726:	9400      	str	r4, [sp, #0]
10000728:	7829      	ldrb	r1, [r5, #0]
1000072a:	f8ad 300c 	strh.w	r3, [sp, #12]
1000072e:	aa03      	add	r2, sp, #12
10000730:	2302      	movs	r3, #2
10000732:	481e      	ldr	r0, [pc, #120]	@ (100007ac <ssd1306_setup+0x250>)
10000734:	f005 fdc4 	bl	100062c0 <i2c_write_blocking>
10000738:	9400      	str	r4, [sp, #0]
1000073a:	7829      	ldrb	r1, [r5, #0]
1000073c:	aa03      	add	r2, sp, #12
1000073e:	2302      	movs	r3, #2
10000740:	481a      	ldr	r0, [pc, #104]	@ (100007ac <ssd1306_setup+0x250>)
10000742:	f8ad 800c 	strh.w	r8, [sp, #12]
10000746:	f005 fdbb 	bl	100062c0 <i2c_write_blocking>
1000074a:	f44f 4324 	mov.w	r3, #41984	@ 0xa400
1000074e:	9400      	str	r4, [sp, #0]
10000750:	7829      	ldrb	r1, [r5, #0]
10000752:	f8ad 300c 	strh.w	r3, [sp, #12]
10000756:	aa03      	add	r2, sp, #12
10000758:	2302      	movs	r3, #2
1000075a:	4814      	ldr	r0, [pc, #80]	@ (100007ac <ssd1306_setup+0x250>)
1000075c:	f005 fdb0 	bl	100062c0 <i2c_write_blocking>
10000760:	f44f 4326 	mov.w	r3, #42496	@ 0xa600
10000764:	9400      	str	r4, [sp, #0]
10000766:	7829      	ldrb	r1, [r5, #0]
10000768:	f8ad 300c 	strh.w	r3, [sp, #12]
1000076c:	aa03      	add	r2, sp, #12
1000076e:	2302      	movs	r3, #2
10000770:	480e      	ldr	r0, [pc, #56]	@ (100007ac <ssd1306_setup+0x250>)
10000772:	f005 fda5 	bl	100062c0 <i2c_write_blocking>
10000776:	f44f 432f 	mov.w	r3, #44800	@ 0xaf00
1000077a:	7829      	ldrb	r1, [r5, #0]
1000077c:	f8ad 300c 	strh.w	r3, [sp, #12]
10000780:	aa03      	add	r2, sp, #12
10000782:	2302      	movs	r3, #2
10000784:	9400      	str	r4, [sp, #0]
10000786:	4809      	ldr	r0, [pc, #36]	@ (100007ac <ssd1306_setup+0x250>)
10000788:	f005 fd9a 	bl	100062c0 <i2c_write_blocking>
1000078c:	463a      	mov	r2, r7
1000078e:	4621      	mov	r1, r4
10000790:	4804      	ldr	r0, [pc, #16]	@ (100007a4 <ssd1306_setup+0x248>)
10000792:	f005 fdb5 	bl	10006300 <memset>
10000796:	4b03      	ldr	r3, [pc, #12]	@ (100007a4 <ssd1306_setup+0x248>)
10000798:	701e      	strb	r6, [r3, #0]
1000079a:	b004      	add	sp, #16
1000079c:	e8bd 41f0 	ldmia.w	sp!, {r4, r5, r6, r7, r8, lr}
100007a0:	f7ff be8a 	b.w	100004b8 <ssd1306_update>
100007a4:	200021ac 	.word	0x200021ac
100007a8:	200014f8 	.word	0x200014f8
100007ac:	20001594 	.word	0x20001594

100007b0 <ssd1306_drawPixel>:
100007b0:	0603      	lsls	r3, r0, #24
100007b2:	d418      	bmi.n	100007e6 <ssd1306_drawPixel+0x36>
100007b4:	291f      	cmp	r1, #31
100007b6:	d816      	bhi.n	100007e6 <ssd1306_drawPixel+0x36>
100007b8:	08cb      	lsrs	r3, r1, #3
100007ba:	3001      	adds	r0, #1
100007bc:	eb00 10c3 	add.w	r0, r0, r3, lsl #7
100007c0:	2301      	movs	r3, #1
100007c2:	b410      	push	{r4}
100007c4:	4c08      	ldr	r4, [pc, #32]	@ (100007e8 <ssd1306_drawPixel+0x38>)
100007c6:	f001 0107 	and.w	r1, r1, #7
100007ca:	f814 c000 	ldrb.w	ip, [r4, r0]
100007ce:	408b      	lsls	r3, r1
100007d0:	2a01      	cmp	r2, #1
100007d2:	bf0c      	ite	eq
100007d4:	ea4c 0c03 	orreq.w	ip, ip, r3
100007d8:	ea2c 0c03 	bicne.w	ip, ip, r3
100007dc:	f804 c000 	strb.w	ip, [r4, r0]
100007e0:	f85d 4b04 	ldr.w	r4, [sp], #4
100007e4:	4770      	bx	lr
100007e6:	4770      	bx	lr
100007e8:	200021ac 	.word	0x200021ac

100007ec <ssd1306_clear>:
100007ec:	f44f 7200 	mov.w	r2, #512	@ 0x200
100007f0:	b508      	push	{r3, lr}
100007f2:	2100      	movs	r1, #0
100007f4:	4803      	ldr	r0, [pc, #12]	@ (10000804 <ssd1306_clear+0x18>)
100007f6:	f005 fd83 	bl	10006300 <memset>
100007fa:	2340      	movs	r3, #64	@ 0x40
100007fc:	4a01      	ldr	r2, [pc, #4]	@ (10000804 <ssd1306_clear+0x18>)
100007fe:	7013      	strb	r3, [r2, #0]
10000800:	bd08      	pop	{r3, pc}
10000802:	bf00      	nop
10000804:	200021ac 	.word	0x200021ac

10000808 <gpio_set_function>:
10000808:	b410      	push	{r4}
1000080a:	f44f 7480 	mov.w	r4, #256	@ 0x100
1000080e:	4b0c      	ldr	r3, [pc, #48]	@ (10000840 <gpio_set_function+0x38>)
10000810:	f853 2020 	ldr.w	r2, [r3, r0, lsl #2]
10000814:	eb03 0380 	add.w	r3, r3, r0, lsl #2
10000818:	00c0      	lsls	r0, r0, #3
1000081a:	f082 0240 	eor.w	r2, r2, #64	@ 0x40
1000081e:	f100 4080 	add.w	r0, r0, #1073741824	@ 0x40000000
10000822:	f503 5c80 	add.w	ip, r3, #4096	@ 0x1000
10000826:	f002 02c0 	and.w	r2, r2, #192	@ 0xc0
1000082a:	f500 3020 	add.w	r0, r0, #163840	@ 0x28000
1000082e:	f503 5340 	add.w	r3, r3, #12288	@ 0x3000
10000832:	f8cc 2000 	str.w	r2, [ip]
10000836:	6041      	str	r1, [r0, #4]
10000838:	601c      	str	r4, [r3, #0]
1000083a:	f85d 4b04 	ldr.w	r4, [sp], #4
1000083e:	4770      	bx	lr
10000840:	40038004 	.word	0x40038004

10000844 <gpio_set_pulls>:
10000844:	b410      	push	{r4}
10000846:	4c08      	ldr	r4, [pc, #32]	@ (10000868 <gpio_set_pulls+0x24>)
10000848:	00c9      	lsls	r1, r1, #3
1000084a:	ea41 0182 	orr.w	r1, r1, r2, lsl #2
1000084e:	f854 2020 	ldr.w	r2, [r4, r0, lsl #2]
10000852:	eb04 0380 	add.w	r3, r4, r0, lsl #2
10000856:	4051      	eors	r1, r2
10000858:	f503 5380 	add.w	r3, r3, #4096	@ 0x1000
1000085c:	f001 010c 	and.w	r1, r1, #12
10000860:	f85d 4b04 	ldr.w	r4, [sp], #4
10000864:	6019      	str	r1, [r3, #0]
10000866:	4770      	bx	lr
10000868:	40038004 	.word	0x40038004

1000086c <gpio_set_input_enabled>:
1000086c:	4b06      	ldr	r3, [pc, #24]	@ (10000888 <gpio_set_input_enabled+0x1c>)
1000086e:	2240      	movs	r2, #64	@ 0x40
10000870:	eb03 0380 	add.w	r3, r3, r0, lsl #2
10000874:	b119      	cbz	r1, 1000087e <gpio_set_input_enabled+0x12>
10000876:	f503 5300 	add.w	r3, r3, #8192	@ 0x2000
1000087a:	601a      	str	r2, [r3, #0]
1000087c:	4770      	bx	lr
1000087e:	f503 5340 	add.w	r3, r3, #12288	@ 0x3000
10000882:	601a      	str	r2, [r3, #0]
10000884:	4770      	bx	lr
10000886:	bf00      	nop
10000888:	40038004 	.word	0x40038004

1000088c <gpio_init>:
1000088c:	b430      	push	{r4, r5}
1000088e:	f04f 0300 	mov.w	r3, #0
10000892:	ec43 0044 	gpioc_bit_oe_put r0, r3
10000896:	ec43 0040 	gpioc_bit_out_put r0, r3
1000089a:	2505      	movs	r5, #5
1000089c:	f44f 7480 	mov.w	r4, #256	@ 0x100
100008a0:	4b0b      	ldr	r3, [pc, #44]	@ (100008d0 <gpio_init+0x44>)
100008a2:	00c2      	lsls	r2, r0, #3
100008a4:	f853 1020 	ldr.w	r1, [r3, r0, lsl #2]
100008a8:	eb03 0080 	add.w	r0, r3, r0, lsl #2
100008ac:	f081 0140 	eor.w	r1, r1, #64	@ 0x40
100008b0:	f102 4380 	add.w	r3, r2, #1073741824	@ 0x40000000
100008b4:	f503 3320 	add.w	r3, r3, #163840	@ 0x28000
100008b8:	f001 02c0 	and.w	r2, r1, #192	@ 0xc0
100008bc:	f500 5180 	add.w	r1, r0, #4096	@ 0x1000
100008c0:	f500 5040 	add.w	r0, r0, #12288	@ 0x3000
100008c4:	600a      	str	r2, [r1, #0]
100008c6:	605d      	str	r5, [r3, #4]
100008c8:	6004      	str	r4, [r0, #0]
100008ca:	bc30      	pop	{r4, r5}
100008cc:	4770      	bx	lr
100008ce:	bf00      	nop
100008d0:	40038004 	.word	0x40038004

100008d4 <panic>:
100008d4:	b40f      	push	{r0, r1, r2, r3}
100008d6:	b500      	push	{lr}
100008d8:	b083      	sub	sp, #12
100008da:	9c04      	ldr	r4, [sp, #16]
100008dc:	4807      	ldr	r0, [pc, #28]	@ (100008fc <panic+0x28>)
100008de:	f003 f823 	bl	10003928 <__wrap_puts>
100008e2:	b13c      	cbz	r4, 100008f4 <panic+0x20>
100008e4:	a905      	add	r1, sp, #20
100008e6:	4620      	mov	r0, r4
100008e8:	9101      	str	r1, [sp, #4]
100008ea:	f002 fe93 	bl	10003614 <weak_raw_vprintf>
100008ee:	4804      	ldr	r0, [pc, #16]	@ (10000900 <panic+0x2c>)
100008f0:	f003 f81a 	bl	10003928 <__wrap_puts>
100008f4:	2001      	movs	r0, #1
100008f6:	f002 fea5 	bl	10003644 <_exit>
100008fa:	bf00      	nop
100008fc:	100065f4 	.word	0x100065f4
10000900:	10006604 	.word	0x10006604

10000904 <hw_claim_or_assert>:
10000904:	b570      	push	{r4, r5, r6, lr}
10000906:	4686      	mov	lr, r0
10000908:	f3ef 8510 	mrs	r5, PRIMASK
1000090c:	b672      	cpsid	i
1000090e:	4c12      	ldr	r4, [pc, #72]	@ (10000958 <hw_claim_or_assert+0x54>)
10000910:	e8d4 6fcf 	ldaexb	r6, [r4]
10000914:	2001      	movs	r0, #1
10000916:	2e00      	cmp	r6, #0
10000918:	d1fa      	bne.n	10000910 <hw_claim_or_assert+0xc>
1000091a:	e8c4 0f46 	strexb	r6, r0, [r4]
1000091e:	2e00      	cmp	r6, #0
10000920:	d1f6      	bne.n	10000910 <hw_claim_or_assert+0xc>
10000922:	f3bf 8f5f 	dmb	sy
10000926:	f04f 0c01 	mov.w	ip, #1
1000092a:	08c8      	lsrs	r0, r1, #3
1000092c:	f001 0307 	and.w	r3, r1, #7
10000930:	fa0c f303 	lsl.w	r3, ip, r3
10000934:	f81e c000 	ldrb.w	ip, [lr, r0]
10000938:	ea1c 0603 	ands.w	r6, ip, r3
1000093c:	d108      	bne.n	10000950 <hw_claim_or_assert+0x4c>
1000093e:	ea4c 0c03 	orr.w	ip, ip, r3
10000942:	f80e c000 	strb.w	ip, [lr, r0]
10000946:	e8c4 6f8f 	stlb	r6, [r4]
1000094a:	f385 8810 	msr	PRIMASK, r5
1000094e:	bd70      	pop	{r4, r5, r6, pc}
10000950:	4610      	mov	r0, r2
10000952:	f7ff ffbf 	bl	100008d4 <panic>
10000956:	bf00      	nop
10000958:	200018df 	.word	0x200018df

1000095c <hw_claim_unused_from_range>:
1000095c:	b5f8      	push	{r3, r4, r5, r6, r7, lr}
1000095e:	f3ef 8710 	mrs	r7, PRIMASK
10000962:	b672      	cpsid	i
10000964:	4e1c      	ldr	r6, [pc, #112]	@ (100009d8 <hw_claim_unused_from_range+0x7c>)
10000966:	e8d6 5fcf 	ldaexb	r5, [r6]
1000096a:	2401      	movs	r4, #1
1000096c:	2d00      	cmp	r5, #0
1000096e:	d1fa      	bne.n	10000966 <hw_claim_unused_from_range+0xa>
10000970:	e8c6 4f45 	strexb	r5, r4, [r6]
10000974:	2d00      	cmp	r5, #0
10000976:	d1f6      	bne.n	10000966 <hw_claim_unused_from_range+0xa>
10000978:	f3bf 8f5f 	dmb	sy
1000097c:	429a      	cmp	r2, r3
1000097e:	d81b      	bhi.n	100009b8 <hw_claim_unused_from_range+0x5c>
10000980:	2501      	movs	r5, #1
10000982:	e002      	b.n	1000098a <hw_claim_unused_from_range+0x2e>
10000984:	3201      	adds	r2, #1
10000986:	4293      	cmp	r3, r2
10000988:	d322      	bcc.n	100009d0 <hw_claim_unused_from_range+0x74>
1000098a:	08d4      	lsrs	r4, r2, #3
1000098c:	f810 e004 	ldrb.w	lr, [r0, r4]
10000990:	f002 0c07 	and.w	ip, r2, #7
10000994:	fa05 fc0c 	lsl.w	ip, r5, ip
10000998:	ea1e 0f0c 	tst.w	lr, ip
1000099c:	d1f2      	bne.n	10000984 <hw_claim_unused_from_range+0x28>
1000099e:	ea4e 0e0c 	orr.w	lr, lr, ip
100009a2:	f800 e004 	strb.w	lr, [r0, r4]
100009a6:	4610      	mov	r0, r2
100009a8:	2300      	movs	r3, #0
100009aa:	e8c6 3f8f 	stlb	r3, [r6]
100009ae:	f387 8810 	msr	PRIMASK, r7
100009b2:	4298      	cmp	r0, r3
100009b4:	db07      	blt.n	100009c6 <hw_claim_unused_from_range+0x6a>
100009b6:	bdf8      	pop	{r3, r4, r5, r6, r7, pc}
100009b8:	2300      	movs	r3, #0
100009ba:	e8c6 3f8f 	stlb	r3, [r6]
100009be:	f387 8810 	msr	PRIMASK, r7
100009c2:	f04f 30ff 	mov.w	r0, #4294967295	@ 0xffffffff
100009c6:	2900      	cmp	r1, #0
100009c8:	d0f5      	beq.n	100009b6 <hw_claim_unused_from_range+0x5a>
100009ca:	9806      	ldr	r0, [sp, #24]
100009cc:	f7ff ff82 	bl	100008d4 <panic>
100009d0:	f04f 30ff 	mov.w	r0, #4294967295	@ 0xffffffff
100009d4:	e7e8      	b.n	100009a8 <hw_claim_unused_from_range+0x4c>
100009d6:	bf00      	nop
100009d8:	200018df 	.word	0x200018df

100009dc <next_striped_spin_lock_num>:
100009dc:	4a04      	ldr	r2, [pc, #16]	@ (100009f0 <next_striped_spin_lock_num+0x14>)
100009de:	7810      	ldrb	r0, [r2, #0]
100009e0:	1c43      	adds	r3, r0, #1
100009e2:	b2db      	uxtb	r3, r3
100009e4:	2b18      	cmp	r3, #24
100009e6:	bf28      	it	cs
100009e8:	2310      	movcs	r3, #16
100009ea:	7013      	strb	r3, [r2, #0]
100009ec:	4770      	bx	lr
100009ee:	bf00      	nop
100009f0:	200014f9 	.word	0x200014f9

100009f4 <spin_lock_claim_unused>:
100009f4:	b510      	push	{r4, lr}
100009f6:	4c05      	ldr	r4, [pc, #20]	@ (10000a0c <spin_lock_claim_unused+0x18>)
100009f8:	b082      	sub	sp, #8
100009fa:	4601      	mov	r1, r0
100009fc:	231f      	movs	r3, #31
100009fe:	2218      	movs	r2, #24
10000a00:	9400      	str	r4, [sp, #0]
10000a02:	4803      	ldr	r0, [pc, #12]	@ (10000a10 <spin_lock_claim_unused+0x1c>)
10000a04:	f7ff ffaa 	bl	1000095c <hw_claim_unused_from_range>
10000a08:	b002      	add	sp, #8
10000a0a:	bd10      	pop	{r4, pc}
10000a0c:	10006608 	.word	0x10006608
10000a10:	20001cf0 	.word	0x20001cf0

10000a14 <spinlock_set_extexclall>:
10000a14:	f04f 22e0 	mov.w	r2, #3758153728	@ 0xe000e000
10000a18:	6893      	ldr	r3, [r2, #8]
10000a1a:	f043 5300 	orr.w	r3, r3, #536870912	@ 0x20000000
10000a1e:	6093      	str	r3, [r2, #8]
10000a20:	4770      	bx	lr
10000a22:	bf00      	nop

10000a24 <spin_locks_reset>:
10000a24:	2100      	movs	r1, #0
10000a26:	4b04      	ldr	r3, [pc, #16]	@ (10000a38 <spin_locks_reset+0x14>)
10000a28:	f103 0220 	add.w	r2, r3, #32
10000a2c:	e8c3 1f8f 	stlb	r1, [r3]
10000a30:	3301      	adds	r3, #1
10000a32:	4293      	cmp	r3, r2
10000a34:	d1fa      	bne.n	10000a2c <spin_locks_reset+0x8>
10000a36:	4770      	bx	lr
10000a38:	200018d4 	.word	0x200018d4

10000a3c <runtime_init_per_core_irq_priorities>:
10000a3c:	f04f 23e0 	mov.w	r3, #3758153728	@ 0xe000e000
10000a40:	f04f 3280 	mov.w	r2, #2155905152	@ 0x80808080
10000a44:	f8c3 2400 	str.w	r2, [r3, #1024]	@ 0x400
10000a48:	f8c3 2404 	str.w	r2, [r3, #1028]	@ 0x404
10000a4c:	f8c3 2408 	str.w	r2, [r3, #1032]	@ 0x408
10000a50:	f8c3 240c 	str.w	r2, [r3, #1036]	@ 0x40c
10000a54:	f8c3 2410 	str.w	r2, [r3, #1040]	@ 0x410
10000a58:	f8c3 2414 	str.w	r2, [r3, #1044]	@ 0x414
10000a5c:	f8c3 2418 	str.w	r2, [r3, #1048]	@ 0x418
10000a60:	f8c3 241c 	str.w	r2, [r3, #1052]	@ 0x41c
10000a64:	f8c3 2420 	str.w	r2, [r3, #1056]	@ 0x420
10000a68:	f8c3 2424 	str.w	r2, [r3, #1060]	@ 0x424
10000a6c:	f8c3 2428 	str.w	r2, [r3, #1064]	@ 0x428
10000a70:	f8c3 242c 	str.w	r2, [r3, #1068]	@ 0x42c
10000a74:	f8c3 2430 	str.w	r2, [r3, #1072]	@ 0x430
10000a78:	b662      	cpsie	i
10000a7a:	4770      	bx	lr

10000a7c <irq_set_enabled>:
10000a7c:	2301      	movs	r3, #1
10000a7e:	f000 021f 	and.w	r2, r0, #31
10000a82:	4093      	lsls	r3, r2
10000a84:	0940      	lsrs	r0, r0, #5
10000a86:	b141      	cbz	r1, 10000a9a <irq_set_enabled+0x1e>
10000a88:	0080      	lsls	r0, r0, #2
10000a8a:	f100 4060 	add.w	r0, r0, #3758096384	@ 0xe0000000
10000a8e:	f500 4061 	add.w	r0, r0, #57600	@ 0xe100
10000a92:	f8c0 3180 	str.w	r3, [r0, #384]	@ 0x180
10000a96:	6003      	str	r3, [r0, #0]
10000a98:	4770      	bx	lr
10000a9a:	4a02      	ldr	r2, [pc, #8]	@ (10000aa4 <irq_set_enabled+0x28>)
10000a9c:	3020      	adds	r0, #32
10000a9e:	f842 3020 	str.w	r3, [r2, r0, lsl #2]
10000aa2:	4770      	bx	lr
10000aa4:	e000e100 	.word	0xe000e100

10000aa8 <irq_is_enabled>:
10000aa8:	2301      	movs	r3, #1
10000aaa:	4a06      	ldr	r2, [pc, #24]	@ (10000ac4 <irq_is_enabled+0x1c>)
10000aac:	0941      	lsrs	r1, r0, #5
10000aae:	f852 2021 	ldr.w	r2, [r2, r1, lsl #2]
10000ab2:	f000 001f 	and.w	r0, r0, #31
10000ab6:	fa03 f000 	lsl.w	r0, r3, r0
10000aba:	4010      	ands	r0, r2
10000abc:	3800      	subs	r0, #0
10000abe:	bf18      	it	ne
10000ac0:	2001      	movne	r0, #1
10000ac2:	4770      	bx	lr
10000ac4:	e000e100 	.word	0xe000e100

10000ac8 <irq_set_pending>:
10000ac8:	2201      	movs	r2, #1
10000aca:	0943      	lsrs	r3, r0, #5
10000acc:	4903      	ldr	r1, [pc, #12]	@ (10000adc <irq_set_pending+0x14>)
10000ace:	f000 001f 	and.w	r0, r0, #31
10000ad2:	4082      	lsls	r2, r0
10000ad4:	3340      	adds	r3, #64	@ 0x40
10000ad6:	f841 2023 	str.w	r2, [r1, r3, lsl #2]
10000ada:	4770      	bx	lr
10000adc:	e000e100 	.word	0xe000e100

10000ae0 <irq_has_shared_handler>:
10000ae0:	4a05      	ldr	r2, [pc, #20]	@ (10000af8 <irq_has_shared_handler+0x18>)
10000ae2:	3010      	adds	r0, #16
10000ae4:	6892      	ldr	r2, [r2, #8]
10000ae6:	4b05      	ldr	r3, [pc, #20]	@ (10000afc <irq_has_shared_handler+0x1c>)
10000ae8:	f852 0020 	ldr.w	r0, [r2, r0, lsl #2]
10000aec:	1ac0      	subs	r0, r0, r3
10000aee:	282f      	cmp	r0, #47	@ 0x2f
10000af0:	bf8c      	ite	hi
10000af2:	2000      	movhi	r0, #0
10000af4:	2001      	movls	r0, #1
10000af6:	4770      	bx	lr
10000af8:	e000ed00 	.word	0xe000ed00
10000afc:	200014fc 	.word	0x200014fc

10000b00 <irq_set_exclusive_handler>:
10000b00:	b5f8      	push	{r3, r4, r5, r6, r7, lr}
10000b02:	460d      	mov	r5, r1
10000b04:	f3ef 8710 	mrs	r7, PRIMASK
10000b08:	b672      	cpsid	i
10000b0a:	4e12      	ldr	r6, [pc, #72]	@ (10000b54 <irq_set_exclusive_handler+0x54>)
10000b0c:	e8d6 2fcf 	ldaexb	r2, [r6]
10000b10:	2301      	movs	r3, #1
10000b12:	2a00      	cmp	r2, #0
10000b14:	d1fa      	bne.n	10000b0c <irq_set_exclusive_handler+0xc>
10000b16:	e8c6 3f42 	strexb	r2, r3, [r6]
10000b1a:	2a00      	cmp	r2, #0
10000b1c:	d1f6      	bne.n	10000b0c <irq_set_exclusive_handler+0xc>
10000b1e:	f3bf 8f5f 	dmb	sy
10000b22:	4b0d      	ldr	r3, [pc, #52]	@ (10000b58 <irq_set_exclusive_handler+0x58>)
10000b24:	f100 0410 	add.w	r4, r0, #16
10000b28:	689b      	ldr	r3, [r3, #8]
10000b2a:	4a0c      	ldr	r2, [pc, #48]	@ (10000b5c <irq_set_exclusive_handler+0x5c>)
10000b2c:	f853 3024 	ldr.w	r3, [r3, r4, lsl #2]
10000b30:	4293      	cmp	r3, r2
10000b32:	d003      	beq.n	10000b3c <irq_set_exclusive_handler+0x3c>
10000b34:	4299      	cmp	r1, r3
10000b36:	d001      	beq.n	10000b3c <irq_set_exclusive_handler+0x3c>
10000b38:	f000 ff76 	bl	10001a28 <hard_assertion_failure>
10000b3c:	4b06      	ldr	r3, [pc, #24]	@ (10000b58 <irq_set_exclusive_handler+0x58>)
10000b3e:	689b      	ldr	r3, [r3, #8]
10000b40:	f843 5024 	str.w	r5, [r3, r4, lsl #2]
10000b44:	f3bf 8f5f 	dmb	sy
10000b48:	2300      	movs	r3, #0
10000b4a:	e8c6 3f8f 	stlb	r3, [r6]
10000b4e:	f387 8810 	msr	PRIMASK, r7
10000b52:	bdf8      	pop	{r3, r4, r5, r6, r7, pc}
10000b54:	200018dd 	.word	0x200018dd
10000b58:	e000ed00 	.word	0xe000ed00
10000b5c:	10000111 	.word	0x10000111

10000b60 <irq_add_shared_handler>:
10000b60:	e92d 4ff0 	stmdb	sp!, {r4, r5, r6, r7, r8, r9, sl, fp, lr}
10000b64:	4681      	mov	r9, r0
10000b66:	468b      	mov	fp, r1
10000b68:	4616      	mov	r6, r2
10000b6a:	b083      	sub	sp, #12
10000b6c:	f3ef 8310 	mrs	r3, PRIMASK
10000b70:	b672      	cpsid	i
10000b72:	f8df a1d0 	ldr.w	sl, [pc, #464]	@ 10000d44 <irq_add_shared_handler+0x1e4>
10000b76:	9300      	str	r3, [sp, #0]
10000b78:	e8da 1fcf 	ldaexb	r1, [sl]
10000b7c:	2301      	movs	r3, #1
10000b7e:	2900      	cmp	r1, #0
10000b80:	d1fa      	bne.n	10000b78 <irq_add_shared_handler+0x18>
10000b82:	e8ca 3f41 	strexb	r1, r3, [sl]
10000b86:	2900      	cmp	r1, #0
10000b88:	d1f6      	bne.n	10000b78 <irq_add_shared_handler+0x18>
10000b8a:	f3bf 8f5f 	dmb	sy
10000b8e:	4b66      	ldr	r3, [pc, #408]	@ (10000d28 <irq_add_shared_handler+0x1c8>)
10000b90:	f993 4000 	ldrsb.w	r4, [r3]
10000b94:	2c00      	cmp	r4, #0
10000b96:	f2c0 80a0 	blt.w	10000cda <irq_add_shared_handler+0x17a>
10000b9a:	4d64      	ldr	r5, [pc, #400]	@ (10000d2c <irq_add_shared_handler+0x1cc>)
10000b9c:	eb04 0744 	add.w	r7, r4, r4, lsl #1
10000ba0:	eb05 0887 	add.w	r8, r5, r7, lsl #2
10000ba4:	f898 1006 	ldrb.w	r1, [r8, #6]
10000ba8:	f109 0910 	add.w	r9, r9, #16
10000bac:	7019      	strb	r1, [r3, #0]
10000bae:	4b60      	ldr	r3, [pc, #384]	@ (10000d30 <irq_add_shared_handler+0x1d0>)
10000bb0:	00bf      	lsls	r7, r7, #2
10000bb2:	689b      	ldr	r3, [r3, #8]
10000bb4:	f853 0029 	ldr.w	r0, [r3, r9, lsl #2]
10000bb8:	0063      	lsls	r3, r4, #1
10000bba:	1b41      	subs	r1, r0, r5
10000bbc:	292f      	cmp	r1, #47	@ 0x2f
10000bbe:	d92f      	bls.n	10000c20 <irq_add_shared_handler+0xc0>
10000bc0:	495c      	ldr	r1, [pc, #368]	@ (10000d34 <irq_add_shared_handler+0x1d4>)
10000bc2:	4288      	cmp	r0, r1
10000bc4:	f040 80a4 	bne.w	10000d10 <irq_add_shared_handler+0x1b0>
10000bc8:	441c      	add	r4, r3
10000bca:	4b5b      	ldr	r3, [pc, #364]	@ (10000d38 <irq_add_shared_handler+0x1d8>)
10000bcc:	3702      	adds	r7, #2
10000bce:	442f      	add	r7, r5
10000bd0:	3b04      	subs	r3, #4
10000bd2:	1bdb      	subs	r3, r3, r7
10000bd4:	f3c3 034a 	ubfx	r3, r3, #1, #11
10000bd8:	ea6f 43c3 	mvn.w	r3, r3, lsl #19
10000bdc:	f44f 4121 	mov.w	r1, #41216	@ 0xa100
10000be0:	ea6f 43d3 	mvn.w	r3, r3, lsr #19
10000be4:	f825 1024 	strh.w	r1, [r5, r4, lsl #2]
10000be8:	eb05 0484 	add.w	r4, r5, r4, lsl #2
10000bec:	8063      	strh	r3, [r4, #2]
10000bee:	f64b 5301 	movw	r3, #48385	@ 0xbd01
10000bf2:	80a3      	strh	r3, [r4, #4]
10000bf4:	23ff      	movs	r3, #255	@ 0xff
10000bf6:	f048 0001 	orr.w	r0, r8, #1
10000bfa:	71e6      	strb	r6, [r4, #7]
10000bfc:	f8c4 b008 	str.w	fp, [r4, #8]
10000c00:	71a3      	strb	r3, [r4, #6]
10000c02:	4b4b      	ldr	r3, [pc, #300]	@ (10000d30 <irq_add_shared_handler+0x1d0>)
10000c04:	689b      	ldr	r3, [r3, #8]
10000c06:	f843 0029 	str.w	r0, [r3, r9, lsl #2]
10000c0a:	f3bf 8f5f 	dmb	sy
10000c0e:	2300      	movs	r3, #0
10000c10:	e8ca 3f8f 	stlb	r3, [sl]
10000c14:	9b00      	ldr	r3, [sp, #0]
10000c16:	f383 8810 	msr	PRIMASK, r3
10000c1a:	b003      	add	sp, #12
10000c1c:	e8bd 8ff0 	ldmia.w	sp!, {r4, r5, r6, r7, r8, r9, sl, fp, pc}
10000c20:	f020 0e01 	bic.w	lr, r0, #1
10000c24:	f89e 1007 	ldrb.w	r1, [lr, #7]
10000c28:	42b1      	cmp	r1, r6
10000c2a:	d82e      	bhi.n	10000c8a <irq_add_shared_handler+0x12a>
10000c2c:	f44f 4321 	mov.w	r3, #41216	@ 0xa100
10000c30:	53eb      	strh	r3, [r5, r7]
10000c32:	4b41      	ldr	r3, [pc, #260]	@ (10000d38 <irq_add_shared_handler+0x1d8>)
10000c34:	1cb9      	adds	r1, r7, #2
10000c36:	4429      	add	r1, r5
10000c38:	3b04      	subs	r3, #4
10000c3a:	3704      	adds	r7, #4
10000c3c:	1a5b      	subs	r3, r3, r1
10000c3e:	442f      	add	r7, r5
10000c40:	f1ae 0104 	sub.w	r1, lr, #4
10000c44:	1bc9      	subs	r1, r1, r7
10000c46:	f3c1 044a 	ubfx	r4, r1, #1, #11
10000c4a:	493c      	ldr	r1, [pc, #240]	@ (10000d3c <irq_add_shared_handler+0x1dc>)
10000c4c:	f3c3 034a 	ubfx	r3, r3, #1, #11
10000c50:	430b      	orrs	r3, r1
10000c52:	4321      	orrs	r1, r4
10000c54:	f8a8 1004 	strh.w	r1, [r8, #4]
10000c58:	4939      	ldr	r1, [pc, #228]	@ (10000d40 <irq_add_shared_handler+0x1e0>)
10000c5a:	f8a8 3002 	strh.w	r3, [r8, #2]
10000c5e:	f64a 20aa 	movw	r0, #43690	@ 0xaaaa
10000c62:	4673      	mov	r3, lr
10000c64:	1b5b      	subs	r3, r3, r5
10000c66:	415b      	adcs	r3, r3
10000c68:	4358      	muls	r0, r3
10000c6a:	0d00      	lsrs	r0, r0, #20
10000c6c:	f888 6007 	strb.w	r6, [r8, #7]
10000c70:	f888 0006 	strb.w	r0, [r8, #6]
10000c74:	f8c8 b008 	str.w	fp, [r8, #8]
10000c78:	f048 0001 	orr.w	r0, r8, #1
10000c7c:	f8ce 1000 	str.w	r1, [lr]
10000c80:	e7bf      	b.n	10000c02 <irq_add_shared_handler+0xa2>
10000c82:	79d1      	ldrb	r1, [r2, #7]
10000c84:	42b1      	cmp	r1, r6
10000c86:	d92e      	bls.n	10000ce6 <irq_add_shared_handler+0x186>
10000c88:	4696      	mov	lr, r2
10000c8a:	f99e c006 	ldrsb.w	ip, [lr, #6]
10000c8e:	eb0c 024c 	add.w	r2, ip, ip, lsl #1
10000c92:	f1bc 0f00 	cmp.w	ip, #0
10000c96:	eb05 0282 	add.w	r2, r5, r2, lsl #2
10000c9a:	daf2      	bge.n	10000c82 <irq_add_shared_handler+0x122>
10000c9c:	f64b 5101 	movw	r1, #48385	@ 0xbd01
10000ca0:	f10e 0204 	add.w	r2, lr, #4
10000ca4:	f1a8 0704 	sub.w	r7, r8, #4
10000ca8:	1abf      	subs	r7, r7, r2
10000caa:	f3c7 074a 	ubfx	r7, r7, #1, #11
10000cae:	ea6f 47c7 	mvn.w	r7, r7, lsl #19
10000cb2:	ea6f 47d7 	mvn.w	r7, r7, lsr #19
10000cb6:	f88e 4006 	strb.w	r4, [lr, #6]
10000cba:	eb03 0804 	add.w	r8, r3, r4
10000cbe:	4c20      	ldr	r4, [pc, #128]	@ (10000d40 <irq_add_shared_handler+0x1e0>)
10000cc0:	eb05 0388 	add.w	r3, r5, r8, lsl #2
10000cc4:	f8ae 7004 	strh.w	r7, [lr, #4]
10000cc8:	f845 4028 	str.w	r4, [r5, r8, lsl #2]
10000ccc:	8099      	strh	r1, [r3, #4]
10000cce:	f883 c006 	strb.w	ip, [r3, #6]
10000cd2:	71de      	strb	r6, [r3, #7]
10000cd4:	f8c3 b008 	str.w	fp, [r3, #8]
10000cd8:	e793      	b.n	10000c02 <irq_add_shared_handler+0xa2>
10000cda:	f000 fea5 	bl	10001a28 <hard_assertion_failure>
10000cde:	4b12      	ldr	r3, [pc, #72]	@ (10000d28 <irq_add_shared_handler+0x1c8>)
10000ce0:	f993 4000 	ldrsb.w	r4, [r3]
10000ce4:	e759      	b.n	10000b9a <irq_add_shared_handler+0x3a>
10000ce6:	4672      	mov	r2, lr
10000ce8:	f832 1f04 	ldrh.w	r1, [r2, #4]!
10000cec:	0549      	lsls	r1, r1, #21
10000cee:	d414      	bmi.n	10000d1a <irq_add_shared_handler+0x1ba>
10000cf0:	1549      	asrs	r1, r1, #21
10000cf2:	3102      	adds	r1, #2
10000cf4:	eb02 0141 	add.w	r1, r2, r1, lsl #1
10000cf8:	9101      	str	r1, [sp, #4]
10000cfa:	f06f 0107 	mvn.w	r1, #7
10000cfe:	1bc9      	subs	r1, r1, r7
10000d00:	9f01      	ldr	r7, [sp, #4]
10000d02:	1b49      	subs	r1, r1, r5
10000d04:	4439      	add	r1, r7
10000d06:	f3c1 014a 	ubfx	r1, r1, #1, #11
10000d0a:	f441 4160 	orr.w	r1, r1, #57344	@ 0xe000
10000d0e:	e7c9      	b.n	10000ca4 <irq_add_shared_handler+0x144>
10000d10:	9301      	str	r3, [sp, #4]
10000d12:	f000 fe89 	bl	10001a28 <hard_assertion_failure>
10000d16:	9b01      	ldr	r3, [sp, #4]
10000d18:	e756      	b.n	10000bc8 <irq_add_shared_handler+0x68>
10000d1a:	f501 11ff 	add.w	r1, r1, #2088960	@ 0x1fe000
10000d1e:	f501 51ff 	add.w	r1, r1, #8160	@ 0x1fe0
10000d22:	311f      	adds	r1, #31
10000d24:	e7e4      	b.n	10000cf0 <irq_add_shared_handler+0x190>
10000d26:	bf00      	nop
10000d28:	200023cc 	.word	0x200023cc
10000d2c:	200014fc 	.word	0x200014fc
10000d30:	e000ed00 	.word	0xe000ed00
10000d34:	10000111 	.word	0x10000111
10000d38:	2000152c 	.word	0x2000152c
10000d3c:	ffffe000 	.word	0xffffe000
10000d40:	47804801 	.word	0x47804801
10000d44:	200018dd 	.word	0x200018dd

10000d48 <irq_add_tail_to_free_list>:
10000d48:	b5f0      	push	{r4, r5, r6, r7, lr}
10000d4a:	f3ef 8505 	mrs	r5, IPSR
10000d4e:	b2ed      	uxtb	r5, r5
10000d50:	f3ef 8c10 	mrs	ip, PRIMASK
10000d54:	b672      	cpsid	i
10000d56:	4926      	ldr	r1, [pc, #152]	@ (10000df0 <irq_add_tail_to_free_list+0xa8>)
10000d58:	e8d1 2fcf 	ldaexb	r2, [r1]
10000d5c:	2301      	movs	r3, #1
10000d5e:	2a00      	cmp	r2, #0
10000d60:	d1fa      	bne.n	10000d58 <irq_add_tail_to_free_list+0x10>
10000d62:	e8c1 3f42 	strexb	r2, r3, [r1]
10000d66:	2a00      	cmp	r2, #0
10000d68:	d1f6      	bne.n	10000d58 <irq_add_tail_to_free_list+0x10>
10000d6a:	f3bf 8f5f 	dmb	sy
10000d6e:	4e21      	ldr	r6, [pc, #132]	@ (10000df4 <irq_add_tail_to_free_list+0xac>)
10000d70:	f040 0e01 	orr.w	lr, r0, #1
10000d74:	68b4      	ldr	r4, [r6, #8]
10000d76:	f64a 23aa 	movw	r3, #43690	@ 0xaaaa
10000d7a:	f854 7025 	ldr.w	r7, [r4, r5, lsl #2]
10000d7e:	4a1e      	ldr	r2, [pc, #120]	@ (10000df8 <irq_add_tail_to_free_list+0xb0>)
10000d80:	4604      	mov	r4, r0
10000d82:	1aa4      	subs	r4, r4, r2
10000d84:	4164      	adcs	r4, r4
10000d86:	4363      	muls	r3, r4
10000d88:	0d1b      	lsrs	r3, r3, #20
10000d8a:	4577      	cmp	r7, lr
10000d8c:	b25b      	sxtb	r3, r3
10000d8e:	d01b      	beq.n	10000dc8 <irq_add_tail_to_free_list+0x80>
10000d90:	f992 4006 	ldrsb.w	r4, [r2, #6]
10000d94:	429c      	cmp	r4, r3
10000d96:	d01c      	beq.n	10000dd2 <irq_add_tail_to_free_list+0x8a>
10000d98:	f992 4012 	ldrsb.w	r4, [r2, #18]
10000d9c:	429c      	cmp	r4, r3
10000d9e:	d023      	beq.n	10000de8 <irq_add_tail_to_free_list+0xa0>
10000da0:	f992 401e 	ldrsb.w	r4, [r2, #30]
10000da4:	429c      	cmp	r4, r3
10000da6:	d021      	beq.n	10000dec <irq_add_tail_to_free_list+0xa4>
10000da8:	f992 402a 	ldrsb.w	r4, [r2, #42]	@ 0x2a
10000dac:	429c      	cmp	r4, r3
10000dae:	bf08      	it	eq
10000db0:	2403      	moveq	r4, #3
10000db2:	d00f      	beq.n	10000dd4 <irq_add_tail_to_free_list+0x8c>
10000db4:	4a11      	ldr	r2, [pc, #68]	@ (10000dfc <irq_add_tail_to_free_list+0xb4>)
10000db6:	2400      	movs	r4, #0
10000db8:	7815      	ldrb	r5, [r2, #0]
10000dba:	7013      	strb	r3, [r2, #0]
10000dbc:	7185      	strb	r5, [r0, #6]
10000dbe:	e8c1 4f8f 	stlb	r4, [r1]
10000dc2:	f38c 8810 	msr	PRIMASK, ip
10000dc6:	bdf0      	pop	{r4, r5, r6, r7, pc}
10000dc8:	68b2      	ldr	r2, [r6, #8]
10000dca:	4c0d      	ldr	r4, [pc, #52]	@ (10000e00 <irq_add_tail_to_free_list+0xb8>)
10000dcc:	f842 4025 	str.w	r4, [r2, r5, lsl #2]
10000dd0:	e7f0      	b.n	10000db4 <irq_add_tail_to_free_list+0x6c>
10000dd2:	2400      	movs	r4, #0
10000dd4:	eb04 0444 	add.w	r4, r4, r4, lsl #1
10000dd8:	eb02 0284 	add.w	r2, r2, r4, lsl #2
10000ddc:	24ff      	movs	r4, #255	@ 0xff
10000dde:	7194      	strb	r4, [r2, #6]
10000de0:	f64b 5401 	movw	r4, #48385	@ 0xbd01
10000de4:	8094      	strh	r4, [r2, #4]
10000de6:	e7e5      	b.n	10000db4 <irq_add_tail_to_free_list+0x6c>
10000de8:	2401      	movs	r4, #1
10000dea:	e7f3      	b.n	10000dd4 <irq_add_tail_to_free_list+0x8c>
10000dec:	2402      	movs	r4, #2
10000dee:	e7f1      	b.n	10000dd4 <irq_add_tail_to_free_list+0x8c>
10000df0:	200018dd 	.word	0x200018dd
10000df4:	e000ed00 	.word	0xe000ed00
10000df8:	200014fc 	.word	0x200014fc
10000dfc:	200023cc 	.word	0x200023cc
10000e00:	10000111 	.word	0x10000111

10000e04 <user_irq_claim_unused>:
10000e04:	b510      	push	{r4, lr}
10000e06:	4c07      	ldr	r4, [pc, #28]	@ (10000e24 <user_irq_claim_unused+0x20>)
10000e08:	b082      	sub	sp, #8
10000e0a:	4601      	mov	r1, r0
10000e0c:	2305      	movs	r3, #5
10000e0e:	2200      	movs	r2, #0
10000e10:	9400      	str	r4, [sp, #0]
10000e12:	4805      	ldr	r0, [pc, #20]	@ (10000e28 <user_irq_claim_unused+0x24>)
10000e14:	f7ff fda2 	bl	1000095c <hw_claim_unused_from_range>
10000e18:	2800      	cmp	r0, #0
10000e1a:	bfa8      	it	ge
10000e1c:	f1c0 0033 	rsbge	r0, r0, #51	@ 0x33
10000e20:	b002      	add	sp, #8
10000e22:	bd10      	pop	{r4, pc}
10000e24:	10006624 	.word	0x10006624
10000e28:	200023d0 	.word	0x200023d0

10000e2c <lock_init>:
10000e2c:	4b01      	ldr	r3, [pc, #4]	@ (10000e34 <lock_init+0x8>)
10000e2e:	440b      	add	r3, r1
10000e30:	6003      	str	r3, [r0, #0]
10000e32:	4770      	bx	lr
10000e34:	200018d4 	.word	0x200018d4

10000e38 <runtime_init_mutex>:
10000e38:	b570      	push	{r4, r5, r6, lr}
10000e3a:	4c10      	ldr	r4, [pc, #64]	@ (10000e7c <runtime_init_mutex+0x44>)
10000e3c:	4d10      	ldr	r5, [pc, #64]	@ (10000e80 <runtime_init_mutex+0x48>)
10000e3e:	42ac      	cmp	r4, r5
10000e40:	d20e      	bcs.n	10000e60 <runtime_init_mutex+0x28>
10000e42:	26ff      	movs	r6, #255	@ 0xff
10000e44:	6823      	ldr	r3, [r4, #0]
10000e46:	b163      	cbz	r3, 10000e62 <runtime_init_mutex+0x2a>
10000e48:	f7ff fdc8 	bl	100009dc <next_striped_spin_lock_num>
10000e4c:	4601      	mov	r1, r0
10000e4e:	4620      	mov	r0, r4
10000e50:	f7ff ffec 	bl	10000e2c <lock_init>
10000e54:	80a6      	strh	r6, [r4, #4]
10000e56:	f3bf 8f5f 	dmb	sy
10000e5a:	3408      	adds	r4, #8
10000e5c:	42ac      	cmp	r4, r5
10000e5e:	d3f1      	bcc.n	10000e44 <runtime_init_mutex+0xc>
10000e60:	bd70      	pop	{r4, r5, r6, pc}
10000e62:	f7ff fdbb 	bl	100009dc <next_striped_spin_lock_num>
10000e66:	4601      	mov	r1, r0
10000e68:	4620      	mov	r0, r4
10000e6a:	f7ff ffdf 	bl	10000e2c <lock_init>
10000e6e:	7126      	strb	r6, [r4, #4]
10000e70:	f3bf 8f5f 	dmb	sy
10000e74:	3408      	adds	r4, #8
10000e76:	42ac      	cmp	r4, r5
10000e78:	d3e4      	bcc.n	10000e44 <runtime_init_mutex+0xc>
10000e7a:	bd70      	pop	{r4, r5, r6, pc}
10000e7c:	2000159c 	.word	0x2000159c
10000e80:	200015a4 	.word	0x200015a4

10000e84 <mutex_init>:
10000e84:	b510      	push	{r4, lr}
10000e86:	4604      	mov	r4, r0
10000e88:	f7ff fda8 	bl	100009dc <next_striped_spin_lock_num>
10000e8c:	4601      	mov	r1, r0
10000e8e:	4620      	mov	r0, r4
10000e90:	f7ff ffcc 	bl	10000e2c <lock_init>
10000e94:	23ff      	movs	r3, #255	@ 0xff
10000e96:	7123      	strb	r3, [r4, #4]
10000e98:	f3bf 8f5f 	dmb	sy
10000e9c:	bd10      	pop	{r4, pc}
10000e9e:	bf00      	nop

10000ea0 <critical_section_init>:
10000ea0:	b510      	push	{r4, lr}
10000ea2:	4604      	mov	r4, r0
10000ea4:	2001      	movs	r0, #1
10000ea6:	f7ff fda5 	bl	100009f4 <spin_lock_claim_unused>
10000eaa:	4b03      	ldr	r3, [pc, #12]	@ (10000eb8 <critical_section_init+0x18>)
10000eac:	4403      	add	r3, r0
10000eae:	6023      	str	r3, [r4, #0]
10000eb0:	f3bf 8f5f 	dmb	sy
10000eb4:	bd10      	pop	{r4, pc}
10000eb6:	bf00      	nop
10000eb8:	200018d4 	.word	0x200018d4

10000ebc <critical_section_init_with_lock_num>:
10000ebc:	4b02      	ldr	r3, [pc, #8]	@ (10000ec8 <critical_section_init_with_lock_num+0xc>)
10000ebe:	440b      	add	r3, r1
10000ec0:	6003      	str	r3, [r0, #0]
10000ec2:	f3bf 8f5f 	dmb	sy
10000ec6:	4770      	bx	lr
10000ec8:	200018d4 	.word	0x200018d4

10000ecc <sleep_until_callback>:
10000ecc:	4b0d      	ldr	r3, [pc, #52]	@ (10000f04 <sleep_until_callback+0x38>)
10000ece:	681a      	ldr	r2, [r3, #0]
10000ed0:	f3ef 8110 	mrs	r1, PRIMASK
10000ed4:	b672      	cpsid	i
10000ed6:	e8d2 cfcf 	ldaexb	ip, [r2]
10000eda:	2001      	movs	r0, #1
10000edc:	f1bc 0f00 	cmp.w	ip, #0
10000ee0:	d1f9      	bne.n	10000ed6 <sleep_until_callback+0xa>
10000ee2:	e8c2 0f4c 	strexb	ip, r0, [r2]
10000ee6:	f1bc 0f00 	cmp.w	ip, #0
10000eea:	d1f4      	bne.n	10000ed6 <sleep_until_callback+0xa>
10000eec:	f3bf 8f5f 	dmb	sy
10000ef0:	2200      	movs	r2, #0
10000ef2:	681b      	ldr	r3, [r3, #0]
10000ef4:	e8c3 2f8f 	stlb	r2, [r3]
10000ef8:	f381 8810 	msr	PRIMASK, r1
10000efc:	bf40      	sev
10000efe:	2000      	movs	r0, #0
10000f00:	2100      	movs	r1, #0
10000f02:	4770      	bx	lr
10000f04:	200021a8 	.word	0x200021a8

10000f08 <alarm_pool_irq_handler>:
10000f08:	e92d 4ff0 	stmdb	sp!, {r4, r5, r6, r7, r8, r9, sl, fp, lr}
10000f0c:	ed2d 8b02 	vpush	{d8}
10000f10:	b085      	sub	sp, #20
10000f12:	f3ef 8305 	mrs	r3, IPSR
10000f16:	b2db      	uxtb	r3, r3
10000f18:	3b10      	subs	r3, #16
10000f1a:	089a      	lsrs	r2, r3, #2
10000f1c:	bf18      	it	ne
10000f1e:	2201      	movne	r2, #1
10000f20:	f04f 0101 	mov.w	r1, #1
10000f24:	f003 0b03 	and.w	fp, r3, #3
10000f28:	bf18      	it	ne
10000f2a:	4daf      	ldrne	r5, [pc, #700]	@ (100011e8 <alarm_pool_irq_handler+0x2e0>)
10000f2c:	4baf      	ldr	r3, [pc, #700]	@ (100011ec <alarm_pool_irq_handler+0x2e4>)
10000f2e:	bf08      	it	eq
10000f30:	4daf      	ldreq	r5, [pc, #700]	@ (100011f0 <alarm_pool_irq_handler+0x2e8>)
10000f32:	eb0b 0282 	add.w	r2, fp, r2, lsl #2
10000f36:	f853 6022 	ldr.w	r6, [r3, r2, lsl #2]
10000f3a:	fa01 f20b 	lsl.w	r2, r1, fp
10000f3e:	f505 5341 	add.w	r3, r5, #12352	@ 0x3040
10000f42:	ed9f 8ba7 	vldr	d8, [pc, #668]	@ 100011e0 <alarm_pool_irq_handler+0x2d8>
10000f46:	9201      	str	r2, [sp, #4]
10000f48:	605a      	str	r2, [r3, #4]
10000f4a:	e02f      	b.n	10000fac <alarm_pool_irq_handler+0xa4>
10000f4c:	88b3      	ldrh	r3, [r6, #4]
10000f4e:	041c      	lsls	r4, r3, #16
10000f50:	f140 8093 	bpl.w	1000107a <alarm_pool_irq_handler+0x172>
10000f54:	79b3      	ldrb	r3, [r6, #6]
10000f56:	2b00      	cmp	r3, #0
10000f58:	f040 80dd 	bne.w	10001116 <alarm_pool_irq_handler+0x20e>
10000f5c:	f9b6 2008 	ldrsh.w	r2, [r6, #8]
10000f60:	2a00      	cmp	r2, #0
10000f62:	f2c0 811e 	blt.w	100011a2 <alarm_pool_irq_handler+0x29a>
10000f66:	6973      	ldr	r3, [r6, #20]
10000f68:	eb02 0242 	add.w	r2, r2, r2, lsl #1
10000f6c:	eb03 03c2 	add.w	r3, r3, r2, lsl #3
10000f70:	e9d3 4702 	ldrd	r4, r7, [r3, #8]
10000f74:	f1b7 3fff 	cmp.w	r7, #4294967295	@ 0xffffffff
10000f78:	bf08      	it	eq
10000f7a:	f1b4 3fff 	cmpeq.w	r4, #4294967295	@ 0xffffffff
10000f7e:	d00e      	beq.n	10000f9e <alarm_pool_irq_handler+0x96>
10000f80:	eb05 018b 	add.w	r1, r5, fp, lsl #2
10000f84:	6aab      	ldr	r3, [r5, #40]	@ 0x28
10000f86:	690a      	ldr	r2, [r1, #16]
10000f88:	1ad2      	subs	r2, r2, r3
10000f8a:	1ae3      	subs	r3, r4, r3
10000f8c:	4293      	cmp	r3, r2
10000f8e:	d305      	bcc.n	10000f9c <alarm_pool_irq_handler+0x94>
10000f90:	2301      	movs	r3, #1
10000f92:	6a2a      	ldr	r2, [r5, #32]
10000f94:	fa03 f30b 	lsl.w	r3, r3, fp
10000f98:	4213      	tst	r3, r2
10000f9a:	d100      	bne.n	10000f9e <alarm_pool_irq_handler+0x96>
10000f9c:	610c      	str	r4, [r1, #16]
10000f9e:	4628      	mov	r0, r5
10000fa0:	f000 fbac 	bl	100016fc <timer_time_us_64>
10000fa4:	42a0      	cmp	r0, r4
10000fa6:	41b9      	sbcs	r1, r7
10000fa8:	f2c0 80fb 	blt.w	100011a2 <alarm_pool_irq_handler+0x29a>
10000fac:	f9b6 3008 	ldrsh.w	r3, [r6, #8]
10000fb0:	9a01      	ldr	r2, [sp, #4]
10000fb2:	2b00      	cmp	r3, #0
10000fb4:	9300      	str	r3, [sp, #0]
10000fb6:	63ea      	str	r2, [r5, #60]	@ 0x3c
10000fb8:	dbc8      	blt.n	10000f4c <alarm_pool_irq_handler+0x44>
10000fba:	f8d6 8014 	ldr.w	r8, [r6, #20]
10000fbe:	eb03 0943 	add.w	r9, r3, r3, lsl #1
10000fc2:	4628      	mov	r0, r5
10000fc4:	eb08 07c9 	add.w	r7, r8, r9, lsl #3
10000fc8:	e9d7 4a02 	ldrd	r4, sl, [r7, #8]
10000fcc:	f000 fb96 	bl	100016fc <timer_time_us_64>
10000fd0:	42a0      	cmp	r0, r4
10000fd2:	eb71 010a 	sbcs.w	r1, r1, sl
10000fd6:	dbb9      	blt.n	10000f4c <alarm_pool_irq_handler+0x44>
10000fd8:	f1ba 0f00 	cmp.w	sl, #0
10000fdc:	f2c0 80c3 	blt.w	10001166 <alarm_pool_irq_handler+0x25e>
10000fe0:	e9d7 3104 	ldrd	r3, r1, [r7, #16]
10000fe4:	4a83      	ldr	r2, [pc, #524]	@ (100011f4 <alarm_pool_irq_handler+0x2ec>)
10000fe6:	4293      	cmp	r3, r2
10000fe8:	f000 80ed 	beq.w	100011c6 <alarm_pool_irq_handler+0x2be>
10000fec:	887a      	ldrh	r2, [r7, #2]
10000fee:	f9b6 0008 	ldrsh.w	r0, [r6, #8]
10000ff2:	b292      	uxth	r2, r2
10000ff4:	ea42 4000 	orr.w	r0, r2, r0, lsl #16
10000ff8:	4798      	blx	r3
10000ffa:	4602      	mov	r2, r0
10000ffc:	460b      	mov	r3, r1
10000ffe:	ea52 0103 	orrs.w	r1, r2, r3
10001002:	f000 80b0 	beq.w	10001166 <alarm_pool_irq_handler+0x25e>
10001006:	2b00      	cmp	r3, #0
10001008:	f280 80d1 	bge.w	100011ae <alarm_pool_irq_handler+0x2a6>
1000100c:	ebb4 0e02 	subs.w	lr, r4, r2
10001010:	eb6a 0a03 	sbc.w	sl, sl, r3
10001014:	f938 3039 	ldrsh.w	r3, [r8, r9, lsl #3]
10001018:	e9c7 ea02 	strd	lr, sl, [r7, #8]
1000101c:	2b00      	cmp	r3, #0
1000101e:	db95      	blt.n	10000f4c <alarm_pool_irq_handler+0x44>
10001020:	6971      	ldr	r1, [r6, #20]
10001022:	eb03 0243 	add.w	r2, r3, r3, lsl #1
10001026:	eb01 02c2 	add.w	r2, r1, r2, lsl #3
1000102a:	e9d2 7002 	ldrd	r7, r0, [r2, #8]
1000102e:	45be      	cmp	lr, r7
10001030:	eb7a 0c00 	sbcs.w	ip, sl, r0
10001034:	ea4f 0243 	mov.w	r2, r3, lsl #1
10001038:	db88      	blt.n	10000f4c <alarm_pool_irq_handler+0x44>
1000103a:	46b4      	mov	ip, r6
1000103c:	f82c 3f08 	strh.w	r3, [ip, #8]!
10001040:	e006      	b.n	10001050 <alarm_pool_irq_handler+0x148>
10001042:	eb03 0043 	add.w	r0, r3, r3, lsl #1
10001046:	eb01 00c0 	add.w	r0, r1, r0, lsl #3
1000104a:	005a      	lsls	r2, r3, #1
1000104c:	e9d0 7002 	ldrd	r7, r0, [r0, #8]
10001050:	45be      	cmp	lr, r7
10001052:	441a      	add	r2, r3
10001054:	eb7a 0000 	sbcs.w	r0, sl, r0
10001058:	eb01 04c2 	add.w	r4, r1, r2, lsl #3
1000105c:	db04      	blt.n	10001068 <alarm_pool_irq_handler+0x160>
1000105e:	f931 3032 	ldrsh.w	r3, [r1, r2, lsl #3]
10001062:	46a4      	mov	ip, r4
10001064:	2b00      	cmp	r3, #0
10001066:	daec      	bge.n	10001042 <alarm_pool_irq_handler+0x13a>
10001068:	f828 3039 	strh.w	r3, [r8, r9, lsl #3]
1000106c:	9b00      	ldr	r3, [sp, #0]
1000106e:	f8ac 3000 	strh.w	r3, [ip]
10001072:	88b3      	ldrh	r3, [r6, #4]
10001074:	041c      	lsls	r4, r3, #16
10001076:	f53f af6d 	bmi.w	10000f54 <alarm_pool_irq_handler+0x4c>
1000107a:	6933      	ldr	r3, [r6, #16]
1000107c:	f3ef 8210 	mrs	r2, PRIMASK
10001080:	b672      	cpsid	i
10001082:	e8d3 0fcf 	ldaexb	r0, [r3]
10001086:	2101      	movs	r1, #1
10001088:	2800      	cmp	r0, #0
1000108a:	d1fa      	bne.n	10001082 <alarm_pool_irq_handler+0x17a>
1000108c:	e8c3 1f40 	strexb	r0, r1, [r3]
10001090:	2800      	cmp	r0, #0
10001092:	d1f6      	bne.n	10001082 <alarm_pool_irq_handler+0x17a>
10001094:	f3bf 8f5f 	dmb	sy
10001098:	f64f 74ff 	movw	r4, #65535	@ 0xffff
1000109c:	88b0      	ldrh	r0, [r6, #4]
1000109e:	2300      	movs	r3, #0
100010a0:	6931      	ldr	r1, [r6, #16]
100010a2:	b200      	sxth	r0, r0
100010a4:	80b4      	strh	r4, [r6, #4]
100010a6:	e8c1 3f8f 	stlb	r3, [r1]
100010aa:	f382 8810 	msr	PRIMASK, r2
100010ae:	4298      	cmp	r0, r3
100010b0:	f6ff af50 	blt.w	10000f54 <alarm_pool_irq_handler+0x4c>
100010b4:	4607      	mov	r7, r0
100010b6:	46a9      	mov	r9, r5
100010b8:	6974      	ldr	r4, [r6, #20]
100010ba:	f106 0808 	add.w	r8, r6, #8
100010be:	eb07 0e47 	add.w	lr, r7, r7, lsl #1
100010c2:	eb04 03ce 	add.w	r3, r4, lr, lsl #3
100010c6:	e9d3 5002 	ldrd	r5, r0, [r3, #8]
100010ca:	f9b6 3008 	ldrsh.w	r3, [r6, #8]
100010ce:	46c4      	mov	ip, r8
100010d0:	2b00      	cmp	r3, #0
100010d2:	db13      	blt.n	100010fc <alarm_pool_irq_handler+0x1f4>
100010d4:	46b2      	mov	sl, r6
100010d6:	9700      	str	r7, [sp, #0]
100010d8:	e004      	b.n	100010e4 <alarm_pool_irq_handler+0x1dc>
100010da:	f934 3036 	ldrsh.w	r3, [r4, r6, lsl #3]
100010de:	4694      	mov	ip, r2
100010e0:	2b00      	cmp	r3, #0
100010e2:	db09      	blt.n	100010f8 <alarm_pool_irq_handler+0x1f0>
100010e4:	eb03 0643 	add.w	r6, r3, r3, lsl #1
100010e8:	eb04 02c6 	add.w	r2, r4, r6, lsl #3
100010ec:	e9d2 7102 	ldrd	r7, r1, [r2, #8]
100010f0:	42bd      	cmp	r5, r7
100010f2:	eb70 0101 	sbcs.w	r1, r0, r1
100010f6:	daf0      	bge.n	100010da <alarm_pool_irq_handler+0x1d2>
100010f8:	4656      	mov	r6, sl
100010fa:	9f00      	ldr	r7, [sp, #0]
100010fc:	f8ac 7000 	strh.w	r7, [ip]
10001100:	f934 703e 	ldrsh.w	r7, [r4, lr, lsl #3]
10001104:	f824 303e 	strh.w	r3, [r4, lr, lsl #3]
10001108:	2f00      	cmp	r7, #0
1000110a:	dad8      	bge.n	100010be <alarm_pool_irq_handler+0x1b6>
1000110c:	79b3      	ldrb	r3, [r6, #6]
1000110e:	464d      	mov	r5, r9
10001110:	2b00      	cmp	r3, #0
10001112:	f43f af23 	beq.w	10000f5c <alarm_pool_irq_handler+0x54>
10001116:	2300      	movs	r3, #0
10001118:	71b3      	strb	r3, [r6, #6]
1000111a:	f9b6 3008 	ldrsh.w	r3, [r6, #8]
1000111e:	f106 0808 	add.w	r8, r6, #8
10001122:	1c58      	adds	r0, r3, #1
10001124:	d03d      	beq.n	100011a2 <alarm_pool_irq_handler+0x29a>
10001126:	461a      	mov	r2, r3
10001128:	6977      	ldr	r7, [r6, #20]
1000112a:	e003      	b.n	10001134 <alarm_pool_irq_handler+0x22c>
1000112c:	4680      	mov	r8, r0
1000112e:	1c59      	adds	r1, r3, #1
10001130:	f43f af16 	beq.w	10000f60 <alarm_pool_irq_handler+0x58>
10001134:	eb03 0143 	add.w	r1, r3, r3, lsl #1
10001138:	eb07 00c1 	add.w	r0, r7, r1, lsl #3
1000113c:	f8b0 c002 	ldrh.w	ip, [r0, #2]
10001140:	461c      	mov	r4, r3
10001142:	f41c 4f00 	tst.w	ip, #32768	@ 0x8000
10001146:	469e      	mov	lr, r3
10001148:	f937 3031 	ldrsh.w	r3, [r7, r1, lsl #3]
1000114c:	d0ee      	beq.n	1000112c <alarm_pool_irq_handler+0x224>
1000114e:	4294      	cmp	r4, r2
10001150:	ed80 8b02 	vstr	d8, [r0, #8]
10001154:	d005      	beq.n	10001162 <alarm_pool_irq_handler+0x25a>
10001156:	f8a8 3000 	strh.w	r3, [r8]
1000115a:	8932      	ldrh	r2, [r6, #8]
1000115c:	f827 2031 	strh.w	r2, [r7, r1, lsl #3]
10001160:	8134      	strh	r4, [r6, #8]
10001162:	4672      	mov	r2, lr
10001164:	e7e3      	b.n	1000112e <alarm_pool_irq_handler+0x226>
10001166:	f838 3039 	ldrh.w	r3, [r8, r9, lsl #3]
1000116a:	8133      	strh	r3, [r6, #8]
1000116c:	6933      	ldr	r3, [r6, #16]
1000116e:	f3ef 8210 	mrs	r2, PRIMASK
10001172:	b672      	cpsid	i
10001174:	e8d3 0fcf 	ldaexb	r0, [r3]
10001178:	2101      	movs	r1, #1
1000117a:	2800      	cmp	r0, #0
1000117c:	d1fa      	bne.n	10001174 <alarm_pool_irq_handler+0x26c>
1000117e:	e8c3 1f40 	strexb	r0, r1, [r3]
10001182:	2800      	cmp	r0, #0
10001184:	d1f6      	bne.n	10001174 <alarm_pool_irq_handler+0x26c>
10001186:	f3bf 8f5f 	dmb	sy
1000118a:	8873      	ldrh	r3, [r6, #2]
1000118c:	6931      	ldr	r1, [r6, #16]
1000118e:	f828 3039 	strh.w	r3, [r8, r9, lsl #3]
10001192:	9b00      	ldr	r3, [sp, #0]
10001194:	8073      	strh	r3, [r6, #2]
10001196:	2300      	movs	r3, #0
10001198:	e8c1 3f8f 	stlb	r3, [r1]
1000119c:	f382 8810 	msr	PRIMASK, r2
100011a0:	e6d4      	b.n	10000f4c <alarm_pool_irq_handler+0x44>
100011a2:	bf40      	sev
100011a4:	b005      	add	sp, #20
100011a6:	ecbd 8b02 	vpop	{d8}
100011aa:	e8bd 8ff0 	ldmia.w	sp!, {r4, r5, r6, r7, r8, r9, sl, fp, pc}
100011ae:	4628      	mov	r0, r5
100011b0:	e9cd 2302 	strd	r2, r3, [sp, #8]
100011b4:	f000 faa2 	bl	100016fc <timer_time_us_64>
100011b8:	9a02      	ldr	r2, [sp, #8]
100011ba:	9b03      	ldr	r3, [sp, #12]
100011bc:	eb10 0e02 	adds.w	lr, r0, r2
100011c0:	eb43 0a01 	adc.w	sl, r3, r1
100011c4:	e726      	b.n	10001014 <alarm_pool_irq_handler+0x10c>
100011c6:	4608      	mov	r0, r1
100011c8:	690b      	ldr	r3, [r1, #16]
100011ca:	9102      	str	r1, [sp, #8]
100011cc:	4798      	blx	r3
100011ce:	2800      	cmp	r0, #0
100011d0:	d0c9      	beq.n	10001166 <alarm_pool_irq_handler+0x25e>
100011d2:	9902      	ldr	r1, [sp, #8]
100011d4:	e9d1 2300 	ldrd	r2, r3, [r1]
100011d8:	e711      	b.n	10000ffe <alarm_pool_irq_handler+0xf6>
100011da:	bf00      	nop
100011dc:	f3af 8000 	nop.w
100011e0:	ffffffff 	.word	0xffffffff
100011e4:	ffffffff 	.word	0xffffffff
100011e8:	400b8000 	.word	0x400b8000
100011ec:	20002180 	.word	0x20002180
100011f0:	400b0000 	.word	0x400b0000
100011f4:	10000f09 	.word	0x10000f09

100011f8 <runtime_init_default_alarm_pool>:
100011f8:	e92d 4ff8 	stmdb	sp!, {r3, r4, r5, r6, r7, r8, r9, sl, fp, lr}
100011fc:	4c36      	ldr	r4, [pc, #216]	@ (100012d8 <runtime_init_default_alarm_pool+0xe0>)
100011fe:	6925      	ldr	r5, [r4, #16]
10001200:	b12d      	cbz	r5, 1000120e <runtime_init_default_alarm_pool+0x16>
10001202:	e8bd 4ff8 	ldmia.w	sp!, {r3, r4, r5, r6, r7, r8, r9, sl, fp, lr}
10001206:	210a      	movs	r1, #10
10001208:	4834      	ldr	r0, [pc, #208]	@ (100012dc <runtime_init_default_alarm_pool+0xe4>)
1000120a:	f7ff be0f 	b.w	10000e2c <lock_init>
1000120e:	f8df 80e4 	ldr.w	r8, [pc, #228]	@ 100012f4 <runtime_init_default_alarm_pool+0xfc>
10001212:	2103      	movs	r1, #3
10001214:	4640      	mov	r0, r8
10001216:	f000 fa5f 	bl	100016d8 <timer_hardware_alarm_claim>
1000121a:	2603      	movs	r6, #3
1000121c:	f8c4 800c 	str.w	r8, [r4, #12]
10001220:	f7ff fbdc 	bl	100009dc <next_striped_spin_lock_num>
10001224:	f04f 4c50 	mov.w	ip, #3489660928	@ 0xd0000000
10001228:	4b2d      	ldr	r3, [pc, #180]	@ (100012e0 <runtime_init_default_alarm_pool+0xe8>)
1000122a:	7026      	strb	r6, [r4, #0]
1000122c:	4403      	add	r3, r0
1000122e:	6123      	str	r3, [r4, #16]
10001230:	f8dc 3000 	ldr.w	r3, [ip]
10001234:	210f      	movs	r1, #15
10001236:	7063      	strb	r3, [r4, #1]
10001238:	6963      	ldr	r3, [r4, #20]
1000123a:	8061      	strh	r1, [r4, #2]
1000123c:	831d      	strh	r5, [r3, #24]
1000123e:	f04f 0504 	mov.w	r5, #4
10001242:	f8a3 5078 	strh.w	r5, [r3, #120]	@ 0x78
10001246:	f04f 0505 	mov.w	r5, #5
1000124a:	f8a3 5090 	strh.w	r5, [r3, #144]	@ 0x90
1000124e:	f04f 0506 	mov.w	r5, #6
10001252:	f8a3 50a8 	strh.w	r5, [r3, #168]	@ 0xa8
10001256:	f04f 0507 	mov.w	r5, #7
1000125a:	210e      	movs	r1, #14
1000125c:	f64f 72ff 	movw	r2, #65535	@ 0xffff
10001260:	2708      	movs	r7, #8
10001262:	f04f 0e0a 	mov.w	lr, #10
10001266:	f8a3 50c0 	strh.w	r5, [r3, #192]	@ 0xc0
1000126a:	f04f 0901 	mov.w	r9, #1
1000126e:	f04f 0c0c 	mov.w	ip, #12
10001272:	f04f 0b02 	mov.w	fp, #2
10001276:	f04f 0a09 	mov.w	sl, #9
1000127a:	200d      	movs	r0, #13
1000127c:	f04f 050b 	mov.w	r5, #11
10001280:	f8a3 1168 	strh.w	r1, [r3, #360]	@ 0x168
10001284:	4917      	ldr	r1, [pc, #92]	@ (100012e4 <runtime_init_default_alarm_pool+0xec>)
10001286:	80a2      	strh	r2, [r4, #4]
10001288:	f8a3 e108 	strh.w	lr, [r3, #264]	@ 0x108
1000128c:	60a1      	str	r1, [r4, #8]
1000128e:	f8a3 b048 	strh.w	fp, [r3, #72]	@ 0x48
10001292:	f8a3 a0f0 	strh.w	sl, [r3, #240]	@ 0xf0
10001296:	f8a3 5120 	strh.w	r5, [r3, #288]	@ 0x120
1000129a:	f8a3 c138 	strh.w	ip, [r3, #312]	@ 0x138
1000129e:	f8a3 0150 	strh.w	r0, [r3, #336]	@ 0x150
100012a2:	f8a3 9030 	strh.w	r9, [r3, #48]	@ 0x30
100012a6:	f8a3 6060 	strh.w	r6, [r3, #96]	@ 0x60
100012aa:	f8a3 70d8 	strh.w	r7, [r3, #216]	@ 0xd8
100012ae:	801a      	strh	r2, [r3, #0]
100012b0:	4b0d      	ldr	r3, [pc, #52]	@ (100012e8 <runtime_init_default_alarm_pool+0xf0>)
100012b2:	4630      	mov	r0, r6
100012b4:	f8c8 7020 	str.w	r7, [r8, #32]
100012b8:	490c      	ldr	r1, [pc, #48]	@ (100012ec <runtime_init_default_alarm_pool+0xf4>)
100012ba:	60dc      	str	r4, [r3, #12]
100012bc:	f7ff fc20 	bl	10000b00 <irq_set_exclusive_handler>
100012c0:	4649      	mov	r1, r9
100012c2:	4630      	mov	r0, r6
100012c4:	f7ff fbda 	bl	10000a7c <irq_set_enabled>
100012c8:	4b09      	ldr	r3, [pc, #36]	@ (100012f0 <runtime_init_default_alarm_pool+0xf8>)
100012ca:	210a      	movs	r1, #10
100012cc:	641f      	str	r7, [r3, #64]	@ 0x40
100012ce:	4803      	ldr	r0, [pc, #12]	@ (100012dc <runtime_init_default_alarm_pool+0xe4>)
100012d0:	e8bd 4ff8 	ldmia.w	sp!, {r3, r4, r5, r6, r7, r8, r9, sl, fp, lr}
100012d4:	f7ff bdaa 	b.w	10000e2c <lock_init>
100012d8:	20001544 	.word	0x20001544
100012dc:	200021a8 	.word	0x200021a8
100012e0:	200018d4 	.word	0x200018d4
100012e4:	0010ffff 	.word	0x0010ffff
100012e8:	20002180 	.word	0x20002180
100012ec:	10000f09 	.word	0x10000f09
100012f0:	400b2000 	.word	0x400b2000
100012f4:	400b0000 	.word	0x400b0000

100012f8 <alarm_pool_get_default>:
100012f8:	4800      	ldr	r0, [pc, #0]	@ (100012fc <alarm_pool_get_default+0x4>)
100012fa:	4770      	bx	lr
100012fc:	20001544 	.word	0x20001544

10001300 <alarm_pool_add_alarm_at>:
10001300:	b5f8      	push	{r3, r4, r5, r6, r7, lr}
10001302:	f89d 5020 	ldrb.w	r5, [sp, #32]
10001306:	4604      	mov	r4, r0
10001308:	4617      	mov	r7, r2
1000130a:	461e      	mov	r6, r3
1000130c:	b935      	cbnz	r5, 1000131c <alarm_pool_add_alarm_at+0x1c>
1000130e:	f000 f9fd 	bl	1000170c <time_us_64>
10001312:	4287      	cmp	r7, r0
10001314:	eb66 0101 	sbc.w	r1, r6, r1
10001318:	2900      	cmp	r1, #0
1000131a:	db5c      	blt.n	100013d6 <alarm_pool_add_alarm_at+0xd6>
1000131c:	6921      	ldr	r1, [r4, #16]
1000131e:	f3ef 8310 	mrs	r3, PRIMASK
10001322:	b672      	cpsid	i
10001324:	e8d1 0fcf 	ldaexb	r0, [r1]
10001328:	2201      	movs	r2, #1
1000132a:	2800      	cmp	r0, #0
1000132c:	d1fa      	bne.n	10001324 <alarm_pool_add_alarm_at+0x24>
1000132e:	e8c1 2f40 	strexb	r0, r2, [r1]
10001332:	2800      	cmp	r0, #0
10001334:	d1f6      	bne.n	10001324 <alarm_pool_add_alarm_at+0x24>
10001336:	f3bf 8f5f 	dmb	sy
1000133a:	f9b4 2002 	ldrsh.w	r2, [r4, #2]
1000133e:	6965      	ldr	r5, [r4, #20]
10001340:	eb02 0142 	add.w	r1, r2, r2, lsl #1
10001344:	2a00      	cmp	r2, #0
10001346:	ea4f 0cc1 	mov.w	ip, r1, lsl #3
1000134a:	6920      	ldr	r0, [r4, #16]
1000134c:	eb05 01c1 	add.w	r1, r5, r1, lsl #3
10001350:	db39      	blt.n	100013c6 <alarm_pool_add_alarm_at+0xc6>
10001352:	f835 e00c 	ldrh.w	lr, [r5, ip]
10001356:	f8a4 e002 	strh.w	lr, [r4, #2]
1000135a:	f04f 0e00 	mov.w	lr, #0
1000135e:	e8c0 ef8f 	stlb	lr, [r0]
10001362:	f383 8810 	msr	PRIMASK, r3
10001366:	8848      	ldrh	r0, [r1, #2]
10001368:	9b06      	ldr	r3, [sp, #24]
1000136a:	3001      	adds	r0, #1
1000136c:	f3c0 000e 	ubfx	r0, r0, #0, #15
10001370:	2801      	cmp	r0, #1
10001372:	bf38      	it	cc
10001374:	2001      	movcc	r0, #1
10001376:	610b      	str	r3, [r1, #16]
10001378:	9b07      	ldr	r3, [sp, #28]
1000137a:	8048      	strh	r0, [r1, #2]
1000137c:	614b      	str	r3, [r1, #20]
1000137e:	e9c1 7602 	strd	r7, r6, [r1, #8]
10001382:	ea40 4002 	orr.w	r0, r0, r2, lsl #16
10001386:	6923      	ldr	r3, [r4, #16]
10001388:	f3ef 8110 	mrs	r1, PRIMASK
1000138c:	b672      	cpsid	i
1000138e:	e8d3 7fcf 	ldaexb	r7, [r3]
10001392:	2601      	movs	r6, #1
10001394:	2f00      	cmp	r7, #0
10001396:	d1fa      	bne.n	1000138e <alarm_pool_add_alarm_at+0x8e>
10001398:	e8c3 6f47 	strexb	r7, r6, [r3]
1000139c:	2f00      	cmp	r7, #0
1000139e:	d1f6      	bne.n	1000138e <alarm_pool_add_alarm_at+0x8e>
100013a0:	f3bf 8f5f 	dmb	sy
100013a4:	88a3      	ldrh	r3, [r4, #4]
100013a6:	f825 300c 	strh.w	r3, [r5, ip]
100013aa:	80a2      	strh	r2, [r4, #4]
100013ac:	6923      	ldr	r3, [r4, #16]
100013ae:	e8c3 ef8f 	stlb	lr, [r3]
100013b2:	f381 8810 	msr	PRIMASK, r1
100013b6:	2201      	movs	r2, #1
100013b8:	68e3      	ldr	r3, [r4, #12]
100013ba:	7821      	ldrb	r1, [r4, #0]
100013bc:	f503 5301 	add.w	r3, r3, #8256	@ 0x2040
100013c0:	408a      	lsls	r2, r1
100013c2:	605a      	str	r2, [r3, #4]
100013c4:	bdf8      	pop	{r3, r4, r5, r6, r7, pc}
100013c6:	2200      	movs	r2, #0
100013c8:	e8c0 2f8f 	stlb	r2, [r0]
100013cc:	f383 8810 	msr	PRIMASK, r3
100013d0:	f04f 30ff 	mov.w	r0, #4294967295	@ 0xffffffff
100013d4:	bdf8      	pop	{r3, r4, r5, r6, r7, pc}
100013d6:	4628      	mov	r0, r5
100013d8:	bdf8      	pop	{r3, r4, r5, r6, r7, pc}
100013da:	bf00      	nop

100013dc <alarm_pool_add_alarm_at_force_in_context>:
100013dc:	4601      	mov	r1, r0
100013de:	b5f0      	push	{r4, r5, r6, r7, lr}
100013e0:	6900      	ldr	r0, [r0, #16]
100013e2:	f3ef 8710 	mrs	r7, PRIMASK
100013e6:	b672      	cpsid	i
100013e8:	e8d0 5fcf 	ldaexb	r5, [r0]
100013ec:	2401      	movs	r4, #1
100013ee:	2d00      	cmp	r5, #0
100013f0:	d1fa      	bne.n	100013e8 <alarm_pool_add_alarm_at_force_in_context+0xc>
100013f2:	e8c0 4f45 	strexb	r5, r4, [r0]
100013f6:	2d00      	cmp	r5, #0
100013f8:	d1f6      	bne.n	100013e8 <alarm_pool_add_alarm_at_force_in_context+0xc>
100013fa:	f3bf 8f5f 	dmb	sy
100013fe:	f9b1 e002 	ldrsh.w	lr, [r1, #2]
10001402:	694c      	ldr	r4, [r1, #20]
10001404:	eb0e 0c4e 	add.w	ip, lr, lr, lsl #1
10001408:	f1be 0f00 	cmp.w	lr, #0
1000140c:	ea4f 05cc 	mov.w	r5, ip, lsl #3
10001410:	6908      	ldr	r0, [r1, #16]
10001412:	eb04 0ccc 	add.w	ip, r4, ip, lsl #3
10001416:	db3c      	blt.n	10001492 <alarm_pool_add_alarm_at_force_in_context+0xb6>
10001418:	5b66      	ldrh	r6, [r4, r5]
1000141a:	804e      	strh	r6, [r1, #2]
1000141c:	2600      	movs	r6, #0
1000141e:	e8c0 6f8f 	stlb	r6, [r0]
10001422:	f387 8810 	msr	PRIMASK, r7
10001426:	f8bc 0002 	ldrh.w	r0, [ip, #2]
1000142a:	e9cc 2302 	strd	r2, r3, [ip, #8]
1000142e:	3001      	adds	r0, #1
10001430:	f3c0 000e 	ubfx	r0, r0, #0, #15
10001434:	2801      	cmp	r0, #1
10001436:	bf38      	it	cc
10001438:	2001      	movcc	r0, #1
1000143a:	9b05      	ldr	r3, [sp, #20]
1000143c:	f8ac 0002 	strh.w	r0, [ip, #2]
10001440:	f8cc 3010 	str.w	r3, [ip, #16]
10001444:	9b06      	ldr	r3, [sp, #24]
10001446:	ea40 400e 	orr.w	r0, r0, lr, lsl #16
1000144a:	f8cc 3014 	str.w	r3, [ip, #20]
1000144e:	690b      	ldr	r3, [r1, #16]
10001450:	f3ef 8210 	mrs	r2, PRIMASK
10001454:	b672      	cpsid	i
10001456:	e8d3 cfcf 	ldaexb	ip, [r3]
1000145a:	2701      	movs	r7, #1
1000145c:	f1bc 0f00 	cmp.w	ip, #0
10001460:	d1f9      	bne.n	10001456 <alarm_pool_add_alarm_at_force_in_context+0x7a>
10001462:	e8c3 7f4c 	strexb	ip, r7, [r3]
10001466:	f1bc 0f00 	cmp.w	ip, #0
1000146a:	d1f4      	bne.n	10001456 <alarm_pool_add_alarm_at_force_in_context+0x7a>
1000146c:	f3bf 8f5f 	dmb	sy
10001470:	888b      	ldrh	r3, [r1, #4]
10001472:	5363      	strh	r3, [r4, r5]
10001474:	f8a1 e004 	strh.w	lr, [r1, #4]
10001478:	690b      	ldr	r3, [r1, #16]
1000147a:	e8c3 6f8f 	stlb	r6, [r3]
1000147e:	f382 8810 	msr	PRIMASK, r2
10001482:	2201      	movs	r2, #1
10001484:	68cb      	ldr	r3, [r1, #12]
10001486:	7809      	ldrb	r1, [r1, #0]
10001488:	f503 5301 	add.w	r3, r3, #8256	@ 0x2040
1000148c:	408a      	lsls	r2, r1
1000148e:	605a      	str	r2, [r3, #4]
10001490:	bdf0      	pop	{r4, r5, r6, r7, pc}
10001492:	2300      	movs	r3, #0
10001494:	e8c0 3f8f 	stlb	r3, [r0]
10001498:	f387 8810 	msr	PRIMASK, r7
1000149c:	f04f 30ff 	mov.w	r0, #4294967295	@ 0xffffffff
100014a0:	bdf0      	pop	{r4, r5, r6, r7, pc}
100014a2:	bf00      	nop

100014a4 <alarm_pool_cancel_alarm>:
100014a4:	4603      	mov	r3, r0
100014a6:	8940      	ldrh	r0, [r0, #10]
100014a8:	ebb0 4f21 	cmp.w	r0, r1, asr #16
100014ac:	dd37      	ble.n	1000151e <alarm_pool_cancel_alarm+0x7a>
100014ae:	6958      	ldr	r0, [r3, #20]
100014b0:	140a      	asrs	r2, r1, #16
100014b2:	eb02 0242 	add.w	r2, r2, r2, lsl #1
100014b6:	b510      	push	{r4, lr}
100014b8:	eb00 00c2 	add.w	r0, r0, r2, lsl #3
100014bc:	691c      	ldr	r4, [r3, #16]
100014be:	f3ef 8c10 	mrs	ip, PRIMASK
100014c2:	b672      	cpsid	i
100014c4:	e8d4 efcf 	ldaexb	lr, [r4]
100014c8:	2201      	movs	r2, #1
100014ca:	f1be 0f00 	cmp.w	lr, #0
100014ce:	d1f9      	bne.n	100014c4 <alarm_pool_cancel_alarm+0x20>
100014d0:	e8c4 2f4e 	strexb	lr, r2, [r4]
100014d4:	f1be 0f00 	cmp.w	lr, #0
100014d8:	d1f4      	bne.n	100014c4 <alarm_pool_cancel_alarm+0x20>
100014da:	f3bf 8f5f 	dmb	sy
100014de:	8842      	ldrh	r2, [r0, #2]
100014e0:	b289      	uxth	r1, r1
100014e2:	b292      	uxth	r2, r2
100014e4:	428a      	cmp	r2, r1
100014e6:	d007      	beq.n	100014f8 <alarm_pool_cancel_alarm+0x54>
100014e8:	2200      	movs	r2, #0
100014ea:	691b      	ldr	r3, [r3, #16]
100014ec:	e8c3 2f8f 	stlb	r2, [r3]
100014f0:	f38c 8810 	msr	PRIMASK, ip
100014f4:	2000      	movs	r0, #0
100014f6:	bd10      	pop	{r4, pc}
100014f8:	f442 4200 	orr.w	r2, r2, #32768	@ 0x8000
100014fc:	8042      	strh	r2, [r0, #2]
100014fe:	2101      	movs	r1, #1
10001500:	2200      	movs	r2, #0
10001502:	6918      	ldr	r0, [r3, #16]
10001504:	7199      	strb	r1, [r3, #6]
10001506:	e8c0 2f8f 	stlb	r2, [r0]
1000150a:	f38c 8810 	msr	PRIMASK, ip
1000150e:	781c      	ldrb	r4, [r3, #0]
10001510:	68da      	ldr	r2, [r3, #12]
10001512:	4608      	mov	r0, r1
10001514:	f502 5301 	add.w	r3, r2, #8256	@ 0x2040
10001518:	40a1      	lsls	r1, r4
1000151a:	6059      	str	r1, [r3, #4]
1000151c:	bd10      	pop	{r4, pc}
1000151e:	2000      	movs	r0, #0
10001520:	4770      	bx	lr
10001522:	bf00      	nop

10001524 <alarm_pool_core_num>:
10001524:	7840      	ldrb	r0, [r0, #1]
10001526:	4770      	bx	lr

10001528 <sleep_ms>:
10001528:	e92d 41f0 	stmdb	sp!, {r4, r5, r6, r7, r8, lr}
1000152c:	b082      	sub	sp, #8
1000152e:	4606      	mov	r6, r0
10001530:	f000 f8ec 	bl	1000170c <time_us_64>
10001534:	f44f 737a 	mov.w	r3, #1000	@ 0x3e8
10001538:	4604      	mov	r4, r0
1000153a:	f04f 30ff 	mov.w	r0, #4294967295	@ 0xffffffff
1000153e:	f06f 4200 	mvn.w	r2, #2147483648	@ 0x80000000
10001542:	fbe6 4103 	umlal	r4, r1, r6, r3
10001546:	42a0      	cmp	r0, r4
10001548:	eb72 0301 	sbcs.w	r3, r2, r1
1000154c:	bf3a      	itte	cc
1000154e:	4604      	movcc	r4, r0
10001550:	4615      	movcc	r5, r2
10001552:	460d      	movcs	r5, r1
10001554:	1fa6      	subs	r6, r4, #6
10001556:	f145 37ff 	adc.w	r7, r5, #4294967295	@ 0xffffffff
1000155a:	42b4      	cmp	r4, r6
1000155c:	eb75 0307 	sbcs.w	r3, r5, r7
10001560:	bf3c      	itt	cc
10001562:	2600      	movcc	r6, #0
10001564:	4637      	movcc	r7, r6
10001566:	f000 f8d1 	bl	1000170c <time_us_64>
1000156a:	1a30      	subs	r0, r6, r0
1000156c:	eb67 0101 	sbc.w	r1, r7, r1
10001570:	2801      	cmp	r0, #1
10001572:	f171 0100 	sbcs.w	r1, r1, #0
10001576:	da06      	bge.n	10001586 <sleep_ms+0x5e>
10001578:	4620      	mov	r0, r4
1000157a:	4629      	mov	r1, r5
1000157c:	b002      	add	sp, #8
1000157e:	e8bd 41f0 	ldmia.w	sp!, {r4, r5, r6, r7, r8, lr}
10001582:	f000 b8cd 	b.w	10001720 <busy_wait_until>
10001586:	f000 f8c1 	bl	1000170c <time_us_64>
1000158a:	4286      	cmp	r6, r0
1000158c:	eb67 0101 	sbc.w	r1, r7, r1
10001590:	2900      	cmp	r1, #0
10001592:	db0a      	blt.n	100015aa <sleep_ms+0x82>
10001594:	2100      	movs	r1, #0
10001596:	4b17      	ldr	r3, [pc, #92]	@ (100015f4 <sleep_ms+0xcc>)
10001598:	4632      	mov	r2, r6
1000159a:	9300      	str	r3, [sp, #0]
1000159c:	4816      	ldr	r0, [pc, #88]	@ (100015f8 <sleep_ms+0xd0>)
1000159e:	463b      	mov	r3, r7
100015a0:	9101      	str	r1, [sp, #4]
100015a2:	f7ff ff1b 	bl	100013dc <alarm_pool_add_alarm_at_force_in_context>
100015a6:	3001      	adds	r0, #1
100015a8:	d0e6      	beq.n	10001578 <sleep_ms+0x50>
100015aa:	f04f 0c00 	mov.w	ip, #0
100015ae:	4a13      	ldr	r2, [pc, #76]	@ (100015fc <sleep_ms+0xd4>)
100015b0:	4913      	ldr	r1, [pc, #76]	@ (10001600 <sleep_ms+0xd8>)
100015b2:	6a53      	ldr	r3, [r2, #36]	@ 0x24
100015b4:	429f      	cmp	r7, r3
100015b6:	d804      	bhi.n	100015c2 <sleep_ms+0x9a>
100015b8:	6a90      	ldr	r0, [r2, #40]	@ 0x28
100015ba:	42b0      	cmp	r0, r6
100015bc:	d2dc      	bcs.n	10001578 <sleep_ms+0x50>
100015be:	429f      	cmp	r7, r3
100015c0:	d1da      	bne.n	10001578 <sleep_ms+0x50>
100015c2:	680b      	ldr	r3, [r1, #0]
100015c4:	f3ef 8010 	mrs	r0, PRIMASK
100015c8:	b672      	cpsid	i
100015ca:	e8d3 8fcf 	ldaexb	r8, [r3]
100015ce:	f05f 0e01 	movs.w	lr, #1
100015d2:	f1b8 0f00 	cmp.w	r8, #0
100015d6:	d1f8      	bne.n	100015ca <sleep_ms+0xa2>
100015d8:	e8c3 ef48 	strexb	r8, lr, [r3]
100015dc:	f1b8 0f00 	cmp.w	r8, #0
100015e0:	d1f3      	bne.n	100015ca <sleep_ms+0xa2>
100015e2:	f3bf 8f5f 	dmb	sy
100015e6:	680b      	ldr	r3, [r1, #0]
100015e8:	e8c3 cf8f 	stlb	ip, [r3]
100015ec:	f380 8810 	msr	PRIMASK, r0
100015f0:	bf20      	wfe
100015f2:	e7de      	b.n	100015b2 <sleep_ms+0x8a>
100015f4:	10000ecd 	.word	0x10000ecd
100015f8:	20001544 	.word	0x20001544
100015fc:	400b0000 	.word	0x400b0000
10001600:	200021a8 	.word	0x200021a8

10001604 <best_effort_wfe_or_timeout>:
10001604:	e92d 43f0 	stmdb	sp!, {r4, r5, r6, r7, r8, r9, lr}
10001608:	4606      	mov	r6, r0
1000160a:	460d      	mov	r5, r1
1000160c:	b083      	sub	sp, #12
1000160e:	f3ef 8405 	mrs	r4, IPSR
10001612:	b2e4      	uxtb	r4, r4
10001614:	b13c      	cbz	r4, 10001626 <best_effort_wfe_or_timeout+0x22>
10001616:	4b2d      	ldr	r3, [pc, #180]	@ (100016cc <best_effort_wfe_or_timeout+0xc8>)
10001618:	6a5a      	ldr	r2, [r3, #36]	@ 0x24
1000161a:	42aa      	cmp	r2, r5
1000161c:	d21c      	bcs.n	10001658 <best_effort_wfe_or_timeout+0x54>
1000161e:	2000      	movs	r0, #0
10001620:	b003      	add	sp, #12
10001622:	e8bd 83f0 	ldmia.w	sp!, {r4, r5, r6, r7, r8, r9, pc}
10001626:	4f2a      	ldr	r7, [pc, #168]	@ (100016d0 <best_effort_wfe_or_timeout+0xcc>)
10001628:	f8d7 900c 	ldr.w	r9, [r7, #12]
1000162c:	f897 8000 	ldrb.w	r8, [r7]
10001630:	4648      	mov	r0, r9
10001632:	f000 f863 	bl	100016fc <timer_time_us_64>
10001636:	f108 0804 	add.w	r8, r8, #4
1000163a:	f859 3028 	ldr.w	r3, [r9, r8, lsl #2]
1000163e:	1a1b      	subs	r3, r3, r0
10001640:	1a30      	subs	r0, r6, r0
10001642:	eb65 0101 	sbc.w	r1, r5, r1
10001646:	4298      	cmp	r0, r3
10001648:	f171 0100 	sbcs.w	r1, r1, #0
1000164c:	db10      	blt.n	10001670 <best_effort_wfe_or_timeout+0x6c>
1000164e:	bf20      	wfe
10001650:	4b1e      	ldr	r3, [pc, #120]	@ (100016cc <best_effort_wfe_or_timeout+0xc8>)
10001652:	6a5a      	ldr	r2, [r3, #36]	@ 0x24
10001654:	42aa      	cmp	r2, r5
10001656:	d3e2      	bcc.n	1000161e <best_effort_wfe_or_timeout+0x1a>
10001658:	bf14      	ite	ne
1000165a:	2401      	movne	r4, #1
1000165c:	2400      	moveq	r4, #0
1000165e:	6a9b      	ldr	r3, [r3, #40]	@ 0x28
10001660:	42b3      	cmp	r3, r6
10001662:	bf34      	ite	cc
10001664:	4620      	movcc	r0, r4
10001666:	f044 0001 	orrcs.w	r0, r4, #1
1000166a:	b003      	add	sp, #12
1000166c:	e8bd 83f0 	ldmia.w	sp!, {r4, r5, r6, r7, r8, r9, pc}
10001670:	f000 f84c 	bl	1000170c <time_us_64>
10001674:	4286      	cmp	r6, r0
10001676:	eb65 0101 	sbc.w	r1, r5, r1
1000167a:	2900      	cmp	r1, #0
1000167c:	db14      	blt.n	100016a8 <best_effort_wfe_or_timeout+0xa4>
1000167e:	4b15      	ldr	r3, [pc, #84]	@ (100016d4 <best_effort_wfe_or_timeout+0xd0>)
10001680:	4638      	mov	r0, r7
10001682:	e9cd 3400 	strd	r3, r4, [sp]
10001686:	4632      	mov	r2, r6
10001688:	462b      	mov	r3, r5
1000168a:	f7ff fea7 	bl	100013dc <alarm_pool_add_alarm_at_force_in_context>
1000168e:	1e01      	subs	r1, r0, #0
10001690:	dd0a      	ble.n	100016a8 <best_effort_wfe_or_timeout+0xa4>
10001692:	4b0e      	ldr	r3, [pc, #56]	@ (100016cc <best_effort_wfe_or_timeout+0xc8>)
10001694:	6a5a      	ldr	r2, [r3, #36]	@ 0x24
10001696:	42aa      	cmp	r2, r5
10001698:	d316      	bcc.n	100016c8 <best_effort_wfe_or_timeout+0xc4>
1000169a:	6a9b      	ldr	r3, [r3, #40]	@ 0x28
1000169c:	42b3      	cmp	r3, r6
1000169e:	d311      	bcc.n	100016c4 <best_effort_wfe_or_timeout+0xc0>
100016a0:	480b      	ldr	r0, [pc, #44]	@ (100016d0 <best_effort_wfe_or_timeout+0xcc>)
100016a2:	f7ff feff 	bl	100014a4 <alarm_pool_cancel_alarm>
100016a6:	e7b6      	b.n	10001616 <best_effort_wfe_or_timeout+0x12>
100016a8:	4b08      	ldr	r3, [pc, #32]	@ (100016cc <best_effort_wfe_or_timeout+0xc8>)
100016aa:	6a5c      	ldr	r4, [r3, #36]	@ 0x24
100016ac:	42ac      	cmp	r4, r5
100016ae:	d3b6      	bcc.n	1000161e <best_effort_wfe_or_timeout+0x1a>
100016b0:	1b64      	subs	r4, r4, r5
100016b2:	bf18      	it	ne
100016b4:	2401      	movne	r4, #1
100016b6:	6a9b      	ldr	r3, [r3, #40]	@ 0x28
100016b8:	42b3      	cmp	r3, r6
100016ba:	bf34      	ite	cc
100016bc:	4620      	movcc	r0, r4
100016be:	f044 0001 	orrcs.w	r0, r4, #1
100016c2:	e7ad      	b.n	10001620 <best_effort_wfe_or_timeout+0x1c>
100016c4:	42aa      	cmp	r2, r5
100016c6:	d1eb      	bne.n	100016a0 <best_effort_wfe_or_timeout+0x9c>
100016c8:	bf20      	wfe
100016ca:	e7e9      	b.n	100016a0 <best_effort_wfe_or_timeout+0x9c>
100016cc:	400b0000 	.word	0x400b0000
100016d0:	20001544 	.word	0x20001544
100016d4:	10000ecd 	.word	0x10000ecd

100016d8 <timer_hardware_alarm_claim>:
100016d8:	b410      	push	{r4}
100016da:	4b05      	ldr	r3, [pc, #20]	@ (100016f0 <timer_hardware_alarm_claim+0x18>)
100016dc:	4c05      	ldr	r4, [pc, #20]	@ (100016f4 <timer_hardware_alarm_claim+0x1c>)
100016de:	4a06      	ldr	r2, [pc, #24]	@ (100016f8 <timer_hardware_alarm_claim+0x20>)
100016e0:	42a0      	cmp	r0, r4
100016e2:	bf14      	ite	ne
100016e4:	4618      	movne	r0, r3
100016e6:	1c58      	addeq	r0, r3, #1
100016e8:	f85d 4b04 	ldr.w	r4, [sp], #4
100016ec:	f7ff b90a 	b.w	10000904 <hw_claim_or_assert>
100016f0:	20001cf4 	.word	0x20001cf4
100016f4:	400b8000 	.word	0x400b8000
100016f8:	10006640 	.word	0x10006640

100016fc <timer_time_us_64>:
100016fc:	4603      	mov	r3, r0
100016fe:	6a41      	ldr	r1, [r0, #36]	@ 0x24
10001700:	460a      	mov	r2, r1
10001702:	6a98      	ldr	r0, [r3, #40]	@ 0x28
10001704:	6a59      	ldr	r1, [r3, #36]	@ 0x24
10001706:	428a      	cmp	r2, r1
10001708:	d1fa      	bne.n	10001700 <timer_time_us_64+0x4>
1000170a:	4770      	bx	lr

1000170c <time_us_64>:
1000170c:	4b03      	ldr	r3, [pc, #12]	@ (1000171c <time_us_64+0x10>)
1000170e:	6a59      	ldr	r1, [r3, #36]	@ 0x24
10001710:	460a      	mov	r2, r1
10001712:	6a98      	ldr	r0, [r3, #40]	@ 0x28
10001714:	6a59      	ldr	r1, [r3, #36]	@ 0x24
10001716:	4291      	cmp	r1, r2
10001718:	d1fa      	bne.n	10001710 <time_us_64+0x4>
1000171a:	4770      	bx	lr
1000171c:	400b0000 	.word	0x400b0000

10001720 <busy_wait_until>:
10001720:	4a07      	ldr	r2, [pc, #28]	@ (10001740 <busy_wait_until+0x20>)
10001722:	6a53      	ldr	r3, [r2, #36]	@ 0x24
10001724:	4299      	cmp	r1, r3
10001726:	d8fc      	bhi.n	10001722 <busy_wait_until+0x2>
10001728:	4299      	cmp	r1, r3
1000172a:	d107      	bne.n	1000173c <busy_wait_until+0x1c>
1000172c:	4b04      	ldr	r3, [pc, #16]	@ (10001740 <busy_wait_until+0x20>)
1000172e:	e002      	b.n	10001736 <busy_wait_until+0x16>
10001730:	6a5a      	ldr	r2, [r3, #36]	@ 0x24
10001732:	4291      	cmp	r1, r2
10001734:	d102      	bne.n	1000173c <busy_wait_until+0x1c>
10001736:	6a9a      	ldr	r2, [r3, #40]	@ 0x28
10001738:	4290      	cmp	r0, r2
1000173a:	d8f9      	bhi.n	10001730 <busy_wait_until+0x10>
1000173c:	4770      	bx	lr
1000173e:	bf00      	nop
10001740:	400b0000 	.word	0x400b0000

10001744 <clock_configure_undivided>:
10001744:	eb00 0c40 	add.w	ip, r0, r0, lsl #1
10001748:	ea4f 0c8c 	mov.w	ip, ip, lsl #2
1000174c:	f10c 4c80 	add.w	ip, ip, #1073741824	@ 0x40000000
10001750:	f50c 3c80 	add.w	ip, ip, #65536	@ 0x10000
10001754:	b5f0      	push	{r4, r5, r6, r7, lr}
10001756:	4616      	mov	r6, r2
10001758:	f8dc 2004 	ldr.w	r2, [ip, #4]
1000175c:	1f05      	subs	r5, r0, #4
1000175e:	f5b2 3f80 	cmp.w	r2, #65536	@ 0x10000
10001762:	bf38      	it	cc
10001764:	f44f 3280 	movcc.w	r2, #65536	@ 0x10000
10001768:	b2ed      	uxtb	r5, r5
1000176a:	bf38      	it	cc
1000176c:	f8cc 2004 	strcc.w	r2, [ip, #4]
10001770:	2d01      	cmp	r5, #1
10001772:	d92a      	bls.n	100017ca <clock_configure_undivided+0x86>
10001774:	f44f 6700 	mov.w	r7, #2048	@ 0x800
10001778:	4c25      	ldr	r4, [pc, #148]	@ (10001810 <clock_configure_undivided+0xcc>)
1000177a:	f50c 5240 	add.w	r2, ip, #12288	@ 0x3000
1000177e:	6017      	str	r7, [r2, #0]
10001780:	f854 2020 	ldr.w	r2, [r4, r0, lsl #2]
10001784:	b9b2      	cbnz	r2, 100017b4 <clock_configure_undivided+0x70>
10001786:	f8dc 2000 	ldr.w	r2, [ip]
1000178a:	2d01      	cmp	r5, #1
1000178c:	ea82 1246 	eor.w	r2, r2, r6, lsl #5
10001790:	f002 02e0 	and.w	r2, r2, #224	@ 0xe0
10001794:	f50c 5680 	add.w	r6, ip, #4096	@ 0x1000
10001798:	6032      	str	r2, [r6, #0]
1000179a:	d92a      	bls.n	100017f2 <clock_configure_undivided+0xae>
1000179c:	f44f 6100 	mov.w	r1, #2048	@ 0x800
100017a0:	f844 3020 	str.w	r3, [r4, r0, lsl #2]
100017a4:	f44f 3380 	mov.w	r3, #65536	@ 0x10000
100017a8:	f50c 5200 	add.w	r2, ip, #8192	@ 0x2000
100017ac:	6011      	str	r1, [r2, #0]
100017ae:	f8cc 3004 	str.w	r3, [ip, #4]
100017b2:	bdf0      	pop	{r4, r5, r6, r7, pc}
100017b4:	6967      	ldr	r7, [r4, #20]
100017b6:	fbb7 fef2 	udiv	lr, r7, r2
100017ba:	f10e 0e01 	add.w	lr, lr, #1
100017be:	eb0e 0e4e 	add.w	lr, lr, lr, lsl #1
100017c2:	f1be 0e03 	subs.w	lr, lr, #3
100017c6:	d2fc      	bcs.n	100017c2 <clock_configure_undivided+0x7e>
100017c8:	e7dd      	b.n	10001786 <clock_configure_undivided+0x42>
100017ca:	2901      	cmp	r1, #1
100017cc:	d1d2      	bne.n	10001774 <clock_configure_undivided+0x30>
100017ce:	2403      	movs	r4, #3
100017d0:	f50c 5240 	add.w	r2, ip, #12288	@ 0x3000
100017d4:	6014      	str	r4, [r2, #0]
100017d6:	f8dc 2008 	ldr.w	r2, [ip, #8]
100017da:	07d2      	lsls	r2, r2, #31
100017dc:	d5fb      	bpl.n	100017d6 <clock_configure_undivided+0x92>
100017de:	f8dc 2000 	ldr.w	r2, [ip]
100017e2:	4c0b      	ldr	r4, [pc, #44]	@ (10001810 <clock_configure_undivided+0xcc>)
100017e4:	ea82 1246 	eor.w	r2, r2, r6, lsl #5
100017e8:	f002 02e0 	and.w	r2, r2, #224	@ 0xe0
100017ec:	f50c 5680 	add.w	r6, ip, #4096	@ 0x1000
100017f0:	6032      	str	r2, [r6, #0]
100017f2:	2201      	movs	r2, #1
100017f4:	f8dc 5000 	ldr.w	r5, [ip]
100017f8:	404d      	eors	r5, r1
100017fa:	f005 0503 	and.w	r5, r5, #3
100017fe:	6035      	str	r5, [r6, #0]
10001800:	fa02 f101 	lsl.w	r1, r2, r1
10001804:	f8dc 2008 	ldr.w	r2, [ip, #8]
10001808:	420a      	tst	r2, r1
1000180a:	d0fb      	beq.n	10001804 <clock_configure_undivided+0xc0>
1000180c:	e7c6      	b.n	1000179c <clock_configure_undivided+0x58>
1000180e:	bf00      	nop
10001810:	20001cf8 	.word	0x20001cf8

10001814 <clock_get_hz>:
10001814:	4b01      	ldr	r3, [pc, #4]	@ (1000181c <clock_get_hz+0x8>)
10001816:	f853 0020 	ldr.w	r0, [r3, r0, lsl #2]
1000181a:	4770      	bx	lr
1000181c:	20001cf8 	.word	0x20001cf8

10001820 <pll_init>:
10001820:	b470      	push	{r4, r5, r6}
10001822:	9d03      	ldr	r5, [sp, #12]
10001824:	6804      	ldr	r4, [r0, #0]
10001826:	032d      	lsls	r5, r5, #12
10001828:	ea45 4503 	orr.w	r5, r5, r3, lsl #16
1000182c:	4b1b      	ldr	r3, [pc, #108]	@ (1000189c <pll_init+0x7c>)
1000182e:	2c00      	cmp	r4, #0
10001830:	fbb3 f3f1 	udiv	r3, r3, r1
10001834:	fbb2 f6f3 	udiv	r6, r2, r3
10001838:	db1f      	blt.n	1000187a <pll_init+0x5a>
1000183a:	4a19      	ldr	r2, [pc, #100]	@ (100018a0 <pll_init+0x80>)
1000183c:	4b19      	ldr	r3, [pc, #100]	@ (100018a4 <pll_init+0x84>)
1000183e:	4290      	cmp	r0, r2
10001840:	bf14      	ite	ne
10001842:	f44f 4280 	movne.w	r2, #16384	@ 0x4000
10001846:	f44f 4200 	moveq.w	r2, #32768	@ 0x8000
1000184a:	4c17      	ldr	r4, [pc, #92]	@ (100018a8 <pll_init+0x88>)
1000184c:	601a      	str	r2, [r3, #0]
1000184e:	f503 5380 	add.w	r3, r3, #4096	@ 0x1000
10001852:	601a      	str	r2, [r3, #0]
10001854:	68a3      	ldr	r3, [r4, #8]
10001856:	ea32 0303 	bics.w	r3, r2, r3
1000185a:	d1fb      	bne.n	10001854 <pll_init+0x34>
1000185c:	2221      	movs	r2, #33	@ 0x21
1000185e:	f500 5340 	add.w	r3, r0, #12288	@ 0x3000
10001862:	3304      	adds	r3, #4
10001864:	6001      	str	r1, [r0, #0]
10001866:	6086      	str	r6, [r0, #8]
10001868:	601a      	str	r2, [r3, #0]
1000186a:	6802      	ldr	r2, [r0, #0]
1000186c:	2a00      	cmp	r2, #0
1000186e:	dafc      	bge.n	1000186a <pll_init+0x4a>
10001870:	2208      	movs	r2, #8
10001872:	60c5      	str	r5, [r0, #12]
10001874:	601a      	str	r2, [r3, #0]
10001876:	bc70      	pop	{r4, r5, r6}
10001878:	4770      	bx	lr
1000187a:	6803      	ldr	r3, [r0, #0]
1000187c:	f003 033f 	and.w	r3, r3, #63	@ 0x3f
10001880:	428b      	cmp	r3, r1
10001882:	d1da      	bne.n	1000183a <pll_init+0x1a>
10001884:	6883      	ldr	r3, [r0, #8]
10001886:	f3c3 030b 	ubfx	r3, r3, #0, #12
1000188a:	42b3      	cmp	r3, r6
1000188c:	d1d5      	bne.n	1000183a <pll_init+0x1a>
1000188e:	68c3      	ldr	r3, [r0, #12]
10001890:	f403 23ee 	and.w	r3, r3, #487424	@ 0x77000
10001894:	42ab      	cmp	r3, r5
10001896:	d1d0      	bne.n	1000183a <pll_init+0x1a>
10001898:	e7ed      	b.n	10001876 <pll_init+0x56>
1000189a:	bf00      	nop
1000189c:	00b71b00 	.word	0x00b71b00
100018a0:	40058000 	.word	0x40058000
100018a4:	40022000 	.word	0x40022000
100018a8:	40020000 	.word	0x40020000

100018ac <watchdog_reboot>:
100018ac:	b430      	push	{r4, r5}
100018ae:	f04f 4480 	mov.w	r4, #1073741824	@ 0x40000000
100018b2:	4b1c      	ldr	r3, [pc, #112]	@ (10001924 <watchdog_reboot+0x78>)
100018b4:	601c      	str	r4, [r3, #0]
100018b6:	b1e0      	cbz	r0, 100018f2 <watchdog_reboot+0x46>
100018b8:	4c1b      	ldr	r4, [pc, #108]	@ (10001928 <watchdog_reboot+0x7c>)
100018ba:	f5a3 5340 	sub.w	r3, r3, #12288	@ 0x3000
100018be:	61dc      	str	r4, [r3, #28]
100018c0:	4c1a      	ldr	r4, [pc, #104]	@ (1000192c <watchdog_reboot+0x80>)
100018c2:	f040 0001 	orr.w	r0, r0, #1
100018c6:	4044      	eors	r4, r0
100018c8:	621c      	str	r4, [r3, #32]
100018ca:	6259      	str	r1, [r3, #36]	@ 0x24
100018cc:	6298      	str	r0, [r3, #40]	@ 0x28
100018ce:	f04f 4580 	mov.w	r5, #1073741824	@ 0x40000000
100018d2:	f04f 61e0 	mov.w	r1, #117440512	@ 0x7000000
100018d6:	4b13      	ldr	r3, [pc, #76]	@ (10001924 <watchdog_reboot+0x78>)
100018d8:	4815      	ldr	r0, [pc, #84]	@ (10001930 <watchdog_reboot+0x84>)
100018da:	4c16      	ldr	r4, [pc, #88]	@ (10001934 <watchdog_reboot+0x88>)
100018dc:	601d      	str	r5, [r3, #0]
100018de:	6084      	str	r4, [r0, #8]
100018e0:	6019      	str	r1, [r3, #0]
100018e2:	b94a      	cbnz	r2, 100018f8 <watchdog_reboot+0x4c>
100018e4:	bc30      	pop	{r4, r5}
100018e6:	f04f 4200 	mov.w	r2, #2147483648	@ 0x80000000
100018ea:	f5a3 5380 	sub.w	r3, r3, #4096	@ 0x1000
100018ee:	601a      	str	r2, [r3, #0]
100018f0:	4770      	bx	lr
100018f2:	4b11      	ldr	r3, [pc, #68]	@ (10001938 <watchdog_reboot+0x8c>)
100018f4:	61d8      	str	r0, [r3, #28]
100018f6:	e7ea      	b.n	100018ce <watchdog_reboot+0x22>
100018f8:	f44f 737a 	mov.w	r3, #1000	@ 0x3e8
100018fc:	fb03 f202 	mul.w	r2, r3, r2
10001900:	f1b2 7f80 	cmp.w	r2, #16777216	@ 0x1000000
10001904:	bf2a      	itet	cs
10001906:	f06f 437f 	mvncs.w	r3, #4278190080	@ 0xff000000
1000190a:	4613      	movcc	r3, r2
1000190c:	461a      	movcs	r2, r3
1000190e:	f04f 4180 	mov.w	r1, #1073741824	@ 0x40000000
10001912:	4c0a      	ldr	r4, [pc, #40]	@ (1000193c <watchdog_reboot+0x90>)
10001914:	4808      	ldr	r0, [pc, #32]	@ (10001938 <watchdog_reboot+0x8c>)
10001916:	6023      	str	r3, [r4, #0]
10001918:	4b09      	ldr	r3, [pc, #36]	@ (10001940 <watchdog_reboot+0x94>)
1000191a:	6042      	str	r2, [r0, #4]
1000191c:	bc30      	pop	{r4, r5}
1000191e:	6019      	str	r1, [r3, #0]
10001920:	4770      	bx	lr
10001922:	bf00      	nop
10001924:	400db000 	.word	0x400db000
10001928:	b007c0d3 	.word	0xb007c0d3
1000192c:	4ff83f2d 	.word	0x4ff83f2d
10001930:	4001a000 	.word	0x4001a000
10001934:	01fffff3 	.word	0x01fffff3
10001938:	400d8000 	.word	0x400d8000
1000193c:	20002158 	.word	0x20002158
10001940:	400da000 	.word	0x400da000

10001944 <tick_start>:
10001944:	2301      	movs	r3, #1
10001946:	eb00 0040 	add.w	r0, r0, r0, lsl #1
1000194a:	0080      	lsls	r0, r0, #2
1000194c:	f100 4080 	add.w	r0, r0, #1073741824	@ 0x40000000
10001950:	f500 1084 	add.w	r0, r0, #1081344	@ 0x108000
10001954:	6041      	str	r1, [r0, #4]
10001956:	6003      	str	r3, [r0, #0]
10001958:	4770      	bx	lr
1000195a:	bf00      	nop

1000195c <rom_reboot.constprop.0.isra.0>:
1000195c:	2300      	movs	r3, #0
1000195e:	b570      	push	{r4, r5, r6, lr}
10001960:	8adb      	ldrh	r3, [r3, #22]
10001962:	4604      	mov	r4, r0
10001964:	460d      	mov	r5, r1
10001966:	2200      	movs	r2, #0
10001968:	e842 f200 	tt	r2, r2
1000196c:	0252      	lsls	r2, r2, #9
1000196e:	bf54      	ite	pl
10001970:	2110      	movpl	r1, #16
10001972:	2104      	movmi	r1, #4
10001974:	f244 2052 	movw	r0, #16978	@ 0x4252
10001978:	4798      	blx	r3
1000197a:	4686      	mov	lr, r0
1000197c:	462b      	mov	r3, r5
1000197e:	4622      	mov	r2, r4
10001980:	46f4      	mov	ip, lr
10001982:	e8bd 4070 	ldmia.w	sp!, {r4, r5, r6, lr}
10001986:	210a      	movs	r1, #10
10001988:	f44f 7081 	mov.w	r0, #258	@ 0x102
1000198c:	4760      	bx	ip
1000198e:	bf00      	nop

10001990 <rom_func_lookup>:
10001990:	2300      	movs	r3, #0
10001992:	8adb      	ldrh	r3, [r3, #22]
10001994:	2200      	movs	r2, #0
10001996:	e842 f200 	tt	r2, r2
1000199a:	0252      	lsls	r2, r2, #9
1000199c:	d401      	bmi.n	100019a2 <rom_func_lookup+0x12>
1000199e:	2110      	movs	r1, #16
100019a0:	4718      	bx	r3
100019a2:	2104      	movs	r1, #4
100019a4:	4718      	bx	r3
100019a6:	bf00      	nop

100019a8 <rom_reset_usb_boot_extra>:
100019a8:	b508      	push	{r3, lr}
100019aa:	4603      	mov	r3, r0
100019ac:	4608      	mov	r0, r1
100019ae:	1e19      	subs	r1, r3, #0
100019b0:	db02      	blt.n	100019b8 <rom_reset_usb_boot_extra+0x10>
100019b2:	b11a      	cbz	r2, 100019bc <rom_reset_usb_boot_extra+0x14>
100019b4:	f040 0030 	orr.w	r0, r0, #48	@ 0x30
100019b8:	f7ff ffd0 	bl	1000195c <rom_reboot.constprop.0.isra.0>
100019bc:	f040 0020 	orr.w	r0, r0, #32
100019c0:	e7fa      	b.n	100019b8 <rom_reset_usb_boot_extra+0x10>
100019c2:	bf00      	nop

100019c4 <runtime_init_bootrom_locking_enable>:
100019c4:	4a03      	ldr	r2, [pc, #12]	@ (100019d4 <runtime_init_bootrom_locking_enable+0x10>)
100019c6:	f8d2 3828 	ldr.w	r3, [r2, #2088]	@ 0x828
100019ca:	2b00      	cmp	r3, #0
100019cc:	d0fb      	beq.n	100019c6 <runtime_init_bootrom_locking_enable+0x2>
100019ce:	f3bf 8f5f 	dmb	sy
100019d2:	4770      	bx	lr
100019d4:	400e0000 	.word	0x400e0000

100019d8 <runtime_init_boot_locks_reset>:
100019d8:	2100      	movs	r1, #0
100019da:	4b04      	ldr	r3, [pc, #16]	@ (100019ec <runtime_init_boot_locks_reset+0x14>)
100019dc:	4a04      	ldr	r2, [pc, #16]	@ (100019f0 <runtime_init_boot_locks_reset+0x18>)
100019de:	f3bf 8f5f 	dmb	sy
100019e2:	f843 1b04 	str.w	r1, [r3], #4
100019e6:	4293      	cmp	r3, r2
100019e8:	d1f9      	bne.n	100019de <runtime_init_boot_locks_reset+0x6>
100019ea:	4770      	bx	lr
100019ec:	400e080c 	.word	0x400e080c
100019f0:	400e082c 	.word	0x400e082c

100019f4 <xosc_init>:
100019f4:	b410      	push	{r4}
100019f6:	f44f 708d 	mov.w	r0, #282	@ 0x11a
100019fa:	f44f 642a 	mov.w	r4, #2720	@ 0xaa0
100019fe:	4a06      	ldr	r2, [pc, #24]	@ (10001a18 <xosc_init+0x24>)
10001a00:	4b06      	ldr	r3, [pc, #24]	@ (10001a1c <xosc_init+0x28>)
10001a02:	4907      	ldr	r1, [pc, #28]	@ (10001a20 <xosc_init+0x2c>)
10001a04:	6014      	str	r4, [r2, #0]
10001a06:	60d0      	str	r0, [r2, #12]
10001a08:	6019      	str	r1, [r3, #0]
10001a0a:	6853      	ldr	r3, [r2, #4]
10001a0c:	2b00      	cmp	r3, #0
10001a0e:	dafc      	bge.n	10001a0a <xosc_init+0x16>
10001a10:	f85d 4b04 	ldr.w	r4, [sp], #4
10001a14:	4770      	bx	lr
10001a16:	bf00      	nop
10001a18:	40048000 	.word	0x40048000
10001a1c:	4004a000 	.word	0x4004a000
10001a20:	00fab000 	.word	0x00fab000

10001a24 <first_per_core_initializer>:
10001a24:	4770      	bx	lr
10001a26:	bf00      	nop

10001a28 <hard_assertion_failure>:
10001a28:	b508      	push	{r3, lr}
10001a2a:	4801      	ldr	r0, [pc, #4]	@ (10001a30 <hard_assertion_failure+0x8>)
10001a2c:	f7fe ff52 	bl	100008d4 <panic>
10001a30:	10006664 	.word	0x10006664

10001a34 <runtime_run_initializers>:
10001a34:	b538      	push	{r3, r4, r5, lr}
10001a36:	4c05      	ldr	r4, [pc, #20]	@ (10001a4c <runtime_run_initializers+0x18>)
10001a38:	4d05      	ldr	r5, [pc, #20]	@ (10001a50 <runtime_run_initializers+0x1c>)
10001a3a:	42ac      	cmp	r4, r5
10001a3c:	d204      	bcs.n	10001a48 <runtime_run_initializers+0x14>
10001a3e:	f854 3b04 	ldr.w	r3, [r4], #4
10001a42:	4798      	blx	r3
10001a44:	42ac      	cmp	r4, r5
10001a46:	d3fa      	bcc.n	10001a3e <runtime_run_initializers+0xa>
10001a48:	bd38      	pop	{r3, r4, r5, pc}
10001a4a:	bf00      	nop
10001a4c:	10006540 	.word	0x10006540
10001a50:	10006580 	.word	0x10006580

10001a54 <runtime_init_early_resets>:
10001a54:	b410      	push	{r4}
10001a56:	4807      	ldr	r0, [pc, #28]	@ (10001a74 <runtime_init_early_resets+0x20>)
10001a58:	4c07      	ldr	r4, [pc, #28]	@ (10001a78 <runtime_init_early_resets+0x24>)
10001a5a:	4b08      	ldr	r3, [pc, #32]	@ (10001a7c <runtime_init_early_resets+0x28>)
10001a5c:	4a08      	ldr	r2, [pc, #32]	@ (10001a80 <runtime_init_early_resets+0x2c>)
10001a5e:	4909      	ldr	r1, [pc, #36]	@ (10001a84 <runtime_init_early_resets+0x30>)
10001a60:	6004      	str	r4, [r0, #0]
10001a62:	601a      	str	r2, [r3, #0]
10001a64:	688b      	ldr	r3, [r1, #8]
10001a66:	ea32 0303 	bics.w	r3, r2, r3
10001a6a:	d1fb      	bne.n	10001a64 <runtime_init_early_resets+0x10>
10001a6c:	f85d 4b04 	ldr.w	r4, [sp], #4
10001a70:	4770      	bx	lr
10001a72:	bf00      	nop
10001a74:	40022000 	.word	0x40022000
10001a78:	efef3b7f 	.word	0xefef3b7f
10001a7c:	40023000 	.word	0x40023000
10001a80:	03f3fff6 	.word	0x03f3fff6
10001a84:	40020000 	.word	0x40020000

10001a88 <runtime_init_usb_power_down>:
10001a88:	4b04      	ldr	r3, [pc, #16]	@ (10001a9c <runtime_init_usb_power_down+0x14>)
10001a8a:	6cdb      	ldr	r3, [r3, #76]	@ 0x4c
10001a8c:	f5b3 4f00 	cmp.w	r3, #32768	@ 0x8000
10001a90:	d103      	bne.n	10001a9a <runtime_init_usb_power_down+0x12>
10001a92:	f44f 2280 	mov.w	r2, #262144	@ 0x40000
10001a96:	4b02      	ldr	r3, [pc, #8]	@ (10001aa0 <runtime_init_usb_power_down+0x18>)
10001a98:	64da      	str	r2, [r3, #76]	@ 0x4c
10001a9a:	4770      	bx	lr
10001a9c:	50110000 	.word	0x50110000
10001aa0:	50112000 	.word	0x50112000

10001aa4 <runtime_init_per_core_enable_coprocessors>:
10001aa4:	f04f 22e0 	mov.w	r2, #3758153728	@ 0xe000e000
10001aa8:	4b04      	ldr	r3, [pc, #16]	@ (10001abc <runtime_init_per_core_enable_coprocessors+0x18>)
10001aaa:	f8d2 1d88 	ldr.w	r1, [r2, #3464]	@ 0xd88
10001aae:	430b      	orrs	r3, r1
10001ab0:	f8c2 3d88 	str.w	r3, [r2, #3464]	@ 0xd88
10001ab4:	ee10 0430 			dcp_rcmp r0
10001ab8:	4770      	bx	lr
10001aba:	bf00      	nop
10001abc:	00300303 	.word	0x00300303

10001ac0 <runtime_init_post_clock_resets>:
10001ac0:	f06f 4160 	mvn.w	r1, #3758096384	@ 0xe0000000
10001ac4:	4b04      	ldr	r3, [pc, #16]	@ (10001ad8 <runtime_init_post_clock_resets+0x18>)
10001ac6:	4a05      	ldr	r2, [pc, #20]	@ (10001adc <runtime_init_post_clock_resets+0x1c>)
10001ac8:	6019      	str	r1, [r3, #0]
10001aca:	6893      	ldr	r3, [r2, #8]
10001acc:	43db      	mvns	r3, r3
10001ace:	f033 4360 	bics.w	r3, r3, #3758096384	@ 0xe0000000
10001ad2:	d1fa      	bne.n	10001aca <runtime_init_post_clock_resets+0xa>
10001ad4:	4770      	bx	lr
10001ad6:	bf00      	nop
10001ad8:	40023000 	.word	0x40023000
10001adc:	40020000 	.word	0x40020000

10001ae0 <runtime_init_bootrom_reset>:
10001ae0:	b510      	push	{r4, lr}
10001ae2:	f245 2053 	movw	r0, #21075	@ 0x5253
10001ae6:	f7ff ff53 	bl	10001990 <rom_func_lookup>
10001aea:	e8bd 4010 	ldmia.w	sp!, {r4, lr}
10001aee:	4603      	mov	r3, r0
10001af0:	2004      	movs	r0, #4
10001af2:	4718      	bx	r3

10001af4 <runtime_init_per_core_bootrom_reset>:
10001af4:	b510      	push	{r4, lr}
10001af6:	f245 2053 	movw	r0, #21075	@ 0x5253
10001afa:	f7ff ff49 	bl	10001990 <rom_func_lookup>
10001afe:	e8bd 4010 	ldmia.w	sp!, {r4, lr}
10001b02:	4603      	mov	r3, r0
10001b04:	2001      	movs	r0, #1
10001b06:	4718      	bx	r3

10001b08 <runtime_init_spin_locks_reset>:
10001b08:	f7fe bf8c 	b.w	10000a24 <spin_locks_reset>

10001b0c <runtime_init_install_ram_vector_table>:
10001b0c:	4914      	ldr	r1, [pc, #80]	@ (10001b60 <runtime_init_install_ram_vector_table+0x54>)
10001b0e:	4b15      	ldr	r3, [pc, #84]	@ (10001b64 <runtime_init_install_ram_vector_table+0x58>)
10001b10:	b570      	push	{r4, r5, r6, lr}
10001b12:	1a5c      	subs	r4, r3, r1
10001b14:	10a6      	asrs	r6, r4, #2
10001b16:	2e44      	cmp	r6, #68	@ 0x44
10001b18:	4632      	mov	r2, r6
10001b1a:	bf28      	it	cs
10001b1c:	2244      	movcs	r2, #68	@ 0x44
10001b1e:	4d12      	ldr	r5, [pc, #72]	@ (10001b68 <runtime_init_install_ram_vector_table+0x5c>)
10001b20:	0092      	lsls	r2, r2, #2
10001b22:	4628      	mov	r0, r5
10001b24:	f004 fc3a 	bl	1000639c <memcpy>
10001b28:	f5b4 7f86 	cmp.w	r4, #268	@ 0x10c
10001b2c:	d813      	bhi.n	10001b56 <runtime_init_install_ram_vector_table+0x4a>
10001b2e:	4a0f      	ldr	r2, [pc, #60]	@ (10001b6c <runtime_init_install_ram_vector_table+0x60>)
10001b30:	f1c6 0044 	rsb	r0, r6, #68	@ 0x44
10001b34:	d012      	beq.n	10001b5c <runtime_init_install_ram_vector_table+0x50>
10001b36:	192b      	adds	r3, r5, r4
10001b38:	0841      	lsrs	r1, r0, #1
10001b3a:	eb03 01c1 	add.w	r1, r3, r1, lsl #3
10001b3e:	e9c3 2200 	strd	r2, r2, [r3]
10001b42:	3308      	adds	r3, #8
10001b44:	428b      	cmp	r3, r1
10001b46:	d1fa      	bne.n	10001b3e <runtime_init_install_ram_vector_table+0x32>
10001b48:	07c3      	lsls	r3, r0, #31
10001b4a:	d504      	bpl.n	10001b56 <runtime_init_install_ram_vector_table+0x4a>
10001b4c:	f020 0001 	bic.w	r0, r0, #1
10001b50:	4430      	add	r0, r6
10001b52:	f845 2020 	str.w	r2, [r5, r0, lsl #2]
10001b56:	4b06      	ldr	r3, [pc, #24]	@ (10001b70 <runtime_init_install_ram_vector_table+0x64>)
10001b58:	609d      	str	r5, [r3, #8]
10001b5a:	bd70      	pop	{r4, r5, r6, pc}
10001b5c:	2043      	movs	r0, #67	@ 0x43
10001b5e:	e7f8      	b.n	10001b52 <runtime_init_install_ram_vector_table+0x46>
10001b60:	10000000 	.word	0x10000000
10001b64:	10000110 	.word	0x10000110
10001b68:	20000000 	.word	0x20000000
10001b6c:	10000111 	.word	0x10000111
10001b70:	e000ed00 	.word	0xe000ed00

10001b74 <runtime_init_clocks>:
10001b74:	2300      	movs	r3, #0
10001b76:	b570      	push	{r4, r5, r6, lr}
10001b78:	4c2b      	ldr	r4, [pc, #172]	@ (10001c28 <runtime_init_clocks+0xb4>)
10001b7a:	b082      	sub	sp, #8
10001b7c:	f8c4 3084 	str.w	r3, [r4, #132]	@ 0x84
10001b80:	f7ff ff38 	bl	100019f4 <xosc_init>
10001b84:	2201      	movs	r2, #1
10001b86:	4b29      	ldr	r3, [pc, #164]	@ (10001c2c <runtime_init_clocks+0xb8>)
10001b88:	63da      	str	r2, [r3, #60]	@ 0x3c
10001b8a:	6c63      	ldr	r3, [r4, #68]	@ 0x44
10001b8c:	2b01      	cmp	r3, #1
10001b8e:	d1fc      	bne.n	10001b8a <runtime_init_clocks+0x16>
10001b90:	2103      	movs	r1, #3
10001b92:	4a26      	ldr	r2, [pc, #152]	@ (10001c2c <runtime_init_clocks+0xb8>)
10001b94:	4b24      	ldr	r3, [pc, #144]	@ (10001c28 <runtime_init_clocks+0xb4>)
10001b96:	6311      	str	r1, [r2, #48]	@ 0x30
10001b98:	6b9c      	ldr	r4, [r3, #56]	@ 0x38
10001b9a:	2c01      	cmp	r4, #1
10001b9c:	d1fc      	bne.n	10001b98 <runtime_init_clocks+0x24>
10001b9e:	2602      	movs	r6, #2
10001ba0:	2505      	movs	r5, #5
10001ba2:	4621      	mov	r1, r4
10001ba4:	2305      	movs	r3, #5
10001ba6:	4a22      	ldr	r2, [pc, #136]	@ (10001c30 <runtime_init_clocks+0xbc>)
10001ba8:	4822      	ldr	r0, [pc, #136]	@ (10001c34 <runtime_init_clocks+0xc0>)
10001baa:	9600      	str	r6, [sp, #0]
10001bac:	f7ff fe38 	bl	10001820 <pll_init>
10001bb0:	4621      	mov	r1, r4
10001bb2:	462b      	mov	r3, r5
10001bb4:	4a20      	ldr	r2, [pc, #128]	@ (10001c38 <runtime_init_clocks+0xc4>)
10001bb6:	4821      	ldr	r0, [pc, #132]	@ (10001c3c <runtime_init_clocks+0xc8>)
10001bb8:	9500      	str	r5, [sp, #0]
10001bba:	f7ff fe31 	bl	10001820 <pll_init>
10001bbe:	2200      	movs	r2, #0
10001bc0:	2004      	movs	r0, #4
10001bc2:	4631      	mov	r1, r6
10001bc4:	4b1e      	ldr	r3, [pc, #120]	@ (10001c40 <runtime_init_clocks+0xcc>)
10001bc6:	f7ff fdbd 	bl	10001744 <clock_configure_undivided>
10001bca:	4621      	mov	r1, r4
10001bcc:	4628      	mov	r0, r5
10001bce:	2200      	movs	r2, #0
10001bd0:	4b1c      	ldr	r3, [pc, #112]	@ (10001c44 <runtime_init_clocks+0xd0>)
10001bd2:	f7ff fdb7 	bl	10001744 <clock_configure_undivided>
10001bd6:	2200      	movs	r2, #0
10001bd8:	2008      	movs	r0, #8
10001bda:	4611      	mov	r1, r2
10001bdc:	4b1a      	ldr	r3, [pc, #104]	@ (10001c48 <runtime_init_clocks+0xd4>)
10001bde:	f7ff fdb1 	bl	10001744 <clock_configure_undivided>
10001be2:	2200      	movs	r2, #0
10001be4:	2009      	movs	r0, #9
10001be6:	4611      	mov	r1, r2
10001be8:	4b17      	ldr	r3, [pc, #92]	@ (10001c48 <runtime_init_clocks+0xd4>)
10001bea:	f7ff fdab 	bl	10001744 <clock_configure_undivided>
10001bee:	2200      	movs	r2, #0
10001bf0:	2006      	movs	r0, #6
10001bf2:	4611      	mov	r1, r2
10001bf4:	4b13      	ldr	r3, [pc, #76]	@ (10001c44 <runtime_init_clocks+0xd0>)
10001bf6:	f7ff fda5 	bl	10001744 <clock_configure_undivided>
10001bfa:	2200      	movs	r2, #0
10001bfc:	4b11      	ldr	r3, [pc, #68]	@ (10001c44 <runtime_init_clocks+0xd0>)
10001bfe:	2007      	movs	r0, #7
10001c00:	4611      	mov	r1, r2
10001c02:	f7ff fd9f 	bl	10001744 <clock_configure_undivided>
10001c06:	2004      	movs	r0, #4
10001c08:	f7ff fe04 	bl	10001814 <clock_get_hz>
10001c0c:	2400      	movs	r4, #0
10001c0e:	4b0f      	ldr	r3, [pc, #60]	@ (10001c4c <runtime_init_clocks+0xd8>)
10001c10:	fba3 3500 	umull	r3, r5, r3, r0
10001c14:	0cad      	lsrs	r5, r5, #18
10001c16:	b2e0      	uxtb	r0, r4
10001c18:	4629      	mov	r1, r5
10001c1a:	3401      	adds	r4, #1
10001c1c:	f7ff fe92 	bl	10001944 <tick_start>
10001c20:	2c06      	cmp	r4, #6
10001c22:	d1f8      	bne.n	10001c16 <runtime_init_clocks+0xa2>
10001c24:	b002      	add	sp, #8
10001c26:	bd70      	pop	{r4, r5, r6, pc}
10001c28:	40010000 	.word	0x40010000
10001c2c:	40013000 	.word	0x40013000
10001c30:	59682f00 	.word	0x59682f00
10001c34:	40050000 	.word	0x40050000
10001c38:	47868c00 	.word	0x47868c00
10001c3c:	40058000 	.word	0x40058000
10001c40:	00b71b00 	.word	0x00b71b00
10001c44:	08f0d180 	.word	0x08f0d180
10001c48:	02dc6c00 	.word	0x02dc6c00
10001c4c:	431bde83 	.word	0x431bde83

10001c50 <generic_save_state>:
10001c50:	b086      	sub	sp, #24
10001c52:	b403      	push	{r0, r1}
10001c54:	fc51 0408 	dcp_pxmd r0, r1
10001c58:	e9cd 0102 	strd	r0, r1, [sp, #8]
10001c5c:	fc51 0409 	dcp_pymd r0, r1
10001c60:	e9cd 0104 	strd	r0, r1, [sp, #16]
10001c64:	ec51 040a 	dcp_refd r0, r1
10001c68:	e9cd 0106 	strd	r0, r1, [sp, #24]
10001c6c:	bc03      	pop	{r0, r1}
10001c6e:	47f0      	blx	lr

10001c70 <generic_restore_state>:
10001c70:	e8bd 5000 	ldmia.w	sp!, {ip, lr}
10001c74:	ec4e c400 	dcp_wxmd ip, lr
10001c78:	e8bd 5000 	ldmia.w	sp!, {ip, lr}
10001c7c:	ec4e c401 	dcp_wymd ip, lr
10001c80:	e8bd 5000 	ldmia.w	sp!, {ip, lr}
10001c84:	ec4e c402 	dcp_wefd ip, lr
10001c88:	bd00      	pop	{pc}
10001c8a:	0000      	movs	r0, r0
10001c8c:	b500      	push	{lr}
10001c8e:	f7ff ffdf 	bl	10001c50 <generic_save_state>
10001c92:	e002      	b.n	10001c9a <__wrap___aeabi_dadd+0x6>

10001c94 <__wrap___aeabi_dadd>:
10001c94:	fe10 f430 	dcp_pcmp APSR_nzcv
10001c98:	d4f8      	bmi.n	10001c8c <generic_restore_state+0x1c>
10001c9a:	ec41 0410 	dcp_wxup r0, r1
10001c9e:	ec43 2411 	dcp_wyup r2, r3
10001ca2:	ee00 0401 			dcp_add0
10001ca6:	ee10 0401 			dcp_add1
10001caa:	ee80 0420 			dcp_nrdd
10001cae:	ec51 0410 	dcp_rdda r0, r1
10001cb2:	4770      	bx	lr
10001cb4:	b500      	push	{lr}
10001cb6:	f7ff ffcb 	bl	10001c50 <generic_save_state>
10001cba:	e002      	b.n	10001cc2 <__wrap___aeabi_dsub+0x6>

10001cbc <__wrap___aeabi_dsub>:
10001cbc:	fe10 f430 	dcp_pcmp APSR_nzcv
10001cc0:	d4f8      	bmi.n	10001cb4 <__wrap___aeabi_dadd+0x20>
10001cc2:	ec41 0410 	dcp_wxup r0, r1
10001cc6:	ec43 2411 	dcp_wyup r2, r3
10001cca:	ee00 0401 			dcp_add0
10001cce:	ee10 0421 			dcp_sub1
10001cd2:	ee80 0420 			dcp_nrdd
10001cd6:	ec51 0430 	dcp_rdds r0, r1
10001cda:	4770      	bx	lr
10001cdc:	b500      	push	{lr}
10001cde:	f7ff ffb7 	bl	10001c50 <generic_save_state>
10001ce2:	e002      	b.n	10001cea <__wrap___aeabi_dmul+0x6>

10001ce4 <__wrap___aeabi_dmul>:
10001ce4:	fe10 f430 	dcp_pcmp APSR_nzcv
10001ce8:	d4f8      	bmi.n	10001cdc <__wrap___aeabi_dsub+0x20>
10001cea:	b510      	push	{r4, lr}
10001cec:	ec41 0410 	dcp_wxup r0, r1
10001cf0:	ec43 2411 	dcp_wyup r2, r3
10001cf4:	ec51 0404 	dcp_rxms r0, r1, #0x0
10001cf8:	ec53 2405 	dcp_ryms r2, r3, #0x0
10001cfc:	fba0 4c02 	umull	r4, ip, r0, r2
10001d00:	f05f 0e00 	movs.w	lr, #0
10001d04:	fbe0 ce03 	umlal	ip, lr, r0, r3
10001d08:	fbe1 ce02 	umlal	ip, lr, r1, r2
10001d0c:	ec4c 4420 	dcp_wxms r4, ip
10001d10:	2400      	movs	r4, #0
10001d12:	fbe1 e403 	umlal	lr, r4, r1, r3
10001d16:	ec44 e430 	dcp_wxmo lr, r4
10001d1a:	ee80 0420 			dcp_nrdd
10001d1e:	ec51 0450 	dcp_rddm r0, r1
10001d22:	e8bd 4010 	ldmia.w	sp!, {r4, lr}
10001d26:	4770      	bx	lr
10001d28:	b500      	push	{lr}
10001d2a:	f7ff ff91 	bl	10001c50 <generic_save_state>
10001d2e:	e002      	b.n	10001d36 <__wrap___aeabi_ddiv+0x6>

10001d30 <__wrap___aeabi_ddiv>:
10001d30:	fe10 f430 	dcp_pcmp APSR_nzcv
10001d34:	d4f8      	bmi.n	10001d28 <__wrap___aeabi_dmul+0x44>
10001d36:	ec41 0410 	dcp_wxup r0, r1
10001d3a:	ec43 2411 	dcp_wyup r2, r3
10001d3e:	ec51 0421 	dcp_rymr r0, r1
10001d42:	fba0 1201 	umull	r1, r2, r0, r1
10001d46:	ea6f 0282 	mvn.w	r2, r2, lsl #2
10001d4a:	fb52 0010 	smmlar	r0, r2, r0, r0
10001d4e:	fb52 f212 	smmulr	r2, r2, r2
10001d52:	fb52 0010 	smmlar	r0, r2, r0, r0
10001d56:	eba0 7cd0 	sub.w	ip, r0, r0, lsr #31
10001d5a:	ec53 2404 	dcp_rxms r2, r3, #0x0
10001d5e:	fb5c f113 	smmulr	r1, ip, r3
10001d62:	ec53 2415 	dcp_ryms r2, r3, #0x1
10001d66:	fba1 2002 	umull	r2, r0, r1, r2
10001d6a:	fb01 0003 	mla	r0, r1, r3, r0
10001d6e:	ec53 2444 	dcp_rxms r2, r3, #0x4
10001d72:	eba2 0000 	sub.w	r0, r2, r0
10001d76:	fb50 f21c 	smmulr	r2, r0, ip
10001d7a:	ea4f 1311 	mov.w	r3, r1, lsr #4
10001d7e:	eb12 7001 	adds.w	r0, r2, r1, lsl #28
10001d82:	eb43 71e2 	adc.w	r1, r3, r2, asr #31
10001d86:	ea40 5051 	orr.w	r0, r0, r1, lsr #21
10001d8a:	ea20 5091 	bic.w	r0, r0, r1, lsr #22
10001d8e:	f020 0007 	bic.w	r0, r0, #7
10001d92:	ec53 2475 	dcp_ryms r2, r3, #0x7
10001d96:	fba0 3c02 	umull	r3, ip, r0, r2
10001d9a:	ec53 2475 	dcp_ryms r2, r3, #0x7
10001d9e:	fb00 cc03 	mla	ip, r0, r3, ip
10001da2:	fb01 cc02 	mla	ip, r1, r2, ip
10001da6:	ec53 2404 	dcp_rxms r2, r3, #0x0
10001daa:	ebac 4c82 	sub.w	ip, ip, r2, lsl #18
10001dae:	ea40 705c 	orr.w	r0, r0, ip, lsr #29
10001db2:	f1a0 0001 	sub.w	r0, r0, #1
10001db6:	ec41 0440 	dcp_wxdd r0, r1
10001dba:	ee80 0420 			dcp_nrdd
10001dbe:	ec51 0470 	dcp_rddd r0, r1
10001dc2:	4770      	bx	lr
10001dc4:	b500      	push	{lr}
10001dc6:	f7ff ff43 	bl	10001c50 <generic_save_state>
10001dca:	e002      	b.n	10001dd2 <__wrap___aeabi_i2d+0x6>

10001dcc <__wrap___aeabi_i2d>:
10001dcc:	fe10 f430 	dcp_pcmp APSR_nzcv
10001dd0:	d4f8      	bmi.n	10001dc4 <__wrap___aeabi_ddiv+0x94>
10001dd2:	ec40 0470 	dcp_wxic r0, r0
10001dd6:	ee00 0401 			dcp_add0
10001dda:	ee10 0421 			dcp_sub1
10001dde:	ee80 0420 			dcp_nrdd
10001de2:	ec51 0430 	dcp_rdds r0, r1
10001de6:	4770      	bx	lr
10001de8:	b500      	push	{lr}
10001dea:	f7ff ff31 	bl	10001c50 <generic_save_state>
10001dee:	e002      	b.n	10001df6 <__wrap___aeabi_ui2d+0x6>

10001df0 <__wrap___aeabi_ui2d>:
10001df0:	fe10 f430 	dcp_pcmp APSR_nzcv
10001df4:	d4f8      	bmi.n	10001de8 <__wrap___aeabi_i2d+0x1c>
10001df6:	ec40 0460 	dcp_wxuc r0, r0
10001dfa:	ee00 0401 			dcp_add0
10001dfe:	ee10 0421 			dcp_sub1
10001e02:	ee80 0420 			dcp_nrdd
10001e06:	ec51 0430 	dcp_rdds r0, r1
10001e0a:	4770      	bx	lr
10001e0c:	b500      	push	{lr}
10001e0e:	f7ff ff1f 	bl	10001c50 <generic_save_state>
10001e12:	e002      	b.n	10001e1a <double2int_z_entry>

10001e14 <__wrap___aeabi_d2iz>:
10001e14:	fe10 f430 	dcp_pcmp APSR_nzcv
10001e18:	d4f8      	bmi.n	10001e0c <__wrap___aeabi_ui2d+0x1c>

10001e1a <double2int_z_entry>:
10001e1a:	ec41 0480 	dcp_wxdc r0, r1
10001e1e:	ee00 0401 			dcp_add0
10001e22:	ee10 0401 			dcp_add1
10001e26:	ee80 0440 			dcp_ntdc
10001e2a:	ee10 0413 			dcp_rdic r0
10001e2e:	4770      	bx	lr
10001e30:	b500      	push	{lr}
10001e32:	f7ff ff0d 	bl	10001c50 <generic_save_state>
10001e36:	e002      	b.n	10001e3e <double2uint_z_entry>

10001e38 <__wrap___aeabi_d2uiz>:
10001e38:	fe10 f430 	dcp_pcmp APSR_nzcv
10001e3c:	d4f8      	bmi.n	10001e30 <double2int_z_entry+0x16>

10001e3e <double2uint_z_entry>:
10001e3e:	ec41 0480 	dcp_wxdc r0, r1
10001e42:	ee00 0401 			dcp_add0
10001e46:	ee10 0401 			dcp_add1
10001e4a:	ee80 0440 			dcp_ntdc
10001e4e:	ee10 0433 			dcp_rduc r0
10001e52:	4770      	bx	lr
10001e54:	b500      	push	{lr}
10001e56:	f7ff fefb 	bl	10001c50 <generic_save_state>
10001e5a:	e002      	b.n	10001e62 <__wrap___aeabi_dcmpun+0x6>

10001e5c <__wrap___aeabi_dcmpun>:
10001e5c:	fe10 f430 	dcp_pcmp APSR_nzcv
10001e60:	d4f8      	bmi.n	10001e54 <double2uint_z_entry+0x16>
10001e62:	ec41 0410 	dcp_wxup r0, r1
10001e66:	ec43 2411 	dcp_wyup r2, r3
10001e6a:	ee00 0401 			dcp_add0
10001e6e:	ee10 0430 			dcp_rcmp r0
10001e72:	f3c0 7000 	ubfx	r0, r0, #28, #1
10001e76:	4770      	bx	lr
10001e78:	b500      	push	{lr}
10001e7a:	f7ff fee9 	bl	10001c50 <generic_save_state>
10001e7e:	e002      	b.n	10001e86 <__wrap___aeabi_dcmplt+0x6>

10001e80 <__wrap___aeabi_dcmplt>:
10001e80:	fe10 f430 	dcp_pcmp APSR_nzcv
10001e84:	d4f8      	bmi.n	10001e78 <__wrap___aeabi_dcmpun+0x1c>
10001e86:	ec43 2410 	dcp_wxup r2, r3
10001e8a:	ec41 0411 	dcp_wyup r0, r1
10001e8e:	ee00 0401 			dcp_add0
10001e92:	ee10 f430 			dcp_rcmp APSR_nzcv
10001e96:	bf8c      	ite	hi
10001e98:	2001      	movhi	r0, #1
10001e9a:	2000      	movls	r0, #0
10001e9c:	4770      	bx	lr
10001e9e:	bf00      	nop
10001ea0:	b500      	push	{lr}
10001ea2:	f7ff fed5 	bl	10001c50 <generic_save_state>
10001ea6:	e002      	b.n	10001eae <__wrap___aeabi_dcmple+0x6>

10001ea8 <__wrap___aeabi_dcmple>:
10001ea8:	fe10 f430 	dcp_pcmp APSR_nzcv
10001eac:	d4f8      	bmi.n	10001ea0 <__wrap___aeabi_dcmplt+0x20>
10001eae:	ec43 2410 	dcp_wxup r2, r3
10001eb2:	ec41 0411 	dcp_wyup r0, r1
10001eb6:	ee00 0401 			dcp_add0
10001eba:	ee10 f430 			dcp_rcmp APSR_nzcv
10001ebe:	bf2c      	ite	cs
10001ec0:	2001      	movcs	r0, #1
10001ec2:	2000      	movcc	r0, #0
10001ec4:	4770      	bx	lr
10001ec6:	bf00      	nop
10001ec8:	b500      	push	{lr}
10001eca:	f7ff fec1 	bl	10001c50 <generic_save_state>
10001ece:	e002      	b.n	10001ed6 <__wrap___aeabi_dcmpge+0x6>

10001ed0 <__wrap___aeabi_dcmpge>:
10001ed0:	fe10 f430 	dcp_pcmp APSR_nzcv
10001ed4:	d4f8      	bmi.n	10001ec8 <__wrap___aeabi_dcmple+0x20>
10001ed6:	ec41 0410 	dcp_wxup r0, r1
10001eda:	ec43 2411 	dcp_wyup r2, r3
10001ede:	ee00 0401 			dcp_add0
10001ee2:	ee10 f430 			dcp_rcmp APSR_nzcv
10001ee6:	bf2c      	ite	cs
10001ee8:	2001      	movcs	r0, #1
10001eea:	2000      	movcc	r0, #0
10001eec:	4770      	bx	lr
10001eee:	bf00      	nop
10001ef0:	b500      	push	{lr}
10001ef2:	f7ff fead 	bl	10001c50 <generic_save_state>
10001ef6:	e002      	b.n	10001efe <__wrap___aeabi_dcmpgt+0x6>

10001ef8 <__wrap___aeabi_dcmpgt>:
10001ef8:	fe10 f430 	dcp_pcmp APSR_nzcv
10001efc:	d4f8      	bmi.n	10001ef0 <__wrap___aeabi_dcmpge+0x20>
10001efe:	ec41 0410 	dcp_wxup r0, r1
10001f02:	ec43 2411 	dcp_wyup r2, r3
10001f06:	ee00 0401 			dcp_add0
10001f0a:	ee10 f430 			dcp_rcmp APSR_nzcv
10001f0e:	bf8c      	ite	hi
10001f10:	2001      	movhi	r0, #1
10001f12:	2000      	movls	r0, #0
10001f14:	4770      	bx	lr
10001f16:	bf00      	nop

10001f18 <_out_buffer>:
10001f18:	429a      	cmp	r2, r3
10001f1a:	bf38      	it	cc
10001f1c:	5488      	strbcc	r0, [r1, r2]
10001f1e:	4770      	bx	lr

10001f20 <_out_null>:
10001f20:	4770      	bx	lr
10001f22:	bf00      	nop

10001f24 <_out_rev>:
10001f24:	e92d 4ff0 	stmdb	sp!, {r4, r5, r6, r7, r8, r9, sl, fp, lr}
10001f28:	b083      	sub	sp, #12
10001f2a:	4699      	mov	r9, r3
10001f2c:	e9dd ab0d 	ldrd	sl, fp, [sp, #52]	@ 0x34
10001f30:	9b0f      	ldr	r3, [sp, #60]	@ 0x3c
10001f32:	4688      	mov	r8, r1
10001f34:	4611      	mov	r1, r2
10001f36:	079a      	lsls	r2, r3, #30
10001f38:	4607      	mov	r7, r0
10001f3a:	d116      	bne.n	10001f6a <_out_rev+0x46>
10001f3c:	45da      	cmp	sl, fp
10001f3e:	d23a      	bcs.n	10001fb6 <_out_rev+0x92>
10001f40:	460c      	mov	r4, r1
10001f42:	460d      	mov	r5, r1
10001f44:	ebab 060a 	sub.w	r6, fp, sl
10001f48:	440e      	add	r6, r1
10001f4a:	4622      	mov	r2, r4
10001f4c:	464b      	mov	r3, r9
10001f4e:	4641      	mov	r1, r8
10001f50:	2020      	movs	r0, #32
10001f52:	3401      	adds	r4, #1
10001f54:	47b8      	blx	r7
10001f56:	42b4      	cmp	r4, r6
10001f58:	d1f7      	bne.n	10001f4a <_out_rev+0x26>
10001f5a:	4629      	mov	r1, r5
10001f5c:	f1ba 0f00 	cmp.w	sl, #0
10001f60:	d108      	bne.n	10001f74 <_out_rev+0x50>
10001f62:	4620      	mov	r0, r4
10001f64:	b003      	add	sp, #12
10001f66:	e8bd 8ff0 	ldmia.w	sp!, {r4, r5, r6, r7, r8, r9, sl, fp, pc}
10001f6a:	460c      	mov	r4, r1
10001f6c:	f1ba 0f00 	cmp.w	sl, #0
10001f70:	d010      	beq.n	10001f94 <_out_rev+0x70>
10001f72:	460e      	mov	r6, r1
10001f74:	4655      	mov	r5, sl
10001f76:	9b0c      	ldr	r3, [sp, #48]	@ 0x30
10001f78:	442e      	add	r6, r5
10001f7a:	449a      	add	sl, r3
10001f7c:	9101      	str	r1, [sp, #4]
10001f7e:	1b72      	subs	r2, r6, r5
10001f80:	464b      	mov	r3, r9
10001f82:	3d01      	subs	r5, #1
10001f84:	4641      	mov	r1, r8
10001f86:	f81a 0d01 	ldrb.w	r0, [sl, #-1]!
10001f8a:	4634      	mov	r4, r6
10001f8c:	47b8      	blx	r7
10001f8e:	2d00      	cmp	r5, #0
10001f90:	d1f5      	bne.n	10001f7e <_out_rev+0x5a>
10001f92:	9901      	ldr	r1, [sp, #4]
10001f94:	9b0f      	ldr	r3, [sp, #60]	@ 0x3c
10001f96:	079b      	lsls	r3, r3, #30
10001f98:	d5e3      	bpl.n	10001f62 <_out_rev+0x3e>
10001f9a:	1a65      	subs	r5, r4, r1
10001f9c:	45ab      	cmp	fp, r5
10001f9e:	d9e0      	bls.n	10001f62 <_out_rev+0x3e>
10001fa0:	4622      	mov	r2, r4
10001fa2:	464b      	mov	r3, r9
10001fa4:	4641      	mov	r1, r8
10001fa6:	2020      	movs	r0, #32
10001fa8:	3501      	adds	r5, #1
10001faa:	47b8      	blx	r7
10001fac:	455d      	cmp	r5, fp
10001fae:	f104 0401 	add.w	r4, r4, #1
10001fb2:	d3f5      	bcc.n	10001fa0 <_out_rev+0x7c>
10001fb4:	e7d5      	b.n	10001f62 <_out_rev+0x3e>
10001fb6:	460c      	mov	r4, r1
10001fb8:	f1ba 0f00 	cmp.w	sl, #0
10001fbc:	d1d9      	bne.n	10001f72 <_out_rev+0x4e>
10001fbe:	e7d0      	b.n	10001f62 <_out_rev+0x3e>

10001fc0 <_ntoa_format>:
10001fc0:	e92d 4ff0 	stmdb	sp!, {r4, r5, r6, r7, r8, r9, sl, fp, lr}
10001fc4:	9f0f      	ldr	r7, [sp, #60]	@ 0x3c
10001fc6:	f8dd 8024 	ldr.w	r8, [sp, #36]	@ 0x24
10001fca:	f017 0f02 	tst.w	r7, #2
10001fce:	9c0a      	ldr	r4, [sp, #40]	@ 0x28
10001fd0:	f89d a02c 	ldrb.w	sl, [sp, #44]	@ 0x2c
10001fd4:	9d0e      	ldr	r5, [sp, #56]	@ 0x38
10001fd6:	e9dd 960c 	ldrd	r9, r6, [sp, #48]	@ 0x30
10001fda:	d144      	bne.n	10002066 <_ntoa_format+0xa6>
10001fdc:	bbf5      	cbnz	r5, 1000205c <_ntoa_format+0x9c>
10001fde:	42b4      	cmp	r4, r6
10001fe0:	d241      	bcs.n	10002066 <_ntoa_format+0xa6>
10001fe2:	f007 0b01 	and.w	fp, r7, #1
10001fe6:	f104 3cff 	add.w	ip, r4, #4294967295	@ 0xffffffff
10001fea:	f04f 0e30 	mov.w	lr, #48	@ 0x30
10001fee:	44c4      	add	ip, r8
10001ff0:	e004      	b.n	10001ffc <_ntoa_format+0x3c>
10001ff2:	3401      	adds	r4, #1
10001ff4:	42a6      	cmp	r6, r4
10001ff6:	f80c ef01 	strb.w	lr, [ip, #1]!
10001ffa:	d901      	bls.n	10002000 <_ntoa_format+0x40>
10001ffc:	2c20      	cmp	r4, #32
10001ffe:	d1f8      	bne.n	10001ff2 <_ntoa_format+0x32>
10002000:	f1bb 0f00 	cmp.w	fp, #0
10002004:	f000 8088 	beq.w	10002118 <_ntoa_format+0x158>
10002008:	42a5      	cmp	r5, r4
1000200a:	d92c      	bls.n	10002066 <_ntoa_format+0xa6>
1000200c:	f104 3cff 	add.w	ip, r4, #4294967295	@ 0xffffffff
10002010:	f04f 0e30 	mov.w	lr, #48	@ 0x30
10002014:	44c4      	add	ip, r8
10002016:	e004      	b.n	10002022 <_ntoa_format+0x62>
10002018:	3401      	adds	r4, #1
1000201a:	42ac      	cmp	r4, r5
1000201c:	f80c ef01 	strb.w	lr, [ip, #1]!
10002020:	d021      	beq.n	10002066 <_ntoa_format+0xa6>
10002022:	2c20      	cmp	r4, #32
10002024:	d1f8      	bne.n	10002018 <_ntoa_format+0x58>
10002026:	f017 0f10 	tst.w	r7, #16
1000202a:	d00e      	beq.n	1000204a <_ntoa_format+0x8a>
1000202c:	f417 6f80 	tst.w	r7, #1024	@ 0x400
10002030:	d154      	bne.n	100020dc <_ntoa_format+0x11c>
10002032:	42a6      	cmp	r6, r4
10002034:	d063      	beq.n	100020fe <_ntoa_format+0x13e>
10002036:	42a5      	cmp	r5, r4
10002038:	d061      	beq.n	100020fe <_ntoa_format+0x13e>
1000203a:	f1b9 0f10 	cmp.w	r9, #16
1000203e:	d050      	beq.n	100020e2 <_ntoa_format+0x122>
10002040:	f1b9 0f02 	cmp.w	r9, #2
10002044:	d056      	beq.n	100020f4 <_ntoa_format+0x134>
10002046:	2c20      	cmp	r4, #32
10002048:	d129      	bne.n	1000209e <_ntoa_format+0xde>
1000204a:	2420      	movs	r4, #32
1000204c:	e9cd 570b 	strd	r5, r7, [sp, #44]	@ 0x2c
10002050:	e9cd 8409 	strd	r8, r4, [sp, #36]	@ 0x24
10002054:	e8bd 4ff0 	ldmia.w	sp!, {r4, r5, r6, r7, r8, r9, sl, fp, lr}
10002058:	f7ff bf64 	b.w	10001f24 <_out_rev>
1000205c:	f017 0b01 	ands.w	fp, r7, #1
10002060:	d134      	bne.n	100020cc <_ntoa_format+0x10c>
10002062:	42b4      	cmp	r4, r6
10002064:	d3bf      	bcc.n	10001fe6 <_ntoa_format+0x26>
10002066:	f017 0f10 	tst.w	r7, #16
1000206a:	d01e      	beq.n	100020aa <_ntoa_format+0xea>
1000206c:	f417 6f80 	tst.w	r7, #1024	@ 0x400
10002070:	d1e3      	bne.n	1000203a <_ntoa_format+0x7a>
10002072:	2c00      	cmp	r4, #0
10002074:	d1dd      	bne.n	10002032 <_ntoa_format+0x72>
10002076:	f1b9 0f10 	cmp.w	r9, #16
1000207a:	d063      	beq.n	10002144 <_ntoa_format+0x184>
1000207c:	f1b9 0f02 	cmp.w	r9, #2
10002080:	d077      	beq.n	10002172 <_ntoa_format+0x1b2>
10002082:	2430      	movs	r4, #48	@ 0x30
10002084:	f888 4000 	strb.w	r4, [r8]
10002088:	2401      	movs	r4, #1
1000208a:	f1ba 0f00 	cmp.w	sl, #0
1000208e:	d111      	bne.n	100020b4 <_ntoa_format+0xf4>
10002090:	077e      	lsls	r6, r7, #29
10002092:	d548      	bpl.n	10002126 <_ntoa_format+0x166>
10002094:	262b      	movs	r6, #43	@ 0x2b
10002096:	f808 6004 	strb.w	r6, [r8, r4]
1000209a:	3401      	adds	r4, #1
1000209c:	e7d6      	b.n	1000204c <_ntoa_format+0x8c>
1000209e:	4626      	mov	r6, r4
100020a0:	3401      	adds	r4, #1
100020a2:	f04f 0c30 	mov.w	ip, #48	@ 0x30
100020a6:	f808 c006 	strb.w	ip, [r8, r6]
100020aa:	2c20      	cmp	r4, #32
100020ac:	d0cd      	beq.n	1000204a <_ntoa_format+0x8a>
100020ae:	f1ba 0f00 	cmp.w	sl, #0
100020b2:	d0ed      	beq.n	10002090 <_ntoa_format+0xd0>
100020b4:	262d      	movs	r6, #45	@ 0x2d
100020b6:	f808 6004 	strb.w	r6, [r8, r4]
100020ba:	3401      	adds	r4, #1
100020bc:	e9cd 570b 	strd	r5, r7, [sp, #44]	@ 0x2c
100020c0:	e9cd 8409 	strd	r8, r4, [sp, #36]	@ 0x24
100020c4:	e8bd 4ff0 	ldmia.w	sp!, {r4, r5, r6, r7, r8, r9, sl, fp, lr}
100020c8:	f7ff bf2c 	b.w	10001f24 <_out_rev>
100020cc:	f1ba 0f00 	cmp.w	sl, #0
100020d0:	d030      	beq.n	10002134 <_ntoa_format+0x174>
100020d2:	42b4      	cmp	r4, r6
100020d4:	f105 35ff 	add.w	r5, r5, #4294967295	@ 0xffffffff
100020d8:	d385      	bcc.n	10001fe6 <_ntoa_format+0x26>
100020da:	e795      	b.n	10002008 <_ntoa_format+0x48>
100020dc:	f1b9 0f10 	cmp.w	r9, #16
100020e0:	d1b3      	bne.n	1000204a <_ntoa_format+0x8a>
100020e2:	06be      	lsls	r6, r7, #26
100020e4:	d53b      	bpl.n	1000215e <_ntoa_format+0x19e>
100020e6:	2c20      	cmp	r4, #32
100020e8:	d0af      	beq.n	1000204a <_ntoa_format+0x8a>
100020ea:	2658      	movs	r6, #88	@ 0x58
100020ec:	f808 6004 	strb.w	r6, [r8, r4]
100020f0:	3401      	adds	r4, #1
100020f2:	e7a8      	b.n	10002046 <_ntoa_format+0x86>
100020f4:	2c20      	cmp	r4, #32
100020f6:	d0a8      	beq.n	1000204a <_ntoa_format+0x8a>
100020f8:	4626      	mov	r6, r4
100020fa:	3401      	adds	r4, #1
100020fc:	e007      	b.n	1000210e <_ntoa_format+0x14e>
100020fe:	1e66      	subs	r6, r4, #1
10002100:	d0b9      	beq.n	10002076 <_ntoa_format+0xb6>
10002102:	f1b9 0f10 	cmp.w	r9, #16
10002106:	d036      	beq.n	10002176 <_ntoa_format+0x1b6>
10002108:	f1b9 0f02 	cmp.w	r9, #2
1000210c:	d1c9      	bne.n	100020a2 <_ntoa_format+0xe2>
1000210e:	f04f 0c62 	mov.w	ip, #98	@ 0x62
10002112:	f808 c006 	strb.w	ip, [r8, r6]
10002116:	e796      	b.n	10002046 <_ntoa_format+0x86>
10002118:	f017 0f10 	tst.w	r7, #16
1000211c:	d0c5      	beq.n	100020aa <_ntoa_format+0xea>
1000211e:	f417 6f80 	tst.w	r7, #1024	@ 0x400
10002122:	d086      	beq.n	10002032 <_ntoa_format+0x72>
10002124:	e789      	b.n	1000203a <_ntoa_format+0x7a>
10002126:	073e      	lsls	r6, r7, #28
10002128:	d590      	bpl.n	1000204c <_ntoa_format+0x8c>
1000212a:	2620      	movs	r6, #32
1000212c:	f808 6004 	strb.w	r6, [r8, r4]
10002130:	3401      	adds	r4, #1
10002132:	e78b      	b.n	1000204c <_ntoa_format+0x8c>
10002134:	f017 0f0c 	tst.w	r7, #12
10002138:	d000      	beq.n	1000213c <_ntoa_format+0x17c>
1000213a:	3d01      	subs	r5, #1
1000213c:	42b4      	cmp	r4, r6
1000213e:	f4ff af52 	bcc.w	10001fe6 <_ntoa_format+0x26>
10002142:	e761      	b.n	10002008 <_ntoa_format+0x48>
10002144:	06bc      	lsls	r4, r7, #26
10002146:	d412      	bmi.n	1000216e <_ntoa_format+0x1ae>
10002148:	2478      	movs	r4, #120	@ 0x78
1000214a:	f888 4000 	strb.w	r4, [r8]
1000214e:	2430      	movs	r4, #48	@ 0x30
10002150:	f888 4001 	strb.w	r4, [r8, #1]
10002154:	2402      	movs	r4, #2
10002156:	f1ba 0f00 	cmp.w	sl, #0
1000215a:	d099      	beq.n	10002090 <_ntoa_format+0xd0>
1000215c:	e7aa      	b.n	100020b4 <_ntoa_format+0xf4>
1000215e:	2c20      	cmp	r4, #32
10002160:	f43f af73 	beq.w	1000204a <_ntoa_format+0x8a>
10002164:	2678      	movs	r6, #120	@ 0x78
10002166:	f808 6004 	strb.w	r6, [r8, r4]
1000216a:	3401      	adds	r4, #1
1000216c:	e76b      	b.n	10002046 <_ntoa_format+0x86>
1000216e:	2458      	movs	r4, #88	@ 0x58
10002170:	e7eb      	b.n	1000214a <_ntoa_format+0x18a>
10002172:	2462      	movs	r4, #98	@ 0x62
10002174:	e7e9      	b.n	1000214a <_ntoa_format+0x18a>
10002176:	f017 0f20 	tst.w	r7, #32
1000217a:	f1a4 0c02 	sub.w	ip, r4, #2
1000217e:	d004      	beq.n	1000218a <_ntoa_format+0x1ca>
10002180:	f04f 0e58 	mov.w	lr, #88	@ 0x58
10002184:	f808 e00c 	strb.w	lr, [r8, ip]
10002188:	e78b      	b.n	100020a2 <_ntoa_format+0xe2>
1000218a:	f04f 0e78 	mov.w	lr, #120	@ 0x78
1000218e:	f808 e00c 	strb.w	lr, [r8, ip]
10002192:	e786      	b.n	100020a2 <_ntoa_format+0xe2>

10002194 <_out_char>:
10002194:	b900      	cbnz	r0, 10002198 <_out_char+0x4>
10002196:	4770      	bx	lr
10002198:	f001 bb84 	b.w	100038a4 <__wrap_putchar>

1000219c <_out_fct>:
1000219c:	b110      	cbz	r0, 100021a4 <_out_fct+0x8>
1000219e:	e9d1 3100 	ldrd	r3, r1, [r1]
100021a2:	4718      	bx	r3
100021a4:	4770      	bx	lr
100021a6:	bf00      	nop

100021a8 <_ftoa>:
100021a8:	e92d 4ff0 	stmdb	sp!, {r4, r5, r6, r7, r8, r9, sl, fp, lr}
100021ac:	b097      	sub	sp, #92	@ 0x5c
100021ae:	ed9d 7b20 	vldr	d7, [sp, #128]	@ 0x80
100021b2:	e9dd 5b22 	ldrd	r5, fp, [sp, #136]	@ 0x88
100021b6:	4607      	mov	r7, r0
100021b8:	4688      	mov	r8, r1
100021ba:	ec51 0b17 	vmov	r0, r1, d7
100021be:	9c24      	ldr	r4, [sp, #144]	@ 0x90
100021c0:	4699      	mov	r9, r3
100021c2:	920c      	str	r2, [sp, #48]	@ 0x30
100021c4:	460b      	mov	r3, r1
100021c6:	4602      	mov	r2, r0
100021c8:	ed8d 7b04 	vstr	d7, [sp, #16]
100021cc:	9407      	str	r4, [sp, #28]
100021ce:	f7ff fe45 	bl	10001e5c <__wrap___aeabi_dcmpun>
100021d2:	2800      	cmp	r0, #0
100021d4:	f040 81f4 	bne.w	100025c0 <_ftoa+0x418>
100021d8:	e9dd 0104 	ldrd	r0, r1, [sp, #16]
100021dc:	f04f 32ff 	mov.w	r2, #4294967295	@ 0xffffffff
100021e0:	f46f 1380 	mvn.w	r3, #1048576	@ 0x100000
100021e4:	f7ff fe4c 	bl	10001e80 <__wrap___aeabi_dcmplt>
100021e8:	2800      	cmp	r0, #0
100021ea:	f040 811b 	bne.w	10002424 <_ftoa+0x27c>
100021ee:	e9dd 0104 	ldrd	r0, r1, [sp, #16]
100021f2:	f04f 32ff 	mov.w	r2, #4294967295	@ 0xffffffff
100021f6:	4bac      	ldr	r3, [pc, #688]	@ (100024a8 <_ftoa+0x300>)
100021f8:	f7ff fe7e 	bl	10001ef8 <__wrap___aeabi_dcmpgt>
100021fc:	2800      	cmp	r0, #0
100021fe:	f040 80ee 	bne.w	100023de <_ftoa+0x236>
10002202:	e9dd 0104 	ldrd	r0, r1, [sp, #16]
10002206:	a3a4      	add	r3, pc, #656	@ (adr r3, 10002498 <_ftoa+0x2f0>)
10002208:	e9d3 2300 	ldrd	r2, r3, [r3]
1000220c:	f7ff fe74 	bl	10001ef8 <__wrap___aeabi_dcmpgt>
10002210:	2800      	cmp	r0, #0
10002212:	f040 80d3 	bne.w	100023bc <_ftoa+0x214>
10002216:	e9dd 0104 	ldrd	r0, r1, [sp, #16]
1000221a:	a3a1      	add	r3, pc, #644	@ (adr r3, 100024a0 <_ftoa+0x2f8>)
1000221c:	e9d3 2300 	ldrd	r2, r3, [r3]
10002220:	f7ff fe2e 	bl	10001e80 <__wrap___aeabi_dcmplt>
10002224:	2800      	cmp	r0, #0
10002226:	f040 80c9 	bne.w	100023bc <_ftoa+0x214>
1000222a:	e9dd 0104 	ldrd	r0, r1, [sp, #16]
1000222e:	2200      	movs	r2, #0
10002230:	2300      	movs	r3, #0
10002232:	f7ff fe25 	bl	10001e80 <__wrap___aeabi_dcmplt>
10002236:	2800      	cmp	r0, #0
10002238:	f040 80e8 	bne.w	1000240c <_ftoa+0x264>
1000223c:	4623      	mov	r3, r4
1000223e:	900d      	str	r0, [sp, #52]	@ 0x34
10002240:	f413 6f80 	tst.w	r3, #1024	@ 0x400
10002244:	bf08      	it	eq
10002246:	2506      	moveq	r5, #6
10002248:	2130      	movs	r1, #48	@ 0x30
1000224a:	462b      	mov	r3, r5
1000224c:	aa0e      	add	r2, sp, #56	@ 0x38
1000224e:	f1a5 0620 	sub.w	r6, r5, #32
10002252:	e005      	b.n	10002260 <_ftoa+0xb8>
10002254:	3b01      	subs	r3, #1
10002256:	42b3      	cmp	r3, r6
10002258:	f802 1b01 	strb.w	r1, [r2], #1
1000225c:	f000 8193 	beq.w	10002586 <_ftoa+0x3de>
10002260:	2b09      	cmp	r3, #9
10002262:	d8f7      	bhi.n	10002254 <_ftoa+0xac>
10002264:	461e      	mov	r6, r3
10002266:	1aed      	subs	r5, r5, r3
10002268:	e9dd 0104 	ldrd	r0, r1, [sp, #16]
1000226c:	f7ff fdd2 	bl	10001e14 <__wrap___aeabi_d2iz>
10002270:	4b8e      	ldr	r3, [pc, #568]	@ (100024ac <_ftoa+0x304>)
10002272:	4604      	mov	r4, r0
10002274:	eb03 03c6 	add.w	r3, r3, r6, lsl #3
10002278:	ed93 7b00 	vldr	d7, [r3]
1000227c:	ed8d 7b08 	vstr	d7, [sp, #32]
10002280:	f7ff fda4 	bl	10001dcc <__wrap___aeabi_i2d>
10002284:	4602      	mov	r2, r0
10002286:	460b      	mov	r3, r1
10002288:	e9dd 0104 	ldrd	r0, r1, [sp, #16]
1000228c:	f7ff fd16 	bl	10001cbc <__wrap___aeabi_dsub>
10002290:	e9dd 2308 	ldrd	r2, r3, [sp, #32]
10002294:	f7ff fd26 	bl	10001ce4 <__wrap___aeabi_dmul>
10002298:	4602      	mov	r2, r0
1000229a:	460b      	mov	r3, r1
1000229c:	e9cd 230a 	strd	r2, r3, [sp, #40]	@ 0x28
100022a0:	f7ff fdca 	bl	10001e38 <__wrap___aeabi_d2uiz>
100022a4:	4682      	mov	sl, r0
100022a6:	f7ff fda3 	bl	10001df0 <__wrap___aeabi_ui2d>
100022aa:	4602      	mov	r2, r0
100022ac:	460b      	mov	r3, r1
100022ae:	e9dd 010a 	ldrd	r0, r1, [sp, #40]	@ 0x28
100022b2:	f7ff fd03 	bl	10001cbc <__wrap___aeabi_dsub>
100022b6:	4602      	mov	r2, r0
100022b8:	460b      	mov	r3, r1
100022ba:	e9cd 230a 	strd	r2, r3, [sp, #40]	@ 0x28
100022be:	2200      	movs	r2, #0
100022c0:	4b7b      	ldr	r3, [pc, #492]	@ (100024b0 <_ftoa+0x308>)
100022c2:	f7ff fe19 	bl	10001ef8 <__wrap___aeabi_dcmpgt>
100022c6:	2800      	cmp	r0, #0
100022c8:	f000 80fe 	beq.w	100024c8 <_ftoa+0x320>
100022cc:	f10a 0a01 	add.w	sl, sl, #1
100022d0:	4650      	mov	r0, sl
100022d2:	f7ff fd8d 	bl	10001df0 <__wrap___aeabi_ui2d>
100022d6:	4602      	mov	r2, r0
100022d8:	460b      	mov	r3, r1
100022da:	e9dd 0108 	ldrd	r0, r1, [sp, #32]
100022de:	f7ff fde3 	bl	10001ea8 <__wrap___aeabi_dcmple>
100022e2:	b110      	cbz	r0, 100022ea <_ftoa+0x142>
100022e4:	f04f 0a00 	mov.w	sl, #0
100022e8:	3401      	adds	r4, #1
100022ea:	2e00      	cmp	r6, #0
100022ec:	f000 80fd 	beq.w	100024ea <_ftoa+0x342>
100022f0:	1e68      	subs	r0, r5, #1
100022f2:	ab0e      	add	r3, sp, #56	@ 0x38
100022f4:	f8df c1cc 	ldr.w	ip, [pc, #460]	@ 100024c4 <_ftoa+0x31c>
100022f8:	4418      	add	r0, r3
100022fa:	e00f      	b.n	1000231c <_ftoa+0x174>
100022fc:	fbac 210a 	umull	r2, r1, ip, sl
10002300:	08c9      	lsrs	r1, r1, #3
10002302:	eb01 0281 	add.w	r2, r1, r1, lsl #2
10002306:	ebaa 0242 	sub.w	r2, sl, r2, lsl #1
1000230a:	3230      	adds	r2, #48	@ 0x30
1000230c:	f1ba 0f09 	cmp.w	sl, #9
10002310:	f800 2f01 	strb.w	r2, [r0, #1]!
10002314:	f240 811c 	bls.w	10002550 <_ftoa+0x3a8>
10002318:	468a      	mov	sl, r1
1000231a:	461d      	mov	r5, r3
1000231c:	2d20      	cmp	r5, #32
1000231e:	f105 0301 	add.w	r3, r5, #1
10002322:	f106 36ff 	add.w	r6, r6, #4294967295	@ 0xffffffff
10002326:	d1e9      	bne.n	100022fc <_ftoa+0x154>
10002328:	2520      	movs	r5, #32
1000232a:	1e69      	subs	r1, r5, #1
1000232c:	ab0e      	add	r3, sp, #56	@ 0x38
1000232e:	4861      	ldr	r0, [pc, #388]	@ (100024b4 <_ftoa+0x30c>)
10002330:	4419      	add	r1, r3
10002332:	e010      	b.n	10002356 <_ftoa+0x1ae>
10002334:	fb80 6204 	smull	r6, r2, r0, r4
10002338:	ebc3 03a2 	rsb	r3, r3, r2, asr #2
1000233c:	eb03 0283 	add.w	r2, r3, r3, lsl #2
10002340:	eba4 0442 	sub.w	r4, r4, r2, lsl #1
10002344:	f104 0230 	add.w	r2, r4, #48	@ 0x30
10002348:	3501      	adds	r5, #1
1000234a:	461c      	mov	r4, r3
1000234c:	f801 2f01 	strb.w	r2, [r1, #1]!
10002350:	2b00      	cmp	r3, #0
10002352:	f000 80eb 	beq.w	1000252c <_ftoa+0x384>
10002356:	2d20      	cmp	r5, #32
10002358:	ea4f 73e4 	mov.w	r3, r4, asr #31
1000235c:	d1ea      	bne.n	10002334 <_ftoa+0x18c>
1000235e:	9b07      	ldr	r3, [sp, #28]
10002360:	f003 0303 	and.w	r3, r3, #3
10002364:	2b01      	cmp	r3, #1
10002366:	d118      	bne.n	1000239a <_ftoa+0x1f2>
10002368:	f1bb 0f00 	cmp.w	fp, #0
1000236c:	d015      	beq.n	1000239a <_ftoa+0x1f2>
1000236e:	9b0d      	ldr	r3, [sp, #52]	@ 0x34
10002370:	2b00      	cmp	r3, #0
10002372:	f000 810a 	beq.w	1000258a <_ftoa+0x3e2>
10002376:	f10b 3bff 	add.w	fp, fp, #4294967295	@ 0xffffffff
1000237a:	f1bb 0f20 	cmp.w	fp, #32
1000237e:	d90c      	bls.n	1000239a <_ftoa+0x1f2>
10002380:	1e6b      	subs	r3, r5, #1
10002382:	a90e      	add	r1, sp, #56	@ 0x38
10002384:	2230      	movs	r2, #48	@ 0x30
10002386:	440b      	add	r3, r1
10002388:	e005      	b.n	10002396 <_ftoa+0x1ee>
1000238a:	3501      	adds	r5, #1
1000238c:	455d      	cmp	r5, fp
1000238e:	f803 2f01 	strb.w	r2, [r3, #1]!
10002392:	f080 80d1 	bcs.w	10002538 <_ftoa+0x390>
10002396:	2d20      	cmp	r5, #32
10002398:	d1f7      	bne.n	1000238a <_ftoa+0x1e2>
1000239a:	9b07      	ldr	r3, [sp, #28]
1000239c:	ac0e      	add	r4, sp, #56	@ 0x38
1000239e:	e9cd b302 	strd	fp, r3, [sp, #8]
100023a2:	4641      	mov	r1, r8
100023a4:	464b      	mov	r3, r9
100023a6:	4638      	mov	r0, r7
100023a8:	9a0c      	ldr	r2, [sp, #48]	@ 0x30
100023aa:	9501      	str	r5, [sp, #4]
100023ac:	9400      	str	r4, [sp, #0]
100023ae:	f7ff fdb9 	bl	10001f24 <_out_rev>
100023b2:	4682      	mov	sl, r0
100023b4:	4650      	mov	r0, sl
100023b6:	b017      	add	sp, #92	@ 0x5c
100023b8:	e8bd 8ff0 	ldmia.w	sp!, {r4, r5, r6, r7, r8, r9, sl, fp, pc}
100023bc:	9b07      	ldr	r3, [sp, #28]
100023be:	ed9d 7b04 	vldr	d7, [sp, #16]
100023c2:	e9cd b323 	strd	fp, r3, [sp, #140]	@ 0x8c
100023c6:	4641      	mov	r1, r8
100023c8:	464b      	mov	r3, r9
100023ca:	4638      	mov	r0, r7
100023cc:	9a0c      	ldr	r2, [sp, #48]	@ 0x30
100023ce:	ed8d 7b20 	vstr	d7, [sp, #128]	@ 0x80
100023d2:	9522      	str	r5, [sp, #136]	@ 0x88
100023d4:	b017      	add	sp, #92	@ 0x5c
100023d6:	e8bd 4ff0 	ldmia.w	sp!, {r4, r5, r6, r7, r8, r9, sl, fp, lr}
100023da:	f000 b945 	b.w	10002668 <_etoa>
100023de:	0761      	lsls	r1, r4, #29
100023e0:	4623      	mov	r3, r4
100023e2:	bf4c      	ite	mi
100023e4:	2304      	movmi	r3, #4
100023e6:	2303      	movpl	r3, #3
100023e8:	4641      	mov	r1, r8
100023ea:	9321      	str	r3, [sp, #132]	@ 0x84
100023ec:	4638      	mov	r0, r7
100023ee:	464b      	mov	r3, r9
100023f0:	9a07      	ldr	r2, [sp, #28]
100023f2:	bf48      	it	mi
100023f4:	4c30      	ldrmi	r4, [pc, #192]	@ (100024b8 <_ftoa+0x310>)
100023f6:	e9cd b222 	strd	fp, r2, [sp, #136]	@ 0x88
100023fa:	bf58      	it	pl
100023fc:	4c2f      	ldrpl	r4, [pc, #188]	@ (100024bc <_ftoa+0x314>)
100023fe:	9a0c      	ldr	r2, [sp, #48]	@ 0x30
10002400:	9420      	str	r4, [sp, #128]	@ 0x80
10002402:	b017      	add	sp, #92	@ 0x5c
10002404:	e8bd 4ff0 	ldmia.w	sp!, {r4, r5, r6, r7, r8, r9, sl, fp, lr}
10002408:	f7ff bd8c 	b.w	10001f24 <_out_rev>
1000240c:	e9dd 2304 	ldrd	r2, r3, [sp, #16]
10002410:	2000      	movs	r0, #0
10002412:	2100      	movs	r1, #0
10002414:	f7ff fc52 	bl	10001cbc <__wrap___aeabi_dsub>
10002418:	2301      	movs	r3, #1
1000241a:	e9cd 0104 	strd	r0, r1, [sp, #16]
1000241e:	930d      	str	r3, [sp, #52]	@ 0x34
10002420:	4623      	mov	r3, r4
10002422:	e70d      	b.n	10002240 <_ftoa+0x98>
10002424:	4623      	mov	r3, r4
10002426:	079c      	lsls	r4, r3, #30
10002428:	f040 80aa 	bne.w	10002580 <_ftoa+0x3d8>
1000242c:	f1bb 0f04 	cmp.w	fp, #4
10002430:	f240 80a6 	bls.w	10002580 <_ftoa+0x3d8>
10002434:	9b0c      	ldr	r3, [sp, #48]	@ 0x30
10002436:	461d      	mov	r5, r3
10002438:	1f1c      	subs	r4, r3, #4
1000243a:	eb04 0a0b 	add.w	sl, r4, fp
1000243e:	462a      	mov	r2, r5
10002440:	464b      	mov	r3, r9
10002442:	4641      	mov	r1, r8
10002444:	2020      	movs	r0, #32
10002446:	3501      	adds	r5, #1
10002448:	47b8      	blx	r7
1000244a:	45aa      	cmp	sl, r5
1000244c:	d1f7      	bne.n	1000243e <_ftoa+0x296>
1000244e:	4655      	mov	r5, sl
10002450:	4c1b      	ldr	r4, [pc, #108]	@ (100024c0 <_ftoa+0x318>)
10002452:	1f26      	subs	r6, r4, #4
10002454:	f814 0d01 	ldrb.w	r0, [r4, #-1]!
10002458:	462a      	mov	r2, r5
1000245a:	464b      	mov	r3, r9
1000245c:	4641      	mov	r1, r8
1000245e:	47b8      	blx	r7
10002460:	42b4      	cmp	r4, r6
10002462:	f105 0501 	add.w	r5, r5, #1
10002466:	d1f5      	bne.n	10002454 <_ftoa+0x2ac>
10002468:	9b07      	ldr	r3, [sp, #28]
1000246a:	f10a 0a04 	add.w	sl, sl, #4
1000246e:	0798      	lsls	r0, r3, #30
10002470:	d5a0      	bpl.n	100023b4 <_ftoa+0x20c>
10002472:	9c0c      	ldr	r4, [sp, #48]	@ 0x30
10002474:	ebaa 0304 	sub.w	r3, sl, r4
10002478:	459b      	cmp	fp, r3
1000247a:	d99b      	bls.n	100023b4 <_ftoa+0x20c>
1000247c:	4652      	mov	r2, sl
1000247e:	464b      	mov	r3, r9
10002480:	4641      	mov	r1, r8
10002482:	2020      	movs	r0, #32
10002484:	f10a 0a01 	add.w	sl, sl, #1
10002488:	47b8      	blx	r7
1000248a:	ebaa 0304 	sub.w	r3, sl, r4
1000248e:	455b      	cmp	r3, fp
10002490:	d3f4      	bcc.n	1000247c <_ftoa+0x2d4>
10002492:	e78f      	b.n	100023b4 <_ftoa+0x20c>
10002494:	f3af 8000 	nop.w
10002498:	00000000 	.word	0x00000000
1000249c:	41cdcd65 	.word	0x41cdcd65
100024a0:	00000000 	.word	0x00000000
100024a4:	c1cdcd65 	.word	0xc1cdcd65
100024a8:	7fefffff 	.word	0x7fefffff
100024ac:	100069a0 	.word	0x100069a0
100024b0:	3fe00000 	.word	0x3fe00000
100024b4:	66666667 	.word	0x66666667
100024b8:	100066ac 	.word	0x100066ac
100024bc:	100066b4 	.word	0x100066b4
100024c0:	100066c0 	.word	0x100066c0
100024c4:	cccccccd 	.word	0xcccccccd
100024c8:	2200      	movs	r2, #0
100024ca:	e9dd 010a 	ldrd	r0, r1, [sp, #40]	@ 0x28
100024ce:	4b63      	ldr	r3, [pc, #396]	@ (1000265c <_ftoa+0x4b4>)
100024d0:	f7ff fcd6 	bl	10001e80 <__wrap___aeabi_dcmplt>
100024d4:	2800      	cmp	r0, #0
100024d6:	f47f af08 	bne.w	100022ea <_ftoa+0x142>
100024da:	f1ba 0f00 	cmp.w	sl, #0
100024de:	d16a      	bne.n	100025b6 <_ftoa+0x40e>
100024e0:	f10a 0a01 	add.w	sl, sl, #1
100024e4:	2e00      	cmp	r6, #0
100024e6:	f47f af03 	bne.w	100022f0 <_ftoa+0x148>
100024ea:	4620      	mov	r0, r4
100024ec:	f7ff fc6e 	bl	10001dcc <__wrap___aeabi_i2d>
100024f0:	4602      	mov	r2, r0
100024f2:	460b      	mov	r3, r1
100024f4:	e9dd 0104 	ldrd	r0, r1, [sp, #16]
100024f8:	f7ff fbe0 	bl	10001cbc <__wrap___aeabi_dsub>
100024fc:	4602      	mov	r2, r0
100024fe:	460b      	mov	r3, r1
10002500:	e9cd 2304 	strd	r2, r3, [sp, #16]
10002504:	2200      	movs	r2, #0
10002506:	4b55      	ldr	r3, [pc, #340]	@ (1000265c <_ftoa+0x4b4>)
10002508:	f7ff fcba 	bl	10001e80 <__wrap___aeabi_dcmplt>
1000250c:	2800      	cmp	r0, #0
1000250e:	f47f af0c 	bne.w	1000232a <_ftoa+0x182>
10002512:	e9dd 0104 	ldrd	r0, r1, [sp, #16]
10002516:	2200      	movs	r2, #0
10002518:	4b50      	ldr	r3, [pc, #320]	@ (1000265c <_ftoa+0x4b4>)
1000251a:	f7ff fced 	bl	10001ef8 <__wrap___aeabi_dcmpgt>
1000251e:	2800      	cmp	r0, #0
10002520:	f47f af03 	bne.w	1000232a <_ftoa+0x182>
10002524:	3401      	adds	r4, #1
10002526:	f024 0401 	bic.w	r4, r4, #1
1000252a:	e6fe      	b.n	1000232a <_ftoa+0x182>
1000252c:	9b07      	ldr	r3, [sp, #28]
1000252e:	f003 0303 	and.w	r3, r3, #3
10002532:	2b01      	cmp	r3, #1
10002534:	f000 8082 	beq.w	1000263c <_ftoa+0x494>
10002538:	2d20      	cmp	r5, #32
1000253a:	f43f af2e 	beq.w	1000239a <_ftoa+0x1f2>
1000253e:	9b0d      	ldr	r3, [sp, #52]	@ 0x34
10002540:	b37b      	cbz	r3, 100025a2 <_ftoa+0x3fa>
10002542:	222d      	movs	r2, #45	@ 0x2d
10002544:	eb0d 0305 	add.w	r3, sp, r5
10002548:	f883 2038 	strb.w	r2, [r3, #56]	@ 0x38
1000254c:	3501      	adds	r5, #1
1000254e:	e724      	b.n	1000239a <_ftoa+0x1f2>
10002550:	2b20      	cmp	r3, #32
10002552:	f43f aee9 	beq.w	10002328 <_ftoa+0x180>
10002556:	aa0e      	add	r2, sp, #56	@ 0x38
10002558:	4415      	add	r5, r2
1000255a:	441e      	add	r6, r3
1000255c:	2230      	movs	r2, #48	@ 0x30
1000255e:	e004      	b.n	1000256a <_ftoa+0x3c2>
10002560:	2b20      	cmp	r3, #32
10002562:	f805 2f01 	strb.w	r2, [r5, #1]!
10002566:	f43f aedf 	beq.w	10002328 <_ftoa+0x180>
1000256a:	429e      	cmp	r6, r3
1000256c:	f103 0301 	add.w	r3, r3, #1
10002570:	d1f6      	bne.n	10002560 <_ftoa+0x3b8>
10002572:	222e      	movs	r2, #46	@ 0x2e
10002574:	eb0d 0306 	add.w	r3, sp, r6
10002578:	f883 2038 	strb.w	r2, [r3, #56]	@ 0x38
1000257c:	1c75      	adds	r5, r6, #1
1000257e:	e6d4      	b.n	1000232a <_ftoa+0x182>
10002580:	f8dd a030 	ldr.w	sl, [sp, #48]	@ 0x30
10002584:	e763      	b.n	1000244e <_ftoa+0x2a6>
10002586:	2520      	movs	r5, #32
10002588:	e66e      	b.n	10002268 <_ftoa+0xc0>
1000258a:	9b07      	ldr	r3, [sp, #28]
1000258c:	f013 0f0c 	tst.w	r3, #12
10002590:	d050      	beq.n	10002634 <_ftoa+0x48c>
10002592:	f10b 3bff 	add.w	fp, fp, #4294967295	@ 0xffffffff
10002596:	45ab      	cmp	fp, r5
10002598:	f63f aef2 	bhi.w	10002380 <_ftoa+0x1d8>
1000259c:	2d20      	cmp	r5, #32
1000259e:	f43f aefc 	beq.w	1000239a <_ftoa+0x1f2>
100025a2:	9b07      	ldr	r3, [sp, #28]
100025a4:	075a      	lsls	r2, r3, #29
100025a6:	d501      	bpl.n	100025ac <_ftoa+0x404>
100025a8:	222b      	movs	r2, #43	@ 0x2b
100025aa:	e7cb      	b.n	10002544 <_ftoa+0x39c>
100025ac:	071b      	lsls	r3, r3, #28
100025ae:	f57f aef4 	bpl.w	1000239a <_ftoa+0x1f2>
100025b2:	2220      	movs	r2, #32
100025b4:	e7c6      	b.n	10002544 <_ftoa+0x39c>
100025b6:	f01a 0f01 	tst.w	sl, #1
100025ba:	f43f ae96 	beq.w	100022ea <_ftoa+0x142>
100025be:	e78f      	b.n	100024e0 <_ftoa+0x338>
100025c0:	07a6      	lsls	r6, r4, #30
100025c2:	d134      	bne.n	1000262e <_ftoa+0x486>
100025c4:	f1bb 0f03 	cmp.w	fp, #3
100025c8:	d931      	bls.n	1000262e <_ftoa+0x486>
100025ca:	9b0c      	ldr	r3, [sp, #48]	@ 0x30
100025cc:	461d      	mov	r5, r3
100025ce:	1edc      	subs	r4, r3, #3
100025d0:	eb04 0a0b 	add.w	sl, r4, fp
100025d4:	462a      	mov	r2, r5
100025d6:	464b      	mov	r3, r9
100025d8:	4641      	mov	r1, r8
100025da:	2020      	movs	r0, #32
100025dc:	3501      	adds	r5, #1
100025de:	47b8      	blx	r7
100025e0:	4555      	cmp	r5, sl
100025e2:	d1f7      	bne.n	100025d4 <_ftoa+0x42c>
100025e4:	4655      	mov	r5, sl
100025e6:	4c1e      	ldr	r4, [pc, #120]	@ (10002660 <_ftoa+0x4b8>)
100025e8:	1ee6      	subs	r6, r4, #3
100025ea:	f814 0d01 	ldrb.w	r0, [r4, #-1]!
100025ee:	462a      	mov	r2, r5
100025f0:	464b      	mov	r3, r9
100025f2:	4641      	mov	r1, r8
100025f4:	47b8      	blx	r7
100025f6:	42a6      	cmp	r6, r4
100025f8:	f105 0501 	add.w	r5, r5, #1
100025fc:	d1f5      	bne.n	100025ea <_ftoa+0x442>
100025fe:	9b07      	ldr	r3, [sp, #28]
10002600:	f10a 0a03 	add.w	sl, sl, #3
10002604:	079d      	lsls	r5, r3, #30
10002606:	f57f aed5 	bpl.w	100023b4 <_ftoa+0x20c>
1000260a:	9c0c      	ldr	r4, [sp, #48]	@ 0x30
1000260c:	ebaa 0304 	sub.w	r3, sl, r4
10002610:	459b      	cmp	fp, r3
10002612:	f67f aecf 	bls.w	100023b4 <_ftoa+0x20c>
10002616:	4652      	mov	r2, sl
10002618:	464b      	mov	r3, r9
1000261a:	4641      	mov	r1, r8
1000261c:	2020      	movs	r0, #32
1000261e:	f10a 0a01 	add.w	sl, sl, #1
10002622:	47b8      	blx	r7
10002624:	ebaa 0304 	sub.w	r3, sl, r4
10002628:	459b      	cmp	fp, r3
1000262a:	d8f4      	bhi.n	10002616 <_ftoa+0x46e>
1000262c:	e6c2      	b.n	100023b4 <_ftoa+0x20c>
1000262e:	f8dd a030 	ldr.w	sl, [sp, #48]	@ 0x30
10002632:	e7d7      	b.n	100025e4 <_ftoa+0x43c>
10002634:	45ab      	cmp	fp, r5
10002636:	f63f aea3 	bhi.w	10002380 <_ftoa+0x1d8>
1000263a:	e6ae      	b.n	1000239a <_ftoa+0x1f2>
1000263c:	f1bb 0f00 	cmp.w	fp, #0
10002640:	f43f af7a 	beq.w	10002538 <_ftoa+0x390>
10002644:	9b0d      	ldr	r3, [sp, #52]	@ 0x34
10002646:	2b00      	cmp	r3, #0
10002648:	d09f      	beq.n	1000258a <_ftoa+0x3e2>
1000264a:	f10b 3bff 	add.w	fp, fp, #4294967295	@ 0xffffffff
1000264e:	455d      	cmp	r5, fp
10002650:	f4ff ae96 	bcc.w	10002380 <_ftoa+0x1d8>
10002654:	2d20      	cmp	r5, #32
10002656:	f47f af74 	bne.w	10002542 <_ftoa+0x39a>
1000265a:	e69e      	b.n	1000239a <_ftoa+0x1f2>
1000265c:	3fe00000 	.word	0x3fe00000
10002660:	100066bb 	.word	0x100066bb
10002664:	00000000 	.word	0x00000000

10002668 <_etoa>:
10002668:	e92d 4ff0 	stmdb	sp!, {r4, r5, r6, r7, r8, r9, sl, fp, lr}
1000266c:	b09f      	sub	sp, #124	@ 0x7c
1000266e:	9e2a      	ldr	r6, [sp, #168]	@ 0xa8
10002670:	e9dd 4528 	ldrd	r4, r5, [sp, #160]	@ 0xa0
10002674:	4607      	mov	r7, r0
10002676:	4693      	mov	fp, r2
10002678:	9108      	str	r1, [sp, #32]
1000267a:	9309      	str	r3, [sp, #36]	@ 0x24
1000267c:	4622      	mov	r2, r4
1000267e:	462b      	mov	r3, r5
10002680:	4620      	mov	r0, r4
10002682:	4629      	mov	r1, r5
10002684:	960e      	str	r6, [sp, #56]	@ 0x38
10002686:	e9dd a62b 	ldrd	sl, r6, [sp, #172]	@ 0xac
1000268a:	f7ff fbe7 	bl	10001e5c <__wrap___aeabi_dcmpun>
1000268e:	2800      	cmp	r0, #0
10002690:	f040 80be 	bne.w	10002810 <_etoa+0x1a8>
10002694:	4620      	mov	r0, r4
10002696:	4629      	mov	r1, r5
10002698:	f04f 32ff 	mov.w	r2, #4294967295	@ 0xffffffff
1000269c:	4b78      	ldr	r3, [pc, #480]	@ (10002880 <_etoa+0x218>)
1000269e:	f7ff fc2b 	bl	10001ef8 <__wrap___aeabi_dcmpgt>
100026a2:	2800      	cmp	r0, #0
100026a4:	f040 80b4 	bne.w	10002810 <_etoa+0x1a8>
100026a8:	4620      	mov	r0, r4
100026aa:	4629      	mov	r1, r5
100026ac:	f04f 32ff 	mov.w	r2, #4294967295	@ 0xffffffff
100026b0:	f46f 1380 	mvn.w	r3, #1048576	@ 0x100000
100026b4:	f7ff fbe4 	bl	10001e80 <__wrap___aeabi_dcmplt>
100026b8:	2800      	cmp	r0, #0
100026ba:	f040 80a9 	bne.w	10002810 <_etoa+0x1a8>
100026be:	4620      	mov	r0, r4
100026c0:	4629      	mov	r1, r5
100026c2:	2200      	movs	r2, #0
100026c4:	2300      	movs	r3, #0
100026c6:	f7ff fbdb 	bl	10001e80 <__wrap___aeabi_dcmplt>
100026ca:	2800      	cmp	r0, #0
100026cc:	f040 81d5 	bne.w	10002a7a <_etoa+0x412>
100026d0:	e9cd 450a 	strd	r4, r5, [sp, #40]	@ 0x28
100026d4:	e9dd 230a 	ldrd	r2, r3, [sp, #40]	@ 0x28
100026d8:	4690      	mov	r8, r2
100026da:	4699      	mov	r9, r3
100026dc:	f406 6200 	and.w	r2, r6, #2048	@ 0x800
100026e0:	f416 6380 	ands.w	r3, r6, #1024	@ 0x400
100026e4:	920f      	str	r2, [sp, #60]	@ 0x3c
100026e6:	9313      	str	r3, [sp, #76]	@ 0x4c
100026e8:	f040 80a1 	bne.w	1000282e <_etoa+0x1c6>
100026ec:	ea58 0309 	orrs.w	r3, r8, r9
100026f0:	f040 80ca 	bne.w	10002888 <_etoa+0x220>
100026f4:	2a00      	cmp	r2, #0
100026f6:	f040 81e3 	bne.w	10002ac0 <_etoa+0x458>
100026fa:	2306      	movs	r3, #6
100026fc:	930e      	str	r3, [sp, #56]	@ 0x38
100026fe:	f016 0202 	ands.w	r2, r6, #2
10002702:	9210      	str	r2, [sp, #64]	@ 0x40
10002704:	f040 81d4 	bne.w	10002ab0 <_etoa+0x448>
10002708:	4653      	mov	r3, sl
1000270a:	2b04      	cmp	r3, #4
1000270c:	bf38      	it	cc
1000270e:	2304      	movcc	r3, #4
10002710:	920c      	str	r2, [sp, #48]	@ 0x30
10002712:	2204      	movs	r2, #4
10002714:	3b04      	subs	r3, #4
10002716:	9212      	str	r2, [sp, #72]	@ 0x48
10002718:	930f      	str	r3, [sp, #60]	@ 0x3c
1000271a:	4620      	mov	r0, r4
1000271c:	4629      	mov	r1, r5
1000271e:	2200      	movs	r2, #0
10002720:	2300      	movs	r3, #0
10002722:	f7ff fbad 	bl	10001e80 <__wrap___aeabi_dcmplt>
10002726:	2800      	cmp	r0, #0
10002728:	f040 81f3 	bne.w	10002b12 <_etoa+0x4aa>
1000272c:	ed9d 7b0a 	vldr	d7, [sp, #40]	@ 0x28
10002730:	9b0f      	ldr	r3, [sp, #60]	@ 0x3c
10002732:	465a      	mov	r2, fp
10002734:	9303      	str	r3, [sp, #12]
10002736:	9b0e      	ldr	r3, [sp, #56]	@ 0x38
10002738:	ed8d 7b00 	vstr	d7, [sp]
1000273c:	9302      	str	r3, [sp, #8]
1000273e:	f426 6300 	bic.w	r3, r6, #2048	@ 0x800
10002742:	9304      	str	r3, [sp, #16]
10002744:	4638      	mov	r0, r7
10002746:	9b09      	ldr	r3, [sp, #36]	@ 0x24
10002748:	9908      	ldr	r1, [sp, #32]
1000274a:	f7ff fd2d 	bl	100021a8 <_ftoa>
1000274e:	4602      	mov	r2, r0
10002750:	f016 0f20 	tst.w	r6, #32
10002754:	9b09      	ldr	r3, [sp, #36]	@ 0x24
10002756:	9908      	ldr	r1, [sp, #32]
10002758:	bf0c      	ite	eq
1000275a:	2065      	moveq	r0, #101	@ 0x65
1000275c:	2045      	movne	r0, #69	@ 0x45
1000275e:	f102 0801 	add.w	r8, r2, #1
10002762:	47b8      	blx	r7
10002764:	9a0c      	ldr	r2, [sp, #48]	@ 0x30
10002766:	9b12      	ldr	r3, [sp, #72]	@ 0x48
10002768:	ac16      	add	r4, sp, #88	@ 0x58
1000276a:	1e5d      	subs	r5, r3, #1
1000276c:	ea82 73e2 	eor.w	r3, r2, r2, asr #31
10002770:	eba3 73e2 	sub.w	r3, r3, r2, asr #31
10002774:	0fd1      	lsrs	r1, r2, #31
10002776:	2600      	movs	r6, #0
10002778:	4622      	mov	r2, r4
1000277a:	4699      	mov	r9, r3
1000277c:	f8df c104 	ldr.w	ip, [pc, #260]	@ 10002884 <_etoa+0x21c>
10002780:	e001      	b.n	10002786 <_etoa+0x11e>
10002782:	2e20      	cmp	r6, #32
10002784:	d010      	beq.n	100027a8 <_etoa+0x140>
10002786:	46ce      	mov	lr, r9
10002788:	fbac 3009 	umull	r3, r0, ip, r9
1000278c:	08c0      	lsrs	r0, r0, #3
1000278e:	eb00 0380 	add.w	r3, r0, r0, lsl #2
10002792:	eba9 0343 	sub.w	r3, r9, r3, lsl #1
10002796:	3330      	adds	r3, #48	@ 0x30
10002798:	f1be 0f09 	cmp.w	lr, #9
1000279c:	4681      	mov	r9, r0
1000279e:	f106 0601 	add.w	r6, r6, #1
100027a2:	f802 3b01 	strb.w	r3, [r2], #1
100027a6:	d8ec      	bhi.n	10002782 <_etoa+0x11a>
100027a8:	2305      	movs	r3, #5
100027aa:	2000      	movs	r0, #0
100027ac:	9306      	str	r3, [sp, #24]
100027ae:	230a      	movs	r3, #10
100027b0:	9505      	str	r5, [sp, #20]
100027b2:	9400      	str	r4, [sp, #0]
100027b4:	9d09      	ldr	r5, [sp, #36]	@ 0x24
100027b6:	9c08      	ldr	r4, [sp, #32]
100027b8:	4642      	mov	r2, r8
100027ba:	e9cd 3003 	strd	r3, r0, [sp, #12]
100027be:	e9cd 6101 	strd	r6, r1, [sp, #4]
100027c2:	462b      	mov	r3, r5
100027c4:	4621      	mov	r1, r4
100027c6:	4638      	mov	r0, r7
100027c8:	f7ff fbfa 	bl	10001fc0 <_ntoa_format>
100027cc:	9a10      	ldr	r2, [sp, #64]	@ 0x40
100027ce:	4680      	mov	r8, r0
100027d0:	b1d2      	cbz	r2, 10002808 <_etoa+0x1a0>
100027d2:	eba0 060b 	sub.w	r6, r0, fp
100027d6:	45b2      	cmp	sl, r6
100027d8:	d916      	bls.n	10002808 <_etoa+0x1a0>
100027da:	eb0b 0206 	add.w	r2, fp, r6
100027de:	462b      	mov	r3, r5
100027e0:	4621      	mov	r1, r4
100027e2:	2020      	movs	r0, #32
100027e4:	3601      	adds	r6, #1
100027e6:	47b8      	blx	r7
100027e8:	45b2      	cmp	sl, r6
100027ea:	d8f6      	bhi.n	100027da <_etoa+0x172>
100027ec:	f10b 33ff 	add.w	r3, fp, #4294967295	@ 0xffffffff
100027f0:	4453      	add	r3, sl
100027f2:	f1cb 0201 	rsb	r2, fp, #1
100027f6:	eba3 0308 	sub.w	r3, r3, r8
100027fa:	4442      	add	r2, r8
100027fc:	4592      	cmp	sl, r2
100027fe:	bf38      	it	cc
10002800:	2300      	movcc	r3, #0
10002802:	f108 0801 	add.w	r8, r8, #1
10002806:	4498      	add	r8, r3
10002808:	4640      	mov	r0, r8
1000280a:	b01f      	add	sp, #124	@ 0x7c
1000280c:	e8bd 8ff0 	ldmia.w	sp!, {r4, r5, r6, r7, r8, r9, sl, fp, pc}
10002810:	465a      	mov	r2, fp
10002812:	4638      	mov	r0, r7
10002814:	e9cd 4528 	strd	r4, r5, [sp, #160]	@ 0xa0
10002818:	e9cd a62b 	strd	sl, r6, [sp, #172]	@ 0xac
1000281c:	9c0e      	ldr	r4, [sp, #56]	@ 0x38
1000281e:	9b09      	ldr	r3, [sp, #36]	@ 0x24
10002820:	9908      	ldr	r1, [sp, #32]
10002822:	942a      	str	r4, [sp, #168]	@ 0xa8
10002824:	b01f      	add	sp, #124	@ 0x7c
10002826:	e8bd 4ff0 	ldmia.w	sp!, {r4, r5, r6, r7, r8, r9, sl, fp, lr}
1000282a:	f7ff bcbd 	b.w	100021a8 <_ftoa>
1000282e:	ea58 0309 	orrs.w	r3, r8, r9
10002832:	d12b      	bne.n	1000288c <_etoa+0x224>
10002834:	2a00      	cmp	r2, #0
10002836:	f43f af62 	beq.w	100026fe <_etoa+0x96>
1000283a:	2300      	movs	r3, #0
1000283c:	930c      	str	r3, [sp, #48]	@ 0x30
1000283e:	9b0e      	ldr	r3, [sp, #56]	@ 0x38
10002840:	9a0c      	ldr	r2, [sp, #48]	@ 0x30
10002842:	4293      	cmp	r3, r2
10002844:	f300 81b9 	bgt.w	10002bba <_etoa+0x552>
10002848:	f04f 0800 	mov.w	r8, #0
1000284c:	4620      	mov	r0, r4
1000284e:	4629      	mov	r1, r5
10002850:	2200      	movs	r2, #0
10002852:	2300      	movs	r3, #0
10002854:	f7ff fb14 	bl	10001e80 <__wrap___aeabi_dcmplt>
10002858:	2800      	cmp	r0, #0
1000285a:	f040 8113 	bne.w	10002a84 <_etoa+0x41c>
1000285e:	ed9d 7b0a 	vldr	d7, [sp, #40]	@ 0x28
10002862:	f426 6600 	bic.w	r6, r6, #2048	@ 0x800
10002866:	f446 6680 	orr.w	r6, r6, #1024	@ 0x400
1000286a:	ed8d 7b28 	vstr	d7, [sp, #160]	@ 0xa0
1000286e:	465a      	mov	r2, fp
10002870:	4638      	mov	r0, r7
10002872:	e9cd 8a2a 	strd	r8, sl, [sp, #168]	@ 0xa8
10002876:	9b09      	ldr	r3, [sp, #36]	@ 0x24
10002878:	9908      	ldr	r1, [sp, #32]
1000287a:	962c      	str	r6, [sp, #176]	@ 0xb0
1000287c:	e7d2      	b.n	10002824 <_etoa+0x1bc>
1000287e:	bf00      	nop
10002880:	7fefffff 	.word	0x7fefffff
10002884:	cccccccd 	.word	0xcccccccd
10002888:	2306      	movs	r3, #6
1000288a:	930e      	str	r3, [sp, #56]	@ 0x38
1000288c:	f3c9 500a 	ubfx	r0, r9, #20, #11
10002890:	f2a0 30ff 	subw	r0, r0, #1023	@ 0x3ff
10002894:	f7ff fa9a 	bl	10001dcc <__wrap___aeabi_i2d>
10002898:	a3c1      	add	r3, pc, #772	@ (adr r3, 10002ba0 <_etoa+0x538>)
1000289a:	e9d3 2300 	ldrd	r2, r3, [r3]
1000289e:	f7ff fa21 	bl	10001ce4 <__wrap___aeabi_dmul>
100028a2:	a3c1      	add	r3, pc, #772	@ (adr r3, 10002ba8 <_etoa+0x540>)
100028a4:	e9d3 2300 	ldrd	r2, r3, [r3]
100028a8:	f7ff f9f4 	bl	10001c94 <__wrap___aeabi_dadd>
100028ac:	f3c9 0913 	ubfx	r9, r9, #0, #20
100028b0:	e9cd 010c 	strd	r0, r1, [sp, #48]	@ 0x30
100028b4:	f049 517f 	orr.w	r1, r9, #1069547520	@ 0x3fc00000
100028b8:	4640      	mov	r0, r8
100028ba:	2200      	movs	r2, #0
100028bc:	4bb2      	ldr	r3, [pc, #712]	@ (10002b88 <_etoa+0x520>)
100028be:	f441 1140 	orr.w	r1, r1, #3145728	@ 0x300000
100028c2:	f7ff f9fb 	bl	10001cbc <__wrap___aeabi_dsub>
100028c6:	a3a4      	add	r3, pc, #656	@ (adr r3, 10002b58 <_etoa+0x4f0>)
100028c8:	e9d3 2300 	ldrd	r2, r3, [r3]
100028cc:	f7ff fa0a 	bl	10001ce4 <__wrap___aeabi_dmul>
100028d0:	4602      	mov	r2, r0
100028d2:	460b      	mov	r3, r1
100028d4:	e9dd 010c 	ldrd	r0, r1, [sp, #48]	@ 0x30
100028d8:	f7ff f9dc 	bl	10001c94 <__wrap___aeabi_dadd>
100028dc:	f7ff fa9a 	bl	10001e14 <__wrap___aeabi_d2iz>
100028e0:	900c      	str	r0, [sp, #48]	@ 0x30
100028e2:	f7ff fa73 	bl	10001dcc <__wrap___aeabi_i2d>
100028e6:	a39e      	add	r3, pc, #632	@ (adr r3, 10002b60 <_etoa+0x4f8>)
100028e8:	e9d3 2300 	ldrd	r2, r3, [r3]
100028ec:	4680      	mov	r8, r0
100028ee:	4689      	mov	r9, r1
100028f0:	f7ff f9f8 	bl	10001ce4 <__wrap___aeabi_dmul>
100028f4:	2200      	movs	r2, #0
100028f6:	4ba5      	ldr	r3, [pc, #660]	@ (10002b8c <_etoa+0x524>)
100028f8:	f7ff f9cc 	bl	10001c94 <__wrap___aeabi_dadd>
100028fc:	f7ff fa8a 	bl	10001e14 <__wrap___aeabi_d2iz>
10002900:	4603      	mov	r3, r0
10002902:	4649      	mov	r1, r9
10002904:	4640      	mov	r0, r8
10002906:	9312      	str	r3, [sp, #72]	@ 0x48
10002908:	a397      	add	r3, pc, #604	@ (adr r3, 10002b68 <_etoa+0x500>)
1000290a:	e9d3 2300 	ldrd	r2, r3, [r3]
1000290e:	f7ff f9e9 	bl	10001ce4 <__wrap___aeabi_dmul>
10002912:	4680      	mov	r8, r0
10002914:	9812      	ldr	r0, [sp, #72]	@ 0x48
10002916:	4689      	mov	r9, r1
10002918:	f7ff fa58 	bl	10001dcc <__wrap___aeabi_i2d>
1000291c:	a394      	add	r3, pc, #592	@ (adr r3, 10002b70 <_etoa+0x508>)
1000291e:	e9d3 2300 	ldrd	r2, r3, [r3]
10002922:	f7ff f9df 	bl	10001ce4 <__wrap___aeabi_dmul>
10002926:	4602      	mov	r2, r0
10002928:	460b      	mov	r3, r1
1000292a:	4640      	mov	r0, r8
1000292c:	4649      	mov	r1, r9
1000292e:	f7ff f9c5 	bl	10001cbc <__wrap___aeabi_dsub>
10002932:	4602      	mov	r2, r0
10002934:	460b      	mov	r3, r1
10002936:	4680      	mov	r8, r0
10002938:	4689      	mov	r9, r1
1000293a:	f7ff f9d3 	bl	10001ce4 <__wrap___aeabi_dmul>
1000293e:	4642      	mov	r2, r8
10002940:	464b      	mov	r3, r9
10002942:	e9cd 0110 	strd	r0, r1, [sp, #64]	@ 0x40
10002946:	4640      	mov	r0, r8
10002948:	4649      	mov	r1, r9
1000294a:	f7ff f9a3 	bl	10001c94 <__wrap___aeabi_dadd>
1000294e:	2200      	movs	r2, #0
10002950:	e9cd 0114 	strd	r0, r1, [sp, #80]	@ 0x50
10002954:	e9dd 0110 	ldrd	r0, r1, [sp, #64]	@ 0x40
10002958:	4b8d      	ldr	r3, [pc, #564]	@ (10002b90 <_etoa+0x528>)
1000295a:	f7ff f9e9 	bl	10001d30 <__wrap___aeabi_ddiv>
1000295e:	2200      	movs	r2, #0
10002960:	4b8c      	ldr	r3, [pc, #560]	@ (10002b94 <_etoa+0x52c>)
10002962:	f7ff f997 	bl	10001c94 <__wrap___aeabi_dadd>
10002966:	4602      	mov	r2, r0
10002968:	460b      	mov	r3, r1
1000296a:	e9dd 0110 	ldrd	r0, r1, [sp, #64]	@ 0x40
1000296e:	f7ff f9df 	bl	10001d30 <__wrap___aeabi_ddiv>
10002972:	2200      	movs	r2, #0
10002974:	4b88      	ldr	r3, [pc, #544]	@ (10002b98 <_etoa+0x530>)
10002976:	f7ff f98d 	bl	10001c94 <__wrap___aeabi_dadd>
1000297a:	4602      	mov	r2, r0
1000297c:	460b      	mov	r3, r1
1000297e:	e9dd 0110 	ldrd	r0, r1, [sp, #64]	@ 0x40
10002982:	f7ff f9d5 	bl	10001d30 <__wrap___aeabi_ddiv>
10002986:	4642      	mov	r2, r8
10002988:	464b      	mov	r3, r9
1000298a:	4680      	mov	r8, r0
1000298c:	4689      	mov	r9, r1
1000298e:	2000      	movs	r0, #0
10002990:	f04f 4180 	mov.w	r1, #1073741824	@ 0x40000000
10002994:	f7ff f992 	bl	10001cbc <__wrap___aeabi_dsub>
10002998:	4602      	mov	r2, r0
1000299a:	460b      	mov	r3, r1
1000299c:	4640      	mov	r0, r8
1000299e:	4649      	mov	r1, r9
100029a0:	f7ff f978 	bl	10001c94 <__wrap___aeabi_dadd>
100029a4:	4602      	mov	r2, r0
100029a6:	460b      	mov	r3, r1
100029a8:	e9dd 0114 	ldrd	r0, r1, [sp, #80]	@ 0x50
100029ac:	f7ff f9c0 	bl	10001d30 <__wrap___aeabi_ddiv>
100029b0:	2200      	movs	r2, #0
100029b2:	4b7a      	ldr	r3, [pc, #488]	@ (10002b9c <_etoa+0x534>)
100029b4:	f7ff f96e 	bl	10001c94 <__wrap___aeabi_dadd>
100029b8:	9b12      	ldr	r3, [sp, #72]	@ 0x48
100029ba:	2200      	movs	r2, #0
100029bc:	f203 3cff 	addw	ip, r3, #1023	@ 0x3ff
100029c0:	ea4f 530c 	mov.w	r3, ip, lsl #20
100029c4:	f7ff f98e 	bl	10001ce4 <__wrap___aeabi_dmul>
100029c8:	4680      	mov	r8, r0
100029ca:	4689      	mov	r9, r1
100029cc:	e9dd 010a 	ldrd	r0, r1, [sp, #40]	@ 0x28
100029d0:	4642      	mov	r2, r8
100029d2:	464b      	mov	r3, r9
100029d4:	f7ff fa54 	bl	10001e80 <__wrap___aeabi_dcmplt>
100029d8:	b150      	cbz	r0, 100029f0 <_etoa+0x388>
100029da:	9b0c      	ldr	r3, [sp, #48]	@ 0x30
100029dc:	4640      	mov	r0, r8
100029de:	3b01      	subs	r3, #1
100029e0:	4649      	mov	r1, r9
100029e2:	930c      	str	r3, [sp, #48]	@ 0x30
100029e4:	2200      	movs	r2, #0
100029e6:	4b6b      	ldr	r3, [pc, #428]	@ (10002b94 <_etoa+0x52c>)
100029e8:	f7ff f9a2 	bl	10001d30 <__wrap___aeabi_ddiv>
100029ec:	4680      	mov	r8, r0
100029ee:	4689      	mov	r9, r1
100029f0:	9a0c      	ldr	r2, [sp, #48]	@ 0x30
100029f2:	4643      	mov	r3, r8
100029f4:	3263      	adds	r2, #99	@ 0x63
100029f6:	2ac6      	cmp	r2, #198	@ 0xc6
100029f8:	f006 0202 	and.w	r2, r6, #2
100029fc:	9210      	str	r2, [sp, #64]	@ 0x40
100029fe:	4649      	mov	r1, r9
10002a00:	9a0f      	ldr	r2, [sp, #60]	@ 0x3c
10002a02:	d82c      	bhi.n	10002a5e <_etoa+0x3f6>
10002a04:	2a00      	cmp	r2, #0
10002a06:	d05e      	beq.n	10002ac6 <_etoa+0x45e>
10002a08:	2204      	movs	r2, #4
10002a0a:	9212      	str	r2, [sp, #72]	@ 0x48
10002a0c:	430b      	orrs	r3, r1
10002a0e:	f43f af16 	beq.w	1000283e <_etoa+0x1d6>
10002a12:	e9dd 010a 	ldrd	r0, r1, [sp, #40]	@ 0x28
10002a16:	a358      	add	r3, pc, #352	@ (adr r3, 10002b78 <_etoa+0x510>)
10002a18:	e9d3 2300 	ldrd	r2, r3, [r3]
10002a1c:	f7ff fa58 	bl	10001ed0 <__wrap___aeabi_dcmpge>
10002a20:	b148      	cbz	r0, 10002a36 <_etoa+0x3ce>
10002a22:	e9dd 010a 	ldrd	r0, r1, [sp, #40]	@ 0x28
10002a26:	a356      	add	r3, pc, #344	@ (adr r3, 10002b80 <_etoa+0x518>)
10002a28:	e9d3 2300 	ldrd	r2, r3, [r3]
10002a2c:	f7ff fa28 	bl	10001e80 <__wrap___aeabi_dcmplt>
10002a30:	2800      	cmp	r0, #0
10002a32:	f47f af04 	bne.w	1000283e <_etoa+0x1d6>
10002a36:	9b0e      	ldr	r3, [sp, #56]	@ 0x38
10002a38:	2b00      	cmp	r3, #0
10002a3a:	d050      	beq.n	10002ade <_etoa+0x476>
10002a3c:	9a13      	ldr	r2, [sp, #76]	@ 0x4c
10002a3e:	2a00      	cmp	r2, #0
10002a40:	d07d      	beq.n	10002b3e <_etoa+0x4d6>
10002a42:	3b01      	subs	r3, #1
10002a44:	930e      	str	r3, [sp, #56]	@ 0x38
10002a46:	9b12      	ldr	r3, [sp, #72]	@ 0x48
10002a48:	459a      	cmp	sl, r3
10002a4a:	d905      	bls.n	10002a58 <_etoa+0x3f0>
10002a4c:	9b10      	ldr	r3, [sp, #64]	@ 0x40
10002a4e:	2b00      	cmp	r3, #0
10002a50:	f000 80ae 	beq.w	10002bb0 <_etoa+0x548>
10002a54:	2302      	movs	r3, #2
10002a56:	9310      	str	r3, [sp, #64]	@ 0x40
10002a58:	2300      	movs	r3, #0
10002a5a:	930f      	str	r3, [sp, #60]	@ 0x3c
10002a5c:	e044      	b.n	10002ae8 <_etoa+0x480>
10002a5e:	bb22      	cbnz	r2, 10002aaa <_etoa+0x442>
10002a60:	f1ba 0f05 	cmp.w	sl, #5
10002a64:	d94f      	bls.n	10002b06 <_etoa+0x49e>
10002a66:	f006 0302 	and.w	r3, r6, #2
10002a6a:	2b00      	cmp	r3, #0
10002a6c:	d149      	bne.n	10002b02 <_etoa+0x49a>
10002a6e:	2305      	movs	r3, #5
10002a70:	9312      	str	r3, [sp, #72]	@ 0x48
10002a72:	f1aa 0305 	sub.w	r3, sl, #5
10002a76:	930f      	str	r3, [sp, #60]	@ 0x3c
10002a78:	e03a      	b.n	10002af0 <_etoa+0x488>
10002a7a:	f105 4300 	add.w	r3, r5, #2147483648	@ 0x80000000
10002a7e:	940a      	str	r4, [sp, #40]	@ 0x28
10002a80:	930b      	str	r3, [sp, #44]	@ 0x2c
10002a82:	e627      	b.n	100026d4 <_etoa+0x6c>
10002a84:	f426 6600 	bic.w	r6, r6, #2048	@ 0x800
10002a88:	f446 6680 	orr.w	r6, r6, #1024	@ 0x400
10002a8c:	4638      	mov	r0, r7
10002a8e:	962c      	str	r6, [sp, #176]	@ 0xb0
10002a90:	e9dd 670a 	ldrd	r6, r7, [sp, #40]	@ 0x28
10002a94:	4634      	mov	r4, r6
10002a96:	f107 4500 	add.w	r5, r7, #2147483648	@ 0x80000000
10002a9a:	465a      	mov	r2, fp
10002a9c:	e9cd 8a2a 	strd	r8, sl, [sp, #168]	@ 0xa8
10002aa0:	e9cd 4528 	strd	r4, r5, [sp, #160]	@ 0xa0
10002aa4:	9b09      	ldr	r3, [sp, #36]	@ 0x24
10002aa6:	9908      	ldr	r1, [sp, #32]
10002aa8:	e6bc      	b.n	10002824 <_etoa+0x1bc>
10002aaa:	2205      	movs	r2, #5
10002aac:	9212      	str	r2, [sp, #72]	@ 0x48
10002aae:	e7ad      	b.n	10002a0c <_etoa+0x3a4>
10002ab0:	2300      	movs	r3, #0
10002ab2:	2202      	movs	r2, #2
10002ab4:	e9cd 320f 	strd	r3, r2, [sp, #60]	@ 0x3c
10002ab8:	2204      	movs	r2, #4
10002aba:	930c      	str	r3, [sp, #48]	@ 0x30
10002abc:	9212      	str	r2, [sp, #72]	@ 0x48
10002abe:	e62c      	b.n	1000271a <_etoa+0xb2>
10002ac0:	f04f 0805 	mov.w	r8, #5
10002ac4:	e6c2      	b.n	1000284c <_etoa+0x1e4>
10002ac6:	f1ba 0f04 	cmp.w	sl, #4
10002aca:	d91f      	bls.n	10002b0c <_etoa+0x4a4>
10002acc:	9b10      	ldr	r3, [sp, #64]	@ 0x40
10002ace:	2b00      	cmp	r3, #0
10002ad0:	d178      	bne.n	10002bc4 <_etoa+0x55c>
10002ad2:	2304      	movs	r3, #4
10002ad4:	9312      	str	r3, [sp, #72]	@ 0x48
10002ad6:	f1aa 0304 	sub.w	r3, sl, #4
10002ada:	930f      	str	r3, [sp, #60]	@ 0x3c
10002adc:	e004      	b.n	10002ae8 <_etoa+0x480>
10002ade:	9b12      	ldr	r3, [sp, #72]	@ 0x48
10002ae0:	459a      	cmp	sl, r3
10002ae2:	d831      	bhi.n	10002b48 <_etoa+0x4e0>
10002ae4:	9b0e      	ldr	r3, [sp, #56]	@ 0x38
10002ae6:	930f      	str	r3, [sp, #60]	@ 0x3c
10002ae8:	9b0c      	ldr	r3, [sp, #48]	@ 0x30
10002aea:	2b00      	cmp	r3, #0
10002aec:	f43f ae15 	beq.w	1000271a <_etoa+0xb2>
10002af0:	e9dd 010a 	ldrd	r0, r1, [sp, #40]	@ 0x28
10002af4:	4642      	mov	r2, r8
10002af6:	464b      	mov	r3, r9
10002af8:	f7ff f91a 	bl	10001d30 <__wrap___aeabi_ddiv>
10002afc:	e9cd 010a 	strd	r0, r1, [sp, #40]	@ 0x28
10002b00:	e60b      	b.n	1000271a <_etoa+0xb2>
10002b02:	2302      	movs	r3, #2
10002b04:	9310      	str	r3, [sp, #64]	@ 0x40
10002b06:	2305      	movs	r3, #5
10002b08:	9312      	str	r3, [sp, #72]	@ 0x48
10002b0a:	e7f1      	b.n	10002af0 <_etoa+0x488>
10002b0c:	2304      	movs	r3, #4
10002b0e:	9312      	str	r3, [sp, #72]	@ 0x48
10002b10:	e7ea      	b.n	10002ae8 <_etoa+0x480>
10002b12:	e9dd 450a 	ldrd	r4, r5, [sp, #40]	@ 0x28
10002b16:	46a0      	mov	r8, r4
10002b18:	9b0f      	ldr	r3, [sp, #60]	@ 0x3c
10002b1a:	f105 4900 	add.w	r9, r5, #2147483648	@ 0x80000000
10002b1e:	9303      	str	r3, [sp, #12]
10002b20:	9b0e      	ldr	r3, [sp, #56]	@ 0x38
10002b22:	465a      	mov	r2, fp
10002b24:	9302      	str	r3, [sp, #8]
10002b26:	f426 6300 	bic.w	r3, r6, #2048	@ 0x800
10002b2a:	9304      	str	r3, [sp, #16]
10002b2c:	4638      	mov	r0, r7
10002b2e:	e9cd 8900 	strd	r8, r9, [sp]
10002b32:	9b09      	ldr	r3, [sp, #36]	@ 0x24
10002b34:	9908      	ldr	r1, [sp, #32]
10002b36:	f7ff fb37 	bl	100021a8 <_ftoa>
10002b3a:	4602      	mov	r2, r0
10002b3c:	e608      	b.n	10002750 <_etoa+0xe8>
10002b3e:	9b12      	ldr	r3, [sp, #72]	@ 0x48
10002b40:	459a      	cmp	sl, r3
10002b42:	d844      	bhi.n	10002bce <_etoa+0x566>
10002b44:	920f      	str	r2, [sp, #60]	@ 0x3c
10002b46:	e7cf      	b.n	10002ae8 <_etoa+0x480>
10002b48:	9b10      	ldr	r3, [sp, #64]	@ 0x40
10002b4a:	b38b      	cbz	r3, 10002bb0 <_etoa+0x548>
10002b4c:	9b0e      	ldr	r3, [sp, #56]	@ 0x38
10002b4e:	930f      	str	r3, [sp, #60]	@ 0x3c
10002b50:	2302      	movs	r3, #2
10002b52:	9310      	str	r3, [sp, #64]	@ 0x40
10002b54:	e7c8      	b.n	10002ae8 <_etoa+0x480>
10002b56:	bf00      	nop
10002b58:	636f4361 	.word	0x636f4361
10002b5c:	3fd287a7 	.word	0x3fd287a7
10002b60:	0979a371 	.word	0x0979a371
10002b64:	400a934f 	.word	0x400a934f
10002b68:	bbb55516 	.word	0xbbb55516
10002b6c:	40026bb1 	.word	0x40026bb1
10002b70:	fefa39ef 	.word	0xfefa39ef
10002b74:	3fe62e42 	.word	0x3fe62e42
10002b78:	eb1c432d 	.word	0xeb1c432d
10002b7c:	3f1a36e2 	.word	0x3f1a36e2
10002b80:	00000000 	.word	0x00000000
10002b84:	412e8480 	.word	0x412e8480
10002b88:	3ff80000 	.word	0x3ff80000
10002b8c:	3fe00000 	.word	0x3fe00000
10002b90:	402c0000 	.word	0x402c0000
10002b94:	40240000 	.word	0x40240000
10002b98:	40180000 	.word	0x40180000
10002b9c:	3ff00000 	.word	0x3ff00000
10002ba0:	509f79fb 	.word	0x509f79fb
10002ba4:	3fd34413 	.word	0x3fd34413
10002ba8:	8b60c8b3 	.word	0x8b60c8b3
10002bac:	3fc68a28 	.word	0x3fc68a28
10002bb0:	9b12      	ldr	r3, [sp, #72]	@ 0x48
10002bb2:	ebaa 0303 	sub.w	r3, sl, r3
10002bb6:	930f      	str	r3, [sp, #60]	@ 0x3c
10002bb8:	e796      	b.n	10002ae8 <_etoa+0x480>
10002bba:	eba3 0802 	sub.w	r8, r3, r2
10002bbe:	f108 38ff 	add.w	r8, r8, #4294967295	@ 0xffffffff
10002bc2:	e643      	b.n	1000284c <_etoa+0x1e4>
10002bc4:	2304      	movs	r3, #4
10002bc6:	9312      	str	r3, [sp, #72]	@ 0x48
10002bc8:	2302      	movs	r3, #2
10002bca:	9310      	str	r3, [sp, #64]	@ 0x40
10002bcc:	e78c      	b.n	10002ae8 <_etoa+0x480>
10002bce:	9b10      	ldr	r3, [sp, #64]	@ 0x40
10002bd0:	2b00      	cmp	r3, #0
10002bd2:	d0ed      	beq.n	10002bb0 <_etoa+0x548>
10002bd4:	2302      	movs	r3, #2
10002bd6:	920f      	str	r2, [sp, #60]	@ 0x3c
10002bd8:	9310      	str	r3, [sp, #64]	@ 0x40
10002bda:	e785      	b.n	10002ae8 <_etoa+0x480>

10002bdc <_vsnprintf>:
10002bdc:	e92d 4ff0 	stmdb	sp!, {r4, r5, r6, r7, r8, r9, sl, fp, lr}
10002be0:	b09b      	sub	sp, #108	@ 0x6c
10002be2:	9c24      	ldr	r4, [sp, #144]	@ 0x90
10002be4:	4d95      	ldr	r5, [pc, #596]	@ (10002e3c <_vsnprintf+0x260>)
10002be6:	940a      	str	r4, [sp, #40]	@ 0x28
10002be8:	4c95      	ldr	r4, [pc, #596]	@ (10002e40 <_vsnprintf+0x264>)
10002bea:	f1b1 0a00 	subs.w	sl, r1, #0
10002bee:	bf18      	it	ne
10002bf0:	4683      	movne	fp, r0
10002bf2:	6025      	str	r5, [r4, #0]
10002bf4:	7818      	ldrb	r0, [r3, #0]
10002bf6:	4c93      	ldr	r4, [pc, #588]	@ (10002e44 <_vsnprintf+0x268>)
10002bf8:	4691      	mov	r9, r2
10002bfa:	bf08      	it	eq
10002bfc:	46a3      	moveq	fp, r4
10002bfe:	9309      	str	r3, [sp, #36]	@ 0x24
10002c00:	2800      	cmp	r0, #0
10002c02:	f000 8293 	beq.w	1000312c <_vsnprintf+0x550>
10002c06:	f04f 0800 	mov.w	r8, #0
10002c0a:	e00a      	b.n	10002c22 <_vsnprintf+0x46>
10002c0c:	4642      	mov	r2, r8
10002c0e:	464b      	mov	r3, r9
10002c10:	4651      	mov	r1, sl
10002c12:	f108 0801 	add.w	r8, r8, #1
10002c16:	47d8      	blx	fp
10002c18:	9b09      	ldr	r3, [sp, #36]	@ 0x24
10002c1a:	7818      	ldrb	r0, [r3, #0]
10002c1c:	2800      	cmp	r0, #0
10002c1e:	f000 80ce 	beq.w	10002dbe <_vsnprintf+0x1e2>
10002c22:	9b09      	ldr	r3, [sp, #36]	@ 0x24
10002c24:	2825      	cmp	r0, #37	@ 0x25
10002c26:	f103 0301 	add.w	r3, r3, #1
10002c2a:	9309      	str	r3, [sp, #36]	@ 0x24
10002c2c:	d1ee      	bne.n	10002c0c <_vsnprintf+0x30>
10002c2e:	461c      	mov	r4, r3
10002c30:	2300      	movs	r3, #0
10002c32:	4622      	mov	r2, r4
10002c34:	f812 0b01 	ldrb.w	r0, [r2], #1
10002c38:	f1a0 0120 	sub.w	r1, r0, #32
10002c3c:	2910      	cmp	r1, #16
10002c3e:	d80a      	bhi.n	10002c56 <_vsnprintf+0x7a>
10002c40:	e8df f001 	tbb	[pc, r1]
10002c44:	3c090940 	.word	0x3c090940
10002c48:	09090909 	.word	0x09090909
10002c4c:	38090909 	.word	0x38090909
10002c50:	09093409 	.word	0x09093409
10002c54:	30          	.byte	0x30
10002c55:	00          	.byte	0x00
10002c56:	f1a0 0130 	sub.w	r1, r0, #48	@ 0x30
10002c5a:	2909      	cmp	r1, #9
10002c5c:	9409      	str	r4, [sp, #36]	@ 0x24
10002c5e:	f240 808a 	bls.w	10002d76 <_vsnprintf+0x19a>
10002c62:	282a      	cmp	r0, #42	@ 0x2a
10002c64:	f000 80f0 	beq.w	10002e48 <_vsnprintf+0x26c>
10002c68:	2500      	movs	r5, #0
10002c6a:	282e      	cmp	r0, #46	@ 0x2e
10002c6c:	f000 8096 	beq.w	10002d9c <_vsnprintf+0x1c0>
10002c70:	2600      	movs	r6, #0
10002c72:	f1a0 0168 	sub.w	r1, r0, #104	@ 0x68
10002c76:	2912      	cmp	r1, #18
10002c78:	d82d      	bhi.n	10002cd6 <_vsnprintf+0xfa>
10002c7a:	e8df f011 	tbh	[pc, r1, lsl #1]
10002c7e:	0149      	.short	0x0149
10002c80:	0143002c 	.word	0x0143002c
10002c84:	0138002c 	.word	0x0138002c
10002c88:	002c002c 	.word	0x002c002c
10002c8c:	002c002c 	.word	0x002c002c
10002c90:	002c002c 	.word	0x002c002c
10002c94:	0027002c 	.word	0x0027002c
10002c98:	002c002c 	.word	0x002c002c
10002c9c:	002c002c 	.word	0x002c002c
10002ca0:	0027002c 	.word	0x0027002c
10002ca4:	4614      	mov	r4, r2
10002ca6:	f043 0301 	orr.w	r3, r3, #1
10002caa:	e7c2      	b.n	10002c32 <_vsnprintf+0x56>
10002cac:	4614      	mov	r4, r2
10002cae:	f043 0302 	orr.w	r3, r3, #2
10002cb2:	e7be      	b.n	10002c32 <_vsnprintf+0x56>
10002cb4:	4614      	mov	r4, r2
10002cb6:	f043 0304 	orr.w	r3, r3, #4
10002cba:	e7ba      	b.n	10002c32 <_vsnprintf+0x56>
10002cbc:	4614      	mov	r4, r2
10002cbe:	f043 0310 	orr.w	r3, r3, #16
10002cc2:	e7b6      	b.n	10002c32 <_vsnprintf+0x56>
10002cc4:	4614      	mov	r4, r2
10002cc6:	f043 0308 	orr.w	r3, r3, #8
10002cca:	e7b2      	b.n	10002c32 <_vsnprintf+0x56>
10002ccc:	9909      	ldr	r1, [sp, #36]	@ 0x24
10002cce:	7848      	ldrb	r0, [r1, #1]
10002cd0:	f443 7380 	orr.w	r3, r3, #256	@ 0x100
10002cd4:	3201      	adds	r2, #1
10002cd6:	2867      	cmp	r0, #103	@ 0x67
10002cd8:	9209      	str	r2, [sp, #36]	@ 0x24
10002cda:	d87e      	bhi.n	10002dda <_vsnprintf+0x1fe>
10002cdc:	2824      	cmp	r0, #36	@ 0x24
10002cde:	f240 80c1 	bls.w	10002e64 <_vsnprintf+0x288>
10002ce2:	f1a0 0225 	sub.w	r2, r0, #37	@ 0x25
10002ce6:	2a42      	cmp	r2, #66	@ 0x42
10002ce8:	f200 80bc 	bhi.w	10002e64 <_vsnprintf+0x288>
10002cec:	e8df f012 	tbh	[pc, r2, lsl #1]
10002cf0:	00ba0150 	.word	0x00ba0150
10002cf4:	00ba00ba 	.word	0x00ba00ba
10002cf8:	00ba00ba 	.word	0x00ba00ba
10002cfc:	00ba00ba 	.word	0x00ba00ba
10002d00:	00ba00ba 	.word	0x00ba00ba
10002d04:	00ba00ba 	.word	0x00ba00ba
10002d08:	00ba00ba 	.word	0x00ba00ba
10002d0c:	00ba00ba 	.word	0x00ba00ba
10002d10:	00ba00ba 	.word	0x00ba00ba
10002d14:	00ba00ba 	.word	0x00ba00ba
10002d18:	00ba00ba 	.word	0x00ba00ba
10002d1c:	00ba00ba 	.word	0x00ba00ba
10002d20:	00ba00ba 	.word	0x00ba00ba
10002d24:	00ba00ba 	.word	0x00ba00ba
10002d28:	00ba00ba 	.word	0x00ba00ba
10002d2c:	00ba00ba 	.word	0x00ba00ba
10002d30:	01370119 	.word	0x01370119
10002d34:	00ba0119 	.word	0x00ba0119
10002d38:	00ba00ba 	.word	0x00ba00ba
10002d3c:	00ba00ba 	.word	0x00ba00ba
10002d40:	00ba00ba 	.word	0x00ba00ba
10002d44:	00ba00ba 	.word	0x00ba00ba
10002d48:	00ba00ba 	.word	0x00ba00ba
10002d4c:	00ba00ba 	.word	0x00ba00ba
10002d50:	00ba00ba 	.word	0x00ba00ba
10002d54:	01bc00ba 	.word	0x01bc00ba
10002d58:	00ba00ba 	.word	0x00ba00ba
10002d5c:	00ba00ba 	.word	0x00ba00ba
10002d60:	00ba00ba 	.word	0x00ba00ba
10002d64:	00ba00ba 	.word	0x00ba00ba
10002d68:	01bc00ba 	.word	0x01bc00ba
10002d6c:	01bc0158 	.word	0x01bc0158
10002d70:	01370119 	.word	0x01370119
10002d74:	0119      	.short	0x0119
10002d76:	2500      	movs	r5, #0
10002d78:	e000      	b.n	10002d7c <_vsnprintf+0x1a0>
10002d7a:	3201      	adds	r2, #1
10002d7c:	eb05 0585 	add.w	r5, r5, r5, lsl #2
10002d80:	eb00 0545 	add.w	r5, r0, r5, lsl #1
10002d84:	7810      	ldrb	r0, [r2, #0]
10002d86:	3d30      	subs	r5, #48	@ 0x30
10002d88:	f1a0 0130 	sub.w	r1, r0, #48	@ 0x30
10002d8c:	2909      	cmp	r1, #9
10002d8e:	d9f4      	bls.n	10002d7a <_vsnprintf+0x19e>
10002d90:	282e      	cmp	r0, #46	@ 0x2e
10002d92:	9209      	str	r2, [sp, #36]	@ 0x24
10002d94:	f102 0201 	add.w	r2, r2, #1
10002d98:	f47f af6a 	bne.w	10002c70 <_vsnprintf+0x94>
10002d9c:	9909      	ldr	r1, [sp, #36]	@ 0x24
10002d9e:	f443 6380 	orr.w	r3, r3, #1024	@ 0x400
10002da2:	7848      	ldrb	r0, [r1, #1]
10002da4:	4611      	mov	r1, r2
10002da6:	f1a0 0630 	sub.w	r6, r0, #48	@ 0x30
10002daa:	2e09      	cmp	r6, #9
10002dac:	f240 8121 	bls.w	10002ff2 <_vsnprintf+0x416>
10002db0:	282a      	cmp	r0, #42	@ 0x2a
10002db2:	f000 812f 	beq.w	10003014 <_vsnprintf+0x438>
10002db6:	9209      	str	r2, [sp, #36]	@ 0x24
10002db8:	2600      	movs	r6, #0
10002dba:	3201      	adds	r2, #1
10002dbc:	e759      	b.n	10002c72 <_vsnprintf+0x96>
10002dbe:	4644      	mov	r4, r8
10002dc0:	45c1      	cmp	r9, r8
10002dc2:	d801      	bhi.n	10002dc8 <_vsnprintf+0x1ec>
10002dc4:	f109 38ff 	add.w	r8, r9, #4294967295	@ 0xffffffff
10002dc8:	464b      	mov	r3, r9
10002dca:	4642      	mov	r2, r8
10002dcc:	4651      	mov	r1, sl
10002dce:	2000      	movs	r0, #0
10002dd0:	47d8      	blx	fp
10002dd2:	4620      	mov	r0, r4
10002dd4:	b01b      	add	sp, #108	@ 0x6c
10002dd6:	e8bd 8ff0 	ldmia.w	sp!, {r4, r5, r6, r7, r8, r9, sl, fp, pc}
10002dda:	f1a0 0269 	sub.w	r2, r0, #105	@ 0x69
10002dde:	b2d2      	uxtb	r2, r2
10002de0:	2a0f      	cmp	r2, #15
10002de2:	d83f      	bhi.n	10002e64 <_vsnprintf+0x288>
10002de4:	2101      	movs	r1, #1
10002de6:	f249 0741 	movw	r7, #36929	@ 0x9041
10002dea:	4091      	lsls	r1, r2
10002dec:	4039      	ands	r1, r7
10002dee:	f040 80f3 	bne.w	10002fd8 <_vsnprintf+0x3fc>
10002df2:	2a0a      	cmp	r2, #10
10002df4:	d03d      	beq.n	10002e72 <_vsnprintf+0x296>
10002df6:	2a07      	cmp	r2, #7
10002df8:	d134      	bne.n	10002e64 <_vsnprintf+0x288>
10002dfa:	9d0a      	ldr	r5, [sp, #40]	@ 0x28
10002dfc:	f855 2b04 	ldr.w	r2, [r5], #4
10002e00:	2a00      	cmp	r2, #0
10002e02:	f000 8113 	beq.w	1000302c <_vsnprintf+0x450>
10002e06:	f043 0021 	orr.w	r0, r3, #33	@ 0x21
10002e0a:	ab12      	add	r3, sp, #72	@ 0x48
10002e0c:	461f      	mov	r7, r3
10002e0e:	930b      	str	r3, [sp, #44]	@ 0x2c
10002e10:	e003      	b.n	10002e1a <_vsnprintf+0x23e>
10002e12:	2920      	cmp	r1, #32
10002e14:	f000 8114 	beq.w	10003040 <_vsnprintf+0x464>
10002e18:	461a      	mov	r2, r3
10002e1a:	f002 040f 	and.w	r4, r2, #15
10002e1e:	4623      	mov	r3, r4
10002e20:	2c09      	cmp	r4, #9
10002e22:	bf94      	ite	ls
10002e24:	3330      	addls	r3, #48	@ 0x30
10002e26:	3337      	addhi	r3, #55	@ 0x37
10002e28:	2a0f      	cmp	r2, #15
10002e2a:	f807 3b01 	strb.w	r3, [r7], #1
10002e2e:	f101 0101 	add.w	r1, r1, #1
10002e32:	ea4f 1312 	mov.w	r3, r2, lsr #4
10002e36:	d8ec      	bhi.n	10002e12 <_vsnprintf+0x236>
10002e38:	e102      	b.n	10003040 <_vsnprintf+0x464>
10002e3a:	bf00      	nop
10002e3c:	10002bdd 	.word	0x10002bdd
10002e40:	20002154 	.word	0x20002154
10002e44:	10001f21 	.word	0x10001f21
10002e48:	990a      	ldr	r1, [sp, #40]	@ 0x28
10002e4a:	9809      	ldr	r0, [sp, #36]	@ 0x24
10002e4c:	f851 5b04 	ldr.w	r5, [r1], #4
10002e50:	7840      	ldrb	r0, [r0, #1]
10002e52:	2d00      	cmp	r5, #0
10002e54:	e9cd 2109 	strd	r2, r1, [sp, #36]	@ 0x24
10002e58:	bfbc      	itt	lt
10002e5a:	f043 0302 	orrlt.w	r3, r3, #2
10002e5e:	426d      	neglt	r5, r5
10002e60:	3201      	adds	r2, #1
10002e62:	e702      	b.n	10002c6a <_vsnprintf+0x8e>
10002e64:	4642      	mov	r2, r8
10002e66:	464b      	mov	r3, r9
10002e68:	4651      	mov	r1, sl
10002e6a:	f108 0801 	add.w	r8, r8, #1
10002e6e:	47d8      	blx	fp
10002e70:	e6d2      	b.n	10002c18 <_vsnprintf+0x3c>
10002e72:	990a      	ldr	r1, [sp, #40]	@ 0x28
10002e74:	2e00      	cmp	r6, #0
10002e76:	f851 7b04 	ldr.w	r7, [r1], #4
10002e7a:	bf18      	it	ne
10002e7c:	4632      	movne	r2, r6
10002e7e:	7838      	ldrb	r0, [r7, #0]
10002e80:	bf08      	it	eq
10002e82:	f04f 32ff 	moveq.w	r2, #4294967295	@ 0xffffffff
10002e86:	2800      	cmp	r0, #0
10002e88:	f000 837b 	beq.w	10003582 <_vsnprintf+0x9a6>
10002e8c:	18bc      	adds	r4, r7, r2
10002e8e:	46a4      	mov	ip, r4
10002e90:	463a      	mov	r2, r7
10002e92:	e004      	b.n	10002e9e <_vsnprintf+0x2c2>
10002e94:	f812 4f01 	ldrb.w	r4, [r2, #1]!
10002e98:	2c00      	cmp	r4, #0
10002e9a:	f000 813f 	beq.w	1000311c <_vsnprintf+0x540>
10002e9e:	4594      	cmp	ip, r2
10002ea0:	d1f8      	bne.n	10002e94 <_vsnprintf+0x2b8>
10002ea2:	4664      	mov	r4, ip
10002ea4:	1be4      	subs	r4, r4, r7
10002ea6:	055a      	lsls	r2, r3, #21
10002ea8:	f140 8122 	bpl.w	100030f0 <_vsnprintf+0x514>
10002eac:	42b4      	cmp	r4, r6
10002eae:	bf28      	it	cs
10002eb0:	4634      	movcs	r4, r6
10002eb2:	f013 0302 	ands.w	r3, r3, #2
10002eb6:	f000 8288 	beq.w	100033ca <_vsnprintf+0x7ee>
10002eba:	2302      	movs	r3, #2
10002ebc:	e9cd 510a 	strd	r5, r1, [sp, #40]	@ 0x28
10002ec0:	4642      	mov	r2, r8
10002ec2:	461d      	mov	r5, r3
10002ec4:	4446      	add	r6, r8
10002ec6:	e008      	b.n	10002eda <_vsnprintf+0x2fe>
10002ec8:	464b      	mov	r3, r9
10002eca:	4651      	mov	r1, sl
10002ecc:	47d8      	blx	fp
10002ece:	f817 0f01 	ldrb.w	r0, [r7, #1]!
10002ed2:	f108 0801 	add.w	r8, r8, #1
10002ed6:	b110      	cbz	r0, 10002ede <_vsnprintf+0x302>
10002ed8:	4642      	mov	r2, r8
10002eda:	4546      	cmp	r6, r8
10002edc:	d1f4      	bne.n	10002ec8 <_vsnprintf+0x2ec>
10002ede:	462b      	mov	r3, r5
10002ee0:	990b      	ldr	r1, [sp, #44]	@ 0x2c
10002ee2:	9d0a      	ldr	r5, [sp, #40]	@ 0x28
10002ee4:	2b00      	cmp	r3, #0
10002ee6:	f040 8141 	bne.w	1000316c <_vsnprintf+0x590>
10002eea:	910a      	str	r1, [sp, #40]	@ 0x28
10002eec:	e694      	b.n	10002c18 <_vsnprintf+0x3c>
10002eee:	9909      	ldr	r1, [sp, #36]	@ 0x24
10002ef0:	7848      	ldrb	r0, [r1, #1]
10002ef2:	286c      	cmp	r0, #108	@ 0x6c
10002ef4:	f47f aeec 	bne.w	10002cd0 <_vsnprintf+0xf4>
10002ef8:	460a      	mov	r2, r1
10002efa:	7888      	ldrb	r0, [r1, #2]
10002efc:	f443 7340 	orr.w	r3, r3, #768	@ 0x300
10002f00:	3203      	adds	r2, #3
10002f02:	e6e8      	b.n	10002cd6 <_vsnprintf+0xfa>
10002f04:	9909      	ldr	r1, [sp, #36]	@ 0x24
10002f06:	f443 7300 	orr.w	r3, r3, #512	@ 0x200
10002f0a:	7848      	ldrb	r0, [r1, #1]
10002f0c:	3201      	adds	r2, #1
10002f0e:	e6e2      	b.n	10002cd6 <_vsnprintf+0xfa>
10002f10:	9909      	ldr	r1, [sp, #36]	@ 0x24
10002f12:	7848      	ldrb	r0, [r1, #1]
10002f14:	2868      	cmp	r0, #104	@ 0x68
10002f16:	f000 8103 	beq.w	10003120 <_vsnprintf+0x544>
10002f1a:	f043 0380 	orr.w	r3, r3, #128	@ 0x80
10002f1e:	3201      	adds	r2, #1
10002f20:	e6d9      	b.n	10002cd6 <_vsnprintf+0xfa>
10002f22:	2867      	cmp	r0, #103	@ 0x67
10002f24:	f000 80d9 	beq.w	100030da <_vsnprintf+0x4fe>
10002f28:	2847      	cmp	r0, #71	@ 0x47
10002f2a:	f000 80dc 	beq.w	100030e6 <_vsnprintf+0x50a>
10002f2e:	2845      	cmp	r0, #69	@ 0x45
10002f30:	f000 80db 	beq.w	100030ea <_vsnprintf+0x50e>
10002f34:	e9cd 5303 	strd	r5, r3, [sp, #12]
10002f38:	9b0a      	ldr	r3, [sp, #40]	@ 0x28
10002f3a:	9602      	str	r6, [sp, #8]
10002f3c:	3307      	adds	r3, #7
10002f3e:	f023 0307 	bic.w	r3, r3, #7
10002f42:	461c      	mov	r4, r3
10002f44:	4642      	mov	r2, r8
10002f46:	e8f4 6702 	ldrd	r6, r7, [r4], #8
10002f4a:	464b      	mov	r3, r9
10002f4c:	4651      	mov	r1, sl
10002f4e:	4658      	mov	r0, fp
10002f50:	e9cd 6700 	strd	r6, r7, [sp]
10002f54:	940a      	str	r4, [sp, #40]	@ 0x28
10002f56:	f7ff fb87 	bl	10002668 <_etoa>
10002f5a:	4680      	mov	r8, r0
10002f5c:	e65c      	b.n	10002c18 <_vsnprintf+0x3c>
10002f5e:	2846      	cmp	r0, #70	@ 0x46
10002f60:	bf08      	it	eq
10002f62:	f043 0320 	orreq.w	r3, r3, #32
10002f66:	e9cd 5303 	strd	r5, r3, [sp, #12]
10002f6a:	9b0a      	ldr	r3, [sp, #40]	@ 0x28
10002f6c:	9602      	str	r6, [sp, #8]
10002f6e:	3307      	adds	r3, #7
10002f70:	f023 0307 	bic.w	r3, r3, #7
10002f74:	461c      	mov	r4, r3
10002f76:	4642      	mov	r2, r8
10002f78:	e8f4 6702 	ldrd	r6, r7, [r4], #8
10002f7c:	464b      	mov	r3, r9
10002f7e:	4651      	mov	r1, sl
10002f80:	4658      	mov	r0, fp
10002f82:	e9cd 6700 	strd	r6, r7, [sp]
10002f86:	940a      	str	r4, [sp, #40]	@ 0x28
10002f88:	f7ff f90e 	bl	100021a8 <_ftoa>
10002f8c:	4680      	mov	r8, r0
10002f8e:	e643      	b.n	10002c18 <_vsnprintf+0x3c>
10002f90:	4642      	mov	r2, r8
10002f92:	464b      	mov	r3, r9
10002f94:	4651      	mov	r1, sl
10002f96:	2025      	movs	r0, #37	@ 0x25
10002f98:	f108 0801 	add.w	r8, r8, #1
10002f9c:	47d8      	blx	fp
10002f9e:	e63b      	b.n	10002c18 <_vsnprintf+0x3c>
10002fa0:	9a0a      	ldr	r2, [sp, #40]	@ 0x28
10002fa2:	0799      	lsls	r1, r3, #30
10002fa4:	f102 0404 	add.w	r4, r2, #4
10002fa8:	f108 0601 	add.w	r6, r8, #1
10002fac:	f140 80c6 	bpl.w	1000313c <_vsnprintf+0x560>
10002fb0:	7810      	ldrb	r0, [r2, #0]
10002fb2:	464b      	mov	r3, r9
10002fb4:	4642      	mov	r2, r8
10002fb6:	4651      	mov	r1, sl
10002fb8:	47d8      	blx	fp
10002fba:	2d01      	cmp	r5, #1
10002fbc:	bf88      	it	hi
10002fbe:	44a8      	addhi	r8, r5
10002fc0:	f240 81bd 	bls.w	1000333e <_vsnprintf+0x762>
10002fc4:	4632      	mov	r2, r6
10002fc6:	464b      	mov	r3, r9
10002fc8:	4651      	mov	r1, sl
10002fca:	2020      	movs	r0, #32
10002fcc:	3601      	adds	r6, #1
10002fce:	47d8      	blx	fp
10002fd0:	4546      	cmp	r6, r8
10002fd2:	d1f7      	bne.n	10002fc4 <_vsnprintf+0x3e8>
10002fd4:	940a      	str	r4, [sp, #40]	@ 0x28
10002fd6:	e61f      	b.n	10002c18 <_vsnprintf+0x3c>
10002fd8:	286f      	cmp	r0, #111	@ 0x6f
10002fda:	f000 8081 	beq.w	100030e0 <_vsnprintf+0x504>
10002fde:	f240 8248 	bls.w	10003472 <_vsnprintf+0x896>
10002fe2:	2878      	cmp	r0, #120	@ 0x78
10002fe4:	f000 8190 	beq.w	10003308 <_vsnprintf+0x72c>
10002fe8:	270a      	movs	r7, #10
10002fea:	f023 0310 	bic.w	r3, r3, #16
10002fee:	46bc      	mov	ip, r7
10002ff0:	e041      	b.n	10003076 <_vsnprintf+0x49a>
10002ff2:	2600      	movs	r6, #0
10002ff4:	eb06 0686 	add.w	r6, r6, r6, lsl #2
10002ff8:	eb00 0046 	add.w	r0, r0, r6, lsl #1
10002ffc:	f1a0 0630 	sub.w	r6, r0, #48	@ 0x30
10003000:	f811 0f01 	ldrb.w	r0, [r1, #1]!
10003004:	f1a0 0230 	sub.w	r2, r0, #48	@ 0x30
10003008:	2a09      	cmp	r2, #9
1000300a:	d9f3      	bls.n	10002ff4 <_vsnprintf+0x418>
1000300c:	460a      	mov	r2, r1
1000300e:	9109      	str	r1, [sp, #36]	@ 0x24
10003010:	3201      	adds	r2, #1
10003012:	e62e      	b.n	10002c72 <_vsnprintf+0x96>
10003014:	e9dd 2109 	ldrd	r2, r1, [sp, #36]	@ 0x24
10003018:	f851 6b04 	ldr.w	r6, [r1], #4
1000301c:	7890      	ldrb	r0, [r2, #2]
1000301e:	3202      	adds	r2, #2
10003020:	9209      	str	r2, [sp, #36]	@ 0x24
10003022:	910a      	str	r1, [sp, #40]	@ 0x28
10003024:	3201      	adds	r2, #1
10003026:	ea26 76e6 	bic.w	r6, r6, r6, asr #31
1000302a:	e622      	b.n	10002c72 <_vsnprintf+0x96>
1000302c:	f023 0010 	bic.w	r0, r3, #16
10003030:	f413 6280 	ands.w	r2, r3, #1024	@ 0x400
10003034:	f040 0021 	orr.w	r0, r0, #33	@ 0x21
10003038:	f43f aee7 	beq.w	10002e0a <_vsnprintf+0x22e>
1000303c:	ab12      	add	r3, sp, #72	@ 0x48
1000303e:	930b      	str	r3, [sp, #44]	@ 0x2c
10003040:	9b0b      	ldr	r3, [sp, #44]	@ 0x2c
10003042:	9006      	str	r0, [sp, #24]
10003044:	9300      	str	r3, [sp, #0]
10003046:	2308      	movs	r3, #8
10003048:	2010      	movs	r0, #16
1000304a:	9305      	str	r3, [sp, #20]
1000304c:	2300      	movs	r3, #0
1000304e:	4642      	mov	r2, r8
10003050:	e9cd 3002 	strd	r3, r0, [sp, #8]
10003054:	9101      	str	r1, [sp, #4]
10003056:	464b      	mov	r3, r9
10003058:	4651      	mov	r1, sl
1000305a:	4658      	mov	r0, fp
1000305c:	9604      	str	r6, [sp, #16]
1000305e:	f7fe ffaf 	bl	10001fc0 <_ntoa_format>
10003062:	950a      	str	r5, [sp, #40]	@ 0x28
10003064:	4680      	mov	r8, r0
10003066:	e5d7      	b.n	10002c18 <_vsnprintf+0x3c>
10003068:	2858      	cmp	r0, #88	@ 0x58
1000306a:	d062      	beq.n	10003132 <_vsnprintf+0x556>
1000306c:	2862      	cmp	r0, #98	@ 0x62
1000306e:	f040 808f 	bne.w	10003190 <_vsnprintf+0x5b4>
10003072:	2702      	movs	r7, #2
10003074:	46bc      	mov	ip, r7
10003076:	f413 6080 	ands.w	r0, r3, #1024	@ 0x400
1000307a:	f000 80dd 	beq.w	10003238 <_vsnprintf+0x65c>
1000307e:	f023 030d 	bic.w	r3, r3, #13
10003082:	f413 7200 	ands.w	r2, r3, #512	@ 0x200
10003086:	f040 8181 	bne.w	1000338c <_vsnprintf+0x7b0>
1000308a:	990a      	ldr	r1, [sp, #40]	@ 0x28
1000308c:	1d0f      	adds	r7, r1, #4
1000308e:	f413 7180 	ands.w	r1, r3, #256	@ 0x100
10003092:	f040 8237 	bne.w	10003504 <_vsnprintf+0x928>
10003096:	065c      	lsls	r4, r3, #25
10003098:	9a0a      	ldr	r2, [sp, #40]	@ 0x28
1000309a:	f140 813b 	bpl.w	10003314 <_vsnprintf+0x738>
1000309e:	7812      	ldrb	r2, [r2, #0]
100030a0:	2a00      	cmp	r2, #0
100030a2:	f040 814e 	bne.w	10003342 <_vsnprintf+0x766>
100030a6:	f023 0310 	bic.w	r3, r3, #16
100030aa:	2800      	cmp	r0, #0
100030ac:	f000 8149 	beq.w	10003342 <_vsnprintf+0x766>
100030b0:	4611      	mov	r1, r2
100030b2:	aa12      	add	r2, sp, #72	@ 0x48
100030b4:	920b      	str	r2, [sp, #44]	@ 0x2c
100030b6:	e9cd 5305 	strd	r5, r3, [sp, #20]
100030ba:	e9cd c603 	strd	ip, r6, [sp, #12]
100030be:	9101      	str	r1, [sp, #4]
100030c0:	9b0b      	ldr	r3, [sp, #44]	@ 0x2c
100030c2:	4642      	mov	r2, r8
100030c4:	9300      	str	r3, [sp, #0]
100030c6:	2300      	movs	r3, #0
100030c8:	4651      	mov	r1, sl
100030ca:	9302      	str	r3, [sp, #8]
100030cc:	4658      	mov	r0, fp
100030ce:	464b      	mov	r3, r9
100030d0:	f7fe ff76 	bl	10001fc0 <_ntoa_format>
100030d4:	970a      	str	r7, [sp, #40]	@ 0x28
100030d6:	4680      	mov	r8, r0
100030d8:	e59e      	b.n	10002c18 <_vsnprintf+0x3c>
100030da:	f443 6300 	orr.w	r3, r3, #2048	@ 0x800
100030de:	e729      	b.n	10002f34 <_vsnprintf+0x358>
100030e0:	2708      	movs	r7, #8
100030e2:	46bc      	mov	ip, r7
100030e4:	e7c7      	b.n	10003076 <_vsnprintf+0x49a>
100030e6:	f443 6300 	orr.w	r3, r3, #2048	@ 0x800
100030ea:	f043 0320 	orr.w	r3, r3, #32
100030ee:	e721      	b.n	10002f34 <_vsnprintf+0x358>
100030f0:	f013 0302 	ands.w	r3, r3, #2
100030f4:	f000 818e 	beq.w	10003414 <_vsnprintf+0x838>
100030f8:	2302      	movs	r3, #2
100030fa:	950a      	str	r5, [sp, #40]	@ 0x28
100030fc:	461e      	mov	r6, r3
100030fe:	460d      	mov	r5, r1
10003100:	4642      	mov	r2, r8
10003102:	464b      	mov	r3, r9
10003104:	4651      	mov	r1, sl
10003106:	47d8      	blx	fp
10003108:	f817 0f01 	ldrb.w	r0, [r7, #1]!
1000310c:	f108 0801 	add.w	r8, r8, #1
10003110:	2800      	cmp	r0, #0
10003112:	d1f5      	bne.n	10003100 <_vsnprintf+0x524>
10003114:	4629      	mov	r1, r5
10003116:	4633      	mov	r3, r6
10003118:	9d0a      	ldr	r5, [sp, #40]	@ 0x28
1000311a:	e6e3      	b.n	10002ee4 <_vsnprintf+0x308>
1000311c:	1bd4      	subs	r4, r2, r7
1000311e:	e6c2      	b.n	10002ea6 <_vsnprintf+0x2ca>
10003120:	460a      	mov	r2, r1
10003122:	7888      	ldrb	r0, [r1, #2]
10003124:	f043 03c0 	orr.w	r3, r3, #192	@ 0xc0
10003128:	3203      	adds	r2, #3
1000312a:	e5d4      	b.n	10002cd6 <_vsnprintf+0xfa>
1000312c:	4604      	mov	r4, r0
1000312e:	4680      	mov	r8, r0
10003130:	e646      	b.n	10002dc0 <_vsnprintf+0x1e4>
10003132:	2710      	movs	r7, #16
10003134:	f043 0320 	orr.w	r3, r3, #32
10003138:	46bc      	mov	ip, r7
1000313a:	e79c      	b.n	10003076 <_vsnprintf+0x49a>
1000313c:	2d01      	cmp	r5, #1
1000313e:	f240 80f8 	bls.w	10003332 <_vsnprintf+0x756>
10003142:	4646      	mov	r6, r8
10003144:	f108 37ff 	add.w	r7, r8, #4294967295	@ 0xffffffff
10003148:	442f      	add	r7, r5
1000314a:	4632      	mov	r2, r6
1000314c:	464b      	mov	r3, r9
1000314e:	4651      	mov	r1, sl
10003150:	2020      	movs	r0, #32
10003152:	3601      	adds	r6, #1
10003154:	47d8      	blx	fp
10003156:	42be      	cmp	r6, r7
10003158:	d1f7      	bne.n	1000314a <_vsnprintf+0x56e>
1000315a:	9b0a      	ldr	r3, [sp, #40]	@ 0x28
1000315c:	4632      	mov	r2, r6
1000315e:	7818      	ldrb	r0, [r3, #0]
10003160:	4651      	mov	r1, sl
10003162:	464b      	mov	r3, r9
10003164:	47d8      	blx	fp
10003166:	44a8      	add	r8, r5
10003168:	940a      	str	r4, [sp, #40]	@ 0x28
1000316a:	e555      	b.n	10002c18 <_vsnprintf+0x3c>
1000316c:	4646      	mov	r6, r8
1000316e:	42a5      	cmp	r5, r4
10003170:	f67f aebb 	bls.w	10002eea <_vsnprintf+0x30e>
10003174:	44a8      	add	r8, r5
10003176:	eba8 0804 	sub.w	r8, r8, r4
1000317a:	460c      	mov	r4, r1
1000317c:	4632      	mov	r2, r6
1000317e:	464b      	mov	r3, r9
10003180:	4651      	mov	r1, sl
10003182:	2020      	movs	r0, #32
10003184:	3601      	adds	r6, #1
10003186:	47d8      	blx	fp
10003188:	4546      	cmp	r6, r8
1000318a:	d1f7      	bne.n	1000317c <_vsnprintf+0x5a0>
1000318c:	4621      	mov	r1, r4
1000318e:	e6ac      	b.n	10002eea <_vsnprintf+0x30e>
10003190:	f413 6280 	ands.w	r2, r3, #1024	@ 0x400
10003194:	f000 80bb 	beq.w	1000330e <_vsnprintf+0x732>
10003198:	f44f 6280 	mov.w	r2, #1024	@ 0x400
1000319c:	f023 0c11 	bic.w	ip, r3, #17
100031a0:	f41c 7700 	ands.w	r7, ip, #512	@ 0x200
100031a4:	9b0a      	ldr	r3, [sp, #40]	@ 0x28
100031a6:	d14a      	bne.n	1000323e <_vsnprintf+0x662>
100031a8:	f41c 7080 	ands.w	r0, ip, #256	@ 0x100
100031ac:	f103 0404 	add.w	r4, r3, #4
100031b0:	f040 8134 	bne.w	1000341c <_vsnprintf+0x840>
100031b4:	f01c 0f40 	tst.w	ip, #64	@ 0x40
100031b8:	f040 80a3 	bne.w	10003302 <_vsnprintf+0x726>
100031bc:	f01c 0f80 	tst.w	ip, #128	@ 0x80
100031c0:	f000 81d3 	beq.w	1000356a <_vsnprintf+0x98e>
100031c4:	f9b3 1000 	ldrsh.w	r1, [r3]
100031c8:	ea81 77e1 	eor.w	r7, r1, r1, asr #31
100031cc:	eba7 77e1 	sub.w	r7, r7, r1, asr #31
100031d0:	b2bf      	uxth	r7, r7
100031d2:	0fcb      	lsrs	r3, r1, #31
100031d4:	2900      	cmp	r1, #0
100031d6:	f000 8156 	beq.w	10003486 <_vsnprintf+0x8aa>
100031da:	463a      	mov	r2, r7
100031dc:	a912      	add	r1, sp, #72	@ 0x48
100031de:	460f      	mov	r7, r1
100031e0:	f8df e3d8 	ldr.w	lr, [pc, #984]	@ 100035bc <_vsnprintf+0x9e0>
100031e4:	910b      	str	r1, [sp, #44]	@ 0x2c
100031e6:	930a      	str	r3, [sp, #40]	@ 0x28
100031e8:	950c      	str	r5, [sp, #48]	@ 0x30
100031ea:	e001      	b.n	100031f0 <_vsnprintf+0x614>
100031ec:	2820      	cmp	r0, #32
100031ee:	d00f      	beq.n	10003210 <_vsnprintf+0x634>
100031f0:	4615      	mov	r5, r2
100031f2:	fbae 1302 	umull	r1, r3, lr, r2
100031f6:	08db      	lsrs	r3, r3, #3
100031f8:	eb03 0183 	add.w	r1, r3, r3, lsl #2
100031fc:	eba2 0141 	sub.w	r1, r2, r1, lsl #1
10003200:	3130      	adds	r1, #48	@ 0x30
10003202:	2d09      	cmp	r5, #9
10003204:	461a      	mov	r2, r3
10003206:	f100 0001 	add.w	r0, r0, #1
1000320a:	f807 1b01 	strb.w	r1, [r7], #1
1000320e:	d8ed      	bhi.n	100031ec <_vsnprintf+0x610>
10003210:	9b0a      	ldr	r3, [sp, #40]	@ 0x28
10003212:	9d0c      	ldr	r5, [sp, #48]	@ 0x30
10003214:	e9cd 5c05 	strd	r5, ip, [sp, #20]
10003218:	e9cd 0301 	strd	r0, r3, [sp, #4]
1000321c:	9604      	str	r6, [sp, #16]
1000321e:	9b0b      	ldr	r3, [sp, #44]	@ 0x2c
10003220:	4642      	mov	r2, r8
10003222:	9300      	str	r3, [sp, #0]
10003224:	230a      	movs	r3, #10
10003226:	4651      	mov	r1, sl
10003228:	9303      	str	r3, [sp, #12]
1000322a:	4658      	mov	r0, fp
1000322c:	464b      	mov	r3, r9
1000322e:	f7fe fec7 	bl	10001fc0 <_ntoa_format>
10003232:	940a      	str	r4, [sp, #40]	@ 0x28
10003234:	4680      	mov	r8, r0
10003236:	e4ef      	b.n	10002c18 <_vsnprintf+0x3c>
10003238:	f023 030c 	bic.w	r3, r3, #12
1000323c:	e721      	b.n	10003082 <_vsnprintf+0x4a6>
1000323e:	3307      	adds	r3, #7
10003240:	f023 0307 	bic.w	r3, r3, #7
10003244:	4619      	mov	r1, r3
10003246:	4608      	mov	r0, r1
10003248:	685b      	ldr	r3, [r3, #4]
1000324a:	f850 1b08 	ldr.w	r1, [r0], #8
1000324e:	0fdf      	lsrs	r7, r3, #31
10003250:	900a      	str	r0, [sp, #40]	@ 0x28
10003252:	ea51 0003 	orrs.w	r0, r1, r3
10003256:	d162      	bne.n	1000331e <_vsnprintf+0x742>
10003258:	2a00      	cmp	r2, #0
1000325a:	f040 819f 	bne.w	1000359c <_vsnprintf+0x9c0>
1000325e:	4613      	mov	r3, r2
10003260:	4611      	mov	r1, r2
10003262:	aa12      	add	r2, sp, #72	@ 0x48
10003264:	e9cd 750c 	strd	r7, r5, [sp, #48]	@ 0x30
10003268:	2000      	movs	r0, #0
1000326a:	4615      	mov	r5, r2
1000326c:	e9cd 680e 	strd	r6, r8, [sp, #56]	@ 0x38
10003270:	f8df e348 	ldr.w	lr, [pc, #840]	@ 100035bc <_vsnprintf+0x9e0>
10003274:	920b      	str	r2, [sp, #44]	@ 0x2c
10003276:	e001      	b.n	1000327c <_vsnprintf+0x6a0>
10003278:	2820      	cmp	r0, #32
1000327a:	d02d      	beq.n	100032d8 <_vsnprintf+0x6fc>
1000327c:	185a      	adds	r2, r3, r1
1000327e:	f142 0200 	adc.w	r2, r2, #0
10003282:	fbae 7802 	umull	r7, r8, lr, r2
10003286:	f028 0703 	bic.w	r7, r8, #3
1000328a:	eb07 0798 	add.w	r7, r7, r8, lsr #2
1000328e:	1bd2      	subs	r2, r2, r7
10003290:	461e      	mov	r6, r3
10003292:	1a9b      	subs	r3, r3, r2
10003294:	f161 0700 	sbc.w	r7, r1, #0
10003298:	460c      	mov	r4, r1
1000329a:	f04f 31cc 	mov.w	r1, #3435973836	@ 0xcccccccc
1000329e:	fb01 f103 	mul.w	r1, r1, r3
100032a2:	fb0e 1107 	mla	r1, lr, r7, r1
100032a6:	fba3 730e 	umull	r7, r3, r3, lr
100032aa:	4419      	add	r1, r3
100032ac:	2305      	movs	r3, #5
100032ae:	f007 0801 	and.w	r8, r7, #1
100032b2:	fba8 3803 	umull	r3, r8, r8, r3
100032b6:	189b      	adds	r3, r3, r2
100032b8:	2e0a      	cmp	r6, #10
100032ba:	f103 0330 	add.w	r3, r3, #48	@ 0x30
100032be:	ea4f 0757 	mov.w	r7, r7, lsr #1
100032c2:	f174 0400 	sbcs.w	r4, r4, #0
100032c6:	f805 3b01 	strb.w	r3, [r5], #1
100032ca:	f100 0001 	add.w	r0, r0, #1
100032ce:	ea47 73c1 	orr.w	r3, r7, r1, lsl #31
100032d2:	ea4f 0151 	mov.w	r1, r1, lsr #1
100032d6:	d2cf      	bcs.n	10003278 <_vsnprintf+0x69c>
100032d8:	e9dd 750c 	ldrd	r7, r5, [sp, #48]	@ 0x30
100032dc:	e9dd 680e 	ldrd	r6, r8, [sp, #56]	@ 0x38
100032e0:	9b0b      	ldr	r3, [sp, #44]	@ 0x2c
100032e2:	4642      	mov	r2, r8
100032e4:	9300      	str	r3, [sp, #0]
100032e6:	230a      	movs	r3, #10
100032e8:	e9cd 5c05 	strd	r5, ip, [sp, #20]
100032ec:	e9cd 0701 	strd	r0, r7, [sp, #4]
100032f0:	9604      	str	r6, [sp, #16]
100032f2:	9303      	str	r3, [sp, #12]
100032f4:	464b      	mov	r3, r9
100032f6:	4651      	mov	r1, sl
100032f8:	4658      	mov	r0, fp
100032fa:	f7fe fe61 	bl	10001fc0 <_ntoa_format>
100032fe:	4680      	mov	r8, r0
10003300:	e48a      	b.n	10002c18 <_vsnprintf+0x3c>
10003302:	7819      	ldrb	r1, [r3, #0]
10003304:	460f      	mov	r7, r1
10003306:	e764      	b.n	100031d2 <_vsnprintf+0x5f6>
10003308:	2710      	movs	r7, #16
1000330a:	46bc      	mov	ip, r7
1000330c:	e6b3      	b.n	10003076 <_vsnprintf+0x49a>
1000330e:	f023 0c10 	bic.w	ip, r3, #16
10003312:	e745      	b.n	100031a0 <_vsnprintf+0x5c4>
10003314:	061c      	lsls	r4, r3, #24
10003316:	bf4c      	ite	mi
10003318:	8812      	ldrhmi	r2, [r2, #0]
1000331a:	6812      	ldrpl	r2, [r2, #0]
1000331c:	e6c0      	b.n	100030a0 <_vsnprintf+0x4c4>
1000331e:	460a      	mov	r2, r1
10003320:	1e19      	subs	r1, r3, #0
10003322:	db01      	blt.n	10003328 <_vsnprintf+0x74c>
10003324:	4613      	mov	r3, r2
10003326:	e79c      	b.n	10003262 <_vsnprintf+0x686>
10003328:	4252      	negs	r2, r2
1000332a:	4613      	mov	r3, r2
1000332c:	eb61 0141 	sbc.w	r1, r1, r1, lsl #1
10003330:	e797      	b.n	10003262 <_vsnprintf+0x686>
10003332:	4613      	mov	r3, r2
10003334:	4651      	mov	r1, sl
10003336:	7818      	ldrb	r0, [r3, #0]
10003338:	4642      	mov	r2, r8
1000333a:	464b      	mov	r3, r9
1000333c:	47d8      	blx	fp
1000333e:	46b0      	mov	r8, r6
10003340:	e648      	b.n	10002fd4 <_vsnprintf+0x3f8>
10003342:	f013 0f20 	tst.w	r3, #32
10003346:	bf14      	ite	ne
10003348:	2041      	movne	r0, #65	@ 0x41
1000334a:	2061      	moveq	r0, #97	@ 0x61
1000334c:	ac12      	add	r4, sp, #72	@ 0x48
1000334e:	46a6      	mov	lr, r4
10003350:	940b      	str	r4, [sp, #44]	@ 0x2c
10003352:	930a      	str	r3, [sp, #40]	@ 0x28
10003354:	f1a0 040a 	sub.w	r4, r0, #10
10003358:	950c      	str	r5, [sp, #48]	@ 0x30
1000335a:	e002      	b.n	10003362 <_vsnprintf+0x786>
1000335c:	2920      	cmp	r1, #32
1000335e:	d012      	beq.n	10003386 <_vsnprintf+0x7aa>
10003360:	462a      	mov	r2, r5
10003362:	fbb2 f5fc 	udiv	r5, r2, ip
10003366:	fb0c 2015 	mls	r0, ip, r5, r2
1000336a:	b2c3      	uxtb	r3, r0
1000336c:	2809      	cmp	r0, #9
1000336e:	f103 0030 	add.w	r0, r3, #48	@ 0x30
10003372:	bf8a      	itet	hi
10003374:	191b      	addhi	r3, r3, r4
10003376:	b2c3      	uxtbls	r3, r0
10003378:	b2db      	uxtbhi	r3, r3
1000337a:	4562      	cmp	r2, ip
1000337c:	f80e 3b01 	strb.w	r3, [lr], #1
10003380:	f101 0101 	add.w	r1, r1, #1
10003384:	d2ea      	bcs.n	1000335c <_vsnprintf+0x780>
10003386:	9b0a      	ldr	r3, [sp, #40]	@ 0x28
10003388:	9d0c      	ldr	r5, [sp, #48]	@ 0x30
1000338a:	e694      	b.n	100030b6 <_vsnprintf+0x4da>
1000338c:	9a0a      	ldr	r2, [sp, #40]	@ 0x28
1000338e:	3207      	adds	r2, #7
10003390:	f022 0207 	bic.w	r2, r2, #7
10003394:	6851      	ldr	r1, [r2, #4]
10003396:	f852 4b08 	ldr.w	r4, [r2], #8
1000339a:	468e      	mov	lr, r1
1000339c:	920a      	str	r2, [sp, #40]	@ 0x28
1000339e:	ea54 0201 	orrs.w	r2, r4, r1
100033a2:	d176      	bne.n	10003492 <_vsnprintf+0x8b6>
100033a4:	f023 0310 	bic.w	r3, r3, #16
100033a8:	2800      	cmp	r0, #0
100033aa:	d072      	beq.n	10003492 <_vsnprintf+0x8b6>
100033ac:	2200      	movs	r2, #0
100033ae:	4611      	mov	r1, r2
100033b0:	aa12      	add	r2, sp, #72	@ 0x48
100033b2:	920b      	str	r2, [sp, #44]	@ 0x2c
100033b4:	e9cd 5305 	strd	r5, r3, [sp, #20]
100033b8:	9b0b      	ldr	r3, [sp, #44]	@ 0x2c
100033ba:	4642      	mov	r2, r8
100033bc:	9300      	str	r3, [sp, #0]
100033be:	2300      	movs	r3, #0
100033c0:	e9cd c603 	strd	ip, r6, [sp, #12]
100033c4:	9101      	str	r1, [sp, #4]
100033c6:	9302      	str	r3, [sp, #8]
100033c8:	e794      	b.n	100032f4 <_vsnprintf+0x718>
100033ca:	42a5      	cmp	r5, r4
100033cc:	bf98      	it	ls
100033ce:	3401      	addls	r4, #1
100033d0:	f67f ad74 	bls.w	10002ebc <_vsnprintf+0x2e0>
100033d4:	f44f 6380 	mov.w	r3, #1024	@ 0x400
100033d8:	e9cd 750a 	strd	r7, r5, [sp, #40]	@ 0x28
100033dc:	eb05 0208 	add.w	r2, r5, r8
100033e0:	461f      	mov	r7, r3
100033e2:	460d      	mov	r5, r1
100033e4:	1b14      	subs	r4, r2, r4
100033e6:	4642      	mov	r2, r8
100033e8:	464b      	mov	r3, r9
100033ea:	4651      	mov	r1, sl
100033ec:	2020      	movs	r0, #32
100033ee:	f108 0801 	add.w	r8, r8, #1
100033f2:	47d8      	blx	fp
100033f4:	45a0      	cmp	r8, r4
100033f6:	d1f6      	bne.n	100033e6 <_vsnprintf+0x80a>
100033f8:	463b      	mov	r3, r7
100033fa:	9f0a      	ldr	r7, [sp, #40]	@ 0x28
100033fc:	4629      	mov	r1, r5
100033fe:	7838      	ldrb	r0, [r7, #0]
10003400:	9d0b      	ldr	r5, [sp, #44]	@ 0x2c
10003402:	1c6c      	adds	r4, r5, #1
10003404:	2800      	cmp	r0, #0
10003406:	f43f ad70 	beq.w	10002eea <_vsnprintf+0x30e>
1000340a:	2b00      	cmp	r3, #0
1000340c:	f43f ae75 	beq.w	100030fa <_vsnprintf+0x51e>
10003410:	2300      	movs	r3, #0
10003412:	e553      	b.n	10002ebc <_vsnprintf+0x2e0>
10003414:	42a5      	cmp	r5, r4
10003416:	d8df      	bhi.n	100033d8 <_vsnprintf+0x7fc>
10003418:	3401      	adds	r4, #1
1000341a:	e66e      	b.n	100030fa <_vsnprintf+0x51e>
1000341c:	6819      	ldr	r1, [r3, #0]
1000341e:	0fcb      	lsrs	r3, r1, #31
10003420:	2900      	cmp	r1, #0
10003422:	f000 80a8 	beq.w	10003576 <_vsnprintf+0x99a>
10003426:	ea81 72e1 	eor.w	r2, r1, r1, asr #31
1000342a:	eba2 72e1 	sub.w	r2, r2, r1, asr #31
1000342e:	a912      	add	r1, sp, #72	@ 0x48
10003430:	4608      	mov	r0, r1
10003432:	f8df e188 	ldr.w	lr, [pc, #392]	@ 100035bc <_vsnprintf+0x9e0>
10003436:	910b      	str	r1, [sp, #44]	@ 0x2c
10003438:	930a      	str	r3, [sp, #40]	@ 0x28
1000343a:	950c      	str	r5, [sp, #48]	@ 0x30
1000343c:	e001      	b.n	10003442 <_vsnprintf+0x866>
1000343e:	2f20      	cmp	r7, #32
10003440:	d00f      	beq.n	10003462 <_vsnprintf+0x886>
10003442:	4615      	mov	r5, r2
10003444:	fbae 1302 	umull	r1, r3, lr, r2
10003448:	08db      	lsrs	r3, r3, #3
1000344a:	eb03 0183 	add.w	r1, r3, r3, lsl #2
1000344e:	eba2 0141 	sub.w	r1, r2, r1, lsl #1
10003452:	3130      	adds	r1, #48	@ 0x30
10003454:	2d09      	cmp	r5, #9
10003456:	461a      	mov	r2, r3
10003458:	f107 0701 	add.w	r7, r7, #1
1000345c:	f800 1b01 	strb.w	r1, [r0], #1
10003460:	d8ed      	bhi.n	1000343e <_vsnprintf+0x862>
10003462:	9b0a      	ldr	r3, [sp, #40]	@ 0x28
10003464:	9d0c      	ldr	r5, [sp, #48]	@ 0x30
10003466:	e9cd 5c05 	strd	r5, ip, [sp, #20]
1000346a:	e9cd 7301 	strd	r7, r3, [sp, #4]
1000346e:	9604      	str	r6, [sp, #16]
10003470:	e6d5      	b.n	1000321e <_vsnprintf+0x642>
10003472:	2869      	cmp	r0, #105	@ 0x69
10003474:	f023 0c10 	bic.w	ip, r3, #16
10003478:	f040 808c 	bne.w	10003594 <_vsnprintf+0x9b8>
1000347c:	f413 6280 	ands.w	r2, r3, #1024	@ 0x400
10003480:	f43f ae8e 	beq.w	100031a0 <_vsnprintf+0x5c4>
10003484:	e688      	b.n	10003198 <_vsnprintf+0x5bc>
10003486:	2a00      	cmp	r2, #0
10003488:	f43f aea8 	beq.w	100031dc <_vsnprintf+0x600>
1000348c:	aa12      	add	r2, sp, #72	@ 0x48
1000348e:	920b      	str	r2, [sp, #44]	@ 0x2c
10003490:	e6c0      	b.n	10003214 <_vsnprintf+0x638>
10003492:	f013 0f20 	tst.w	r3, #32
10003496:	bf14      	ite	ne
10003498:	2241      	movne	r2, #65	@ 0x41
1000349a:	2261      	moveq	r2, #97	@ 0x61
1000349c:	2000      	movs	r0, #0
1000349e:	a912      	add	r1, sp, #72	@ 0x48
100034a0:	3a0a      	subs	r2, #10
100034a2:	e9cd 680e 	strd	r6, r8, [sp, #56]	@ 0x38
100034a6:	e9cd 350c 	strd	r3, r5, [sp, #48]	@ 0x30
100034aa:	f8cd b044 	str.w	fp, [sp, #68]	@ 0x44
100034ae:	4606      	mov	r6, r0
100034b0:	4688      	mov	r8, r1
100034b2:	4675      	mov	r5, lr
100034b4:	4693      	mov	fp, r2
100034b6:	910b      	str	r1, [sp, #44]	@ 0x2c
100034b8:	f8cd c040 	str.w	ip, [sp, #64]	@ 0x40
100034bc:	e003      	b.n	100034c6 <_vsnprintf+0x8ea>
100034be:	2e20      	cmp	r6, #32
100034c0:	d017      	beq.n	100034f2 <_vsnprintf+0x916>
100034c2:	4604      	mov	r4, r0
100034c4:	460d      	mov	r5, r1
100034c6:	4629      	mov	r1, r5
100034c8:	463a      	mov	r2, r7
100034ca:	2300      	movs	r3, #0
100034cc:	4620      	mov	r0, r4
100034ce:	f003 f817 	bl	10006500 <____aeabi_uldivmod_veneer>
100034d2:	b2d2      	uxtb	r2, r2
100034d4:	2a09      	cmp	r2, #9
100034d6:	f102 0330 	add.w	r3, r2, #48	@ 0x30
100034da:	bf88      	it	hi
100034dc:	eb02 030b 	addhi.w	r3, r2, fp
100034e0:	42bc      	cmp	r4, r7
100034e2:	b2db      	uxtb	r3, r3
100034e4:	f175 0500 	sbcs.w	r5, r5, #0
100034e8:	f808 3b01 	strb.w	r3, [r8], #1
100034ec:	f106 0601 	add.w	r6, r6, #1
100034f0:	d2e5      	bcs.n	100034be <_vsnprintf+0x8e2>
100034f2:	4631      	mov	r1, r6
100034f4:	e9dd 350c 	ldrd	r3, r5, [sp, #48]	@ 0x30
100034f8:	e9dd cb10 	ldrd	ip, fp, [sp, #64]	@ 0x40
100034fc:	f8dd 803c 	ldr.w	r8, [sp, #60]	@ 0x3c
10003500:	9e0e      	ldr	r6, [sp, #56]	@ 0x38
10003502:	e757      	b.n	100033b4 <_vsnprintf+0x7d8>
10003504:	990a      	ldr	r1, [sp, #40]	@ 0x28
10003506:	6809      	ldr	r1, [r1, #0]
10003508:	b951      	cbnz	r1, 10003520 <_vsnprintf+0x944>
1000350a:	f023 0310 	bic.w	r3, r3, #16
1000350e:	b138      	cbz	r0, 10003520 <_vsnprintf+0x944>
10003510:	a912      	add	r1, sp, #72	@ 0x48
10003512:	910b      	str	r1, [sp, #44]	@ 0x2c
10003514:	e9cd 5305 	strd	r5, r3, [sp, #20]
10003518:	e9cd c603 	strd	ip, r6, [sp, #12]
1000351c:	9201      	str	r2, [sp, #4]
1000351e:	e5cf      	b.n	100030c0 <_vsnprintf+0x4e4>
10003520:	f013 0f20 	tst.w	r3, #32
10003524:	bf14      	ite	ne
10003526:	2041      	movne	r0, #65	@ 0x41
10003528:	2061      	moveq	r0, #97	@ 0x61
1000352a:	ac12      	add	r4, sp, #72	@ 0x48
1000352c:	46a6      	mov	lr, r4
1000352e:	940b      	str	r4, [sp, #44]	@ 0x2c
10003530:	930a      	str	r3, [sp, #40]	@ 0x28
10003532:	f1a0 040a 	sub.w	r4, r0, #10
10003536:	950c      	str	r5, [sp, #48]	@ 0x30
10003538:	e002      	b.n	10003540 <_vsnprintf+0x964>
1000353a:	2a20      	cmp	r2, #32
1000353c:	d012      	beq.n	10003564 <_vsnprintf+0x988>
1000353e:	4629      	mov	r1, r5
10003540:	fbb1 f5fc 	udiv	r5, r1, ip
10003544:	fb0c 1015 	mls	r0, ip, r5, r1
10003548:	b2c3      	uxtb	r3, r0
1000354a:	2809      	cmp	r0, #9
1000354c:	f103 0030 	add.w	r0, r3, #48	@ 0x30
10003550:	bf8a      	itet	hi
10003552:	191b      	addhi	r3, r3, r4
10003554:	b2c3      	uxtbls	r3, r0
10003556:	b2db      	uxtbhi	r3, r3
10003558:	4561      	cmp	r1, ip
1000355a:	f80e 3b01 	strb.w	r3, [lr], #1
1000355e:	f102 0201 	add.w	r2, r2, #1
10003562:	d2ea      	bcs.n	1000353a <_vsnprintf+0x95e>
10003564:	9b0a      	ldr	r3, [sp, #40]	@ 0x28
10003566:	9d0c      	ldr	r5, [sp, #48]	@ 0x30
10003568:	e7d4      	b.n	10003514 <_vsnprintf+0x938>
1000356a:	6819      	ldr	r1, [r3, #0]
1000356c:	ea81 77e1 	eor.w	r7, r1, r1, asr #31
10003570:	eba7 77e1 	sub.w	r7, r7, r1, asr #31
10003574:	e62d      	b.n	100031d2 <_vsnprintf+0x5f6>
10003576:	2a00      	cmp	r2, #0
10003578:	f43f af59 	beq.w	1000342e <_vsnprintf+0x852>
1000357c:	aa12      	add	r2, sp, #72	@ 0x48
1000357e:	920b      	str	r2, [sp, #44]	@ 0x2c
10003580:	e771      	b.n	10003466 <_vsnprintf+0x88a>
10003582:	f413 6480 	ands.w	r4, r3, #1024	@ 0x400
10003586:	d00d      	beq.n	100035a4 <_vsnprintf+0x9c8>
10003588:	f013 0402 	ands.w	r4, r3, #2
1000358c:	d012      	beq.n	100035b4 <_vsnprintf+0x9d8>
1000358e:	4604      	mov	r4, r0
10003590:	4646      	mov	r6, r8
10003592:	e5ec      	b.n	1000316e <_vsnprintf+0x592>
10003594:	270a      	movs	r7, #10
10003596:	4663      	mov	r3, ip
10003598:	46bc      	mov	ip, r7
1000359a:	e56c      	b.n	10003076 <_vsnprintf+0x49a>
1000359c:	ab12      	add	r3, sp, #72	@ 0x48
1000359e:	2000      	movs	r0, #0
100035a0:	930b      	str	r3, [sp, #44]	@ 0x2c
100035a2:	e69d      	b.n	100032e0 <_vsnprintf+0x704>
100035a4:	f013 0302 	ands.w	r3, r3, #2
100035a8:	f47f ade0 	bne.w	1000316c <_vsnprintf+0x590>
100035ac:	2d00      	cmp	r5, #0
100035ae:	f47f af13 	bne.w	100033d8 <_vsnprintf+0x7fc>
100035b2:	e49a      	b.n	10002eea <_vsnprintf+0x30e>
100035b4:	2d00      	cmp	r5, #0
100035b6:	f47f af0d 	bne.w	100033d4 <_vsnprintf+0x7f8>
100035ba:	e496      	b.n	10002eea <_vsnprintf+0x30e>
100035bc:	cccccccd 	.word	0xcccccccd

100035c0 <__wrap_sprintf>:
100035c0:	b40e      	push	{r1, r2, r3}
100035c2:	b510      	push	{r4, lr}
100035c4:	b085      	sub	sp, #20
100035c6:	ac07      	add	r4, sp, #28
100035c8:	f854 3b04 	ldr.w	r3, [r4], #4
100035cc:	4601      	mov	r1, r0
100035ce:	f04f 32ff 	mov.w	r2, #4294967295	@ 0xffffffff
100035d2:	9400      	str	r4, [sp, #0]
100035d4:	4804      	ldr	r0, [pc, #16]	@ (100035e8 <__wrap_sprintf+0x28>)
100035d6:	9403      	str	r4, [sp, #12]
100035d8:	f7ff fb00 	bl	10002bdc <_vsnprintf>
100035dc:	b005      	add	sp, #20
100035de:	e8bd 4010 	ldmia.w	sp!, {r4, lr}
100035e2:	b003      	add	sp, #12
100035e4:	4770      	bx	lr
100035e6:	bf00      	nop
100035e8:	10001f19 	.word	0x10001f19

100035ec <vfctprintf>:
100035ec:	b570      	push	{r4, r5, r6, lr}
100035ee:	4694      	mov	ip, r2
100035f0:	461e      	mov	r6, r3
100035f2:	4605      	mov	r5, r0
100035f4:	460c      	mov	r4, r1
100035f6:	b084      	sub	sp, #16
100035f8:	f04f 32ff 	mov.w	r2, #4294967295	@ 0xffffffff
100035fc:	4663      	mov	r3, ip
100035fe:	a902      	add	r1, sp, #8
10003600:	9600      	str	r6, [sp, #0]
10003602:	4803      	ldr	r0, [pc, #12]	@ (10003610 <vfctprintf+0x24>)
10003604:	e9cd 5402 	strd	r5, r4, [sp, #8]
10003608:	f7ff fae8 	bl	10002bdc <_vsnprintf>
1000360c:	b004      	add	sp, #16
1000360e:	bd70      	pop	{r4, r5, r6, pc}
10003610:	1000219d 	.word	0x1000219d

10003614 <weak_raw_vprintf>:
10003614:	b510      	push	{r4, lr}
10003616:	4b09      	ldr	r3, [pc, #36]	@ (1000363c <weak_raw_vprintf+0x28>)
10003618:	b084      	sub	sp, #16
1000361a:	681c      	ldr	r4, [r3, #0]
1000361c:	b14c      	cbz	r4, 10003632 <weak_raw_vprintf+0x1e>
1000361e:	4603      	mov	r3, r0
10003620:	9100      	str	r1, [sp, #0]
10003622:	f04f 32ff 	mov.w	r2, #4294967295	@ 0xffffffff
10003626:	a903      	add	r1, sp, #12
10003628:	4805      	ldr	r0, [pc, #20]	@ (10003640 <weak_raw_vprintf+0x2c>)
1000362a:	47a0      	blx	r4
1000362c:	2001      	movs	r0, #1
1000362e:	b004      	add	sp, #16
10003630:	bd10      	pop	{r4, pc}
10003632:	f000 f979 	bl	10003928 <__wrap_puts>
10003636:	4620      	mov	r0, r4
10003638:	b004      	add	sp, #16
1000363a:	bd10      	pop	{r4, pc}
1000363c:	20002154 	.word	0x20002154
10003640:	10002195 	.word	0x10002195

10003644 <_exit>:
10003644:	be00      	bkpt	0x0000
10003646:	e7fd      	b.n	10003644 <_exit>

10003648 <exit>:
10003648:	b508      	push	{r3, lr}
1000364a:	f7ff fffb 	bl	10003644 <_exit>
1000364e:	bf00      	nop

10003650 <runtime_init>:
10003650:	b538      	push	{r3, r4, r5, lr}
10003652:	4c06      	ldr	r4, [pc, #24]	@ (1000366c <runtime_init+0x1c>)
10003654:	4d06      	ldr	r5, [pc, #24]	@ (10003670 <runtime_init+0x20>)
10003656:	f7fe f9ed 	bl	10001a34 <runtime_run_initializers>
1000365a:	42ac      	cmp	r4, r5
1000365c:	d204      	bcs.n	10003668 <runtime_init+0x18>
1000365e:	f854 3b04 	ldr.w	r3, [r4], #4
10003662:	4798      	blx	r3
10003664:	42ac      	cmp	r4, r5
10003666:	d3fa      	bcc.n	1000365e <runtime_init+0xe>
10003668:	bd38      	pop	{r3, r4, r5, pc}
1000366a:	bf00      	nop
1000366c:	10006580 	.word	0x10006580
10003670:	10006588 	.word	0x10006588

10003674 <stdio_out_chars_no_crlf>:
10003674:	6803      	ldr	r3, [r0, #0]
10003676:	4608      	mov	r0, r1
10003678:	4611      	mov	r1, r2
1000367a:	4718      	bx	r3

1000367c <stdio_out_chars_crlf>:
1000367c:	e92d 41f0 	stmdb	sp!, {r4, r5, r6, r7, r8, lr}
10003680:	4615      	mov	r5, r2
10003682:	7d42      	ldrb	r2, [r0, #21]
10003684:	4607      	mov	r7, r0
10003686:	4688      	mov	r8, r1
10003688:	2a00      	cmp	r2, #0
1000368a:	d046      	beq.n	1000371a <stdio_out_chars_crlf+0x9e>
1000368c:	2d00      	cmp	r5, #0
1000368e:	dd1d      	ble.n	100036cc <stdio_out_chars_crlf+0x50>
10003690:	780b      	ldrb	r3, [r1, #0]
10003692:	2b0a      	cmp	r3, #10
10003694:	d023      	beq.n	100036de <stdio_out_chars_crlf+0x62>
10003696:	2d01      	cmp	r5, #1
10003698:	f04f 0c00 	mov.w	ip, #0
1000369c:	d018      	beq.n	100036d0 <stdio_out_chars_crlf+0x54>
1000369e:	4646      	mov	r6, r8
100036a0:	2401      	movs	r4, #1
100036a2:	f816 2f01 	ldrb.w	r2, [r6, #1]!
100036a6:	4621      	mov	r1, r4
100036a8:	2a0a      	cmp	r2, #10
100036aa:	f104 0401 	add.w	r4, r4, #1
100036ae:	d022      	beq.n	100036f6 <stdio_out_chars_crlf+0x7a>
100036b0:	42a5      	cmp	r5, r4
100036b2:	d1f6      	bne.n	100036a2 <stdio_out_chars_crlf+0x26>
100036b4:	4565      	cmp	r5, ip
100036b6:	dc0b      	bgt.n	100036d0 <stdio_out_chars_crlf+0x54>
100036b8:	eb08 0305 	add.w	r3, r8, r5
100036bc:	f813 3c01 	ldrb.w	r3, [r3, #-1]
100036c0:	f1a3 030d 	sub.w	r3, r3, #13
100036c4:	fab3 f383 	clz	r3, r3
100036c8:	095b      	lsrs	r3, r3, #5
100036ca:	753b      	strb	r3, [r7, #20]
100036cc:	e8bd 81f0 	ldmia.w	sp!, {r4, r5, r6, r7, r8, pc}
100036d0:	683b      	ldr	r3, [r7, #0]
100036d2:	eba5 010c 	sub.w	r1, r5, ip
100036d6:	eb08 000c 	add.w	r0, r8, ip
100036da:	4798      	blx	r3
100036dc:	e7ec      	b.n	100036b8 <stdio_out_chars_crlf+0x3c>
100036de:	7d03      	ldrb	r3, [r0, #20]
100036e0:	2b00      	cmp	r3, #0
100036e2:	d1d8      	bne.n	10003696 <stdio_out_chars_crlf+0x1a>
100036e4:	6803      	ldr	r3, [r0, #0]
100036e6:	2102      	movs	r1, #2
100036e8:	480f      	ldr	r0, [pc, #60]	@ (10003728 <stdio_out_chars_crlf+0xac>)
100036ea:	4798      	blx	r3
100036ec:	2d01      	cmp	r5, #1
100036ee:	d0e3      	beq.n	100036b8 <stdio_out_chars_crlf+0x3c>
100036f0:	f04f 0c01 	mov.w	ip, #1
100036f4:	e7d3      	b.n	1000369e <stdio_out_chars_crlf+0x22>
100036f6:	f816 3c01 	ldrb.w	r3, [r6, #-1]
100036fa:	2b0d      	cmp	r3, #13
100036fc:	d0d8      	beq.n	100036b0 <stdio_out_chars_crlf+0x34>
100036fe:	458c      	cmp	ip, r1
10003700:	eb08 000c 	add.w	r0, r8, ip
10003704:	eba1 010c 	sub.w	r1, r1, ip
10003708:	da01      	bge.n	1000370e <stdio_out_chars_crlf+0x92>
1000370a:	683b      	ldr	r3, [r7, #0]
1000370c:	4798      	blx	r3
1000370e:	2102      	movs	r1, #2
10003710:	4805      	ldr	r0, [pc, #20]	@ (10003728 <stdio_out_chars_crlf+0xac>)
10003712:	683b      	ldr	r3, [r7, #0]
10003714:	4798      	blx	r3
10003716:	46a4      	mov	ip, r4
10003718:	e7ca      	b.n	100036b0 <stdio_out_chars_crlf+0x34>
1000371a:	4629      	mov	r1, r5
1000371c:	4640      	mov	r0, r8
1000371e:	683b      	ldr	r3, [r7, #0]
10003720:	e8bd 41f0 	ldmia.w	sp!, {r4, r5, r6, r7, r8, lr}
10003724:	4718      	bx	r3
10003726:	bf00      	nop
10003728:	100069f0 	.word	0x100069f0

1000372c <stdio_buffered_printer>:
1000372c:	680b      	ldr	r3, [r1, #0]
1000372e:	e92d 41f0 	stmdb	sp!, {r4, r5, r6, r7, r8, lr}
10003732:	2b80      	cmp	r3, #128	@ 0x80
10003734:	460d      	mov	r5, r1
10003736:	4606      	mov	r6, r0
10003738:	d005      	beq.n	10003746 <stdio_buffered_printer+0x1a>
1000373a:	1c5a      	adds	r2, r3, #1
1000373c:	442b      	add	r3, r5
1000373e:	602a      	str	r2, [r5, #0]
10003740:	711e      	strb	r6, [r3, #4]
10003742:	e8bd 81f0 	ldmia.w	sp!, {r4, r5, r6, r7, r8, pc}
10003746:	4b0f      	ldr	r3, [pc, #60]	@ (10003784 <stdio_buffered_printer+0x58>)
10003748:	681c      	ldr	r4, [r3, #0]
1000374a:	b1a4      	cbz	r4, 10003776 <stdio_buffered_printer+0x4a>
1000374c:	4f0e      	ldr	r7, [pc, #56]	@ (10003788 <stdio_buffered_printer+0x5c>)
1000374e:	f101 0804 	add.w	r8, r1, #4
10003752:	e001      	b.n	10003758 <stdio_buffered_printer+0x2c>
10003754:	6924      	ldr	r4, [r4, #16]
10003756:	b174      	cbz	r4, 10003776 <stdio_buffered_printer+0x4a>
10003758:	6823      	ldr	r3, [r4, #0]
1000375a:	2b00      	cmp	r3, #0
1000375c:	d0fa      	beq.n	10003754 <stdio_buffered_printer+0x28>
1000375e:	683b      	ldr	r3, [r7, #0]
10003760:	b10b      	cbz	r3, 10003766 <stdio_buffered_printer+0x3a>
10003762:	42a3      	cmp	r3, r4
10003764:	d1f6      	bne.n	10003754 <stdio_buffered_printer+0x28>
10003766:	4620      	mov	r0, r4
10003768:	4641      	mov	r1, r8
1000376a:	682a      	ldr	r2, [r5, #0]
1000376c:	f7ff ff86 	bl	1000367c <stdio_out_chars_crlf>
10003770:	6924      	ldr	r4, [r4, #16]
10003772:	2c00      	cmp	r4, #0
10003774:	d1f0      	bne.n	10003758 <stdio_buffered_printer+0x2c>
10003776:	2300      	movs	r3, #0
10003778:	2201      	movs	r2, #1
1000377a:	442b      	add	r3, r5
1000377c:	602a      	str	r2, [r5, #0]
1000377e:	711e      	strb	r6, [r3, #4]
10003780:	e8bd 81f0 	ldmia.w	sp!, {r4, r5, r6, r7, r8, pc}
10003784:	20001d48 	.word	0x20001d48
10003788:	20001d50 	.word	0x20001d50

1000378c <stdio_put_string>:
1000378c:	e92d 47f0 	stmdb	sp!, {r4, r5, r6, r7, r8, r9, sl, lr}
10003790:	b082      	sub	sp, #8
10003792:	460d      	mov	r5, r1
10003794:	4691      	mov	r9, r2
10003796:	461c      	mov	r4, r3
10003798:	4606      	mov	r6, r0
1000379a:	f7fd ffb7 	bl	1000170c <time_us_64>
1000379e:	f04f 3cff 	mov.w	ip, #4294967295	@ 0xffffffff
100037a2:	f06f 4700 	mvn.w	r7, #2147483648	@ 0x80000000
100037a6:	4a2e      	ldr	r2, [pc, #184]	@ (10003860 <stdio_put_string+0xd4>)
100037a8:	1882      	adds	r2, r0, r2
100037aa:	f141 0300 	adc.w	r3, r1, #0
100037ae:	4594      	cmp	ip, r2
100037b0:	eb77 0103 	sbcs.w	r1, r7, r3
100037b4:	bf3c      	itt	cc
100037b6:	4662      	movcc	r2, ip
100037b8:	463b      	movcc	r3, r7
100037ba:	482a      	ldr	r0, [pc, #168]	@ (10003864 <stdio_put_string+0xd8>)
100037bc:	f002 feb0 	bl	10006520 <__mutex_try_enter_block_until_veneer>
100037c0:	1c6b      	adds	r3, r5, #1
100037c2:	4680      	mov	r8, r0
100037c4:	d040      	beq.n	10003848 <stdio_put_string+0xbc>
100037c6:	b30c      	cbz	r4, 1000380c <stdio_put_string+0x80>
100037c8:	4f27      	ldr	r7, [pc, #156]	@ (10003868 <stdio_put_string+0xdc>)
100037ca:	4b28      	ldr	r3, [pc, #160]	@ (1000386c <stdio_put_string+0xe0>)
100037cc:	681c      	ldr	r4, [r3, #0]
100037ce:	b1b4      	cbz	r4, 100037fe <stdio_put_string+0x72>
100037d0:	f1b9 0f00 	cmp.w	r9, #0
100037d4:	d11c      	bne.n	10003810 <stdio_put_string+0x84>
100037d6:	f8df 909c 	ldr.w	r9, [pc, #156]	@ 10003874 <stdio_put_string+0xe8>
100037da:	e001      	b.n	100037e0 <stdio_put_string+0x54>
100037dc:	6924      	ldr	r4, [r4, #16]
100037de:	b174      	cbz	r4, 100037fe <stdio_put_string+0x72>
100037e0:	6823      	ldr	r3, [r4, #0]
100037e2:	2b00      	cmp	r3, #0
100037e4:	d0fa      	beq.n	100037dc <stdio_put_string+0x50>
100037e6:	f8d9 3000 	ldr.w	r3, [r9]
100037ea:	b10b      	cbz	r3, 100037f0 <stdio_put_string+0x64>
100037ec:	429c      	cmp	r4, r3
100037ee:	d1f5      	bne.n	100037dc <stdio_put_string+0x50>
100037f0:	4620      	mov	r0, r4
100037f2:	462a      	mov	r2, r5
100037f4:	4631      	mov	r1, r6
100037f6:	47b8      	blx	r7
100037f8:	6924      	ldr	r4, [r4, #16]
100037fa:	2c00      	cmp	r4, #0
100037fc:	d1f0      	bne.n	100037e0 <stdio_put_string+0x54>
100037fe:	f1b8 0f00 	cmp.w	r8, #0
10003802:	d126      	bne.n	10003852 <stdio_put_string+0xc6>
10003804:	4628      	mov	r0, r5
10003806:	b002      	add	sp, #8
10003808:	e8bd 87f0 	ldmia.w	sp!, {r4, r5, r6, r7, r8, r9, sl, pc}
1000380c:	4f18      	ldr	r7, [pc, #96]	@ (10003870 <stdio_put_string+0xe4>)
1000380e:	e7dc      	b.n	100037ca <stdio_put_string+0x3e>
10003810:	f04f 0a0a 	mov.w	sl, #10
10003814:	f8df 905c 	ldr.w	r9, [pc, #92]	@ 10003874 <stdio_put_string+0xe8>
10003818:	e002      	b.n	10003820 <stdio_put_string+0x94>
1000381a:	6924      	ldr	r4, [r4, #16]
1000381c:	2c00      	cmp	r4, #0
1000381e:	d0ee      	beq.n	100037fe <stdio_put_string+0x72>
10003820:	6823      	ldr	r3, [r4, #0]
10003822:	2b00      	cmp	r3, #0
10003824:	d0f9      	beq.n	1000381a <stdio_put_string+0x8e>
10003826:	f8d9 3000 	ldr.w	r3, [r9]
1000382a:	b10b      	cbz	r3, 10003830 <stdio_put_string+0xa4>
1000382c:	42a3      	cmp	r3, r4
1000382e:	d1f4      	bne.n	1000381a <stdio_put_string+0x8e>
10003830:	462a      	mov	r2, r5
10003832:	4631      	mov	r1, r6
10003834:	4620      	mov	r0, r4
10003836:	47b8      	blx	r7
10003838:	2201      	movs	r2, #1
1000383a:	4620      	mov	r0, r4
1000383c:	f10d 0107 	add.w	r1, sp, #7
10003840:	f88d a007 	strb.w	sl, [sp, #7]
10003844:	47b8      	blx	r7
10003846:	e7e8      	b.n	1000381a <stdio_put_string+0x8e>
10003848:	4630      	mov	r0, r6
1000384a:	f002 fe1d 	bl	10006488 <strlen>
1000384e:	4605      	mov	r5, r0
10003850:	e7b9      	b.n	100037c6 <stdio_put_string+0x3a>
10003852:	4804      	ldr	r0, [pc, #16]	@ (10003864 <stdio_put_string+0xd8>)
10003854:	f002 fe58 	bl	10006508 <__mutex_exit_veneer>
10003858:	4628      	mov	r0, r5
1000385a:	b002      	add	sp, #8
1000385c:	e8bd 87f0 	ldmia.w	sp!, {r4, r5, r6, r7, r8, r9, sl, pc}
10003860:	000f4240 	.word	0x000f4240
10003864:	2000159c 	.word	0x2000159c
10003868:	1000367d 	.word	0x1000367d
1000386c:	20001d48 	.word	0x20001d48
10003870:	10003675 	.word	0x10003675
10003874:	20001d50 	.word	0x20001d50

10003878 <stdio_set_driver_enabled>:
10003878:	4a08      	ldr	r2, [pc, #32]	@ (1000389c <stdio_set_driver_enabled+0x24>)
1000387a:	6813      	ldr	r3, [r2, #0]
1000387c:	b923      	cbnz	r3, 10003888 <stdio_set_driver_enabled+0x10>
1000387e:	e00a      	b.n	10003896 <stdio_set_driver_enabled+0x1e>
10003880:	f103 0210 	add.w	r2, r3, #16
10003884:	691b      	ldr	r3, [r3, #16]
10003886:	b133      	cbz	r3, 10003896 <stdio_set_driver_enabled+0x1e>
10003888:	4283      	cmp	r3, r0
1000388a:	d1f9      	bne.n	10003880 <stdio_set_driver_enabled+0x8>
1000388c:	b929      	cbnz	r1, 1000389a <stdio_set_driver_enabled+0x22>
1000388e:	6918      	ldr	r0, [r3, #16]
10003890:	6010      	str	r0, [r2, #0]
10003892:	6119      	str	r1, [r3, #16]
10003894:	4770      	bx	lr
10003896:	b101      	cbz	r1, 1000389a <stdio_set_driver_enabled+0x22>
10003898:	6010      	str	r0, [r2, #0]
1000389a:	4770      	bx	lr
1000389c:	20001d48 	.word	0x20001d48

100038a0 <stdio_init_all>:
100038a0:	f000 bade 	b.w	10003e60 <stdio_usb_init>

100038a4 <__wrap_putchar>:
100038a4:	b5f0      	push	{r4, r5, r6, r7, lr}
100038a6:	b083      	sub	sp, #12
100038a8:	4606      	mov	r6, r0
100038aa:	f88d 0007 	strb.w	r0, [sp, #7]
100038ae:	f7fd ff2d 	bl	1000170c <time_us_64>
100038b2:	f04f 35ff 	mov.w	r5, #4294967295	@ 0xffffffff
100038b6:	f06f 4400 	mvn.w	r4, #2147483648	@ 0x80000000
100038ba:	4a17      	ldr	r2, [pc, #92]	@ (10003918 <__wrap_putchar+0x74>)
100038bc:	1882      	adds	r2, r0, r2
100038be:	f141 0300 	adc.w	r3, r1, #0
100038c2:	4295      	cmp	r5, r2
100038c4:	eb74 0103 	sbcs.w	r1, r4, r3
100038c8:	bf3c      	itt	cc
100038ca:	4623      	movcc	r3, r4
100038cc:	462a      	movcc	r2, r5
100038ce:	4813      	ldr	r0, [pc, #76]	@ (1000391c <__wrap_putchar+0x78>)
100038d0:	f002 fe26 	bl	10006520 <__mutex_try_enter_block_until_veneer>
100038d4:	4b12      	ldr	r3, [pc, #72]	@ (10003920 <__wrap_putchar+0x7c>)
100038d6:	4607      	mov	r7, r0
100038d8:	681c      	ldr	r4, [r3, #0]
100038da:	b19c      	cbz	r4, 10003904 <__wrap_putchar+0x60>
100038dc:	4d11      	ldr	r5, [pc, #68]	@ (10003924 <__wrap_putchar+0x80>)
100038de:	e001      	b.n	100038e4 <__wrap_putchar+0x40>
100038e0:	6924      	ldr	r4, [r4, #16]
100038e2:	b17c      	cbz	r4, 10003904 <__wrap_putchar+0x60>
100038e4:	6823      	ldr	r3, [r4, #0]
100038e6:	2b00      	cmp	r3, #0
100038e8:	d0fa      	beq.n	100038e0 <__wrap_putchar+0x3c>
100038ea:	682b      	ldr	r3, [r5, #0]
100038ec:	b10b      	cbz	r3, 100038f2 <__wrap_putchar+0x4e>
100038ee:	429c      	cmp	r4, r3
100038f0:	d1f6      	bne.n	100038e0 <__wrap_putchar+0x3c>
100038f2:	4620      	mov	r0, r4
100038f4:	2201      	movs	r2, #1
100038f6:	f10d 0107 	add.w	r1, sp, #7
100038fa:	f7ff febf 	bl	1000367c <stdio_out_chars_crlf>
100038fe:	6924      	ldr	r4, [r4, #16]
10003900:	2c00      	cmp	r4, #0
10003902:	d1ef      	bne.n	100038e4 <__wrap_putchar+0x40>
10003904:	b917      	cbnz	r7, 1000390c <__wrap_putchar+0x68>
10003906:	4630      	mov	r0, r6
10003908:	b003      	add	sp, #12
1000390a:	bdf0      	pop	{r4, r5, r6, r7, pc}
1000390c:	4803      	ldr	r0, [pc, #12]	@ (1000391c <__wrap_putchar+0x78>)
1000390e:	f002 fdfb 	bl	10006508 <__mutex_exit_veneer>
10003912:	4630      	mov	r0, r6
10003914:	b003      	add	sp, #12
10003916:	bdf0      	pop	{r4, r5, r6, r7, pc}
10003918:	000f4240 	.word	0x000f4240
1000391c:	2000159c 	.word	0x2000159c
10003920:	20001d48 	.word	0x20001d48
10003924:	20001d50 	.word	0x20001d50

10003928 <__wrap_puts>:
10003928:	b538      	push	{r3, r4, r5, lr}
1000392a:	4604      	mov	r4, r0
1000392c:	f002 fdac 	bl	10006488 <strlen>
10003930:	2301      	movs	r3, #1
10003932:	4605      	mov	r5, r0
10003934:	461a      	mov	r2, r3
10003936:	4620      	mov	r0, r4
10003938:	4629      	mov	r1, r5
1000393a:	f7ff ff27 	bl	1000378c <stdio_put_string>
1000393e:	4b08      	ldr	r3, [pc, #32]	@ (10003960 <__wrap_puts+0x38>)
10003940:	681c      	ldr	r4, [r3, #0]
10003942:	b12c      	cbz	r4, 10003950 <__wrap_puts+0x28>
10003944:	6863      	ldr	r3, [r4, #4]
10003946:	b12b      	cbz	r3, 10003954 <__wrap_puts+0x2c>
10003948:	4798      	blx	r3
1000394a:	6924      	ldr	r4, [r4, #16]
1000394c:	2c00      	cmp	r4, #0
1000394e:	d1f9      	bne.n	10003944 <__wrap_puts+0x1c>
10003950:	4628      	mov	r0, r5
10003952:	bd38      	pop	{r3, r4, r5, pc}
10003954:	6924      	ldr	r4, [r4, #16]
10003956:	2c00      	cmp	r4, #0
10003958:	d1f4      	bne.n	10003944 <__wrap_puts+0x1c>
1000395a:	4628      	mov	r0, r5
1000395c:	bd38      	pop	{r3, r4, r5, pc}
1000395e:	bf00      	nop
10003960:	20001d48 	.word	0x20001d48

10003964 <__wrap_vprintf>:
10003964:	e92d 41f0 	stmdb	sp!, {r4, r5, r6, r7, r8, lr}
10003968:	b0a2      	sub	sp, #136	@ 0x88
1000396a:	4604      	mov	r4, r0
1000396c:	460d      	mov	r5, r1
1000396e:	f7fd fecd 	bl	1000170c <time_us_64>
10003972:	f04f 37ff 	mov.w	r7, #4294967295	@ 0xffffffff
10003976:	f06f 4600 	mvn.w	r6, #2147483648	@ 0x80000000
1000397a:	4a26      	ldr	r2, [pc, #152]	@ (10003a14 <__wrap_vprintf+0xb0>)
1000397c:	f8df 80a4 	ldr.w	r8, [pc, #164]	@ 10003a24 <__wrap_vprintf+0xc0>
10003980:	1882      	adds	r2, r0, r2
10003982:	f141 0300 	adc.w	r3, r1, #0
10003986:	4297      	cmp	r7, r2
10003988:	eb76 0103 	sbcs.w	r1, r6, r3
1000398c:	bf3c      	itt	cc
1000398e:	463a      	movcc	r2, r7
10003990:	4633      	movcc	r3, r6
10003992:	4821      	ldr	r0, [pc, #132]	@ (10003a18 <__wrap_vprintf+0xb4>)
10003994:	f002 fdc4 	bl	10006520 <__mutex_try_enter_block_until_veneer>
10003998:	2700      	movs	r7, #0
1000399a:	462b      	mov	r3, r5
1000399c:	4622      	mov	r2, r4
1000399e:	4606      	mov	r6, r0
100039a0:	a901      	add	r1, sp, #4
100039a2:	481e      	ldr	r0, [pc, #120]	@ (10003a1c <__wrap_vprintf+0xb8>)
100039a4:	9701      	str	r7, [sp, #4]
100039a6:	f7ff fe21 	bl	100035ec <vfctprintf>
100039aa:	9b01      	ldr	r3, [sp, #4]
100039ac:	4605      	mov	r5, r0
100039ae:	f8d8 4000 	ldr.w	r4, [r8]
100039b2:	b1c3      	cbz	r3, 100039e6 <__wrap_vprintf+0x82>
100039b4:	2c00      	cmp	r4, #0
100039b6:	d02b      	beq.n	10003a10 <__wrap_vprintf+0xac>
100039b8:	4f19      	ldr	r7, [pc, #100]	@ (10003a20 <__wrap_vprintf+0xbc>)
100039ba:	e001      	b.n	100039c0 <__wrap_vprintf+0x5c>
100039bc:	6924      	ldr	r4, [r4, #16]
100039be:	b174      	cbz	r4, 100039de <__wrap_vprintf+0x7a>
100039c0:	6823      	ldr	r3, [r4, #0]
100039c2:	2b00      	cmp	r3, #0
100039c4:	d0fa      	beq.n	100039bc <__wrap_vprintf+0x58>
100039c6:	683b      	ldr	r3, [r7, #0]
100039c8:	b10b      	cbz	r3, 100039ce <__wrap_vprintf+0x6a>
100039ca:	42a3      	cmp	r3, r4
100039cc:	d1f6      	bne.n	100039bc <__wrap_vprintf+0x58>
100039ce:	4620      	mov	r0, r4
100039d0:	9a01      	ldr	r2, [sp, #4]
100039d2:	a902      	add	r1, sp, #8
100039d4:	f7ff fe52 	bl	1000367c <stdio_out_chars_crlf>
100039d8:	6924      	ldr	r4, [r4, #16]
100039da:	2c00      	cmp	r4, #0
100039dc:	d1f0      	bne.n	100039c0 <__wrap_vprintf+0x5c>
100039de:	2300      	movs	r3, #0
100039e0:	f8d8 4000 	ldr.w	r4, [r8]
100039e4:	9301      	str	r3, [sp, #4]
100039e6:	b12c      	cbz	r4, 100039f4 <__wrap_vprintf+0x90>
100039e8:	6863      	ldr	r3, [r4, #4]
100039ea:	b143      	cbz	r3, 100039fe <__wrap_vprintf+0x9a>
100039ec:	4798      	blx	r3
100039ee:	6924      	ldr	r4, [r4, #16]
100039f0:	2c00      	cmp	r4, #0
100039f2:	d1f9      	bne.n	100039e8 <__wrap_vprintf+0x84>
100039f4:	b92e      	cbnz	r6, 10003a02 <__wrap_vprintf+0x9e>
100039f6:	4628      	mov	r0, r5
100039f8:	b022      	add	sp, #136	@ 0x88
100039fa:	e8bd 81f0 	ldmia.w	sp!, {r4, r5, r6, r7, r8, pc}
100039fe:	6924      	ldr	r4, [r4, #16]
10003a00:	e7f1      	b.n	100039e6 <__wrap_vprintf+0x82>
10003a02:	4805      	ldr	r0, [pc, #20]	@ (10003a18 <__wrap_vprintf+0xb4>)
10003a04:	f002 fd80 	bl	10006508 <__mutex_exit_veneer>
10003a08:	4628      	mov	r0, r5
10003a0a:	b022      	add	sp, #136	@ 0x88
10003a0c:	e8bd 81f0 	ldmia.w	sp!, {r4, r5, r6, r7, r8, pc}
10003a10:	9401      	str	r4, [sp, #4]
10003a12:	e7ef      	b.n	100039f4 <__wrap_vprintf+0x90>
10003a14:	000f4240 	.word	0x000f4240
10003a18:	2000159c 	.word	0x2000159c
10003a1c:	1000372d 	.word	0x1000372d
10003a20:	20001d50 	.word	0x20001d50
10003a24:	20001d48 	.word	0x20001d48

10003a28 <__wrap_printf>:
10003a28:	b40f      	push	{r0, r1, r2, r3}
10003a2a:	b500      	push	{lr}
10003a2c:	b083      	sub	sp, #12
10003a2e:	a904      	add	r1, sp, #16
10003a30:	f851 0b04 	ldr.w	r0, [r1], #4
10003a34:	9101      	str	r1, [sp, #4]
10003a36:	f7ff ff95 	bl	10003964 <__wrap_vprintf>
10003a3a:	b003      	add	sp, #12
10003a3c:	f85d eb04 	ldr.w	lr, [sp], #4
10003a40:	b004      	add	sp, #16
10003a42:	4770      	bx	lr

10003a44 <resetd_init>:
10003a44:	4770      	bx	lr
10003a46:	bf00      	nop

10003a48 <resetd_reset>:
10003a48:	2200      	movs	r2, #0
10003a4a:	4b01      	ldr	r3, [pc, #4]	@ (10003a50 <resetd_reset+0x8>)
10003a4c:	701a      	strb	r2, [r3, #0]
10003a4e:	4770      	bx	lr
10003a50:	200023cd 	.word	0x200023cd

10003a54 <resetd_open>:
10003a54:	794b      	ldrb	r3, [r1, #5]
10003a56:	2bff      	cmp	r3, #255	@ 0xff
10003a58:	d10b      	bne.n	10003a72 <resetd_open+0x1e>
10003a5a:	7988      	ldrb	r0, [r1, #6]
10003a5c:	b948      	cbnz	r0, 10003a72 <resetd_open+0x1e>
10003a5e:	79cb      	ldrb	r3, [r1, #7]
10003a60:	2b01      	cmp	r3, #1
10003a62:	d107      	bne.n	10003a74 <resetd_open+0x20>
10003a64:	2a08      	cmp	r2, #8
10003a66:	d905      	bls.n	10003a74 <resetd_open+0x20>
10003a68:	4b03      	ldr	r3, [pc, #12]	@ (10003a78 <resetd_open+0x24>)
10003a6a:	788a      	ldrb	r2, [r1, #2]
10003a6c:	2009      	movs	r0, #9
10003a6e:	701a      	strb	r2, [r3, #0]
10003a70:	4770      	bx	lr
10003a72:	2000      	movs	r0, #0
10003a74:	4770      	bx	lr
10003a76:	bf00      	nop
10003a78:	200023cd 	.word	0x200023cd

10003a7c <resetd_xfer_cb>:
10003a7c:	2001      	movs	r0, #1
10003a7e:	4770      	bx	lr

10003a80 <resetd_control_xfer_cb>:
10003a80:	2901      	cmp	r1, #1
10003a82:	d001      	beq.n	10003a88 <resetd_control_xfer_cb+0x8>
10003a84:	2001      	movs	r0, #1
10003a86:	4770      	bx	lr
10003a88:	b508      	push	{r3, lr}
10003a8a:	4b10      	ldr	r3, [pc, #64]	@ (10003acc <resetd_control_xfer_cb+0x4c>)
10003a8c:	8891      	ldrh	r1, [r2, #4]
10003a8e:	781b      	ldrb	r3, [r3, #0]
10003a90:	4299      	cmp	r1, r3
10003a92:	d001      	beq.n	10003a98 <resetd_control_xfer_cb+0x18>
10003a94:	2000      	movs	r0, #0
10003a96:	bd08      	pop	{r3, pc}
10003a98:	7853      	ldrb	r3, [r2, #1]
10003a9a:	2b01      	cmp	r3, #1
10003a9c:	d008      	beq.n	10003ab0 <resetd_control_xfer_cb+0x30>
10003a9e:	2b02      	cmp	r3, #2
10003aa0:	d1f8      	bne.n	10003a94 <resetd_control_xfer_cb+0x14>
10003aa2:	2100      	movs	r1, #0
10003aa4:	2264      	movs	r2, #100	@ 0x64
10003aa6:	4608      	mov	r0, r1
10003aa8:	f7fd ff00 	bl	100018ac <watchdog_reboot>
10003aac:	2001      	movs	r0, #1
10003aae:	bd08      	pop	{r3, pc}
10003ab0:	8851      	ldrh	r1, [r2, #2]
10003ab2:	05cb      	lsls	r3, r1, #23
10003ab4:	bf48      	it	mi
10003ab6:	0a48      	lsrmi	r0, r1, #9
10003ab8:	f3c1 2240 	ubfx	r2, r1, #9, #1
10003abc:	bf58      	it	pl
10003abe:	f04f 30ff 	movpl.w	r0, #4294967295	@ 0xffffffff
10003ac2:	f001 017f 	and.w	r1, r1, #127	@ 0x7f
10003ac6:	f7fd ff6f 	bl	100019a8 <rom_reset_usb_boot_extra>
10003aca:	bf00      	nop
10003acc:	200023cd 	.word	0x200023cd

10003ad0 <tud_descriptor_bos_cb>:
10003ad0:	4800      	ldr	r0, [pc, #0]	@ (10003ad4 <tud_descriptor_bos_cb+0x4>)
10003ad2:	4770      	bx	lr
10003ad4:	10006abc 	.word	0x10006abc

10003ad8 <tud_vendor_control_xfer_cb>:
10003ad8:	2901      	cmp	r1, #1
10003ada:	d107      	bne.n	10003aec <tud_vendor_control_xfer_cb+0x14>
10003adc:	7853      	ldrb	r3, [r2, #1]
10003ade:	2b01      	cmp	r3, #1
10003ae0:	d102      	bne.n	10003ae8 <tud_vendor_control_xfer_cb+0x10>
10003ae2:	8893      	ldrh	r3, [r2, #4]
10003ae4:	2b07      	cmp	r3, #7
10003ae6:	d003      	beq.n	10003af0 <tud_vendor_control_xfer_cb+0x18>
10003ae8:	2000      	movs	r0, #0
10003aea:	4770      	bx	lr
10003aec:	2001      	movs	r0, #1
10003aee:	4770      	bx	lr
10003af0:	4611      	mov	r1, r2
10003af2:	23a6      	movs	r3, #166	@ 0xa6
10003af4:	4a01      	ldr	r2, [pc, #4]	@ (10003afc <tud_vendor_control_xfer_cb+0x24>)
10003af6:	f001 ba39 	b.w	10004f6c <tud_control_xfer>
10003afa:	bf00      	nop
10003afc:	10006a14 	.word	0x10006a14

10003b00 <usbd_app_driver_get_cb>:
10003b00:	4603      	mov	r3, r0
10003b02:	2201      	movs	r2, #1
10003b04:	4801      	ldr	r0, [pc, #4]	@ (10003b0c <usbd_app_driver_get_cb+0xc>)
10003b06:	701a      	strb	r2, [r3, #0]
10003b08:	4770      	bx	lr
10003b0a:	bf00      	nop
10003b0c:	100069f4 	.word	0x100069f4

10003b10 <tud_cdc_line_coding_cb>:
10003b10:	b508      	push	{r3, lr}
10003b12:	680b      	ldr	r3, [r1, #0]
10003b14:	f5b3 6f96 	cmp.w	r3, #1200	@ 0x4b0
10003b18:	d000      	beq.n	10003b1c <tud_cdc_line_coding_cb+0xc>
10003b1a:	bd08      	pop	{r3, pc}
10003b1c:	2200      	movs	r2, #0
10003b1e:	f04f 30ff 	mov.w	r0, #4294967295	@ 0xffffffff
10003b22:	4611      	mov	r1, r2
10003b24:	f7fd ff40 	bl	100019a8 <rom_reset_usb_boot_extra>

10003b28 <stdio_usb_set_chars_available_callback>:
10003b28:	4a02      	ldr	r2, [pc, #8]	@ (10003b34 <stdio_usb_set_chars_available_callback+0xc>)
10003b2a:	4b03      	ldr	r3, [pc, #12]	@ (10003b38 <stdio_usb_set_chars_available_callback+0x10>)
10003b2c:	6010      	str	r0, [r2, #0]
10003b2e:	6019      	str	r1, [r3, #0]
10003b30:	4770      	bx	lr
10003b32:	bf00      	nop
10003b34:	20001ce8 	.word	0x20001ce8
10003b38:	20001cec 	.word	0x20001cec

10003b3c <timer_task>:
10003b3c:	4b18      	ldr	r3, [pc, #96]	@ (10003ba0 <timer_task+0x64>)
10003b3e:	b570      	push	{r4, r5, r6, lr}
10003b40:	681a      	ldr	r2, [r3, #0]
10003b42:	2a00      	cmp	r2, #0
10003b44:	d028      	beq.n	10003b98 <timer_task+0x5c>
10003b46:	f3ef 8110 	mrs	r1, PRIMASK
10003b4a:	b672      	cpsid	i
10003b4c:	e8d2 4fcf 	ldaexb	r4, [r2]
10003b50:	2001      	movs	r0, #1
10003b52:	2c00      	cmp	r4, #0
10003b54:	d1fa      	bne.n	10003b4c <timer_task+0x10>
10003b56:	e8c2 0f44 	strexb	r4, r0, [r2]
10003b5a:	2c00      	cmp	r4, #0
10003b5c:	d1f6      	bne.n	10003b4c <timer_task+0x10>
10003b5e:	f3bf 8f5f 	dmb	sy
10003b62:	2200      	movs	r2, #0
10003b64:	4c0f      	ldr	r4, [pc, #60]	@ (10003ba4 <timer_task+0x68>)
10003b66:	6818      	ldr	r0, [r3, #0]
10003b68:	6059      	str	r1, [r3, #4]
10003b6a:	7022      	strb	r2, [r4, #0]
10003b6c:	e8c0 2f8f 	stlb	r2, [r0]
10003b70:	f381 8810 	msr	PRIMASK, r1
10003b74:	2400      	movs	r4, #0
10003b76:	2500      	movs	r5, #0
10003b78:	4e0b      	ldr	r6, [pc, #44]	@ (10003ba8 <timer_task+0x6c>)
10003b7a:	7830      	ldrb	r0, [r6, #0]
10003b7c:	f7fc ff94 	bl	10000aa8 <irq_is_enabled>
10003b80:	b920      	cbnz	r0, 10003b8c <timer_task+0x50>
10003b82:	2400      	movs	r4, #0
10003b84:	2500      	movs	r5, #0
10003b86:	4620      	mov	r0, r4
10003b88:	4629      	mov	r1, r5
10003b8a:	bd70      	pop	{r4, r5, r6, pc}
10003b8c:	7830      	ldrb	r0, [r6, #0]
10003b8e:	f7fc ff9b 	bl	10000ac8 <irq_set_pending>
10003b92:	4620      	mov	r0, r4
10003b94:	4629      	mov	r1, r5
10003b96:	bd70      	pop	{r4, r5, r6, pc}
10003b98:	f44f 747a 	mov.w	r4, #1000	@ 0x3e8
10003b9c:	2500      	movs	r5, #0
10003b9e:	e7eb      	b.n	10003b78 <timer_task+0x3c>
10003ba0:	20002178 	.word	0x20002178
10003ba4:	200023cf 	.word	0x200023cf
10003ba8:	200023ce 	.word	0x200023ce

10003bac <usb_irq>:
10003bac:	4b01      	ldr	r3, [pc, #4]	@ (10003bb4 <usb_irq+0x8>)
10003bae:	7818      	ldrb	r0, [r3, #0]
10003bb0:	f7fc bf8a 	b.w	10000ac8 <irq_set_pending>
10003bb4:	200023ce 	.word	0x200023ce

10003bb8 <stdio_usb_in_chars>:
10003bb8:	b538      	push	{r3, r4, r5, lr}
10003bba:	4604      	mov	r4, r0
10003bbc:	2000      	movs	r0, #0
10003bbe:	460d      	mov	r5, r1
10003bc0:	f001 fb04 	bl	100051cc <tud_cdc_n_connected>
10003bc4:	b3a8      	cbz	r0, 10003c32 <stdio_usb_in_chars+0x7a>
10003bc6:	2000      	movs	r0, #0
10003bc8:	f001 fb16 	bl	100051f8 <tud_cdc_n_available>
10003bcc:	b388      	cbz	r0, 10003c32 <stdio_usb_in_chars+0x7a>
10003bce:	f7fd fd9d 	bl	1000170c <time_us_64>
10003bd2:	f04f 3eff 	mov.w	lr, #4294967295	@ 0xffffffff
10003bd6:	f06f 4c00 	mvn.w	ip, #2147483648	@ 0x80000000
10003bda:	4a17      	ldr	r2, [pc, #92]	@ (10003c38 <stdio_usb_in_chars+0x80>)
10003bdc:	1882      	adds	r2, r0, r2
10003bde:	f141 0300 	adc.w	r3, r1, #0
10003be2:	4596      	cmp	lr, r2
10003be4:	eb7c 0103 	sbcs.w	r1, ip, r3
10003be8:	bf3c      	itt	cc
10003bea:	4672      	movcc	r2, lr
10003bec:	4663      	movcc	r3, ip
10003bee:	4813      	ldr	r0, [pc, #76]	@ (10003c3c <stdio_usb_in_chars+0x84>)
10003bf0:	f002 fc96 	bl	10006520 <__mutex_try_enter_block_until_veneer>
10003bf4:	b1e8      	cbz	r0, 10003c32 <stdio_usb_in_chars+0x7a>
10003bf6:	2000      	movs	r0, #0
10003bf8:	f001 fae8 	bl	100051cc <tud_cdc_n_connected>
10003bfc:	b958      	cbnz	r0, 10003c16 <stdio_usb_in_chars+0x5e>
10003bfe:	2100      	movs	r1, #0
10003c00:	f04f 30ff 	mov.w	r0, #4294967295	@ 0xffffffff
10003c04:	f000 fd0a 	bl	1000461c <tud_task_ext>
10003c08:	f06f 0402 	mvn.w	r4, #2
10003c0c:	480b      	ldr	r0, [pc, #44]	@ (10003c3c <stdio_usb_in_chars+0x84>)
10003c0e:	f002 fc7b 	bl	10006508 <__mutex_exit_veneer>
10003c12:	4620      	mov	r0, r4
10003c14:	bd38      	pop	{r3, r4, r5, pc}
10003c16:	2000      	movs	r0, #0
10003c18:	f001 faee 	bl	100051f8 <tud_cdc_n_available>
10003c1c:	2800      	cmp	r0, #0
10003c1e:	d0ee      	beq.n	10003bfe <stdio_usb_in_chars+0x46>
10003c20:	4621      	mov	r1, r4
10003c22:	462a      	mov	r2, r5
10003c24:	2000      	movs	r0, #0
10003c26:	f001 faf1 	bl	1000520c <tud_cdc_n_read>
10003c2a:	4604      	mov	r4, r0
10003c2c:	2800      	cmp	r0, #0
10003c2e:	d1ed      	bne.n	10003c0c <stdio_usb_in_chars+0x54>
10003c30:	e7ea      	b.n	10003c08 <stdio_usb_in_chars+0x50>
10003c32:	f06f 0402 	mvn.w	r4, #2
10003c36:	e7ec      	b.n	10003c12 <stdio_usb_in_chars+0x5a>
10003c38:	000f4240 	.word	0x000f4240
10003c3c:	200023b0 	.word	0x200023b0

10003c40 <stdio_usb_out_flush>:
10003c40:	b508      	push	{r3, lr}
10003c42:	f7fd fd63 	bl	1000170c <time_us_64>
10003c46:	f04f 3eff 	mov.w	lr, #4294967295	@ 0xffffffff
10003c4a:	f06f 4c00 	mvn.w	ip, #2147483648	@ 0x80000000
10003c4e:	4a0f      	ldr	r2, [pc, #60]	@ (10003c8c <stdio_usb_out_flush+0x4c>)
10003c50:	1882      	adds	r2, r0, r2
10003c52:	f141 0300 	adc.w	r3, r1, #0
10003c56:	4596      	cmp	lr, r2
10003c58:	eb7c 0103 	sbcs.w	r1, ip, r3
10003c5c:	bf3c      	itt	cc
10003c5e:	4672      	movcc	r2, lr
10003c60:	4663      	movcc	r3, ip
10003c62:	480b      	ldr	r0, [pc, #44]	@ (10003c90 <stdio_usb_out_flush+0x50>)
10003c64:	f002 fc5c 	bl	10006520 <__mutex_try_enter_block_until_veneer>
10003c68:	b170      	cbz	r0, 10003c88 <stdio_usb_out_flush+0x48>
10003c6a:	f04f 30ff 	mov.w	r0, #4294967295	@ 0xffffffff
10003c6e:	2100      	movs	r1, #0
10003c70:	f000 fcd4 	bl	1000461c <tud_task_ext>
10003c74:	2000      	movs	r0, #0
10003c76:	f001 fb11 	bl	1000529c <tud_cdc_n_write_flush>
10003c7a:	2800      	cmp	r0, #0
10003c7c:	d1f5      	bne.n	10003c6a <stdio_usb_out_flush+0x2a>
10003c7e:	e8bd 4008 	ldmia.w	sp!, {r3, lr}
10003c82:	4803      	ldr	r0, [pc, #12]	@ (10003c90 <stdio_usb_out_flush+0x50>)
10003c84:	f002 bc40 	b.w	10006508 <__mutex_exit_veneer>
10003c88:	bd08      	pop	{r3, pc}
10003c8a:	bf00      	nop
10003c8c:	000f4240 	.word	0x000f4240
10003c90:	200023b0 	.word	0x200023b0

10003c94 <stdio_usb_out_chars>:
10003c94:	e92d 43f8 	stmdb	sp!, {r3, r4, r5, r6, r7, r8, r9, lr}
10003c98:	4680      	mov	r8, r0
10003c9a:	460f      	mov	r7, r1
10003c9c:	f7fd fd36 	bl	1000170c <time_us_64>
10003ca0:	f04f 35ff 	mov.w	r5, #4294967295	@ 0xffffffff
10003ca4:	f06f 4400 	mvn.w	r4, #2147483648	@ 0x80000000
10003ca8:	4a33      	ldr	r2, [pc, #204]	@ (10003d78 <stdio_usb_out_chars+0xe4>)
10003caa:	1882      	adds	r2, r0, r2
10003cac:	f141 0300 	adc.w	r3, r1, #0
10003cb0:	4295      	cmp	r5, r2
10003cb2:	eb74 0103 	sbcs.w	r1, r4, r3
10003cb6:	bf3c      	itt	cc
10003cb8:	462a      	movcc	r2, r5
10003cba:	4623      	movcc	r3, r4
10003cbc:	482f      	ldr	r0, [pc, #188]	@ (10003d7c <stdio_usb_out_chars+0xe8>)
10003cbe:	f002 fc2f 	bl	10006520 <__mutex_try_enter_block_until_veneer>
10003cc2:	b908      	cbnz	r0, 10003cc8 <stdio_usb_out_chars+0x34>
10003cc4:	e8bd 83f8 	ldmia.w	sp!, {r3, r4, r5, r6, r7, r8, r9, pc}
10003cc8:	2000      	movs	r0, #0
10003cca:	f001 fa7f 	bl	100051cc <tud_cdc_n_connected>
10003cce:	2800      	cmp	r0, #0
10003cd0:	d047      	beq.n	10003d62 <stdio_usb_out_chars+0xce>
10003cd2:	2f00      	cmp	r7, #0
10003cd4:	dd40      	ble.n	10003d58 <stdio_usb_out_chars+0xc4>
10003cd6:	2500      	movs	r5, #0
10003cd8:	f8df 90a8 	ldr.w	r9, [pc, #168]	@ 10003d84 <stdio_usb_out_chars+0xf0>
10003cdc:	4e28      	ldr	r6, [pc, #160]	@ (10003d80 <stdio_usb_out_chars+0xec>)
10003cde:	e013      	b.n	10003d08 <stdio_usb_out_chars+0x74>
10003ce0:	4622      	mov	r2, r4
10003ce2:	2000      	movs	r0, #0
10003ce4:	f001 fb20 	bl	10005328 <tud_cdc_n_write>
10003ce8:	2100      	movs	r1, #0
10003cea:	4604      	mov	r4, r0
10003cec:	f04f 30ff 	mov.w	r0, #4294967295	@ 0xffffffff
10003cf0:	f000 fc94 	bl	1000461c <tud_task_ext>
10003cf4:	2000      	movs	r0, #0
10003cf6:	f001 fad1 	bl	1000529c <tud_cdc_n_write_flush>
10003cfa:	f7fd fd07 	bl	1000170c <time_us_64>
10003cfe:	e9c9 0100 	strd	r0, r1, [r9]
10003d02:	4425      	add	r5, r4
10003d04:	42af      	cmp	r7, r5
10003d06:	dd27      	ble.n	10003d58 <stdio_usb_out_chars+0xc4>
10003d08:	2000      	movs	r0, #0
10003d0a:	f001 fb2d 	bl	10005368 <tud_cdc_n_write_available>
10003d0e:	1b7c      	subs	r4, r7, r5
10003d10:	4284      	cmp	r4, r0
10003d12:	bfa8      	it	ge
10003d14:	4604      	movge	r4, r0
10003d16:	eb08 0105 	add.w	r1, r8, r5
10003d1a:	2c00      	cmp	r4, #0
10003d1c:	d1e0      	bne.n	10003ce0 <stdio_usb_out_chars+0x4c>
10003d1e:	4621      	mov	r1, r4
10003d20:	f04f 30ff 	mov.w	r0, #4294967295	@ 0xffffffff
10003d24:	f000 fc7a 	bl	1000461c <tud_task_ext>
10003d28:	4620      	mov	r0, r4
10003d2a:	f001 fab7 	bl	1000529c <tud_cdc_n_write_flush>
10003d2e:	4620      	mov	r0, r4
10003d30:	f001 fa4c 	bl	100051cc <tud_cdc_n_connected>
10003d34:	b180      	cbz	r0, 10003d58 <stdio_usb_out_chars+0xc4>
10003d36:	4620      	mov	r0, r4
10003d38:	f001 fb16 	bl	10005368 <tud_cdc_n_write_available>
10003d3c:	2800      	cmp	r0, #0
10003d3e:	d1e1      	bne.n	10003d04 <stdio_usb_out_chars+0x70>
10003d40:	f7fd fce4 	bl	1000170c <time_us_64>
10003d44:	f8d9 3000 	ldr.w	r3, [r9]
10003d48:	f8d9 2004 	ldr.w	r2, [r9, #4]
10003d4c:	199b      	adds	r3, r3, r6
10003d4e:	f142 0200 	adc.w	r2, r2, #0
10003d52:	4283      	cmp	r3, r0
10003d54:	418a      	sbcs	r2, r1
10003d56:	d2d5      	bcs.n	10003d04 <stdio_usb_out_chars+0x70>
10003d58:	4808      	ldr	r0, [pc, #32]	@ (10003d7c <stdio_usb_out_chars+0xe8>)
10003d5a:	e8bd 43f8 	ldmia.w	sp!, {r3, r4, r5, r6, r7, r8, r9, lr}
10003d5e:	f002 bbd3 	b.w	10006508 <__mutex_exit_veneer>
10003d62:	2000      	movs	r0, #0
10003d64:	2100      	movs	r1, #0
10003d66:	4b07      	ldr	r3, [pc, #28]	@ (10003d84 <stdio_usb_out_chars+0xf0>)
10003d68:	e9c3 0100 	strd	r0, r1, [r3]
10003d6c:	e8bd 43f8 	ldmia.w	sp!, {r3, r4, r5, r6, r7, r8, r9, lr}
10003d70:	4802      	ldr	r0, [pc, #8]	@ (10003d7c <stdio_usb_out_chars+0xe8>)
10003d72:	f002 bbc9 	b.w	10006508 <__mutex_exit_veneer>
10003d76:	bf00      	nop
10003d78:	000f4240 	.word	0x000f4240
10003d7c:	200023b0 	.word	0x200023b0
10003d80:	0007a120 	.word	0x0007a120
10003d84:	20001728 	.word	0x20001728

10003d88 <low_priority_worker_irq>:
10003d88:	b530      	push	{r4, r5, lr}
10003d8a:	2100      	movs	r1, #0
10003d8c:	b085      	sub	sp, #20
10003d8e:	482e      	ldr	r0, [pc, #184]	@ (10003e48 <low_priority_worker_irq+0xc0>)
10003d90:	f002 fbd2 	bl	10006538 <__mutex_try_enter_veneer>
10003d94:	b9f0      	cbnz	r0, 10003dd4 <low_priority_worker_irq+0x4c>
10003d96:	4b2d      	ldr	r3, [pc, #180]	@ (10003e4c <low_priority_worker_irq+0xc4>)
10003d98:	681a      	ldr	r2, [r3, #0]
10003d9a:	b1ca      	cbz	r2, 10003dd0 <low_priority_worker_irq+0x48>
10003d9c:	f3ef 8110 	mrs	r1, PRIMASK
10003da0:	b672      	cpsid	i
10003da2:	e8d2 5fcf 	ldaexb	r5, [r2]
10003da6:	2401      	movs	r4, #1
10003da8:	2d00      	cmp	r5, #0
10003daa:	d1fa      	bne.n	10003da2 <low_priority_worker_irq+0x1a>
10003dac:	e8c2 4f45 	strexb	r5, r4, [r2]
10003db0:	2d00      	cmp	r5, #0
10003db2:	d1f6      	bne.n	10003da2 <low_priority_worker_irq+0x1a>
10003db4:	f3bf 8f5f 	dmb	sy
10003db8:	4c25      	ldr	r4, [pc, #148]	@ (10003e50 <low_priority_worker_irq+0xc8>)
10003dba:	681d      	ldr	r5, [r3, #0]
10003dbc:	7822      	ldrb	r2, [r4, #0]
10003dbe:	6059      	str	r1, [r3, #4]
10003dc0:	b2d3      	uxtb	r3, r2
10003dc2:	2201      	movs	r2, #1
10003dc4:	7022      	strb	r2, [r4, #0]
10003dc6:	e8c5 0f8f 	stlb	r0, [r5]
10003dca:	f381 8810 	msr	PRIMASK, r1
10003dce:	b1cb      	cbz	r3, 10003e04 <low_priority_worker_irq+0x7c>
10003dd0:	b005      	add	sp, #20
10003dd2:	bd30      	pop	{r4, r5, pc}
10003dd4:	2100      	movs	r1, #0
10003dd6:	f04f 30ff 	mov.w	r0, #4294967295	@ 0xffffffff
10003dda:	f000 fc1f 	bl	1000461c <tud_task_ext>
10003dde:	2000      	movs	r0, #0
10003de0:	f001 fa0a 	bl	100051f8 <tud_cdc_n_available>
10003de4:	4604      	mov	r4, r0
10003de6:	4818      	ldr	r0, [pc, #96]	@ (10003e48 <low_priority_worker_irq+0xc0>)
10003de8:	f002 fb8e 	bl	10006508 <__mutex_exit_veneer>
10003dec:	2c00      	cmp	r4, #0
10003dee:	d0ef      	beq.n	10003dd0 <low_priority_worker_irq+0x48>
10003df0:	4b18      	ldr	r3, [pc, #96]	@ (10003e54 <low_priority_worker_irq+0xcc>)
10003df2:	681b      	ldr	r3, [r3, #0]
10003df4:	2b00      	cmp	r3, #0
10003df6:	d0eb      	beq.n	10003dd0 <low_priority_worker_irq+0x48>
10003df8:	4a17      	ldr	r2, [pc, #92]	@ (10003e58 <low_priority_worker_irq+0xd0>)
10003dfa:	6810      	ldr	r0, [r2, #0]
10003dfc:	b005      	add	sp, #20
10003dfe:	e8bd 4030 	ldmia.w	sp!, {r4, r5, lr}
10003e02:	4718      	bx	r3
10003e04:	f7fd fa78 	bl	100012f8 <alarm_pool_get_default>
10003e08:	4604      	mov	r4, r0
10003e0a:	f7fd fc7f 	bl	1000170c <time_us_64>
10003e0e:	f04f 3cff 	mov.w	ip, #4294967295	@ 0xffffffff
10003e12:	f06f 4500 	mvn.w	r5, #2147483648	@ 0x80000000
10003e16:	f510 727a 	adds.w	r2, r0, #1000	@ 0x3e8
10003e1a:	f141 0300 	adc.w	r3, r1, #0
10003e1e:	4594      	cmp	ip, r2
10003e20:	eb75 0103 	sbcs.w	r1, r5, r3
10003e24:	bf38      	it	cc
10003e26:	462b      	movcc	r3, r5
10003e28:	f04f 0100 	mov.w	r1, #0
10003e2c:	f04f 0501 	mov.w	r5, #1
10003e30:	4620      	mov	r0, r4
10003e32:	4c0a      	ldr	r4, [pc, #40]	@ (10003e5c <low_priority_worker_irq+0xd4>)
10003e34:	bf38      	it	cc
10003e36:	4662      	movcc	r2, ip
10003e38:	e9cd 1501 	strd	r1, r5, [sp, #4]
10003e3c:	9400      	str	r4, [sp, #0]
10003e3e:	f7fd fa5f 	bl	10001300 <alarm_pool_add_alarm_at>
10003e42:	b005      	add	sp, #20
10003e44:	bd30      	pop	{r4, r5, pc}
10003e46:	bf00      	nop
10003e48:	200023b0 	.word	0x200023b0
10003e4c:	20002178 	.word	0x20002178
10003e50:	200023cf 	.word	0x200023cf
10003e54:	20001ce8 	.word	0x20001ce8
10003e58:	20001cec 	.word	0x20001cec
10003e5c:	10003b3d 	.word	0x10003b3d

10003e60 <stdio_usb_init>:
10003e60:	f04f 4350 	mov.w	r3, #3489660928	@ 0xd0000000
10003e64:	b530      	push	{r4, r5, lr}
10003e66:	b085      	sub	sp, #20
10003e68:	681c      	ldr	r4, [r3, #0]
10003e6a:	f7fd fa45 	bl	100012f8 <alarm_pool_get_default>
10003e6e:	f7fd fb59 	bl	10001524 <alarm_pool_core_num>
10003e72:	42a0      	cmp	r0, r4
10003e74:	d002      	beq.n	10003e7c <stdio_usb_init+0x1c>
10003e76:	2000      	movs	r0, #0
10003e78:	b005      	add	sp, #20
10003e7a:	bd30      	pop	{r4, r5, pc}
10003e7c:	2100      	movs	r1, #0
10003e7e:	4b2a      	ldr	r3, [pc, #168]	@ (10003f28 <stdio_usb_init+0xc8>)
10003e80:	4608      	mov	r0, r1
10003e82:	781b      	ldrb	r3, [r3, #0]
10003e84:	f001 fd38 	bl	100058f8 <tusb_rhport_init>
10003e88:	4828      	ldr	r0, [pc, #160]	@ (10003f2c <stdio_usb_init+0xcc>)
10003e8a:	6803      	ldr	r3, [r0, #0]
10003e8c:	2b00      	cmp	r3, #0
10003e8e:	d047      	beq.n	10003f20 <stdio_usb_init+0xc0>
10003e90:	2001      	movs	r0, #1
10003e92:	f7fc ffb7 	bl	10000e04 <user_irq_claim_unused>
10003e96:	4603      	mov	r3, r0
10003e98:	4c25      	ldr	r4, [pc, #148]	@ (10003f30 <stdio_usb_init+0xd0>)
10003e9a:	4926      	ldr	r1, [pc, #152]	@ (10003f34 <stdio_usb_init+0xd4>)
10003e9c:	b2c0      	uxtb	r0, r0
10003e9e:	7023      	strb	r3, [r4, #0]
10003ea0:	f7fc fe2e 	bl	10000b00 <irq_set_exclusive_handler>
10003ea4:	7820      	ldrb	r0, [r4, #0]
10003ea6:	2101      	movs	r1, #1
10003ea8:	f7fc fde8 	bl	10000a7c <irq_set_enabled>
10003eac:	200e      	movs	r0, #14
10003eae:	f7fc fe17 	bl	10000ae0 <irq_has_shared_handler>
10003eb2:	bb40      	cbnz	r0, 10003f06 <stdio_usb_init+0xa6>
10003eb4:	4b20      	ldr	r3, [pc, #128]	@ (10003f38 <stdio_usb_init+0xd8>)
10003eb6:	2501      	movs	r5, #1
10003eb8:	e9c3 0000 	strd	r0, r0, [r3]
10003ebc:	f7fd fa1c 	bl	100012f8 <alarm_pool_get_default>
10003ec0:	4604      	mov	r4, r0
10003ec2:	f7fd fc23 	bl	1000170c <time_us_64>
10003ec6:	f04f 3eff 	mov.w	lr, #4294967295	@ 0xffffffff
10003eca:	f06f 4c00 	mvn.w	ip, #2147483648	@ 0x80000000
10003ece:	f510 727a 	adds.w	r2, r0, #1000	@ 0x3e8
10003ed2:	f141 0300 	adc.w	r3, r1, #0
10003ed6:	4596      	cmp	lr, r2
10003ed8:	eb7c 0103 	sbcs.w	r1, ip, r3
10003edc:	f04f 0100 	mov.w	r1, #0
10003ee0:	4620      	mov	r0, r4
10003ee2:	4c16      	ldr	r4, [pc, #88]	@ (10003f3c <stdio_usb_init+0xdc>)
10003ee4:	bf3c      	itt	cc
10003ee6:	4672      	movcc	r2, lr
10003ee8:	4663      	movcc	r3, ip
10003eea:	e9cd 1501 	strd	r1, r5, [sp, #4]
10003eee:	9400      	str	r4, [sp, #0]
10003ef0:	f7fd fa06 	bl	10001300 <alarm_pool_add_alarm_at>
10003ef4:	2800      	cmp	r0, #0
10003ef6:	dbbe      	blt.n	10003e76 <stdio_usb_init+0x16>
10003ef8:	2101      	movs	r1, #1
10003efa:	4811      	ldr	r0, [pc, #68]	@ (10003f40 <stdio_usb_init+0xe0>)
10003efc:	f7ff fcbc 	bl	10003878 <stdio_set_driver_enabled>
10003f00:	2001      	movs	r0, #1
10003f02:	b005      	add	sp, #20
10003f04:	bd30      	pop	{r4, r5, pc}
10003f06:	2001      	movs	r0, #1
10003f08:	f7fc fd74 	bl	100009f4 <spin_lock_claim_unused>
10003f0c:	4601      	mov	r1, r0
10003f0e:	480a      	ldr	r0, [pc, #40]	@ (10003f38 <stdio_usb_init+0xd8>)
10003f10:	f7fc ffd4 	bl	10000ebc <critical_section_init_with_lock_num>
10003f14:	2200      	movs	r2, #0
10003f16:	200e      	movs	r0, #14
10003f18:	490a      	ldr	r1, [pc, #40]	@ (10003f44 <stdio_usb_init+0xe4>)
10003f1a:	f7fc fe21 	bl	10000b60 <irq_add_shared_handler>
10003f1e:	e7eb      	b.n	10003ef8 <stdio_usb_init+0x98>
10003f20:	f7fc ffb0 	bl	10000e84 <mutex_init>
10003f24:	e7b4      	b.n	10003e90 <stdio_usb_init+0x30>
10003f26:	bf00      	nop
10003f28:	10006bd4 	.word	0x10006bd4
10003f2c:	200023b0 	.word	0x200023b0
10003f30:	200023ce 	.word	0x200023ce
10003f34:	10003d89 	.word	0x10003d89
10003f38:	20002178 	.word	0x20002178
10003f3c:	10003b3d 	.word	0x10003b3d
10003f40:	2000155c 	.word	0x2000155c
10003f44:	10003bad 	.word	0x10003bad

10003f48 <tud_descriptor_device_cb>:
10003f48:	4800      	ldr	r0, [pc, #0]	@ (10003f4c <tud_descriptor_device_cb+0x4>)
10003f4a:	4770      	bx	lr
10003f4c:	10006b58 	.word	0x10006b58

10003f50 <tud_descriptor_configuration_cb>:
10003f50:	4800      	ldr	r0, [pc, #0]	@ (10003f54 <tud_descriptor_configuration_cb+0x4>)
10003f52:	4770      	bx	lr
10003f54:	10006b04 	.word	0x10006b04

10003f58 <tud_descriptor_string_cb>:
10003f58:	b538      	push	{r3, r4, r5, lr}
10003f5a:	4b18      	ldr	r3, [pc, #96]	@ (10003fbc <tud_descriptor_string_cb+0x64>)
10003f5c:	4604      	mov	r4, r0
10003f5e:	781a      	ldrb	r2, [r3, #0]
10003f60:	b30a      	cbz	r2, 10003fa6 <tud_descriptor_string_cb+0x4e>
10003f62:	b944      	cbnz	r4, 10003f76 <tud_descriptor_string_cb+0x1e>
10003f64:	f240 4209 	movw	r2, #1033	@ 0x409
10003f68:	f44f 7341 	mov.w	r3, #772	@ 0x304
10003f6c:	4d14      	ldr	r5, [pc, #80]	@ (10003fc0 <tud_descriptor_string_cb+0x68>)
10003f6e:	806a      	strh	r2, [r5, #2]
10003f70:	4813      	ldr	r0, [pc, #76]	@ (10003fc0 <tud_descriptor_string_cb+0x68>)
10003f72:	802b      	strh	r3, [r5, #0]
10003f74:	bd38      	pop	{r3, r4, r5, pc}
10003f76:	2c05      	cmp	r4, #5
10003f78:	d81d      	bhi.n	10003fb6 <tud_descriptor_string_cb+0x5e>
10003f7a:	4b12      	ldr	r3, [pc, #72]	@ (10003fc4 <tud_descriptor_string_cb+0x6c>)
10003f7c:	4d10      	ldr	r5, [pc, #64]	@ (10003fc0 <tud_descriptor_string_cb+0x68>)
10003f7e:	f853 1024 	ldr.w	r1, [r3, r4, lsl #2]
10003f82:	4628      	mov	r0, r5
10003f84:	2300      	movs	r3, #0
10003f86:	3901      	subs	r1, #1
10003f88:	e003      	b.n	10003f92 <tud_descriptor_string_cb+0x3a>
10003f8a:	2b13      	cmp	r3, #19
10003f8c:	f820 2f02 	strh.w	r2, [r0, #2]!
10003f90:	d00e      	beq.n	10003fb0 <tud_descriptor_string_cb+0x58>
10003f92:	f811 2f01 	ldrb.w	r2, [r1, #1]!
10003f96:	3301      	adds	r3, #1
10003f98:	b2db      	uxtb	r3, r3
10003f9a:	2a00      	cmp	r2, #0
10003f9c:	d1f5      	bne.n	10003f8a <tud_descriptor_string_cb+0x32>
10003f9e:	005b      	lsls	r3, r3, #1
10003fa0:	f443 7340 	orr.w	r3, r3, #768	@ 0x300
10003fa4:	e7e4      	b.n	10003f70 <tud_descriptor_string_cb+0x18>
10003fa6:	2111      	movs	r1, #17
10003fa8:	4618      	mov	r0, r3
10003faa:	f000 f825 	bl	10003ff8 <pico_get_unique_board_id_string>
10003fae:	e7d8      	b.n	10003f62 <tud_descriptor_string_cb+0xa>
10003fb0:	f44f 734a 	mov.w	r3, #808	@ 0x328
10003fb4:	e7dc      	b.n	10003f70 <tud_descriptor_string_cb+0x18>
10003fb6:	2000      	movs	r0, #0
10003fb8:	bd38      	pop	{r3, r4, r5, pc}
10003fba:	bf00      	nop
10003fbc:	200023b8 	.word	0x200023b8
10003fc0:	20001d20 	.word	0x20001d20
10003fc4:	10006aec 	.word	0x10006aec

10003fc8 <_retrieve_unique_id_on_boot>:
10003fc8:	b500      	push	{lr}
10003fca:	f245 3047 	movw	r0, #21319	@ 0x5347
10003fce:	b08b      	sub	sp, #44	@ 0x2c
10003fd0:	f7fd fcde 	bl	10001990 <rom_func_lookup>
10003fd4:	2201      	movs	r2, #1
10003fd6:	4603      	mov	r3, r0
10003fd8:	2109      	movs	r1, #9
10003fda:	a801      	add	r0, sp, #4
10003fdc:	4798      	blx	r3
10003fde:	e9dd 3203 	ldrd	r3, r2, [sp, #12]
10003fe2:	4904      	ldr	r1, [pc, #16]	@ (10003ff4 <_retrieve_unique_id_on_boot+0x2c>)
10003fe4:	ba12      	rev	r2, r2
10003fe6:	ba1b      	rev	r3, r3
10003fe8:	e9c1 2300 	strd	r2, r3, [r1]
10003fec:	b00b      	add	sp, #44	@ 0x2c
10003fee:	f85d fb04 	ldr.w	pc, [sp], #4
10003ff2:	bf00      	nop
10003ff4:	200021a0 	.word	0x200021a0

10003ff8 <pico_get_unique_board_id_string>:
10003ff8:	2901      	cmp	r1, #1
10003ffa:	f101 33ff 	add.w	r3, r1, #4294967295	@ 0xffffffff
10003ffe:	f000 80b3 	beq.w	10004168 <pico_get_unique_board_id_string+0x170>
10004002:	495d      	ldr	r1, [pc, #372]	@ (10004178 <pico_get_unique_board_id_string+0x180>)
10004004:	780a      	ldrb	r2, [r1, #0]
10004006:	ea4f 1c12 	mov.w	ip, r2, lsr #4
1000400a:	2a9f      	cmp	r2, #159	@ 0x9f
1000400c:	bf8c      	ite	hi
1000400e:	f10c 0c37 	addhi.w	ip, ip, #55	@ 0x37
10004012:	f10c 0c30 	addls.w	ip, ip, #48	@ 0x30
10004016:	2b01      	cmp	r3, #1
10004018:	f880 c000 	strb.w	ip, [r0]
1000401c:	f000 80a7 	beq.w	1000416e <pico_get_unique_board_id_string+0x176>
10004020:	f002 020f 	and.w	r2, r2, #15
10004024:	2a09      	cmp	r2, #9
10004026:	bf8c      	ite	hi
10004028:	3237      	addhi	r2, #55	@ 0x37
1000402a:	3230      	addls	r2, #48	@ 0x30
1000402c:	2b02      	cmp	r3, #2
1000402e:	7042      	strb	r2, [r0, #1]
10004030:	f000 809d 	beq.w	1000416e <pico_get_unique_board_id_string+0x176>
10004034:	784a      	ldrb	r2, [r1, #1]
10004036:	ea4f 1c12 	mov.w	ip, r2, lsr #4
1000403a:	2a9f      	cmp	r2, #159	@ 0x9f
1000403c:	bf8c      	ite	hi
1000403e:	f10c 0c37 	addhi.w	ip, ip, #55	@ 0x37
10004042:	f10c 0c30 	addls.w	ip, ip, #48	@ 0x30
10004046:	2b03      	cmp	r3, #3
10004048:	f880 c002 	strb.w	ip, [r0, #2]
1000404c:	f000 808f 	beq.w	1000416e <pico_get_unique_board_id_string+0x176>
10004050:	f002 020f 	and.w	r2, r2, #15
10004054:	2a09      	cmp	r2, #9
10004056:	bf8c      	ite	hi
10004058:	3237      	addhi	r2, #55	@ 0x37
1000405a:	3230      	addls	r2, #48	@ 0x30
1000405c:	2b04      	cmp	r3, #4
1000405e:	70c2      	strb	r2, [r0, #3]
10004060:	f000 8085 	beq.w	1000416e <pico_get_unique_board_id_string+0x176>
10004064:	788a      	ldrb	r2, [r1, #2]
10004066:	ea4f 1c12 	mov.w	ip, r2, lsr #4
1000406a:	2a9f      	cmp	r2, #159	@ 0x9f
1000406c:	bf8c      	ite	hi
1000406e:	f10c 0c37 	addhi.w	ip, ip, #55	@ 0x37
10004072:	f10c 0c30 	addls.w	ip, ip, #48	@ 0x30
10004076:	2b05      	cmp	r3, #5
10004078:	f880 c004 	strb.w	ip, [r0, #4]
1000407c:	d077      	beq.n	1000416e <pico_get_unique_board_id_string+0x176>
1000407e:	f002 020f 	and.w	r2, r2, #15
10004082:	2a09      	cmp	r2, #9
10004084:	bf8c      	ite	hi
10004086:	3237      	addhi	r2, #55	@ 0x37
10004088:	3230      	addls	r2, #48	@ 0x30
1000408a:	2b06      	cmp	r3, #6
1000408c:	7142      	strb	r2, [r0, #5]
1000408e:	d06e      	beq.n	1000416e <pico_get_unique_board_id_string+0x176>
10004090:	78ca      	ldrb	r2, [r1, #3]
10004092:	ea4f 1c12 	mov.w	ip, r2, lsr #4
10004096:	2a9f      	cmp	r2, #159	@ 0x9f
10004098:	bf8c      	ite	hi
1000409a:	f10c 0c37 	addhi.w	ip, ip, #55	@ 0x37
1000409e:	f10c 0c30 	addls.w	ip, ip, #48	@ 0x30
100040a2:	2b07      	cmp	r3, #7
100040a4:	f880 c006 	strb.w	ip, [r0, #6]
100040a8:	d061      	beq.n	1000416e <pico_get_unique_board_id_string+0x176>
100040aa:	f002 020f 	and.w	r2, r2, #15
100040ae:	2a09      	cmp	r2, #9
100040b0:	bf8c      	ite	hi
100040b2:	3237      	addhi	r2, #55	@ 0x37
100040b4:	3230      	addls	r2, #48	@ 0x30
100040b6:	2b08      	cmp	r3, #8
100040b8:	71c2      	strb	r2, [r0, #7]
100040ba:	d058      	beq.n	1000416e <pico_get_unique_board_id_string+0x176>
100040bc:	790a      	ldrb	r2, [r1, #4]
100040be:	ea4f 1c12 	mov.w	ip, r2, lsr #4
100040c2:	2a9f      	cmp	r2, #159	@ 0x9f
100040c4:	bf8c      	ite	hi
100040c6:	f10c 0c37 	addhi.w	ip, ip, #55	@ 0x37
100040ca:	f10c 0c30 	addls.w	ip, ip, #48	@ 0x30
100040ce:	2b09      	cmp	r3, #9
100040d0:	f880 c008 	strb.w	ip, [r0, #8]
100040d4:	d04b      	beq.n	1000416e <pico_get_unique_board_id_string+0x176>
100040d6:	f002 020f 	and.w	r2, r2, #15
100040da:	2a09      	cmp	r2, #9
100040dc:	bf8c      	ite	hi
100040de:	3237      	addhi	r2, #55	@ 0x37
100040e0:	3230      	addls	r2, #48	@ 0x30
100040e2:	2b0a      	cmp	r3, #10
100040e4:	7242      	strb	r2, [r0, #9]
100040e6:	d042      	beq.n	1000416e <pico_get_unique_board_id_string+0x176>
100040e8:	794a      	ldrb	r2, [r1, #5]
100040ea:	ea4f 1c12 	mov.w	ip, r2, lsr #4
100040ee:	2a9f      	cmp	r2, #159	@ 0x9f
100040f0:	bf8c      	ite	hi
100040f2:	f10c 0c37 	addhi.w	ip, ip, #55	@ 0x37
100040f6:	f10c 0c30 	addls.w	ip, ip, #48	@ 0x30
100040fa:	2b0b      	cmp	r3, #11
100040fc:	f880 c00a 	strb.w	ip, [r0, #10]
10004100:	d035      	beq.n	1000416e <pico_get_unique_board_id_string+0x176>
10004102:	f002 020f 	and.w	r2, r2, #15
10004106:	2a09      	cmp	r2, #9
10004108:	bf8c      	ite	hi
1000410a:	3237      	addhi	r2, #55	@ 0x37
1000410c:	3230      	addls	r2, #48	@ 0x30
1000410e:	2b0c      	cmp	r3, #12
10004110:	72c2      	strb	r2, [r0, #11]
10004112:	d02c      	beq.n	1000416e <pico_get_unique_board_id_string+0x176>
10004114:	798a      	ldrb	r2, [r1, #6]
10004116:	ea4f 1c12 	mov.w	ip, r2, lsr #4
1000411a:	2a9f      	cmp	r2, #159	@ 0x9f
1000411c:	bf8c      	ite	hi
1000411e:	f10c 0c37 	addhi.w	ip, ip, #55	@ 0x37
10004122:	f10c 0c30 	addls.w	ip, ip, #48	@ 0x30
10004126:	2b0d      	cmp	r3, #13
10004128:	f880 c00c 	strb.w	ip, [r0, #12]
1000412c:	d01f      	beq.n	1000416e <pico_get_unique_board_id_string+0x176>
1000412e:	f002 020f 	and.w	r2, r2, #15
10004132:	2a09      	cmp	r2, #9
10004134:	bf8c      	ite	hi
10004136:	3237      	addhi	r2, #55	@ 0x37
10004138:	3230      	addls	r2, #48	@ 0x30
1000413a:	2b0e      	cmp	r3, #14
1000413c:	7342      	strb	r2, [r0, #13]
1000413e:	d016      	beq.n	1000416e <pico_get_unique_board_id_string+0x176>
10004140:	79ca      	ldrb	r2, [r1, #7]
10004142:	0911      	lsrs	r1, r2, #4
10004144:	2a9f      	cmp	r2, #159	@ 0x9f
10004146:	bf8c      	ite	hi
10004148:	3137      	addhi	r1, #55	@ 0x37
1000414a:	3130      	addls	r1, #48	@ 0x30
1000414c:	2b0f      	cmp	r3, #15
1000414e:	7381      	strb	r1, [r0, #14]
10004150:	d00d      	beq.n	1000416e <pico_get_unique_board_id_string+0x176>
10004152:	f002 020f 	and.w	r2, r2, #15
10004156:	2a09      	cmp	r2, #9
10004158:	bf94      	ite	ls
1000415a:	3230      	addls	r2, #48	@ 0x30
1000415c:	3237      	addhi	r2, #55	@ 0x37
1000415e:	2b10      	cmp	r3, #16
10004160:	73c2      	strb	r2, [r0, #15]
10004162:	bf18      	it	ne
10004164:	3010      	addne	r0, #16
10004166:	d002      	beq.n	1000416e <pico_get_unique_board_id_string+0x176>
10004168:	2300      	movs	r3, #0
1000416a:	7003      	strb	r3, [r0, #0]
1000416c:	4770      	bx	lr
1000416e:	4418      	add	r0, r3
10004170:	2300      	movs	r3, #0
10004172:	7003      	strb	r3, [r0, #0]
10004174:	4770      	bx	lr
10004176:	bf00      	nop
10004178:	200021a0 	.word	0x200021a0

1000417c <dcd_init>:
1000417c:	b570      	push	{r4, r5, r6, lr}
1000417e:	f000 f92d 	bl	100043dc <rp2040_usb_init>
10004182:	230c      	movs	r3, #12
10004184:	2640      	movs	r6, #64	@ 0x40
10004186:	4c19      	ldr	r4, [pc, #100]	@ (100041ec <dcd_init+0x70>)
10004188:	22ff      	movs	r2, #255	@ 0xff
1000418a:	67a3      	str	r3, [r4, #120]	@ 0x78
1000418c:	200e      	movs	r0, #14
1000418e:	4918      	ldr	r1, [pc, #96]	@ (100041f0 <dcd_init+0x74>)
10004190:	f7fc fce6 	bl	10000b60 <irq_add_shared_handler>
10004194:	4632      	mov	r2, r6
10004196:	2100      	movs	r1, #0
10004198:	4816      	ldr	r0, [pc, #88]	@ (100041f4 <dcd_init+0x78>)
1000419a:	f002 f8b1 	bl	10006300 <memset>
1000419e:	2501      	movs	r5, #1
100041a0:	2300      	movs	r3, #0
100041a2:	2180      	movs	r1, #128	@ 0x80
100041a4:	4813      	ldr	r0, [pc, #76]	@ (100041f4 <dcd_init+0x78>)
100041a6:	4a14      	ldr	r2, [pc, #80]	@ (100041f8 <dcd_init+0x7c>)
100041a8:	8441      	strh	r1, [r0, #34]	@ 0x22
100041aa:	7045      	strb	r5, [r0, #1]
100041ac:	8306      	strh	r6, [r0, #24]
100041ae:	8706      	strh	r6, [r0, #56]	@ 0x38
100041b0:	6082      	str	r2, [r0, #8]
100041b2:	6043      	str	r3, [r0, #4]
100041b4:	6013      	str	r3, [r2, #0]
100041b6:	f842 3c04 	str.w	r3, [r2, #-4]
100041ba:	f880 3021 	strb.w	r3, [r0, #33]	@ 0x21
100041be:	f880 303b 	strb.w	r3, [r0, #59]	@ 0x3b
100041c2:	6243      	str	r3, [r0, #36]	@ 0x24
100041c4:	4b0d      	ldr	r3, [pc, #52]	@ (100041fc <dcd_init+0x80>)
100041c6:	f04f 5600 	mov.w	r6, #536870912	@ 0x20000000
100041ca:	60c3      	str	r3, [r0, #12]
100041cc:	62c3      	str	r3, [r0, #44]	@ 0x2c
100041ce:	3b80      	subs	r3, #128	@ 0x80
100041d0:	6283      	str	r3, [r0, #40]	@ 0x28
100041d2:	f002 f9a9 	bl	10006528 <__reset_non_control_endpoints_veneer>
100041d6:	f44f 3280 	mov.w	r2, #65536	@ 0x10000
100041da:	4909      	ldr	r1, [pc, #36]	@ (10004200 <dcd_init+0x84>)
100041dc:	4b09      	ldr	r3, [pc, #36]	@ (10004204 <dcd_init+0x88>)
100041de:	6425      	str	r5, [r4, #64]	@ 0x40
100041e0:	4628      	mov	r0, r5
100041e2:	64e6      	str	r6, [r4, #76]	@ 0x4c
100041e4:	f8c4 1090 	str.w	r1, [r4, #144]	@ 0x90
100041e8:	64da      	str	r2, [r3, #76]	@ 0x4c
100041ea:	bd70      	pop	{r4, r5, r6, pc}
100041ec:	50110000 	.word	0x50110000
100041f0:	2000039d 	.word	0x2000039d
100041f4:	20001d54 	.word	0x20001d54
100041f8:	50100084 	.word	0x50100084
100041fc:	50100100 	.word	0x50100100
10004200:	0001d010 	.word	0x0001d010
10004204:	50112000 	.word	0x50112000

10004208 <dcd_int_enable>:
10004208:	2101      	movs	r1, #1
1000420a:	200e      	movs	r0, #14
1000420c:	f7fc bc36 	b.w	10000a7c <irq_set_enabled>

10004210 <dcd_set_address>:
10004210:	2200      	movs	r2, #0
10004212:	4802      	ldr	r0, [pc, #8]	@ (1000421c <dcd_set_address+0xc>)
10004214:	4611      	mov	r1, r2
10004216:	f000 b901 	b.w	1000441c <hw_endpoint_xfer_start>
1000421a:	bf00      	nop
1000421c:	20001d74 	.word	0x20001d74

10004220 <dcd_sof_enable>:
10004220:	4b04      	ldr	r3, [pc, #16]	@ (10004234 <dcd_sof_enable+0x14>)
10004222:	7019      	strb	r1, [r3, #0]
10004224:	b121      	cbz	r1, 10004230 <dcd_sof_enable+0x10>
10004226:	f44f 3200 	mov.w	r2, #131072	@ 0x20000
1000422a:	4b03      	ldr	r3, [pc, #12]	@ (10004238 <dcd_sof_enable+0x18>)
1000422c:	f8c3 2090 	str.w	r2, [r3, #144]	@ 0x90
10004230:	4770      	bx	lr
10004232:	bf00      	nop
10004234:	200023ca 	.word	0x200023ca
10004238:	50112000 	.word	0x50112000

1000423c <dcd_edpt0_status_complete>:
1000423c:	780b      	ldrb	r3, [r1, #0]
1000423e:	065b      	lsls	r3, r3, #25
10004240:	d102      	bne.n	10004248 <dcd_edpt0_status_complete+0xc>
10004242:	784b      	ldrb	r3, [r1, #1]
10004244:	2b05      	cmp	r3, #5
10004246:	d000      	beq.n	1000424a <dcd_edpt0_status_complete+0xe>
10004248:	4770      	bx	lr
1000424a:	884b      	ldrh	r3, [r1, #2]
1000424c:	4a01      	ldr	r2, [pc, #4]	@ (10004254 <dcd_edpt0_status_complete+0x18>)
1000424e:	b2db      	uxtb	r3, r3
10004250:	6013      	str	r3, [r2, #0]
10004252:	4770      	bx	lr
10004254:	50110000 	.word	0x50110000

10004258 <dcd_edpt_open>:
10004258:	78cb      	ldrb	r3, [r1, #3]
1000425a:	e92d 41f0 	stmdb	sp!, {r4, r5, r6, r7, r8, lr}
1000425e:	f003 0e03 	and.w	lr, r3, #3
10004262:	f1be 0f01 	cmp.w	lr, #1
10004266:	f3c3 0001 	ubfx	r0, r3, #0, #2
1000426a:	d05b      	beq.n	10004324 <dcd_edpt_open+0xcc>
1000426c:	2700      	movs	r7, #0
1000426e:	f891 c002 	ldrb.w	ip, [r1, #2]
10004272:	4c34      	ldr	r4, [pc, #208]	@ (10004344 <dcd_edpt_open+0xec>)
10004274:	f00c 027f 	and.w	r2, ip, #127	@ 0x7f
10004278:	0056      	lsls	r6, r2, #1
1000427a:	8889      	ldrh	r1, [r1, #4]
1000427c:	eb06 13dc 	add.w	r3, r6, ip, lsr #7
10004280:	eb04 1343 	add.w	r3, r4, r3, lsl #5
10004284:	ea4f 15dc 	mov.w	r5, ip, lsr #7
10004288:	76d8      	strb	r0, [r3, #27]
1000428a:	f3c1 010a 	ubfx	r1, r1, #0, #11
1000428e:	f085 0001 	eor.w	r0, r5, #1
10004292:	f883 c002 	strb.w	ip, [r3, #2]
10004296:	8319      	strh	r1, [r3, #24]
10004298:	7058      	strb	r0, [r3, #1]
1000429a:	70df      	strb	r7, [r3, #3]
1000429c:	00d3      	lsls	r3, r2, #3
1000429e:	bb8d      	cbnz	r5, 10004304 <dcd_edpt_open+0xac>
100042a0:	4829      	ldr	r0, [pc, #164]	@ (10004348 <dcd_edpt_open+0xf0>)
100042a2:	3304      	adds	r3, #4
100042a4:	eb04 1c82 	add.w	ip, r4, r2, lsl #6
100042a8:	eb03 0800 	add.w	r8, r3, r0
100042ac:	f8cc 8008 	str.w	r8, [ip, #8]
100042b0:	501f      	str	r7, [r3, r0]
100042b2:	b382      	cbz	r2, 10004316 <dcd_edpt_open+0xbe>
100042b4:	4b25      	ldr	r3, [pc, #148]	@ (1000434c <dcd_edpt_open+0xf4>)
100042b6:	00d2      	lsls	r2, r2, #3
100042b8:	4413      	add	r3, r2
100042ba:	f8cc 3004 	str.w	r3, [ip, #4]
100042be:	4b24      	ldr	r3, [pc, #144]	@ (10004350 <dcd_edpt_open+0xf8>)
100042c0:	313f      	adds	r1, #63	@ 0x3f
100042c2:	681a      	ldr	r2, [r3, #0]
100042c4:	f021 013f 	bic.w	r1, r1, #63	@ 0x3f
100042c8:	f1be 0f02 	cmp.w	lr, #2
100042cc:	bf08      	it	eq
100042ce:	0049      	lsleq	r1, r1, #1
100042d0:	4411      	add	r1, r2
100042d2:	6019      	str	r1, [r3, #0]
100042d4:	4b1f      	ldr	r3, [pc, #124]	@ (10004354 <dcd_edpt_open+0xfc>)
100042d6:	1977      	adds	r7, r6, r5
100042d8:	eb04 1747 	add.w	r7, r4, r7, lsl #5
100042dc:	4299      	cmp	r1, r3
100042de:	60fa      	str	r2, [r7, #12]
100042e0:	d82b      	bhi.n	1000433a <dcd_edpt_open+0xe2>
100042e2:	442e      	add	r6, r5
100042e4:	eb04 1346 	add.w	r3, r4, r6, lsl #5
100042e8:	7ed9      	ldrb	r1, [r3, #27]
100042ea:	f082 42a0 	eor.w	r2, r2, #1342177280	@ 0x50000000
100042ee:	f482 1280 	eor.w	r2, r2, #1048576	@ 0x100000
100042f2:	685b      	ldr	r3, [r3, #4]
100042f4:	ea42 6281 	orr.w	r2, r2, r1, lsl #26
100042f8:	f042 4200 	orr.w	r2, r2, #2147483648	@ 0x80000000
100042fc:	601a      	str	r2, [r3, #0]
100042fe:	2001      	movs	r0, #1
10004300:	e8bd 81f0 	ldmia.w	sp!, {r4, r5, r6, r7, r8, pc}
10004304:	4810      	ldr	r0, [pc, #64]	@ (10004348 <dcd_edpt_open+0xf0>)
10004306:	eb04 1c82 	add.w	ip, r4, r2, lsl #6
1000430a:	4403      	add	r3, r0
1000430c:	f8cc 3028 	str.w	r3, [ip, #40]	@ 0x28
10004310:	f840 7032 	str.w	r7, [r0, r2, lsl #3]
10004314:	b94a      	cbnz	r2, 1000432a <dcd_edpt_open+0xd2>
10004316:	2200      	movs	r2, #0
10004318:	490f      	ldr	r1, [pc, #60]	@ (10004358 <dcd_edpt_open+0x100>)
1000431a:	eb04 1345 	add.w	r3, r4, r5, lsl #5
1000431e:	60d9      	str	r1, [r3, #12]
10004320:	605a      	str	r2, [r3, #4]
10004322:	e7ec      	b.n	100042fe <dcd_edpt_open+0xa6>
10004324:	2000      	movs	r0, #0
10004326:	e8bd 81f0 	ldmia.w	sp!, {r4, r5, r6, r7, r8, pc}
1000432a:	00d2      	lsls	r2, r2, #3
1000432c:	f102 42a0 	add.w	r2, r2, #1342177280	@ 0x50000000
10004330:	f502 1280 	add.w	r2, r2, #1048576	@ 0x100000
10004334:	f8cc 2024 	str.w	r2, [ip, #36]	@ 0x24
10004338:	e7c1      	b.n	100042be <dcd_edpt_open+0x66>
1000433a:	f7fd fb75 	bl	10001a28 <hard_assertion_failure>
1000433e:	68fa      	ldr	r2, [r7, #12]
10004340:	e7cf      	b.n	100042e2 <dcd_edpt_open+0x8a>
10004342:	bf00      	nop
10004344:	20001d54 	.word	0x20001d54
10004348:	50100080 	.word	0x50100080
1000434c:	50100004 	.word	0x50100004
10004350:	2000215c 	.word	0x2000215c
10004354:	50100fff 	.word	0x50100fff
10004358:	50100100 	.word	0x50100100

1000435c <dcd_edpt_close_all>:
1000435c:	f002 b8e4 	b.w	10006528 <__reset_non_control_endpoints_veneer>

10004360 <dcd_edpt_xfer>:
10004360:	468c      	mov	ip, r1
10004362:	b508      	push	{r3, lr}
10004364:	4611      	mov	r1, r2
10004366:	4807      	ldr	r0, [pc, #28]	@ (10004384 <dcd_edpt_xfer+0x24>)
10004368:	461a      	mov	r2, r3
1000436a:	f00c 037f 	and.w	r3, ip, #127	@ 0x7f
1000436e:	ea4f 1cdc 	mov.w	ip, ip, lsr #7
10004372:	eb0c 0c43 	add.w	ip, ip, r3, lsl #1
10004376:	eb00 104c 	add.w	r0, r0, ip, lsl #5
1000437a:	f000 f84f 	bl	1000441c <hw_endpoint_xfer_start>
1000437e:	2001      	movs	r0, #1
10004380:	bd08      	pop	{r3, pc}
10004382:	bf00      	nop
10004384:	20001d54 	.word	0x20001d54

10004388 <dcd_edpt_stall>:
10004388:	f011 027f 	ands.w	r2, r1, #127	@ 0x7f
1000438c:	d105      	bne.n	1000439a <dcd_edpt_stall+0x12>
1000438e:	2900      	cmp	r1, #0
10004390:	bf0c      	ite	eq
10004392:	2002      	moveq	r0, #2
10004394:	2001      	movne	r0, #1
10004396:	4b06      	ldr	r3, [pc, #24]	@ (100043b0 <dcd_edpt_stall+0x28>)
10004398:	6698      	str	r0, [r3, #104]	@ 0x68
1000439a:	09c9      	lsrs	r1, r1, #7
1000439c:	4b05      	ldr	r3, [pc, #20]	@ (100043b4 <dcd_edpt_stall+0x2c>)
1000439e:	eb01 0042 	add.w	r0, r1, r2, lsl #1
100043a2:	eb03 1040 	add.w	r0, r3, r0, lsl #5
100043a6:	f44f 6200 	mov.w	r2, #2048	@ 0x800
100043aa:	2100      	movs	r1, #0
100043ac:	f002 b8b4 	b.w	10006518 <___hw_endpoint_buffer_control_update32_veneer>
100043b0:	50112000 	.word	0x50112000
100043b4:	20001d54 	.word	0x20001d54

100043b8 <dcd_edpt_clear_stall>:
100043b8:	f011 037f 	ands.w	r3, r1, #127	@ 0x7f
100043bc:	d100      	bne.n	100043c0 <dcd_edpt_clear_stall+0x8>
100043be:	4770      	bx	lr
100043c0:	2200      	movs	r2, #0
100043c2:	4805      	ldr	r0, [pc, #20]	@ (100043d8 <dcd_edpt_clear_stall+0x20>)
100043c4:	005b      	lsls	r3, r3, #1
100043c6:	eb03 13d1 	add.w	r3, r3, r1, lsr #7
100043ca:	eb00 1043 	add.w	r0, r0, r3, lsl #5
100043ce:	f46f 6100 	mvn.w	r1, #2048	@ 0x800
100043d2:	70c2      	strb	r2, [r0, #3]
100043d4:	f002 b8a0 	b.w	10006518 <___hw_endpoint_buffer_control_update32_veneer>
100043d8:	20001d54 	.word	0x20001d54

100043dc <rp2040_usb_init>:
100043dc:	f04f 5280 	mov.w	r2, #268435456	@ 0x10000000
100043e0:	4809      	ldr	r0, [pc, #36]	@ (10004408 <rp2040_usb_init+0x2c>)
100043e2:	490a      	ldr	r1, [pc, #40]	@ (1000440c <rp2040_usb_init+0x30>)
100043e4:	b508      	push	{r3, lr}
100043e6:	4b0a      	ldr	r3, [pc, #40]	@ (10004410 <rp2040_usb_init+0x34>)
100043e8:	6002      	str	r2, [r0, #0]
100043ea:	600a      	str	r2, [r1, #0]
100043ec:	6899      	ldr	r1, [r3, #8]
100043ee:	43c9      	mvns	r1, r1
100043f0:	f011 5180 	ands.w	r1, r1, #268435456	@ 0x10000000
100043f4:	d1fa      	bne.n	100043ec <rp2040_usb_init+0x10>
100043f6:	f44f 5280 	mov.w	r2, #4096	@ 0x1000
100043fa:	4806      	ldr	r0, [pc, #24]	@ (10004414 <rp2040_usb_init+0x38>)
100043fc:	f001 ff80 	bl	10006300 <memset>
10004400:	2209      	movs	r2, #9
10004402:	4b05      	ldr	r3, [pc, #20]	@ (10004418 <rp2040_usb_init+0x3c>)
10004404:	675a      	str	r2, [r3, #116]	@ 0x74
10004406:	bd08      	pop	{r3, pc}
10004408:	40022000 	.word	0x40022000
1000440c:	40023000 	.word	0x40023000
10004410:	40020000 	.word	0x40020000
10004414:	50100000 	.word	0x50100000
10004418:	50110000 	.word	0x50110000

1000441c <hw_endpoint_xfer_start>:
1000441c:	2300      	movs	r3, #0
1000441e:	f04f 0c01 	mov.w	ip, #1
10004422:	b510      	push	{r4, lr}
10004424:	f880 c01a 	strb.w	ip, [r0, #26]
10004428:	8282      	strh	r2, [r0, #20]
1000442a:	82c3      	strh	r3, [r0, #22]
1000442c:	6101      	str	r1, [r0, #16]
1000442e:	4604      	mov	r4, r0
10004430:	f002 f87e 	bl	10006530 <__e15_is_bulkin_ep_veneer>
10004434:	b120      	cbz	r0, 10004440 <hw_endpoint_xfer_start+0x24>
10004436:	f44f 3200 	mov.w	r2, #131072	@ 0x20000
1000443a:	4b07      	ldr	r3, [pc, #28]	@ (10004458 <hw_endpoint_xfer_start+0x3c>)
1000443c:	f8c3 2090 	str.w	r2, [r3, #144]	@ 0x90
10004440:	4620      	mov	r0, r4
10004442:	f002 f865 	bl	10006510 <__e15_is_critical_frame_period_veneer>
10004446:	b110      	cbz	r0, 1000444e <hw_endpoint_xfer_start+0x32>
10004448:	2301      	movs	r3, #1
1000444a:	7723      	strb	r3, [r4, #28]
1000444c:	bd10      	pop	{r4, pc}
1000444e:	4620      	mov	r0, r4
10004450:	e8bd 4010 	ldmia.w	sp!, {r4, lr}
10004454:	f002 b84c 	b.w	100064f0 <__hw_endpoint_start_next_buffer_veneer>
10004458:	50112000 	.word	0x50112000

1000445c <configuration_reset>:
1000445c:	e92d 41f0 	stmdb	sp!, {r4, r5, r6, r7, r8, lr}
10004460:	2400      	movs	r4, #0
10004462:	4e1d      	ldr	r6, [pc, #116]	@ (100044d8 <configuration_reset+0x7c>)
10004464:	4605      	mov	r5, r0
10004466:	4623      	mov	r3, r4
10004468:	7832      	ldrb	r2, [r6, #0]
1000446a:	f8df 8078 	ldr.w	r8, [pc, #120]	@ 100044e4 <configuration_reset+0x88>
1000446e:	4f1b      	ldr	r7, [pc, #108]	@ (100044dc <configuration_reset+0x80>)
10004470:	e00d      	b.n	1000448e <configuration_reset+0x32>
10004472:	683b      	ldr	r3, [r7, #0]
10004474:	eb13 1344 	adds.w	r3, r3, r4, lsl #5
10004478:	d024      	beq.n	100044c4 <configuration_reset+0x68>
1000447a:	68db      	ldr	r3, [r3, #12]
1000447c:	4628      	mov	r0, r5
1000447e:	4798      	blx	r3
10004480:	7832      	ldrb	r2, [r6, #0]
10004482:	3401      	adds	r4, #1
10004484:	b2e4      	uxtb	r4, r4
10004486:	1c51      	adds	r1, r2, #1
10004488:	42a1      	cmp	r1, r4
1000448a:	4623      	mov	r3, r4
1000448c:	db06      	blt.n	1000449c <configuration_reset+0x40>
1000448e:	42a2      	cmp	r2, r4
10004490:	eba3 0302 	sub.w	r3, r3, r2
10004494:	d8ed      	bhi.n	10004472 <configuration_reset+0x16>
10004496:	eb08 1343 	add.w	r3, r8, r3, lsl #5
1000449a:	e7ee      	b.n	1000447a <configuration_reset+0x1e>
1000449c:	2254      	movs	r2, #84	@ 0x54
1000449e:	2100      	movs	r1, #0
100044a0:	480f      	ldr	r0, [pc, #60]	@ (100044e0 <configuration_reset+0x84>)
100044a2:	f001 ff2d 	bl	10006300 <memset>
100044a6:	f04f 33ff 	mov.w	r3, #4294967295	@ 0xffffffff
100044aa:	480d      	ldr	r0, [pc, #52]	@ (100044e0 <configuration_reset+0x84>)
100044ac:	2220      	movs	r2, #32
100044ae:	1d04      	adds	r4, r0, #4
100044b0:	6043      	str	r3, [r0, #4]
100044b2:	e9c4 3301 	strd	r3, r3, [r4, #4]
100044b6:	60e3      	str	r3, [r4, #12]
100044b8:	21ff      	movs	r1, #255	@ 0xff
100044ba:	e8bd 41f0 	ldmia.w	sp!, {r4, r5, r6, r7, r8, lr}
100044be:	3014      	adds	r0, #20
100044c0:	f001 bf1e 	b.w	10006300 <memset>
100044c4:	f04f 23e0 	mov.w	r3, #3758153728	@ 0xe000e000
100044c8:	f8d3 3df0 	ldr.w	r3, [r3, #3568]	@ 0xdf0
100044cc:	07db      	lsls	r3, r3, #31
100044ce:	d500      	bpl.n	100044d2 <configuration_reset+0x76>
100044d0:	be00      	bkpt	0x0000
100044d2:	e8bd 81f0 	ldmia.w	sp!, {r4, r5, r6, r7, r8, pc}
100044d6:	bf00      	nop
100044d8:	200023c9 	.word	0x200023c9
100044dc:	20001730 	.word	0x20001730
100044e0:	20001900 	.word	0x20001900
100044e4:	10006b6c 	.word	0x10006b6c

100044e8 <tud_event_hook_cb>:
100044e8:	4770      	bx	lr
100044ea:	bf00      	nop

100044ec <tud_sof_cb>:
100044ec:	4770      	bx	lr
100044ee:	bf00      	nop

100044f0 <tud_descriptor_device_qualifier_cb>:
100044f0:	2000      	movs	r0, #0
100044f2:	4770      	bx	lr

100044f4 <tud_descriptor_other_speed_configuration_cb>:
100044f4:	2000      	movs	r0, #0
100044f6:	4770      	bx	lr

100044f8 <tud_mount_cb>:
100044f8:	4770      	bx	lr
100044fa:	bf00      	nop

100044fc <tud_umount_cb>:
100044fc:	4770      	bx	lr
100044fe:	bf00      	nop

10004500 <tud_suspend_cb>:
10004500:	4770      	bx	lr
10004502:	bf00      	nop

10004504 <tud_resume_cb>:
10004504:	4770      	bx	lr
10004506:	bf00      	nop

10004508 <tud_mounted>:
10004508:	4b02      	ldr	r3, [pc, #8]	@ (10004514 <tud_mounted+0xc>)
1000450a:	7858      	ldrb	r0, [r3, #1]
1000450c:	3800      	subs	r0, #0
1000450e:	bf18      	it	ne
10004510:	2001      	movne	r0, #1
10004512:	4770      	bx	lr
10004514:	20001900 	.word	0x20001900

10004518 <tud_suspended>:
10004518:	4b02      	ldr	r3, [pc, #8]	@ (10004524 <tud_suspended+0xc>)
1000451a:	7818      	ldrb	r0, [r3, #0]
1000451c:	f3c0 0080 	ubfx	r0, r0, #2, #1
10004520:	4770      	bx	lr
10004522:	bf00      	nop
10004524:	20001900 	.word	0x20001900

10004528 <tud_rhport_init>:
10004528:	e92d 47f0 	stmdb	sp!, {r4, r5, r6, r7, r8, r9, sl, lr}
1000452c:	f8df a0e4 	ldr.w	sl, [pc, #228]	@ 10004614 <tud_rhport_init+0xec>
10004530:	f89a 3000 	ldrb.w	r3, [sl]
10004534:	2bff      	cmp	r3, #255	@ 0xff
10004536:	d156      	bne.n	100045e6 <tud_rhport_init+0xbe>
10004538:	460e      	mov	r6, r1
1000453a:	2900      	cmp	r1, #0
1000453c:	d03e      	beq.n	100045bc <tud_rhport_init+0x94>
1000453e:	2100      	movs	r1, #0
10004540:	2254      	movs	r2, #84	@ 0x54
10004542:	4607      	mov	r7, r0
10004544:	4829      	ldr	r0, [pc, #164]	@ (100045ec <tud_rhport_init+0xc4>)
10004546:	f001 fedb 	bl	10006300 <memset>
1000454a:	2200      	movs	r2, #0
1000454c:	4c28      	ldr	r4, [pc, #160]	@ (100045f0 <tud_rhport_init+0xc8>)
1000454e:	4b29      	ldr	r3, [pc, #164]	@ (100045f4 <tud_rhport_init+0xcc>)
10004550:	4620      	mov	r0, r4
10004552:	701a      	strb	r2, [r3, #0]
10004554:	f7fc fc96 	bl	10000e84 <mutex_init>
10004558:	4b27      	ldr	r3, [pc, #156]	@ (100045f8 <tud_rhport_init+0xd0>)
1000455a:	4828      	ldr	r0, [pc, #160]	@ (100045fc <tud_rhport_init+0xd4>)
1000455c:	601c      	str	r4, [r3, #0]
1000455e:	4c28      	ldr	r4, [pc, #160]	@ (10004600 <tud_rhport_init+0xd8>)
10004560:	f7fc fc9e 	bl	10000ea0 <critical_section_init>
10004564:	4620      	mov	r0, r4
10004566:	f001 fdab 	bl	100060c0 <tu_fifo_clear>
1000456a:	4a26      	ldr	r2, [pc, #152]	@ (10004604 <tud_rhport_init+0xdc>)
1000456c:	4b26      	ldr	r3, [pc, #152]	@ (10004608 <tud_rhport_init+0xe0>)
1000456e:	6014      	str	r4, [r2, #0]
10004570:	b123      	cbz	r3, 1000457c <tud_rhport_init+0x54>
10004572:	4826      	ldr	r0, [pc, #152]	@ (1000460c <tud_rhport_init+0xe4>)
10004574:	f7ff fac4 	bl	10003b00 <usbd_app_driver_get_cb>
10004578:	4b25      	ldr	r3, [pc, #148]	@ (10004610 <tud_rhport_init+0xe8>)
1000457a:	6018      	str	r0, [r3, #0]
1000457c:	2400      	movs	r4, #0
1000457e:	4d23      	ldr	r5, [pc, #140]	@ (1000460c <tud_rhport_init+0xe4>)
10004580:	4623      	mov	r3, r4
10004582:	782a      	ldrb	r2, [r5, #0]
10004584:	f8df 9090 	ldr.w	r9, [pc, #144]	@ 10004618 <tud_rhport_init+0xf0>
10004588:	f8df 8084 	ldr.w	r8, [pc, #132]	@ 10004610 <tud_rhport_init+0xe8>
1000458c:	e00e      	b.n	100045ac <tud_rhport_init+0x84>
1000458e:	f8d8 3000 	ldr.w	r3, [r8]
10004592:	eb13 1344 	adds.w	r3, r3, r4, lsl #5
10004596:	d011      	beq.n	100045bc <tud_rhport_init+0x94>
10004598:	685b      	ldr	r3, [r3, #4]
1000459a:	b17b      	cbz	r3, 100045bc <tud_rhport_init+0x94>
1000459c:	4798      	blx	r3
1000459e:	782a      	ldrb	r2, [r5, #0]
100045a0:	3401      	adds	r4, #1
100045a2:	b2e4      	uxtb	r4, r4
100045a4:	1c51      	adds	r1, r2, #1
100045a6:	42a1      	cmp	r1, r4
100045a8:	4623      	mov	r3, r4
100045aa:	db11      	blt.n	100045d0 <tud_rhport_init+0xa8>
100045ac:	42a2      	cmp	r2, r4
100045ae:	d8ee      	bhi.n	1000458e <tud_rhport_init+0x66>
100045b0:	1a9b      	subs	r3, r3, r2
100045b2:	eb09 1343 	add.w	r3, r9, r3, lsl #5
100045b6:	685b      	ldr	r3, [r3, #4]
100045b8:	2b00      	cmp	r3, #0
100045ba:	d1ef      	bne.n	1000459c <tud_rhport_init+0x74>
100045bc:	f04f 23e0 	mov.w	r3, #3758153728	@ 0xe000e000
100045c0:	f8d3 3df0 	ldr.w	r3, [r3, #3568]	@ 0xdf0
100045c4:	07db      	lsls	r3, r3, #31
100045c6:	d500      	bpl.n	100045ca <tud_rhport_init+0xa2>
100045c8:	be00      	bkpt	0x0000
100045ca:	2000      	movs	r0, #0
100045cc:	e8bd 87f0 	ldmia.w	sp!, {r4, r5, r6, r7, r8, r9, sl, pc}
100045d0:	4631      	mov	r1, r6
100045d2:	4638      	mov	r0, r7
100045d4:	f88a 7000 	strb.w	r7, [sl]
100045d8:	f7ff fdd0 	bl	1000417c <dcd_init>
100045dc:	2800      	cmp	r0, #0
100045de:	d0ed      	beq.n	100045bc <tud_rhport_init+0x94>
100045e0:	4638      	mov	r0, r7
100045e2:	f7ff fe11 	bl	10004208 <dcd_int_enable>
100045e6:	2001      	movs	r0, #1
100045e8:	e8bd 87f0 	ldmia.w	sp!, {r4, r5, r6, r7, r8, r9, sl, pc}
100045ec:	20001900 	.word	0x20001900
100045f0:	200018f8 	.word	0x200018f8
100045f4:	200023cb 	.word	0x200023cb
100045f8:	20001954 	.word	0x20001954
100045fc:	20001588 	.word	0x20001588
10004600:	20001574 	.word	0x20001574
10004604:	20001958 	.word	0x20001958
10004608:	10003b01 	.word	0x10003b01
1000460c:	200023c9 	.word	0x200023c9
10004610:	20001730 	.word	0x20001730
10004614:	20001590 	.word	0x20001590
10004618:	10006b6c 	.word	0x10006b6c

1000461c <tud_task_ext>:
1000461c:	e92d 4ff0 	stmdb	sp!, {r4, r5, r6, r7, r8, r9, sl, fp, lr}
10004620:	f8df 92c8 	ldr.w	r9, [pc, #712]	@ 100048ec <tud_task_ext+0x2d0>
10004624:	b08b      	sub	sp, #44	@ 0x2c
10004626:	f899 3000 	ldrb.w	r3, [r9]
1000462a:	2bff      	cmp	r3, #255	@ 0xff
1000462c:	f000 80f1 	beq.w	10004812 <tud_task_ext+0x1f6>
10004630:	4ca8      	ldr	r4, [pc, #672]	@ (100048d4 <tud_task_ext+0x2b8>)
10004632:	4da9      	ldr	r5, [pc, #676]	@ (100048d8 <tud_task_ext+0x2bc>)
10004634:	f8df a2b0 	ldr.w	sl, [pc, #688]	@ 100048e8 <tud_task_ext+0x2cc>
10004638:	f8df b2b4 	ldr.w	fp, [pc, #692]	@ 100048f0 <tud_task_ext+0x2d4>
1000463c:	6826      	ldr	r6, [r4, #0]
1000463e:	6973      	ldr	r3, [r6, #20]
10004640:	f3ef 8210 	mrs	r2, PRIMASK
10004644:	b672      	cpsid	i
10004646:	e8d3 0fcf 	ldaexb	r0, [r3]
1000464a:	2101      	movs	r1, #1
1000464c:	2800      	cmp	r0, #0
1000464e:	d1fa      	bne.n	10004646 <tud_task_ext+0x2a>
10004650:	e8c3 1f40 	strexb	r0, r1, [r3]
10004654:	2800      	cmp	r0, #0
10004656:	d1f6      	bne.n	10004646 <tud_task_ext+0x2a>
10004658:	f3bf 8f5f 	dmb	sy
1000465c:	61b2      	str	r2, [r6, #24]
1000465e:	4630      	mov	r0, r6
10004660:	a907      	add	r1, sp, #28
10004662:	f001 fb77 	bl	10005d54 <tu_fifo_read>
10004666:	2300      	movs	r3, #0
10004668:	6972      	ldr	r2, [r6, #20]
1000466a:	e8c2 3f8f 	stlb	r3, [r2]
1000466e:	69b3      	ldr	r3, [r6, #24]
10004670:	f383 8810 	msr	PRIMASK, r3
10004674:	2800      	cmp	r0, #0
10004676:	f000 80cc 	beq.w	10004812 <tud_task_ext+0x1f6>
1000467a:	f89d 301d 	ldrb.w	r3, [sp, #29]
1000467e:	3b01      	subs	r3, #1
10004680:	2b07      	cmp	r3, #7
10004682:	f200 837d 	bhi.w	10004d80 <tud_task_ext+0x764>
10004686:	e8df f003 	tbb	[pc, r3]
1000468a:	b1a7      	.short	0xb1a7
1000468c:	358e9d95 	.word	0x358e9d95
10004690:	040a      	.short	0x040a
10004692:	9b08      	ldr	r3, [sp, #32]
10004694:	2b00      	cmp	r3, #0
10004696:	d0d1      	beq.n	1000463c <tud_task_ext+0x20>
10004698:	9809      	ldr	r0, [sp, #36]	@ 0x24
1000469a:	4798      	blx	r3
1000469c:	e7ce      	b.n	1000463c <tud_task_ext+0x20>
1000469e:	f89d 1020 	ldrb.w	r1, [sp, #32]
100046a2:	f001 067f 	and.w	r6, r1, #127	@ 0x7f
100046a6:	eb05 0046 	add.w	r0, r5, r6, lsl #1
100046aa:	eb00 10d1 	add.w	r0, r0, r1, lsr #7
100046ae:	f890 3034 	ldrb.w	r3, [r0, #52]	@ 0x34
100046b2:	f023 0301 	bic.w	r3, r3, #1
100046b6:	f880 3034 	strb.w	r3, [r0, #52]	@ 0x34
100046ba:	f890 3034 	ldrb.w	r3, [r0, #52]	@ 0x34
100046be:	f023 0304 	bic.w	r3, r3, #4
100046c2:	f880 3034 	strb.w	r3, [r0, #52]	@ 0x34
100046c6:	2e00      	cmp	r6, #0
100046c8:	f000 80a6 	beq.w	10004818 <tud_task_ext+0x1fc>
100046cc:	7d03      	ldrb	r3, [r0, #20]
100046ce:	f89a 2000 	ldrb.w	r2, [sl]
100046d2:	4293      	cmp	r3, r2
100046d4:	f080 8093 	bcs.w	100047fe <tud_task_ext+0x1e2>
100046d8:	4a80      	ldr	r2, [pc, #512]	@ (100048dc <tud_task_ext+0x2c0>)
100046da:	6812      	ldr	r2, [r2, #0]
100046dc:	eb12 1343 	adds.w	r3, r2, r3, lsl #5
100046e0:	f000 8090 	beq.w	10004804 <tud_task_ext+0x1e8>
100046e4:	699e      	ldr	r6, [r3, #24]
100046e6:	f89d 2021 	ldrb.w	r2, [sp, #33]	@ 0x21
100046ea:	9b09      	ldr	r3, [sp, #36]	@ 0x24
100046ec:	f89d 001c 	ldrb.w	r0, [sp, #28]
100046f0:	47b0      	blx	r6
100046f2:	e7a3      	b.n	1000463c <tud_task_ext+0x20>
100046f4:	f89b 3000 	ldrb.w	r3, [fp]
100046f8:	2b00      	cmp	r3, #0
100046fa:	f000 8083 	beq.w	10004804 <tud_task_ext+0x1e8>
100046fe:	f89b 3000 	ldrb.w	r3, [fp]
10004702:	3b01      	subs	r3, #1
10004704:	b2db      	uxtb	r3, r3
10004706:	f88b 3000 	strb.w	r3, [fp]
1000470a:	f89b 3000 	ldrb.w	r3, [fp]
1000470e:	f003 00ff 	and.w	r0, r3, #255	@ 0xff
10004712:	2b00      	cmp	r3, #0
10004714:	d192      	bne.n	1000463c <tud_task_ext+0x20>
10004716:	4f70      	ldr	r7, [pc, #448]	@ (100048d8 <tud_task_ext+0x2bc>)
10004718:	f89d 801c 	ldrb.w	r8, [sp, #28]
1000471c:	783b      	ldrb	r3, [r7, #0]
1000471e:	f043 0301 	orr.w	r3, r3, #1
10004722:	703b      	strb	r3, [r7, #0]
10004724:	f897 3034 	ldrb.w	r3, [r7, #52]	@ 0x34
10004728:	f360 0300 	bfi	r3, r0, #0, #1
1000472c:	f887 3034 	strb.w	r3, [r7, #52]	@ 0x34
10004730:	f897 3034 	ldrb.w	r3, [r7, #52]	@ 0x34
10004734:	f360 0382 	bfi	r3, r0, #2, #1
10004738:	f887 3034 	strb.w	r3, [r7, #52]	@ 0x34
1000473c:	f897 3035 	ldrb.w	r3, [r7, #53]	@ 0x35
10004740:	f360 0300 	bfi	r3, r0, #0, #1
10004744:	f887 3035 	strb.w	r3, [r7, #53]	@ 0x35
10004748:	f897 3035 	ldrb.w	r3, [r7, #53]	@ 0x35
1000474c:	f360 0382 	bfi	r3, r0, #2, #1
10004750:	f887 3035 	strb.w	r3, [r7, #53]	@ 0x35
10004754:	f000 fc6c 	bl	10005030 <usbd_control_set_complete_callback>
10004758:	f89d 3020 	ldrb.w	r3, [sp, #32]
1000475c:	f003 0260 	and.w	r2, r3, #96	@ 0x60
10004760:	2a60      	cmp	r2, #96	@ 0x60
10004762:	d06c      	beq.n	1000483e <tud_task_ext+0x222>
10004764:	2a40      	cmp	r2, #64	@ 0x40
10004766:	d07c      	beq.n	10004862 <tud_task_ext+0x246>
10004768:	f003 031f 	and.w	r3, r3, #31
1000476c:	2b01      	cmp	r3, #1
1000476e:	f000 80c1 	beq.w	100048f4 <tud_task_ext+0x2d8>
10004772:	2b02      	cmp	r3, #2
10004774:	f000 8081 	beq.w	1000487a <tud_task_ext+0x25e>
10004778:	2b00      	cmp	r3, #0
1000477a:	d160      	bne.n	1000483e <tud_task_ext+0x222>
1000477c:	2a20      	cmp	r2, #32
1000477e:	f000 81e9 	beq.w	10004b54 <tud_task_ext+0x538>
10004782:	2a00      	cmp	r2, #0
10004784:	d15b      	bne.n	1000483e <tud_task_ext+0x222>
10004786:	f89d 3021 	ldrb.w	r3, [sp, #33]	@ 0x21
1000478a:	2b09      	cmp	r3, #9
1000478c:	d857      	bhi.n	1000483e <tud_task_ext+0x222>
1000478e:	e8df f013 	tbh	[pc, r3, lsl #1]
10004792:	01b0      	.short	0x01b0
10004794:	005601a2 	.word	0x005601a2
10004798:	005601c1 	.word	0x005601c1
1000479c:	016b0195 	.word	0x016b0195
100047a0:	01600056 	.word	0x01600056
100047a4:	00f4      	.short	0x00f4
100047a6:	782b      	ldrb	r3, [r5, #0]
100047a8:	07d9      	lsls	r1, r3, #31
100047aa:	f57f af47 	bpl.w	1000463c <tud_task_ext+0x20>
100047ae:	f7ff fea9 	bl	10004504 <tud_resume_cb>
100047b2:	e743      	b.n	1000463c <tud_task_ext+0x20>
100047b4:	78eb      	ldrb	r3, [r5, #3]
100047b6:	07da      	lsls	r2, r3, #31
100047b8:	f57f af40 	bpl.w	1000463c <tud_task_ext+0x20>
100047bc:	9808      	ldr	r0, [sp, #32]
100047be:	f7ff fe95 	bl	100044ec <tud_sof_cb>
100047c2:	e73b      	b.n	1000463c <tud_task_ext+0x20>
100047c4:	782b      	ldrb	r3, [r5, #0]
100047c6:	07d8      	lsls	r0, r3, #31
100047c8:	f57f af38 	bpl.w	1000463c <tud_task_ext+0x20>
100047cc:	7828      	ldrb	r0, [r5, #0]
100047ce:	f3c0 00c0 	ubfx	r0, r0, #3, #1
100047d2:	f7ff fe95 	bl	10004500 <tud_suspend_cb>
100047d6:	e731      	b.n	1000463c <tud_task_ext+0x20>
100047d8:	f89d 001c 	ldrb.w	r0, [sp, #28]
100047dc:	f7ff fe3e 	bl	1000445c <configuration_reset>
100047e0:	f000 fc1c 	bl	1000501c <usbd_control_reset>
100047e4:	f89d 3020 	ldrb.w	r3, [sp, #32]
100047e8:	70ab      	strb	r3, [r5, #2]
100047ea:	e727      	b.n	1000463c <tud_task_ext+0x20>
100047ec:	f89d 001c 	ldrb.w	r0, [sp, #28]
100047f0:	f7ff fe34 	bl	1000445c <configuration_reset>
100047f4:	f000 fc12 	bl	1000501c <usbd_control_reset>
100047f8:	f7ff fe80 	bl	100044fc <tud_umount_cb>
100047fc:	e71e      	b.n	1000463c <tud_task_ext+0x20>
100047fe:	1c50      	adds	r0, r2, #1
10004800:	4298      	cmp	r0, r3
10004802:	da11      	bge.n	10004828 <tud_task_ext+0x20c>
10004804:	f04f 23e0 	mov.w	r3, #3758153728	@ 0xe000e000
10004808:	f8d3 3df0 	ldr.w	r3, [r3, #3568]	@ 0xdf0
1000480c:	07dc      	lsls	r4, r3, #31
1000480e:	d500      	bpl.n	10004812 <tud_task_ext+0x1f6>
10004810:	be00      	bkpt	0x0000
10004812:	b00b      	add	sp, #44	@ 0x2c
10004814:	e8bd 8ff0 	ldmia.w	sp!, {r4, r5, r6, r7, r8, r9, sl, fp, pc}
10004818:	9b09      	ldr	r3, [sp, #36]	@ 0x24
1000481a:	f89d 2021 	ldrb.w	r2, [sp, #33]	@ 0x21
1000481e:	f89d 001c 	ldrb.w	r0, [sp, #28]
10004822:	f000 fc19 	bl	10005058 <usbd_control_xfer_cb>
10004826:	e709      	b.n	1000463c <tud_task_ext+0x20>
10004828:	1a9b      	subs	r3, r3, r2
1000482a:	4a2d      	ldr	r2, [pc, #180]	@ (100048e0 <tud_task_ext+0x2c4>)
1000482c:	eb02 1343 	add.w	r3, r2, r3, lsl #5
10004830:	e758      	b.n	100046e4 <tud_task_ext+0xc8>
10004832:	f7ff fb8d 	bl	10003f50 <tud_descriptor_configuration_cb>
10004836:	4602      	mov	r2, r0
10004838:	2800      	cmp	r0, #0
1000483a:	f040 8182 	bne.w	10004b42 <tud_task_ext+0x526>
1000483e:	f04f 23e0 	mov.w	r3, #3758153728	@ 0xe000e000
10004842:	f8d3 3df0 	ldr.w	r3, [r3, #3568]	@ 0xdf0
10004846:	07de      	lsls	r6, r3, #31
10004848:	d500      	bpl.n	1000484c <tud_task_ext+0x230>
1000484a:	be00      	bkpt	0x0000
1000484c:	f89d 001c 	ldrb.w	r0, [sp, #28]
10004850:	2100      	movs	r1, #0
10004852:	f7ff fd99 	bl	10004388 <dcd_edpt_stall>
10004856:	2180      	movs	r1, #128	@ 0x80
10004858:	f89d 001c 	ldrb.w	r0, [sp, #28]
1000485c:	f7ff fd94 	bl	10004388 <dcd_edpt_stall>
10004860:	e6ec      	b.n	1000463c <tud_task_ext+0x20>
10004862:	4820      	ldr	r0, [pc, #128]	@ (100048e4 <tud_task_ext+0x2c8>)
10004864:	f000 fbe4 	bl	10005030 <usbd_control_set_complete_callback>
10004868:	2101      	movs	r1, #1
1000486a:	4640      	mov	r0, r8
1000486c:	aa08      	add	r2, sp, #32
1000486e:	f7ff f933 	bl	10003ad8 <tud_vendor_control_xfer_cb>
10004872:	2800      	cmp	r0, #0
10004874:	f47f aee2 	bne.w	1000463c <tud_task_ext+0x20>
10004878:	e7e8      	b.n	1000484c <tud_task_ext+0x230>
1000487a:	f89d 1024 	ldrb.w	r1, [sp, #36]	@ 0x24
1000487e:	f011 0f70 	tst.w	r1, #112	@ 0x70
10004882:	d1dc      	bne.n	1000483e <tud_task_ext+0x222>
10004884:	f001 067f 	and.w	r6, r1, #127	@ 0x7f
10004888:	eb07 0046 	add.w	r0, r7, r6, lsl #1
1000488c:	4b16      	ldr	r3, [pc, #88]	@ (100048e8 <tud_task_ext+0x2cc>)
1000488e:	eb00 10d1 	add.w	r0, r0, r1, lsr #7
10004892:	781b      	ldrb	r3, [r3, #0]
10004894:	7d00      	ldrb	r0, [r0, #20]
10004896:	0076      	lsls	r6, r6, #1
10004898:	9601      	str	r6, [sp, #4]
1000489a:	4298      	cmp	r0, r3
1000489c:	ea4f 16d1 	mov.w	r6, r1, lsr #7
100048a0:	9600      	str	r6, [sp, #0]
100048a2:	d359      	bcc.n	10004958 <tud_task_ext+0x33c>
100048a4:	1c5e      	adds	r6, r3, #1
100048a6:	4286      	cmp	r6, r0
100048a8:	f2c0 8166 	blt.w	10004b78 <tud_task_ext+0x55c>
100048ac:	1ac0      	subs	r0, r0, r3
100048ae:	4b0c      	ldr	r3, [pc, #48]	@ (100048e0 <tud_task_ext+0x2c4>)
100048b0:	eb03 1640 	add.w	r6, r3, r0, lsl #5
100048b4:	2a00      	cmp	r2, #0
100048b6:	f000 8163 	beq.w	10004b80 <tud_task_ext+0x564>
100048ba:	6970      	ldr	r0, [r6, #20]
100048bc:	f000 fbb8 	bl	10005030 <usbd_control_set_complete_callback>
100048c0:	2101      	movs	r1, #1
100048c2:	4640      	mov	r0, r8
100048c4:	6973      	ldr	r3, [r6, #20]
100048c6:	aa08      	add	r2, sp, #32
100048c8:	4798      	blx	r3
100048ca:	2800      	cmp	r0, #0
100048cc:	f47f aeb6 	bne.w	1000463c <tud_task_ext+0x20>
100048d0:	e7bc      	b.n	1000484c <tud_task_ext+0x230>
100048d2:	bf00      	nop
100048d4:	20001958 	.word	0x20001958
100048d8:	20001900 	.word	0x20001900
100048dc:	20001730 	.word	0x20001730
100048e0:	10006b6c 	.word	0x10006b6c
100048e4:	10003ad9 	.word	0x10003ad9
100048e8:	200023c9 	.word	0x200023c9
100048ec:	20001590 	.word	0x20001590
100048f0:	200023cb 	.word	0x200023cb
100048f4:	f89d 3024 	ldrb.w	r3, [sp, #36]	@ 0x24
100048f8:	2b0f      	cmp	r3, #15
100048fa:	d8a7      	bhi.n	1000484c <tud_task_ext+0x230>
100048fc:	4aae      	ldr	r2, [pc, #696]	@ (10004bb8 <tud_task_ext+0x59c>)
100048fe:	443b      	add	r3, r7
10004900:	791b      	ldrb	r3, [r3, #4]
10004902:	7812      	ldrb	r2, [r2, #0]
10004904:	4293      	cmp	r3, r2
10004906:	d332      	bcc.n	1000496e <tud_task_ext+0x352>
10004908:	1c51      	adds	r1, r2, #1
1000490a:	4299      	cmp	r1, r3
1000490c:	db9e      	blt.n	1000484c <tud_task_ext+0x230>
1000490e:	4eab      	ldr	r6, [pc, #684]	@ (10004bbc <tud_task_ext+0x5a0>)
10004910:	1a9b      	subs	r3, r3, r2
10004912:	eb06 1643 	add.w	r6, r6, r3, lsl #5
10004916:	6970      	ldr	r0, [r6, #20]
10004918:	f000 fb8a 	bl	10005030 <usbd_control_set_complete_callback>
1000491c:	2101      	movs	r1, #1
1000491e:	4640      	mov	r0, r8
10004920:	6973      	ldr	r3, [r6, #20]
10004922:	aa08      	add	r2, sp, #32
10004924:	4798      	blx	r3
10004926:	2800      	cmp	r0, #0
10004928:	f47f ae88 	bne.w	1000463c <tud_task_ext+0x20>
1000492c:	f89d 3020 	ldrb.w	r3, [sp, #32]
10004930:	f013 0660 	ands.w	r6, r3, #96	@ 0x60
10004934:	d18a      	bne.n	1000484c <tud_task_ext+0x230>
10004936:	f89d 3021 	ldrb.w	r3, [sp, #33]	@ 0x21
1000493a:	3b0a      	subs	r3, #10
1000493c:	2b01      	cmp	r3, #1
1000493e:	d885      	bhi.n	1000484c <tud_task_ext+0x230>
10004940:	f000 fb76 	bl	10005030 <usbd_control_set_complete_callback>
10004944:	f89d 3021 	ldrb.w	r3, [sp, #33]	@ 0x21
10004948:	2b0a      	cmp	r3, #10
1000494a:	f000 81f2 	beq.w	10004d32 <tud_task_ext+0x716>
1000494e:	4640      	mov	r0, r8
10004950:	a908      	add	r1, sp, #32
10004952:	f000 faf1 	bl	10004f38 <tud_control_status>
10004956:	e671      	b.n	1000463c <tud_task_ext+0x20>
10004958:	4b99      	ldr	r3, [pc, #612]	@ (10004bc0 <tud_task_ext+0x5a4>)
1000495a:	681b      	ldr	r3, [r3, #0]
1000495c:	eb03 1640 	add.w	r6, r3, r0, lsl #5
10004960:	2a00      	cmp	r2, #0
10004962:	f000 810d 	beq.w	10004b80 <tud_task_ext+0x564>
10004966:	2e00      	cmp	r6, #0
10004968:	f43f af70 	beq.w	1000484c <tud_task_ext+0x230>
1000496c:	e7a5      	b.n	100048ba <tud_task_ext+0x29e>
1000496e:	4a94      	ldr	r2, [pc, #592]	@ (10004bc0 <tud_task_ext+0x5a4>)
10004970:	6816      	ldr	r6, [r2, #0]
10004972:	eb16 1643 	adds.w	r6, r6, r3, lsl #5
10004976:	d1ce      	bne.n	10004916 <tud_task_ext+0x2fa>
10004978:	e768      	b.n	1000484c <tud_task_ext+0x230>
1000497a:	787b      	ldrb	r3, [r7, #1]
1000497c:	f89d 6022 	ldrb.w	r6, [sp, #34]	@ 0x22
10004980:	429e      	cmp	r6, r3
10004982:	f000 814f 	beq.w	10004c24 <tud_task_ext+0x608>
10004986:	787b      	ldrb	r3, [r7, #1]
10004988:	2b00      	cmp	r3, #0
1000498a:	f040 81be 	bne.w	10004d0a <tud_task_ext+0x6ee>
1000498e:	707e      	strb	r6, [r7, #1]
10004990:	2e00      	cmp	r6, #0
10004992:	f000 8145 	beq.w	10004c20 <tud_task_ext+0x604>
10004996:	1e70      	subs	r0, r6, #1
10004998:	b2c0      	uxtb	r0, r0
1000499a:	f7ff fad9 	bl	10003f50 <tud_descriptor_configuration_cb>
1000499e:	4603      	mov	r3, r0
100049a0:	2800      	cmp	r0, #0
100049a2:	f000 815f 	beq.w	10004c64 <tud_task_ext+0x648>
100049a6:	7842      	ldrb	r2, [r0, #1]
100049a8:	2a02      	cmp	r2, #2
100049aa:	f040 815b 	bne.w	10004c64 <tud_task_ext+0x648>
100049ae:	79c1      	ldrb	r1, [r0, #7]
100049b0:	f103 0609 	add.w	r6, r3, #9
100049b4:	f3c1 1240 	ubfx	r2, r1, #5, #1
100049b8:	0112      	lsls	r2, r2, #4
100049ba:	f3c1 1180 	ubfx	r1, r1, #6, #1
100049be:	ea42 1241 	orr.w	r2, r2, r1, lsl #5
100049c2:	4631      	mov	r1, r6
100049c4:	7838      	ldrb	r0, [r7, #0]
100049c6:	f020 0030 	bic.w	r0, r0, #48	@ 0x30
100049ca:	4302      	orrs	r2, r0
100049cc:	703a      	strb	r2, [r7, #0]
100049ce:	885a      	ldrh	r2, [r3, #2]
100049d0:	f8cd 800c 	str.w	r8, [sp, #12]
100049d4:	189a      	adds	r2, r3, r2
100049d6:	9201      	str	r2, [sp, #4]
100049d8:	9b01      	ldr	r3, [sp, #4]
100049da:	428b      	cmp	r3, r1
100049dc:	f240 81a4 	bls.w	10004d28 <tud_task_ext+0x70c>
100049e0:	784a      	ldrb	r2, [r1, #1]
100049e2:	2a0b      	cmp	r2, #11
100049e4:	f000 81af 	beq.w	10004d46 <tud_task_ext+0x72a>
100049e8:	2301      	movs	r3, #1
100049ea:	2a04      	cmp	r2, #4
100049ec:	f040 813a 	bne.w	10004c64 <tud_task_ext+0x648>
100049f0:	2600      	movs	r6, #0
100049f2:	9a01      	ldr	r2, [sp, #4]
100049f4:	9600      	str	r6, [sp, #0]
100049f6:	1a52      	subs	r2, r2, r1
100049f8:	b292      	uxth	r2, r2
100049fa:	9202      	str	r2, [sp, #8]
100049fc:	4a6e      	ldr	r2, [pc, #440]	@ (10004bb8 <tud_task_ext+0x59c>)
100049fe:	9304      	str	r3, [sp, #16]
10004a00:	7812      	ldrb	r2, [r2, #0]
10004a02:	e01d      	b.n	10004a40 <tud_task_ext+0x424>
10004a04:	4b6e      	ldr	r3, [pc, #440]	@ (10004bc0 <tud_task_ext+0x5a4>)
10004a06:	681b      	ldr	r3, [r3, #0]
10004a08:	eb13 1846 	adds.w	r8, r3, r6, lsl #5
10004a0c:	f000 812a 	beq.w	10004c64 <tud_task_ext+0x648>
10004a10:	9a02      	ldr	r2, [sp, #8]
10004a12:	f8d8 3010 	ldr.w	r3, [r8, #16]
10004a16:	9803      	ldr	r0, [sp, #12]
10004a18:	9105      	str	r1, [sp, #20]
10004a1a:	4798      	blx	r3
10004a1c:	2808      	cmp	r0, #8
10004a1e:	4602      	mov	r2, r0
10004a20:	9905      	ldr	r1, [sp, #20]
10004a22:	f106 0301 	add.w	r3, r6, #1
10004a26:	d903      	bls.n	10004a30 <tud_task_ext+0x414>
10004a28:	9802      	ldr	r0, [sp, #8]
10004a2a:	4290      	cmp	r0, r2
10004a2c:	f080 80ff 	bcs.w	10004c2e <tud_task_ext+0x612>
10004a30:	b2de      	uxtb	r6, r3
10004a32:	4b61      	ldr	r3, [pc, #388]	@ (10004bb8 <tud_task_ext+0x59c>)
10004a34:	9600      	str	r6, [sp, #0]
10004a36:	781a      	ldrb	r2, [r3, #0]
10004a38:	1c53      	adds	r3, r2, #1
10004a3a:	429e      	cmp	r6, r3
10004a3c:	f300 8112 	bgt.w	10004c64 <tud_task_ext+0x648>
10004a40:	9b00      	ldr	r3, [sp, #0]
10004a42:	42b2      	cmp	r2, r6
10004a44:	eba3 0202 	sub.w	r2, r3, r2
10004a48:	d8dc      	bhi.n	10004a04 <tud_task_ext+0x3e8>
10004a4a:	4b5c      	ldr	r3, [pc, #368]	@ (10004bbc <tud_task_ext+0x5a0>)
10004a4c:	eb03 1842 	add.w	r8, r3, r2, lsl #5
10004a50:	e7de      	b.n	10004a10 <tud_task_ext+0x3f4>
10004a52:	787b      	ldrb	r3, [r7, #1]
10004a54:	4640      	mov	r0, r8
10004a56:	f88d 301a 	strb.w	r3, [sp, #26]
10004a5a:	f10d 021a 	add.w	r2, sp, #26
10004a5e:	2301      	movs	r3, #1
10004a60:	a908      	add	r1, sp, #32
10004a62:	f000 fa83 	bl	10004f6c <tud_control_xfer>
10004a66:	e5e9      	b.n	1000463c <tud_task_ext+0x20>
10004a68:	f8bd 0022 	ldrh.w	r0, [sp, #34]	@ 0x22
10004a6c:	0a03      	lsrs	r3, r0, #8
10004a6e:	3b01      	subs	r3, #1
10004a70:	0a02      	lsrs	r2, r0, #8
10004a72:	b2c0      	uxtb	r0, r0
10004a74:	2b0e      	cmp	r3, #14
10004a76:	f63f aee9 	bhi.w	1000484c <tud_task_ext+0x230>
10004a7a:	a101      	add	r1, pc, #4	@ (adr r1, 10004a80 <tud_task_ext+0x464>)
10004a7c:	f851 f023 	ldr.w	pc, [r1, r3, lsl #2]
10004a80:	10004c95 	.word	0x10004c95
10004a84:	10004b31 	.word	0x10004b31
10004a88:	10004cd1 	.word	0x10004cd1
10004a8c:	1000484d 	.word	0x1000484d
10004a90:	1000484d 	.word	0x1000484d
10004a94:	10004cb3 	.word	0x10004cb3
10004a98:	10004b31 	.word	0x10004b31
10004a9c:	1000484d 	.word	0x1000484d
10004aa0:	1000484d 	.word	0x1000484d
10004aa4:	1000484d 	.word	0x1000484d
10004aa8:	1000484d 	.word	0x1000484d
10004aac:	1000484d 	.word	0x1000484d
10004ab0:	1000484d 	.word	0x1000484d
10004ab4:	1000484d 	.word	0x1000484d
10004ab8:	10004c87 	.word	0x10004c87
10004abc:	a808      	add	r0, sp, #32
10004abe:	f000 fabd 	bl	1000503c <usbd_control_set_request>
10004ac2:	4640      	mov	r0, r8
10004ac4:	f89d 1022 	ldrb.w	r1, [sp, #34]	@ 0x22
10004ac8:	f7ff fba2 	bl	10004210 <dcd_set_address>
10004acc:	783b      	ldrb	r3, [r7, #0]
10004ace:	f043 0302 	orr.w	r3, r3, #2
10004ad2:	703b      	strb	r3, [r7, #0]
10004ad4:	e5b2      	b.n	1000463c <tud_task_ext+0x20>
10004ad6:	f8bd 3022 	ldrh.w	r3, [sp, #34]	@ 0x22
10004ada:	2b01      	cmp	r3, #1
10004adc:	f47f aeb6 	bne.w	1000484c <tud_task_ext+0x230>
10004ae0:	783b      	ldrb	r3, [r7, #0]
10004ae2:	4640      	mov	r0, r8
10004ae4:	f023 0308 	bic.w	r3, r3, #8
10004ae8:	a908      	add	r1, sp, #32
10004aea:	703b      	strb	r3, [r7, #0]
10004aec:	f000 fa24 	bl	10004f38 <tud_control_status>
10004af0:	e5a4      	b.n	1000463c <tud_task_ext+0x20>
10004af2:	4640      	mov	r0, r8
10004af4:	783b      	ldrb	r3, [r7, #0]
10004af6:	089a      	lsrs	r2, r3, #2
10004af8:	f002 0202 	and.w	r2, r2, #2
10004afc:	f3c3 1340 	ubfx	r3, r3, #5, #1
10004b00:	4313      	orrs	r3, r2
10004b02:	f8ad 301a 	strh.w	r3, [sp, #26]
10004b06:	f10d 021a 	add.w	r2, sp, #26
10004b0a:	2302      	movs	r3, #2
10004b0c:	a908      	add	r1, sp, #32
10004b0e:	f000 fa2d 	bl	10004f6c <tud_control_xfer>
10004b12:	e593      	b.n	1000463c <tud_task_ext+0x20>
10004b14:	f8bd 3022 	ldrh.w	r3, [sp, #34]	@ 0x22
10004b18:	2b01      	cmp	r3, #1
10004b1a:	f47f ae97 	bne.w	1000484c <tud_task_ext+0x230>
10004b1e:	783b      	ldrb	r3, [r7, #0]
10004b20:	4640      	mov	r0, r8
10004b22:	f043 0308 	orr.w	r3, r3, #8
10004b26:	a908      	add	r1, sp, #32
10004b28:	703b      	strb	r3, [r7, #0]
10004b2a:	f000 fa05 	bl	10004f38 <tud_control_status>
10004b2e:	e585      	b.n	1000463c <tud_task_ext+0x20>
10004b30:	2a02      	cmp	r2, #2
10004b32:	f43f ae7e 	beq.w	10004832 <tud_task_ext+0x216>
10004b36:	f7ff fcdd 	bl	100044f4 <tud_descriptor_other_speed_configuration_cb>
10004b3a:	4602      	mov	r2, r0
10004b3c:	2800      	cmp	r0, #0
10004b3e:	f43f ae85 	beq.w	1000484c <tud_task_ext+0x230>
10004b42:	4640      	mov	r0, r8
10004b44:	8853      	ldrh	r3, [r2, #2]
10004b46:	a908      	add	r1, sp, #32
10004b48:	f000 fa10 	bl	10004f6c <tud_control_xfer>
10004b4c:	2800      	cmp	r0, #0
10004b4e:	f47f ad75 	bne.w	1000463c <tud_task_ext+0x20>
10004b52:	e67b      	b.n	1000484c <tud_task_ext+0x230>
10004b54:	f89d 3024 	ldrb.w	r3, [sp, #36]	@ 0x24
10004b58:	2b0f      	cmp	r3, #15
10004b5a:	f63f ae77 	bhi.w	1000484c <tud_task_ext+0x230>
10004b5e:	4a16      	ldr	r2, [pc, #88]	@ (10004bb8 <tud_task_ext+0x59c>)
10004b60:	443b      	add	r3, r7
10004b62:	791b      	ldrb	r3, [r3, #4]
10004b64:	7812      	ldrb	r2, [r2, #0]
10004b66:	4293      	cmp	r3, r2
10004b68:	d21d      	bcs.n	10004ba6 <tud_task_ext+0x58a>
10004b6a:	4a15      	ldr	r2, [pc, #84]	@ (10004bc0 <tud_task_ext+0x5a4>)
10004b6c:	6816      	ldr	r6, [r2, #0]
10004b6e:	eb16 1643 	adds.w	r6, r6, r3, lsl #5
10004b72:	f47f aea2 	bne.w	100048ba <tud_task_ext+0x29e>
10004b76:	e669      	b.n	1000484c <tud_task_ext+0x230>
10004b78:	2a00      	cmp	r2, #0
10004b7a:	f47f ae67 	bne.w	1000484c <tud_task_ext+0x230>
10004b7e:	2600      	movs	r6, #0
10004b80:	f89d 2021 	ldrb.w	r2, [sp, #33]	@ 0x21
10004b84:	f002 03fd 	and.w	r3, r2, #253	@ 0xfd
10004b88:	2b01      	cmp	r3, #1
10004b8a:	d01b      	beq.n	10004bc4 <tud_task_ext+0x5a8>
10004b8c:	2a00      	cmp	r2, #0
10004b8e:	f47f ae56 	bne.w	1000483e <tud_task_ext+0x222>
10004b92:	9b01      	ldr	r3, [sp, #4]
10004b94:	9a00      	ldr	r2, [sp, #0]
10004b96:	443b      	add	r3, r7
10004b98:	4413      	add	r3, r2
10004b9a:	f893 3034 	ldrb.w	r3, [r3, #52]	@ 0x34
10004b9e:	4640      	mov	r0, r8
10004ba0:	f3c3 0340 	ubfx	r3, r3, #1, #1
10004ba4:	e7ad      	b.n	10004b02 <tud_task_ext+0x4e6>
10004ba6:	1c51      	adds	r1, r2, #1
10004ba8:	4299      	cmp	r1, r3
10004baa:	f6ff ae4f 	blt.w	1000484c <tud_task_ext+0x230>
10004bae:	4e03      	ldr	r6, [pc, #12]	@ (10004bbc <tud_task_ext+0x5a0>)
10004bb0:	1a9b      	subs	r3, r3, r2
10004bb2:	eb06 1643 	add.w	r6, r6, r3, lsl #5
10004bb6:	e680      	b.n	100048ba <tud_task_ext+0x29e>
10004bb8:	200023c9 	.word	0x200023c9
10004bbc:	10006b6c 	.word	0x10006b6c
10004bc0:	20001730 	.word	0x20001730
10004bc4:	f8bd 3022 	ldrh.w	r3, [sp, #34]	@ 0x22
10004bc8:	b9b3      	cbnz	r3, 10004bf8 <tud_task_ext+0x5dc>
10004bca:	2a01      	cmp	r2, #1
10004bcc:	f899 0000 	ldrb.w	r0, [r9]
10004bd0:	f000 8086 	beq.w	10004ce0 <tud_task_ext+0x6c4>
10004bd4:	f7ff fbd8 	bl	10004388 <dcd_edpt_stall>
10004bd8:	9b01      	ldr	r3, [sp, #4]
10004bda:	9a00      	ldr	r2, [sp, #0]
10004bdc:	443b      	add	r3, r7
10004bde:	4413      	add	r3, r2
10004be0:	f893 2034 	ldrb.w	r2, [r3, #52]	@ 0x34
10004be4:	f042 0202 	orr.w	r2, r2, #2
10004be8:	f883 2034 	strb.w	r2, [r3, #52]	@ 0x34
10004bec:	f893 2034 	ldrb.w	r2, [r3, #52]	@ 0x34
10004bf0:	f042 0201 	orr.w	r2, r2, #1
10004bf4:	f883 2034 	strb.w	r2, [r3, #52]	@ 0x34
10004bf8:	2e00      	cmp	r6, #0
10004bfa:	f43f ad1f 	beq.w	1000463c <tud_task_ext+0x20>
10004bfe:	6970      	ldr	r0, [r6, #20]
10004c00:	f000 fa16 	bl	10005030 <usbd_control_set_complete_callback>
10004c04:	6973      	ldr	r3, [r6, #20]
10004c06:	2101      	movs	r1, #1
10004c08:	aa08      	add	r2, sp, #32
10004c0a:	4640      	mov	r0, r8
10004c0c:	4798      	blx	r3
10004c0e:	2000      	movs	r0, #0
10004c10:	f000 fa0e 	bl	10005030 <usbd_control_set_complete_callback>
10004c14:	f897 3035 	ldrb.w	r3, [r7, #53]	@ 0x35
10004c18:	07df      	lsls	r7, r3, #31
10004c1a:	f53f ad0f 	bmi.w	1000463c <tud_task_ext+0x20>
10004c1e:	e696      	b.n	1000494e <tud_task_ext+0x332>
10004c20:	f7ff fc6c 	bl	100044fc <tud_umount_cb>
10004c24:	4640      	mov	r0, r8
10004c26:	a908      	add	r1, sp, #32
10004c28:	f000 f986 	bl	10004f38 <tud_control_status>
10004c2c:	e506      	b.n	1000463c <tud_task_ext+0x20>
10004c2e:	9b04      	ldr	r3, [sp, #16]
10004c30:	2b01      	cmp	r3, #1
10004c32:	f000 809e 	beq.w	10004d72 <tud_task_ext+0x756>
10004c36:	2b00      	cmp	r3, #0
10004c38:	f000 808a 	beq.w	10004d50 <tud_task_ext+0x734>
10004c3c:	2000      	movs	r0, #0
10004c3e:	f891 8002 	ldrb.w	r8, [r1, #2]
10004c42:	e005      	b.n	10004c50 <tud_task_ext+0x634>
10004c44:	f88c 6004 	strb.w	r6, [ip, #4]
10004c48:	fa5f fc80 	uxtb.w	ip, r0
10004c4c:	4563      	cmp	r3, ip
10004c4e:	d97f      	bls.n	10004d50 <tud_task_ext+0x734>
10004c50:	eb08 0c00 	add.w	ip, r8, r0
10004c54:	fa57 fc8c 	uxtab	ip, r7, ip
10004c58:	f89c e004 	ldrb.w	lr, [ip, #4]
10004c5c:	3001      	adds	r0, #1
10004c5e:	f1be 0fff 	cmp.w	lr, #255	@ 0xff
10004c62:	d0ef      	beq.n	10004c44 <tud_task_ext+0x628>
10004c64:	f04f 23e0 	mov.w	r3, #3758153728	@ 0xe000e000
10004c68:	f8d3 3df0 	ldr.w	r3, [r3, #3568]	@ 0xdf0
10004c6c:	07da      	lsls	r2, r3, #31
10004c6e:	d500      	bpl.n	10004c72 <tud_task_ext+0x656>
10004c70:	be00      	bkpt	0x0000
10004c72:	f04f 23e0 	mov.w	r3, #3758153728	@ 0xe000e000
10004c76:	f8d3 3df0 	ldr.w	r3, [r3, #3568]	@ 0xdf0
10004c7a:	07db      	lsls	r3, r3, #31
10004c7c:	d500      	bpl.n	10004c80 <tud_task_ext+0x664>
10004c7e:	be00      	bkpt	0x0000
10004c80:	2300      	movs	r3, #0
10004c82:	707b      	strb	r3, [r7, #1]
10004c84:	e5e2      	b.n	1000484c <tud_task_ext+0x230>
10004c86:	f7fe ff23 	bl	10003ad0 <tud_descriptor_bos_cb>
10004c8a:	4602      	mov	r2, r0
10004c8c:	2800      	cmp	r0, #0
10004c8e:	f47f af58 	bne.w	10004b42 <tud_task_ext+0x526>
10004c92:	e5db      	b.n	1000484c <tud_task_ext+0x230>
10004c94:	f7ff f958 	bl	10003f48 <tud_descriptor_device_cb>
10004c98:	4602      	mov	r2, r0
10004c9a:	2800      	cmp	r0, #0
10004c9c:	f43f adcf 	beq.w	1000483e <tud_task_ext+0x222>
10004ca0:	4640      	mov	r0, r8
10004ca2:	2312      	movs	r3, #18
10004ca4:	a908      	add	r1, sp, #32
10004ca6:	f000 f961 	bl	10004f6c <tud_control_xfer>
10004caa:	2800      	cmp	r0, #0
10004cac:	f47f acc6 	bne.w	1000463c <tud_task_ext+0x20>
10004cb0:	e5cc      	b.n	1000484c <tud_task_ext+0x230>
10004cb2:	f7ff fc1d 	bl	100044f0 <tud_descriptor_device_qualifier_cb>
10004cb6:	4602      	mov	r2, r0
10004cb8:	2800      	cmp	r0, #0
10004cba:	f43f adc7 	beq.w	1000484c <tud_task_ext+0x230>
10004cbe:	4640      	mov	r0, r8
10004cc0:	7813      	ldrb	r3, [r2, #0]
10004cc2:	a908      	add	r1, sp, #32
10004cc4:	f000 f952 	bl	10004f6c <tud_control_xfer>
10004cc8:	2800      	cmp	r0, #0
10004cca:	f47f acb7 	bne.w	1000463c <tud_task_ext+0x20>
10004cce:	e5bd      	b.n	1000484c <tud_task_ext+0x230>
10004cd0:	f8bd 1024 	ldrh.w	r1, [sp, #36]	@ 0x24
10004cd4:	f7ff f940 	bl	10003f58 <tud_descriptor_string_cb>
10004cd8:	4602      	mov	r2, r0
10004cda:	2800      	cmp	r0, #0
10004cdc:	d1ef      	bne.n	10004cbe <tud_task_ext+0x6a2>
10004cde:	e5b5      	b.n	1000484c <tud_task_ext+0x230>
10004ce0:	9302      	str	r3, [sp, #8]
10004ce2:	f7ff fb69 	bl	100043b8 <dcd_edpt_clear_stall>
10004ce6:	9a01      	ldr	r2, [sp, #4]
10004ce8:	9b00      	ldr	r3, [sp, #0]
10004cea:	443a      	add	r2, r7
10004cec:	441a      	add	r2, r3
10004cee:	f892 1034 	ldrb.w	r1, [r2, #52]	@ 0x34
10004cf2:	9b02      	ldr	r3, [sp, #8]
10004cf4:	f363 0141 	bfi	r1, r3, #1, #1
10004cf8:	f882 1034 	strb.w	r1, [r2, #52]	@ 0x34
10004cfc:	f892 1034 	ldrb.w	r1, [r2, #52]	@ 0x34
10004d00:	f363 0100 	bfi	r1, r3, #0, #1
10004d04:	f882 1034 	strb.w	r1, [r2, #52]	@ 0x34
10004d08:	e776      	b.n	10004bf8 <tud_task_ext+0x5dc>
10004d0a:	2100      	movs	r1, #0
10004d0c:	4640      	mov	r0, r8
10004d0e:	f7ff fa87 	bl	10004220 <dcd_sof_enable>
10004d12:	4640      	mov	r0, r8
10004d14:	f7ff fb22 	bl	1000435c <dcd_edpt_close_all>
10004d18:	78bb      	ldrb	r3, [r7, #2]
10004d1a:	4640      	mov	r0, r8
10004d1c:	9300      	str	r3, [sp, #0]
10004d1e:	f7ff fb9d 	bl	1000445c <configuration_reset>
10004d22:	9b00      	ldr	r3, [sp, #0]
10004d24:	70bb      	strb	r3, [r7, #2]
10004d26:	e632      	b.n	1000498e <tud_task_ext+0x372>
10004d28:	f8dd 800c 	ldr.w	r8, [sp, #12]
10004d2c:	f7ff fbe4 	bl	100044f8 <tud_mount_cb>
10004d30:	e778      	b.n	10004c24 <tud_task_ext+0x608>
10004d32:	4640      	mov	r0, r8
10004d34:	2301      	movs	r3, #1
10004d36:	a908      	add	r1, sp, #32
10004d38:	f10d 021a 	add.w	r2, sp, #26
10004d3c:	f88d 601a 	strb.w	r6, [sp, #26]
10004d40:	f000 f914 	bl	10004f6c <tud_control_xfer>
10004d44:	e47a      	b.n	1000463c <tud_task_ext+0x20>
10004d46:	780a      	ldrb	r2, [r1, #0]
10004d48:	78cb      	ldrb	r3, [r1, #3]
10004d4a:	4411      	add	r1, r2
10004d4c:	784a      	ldrb	r2, [r1, #1]
10004d4e:	e64c      	b.n	100049ea <tud_task_ext+0x3ce>
10004d50:	4633      	mov	r3, r6
10004d52:	4810      	ldr	r0, [pc, #64]	@ (10004d94 <tud_task_ext+0x778>)
10004d54:	9204      	str	r2, [sp, #16]
10004d56:	9102      	str	r1, [sp, #8]
10004d58:	f000 fe76 	bl	10005a48 <tu_edpt_bind_driver>
10004d5c:	4b0e      	ldr	r3, [pc, #56]	@ (10004d98 <tud_task_ext+0x77c>)
10004d5e:	9a04      	ldr	r2, [sp, #16]
10004d60:	9902      	ldr	r1, [sp, #8]
10004d62:	781b      	ldrb	r3, [r3, #0]
10004d64:	4411      	add	r1, r2
10004d66:	9a00      	ldr	r2, [sp, #0]
10004d68:	3301      	adds	r3, #1
10004d6a:	4293      	cmp	r3, r2
10004d6c:	f6bf ae34 	bge.w	100049d8 <tud_task_ext+0x3bc>
10004d70:	e778      	b.n	10004c64 <tud_task_ext+0x648>
10004d72:	f8d8 c010 	ldr.w	ip, [r8, #16]
10004d76:	4809      	ldr	r0, [pc, #36]	@ (10004d9c <tud_task_ext+0x780>)
10004d78:	4584      	cmp	ip, r0
10004d7a:	bf08      	it	eq
10004d7c:	2302      	moveq	r3, #2
10004d7e:	e75d      	b.n	10004c3c <tud_task_ext+0x620>
10004d80:	f04f 23e0 	mov.w	r3, #3758153728	@ 0xe000e000
10004d84:	f8d3 3df0 	ldr.w	r3, [r3, #3568]	@ 0xdf0
10004d88:	07db      	lsls	r3, r3, #31
10004d8a:	f57f ac57 	bpl.w	1000463c <tud_task_ext+0x20>
10004d8e:	be00      	bkpt	0x0000
10004d90:	e454      	b.n	1000463c <tud_task_ext+0x20>
10004d92:	bf00      	nop
10004d94:	20001914 	.word	0x20001914
10004d98:	200023c9 	.word	0x200023c9
10004d9c:	10005469 	.word	0x10005469

10004da0 <usbd_open_edpt_pair>:
10004da0:	e92d 4ff8 	stmdb	sp!, {r3, r4, r5, r6, r7, r8, r9, sl, fp, lr}
10004da4:	9f0a      	ldr	r7, [sp, #40]	@ 0x28
10004da6:	2a00      	cmp	r2, #0
10004da8:	d040      	beq.n	10004e2c <usbd_open_edpt_pair+0x8c>
10004daa:	460c      	mov	r4, r1
10004dac:	461e      	mov	r6, r3
10004dae:	4615      	mov	r5, r2
10004db0:	f04f 0a00 	mov.w	sl, #0
10004db4:	f8df 907c 	ldr.w	r9, [pc, #124]	@ 10004e34 <usbd_open_edpt_pair+0x94>
10004db8:	f8df 807c 	ldr.w	r8, [pc, #124]	@ 10004e38 <usbd_open_edpt_pair+0x98>
10004dbc:	e018      	b.n	10004df0 <usbd_open_edpt_pair+0x50>
10004dbe:	4620      	mov	r0, r4
10004dc0:	f898 1002 	ldrb.w	r1, [r8, #2]
10004dc4:	f899 b000 	ldrb.w	fp, [r9]
10004dc8:	f000 fe0e 	bl	100059e8 <tu_edpt_validate>
10004dcc:	b1e0      	cbz	r0, 10004e08 <usbd_open_edpt_pair+0x68>
10004dce:	4621      	mov	r1, r4
10004dd0:	4658      	mov	r0, fp
10004dd2:	f7ff fa41 	bl	10004258 <dcd_edpt_open>
10004dd6:	b1f0      	cbz	r0, 10004e16 <usbd_open_edpt_pair+0x76>
10004dd8:	78a2      	ldrb	r2, [r4, #2]
10004dda:	f10a 0a01 	add.w	sl, sl, #1
10004dde:	09d1      	lsrs	r1, r2, #7
10004de0:	bf16      	itet	ne
10004de2:	9b0b      	ldrne	r3, [sp, #44]	@ 0x2c
10004de4:	703a      	strbeq	r2, [r7, #0]
10004de6:	701a      	strbne	r2, [r3, #0]
10004de8:	7822      	ldrb	r2, [r4, #0]
10004dea:	45aa      	cmp	sl, r5
10004dec:	4414      	add	r4, r2
10004dee:	d01d      	beq.n	10004e2c <usbd_open_edpt_pair+0x8c>
10004df0:	7862      	ldrb	r2, [r4, #1]
10004df2:	2a05      	cmp	r2, #5
10004df4:	d10f      	bne.n	10004e16 <usbd_open_edpt_pair+0x76>
10004df6:	78e1      	ldrb	r1, [r4, #3]
10004df8:	f001 0103 	and.w	r1, r1, #3
10004dfc:	42b1      	cmp	r1, r6
10004dfe:	d10a      	bne.n	10004e16 <usbd_open_edpt_pair+0x76>
10004e00:	78a2      	ldrb	r2, [r4, #2]
10004e02:	f012 0f70 	tst.w	r2, #112	@ 0x70
10004e06:	d0da      	beq.n	10004dbe <usbd_open_edpt_pair+0x1e>
10004e08:	f04f 23e0 	mov.w	r3, #3758153728	@ 0xe000e000
10004e0c:	f8d3 3df0 	ldr.w	r3, [r3, #3568]	@ 0xdf0
10004e10:	07da      	lsls	r2, r3, #31
10004e12:	d500      	bpl.n	10004e16 <usbd_open_edpt_pair+0x76>
10004e14:	be00      	bkpt	0x0000
10004e16:	f04f 23e0 	mov.w	r3, #3758153728	@ 0xe000e000
10004e1a:	f8d3 3df0 	ldr.w	r3, [r3, #3568]	@ 0xdf0
10004e1e:	07db      	lsls	r3, r3, #31
10004e20:	d402      	bmi.n	10004e28 <usbd_open_edpt_pair+0x88>
10004e22:	2000      	movs	r0, #0
10004e24:	e8bd 8ff8 	ldmia.w	sp!, {r3, r4, r5, r6, r7, r8, r9, sl, fp, pc}
10004e28:	be00      	bkpt	0x0000
10004e2a:	e7fa      	b.n	10004e22 <usbd_open_edpt_pair+0x82>
10004e2c:	2001      	movs	r0, #1
10004e2e:	e8bd 8ff8 	ldmia.w	sp!, {r3, r4, r5, r6, r7, r8, r9, sl, fp, pc}
10004e32:	bf00      	nop
10004e34:	20001590 	.word	0x20001590
10004e38:	20001900 	.word	0x20001900

10004e3c <usbd_edpt_open>:
10004e3c:	b538      	push	{r3, r4, r5, lr}
10004e3e:	788b      	ldrb	r3, [r1, #2]
10004e40:	f013 0f70 	tst.w	r3, #112	@ 0x70
10004e44:	d008      	beq.n	10004e58 <usbd_edpt_open+0x1c>
10004e46:	f04f 23e0 	mov.w	r3, #3758153728	@ 0xe000e000
10004e4a:	f8d3 3df0 	ldr.w	r3, [r3, #3568]	@ 0xdf0
10004e4e:	07db      	lsls	r3, r3, #31
10004e50:	d500      	bpl.n	10004e54 <usbd_edpt_open+0x18>
10004e52:	be00      	bkpt	0x0000
10004e54:	2000      	movs	r0, #0
10004e56:	bd38      	pop	{r3, r4, r5, pc}
10004e58:	4a07      	ldr	r2, [pc, #28]	@ (10004e78 <usbd_edpt_open+0x3c>)
10004e5a:	4b08      	ldr	r3, [pc, #32]	@ (10004e7c <usbd_edpt_open+0x40>)
10004e5c:	460c      	mov	r4, r1
10004e5e:	4608      	mov	r0, r1
10004e60:	7891      	ldrb	r1, [r2, #2]
10004e62:	781d      	ldrb	r5, [r3, #0]
10004e64:	f000 fdc0 	bl	100059e8 <tu_edpt_validate>
10004e68:	2800      	cmp	r0, #0
10004e6a:	d0ec      	beq.n	10004e46 <usbd_edpt_open+0xa>
10004e6c:	4621      	mov	r1, r4
10004e6e:	4628      	mov	r0, r5
10004e70:	e8bd 4038 	ldmia.w	sp!, {r3, r4, r5, lr}
10004e74:	f7ff b9f0 	b.w	10004258 <dcd_edpt_open>
10004e78:	20001900 	.word	0x20001900
10004e7c:	20001590 	.word	0x20001590

10004e80 <usbd_edpt_claim>:
10004e80:	460b      	mov	r3, r1
10004e82:	4a06      	ldr	r2, [pc, #24]	@ (10004e9c <usbd_edpt_claim+0x1c>)
10004e84:	4806      	ldr	r0, [pc, #24]	@ (10004ea0 <usbd_edpt_claim+0x20>)
10004e86:	6811      	ldr	r1, [r2, #0]
10004e88:	09da      	lsrs	r2, r3, #7
10004e8a:	3234      	adds	r2, #52	@ 0x34
10004e8c:	f003 037f 	and.w	r3, r3, #127	@ 0x7f
10004e90:	eb02 0343 	add.w	r3, r2, r3, lsl #1
10004e94:	4418      	add	r0, r3
10004e96:	f000 bd61 	b.w	1000595c <tu_edpt_claim>
10004e9a:	bf00      	nop
10004e9c:	20001954 	.word	0x20001954
10004ea0:	20001900 	.word	0x20001900

10004ea4 <usbd_edpt_release>:
10004ea4:	460b      	mov	r3, r1
10004ea6:	4a06      	ldr	r2, [pc, #24]	@ (10004ec0 <usbd_edpt_release+0x1c>)
10004ea8:	4806      	ldr	r0, [pc, #24]	@ (10004ec4 <usbd_edpt_release+0x20>)
10004eaa:	6811      	ldr	r1, [r2, #0]
10004eac:	09da      	lsrs	r2, r3, #7
10004eae:	3234      	adds	r2, #52	@ 0x34
10004eb0:	f003 037f 	and.w	r3, r3, #127	@ 0x7f
10004eb4:	eb02 0343 	add.w	r3, r2, r3, lsl #1
10004eb8:	4418      	add	r0, r3
10004eba:	f000 bd79 	b.w	100059b0 <tu_edpt_release>
10004ebe:	bf00      	nop
10004ec0:	20001954 	.word	0x20001954
10004ec4:	20001900 	.word	0x20001900

10004ec8 <usbd_edpt_xfer>:
10004ec8:	b510      	push	{r4, lr}
10004eca:	4819      	ldr	r0, [pc, #100]	@ (10004f30 <usbd_edpt_xfer+0x68>)
10004ecc:	f001 0c7f 	and.w	ip, r1, #127	@ 0x7f
10004ed0:	eb00 004c 	add.w	r0, r0, ip, lsl #1
10004ed4:	eb00 10d1 	add.w	r0, r0, r1, lsr #7
10004ed8:	f890 c034 	ldrb.w	ip, [r0, #52]	@ 0x34
10004edc:	f01c 0f01 	tst.w	ip, #1
10004ee0:	d008      	beq.n	10004ef4 <usbd_edpt_xfer+0x2c>
10004ee2:	f04f 23e0 	mov.w	r3, #3758153728	@ 0xe000e000
10004ee6:	f8d3 3df0 	ldr.w	r3, [r3, #3568]	@ 0xdf0
10004eea:	07da      	lsls	r2, r3, #31
10004eec:	d500      	bpl.n	10004ef0 <usbd_edpt_xfer+0x28>
10004eee:	be00      	bkpt	0x0000
10004ef0:	2000      	movs	r0, #0
10004ef2:	bd10      	pop	{r4, pc}
10004ef4:	f100 0430 	add.w	r4, r0, #48	@ 0x30
10004ef8:	f894 c004 	ldrb.w	ip, [r4, #4]
10004efc:	480d      	ldr	r0, [pc, #52]	@ (10004f34 <usbd_edpt_xfer+0x6c>)
10004efe:	f04c 0c01 	orr.w	ip, ip, #1
10004f02:	7800      	ldrb	r0, [r0, #0]
10004f04:	f884 c004 	strb.w	ip, [r4, #4]
10004f08:	f7ff fa2a 	bl	10004360 <dcd_edpt_xfer>
10004f0c:	2800      	cmp	r0, #0
10004f0e:	d1f0      	bne.n	10004ef2 <usbd_edpt_xfer+0x2a>
10004f10:	f04f 21e0 	mov.w	r1, #3758153728	@ 0xe000e000
10004f14:	7922      	ldrb	r2, [r4, #4]
10004f16:	f360 0200 	bfi	r2, r0, #0, #1
10004f1a:	7122      	strb	r2, [r4, #4]
10004f1c:	7922      	ldrb	r2, [r4, #4]
10004f1e:	f360 0282 	bfi	r2, r0, #2, #1
10004f22:	7122      	strb	r2, [r4, #4]
10004f24:	f8d1 3df0 	ldr.w	r3, [r1, #3568]	@ 0xdf0
10004f28:	07db      	lsls	r3, r3, #31
10004f2a:	d5e1      	bpl.n	10004ef0 <usbd_edpt_xfer+0x28>
10004f2c:	be00      	bkpt	0x0000
10004f2e:	e7df      	b.n	10004ef0 <usbd_edpt_xfer+0x28>
10004f30:	20001900 	.word	0x20001900
10004f34:	20001590 	.word	0x20001590

10004f38 <tud_control_status>:
10004f38:	b530      	push	{r4, r5, lr}
10004f3a:	4c0b      	ldr	r4, [pc, #44]	@ (10004f68 <tud_control_status+0x30>)
10004f3c:	468c      	mov	ip, r1
10004f3e:	46a6      	mov	lr, r4
10004f40:	4605      	mov	r5, r0
10004f42:	6808      	ldr	r0, [r1, #0]
10004f44:	6849      	ldr	r1, [r1, #4]
10004f46:	2300      	movs	r3, #0
10004f48:	e8ae 0003 	stmia.w	lr!, {r0, r1}
10004f4c:	f89c 1000 	ldrb.w	r1, [ip]
10004f50:	4628      	mov	r0, r5
10004f52:	43c9      	mvns	r1, r1
10004f54:	e9c4 3302 	strd	r3, r3, [r4, #8]
10004f58:	e8bd 4030 	ldmia.w	sp!, {r4, r5, lr}
10004f5c:	461a      	mov	r2, r3
10004f5e:	f001 0180 	and.w	r1, r1, #128	@ 0x80
10004f62:	f7ff bfb1 	b.w	10004ec8 <usbd_edpt_xfer>
10004f66:	bf00      	nop
10004f68:	200018c0 	.word	0x200018c0

10004f6c <tud_control_xfer>:
10004f6c:	e92d 41f0 	stmdb	sp!, {r4, r5, r6, r7, r8, lr}
10004f70:	4f28      	ldr	r7, [pc, #160]	@ (10005014 <tud_control_xfer+0xa8>)
10004f72:	f04f 0800 	mov.w	r8, #0
10004f76:	46be      	mov	lr, r7
10004f78:	468c      	mov	ip, r1
10004f7a:	4606      	mov	r6, r0
10004f7c:	6808      	ldr	r0, [r1, #0]
10004f7e:	6849      	ldr	r1, [r1, #4]
10004f80:	60ba      	str	r2, [r7, #8]
10004f82:	e8ae 0003 	stmia.w	lr!, {r0, r1}
10004f86:	f8a7 800e 	strh.w	r8, [r7, #14]
10004f8a:	4615      	mov	r5, r2
10004f8c:	f8bc 2006 	ldrh.w	r2, [ip, #6]
10004f90:	4293      	cmp	r3, r2
10004f92:	bf28      	it	cs
10004f94:	4613      	movcs	r3, r2
10004f96:	81bb      	strh	r3, [r7, #12]
10004f98:	b19a      	cbz	r2, 10004fc2 <tud_control_xfer+0x56>
10004f9a:	461c      	mov	r4, r3
10004f9c:	b333      	cbz	r3, 10004fec <tud_control_xfer+0x80>
10004f9e:	b1dd      	cbz	r5, 10004fd8 <tud_control_xfer+0x6c>
10004fa0:	f997 3000 	ldrsb.w	r3, [r7]
10004fa4:	2c40      	cmp	r4, #64	@ 0x40
10004fa6:	bf28      	it	cs
10004fa8:	2440      	movcs	r4, #64	@ 0x40
10004faa:	2b00      	cmp	r3, #0
10004fac:	db29      	blt.n	10005002 <tud_control_xfer+0x96>
10004fae:	4641      	mov	r1, r8
10004fb0:	4623      	mov	r3, r4
10004fb2:	4630      	mov	r0, r6
10004fb4:	4a18      	ldr	r2, [pc, #96]	@ (10005018 <tud_control_xfer+0xac>)
10004fb6:	f7ff ff87 	bl	10004ec8 <usbd_edpt_xfer>
10004fba:	b168      	cbz	r0, 10004fd8 <tud_control_xfer+0x6c>
10004fbc:	2001      	movs	r0, #1
10004fbe:	e8bd 81f0 	ldmia.w	sp!, {r4, r5, r6, r7, r8, pc}
10004fc2:	f89c 1000 	ldrb.w	r1, [ip]
10004fc6:	4613      	mov	r3, r2
10004fc8:	43c9      	mvns	r1, r1
10004fca:	4630      	mov	r0, r6
10004fcc:	f001 0180 	and.w	r1, r1, #128	@ 0x80
10004fd0:	f7ff ff7a 	bl	10004ec8 <usbd_edpt_xfer>
10004fd4:	2800      	cmp	r0, #0
10004fd6:	d1f1      	bne.n	10004fbc <tud_control_xfer+0x50>
10004fd8:	f04f 23e0 	mov.w	r3, #3758153728	@ 0xe000e000
10004fdc:	f8d3 3df0 	ldr.w	r3, [r3, #3568]	@ 0xdf0
10004fe0:	07db      	lsls	r3, r3, #31
10004fe2:	d500      	bpl.n	10004fe6 <tud_control_xfer+0x7a>
10004fe4:	be00      	bkpt	0x0000
10004fe6:	2000      	movs	r0, #0
10004fe8:	e8bd 81f0 	ldmia.w	sp!, {r4, r5, r6, r7, r8, pc}
10004fec:	461a      	mov	r2, r3
10004fee:	7839      	ldrb	r1, [r7, #0]
10004ff0:	f001 0180 	and.w	r1, r1, #128	@ 0x80
10004ff4:	4623      	mov	r3, r4
10004ff6:	4630      	mov	r0, r6
10004ff8:	f7ff ff66 	bl	10004ec8 <usbd_edpt_xfer>
10004ffc:	2800      	cmp	r0, #0
10004ffe:	d1dd      	bne.n	10004fbc <tud_control_xfer+0x50>
10005000:	e7ea      	b.n	10004fd8 <tud_control_xfer+0x6c>
10005002:	4622      	mov	r2, r4
10005004:	4629      	mov	r1, r5
10005006:	4804      	ldr	r0, [pc, #16]	@ (10005018 <tud_control_xfer+0xac>)
10005008:	f001 f9c8 	bl	1000639c <memcpy>
1000500c:	2180      	movs	r1, #128	@ 0x80
1000500e:	4a02      	ldr	r2, [pc, #8]	@ (10005018 <tud_control_xfer+0xac>)
10005010:	e7f0      	b.n	10004ff4 <tud_control_xfer+0x88>
10005012:	bf00      	nop
10005014:	200018c0 	.word	0x200018c0
10005018:	20001880 	.word	0x20001880

1000501c <usbd_control_reset>:
1000501c:	2200      	movs	r2, #0
1000501e:	4b03      	ldr	r3, [pc, #12]	@ (1000502c <usbd_control_reset+0x10>)
10005020:	e9c3 2200 	strd	r2, r2, [r3]
10005024:	e9c3 2202 	strd	r2, r2, [r3, #8]
10005028:	611a      	str	r2, [r3, #16]
1000502a:	4770      	bx	lr
1000502c:	200018c0 	.word	0x200018c0

10005030 <usbd_control_set_complete_callback>:
10005030:	4b01      	ldr	r3, [pc, #4]	@ (10005038 <usbd_control_set_complete_callback+0x8>)
10005032:	6118      	str	r0, [r3, #16]
10005034:	4770      	bx	lr
10005036:	bf00      	nop
10005038:	200018c0 	.word	0x200018c0

1000503c <usbd_control_set_request>:
1000503c:	b430      	push	{r4, r5}
1000503e:	4602      	mov	r2, r0
10005040:	4c04      	ldr	r4, [pc, #16]	@ (10005054 <usbd_control_set_request+0x18>)
10005042:	2500      	movs	r5, #0
10005044:	4623      	mov	r3, r4
10005046:	6800      	ldr	r0, [r0, #0]
10005048:	6851      	ldr	r1, [r2, #4]
1000504a:	e9c4 5502 	strd	r5, r5, [r4, #8]
1000504e:	bc30      	pop	{r4, r5}
10005050:	c303      	stmia	r3!, {r0, r1}
10005052:	4770      	bx	lr
10005054:	200018c0 	.word	0x200018c0

10005058 <usbd_control_xfer_cb>:
10005058:	b570      	push	{r4, r5, r6, lr}
1000505a:	4c3d      	ldr	r4, [pc, #244]	@ (10005150 <usbd_control_xfer_cb+0xf8>)
1000505c:	09c9      	lsrs	r1, r1, #7
1000505e:	7822      	ldrb	r2, [r4, #0]
10005060:	4606      	mov	r6, r0
10005062:	ebb1 1fd2 	cmp.w	r1, r2, lsr #7
10005066:	461d      	mov	r5, r3
10005068:	b082      	sub	sp, #8
1000506a:	d017      	beq.n	1000509c <usbd_control_xfer_cb+0x44>
1000506c:	b153      	cbz	r3, 10005084 <usbd_control_xfer_cb+0x2c>
1000506e:	f04f 23e0 	mov.w	r3, #3758153728	@ 0xe000e000
10005072:	f8d3 3df0 	ldr.w	r3, [r3, #3568]	@ 0xdf0
10005076:	07db      	lsls	r3, r3, #31
10005078:	d402      	bmi.n	10005080 <usbd_control_xfer_cb+0x28>
1000507a:	2000      	movs	r0, #0
1000507c:	b002      	add	sp, #8
1000507e:	bd70      	pop	{r4, r5, r6, pc}
10005080:	be00      	bkpt	0x0000
10005082:	e7fa      	b.n	1000507a <usbd_control_xfer_cb+0x22>
10005084:	4621      	mov	r1, r4
10005086:	f7ff f8d9 	bl	1000423c <dcd_edpt0_status_complete>
1000508a:	6923      	ldr	r3, [r4, #16]
1000508c:	b11b      	cbz	r3, 10005096 <usbd_control_xfer_cb+0x3e>
1000508e:	4622      	mov	r2, r4
10005090:	2103      	movs	r1, #3
10005092:	4630      	mov	r0, r6
10005094:	4798      	blx	r3
10005096:	2001      	movs	r0, #1
10005098:	b002      	add	sp, #8
1000509a:	bd70      	pop	{r4, r5, r6, pc}
1000509c:	f994 3000 	ldrsb.w	r3, [r4]
100050a0:	2b00      	cmp	r3, #0
100050a2:	db06      	blt.n	100050b2 <usbd_control_xfer_cb+0x5a>
100050a4:	68a0      	ldr	r0, [r4, #8]
100050a6:	2800      	cmp	r0, #0
100050a8:	d0e7      	beq.n	1000507a <usbd_control_xfer_cb+0x22>
100050aa:	462a      	mov	r2, r5
100050ac:	4929      	ldr	r1, [pc, #164]	@ (10005154 <usbd_control_xfer_cb+0xfc>)
100050ae:	f001 f975 	bl	1000639c <memcpy>
100050b2:	89e0      	ldrh	r0, [r4, #14]
100050b4:	68a1      	ldr	r1, [r4, #8]
100050b6:	88e3      	ldrh	r3, [r4, #6]
100050b8:	4428      	add	r0, r5
100050ba:	b280      	uxth	r0, r0
100050bc:	4429      	add	r1, r5
100050be:	4283      	cmp	r3, r0
100050c0:	81e0      	strh	r0, [r4, #14]
100050c2:	60a1      	str	r1, [r4, #8]
100050c4:	d016      	beq.n	100050f4 <usbd_control_xfer_cb+0x9c>
100050c6:	2d3f      	cmp	r5, #63	@ 0x3f
100050c8:	d914      	bls.n	100050f4 <usbd_control_xfer_cb+0x9c>
100050ca:	89a2      	ldrh	r2, [r4, #12]
100050cc:	f994 4000 	ldrsb.w	r4, [r4]
100050d0:	1a13      	subs	r3, r2, r0
100050d2:	b29b      	uxth	r3, r3
100050d4:	2b40      	cmp	r3, #64	@ 0x40
100050d6:	bf28      	it	cs
100050d8:	2340      	movcs	r3, #64	@ 0x40
100050da:	2c00      	cmp	r4, #0
100050dc:	db27      	blt.n	1000512e <usbd_control_xfer_cb+0xd6>
100050de:	4290      	cmp	r0, r2
100050e0:	f04f 0100 	mov.w	r1, #0
100050e4:	d031      	beq.n	1000514a <usbd_control_xfer_cb+0xf2>
100050e6:	4a1b      	ldr	r2, [pc, #108]	@ (10005154 <usbd_control_xfer_cb+0xfc>)
100050e8:	4630      	mov	r0, r6
100050ea:	f7ff feed 	bl	10004ec8 <usbd_edpt_xfer>
100050ee:	2800      	cmp	r0, #0
100050f0:	d1d1      	bne.n	10005096 <usbd_control_xfer_cb+0x3e>
100050f2:	e7bc      	b.n	1000506e <usbd_control_xfer_cb+0x16>
100050f4:	6923      	ldr	r3, [r4, #16]
100050f6:	b123      	cbz	r3, 10005102 <usbd_control_xfer_cb+0xaa>
100050f8:	2102      	movs	r1, #2
100050fa:	4630      	mov	r0, r6
100050fc:	4a14      	ldr	r2, [pc, #80]	@ (10005150 <usbd_control_xfer_cb+0xf8>)
100050fe:	4798      	blx	r3
10005100:	b160      	cbz	r0, 1000511c <usbd_control_xfer_cb+0xc4>
10005102:	7821      	ldrb	r1, [r4, #0]
10005104:	2300      	movs	r3, #0
10005106:	43c9      	mvns	r1, r1
10005108:	4630      	mov	r0, r6
1000510a:	461a      	mov	r2, r3
1000510c:	f001 0180 	and.w	r1, r1, #128	@ 0x80
10005110:	f7ff feda 	bl	10004ec8 <usbd_edpt_xfer>
10005114:	2800      	cmp	r0, #0
10005116:	d0aa      	beq.n	1000506e <usbd_control_xfer_cb+0x16>
10005118:	2001      	movs	r0, #1
1000511a:	e7bd      	b.n	10005098 <usbd_control_xfer_cb+0x40>
1000511c:	4601      	mov	r1, r0
1000511e:	4630      	mov	r0, r6
10005120:	f7ff f932 	bl	10004388 <dcd_edpt_stall>
10005124:	2180      	movs	r1, #128	@ 0x80
10005126:	4630      	mov	r0, r6
10005128:	f7ff f92e 	bl	10004388 <dcd_edpt_stall>
1000512c:	e7b3      	b.n	10005096 <usbd_control_xfer_cb+0x3e>
1000512e:	4290      	cmp	r0, r2
10005130:	d008      	beq.n	10005144 <usbd_control_xfer_cb+0xec>
10005132:	461a      	mov	r2, r3
10005134:	4807      	ldr	r0, [pc, #28]	@ (10005154 <usbd_control_xfer_cb+0xfc>)
10005136:	9301      	str	r3, [sp, #4]
10005138:	f001 f930 	bl	1000639c <memcpy>
1000513c:	2180      	movs	r1, #128	@ 0x80
1000513e:	4a05      	ldr	r2, [pc, #20]	@ (10005154 <usbd_control_xfer_cb+0xfc>)
10005140:	9b01      	ldr	r3, [sp, #4]
10005142:	e7d1      	b.n	100050e8 <usbd_control_xfer_cb+0x90>
10005144:	2180      	movs	r1, #128	@ 0x80
10005146:	2200      	movs	r2, #0
10005148:	e7ce      	b.n	100050e8 <usbd_control_xfer_cb+0x90>
1000514a:	460a      	mov	r2, r1
1000514c:	e7cc      	b.n	100050e8 <usbd_control_xfer_cb+0x90>
1000514e:	bf00      	nop
10005150:	200018c0 	.word	0x200018c0
10005154:	20001880 	.word	0x20001880

10005158 <_prep_out_transaction.isra.0>:
10005158:	e92d 41f0 	stmdb	sp!, {r4, r5, r6, r7, r8, lr}
1000515c:	4604      	mov	r4, r0
1000515e:	f7ff f9d3 	bl	10004508 <tud_mounted>
10005162:	b908      	cbnz	r0, 10005168 <_prep_out_transaction.isra.0+0x10>
10005164:	e8bd 81f0 	ldmia.w	sp!, {r4, r5, r6, r7, r8, pc}
10005168:	f7ff f9d6 	bl	10004518 <tud_suspended>
1000516c:	4605      	mov	r5, r0
1000516e:	2800      	cmp	r0, #0
10005170:	d1f8      	bne.n	10005164 <_prep_out_transaction.isra.0+0xc>
10005172:	23c8      	movs	r3, #200	@ 0xc8
10005174:	fb04 f303 	mul.w	r3, r4, r3
10005178:	4e12      	ldr	r6, [pc, #72]	@ (100051c4 <_prep_out_transaction.isra.0+0x6c>)
1000517a:	18f7      	adds	r7, r6, r3
1000517c:	78f9      	ldrb	r1, [r7, #3]
1000517e:	2900      	cmp	r1, #0
10005180:	d0f0      	beq.n	10005164 <_prep_out_transaction.isra.0+0xc>
10005182:	3310      	adds	r3, #16
10005184:	441e      	add	r6, r3
10005186:	4630      	mov	r0, r6
10005188:	f000 fdd2 	bl	10005d30 <tu_fifo_remaining>
1000518c:	283f      	cmp	r0, #63	@ 0x3f
1000518e:	d9e9      	bls.n	10005164 <_prep_out_transaction.isra.0+0xc>
10005190:	4628      	mov	r0, r5
10005192:	78f9      	ldrb	r1, [r7, #3]
10005194:	f7ff fe74 	bl	10004e80 <usbd_edpt_claim>
10005198:	2800      	cmp	r0, #0
1000519a:	d0e3      	beq.n	10005164 <_prep_out_transaction.isra.0+0xc>
1000519c:	4630      	mov	r0, r6
1000519e:	f000 fdc7 	bl	10005d30 <tu_fifo_remaining>
100051a2:	283f      	cmp	r0, #63	@ 0x3f
100051a4:	78f9      	ldrb	r1, [r7, #3]
100051a6:	d908      	bls.n	100051ba <_prep_out_transaction.isra.0+0x62>
100051a8:	4a07      	ldr	r2, [pc, #28]	@ (100051c8 <_prep_out_transaction.isra.0+0x70>)
100051aa:	4628      	mov	r0, r5
100051ac:	eb02 12c4 	add.w	r2, r2, r4, lsl #7
100051b0:	2340      	movs	r3, #64	@ 0x40
100051b2:	e8bd 41f0 	ldmia.w	sp!, {r4, r5, r6, r7, r8, lr}
100051b6:	f7ff be87 	b.w	10004ec8 <usbd_edpt_xfer>
100051ba:	4628      	mov	r0, r5
100051bc:	e8bd 41f0 	ldmia.w	sp!, {r4, r5, r6, r7, r8, lr}
100051c0:	f7ff be70 	b.w	10004ea4 <usbd_edpt_release>
100051c4:	200017b8 	.word	0x200017b8
100051c8:	20001734 	.word	0x20001734

100051cc <tud_cdc_n_connected>:
100051cc:	b510      	push	{r4, lr}
100051ce:	4604      	mov	r4, r0
100051d0:	f7ff f99a 	bl	10004508 <tud_mounted>
100051d4:	b908      	cbnz	r0, 100051da <tud_cdc_n_connected+0xe>
100051d6:	2000      	movs	r0, #0
100051d8:	bd10      	pop	{r4, pc}
100051da:	f7ff f99d 	bl	10004518 <tud_suspended>
100051de:	2800      	cmp	r0, #0
100051e0:	d1f9      	bne.n	100051d6 <tud_cdc_n_connected+0xa>
100051e2:	22c8      	movs	r2, #200	@ 0xc8
100051e4:	4b03      	ldr	r3, [pc, #12]	@ (100051f4 <tud_cdc_n_connected+0x28>)
100051e6:	fb02 3304 	mla	r3, r2, r4, r3
100051ea:	7918      	ldrb	r0, [r3, #4]
100051ec:	f000 0001 	and.w	r0, r0, #1
100051f0:	bd10      	pop	{r4, pc}
100051f2:	bf00      	nop
100051f4:	200017b8 	.word	0x200017b8

100051f8 <tud_cdc_n_available>:
100051f8:	22c8      	movs	r2, #200	@ 0xc8
100051fa:	b508      	push	{r3, lr}
100051fc:	4b02      	ldr	r3, [pc, #8]	@ (10005208 <tud_cdc_n_available+0x10>)
100051fe:	fb02 3000 	mla	r0, r2, r0, r3
10005202:	f000 fd7b 	bl	10005cfc <tu_fifo_count>
10005206:	bd08      	pop	{r3, pc}
10005208:	200017c8 	.word	0x200017c8

1000520c <tud_cdc_n_read>:
1000520c:	e92d 43f8 	stmdb	sp!, {r3, r4, r5, r6, r7, r8, r9, lr}
10005210:	f64f 73ff 	movw	r3, #65535	@ 0xffff
10005214:	24c8      	movs	r4, #200	@ 0xc8
10005216:	429a      	cmp	r2, r3
10005218:	bf28      	it	cs
1000521a:	461a      	movcs	r2, r3
1000521c:	fb00 f404 	mul.w	r4, r0, r4
10005220:	f8df 8074 	ldr.w	r8, [pc, #116]	@ 10005298 <tud_cdc_n_read+0x8c>
10005224:	f104 0510 	add.w	r5, r4, #16
10005228:	4445      	add	r5, r8
1000522a:	4606      	mov	r6, r0
1000522c:	b292      	uxth	r2, r2
1000522e:	4628      	mov	r0, r5
10005230:	f000 fdda 	bl	10005de8 <tu_fifo_read_n>
10005234:	4607      	mov	r7, r0
10005236:	f7ff f967 	bl	10004508 <tud_mounted>
1000523a:	b910      	cbnz	r0, 10005242 <tud_cdc_n_read+0x36>
1000523c:	4638      	mov	r0, r7
1000523e:	e8bd 83f8 	ldmia.w	sp!, {r3, r4, r5, r6, r7, r8, r9, pc}
10005242:	f7ff f969 	bl	10004518 <tud_suspended>
10005246:	4681      	mov	r9, r0
10005248:	2800      	cmp	r0, #0
1000524a:	d1f7      	bne.n	1000523c <tud_cdc_n_read+0x30>
1000524c:	44a0      	add	r8, r4
1000524e:	f898 3003 	ldrb.w	r3, [r8, #3]
10005252:	2b00      	cmp	r3, #0
10005254:	d0f2      	beq.n	1000523c <tud_cdc_n_read+0x30>
10005256:	4628      	mov	r0, r5
10005258:	f000 fd6a 	bl	10005d30 <tu_fifo_remaining>
1000525c:	283f      	cmp	r0, #63	@ 0x3f
1000525e:	d9ed      	bls.n	1000523c <tud_cdc_n_read+0x30>
10005260:	4648      	mov	r0, r9
10005262:	f898 1003 	ldrb.w	r1, [r8, #3]
10005266:	f7ff fe0b 	bl	10004e80 <usbd_edpt_claim>
1000526a:	2800      	cmp	r0, #0
1000526c:	d0e6      	beq.n	1000523c <tud_cdc_n_read+0x30>
1000526e:	4628      	mov	r0, r5
10005270:	f000 fd5e 	bl	10005d30 <tu_fifo_remaining>
10005274:	283f      	cmp	r0, #63	@ 0x3f
10005276:	f898 1003 	ldrb.w	r1, [r8, #3]
1000527a:	d907      	bls.n	1000528c <tud_cdc_n_read+0x80>
1000527c:	4a05      	ldr	r2, [pc, #20]	@ (10005294 <tud_cdc_n_read+0x88>)
1000527e:	4648      	mov	r0, r9
10005280:	2340      	movs	r3, #64	@ 0x40
10005282:	eb02 12c6 	add.w	r2, r2, r6, lsl #7
10005286:	f7ff fe1f 	bl	10004ec8 <usbd_edpt_xfer>
1000528a:	e7d7      	b.n	1000523c <tud_cdc_n_read+0x30>
1000528c:	4648      	mov	r0, r9
1000528e:	f7ff fe09 	bl	10004ea4 <usbd_edpt_release>
10005292:	e7d3      	b.n	1000523c <tud_cdc_n_read+0x30>
10005294:	20001734 	.word	0x20001734
10005298:	200017b8 	.word	0x200017b8

1000529c <tud_cdc_n_write_flush>:
1000529c:	e92d 41f0 	stmdb	sp!, {r4, r5, r6, r7, r8, lr}
100052a0:	4604      	mov	r4, r0
100052a2:	f7ff f931 	bl	10004508 <tud_mounted>
100052a6:	b910      	cbnz	r0, 100052ae <tud_cdc_n_write_flush+0x12>
100052a8:	2000      	movs	r0, #0
100052aa:	e8bd 81f0 	ldmia.w	sp!, {r4, r5, r6, r7, r8, pc}
100052ae:	f7ff f933 	bl	10004518 <tud_suspended>
100052b2:	4605      	mov	r5, r0
100052b4:	2800      	cmp	r0, #0
100052b6:	d1f7      	bne.n	100052a8 <tud_cdc_n_write_flush+0xc>
100052b8:	26c8      	movs	r6, #200	@ 0xc8
100052ba:	fb04 f606 	mul.w	r6, r4, r6
100052be:	f8df 8064 	ldr.w	r8, [pc, #100]	@ 10005324 <tud_cdc_n_write_flush+0x88>
100052c2:	f106 0724 	add.w	r7, r6, #36	@ 0x24
100052c6:	4447      	add	r7, r8
100052c8:	4638      	mov	r0, r7
100052ca:	f000 fd17 	bl	10005cfc <tu_fifo_count>
100052ce:	2800      	cmp	r0, #0
100052d0:	d0ea      	beq.n	100052a8 <tud_cdc_n_write_flush+0xc>
100052d2:	44b0      	add	r8, r6
100052d4:	4628      	mov	r0, r5
100052d6:	f898 1002 	ldrb.w	r1, [r8, #2]
100052da:	f7ff fdd1 	bl	10004e80 <usbd_edpt_claim>
100052de:	2800      	cmp	r0, #0
100052e0:	d0e2      	beq.n	100052a8 <tud_cdc_n_write_flush+0xc>
100052e2:	4e0f      	ldr	r6, [pc, #60]	@ (10005320 <tud_cdc_n_write_flush+0x84>)
100052e4:	4638      	mov	r0, r7
100052e6:	eb06 16c4 	add.w	r6, r6, r4, lsl #7
100052ea:	4631      	mov	r1, r6
100052ec:	2240      	movs	r2, #64	@ 0x40
100052ee:	f000 fd7b 	bl	10005de8 <tu_fifo_read_n>
100052f2:	f898 1002 	ldrb.w	r1, [r8, #2]
100052f6:	4604      	mov	r4, r0
100052f8:	b168      	cbz	r0, 10005316 <tud_cdc_n_write_flush+0x7a>
100052fa:	4603      	mov	r3, r0
100052fc:	4632      	mov	r2, r6
100052fe:	4628      	mov	r0, r5
10005300:	f7ff fde2 	bl	10004ec8 <usbd_edpt_xfer>
10005304:	b950      	cbnz	r0, 1000531c <tud_cdc_n_write_flush+0x80>
10005306:	f04f 23e0 	mov.w	r3, #3758153728	@ 0xe000e000
1000530a:	f8d3 3df0 	ldr.w	r3, [r3, #3568]	@ 0xdf0
1000530e:	07db      	lsls	r3, r3, #31
10005310:	d5ca      	bpl.n	100052a8 <tud_cdc_n_write_flush+0xc>
10005312:	be00      	bkpt	0x0000
10005314:	e7c8      	b.n	100052a8 <tud_cdc_n_write_flush+0xc>
10005316:	f7ff fdc5 	bl	10004ea4 <usbd_edpt_release>
1000531a:	e7c5      	b.n	100052a8 <tud_cdc_n_write_flush+0xc>
1000531c:	4620      	mov	r0, r4
1000531e:	e7c4      	b.n	100052aa <tud_cdc_n_write_flush+0xe>
10005320:	20001774 	.word	0x20001774
10005324:	200017b8 	.word	0x200017b8

10005328 <tud_cdc_n_write>:
10005328:	b538      	push	{r3, r4, r5, lr}
1000532a:	f64f 75ff 	movw	r5, #65535	@ 0xffff
1000532e:	23c8      	movs	r3, #200	@ 0xc8
10005330:	42aa      	cmp	r2, r5
10005332:	bf28      	it	cs
10005334:	462a      	movcs	r2, r5
10005336:	4c0b      	ldr	r4, [pc, #44]	@ (10005364 <tud_cdc_n_write+0x3c>)
10005338:	b292      	uxth	r2, r2
1000533a:	fb03 4400 	mla	r4, r3, r0, r4
1000533e:	4605      	mov	r5, r0
10005340:	4620      	mov	r0, r4
10005342:	f000 fe0f 	bl	10005f64 <tu_fifo_write_n>
10005346:	4603      	mov	r3, r0
10005348:	4620      	mov	r0, r4
1000534a:	461c      	mov	r4, r3
1000534c:	f000 fcd6 	bl	10005cfc <tu_fifo_count>
10005350:	283f      	cmp	r0, #63	@ 0x3f
10005352:	d801      	bhi.n	10005358 <tud_cdc_n_write+0x30>
10005354:	4620      	mov	r0, r4
10005356:	bd38      	pop	{r3, r4, r5, pc}
10005358:	4628      	mov	r0, r5
1000535a:	f7ff ff9f 	bl	1000529c <tud_cdc_n_write_flush>
1000535e:	4620      	mov	r0, r4
10005360:	bd38      	pop	{r3, r4, r5, pc}
10005362:	bf00      	nop
10005364:	200017dc 	.word	0x200017dc

10005368 <tud_cdc_n_write_available>:
10005368:	22c8      	movs	r2, #200	@ 0xc8
1000536a:	b508      	push	{r3, lr}
1000536c:	4b02      	ldr	r3, [pc, #8]	@ (10005378 <tud_cdc_n_write_available+0x10>)
1000536e:	fb02 3000 	mla	r0, r2, r0, r3
10005372:	f000 fcdd 	bl	10005d30 <tu_fifo_remaining>
10005376:	bd08      	pop	{r3, pc}
10005378:	200017dc 	.word	0x200017dc

1000537c <cdcd_init>:
1000537c:	b5f0      	push	{r4, r5, r6, r7, lr}
1000537e:	2400      	movs	r4, #0
10005380:	b083      	sub	sp, #12
10005382:	22c8      	movs	r2, #200	@ 0xc8
10005384:	2100      	movs	r1, #0
10005386:	4817      	ldr	r0, [pc, #92]	@ (100053e4 <cdcd_init+0x68>)
10005388:	f000 ffba 	bl	10006300 <memset>
1000538c:	23ff      	movs	r3, #255	@ 0xff
1000538e:	f44f 31e1 	mov.w	r1, #115200	@ 0x1c200
10005392:	2208      	movs	r2, #8
10005394:	4814      	ldr	r0, [pc, #80]	@ (100053e8 <cdcd_init+0x6c>)
10005396:	7004      	strb	r4, [r0, #0]
10005398:	4812      	ldr	r0, [pc, #72]	@ (100053e4 <cdcd_init+0x68>)
1000539a:	9400      	str	r4, [sp, #0]
1000539c:	4607      	mov	r7, r0
1000539e:	7143      	strb	r3, [r0, #5]
100053a0:	6081      	str	r1, [r0, #8]
100053a2:	7382      	strb	r2, [r0, #14]
100053a4:	f100 0138 	add.w	r1, r0, #56	@ 0x38
100053a8:	2301      	movs	r3, #1
100053aa:	2240      	movs	r2, #64	@ 0x40
100053ac:	3010      	adds	r0, #16
100053ae:	f000 fc75 	bl	10005c9c <tu_fifo_config>
100053b2:	2301      	movs	r3, #1
100053b4:	2240      	movs	r2, #64	@ 0x40
100053b6:	f107 0178 	add.w	r1, r7, #120	@ 0x78
100053ba:	9300      	str	r3, [sp, #0]
100053bc:	f107 06b8 	add.w	r6, r7, #184	@ 0xb8
100053c0:	f107 0024 	add.w	r0, r7, #36	@ 0x24
100053c4:	f000 fc6a 	bl	10005c9c <tu_fifo_config>
100053c8:	f107 05c0 	add.w	r5, r7, #192	@ 0xc0
100053cc:	4630      	mov	r0, r6
100053ce:	f7fb fd59 	bl	10000e84 <mutex_init>
100053d2:	4628      	mov	r0, r5
100053d4:	f7fb fd56 	bl	10000e84 <mutex_init>
100053d8:	e9c7 4607 	strd	r4, r6, [r7, #28]
100053dc:	e9c7 540c 	strd	r5, r4, [r7, #48]	@ 0x30
100053e0:	b003      	add	sp, #12
100053e2:	bdf0      	pop	{r4, r5, r6, r7, pc}
100053e4:	200017b8 	.word	0x200017b8
100053e8:	200017b4 	.word	0x200017b4

100053ec <cdcd_deinit>:
100053ec:	4a0a      	ldr	r2, [pc, #40]	@ (10005418 <cdcd_deinit+0x2c>)
100053ee:	6b11      	ldr	r1, [r2, #48]	@ 0x30
100053f0:	6a13      	ldr	r3, [r2, #32]
100053f2:	b161      	cbz	r1, 1000540e <cdcd_deinit+0x22>
100053f4:	b13b      	cbz	r3, 10005406 <cdcd_deinit+0x1a>
100053f6:	2300      	movs	r3, #0
100053f8:	e9c2 330c 	strd	r3, r3, [r2, #48]	@ 0x30
100053fc:	61d3      	str	r3, [r2, #28]
100053fe:	2300      	movs	r3, #0
10005400:	6213      	str	r3, [r2, #32]
10005402:	2001      	movs	r0, #1
10005404:	4770      	bx	lr
10005406:	2001      	movs	r0, #1
10005408:	e9c2 330c 	strd	r3, r3, [r2, #48]	@ 0x30
1000540c:	4770      	bx	lr
1000540e:	2b00      	cmp	r3, #0
10005410:	d0f7      	beq.n	10005402 <cdcd_deinit+0x16>
10005412:	61d1      	str	r1, [r2, #28]
10005414:	e7f3      	b.n	100053fe <cdcd_deinit+0x12>
10005416:	bf00      	nop
10005418:	200017b8 	.word	0x200017b8

1000541c <cdcd_reset>:
1000541c:	2200      	movs	r2, #0
1000541e:	b510      	push	{r4, lr}
10005420:	4c0e      	ldr	r4, [pc, #56]	@ (1000545c <cdcd_reset+0x40>)
10005422:	480f      	ldr	r0, [pc, #60]	@ (10005460 <cdcd_reset+0x44>)
10005424:	7823      	ldrb	r3, [r4, #0]
10005426:	6002      	str	r2, [r0, #0]
10005428:	7102      	strb	r2, [r0, #4]
1000542a:	07da      	lsls	r2, r3, #31
1000542c:	d507      	bpl.n	1000543e <cdcd_reset+0x22>
1000542e:	079b      	lsls	r3, r3, #30
10005430:	d50b      	bpl.n	1000544a <cdcd_reset+0x2e>
10005432:	e8bd 4010 	ldmia.w	sp!, {r4, lr}
10005436:	2101      	movs	r1, #1
10005438:	480a      	ldr	r0, [pc, #40]	@ (10005464 <cdcd_reset+0x48>)
1000543a:	f000 be5d 	b.w	100060f8 <tu_fifo_set_overwritable>
1000543e:	3010      	adds	r0, #16
10005440:	f000 fe3e 	bl	100060c0 <tu_fifo_clear>
10005444:	7823      	ldrb	r3, [r4, #0]
10005446:	079b      	lsls	r3, r3, #30
10005448:	d4f3      	bmi.n	10005432 <cdcd_reset+0x16>
1000544a:	4806      	ldr	r0, [pc, #24]	@ (10005464 <cdcd_reset+0x48>)
1000544c:	f000 fe38 	bl	100060c0 <tu_fifo_clear>
10005450:	e8bd 4010 	ldmia.w	sp!, {r4, lr}
10005454:	2101      	movs	r1, #1
10005456:	4803      	ldr	r0, [pc, #12]	@ (10005464 <cdcd_reset+0x48>)
10005458:	f000 be4e 	b.w	100060f8 <tu_fifo_set_overwritable>
1000545c:	200017b4 	.word	0x200017b4
10005460:	200017b8 	.word	0x200017b8
10005464:	200017dc 	.word	0x200017dc

10005468 <cdcd_open>:
10005468:	b5f0      	push	{r4, r5, r6, r7, lr}
1000546a:	794b      	ldrb	r3, [r1, #5]
1000546c:	b083      	sub	sp, #12
1000546e:	2b02      	cmp	r3, #2
10005470:	d102      	bne.n	10005478 <cdcd_open+0x10>
10005472:	798b      	ldrb	r3, [r1, #6]
10005474:	2b02      	cmp	r3, #2
10005476:	d003      	beq.n	10005480 <cdcd_open+0x18>
10005478:	2500      	movs	r5, #0
1000547a:	4628      	mov	r0, r5
1000547c:	b003      	add	sp, #12
1000547e:	bdf0      	pop	{r4, r5, r6, r7, pc}
10005480:	4f27      	ldr	r7, [pc, #156]	@ (10005520 <cdcd_open+0xb8>)
10005482:	78bb      	ldrb	r3, [r7, #2]
10005484:	b13b      	cbz	r3, 10005496 <cdcd_open+0x2e>
10005486:	f04f 23e0 	mov.w	r3, #3758153728	@ 0xe000e000
1000548a:	f8d3 3df0 	ldr.w	r3, [r3, #3568]	@ 0xdf0
1000548e:	07db      	lsls	r3, r3, #31
10005490:	d5f2      	bpl.n	10005478 <cdcd_open+0x10>
10005492:	be00      	bkpt	0x0000
10005494:	e7f0      	b.n	10005478 <cdcd_open+0x10>
10005496:	788b      	ldrb	r3, [r1, #2]
10005498:	4606      	mov	r6, r0
1000549a:	703b      	strb	r3, [r7, #0]
1000549c:	780b      	ldrb	r3, [r1, #0]
1000549e:	18cc      	adds	r4, r1, r3
100054a0:	7861      	ldrb	r1, [r4, #1]
100054a2:	2924      	cmp	r1, #36	@ 0x24
100054a4:	bf08      	it	eq
100054a6:	2509      	moveq	r5, #9
100054a8:	d007      	beq.n	100054ba <cdcd_open+0x52>
100054aa:	e036      	b.n	1000551a <cdcd_open+0xb2>
100054ac:	7823      	ldrb	r3, [r4, #0]
100054ae:	441c      	add	r4, r3
100054b0:	7861      	ldrb	r1, [r4, #1]
100054b2:	442b      	add	r3, r5
100054b4:	2924      	cmp	r1, #36	@ 0x24
100054b6:	b29d      	uxth	r5, r3
100054b8:	d107      	bne.n	100054ca <cdcd_open+0x62>
100054ba:	42aa      	cmp	r2, r5
100054bc:	d2f6      	bcs.n	100054ac <cdcd_open+0x44>
100054be:	2000      	movs	r0, #0
100054c0:	f7ff fe4a 	bl	10005158 <_prep_out_transaction.isra.0>
100054c4:	4628      	mov	r0, r5
100054c6:	b003      	add	sp, #12
100054c8:	bdf0      	pop	{r4, r5, r6, r7, pc}
100054ca:	460b      	mov	r3, r1
100054cc:	2905      	cmp	r1, #5
100054ce:	d016      	beq.n	100054fe <cdcd_open+0x96>
100054d0:	2b04      	cmp	r3, #4
100054d2:	d1f4      	bne.n	100054be <cdcd_open+0x56>
100054d4:	7963      	ldrb	r3, [r4, #5]
100054d6:	2b0a      	cmp	r3, #10
100054d8:	d1f1      	bne.n	100054be <cdcd_open+0x56>
100054da:	4b12      	ldr	r3, [pc, #72]	@ (10005524 <cdcd_open+0xbc>)
100054dc:	7827      	ldrb	r7, [r4, #0]
100054de:	9301      	str	r3, [sp, #4]
100054e0:	3301      	adds	r3, #1
100054e2:	9300      	str	r3, [sp, #0]
100054e4:	2302      	movs	r3, #2
100054e6:	4630      	mov	r0, r6
100054e8:	461a      	mov	r2, r3
100054ea:	19e1      	adds	r1, r4, r7
100054ec:	f7ff fc58 	bl	10004da0 <usbd_open_edpt_pair>
100054f0:	2800      	cmp	r0, #0
100054f2:	d0c8      	beq.n	10005486 <cdcd_open+0x1e>
100054f4:	350e      	adds	r5, #14
100054f6:	fa17 f585 	uxtah	r5, r7, r5
100054fa:	b2ad      	uxth	r5, r5
100054fc:	e7df      	b.n	100054be <cdcd_open+0x56>
100054fe:	4621      	mov	r1, r4
10005500:	4630      	mov	r0, r6
10005502:	f7ff fc9b 	bl	10004e3c <usbd_edpt_open>
10005506:	2800      	cmp	r0, #0
10005508:	d0bd      	beq.n	10005486 <cdcd_open+0x1e>
1000550a:	78a3      	ldrb	r3, [r4, #2]
1000550c:	707b      	strb	r3, [r7, #1]
1000550e:	7823      	ldrb	r3, [r4, #0]
10005510:	195a      	adds	r2, r3, r5
10005512:	441c      	add	r4, r3
10005514:	7863      	ldrb	r3, [r4, #1]
10005516:	b295      	uxth	r5, r2
10005518:	e7da      	b.n	100054d0 <cdcd_open+0x68>
1000551a:	460b      	mov	r3, r1
1000551c:	2509      	movs	r5, #9
1000551e:	e7d5      	b.n	100054cc <cdcd_open+0x64>
10005520:	200017b8 	.word	0x200017b8
10005524:	200017ba 	.word	0x200017ba

10005528 <cdcd_control_xfer_cb>:
10005528:	7813      	ldrb	r3, [r2, #0]
1000552a:	f003 0360 	and.w	r3, r3, #96	@ 0x60
1000552e:	2b20      	cmp	r3, #32
10005530:	d108      	bne.n	10005544 <cdcd_control_xfer_cb+0x1c>
10005532:	b570      	push	{r4, r5, r6, lr}
10005534:	4c26      	ldr	r4, [pc, #152]	@ (100055d0 <cdcd_control_xfer_cb+0xa8>)
10005536:	8893      	ldrh	r3, [r2, #4]
10005538:	f894 c000 	ldrb.w	ip, [r4]
1000553c:	459c      	cmp	ip, r3
1000553e:	d003      	beq.n	10005548 <cdcd_control_xfer_cb+0x20>
10005540:	2000      	movs	r0, #0
10005542:	bd70      	pop	{r4, r5, r6, pc}
10005544:	2000      	movs	r0, #0
10005546:	4770      	bx	lr
10005548:	7853      	ldrb	r3, [r2, #1]
1000554a:	3b20      	subs	r3, #32
1000554c:	2b03      	cmp	r3, #3
1000554e:	d8f7      	bhi.n	10005540 <cdcd_control_xfer_cb+0x18>
10005550:	e8df f003 	tbb	[pc, r3]
10005554:	020d2327 	.word	0x020d2327
10005558:	2901      	cmp	r1, #1
1000555a:	d02e      	beq.n	100055ba <cdcd_control_xfer_cb+0x92>
1000555c:	2903      	cmp	r1, #3
1000555e:	d11e      	bne.n	1000559e <cdcd_control_xfer_cb+0x76>
10005560:	4b1c      	ldr	r3, [pc, #112]	@ (100055d4 <cdcd_control_xfer_cb+0xac>)
10005562:	b1e3      	cbz	r3, 1000559e <cdcd_control_xfer_cb+0x76>
10005564:	2000      	movs	r0, #0
10005566:	8851      	ldrh	r1, [r2, #2]
10005568:	f3af 8000 	nop.w
1000556c:	e017      	b.n	1000559e <cdcd_control_xfer_cb+0x76>
1000556e:	2901      	cmp	r1, #1
10005570:	d023      	beq.n	100055ba <cdcd_control_xfer_cb+0x92>
10005572:	2903      	cmp	r1, #3
10005574:	d113      	bne.n	1000559e <cdcd_control_xfer_cb+0x76>
10005576:	8855      	ldrh	r5, [r2, #2]
10005578:	4817      	ldr	r0, [pc, #92]	@ (100055d8 <cdcd_control_xfer_cb+0xb0>)
1000557a:	f005 0601 	and.w	r6, r5, #1
1000557e:	f086 0101 	eor.w	r1, r6, #1
10005582:	7125      	strb	r5, [r4, #4]
10005584:	f000 fdb8 	bl	100060f8 <tu_fifo_set_overwritable>
10005588:	4b14      	ldr	r3, [pc, #80]	@ (100055dc <cdcd_control_xfer_cb+0xb4>)
1000558a:	b143      	cbz	r3, 1000559e <cdcd_control_xfer_cb+0x76>
1000558c:	4631      	mov	r1, r6
1000558e:	2000      	movs	r0, #0
10005590:	f3c5 0240 	ubfx	r2, r5, #1, #1
10005594:	f3af 8000 	nop.w
10005598:	e001      	b.n	1000559e <cdcd_control_xfer_cb+0x76>
1000559a:	2901      	cmp	r1, #1
1000559c:	d011      	beq.n	100055c2 <cdcd_control_xfer_cb+0x9a>
1000559e:	2001      	movs	r0, #1
100055a0:	bd70      	pop	{r4, r5, r6, pc}
100055a2:	2901      	cmp	r1, #1
100055a4:	d00d      	beq.n	100055c2 <cdcd_control_xfer_cb+0x9a>
100055a6:	2903      	cmp	r1, #3
100055a8:	d1f9      	bne.n	1000559e <cdcd_control_xfer_cb+0x76>
100055aa:	4b0d      	ldr	r3, [pc, #52]	@ (100055e0 <cdcd_control_xfer_cb+0xb8>)
100055ac:	2b00      	cmp	r3, #0
100055ae:	d0f6      	beq.n	1000559e <cdcd_control_xfer_cb+0x76>
100055b0:	2000      	movs	r0, #0
100055b2:	490c      	ldr	r1, [pc, #48]	@ (100055e4 <cdcd_control_xfer_cb+0xbc>)
100055b4:	f7fe faac 	bl	10003b10 <tud_cdc_line_coding_cb>
100055b8:	e7f1      	b.n	1000559e <cdcd_control_xfer_cb+0x76>
100055ba:	4611      	mov	r1, r2
100055bc:	f7ff fcbc 	bl	10004f38 <tud_control_status>
100055c0:	e7ed      	b.n	1000559e <cdcd_control_xfer_cb+0x76>
100055c2:	4611      	mov	r1, r2
100055c4:	2307      	movs	r3, #7
100055c6:	4a07      	ldr	r2, [pc, #28]	@ (100055e4 <cdcd_control_xfer_cb+0xbc>)
100055c8:	f7ff fcd0 	bl	10004f6c <tud_control_xfer>
100055cc:	e7e7      	b.n	1000559e <cdcd_control_xfer_cb+0x76>
100055ce:	bf00      	nop
100055d0:	200017b8 	.word	0x200017b8
100055d4:	00000000 	.word	0x00000000
100055d8:	200017dc 	.word	0x200017dc
100055dc:	00000000 	.word	0x00000000
100055e0:	10003b11 	.word	0x10003b11
100055e4:	200017c0 	.word	0x200017c0

100055e8 <cdcd_xfer_cb>:
100055e8:	e92d 43f8 	stmdb	sp!, {r3, r4, r5, r6, r7, r8, r9, lr}
100055ec:	4e35      	ldr	r6, [pc, #212]	@ (100056c4 <cdcd_xfer_cb+0xdc>)
100055ee:	460c      	mov	r4, r1
100055f0:	78f2      	ldrb	r2, [r6, #3]
100055f2:	4607      	mov	r7, r0
100055f4:	428a      	cmp	r2, r1
100055f6:	461d      	mov	r5, r3
100055f8:	d03d      	beq.n	10005676 <cdcd_xfer_cb+0x8e>
100055fa:	78b3      	ldrb	r3, [r6, #2]
100055fc:	428b      	cmp	r3, r1
100055fe:	d012      	beq.n	10005626 <cdcd_xfer_cb+0x3e>
10005600:	f04f 23e0 	mov.w	r3, #3758153728	@ 0xe000e000
10005604:	f8d3 3df0 	ldr.w	r3, [r3, #3568]	@ 0xdf0
10005608:	07db      	lsls	r3, r3, #31
1000560a:	d432      	bmi.n	10005672 <cdcd_xfer_cb+0x8a>
1000560c:	2000      	movs	r0, #0
1000560e:	e8bd 83f8 	ldmia.w	sp!, {r3, r4, r5, r6, r7, r8, r9, pc}
10005612:	4b2d      	ldr	r3, [pc, #180]	@ (100056c8 <cdcd_xfer_cb+0xe0>)
10005614:	b123      	cbz	r3, 10005620 <cdcd_xfer_cb+0x38>
10005616:	482d      	ldr	r0, [pc, #180]	@ (100056cc <cdcd_xfer_cb+0xe4>)
10005618:	f000 fb80 	bl	10005d1c <tu_fifo_empty>
1000561c:	2800      	cmp	r0, #0
1000561e:	d04d      	beq.n	100056bc <cdcd_xfer_cb+0xd4>
10005620:	2000      	movs	r0, #0
10005622:	f7ff fd99 	bl	10005158 <_prep_out_transaction.isra.0>
10005626:	78b3      	ldrb	r3, [r6, #2]
10005628:	42a3      	cmp	r3, r4
1000562a:	d001      	beq.n	10005630 <cdcd_xfer_cb+0x48>
1000562c:	2001      	movs	r0, #1
1000562e:	e7ee      	b.n	1000560e <cdcd_xfer_cb+0x26>
10005630:	4b27      	ldr	r3, [pc, #156]	@ (100056d0 <cdcd_xfer_cb+0xe8>)
10005632:	b113      	cbz	r3, 1000563a <cdcd_xfer_cb+0x52>
10005634:	2000      	movs	r0, #0
10005636:	f3af 8000 	nop.w
1000563a:	2000      	movs	r0, #0
1000563c:	f7ff fe2e 	bl	1000529c <tud_cdc_n_write_flush>
10005640:	2800      	cmp	r0, #0
10005642:	d1f3      	bne.n	1000562c <cdcd_xfer_cb+0x44>
10005644:	4823      	ldr	r0, [pc, #140]	@ (100056d4 <cdcd_xfer_cb+0xec>)
10005646:	f000 fb59 	bl	10005cfc <tu_fifo_count>
1000564a:	2800      	cmp	r0, #0
1000564c:	d1ee      	bne.n	1000562c <cdcd_xfer_cb+0x44>
1000564e:	2d00      	cmp	r5, #0
10005650:	d0ec      	beq.n	1000562c <cdcd_xfer_cb+0x44>
10005652:	f015 053f 	ands.w	r5, r5, #63	@ 0x3f
10005656:	d1e9      	bne.n	1000562c <cdcd_xfer_cb+0x44>
10005658:	4638      	mov	r0, r7
1000565a:	78b1      	ldrb	r1, [r6, #2]
1000565c:	f7ff fc10 	bl	10004e80 <usbd_edpt_claim>
10005660:	2800      	cmp	r0, #0
10005662:	d0e3      	beq.n	1000562c <cdcd_xfer_cb+0x44>
10005664:	462b      	mov	r3, r5
10005666:	462a      	mov	r2, r5
10005668:	4638      	mov	r0, r7
1000566a:	78b1      	ldrb	r1, [r6, #2]
1000566c:	f7ff fc2c 	bl	10004ec8 <usbd_edpt_xfer>
10005670:	e7dc      	b.n	1000562c <cdcd_xfer_cb+0x44>
10005672:	be00      	bkpt	0x0000
10005674:	e7ca      	b.n	1000560c <cdcd_xfer_cb+0x24>
10005676:	b29a      	uxth	r2, r3
10005678:	4917      	ldr	r1, [pc, #92]	@ (100056d8 <cdcd_xfer_cb+0xf0>)
1000567a:	f106 0010 	add.w	r0, r6, #16
1000567e:	f000 fc71 	bl	10005f64 <tu_fifo_write_n>
10005682:	4b16      	ldr	r3, [pc, #88]	@ (100056dc <cdcd_xfer_cb+0xf4>)
10005684:	2b00      	cmp	r3, #0
10005686:	d0c4      	beq.n	10005612 <cdcd_xfer_cb+0x2a>
10005688:	7973      	ldrb	r3, [r6, #5]
1000568a:	2bff      	cmp	r3, #255	@ 0xff
1000568c:	d0c1      	beq.n	10005612 <cdcd_xfer_cb+0x2a>
1000568e:	2d00      	cmp	r5, #0
10005690:	d0bf      	beq.n	10005612 <cdcd_xfer_cb+0x2a>
10005692:	f8df 8044 	ldr.w	r8, [pc, #68]	@ 100056d8 <cdcd_xfer_cb+0xf0>
10005696:	eb08 0905 	add.w	r9, r8, r5
1000569a:	e002      	b.n	100056a2 <cdcd_xfer_cb+0xba>
1000569c:	45c8      	cmp	r8, r9
1000569e:	d0b8      	beq.n	10005612 <cdcd_xfer_cb+0x2a>
100056a0:	7973      	ldrb	r3, [r6, #5]
100056a2:	f818 2b01 	ldrb.w	r2, [r8], #1
100056a6:	429a      	cmp	r2, r3
100056a8:	d1f8      	bne.n	1000569c <cdcd_xfer_cb+0xb4>
100056aa:	4808      	ldr	r0, [pc, #32]	@ (100056cc <cdcd_xfer_cb+0xe4>)
100056ac:	f000 fb36 	bl	10005d1c <tu_fifo_empty>
100056b0:	2800      	cmp	r0, #0
100056b2:	d1f3      	bne.n	1000569c <cdcd_xfer_cb+0xb4>
100056b4:	7971      	ldrb	r1, [r6, #5]
100056b6:	f3af 8000 	nop.w
100056ba:	e7ef      	b.n	1000569c <cdcd_xfer_cb+0xb4>
100056bc:	f3af 8000 	nop.w
100056c0:	e7ae      	b.n	10005620 <cdcd_xfer_cb+0x38>
100056c2:	bf00      	nop
100056c4:	200017b8 	.word	0x200017b8
100056c8:	00000000 	.word	0x00000000
100056cc:	200017c8 	.word	0x200017c8
100056d0:	00000000 	.word	0x00000000
100056d4:	200017dc 	.word	0x200017dc
100056d8:	20001734 	.word	0x20001734
100056dc:	00000000 	.word	0x00000000

100056e0 <vendord_init>:
100056e0:	b5f0      	push	{r4, r5, r6, r7, lr}
100056e2:	f44f 7213 	mov.w	r2, #588	@ 0x24c
100056e6:	b085      	sub	sp, #20
100056e8:	2100      	movs	r1, #0
100056ea:	4812      	ldr	r0, [pc, #72]	@ (10005734 <vendord_init+0x54>)
100056ec:	f000 fe08 	bl	10006300 <memset>
100056f0:	2640      	movs	r6, #64	@ 0x40
100056f2:	2300      	movs	r3, #0
100056f4:	f44f 7580 	mov.w	r5, #256	@ 0x100
100056f8:	4f0e      	ldr	r7, [pc, #56]	@ (10005734 <vendord_init+0x54>)
100056fa:	4c0f      	ldr	r4, [pc, #60]	@ (10005738 <vendord_init+0x58>)
100056fc:	f507 72a6 	add.w	r2, r7, #332	@ 0x14c
10005700:	4619      	mov	r1, r3
10005702:	e9cd 4602 	strd	r4, r6, [sp, #8]
10005706:	9200      	str	r2, [sp, #0]
10005708:	9501      	str	r5, [sp, #4]
1000570a:	461a      	mov	r2, r3
1000570c:	f507 7094 	add.w	r0, r7, #296	@ 0x128
10005710:	f000 f9c6 	bl	10005aa0 <tu_edpt_stream_init>
10005714:	2300      	movs	r3, #0
10005716:	4638      	mov	r0, r7
10005718:	f107 0128 	add.w	r1, r7, #40	@ 0x28
1000571c:	4434      	add	r4, r6
1000571e:	9100      	str	r1, [sp, #0]
10005720:	2201      	movs	r2, #1
10005722:	4619      	mov	r1, r3
10005724:	e9cd 4602 	strd	r4, r6, [sp, #8]
10005728:	9501      	str	r5, [sp, #4]
1000572a:	3004      	adds	r0, #4
1000572c:	f000 f9b8 	bl	10005aa0 <tu_edpt_stream_init>
10005730:	b005      	add	sp, #20
10005732:	bdf0      	pop	{r4, r5, r6, r7, pc}
10005734:	20001a9c 	.word	0x20001a9c
10005738:	20001a1c 	.word	0x20001a1c

1000573c <vendord_deinit>:
1000573c:	b508      	push	{r3, lr}
1000573e:	4805      	ldr	r0, [pc, #20]	@ (10005754 <vendord_deinit+0x18>)
10005740:	f000 f9da 	bl	10005af8 <tu_edpt_stream_deinit>
10005744:	4b03      	ldr	r3, [pc, #12]	@ (10005754 <vendord_deinit+0x18>)
10005746:	f5a3 7092 	sub.w	r0, r3, #292	@ 0x124
1000574a:	f000 f9d5 	bl	10005af8 <tu_edpt_stream_deinit>
1000574e:	2001      	movs	r0, #1
10005750:	bd08      	pop	{r3, pc}
10005752:	bf00      	nop
10005754:	20001bc4 	.word	0x20001bc4

10005758 <vendord_reset>:
10005758:	b538      	push	{r3, r4, r5, lr}
1000575a:	2500      	movs	r5, #0
1000575c:	4c06      	ldr	r4, [pc, #24]	@ (10005778 <vendord_reset+0x20>)
1000575e:	f504 7098 	add.w	r0, r4, #304	@ 0x130
10005762:	7025      	strb	r5, [r4, #0]
10005764:	f000 fcac 	bl	100060c0 <tu_fifo_clear>
10005768:	f104 000c 	add.w	r0, r4, #12
1000576c:	f000 fca8 	bl	100060c0 <tu_fifo_clear>
10005770:	f884 5129 	strb.w	r5, [r4, #297]	@ 0x129
10005774:	7165      	strb	r5, [r4, #5]
10005776:	bd38      	pop	{r3, r4, r5, pc}
10005778:	20001a9c 	.word	0x20001a9c

1000577c <vendord_open>:
1000577c:	e92d 43f8 	stmdb	sp!, {r3, r4, r5, r6, r7, r8, r9, lr}
10005780:	794b      	ldrb	r3, [r1, #5]
10005782:	2bff      	cmp	r3, #255	@ 0xff
10005784:	d151      	bne.n	1000582a <vendord_open+0xae>
10005786:	4e35      	ldr	r6, [pc, #212]	@ (1000585c <vendord_open+0xe0>)
10005788:	f896 3129 	ldrb.w	r3, [r6, #297]	@ 0x129
1000578c:	2b00      	cmp	r3, #0
1000578e:	d14c      	bne.n	1000582a <vendord_open+0xae>
10005790:	f896 8005 	ldrb.w	r8, [r6, #5]
10005794:	f1b8 0f00 	cmp.w	r8, #0
10005798:	d147      	bne.n	1000582a <vendord_open+0xae>
1000579a:	788b      	ldrb	r3, [r1, #2]
1000579c:	780c      	ldrb	r4, [r1, #0]
1000579e:	7033      	strb	r3, [r6, #0]
100057a0:	790b      	ldrb	r3, [r1, #4]
100057a2:	460f      	mov	r7, r1
100057a4:	440c      	add	r4, r1
100057a6:	b3ab      	cbz	r3, 10005814 <vendord_open+0x98>
100057a8:	4681      	mov	r9, r0
100057aa:	18a5      	adds	r5, r4, r2
100057ac:	e003      	b.n	100057b6 <vendord_open+0x3a>
100057ae:	42a5      	cmp	r5, r4
100057b0:	d930      	bls.n	10005814 <vendord_open+0x98>
100057b2:	7823      	ldrb	r3, [r4, #0]
100057b4:	441c      	add	r4, r3
100057b6:	7863      	ldrb	r3, [r4, #1]
100057b8:	2b05      	cmp	r3, #5
100057ba:	d1f8      	bne.n	100057ae <vendord_open+0x32>
100057bc:	42ac      	cmp	r4, r5
100057be:	d229      	bcs.n	10005814 <vendord_open+0x98>
100057c0:	4621      	mov	r1, r4
100057c2:	4648      	mov	r0, r9
100057c4:	f7ff fb3a 	bl	10004e3c <usbd_edpt_open>
100057c8:	b340      	cbz	r0, 1000581c <vendord_open+0xa0>
100057ca:	78a3      	ldrb	r3, [r4, #2]
100057cc:	09db      	lsrs	r3, r3, #7
100057ce:	d12f      	bne.n	10005830 <vendord_open+0xb4>
100057d0:	4823      	ldr	r0, [pc, #140]	@ (10005860 <vendord_open+0xe4>)
100057d2:	f000 fc75 	bl	100060c0 <tu_fifo_clear>
100057d6:	78a3      	ldrb	r3, [r4, #2]
100057d8:	f896 2128 	ldrb.w	r2, [r6, #296]	@ 0x128
100057dc:	f886 3129 	strb.w	r3, [r6, #297]	@ 0x129
100057e0:	88a3      	ldrh	r3, [r4, #4]
100057e2:	4648      	mov	r0, r9
100057e4:	f3c3 030a 	ubfx	r3, r3, #0, #11
100057e8:	f5a3 7300 	sub.w	r3, r3, #512	@ 0x200
100057ec:	fab3 f383 	clz	r3, r3
100057f0:	095b      	lsrs	r3, r3, #5
100057f2:	f363 0241 	bfi	r2, r3, #1, #1
100057f6:	491b      	ldr	r1, [pc, #108]	@ (10005864 <vendord_open+0xe8>)
100057f8:	f886 2128 	strb.w	r2, [r6, #296]	@ 0x128
100057fc:	f000 f9ea 	bl	10005bd4 <tu_edpt_stream_read_xfer>
10005800:	b160      	cbz	r0, 1000581c <vendord_open+0xa0>
10005802:	7823      	ldrb	r3, [r4, #0]
10005804:	793a      	ldrb	r2, [r7, #4]
10005806:	f108 0801 	add.w	r8, r8, #1
1000580a:	441c      	add	r4, r3
1000580c:	fa5f f388 	uxtb.w	r3, r8
10005810:	429a      	cmp	r2, r3
10005812:	d8d0      	bhi.n	100057b6 <vendord_open+0x3a>
10005814:	1be1      	subs	r1, r4, r7
10005816:	b288      	uxth	r0, r1
10005818:	e8bd 83f8 	ldmia.w	sp!, {r3, r4, r5, r6, r7, r8, r9, pc}
1000581c:	f04f 23e0 	mov.w	r3, #3758153728	@ 0xe000e000
10005820:	f8d3 3df0 	ldr.w	r3, [r3, #3568]	@ 0xdf0
10005824:	07db      	lsls	r3, r3, #31
10005826:	d500      	bpl.n	1000582a <vendord_open+0xae>
10005828:	be00      	bkpt	0x0000
1000582a:	2000      	movs	r0, #0
1000582c:	e8bd 83f8 	ldmia.w	sp!, {r3, r4, r5, r6, r7, r8, r9, pc}
10005830:	480d      	ldr	r0, [pc, #52]	@ (10005868 <vendord_open+0xec>)
10005832:	f000 fc45 	bl	100060c0 <tu_fifo_clear>
10005836:	78a3      	ldrb	r3, [r4, #2]
10005838:	7932      	ldrb	r2, [r6, #4]
1000583a:	7173      	strb	r3, [r6, #5]
1000583c:	88a3      	ldrh	r3, [r4, #4]
1000583e:	490b      	ldr	r1, [pc, #44]	@ (1000586c <vendord_open+0xf0>)
10005840:	f3c3 030a 	ubfx	r3, r3, #0, #11
10005844:	f5a3 7300 	sub.w	r3, r3, #512	@ 0x200
10005848:	fab3 f383 	clz	r3, r3
1000584c:	095b      	lsrs	r3, r3, #5
1000584e:	f363 0241 	bfi	r2, r3, #1, #1
10005852:	2000      	movs	r0, #0
10005854:	7132      	strb	r2, [r6, #4]
10005856:	f000 f985 	bl	10005b64 <tu_edpt_stream_write_xfer>
1000585a:	e7d2      	b.n	10005802 <vendord_open+0x86>
1000585c:	20001a9c 	.word	0x20001a9c
10005860:	20001bcc 	.word	0x20001bcc
10005864:	20001bc4 	.word	0x20001bc4
10005868:	20001aa8 	.word	0x20001aa8
1000586c:	20001aa0 	.word	0x20001aa0

10005870 <vendord_xfer_cb>:
10005870:	b570      	push	{r4, r5, r6, lr}
10005872:	4c1b      	ldr	r4, [pc, #108]	@ (100058e0 <vendord_xfer_cb+0x70>)
10005874:	4606      	mov	r6, r0
10005876:	f894 c129 	ldrb.w	ip, [r4, #297]	@ 0x129
1000587a:	461d      	mov	r5, r3
1000587c:	458c      	cmp	ip, r1
1000587e:	d011      	beq.n	100058a4 <vendord_xfer_cb+0x34>
10005880:	7963      	ldrb	r3, [r4, #5]
10005882:	428b      	cmp	r3, r1
10005884:	d001      	beq.n	1000588a <vendord_xfer_cb+0x1a>
10005886:	2000      	movs	r0, #0
10005888:	bd70      	pop	{r4, r5, r6, pc}
1000588a:	4b16      	ldr	r3, [pc, #88]	@ (100058e4 <vendord_xfer_cb+0x74>)
1000588c:	b11b      	cbz	r3, 10005896 <vendord_xfer_cb+0x26>
1000588e:	2000      	movs	r0, #0
10005890:	b2a9      	uxth	r1, r5
10005892:	f3af 8000 	nop.w
10005896:	4630      	mov	r0, r6
10005898:	4913      	ldr	r1, [pc, #76]	@ (100058e8 <vendord_xfer_cb+0x78>)
1000589a:	f000 f963 	bl	10005b64 <tu_edpt_stream_write_xfer>
1000589e:	b1c8      	cbz	r0, 100058d4 <vendord_xfer_cb+0x64>
100058a0:	2001      	movs	r0, #1
100058a2:	bd70      	pop	{r4, r5, r6, pc}
100058a4:	f8b4 3134 	ldrh.w	r3, [r4, #308]	@ 0x134
100058a8:	b963      	cbnz	r3, 100058c4 <vendord_xfer_cb+0x54>
100058aa:	4b10      	ldr	r3, [pc, #64]	@ (100058ec <vendord_xfer_cb+0x7c>)
100058ac:	b123      	cbz	r3, 100058b8 <vendord_xfer_cb+0x48>
100058ae:	2000      	movs	r0, #0
100058b0:	490f      	ldr	r1, [pc, #60]	@ (100058f0 <vendord_xfer_cb+0x80>)
100058b2:	b2aa      	uxth	r2, r5
100058b4:	f3af 8000 	nop.w
100058b8:	4630      	mov	r0, r6
100058ba:	490e      	ldr	r1, [pc, #56]	@ (100058f4 <vendord_xfer_cb+0x84>)
100058bc:	f000 f98a 	bl	10005bd4 <tu_edpt_stream_read_xfer>
100058c0:	2001      	movs	r0, #1
100058c2:	e7ee      	b.n	100058a2 <vendord_xfer_cb+0x32>
100058c4:	f8d4 112c 	ldr.w	r1, [r4, #300]	@ 0x12c
100058c8:	b2aa      	uxth	r2, r5
100058ca:	f504 7098 	add.w	r0, r4, #304	@ 0x130
100058ce:	f000 fb49 	bl	10005f64 <tu_fifo_write_n>
100058d2:	e7ea      	b.n	100058aa <vendord_xfer_cb+0x3a>
100058d4:	462a      	mov	r2, r5
100058d6:	4630      	mov	r0, r6
100058d8:	4903      	ldr	r1, [pc, #12]	@ (100058e8 <vendord_xfer_cb+0x78>)
100058da:	f000 f90f 	bl	10005afc <tu_edpt_stream_write_zlp_if_needed>
100058de:	e7df      	b.n	100058a0 <vendord_xfer_cb+0x30>
100058e0:	20001a9c 	.word	0x20001a9c
100058e4:	00000000 	.word	0x00000000
100058e8:	20001aa0 	.word	0x20001aa0
100058ec:	00000000 	.word	0x00000000
100058f0:	20001a1c 	.word	0x20001a1c
100058f4:	20001bc4 	.word	0x20001bc4

100058f8 <tusb_rhport_init>:
100058f8:	b510      	push	{r4, lr}
100058fa:	b082      	sub	sp, #8
100058fc:	b1c9      	cbz	r1, 10005932 <tusb_rhport_init+0x3a>
100058fe:	2801      	cmp	r0, #1
10005900:	d80c      	bhi.n	1000591c <tusb_rhport_init+0x24>
10005902:	780b      	ldrb	r3, [r1, #0]
10005904:	b153      	cbz	r3, 1000591c <tusb_rhport_init+0x24>
10005906:	4c14      	ldr	r4, [pc, #80]	@ (10005958 <tusb_rhport_init+0x60>)
10005908:	2b01      	cmp	r3, #1
1000590a:	5423      	strb	r3, [r4, r0]
1000590c:	d002      	beq.n	10005914 <tusb_rhport_init+0x1c>
1000590e:	2001      	movs	r0, #1
10005910:	b002      	add	sp, #8
10005912:	bd10      	pop	{r4, pc}
10005914:	f7fe fe08 	bl	10004528 <tud_rhport_init>
10005918:	2800      	cmp	r0, #0
1000591a:	d1f8      	bne.n	1000590e <tusb_rhport_init+0x16>
1000591c:	f04f 23e0 	mov.w	r3, #3758153728	@ 0xe000e000
10005920:	f8d3 3df0 	ldr.w	r3, [r3, #3568]	@ 0xdf0
10005924:	07db      	lsls	r3, r3, #31
10005926:	d402      	bmi.n	1000592e <tusb_rhport_init+0x36>
10005928:	2000      	movs	r0, #0
1000592a:	b002      	add	sp, #8
1000592c:	bd10      	pop	{r4, pc}
1000592e:	be00      	bkpt	0x0000
10005930:	e7fa      	b.n	10005928 <tusb_rhport_init+0x30>
10005932:	2401      	movs	r4, #1
10005934:	4608      	mov	r0, r1
10005936:	a901      	add	r1, sp, #4
10005938:	f8ad 4004 	strh.w	r4, [sp, #4]
1000593c:	f7fe fdf4 	bl	10004528 <tud_rhport_init>
10005940:	b938      	cbnz	r0, 10005952 <tusb_rhport_init+0x5a>
10005942:	f04f 23e0 	mov.w	r3, #3758153728	@ 0xe000e000
10005946:	f8d3 3df0 	ldr.w	r3, [r3, #3568]	@ 0xdf0
1000594a:	07da      	lsls	r2, r3, #31
1000594c:	d5ed      	bpl.n	1000592a <tusb_rhport_init+0x32>
1000594e:	be00      	bkpt	0x0000
10005950:	e7eb      	b.n	1000592a <tusb_rhport_init+0x32>
10005952:	4b01      	ldr	r3, [pc, #4]	@ (10005958 <tusb_rhport_init+0x60>)
10005954:	701c      	strb	r4, [r3, #0]
10005956:	e7e8      	b.n	1000592a <tusb_rhport_init+0x32>
10005958:	200018f4 	.word	0x200018f4

1000595c <tu_edpt_claim>:
1000595c:	b5f8      	push	{r3, r4, r5, r6, r7, lr}
1000595e:	7803      	ldrb	r3, [r0, #0]
10005960:	f013 0401 	ands.w	r4, r3, #1
10005964:	d11a      	bne.n	1000599c <tu_edpt_claim+0x40>
10005966:	7803      	ldrb	r3, [r0, #0]
10005968:	4605      	mov	r5, r0
1000596a:	075a      	lsls	r2, r3, #29
1000596c:	f3c3 0780 	ubfx	r7, r3, #2, #1
10005970:	d501      	bpl.n	10005976 <tu_edpt_claim+0x1a>
10005972:	4620      	mov	r0, r4
10005974:	bdf8      	pop	{r3, r4, r5, r6, r7, pc}
10005976:	460e      	mov	r6, r1
10005978:	f04f 31ff 	mov.w	r1, #4294967295	@ 0xffffffff
1000597c:	4630      	mov	r0, r6
1000597e:	f000 fdb3 	bl	100064e8 <__mutex_enter_timeout_ms_veneer>
10005982:	782b      	ldrb	r3, [r5, #0]
10005984:	f013 0401 	ands.w	r4, r3, #1
10005988:	d10b      	bne.n	100059a2 <tu_edpt_claim+0x46>
1000598a:	782b      	ldrb	r3, [r5, #0]
1000598c:	075b      	lsls	r3, r3, #29
1000598e:	d409      	bmi.n	100059a4 <tu_edpt_claim+0x48>
10005990:	782b      	ldrb	r3, [r5, #0]
10005992:	2401      	movs	r4, #1
10005994:	f043 0304 	orr.w	r3, r3, #4
10005998:	702b      	strb	r3, [r5, #0]
1000599a:	e003      	b.n	100059a4 <tu_edpt_claim+0x48>
1000599c:	2400      	movs	r4, #0
1000599e:	4620      	mov	r0, r4
100059a0:	bdf8      	pop	{r3, r4, r5, r6, r7, pc}
100059a2:	463c      	mov	r4, r7
100059a4:	4630      	mov	r0, r6
100059a6:	f000 fdaf 	bl	10006508 <__mutex_exit_veneer>
100059aa:	4620      	mov	r0, r4
100059ac:	bdf8      	pop	{r3, r4, r5, r6, r7, pc}
100059ae:	bf00      	nop

100059b0 <tu_edpt_release>:
100059b0:	b570      	push	{r4, r5, r6, lr}
100059b2:	460c      	mov	r4, r1
100059b4:	4605      	mov	r5, r0
100059b6:	f04f 31ff 	mov.w	r1, #4294967295	@ 0xffffffff
100059ba:	4620      	mov	r0, r4
100059bc:	f000 fd94 	bl	100064e8 <__mutex_enter_timeout_ms_veneer>
100059c0:	782b      	ldrb	r3, [r5, #0]
100059c2:	f3c3 0680 	ubfx	r6, r3, #2, #1
100059c6:	075b      	lsls	r3, r3, #29
100059c8:	d508      	bpl.n	100059dc <tu_edpt_release+0x2c>
100059ca:	782b      	ldrb	r3, [r5, #0]
100059cc:	f013 0301 	ands.w	r3, r3, #1
100059d0:	bf11      	iteee	ne
100059d2:	2600      	movne	r6, #0
100059d4:	782a      	ldrbeq	r2, [r5, #0]
100059d6:	f363 0282 	bfieq	r2, r3, #2, #1
100059da:	702a      	strbeq	r2, [r5, #0]
100059dc:	4620      	mov	r0, r4
100059de:	f000 fd93 	bl	10006508 <__mutex_exit_veneer>
100059e2:	4630      	mov	r0, r6
100059e4:	bd70      	pop	{r4, r5, r6, pc}
100059e6:	bf00      	nop

100059e8 <tu_edpt_validate>:
100059e8:	78c3      	ldrb	r3, [r0, #3]
100059ea:	8882      	ldrh	r2, [r0, #4]
100059ec:	f003 0003 	and.w	r0, r3, #3
100059f0:	2802      	cmp	r0, #2
100059f2:	f3c2 020a 	ubfx	r2, r2, #0, #11
100059f6:	d015      	beq.n	10005a24 <tu_edpt_validate+0x3c>
100059f8:	2803      	cmp	r0, #3
100059fa:	d00a      	beq.n	10005a12 <tu_edpt_validate+0x2a>
100059fc:	2801      	cmp	r0, #1
100059fe:	d11c      	bne.n	10005a3a <tu_edpt_validate+0x52>
10005a00:	2902      	cmp	r1, #2
10005a02:	f240 33ff 	movw	r3, #1023	@ 0x3ff
10005a06:	bf08      	it	eq
10005a08:	f44f 6380 	moveq.w	r3, #1024	@ 0x400
10005a0c:	4293      	cmp	r3, r2
10005a0e:	d30d      	bcc.n	10005a2c <tu_edpt_validate+0x44>
10005a10:	4770      	bx	lr
10005a12:	2902      	cmp	r1, #2
10005a14:	bf14      	ite	ne
10005a16:	2340      	movne	r3, #64	@ 0x40
10005a18:	f44f 6380 	moveq.w	r3, #1024	@ 0x400
10005a1c:	4293      	cmp	r3, r2
10005a1e:	d305      	bcc.n	10005a2c <tu_edpt_validate+0x44>
10005a20:	2001      	movs	r0, #1
10005a22:	4770      	bx	lr
10005a24:	2902      	cmp	r1, #2
10005a26:	d00a      	beq.n	10005a3e <tu_edpt_validate+0x56>
10005a28:	2a40      	cmp	r2, #64	@ 0x40
10005a2a:	d9f9      	bls.n	10005a20 <tu_edpt_validate+0x38>
10005a2c:	f04f 23e0 	mov.w	r3, #3758153728	@ 0xe000e000
10005a30:	f8d3 3df0 	ldr.w	r3, [r3, #3568]	@ 0xdf0
10005a34:	07db      	lsls	r3, r3, #31
10005a36:	d500      	bpl.n	10005a3a <tu_edpt_validate+0x52>
10005a38:	be00      	bkpt	0x0000
10005a3a:	2000      	movs	r0, #0
10005a3c:	4770      	bx	lr
10005a3e:	f5b2 7f00 	cmp.w	r2, #512	@ 0x200
10005a42:	d0ed      	beq.n	10005a20 <tu_edpt_validate+0x38>
10005a44:	e7f2      	b.n	10005a2c <tu_edpt_validate+0x44>
10005a46:	bf00      	nop

10005a48 <tu_edpt_bind_driver>:
10005a48:	440a      	add	r2, r1
10005a4a:	4291      	cmp	r1, r2
10005a4c:	d226      	bcs.n	10005a9c <tu_edpt_bind_driver+0x54>
10005a4e:	f891 c001 	ldrb.w	ip, [r1, #1]
10005a52:	f1bc 0f05 	cmp.w	ip, #5
10005a56:	d005      	beq.n	10005a64 <tu_edpt_bind_driver+0x1c>
10005a58:	f891 c000 	ldrb.w	ip, [r1]
10005a5c:	4461      	add	r1, ip
10005a5e:	428a      	cmp	r2, r1
10005a60:	d8f5      	bhi.n	10005a4e <tu_edpt_bind_driver+0x6>
10005a62:	4770      	bx	lr
10005a64:	b500      	push	{lr}
10005a66:	f891 c002 	ldrb.w	ip, [r1, #2]
10005a6a:	f00c 0e7f 	and.w	lr, ip, #127	@ 0x7f
10005a6e:	eb00 0e4e 	add.w	lr, r0, lr, lsl #1
10005a72:	ea4f 1cdc 	mov.w	ip, ip, lsr #7
10005a76:	f80e 300c 	strb.w	r3, [lr, ip]
10005a7a:	f891 c000 	ldrb.w	ip, [r1]
10005a7e:	4461      	add	r1, ip
10005a80:	428a      	cmp	r2, r1
10005a82:	d909      	bls.n	10005a98 <tu_edpt_bind_driver+0x50>
10005a84:	f891 c001 	ldrb.w	ip, [r1, #1]
10005a88:	f1bc 0f05 	cmp.w	ip, #5
10005a8c:	d0eb      	beq.n	10005a66 <tu_edpt_bind_driver+0x1e>
10005a8e:	f891 c000 	ldrb.w	ip, [r1]
10005a92:	4461      	add	r1, ip
10005a94:	428a      	cmp	r2, r1
10005a96:	d8f5      	bhi.n	10005a84 <tu_edpt_bind_driver+0x3c>
10005a98:	f85d fb04 	ldr.w	pc, [sp], #4
10005a9c:	4770      	bx	lr
10005a9e:	bf00      	nop

10005aa0 <tu_edpt_stream_init>:
10005aa0:	e92d 41f0 	stmdb	sp!, {r4, r5, r6, r7, r8, lr}
10005aa4:	468e      	mov	lr, r1
10005aa6:	b082      	sub	sp, #8
10005aa8:	9300      	str	r3, [sp, #0]
10005aaa:	f890 c000 	ldrb.w	ip, [r0]
10005aae:	9e08      	ldr	r6, [sp, #32]
10005ab0:	f8bd 7024 	ldrh.w	r7, [sp, #36]	@ 0x24
10005ab4:	f36e 0c00 	bfi	ip, lr, #0, #1
10005ab8:	4604      	mov	r4, r0
10005aba:	4615      	mov	r5, r2
10005abc:	2301      	movs	r3, #1
10005abe:	4631      	mov	r1, r6
10005ac0:	463a      	mov	r2, r7
10005ac2:	f800 cb08 	strb.w	ip, [r0], #8
10005ac6:	f8bd 802c 	ldrh.w	r8, [sp, #44]	@ 0x2c
10005aca:	f000 f8e7 	bl	10005c9c <tu_fifo_config>
10005ace:	b106      	cbz	r6, 10005ad2 <tu_edpt_stream_init+0x32>
10005ad0:	b93f      	cbnz	r7, 10005ae2 <tu_edpt_stream_init+0x42>
10005ad2:	2001      	movs	r0, #1
10005ad4:	9b0a      	ldr	r3, [sp, #40]	@ 0x28
10005ad6:	f8a4 8002 	strh.w	r8, [r4, #2]
10005ada:	6063      	str	r3, [r4, #4]
10005adc:	b002      	add	sp, #8
10005ade:	e8bd 81f0 	ldmia.w	sp!, {r4, r5, r6, r7, r8, pc}
10005ae2:	f104 061c 	add.w	r6, r4, #28
10005ae6:	4630      	mov	r0, r6
10005ae8:	f7fb f9cc 	bl	10000e84 <mutex_init>
10005aec:	b10d      	cbz	r5, 10005af2 <tu_edpt_stream_init+0x52>
10005aee:	4635      	mov	r5, r6
10005af0:	2600      	movs	r6, #0
10005af2:	e9c4 5605 	strd	r5, r6, [r4, #20]
10005af6:	e7ec      	b.n	10005ad2 <tu_edpt_stream_init+0x32>

10005af8 <tu_edpt_stream_deinit>:
10005af8:	2001      	movs	r0, #1
10005afa:	4770      	bx	lr

10005afc <tu_edpt_stream_write_zlp_if_needed>:
10005afc:	b5f8      	push	{r3, r4, r5, r6, r7, lr}
10005afe:	4607      	mov	r7, r0
10005b00:	4608      	mov	r0, r1
10005b02:	f240 13ff 	movw	r3, #511	@ 0x1ff
10005b06:	4615      	mov	r5, r2
10005b08:	f810 2b08 	ldrb.w	r2, [r0], #8
10005b0c:	460c      	mov	r4, r1
10005b0e:	f012 0f02 	tst.w	r2, #2
10005b12:	bf0c      	ite	eq
10005b14:	263f      	moveq	r6, #63	@ 0x3f
10005b16:	461e      	movne	r6, r3
10005b18:	f000 f8f0 	bl	10005cfc <tu_fifo_count>
10005b1c:	b928      	cbnz	r0, 10005b2a <tu_edpt_stream_write_zlp_if_needed+0x2e>
10005b1e:	b125      	cbz	r5, 10005b2a <tu_edpt_stream_write_zlp_if_needed+0x2e>
10005b20:	422e      	tst	r6, r5
10005b22:	d102      	bne.n	10005b2a <tu_edpt_stream_write_zlp_if_needed+0x2e>
10005b24:	7823      	ldrb	r3, [r4, #0]
10005b26:	07da      	lsls	r2, r3, #31
10005b28:	d501      	bpl.n	10005b2e <tu_edpt_stream_write_zlp_if_needed+0x32>
10005b2a:	2000      	movs	r0, #0
10005b2c:	bdf8      	pop	{r3, r4, r5, r6, r7, pc}
10005b2e:	4638      	mov	r0, r7
10005b30:	7861      	ldrb	r1, [r4, #1]
10005b32:	f7ff f9a5 	bl	10004e80 <usbd_edpt_claim>
10005b36:	2800      	cmp	r0, #0
10005b38:	d0f7      	beq.n	10005b2a <tu_edpt_stream_write_zlp_if_needed+0x2e>
10005b3a:	7823      	ldrb	r3, [r4, #0]
10005b3c:	f013 0301 	ands.w	r3, r3, #1
10005b40:	d007      	beq.n	10005b52 <tu_edpt_stream_write_zlp_if_needed+0x56>
10005b42:	f04f 23e0 	mov.w	r3, #3758153728	@ 0xe000e000
10005b46:	f8d3 3df0 	ldr.w	r3, [r3, #3568]	@ 0xdf0
10005b4a:	07db      	lsls	r3, r3, #31
10005b4c:	d5ed      	bpl.n	10005b2a <tu_edpt_stream_write_zlp_if_needed+0x2e>
10005b4e:	be00      	bkpt	0x0000
10005b50:	e7eb      	b.n	10005b2a <tu_edpt_stream_write_zlp_if_needed+0x2e>
10005b52:	461a      	mov	r2, r3
10005b54:	4638      	mov	r0, r7
10005b56:	7861      	ldrb	r1, [r4, #1]
10005b58:	f7ff f9b6 	bl	10004ec8 <usbd_edpt_xfer>
10005b5c:	2800      	cmp	r0, #0
10005b5e:	d0f0      	beq.n	10005b42 <tu_edpt_stream_write_zlp_if_needed+0x46>
10005b60:	bdf8      	pop	{r3, r4, r5, r6, r7, pc}
10005b62:	bf00      	nop

10005b64 <tu_edpt_stream_write_xfer>:
10005b64:	b570      	push	{r4, r5, r6, lr}
10005b66:	f101 0508 	add.w	r5, r1, #8
10005b6a:	4606      	mov	r6, r0
10005b6c:	4628      	mov	r0, r5
10005b6e:	460c      	mov	r4, r1
10005b70:	f000 f8c4 	bl	10005cfc <tu_fifo_count>
10005b74:	b110      	cbz	r0, 10005b7c <tu_edpt_stream_write_xfer+0x18>
10005b76:	7823      	ldrb	r3, [r4, #0]
10005b78:	07da      	lsls	r2, r3, #31
10005b7a:	d501      	bpl.n	10005b80 <tu_edpt_stream_write_xfer+0x1c>
10005b7c:	2000      	movs	r0, #0
10005b7e:	bd70      	pop	{r4, r5, r6, pc}
10005b80:	4630      	mov	r0, r6
10005b82:	7861      	ldrb	r1, [r4, #1]
10005b84:	f7ff f97c 	bl	10004e80 <usbd_edpt_claim>
10005b88:	2800      	cmp	r0, #0
10005b8a:	d0f7      	beq.n	10005b7c <tu_edpt_stream_write_xfer+0x18>
10005b8c:	4628      	mov	r0, r5
10005b8e:	8862      	ldrh	r2, [r4, #2]
10005b90:	6861      	ldr	r1, [r4, #4]
10005b92:	f000 f929 	bl	10005de8 <tu_fifo_read_n>
10005b96:	7823      	ldrb	r3, [r4, #0]
10005b98:	4605      	mov	r5, r0
10005b9a:	f003 0301 	and.w	r3, r3, #1
10005b9e:	b140      	cbz	r0, 10005bb2 <tu_edpt_stream_write_xfer+0x4e>
10005ba0:	b173      	cbz	r3, 10005bc0 <tu_edpt_stream_write_xfer+0x5c>
10005ba2:	f04f 23e0 	mov.w	r3, #3758153728	@ 0xe000e000
10005ba6:	f8d3 3df0 	ldr.w	r3, [r3, #3568]	@ 0xdf0
10005baa:	07db      	lsls	r3, r3, #31
10005bac:	d5e6      	bpl.n	10005b7c <tu_edpt_stream_write_xfer+0x18>
10005bae:	be00      	bkpt	0x0000
10005bb0:	e7e4      	b.n	10005b7c <tu_edpt_stream_write_xfer+0x18>
10005bb2:	2b00      	cmp	r3, #0
10005bb4:	d1e2      	bne.n	10005b7c <tu_edpt_stream_write_xfer+0x18>
10005bb6:	4630      	mov	r0, r6
10005bb8:	7861      	ldrb	r1, [r4, #1]
10005bba:	f7ff f973 	bl	10004ea4 <usbd_edpt_release>
10005bbe:	e7dd      	b.n	10005b7c <tu_edpt_stream_write_xfer+0x18>
10005bc0:	4603      	mov	r3, r0
10005bc2:	6862      	ldr	r2, [r4, #4]
10005bc4:	4630      	mov	r0, r6
10005bc6:	7861      	ldrb	r1, [r4, #1]
10005bc8:	f7ff f97e 	bl	10004ec8 <usbd_edpt_xfer>
10005bcc:	2800      	cmp	r0, #0
10005bce:	d0e8      	beq.n	10005ba2 <tu_edpt_stream_write_xfer+0x3e>
10005bd0:	4628      	mov	r0, r5
10005bd2:	bd70      	pop	{r4, r5, r6, pc}

10005bd4 <tu_edpt_stream_read_xfer>:
10005bd4:	898a      	ldrh	r2, [r1, #12]
10005bd6:	e92d 41f0 	stmdb	sp!, {r4, r5, r6, r7, r8, lr}
10005bda:	780b      	ldrb	r3, [r1, #0]
10005bdc:	460c      	mov	r4, r1
10005bde:	4606      	mov	r6, r0
10005be0:	b922      	cbnz	r2, 10005bec <tu_edpt_stream_read_xfer+0x18>
10005be2:	07dd      	lsls	r5, r3, #31
10005be4:	d534      	bpl.n	10005c50 <tu_edpt_stream_read_xfer+0x7c>
10005be6:	2000      	movs	r0, #0
10005be8:	e8bd 81f0 	ldmia.w	sp!, {r4, r5, r6, r7, r8, pc}
10005bec:	f104 0708 	add.w	r7, r4, #8
10005bf0:	0799      	lsls	r1, r3, #30
10005bf2:	4638      	mov	r0, r7
10005bf4:	bf47      	ittee	mi
10005bf6:	f44f 487e 	movmi.w	r8, #65024	@ 0xfe00
10005bfa:	f44f 7500 	movmi.w	r5, #512	@ 0x200
10005bfe:	f64f 78c0 	movwpl	r8, #65472	@ 0xffc0
10005c02:	2540      	movpl	r5, #64	@ 0x40
10005c04:	f000 f894 	bl	10005d30 <tu_fifo_remaining>
10005c08:	4285      	cmp	r5, r0
10005c0a:	d8ec      	bhi.n	10005be6 <tu_edpt_stream_read_xfer+0x12>
10005c0c:	7823      	ldrb	r3, [r4, #0]
10005c0e:	07da      	lsls	r2, r3, #31
10005c10:	d4e9      	bmi.n	10005be6 <tu_edpt_stream_read_xfer+0x12>
10005c12:	4630      	mov	r0, r6
10005c14:	7861      	ldrb	r1, [r4, #1]
10005c16:	f7ff f933 	bl	10004e80 <usbd_edpt_claim>
10005c1a:	2800      	cmp	r0, #0
10005c1c:	d0e3      	beq.n	10005be6 <tu_edpt_stream_read_xfer+0x12>
10005c1e:	4638      	mov	r0, r7
10005c20:	f000 f886 	bl	10005d30 <tu_fifo_remaining>
10005c24:	7823      	ldrb	r3, [r4, #0]
10005c26:	4285      	cmp	r5, r0
10005c28:	f003 0301 	and.w	r3, r3, #1
10005c2c:	d82d      	bhi.n	10005c8a <tu_edpt_stream_read_xfer+0xb6>
10005c2e:	b9bb      	cbnz	r3, 10005c60 <tu_edpt_stream_read_xfer+0x8c>
10005c30:	8865      	ldrh	r5, [r4, #2]
10005c32:	ea08 0800 	and.w	r8, r8, r0
10005c36:	4545      	cmp	r5, r8
10005c38:	bf28      	it	cs
10005c3a:	4645      	movcs	r5, r8
10005c3c:	7861      	ldrb	r1, [r4, #1]
10005c3e:	b35d      	cbz	r5, 10005c98 <tu_edpt_stream_read_xfer+0xc4>
10005c40:	6862      	ldr	r2, [r4, #4]
10005c42:	462b      	mov	r3, r5
10005c44:	4630      	mov	r0, r6
10005c46:	f7ff f93f 	bl	10004ec8 <usbd_edpt_xfer>
10005c4a:	b148      	cbz	r0, 10005c60 <tu_edpt_stream_read_xfer+0x8c>
10005c4c:	4628      	mov	r0, r5
10005c4e:	e7cb      	b.n	10005be8 <tu_edpt_stream_read_xfer+0x14>
10005c50:	7849      	ldrb	r1, [r1, #1]
10005c52:	f7ff f915 	bl	10004e80 <usbd_edpt_claim>
10005c56:	2800      	cmp	r0, #0
10005c58:	d0c5      	beq.n	10005be6 <tu_edpt_stream_read_xfer+0x12>
10005c5a:	7823      	ldrb	r3, [r4, #0]
10005c5c:	07d8      	lsls	r0, r3, #31
10005c5e:	d507      	bpl.n	10005c70 <tu_edpt_stream_read_xfer+0x9c>
10005c60:	f04f 23e0 	mov.w	r3, #3758153728	@ 0xe000e000
10005c64:	f8d3 3df0 	ldr.w	r3, [r3, #3568]	@ 0xdf0
10005c68:	07db      	lsls	r3, r3, #31
10005c6a:	d5bc      	bpl.n	10005be6 <tu_edpt_stream_read_xfer+0x12>
10005c6c:	be00      	bkpt	0x0000
10005c6e:	e7ba      	b.n	10005be6 <tu_edpt_stream_read_xfer+0x12>
10005c70:	8863      	ldrh	r3, [r4, #2]
10005c72:	7861      	ldrb	r1, [r4, #1]
10005c74:	b13b      	cbz	r3, 10005c86 <tu_edpt_stream_read_xfer+0xb2>
10005c76:	6862      	ldr	r2, [r4, #4]
10005c78:	4630      	mov	r0, r6
10005c7a:	f7ff f925 	bl	10004ec8 <usbd_edpt_xfer>
10005c7e:	2800      	cmp	r0, #0
10005c80:	d0ee      	beq.n	10005c60 <tu_edpt_stream_read_xfer+0x8c>
10005c82:	8860      	ldrh	r0, [r4, #2]
10005c84:	e7b0      	b.n	10005be8 <tu_edpt_stream_read_xfer+0x14>
10005c86:	461a      	mov	r2, r3
10005c88:	e7f6      	b.n	10005c78 <tu_edpt_stream_read_xfer+0xa4>
10005c8a:	2b00      	cmp	r3, #0
10005c8c:	d1ab      	bne.n	10005be6 <tu_edpt_stream_read_xfer+0x12>
10005c8e:	4630      	mov	r0, r6
10005c90:	7861      	ldrb	r1, [r4, #1]
10005c92:	f7ff f907 	bl	10004ea4 <usbd_edpt_release>
10005c96:	e7a6      	b.n	10005be6 <tu_edpt_stream_read_xfer+0x12>
10005c98:	462a      	mov	r2, r5
10005c9a:	e7d2      	b.n	10005c42 <tu_edpt_stream_read_xfer+0x6e>

10005c9c <tu_fifo_config>:
10005c9c:	e92d 41f0 	stmdb	sp!, {r4, r5, r6, r7, r8, lr}
10005ca0:	f5b2 4f00 	cmp.w	r2, #32768	@ 0x8000
10005ca4:	f89d 8018 	ldrb.w	r8, [sp, #24]
10005ca8:	d824      	bhi.n	10005cf4 <tu_fifo_config+0x58>
10005caa:	4604      	mov	r4, r0
10005cac:	68c0      	ldr	r0, [r0, #12]
10005cae:	4617      	mov	r7, r2
10005cb0:	460e      	mov	r6, r1
10005cb2:	461d      	mov	r5, r3
10005cb4:	b118      	cbz	r0, 10005cbe <tu_fifo_config+0x22>
10005cb6:	f04f 31ff 	mov.w	r1, #4294967295	@ 0xffffffff
10005cba:	f000 fc15 	bl	100064e8 <__mutex_enter_timeout_ms_veneer>
10005cbe:	6920      	ldr	r0, [r4, #16]
10005cc0:	b118      	cbz	r0, 10005cca <tu_fifo_config+0x2e>
10005cc2:	f04f 31ff 	mov.w	r1, #4294967295	@ 0xffffffff
10005cc6:	f000 fc0f 	bl	100064e8 <__mutex_enter_timeout_ms_veneer>
10005cca:	2200      	movs	r2, #0
10005ccc:	f3c5 030e 	ubfx	r3, r5, #0, #15
10005cd0:	68e0      	ldr	r0, [r4, #12]
10005cd2:	ea43 33c8 	orr.w	r3, r3, r8, lsl #15
10005cd6:	8162      	strh	r2, [r4, #10]
10005cd8:	6026      	str	r6, [r4, #0]
10005cda:	80a7      	strh	r7, [r4, #4]
10005cdc:	80e3      	strh	r3, [r4, #6]
10005cde:	8122      	strh	r2, [r4, #8]
10005ce0:	b108      	cbz	r0, 10005ce6 <tu_fifo_config+0x4a>
10005ce2:	f000 fc11 	bl	10006508 <__mutex_exit_veneer>
10005ce6:	6920      	ldr	r0, [r4, #16]
10005ce8:	b108      	cbz	r0, 10005cee <tu_fifo_config+0x52>
10005cea:	f000 fc0d 	bl	10006508 <__mutex_exit_veneer>
10005cee:	2001      	movs	r0, #1
10005cf0:	e8bd 81f0 	ldmia.w	sp!, {r4, r5, r6, r7, r8, pc}
10005cf4:	2000      	movs	r0, #0
10005cf6:	e8bd 81f0 	ldmia.w	sp!, {r4, r5, r6, r7, r8, pc}
10005cfa:	bf00      	nop

10005cfc <tu_fifo_count>:
10005cfc:	8903      	ldrh	r3, [r0, #8]
10005cfe:	8942      	ldrh	r2, [r0, #10]
10005d00:	b29b      	uxth	r3, r3
10005d02:	b292      	uxth	r2, r2
10005d04:	8880      	ldrh	r0, [r0, #4]
10005d06:	4293      	cmp	r3, r2
10005d08:	bf36      	itet	cc
10005d0a:	ebc2 0240 	rsbcc	r2, r2, r0, lsl #1
10005d0e:	1a9b      	subcs	r3, r3, r2
10005d10:	189b      	addcc	r3, r3, r2
10005d12:	b29b      	uxth	r3, r3
10005d14:	4298      	cmp	r0, r3
10005d16:	bf28      	it	cs
10005d18:	4618      	movcs	r0, r3
10005d1a:	4770      	bx	lr

10005d1c <tu_fifo_empty>:
10005d1c:	8902      	ldrh	r2, [r0, #8]
10005d1e:	8943      	ldrh	r3, [r0, #10]
10005d20:	b290      	uxth	r0, r2
10005d22:	b29b      	uxth	r3, r3
10005d24:	1ac0      	subs	r0, r0, r3
10005d26:	fab0 f080 	clz	r0, r0
10005d2a:	0940      	lsrs	r0, r0, #5
10005d2c:	4770      	bx	lr
10005d2e:	bf00      	nop

10005d30 <tu_fifo_remaining>:
10005d30:	8903      	ldrh	r3, [r0, #8]
10005d32:	8942      	ldrh	r2, [r0, #10]
10005d34:	b29b      	uxth	r3, r3
10005d36:	8880      	ldrh	r0, [r0, #4]
10005d38:	b292      	uxth	r2, r2
10005d3a:	4293      	cmp	r3, r2
10005d3c:	bf36      	itet	cc
10005d3e:	ebc2 0240 	rsbcc	r2, r2, r0, lsl #1
10005d42:	1a9b      	subcs	r3, r3, r2
10005d44:	189b      	addcc	r3, r3, r2
10005d46:	b29b      	uxth	r3, r3
10005d48:	4298      	cmp	r0, r3
10005d4a:	bf86      	itte	hi
10005d4c:	1ac0      	subhi	r0, r0, r3
10005d4e:	b280      	uxthhi	r0, r0
10005d50:	2000      	movls	r0, #0
10005d52:	4770      	bx	lr

10005d54 <tu_fifo_read>:
10005d54:	b538      	push	{r3, r4, r5, lr}
10005d56:	4604      	mov	r4, r0
10005d58:	6900      	ldr	r0, [r0, #16]
10005d5a:	460d      	mov	r5, r1
10005d5c:	b118      	cbz	r0, 10005d66 <tu_fifo_read+0x12>
10005d5e:	f04f 31ff 	mov.w	r1, #4294967295	@ 0xffffffff
10005d62:	f000 fbc1 	bl	100064e8 <__mutex_enter_timeout_ms_veneer>
10005d66:	8921      	ldrh	r1, [r4, #8]
10005d68:	8963      	ldrh	r3, [r4, #10]
10005d6a:	b289      	uxth	r1, r1
10005d6c:	b29b      	uxth	r3, r3
10005d6e:	88a2      	ldrh	r2, [r4, #4]
10005d70:	4299      	cmp	r1, r3
10005d72:	bf36      	itet	cc
10005d74:	ebc3 0042 	rsbcc	r0, r3, r2, lsl #1
10005d78:	1ac8      	subcs	r0, r1, r3
10005d7a:	1840      	addcc	r0, r0, r1
10005d7c:	b280      	uxth	r0, r0
10005d7e:	b350      	cbz	r0, 10005dd6 <tu_fifo_read+0x82>
10005d80:	4282      	cmp	r2, r0
10005d82:	d209      	bcs.n	10005d98 <tu_fifo_read+0x44>
10005d84:	4291      	cmp	r1, r2
10005d86:	bf2c      	ite	cs
10005d88:	1a89      	subcs	r1, r1, r2
10005d8a:	1889      	addcc	r1, r1, r2
10005d8c:	b28b      	uxth	r3, r1
10005d8e:	429a      	cmp	r2, r3
10005d90:	8163      	strh	r3, [r4, #10]
10005d92:	d803      	bhi.n	10005d9c <tu_fifo_read+0x48>
10005d94:	1a9b      	subs	r3, r3, r2
10005d96:	b29b      	uxth	r3, r3
10005d98:	429a      	cmp	r2, r3
10005d9a:	d9fb      	bls.n	10005d94 <tu_fifo_read+0x40>
10005d9c:	88e2      	ldrh	r2, [r4, #6]
10005d9e:	6821      	ldr	r1, [r4, #0]
10005da0:	f3c2 020e 	ubfx	r2, r2, #0, #15
10005da4:	fb02 1103 	mla	r1, r2, r3, r1
10005da8:	4628      	mov	r0, r5
10005daa:	f000 faf7 	bl	1000639c <memcpy>
10005dae:	8961      	ldrh	r1, [r4, #10]
10005db0:	2501      	movs	r5, #1
10005db2:	b289      	uxth	r1, r1
10005db4:	1c4b      	adds	r3, r1, #1
10005db6:	b29b      	uxth	r3, r3
10005db8:	4299      	cmp	r1, r3
10005dba:	88a2      	ldrh	r2, [r4, #4]
10005dbc:	d90e      	bls.n	10005ddc <tu_fifo_read+0x88>
10005dbe:	2300      	movs	r3, #0
10005dc0:	fa02 f105 	lsl.w	r1, r2, r5
10005dc4:	1a5b      	subs	r3, r3, r1
10005dc6:	b29b      	uxth	r3, r3
10005dc8:	6920      	ldr	r0, [r4, #16]
10005dca:	8163      	strh	r3, [r4, #10]
10005dcc:	b108      	cbz	r0, 10005dd2 <tu_fifo_read+0x7e>
10005dce:	f000 fb9b 	bl	10006508 <__mutex_exit_veneer>
10005dd2:	4628      	mov	r0, r5
10005dd4:	bd38      	pop	{r3, r4, r5, pc}
10005dd6:	4605      	mov	r5, r0
10005dd8:	8963      	ldrh	r3, [r4, #10]
10005dda:	b29b      	uxth	r3, r3
10005ddc:	ebb3 0f42 	cmp.w	r3, r2, lsl #1
10005de0:	ea4f 0142 	mov.w	r1, r2, lsl #1
10005de4:	dbf0      	blt.n	10005dc8 <tu_fifo_read+0x74>
10005de6:	e7ed      	b.n	10005dc4 <tu_fifo_read+0x70>

10005de8 <tu_fifo_read_n>:
10005de8:	e92d 47f0 	stmdb	sp!, {r4, r5, r6, r7, r8, r9, sl, lr}
10005dec:	4606      	mov	r6, r0
10005dee:	6900      	ldr	r0, [r0, #16]
10005df0:	4688      	mov	r8, r1
10005df2:	4691      	mov	r9, r2
10005df4:	b118      	cbz	r0, 10005dfe <tu_fifo_read_n+0x16>
10005df6:	f04f 31ff 	mov.w	r1, #4294967295	@ 0xffffffff
10005dfa:	f000 fb75 	bl	100064e8 <__mutex_enter_timeout_ms_veneer>
10005dfe:	8933      	ldrh	r3, [r6, #8]
10005e00:	8974      	ldrh	r4, [r6, #10]
10005e02:	b29b      	uxth	r3, r3
10005e04:	b2a4      	uxth	r4, r4
10005e06:	88b5      	ldrh	r5, [r6, #4]
10005e08:	42a3      	cmp	r3, r4
10005e0a:	bf36      	itet	cc
10005e0c:	ebc4 0745 	rsbcc	r7, r4, r5, lsl #1
10005e10:	1b1f      	subcs	r7, r3, r4
10005e12:	18ff      	addcc	r7, r7, r3
10005e14:	b2bf      	uxth	r7, r7
10005e16:	2f00      	cmp	r7, #0
10005e18:	d04a      	beq.n	10005eb0 <tu_fifo_read_n+0xc8>
10005e1a:	42bd      	cmp	r5, r7
10005e1c:	d340      	bcc.n	10005ea0 <tu_fifo_read_n+0xb8>
10005e1e:	45b9      	cmp	r9, r7
10005e20:	bf28      	it	cs
10005e22:	46b9      	movcs	r9, r7
10005e24:	42a5      	cmp	r5, r4
10005e26:	fa1f f789 	uxth.w	r7, r9
10005e2a:	d803      	bhi.n	10005e34 <tu_fifo_read_n+0x4c>
10005e2c:	1b64      	subs	r4, r4, r5
10005e2e:	b2a4      	uxth	r4, r4
10005e30:	42a5      	cmp	r5, r4
10005e32:	d9fb      	bls.n	10005e2c <tu_fifo_read_n+0x44>
10005e34:	f8b6 a006 	ldrh.w	sl, [r6, #6]
10005e38:	1b2b      	subs	r3, r5, r4
10005e3a:	6831      	ldr	r1, [r6, #0]
10005e3c:	b29b      	uxth	r3, r3
10005e3e:	f3ca 020e 	ubfx	r2, sl, #0, #15
10005e42:	429f      	cmp	r7, r3
10005e44:	4692      	mov	sl, r2
10005e46:	fb02 1104 	mla	r1, r2, r4, r1
10005e4a:	d923      	bls.n	10005e94 <tu_fifo_read_n+0xac>
10005e4c:	fb13 f302 	smulbb	r3, r3, r2
10005e50:	fa1f f983 	uxth.w	r9, r3
10005e54:	464a      	mov	r2, r9
10005e56:	4640      	mov	r0, r8
10005e58:	1b7d      	subs	r5, r7, r5
10005e5a:	f000 fa9f 	bl	1000639c <memcpy>
10005e5e:	1962      	adds	r2, r4, r5
10005e60:	fb12 f20a 	smulbb	r2, r2, sl
10005e64:	6831      	ldr	r1, [r6, #0]
10005e66:	eb08 0009 	add.w	r0, r8, r9
10005e6a:	b292      	uxth	r2, r2
10005e6c:	f000 fa96 	bl	1000639c <memcpy>
10005e70:	8972      	ldrh	r2, [r6, #10]
10005e72:	88b5      	ldrh	r5, [r6, #4]
10005e74:	b292      	uxth	r2, r2
10005e76:	19d3      	adds	r3, r2, r7
10005e78:	b29b      	uxth	r3, r3
10005e7a:	429a      	cmp	r2, r3
10005e7c:	d91a      	bls.n	10005eb4 <tu_fifo_read_n+0xcc>
10005e7e:	006a      	lsls	r2, r5, #1
10005e80:	1a9b      	subs	r3, r3, r2
10005e82:	b29b      	uxth	r3, r3
10005e84:	6930      	ldr	r0, [r6, #16]
10005e86:	8173      	strh	r3, [r6, #10]
10005e88:	b108      	cbz	r0, 10005e8e <tu_fifo_read_n+0xa6>
10005e8a:	f000 fb3d 	bl	10006508 <__mutex_exit_veneer>
10005e8e:	4638      	mov	r0, r7
10005e90:	e8bd 87f0 	ldmia.w	sp!, {r4, r5, r6, r7, r8, r9, sl, pc}
10005e94:	4640      	mov	r0, r8
10005e96:	fb07 f202 	mul.w	r2, r7, r2
10005e9a:	f000 fa7f 	bl	1000639c <memcpy>
10005e9e:	e7e7      	b.n	10005e70 <tu_fifo_read_n+0x88>
10005ea0:	42ab      	cmp	r3, r5
10005ea2:	bf2c      	ite	cs
10005ea4:	1b5b      	subcs	r3, r3, r5
10005ea6:	195b      	addcc	r3, r3, r5
10005ea8:	b29c      	uxth	r4, r3
10005eaa:	462f      	mov	r7, r5
10005eac:	8174      	strh	r4, [r6, #10]
10005eae:	e7b6      	b.n	10005e1e <tu_fifo_read_n+0x36>
10005eb0:	8973      	ldrh	r3, [r6, #10]
10005eb2:	b29b      	uxth	r3, r3
10005eb4:	ebb3 0f45 	cmp.w	r3, r5, lsl #1
10005eb8:	ea4f 0245 	mov.w	r2, r5, lsl #1
10005ebc:	dbe2      	blt.n	10005e84 <tu_fifo_read_n+0x9c>
10005ebe:	e7df      	b.n	10005e80 <tu_fifo_read_n+0x98>

10005ec0 <tu_fifo_write>:
10005ec0:	b5f8      	push	{r3, r4, r5, r6, r7, lr}
10005ec2:	4604      	mov	r4, r0
10005ec4:	68c0      	ldr	r0, [r0, #12]
10005ec6:	460e      	mov	r6, r1
10005ec8:	b118      	cbz	r0, 10005ed2 <tu_fifo_write+0x12>
10005eca:	f04f 31ff 	mov.w	r1, #4294967295	@ 0xffffffff
10005ece:	f000 fb0b 	bl	100064e8 <__mutex_enter_timeout_ms_veneer>
10005ed2:	8925      	ldrh	r5, [r4, #8]
10005ed4:	8923      	ldrh	r3, [r4, #8]
10005ed6:	8961      	ldrh	r1, [r4, #10]
10005ed8:	b29b      	uxth	r3, r3
10005eda:	b289      	uxth	r1, r1
10005edc:	88a2      	ldrh	r2, [r4, #4]
10005ede:	428b      	cmp	r3, r1
10005ee0:	bf36      	itet	cc
10005ee2:	ebc1 0142 	rsbcc	r1, r1, r2, lsl #1
10005ee6:	1a5b      	subcs	r3, r3, r1
10005ee8:	185b      	addcc	r3, r3, r1
10005eea:	b29b      	uxth	r3, r3
10005eec:	429a      	cmp	r2, r3
10005eee:	b2ad      	uxth	r5, r5
10005ef0:	d808      	bhi.n	10005f04 <tu_fifo_write+0x44>
10005ef2:	79e7      	ldrb	r7, [r4, #7]
10005ef4:	09ff      	lsrs	r7, r7, #7
10005ef6:	d105      	bne.n	10005f04 <tu_fifo_write+0x44>
10005ef8:	68e0      	ldr	r0, [r4, #12]
10005efa:	b108      	cbz	r0, 10005f00 <tu_fifo_write+0x40>
10005efc:	f000 fb04 	bl	10006508 <__mutex_exit_veneer>
10005f00:	4638      	mov	r0, r7
10005f02:	bdf8      	pop	{r3, r4, r5, r6, r7, pc}
10005f04:	4295      	cmp	r5, r2
10005f06:	bf28      	it	cs
10005f08:	462b      	movcs	r3, r5
10005f0a:	d318      	bcc.n	10005f3e <tu_fifo_write+0x7e>
10005f0c:	1a9b      	subs	r3, r3, r2
10005f0e:	b29b      	uxth	r3, r3
10005f10:	4293      	cmp	r3, r2
10005f12:	d2fb      	bcs.n	10005f0c <tu_fifo_write+0x4c>
10005f14:	88e2      	ldrh	r2, [r4, #6]
10005f16:	6820      	ldr	r0, [r4, #0]
10005f18:	f3c2 020e 	ubfx	r2, r2, #0, #15
10005f1c:	fb02 0003 	mla	r0, r2, r3, r0
10005f20:	4631      	mov	r1, r6
10005f22:	f000 fa3b 	bl	1000639c <memcpy>
10005f26:	1c6b      	adds	r3, r5, #1
10005f28:	b29b      	uxth	r3, r3
10005f2a:	429d      	cmp	r5, r3
10005f2c:	88a2      	ldrh	r2, [r4, #4]
10005f2e:	d912      	bls.n	10005f56 <tu_fifo_write+0x96>
10005f30:	2300      	movs	r3, #0
10005f32:	0051      	lsls	r1, r2, #1
10005f34:	1a5b      	subs	r3, r3, r1
10005f36:	b29b      	uxth	r3, r3
10005f38:	2701      	movs	r7, #1
10005f3a:	8123      	strh	r3, [r4, #8]
10005f3c:	e7dc      	b.n	10005ef8 <tu_fifo_write+0x38>
10005f3e:	88e2      	ldrh	r2, [r4, #6]
10005f40:	6820      	ldr	r0, [r4, #0]
10005f42:	f3c2 020e 	ubfx	r2, r2, #0, #15
10005f46:	fb05 0002 	mla	r0, r5, r2, r0
10005f4a:	4631      	mov	r1, r6
10005f4c:	f000 fa26 	bl	1000639c <memcpy>
10005f50:	3501      	adds	r5, #1
10005f52:	88a2      	ldrh	r2, [r4, #4]
10005f54:	b2ab      	uxth	r3, r5
10005f56:	ebb3 0f42 	cmp.w	r3, r2, lsl #1
10005f5a:	ea4f 0142 	mov.w	r1, r2, lsl #1
10005f5e:	dbeb      	blt.n	10005f38 <tu_fifo_write+0x78>
10005f60:	e7e8      	b.n	10005f34 <tu_fifo_write+0x74>
10005f62:	bf00      	nop

10005f64 <tu_fifo_write_n>:
10005f64:	e92d 4ff0 	stmdb	sp!, {r4, r5, r6, r7, r8, r9, sl, fp, lr}
10005f68:	4617      	mov	r7, r2
10005f6a:	b083      	sub	sp, #12
10005f6c:	2a00      	cmp	r2, #0
10005f6e:	d075      	beq.n	1000605c <tu_fifo_write_n+0xf8>
10005f70:	4606      	mov	r6, r0
10005f72:	68c0      	ldr	r0, [r0, #12]
10005f74:	4689      	mov	r9, r1
10005f76:	b118      	cbz	r0, 10005f80 <tu_fifo_write_n+0x1c>
10005f78:	f04f 31ff 	mov.w	r1, #4294967295	@ 0xffffffff
10005f7c:	f000 fab4 	bl	100064e8 <__mutex_enter_timeout_ms_veneer>
10005f80:	79f3      	ldrb	r3, [r6, #7]
10005f82:	f8b6 8008 	ldrh.w	r8, [r6, #8]
10005f86:	8972      	ldrh	r2, [r6, #10]
10005f88:	09db      	lsrs	r3, r3, #7
10005f8a:	88b5      	ldrh	r5, [r6, #4]
10005f8c:	fa1f f888 	uxth.w	r8, r8
10005f90:	b292      	uxth	r2, r2
10005f92:	d13c      	bne.n	1000600e <tu_fifo_write_n+0xaa>
10005f94:	4590      	cmp	r8, r2
10005f96:	bf36      	itet	cc
10005f98:	ebc2 0245 	rsbcc	r2, r2, r5, lsl #1
10005f9c:	eba8 0202 	subcs.w	r2, r8, r2
10005fa0:	4442      	addcc	r2, r8
10005fa2:	b292      	uxth	r2, r2
10005fa4:	42aa      	cmp	r2, r5
10005fa6:	d25e      	bcs.n	10006066 <tu_fifo_write_n+0x102>
10005fa8:	1aaa      	subs	r2, r5, r2
10005faa:	b292      	uxth	r2, r2
10005fac:	42ba      	cmp	r2, r7
10005fae:	bf28      	it	cs
10005fb0:	463a      	movcs	r2, r7
10005fb2:	f8b6 b006 	ldrh.w	fp, [r6, #6]
10005fb6:	b297      	uxth	r7, r2
10005fb8:	1b7b      	subs	r3, r7, r5
10005fba:	eb08 0a07 	add.w	sl, r8, r7
10005fbe:	f3cb 0b0e 	ubfx	fp, fp, #0, #15
10005fc2:	b29b      	uxth	r3, r3
10005fc4:	fa1f fa8a 	uxth.w	sl, sl
10005fc8:	45a8      	cmp	r8, r5
10005fca:	4644      	mov	r4, r8
10005fcc:	d303      	bcc.n	10005fd6 <tu_fifo_write_n+0x72>
10005fce:	1b64      	subs	r4, r4, r5
10005fd0:	b2a4      	uxth	r4, r4
10005fd2:	42ac      	cmp	r4, r5
10005fd4:	d2fb      	bcs.n	10005fce <tu_fifo_write_n+0x6a>
10005fd6:	1b2d      	subs	r5, r5, r4
10005fd8:	6830      	ldr	r0, [r6, #0]
10005fda:	b2ad      	uxth	r5, r5
10005fdc:	42bd      	cmp	r5, r7
10005fde:	fb0b 0004 	mla	r0, fp, r4, r0
10005fe2:	d357      	bcc.n	10006094 <tu_fifo_write_n+0x130>
10005fe4:	4649      	mov	r1, r9
10005fe6:	fb0b f207 	mul.w	r2, fp, r7
10005fea:	f000 f9d7 	bl	1000639c <memcpy>
10005fee:	88b2      	ldrh	r2, [r6, #4]
10005ff0:	45d0      	cmp	r8, sl
10005ff2:	ea4f 0342 	mov.w	r3, r2, lsl #1
10005ff6:	d802      	bhi.n	10005ffe <tu_fifo_write_n+0x9a>
10005ff8:	ebba 0f42 	cmp.w	sl, r2, lsl #1
10005ffc:	db03      	blt.n	10006006 <tu_fifo_write_n+0xa2>
10005ffe:	ebaa 0303 	sub.w	r3, sl, r3
10006002:	fa1f fa83 	uxth.w	sl, r3
10006006:	463d      	mov	r5, r7
10006008:	f8a6 a008 	strh.w	sl, [r6, #8]
1000600c:	e02c      	b.n	10006068 <tu_fifo_write_n+0x104>
1000600e:	f8b6 b006 	ldrh.w	fp, [r6, #6]
10006012:	42af      	cmp	r7, r5
10006014:	f3cb 0b0e 	ubfx	fp, fp, #0, #15
10006018:	d22f      	bcs.n	1000607a <tu_fifo_write_n+0x116>
1000601a:	4590      	cmp	r8, r2
1000601c:	bf36      	itet	cc
1000601e:	ebc2 0145 	rsbcc	r1, r2, r5, lsl #1
10006022:	eba8 0102 	subcs.w	r1, r8, r2
10006026:	4441      	addcc	r1, r8
10006028:	b289      	uxth	r1, r1
1000602a:	0068      	lsls	r0, r5, #1
1000602c:	4439      	add	r1, r7
1000602e:	1b7b      	subs	r3, r7, r5
10006030:	4281      	cmp	r1, r0
10006032:	b29b      	uxth	r3, r3
10006034:	db0d      	blt.n	10006052 <tu_fifo_write_n+0xee>
10006036:	eb02 0a05 	add.w	sl, r2, r5
1000603a:	fa1f fa8a 	uxth.w	sl, sl
1000603e:	ebaa 0807 	sub.w	r8, sl, r7
10006042:	fa1f f888 	uxth.w	r8, r8
10006046:	4542      	cmp	r2, r8
10006048:	d937      	bls.n	100060ba <tu_fifo_write_n+0x156>
1000604a:	eba8 0000 	sub.w	r0, r8, r0
1000604e:	fa1f f880 	uxth.w	r8, r0
10006052:	eb07 0a08 	add.w	sl, r7, r8
10006056:	fa1f fa8a 	uxth.w	sl, sl
1000605a:	e7b5      	b.n	10005fc8 <tu_fifo_write_n+0x64>
1000605c:	4615      	mov	r5, r2
1000605e:	4628      	mov	r0, r5
10006060:	b003      	add	sp, #12
10006062:	e8bd 8ff0 	ldmia.w	sp!, {r4, r5, r6, r7, r8, r9, sl, fp, pc}
10006066:	2500      	movs	r5, #0
10006068:	68f0      	ldr	r0, [r6, #12]
1000606a:	2800      	cmp	r0, #0
1000606c:	d0f7      	beq.n	1000605e <tu_fifo_write_n+0xfa>
1000606e:	f000 fa4b 	bl	10006508 <__mutex_exit_veneer>
10006072:	4628      	mov	r0, r5
10006074:	b003      	add	sp, #12
10006076:	e8bd 8ff0 	ldmia.w	sp!, {r4, r5, r6, r7, r8, r9, sl, fp, pc}
1000607a:	2d00      	cmp	r5, #0
1000607c:	d0f4      	beq.n	10006068 <tu_fifo_write_n+0x104>
1000607e:	1b7f      	subs	r7, r7, r5
10006080:	eb02 0a05 	add.w	sl, r2, r5
10006084:	fb0b 9907 	mla	r9, fp, r7, r9
10006088:	4690      	mov	r8, r2
1000608a:	462f      	mov	r7, r5
1000608c:	2300      	movs	r3, #0
1000608e:	fa1f fa8a 	uxth.w	sl, sl
10006092:	e799      	b.n	10005fc8 <tu_fifo_write_n+0x64>
10006094:	fb15 f50b 	smulbb	r5, r5, fp
10006098:	b2ad      	uxth	r5, r5
1000609a:	462a      	mov	r2, r5
1000609c:	4649      	mov	r1, r9
1000609e:	9301      	str	r3, [sp, #4]
100060a0:	f000 f97c 	bl	1000639c <memcpy>
100060a4:	9b01      	ldr	r3, [sp, #4]
100060a6:	6830      	ldr	r0, [r6, #0]
100060a8:	18e2      	adds	r2, r4, r3
100060aa:	fb12 f20b 	smulbb	r2, r2, fp
100060ae:	eb09 0105 	add.w	r1, r9, r5
100060b2:	b292      	uxth	r2, r2
100060b4:	f000 f972 	bl	1000639c <memcpy>
100060b8:	e799      	b.n	10005fee <tu_fifo_write_n+0x8a>
100060ba:	4540      	cmp	r0, r8
100060bc:	dc84      	bgt.n	10005fc8 <tu_fifo_write_n+0x64>
100060be:	e7c4      	b.n	1000604a <tu_fifo_write_n+0xe6>

100060c0 <tu_fifo_clear>:
100060c0:	b510      	push	{r4, lr}
100060c2:	4604      	mov	r4, r0
100060c4:	68c0      	ldr	r0, [r0, #12]
100060c6:	b118      	cbz	r0, 100060d0 <tu_fifo_clear+0x10>
100060c8:	f04f 31ff 	mov.w	r1, #4294967295	@ 0xffffffff
100060cc:	f000 fa0c 	bl	100064e8 <__mutex_enter_timeout_ms_veneer>
100060d0:	6920      	ldr	r0, [r4, #16]
100060d2:	b118      	cbz	r0, 100060dc <tu_fifo_clear+0x1c>
100060d4:	f04f 31ff 	mov.w	r1, #4294967295	@ 0xffffffff
100060d8:	f000 fa06 	bl	100064e8 <__mutex_enter_timeout_ms_veneer>
100060dc:	2300      	movs	r3, #0
100060de:	68e0      	ldr	r0, [r4, #12]
100060e0:	8163      	strh	r3, [r4, #10]
100060e2:	8123      	strh	r3, [r4, #8]
100060e4:	b108      	cbz	r0, 100060ea <tu_fifo_clear+0x2a>
100060e6:	f000 fa0f 	bl	10006508 <__mutex_exit_veneer>
100060ea:	6920      	ldr	r0, [r4, #16]
100060ec:	b108      	cbz	r0, 100060f2 <tu_fifo_clear+0x32>
100060ee:	f000 fa0b 	bl	10006508 <__mutex_exit_veneer>
100060f2:	2001      	movs	r0, #1
100060f4:	bd10      	pop	{r4, pc}
100060f6:	bf00      	nop

100060f8 <tu_fifo_set_overwritable>:
100060f8:	b538      	push	{r3, r4, r5, lr}
100060fa:	4604      	mov	r4, r0
100060fc:	68c0      	ldr	r0, [r0, #12]
100060fe:	460d      	mov	r5, r1
10006100:	b118      	cbz	r0, 1000610a <tu_fifo_set_overwritable+0x12>
10006102:	f04f 31ff 	mov.w	r1, #4294967295	@ 0xffffffff
10006106:	f000 f9ef 	bl	100064e8 <__mutex_enter_timeout_ms_veneer>
1000610a:	6920      	ldr	r0, [r4, #16]
1000610c:	b118      	cbz	r0, 10006116 <tu_fifo_set_overwritable+0x1e>
1000610e:	f04f 31ff 	mov.w	r1, #4294967295	@ 0xffffffff
10006112:	f000 f9e9 	bl	100064e8 <__mutex_enter_timeout_ms_veneer>
10006116:	79e3      	ldrb	r3, [r4, #7]
10006118:	68e0      	ldr	r0, [r4, #12]
1000611a:	f365 13c7 	bfi	r3, r5, #7, #1
1000611e:	71e3      	strb	r3, [r4, #7]
10006120:	b108      	cbz	r0, 10006126 <tu_fifo_set_overwritable+0x2e>
10006122:	f000 f9f1 	bl	10006508 <__mutex_exit_veneer>
10006126:	6920      	ldr	r0, [r4, #16]
10006128:	b108      	cbz	r0, 1000612e <tu_fifo_set_overwritable+0x36>
1000612a:	f000 f9ed 	bl	10006508 <__mutex_exit_veneer>
1000612e:	2001      	movs	r0, #1
10006130:	bd38      	pop	{r3, r4, r5, pc}
10006132:	bf00      	nop

10006134 <i2c_write_blocking_internal.constprop.0>:
10006134:	e92d 41f0 	stmdb	sp!, {r4, r5, r6, r7, r8, lr}
10006138:	2700      	movs	r7, #0
1000613a:	2401      	movs	r4, #1
1000613c:	4694      	mov	ip, r2
1000613e:	6802      	ldr	r2, [r0, #0]
10006140:	4605      	mov	r5, r0
10006142:	66d7      	str	r7, [r2, #108]	@ 0x6c
10006144:	6051      	str	r1, [r2, #4]
10006146:	66d4      	str	r4, [r2, #108]	@ 0x6c
10006148:	1e1c      	subs	r4, r3, #0
1000614a:	4638      	mov	r0, r7
1000614c:	f89d 6018 	ldrb.w	r6, [sp, #24]
10006150:	dd1e      	ble.n	10006190 <i2c_write_blocking_internal.constprop.0+0x5c>
10006152:	7929      	ldrb	r1, [r5, #4]
10006154:	f086 0701 	eor.w	r7, r6, #1
10006158:	0289      	lsls	r1, r1, #10
1000615a:	027f      	lsls	r7, r7, #9
1000615c:	f104 3eff 	add.w	lr, r4, #4294967295	@ 0xffffffff
10006160:	4570      	cmp	r0, lr
10006162:	bf0c      	ite	eq
10006164:	46b8      	moveq	r8, r7
10006166:	f04f 0800 	movne.w	r8, #0
1000616a:	f81c 3b01 	ldrb.w	r3, [ip], #1
1000616e:	430b      	orrs	r3, r1
10006170:	ea43 0308 	orr.w	r3, r3, r8
10006174:	6113      	str	r3, [r2, #16]
10006176:	6b53      	ldr	r3, [r2, #52]	@ 0x34
10006178:	06d9      	lsls	r1, r3, #27
1000617a:	d5fc      	bpl.n	10006176 <i2c_write_blocking_internal.constprop.0+0x42>
1000617c:	f8d2 1080 	ldr.w	r1, [r2, #128]	@ 0x80
10006180:	b949      	cbnz	r1, 10006196 <i2c_write_blocking_internal.constprop.0+0x62>
10006182:	4570      	cmp	r0, lr
10006184:	d01c      	beq.n	100061c0 <i2c_write_blocking_internal.constprop.0+0x8c>
10006186:	3001      	adds	r0, #1
10006188:	4284      	cmp	r4, r0
1000618a:	f04f 0100 	mov.w	r1, #0
1000618e:	d1e7      	bne.n	10006160 <i2c_write_blocking_internal.constprop.0+0x2c>
10006190:	712e      	strb	r6, [r5, #4]
10006192:	e8bd 81f0 	ldmia.w	sp!, {r4, r5, r6, r7, r8, pc}
10006196:	f04f 0801 	mov.w	r8, #1
1000619a:	6d53      	ldr	r3, [r2, #84]	@ 0x54
1000619c:	6b53      	ldr	r3, [r2, #52]	@ 0x34
1000619e:	059b      	lsls	r3, r3, #22
100061a0:	d5fc      	bpl.n	1000619c <i2c_write_blocking_internal.constprop.0+0x68>
100061a2:	6e13      	ldr	r3, [r2, #96]	@ 0x60
100061a4:	f1b8 0f00 	cmp.w	r8, #0
100061a8:	d0ed      	beq.n	10006186 <i2c_write_blocking_internal.constprop.0+0x52>
100061aa:	b169      	cbz	r1, 100061c8 <i2c_write_blocking_internal.constprop.0+0x94>
100061ac:	07cb      	lsls	r3, r1, #31
100061ae:	d40b      	bmi.n	100061c8 <i2c_write_blocking_internal.constprop.0+0x94>
100061b0:	f011 0f08 	tst.w	r1, #8
100061b4:	bf08      	it	eq
100061b6:	f04f 30ff 	moveq.w	r0, #4294967295	@ 0xffffffff
100061ba:	712e      	strb	r6, [r5, #4]
100061bc:	e8bd 81f0 	ldmia.w	sp!, {r4, r5, r6, r7, r8, pc}
100061c0:	2e00      	cmp	r6, #0
100061c2:	d1e0      	bne.n	10006186 <i2c_write_blocking_internal.constprop.0+0x52>
100061c4:	46b0      	mov	r8, r6
100061c6:	e7e9      	b.n	1000619c <i2c_write_blocking_internal.constprop.0+0x68>
100061c8:	f04f 30ff 	mov.w	r0, #4294967295	@ 0xffffffff
100061cc:	e7e0      	b.n	10006190 <i2c_write_blocking_internal.constprop.0+0x5c>
100061ce:	bf00      	nop

100061d0 <i2c_set_baudrate>:
100061d0:	b5f8      	push	{r3, r4, r5, r6, r7, lr}
100061d2:	4604      	mov	r4, r0
100061d4:	2005      	movs	r0, #5
100061d6:	460f      	mov	r7, r1
100061d8:	f7fb fb1c 	bl	10001814 <clock_get_hz>
100061dc:	eb00 0c57 	add.w	ip, r0, r7, lsr #1
100061e0:	fbbc fcf7 	udiv	ip, ip, r7
100061e4:	4d20      	ldr	r5, [pc, #128]	@ (10006268 <i2c_set_baudrate+0x98>)
100061e6:	eb0c 024c 	add.w	r2, ip, ip, lsl #1
100061ea:	fba5 6502 	umull	r6, r5, r5, r2
100061ee:	491f      	ldr	r1, [pc, #124]	@ (1000626c <i2c_set_baudrate+0x9c>)
100061f0:	08ae      	lsrs	r6, r5, #2
100061f2:	428f      	cmp	r7, r1
100061f4:	eb00 0340 	add.w	r3, r0, r0, lsl #1
100061f8:	ebac 0595 	sub.w	r5, ip, r5, lsr #2
100061fc:	d82e      	bhi.n	1000625c <i2c_set_baudrate+0x8c>
100061fe:	f101 41d6 	add.w	r1, r1, #1795162112	@ 0x6b000000
10006202:	f501 01a1 	add.w	r1, r1, #5275648	@ 0x508000
10006206:	f601 012c 	addw	r1, r1, #2092	@ 0x82c
1000620a:	fba1 1303 	umull	r1, r3, r1, r3
1000620e:	0d9b      	lsrs	r3, r3, #22
10006210:	3301      	adds	r3, #1
10006212:	2100      	movs	r1, #0
10006214:	2a4f      	cmp	r2, #79	@ 0x4f
10006216:	bf98      	it	ls
10006218:	2201      	movls	r2, #1
1000621a:	6824      	ldr	r4, [r4, #0]
1000621c:	fbb0 f0fc 	udiv	r0, r0, ip
10006220:	66e1      	str	r1, [r4, #108]	@ 0x6c
10006222:	6821      	ldr	r1, [r4, #0]
10006224:	f504 5780 	add.w	r7, r4, #4096	@ 0x1000
10006228:	f081 0104 	eor.w	r1, r1, #4
1000622c:	f001 0106 	and.w	r1, r1, #6
10006230:	6039      	str	r1, [r7, #0]
10006232:	bf88      	it	hi
10006234:	490c      	ldrhi	r1, [pc, #48]	@ (10006268 <i2c_set_baudrate+0x98>)
10006236:	61e5      	str	r5, [r4, #28]
10006238:	bf84      	itt	hi
1000623a:	fba1 1202 	umullhi	r1, r2, r1, r2
1000623e:	0992      	lsrhi	r2, r2, #6
10006240:	6226      	str	r6, [r4, #32]
10006242:	f8c4 20a0 	str.w	r2, [r4, #160]	@ 0xa0
10006246:	4622      	mov	r2, r4
10006248:	2101      	movs	r1, #1
1000624a:	f852 5f7c 	ldr.w	r5, [r2, #124]!
1000624e:	406b      	eors	r3, r5
10006250:	b29b      	uxth	r3, r3
10006252:	f502 5280 	add.w	r2, r2, #4096	@ 0x1000
10006256:	6013      	str	r3, [r2, #0]
10006258:	66e1      	str	r1, [r4, #108]	@ 0x6c
1000625a:	bdf8      	pop	{r3, r4, r5, r6, r7, pc}
1000625c:	4904      	ldr	r1, [pc, #16]	@ (10006270 <i2c_set_baudrate+0xa0>)
1000625e:	fba1 1303 	umull	r1, r3, r1, r3
10006262:	0ddb      	lsrs	r3, r3, #23
10006264:	3301      	adds	r3, #1
10006266:	e7d4      	b.n	10006212 <i2c_set_baudrate+0x42>
10006268:	cccccccd 	.word	0xcccccccd
1000626c:	000f423f 	.word	0x000f423f
10006270:	55e63b89 	.word	0x55e63b89

10006274 <i2c_init>:
10006274:	4a0e      	ldr	r2, [pc, #56]	@ (100062b0 <i2c_init+0x3c>)
10006276:	b430      	push	{r4, r5}
10006278:	4290      	cmp	r0, r2
1000627a:	bf14      	ite	ne
1000627c:	2220      	movne	r2, #32
1000627e:	2210      	moveq	r2, #16
10006280:	4d0c      	ldr	r5, [pc, #48]	@ (100062b4 <i2c_init+0x40>)
10006282:	4b0d      	ldr	r3, [pc, #52]	@ (100062b8 <i2c_init+0x44>)
10006284:	4c0d      	ldr	r4, [pc, #52]	@ (100062bc <i2c_init+0x48>)
10006286:	602a      	str	r2, [r5, #0]
10006288:	601a      	str	r2, [r3, #0]
1000628a:	68a3      	ldr	r3, [r4, #8]
1000628c:	ea32 0303 	bics.w	r3, r2, r3
10006290:	d1fb      	bne.n	1000628a <i2c_init+0x16>
10006292:	f240 1565 	movw	r5, #357	@ 0x165
10006296:	2403      	movs	r4, #3
10006298:	6802      	ldr	r2, [r0, #0]
1000629a:	7103      	strb	r3, [r0, #4]
1000629c:	66d3      	str	r3, [r2, #108]	@ 0x6c
1000629e:	6015      	str	r5, [r2, #0]
100062a0:	63d3      	str	r3, [r2, #60]	@ 0x3c
100062a2:	6393      	str	r3, [r2, #56]	@ 0x38
100062a4:	f8c2 4088 	str.w	r4, [r2, #136]	@ 0x88
100062a8:	bc30      	pop	{r4, r5}
100062aa:	f7ff bf91 	b.w	100061d0 <i2c_set_baudrate>
100062ae:	bf00      	nop
100062b0:	20001594 	.word	0x20001594
100062b4:	40022000 	.word	0x40022000
100062b8:	40023000 	.word	0x40023000
100062bc:	40020000 	.word	0x40020000

100062c0 <i2c_write_blocking>:
100062c0:	b410      	push	{r4}
100062c2:	f89d 4004 	ldrb.w	r4, [sp, #4]
100062c6:	9401      	str	r4, [sp, #4]
100062c8:	f85d 4b04 	ldr.w	r4, [sp], #4
100062cc:	f7ff bf32 	b.w	10006134 <i2c_write_blocking_internal.constprop.0>

100062d0 <adc_init>:
100062d0:	2301      	movs	r3, #1
100062d2:	4807      	ldr	r0, [pc, #28]	@ (100062f0 <adc_init+0x20>)
100062d4:	4907      	ldr	r1, [pc, #28]	@ (100062f4 <adc_init+0x24>)
100062d6:	4a08      	ldr	r2, [pc, #32]	@ (100062f8 <adc_init+0x28>)
100062d8:	6003      	str	r3, [r0, #0]
100062da:	600b      	str	r3, [r1, #0]
100062dc:	6893      	ldr	r3, [r2, #8]
100062de:	07d9      	lsls	r1, r3, #31
100062e0:	d5fc      	bpl.n	100062dc <adc_init+0xc>
100062e2:	2301      	movs	r3, #1
100062e4:	4a05      	ldr	r2, [pc, #20]	@ (100062fc <adc_init+0x2c>)
100062e6:	6013      	str	r3, [r2, #0]
100062e8:	6813      	ldr	r3, [r2, #0]
100062ea:	05db      	lsls	r3, r3, #23
100062ec:	d5fc      	bpl.n	100062e8 <adc_init+0x18>
100062ee:	4770      	bx	lr
100062f0:	40022000 	.word	0x40022000
100062f4:	40023000 	.word	0x40023000
100062f8:	40020000 	.word	0x40020000
100062fc:	400a0000 	.word	0x400a0000

10006300 <memset>:
10006300:	0783      	lsls	r3, r0, #30
10006302:	b530      	push	{r4, r5, lr}
10006304:	d046      	beq.n	10006394 <memset+0x94>
10006306:	1884      	adds	r4, r0, r2
10006308:	4684      	mov	ip, r0
1000630a:	e004      	b.n	10006316 <memset+0x16>
1000630c:	f803 1b01 	strb.w	r1, [r3], #1
10006310:	079d      	lsls	r5, r3, #30
10006312:	d004      	beq.n	1000631e <memset+0x1e>
10006314:	469c      	mov	ip, r3
10006316:	45a4      	cmp	ip, r4
10006318:	4663      	mov	r3, ip
1000631a:	d1f7      	bne.n	1000630c <memset+0xc>
1000631c:	bd30      	pop	{r4, r5, pc}
1000631e:	3a01      	subs	r2, #1
10006320:	4402      	add	r2, r0
10006322:	eba2 020c 	sub.w	r2, r2, ip
10006326:	2a03      	cmp	r2, #3
10006328:	d929      	bls.n	1000637e <memset+0x7e>
1000632a:	b2cc      	uxtb	r4, r1
1000632c:	2a0f      	cmp	r2, #15
1000632e:	eb04 2404 	add.w	r4, r4, r4, lsl #8
10006332:	eb04 4404 	add.w	r4, r4, r4, lsl #16
10006336:	d92f      	bls.n	10006398 <memset+0x98>
10006338:	f1a2 0c10 	sub.w	ip, r2, #16
1000633c:	f103 0510 	add.w	r5, r3, #16
10006340:	f02c 0c0f 	bic.w	ip, ip, #15
10006344:	44ac      	add	ip, r5
10006346:	e9c3 4400 	strd	r4, r4, [r3]
1000634a:	e9c3 4402 	strd	r4, r4, [r3, #8]
1000634e:	3310      	adds	r3, #16
10006350:	4563      	cmp	r3, ip
10006352:	d1f8      	bne.n	10006346 <memset+0x46>
10006354:	f012 0f0c 	tst.w	r2, #12
10006358:	f002 0e0f 	and.w	lr, r2, #15
1000635c:	d018      	beq.n	10006390 <memset+0x90>
1000635e:	f02e 0c03 	bic.w	ip, lr, #3
10006362:	f1ae 0504 	sub.w	r5, lr, #4
10006366:	461a      	mov	r2, r3
10006368:	449c      	add	ip, r3
1000636a:	f842 4b04 	str.w	r4, [r2], #4
1000636e:	4562      	cmp	r2, ip
10006370:	d1fb      	bne.n	1000636a <memset+0x6a>
10006372:	f025 0403 	bic.w	r4, r5, #3
10006376:	3304      	adds	r3, #4
10006378:	f00e 0203 	and.w	r2, lr, #3
1000637c:	4423      	add	r3, r4
1000637e:	2a00      	cmp	r2, #0
10006380:	d0cc      	beq.n	1000631c <memset+0x1c>
10006382:	b2c9      	uxtb	r1, r1
10006384:	441a      	add	r2, r3
10006386:	f803 1b01 	strb.w	r1, [r3], #1
1000638a:	4293      	cmp	r3, r2
1000638c:	d1fb      	bne.n	10006386 <memset+0x86>
1000638e:	bd30      	pop	{r4, r5, pc}
10006390:	4672      	mov	r2, lr
10006392:	e7f4      	b.n	1000637e <memset+0x7e>
10006394:	4603      	mov	r3, r0
10006396:	e7c6      	b.n	10006326 <memset+0x26>
10006398:	4696      	mov	lr, r2
1000639a:	e7e0      	b.n	1000635e <memset+0x5e>

1000639c <memcpy>:
1000639c:	4684      	mov	ip, r0
1000639e:	ea41 0300 	orr.w	r3, r1, r0
100063a2:	f013 0303 	ands.w	r3, r3, #3
100063a6:	d149      	bne.n	1000643c <memcpy+0xa0>
100063a8:	3a40      	subs	r2, #64	@ 0x40
100063aa:	d323      	bcc.n	100063f4 <memcpy+0x58>
100063ac:	680b      	ldr	r3, [r1, #0]
100063ae:	6003      	str	r3, [r0, #0]
100063b0:	684b      	ldr	r3, [r1, #4]
100063b2:	6043      	str	r3, [r0, #4]
100063b4:	688b      	ldr	r3, [r1, #8]
100063b6:	6083      	str	r3, [r0, #8]
100063b8:	68cb      	ldr	r3, [r1, #12]
100063ba:	60c3      	str	r3, [r0, #12]
100063bc:	690b      	ldr	r3, [r1, #16]
100063be:	6103      	str	r3, [r0, #16]
100063c0:	694b      	ldr	r3, [r1, #20]
100063c2:	6143      	str	r3, [r0, #20]
100063c4:	698b      	ldr	r3, [r1, #24]
100063c6:	6183      	str	r3, [r0, #24]
100063c8:	69cb      	ldr	r3, [r1, #28]
100063ca:	61c3      	str	r3, [r0, #28]
100063cc:	6a0b      	ldr	r3, [r1, #32]
100063ce:	6203      	str	r3, [r0, #32]
100063d0:	6a4b      	ldr	r3, [r1, #36]	@ 0x24
100063d2:	6243      	str	r3, [r0, #36]	@ 0x24
100063d4:	6a8b      	ldr	r3, [r1, #40]	@ 0x28
100063d6:	6283      	str	r3, [r0, #40]	@ 0x28
100063d8:	6acb      	ldr	r3, [r1, #44]	@ 0x2c
100063da:	62c3      	str	r3, [r0, #44]	@ 0x2c
100063dc:	6b0b      	ldr	r3, [r1, #48]	@ 0x30
100063de:	6303      	str	r3, [r0, #48]	@ 0x30
100063e0:	6b4b      	ldr	r3, [r1, #52]	@ 0x34
100063e2:	6343      	str	r3, [r0, #52]	@ 0x34
100063e4:	6b8b      	ldr	r3, [r1, #56]	@ 0x38
100063e6:	6383      	str	r3, [r0, #56]	@ 0x38
100063e8:	6bcb      	ldr	r3, [r1, #60]	@ 0x3c
100063ea:	63c3      	str	r3, [r0, #60]	@ 0x3c
100063ec:	3040      	adds	r0, #64	@ 0x40
100063ee:	3140      	adds	r1, #64	@ 0x40
100063f0:	3a40      	subs	r2, #64	@ 0x40
100063f2:	d2db      	bcs.n	100063ac <memcpy+0x10>
100063f4:	3230      	adds	r2, #48	@ 0x30
100063f6:	d30b      	bcc.n	10006410 <memcpy+0x74>
100063f8:	680b      	ldr	r3, [r1, #0]
100063fa:	6003      	str	r3, [r0, #0]
100063fc:	684b      	ldr	r3, [r1, #4]
100063fe:	6043      	str	r3, [r0, #4]
10006400:	688b      	ldr	r3, [r1, #8]
10006402:	6083      	str	r3, [r0, #8]
10006404:	68cb      	ldr	r3, [r1, #12]
10006406:	60c3      	str	r3, [r0, #12]
10006408:	3010      	adds	r0, #16
1000640a:	3110      	adds	r1, #16
1000640c:	3a10      	subs	r2, #16
1000640e:	d2f3      	bcs.n	100063f8 <memcpy+0x5c>
10006410:	320c      	adds	r2, #12
10006412:	d305      	bcc.n	10006420 <memcpy+0x84>
10006414:	f851 3b04 	ldr.w	r3, [r1], #4
10006418:	f840 3b04 	str.w	r3, [r0], #4
1000641c:	3a04      	subs	r2, #4
1000641e:	d2f9      	bcs.n	10006414 <memcpy+0x78>
10006420:	3204      	adds	r2, #4
10006422:	d008      	beq.n	10006436 <memcpy+0x9a>
10006424:	07d2      	lsls	r2, r2, #31
10006426:	bf1c      	itt	ne
10006428:	f811 3b01 	ldrbne.w	r3, [r1], #1
1000642c:	f800 3b01 	strbne.w	r3, [r0], #1
10006430:	d301      	bcc.n	10006436 <memcpy+0x9a>
10006432:	880b      	ldrh	r3, [r1, #0]
10006434:	8003      	strh	r3, [r0, #0]
10006436:	4660      	mov	r0, ip
10006438:	4770      	bx	lr
1000643a:	bf00      	nop
1000643c:	2a08      	cmp	r2, #8
1000643e:	d313      	bcc.n	10006468 <memcpy+0xcc>
10006440:	078b      	lsls	r3, r1, #30
10006442:	d0b1      	beq.n	100063a8 <memcpy+0xc>
10006444:	f010 0303 	ands.w	r3, r0, #3
10006448:	d0ae      	beq.n	100063a8 <memcpy+0xc>
1000644a:	f1c3 0304 	rsb	r3, r3, #4
1000644e:	1ad2      	subs	r2, r2, r3
10006450:	07db      	lsls	r3, r3, #31
10006452:	bf1c      	itt	ne
10006454:	f811 3b01 	ldrbne.w	r3, [r1], #1
10006458:	f800 3b01 	strbne.w	r3, [r0], #1
1000645c:	d3a4      	bcc.n	100063a8 <memcpy+0xc>
1000645e:	f831 3b02 	ldrh.w	r3, [r1], #2
10006462:	f820 3b02 	strh.w	r3, [r0], #2
10006466:	e79f      	b.n	100063a8 <memcpy+0xc>
10006468:	3a04      	subs	r2, #4
1000646a:	d3d9      	bcc.n	10006420 <memcpy+0x84>
1000646c:	3a01      	subs	r2, #1
1000646e:	f811 3b01 	ldrb.w	r3, [r1], #1
10006472:	f800 3b01 	strb.w	r3, [r0], #1
10006476:	d2f9      	bcs.n	1000646c <memcpy+0xd0>
10006478:	780b      	ldrb	r3, [r1, #0]
1000647a:	7003      	strb	r3, [r0, #0]
1000647c:	784b      	ldrb	r3, [r1, #1]
1000647e:	7043      	strb	r3, [r0, #1]
10006480:	788b      	ldrb	r3, [r1, #2]
10006482:	7083      	strb	r3, [r0, #2]
10006484:	4660      	mov	r0, ip
10006486:	4770      	bx	lr

10006488 <strlen>:
10006488:	f020 0103 	bic.w	r1, r0, #3
1000648c:	f010 0003 	ands.w	r0, r0, #3
10006490:	f1c0 0000 	rsb	r0, r0, #0
10006494:	f851 3b04 	ldr.w	r3, [r1], #4
10006498:	f100 0c04 	add.w	ip, r0, #4
1000649c:	ea4f 0ccc 	mov.w	ip, ip, lsl #3
100064a0:	f06f 0200 	mvn.w	r2, #0
100064a4:	bf1c      	itt	ne
100064a6:	fa22 f20c 	lsrne.w	r2, r2, ip
100064aa:	4313      	orrne	r3, r2
100064ac:	f04f 0c01 	mov.w	ip, #1
100064b0:	ea4c 2c0c 	orr.w	ip, ip, ip, lsl #8
100064b4:	ea4c 4c0c 	orr.w	ip, ip, ip, lsl #16
100064b8:	eba3 020c 	sub.w	r2, r3, ip
100064bc:	ea22 0203 	bic.w	r2, r2, r3
100064c0:	ea12 12cc 	ands.w	r2, r2, ip, lsl #7
100064c4:	bf04      	itt	eq
100064c6:	f851 3b04 	ldreq.w	r3, [r1], #4
100064ca:	3004      	addeq	r0, #4
100064cc:	d0f4      	beq.n	100064b8 <strlen+0x30>
100064ce:	f1c2 0100 	rsb	r1, r2, #0
100064d2:	ea02 0201 	and.w	r2, r2, r1
100064d6:	fab2 f282 	clz	r2, r2
100064da:	f1c2 021f 	rsb	r2, r2, #31
100064de:	eb00 00d2 	add.w	r0, r0, r2, lsr #3
100064e2:	4770      	bx	lr

100064e4 <_fini>:
100064e4:	b5f8      	push	{r3, r4, r5, r6, r7, lr}
100064e6:	bf00      	nop

100064e8 <__mutex_enter_timeout_ms_veneer>:
100064e8:	f85f f000 	ldr.w	pc, [pc]	@ 100064ec <__mutex_enter_timeout_ms_veneer+0x4>
100064ec:	20000235 	.word	0x20000235

100064f0 <__hw_endpoint_start_next_buffer_veneer>:
100064f0:	f85f f000 	ldr.w	pc, [pc]	@ 100064f4 <__hw_endpoint_start_next_buffer_veneer+0x4>
100064f4:	20000b0d 	.word	0x20000b0d

100064f8 <____aeabi_f2d_veneer>:
100064f8:	f85f f000 	ldr.w	pc, [pc]	@ 100064fc <____aeabi_f2d_veneer+0x4>
100064fc:	20001099 	.word	0x20001099

10006500 <____aeabi_uldivmod_veneer>:
10006500:	f85f f000 	ldr.w	pc, [pc]	@ 10006504 <____aeabi_uldivmod_veneer+0x4>
10006504:	20001149 	.word	0x20001149

10006508 <__mutex_exit_veneer>:
10006508:	f85f f000 	ldr.w	pc, [pc]	@ 1000650c <__mutex_exit_veneer+0x4>
1000650c:	2000026d 	.word	0x2000026d

10006510 <__e15_is_critical_frame_period_veneer>:
10006510:	f85f f000 	ldr.w	pc, [pc]	@ 10006514 <__e15_is_critical_frame_period_veneer+0x4>
10006514:	20000a95 	.word	0x20000a95

10006518 <___hw_endpoint_buffer_control_update32_veneer>:
10006518:	f85f f000 	ldr.w	pc, [pc]	@ 1000651c <___hw_endpoint_buffer_control_update32_veneer+0x4>
1000651c:	20000ac9 	.word	0x20000ac9

10006520 <__mutex_try_enter_block_until_veneer>:
10006520:	f85f f000 	ldr.w	pc, [pc]	@ 10006524 <__mutex_try_enter_block_until_veneer+0x4>
10006524:	200001cd 	.word	0x200001cd

10006528 <__reset_non_control_endpoints_veneer>:
10006528:	f85f f000 	ldr.w	pc, [pc]	@ 1000652c <__reset_non_control_endpoints_veneer+0x4>
1000652c:	200002a9 	.word	0x200002a9

10006530 <__e15_is_bulkin_ep_veneer>:
10006530:	f85f f000 	ldr.w	pc, [pc]	@ 10006534 <__e15_is_bulkin_ep_veneer+0x4>
10006534:	20000a6d 	.word	0x20000a6d

10006538 <__mutex_try_enter_veneer>:
10006538:	f85f f000 	ldr.w	pc, [pc]	@ 1000653c <__mutex_try_enter_veneer+0x4>
1000653c:	20000111 	.word	0x20000111

10006540 <__pre_init_runtime_init_bootrom_reset>:
10006540:	10001ae1                                ....

10006544 <__pre_init_runtime_init_early_resets>:
10006544:	10001a55                                U...

10006548 <__pre_init_runtime_init_usb_power_down>:
10006548:	10001a89                                ....

1000654c <__pre_init_runtime_init_clocks>:
1000654c:	10001b75                                u...

10006550 <__pre_init_runtime_init_post_clock_resets>:
10006550:	10001ac1                                ....

10006554 <__pre_init_runtime_init_boot_locks_reset>:
10006554:	100019d9                                ....

10006558 <__pre_init_runtime_init_spin_locks_reset>:
10006558:	10001b09                                ....

1000655c <__pre_init_runtime_init_bootrom_locking_enable>:
1000655c:	100019c5                                ....

10006560 <__pre_init_runtime_init_mutex>:
10006560:	10000e39                                9...

10006564 <__pre_init_runtime_init_install_ram_vector_table>:
10006564:	10001b0d                                ....

10006568 <__pre_init_runtime_init_default_alarm_pool>:
10006568:	100011f9                                ....

1000656c <__pre_init_first_per_core_initializer>:
1000656c:	10001a25                                %...

10006570 <__pre_init_runtime_init_per_core_bootrom_reset>:
10006570:	10001af5                                ....

10006574 <__pre_init_runtime_init_per_core_enable_coprocessors>:
10006574:	10001aa5                                ....

10006578 <__pre_init_spinlock_set_extexclall>:
10006578:	10000a15                                ....

1000657c <__pre_init_runtime_init_per_core_irq_priorities>:
1000657c:	10000a3d                                =...

10006580 <__init_array_start>:
10006580:	10003fc9 	.word	0x10003fc9

10006584 <__frame_dummy_init_array_entry>:
10006584:	10000211                                ....

Disassembly of section .data:

20000110 <mutex_try_enter>:
20000110:	4603      	mov	r3, r0
20000112:	b500      	push	{lr}
20000114:	6802      	ldr	r2, [r0, #0]
20000116:	f3ef 8c10 	mrs	ip, PRIMASK
2000011a:	b672      	cpsid	i
2000011c:	e8d2 efcf 	ldaexb	lr, [r2]
20000120:	2001      	movs	r0, #1
20000122:	f1be 0f00 	cmp.w	lr, #0
20000126:	d1f9      	bne.n	2000011c <mutex_try_enter+0xc>
20000128:	e8c2 0f4e 	strexb	lr, r0, [r2]
2000012c:	f1be 0f00 	cmp.w	lr, #0
20000130:	d1f4      	bne.n	2000011c <mutex_try_enter+0xc>
20000132:	f3bf 8f5f 	dmb	sy
20000136:	f993 2004 	ldrsb.w	r2, [r3, #4]
2000013a:	2a00      	cmp	r2, #0
2000013c:	db0a      	blt.n	20000154 <mutex_try_enter+0x44>
2000013e:	b101      	cbz	r1, 20000142 <mutex_try_enter+0x32>
20000140:	600a      	str	r2, [r1, #0]
20000142:	2000      	movs	r0, #0
20000144:	2200      	movs	r2, #0
20000146:	681b      	ldr	r3, [r3, #0]
20000148:	e8c3 2f8f 	stlb	r2, [r3]
2000014c:	f38c 8810 	msr	PRIMASK, ip
20000150:	f85d fb04 	ldr.w	pc, [sp], #4
20000154:	f04f 4250 	mov.w	r2, #3489660928	@ 0xd0000000
20000158:	6812      	ldr	r2, [r2, #0]
2000015a:	2001      	movs	r0, #1
2000015c:	711a      	strb	r2, [r3, #4]
2000015e:	e7f1      	b.n	20000144 <mutex_try_enter+0x34>

20000160 <mutex_enter_block_until>:
20000160:	f04f 4150 	mov.w	r1, #3489660928	@ 0xd0000000
20000164:	e92d 41f0 	stmdb	sp!, {r4, r5, r6, r7, r8, lr}
20000168:	2700      	movs	r7, #0
2000016a:	4604      	mov	r4, r0
2000016c:	4616      	mov	r6, r2
2000016e:	461d      	mov	r5, r3
20000170:	f8d1 8000 	ldr.w	r8, [r1]
20000174:	e008      	b.n	20000188 <mutex_enter_block_until+0x28>
20000176:	e8c1 7f8f 	stlb	r7, [r1]
2000017a:	f38c 8810 	msr	PRIMASK, ip
2000017e:	4630      	mov	r0, r6
20000180:	4629      	mov	r1, r5
20000182:	f001 f9ad 	bl	200014e0 <__best_effort_wfe_or_timeout_veneer>
20000186:	b9e8      	cbnz	r0, 200001c4 <mutex_enter_block_until+0x64>
20000188:	6821      	ldr	r1, [r4, #0]
2000018a:	f3ef 8c10 	mrs	ip, PRIMASK
2000018e:	b672      	cpsid	i
20000190:	e8d1 2fcf 	ldaexb	r2, [r1]
20000194:	2301      	movs	r3, #1
20000196:	2a00      	cmp	r2, #0
20000198:	d1fa      	bne.n	20000190 <mutex_enter_block_until+0x30>
2000019a:	e8c1 3f42 	strexb	r2, r3, [r1]
2000019e:	2a00      	cmp	r2, #0
200001a0:	d1f6      	bne.n	20000190 <mutex_enter_block_until+0x30>
200001a2:	f3bf 8f5f 	dmb	sy
200001a6:	f994 3004 	ldrsb.w	r3, [r4, #4]
200001aa:	6821      	ldr	r1, [r4, #0]
200001ac:	2b00      	cmp	r3, #0
200001ae:	dae2      	bge.n	20000176 <mutex_enter_block_until+0x16>
200001b0:	2300      	movs	r3, #0
200001b2:	f884 8004 	strb.w	r8, [r4, #4]
200001b6:	e8c1 3f8f 	stlb	r3, [r1]
200001ba:	f38c 8810 	msr	PRIMASK, ip
200001be:	2001      	movs	r0, #1
200001c0:	e8bd 81f0 	ldmia.w	sp!, {r4, r5, r6, r7, r8, pc}
200001c4:	2000      	movs	r0, #0
200001c6:	e8bd 81f0 	ldmia.w	sp!, {r4, r5, r6, r7, r8, pc}
200001ca:	bf00      	nop

200001cc <mutex_try_enter_block_until>:
200001cc:	b530      	push	{r4, r5, lr}
200001ce:	6804      	ldr	r4, [r0, #0]
200001d0:	f3ef 8c10 	mrs	ip, PRIMASK
200001d4:	b672      	cpsid	i
200001d6:	e8d4 efcf 	ldaexb	lr, [r4]
200001da:	2501      	movs	r5, #1
200001dc:	f1be 0f00 	cmp.w	lr, #0
200001e0:	d1f9      	bne.n	200001d6 <mutex_try_enter_block_until+0xa>
200001e2:	e8c4 5f4e 	strexb	lr, r5, [r4]
200001e6:	f1be 0f00 	cmp.w	lr, #0
200001ea:	d1f4      	bne.n	200001d6 <mutex_try_enter_block_until+0xa>
200001ec:	f3bf 8f5f 	dmb	sy
200001f0:	f990 4004 	ldrsb.w	r4, [r0, #4]
200001f4:	6805      	ldr	r5, [r0, #0]
200001f6:	2c00      	cmp	r4, #0
200001f8:	db10      	blt.n	2000021c <mutex_try_enter_block_until+0x50>
200001fa:	2100      	movs	r1, #0
200001fc:	e8c5 1f8f 	stlb	r1, [r5]
20000200:	f38c 8810 	msr	PRIMASK, ip
20000204:	f04f 4550 	mov.w	r5, #3489660928	@ 0xd0000000
20000208:	f995 5000 	ldrsb.w	r5, [r5]
2000020c:	42a5      	cmp	r5, r4
2000020e:	d101      	bne.n	20000214 <mutex_try_enter_block_until+0x48>
20000210:	4608      	mov	r0, r1
20000212:	bd30      	pop	{r4, r5, pc}
20000214:	e8bd 4030 	ldmia.w	sp!, {r4, r5, lr}
20000218:	f7ff bfa2 	b.w	20000160 <mutex_enter_block_until>
2000021c:	f04f 4250 	mov.w	r2, #3489660928	@ 0xd0000000
20000220:	6812      	ldr	r2, [r2, #0]
20000222:	2300      	movs	r3, #0
20000224:	7102      	strb	r2, [r0, #4]
20000226:	e8c5 3f8f 	stlb	r3, [r5]
2000022a:	f38c 8810 	msr	PRIMASK, ip
2000022e:	2001      	movs	r0, #1
20000230:	bd30      	pop	{r4, r5, pc}
20000232:	bf00      	nop

20000234 <mutex_enter_timeout_ms>:
20000234:	b570      	push	{r4, r5, r6, lr}
20000236:	4605      	mov	r5, r0
20000238:	460c      	mov	r4, r1
2000023a:	f001 f955 	bl	200014e8 <__time_us_64_veneer>
2000023e:	4602      	mov	r2, r0
20000240:	460b      	mov	r3, r1
20000242:	f44f 707a 	mov.w	r0, #1000	@ 0x3e8
20000246:	f04f 3eff 	mov.w	lr, #4294967295	@ 0xffffffff
2000024a:	f06f 4c00 	mvn.w	ip, #2147483648	@ 0x80000000
2000024e:	fbe4 2300 	umlal	r2, r3, r4, r0
20000252:	4596      	cmp	lr, r2
20000254:	eb7c 0103 	sbcs.w	r1, ip, r3
20000258:	bf38      	it	cc
2000025a:	4672      	movcc	r2, lr
2000025c:	4628      	mov	r0, r5
2000025e:	e8bd 4070 	ldmia.w	sp!, {r4, r5, r6, lr}
20000262:	bf38      	it	cc
20000264:	4663      	movcc	r3, ip
20000266:	f7ff bf7b 	b.w	20000160 <mutex_enter_block_until>
2000026a:	bf00      	nop

2000026c <mutex_exit>:
2000026c:	6803      	ldr	r3, [r0, #0]
2000026e:	f3ef 8210 	mrs	r2, PRIMASK
20000272:	b672      	cpsid	i
20000274:	e8d3 cfcf 	ldaexb	ip, [r3]
20000278:	2101      	movs	r1, #1
2000027a:	f1bc 0f00 	cmp.w	ip, #0
2000027e:	d1f9      	bne.n	20000274 <mutex_exit+0x8>
20000280:	e8c3 1f4c 	strexb	ip, r1, [r3]
20000284:	f1bc 0f00 	cmp.w	ip, #0
20000288:	d1f4      	bne.n	20000274 <mutex_exit+0x8>
2000028a:	f3bf 8f5f 	dmb	sy
2000028e:	f04f 0cff 	mov.w	ip, #255	@ 0xff
20000292:	2300      	movs	r3, #0
20000294:	6801      	ldr	r1, [r0, #0]
20000296:	f880 c004 	strb.w	ip, [r0, #4]
2000029a:	e8c1 3f8f 	stlb	r3, [r1]
2000029e:	f382 8810 	msr	PRIMASK, r2
200002a2:	bf40      	sev
200002a4:	4770      	bx	lr
200002a6:	bf00      	nop

200002a8 <reset_non_control_endpoints>:
200002a8:	2100      	movs	r1, #0
200002aa:	b508      	push	{r3, lr}
200002ac:	4b13      	ldr	r3, [pc, #76]	@ (200002fc <reset_non_control_endpoints+0x54>)
200002ae:	f44f 7270 	mov.w	r2, #960	@ 0x3c0
200002b2:	6099      	str	r1, [r3, #8]
200002b4:	4812      	ldr	r0, [pc, #72]	@ (20000300 <reset_non_control_endpoints+0x58>)
200002b6:	60d9      	str	r1, [r3, #12]
200002b8:	6119      	str	r1, [r3, #16]
200002ba:	6159      	str	r1, [r3, #20]
200002bc:	6199      	str	r1, [r3, #24]
200002be:	61d9      	str	r1, [r3, #28]
200002c0:	6219      	str	r1, [r3, #32]
200002c2:	6259      	str	r1, [r3, #36]	@ 0x24
200002c4:	6299      	str	r1, [r3, #40]	@ 0x28
200002c6:	62d9      	str	r1, [r3, #44]	@ 0x2c
200002c8:	6319      	str	r1, [r3, #48]	@ 0x30
200002ca:	6359      	str	r1, [r3, #52]	@ 0x34
200002cc:	6399      	str	r1, [r3, #56]	@ 0x38
200002ce:	63d9      	str	r1, [r3, #60]	@ 0x3c
200002d0:	6419      	str	r1, [r3, #64]	@ 0x40
200002d2:	6459      	str	r1, [r3, #68]	@ 0x44
200002d4:	6499      	str	r1, [r3, #72]	@ 0x48
200002d6:	64d9      	str	r1, [r3, #76]	@ 0x4c
200002d8:	6519      	str	r1, [r3, #80]	@ 0x50
200002da:	6559      	str	r1, [r3, #84]	@ 0x54
200002dc:	6599      	str	r1, [r3, #88]	@ 0x58
200002de:	65d9      	str	r1, [r3, #92]	@ 0x5c
200002e0:	6619      	str	r1, [r3, #96]	@ 0x60
200002e2:	6659      	str	r1, [r3, #100]	@ 0x64
200002e4:	6699      	str	r1, [r3, #104]	@ 0x68
200002e6:	66d9      	str	r1, [r3, #108]	@ 0x6c
200002e8:	6719      	str	r1, [r3, #112]	@ 0x70
200002ea:	6759      	str	r1, [r3, #116]	@ 0x74
200002ec:	6799      	str	r1, [r3, #120]	@ 0x78
200002ee:	67d9      	str	r1, [r3, #124]	@ 0x7c
200002f0:	f001 f8f2 	bl	200014d8 <__memset_veneer>
200002f4:	4b03      	ldr	r3, [pc, #12]	@ (20000304 <reset_non_control_endpoints+0x5c>)
200002f6:	4a04      	ldr	r2, [pc, #16]	@ (20000308 <reset_non_control_endpoints+0x60>)
200002f8:	601a      	str	r2, [r3, #0]
200002fa:	bd08      	pop	{r3, pc}
200002fc:	50100000 	.word	0x50100000
20000300:	20001d94 	.word	0x20001d94
20000304:	2000215c 	.word	0x2000215c
20000308:	50100180 	.word	0x50100180

2000030c <hw_handle_buff_status>:
2000030c:	e92d 4ff0 	stmdb	sp!, {r4, r5, r6, r7, r8, r9, sl, fp, lr}
20000310:	4b1f      	ldr	r3, [pc, #124]	@ (20000390 <hw_handle_buff_status+0x84>)
20000312:	b085      	sub	sp, #20
20000314:	f8d3 a058 	ldr.w	sl, [r3, #88]	@ 0x58
20000318:	f1ba 0f00 	cmp.w	sl, #0
2000031c:	d022      	beq.n	20000364 <hw_handle_buff_status+0x58>
2000031e:	2400      	movs	r4, #0
20000320:	2501      	movs	r5, #1
20000322:	f44f 69e0 	mov.w	r9, #1792	@ 0x700
20000326:	f8df 8070 	ldr.w	r8, [pc, #112]	@ 20000398 <hw_handle_buff_status+0x8c>
2000032a:	4f1a      	ldr	r7, [pc, #104]	@ (20000394 <hw_handle_buff_status+0x88>)
2000032c:	e001      	b.n	20000332 <hw_handle_buff_status+0x26>
2000032e:	2c20      	cmp	r4, #32
20000330:	d018      	beq.n	20000364 <hw_handle_buff_status+0x58>
20000332:	ea0a 0205 	and.w	r2, sl, r5
20000336:	1c61      	adds	r1, r4, #1
20000338:	4623      	mov	r3, r4
2000033a:	46ab      	mov	fp, r5
2000033c:	b2cc      	uxtb	r4, r1
2000033e:	006d      	lsls	r5, r5, #1
20000340:	2a00      	cmp	r2, #0
20000342:	d0f4      	beq.n	2000032e <hw_handle_buff_status+0x22>
20000344:	f004 0201 	and.w	r2, r4, #1
20000348:	f003 06fe 	and.w	r6, r3, #254	@ 0xfe
2000034c:	4416      	add	r6, r2
2000034e:	eb07 1646 	add.w	r6, r7, r6, lsl #5
20000352:	4630      	mov	r0, r6
20000354:	f8c8 b058 	str.w	fp, [r8, #88]	@ 0x58
20000358:	f000 fc0a 	bl	20000b70 <hw_endpoint_xfer_continue>
2000035c:	b928      	cbnz	r0, 2000036a <hw_handle_buff_status+0x5e>
2000035e:	ea3a 0a0b 	bics.w	sl, sl, fp
20000362:	d1e4      	bne.n	2000032e <hw_handle_buff_status+0x22>
20000364:	b005      	add	sp, #20
20000366:	e8bd 8ff0 	ldmia.w	sp!, {r4, r5, r6, r7, r8, r9, sl, fp, pc}
2000036a:	2300      	movs	r3, #0
2000036c:	f88d 3009 	strb.w	r3, [sp, #9]
20000370:	78b3      	ldrb	r3, [r6, #2]
20000372:	a801      	add	r0, sp, #4
20000374:	f88d 3008 	strb.w	r3, [sp, #8]
20000378:	8af3      	ldrh	r3, [r6, #22]
2000037a:	2101      	movs	r1, #1
2000037c:	f8ad 9004 	strh.w	r9, [sp, #4]
20000380:	9303      	str	r3, [sp, #12]
20000382:	f000 fc13 	bl	20000bac <dcd_event_handler>
20000386:	4630      	mov	r0, r6
20000388:	f000 fb98 	bl	20000abc <hw_endpoint_reset_transfer>
2000038c:	e7e7      	b.n	2000035e <hw_handle_buff_status+0x52>
2000038e:	bf00      	nop
20000390:	50110000 	.word	0x50110000
20000394:	20001d54 	.word	0x20001d54
20000398:	50113000 	.word	0x50113000

2000039c <dcd_rp2040_irq>:
2000039c:	b5f0      	push	{r4, r5, r6, r7, lr}
2000039e:	4bbb      	ldr	r3, [pc, #748]	@ (2000068c <dcd_rp2040_irq+0x2f0>)
200003a0:	b085      	sub	sp, #20
200003a2:	f8d3 5098 	ldr.w	r5, [r3, #152]	@ 0x98
200003a6:	f415 3600 	ands.w	r6, r5, #131072	@ 0x20000
200003aa:	d074      	beq.n	20000496 <dcd_rp2040_irq+0xfa>
200003ac:	4bb8      	ldr	r3, [pc, #736]	@ (20000690 <dcd_rp2040_irq+0x2f4>)
200003ae:	4cb9      	ldr	r4, [pc, #740]	@ (20000694 <dcd_rp2040_irq+0x2f8>)
200003b0:	6a99      	ldr	r1, [r3, #40]	@ 0x28
200003b2:	f894 303b 	ldrb.w	r3, [r4, #59]	@ 0x3b
200003b6:	4ab8      	ldr	r2, [pc, #736]	@ (20000698 <dcd_rp2040_irq+0x2fc>)
200003b8:	2b02      	cmp	r3, #2
200003ba:	6011      	str	r1, [r2, #0]
200003bc:	f000 80d4 	beq.w	20000568 <dcd_rp2040_irq+0x1cc>
200003c0:	2600      	movs	r6, #0
200003c2:	f894 307b 	ldrb.w	r3, [r4, #123]	@ 0x7b
200003c6:	2b02      	cmp	r3, #2
200003c8:	f000 813b 	beq.w	20000642 <dcd_rp2040_irq+0x2a6>
200003cc:	f894 30bb 	ldrb.w	r3, [r4, #187]	@ 0xbb
200003d0:	2b02      	cmp	r3, #2
200003d2:	f000 817d 	beq.w	200006d0 <dcd_rp2040_irq+0x334>
200003d6:	f894 30fb 	ldrb.w	r3, [r4, #251]	@ 0xfb
200003da:	2b02      	cmp	r3, #2
200003dc:	f000 816c 	beq.w	200006b8 <dcd_rp2040_irq+0x31c>
200003e0:	f894 313b 	ldrb.w	r3, [r4, #315]	@ 0x13b
200003e4:	2b02      	cmp	r3, #2
200003e6:	f000 8144 	beq.w	20000672 <dcd_rp2040_irq+0x2d6>
200003ea:	f894 317b 	ldrb.w	r3, [r4, #379]	@ 0x17b
200003ee:	2b02      	cmp	r3, #2
200003f0:	f000 8133 	beq.w	2000065a <dcd_rp2040_irq+0x2be>
200003f4:	f894 31bb 	ldrb.w	r3, [r4, #443]	@ 0x1bb
200003f8:	2b02      	cmp	r3, #2
200003fa:	f000 81b6 	beq.w	2000076a <dcd_rp2040_irq+0x3ce>
200003fe:	f894 31fb 	ldrb.w	r3, [r4, #507]	@ 0x1fb
20000402:	2b02      	cmp	r3, #2
20000404:	f000 81a6 	beq.w	20000754 <dcd_rp2040_irq+0x3b8>
20000408:	f894 323b 	ldrb.w	r3, [r4, #571]	@ 0x23b
2000040c:	2b02      	cmp	r3, #2
2000040e:	f000 8196 	beq.w	2000073e <dcd_rp2040_irq+0x3a2>
20000412:	f894 327b 	ldrb.w	r3, [r4, #635]	@ 0x27b
20000416:	2b02      	cmp	r3, #2
20000418:	f000 8186 	beq.w	20000728 <dcd_rp2040_irq+0x38c>
2000041c:	f894 32bb 	ldrb.w	r3, [r4, #699]	@ 0x2bb
20000420:	2b02      	cmp	r3, #2
20000422:	f000 8176 	beq.w	20000712 <dcd_rp2040_irq+0x376>
20000426:	f894 32fb 	ldrb.w	r3, [r4, #763]	@ 0x2fb
2000042a:	2b02      	cmp	r3, #2
2000042c:	f000 8166 	beq.w	200006fc <dcd_rp2040_irq+0x360>
20000430:	f894 333b 	ldrb.w	r3, [r4, #827]	@ 0x33b
20000434:	2b02      	cmp	r3, #2
20000436:	f000 8156 	beq.w	200006e6 <dcd_rp2040_irq+0x34a>
2000043a:	f894 337b 	ldrb.w	r3, [r4, #891]	@ 0x37b
2000043e:	2b02      	cmp	r3, #2
20000440:	f000 80a4 	beq.w	2000058c <dcd_rp2040_irq+0x1f0>
20000444:	f894 33bb 	ldrb.w	r3, [r4, #955]	@ 0x3bb
20000448:	2b02      	cmp	r3, #2
2000044a:	f000 8199 	beq.w	20000780 <dcd_rp2040_irq+0x3e4>
2000044e:	f894 33fb 	ldrb.w	r3, [r4, #1019]	@ 0x3fb
20000452:	2b02      	cmp	r3, #2
20000454:	f000 80b4 	beq.w	200005c0 <dcd_rp2040_irq+0x224>
20000458:	b93e      	cbnz	r6, 2000046a <dcd_rp2040_irq+0xce>
2000045a:	4b90      	ldr	r3, [pc, #576]	@ (2000069c <dcd_rp2040_irq+0x300>)
2000045c:	781b      	ldrb	r3, [r3, #0]
2000045e:	b923      	cbnz	r3, 2000046a <dcd_rp2040_irq+0xce>
20000460:	f44f 3200 	mov.w	r2, #131072	@ 0x20000
20000464:	4b8e      	ldr	r3, [pc, #568]	@ (200006a0 <dcd_rp2040_irq+0x304>)
20000466:	f8c3 2090 	str.w	r2, [r3, #144]	@ 0x90
2000046a:	f44f 7240 	mov.w	r2, #768	@ 0x300
2000046e:	4b87      	ldr	r3, [pc, #540]	@ (2000068c <dcd_rp2040_irq+0x2f0>)
20000470:	2101      	movs	r1, #1
20000472:	6c9b      	ldr	r3, [r3, #72]	@ 0x48
20000474:	a801      	add	r0, sp, #4
20000476:	f3c3 030a 	ubfx	r3, r3, #0, #11
2000047a:	f8ad 2004 	strh.w	r2, [sp, #4]
2000047e:	9302      	str	r3, [sp, #8]
20000480:	f000 fb94 	bl	20000bac <dcd_event_handler>
20000484:	06ea      	lsls	r2, r5, #27
20000486:	f44f 3600 	mov.w	r6, #131072	@ 0x20000
2000048a:	4c86      	ldr	r4, [pc, #536]	@ (200006a4 <dcd_rp2040_irq+0x308>)
2000048c:	d507      	bpl.n	2000049e <dcd_rp2040_irq+0x102>
2000048e:	f7ff ff3d 	bl	2000030c <hw_handle_buff_status>
20000492:	4626      	mov	r6, r4
20000494:	e003      	b.n	2000049e <dcd_rp2040_irq+0x102>
20000496:	06ea      	lsls	r2, r5, #27
20000498:	f04f 0410 	mov.w	r4, #16
2000049c:	d4f7      	bmi.n	2000048e <dcd_rp2040_irq+0xf2>
2000049e:	03eb      	lsls	r3, r5, #15
200004a0:	d522      	bpl.n	200004e8 <dcd_rp2040_irq+0x14c>
200004a2:	4c7c      	ldr	r4, [pc, #496]	@ (20000694 <dcd_rp2040_irq+0x2f8>)
200004a4:	f446 3680 	orr.w	r6, r6, #65536	@ 0x10000
200004a8:	7ea3      	ldrb	r3, [r4, #26]
200004aa:	2b00      	cmp	r3, #0
200004ac:	f040 8099 	bne.w	200005e2 <dcd_rp2040_irq+0x246>
200004b0:	2301      	movs	r3, #1
200004b2:	f894 203a 	ldrb.w	r2, [r4, #58]	@ 0x3a
200004b6:	70e3      	strb	r3, [r4, #3]
200004b8:	2a00      	cmp	r2, #0
200004ba:	f040 80ad 	bne.w	20000618 <dcd_rp2040_irq+0x27c>
200004be:	2301      	movs	r3, #1
200004c0:	f44f 61c0 	mov.w	r1, #1536	@ 0x600
200004c4:	4a78      	ldr	r2, [pc, #480]	@ (200006a8 <dcd_rp2040_irq+0x30c>)
200004c6:	f884 3023 	strb.w	r3, [r4, #35]	@ 0x23
200004ca:	f8ad 1004 	strh.w	r1, [sp, #4]
200004ce:	e892 0003 	ldmia.w	r2, {r0, r1}
200004d2:	aa04      	add	r2, sp, #16
200004d4:	e902 0003 	stmdb	r2, {r0, r1}
200004d8:	4619      	mov	r1, r3
200004da:	a801      	add	r0, sp, #4
200004dc:	f000 fb66 	bl	20000bac <dcd_event_handler>
200004e0:	f44f 3200 	mov.w	r2, #131072	@ 0x20000
200004e4:	4b6e      	ldr	r3, [pc, #440]	@ (200006a0 <dcd_rp2040_irq+0x304>)
200004e6:	651a      	str	r2, [r3, #80]	@ 0x50
200004e8:	04e9      	lsls	r1, r5, #19
200004ea:	d408      	bmi.n	200004fe <dcd_rp2040_irq+0x162>
200004ec:	046a      	lsls	r2, r5, #17
200004ee:	d41d      	bmi.n	2000052c <dcd_rp2040_irq+0x190>
200004f0:	042b      	lsls	r3, r5, #16
200004f2:	d42a      	bmi.n	2000054a <dcd_rp2040_irq+0x1ae>
200004f4:	42ae      	cmp	r6, r5
200004f6:	f040 81c5 	bne.w	20000884 <dcd_rp2040_irq+0x4e8>
200004fa:	b005      	add	sp, #20
200004fc:	bdf0      	pop	{r4, r5, r6, r7, pc}
200004fe:	2400      	movs	r4, #0
20000500:	4b62      	ldr	r3, [pc, #392]	@ (2000068c <dcd_rp2040_irq+0x2f0>)
20000502:	f446 5680 	orr.w	r6, r6, #4096	@ 0x1000
20000506:	601c      	str	r4, [r3, #0]
20000508:	f7ff fece 	bl	200002a8 <reset_non_control_endpoints>
2000050c:	f44f 7380 	mov.w	r3, #256	@ 0x100
20000510:	2101      	movs	r1, #1
20000512:	a801      	add	r0, sp, #4
20000514:	f8ad 3004 	strh.w	r3, [sp, #4]
20000518:	f88d 4008 	strb.w	r4, [sp, #8]
2000051c:	f000 fb46 	bl	20000bac <dcd_event_handler>
20000520:	f44f 2200 	mov.w	r2, #524288	@ 0x80000
20000524:	4b5e      	ldr	r3, [pc, #376]	@ (200006a0 <dcd_rp2040_irq+0x304>)
20000526:	651a      	str	r2, [r3, #80]	@ 0x50
20000528:	046a      	lsls	r2, r5, #17
2000052a:	d5e1      	bpl.n	200004f0 <dcd_rp2040_irq+0x154>
2000052c:	f44f 6380 	mov.w	r3, #1024	@ 0x400
20000530:	2101      	movs	r1, #1
20000532:	a801      	add	r0, sp, #4
20000534:	f8ad 3004 	strh.w	r3, [sp, #4]
20000538:	f000 fb38 	bl	20000bac <dcd_event_handler>
2000053c:	2210      	movs	r2, #16
2000053e:	4b58      	ldr	r3, [pc, #352]	@ (200006a0 <dcd_rp2040_irq+0x304>)
20000540:	f446 4680 	orr.w	r6, r6, #16384	@ 0x4000
20000544:	651a      	str	r2, [r3, #80]	@ 0x50
20000546:	042b      	lsls	r3, r5, #16
20000548:	d5d4      	bpl.n	200004f4 <dcd_rp2040_irq+0x158>
2000054a:	f44f 63a0 	mov.w	r3, #1280	@ 0x500
2000054e:	2101      	movs	r1, #1
20000550:	a801      	add	r0, sp, #4
20000552:	f8ad 3004 	strh.w	r3, [sp, #4]
20000556:	f000 fb29 	bl	20000bac <dcd_event_handler>
2000055a:	f44f 6200 	mov.w	r2, #2048	@ 0x800
2000055e:	4b50      	ldr	r3, [pc, #320]	@ (200006a0 <dcd_rp2040_irq+0x304>)
20000560:	f446 4600 	orr.w	r6, r6, #32768	@ 0x8000
20000564:	651a      	str	r2, [r3, #80]	@ 0x50
20000566:	e7c5      	b.n	200004f4 <dcd_rp2040_irq+0x158>
20000568:	f894 603a 	ldrb.w	r6, [r4, #58]	@ 0x3a
2000056c:	2e00      	cmp	r6, #0
2000056e:	f43f af28 	beq.w	200003c2 <dcd_rp2040_irq+0x26>
20000572:	f894 303c 	ldrb.w	r3, [r4, #60]	@ 0x3c
20000576:	2b00      	cmp	r3, #0
20000578:	f43f af23 	beq.w	200003c2 <dcd_rp2040_irq+0x26>
2000057c:	2300      	movs	r3, #0
2000057e:	f104 0020 	add.w	r0, r4, #32
20000582:	f884 303c 	strb.w	r3, [r4, #60]	@ 0x3c
20000586:	f000 fac1 	bl	20000b0c <hw_endpoint_start_next_buffer>
2000058a:	e71a      	b.n	200003c2 <dcd_rp2040_irq+0x26>
2000058c:	f894 737a 	ldrb.w	r7, [r4, #890]	@ 0x37a
20000590:	2f00      	cmp	r7, #0
20000592:	f43f af57 	beq.w	20000444 <dcd_rp2040_irq+0xa8>
20000596:	f894 337c 	ldrb.w	r3, [r4, #892]	@ 0x37c
2000059a:	2b00      	cmp	r3, #0
2000059c:	f040 8164 	bne.w	20000868 <dcd_rp2040_irq+0x4cc>
200005a0:	f894 33bb 	ldrb.w	r3, [r4, #955]	@ 0x3bb
200005a4:	2b02      	cmp	r3, #2
200005a6:	f040 80f4 	bne.w	20000792 <dcd_rp2040_irq+0x3f6>
200005aa:	f894 33ba 	ldrb.w	r3, [r4, #954]	@ 0x3ba
200005ae:	2b00      	cmp	r3, #0
200005b0:	f040 80eb 	bne.w	2000078a <dcd_rp2040_irq+0x3ee>
200005b4:	f894 33fb 	ldrb.w	r3, [r4, #1019]	@ 0x3fb
200005b8:	2b02      	cmp	r3, #2
200005ba:	f47f af56 	bne.w	2000046a <dcd_rp2040_irq+0xce>
200005be:	463e      	mov	r6, r7
200005c0:	f894 33fa 	ldrb.w	r3, [r4, #1018]	@ 0x3fa
200005c4:	2b00      	cmp	r3, #0
200005c6:	f43f af47 	beq.w	20000458 <dcd_rp2040_irq+0xbc>
200005ca:	f894 33fc 	ldrb.w	r3, [r4, #1020]	@ 0x3fc
200005ce:	2b00      	cmp	r3, #0
200005d0:	f43f af4b 	beq.w	2000046a <dcd_rp2040_irq+0xce>
200005d4:	2300      	movs	r3, #0
200005d6:	4835      	ldr	r0, [pc, #212]	@ (200006ac <dcd_rp2040_irq+0x310>)
200005d8:	f884 33fc 	strb.w	r3, [r4, #1020]	@ 0x3fc
200005dc:	f000 fa96 	bl	20000b0c <hw_endpoint_start_next_buffer>
200005e0:	e743      	b.n	2000046a <dcd_rp2040_irq+0xce>
200005e2:	2102      	movs	r1, #2
200005e4:	4b32      	ldr	r3, [pc, #200]	@ (200006b0 <dcd_rp2040_irq+0x314>)
200005e6:	4a29      	ldr	r2, [pc, #164]	@ (2000068c <dcd_rp2040_irq+0x2f0>)
200005e8:	6619      	str	r1, [r3, #96]	@ 0x60
200005ea:	6e53      	ldr	r3, [r2, #100]	@ 0x64
200005ec:	079f      	lsls	r7, r3, #30
200005ee:	d5fc      	bpl.n	200005ea <dcd_rp2040_irq+0x24e>
200005f0:	f44f 5240 	mov.w	r2, #12288	@ 0x3000
200005f4:	2100      	movs	r1, #0
200005f6:	4827      	ldr	r0, [pc, #156]	@ (20000694 <dcd_rp2040_irq+0x2f8>)
200005f8:	f000 fa66 	bl	20000ac8 <_hw_endpoint_buffer_control_update32>
200005fc:	4825      	ldr	r0, [pc, #148]	@ (20000694 <dcd_rp2040_irq+0x2f8>)
200005fe:	f000 fa5d 	bl	20000abc <hw_endpoint_reset_transfer>
20000602:	2202      	movs	r2, #2
20000604:	4b26      	ldr	r3, [pc, #152]	@ (200006a0 <dcd_rp2040_irq+0x304>)
20000606:	665a      	str	r2, [r3, #100]	@ 0x64
20000608:	661a      	str	r2, [r3, #96]	@ 0x60
2000060a:	2301      	movs	r3, #1
2000060c:	f894 203a 	ldrb.w	r2, [r4, #58]	@ 0x3a
20000610:	70e3      	strb	r3, [r4, #3]
20000612:	2a00      	cmp	r2, #0
20000614:	f43f af53 	beq.w	200004be <dcd_rp2040_irq+0x122>
20000618:	4a25      	ldr	r2, [pc, #148]	@ (200006b0 <dcd_rp2040_irq+0x314>)
2000061a:	6613      	str	r3, [r2, #96]	@ 0x60
2000061c:	f5a2 5200 	sub.w	r2, r2, #8192	@ 0x2000
20000620:	6e53      	ldr	r3, [r2, #100]	@ 0x64
20000622:	07d8      	lsls	r0, r3, #31
20000624:	d5fc      	bpl.n	20000620 <dcd_rp2040_irq+0x284>
20000626:	f44f 5240 	mov.w	r2, #12288	@ 0x3000
2000062a:	2100      	movs	r1, #0
2000062c:	4821      	ldr	r0, [pc, #132]	@ (200006b4 <dcd_rp2040_irq+0x318>)
2000062e:	f000 fa4b 	bl	20000ac8 <_hw_endpoint_buffer_control_update32>
20000632:	4820      	ldr	r0, [pc, #128]	@ (200006b4 <dcd_rp2040_irq+0x318>)
20000634:	f000 fa42 	bl	20000abc <hw_endpoint_reset_transfer>
20000638:	2201      	movs	r2, #1
2000063a:	4b19      	ldr	r3, [pc, #100]	@ (200006a0 <dcd_rp2040_irq+0x304>)
2000063c:	665a      	str	r2, [r3, #100]	@ 0x64
2000063e:	661a      	str	r2, [r3, #96]	@ 0x60
20000640:	e73d      	b.n	200004be <dcd_rp2040_irq+0x122>
20000642:	f894 707a 	ldrb.w	r7, [r4, #122]	@ 0x7a
20000646:	2f00      	cmp	r7, #0
20000648:	f43f aec0 	beq.w	200003cc <dcd_rp2040_irq+0x30>
2000064c:	f894 307c 	ldrb.w	r3, [r4, #124]	@ 0x7c
20000650:	2b00      	cmp	r3, #0
20000652:	f040 8101 	bne.w	20000858 <dcd_rp2040_irq+0x4bc>
20000656:	463e      	mov	r6, r7
20000658:	e6b8      	b.n	200003cc <dcd_rp2040_irq+0x30>
2000065a:	f894 717a 	ldrb.w	r7, [r4, #378]	@ 0x17a
2000065e:	2f00      	cmp	r7, #0
20000660:	f43f aec8 	beq.w	200003f4 <dcd_rp2040_irq+0x58>
20000664:	f894 317c 	ldrb.w	r3, [r4, #380]	@ 0x17c
20000668:	2b00      	cmp	r3, #0
2000066a:	f040 80ed 	bne.w	20000848 <dcd_rp2040_irq+0x4ac>
2000066e:	463e      	mov	r6, r7
20000670:	e6c0      	b.n	200003f4 <dcd_rp2040_irq+0x58>
20000672:	f894 713a 	ldrb.w	r7, [r4, #314]	@ 0x13a
20000676:	2f00      	cmp	r7, #0
20000678:	f43f aeb7 	beq.w	200003ea <dcd_rp2040_irq+0x4e>
2000067c:	f894 313c 	ldrb.w	r3, [r4, #316]	@ 0x13c
20000680:	2b00      	cmp	r3, #0
20000682:	f040 80d9 	bne.w	20000838 <dcd_rp2040_irq+0x49c>
20000686:	463e      	mov	r6, r7
20000688:	e6af      	b.n	200003ea <dcd_rp2040_irq+0x4e>
2000068a:	bf00      	nop
2000068c:	50110000 	.word	0x50110000
20000690:	400b0000 	.word	0x400b0000
20000694:	20001d54 	.word	0x20001d54
20000698:	20001d4c 	.word	0x20001d4c
2000069c:	200023ca 	.word	0x200023ca
200006a0:	50113000 	.word	0x50113000
200006a4:	00020010 	.word	0x00020010
200006a8:	50100000 	.word	0x50100000
200006ac:	20002134 	.word	0x20002134
200006b0:	50112000 	.word	0x50112000
200006b4:	20001d74 	.word	0x20001d74
200006b8:	f894 70fa 	ldrb.w	r7, [r4, #250]	@ 0xfa
200006bc:	2f00      	cmp	r7, #0
200006be:	f43f ae8f 	beq.w	200003e0 <dcd_rp2040_irq+0x44>
200006c2:	f894 30fc 	ldrb.w	r3, [r4, #252]	@ 0xfc
200006c6:	2b00      	cmp	r3, #0
200006c8:	f040 808e 	bne.w	200007e8 <dcd_rp2040_irq+0x44c>
200006cc:	463e      	mov	r6, r7
200006ce:	e687      	b.n	200003e0 <dcd_rp2040_irq+0x44>
200006d0:	f894 70ba 	ldrb.w	r7, [r4, #186]	@ 0xba
200006d4:	2f00      	cmp	r7, #0
200006d6:	f43f ae7e 	beq.w	200003d6 <dcd_rp2040_irq+0x3a>
200006da:	f894 30bc 	ldrb.w	r3, [r4, #188]	@ 0xbc
200006de:	2b00      	cmp	r3, #0
200006e0:	d17a      	bne.n	200007d8 <dcd_rp2040_irq+0x43c>
200006e2:	463e      	mov	r6, r7
200006e4:	e677      	b.n	200003d6 <dcd_rp2040_irq+0x3a>
200006e6:	f894 733a 	ldrb.w	r7, [r4, #826]	@ 0x33a
200006ea:	2f00      	cmp	r7, #0
200006ec:	f43f aea5 	beq.w	2000043a <dcd_rp2040_irq+0x9e>
200006f0:	f894 333c 	ldrb.w	r3, [r4, #828]	@ 0x33c
200006f4:	2b00      	cmp	r3, #0
200006f6:	d157      	bne.n	200007a8 <dcd_rp2040_irq+0x40c>
200006f8:	463e      	mov	r6, r7
200006fa:	e69e      	b.n	2000043a <dcd_rp2040_irq+0x9e>
200006fc:	f894 72fa 	ldrb.w	r7, [r4, #762]	@ 0x2fa
20000700:	2f00      	cmp	r7, #0
20000702:	f43f ae95 	beq.w	20000430 <dcd_rp2040_irq+0x94>
20000706:	f894 32fc 	ldrb.w	r3, [r4, #764]	@ 0x2fc
2000070a:	2b00      	cmp	r3, #0
2000070c:	d15c      	bne.n	200007c8 <dcd_rp2040_irq+0x42c>
2000070e:	463e      	mov	r6, r7
20000710:	e68e      	b.n	20000430 <dcd_rp2040_irq+0x94>
20000712:	f894 72ba 	ldrb.w	r7, [r4, #698]	@ 0x2ba
20000716:	2f00      	cmp	r7, #0
20000718:	f43f ae85 	beq.w	20000426 <dcd_rp2040_irq+0x8a>
2000071c:	f894 32bc 	ldrb.w	r3, [r4, #700]	@ 0x2bc
20000720:	2b00      	cmp	r3, #0
20000722:	d149      	bne.n	200007b8 <dcd_rp2040_irq+0x41c>
20000724:	463e      	mov	r6, r7
20000726:	e67e      	b.n	20000426 <dcd_rp2040_irq+0x8a>
20000728:	f894 727a 	ldrb.w	r7, [r4, #634]	@ 0x27a
2000072c:	2f00      	cmp	r7, #0
2000072e:	f43f ae75 	beq.w	2000041c <dcd_rp2040_irq+0x80>
20000732:	f894 327c 	ldrb.w	r3, [r4, #636]	@ 0x27c
20000736:	2b00      	cmp	r3, #0
20000738:	d176      	bne.n	20000828 <dcd_rp2040_irq+0x48c>
2000073a:	463e      	mov	r6, r7
2000073c:	e66e      	b.n	2000041c <dcd_rp2040_irq+0x80>
2000073e:	f894 723a 	ldrb.w	r7, [r4, #570]	@ 0x23a
20000742:	2f00      	cmp	r7, #0
20000744:	f43f ae65 	beq.w	20000412 <dcd_rp2040_irq+0x76>
20000748:	f894 323c 	ldrb.w	r3, [r4, #572]	@ 0x23c
2000074c:	2b00      	cmp	r3, #0
2000074e:	d163      	bne.n	20000818 <dcd_rp2040_irq+0x47c>
20000750:	463e      	mov	r6, r7
20000752:	e65e      	b.n	20000412 <dcd_rp2040_irq+0x76>
20000754:	f894 71fa 	ldrb.w	r7, [r4, #506]	@ 0x1fa
20000758:	2f00      	cmp	r7, #0
2000075a:	f43f ae55 	beq.w	20000408 <dcd_rp2040_irq+0x6c>
2000075e:	f894 31fc 	ldrb.w	r3, [r4, #508]	@ 0x1fc
20000762:	2b00      	cmp	r3, #0
20000764:	d150      	bne.n	20000808 <dcd_rp2040_irq+0x46c>
20000766:	463e      	mov	r6, r7
20000768:	e64e      	b.n	20000408 <dcd_rp2040_irq+0x6c>
2000076a:	f894 71ba 	ldrb.w	r7, [r4, #442]	@ 0x1ba
2000076e:	2f00      	cmp	r7, #0
20000770:	f43f ae45 	beq.w	200003fe <dcd_rp2040_irq+0x62>
20000774:	f894 31bc 	ldrb.w	r3, [r4, #444]	@ 0x1bc
20000778:	2b00      	cmp	r3, #0
2000077a:	d13d      	bne.n	200007f8 <dcd_rp2040_irq+0x45c>
2000077c:	463e      	mov	r6, r7
2000077e:	e63e      	b.n	200003fe <dcd_rp2040_irq+0x62>
20000780:	f894 33ba 	ldrb.w	r3, [r4, #954]	@ 0x3ba
20000784:	2b00      	cmp	r3, #0
20000786:	f43f ae62 	beq.w	2000044e <dcd_rp2040_irq+0xb2>
2000078a:	f894 33bc 	ldrb.w	r3, [r4, #956]	@ 0x3bc
2000078e:	2b00      	cmp	r3, #0
20000790:	d171      	bne.n	20000876 <dcd_rp2040_irq+0x4da>
20000792:	f894 33fb 	ldrb.w	r3, [r4, #1019]	@ 0x3fb
20000796:	2b02      	cmp	r3, #2
20000798:	f47f ae67 	bne.w	2000046a <dcd_rp2040_irq+0xce>
2000079c:	f894 33fa 	ldrb.w	r3, [r4, #1018]	@ 0x3fa
200007a0:	2b00      	cmp	r3, #0
200007a2:	f43f ae62 	beq.w	2000046a <dcd_rp2040_irq+0xce>
200007a6:	e710      	b.n	200005ca <dcd_rp2040_irq+0x22e>
200007a8:	2300      	movs	r3, #0
200007aa:	4839      	ldr	r0, [pc, #228]	@ (20000890 <dcd_rp2040_irq+0x4f4>)
200007ac:	f884 333c 	strb.w	r3, [r4, #828]	@ 0x33c
200007b0:	463e      	mov	r6, r7
200007b2:	f000 f9ab 	bl	20000b0c <hw_endpoint_start_next_buffer>
200007b6:	e640      	b.n	2000043a <dcd_rp2040_irq+0x9e>
200007b8:	2300      	movs	r3, #0
200007ba:	4836      	ldr	r0, [pc, #216]	@ (20000894 <dcd_rp2040_irq+0x4f8>)
200007bc:	f884 32bc 	strb.w	r3, [r4, #700]	@ 0x2bc
200007c0:	463e      	mov	r6, r7
200007c2:	f000 f9a3 	bl	20000b0c <hw_endpoint_start_next_buffer>
200007c6:	e62e      	b.n	20000426 <dcd_rp2040_irq+0x8a>
200007c8:	2300      	movs	r3, #0
200007ca:	4833      	ldr	r0, [pc, #204]	@ (20000898 <dcd_rp2040_irq+0x4fc>)
200007cc:	f884 32fc 	strb.w	r3, [r4, #764]	@ 0x2fc
200007d0:	463e      	mov	r6, r7
200007d2:	f000 f99b 	bl	20000b0c <hw_endpoint_start_next_buffer>
200007d6:	e62b      	b.n	20000430 <dcd_rp2040_irq+0x94>
200007d8:	2300      	movs	r3, #0
200007da:	4830      	ldr	r0, [pc, #192]	@ (2000089c <dcd_rp2040_irq+0x500>)
200007dc:	f884 30bc 	strb.w	r3, [r4, #188]	@ 0xbc
200007e0:	463e      	mov	r6, r7
200007e2:	f000 f993 	bl	20000b0c <hw_endpoint_start_next_buffer>
200007e6:	e5f6      	b.n	200003d6 <dcd_rp2040_irq+0x3a>
200007e8:	2300      	movs	r3, #0
200007ea:	482d      	ldr	r0, [pc, #180]	@ (200008a0 <dcd_rp2040_irq+0x504>)
200007ec:	f884 30fc 	strb.w	r3, [r4, #252]	@ 0xfc
200007f0:	463e      	mov	r6, r7
200007f2:	f000 f98b 	bl	20000b0c <hw_endpoint_start_next_buffer>
200007f6:	e5f3      	b.n	200003e0 <dcd_rp2040_irq+0x44>
200007f8:	2300      	movs	r3, #0
200007fa:	482a      	ldr	r0, [pc, #168]	@ (200008a4 <dcd_rp2040_irq+0x508>)
200007fc:	f884 31bc 	strb.w	r3, [r4, #444]	@ 0x1bc
20000800:	463e      	mov	r6, r7
20000802:	f000 f983 	bl	20000b0c <hw_endpoint_start_next_buffer>
20000806:	e5fa      	b.n	200003fe <dcd_rp2040_irq+0x62>
20000808:	2300      	movs	r3, #0
2000080a:	4827      	ldr	r0, [pc, #156]	@ (200008a8 <dcd_rp2040_irq+0x50c>)
2000080c:	f884 31fc 	strb.w	r3, [r4, #508]	@ 0x1fc
20000810:	463e      	mov	r6, r7
20000812:	f000 f97b 	bl	20000b0c <hw_endpoint_start_next_buffer>
20000816:	e5f7      	b.n	20000408 <dcd_rp2040_irq+0x6c>
20000818:	2300      	movs	r3, #0
2000081a:	4824      	ldr	r0, [pc, #144]	@ (200008ac <dcd_rp2040_irq+0x510>)
2000081c:	f884 323c 	strb.w	r3, [r4, #572]	@ 0x23c
20000820:	463e      	mov	r6, r7
20000822:	f000 f973 	bl	20000b0c <hw_endpoint_start_next_buffer>
20000826:	e5f4      	b.n	20000412 <dcd_rp2040_irq+0x76>
20000828:	2300      	movs	r3, #0
2000082a:	4821      	ldr	r0, [pc, #132]	@ (200008b0 <dcd_rp2040_irq+0x514>)
2000082c:	f884 327c 	strb.w	r3, [r4, #636]	@ 0x27c
20000830:	463e      	mov	r6, r7
20000832:	f000 f96b 	bl	20000b0c <hw_endpoint_start_next_buffer>
20000836:	e5f1      	b.n	2000041c <dcd_rp2040_irq+0x80>
20000838:	2300      	movs	r3, #0
2000083a:	481e      	ldr	r0, [pc, #120]	@ (200008b4 <dcd_rp2040_irq+0x518>)
2000083c:	f884 313c 	strb.w	r3, [r4, #316]	@ 0x13c
20000840:	463e      	mov	r6, r7
20000842:	f000 f963 	bl	20000b0c <hw_endpoint_start_next_buffer>
20000846:	e5d0      	b.n	200003ea <dcd_rp2040_irq+0x4e>
20000848:	2300      	movs	r3, #0
2000084a:	481b      	ldr	r0, [pc, #108]	@ (200008b8 <dcd_rp2040_irq+0x51c>)
2000084c:	f884 317c 	strb.w	r3, [r4, #380]	@ 0x17c
20000850:	463e      	mov	r6, r7
20000852:	f000 f95b 	bl	20000b0c <hw_endpoint_start_next_buffer>
20000856:	e5cd      	b.n	200003f4 <dcd_rp2040_irq+0x58>
20000858:	2300      	movs	r3, #0
2000085a:	4818      	ldr	r0, [pc, #96]	@ (200008bc <dcd_rp2040_irq+0x520>)
2000085c:	f884 307c 	strb.w	r3, [r4, #124]	@ 0x7c
20000860:	463e      	mov	r6, r7
20000862:	f000 f953 	bl	20000b0c <hw_endpoint_start_next_buffer>
20000866:	e5b1      	b.n	200003cc <dcd_rp2040_irq+0x30>
20000868:	2300      	movs	r3, #0
2000086a:	4815      	ldr	r0, [pc, #84]	@ (200008c0 <dcd_rp2040_irq+0x524>)
2000086c:	f884 337c 	strb.w	r3, [r4, #892]	@ 0x37c
20000870:	f000 f94c 	bl	20000b0c <hw_endpoint_start_next_buffer>
20000874:	e694      	b.n	200005a0 <dcd_rp2040_irq+0x204>
20000876:	2300      	movs	r3, #0
20000878:	4812      	ldr	r0, [pc, #72]	@ (200008c4 <dcd_rp2040_irq+0x528>)
2000087a:	f884 33bc 	strb.w	r3, [r4, #956]	@ 0x3bc
2000087e:	f000 f945 	bl	20000b0c <hw_endpoint_start_next_buffer>
20000882:	e786      	b.n	20000792 <dcd_rp2040_irq+0x3f6>
20000884:	4810      	ldr	r0, [pc, #64]	@ (200008c8 <dcd_rp2040_irq+0x52c>)
20000886:	ea86 0105 	eor.w	r1, r6, r5
2000088a:	f000 fe21 	bl	200014d0 <__panic_veneer>
2000088e:	bf00      	nop
20000890:	20002074 	.word	0x20002074
20000894:	20001ff4 	.word	0x20001ff4
20000898:	20002034 	.word	0x20002034
2000089c:	20001df4 	.word	0x20001df4
200008a0:	20001e34 	.word	0x20001e34
200008a4:	20001ef4 	.word	0x20001ef4
200008a8:	20001f34 	.word	0x20001f34
200008ac:	20001f74 	.word	0x20001f74
200008b0:	20001fb4 	.word	0x20001fb4
200008b4:	20001e74 	.word	0x20001e74
200008b8:	20001eb4 	.word	0x20001eb4
200008bc:	20001db4 	.word	0x20001db4
200008c0:	200020b4 	.word	0x200020b4
200008c4:	200020f4 	.word	0x200020f4
200008c8:	10006704 	.word	0x10006704

200008cc <prepare_ep_buffer>:
200008cc:	e92d 47f0 	stmdb	sp!, {r4, r5, r6, r7, r8, r9, sl, lr}
200008d0:	8a84      	ldrh	r4, [r0, #20]
200008d2:	8b05      	ldrh	r5, [r0, #24]
200008d4:	78c2      	ldrb	r2, [r0, #3]
200008d6:	42a5      	cmp	r5, r4
200008d8:	bf28      	it	cs
200008da:	4625      	movcs	r5, r4
200008dc:	1e17      	subs	r7, r2, #0
200008de:	bf18      	it	ne
200008e0:	2701      	movne	r7, #1
200008e2:	1b64      	subs	r4, r4, r5
200008e4:	7846      	ldrb	r6, [r0, #1]
200008e6:	f082 0201 	eor.w	r2, r2, #1
200008ea:	b2a4      	uxth	r4, r4
200008ec:	4603      	mov	r3, r0
200008ee:	70c2      	strb	r2, [r0, #3]
200008f0:	8284      	strh	r4, [r0, #20]
200008f2:	f445 6080 	orr.w	r0, r5, #1024	@ 0x400
200008f6:	ea40 3047 	orr.w	r0, r0, r7, lsl #13
200008fa:	bba6      	cbnz	r6, 20000966 <prepare_ep_buffer+0x9a>
200008fc:	e9d3 2603 	ldrd	r2, r6, [r3, #12]
20000900:	1e6f      	subs	r7, r5, #1
20000902:	eb02 1e81 	add.w	lr, r2, r1, lsl #6
20000906:	b355      	cbz	r5, 2000095e <prepare_ep_buffer+0x92>
20000908:	2f05      	cmp	r7, #5
2000090a:	bf98      	it	ls
2000090c:	1c72      	addls	r2, r6, #1
2000090e:	d931      	bls.n	20000974 <prepare_ep_buffer+0xa8>
20000910:	eb02 1c81 	add.w	ip, r2, r1, lsl #6
20000914:	1c72      	adds	r2, r6, #1
20000916:	ebac 0402 	sub.w	r4, ip, r2
2000091a:	2c02      	cmp	r4, #2
2000091c:	d92a      	bls.n	20000974 <prepare_ep_buffer+0xa8>
2000091e:	4632      	mov	r2, r6
20000920:	ea4f 0995 	mov.w	r9, r5, lsr #2
20000924:	ea4f 0a89 	mov.w	sl, r9, lsl #2
20000928:	eb06 0889 	add.w	r8, r6, r9, lsl #2
2000092c:	f852 4b04 	ldr.w	r4, [r2], #4
20000930:	4542      	cmp	r2, r8
20000932:	f84c 4b04 	str.w	r4, [ip], #4
20000936:	d1f9      	bne.n	2000092c <prepare_ep_buffer+0x60>
20000938:	4555      	cmp	r5, sl
2000093a:	eba7 070a 	sub.w	r7, r7, sl
2000093e:	eb0e 040a 	add.w	r4, lr, sl
20000942:	d00a      	beq.n	2000095a <prepare_ep_buffer+0x8e>
20000944:	f816 6029 	ldrb.w	r6, [r6, r9, lsl #2]
20000948:	f80e 6029 	strb.w	r6, [lr, r9, lsl #2]
2000094c:	b12f      	cbz	r7, 2000095a <prepare_ep_buffer+0x8e>
2000094e:	7856      	ldrb	r6, [r2, #1]
20000950:	2f01      	cmp	r7, #1
20000952:	7066      	strb	r6, [r4, #1]
20000954:	d001      	beq.n	2000095a <prepare_ep_buffer+0x8e>
20000956:	7892      	ldrb	r2, [r2, #2]
20000958:	70a2      	strb	r2, [r4, #2]
2000095a:	691e      	ldr	r6, [r3, #16]
2000095c:	8a9c      	ldrh	r4, [r3, #20]
2000095e:	442e      	add	r6, r5
20000960:	611e      	str	r6, [r3, #16]
20000962:	f440 4000 	orr.w	r0, r0, #32768	@ 0x8000
20000966:	b90c      	cbnz	r4, 2000096c <prepare_ep_buffer+0xa0>
20000968:	f440 4080 	orr.w	r0, r0, #16384	@ 0x4000
2000096c:	b101      	cbz	r1, 20000970 <prepare_ep_buffer+0xa4>
2000096e:	0400      	lsls	r0, r0, #16
20000970:	e8bd 87f0 	ldmia.w	sp!, {r4, r5, r6, r7, r8, r9, sl, pc}
20000974:	f10e 3eff 	add.w	lr, lr, #4294967295	@ 0xffffffff
20000978:	442e      	add	r6, r5
2000097a:	e000      	b.n	2000097e <prepare_ep_buffer+0xb2>
2000097c:	3201      	adds	r2, #1
2000097e:	f812 4c01 	ldrb.w	r4, [r2, #-1]
20000982:	42b2      	cmp	r2, r6
20000984:	f80e 4f01 	strb.w	r4, [lr, #1]!
20000988:	d1f8      	bne.n	2000097c <prepare_ep_buffer+0xb0>
2000098a:	e7e6      	b.n	2000095a <prepare_ep_buffer+0x8e>

2000098c <sync_ep_buffer>:
2000098c:	6883      	ldr	r3, [r0, #8]
2000098e:	4602      	mov	r2, r0
20000990:	6818      	ldr	r0, [r3, #0]
20000992:	b101      	cbz	r1, 20000996 <sync_ep_buffer+0xa>
20000994:	0c00      	lsrs	r0, r0, #16
20000996:	7853      	ldrb	r3, [r2, #1]
20000998:	f3c0 0009 	ubfx	r0, r0, #0, #10
2000099c:	2b00      	cmp	r3, #0
2000099e:	d03c      	beq.n	20000a1a <sync_ep_buffer+0x8e>
200009a0:	e92d 41f0 	stmdb	sp!, {r4, r5, r6, r7, r8, lr}
200009a4:	e9d2 3403 	ldrd	r3, r4, [r2, #12]
200009a8:	1e46      	subs	r6, r0, #1
200009aa:	eb03 1e81 	add.w	lr, r3, r1, lsl #6
200009ae:	b340      	cbz	r0, 20000a02 <sync_ep_buffer+0x76>
200009b0:	2e05      	cmp	r6, #5
200009b2:	d93b      	bls.n	20000a2c <sync_ep_buffer+0xa0>
200009b4:	0189      	lsls	r1, r1, #6
200009b6:	1c4d      	adds	r5, r1, #1
200009b8:	441d      	add	r5, r3
200009ba:	1b65      	subs	r5, r4, r5
200009bc:	2d02      	cmp	r5, #2
200009be:	d935      	bls.n	20000a2c <sync_ep_buffer+0xa0>
200009c0:	4673      	mov	r3, lr
200009c2:	4621      	mov	r1, r4
200009c4:	f400 777f 	and.w	r7, r0, #1020	@ 0x3fc
200009c8:	ea4f 0890 	mov.w	r8, r0, lsr #2
200009cc:	18fd      	adds	r5, r7, r3
200009ce:	f853 cb04 	ldr.w	ip, [r3], #4
200009d2:	42ab      	cmp	r3, r5
200009d4:	f841 cb04 	str.w	ip, [r1], #4
200009d8:	d1f9      	bne.n	200009ce <sync_ep_buffer+0x42>
200009da:	42b8      	cmp	r0, r7
200009dc:	eba6 0607 	sub.w	r6, r6, r7
200009e0:	eb04 0307 	add.w	r3, r4, r7
200009e4:	eb0e 0107 	add.w	r1, lr, r7
200009e8:	d00a      	beq.n	20000a00 <sync_ep_buffer+0x74>
200009ea:	f81e 5028 	ldrb.w	r5, [lr, r8, lsl #2]
200009ee:	f804 5028 	strb.w	r5, [r4, r8, lsl #2]
200009f2:	b12e      	cbz	r6, 20000a00 <sync_ep_buffer+0x74>
200009f4:	784c      	ldrb	r4, [r1, #1]
200009f6:	2e01      	cmp	r6, #1
200009f8:	705c      	strb	r4, [r3, #1]
200009fa:	d001      	beq.n	20000a00 <sync_ep_buffer+0x74>
200009fc:	7889      	ldrb	r1, [r1, #2]
200009fe:	7099      	strb	r1, [r3, #2]
20000a00:	6914      	ldr	r4, [r2, #16]
20000a02:	8ad3      	ldrh	r3, [r2, #22]
20000a04:	4404      	add	r4, r0
20000a06:	4403      	add	r3, r0
20000a08:	82d3      	strh	r3, [r2, #22]
20000a0a:	8b13      	ldrh	r3, [r2, #24]
20000a0c:	6114      	str	r4, [r2, #16]
20000a0e:	4283      	cmp	r3, r0
20000a10:	bf84      	itt	hi
20000a12:	2300      	movhi	r3, #0
20000a14:	8293      	strhhi	r3, [r2, #20]
20000a16:	e8bd 81f0 	ldmia.w	sp!, {r4, r5, r6, r7, r8, pc}
20000a1a:	8ad3      	ldrh	r3, [r2, #22]
20000a1c:	4403      	add	r3, r0
20000a1e:	82d3      	strh	r3, [r2, #22]
20000a20:	8b13      	ldrh	r3, [r2, #24]
20000a22:	4283      	cmp	r3, r0
20000a24:	bf84      	itt	hi
20000a26:	2300      	movhi	r3, #0
20000a28:	8293      	strhhi	r3, [r2, #20]
20000a2a:	4770      	bx	lr
20000a2c:	3c01      	subs	r4, #1
20000a2e:	eb0e 0100 	add.w	r1, lr, r0
20000a32:	f81e 3b01 	ldrb.w	r3, [lr], #1
20000a36:	4571      	cmp	r1, lr
20000a38:	f804 3f01 	strb.w	r3, [r4, #1]!
20000a3c:	d1f9      	bne.n	20000a32 <sync_ep_buffer+0xa6>
20000a3e:	e7df      	b.n	20000a00 <sync_ep_buffer+0x74>

20000a40 <_hw_endpoint_xfer_sync>:
20000a40:	b510      	push	{r4, lr}
20000a42:	4604      	mov	r4, r0
20000a44:	6883      	ldr	r3, [r0, #8]
20000a46:	2100      	movs	r1, #0
20000a48:	681b      	ldr	r3, [r3, #0]
20000a4a:	f7ff ff9f 	bl	2000098c <sync_ep_buffer>
20000a4e:	6863      	ldr	r3, [r4, #4]
20000a50:	681b      	ldr	r3, [r3, #0]
20000a52:	005b      	lsls	r3, r3, #1
20000a54:	d502      	bpl.n	20000a5c <_hw_endpoint_xfer_sync+0x1c>
20000a56:	8b23      	ldrh	r3, [r4, #24]
20000a58:	4283      	cmp	r3, r0
20000a5a:	d000      	beq.n	20000a5e <_hw_endpoint_xfer_sync+0x1e>
20000a5c:	bd10      	pop	{r4, pc}
20000a5e:	4620      	mov	r0, r4
20000a60:	e8bd 4010 	ldmia.w	sp!, {r4, lr}
20000a64:	2101      	movs	r1, #1
20000a66:	f7ff bf91 	b.w	2000098c <sync_ep_buffer>
20000a6a:	bf00      	nop

20000a6c <e15_is_bulkin_ep>:
20000a6c:	4b08      	ldr	r3, [pc, #32]	@ (20000a90 <e15_is_bulkin_ep+0x24>)
20000a6e:	6c1b      	ldr	r3, [r3, #64]	@ 0x40
20000a70:	f013 0302 	ands.w	r3, r3, #2
20000a74:	d102      	bne.n	20000a7c <e15_is_bulkin_ep+0x10>
20000a76:	7882      	ldrb	r2, [r0, #2]
20000a78:	09d2      	lsrs	r2, r2, #7
20000a7a:	d101      	bne.n	20000a80 <e15_is_bulkin_ep+0x14>
20000a7c:	2000      	movs	r0, #0
20000a7e:	4770      	bx	lr
20000a80:	7ec0      	ldrb	r0, [r0, #27]
20000a82:	f1a0 0002 	sub.w	r0, r0, #2
20000a86:	fab0 f080 	clz	r0, r0
20000a8a:	0940      	lsrs	r0, r0, #5
20000a8c:	4770      	bx	lr
20000a8e:	bf00      	nop
20000a90:	50110000 	.word	0x50110000

20000a94 <e15_is_critical_frame_period>:
20000a94:	b508      	push	{r3, lr}
20000a96:	f7ff ffe9 	bl	20000a6c <e15_is_bulkin_ep>
20000a9a:	b150      	cbz	r0, 20000ab2 <e15_is_critical_frame_period+0x1e>
20000a9c:	4a05      	ldr	r2, [pc, #20]	@ (20000ab4 <e15_is_critical_frame_period+0x20>)
20000a9e:	4b06      	ldr	r3, [pc, #24]	@ (20000ab8 <e15_is_critical_frame_period+0x24>)
20000aa0:	6a90      	ldr	r0, [r2, #40]	@ 0x28
20000aa2:	681b      	ldr	r3, [r3, #0]
20000aa4:	f5a0 7048 	sub.w	r0, r0, #800	@ 0x320
20000aa8:	1ac0      	subs	r0, r0, r3
20000aaa:	28c6      	cmp	r0, #198	@ 0xc6
20000aac:	bf8c      	ite	hi
20000aae:	2000      	movhi	r0, #0
20000ab0:	2001      	movls	r0, #1
20000ab2:	bd08      	pop	{r3, pc}
20000ab4:	400b0000 	.word	0x400b0000
20000ab8:	20001d4c 	.word	0x20001d4c

20000abc <hw_endpoint_reset_transfer>:
20000abc:	2300      	movs	r3, #0
20000abe:	e9c0 3304 	strd	r3, r3, [r0, #16]
20000ac2:	7683      	strb	r3, [r0, #26]
20000ac4:	4770      	bx	lr
20000ac6:	bf00      	nop

20000ac8 <_hw_endpoint_buffer_control_update32>:
20000ac8:	b510      	push	{r4, lr}
20000aca:	6883      	ldr	r3, [r0, #8]
20000acc:	b109      	cbz	r1, 20000ad2 <_hw_endpoint_buffer_control_update32+0xa>
20000ace:	681c      	ldr	r4, [r3, #0]
20000ad0:	4021      	ands	r1, r4
20000ad2:	b182      	cbz	r2, 20000af6 <_hw_endpoint_buffer_control_update32+0x2e>
20000ad4:	4311      	orrs	r1, r2
20000ad6:	0552      	lsls	r2, r2, #21
20000ad8:	d50d      	bpl.n	20000af6 <_hw_endpoint_buffer_control_update32+0x2e>
20000ada:	681a      	ldr	r2, [r3, #0]
20000adc:	0554      	lsls	r4, r2, #21
20000ade:	d40c      	bmi.n	20000afa <_hw_endpoint_buffer_control_update32+0x32>
20000ae0:	4a08      	ldr	r2, [pc, #32]	@ (20000b04 <_hw_endpoint_buffer_control_update32+0x3c>)
20000ae2:	f421 6480 	bic.w	r4, r1, #1024	@ 0x400
20000ae6:	601c      	str	r4, [r3, #0]
20000ae8:	6c12      	ldr	r2, [r2, #64]	@ 0x40
20000aea:	0792      	lsls	r2, r2, #30
20000aec:	d403      	bmi.n	20000af6 <_hw_endpoint_buffer_control_update32+0x2e>
20000aee:	230c      	movs	r3, #12
20000af0:	3b03      	subs	r3, #3
20000af2:	d2fd      	bcs.n	20000af0 <_hw_endpoint_buffer_control_update32+0x28>
20000af4:	6883      	ldr	r3, [r0, #8]
20000af6:	6019      	str	r1, [r3, #0]
20000af8:	bd10      	pop	{r4, pc}
20000afa:	7881      	ldrb	r1, [r0, #2]
20000afc:	4802      	ldr	r0, [pc, #8]	@ (20000b08 <_hw_endpoint_buffer_control_update32+0x40>)
20000afe:	f000 fce7 	bl	200014d0 <__panic_veneer>
20000b02:	bf00      	nop
20000b04:	50110000 	.word	0x50110000
20000b08:	10006718 	.word	0x10006718

20000b0c <hw_endpoint_start_next_buffer>:
20000b0c:	b530      	push	{r4, r5, lr}
20000b0e:	6843      	ldr	r3, [r0, #4]
20000b10:	2100      	movs	r1, #0
20000b12:	b083      	sub	sp, #12
20000b14:	4604      	mov	r4, r0
20000b16:	681d      	ldr	r5, [r3, #0]
20000b18:	f7ff fed8 	bl	200008cc <prepare_ep_buffer>
20000b1c:	4b13      	ldr	r3, [pc, #76]	@ (20000b6c <hw_endpoint_start_next_buffer+0x60>)
20000b1e:	f440 5280 	orr.w	r2, r0, #4096	@ 0x1000
20000b22:	6c19      	ldr	r1, [r3, #64]	@ 0x40
20000b24:	78a3      	ldrb	r3, [r4, #2]
20000b26:	0789      	lsls	r1, r1, #30
20000b28:	d50e      	bpl.n	20000b48 <hw_endpoint_start_next_buffer+0x3c>
20000b2a:	065b      	lsls	r3, r3, #25
20000b2c:	d00e      	beq.n	20000b4c <hw_endpoint_start_next_buffer+0x40>
20000b2e:	f025 45a0 	bic.w	r5, r5, #1342177280	@ 0x50000000
20000b32:	f045 5500 	orr.w	r5, r5, #536870912	@ 0x20000000
20000b36:	2100      	movs	r1, #0
20000b38:	4620      	mov	r0, r4
20000b3a:	6863      	ldr	r3, [r4, #4]
20000b3c:	601d      	str	r5, [r3, #0]
20000b3e:	b003      	add	sp, #12
20000b40:	e8bd 4030 	ldmia.w	sp!, {r4, r5, lr}
20000b44:	f7ff bfc0 	b.w	20000ac8 <_hw_endpoint_buffer_control_update32>
20000b48:	09db      	lsrs	r3, r3, #7
20000b4a:	d0f0      	beq.n	20000b2e <hw_endpoint_start_next_buffer+0x22>
20000b4c:	8aa3      	ldrh	r3, [r4, #20]
20000b4e:	2b00      	cmp	r3, #0
20000b50:	d0ed      	beq.n	20000b2e <hw_endpoint_start_next_buffer+0x22>
20000b52:	2101      	movs	r1, #1
20000b54:	4620      	mov	r0, r4
20000b56:	9201      	str	r2, [sp, #4]
20000b58:	f7ff feb8 	bl	200008cc <prepare_ep_buffer>
20000b5c:	9a01      	ldr	r2, [sp, #4]
20000b5e:	f025 5500 	bic.w	r5, r5, #536870912	@ 0x20000000
20000b62:	4302      	orrs	r2, r0
20000b64:	f045 45a0 	orr.w	r5, r5, #1342177280	@ 0x50000000
20000b68:	e7e5      	b.n	20000b36 <hw_endpoint_start_next_buffer+0x2a>
20000b6a:	bf00      	nop
20000b6c:	50110000 	.word	0x50110000

20000b70 <hw_endpoint_xfer_continue>:
20000b70:	b538      	push	{r3, r4, r5, lr}
20000b72:	7e85      	ldrb	r5, [r0, #26]
20000b74:	4604      	mov	r4, r0
20000b76:	b195      	cbz	r5, 20000b9e <hw_endpoint_xfer_continue+0x2e>
20000b78:	f7ff ff62 	bl	20000a40 <_hw_endpoint_xfer_sync>
20000b7c:	8aa3      	ldrh	r3, [r4, #20]
20000b7e:	b90b      	cbnz	r3, 20000b84 <hw_endpoint_xfer_continue+0x14>
20000b80:	4628      	mov	r0, r5
20000b82:	bd38      	pop	{r3, r4, r5, pc}
20000b84:	4620      	mov	r0, r4
20000b86:	f7ff ff85 	bl	20000a94 <e15_is_critical_frame_period>
20000b8a:	b120      	cbz	r0, 20000b96 <hw_endpoint_xfer_continue+0x26>
20000b8c:	2301      	movs	r3, #1
20000b8e:	7723      	strb	r3, [r4, #28]
20000b90:	2500      	movs	r5, #0
20000b92:	4628      	mov	r0, r5
20000b94:	bd38      	pop	{r3, r4, r5, pc}
20000b96:	4620      	mov	r0, r4
20000b98:	f7ff ffb8 	bl	20000b0c <hw_endpoint_start_next_buffer>
20000b9c:	e7f8      	b.n	20000b90 <hw_endpoint_xfer_continue+0x20>
20000b9e:	7881      	ldrb	r1, [r0, #2]
20000ba0:	4801      	ldr	r0, [pc, #4]	@ (20000ba8 <hw_endpoint_xfer_continue+0x38>)
20000ba2:	f000 fc95 	bl	200014d0 <__panic_veneer>
20000ba6:	bf00      	nop
20000ba8:	10006738 	.word	0x10006738

20000bac <dcd_event_handler>:
20000bac:	e92d 43f0 	stmdb	sp!, {r4, r5, r6, r7, r8, r9, lr}
20000bb0:	7843      	ldrb	r3, [r0, #1]
20000bb2:	4681      	mov	r9, r0
20000bb4:	3b02      	subs	r3, #2
20000bb6:	460d      	mov	r5, r1
20000bb8:	b085      	sub	sp, #20
20000bba:	2b04      	cmp	r3, #4
20000bbc:	d813      	bhi.n	20000be6 <dcd_event_handler+0x3a>
20000bbe:	e8df f003 	tbb	[pc, r3]
20000bc2:	4a03      	.short	0x4a03
20000bc4:	736a      	.short	0x736a
20000bc6:	44          	.byte	0x44
20000bc7:	00          	.byte	0x00
20000bc8:	2100      	movs	r1, #0
20000bca:	4b7b      	ldr	r3, [pc, #492]	@ (20000db8 <dcd_event_handler+0x20c>)
20000bcc:	781a      	ldrb	r2, [r3, #0]
20000bce:	f022 0201 	bic.w	r2, r2, #1
20000bd2:	701a      	strb	r2, [r3, #0]
20000bd4:	781a      	ldrb	r2, [r3, #0]
20000bd6:	f022 0202 	bic.w	r2, r2, #2
20000bda:	701a      	strb	r2, [r3, #0]
20000bdc:	7059      	strb	r1, [r3, #1]
20000bde:	781a      	ldrb	r2, [r3, #0]
20000be0:	f361 0282 	bfi	r2, r1, #2, #1
20000be4:	701a      	strb	r2, [r3, #0]
20000be6:	4b75      	ldr	r3, [pc, #468]	@ (20000dbc <dcd_event_handler+0x210>)
20000be8:	681c      	ldr	r4, [r3, #0]
20000bea:	6963      	ldr	r3, [r4, #20]
20000bec:	f3ef 8210 	mrs	r2, PRIMASK
20000bf0:	b672      	cpsid	i
20000bf2:	e8d3 0fcf 	ldaexb	r0, [r3]
20000bf6:	2101      	movs	r1, #1
20000bf8:	2800      	cmp	r0, #0
20000bfa:	d1fa      	bne.n	20000bf2 <dcd_event_handler+0x46>
20000bfc:	e8c3 1f40 	strexb	r0, r1, [r3]
20000c00:	2800      	cmp	r0, #0
20000c02:	d1f6      	bne.n	20000bf2 <dcd_event_handler+0x46>
20000c04:	f3bf 8f5f 	dmb	sy
20000c08:	61a2      	str	r2, [r4, #24]
20000c0a:	4649      	mov	r1, r9
20000c0c:	4620      	mov	r0, r4
20000c0e:	f000 fc6f 	bl	200014f0 <__tu_fifo_write_veneer>
20000c12:	2300      	movs	r3, #0
20000c14:	6962      	ldr	r2, [r4, #20]
20000c16:	e8c2 3f8f 	stlb	r3, [r2]
20000c1a:	69a3      	ldr	r3, [r4, #24]
20000c1c:	f383 8810 	msr	PRIMASK, r3
20000c20:	b948      	cbnz	r0, 20000c36 <dcd_event_handler+0x8a>
20000c22:	f04f 23e0 	mov.w	r3, #3758153728	@ 0xe000e000
20000c26:	f8d3 3df0 	ldr.w	r3, [r3, #3568]	@ 0xdf0
20000c2a:	07db      	lsls	r3, r3, #31
20000c2c:	d50a      	bpl.n	20000c44 <dcd_event_handler+0x98>
20000c2e:	be00      	bkpt	0x0000
20000c30:	b005      	add	sp, #20
20000c32:	e8bd 83f0 	ldmia.w	sp!, {r4, r5, r6, r7, r8, r9, pc}
20000c36:	462a      	mov	r2, r5
20000c38:	f899 1001 	ldrb.w	r1, [r9, #1]
20000c3c:	f899 0000 	ldrb.w	r0, [r9]
20000c40:	f000 fc42 	bl	200014c8 <__tud_event_hook_cb_veneer>
20000c44:	b005      	add	sp, #20
20000c46:	e8bd 83f0 	ldmia.w	sp!, {r4, r5, r6, r7, r8, r9, pc}
20000c4a:	4a5d      	ldr	r2, [pc, #372]	@ (20000dc0 <dcd_event_handler+0x214>)
20000c4c:	7813      	ldrb	r3, [r2, #0]
20000c4e:	3301      	adds	r3, #1
20000c50:	b2db      	uxtb	r3, r3
20000c52:	7013      	strb	r3, [r2, #0]
20000c54:	e7c7      	b.n	20000be6 <dcd_event_handler+0x3a>
20000c56:	2400      	movs	r4, #0
20000c58:	4e5a      	ldr	r6, [pc, #360]	@ (20000dc4 <dcd_event_handler+0x218>)
20000c5a:	4623      	mov	r3, r4
20000c5c:	7831      	ldrb	r1, [r6, #0]
20000c5e:	f8df 816c 	ldr.w	r8, [pc, #364]	@ 20000dcc <dcd_event_handler+0x220>
20000c62:	4f59      	ldr	r7, [pc, #356]	@ (20000dc8 <dcd_event_handler+0x21c>)
20000c64:	e011      	b.n	20000c8a <dcd_event_handler+0xde>
20000c66:	683b      	ldr	r3, [r7, #0]
20000c68:	eb13 1344 	adds.w	r3, r3, r4, lsl #5
20000c6c:	d007      	beq.n	20000c7e <dcd_event_handler+0xd2>
20000c6e:	69db      	ldr	r3, [r3, #28]
20000c70:	b12b      	cbz	r3, 20000c7e <dcd_event_handler+0xd2>
20000c72:	f8d9 1004 	ldr.w	r1, [r9, #4]
20000c76:	f899 0000 	ldrb.w	r0, [r9]
20000c7a:	4798      	blx	r3
20000c7c:	7831      	ldrb	r1, [r6, #0]
20000c7e:	3401      	adds	r4, #1
20000c80:	b2e4      	uxtb	r4, r4
20000c82:	1c4a      	adds	r2, r1, #1
20000c84:	42a2      	cmp	r2, r4
20000c86:	4623      	mov	r3, r4
20000c88:	db17      	blt.n	20000cba <dcd_event_handler+0x10e>
20000c8a:	42a1      	cmp	r1, r4
20000c8c:	d8eb      	bhi.n	20000c66 <dcd_event_handler+0xba>
20000c8e:	1a5b      	subs	r3, r3, r1
20000c90:	eb08 1343 	add.w	r3, r8, r3, lsl #5
20000c94:	e7eb      	b.n	20000c6e <dcd_event_handler+0xc2>
20000c96:	4b48      	ldr	r3, [pc, #288]	@ (20000db8 <dcd_event_handler+0x20c>)
20000c98:	781a      	ldrb	r2, [r3, #0]
20000c9a:	07d6      	lsls	r6, r2, #31
20000c9c:	d5d2      	bpl.n	20000c44 <dcd_event_handler+0x98>
20000c9e:	781a      	ldrb	r2, [r3, #0]
20000ca0:	f042 0204 	orr.w	r2, r2, #4
20000ca4:	701a      	strb	r2, [r3, #0]
20000ca6:	e79e      	b.n	20000be6 <dcd_event_handler+0x3a>
20000ca8:	4b43      	ldr	r3, [pc, #268]	@ (20000db8 <dcd_event_handler+0x20c>)
20000caa:	781a      	ldrb	r2, [r3, #0]
20000cac:	07d4      	lsls	r4, r2, #31
20000cae:	d5c9      	bpl.n	20000c44 <dcd_event_handler+0x98>
20000cb0:	781a      	ldrb	r2, [r3, #0]
20000cb2:	f022 0204 	bic.w	r2, r2, #4
20000cb6:	701a      	strb	r2, [r3, #0]
20000cb8:	e795      	b.n	20000be6 <dcd_event_handler+0x3a>
20000cba:	4c3f      	ldr	r4, [pc, #252]	@ (20000db8 <dcd_event_handler+0x20c>)
20000cbc:	7823      	ldrb	r3, [r4, #0]
20000cbe:	0758      	lsls	r0, r3, #29
20000cc0:	d43a      	bmi.n	20000d38 <dcd_event_handler+0x18c>
20000cc2:	78e3      	ldrb	r3, [r4, #3]
20000cc4:	07da      	lsls	r2, r3, #31
20000cc6:	d5bd      	bpl.n	20000c44 <dcd_event_handler+0x98>
20000cc8:	2303      	movs	r3, #3
20000cca:	2600      	movs	r6, #0
20000ccc:	4a3b      	ldr	r2, [pc, #236]	@ (20000dbc <dcd_event_handler+0x210>)
20000cce:	f899 1000 	ldrb.w	r1, [r9]
20000cd2:	6814      	ldr	r4, [r2, #0]
20000cd4:	f8d9 2004 	ldr.w	r2, [r9, #4]
20000cd8:	f88d 1004 	strb.w	r1, [sp, #4]
20000cdc:	f88d 3005 	strb.w	r3, [sp, #5]
20000ce0:	6963      	ldr	r3, [r4, #20]
20000ce2:	f8cd 6006 	str.w	r6, [sp, #6]
20000ce6:	f8cd 600a 	str.w	r6, [sp, #10]
20000cea:	f8ad 600e 	strh.w	r6, [sp, #14]
20000cee:	9202      	str	r2, [sp, #8]
20000cf0:	f3ef 8210 	mrs	r2, PRIMASK
20000cf4:	b672      	cpsid	i
20000cf6:	e8d3 0fcf 	ldaexb	r0, [r3]
20000cfa:	2101      	movs	r1, #1
20000cfc:	2800      	cmp	r0, #0
20000cfe:	d1fa      	bne.n	20000cf6 <dcd_event_handler+0x14a>
20000d00:	e8c3 1f40 	strexb	r0, r1, [r3]
20000d04:	2800      	cmp	r0, #0
20000d06:	d1f6      	bne.n	20000cf6 <dcd_event_handler+0x14a>
20000d08:	f3bf 8f5f 	dmb	sy
20000d0c:	4620      	mov	r0, r4
20000d0e:	61a2      	str	r2, [r4, #24]
20000d10:	a901      	add	r1, sp, #4
20000d12:	f000 fbed 	bl	200014f0 <__tu_fifo_write_veneer>
20000d16:	6963      	ldr	r3, [r4, #20]
20000d18:	e8c3 6f8f 	stlb	r6, [r3]
20000d1c:	69a3      	ldr	r3, [r4, #24]
20000d1e:	f383 8810 	msr	PRIMASK, r3
20000d22:	2800      	cmp	r0, #0
20000d24:	f43f af7d 	beq.w	20000c22 <dcd_event_handler+0x76>
20000d28:	462a      	mov	r2, r5
20000d2a:	f89d 1005 	ldrb.w	r1, [sp, #5]
20000d2e:	f89d 0004 	ldrb.w	r0, [sp, #4]
20000d32:	f000 fbc9 	bl	200014c8 <__tud_event_hook_cb_veneer>
20000d36:	e785      	b.n	20000c44 <dcd_event_handler+0x98>
20000d38:	7823      	ldrb	r3, [r4, #0]
20000d3a:	2700      	movs	r7, #0
20000d3c:	f023 0304 	bic.w	r3, r3, #4
20000d40:	7023      	strb	r3, [r4, #0]
20000d42:	2305      	movs	r3, #5
20000d44:	4a1d      	ldr	r2, [pc, #116]	@ (20000dbc <dcd_event_handler+0x210>)
20000d46:	f88d 3005 	strb.w	r3, [sp, #5]
20000d4a:	6816      	ldr	r6, [r2, #0]
20000d4c:	f899 2000 	ldrb.w	r2, [r9]
20000d50:	f8ad 700e 	strh.w	r7, [sp, #14]
20000d54:	f88d 2004 	strb.w	r2, [sp, #4]
20000d58:	6973      	ldr	r3, [r6, #20]
20000d5a:	f8cd 7006 	str.w	r7, [sp, #6]
20000d5e:	f8cd 700a 	str.w	r7, [sp, #10]
20000d62:	f3ef 8210 	mrs	r2, PRIMASK
20000d66:	b672      	cpsid	i
20000d68:	e8d3 0fcf 	ldaexb	r0, [r3]
20000d6c:	2101      	movs	r1, #1
20000d6e:	2800      	cmp	r0, #0
20000d70:	d1fa      	bne.n	20000d68 <dcd_event_handler+0x1bc>
20000d72:	e8c3 1f40 	strexb	r0, r1, [r3]
20000d76:	2800      	cmp	r0, #0
20000d78:	d1f6      	bne.n	20000d68 <dcd_event_handler+0x1bc>
20000d7a:	f3bf 8f5f 	dmb	sy
20000d7e:	4630      	mov	r0, r6
20000d80:	61b2      	str	r2, [r6, #24]
20000d82:	a901      	add	r1, sp, #4
20000d84:	f000 fbb4 	bl	200014f0 <__tu_fifo_write_veneer>
20000d88:	6973      	ldr	r3, [r6, #20]
20000d8a:	e8c3 7f8f 	stlb	r7, [r3]
20000d8e:	69b3      	ldr	r3, [r6, #24]
20000d90:	f383 8810 	msr	PRIMASK, r3
20000d94:	b938      	cbnz	r0, 20000da6 <dcd_event_handler+0x1fa>
20000d96:	f04f 23e0 	mov.w	r3, #3758153728	@ 0xe000e000
20000d9a:	f8d3 3df0 	ldr.w	r3, [r3, #3568]	@ 0xdf0
20000d9e:	07d9      	lsls	r1, r3, #31
20000da0:	d58f      	bpl.n	20000cc2 <dcd_event_handler+0x116>
20000da2:	be00      	bkpt	0x0000
20000da4:	e78d      	b.n	20000cc2 <dcd_event_handler+0x116>
20000da6:	462a      	mov	r2, r5
20000da8:	f89d 1005 	ldrb.w	r1, [sp, #5]
20000dac:	f89d 0004 	ldrb.w	r0, [sp, #4]
20000db0:	f000 fb8a 	bl	200014c8 <__tud_event_hook_cb_veneer>
20000db4:	e785      	b.n	20000cc2 <dcd_event_handler+0x116>
20000db6:	bf00      	nop
20000db8:	20001900 	.word	0x20001900
20000dbc:	20001958 	.word	0x20001958
20000dc0:	200023cb 	.word	0x200023cb
20000dc4:	200023c9 	.word	0x200023c9
20000dc8:	20001730 	.word	0x20001730
20000dcc:	10006b6c 	.word	0x10006b6c

20000dd0 <__aeabi_drsub>:
20000dd0:	f081 4100 	eor.w	r1, r1, #2147483648	@ 0x80000000
20000dd4:	e002      	b.n	20000ddc <__adddf3>
20000dd6:	bf00      	nop

20000dd8 <__aeabi_dsub>:
20000dd8:	f083 4300 	eor.w	r3, r3, #2147483648	@ 0x80000000

20000ddc <__adddf3>:
20000ddc:	b530      	push	{r4, r5, lr}
20000dde:	ea4f 0441 	mov.w	r4, r1, lsl #1
20000de2:	ea4f 0543 	mov.w	r5, r3, lsl #1
20000de6:	ea94 0f05 	teq	r4, r5
20000dea:	bf08      	it	eq
20000dec:	ea90 0f02 	teqeq	r0, r2
20000df0:	bf1f      	itttt	ne
20000df2:	ea54 0c00 	orrsne.w	ip, r4, r0
20000df6:	ea55 0c02 	orrsne.w	ip, r5, r2
20000dfa:	ea7f 5c64 	mvnsne.w	ip, r4, asr #21
20000dfe:	ea7f 5c65 	mvnsne.w	ip, r5, asr #21
20000e02:	f000 80e2 	beq.w	20000fca <__adddf3+0x1ee>
20000e06:	ea4f 5454 	mov.w	r4, r4, lsr #21
20000e0a:	ebd4 5555 	rsbs	r5, r4, r5, lsr #21
20000e0e:	bfb8      	it	lt
20000e10:	426d      	neglt	r5, r5
20000e12:	dd0c      	ble.n	20000e2e <__adddf3+0x52>
20000e14:	442c      	add	r4, r5
20000e16:	ea80 0202 	eor.w	r2, r0, r2
20000e1a:	ea81 0303 	eor.w	r3, r1, r3
20000e1e:	ea82 0000 	eor.w	r0, r2, r0
20000e22:	ea83 0101 	eor.w	r1, r3, r1
20000e26:	ea80 0202 	eor.w	r2, r0, r2
20000e2a:	ea81 0303 	eor.w	r3, r1, r3
20000e2e:	2d36      	cmp	r5, #54	@ 0x36
20000e30:	bf88      	it	hi
20000e32:	bd30      	pophi	{r4, r5, pc}
20000e34:	f011 4f00 	tst.w	r1, #2147483648	@ 0x80000000
20000e38:	ea4f 3101 	mov.w	r1, r1, lsl #12
20000e3c:	f44f 1c80 	mov.w	ip, #1048576	@ 0x100000
20000e40:	ea4c 3111 	orr.w	r1, ip, r1, lsr #12
20000e44:	d002      	beq.n	20000e4c <__adddf3+0x70>
20000e46:	4240      	negs	r0, r0
20000e48:	eb61 0141 	sbc.w	r1, r1, r1, lsl #1
20000e4c:	f013 4f00 	tst.w	r3, #2147483648	@ 0x80000000
20000e50:	ea4f 3303 	mov.w	r3, r3, lsl #12
20000e54:	ea4c 3313 	orr.w	r3, ip, r3, lsr #12
20000e58:	d002      	beq.n	20000e60 <__adddf3+0x84>
20000e5a:	4252      	negs	r2, r2
20000e5c:	eb63 0343 	sbc.w	r3, r3, r3, lsl #1
20000e60:	ea94 0f05 	teq	r4, r5
20000e64:	f000 80a7 	beq.w	20000fb6 <__adddf3+0x1da>
20000e68:	f1a4 0401 	sub.w	r4, r4, #1
20000e6c:	f1d5 0e20 	rsbs	lr, r5, #32
20000e70:	db0d      	blt.n	20000e8e <__adddf3+0xb2>
20000e72:	fa02 fc0e 	lsl.w	ip, r2, lr
20000e76:	fa22 f205 	lsr.w	r2, r2, r5
20000e7a:	1880      	adds	r0, r0, r2
20000e7c:	f141 0100 	adc.w	r1, r1, #0
20000e80:	fa03 f20e 	lsl.w	r2, r3, lr
20000e84:	1880      	adds	r0, r0, r2
20000e86:	fa43 f305 	asr.w	r3, r3, r5
20000e8a:	4159      	adcs	r1, r3
20000e8c:	e00e      	b.n	20000eac <__adddf3+0xd0>
20000e8e:	f1a5 0520 	sub.w	r5, r5, #32
20000e92:	f10e 0e20 	add.w	lr, lr, #32
20000e96:	2a01      	cmp	r2, #1
20000e98:	fa03 fc0e 	lsl.w	ip, r3, lr
20000e9c:	bf28      	it	cs
20000e9e:	f04c 0c02 	orrcs.w	ip, ip, #2
20000ea2:	fa43 f305 	asr.w	r3, r3, r5
20000ea6:	18c0      	adds	r0, r0, r3
20000ea8:	eb51 71e3 	adcs.w	r1, r1, r3, asr #31
20000eac:	f001 4500 	and.w	r5, r1, #2147483648	@ 0x80000000
20000eb0:	d507      	bpl.n	20000ec2 <__adddf3+0xe6>
20000eb2:	f04f 0e00 	mov.w	lr, #0
20000eb6:	f1dc 0c00 	rsbs	ip, ip, #0
20000eba:	eb7e 0000 	sbcs.w	r0, lr, r0
20000ebe:	eb6e 0101 	sbc.w	r1, lr, r1
20000ec2:	f5b1 1f80 	cmp.w	r1, #1048576	@ 0x100000
20000ec6:	d31b      	bcc.n	20000f00 <__adddf3+0x124>
20000ec8:	f5b1 1f00 	cmp.w	r1, #2097152	@ 0x200000
20000ecc:	d30c      	bcc.n	20000ee8 <__adddf3+0x10c>
20000ece:	0849      	lsrs	r1, r1, #1
20000ed0:	ea5f 0030 	movs.w	r0, r0, rrx
20000ed4:	ea4f 0c3c 	mov.w	ip, ip, rrx
20000ed8:	f104 0401 	add.w	r4, r4, #1
20000edc:	ea4f 5244 	mov.w	r2, r4, lsl #21
20000ee0:	f512 0f80 	cmn.w	r2, #4194304	@ 0x400000
20000ee4:	f080 809a 	bcs.w	2000101c <__adddf3+0x240>
20000ee8:	f1bc 4f00 	cmp.w	ip, #2147483648	@ 0x80000000
20000eec:	bf08      	it	eq
20000eee:	ea5f 0c50 	movseq.w	ip, r0, lsr #1
20000ef2:	f150 0000 	adcs.w	r0, r0, #0
20000ef6:	eb41 5104 	adc.w	r1, r1, r4, lsl #20
20000efa:	ea41 0105 	orr.w	r1, r1, r5
20000efe:	bd30      	pop	{r4, r5, pc}
20000f00:	ea5f 0c4c 	movs.w	ip, ip, lsl #1
20000f04:	4140      	adcs	r0, r0
20000f06:	eb41 0101 	adc.w	r1, r1, r1
20000f0a:	3c01      	subs	r4, #1
20000f0c:	bf28      	it	cs
20000f0e:	f5b1 1f80 	cmpcs.w	r1, #1048576	@ 0x100000
20000f12:	d2e9      	bcs.n	20000ee8 <__adddf3+0x10c>
20000f14:	f091 0f00 	teq	r1, #0
20000f18:	bf04      	itt	eq
20000f1a:	4601      	moveq	r1, r0
20000f1c:	2000      	moveq	r0, #0
20000f1e:	fab1 f381 	clz	r3, r1
20000f22:	bf08      	it	eq
20000f24:	3320      	addeq	r3, #32
20000f26:	f1a3 030b 	sub.w	r3, r3, #11
20000f2a:	f1b3 0220 	subs.w	r2, r3, #32
20000f2e:	da0c      	bge.n	20000f4a <__adddf3+0x16e>
20000f30:	320c      	adds	r2, #12
20000f32:	dd08      	ble.n	20000f46 <__adddf3+0x16a>
20000f34:	f102 0c14 	add.w	ip, r2, #20
20000f38:	f1c2 020c 	rsb	r2, r2, #12
20000f3c:	fa01 f00c 	lsl.w	r0, r1, ip
20000f40:	fa21 f102 	lsr.w	r1, r1, r2
20000f44:	e00c      	b.n	20000f60 <__adddf3+0x184>
20000f46:	f102 0214 	add.w	r2, r2, #20
20000f4a:	bfd8      	it	le
20000f4c:	f1c2 0c20 	rsble	ip, r2, #32
20000f50:	fa01 f102 	lsl.w	r1, r1, r2
20000f54:	fa20 fc0c 	lsr.w	ip, r0, ip
20000f58:	bfdc      	itt	le
20000f5a:	ea41 010c 	orrle.w	r1, r1, ip
20000f5e:	4090      	lslle	r0, r2
20000f60:	1ae4      	subs	r4, r4, r3
20000f62:	bfa2      	ittt	ge
20000f64:	eb01 5104 	addge.w	r1, r1, r4, lsl #20
20000f68:	4329      	orrge	r1, r5
20000f6a:	bd30      	popge	{r4, r5, pc}
20000f6c:	ea6f 0404 	mvn.w	r4, r4
20000f70:	3c1f      	subs	r4, #31
20000f72:	da1c      	bge.n	20000fae <__adddf3+0x1d2>
20000f74:	340c      	adds	r4, #12
20000f76:	dc0e      	bgt.n	20000f96 <__adddf3+0x1ba>
20000f78:	f104 0414 	add.w	r4, r4, #20
20000f7c:	f1c4 0220 	rsb	r2, r4, #32
20000f80:	fa20 f004 	lsr.w	r0, r0, r4
20000f84:	fa01 f302 	lsl.w	r3, r1, r2
20000f88:	ea40 0003 	orr.w	r0, r0, r3
20000f8c:	fa21 f304 	lsr.w	r3, r1, r4
20000f90:	ea45 0103 	orr.w	r1, r5, r3
20000f94:	bd30      	pop	{r4, r5, pc}
20000f96:	f1c4 040c 	rsb	r4, r4, #12
20000f9a:	f1c4 0220 	rsb	r2, r4, #32
20000f9e:	fa20 f002 	lsr.w	r0, r0, r2
20000fa2:	fa01 f304 	lsl.w	r3, r1, r4
20000fa6:	ea40 0003 	orr.w	r0, r0, r3
20000faa:	4629      	mov	r1, r5
20000fac:	bd30      	pop	{r4, r5, pc}
20000fae:	fa21 f004 	lsr.w	r0, r1, r4
20000fb2:	4629      	mov	r1, r5
20000fb4:	bd30      	pop	{r4, r5, pc}
20000fb6:	f094 0f00 	teq	r4, #0
20000fba:	f483 1380 	eor.w	r3, r3, #1048576	@ 0x100000
20000fbe:	bf06      	itte	eq
20000fc0:	f481 1180 	eoreq.w	r1, r1, #1048576	@ 0x100000
20000fc4:	3401      	addeq	r4, #1
20000fc6:	3d01      	subne	r5, #1
20000fc8:	e74e      	b.n	20000e68 <__adddf3+0x8c>
20000fca:	ea7f 5c64 	mvns.w	ip, r4, asr #21
20000fce:	bf18      	it	ne
20000fd0:	ea7f 5c65 	mvnsne.w	ip, r5, asr #21
20000fd4:	d029      	beq.n	2000102a <__adddf3+0x24e>
20000fd6:	ea94 0f05 	teq	r4, r5
20000fda:	bf08      	it	eq
20000fdc:	ea90 0f02 	teqeq	r0, r2
20000fe0:	d005      	beq.n	20000fee <__adddf3+0x212>
20000fe2:	ea54 0c00 	orrs.w	ip, r4, r0
20000fe6:	bf04      	itt	eq
20000fe8:	4619      	moveq	r1, r3
20000fea:	4610      	moveq	r0, r2
20000fec:	bd30      	pop	{r4, r5, pc}
20000fee:	ea91 0f03 	teq	r1, r3
20000ff2:	bf1e      	ittt	ne
20000ff4:	2100      	movne	r1, #0
20000ff6:	2000      	movne	r0, #0
20000ff8:	bd30      	popne	{r4, r5, pc}
20000ffa:	ea5f 5c54 	movs.w	ip, r4, lsr #21
20000ffe:	d105      	bne.n	2000100c <__adddf3+0x230>
20001000:	0040      	lsls	r0, r0, #1
20001002:	4149      	adcs	r1, r1
20001004:	bf28      	it	cs
20001006:	f041 4100 	orrcs.w	r1, r1, #2147483648	@ 0x80000000
2000100a:	bd30      	pop	{r4, r5, pc}
2000100c:	f514 0480 	adds.w	r4, r4, #4194304	@ 0x400000
20001010:	bf3c      	itt	cc
20001012:	f501 1180 	addcc.w	r1, r1, #1048576	@ 0x100000
20001016:	bd30      	popcc	{r4, r5, pc}
20001018:	f001 4500 	and.w	r5, r1, #2147483648	@ 0x80000000
2000101c:	f045 41fe 	orr.w	r1, r5, #2130706432	@ 0x7f000000
20001020:	f441 0170 	orr.w	r1, r1, #15728640	@ 0xf00000
20001024:	f04f 0000 	mov.w	r0, #0
20001028:	bd30      	pop	{r4, r5, pc}
2000102a:	ea7f 5c64 	mvns.w	ip, r4, asr #21
2000102e:	bf1a      	itte	ne
20001030:	4619      	movne	r1, r3
20001032:	4610      	movne	r0, r2
20001034:	ea7f 5c65 	mvnseq.w	ip, r5, asr #21
20001038:	bf1c      	itt	ne
2000103a:	460b      	movne	r3, r1
2000103c:	4602      	movne	r2, r0
2000103e:	ea50 3401 	orrs.w	r4, r0, r1, lsl #12
20001042:	bf06      	itte	eq
20001044:	ea52 3503 	orrseq.w	r5, r2, r3, lsl #12
20001048:	ea91 0f03 	teqeq	r1, r3
2000104c:	f441 2100 	orrne.w	r1, r1, #524288	@ 0x80000
20001050:	bd30      	pop	{r4, r5, pc}
20001052:	bf00      	nop

20001054 <__aeabi_ui2d>:
20001054:	f090 0f00 	teq	r0, #0
20001058:	bf04      	itt	eq
2000105a:	2100      	moveq	r1, #0
2000105c:	4770      	bxeq	lr
2000105e:	b530      	push	{r4, r5, lr}
20001060:	f44f 6480 	mov.w	r4, #1024	@ 0x400
20001064:	f104 0432 	add.w	r4, r4, #50	@ 0x32
20001068:	f04f 0500 	mov.w	r5, #0
2000106c:	f04f 0100 	mov.w	r1, #0
20001070:	e750      	b.n	20000f14 <__adddf3+0x138>
20001072:	bf00      	nop

20001074 <__aeabi_i2d>:
20001074:	f090 0f00 	teq	r0, #0
20001078:	bf04      	itt	eq
2000107a:	2100      	moveq	r1, #0
2000107c:	4770      	bxeq	lr
2000107e:	b530      	push	{r4, r5, lr}
20001080:	f44f 6480 	mov.w	r4, #1024	@ 0x400
20001084:	f104 0432 	add.w	r4, r4, #50	@ 0x32
20001088:	f010 4500 	ands.w	r5, r0, #2147483648	@ 0x80000000
2000108c:	bf48      	it	mi
2000108e:	4240      	negmi	r0, r0
20001090:	f04f 0100 	mov.w	r1, #0
20001094:	e73e      	b.n	20000f14 <__adddf3+0x138>
20001096:	bf00      	nop

20001098 <__aeabi_f2d>:
20001098:	0042      	lsls	r2, r0, #1
2000109a:	ea4f 01e2 	mov.w	r1, r2, asr #3
2000109e:	ea4f 0131 	mov.w	r1, r1, rrx
200010a2:	ea4f 7002 	mov.w	r0, r2, lsl #28
200010a6:	bf1f      	itttt	ne
200010a8:	f012 437f 	andsne.w	r3, r2, #4278190080	@ 0xff000000
200010ac:	f093 4f7f 	teqne	r3, #4278190080	@ 0xff000000
200010b0:	f081 5160 	eorne.w	r1, r1, #939524096	@ 0x38000000
200010b4:	4770      	bxne	lr
200010b6:	f032 427f 	bics.w	r2, r2, #4278190080	@ 0xff000000
200010ba:	bf08      	it	eq
200010bc:	4770      	bxeq	lr
200010be:	f093 4f7f 	teq	r3, #4278190080	@ 0xff000000
200010c2:	bf04      	itt	eq
200010c4:	f441 2100 	orreq.w	r1, r1, #524288	@ 0x80000
200010c8:	4770      	bxeq	lr
200010ca:	b530      	push	{r4, r5, lr}
200010cc:	f44f 7460 	mov.w	r4, #896	@ 0x380
200010d0:	f001 4500 	and.w	r5, r1, #2147483648	@ 0x80000000
200010d4:	f021 4100 	bic.w	r1, r1, #2147483648	@ 0x80000000
200010d8:	e71c      	b.n	20000f14 <__adddf3+0x138>
200010da:	bf00      	nop

200010dc <__aeabi_ul2d>:
200010dc:	ea50 0201 	orrs.w	r2, r0, r1
200010e0:	bf08      	it	eq
200010e2:	4770      	bxeq	lr
200010e4:	b530      	push	{r4, r5, lr}
200010e6:	f04f 0500 	mov.w	r5, #0
200010ea:	e00a      	b.n	20001102 <__aeabi_l2d+0x16>

200010ec <__aeabi_l2d>:
200010ec:	ea50 0201 	orrs.w	r2, r0, r1
200010f0:	bf08      	it	eq
200010f2:	4770      	bxeq	lr
200010f4:	b530      	push	{r4, r5, lr}
200010f6:	f011 4500 	ands.w	r5, r1, #2147483648	@ 0x80000000
200010fa:	d502      	bpl.n	20001102 <__aeabi_l2d+0x16>
200010fc:	4240      	negs	r0, r0
200010fe:	eb61 0141 	sbc.w	r1, r1, r1, lsl #1
20001102:	f44f 6480 	mov.w	r4, #1024	@ 0x400
20001106:	f104 0432 	add.w	r4, r4, #50	@ 0x32
2000110a:	ea5f 5c91 	movs.w	ip, r1, lsr #22
2000110e:	f43f aed8 	beq.w	20000ec2 <__adddf3+0xe6>
20001112:	f04f 0203 	mov.w	r2, #3
20001116:	ea5f 0cdc 	movs.w	ip, ip, lsr #3
2000111a:	bf18      	it	ne
2000111c:	3203      	addne	r2, #3
2000111e:	ea5f 0cdc 	movs.w	ip, ip, lsr #3
20001122:	bf18      	it	ne
20001124:	3203      	addne	r2, #3
20001126:	eb02 02dc 	add.w	r2, r2, ip, lsr #3
2000112a:	f1c2 0320 	rsb	r3, r2, #32
2000112e:	fa00 fc03 	lsl.w	ip, r0, r3
20001132:	fa20 f002 	lsr.w	r0, r0, r2
20001136:	fa01 fe03 	lsl.w	lr, r1, r3
2000113a:	ea40 000e 	orr.w	r0, r0, lr
2000113e:	fa21 f102 	lsr.w	r1, r1, r2
20001142:	4414      	add	r4, r2
20001144:	e6bd      	b.n	20000ec2 <__adddf3+0xe6>
20001146:	bf00      	nop

20001148 <__aeabi_uldivmod>:
20001148:	b953      	cbnz	r3, 20001160 <__aeabi_uldivmod+0x18>
2000114a:	b94a      	cbnz	r2, 20001160 <__aeabi_uldivmod+0x18>
2000114c:	2900      	cmp	r1, #0
2000114e:	bf08      	it	eq
20001150:	2800      	cmpeq	r0, #0
20001152:	bf1c      	itt	ne
20001154:	f04f 31ff 	movne.w	r1, #4294967295	@ 0xffffffff
20001158:	f04f 30ff 	movne.w	r0, #4294967295	@ 0xffffffff
2000115c:	f000 b9b2 	b.w	200014c4 <__aeabi_idiv0>
20001160:	f1ad 0c08 	sub.w	ip, sp, #8
20001164:	e96d ce04 	strd	ip, lr, [sp, #-16]!
20001168:	f000 f806 	bl	20001178 <__udivmoddi4>
2000116c:	f8dd e004 	ldr.w	lr, [sp, #4]
20001170:	e9dd 2302 	ldrd	r2, r3, [sp, #8]
20001174:	b004      	add	sp, #16
20001176:	4770      	bx	lr

20001178 <__udivmoddi4>:
20001178:	e92d 4ff0 	stmdb	sp!, {r4, r5, r6, r7, r8, r9, sl, fp, lr}
2000117c:	468c      	mov	ip, r1
2000117e:	9e09      	ldr	r6, [sp, #36]	@ 0x24
20001180:	4604      	mov	r4, r0
20001182:	460f      	mov	r7, r1
20001184:	2b00      	cmp	r3, #0
20001186:	d148      	bne.n	2000121a <__udivmoddi4+0xa2>
20001188:	428a      	cmp	r2, r1
2000118a:	4615      	mov	r5, r2
2000118c:	d95e      	bls.n	2000124c <__udivmoddi4+0xd4>
2000118e:	fab2 f382 	clz	r3, r2
20001192:	b13b      	cbz	r3, 200011a4 <__udivmoddi4+0x2c>
20001194:	f1c3 0220 	rsb	r2, r3, #32
20001198:	409f      	lsls	r7, r3
2000119a:	409d      	lsls	r5, r3
2000119c:	409c      	lsls	r4, r3
2000119e:	fa20 f202 	lsr.w	r2, r0, r2
200011a2:	4317      	orrs	r7, r2
200011a4:	ea4f 4e15 	mov.w	lr, r5, lsr #16
200011a8:	fa1f fc85 	uxth.w	ip, r5
200011ac:	0c22      	lsrs	r2, r4, #16
200011ae:	fbb7 f1fe 	udiv	r1, r7, lr
200011b2:	fb0e 7711 	mls	r7, lr, r1, r7
200011b6:	fb01 f00c 	mul.w	r0, r1, ip
200011ba:	ea42 4207 	orr.w	r2, r2, r7, lsl #16
200011be:	4290      	cmp	r0, r2
200011c0:	d907      	bls.n	200011d2 <__udivmoddi4+0x5a>
200011c2:	18aa      	adds	r2, r5, r2
200011c4:	f101 37ff 	add.w	r7, r1, #4294967295	@ 0xffffffff
200011c8:	d202      	bcs.n	200011d0 <__udivmoddi4+0x58>
200011ca:	4290      	cmp	r0, r2
200011cc:	f200 8158 	bhi.w	20001480 <__udivmoddi4+0x308>
200011d0:	4639      	mov	r1, r7
200011d2:	1a12      	subs	r2, r2, r0
200011d4:	b2a4      	uxth	r4, r4
200011d6:	fbb2 f0fe 	udiv	r0, r2, lr
200011da:	fb0e 2210 	mls	r2, lr, r0, r2
200011de:	fb00 fc0c 	mul.w	ip, r0, ip
200011e2:	ea44 4402 	orr.w	r4, r4, r2, lsl #16
200011e6:	45a4      	cmp	ip, r4
200011e8:	d90b      	bls.n	20001202 <__udivmoddi4+0x8a>
200011ea:	192c      	adds	r4, r5, r4
200011ec:	f100 32ff 	add.w	r2, r0, #4294967295	@ 0xffffffff
200011f0:	bf2c      	ite	cs
200011f2:	2701      	movcs	r7, #1
200011f4:	2700      	movcc	r7, #0
200011f6:	45a4      	cmp	ip, r4
200011f8:	d902      	bls.n	20001200 <__udivmoddi4+0x88>
200011fa:	2f00      	cmp	r7, #0
200011fc:	f000 8143 	beq.w	20001486 <__udivmoddi4+0x30e>
20001200:	4610      	mov	r0, r2
20001202:	ea40 4001 	orr.w	r0, r0, r1, lsl #16
20001206:	eba4 040c 	sub.w	r4, r4, ip
2000120a:	2100      	movs	r1, #0
2000120c:	b11e      	cbz	r6, 20001216 <__udivmoddi4+0x9e>
2000120e:	40dc      	lsrs	r4, r3
20001210:	2300      	movs	r3, #0
20001212:	e9c6 4300 	strd	r4, r3, [r6]
20001216:	e8bd 8ff0 	ldmia.w	sp!, {r4, r5, r6, r7, r8, r9, sl, fp, pc}
2000121a:	428b      	cmp	r3, r1
2000121c:	d906      	bls.n	2000122c <__udivmoddi4+0xb4>
2000121e:	b10e      	cbz	r6, 20001224 <__udivmoddi4+0xac>
20001220:	e9c6 0100 	strd	r0, r1, [r6]
20001224:	2100      	movs	r1, #0
20001226:	4608      	mov	r0, r1
20001228:	e8bd 8ff0 	ldmia.w	sp!, {r4, r5, r6, r7, r8, r9, sl, fp, pc}
2000122c:	fab3 f183 	clz	r1, r3
20001230:	2900      	cmp	r1, #0
20001232:	d151      	bne.n	200012d8 <__udivmoddi4+0x160>
20001234:	4563      	cmp	r3, ip
20001236:	f0c0 8116 	bcc.w	20001466 <__udivmoddi4+0x2ee>
2000123a:	4282      	cmp	r2, r0
2000123c:	f240 8113 	bls.w	20001466 <__udivmoddi4+0x2ee>
20001240:	4608      	mov	r0, r1
20001242:	2e00      	cmp	r6, #0
20001244:	d0e7      	beq.n	20001216 <__udivmoddi4+0x9e>
20001246:	e9c6 4700 	strd	r4, r7, [r6]
2000124a:	e7e4      	b.n	20001216 <__udivmoddi4+0x9e>
2000124c:	2a00      	cmp	r2, #0
2000124e:	f000 80af 	beq.w	200013b0 <__udivmoddi4+0x238>
20001252:	fab2 f382 	clz	r3, r2
20001256:	2b00      	cmp	r3, #0
20001258:	f040 80c2 	bne.w	200013e0 <__udivmoddi4+0x268>
2000125c:	1a8a      	subs	r2, r1, r2
2000125e:	ea4f 4e15 	mov.w	lr, r5, lsr #16
20001262:	b2af      	uxth	r7, r5
20001264:	2101      	movs	r1, #1
20001266:	0c20      	lsrs	r0, r4, #16
20001268:	fbb2 fcfe 	udiv	ip, r2, lr
2000126c:	fb0e 221c 	mls	r2, lr, ip, r2
20001270:	ea40 4202 	orr.w	r2, r0, r2, lsl #16
20001274:	fb07 f00c 	mul.w	r0, r7, ip
20001278:	4290      	cmp	r0, r2
2000127a:	d90e      	bls.n	2000129a <__udivmoddi4+0x122>
2000127c:	18aa      	adds	r2, r5, r2
2000127e:	f10c 38ff 	add.w	r8, ip, #4294967295	@ 0xffffffff
20001282:	bf2c      	ite	cs
20001284:	f04f 0901 	movcs.w	r9, #1
20001288:	f04f 0900 	movcc.w	r9, #0
2000128c:	4290      	cmp	r0, r2
2000128e:	d903      	bls.n	20001298 <__udivmoddi4+0x120>
20001290:	f1b9 0f00 	cmp.w	r9, #0
20001294:	f000 80f0 	beq.w	20001478 <__udivmoddi4+0x300>
20001298:	46c4      	mov	ip, r8
2000129a:	1a12      	subs	r2, r2, r0
2000129c:	b2a4      	uxth	r4, r4
2000129e:	fbb2 f0fe 	udiv	r0, r2, lr
200012a2:	fb0e 2210 	mls	r2, lr, r0, r2
200012a6:	fb00 f707 	mul.w	r7, r0, r7
200012aa:	ea44 4402 	orr.w	r4, r4, r2, lsl #16
200012ae:	42a7      	cmp	r7, r4
200012b0:	d90e      	bls.n	200012d0 <__udivmoddi4+0x158>
200012b2:	192c      	adds	r4, r5, r4
200012b4:	f100 32ff 	add.w	r2, r0, #4294967295	@ 0xffffffff
200012b8:	bf2c      	ite	cs
200012ba:	f04f 0e01 	movcs.w	lr, #1
200012be:	f04f 0e00 	movcc.w	lr, #0
200012c2:	42a7      	cmp	r7, r4
200012c4:	d903      	bls.n	200012ce <__udivmoddi4+0x156>
200012c6:	f1be 0f00 	cmp.w	lr, #0
200012ca:	f000 80d2 	beq.w	20001472 <__udivmoddi4+0x2fa>
200012ce:	4610      	mov	r0, r2
200012d0:	1be4      	subs	r4, r4, r7
200012d2:	ea40 400c 	orr.w	r0, r0, ip, lsl #16
200012d6:	e799      	b.n	2000120c <__udivmoddi4+0x94>
200012d8:	f1c1 0520 	rsb	r5, r1, #32
200012dc:	408b      	lsls	r3, r1
200012de:	fa0c f401 	lsl.w	r4, ip, r1
200012e2:	fa00 f901 	lsl.w	r9, r0, r1
200012e6:	fa22 f705 	lsr.w	r7, r2, r5
200012ea:	fa2c fc05 	lsr.w	ip, ip, r5
200012ee:	408a      	lsls	r2, r1
200012f0:	431f      	orrs	r7, r3
200012f2:	fa20 f305 	lsr.w	r3, r0, r5
200012f6:	0c38      	lsrs	r0, r7, #16
200012f8:	4323      	orrs	r3, r4
200012fa:	fa1f fe87 	uxth.w	lr, r7
200012fe:	0c1c      	lsrs	r4, r3, #16
20001300:	fbbc f8f0 	udiv	r8, ip, r0
20001304:	fb00 cc18 	mls	ip, r0, r8, ip
20001308:	ea44 440c 	orr.w	r4, r4, ip, lsl #16
2000130c:	fb08 fc0e 	mul.w	ip, r8, lr
20001310:	45a4      	cmp	ip, r4
20001312:	d90e      	bls.n	20001332 <__udivmoddi4+0x1ba>
20001314:	193c      	adds	r4, r7, r4
20001316:	f108 3aff 	add.w	sl, r8, #4294967295	@ 0xffffffff
2000131a:	bf2c      	ite	cs
2000131c:	f04f 0b01 	movcs.w	fp, #1
20001320:	f04f 0b00 	movcc.w	fp, #0
20001324:	45a4      	cmp	ip, r4
20001326:	d903      	bls.n	20001330 <__udivmoddi4+0x1b8>
20001328:	f1bb 0f00 	cmp.w	fp, #0
2000132c:	f000 80b8 	beq.w	200014a0 <__udivmoddi4+0x328>
20001330:	46d0      	mov	r8, sl
20001332:	eba4 040c 	sub.w	r4, r4, ip
20001336:	fa1f fc83 	uxth.w	ip, r3
2000133a:	fbb4 f3f0 	udiv	r3, r4, r0
2000133e:	fb00 4413 	mls	r4, r0, r3, r4
20001342:	fb03 fe0e 	mul.w	lr, r3, lr
20001346:	ea4c 4404 	orr.w	r4, ip, r4, lsl #16
2000134a:	45a6      	cmp	lr, r4
2000134c:	d90e      	bls.n	2000136c <__udivmoddi4+0x1f4>
2000134e:	193c      	adds	r4, r7, r4
20001350:	f103 30ff 	add.w	r0, r3, #4294967295	@ 0xffffffff
20001354:	bf2c      	ite	cs
20001356:	f04f 0c01 	movcs.w	ip, #1
2000135a:	f04f 0c00 	movcc.w	ip, #0
2000135e:	45a6      	cmp	lr, r4
20001360:	d903      	bls.n	2000136a <__udivmoddi4+0x1f2>
20001362:	f1bc 0f00 	cmp.w	ip, #0
20001366:	f000 809f 	beq.w	200014a8 <__udivmoddi4+0x330>
2000136a:	4603      	mov	r3, r0
2000136c:	ea43 4008 	orr.w	r0, r3, r8, lsl #16
20001370:	eba4 040e 	sub.w	r4, r4, lr
20001374:	fba0 ec02 	umull	lr, ip, r0, r2
20001378:	4564      	cmp	r4, ip
2000137a:	4673      	mov	r3, lr
2000137c:	46e0      	mov	r8, ip
2000137e:	d302      	bcc.n	20001386 <__udivmoddi4+0x20e>
20001380:	d107      	bne.n	20001392 <__udivmoddi4+0x21a>
20001382:	45f1      	cmp	r9, lr
20001384:	d205      	bcs.n	20001392 <__udivmoddi4+0x21a>
20001386:	ebbe 0302 	subs.w	r3, lr, r2
2000138a:	eb6c 0c07 	sbc.w	ip, ip, r7
2000138e:	3801      	subs	r0, #1
20001390:	46e0      	mov	r8, ip
20001392:	b15e      	cbz	r6, 200013ac <__udivmoddi4+0x234>
20001394:	ebb9 0203 	subs.w	r2, r9, r3
20001398:	eb64 0408 	sbc.w	r4, r4, r8
2000139c:	fa04 f505 	lsl.w	r5, r4, r5
200013a0:	fa22 f301 	lsr.w	r3, r2, r1
200013a4:	40cc      	lsrs	r4, r1
200013a6:	431d      	orrs	r5, r3
200013a8:	e9c6 5400 	strd	r5, r4, [r6]
200013ac:	2100      	movs	r1, #0
200013ae:	e732      	b.n	20001216 <__udivmoddi4+0x9e>
200013b0:	0842      	lsrs	r2, r0, #1
200013b2:	462f      	mov	r7, r5
200013b4:	084b      	lsrs	r3, r1, #1
200013b6:	46ac      	mov	ip, r5
200013b8:	ea42 72c1 	orr.w	r2, r2, r1, lsl #31
200013bc:	46ae      	mov	lr, r5
200013be:	07c4      	lsls	r4, r0, #31
200013c0:	0c11      	lsrs	r1, r2, #16
200013c2:	b292      	uxth	r2, r2
200013c4:	ea41 4103 	orr.w	r1, r1, r3, lsl #16
200013c8:	ea42 4201 	orr.w	r2, r2, r1, lsl #16
200013cc:	fbb1 f1f5 	udiv	r1, r1, r5
200013d0:	fbb3 f0f5 	udiv	r0, r3, r5
200013d4:	231f      	movs	r3, #31
200013d6:	eba2 020c 	sub.w	r2, r2, ip
200013da:	ea41 4100 	orr.w	r1, r1, r0, lsl #16
200013de:	e742      	b.n	20001266 <__udivmoddi4+0xee>
200013e0:	409d      	lsls	r5, r3
200013e2:	f1c3 0220 	rsb	r2, r3, #32
200013e6:	4099      	lsls	r1, r3
200013e8:	409c      	lsls	r4, r3
200013ea:	fa2c fc02 	lsr.w	ip, ip, r2
200013ee:	ea4f 4e15 	mov.w	lr, r5, lsr #16
200013f2:	fa20 f202 	lsr.w	r2, r0, r2
200013f6:	b2af      	uxth	r7, r5
200013f8:	fbbc f8fe 	udiv	r8, ip, lr
200013fc:	430a      	orrs	r2, r1
200013fe:	fb0e cc18 	mls	ip, lr, r8, ip
20001402:	0c11      	lsrs	r1, r2, #16
20001404:	ea41 410c 	orr.w	r1, r1, ip, lsl #16
20001408:	fb08 fc07 	mul.w	ip, r8, r7
2000140c:	458c      	cmp	ip, r1
2000140e:	d950      	bls.n	200014b2 <__udivmoddi4+0x33a>
20001410:	1869      	adds	r1, r5, r1
20001412:	f108 30ff 	add.w	r0, r8, #4294967295	@ 0xffffffff
20001416:	bf2c      	ite	cs
20001418:	f04f 0901 	movcs.w	r9, #1
2000141c:	f04f 0900 	movcc.w	r9, #0
20001420:	458c      	cmp	ip, r1
20001422:	d902      	bls.n	2000142a <__udivmoddi4+0x2b2>
20001424:	f1b9 0f00 	cmp.w	r9, #0
20001428:	d030      	beq.n	2000148c <__udivmoddi4+0x314>
2000142a:	eba1 010c 	sub.w	r1, r1, ip
2000142e:	fbb1 f8fe 	udiv	r8, r1, lr
20001432:	fb08 fc07 	mul.w	ip, r8, r7
20001436:	fb0e 1118 	mls	r1, lr, r8, r1
2000143a:	b292      	uxth	r2, r2
2000143c:	ea42 4201 	orr.w	r2, r2, r1, lsl #16
20001440:	4562      	cmp	r2, ip
20001442:	d234      	bcs.n	200014ae <__udivmoddi4+0x336>
20001444:	18aa      	adds	r2, r5, r2
20001446:	f108 31ff 	add.w	r1, r8, #4294967295	@ 0xffffffff
2000144a:	bf2c      	ite	cs
2000144c:	f04f 0901 	movcs.w	r9, #1
20001450:	f04f 0900 	movcc.w	r9, #0
20001454:	4562      	cmp	r2, ip
20001456:	d2be      	bcs.n	200013d6 <__udivmoddi4+0x25e>
20001458:	f1b9 0f00 	cmp.w	r9, #0
2000145c:	d1bb      	bne.n	200013d6 <__udivmoddi4+0x25e>
2000145e:	f1a8 0102 	sub.w	r1, r8, #2
20001462:	442a      	add	r2, r5
20001464:	e7b7      	b.n	200013d6 <__udivmoddi4+0x25e>
20001466:	1a84      	subs	r4, r0, r2
20001468:	eb6c 0203 	sbc.w	r2, ip, r3
2000146c:	2001      	movs	r0, #1
2000146e:	4617      	mov	r7, r2
20001470:	e6e7      	b.n	20001242 <__udivmoddi4+0xca>
20001472:	442c      	add	r4, r5
20001474:	3802      	subs	r0, #2
20001476:	e72b      	b.n	200012d0 <__udivmoddi4+0x158>
20001478:	f1ac 0c02 	sub.w	ip, ip, #2
2000147c:	442a      	add	r2, r5
2000147e:	e70c      	b.n	2000129a <__udivmoddi4+0x122>
20001480:	3902      	subs	r1, #2
20001482:	442a      	add	r2, r5
20001484:	e6a5      	b.n	200011d2 <__udivmoddi4+0x5a>
20001486:	442c      	add	r4, r5
20001488:	3802      	subs	r0, #2
2000148a:	e6ba      	b.n	20001202 <__udivmoddi4+0x8a>
2000148c:	eba5 0c0c 	sub.w	ip, r5, ip
20001490:	f1a8 0002 	sub.w	r0, r8, #2
20001494:	4461      	add	r1, ip
20001496:	fbb1 f8fe 	udiv	r8, r1, lr
2000149a:	fb08 fc07 	mul.w	ip, r8, r7
2000149e:	e7ca      	b.n	20001436 <__udivmoddi4+0x2be>
200014a0:	f1a8 0802 	sub.w	r8, r8, #2
200014a4:	443c      	add	r4, r7
200014a6:	e744      	b.n	20001332 <__udivmoddi4+0x1ba>
200014a8:	3b02      	subs	r3, #2
200014aa:	443c      	add	r4, r7
200014ac:	e75e      	b.n	2000136c <__udivmoddi4+0x1f4>
200014ae:	4641      	mov	r1, r8
200014b0:	e791      	b.n	200013d6 <__udivmoddi4+0x25e>
200014b2:	eba1 010c 	sub.w	r1, r1, ip
200014b6:	4640      	mov	r0, r8
200014b8:	fbb1 f8fe 	udiv	r8, r1, lr
200014bc:	fb08 fc07 	mul.w	ip, r8, r7
200014c0:	e7b9      	b.n	20001436 <__udivmoddi4+0x2be>
200014c2:	bf00      	nop

200014c4 <__aeabi_idiv0>:
200014c4:	4770      	bx	lr
200014c6:	bf00      	nop

200014c8 <__tud_event_hook_cb_veneer>:
200014c8:	f85f f000 	ldr.w	pc, [pc]	@ 200014cc <__tud_event_hook_cb_veneer+0x4>
200014cc:	100044e9 	.word	0x100044e9

200014d0 <__panic_veneer>:
200014d0:	f85f f000 	ldr.w	pc, [pc]	@ 200014d4 <__panic_veneer+0x4>
200014d4:	100008d5 	.word	0x100008d5

200014d8 <__memset_veneer>:
200014d8:	f85f f000 	ldr.w	pc, [pc]	@ 200014dc <__memset_veneer+0x4>
200014dc:	10006301 	.word	0x10006301

200014e0 <__best_effort_wfe_or_timeout_veneer>:
200014e0:	f85f f000 	ldr.w	pc, [pc]	@ 200014e4 <__best_effort_wfe_or_timeout_veneer+0x4>
200014e4:	10001605 	.word	0x10001605

200014e8 <__time_us_64_veneer>:
200014e8:	f85f f000 	ldr.w	pc, [pc]	@ 200014ec <__time_us_64_veneer+0x4>
200014ec:	1000170d 	.word	0x1000170d

200014f0 <__tu_fifo_write_veneer>:
200014f0:	f85f f000 	ldr.w	pc, [pc]	@ 200014f4 <__tu_fifo_write_veneer+0x4>
200014f4:	10005ec1 	.word	0x10005ec1

200014f8 <SSD1306_ADDRESS>:
200014f8:	                                         <

200014f9 <striped_spin_lock_num>:
200014f9:	                                         ...

200014fc <irq_handler_chain_slots>:
200014fc:	00000000 	.word	0x00000000
20001500:	00010000 	.word	0x00010000
	...
2000150c:	00020000 	.word	0x00020000
	...
20001518:	00030000 	.word	0x00030000
	...
20001524:	00ff0000 	.word	0x00ff0000
20001528:	00000000 	.word	0x00000000

2000152c <irq_handler_chain_first_slot>:
2000152c:	b501      	push	{r0, lr}
2000152e:	6848      	ldr	r0, [r1, #4]
20001530:	3101      	adds	r1, #1
20001532:	468e      	mov	lr, r1
20001534:	4700      	bx	r0

20001536 <irq_handler_chain_remove_tail>:
20001536:	4670      	mov	r0, lr
20001538:	3809      	subs	r0, #9
2000153a:	4901      	ldr	r1, [pc, #4]	@ (20001540 <irq_handler_chain_remove_tail+0xa>)
2000153c:	4788      	blx	r1
2000153e:	bd01      	pop	{r0, pc}
20001540:	10000d49 	.word	0x10000d49

20001544 <default_alarm_pool>:
	...
20001558:	200015a8                                ... 

2000155c <stdio_usb>:
2000155c:	10003c95 10003c41 10003bb9 10003b29     .<..A<...;..);..
2000156c:	00000000 00000100                       ........

20001574 <_usbd_qdef>:
20001574:	2000195c 000c0010 00000000 00000000     \.. ............
	...

20001590 <_usbd_rhport>:
20001590:	000000ff                                ....

20001594 <i2c0_inst>:
20001594:	40090000 00000000                       ...@....

2000159c <print_mutex>:
	...
