
/Users/zanderchierici/Documents/GitHub/ME433/hw7/build/hw7.elf:     file format elf32-littlearm

Sections:
Idx Name          Size      VMA       LMA       File off  Algn
  0 .text         00006cb8  10000000  10000000  00001000  2**3
                  CONTENTS, ALLOC, LOAD, READONLY, CODE
  1 .rodata       000003fc  10006cb8  10006cb8  00007cb8  2**3
                  CONTENTS, ALLOC, LOAD, READONLY, DATA
  2 .ARM.exidx    00000008  100070b4  100070b4  000080b4  2**2
                  CONTENTS, ALLOC, LOAD, READONLY, DATA
  3 .binary_info  00000024  100070bc  100070bc  000080bc  2**2
                  CONTENTS, ALLOC, LOAD, READONLY, DATA
  4 .ram_vector_table 00000110  20000000  20000000  0000b000  2**2
                  ALLOC
  5 .uninitialized_data 00000000  20000110  20000110  0000a610  2**0
                  CONTENTS
  6 .data         0000151c  20000110  100070e0  00008110  2**3
                  CONTENTS, ALLOC, LOAD, READONLY, CODE
  7 .tdata        00000000  2000162c  2000162c  0000a610  2**0
                  CONTENTS, ALLOC, LOAD, DATA, THREAD_LOCAL
  8 .tbss         00000000  2000162c  2000162c  00000000  2**0
                  ALLOC, THREAD_LOCAL
  9 .bss          00000c28  20001630  100085fc  0000a630  2**3
                  ALLOC
 10 .heap         00000800  20002258  100085fc  0000b258  2**2
                  ALLOC, READONLY
 11 .scratch_x    00000000  20080000  20080000  0000a610  2**0
                  CONTENTS
 12 .scratch_y    00000000  20081000  20081000  0000a610  2**0
                  CONTENTS
 13 .stack_dummy  00000800  20081000  20081000  0000b000  2**5
                  ALLOC, READONLY
 14 .flash_end    00000014  100085fc  100085fc  0000a5fc  2**2
                  CONTENTS, ALLOC, LOAD, READONLY, DATA
 15 .ARM.attributes 00000034  00000000  00000000  0000a610  2**0
                  CONTENTS, READONLY
 16 .comment      00000045  00000000  00000000  0000a644  2**0
                  CONTENTS, READONLY
 17 .debug_info   00038ea6  00000000  00000000  0000a689  2**0
                  CONTENTS, READONLY, DEBUGGING, OCTETS
 18 .debug_abbrev 0000941c  00000000  00000000  0004352f  2**0
                  CONTENTS, READONLY, DEBUGGING, OCTETS
 19 .debug_loclists 0001d6b7  00000000  00000000  0004c94b  2**0
                  CONTENTS, READONLY, DEBUGGING, OCTETS
 20 .debug_aranges 000014c0  00000000  00000000  0006a008  2**3
                  CONTENTS, READONLY, DEBUGGING, OCTETS
 21 .debug_rnglists 00004fac  00000000  00000000  0006b4c8  2**0
                  CONTENTS, READONLY, DEBUGGING, OCTETS
 22 .debug_line   00026253  00000000  00000000  00070474  2**0
                  CONTENTS, READONLY, DEBUGGING, OCTETS
 23 .debug_str    0000948a  00000000  00000000  000966c7  2**0
                  CONTENTS, READONLY, DEBUGGING, OCTETS
 24 .debug_frame  00003860  00000000  00000000  0009fb54  2**2
                  CONTENTS, READONLY, DEBUGGING, OCTETS
 25 .debug_line_str 000002df  00000000  00000000  000a33b4  2**0
                  CONTENTS, READONLY, DEBUGGING, OCTETS

/Users/zanderchierici/Documents/GitHub/ME433/hw7/build/hw7.elf:     file format elf32-littlearm


Disassembly of section .text:

10000000 <__VECTOR_TABLE>:
10000000:	20082000 	.word	0x20082000
10000004:	1000015d 	.word	0x1000015d
10000008:	1000011b 	.word	0x1000011b
1000000c:	1000011d 	.word	0x1000011d
10000010:	10000111 	.word	0x10000111
10000014:	10000111 	.word	0x10000111
10000018:	10000111 	.word	0x10000111
1000001c:	10000111 	.word	0x10000111
10000020:	10000119 	.word	0x10000119
10000024:	10000119 	.word	0x10000119
10000028:	10000119 	.word	0x10000119
1000002c:	1000011f 	.word	0x1000011f
10000030:	10000111 	.word	0x10000111
10000034:	10000119 	.word	0x10000119
10000038:	10000121 	.word	0x10000121
1000003c:	10000123 	.word	0x10000123
10000040:	10000111 	.word	0x10000111
10000044:	10000111 	.word	0x10000111
10000048:	10000111 	.word	0x10000111
1000004c:	10000111 	.word	0x10000111
10000050:	10000111 	.word	0x10000111
10000054:	10000111 	.word	0x10000111
10000058:	10000111 	.word	0x10000111
1000005c:	10000111 	.word	0x10000111
10000060:	10000111 	.word	0x10000111
10000064:	10000111 	.word	0x10000111
10000068:	10000111 	.word	0x10000111
1000006c:	10000111 	.word	0x10000111
10000070:	10000111 	.word	0x10000111
10000074:	10000111 	.word	0x10000111
10000078:	10000111 	.word	0x10000111
1000007c:	10000111 	.word	0x10000111
10000080:	10000111 	.word	0x10000111
10000084:	10000111 	.word	0x10000111
10000088:	10000111 	.word	0x10000111
1000008c:	10000111 	.word	0x10000111
10000090:	10000111 	.word	0x10000111
10000094:	10000111 	.word	0x10000111
10000098:	10000111 	.word	0x10000111
1000009c:	10000111 	.word	0x10000111
100000a0:	10000111 	.word	0x10000111
100000a4:	10000111 	.word	0x10000111
100000a8:	10000111 	.word	0x10000111
100000ac:	10000111 	.word	0x10000111
100000b0:	10000111 	.word	0x10000111
100000b4:	10000111 	.word	0x10000111
100000b8:	10000111 	.word	0x10000111
100000bc:	10000111 	.word	0x10000111
100000c0:	10000111 	.word	0x10000111
100000c4:	10000111 	.word	0x10000111
100000c8:	10000111 	.word	0x10000111
100000cc:	10000111 	.word	0x10000111
100000d0:	10000111 	.word	0x10000111
100000d4:	10000111 	.word	0x10000111
100000d8:	10000111 	.word	0x10000111
100000dc:	10000111 	.word	0x10000111
100000e0:	10000111 	.word	0x10000111
100000e4:	10000111 	.word	0x10000111
100000e8:	10000111 	.word	0x10000111
100000ec:	10000111 	.word	0x10000111
100000f0:	10000111 	.word	0x10000111
100000f4:	10000111 	.word	0x10000111
100000f8:	10000111 	.word	0x10000111
100000fc:	10000111 	.word	0x10000111
10000100:	10000111 	.word	0x10000111
10000104:	10000111 	.word	0x10000111
10000108:	10000111 	.word	0x10000111
1000010c:	10000111 	.word	0x10000111

10000110 <__unhandled_user_irq>:
10000110:	f3ef 8005 	mrs	r0, IPSR
10000114:	3810      	subs	r0, #16

10000116 <unhandled_user_irq_num_in_r0>:
10000116:	be00      	bkpt	0x0000

10000118 <isr_invalid>:
10000118:	be00      	bkpt	0x0000

1000011a <isr_nmi>:
1000011a:	be00      	bkpt	0x0000

1000011c <isr_hardfault>:
1000011c:	be00      	bkpt	0x0000

1000011e <isr_svcall>:
1000011e:	be00      	bkpt	0x0000

10000120 <isr_pendsv>:
10000120:	be00      	bkpt	0x0000

10000122 <isr_systick>:
10000122:	be00      	bkpt	0x0000

10000124 <__default_isrs_end>:
10000124:	7188ebf2 	.word	0x7188ebf2
10000128:	100070bc 	.word	0x100070bc
1000012c:	100070e0 	.word	0x100070e0
10000130:	100001a0 	.word	0x100001a0
10000134:	e71aa390 	.word	0xe71aa390

10000138 <__binary_info_header_end>:
10000138:	ffffded3 	.word	0xffffded3
1000013c:	10210142 	.word	0x10210142
10000140:	000001ff 	.word	0x000001ff
10000144:	000084c4 	.word	0x000084c4
10000148:	ab123579 	.word	0xab123579

1000014c <_entry_point>:
1000014c:	f04f 0000 	mov.w	r0, #0

10000150 <_enter_vtable_in_r0>:
10000150:	491e      	ldr	r1, [pc, #120]	@ (100001cc <data_cpy_table+0x2c>)
10000152:	6008      	str	r0, [r1, #0]
10000154:	c806      	ldmia	r0!, {r1, r2}
10000156:	f381 8808 	msr	MSP, r1
1000015a:	4710      	bx	r2

1000015c <_reset_handler>:
1000015c:	f04f 4050 	mov.w	r0, #3489660928	@ 0xd0000000
10000160:	6800      	ldr	r0, [r0, #0]
10000162:	b110      	cbz	r0, 1000016a <hold_non_core0_in_bootrom+0x6>

10000164 <hold_non_core0_in_bootrom>:
10000164:	f04f 0000 	mov.w	r0, #0
10000168:	e7f2      	b.n	10000150 <_enter_vtable_in_r0>
1000016a:	a40d      	add	r4, pc, #52	@ (adr r4, 100001a0 <data_cpy_table>)
1000016c:	cc0e      	ldmia	r4!, {r1, r2, r3}
1000016e:	2900      	cmp	r1, #0
10000170:	d002      	beq.n	10000178 <hold_non_core0_in_bootrom+0x14>
10000172:	f000 f812 	bl	1000019a <data_cpy>
10000176:	e7f9      	b.n	1000016c <hold_non_core0_in_bootrom+0x8>
10000178:	4915      	ldr	r1, [pc, #84]	@ (100001d0 <data_cpy_table+0x30>)
1000017a:	4a16      	ldr	r2, [pc, #88]	@ (100001d4 <data_cpy_table+0x34>)
1000017c:	2000      	movs	r0, #0
1000017e:	e000      	b.n	10000182 <bss_fill_test>

10000180 <bss_fill_loop>:
10000180:	c101      	stmia	r1!, {r0}

10000182 <bss_fill_test>:
10000182:	4291      	cmp	r1, r2
10000184:	d1fc      	bne.n	10000180 <bss_fill_loop>

10000186 <platform_entry>:
10000186:	4914      	ldr	r1, [pc, #80]	@ (100001d8 <data_cpy_table+0x38>)
10000188:	4788      	blx	r1
1000018a:	4914      	ldr	r1, [pc, #80]	@ (100001dc <data_cpy_table+0x3c>)
1000018c:	4788      	blx	r1
1000018e:	4914      	ldr	r1, [pc, #80]	@ (100001e0 <data_cpy_table+0x40>)
10000190:	4788      	blx	r1
10000192:	be00      	bkpt	0x0000
10000194:	e7fd      	b.n	10000192 <platform_entry+0xc>

10000196 <data_cpy_loop>:
10000196:	c901      	ldmia	r1!, {r0}
10000198:	c201      	stmia	r2!, {r0}

1000019a <data_cpy>:
1000019a:	429a      	cmp	r2, r3
1000019c:	d3fb      	bcc.n	10000196 <data_cpy_loop>
1000019e:	4770      	bx	lr

100001a0 <data_cpy_table>:
100001a0:	100070e0 	.word	0x100070e0
100001a4:	20000110 	.word	0x20000110
100001a8:	2000162c 	.word	0x2000162c
100001ac:	100085fc 	.word	0x100085fc
100001b0:	20080000 	.word	0x20080000
100001b4:	20080000 	.word	0x20080000
100001b8:	100085fc 	.word	0x100085fc
100001bc:	20081000 	.word	0x20081000
100001c0:	20081000 	.word	0x20081000
100001c4:	00000000 	.word	0x00000000
100001c8:	4770      	bx	lr
100001ca:	0000      	.short	0x0000
100001cc:	e000ed08 	.word	0xe000ed08
100001d0:	2000162c 	.word	0x2000162c
100001d4:	20002258 	.word	0x20002258
100001d8:	10003e4d 	.word	0x10003e4d
100001dc:	10000259 	.word	0x10000259
100001e0:	10003e45 	.word	0x10003e45

100001e4 <_init>:
100001e4:	b5f8      	push	{r3, r4, r5, r6, r7, lr}
100001e6:	bf00      	nop

100001e8 <register_tm_clones>:
100001e8:	4b06      	ldr	r3, [pc, #24]	@ (10000204 <register_tm_clones+0x1c>)
100001ea:	4907      	ldr	r1, [pc, #28]	@ (10000208 <register_tm_clones+0x20>)
100001ec:	1ac9      	subs	r1, r1, r3
100001ee:	1089      	asrs	r1, r1, #2
100001f0:	bf48      	it	mi
100001f2:	3101      	addmi	r1, #1
100001f4:	1049      	asrs	r1, r1, #1
100001f6:	d003      	beq.n	10000200 <register_tm_clones+0x18>
100001f8:	4b04      	ldr	r3, [pc, #16]	@ (1000020c <register_tm_clones+0x24>)
100001fa:	b10b      	cbz	r3, 10000200 <register_tm_clones+0x18>
100001fc:	4801      	ldr	r0, [pc, #4]	@ (10000204 <register_tm_clones+0x1c>)
100001fe:	4718      	bx	r3
10000200:	4770      	bx	lr
10000202:	bf00      	nop
10000204:	2000162c 	.word	0x2000162c
10000208:	2000162c 	.word	0x2000162c
1000020c:	00000000 	.word	0x00000000

10000210 <frame_dummy>:
10000210:	b508      	push	{r3, lr}
10000212:	4b05      	ldr	r3, [pc, #20]	@ (10000228 <frame_dummy+0x18>)
10000214:	b11b      	cbz	r3, 1000021e <frame_dummy+0xe>
10000216:	4905      	ldr	r1, [pc, #20]	@ (1000022c <frame_dummy+0x1c>)
10000218:	4805      	ldr	r0, [pc, #20]	@ (10000230 <frame_dummy+0x20>)
1000021a:	f3af 8000 	nop.w
1000021e:	e8bd 4008 	ldmia.w	sp!, {r3, lr}
10000222:	f7ff bfe1 	b.w	100001e8 <register_tm_clones>
10000226:	bf00      	nop
10000228:	00000000 	.word	0x00000000
1000022c:	200021e8 	.word	0x200021e8
10000230:	10006cb8 	.word	0x10006cb8

10000234 <adc_gpio_init>:
10000234:	b510      	push	{r4, lr}
10000236:	211f      	movs	r1, #31
10000238:	4604      	mov	r4, r0
1000023a:	f000 f98b 	bl	10000554 <gpio_set_function>
1000023e:	2200      	movs	r2, #0
10000240:	4620      	mov	r0, r4
10000242:	4611      	mov	r1, r2
10000244:	f000 f9a4 	bl	10000590 <gpio_set_pulls>
10000248:	4620      	mov	r0, r4
1000024a:	e8bd 4010 	ldmia.w	sp!, {r4, lr}
1000024e:	2100      	movs	r1, #0
10000250:	f000 b9b2 	b.w	100005b8 <gpio_set_input_enabled>
10000254:	0000      	movs	r0, r0
	...

10000258 <main>:
10000258:	e92d 4fd0 	stmdb	sp!, {r4, r6, r7, r8, r9, sl, fp, lr}
1000025c:	ed2d 8b04 	vpush	{d8-d9}
10000260:	b082      	sub	sp, #8
10000262:	f003 ff1b 	bl	1000409c <stdio_init_all>
10000266:	f44f 60fa 	mov.w	r0, #2000	@ 0x7d0
1000026a:	f001 f805 	bl	10001278 <sleep_ms>
1000026e:	48ae      	ldr	r0, [pc, #696]	@ (10000528 <main+0x2d0>)
10000270:	f003 ff58 	bl	10004124 <__wrap_puts>
10000274:	49ad      	ldr	r1, [pc, #692]	@ (1000052c <main+0x2d4>)
10000276:	48ae      	ldr	r0, [pc, #696]	@ (10000530 <main+0x2d8>)
10000278:	f006 fb5a 	bl	10006930 <spi_init>
1000027c:	2101      	movs	r1, #1
1000027e:	2010      	movs	r0, #16
10000280:	f000 f968 	bl	10000554 <gpio_set_function>
10000284:	2101      	movs	r1, #1
10000286:	2012      	movs	r0, #18
10000288:	f000 f964 	bl	10000554 <gpio_set_function>
1000028c:	2101      	movs	r1, #1
1000028e:	2013      	movs	r0, #19
10000290:	f000 f960 	bl	10000554 <gpio_set_function>
10000294:	2011      	movs	r0, #17
10000296:	f000 f99f 	bl	100005d8 <gpio_init>
1000029a:	2311      	movs	r3, #17
1000029c:	f04f 0201 	mov.w	r2, #1
100002a0:	ec42 3044 	gpioc_bit_oe_put r3, r2
100002a4:	ec42 3040 	gpioc_bit_out_put r3, r2
100002a8:	f20f 2954 	addw	r9, pc, #596	@ 0x254
100002ac:	e9d9 8900 	ldrd	r8, r9, [r9]
100002b0:	201a      	movs	r0, #26
100002b2:	f7ff ffbf 	bl	10000234 <adc_gpio_init>
100002b6:	201b      	movs	r0, #27
100002b8:	f7ff ffbc 	bl	10000234 <adc_gpio_init>
100002bc:	2200      	movs	r2, #0
100002be:	201a      	movs	r0, #26
100002c0:	4611      	mov	r1, r2
100002c2:	f000 f965 	bl	10000590 <gpio_set_pulls>
100002c6:	2200      	movs	r2, #0
100002c8:	2600      	movs	r6, #0
100002ca:	201b      	movs	r0, #27
100002cc:	4611      	mov	r1, r2
100002ce:	f000 f95f 	bl	10000590 <gpio_set_pulls>
100002d2:	f04f 0a00 	mov.w	sl, #0
100002d6:	f04f 0b00 	mov.w	fp, #0
100002da:	ee09 6a10 	vmov	s18, r6
100002de:	4c95      	ldr	r4, [pc, #596]	@ (10000534 <main+0x2dc>)
100002e0:	4630      	mov	r0, r6
100002e2:	f006 fca1 	bl	10006c28 <____aeabi_f2d_veneer>
100002e6:	2200      	movs	r2, #0
100002e8:	4606      	mov	r6, r0
100002ea:	460f      	mov	r7, r1
100002ec:	4b92      	ldr	r3, [pc, #584]	@ (10000538 <main+0x2e0>)
100002ee:	4650      	mov	r0, sl
100002f0:	4659      	mov	r1, fp
100002f2:	f001 fc09 	bl	10001b08 <__wrap___aeabi_dadd>
100002f6:	a384      	add	r3, pc, #528	@ (adr r3, 10000508 <main+0x2b0>)
100002f8:	e9d3 2300 	ldrd	r2, r3, [r3]
100002fc:	f001 fc2c 	bl	10001b58 <__wrap___aeabi_dmul>
10000300:	f001 fc9e 	bl	10001c40 <__wrap___aeabi_d2f>
10000304:	2200      	movs	r2, #0
10000306:	4b8c      	ldr	r3, [pc, #560]	@ (10000538 <main+0x2e0>)
10000308:	ee08 0a90 	vmov	s17, r0
1000030c:	4639      	mov	r1, r7
1000030e:	4630      	mov	r0, r6
10000310:	f001 fb46 	bl	100019a0 <__wrap_fmod>
10000314:	f001 fc94 	bl	10001c40 <__wrap___aeabi_d2f>
10000318:	ee08 0a10 	vmov	s16, r0
1000031c:	f006 fc84 	bl	10006c28 <____aeabi_f2d_veneer>
10000320:	eef6 7a00 	vmov.f32	s15, #96	@ 0x3f000000  0.5
10000324:	eeb4 8ae7 	vcmpe.f32	s16, s15
10000328:	eef1 fa10 	vmrs	APSR_nzcv, fpscr
1000032c:	4602      	mov	r2, r0
1000032e:	460b      	mov	r3, r1
10000330:	f140 80d5 	bpl.w	100004de <main+0x286>
10000334:	f001 fbe8 	bl	10001b08 <__wrap___aeabi_dadd>
10000338:	4642      	mov	r2, r8
1000033a:	464b      	mov	r3, r9
1000033c:	f001 fc0c 	bl	10001b58 <__wrap___aeabi_dmul>
10000340:	f001 fc7e 	bl	10001c40 <__wrap___aeabi_d2f>
10000344:	eef5 8ac0 	vcmpe.f32	s17, #0.0
10000348:	eef1 fa10 	vmrs	APSR_nzcv, fpscr
1000034c:	bf54      	ite	pl
1000034e:	ee18 aa90 	vmovpl	sl, s17
10000352:	ee19 aa10 	vmovmi	sl, s18
10000356:	ee08 0a10 	vmov	s16, r0
1000035a:	4650      	mov	r0, sl
1000035c:	f006 fc64 	bl	10006c28 <____aeabi_f2d_veneer>
10000360:	4642      	mov	r2, r8
10000362:	464b      	mov	r3, r9
10000364:	f001 fd10 	bl	10001d88 <__wrap___aeabi_dcmpgt>
10000368:	2800      	cmp	r0, #0
1000036a:	f040 80b5 	bne.w	100004d8 <main+0x280>
1000036e:	eddf 6a73 	vldr	s13, [pc, #460]	@ 1000053c <main+0x2e4>
10000372:	ee07 aa90 	vmov	s15, sl
10000376:	ed9f 7a72 	vldr	s14, [pc, #456]	@ 10000540 <main+0x2e8>
1000037a:	eec7 7aa6 	vdiv.f32	s15, s15, s13
1000037e:	ee67 7a87 	vmul.f32	s15, s15, s14
10000382:	eefc 7ae7 	vcvt.u32.f32	s15, s15
10000386:	ee17 3a90 	vmov	r3, s15
1000038a:	b29b      	uxth	r3, r3
1000038c:	009a      	lsls	r2, r3, #2
1000038e:	f3c3 1387 	ubfx	r3, r3, #6, #8
10000392:	b2d2      	uxtb	r2, r2
10000394:	f043 0330 	orr.w	r3, r3, #48	@ 0x30
10000398:	f88d 3004 	strb.w	r3, [sp, #4]
1000039c:	f88d 2005 	strb.w	r2, [sp, #5]
100003a0:	bf00      	nop
100003a2:	bf00      	nop
100003a4:	bf00      	nop
100003a6:	f04f 0a11 	mov.w	sl, #17
100003aa:	f04f 0300 	mov.w	r3, #0
100003ae:	ec43 a040 	gpioc_bit_out_put sl, r3
100003b2:	bf00      	nop
100003b4:	bf00      	nop
100003b6:	bf00      	nop
100003b8:	2202      	movs	r2, #2
100003ba:	a901      	add	r1, sp, #4
100003bc:	485c      	ldr	r0, [pc, #368]	@ (10000530 <main+0x2d8>)
100003be:	f006 fc53 	bl	10006c68 <__spi_write_blocking_veneer>
100003c2:	bf00      	nop
100003c4:	bf00      	nop
100003c6:	bf00      	nop
100003c8:	f04f 0301 	mov.w	r3, #1
100003cc:	ec43 a040 	gpioc_bit_out_put sl, r3
100003d0:	bf00      	nop
100003d2:	bf00      	nop
100003d4:	bf00      	nop
100003d6:	eeb5 8ac0 	vcmpe.f32	s16, #0.0
100003da:	eef1 fa10 	vmrs	APSR_nzcv, fpscr
100003de:	bf54      	ite	pl
100003e0:	ee18 aa10 	vmovpl	sl, s16
100003e4:	ee19 aa10 	vmovmi	sl, s18
100003e8:	4650      	mov	r0, sl
100003ea:	f006 fc1d 	bl	10006c28 <____aeabi_f2d_veneer>
100003ee:	4642      	mov	r2, r8
100003f0:	464b      	mov	r3, r9
100003f2:	f001 fcc9 	bl	10001d88 <__wrap___aeabi_dcmpgt>
100003f6:	2800      	cmp	r0, #0
100003f8:	d16b      	bne.n	100004d2 <main+0x27a>
100003fa:	eddf 6a50 	vldr	s13, [pc, #320]	@ 1000053c <main+0x2e4>
100003fe:	ee07 aa90 	vmov	s15, sl
10000402:	ed9f 7a4f 	vldr	s14, [pc, #316]	@ 10000540 <main+0x2e8>
10000406:	eec7 7aa6 	vdiv.f32	s15, s15, s13
1000040a:	ee67 7a87 	vmul.f32	s15, s15, s14
1000040e:	eefc 7ae7 	vcvt.u32.f32	s15, s15
10000412:	ee17 3a90 	vmov	r3, s15
10000416:	f3c3 1287 	ubfx	r2, r3, #6, #8
1000041a:	009b      	lsls	r3, r3, #2
1000041c:	f042 02b0 	orr.w	r2, r2, #176	@ 0xb0
10000420:	f003 03fc 	and.w	r3, r3, #252	@ 0xfc
10000424:	f88d 2004 	strb.w	r2, [sp, #4]
10000428:	f88d 3005 	strb.w	r3, [sp, #5]
1000042c:	bf00      	nop
1000042e:	bf00      	nop
10000430:	bf00      	nop
10000432:	f04f 0a11 	mov.w	sl, #17
10000436:	f04f 0300 	mov.w	r3, #0
1000043a:	ec43 a040 	gpioc_bit_out_put sl, r3
1000043e:	bf00      	nop
10000440:	bf00      	nop
10000442:	bf00      	nop
10000444:	2202      	movs	r2, #2
10000446:	a901      	add	r1, sp, #4
10000448:	4839      	ldr	r0, [pc, #228]	@ (10000530 <main+0x2d8>)
1000044a:	f006 fc0d 	bl	10006c68 <__spi_write_blocking_veneer>
1000044e:	bf00      	nop
10000450:	bf00      	nop
10000452:	bf00      	nop
10000454:	f04f 0301 	mov.w	r3, #1
10000458:	ec43 a040 	gpioc_bit_out_put sl, r3
1000045c:	bf00      	nop
1000045e:	bf00      	nop
10000460:	bf00      	nop
10000462:	2204      	movs	r2, #4
10000464:	6823      	ldr	r3, [r4, #0]
10000466:	4937      	ldr	r1, [pc, #220]	@ (10000544 <main+0x2ec>)
10000468:	f403 4370 	and.w	r3, r3, #61440	@ 0xf000
1000046c:	600b      	str	r3, [r1, #0]
1000046e:	4b36      	ldr	r3, [pc, #216]	@ (10000548 <main+0x2f0>)
10000470:	601a      	str	r2, [r3, #0]
10000472:	6823      	ldr	r3, [r4, #0]
10000474:	05da      	lsls	r2, r3, #23
10000476:	d5fc      	bpl.n	10000472 <main+0x21a>
10000478:	2204      	movs	r2, #4
1000047a:	6861      	ldr	r1, [r4, #4]
1000047c:	6823      	ldr	r3, [r4, #0]
1000047e:	4831      	ldr	r0, [pc, #196]	@ (10000544 <main+0x2ec>)
10000480:	f483 5380 	eor.w	r3, r3, #4096	@ 0x1000
10000484:	f403 4370 	and.w	r3, r3, #61440	@ 0xf000
10000488:	6003      	str	r3, [r0, #0]
1000048a:	4b2f      	ldr	r3, [pc, #188]	@ (10000548 <main+0x2f0>)
1000048c:	601a      	str	r2, [r3, #0]
1000048e:	6823      	ldr	r3, [r4, #0]
10000490:	05db      	lsls	r3, r3, #23
10000492:	d5fc      	bpl.n	1000048e <main+0x236>
10000494:	6862      	ldr	r2, [r4, #4]
10000496:	b289      	uxth	r1, r1
10000498:	b292      	uxth	r2, r2
1000049a:	482c      	ldr	r0, [pc, #176]	@ (1000054c <main+0x2f4>)
1000049c:	f003 fec2 	bl	10004224 <__wrap_printf>
100004a0:	2064      	movs	r0, #100	@ 0x64
100004a2:	f000 fee9 	bl	10001278 <sleep_ms>
100004a6:	a31a      	add	r3, pc, #104	@ (adr r3, 10000510 <main+0x2b8>)
100004a8:	e9d3 2300 	ldrd	r2, r3, [r3]
100004ac:	4630      	mov	r0, r6
100004ae:	4639      	mov	r1, r7
100004b0:	f001 fb2a 	bl	10001b08 <__wrap___aeabi_dadd>
100004b4:	f001 fbc4 	bl	10001c40 <__wrap___aeabi_d2f>
100004b8:	4606      	mov	r6, r0
100004ba:	f006 fbb5 	bl	10006c28 <____aeabi_f2d_veneer>
100004be:	a316      	add	r3, pc, #88	@ (adr r3, 10000518 <main+0x2c0>)
100004c0:	e9d3 2300 	ldrd	r2, r3, [r3]
100004c4:	f001 fb48 	bl	10001b58 <__wrap___aeabi_dmul>
100004c8:	f001 fdc8 	bl	1000205c <__wrap_sin>
100004cc:	4682      	mov	sl, r0
100004ce:	468b      	mov	fp, r1
100004d0:	e706      	b.n	100002e0 <main+0x88>
100004d2:	23fc      	movs	r3, #252	@ 0xfc
100004d4:	22bf      	movs	r2, #191	@ 0xbf
100004d6:	e7a5      	b.n	10000424 <main+0x1cc>
100004d8:	233f      	movs	r3, #63	@ 0x3f
100004da:	22fc      	movs	r2, #252	@ 0xfc
100004dc:	e75c      	b.n	10000398 <main+0x140>
100004de:	2200      	movs	r2, #0
100004e0:	4b1b      	ldr	r3, [pc, #108]	@ (10000550 <main+0x2f8>)
100004e2:	f001 fb25 	bl	10001b30 <__wrap___aeabi_dsub>
100004e6:	a30e      	add	r3, pc, #56	@ (adr r3, 10000520 <main+0x2c8>)
100004e8:	e9d3 2300 	ldrd	r2, r3, [r3]
100004ec:	f001 fb34 	bl	10001b58 <__wrap___aeabi_dmul>
100004f0:	4602      	mov	r2, r0
100004f2:	460b      	mov	r3, r1
100004f4:	4640      	mov	r0, r8
100004f6:	4649      	mov	r1, r9
100004f8:	f001 fb1a 	bl	10001b30 <__wrap___aeabi_dsub>
100004fc:	e720      	b.n	10000340 <main+0xe8>
100004fe:	bf00      	nop
10000500:	66666666 	.word	0x66666666
10000504:	400a6666 	.word	0x400a6666
10000508:	66666666 	.word	0x66666666
1000050c:	3ffa6666 	.word	0x3ffa6666
10000510:	47ae147b 	.word	0x47ae147b
10000514:	3f847ae1 	.word	0x3f847ae1
10000518:	54442d18 	.word	0x54442d18
1000051c:	402921fb 	.word	0x402921fb
10000520:	66666666 	.word	0x66666666
10000524:	401a6666 	.word	0x401a6666
10000528:	10006cb8 	.word	0x10006cb8
1000052c:	000f4240 	.word	0x000f4240
10000530:	40080000 	.word	0x40080000
10000534:	400a0000 	.word	0x400a0000
10000538:	3ff00000 	.word	0x3ff00000
1000053c:	40533333 	.word	0x40533333
10000540:	447fc000 	.word	0x447fc000
10000544:	400a1000 	.word	0x400a1000
10000548:	400a2000 	.word	0x400a2000
1000054c:	10006cc8 	.word	0x10006cc8
10000550:	3fe00000 	.word	0x3fe00000

10000554 <gpio_set_function>:
10000554:	b410      	push	{r4}
10000556:	f44f 7480 	mov.w	r4, #256	@ 0x100
1000055a:	4b0c      	ldr	r3, [pc, #48]	@ (1000058c <gpio_set_function+0x38>)
1000055c:	f853 2020 	ldr.w	r2, [r3, r0, lsl #2]
10000560:	eb03 0380 	add.w	r3, r3, r0, lsl #2
10000564:	00c0      	lsls	r0, r0, #3
10000566:	f082 0240 	eor.w	r2, r2, #64	@ 0x40
1000056a:	f100 4080 	add.w	r0, r0, #1073741824	@ 0x40000000
1000056e:	f503 5c80 	add.w	ip, r3, #4096	@ 0x1000
10000572:	f002 02c0 	and.w	r2, r2, #192	@ 0xc0
10000576:	f500 3020 	add.w	r0, r0, #163840	@ 0x28000
1000057a:	f503 5340 	add.w	r3, r3, #12288	@ 0x3000
1000057e:	f8cc 2000 	str.w	r2, [ip]
10000582:	6041      	str	r1, [r0, #4]
10000584:	601c      	str	r4, [r3, #0]
10000586:	f85d 4b04 	ldr.w	r4, [sp], #4
1000058a:	4770      	bx	lr
1000058c:	40038004 	.word	0x40038004

10000590 <gpio_set_pulls>:
10000590:	b410      	push	{r4}
10000592:	4c08      	ldr	r4, [pc, #32]	@ (100005b4 <gpio_set_pulls+0x24>)
10000594:	00c9      	lsls	r1, r1, #3
10000596:	ea41 0182 	orr.w	r1, r1, r2, lsl #2
1000059a:	f854 2020 	ldr.w	r2, [r4, r0, lsl #2]
1000059e:	eb04 0380 	add.w	r3, r4, r0, lsl #2
100005a2:	4051      	eors	r1, r2
100005a4:	f503 5380 	add.w	r3, r3, #4096	@ 0x1000
100005a8:	f001 010c 	and.w	r1, r1, #12
100005ac:	f85d 4b04 	ldr.w	r4, [sp], #4
100005b0:	6019      	str	r1, [r3, #0]
100005b2:	4770      	bx	lr
100005b4:	40038004 	.word	0x40038004

100005b8 <gpio_set_input_enabled>:
100005b8:	4b06      	ldr	r3, [pc, #24]	@ (100005d4 <gpio_set_input_enabled+0x1c>)
100005ba:	2240      	movs	r2, #64	@ 0x40
100005bc:	eb03 0380 	add.w	r3, r3, r0, lsl #2
100005c0:	b119      	cbz	r1, 100005ca <gpio_set_input_enabled+0x12>
100005c2:	f503 5300 	add.w	r3, r3, #8192	@ 0x2000
100005c6:	601a      	str	r2, [r3, #0]
100005c8:	4770      	bx	lr
100005ca:	f503 5340 	add.w	r3, r3, #12288	@ 0x3000
100005ce:	601a      	str	r2, [r3, #0]
100005d0:	4770      	bx	lr
100005d2:	bf00      	nop
100005d4:	40038004 	.word	0x40038004

100005d8 <gpio_init>:
100005d8:	b430      	push	{r4, r5}
100005da:	f04f 0300 	mov.w	r3, #0
100005de:	ec43 0044 	gpioc_bit_oe_put r0, r3
100005e2:	ec43 0040 	gpioc_bit_out_put r0, r3
100005e6:	2505      	movs	r5, #5
100005e8:	f44f 7480 	mov.w	r4, #256	@ 0x100
100005ec:	4b0b      	ldr	r3, [pc, #44]	@ (1000061c <gpio_init+0x44>)
100005ee:	00c2      	lsls	r2, r0, #3
100005f0:	f853 1020 	ldr.w	r1, [r3, r0, lsl #2]
100005f4:	eb03 0080 	add.w	r0, r3, r0, lsl #2
100005f8:	f081 0140 	eor.w	r1, r1, #64	@ 0x40
100005fc:	f102 4380 	add.w	r3, r2, #1073741824	@ 0x40000000
10000600:	f503 3320 	add.w	r3, r3, #163840	@ 0x28000
10000604:	f001 02c0 	and.w	r2, r1, #192	@ 0xc0
10000608:	f500 5180 	add.w	r1, r0, #4096	@ 0x1000
1000060c:	f500 5040 	add.w	r0, r0, #12288	@ 0x3000
10000610:	600a      	str	r2, [r1, #0]
10000612:	605d      	str	r5, [r3, #4]
10000614:	6004      	str	r4, [r0, #0]
10000616:	bc30      	pop	{r4, r5}
10000618:	4770      	bx	lr
1000061a:	bf00      	nop
1000061c:	40038004 	.word	0x40038004

10000620 <panic>:
10000620:	b40f      	push	{r0, r1, r2, r3}
10000622:	b500      	push	{lr}
10000624:	b083      	sub	sp, #12
10000626:	9c04      	ldr	r4, [sp, #16]
10000628:	4807      	ldr	r0, [pc, #28]	@ (10000648 <panic+0x28>)
1000062a:	f003 fd7b 	bl	10004124 <__wrap_puts>
1000062e:	b13c      	cbz	r4, 10000640 <panic+0x20>
10000630:	a905      	add	r1, sp, #20
10000632:	4620      	mov	r0, r4
10000634:	9101      	str	r1, [sp, #4]
10000636:	f003 fbeb 	bl	10003e10 <weak_raw_vprintf>
1000063a:	4804      	ldr	r0, [pc, #16]	@ (1000064c <panic+0x2c>)
1000063c:	f003 fd72 	bl	10004124 <__wrap_puts>
10000640:	2001      	movs	r0, #1
10000642:	f003 fbfd 	bl	10003e40 <_exit>
10000646:	bf00      	nop
10000648:	10006cdc 	.word	0x10006cdc
1000064c:	10006cec 	.word	0x10006cec

10000650 <hw_claim_or_assert>:
10000650:	b570      	push	{r4, r5, r6, lr}
10000652:	4686      	mov	lr, r0
10000654:	f3ef 8510 	mrs	r5, PRIMASK
10000658:	b672      	cpsid	i
1000065a:	4c12      	ldr	r4, [pc, #72]	@ (100006a4 <hw_claim_or_assert+0x54>)
1000065c:	e8d4 6fcf 	ldaexb	r6, [r4]
10000660:	2001      	movs	r0, #1
10000662:	2e00      	cmp	r6, #0
10000664:	d1fa      	bne.n	1000065c <hw_claim_or_assert+0xc>
10000666:	e8c4 0f46 	strexb	r6, r0, [r4]
1000066a:	2e00      	cmp	r6, #0
1000066c:	d1f6      	bne.n	1000065c <hw_claim_or_assert+0xc>
1000066e:	f3bf 8f5f 	dmb	sy
10000672:	f04f 0c01 	mov.w	ip, #1
10000676:	08c8      	lsrs	r0, r1, #3
10000678:	f001 0307 	and.w	r3, r1, #7
1000067c:	fa0c f303 	lsl.w	r3, ip, r3
10000680:	f81e c000 	ldrb.w	ip, [lr, r0]
10000684:	ea1c 0603 	ands.w	r6, ip, r3
10000688:	d108      	bne.n	1000069c <hw_claim_or_assert+0x4c>
1000068a:	ea4c 0c03 	orr.w	ip, ip, r3
1000068e:	f80e c000 	strb.w	ip, [lr, r0]
10000692:	e8c4 6f8f 	stlb	r6, [r4]
10000696:	f385 8810 	msr	PRIMASK, r5
1000069a:	bd70      	pop	{r4, r5, r6, pc}
1000069c:	4610      	mov	r0, r2
1000069e:	f7ff ffbf 	bl	10000620 <panic>
100006a2:	bf00      	nop
100006a4:	20001967 	.word	0x20001967

100006a8 <hw_claim_unused_from_range>:
100006a8:	b5f8      	push	{r3, r4, r5, r6, r7, lr}
100006aa:	f3ef 8710 	mrs	r7, PRIMASK
100006ae:	b672      	cpsid	i
100006b0:	4e1c      	ldr	r6, [pc, #112]	@ (10000724 <hw_claim_unused_from_range+0x7c>)
100006b2:	e8d6 5fcf 	ldaexb	r5, [r6]
100006b6:	2401      	movs	r4, #1
100006b8:	2d00      	cmp	r5, #0
100006ba:	d1fa      	bne.n	100006b2 <hw_claim_unused_from_range+0xa>
100006bc:	e8c6 4f45 	strexb	r5, r4, [r6]
100006c0:	2d00      	cmp	r5, #0
100006c2:	d1f6      	bne.n	100006b2 <hw_claim_unused_from_range+0xa>
100006c4:	f3bf 8f5f 	dmb	sy
100006c8:	429a      	cmp	r2, r3
100006ca:	d81b      	bhi.n	10000704 <hw_claim_unused_from_range+0x5c>
100006cc:	2501      	movs	r5, #1
100006ce:	e002      	b.n	100006d6 <hw_claim_unused_from_range+0x2e>
100006d0:	3201      	adds	r2, #1
100006d2:	4293      	cmp	r3, r2
100006d4:	d322      	bcc.n	1000071c <hw_claim_unused_from_range+0x74>
100006d6:	08d4      	lsrs	r4, r2, #3
100006d8:	f810 e004 	ldrb.w	lr, [r0, r4]
100006dc:	f002 0c07 	and.w	ip, r2, #7
100006e0:	fa05 fc0c 	lsl.w	ip, r5, ip
100006e4:	ea1e 0f0c 	tst.w	lr, ip
100006e8:	d1f2      	bne.n	100006d0 <hw_claim_unused_from_range+0x28>
100006ea:	ea4e 0e0c 	orr.w	lr, lr, ip
100006ee:	f800 e004 	strb.w	lr, [r0, r4]
100006f2:	4610      	mov	r0, r2
100006f4:	2300      	movs	r3, #0
100006f6:	e8c6 3f8f 	stlb	r3, [r6]
100006fa:	f387 8810 	msr	PRIMASK, r7
100006fe:	4298      	cmp	r0, r3
10000700:	db07      	blt.n	10000712 <hw_claim_unused_from_range+0x6a>
10000702:	bdf8      	pop	{r3, r4, r5, r6, r7, pc}
10000704:	2300      	movs	r3, #0
10000706:	e8c6 3f8f 	stlb	r3, [r6]
1000070a:	f387 8810 	msr	PRIMASK, r7
1000070e:	f04f 30ff 	mov.w	r0, #4294967295	@ 0xffffffff
10000712:	2900      	cmp	r1, #0
10000714:	d0f5      	beq.n	10000702 <hw_claim_unused_from_range+0x5a>
10000716:	9806      	ldr	r0, [sp, #24]
10000718:	f7ff ff82 	bl	10000620 <panic>
1000071c:	f04f 30ff 	mov.w	r0, #4294967295	@ 0xffffffff
10000720:	e7e8      	b.n	100006f4 <hw_claim_unused_from_range+0x4c>
10000722:	bf00      	nop
10000724:	20001967 	.word	0x20001967

10000728 <next_striped_spin_lock_num>:
10000728:	4a04      	ldr	r2, [pc, #16]	@ (1000073c <next_striped_spin_lock_num+0x14>)
1000072a:	7810      	ldrb	r0, [r2, #0]
1000072c:	1c43      	adds	r3, r0, #1
1000072e:	b2db      	uxtb	r3, r3
10000730:	2b18      	cmp	r3, #24
10000732:	bf28      	it	cs
10000734:	2310      	movcs	r3, #16
10000736:	7013      	strb	r3, [r2, #0]
10000738:	4770      	bx	lr
1000073a:	bf00      	nop
1000073c:	20001588 	.word	0x20001588

10000740 <spin_lock_claim_unused>:
10000740:	b510      	push	{r4, lr}
10000742:	4c05      	ldr	r4, [pc, #20]	@ (10000758 <spin_lock_claim_unused+0x18>)
10000744:	b082      	sub	sp, #8
10000746:	4601      	mov	r1, r0
10000748:	231f      	movs	r3, #31
1000074a:	2218      	movs	r2, #24
1000074c:	9400      	str	r4, [sp, #0]
1000074e:	4803      	ldr	r0, [pc, #12]	@ (1000075c <spin_lock_claim_unused+0x1c>)
10000750:	f7ff ffaa 	bl	100006a8 <hw_claim_unused_from_range>
10000754:	b002      	add	sp, #8
10000756:	bd10      	pop	{r4, pc}
10000758:	10006cf0 	.word	0x10006cf0
1000075c:	20001d78 	.word	0x20001d78

10000760 <spinlock_set_extexclall>:
10000760:	f04f 22e0 	mov.w	r2, #3758153728	@ 0xe000e000
10000764:	6893      	ldr	r3, [r2, #8]
10000766:	f043 5300 	orr.w	r3, r3, #536870912	@ 0x20000000
1000076a:	6093      	str	r3, [r2, #8]
1000076c:	4770      	bx	lr
1000076e:	bf00      	nop

10000770 <spin_locks_reset>:
10000770:	2100      	movs	r1, #0
10000772:	4b04      	ldr	r3, [pc, #16]	@ (10000784 <spin_locks_reset+0x14>)
10000774:	f103 0220 	add.w	r2, r3, #32
10000778:	e8c3 1f8f 	stlb	r1, [r3]
1000077c:	3301      	adds	r3, #1
1000077e:	4293      	cmp	r3, r2
10000780:	d1fa      	bne.n	10000778 <spin_locks_reset+0x8>
10000782:	4770      	bx	lr
10000784:	2000195c 	.word	0x2000195c

10000788 <runtime_init_per_core_irq_priorities>:
10000788:	f04f 23e0 	mov.w	r3, #3758153728	@ 0xe000e000
1000078c:	f04f 3280 	mov.w	r2, #2155905152	@ 0x80808080
10000790:	f8c3 2400 	str.w	r2, [r3, #1024]	@ 0x400
10000794:	f8c3 2404 	str.w	r2, [r3, #1028]	@ 0x404
10000798:	f8c3 2408 	str.w	r2, [r3, #1032]	@ 0x408
1000079c:	f8c3 240c 	str.w	r2, [r3, #1036]	@ 0x40c
100007a0:	f8c3 2410 	str.w	r2, [r3, #1040]	@ 0x410
100007a4:	f8c3 2414 	str.w	r2, [r3, #1044]	@ 0x414
100007a8:	f8c3 2418 	str.w	r2, [r3, #1048]	@ 0x418
100007ac:	f8c3 241c 	str.w	r2, [r3, #1052]	@ 0x41c
100007b0:	f8c3 2420 	str.w	r2, [r3, #1056]	@ 0x420
100007b4:	f8c3 2424 	str.w	r2, [r3, #1060]	@ 0x424
100007b8:	f8c3 2428 	str.w	r2, [r3, #1064]	@ 0x428
100007bc:	f8c3 242c 	str.w	r2, [r3, #1068]	@ 0x42c
100007c0:	f8c3 2430 	str.w	r2, [r3, #1072]	@ 0x430
100007c4:	b662      	cpsie	i
100007c6:	4770      	bx	lr

100007c8 <irq_set_enabled>:
100007c8:	2301      	movs	r3, #1
100007ca:	f000 021f 	and.w	r2, r0, #31
100007ce:	4093      	lsls	r3, r2
100007d0:	0940      	lsrs	r0, r0, #5
100007d2:	b141      	cbz	r1, 100007e6 <irq_set_enabled+0x1e>
100007d4:	0080      	lsls	r0, r0, #2
100007d6:	f100 4060 	add.w	r0, r0, #3758096384	@ 0xe0000000
100007da:	f500 4061 	add.w	r0, r0, #57600	@ 0xe100
100007de:	f8c0 3180 	str.w	r3, [r0, #384]	@ 0x180
100007e2:	6003      	str	r3, [r0, #0]
100007e4:	4770      	bx	lr
100007e6:	4a02      	ldr	r2, [pc, #8]	@ (100007f0 <irq_set_enabled+0x28>)
100007e8:	3020      	adds	r0, #32
100007ea:	f842 3020 	str.w	r3, [r2, r0, lsl #2]
100007ee:	4770      	bx	lr
100007f0:	e000e100 	.word	0xe000e100

100007f4 <irq_is_enabled>:
100007f4:	2301      	movs	r3, #1
100007f6:	4a06      	ldr	r2, [pc, #24]	@ (10000810 <irq_is_enabled+0x1c>)
100007f8:	0941      	lsrs	r1, r0, #5
100007fa:	f852 2021 	ldr.w	r2, [r2, r1, lsl #2]
100007fe:	f000 001f 	and.w	r0, r0, #31
10000802:	fa03 f000 	lsl.w	r0, r3, r0
10000806:	4010      	ands	r0, r2
10000808:	3800      	subs	r0, #0
1000080a:	bf18      	it	ne
1000080c:	2001      	movne	r0, #1
1000080e:	4770      	bx	lr
10000810:	e000e100 	.word	0xe000e100

10000814 <irq_set_pending>:
10000814:	2201      	movs	r2, #1
10000816:	0943      	lsrs	r3, r0, #5
10000818:	4903      	ldr	r1, [pc, #12]	@ (10000828 <irq_set_pending+0x14>)
1000081a:	f000 001f 	and.w	r0, r0, #31
1000081e:	4082      	lsls	r2, r0
10000820:	3340      	adds	r3, #64	@ 0x40
10000822:	f841 2023 	str.w	r2, [r1, r3, lsl #2]
10000826:	4770      	bx	lr
10000828:	e000e100 	.word	0xe000e100

1000082c <irq_has_shared_handler>:
1000082c:	4a05      	ldr	r2, [pc, #20]	@ (10000844 <irq_has_shared_handler+0x18>)
1000082e:	3010      	adds	r0, #16
10000830:	6892      	ldr	r2, [r2, #8]
10000832:	4b05      	ldr	r3, [pc, #20]	@ (10000848 <irq_has_shared_handler+0x1c>)
10000834:	f852 0020 	ldr.w	r0, [r2, r0, lsl #2]
10000838:	1ac0      	subs	r0, r0, r3
1000083a:	282f      	cmp	r0, #47	@ 0x2f
1000083c:	bf8c      	ite	hi
1000083e:	2000      	movhi	r0, #0
10000840:	2001      	movls	r0, #1
10000842:	4770      	bx	lr
10000844:	e000ed00 	.word	0xe000ed00
10000848:	2000158c 	.word	0x2000158c

1000084c <irq_set_exclusive_handler>:
1000084c:	b5f8      	push	{r3, r4, r5, r6, r7, lr}
1000084e:	460d      	mov	r5, r1
10000850:	f3ef 8710 	mrs	r7, PRIMASK
10000854:	b672      	cpsid	i
10000856:	4e12      	ldr	r6, [pc, #72]	@ (100008a0 <irq_set_exclusive_handler+0x54>)
10000858:	e8d6 2fcf 	ldaexb	r2, [r6]
1000085c:	2301      	movs	r3, #1
1000085e:	2a00      	cmp	r2, #0
10000860:	d1fa      	bne.n	10000858 <irq_set_exclusive_handler+0xc>
10000862:	e8c6 3f42 	strexb	r2, r3, [r6]
10000866:	2a00      	cmp	r2, #0
10000868:	d1f6      	bne.n	10000858 <irq_set_exclusive_handler+0xc>
1000086a:	f3bf 8f5f 	dmb	sy
1000086e:	4b0d      	ldr	r3, [pc, #52]	@ (100008a4 <irq_set_exclusive_handler+0x58>)
10000870:	f100 0410 	add.w	r4, r0, #16
10000874:	689b      	ldr	r3, [r3, #8]
10000876:	4a0c      	ldr	r2, [pc, #48]	@ (100008a8 <irq_set_exclusive_handler+0x5c>)
10000878:	f853 3024 	ldr.w	r3, [r3, r4, lsl #2]
1000087c:	4293      	cmp	r3, r2
1000087e:	d003      	beq.n	10000888 <irq_set_exclusive_handler+0x3c>
10000880:	4299      	cmp	r1, r3
10000882:	d001      	beq.n	10000888 <irq_set_exclusive_handler+0x3c>
10000884:	f000 ff78 	bl	10001778 <hard_assertion_failure>
10000888:	4b06      	ldr	r3, [pc, #24]	@ (100008a4 <irq_set_exclusive_handler+0x58>)
1000088a:	689b      	ldr	r3, [r3, #8]
1000088c:	f843 5024 	str.w	r5, [r3, r4, lsl #2]
10000890:	f3bf 8f5f 	dmb	sy
10000894:	2300      	movs	r3, #0
10000896:	e8c6 3f8f 	stlb	r3, [r6]
1000089a:	f387 8810 	msr	PRIMASK, r7
1000089e:	bdf8      	pop	{r3, r4, r5, r6, r7, pc}
100008a0:	20001965 	.word	0x20001965
100008a4:	e000ed00 	.word	0xe000ed00
100008a8:	10000111 	.word	0x10000111

100008ac <irq_add_shared_handler>:
100008ac:	e92d 4ff0 	stmdb	sp!, {r4, r5, r6, r7, r8, r9, sl, fp, lr}
100008b0:	4681      	mov	r9, r0
100008b2:	468b      	mov	fp, r1
100008b4:	4616      	mov	r6, r2
100008b6:	b083      	sub	sp, #12
100008b8:	f3ef 8310 	mrs	r3, PRIMASK
100008bc:	b672      	cpsid	i
100008be:	f8df a1d0 	ldr.w	sl, [pc, #464]	@ 10000a90 <irq_add_shared_handler+0x1e4>
100008c2:	9300      	str	r3, [sp, #0]
100008c4:	e8da 1fcf 	ldaexb	r1, [sl]
100008c8:	2301      	movs	r3, #1
100008ca:	2900      	cmp	r1, #0
100008cc:	d1fa      	bne.n	100008c4 <irq_add_shared_handler+0x18>
100008ce:	e8ca 3f41 	strexb	r1, r3, [sl]
100008d2:	2900      	cmp	r1, #0
100008d4:	d1f6      	bne.n	100008c4 <irq_add_shared_handler+0x18>
100008d6:	f3bf 8f5f 	dmb	sy
100008da:	4b66      	ldr	r3, [pc, #408]	@ (10000a74 <irq_add_shared_handler+0x1c8>)
100008dc:	f993 4000 	ldrsb.w	r4, [r3]
100008e0:	2c00      	cmp	r4, #0
100008e2:	f2c0 80a0 	blt.w	10000a26 <irq_add_shared_handler+0x17a>
100008e6:	4d64      	ldr	r5, [pc, #400]	@ (10000a78 <irq_add_shared_handler+0x1cc>)
100008e8:	eb04 0744 	add.w	r7, r4, r4, lsl #1
100008ec:	eb05 0887 	add.w	r8, r5, r7, lsl #2
100008f0:	f898 1006 	ldrb.w	r1, [r8, #6]
100008f4:	f109 0910 	add.w	r9, r9, #16
100008f8:	7019      	strb	r1, [r3, #0]
100008fa:	4b60      	ldr	r3, [pc, #384]	@ (10000a7c <irq_add_shared_handler+0x1d0>)
100008fc:	00bf      	lsls	r7, r7, #2
100008fe:	689b      	ldr	r3, [r3, #8]
10000900:	f853 0029 	ldr.w	r0, [r3, r9, lsl #2]
10000904:	0063      	lsls	r3, r4, #1
10000906:	1b41      	subs	r1, r0, r5
10000908:	292f      	cmp	r1, #47	@ 0x2f
1000090a:	d92f      	bls.n	1000096c <irq_add_shared_handler+0xc0>
1000090c:	495c      	ldr	r1, [pc, #368]	@ (10000a80 <irq_add_shared_handler+0x1d4>)
1000090e:	4288      	cmp	r0, r1
10000910:	f040 80a4 	bne.w	10000a5c <irq_add_shared_handler+0x1b0>
10000914:	441c      	add	r4, r3
10000916:	4b5b      	ldr	r3, [pc, #364]	@ (10000a84 <irq_add_shared_handler+0x1d8>)
10000918:	3702      	adds	r7, #2
1000091a:	442f      	add	r7, r5
1000091c:	3b04      	subs	r3, #4
1000091e:	1bdb      	subs	r3, r3, r7
10000920:	f3c3 034a 	ubfx	r3, r3, #1, #11
10000924:	ea6f 43c3 	mvn.w	r3, r3, lsl #19
10000928:	f44f 4121 	mov.w	r1, #41216	@ 0xa100
1000092c:	ea6f 43d3 	mvn.w	r3, r3, lsr #19
10000930:	f825 1024 	strh.w	r1, [r5, r4, lsl #2]
10000934:	eb05 0484 	add.w	r4, r5, r4, lsl #2
10000938:	8063      	strh	r3, [r4, #2]
1000093a:	f64b 5301 	movw	r3, #48385	@ 0xbd01
1000093e:	80a3      	strh	r3, [r4, #4]
10000940:	23ff      	movs	r3, #255	@ 0xff
10000942:	f048 0001 	orr.w	r0, r8, #1
10000946:	71e6      	strb	r6, [r4, #7]
10000948:	f8c4 b008 	str.w	fp, [r4, #8]
1000094c:	71a3      	strb	r3, [r4, #6]
1000094e:	4b4b      	ldr	r3, [pc, #300]	@ (10000a7c <irq_add_shared_handler+0x1d0>)
10000950:	689b      	ldr	r3, [r3, #8]
10000952:	f843 0029 	str.w	r0, [r3, r9, lsl #2]
10000956:	f3bf 8f5f 	dmb	sy
1000095a:	2300      	movs	r3, #0
1000095c:	e8ca 3f8f 	stlb	r3, [sl]
10000960:	9b00      	ldr	r3, [sp, #0]
10000962:	f383 8810 	msr	PRIMASK, r3
10000966:	b003      	add	sp, #12
10000968:	e8bd 8ff0 	ldmia.w	sp!, {r4, r5, r6, r7, r8, r9, sl, fp, pc}
1000096c:	f020 0e01 	bic.w	lr, r0, #1
10000970:	f89e 1007 	ldrb.w	r1, [lr, #7]
10000974:	42b1      	cmp	r1, r6
10000976:	d82e      	bhi.n	100009d6 <irq_add_shared_handler+0x12a>
10000978:	f44f 4321 	mov.w	r3, #41216	@ 0xa100
1000097c:	53eb      	strh	r3, [r5, r7]
1000097e:	4b41      	ldr	r3, [pc, #260]	@ (10000a84 <irq_add_shared_handler+0x1d8>)
10000980:	1cb9      	adds	r1, r7, #2
10000982:	4429      	add	r1, r5
10000984:	3b04      	subs	r3, #4
10000986:	3704      	adds	r7, #4
10000988:	1a5b      	subs	r3, r3, r1
1000098a:	442f      	add	r7, r5
1000098c:	f1ae 0104 	sub.w	r1, lr, #4
10000990:	1bc9      	subs	r1, r1, r7
10000992:	f3c1 044a 	ubfx	r4, r1, #1, #11
10000996:	493c      	ldr	r1, [pc, #240]	@ (10000a88 <irq_add_shared_handler+0x1dc>)
10000998:	f3c3 034a 	ubfx	r3, r3, #1, #11
1000099c:	430b      	orrs	r3, r1
1000099e:	4321      	orrs	r1, r4
100009a0:	f8a8 1004 	strh.w	r1, [r8, #4]
100009a4:	4939      	ldr	r1, [pc, #228]	@ (10000a8c <irq_add_shared_handler+0x1e0>)
100009a6:	f8a8 3002 	strh.w	r3, [r8, #2]
100009aa:	f64a 20aa 	movw	r0, #43690	@ 0xaaaa
100009ae:	4673      	mov	r3, lr
100009b0:	1b5b      	subs	r3, r3, r5
100009b2:	415b      	adcs	r3, r3
100009b4:	4358      	muls	r0, r3
100009b6:	0d00      	lsrs	r0, r0, #20
100009b8:	f888 6007 	strb.w	r6, [r8, #7]
100009bc:	f888 0006 	strb.w	r0, [r8, #6]
100009c0:	f8c8 b008 	str.w	fp, [r8, #8]
100009c4:	f048 0001 	orr.w	r0, r8, #1
100009c8:	f8ce 1000 	str.w	r1, [lr]
100009cc:	e7bf      	b.n	1000094e <irq_add_shared_handler+0xa2>
100009ce:	79d1      	ldrb	r1, [r2, #7]
100009d0:	42b1      	cmp	r1, r6
100009d2:	d92e      	bls.n	10000a32 <irq_add_shared_handler+0x186>
100009d4:	4696      	mov	lr, r2
100009d6:	f99e c006 	ldrsb.w	ip, [lr, #6]
100009da:	eb0c 024c 	add.w	r2, ip, ip, lsl #1
100009de:	f1bc 0f00 	cmp.w	ip, #0
100009e2:	eb05 0282 	add.w	r2, r5, r2, lsl #2
100009e6:	daf2      	bge.n	100009ce <irq_add_shared_handler+0x122>
100009e8:	f64b 5101 	movw	r1, #48385	@ 0xbd01
100009ec:	f10e 0204 	add.w	r2, lr, #4
100009f0:	f1a8 0704 	sub.w	r7, r8, #4
100009f4:	1abf      	subs	r7, r7, r2
100009f6:	f3c7 074a 	ubfx	r7, r7, #1, #11
100009fa:	ea6f 47c7 	mvn.w	r7, r7, lsl #19
100009fe:	ea6f 47d7 	mvn.w	r7, r7, lsr #19
10000a02:	f88e 4006 	strb.w	r4, [lr, #6]
10000a06:	eb03 0804 	add.w	r8, r3, r4
10000a0a:	4c20      	ldr	r4, [pc, #128]	@ (10000a8c <irq_add_shared_handler+0x1e0>)
10000a0c:	eb05 0388 	add.w	r3, r5, r8, lsl #2
10000a10:	f8ae 7004 	strh.w	r7, [lr, #4]
10000a14:	f845 4028 	str.w	r4, [r5, r8, lsl #2]
10000a18:	8099      	strh	r1, [r3, #4]
10000a1a:	f883 c006 	strb.w	ip, [r3, #6]
10000a1e:	71de      	strb	r6, [r3, #7]
10000a20:	f8c3 b008 	str.w	fp, [r3, #8]
10000a24:	e793      	b.n	1000094e <irq_add_shared_handler+0xa2>
10000a26:	f000 fea7 	bl	10001778 <hard_assertion_failure>
10000a2a:	4b12      	ldr	r3, [pc, #72]	@ (10000a74 <irq_add_shared_handler+0x1c8>)
10000a2c:	f993 4000 	ldrsb.w	r4, [r3]
10000a30:	e759      	b.n	100008e6 <irq_add_shared_handler+0x3a>
10000a32:	4672      	mov	r2, lr
10000a34:	f832 1f04 	ldrh.w	r1, [r2, #4]!
10000a38:	0549      	lsls	r1, r1, #21
10000a3a:	d414      	bmi.n	10000a66 <irq_add_shared_handler+0x1ba>
10000a3c:	1549      	asrs	r1, r1, #21
10000a3e:	3102      	adds	r1, #2
10000a40:	eb02 0141 	add.w	r1, r2, r1, lsl #1
10000a44:	9101      	str	r1, [sp, #4]
10000a46:	f06f 0107 	mvn.w	r1, #7
10000a4a:	1bc9      	subs	r1, r1, r7
10000a4c:	9f01      	ldr	r7, [sp, #4]
10000a4e:	1b49      	subs	r1, r1, r5
10000a50:	4439      	add	r1, r7
10000a52:	f3c1 014a 	ubfx	r1, r1, #1, #11
10000a56:	f441 4160 	orr.w	r1, r1, #57344	@ 0xe000
10000a5a:	e7c9      	b.n	100009f0 <irq_add_shared_handler+0x144>
10000a5c:	9301      	str	r3, [sp, #4]
10000a5e:	f000 fe8b 	bl	10001778 <hard_assertion_failure>
10000a62:	9b01      	ldr	r3, [sp, #4]
10000a64:	e756      	b.n	10000914 <irq_add_shared_handler+0x68>
10000a66:	f501 11ff 	add.w	r1, r1, #2088960	@ 0x1fe000
10000a6a:	f501 51ff 	add.w	r1, r1, #8160	@ 0x1fe0
10000a6e:	311f      	adds	r1, #31
10000a70:	e7e4      	b.n	10000a3c <irq_add_shared_handler+0x190>
10000a72:	bf00      	nop
10000a74:	20002250 	.word	0x20002250
10000a78:	2000158c 	.word	0x2000158c
10000a7c:	e000ed00 	.word	0xe000ed00
10000a80:	10000111 	.word	0x10000111
10000a84:	200015bc 	.word	0x200015bc
10000a88:	ffffe000 	.word	0xffffe000
10000a8c:	47804801 	.word	0x47804801
10000a90:	20001965 	.word	0x20001965

10000a94 <irq_add_tail_to_free_list>:
10000a94:	b5f0      	push	{r4, r5, r6, r7, lr}
10000a96:	f3ef 8505 	mrs	r5, IPSR
10000a9a:	b2ed      	uxtb	r5, r5
10000a9c:	f3ef 8c10 	mrs	ip, PRIMASK
10000aa0:	b672      	cpsid	i
10000aa2:	4926      	ldr	r1, [pc, #152]	@ (10000b3c <irq_add_tail_to_free_list+0xa8>)
10000aa4:	e8d1 2fcf 	ldaexb	r2, [r1]
10000aa8:	2301      	movs	r3, #1
10000aaa:	2a00      	cmp	r2, #0
10000aac:	d1fa      	bne.n	10000aa4 <irq_add_tail_to_free_list+0x10>
10000aae:	e8c1 3f42 	strexb	r2, r3, [r1]
10000ab2:	2a00      	cmp	r2, #0
10000ab4:	d1f6      	bne.n	10000aa4 <irq_add_tail_to_free_list+0x10>
10000ab6:	f3bf 8f5f 	dmb	sy
10000aba:	4e21      	ldr	r6, [pc, #132]	@ (10000b40 <irq_add_tail_to_free_list+0xac>)
10000abc:	f040 0e01 	orr.w	lr, r0, #1
10000ac0:	68b4      	ldr	r4, [r6, #8]
10000ac2:	f64a 23aa 	movw	r3, #43690	@ 0xaaaa
10000ac6:	f854 7025 	ldr.w	r7, [r4, r5, lsl #2]
10000aca:	4a1e      	ldr	r2, [pc, #120]	@ (10000b44 <irq_add_tail_to_free_list+0xb0>)
10000acc:	4604      	mov	r4, r0
10000ace:	1aa4      	subs	r4, r4, r2
10000ad0:	4164      	adcs	r4, r4
10000ad2:	4363      	muls	r3, r4
10000ad4:	0d1b      	lsrs	r3, r3, #20
10000ad6:	4577      	cmp	r7, lr
10000ad8:	b25b      	sxtb	r3, r3
10000ada:	d01b      	beq.n	10000b14 <irq_add_tail_to_free_list+0x80>
10000adc:	f992 4006 	ldrsb.w	r4, [r2, #6]
10000ae0:	429c      	cmp	r4, r3
10000ae2:	d01c      	beq.n	10000b1e <irq_add_tail_to_free_list+0x8a>
10000ae4:	f992 4012 	ldrsb.w	r4, [r2, #18]
10000ae8:	429c      	cmp	r4, r3
10000aea:	d023      	beq.n	10000b34 <irq_add_tail_to_free_list+0xa0>
10000aec:	f992 401e 	ldrsb.w	r4, [r2, #30]
10000af0:	429c      	cmp	r4, r3
10000af2:	d021      	beq.n	10000b38 <irq_add_tail_to_free_list+0xa4>
10000af4:	f992 402a 	ldrsb.w	r4, [r2, #42]	@ 0x2a
10000af8:	429c      	cmp	r4, r3
10000afa:	bf08      	it	eq
10000afc:	2403      	moveq	r4, #3
10000afe:	d00f      	beq.n	10000b20 <irq_add_tail_to_free_list+0x8c>
10000b00:	4a11      	ldr	r2, [pc, #68]	@ (10000b48 <irq_add_tail_to_free_list+0xb4>)
10000b02:	2400      	movs	r4, #0
10000b04:	7815      	ldrb	r5, [r2, #0]
10000b06:	7013      	strb	r3, [r2, #0]
10000b08:	7185      	strb	r5, [r0, #6]
10000b0a:	e8c1 4f8f 	stlb	r4, [r1]
10000b0e:	f38c 8810 	msr	PRIMASK, ip
10000b12:	bdf0      	pop	{r4, r5, r6, r7, pc}
10000b14:	68b2      	ldr	r2, [r6, #8]
10000b16:	4c0d      	ldr	r4, [pc, #52]	@ (10000b4c <irq_add_tail_to_free_list+0xb8>)
10000b18:	f842 4025 	str.w	r4, [r2, r5, lsl #2]
10000b1c:	e7f0      	b.n	10000b00 <irq_add_tail_to_free_list+0x6c>
10000b1e:	2400      	movs	r4, #0
10000b20:	eb04 0444 	add.w	r4, r4, r4, lsl #1
10000b24:	eb02 0284 	add.w	r2, r2, r4, lsl #2
10000b28:	24ff      	movs	r4, #255	@ 0xff
10000b2a:	7194      	strb	r4, [r2, #6]
10000b2c:	f64b 5401 	movw	r4, #48385	@ 0xbd01
10000b30:	8094      	strh	r4, [r2, #4]
10000b32:	e7e5      	b.n	10000b00 <irq_add_tail_to_free_list+0x6c>
10000b34:	2401      	movs	r4, #1
10000b36:	e7f3      	b.n	10000b20 <irq_add_tail_to_free_list+0x8c>
10000b38:	2402      	movs	r4, #2
10000b3a:	e7f1      	b.n	10000b20 <irq_add_tail_to_free_list+0x8c>
10000b3c:	20001965 	.word	0x20001965
10000b40:	e000ed00 	.word	0xe000ed00
10000b44:	2000158c 	.word	0x2000158c
10000b48:	20002250 	.word	0x20002250
10000b4c:	10000111 	.word	0x10000111

10000b50 <user_irq_claim_unused>:
10000b50:	b510      	push	{r4, lr}
10000b52:	4c07      	ldr	r4, [pc, #28]	@ (10000b70 <user_irq_claim_unused+0x20>)
10000b54:	b082      	sub	sp, #8
10000b56:	4601      	mov	r1, r0
10000b58:	2305      	movs	r3, #5
10000b5a:	2200      	movs	r2, #0
10000b5c:	9400      	str	r4, [sp, #0]
10000b5e:	4805      	ldr	r0, [pc, #20]	@ (10000b74 <user_irq_claim_unused+0x24>)
10000b60:	f7ff fda2 	bl	100006a8 <hw_claim_unused_from_range>
10000b64:	2800      	cmp	r0, #0
10000b66:	bfa8      	it	ge
10000b68:	f1c0 0033 	rsbge	r0, r0, #51	@ 0x33
10000b6c:	b002      	add	sp, #8
10000b6e:	bd10      	pop	{r4, pc}
10000b70:	10006d0c 	.word	0x10006d0c
10000b74:	20002254 	.word	0x20002254

10000b78 <lock_init>:
10000b78:	4b01      	ldr	r3, [pc, #4]	@ (10000b80 <lock_init+0x8>)
10000b7a:	440b      	add	r3, r1
10000b7c:	6003      	str	r3, [r0, #0]
10000b7e:	4770      	bx	lr
10000b80:	2000195c 	.word	0x2000195c

10000b84 <runtime_init_mutex>:
10000b84:	b570      	push	{r4, r5, r6, lr}
10000b86:	4c10      	ldr	r4, [pc, #64]	@ (10000bc8 <runtime_init_mutex+0x44>)
10000b88:	4d10      	ldr	r5, [pc, #64]	@ (10000bcc <runtime_init_mutex+0x48>)
10000b8a:	42ac      	cmp	r4, r5
10000b8c:	d20e      	bcs.n	10000bac <runtime_init_mutex+0x28>
10000b8e:	26ff      	movs	r6, #255	@ 0xff
10000b90:	6823      	ldr	r3, [r4, #0]
10000b92:	b163      	cbz	r3, 10000bae <runtime_init_mutex+0x2a>
10000b94:	f7ff fdc8 	bl	10000728 <next_striped_spin_lock_num>
10000b98:	4601      	mov	r1, r0
10000b9a:	4620      	mov	r0, r4
10000b9c:	f7ff ffec 	bl	10000b78 <lock_init>
10000ba0:	80a6      	strh	r6, [r4, #4]
10000ba2:	f3bf 8f5f 	dmb	sy
10000ba6:	3408      	adds	r4, #8
10000ba8:	42ac      	cmp	r4, r5
10000baa:	d3f1      	bcc.n	10000b90 <runtime_init_mutex+0xc>
10000bac:	bd70      	pop	{r4, r5, r6, pc}
10000bae:	f7ff fdbb 	bl	10000728 <next_striped_spin_lock_num>
10000bb2:	4601      	mov	r1, r0
10000bb4:	4620      	mov	r0, r4
10000bb6:	f7ff ffdf 	bl	10000b78 <lock_init>
10000bba:	7126      	strb	r6, [r4, #4]
10000bbc:	f3bf 8f5f 	dmb	sy
10000bc0:	3408      	adds	r4, #8
10000bc2:	42ac      	cmp	r4, r5
10000bc4:	d3e4      	bcc.n	10000b90 <runtime_init_mutex+0xc>
10000bc6:	bd70      	pop	{r4, r5, r6, pc}
10000bc8:	20001624 	.word	0x20001624
10000bcc:	2000162c 	.word	0x2000162c

10000bd0 <mutex_init>:
10000bd0:	b510      	push	{r4, lr}
10000bd2:	4604      	mov	r4, r0
10000bd4:	f7ff fda8 	bl	10000728 <next_striped_spin_lock_num>
10000bd8:	4601      	mov	r1, r0
10000bda:	4620      	mov	r0, r4
10000bdc:	f7ff ffcc 	bl	10000b78 <lock_init>
10000be0:	23ff      	movs	r3, #255	@ 0xff
10000be2:	7123      	strb	r3, [r4, #4]
10000be4:	f3bf 8f5f 	dmb	sy
10000be8:	bd10      	pop	{r4, pc}
10000bea:	bf00      	nop

10000bec <critical_section_init>:
10000bec:	b510      	push	{r4, lr}
10000bee:	4604      	mov	r4, r0
10000bf0:	2001      	movs	r0, #1
10000bf2:	f7ff fda5 	bl	10000740 <spin_lock_claim_unused>
10000bf6:	4b03      	ldr	r3, [pc, #12]	@ (10000c04 <critical_section_init+0x18>)
10000bf8:	4403      	add	r3, r0
10000bfa:	6023      	str	r3, [r4, #0]
10000bfc:	f3bf 8f5f 	dmb	sy
10000c00:	bd10      	pop	{r4, pc}
10000c02:	bf00      	nop
10000c04:	2000195c 	.word	0x2000195c

10000c08 <critical_section_init_with_lock_num>:
10000c08:	4b02      	ldr	r3, [pc, #8]	@ (10000c14 <critical_section_init_with_lock_num+0xc>)
10000c0a:	440b      	add	r3, r1
10000c0c:	6003      	str	r3, [r0, #0]
10000c0e:	f3bf 8f5f 	dmb	sy
10000c12:	4770      	bx	lr
10000c14:	2000195c 	.word	0x2000195c

10000c18 <sleep_until_callback>:
10000c18:	4b0d      	ldr	r3, [pc, #52]	@ (10000c50 <sleep_until_callback+0x38>)
10000c1a:	681a      	ldr	r2, [r3, #0]
10000c1c:	f3ef 8110 	mrs	r1, PRIMASK
10000c20:	b672      	cpsid	i
10000c22:	e8d2 cfcf 	ldaexb	ip, [r2]
10000c26:	2001      	movs	r0, #1
10000c28:	f1bc 0f00 	cmp.w	ip, #0
10000c2c:	d1f9      	bne.n	10000c22 <sleep_until_callback+0xa>
10000c2e:	e8c2 0f4c 	strexb	ip, r0, [r2]
10000c32:	f1bc 0f00 	cmp.w	ip, #0
10000c36:	d1f4      	bne.n	10000c22 <sleep_until_callback+0xa>
10000c38:	f3bf 8f5f 	dmb	sy
10000c3c:	2200      	movs	r2, #0
10000c3e:	681b      	ldr	r3, [r3, #0]
10000c40:	e8c3 2f8f 	stlb	r2, [r3]
10000c44:	f381 8810 	msr	PRIMASK, r1
10000c48:	bf40      	sev
10000c4a:	2000      	movs	r0, #0
10000c4c:	2100      	movs	r1, #0
10000c4e:	4770      	bx	lr
10000c50:	20002230 	.word	0x20002230
10000c54:	00000000 	.word	0x00000000

10000c58 <alarm_pool_irq_handler>:
10000c58:	e92d 4ff0 	stmdb	sp!, {r4, r5, r6, r7, r8, r9, sl, fp, lr}
10000c5c:	ed2d 8b02 	vpush	{d8}
10000c60:	b085      	sub	sp, #20
10000c62:	f3ef 8305 	mrs	r3, IPSR
10000c66:	b2db      	uxtb	r3, r3
10000c68:	3b10      	subs	r3, #16
10000c6a:	089a      	lsrs	r2, r3, #2
10000c6c:	bf18      	it	ne
10000c6e:	2201      	movne	r2, #1
10000c70:	f04f 0101 	mov.w	r1, #1
10000c74:	f003 0b03 	and.w	fp, r3, #3
10000c78:	bf18      	it	ne
10000c7a:	4daf      	ldrne	r5, [pc, #700]	@ (10000f38 <alarm_pool_irq_handler+0x2e0>)
10000c7c:	4baf      	ldr	r3, [pc, #700]	@ (10000f3c <alarm_pool_irq_handler+0x2e4>)
10000c7e:	bf08      	it	eq
10000c80:	4daf      	ldreq	r5, [pc, #700]	@ (10000f40 <alarm_pool_irq_handler+0x2e8>)
10000c82:	eb0b 0282 	add.w	r2, fp, r2, lsl #2
10000c86:	f853 6022 	ldr.w	r6, [r3, r2, lsl #2]
10000c8a:	fa01 f20b 	lsl.w	r2, r1, fp
10000c8e:	f505 5341 	add.w	r3, r5, #12352	@ 0x3040
10000c92:	ed9f 8ba7 	vldr	d8, [pc, #668]	@ 10000f30 <alarm_pool_irq_handler+0x2d8>
10000c96:	9201      	str	r2, [sp, #4]
10000c98:	605a      	str	r2, [r3, #4]
10000c9a:	e02f      	b.n	10000cfc <alarm_pool_irq_handler+0xa4>
10000c9c:	88b3      	ldrh	r3, [r6, #4]
10000c9e:	041c      	lsls	r4, r3, #16
10000ca0:	f140 8093 	bpl.w	10000dca <alarm_pool_irq_handler+0x172>
10000ca4:	79b3      	ldrb	r3, [r6, #6]
10000ca6:	2b00      	cmp	r3, #0
10000ca8:	f040 80dd 	bne.w	10000e66 <alarm_pool_irq_handler+0x20e>
10000cac:	f9b6 2008 	ldrsh.w	r2, [r6, #8]
10000cb0:	2a00      	cmp	r2, #0
10000cb2:	f2c0 811e 	blt.w	10000ef2 <alarm_pool_irq_handler+0x29a>
10000cb6:	6973      	ldr	r3, [r6, #20]
10000cb8:	eb02 0242 	add.w	r2, r2, r2, lsl #1
10000cbc:	eb03 03c2 	add.w	r3, r3, r2, lsl #3
10000cc0:	e9d3 4702 	ldrd	r4, r7, [r3, #8]
10000cc4:	f1b7 3fff 	cmp.w	r7, #4294967295	@ 0xffffffff
10000cc8:	bf08      	it	eq
10000cca:	f1b4 3fff 	cmpeq.w	r4, #4294967295	@ 0xffffffff
10000cce:	d00e      	beq.n	10000cee <alarm_pool_irq_handler+0x96>
10000cd0:	eb05 018b 	add.w	r1, r5, fp, lsl #2
10000cd4:	6aab      	ldr	r3, [r5, #40]	@ 0x28
10000cd6:	690a      	ldr	r2, [r1, #16]
10000cd8:	1ad2      	subs	r2, r2, r3
10000cda:	1ae3      	subs	r3, r4, r3
10000cdc:	4293      	cmp	r3, r2
10000cde:	d305      	bcc.n	10000cec <alarm_pool_irq_handler+0x94>
10000ce0:	2301      	movs	r3, #1
10000ce2:	6a2a      	ldr	r2, [r5, #32]
10000ce4:	fa03 f30b 	lsl.w	r3, r3, fp
10000ce8:	4213      	tst	r3, r2
10000cea:	d100      	bne.n	10000cee <alarm_pool_irq_handler+0x96>
10000cec:	610c      	str	r4, [r1, #16]
10000cee:	4628      	mov	r0, r5
10000cf0:	f000 fbac 	bl	1000144c <timer_time_us_64>
10000cf4:	42a0      	cmp	r0, r4
10000cf6:	41b9      	sbcs	r1, r7
10000cf8:	f2c0 80fb 	blt.w	10000ef2 <alarm_pool_irq_handler+0x29a>
10000cfc:	f9b6 3008 	ldrsh.w	r3, [r6, #8]
10000d00:	9a01      	ldr	r2, [sp, #4]
10000d02:	2b00      	cmp	r3, #0
10000d04:	9300      	str	r3, [sp, #0]
10000d06:	63ea      	str	r2, [r5, #60]	@ 0x3c
10000d08:	dbc8      	blt.n	10000c9c <alarm_pool_irq_handler+0x44>
10000d0a:	f8d6 8014 	ldr.w	r8, [r6, #20]
10000d0e:	eb03 0943 	add.w	r9, r3, r3, lsl #1
10000d12:	4628      	mov	r0, r5
10000d14:	eb08 07c9 	add.w	r7, r8, r9, lsl #3
10000d18:	e9d7 4a02 	ldrd	r4, sl, [r7, #8]
10000d1c:	f000 fb96 	bl	1000144c <timer_time_us_64>
10000d20:	42a0      	cmp	r0, r4
10000d22:	eb71 010a 	sbcs.w	r1, r1, sl
10000d26:	dbb9      	blt.n	10000c9c <alarm_pool_irq_handler+0x44>
10000d28:	f1ba 0f00 	cmp.w	sl, #0
10000d2c:	f2c0 80c3 	blt.w	10000eb6 <alarm_pool_irq_handler+0x25e>
10000d30:	e9d7 3104 	ldrd	r3, r1, [r7, #16]
10000d34:	4a83      	ldr	r2, [pc, #524]	@ (10000f44 <alarm_pool_irq_handler+0x2ec>)
10000d36:	4293      	cmp	r3, r2
10000d38:	f000 80ed 	beq.w	10000f16 <alarm_pool_irq_handler+0x2be>
10000d3c:	887a      	ldrh	r2, [r7, #2]
10000d3e:	f9b6 0008 	ldrsh.w	r0, [r6, #8]
10000d42:	b292      	uxth	r2, r2
10000d44:	ea42 4000 	orr.w	r0, r2, r0, lsl #16
10000d48:	4798      	blx	r3
10000d4a:	4602      	mov	r2, r0
10000d4c:	460b      	mov	r3, r1
10000d4e:	ea52 0103 	orrs.w	r1, r2, r3
10000d52:	f000 80b0 	beq.w	10000eb6 <alarm_pool_irq_handler+0x25e>
10000d56:	2b00      	cmp	r3, #0
10000d58:	f280 80d1 	bge.w	10000efe <alarm_pool_irq_handler+0x2a6>
10000d5c:	ebb4 0e02 	subs.w	lr, r4, r2
10000d60:	eb6a 0a03 	sbc.w	sl, sl, r3
10000d64:	f938 3039 	ldrsh.w	r3, [r8, r9, lsl #3]
10000d68:	e9c7 ea02 	strd	lr, sl, [r7, #8]
10000d6c:	2b00      	cmp	r3, #0
10000d6e:	db95      	blt.n	10000c9c <alarm_pool_irq_handler+0x44>
10000d70:	6971      	ldr	r1, [r6, #20]
10000d72:	eb03 0243 	add.w	r2, r3, r3, lsl #1
10000d76:	eb01 02c2 	add.w	r2, r1, r2, lsl #3
10000d7a:	e9d2 7002 	ldrd	r7, r0, [r2, #8]
10000d7e:	45be      	cmp	lr, r7
10000d80:	eb7a 0c00 	sbcs.w	ip, sl, r0
10000d84:	ea4f 0243 	mov.w	r2, r3, lsl #1
10000d88:	db88      	blt.n	10000c9c <alarm_pool_irq_handler+0x44>
10000d8a:	46b4      	mov	ip, r6
10000d8c:	f82c 3f08 	strh.w	r3, [ip, #8]!
10000d90:	e006      	b.n	10000da0 <alarm_pool_irq_handler+0x148>
10000d92:	eb03 0043 	add.w	r0, r3, r3, lsl #1
10000d96:	eb01 00c0 	add.w	r0, r1, r0, lsl #3
10000d9a:	005a      	lsls	r2, r3, #1
10000d9c:	e9d0 7002 	ldrd	r7, r0, [r0, #8]
10000da0:	45be      	cmp	lr, r7
10000da2:	441a      	add	r2, r3
10000da4:	eb7a 0000 	sbcs.w	r0, sl, r0
10000da8:	eb01 04c2 	add.w	r4, r1, r2, lsl #3
10000dac:	db04      	blt.n	10000db8 <alarm_pool_irq_handler+0x160>
10000dae:	f931 3032 	ldrsh.w	r3, [r1, r2, lsl #3]
10000db2:	46a4      	mov	ip, r4
10000db4:	2b00      	cmp	r3, #0
10000db6:	daec      	bge.n	10000d92 <alarm_pool_irq_handler+0x13a>
10000db8:	f828 3039 	strh.w	r3, [r8, r9, lsl #3]
10000dbc:	9b00      	ldr	r3, [sp, #0]
10000dbe:	f8ac 3000 	strh.w	r3, [ip]
10000dc2:	88b3      	ldrh	r3, [r6, #4]
10000dc4:	041c      	lsls	r4, r3, #16
10000dc6:	f53f af6d 	bmi.w	10000ca4 <alarm_pool_irq_handler+0x4c>
10000dca:	6933      	ldr	r3, [r6, #16]
10000dcc:	f3ef 8210 	mrs	r2, PRIMASK
10000dd0:	b672      	cpsid	i
10000dd2:	e8d3 0fcf 	ldaexb	r0, [r3]
10000dd6:	2101      	movs	r1, #1
10000dd8:	2800      	cmp	r0, #0
10000dda:	d1fa      	bne.n	10000dd2 <alarm_pool_irq_handler+0x17a>
10000ddc:	e8c3 1f40 	strexb	r0, r1, [r3]
10000de0:	2800      	cmp	r0, #0
10000de2:	d1f6      	bne.n	10000dd2 <alarm_pool_irq_handler+0x17a>
10000de4:	f3bf 8f5f 	dmb	sy
10000de8:	f64f 74ff 	movw	r4, #65535	@ 0xffff
10000dec:	88b0      	ldrh	r0, [r6, #4]
10000dee:	2300      	movs	r3, #0
10000df0:	6931      	ldr	r1, [r6, #16]
10000df2:	b200      	sxth	r0, r0
10000df4:	80b4      	strh	r4, [r6, #4]
10000df6:	e8c1 3f8f 	stlb	r3, [r1]
10000dfa:	f382 8810 	msr	PRIMASK, r2
10000dfe:	4298      	cmp	r0, r3
10000e00:	f6ff af50 	blt.w	10000ca4 <alarm_pool_irq_handler+0x4c>
10000e04:	4607      	mov	r7, r0
10000e06:	46a9      	mov	r9, r5
10000e08:	6974      	ldr	r4, [r6, #20]
10000e0a:	f106 0808 	add.w	r8, r6, #8
10000e0e:	eb07 0e47 	add.w	lr, r7, r7, lsl #1
10000e12:	eb04 03ce 	add.w	r3, r4, lr, lsl #3
10000e16:	e9d3 5002 	ldrd	r5, r0, [r3, #8]
10000e1a:	f9b6 3008 	ldrsh.w	r3, [r6, #8]
10000e1e:	46c4      	mov	ip, r8
10000e20:	2b00      	cmp	r3, #0
10000e22:	db13      	blt.n	10000e4c <alarm_pool_irq_handler+0x1f4>
10000e24:	46b2      	mov	sl, r6
10000e26:	9700      	str	r7, [sp, #0]
10000e28:	e004      	b.n	10000e34 <alarm_pool_irq_handler+0x1dc>
10000e2a:	f934 3036 	ldrsh.w	r3, [r4, r6, lsl #3]
10000e2e:	4694      	mov	ip, r2
10000e30:	2b00      	cmp	r3, #0
10000e32:	db09      	blt.n	10000e48 <alarm_pool_irq_handler+0x1f0>
10000e34:	eb03 0643 	add.w	r6, r3, r3, lsl #1
10000e38:	eb04 02c6 	add.w	r2, r4, r6, lsl #3
10000e3c:	e9d2 7102 	ldrd	r7, r1, [r2, #8]
10000e40:	42bd      	cmp	r5, r7
10000e42:	eb70 0101 	sbcs.w	r1, r0, r1
10000e46:	daf0      	bge.n	10000e2a <alarm_pool_irq_handler+0x1d2>
10000e48:	4656      	mov	r6, sl
10000e4a:	9f00      	ldr	r7, [sp, #0]
10000e4c:	f8ac 7000 	strh.w	r7, [ip]
10000e50:	f934 703e 	ldrsh.w	r7, [r4, lr, lsl #3]
10000e54:	f824 303e 	strh.w	r3, [r4, lr, lsl #3]
10000e58:	2f00      	cmp	r7, #0
10000e5a:	dad8      	bge.n	10000e0e <alarm_pool_irq_handler+0x1b6>
10000e5c:	79b3      	ldrb	r3, [r6, #6]
10000e5e:	464d      	mov	r5, r9
10000e60:	2b00      	cmp	r3, #0
10000e62:	f43f af23 	beq.w	10000cac <alarm_pool_irq_handler+0x54>
10000e66:	2300      	movs	r3, #0
10000e68:	71b3      	strb	r3, [r6, #6]
10000e6a:	f9b6 3008 	ldrsh.w	r3, [r6, #8]
10000e6e:	f106 0808 	add.w	r8, r6, #8
10000e72:	1c58      	adds	r0, r3, #1
10000e74:	d03d      	beq.n	10000ef2 <alarm_pool_irq_handler+0x29a>
10000e76:	461a      	mov	r2, r3
10000e78:	6977      	ldr	r7, [r6, #20]
10000e7a:	e003      	b.n	10000e84 <alarm_pool_irq_handler+0x22c>
10000e7c:	4680      	mov	r8, r0
10000e7e:	1c59      	adds	r1, r3, #1
10000e80:	f43f af16 	beq.w	10000cb0 <alarm_pool_irq_handler+0x58>
10000e84:	eb03 0143 	add.w	r1, r3, r3, lsl #1
10000e88:	eb07 00c1 	add.w	r0, r7, r1, lsl #3
10000e8c:	f8b0 c002 	ldrh.w	ip, [r0, #2]
10000e90:	461c      	mov	r4, r3
10000e92:	f41c 4f00 	tst.w	ip, #32768	@ 0x8000
10000e96:	469e      	mov	lr, r3
10000e98:	f937 3031 	ldrsh.w	r3, [r7, r1, lsl #3]
10000e9c:	d0ee      	beq.n	10000e7c <alarm_pool_irq_handler+0x224>
10000e9e:	4294      	cmp	r4, r2
10000ea0:	ed80 8b02 	vstr	d8, [r0, #8]
10000ea4:	d005      	beq.n	10000eb2 <alarm_pool_irq_handler+0x25a>
10000ea6:	f8a8 3000 	strh.w	r3, [r8]
10000eaa:	8932      	ldrh	r2, [r6, #8]
10000eac:	f827 2031 	strh.w	r2, [r7, r1, lsl #3]
10000eb0:	8134      	strh	r4, [r6, #8]
10000eb2:	4672      	mov	r2, lr
10000eb4:	e7e3      	b.n	10000e7e <alarm_pool_irq_handler+0x226>
10000eb6:	f838 3039 	ldrh.w	r3, [r8, r9, lsl #3]
10000eba:	8133      	strh	r3, [r6, #8]
10000ebc:	6933      	ldr	r3, [r6, #16]
10000ebe:	f3ef 8210 	mrs	r2, PRIMASK
10000ec2:	b672      	cpsid	i
10000ec4:	e8d3 0fcf 	ldaexb	r0, [r3]
10000ec8:	2101      	movs	r1, #1
10000eca:	2800      	cmp	r0, #0
10000ecc:	d1fa      	bne.n	10000ec4 <alarm_pool_irq_handler+0x26c>
10000ece:	e8c3 1f40 	strexb	r0, r1, [r3]
10000ed2:	2800      	cmp	r0, #0
10000ed4:	d1f6      	bne.n	10000ec4 <alarm_pool_irq_handler+0x26c>
10000ed6:	f3bf 8f5f 	dmb	sy
10000eda:	8873      	ldrh	r3, [r6, #2]
10000edc:	6931      	ldr	r1, [r6, #16]
10000ede:	f828 3039 	strh.w	r3, [r8, r9, lsl #3]
10000ee2:	9b00      	ldr	r3, [sp, #0]
10000ee4:	8073      	strh	r3, [r6, #2]
10000ee6:	2300      	movs	r3, #0
10000ee8:	e8c1 3f8f 	stlb	r3, [r1]
10000eec:	f382 8810 	msr	PRIMASK, r2
10000ef0:	e6d4      	b.n	10000c9c <alarm_pool_irq_handler+0x44>
10000ef2:	bf40      	sev
10000ef4:	b005      	add	sp, #20
10000ef6:	ecbd 8b02 	vpop	{d8}
10000efa:	e8bd 8ff0 	ldmia.w	sp!, {r4, r5, r6, r7, r8, r9, sl, fp, pc}
10000efe:	4628      	mov	r0, r5
10000f00:	e9cd 2302 	strd	r2, r3, [sp, #8]
10000f04:	f000 faa2 	bl	1000144c <timer_time_us_64>
10000f08:	9a02      	ldr	r2, [sp, #8]
10000f0a:	9b03      	ldr	r3, [sp, #12]
10000f0c:	eb10 0e02 	adds.w	lr, r0, r2
10000f10:	eb43 0a01 	adc.w	sl, r3, r1
10000f14:	e726      	b.n	10000d64 <alarm_pool_irq_handler+0x10c>
10000f16:	4608      	mov	r0, r1
10000f18:	690b      	ldr	r3, [r1, #16]
10000f1a:	9102      	str	r1, [sp, #8]
10000f1c:	4798      	blx	r3
10000f1e:	2800      	cmp	r0, #0
10000f20:	d0c9      	beq.n	10000eb6 <alarm_pool_irq_handler+0x25e>
10000f22:	9902      	ldr	r1, [sp, #8]
10000f24:	e9d1 2300 	ldrd	r2, r3, [r1]
10000f28:	e711      	b.n	10000d4e <alarm_pool_irq_handler+0xf6>
10000f2a:	bf00      	nop
10000f2c:	f3af 8000 	nop.w
10000f30:	ffffffff 	.word	0xffffffff
10000f34:	ffffffff 	.word	0xffffffff
10000f38:	400b8000 	.word	0x400b8000
10000f3c:	20002208 	.word	0x20002208
10000f40:	400b0000 	.word	0x400b0000
10000f44:	10000c59 	.word	0x10000c59

10000f48 <runtime_init_default_alarm_pool>:
10000f48:	e92d 4ff8 	stmdb	sp!, {r3, r4, r5, r6, r7, r8, r9, sl, fp, lr}
10000f4c:	4c36      	ldr	r4, [pc, #216]	@ (10001028 <runtime_init_default_alarm_pool+0xe0>)
10000f4e:	6925      	ldr	r5, [r4, #16]
10000f50:	b12d      	cbz	r5, 10000f5e <runtime_init_default_alarm_pool+0x16>
10000f52:	e8bd 4ff8 	ldmia.w	sp!, {r3, r4, r5, r6, r7, r8, r9, sl, fp, lr}
10000f56:	210a      	movs	r1, #10
10000f58:	4834      	ldr	r0, [pc, #208]	@ (1000102c <runtime_init_default_alarm_pool+0xe4>)
10000f5a:	f7ff be0d 	b.w	10000b78 <lock_init>
10000f5e:	f8df 80e4 	ldr.w	r8, [pc, #228]	@ 10001044 <runtime_init_default_alarm_pool+0xfc>
10000f62:	2103      	movs	r1, #3
10000f64:	4640      	mov	r0, r8
10000f66:	f000 fa5f 	bl	10001428 <timer_hardware_alarm_claim>
10000f6a:	2603      	movs	r6, #3
10000f6c:	f8c4 800c 	str.w	r8, [r4, #12]
10000f70:	f7ff fbda 	bl	10000728 <next_striped_spin_lock_num>
10000f74:	f04f 4c50 	mov.w	ip, #3489660928	@ 0xd0000000
10000f78:	4b2d      	ldr	r3, [pc, #180]	@ (10001030 <runtime_init_default_alarm_pool+0xe8>)
10000f7a:	7026      	strb	r6, [r4, #0]
10000f7c:	4403      	add	r3, r0
10000f7e:	6123      	str	r3, [r4, #16]
10000f80:	f8dc 3000 	ldr.w	r3, [ip]
10000f84:	210f      	movs	r1, #15
10000f86:	7063      	strb	r3, [r4, #1]
10000f88:	6963      	ldr	r3, [r4, #20]
10000f8a:	8061      	strh	r1, [r4, #2]
10000f8c:	831d      	strh	r5, [r3, #24]
10000f8e:	f04f 0504 	mov.w	r5, #4
10000f92:	f8a3 5078 	strh.w	r5, [r3, #120]	@ 0x78
10000f96:	f04f 0505 	mov.w	r5, #5
10000f9a:	f8a3 5090 	strh.w	r5, [r3, #144]	@ 0x90
10000f9e:	f04f 0506 	mov.w	r5, #6
10000fa2:	f8a3 50a8 	strh.w	r5, [r3, #168]	@ 0xa8
10000fa6:	f04f 0507 	mov.w	r5, #7
10000faa:	210e      	movs	r1, #14
10000fac:	f64f 72ff 	movw	r2, #65535	@ 0xffff
10000fb0:	2708      	movs	r7, #8
10000fb2:	f04f 0e0a 	mov.w	lr, #10
10000fb6:	f8a3 50c0 	strh.w	r5, [r3, #192]	@ 0xc0
10000fba:	f04f 0901 	mov.w	r9, #1
10000fbe:	f04f 0c0c 	mov.w	ip, #12
10000fc2:	f04f 0b02 	mov.w	fp, #2
10000fc6:	f04f 0a09 	mov.w	sl, #9
10000fca:	200d      	movs	r0, #13
10000fcc:	f04f 050b 	mov.w	r5, #11
10000fd0:	f8a3 1168 	strh.w	r1, [r3, #360]	@ 0x168
10000fd4:	4917      	ldr	r1, [pc, #92]	@ (10001034 <runtime_init_default_alarm_pool+0xec>)
10000fd6:	80a2      	strh	r2, [r4, #4]
10000fd8:	f8a3 e108 	strh.w	lr, [r3, #264]	@ 0x108
10000fdc:	60a1      	str	r1, [r4, #8]
10000fde:	f8a3 b048 	strh.w	fp, [r3, #72]	@ 0x48
10000fe2:	f8a3 a0f0 	strh.w	sl, [r3, #240]	@ 0xf0
10000fe6:	f8a3 5120 	strh.w	r5, [r3, #288]	@ 0x120
10000fea:	f8a3 c138 	strh.w	ip, [r3, #312]	@ 0x138
10000fee:	f8a3 0150 	strh.w	r0, [r3, #336]	@ 0x150
10000ff2:	f8a3 9030 	strh.w	r9, [r3, #48]	@ 0x30
10000ff6:	f8a3 6060 	strh.w	r6, [r3, #96]	@ 0x60
10000ffa:	f8a3 70d8 	strh.w	r7, [r3, #216]	@ 0xd8
10000ffe:	801a      	strh	r2, [r3, #0]
10001000:	4b0d      	ldr	r3, [pc, #52]	@ (10001038 <runtime_init_default_alarm_pool+0xf0>)
10001002:	4630      	mov	r0, r6
10001004:	f8c8 7020 	str.w	r7, [r8, #32]
10001008:	490c      	ldr	r1, [pc, #48]	@ (1000103c <runtime_init_default_alarm_pool+0xf4>)
1000100a:	60dc      	str	r4, [r3, #12]
1000100c:	f7ff fc1e 	bl	1000084c <irq_set_exclusive_handler>
10001010:	4649      	mov	r1, r9
10001012:	4630      	mov	r0, r6
10001014:	f7ff fbd8 	bl	100007c8 <irq_set_enabled>
10001018:	4b09      	ldr	r3, [pc, #36]	@ (10001040 <runtime_init_default_alarm_pool+0xf8>)
1000101a:	210a      	movs	r1, #10
1000101c:	641f      	str	r7, [r3, #64]	@ 0x40
1000101e:	4803      	ldr	r0, [pc, #12]	@ (1000102c <runtime_init_default_alarm_pool+0xe4>)
10001020:	e8bd 4ff8 	ldmia.w	sp!, {r3, r4, r5, r6, r7, r8, r9, sl, fp, lr}
10001024:	f7ff bda8 	b.w	10000b78 <lock_init>
10001028:	200015d4 	.word	0x200015d4
1000102c:	20002230 	.word	0x20002230
10001030:	2000195c 	.word	0x2000195c
10001034:	0010ffff 	.word	0x0010ffff
10001038:	20002208 	.word	0x20002208
1000103c:	10000c59 	.word	0x10000c59
10001040:	400b2000 	.word	0x400b2000
10001044:	400b0000 	.word	0x400b0000

10001048 <alarm_pool_get_default>:
10001048:	4800      	ldr	r0, [pc, #0]	@ (1000104c <alarm_pool_get_default+0x4>)
1000104a:	4770      	bx	lr
1000104c:	200015d4 	.word	0x200015d4

10001050 <alarm_pool_add_alarm_at>:
10001050:	b5f8      	push	{r3, r4, r5, r6, r7, lr}
10001052:	f89d 5020 	ldrb.w	r5, [sp, #32]
10001056:	4604      	mov	r4, r0
10001058:	4617      	mov	r7, r2
1000105a:	461e      	mov	r6, r3
1000105c:	b935      	cbnz	r5, 1000106c <alarm_pool_add_alarm_at+0x1c>
1000105e:	f000 f9fd 	bl	1000145c <time_us_64>
10001062:	4287      	cmp	r7, r0
10001064:	eb66 0101 	sbc.w	r1, r6, r1
10001068:	2900      	cmp	r1, #0
1000106a:	db5c      	blt.n	10001126 <alarm_pool_add_alarm_at+0xd6>
1000106c:	6921      	ldr	r1, [r4, #16]
1000106e:	f3ef 8310 	mrs	r3, PRIMASK
10001072:	b672      	cpsid	i
10001074:	e8d1 0fcf 	ldaexb	r0, [r1]
10001078:	2201      	movs	r2, #1
1000107a:	2800      	cmp	r0, #0
1000107c:	d1fa      	bne.n	10001074 <alarm_pool_add_alarm_at+0x24>
1000107e:	e8c1 2f40 	strexb	r0, r2, [r1]
10001082:	2800      	cmp	r0, #0
10001084:	d1f6      	bne.n	10001074 <alarm_pool_add_alarm_at+0x24>
10001086:	f3bf 8f5f 	dmb	sy
1000108a:	f9b4 2002 	ldrsh.w	r2, [r4, #2]
1000108e:	6965      	ldr	r5, [r4, #20]
10001090:	eb02 0142 	add.w	r1, r2, r2, lsl #1
10001094:	2a00      	cmp	r2, #0
10001096:	ea4f 0cc1 	mov.w	ip, r1, lsl #3
1000109a:	6920      	ldr	r0, [r4, #16]
1000109c:	eb05 01c1 	add.w	r1, r5, r1, lsl #3
100010a0:	db39      	blt.n	10001116 <alarm_pool_add_alarm_at+0xc6>
100010a2:	f835 e00c 	ldrh.w	lr, [r5, ip]
100010a6:	f8a4 e002 	strh.w	lr, [r4, #2]
100010aa:	f04f 0e00 	mov.w	lr, #0
100010ae:	e8c0 ef8f 	stlb	lr, [r0]
100010b2:	f383 8810 	msr	PRIMASK, r3
100010b6:	8848      	ldrh	r0, [r1, #2]
100010b8:	9b06      	ldr	r3, [sp, #24]
100010ba:	3001      	adds	r0, #1
100010bc:	f3c0 000e 	ubfx	r0, r0, #0, #15
100010c0:	2801      	cmp	r0, #1
100010c2:	bf38      	it	cc
100010c4:	2001      	movcc	r0, #1
100010c6:	610b      	str	r3, [r1, #16]
100010c8:	9b07      	ldr	r3, [sp, #28]
100010ca:	8048      	strh	r0, [r1, #2]
100010cc:	614b      	str	r3, [r1, #20]
100010ce:	e9c1 7602 	strd	r7, r6, [r1, #8]
100010d2:	ea40 4002 	orr.w	r0, r0, r2, lsl #16
100010d6:	6923      	ldr	r3, [r4, #16]
100010d8:	f3ef 8110 	mrs	r1, PRIMASK
100010dc:	b672      	cpsid	i
100010de:	e8d3 7fcf 	ldaexb	r7, [r3]
100010e2:	2601      	movs	r6, #1
100010e4:	2f00      	cmp	r7, #0
100010e6:	d1fa      	bne.n	100010de <alarm_pool_add_alarm_at+0x8e>
100010e8:	e8c3 6f47 	strexb	r7, r6, [r3]
100010ec:	2f00      	cmp	r7, #0
100010ee:	d1f6      	bne.n	100010de <alarm_pool_add_alarm_at+0x8e>
100010f0:	f3bf 8f5f 	dmb	sy
100010f4:	88a3      	ldrh	r3, [r4, #4]
100010f6:	f825 300c 	strh.w	r3, [r5, ip]
100010fa:	80a2      	strh	r2, [r4, #4]
100010fc:	6923      	ldr	r3, [r4, #16]
100010fe:	e8c3 ef8f 	stlb	lr, [r3]
10001102:	f381 8810 	msr	PRIMASK, r1
10001106:	2201      	movs	r2, #1
10001108:	68e3      	ldr	r3, [r4, #12]
1000110a:	7821      	ldrb	r1, [r4, #0]
1000110c:	f503 5301 	add.w	r3, r3, #8256	@ 0x2040
10001110:	408a      	lsls	r2, r1
10001112:	605a      	str	r2, [r3, #4]
10001114:	bdf8      	pop	{r3, r4, r5, r6, r7, pc}
10001116:	2200      	movs	r2, #0
10001118:	e8c0 2f8f 	stlb	r2, [r0]
1000111c:	f383 8810 	msr	PRIMASK, r3
10001120:	f04f 30ff 	mov.w	r0, #4294967295	@ 0xffffffff
10001124:	bdf8      	pop	{r3, r4, r5, r6, r7, pc}
10001126:	4628      	mov	r0, r5
10001128:	bdf8      	pop	{r3, r4, r5, r6, r7, pc}
1000112a:	bf00      	nop

1000112c <alarm_pool_add_alarm_at_force_in_context>:
1000112c:	4601      	mov	r1, r0
1000112e:	b5f0      	push	{r4, r5, r6, r7, lr}
10001130:	6900      	ldr	r0, [r0, #16]
10001132:	f3ef 8710 	mrs	r7, PRIMASK
10001136:	b672      	cpsid	i
10001138:	e8d0 5fcf 	ldaexb	r5, [r0]
1000113c:	2401      	movs	r4, #1
1000113e:	2d00      	cmp	r5, #0
10001140:	d1fa      	bne.n	10001138 <alarm_pool_add_alarm_at_force_in_context+0xc>
10001142:	e8c0 4f45 	strexb	r5, r4, [r0]
10001146:	2d00      	cmp	r5, #0
10001148:	d1f6      	bne.n	10001138 <alarm_pool_add_alarm_at_force_in_context+0xc>
1000114a:	f3bf 8f5f 	dmb	sy
1000114e:	f9b1 e002 	ldrsh.w	lr, [r1, #2]
10001152:	694c      	ldr	r4, [r1, #20]
10001154:	eb0e 0c4e 	add.w	ip, lr, lr, lsl #1
10001158:	f1be 0f00 	cmp.w	lr, #0
1000115c:	ea4f 05cc 	mov.w	r5, ip, lsl #3
10001160:	6908      	ldr	r0, [r1, #16]
10001162:	eb04 0ccc 	add.w	ip, r4, ip, lsl #3
10001166:	db3c      	blt.n	100011e2 <alarm_pool_add_alarm_at_force_in_context+0xb6>
10001168:	5b66      	ldrh	r6, [r4, r5]
1000116a:	804e      	strh	r6, [r1, #2]
1000116c:	2600      	movs	r6, #0
1000116e:	e8c0 6f8f 	stlb	r6, [r0]
10001172:	f387 8810 	msr	PRIMASK, r7
10001176:	f8bc 0002 	ldrh.w	r0, [ip, #2]
1000117a:	e9cc 2302 	strd	r2, r3, [ip, #8]
1000117e:	3001      	adds	r0, #1
10001180:	f3c0 000e 	ubfx	r0, r0, #0, #15
10001184:	2801      	cmp	r0, #1
10001186:	bf38      	it	cc
10001188:	2001      	movcc	r0, #1
1000118a:	9b05      	ldr	r3, [sp, #20]
1000118c:	f8ac 0002 	strh.w	r0, [ip, #2]
10001190:	f8cc 3010 	str.w	r3, [ip, #16]
10001194:	9b06      	ldr	r3, [sp, #24]
10001196:	ea40 400e 	orr.w	r0, r0, lr, lsl #16
1000119a:	f8cc 3014 	str.w	r3, [ip, #20]
1000119e:	690b      	ldr	r3, [r1, #16]
100011a0:	f3ef 8210 	mrs	r2, PRIMASK
100011a4:	b672      	cpsid	i
100011a6:	e8d3 cfcf 	ldaexb	ip, [r3]
100011aa:	2701      	movs	r7, #1
100011ac:	f1bc 0f00 	cmp.w	ip, #0
100011b0:	d1f9      	bne.n	100011a6 <alarm_pool_add_alarm_at_force_in_context+0x7a>
100011b2:	e8c3 7f4c 	strexb	ip, r7, [r3]
100011b6:	f1bc 0f00 	cmp.w	ip, #0
100011ba:	d1f4      	bne.n	100011a6 <alarm_pool_add_alarm_at_force_in_context+0x7a>
100011bc:	f3bf 8f5f 	dmb	sy
100011c0:	888b      	ldrh	r3, [r1, #4]
100011c2:	5363      	strh	r3, [r4, r5]
100011c4:	f8a1 e004 	strh.w	lr, [r1, #4]
100011c8:	690b      	ldr	r3, [r1, #16]
100011ca:	e8c3 6f8f 	stlb	r6, [r3]
100011ce:	f382 8810 	msr	PRIMASK, r2
100011d2:	2201      	movs	r2, #1
100011d4:	68cb      	ldr	r3, [r1, #12]
100011d6:	7809      	ldrb	r1, [r1, #0]
100011d8:	f503 5301 	add.w	r3, r3, #8256	@ 0x2040
100011dc:	408a      	lsls	r2, r1
100011de:	605a      	str	r2, [r3, #4]
100011e0:	bdf0      	pop	{r4, r5, r6, r7, pc}
100011e2:	2300      	movs	r3, #0
100011e4:	e8c0 3f8f 	stlb	r3, [r0]
100011e8:	f387 8810 	msr	PRIMASK, r7
100011ec:	f04f 30ff 	mov.w	r0, #4294967295	@ 0xffffffff
100011f0:	bdf0      	pop	{r4, r5, r6, r7, pc}
100011f2:	bf00      	nop

100011f4 <alarm_pool_cancel_alarm>:
100011f4:	4603      	mov	r3, r0
100011f6:	8940      	ldrh	r0, [r0, #10]
100011f8:	ebb0 4f21 	cmp.w	r0, r1, asr #16
100011fc:	dd37      	ble.n	1000126e <alarm_pool_cancel_alarm+0x7a>
100011fe:	6958      	ldr	r0, [r3, #20]
10001200:	140a      	asrs	r2, r1, #16
10001202:	eb02 0242 	add.w	r2, r2, r2, lsl #1
10001206:	b510      	push	{r4, lr}
10001208:	eb00 00c2 	add.w	r0, r0, r2, lsl #3
1000120c:	691c      	ldr	r4, [r3, #16]
1000120e:	f3ef 8c10 	mrs	ip, PRIMASK
10001212:	b672      	cpsid	i
10001214:	e8d4 efcf 	ldaexb	lr, [r4]
10001218:	2201      	movs	r2, #1
1000121a:	f1be 0f00 	cmp.w	lr, #0
1000121e:	d1f9      	bne.n	10001214 <alarm_pool_cancel_alarm+0x20>
10001220:	e8c4 2f4e 	strexb	lr, r2, [r4]
10001224:	f1be 0f00 	cmp.w	lr, #0
10001228:	d1f4      	bne.n	10001214 <alarm_pool_cancel_alarm+0x20>
1000122a:	f3bf 8f5f 	dmb	sy
1000122e:	8842      	ldrh	r2, [r0, #2]
10001230:	b289      	uxth	r1, r1
10001232:	b292      	uxth	r2, r2
10001234:	428a      	cmp	r2, r1
10001236:	d007      	beq.n	10001248 <alarm_pool_cancel_alarm+0x54>
10001238:	2200      	movs	r2, #0
1000123a:	691b      	ldr	r3, [r3, #16]
1000123c:	e8c3 2f8f 	stlb	r2, [r3]
10001240:	f38c 8810 	msr	PRIMASK, ip
10001244:	2000      	movs	r0, #0
10001246:	bd10      	pop	{r4, pc}
10001248:	f442 4200 	orr.w	r2, r2, #32768	@ 0x8000
1000124c:	8042      	strh	r2, [r0, #2]
1000124e:	2101      	movs	r1, #1
10001250:	2200      	movs	r2, #0
10001252:	6918      	ldr	r0, [r3, #16]
10001254:	7199      	strb	r1, [r3, #6]
10001256:	e8c0 2f8f 	stlb	r2, [r0]
1000125a:	f38c 8810 	msr	PRIMASK, ip
1000125e:	781c      	ldrb	r4, [r3, #0]
10001260:	68da      	ldr	r2, [r3, #12]
10001262:	4608      	mov	r0, r1
10001264:	f502 5301 	add.w	r3, r2, #8256	@ 0x2040
10001268:	40a1      	lsls	r1, r4
1000126a:	6059      	str	r1, [r3, #4]
1000126c:	bd10      	pop	{r4, pc}
1000126e:	2000      	movs	r0, #0
10001270:	4770      	bx	lr
10001272:	bf00      	nop

10001274 <alarm_pool_core_num>:
10001274:	7840      	ldrb	r0, [r0, #1]
10001276:	4770      	bx	lr

10001278 <sleep_ms>:
10001278:	e92d 41f0 	stmdb	sp!, {r4, r5, r6, r7, r8, lr}
1000127c:	b082      	sub	sp, #8
1000127e:	4606      	mov	r6, r0
10001280:	f000 f8ec 	bl	1000145c <time_us_64>
10001284:	f44f 737a 	mov.w	r3, #1000	@ 0x3e8
10001288:	4604      	mov	r4, r0
1000128a:	f04f 30ff 	mov.w	r0, #4294967295	@ 0xffffffff
1000128e:	f06f 4200 	mvn.w	r2, #2147483648	@ 0x80000000
10001292:	fbe6 4103 	umlal	r4, r1, r6, r3
10001296:	42a0      	cmp	r0, r4
10001298:	eb72 0301 	sbcs.w	r3, r2, r1
1000129c:	bf3a      	itte	cc
1000129e:	4604      	movcc	r4, r0
100012a0:	4615      	movcc	r5, r2
100012a2:	460d      	movcs	r5, r1
100012a4:	1fa6      	subs	r6, r4, #6
100012a6:	f145 37ff 	adc.w	r7, r5, #4294967295	@ 0xffffffff
100012aa:	42b4      	cmp	r4, r6
100012ac:	eb75 0307 	sbcs.w	r3, r5, r7
100012b0:	bf3c      	itt	cc
100012b2:	2600      	movcc	r6, #0
100012b4:	4637      	movcc	r7, r6
100012b6:	f000 f8d1 	bl	1000145c <time_us_64>
100012ba:	1a30      	subs	r0, r6, r0
100012bc:	eb67 0101 	sbc.w	r1, r7, r1
100012c0:	2801      	cmp	r0, #1
100012c2:	f171 0100 	sbcs.w	r1, r1, #0
100012c6:	da06      	bge.n	100012d6 <sleep_ms+0x5e>
100012c8:	4620      	mov	r0, r4
100012ca:	4629      	mov	r1, r5
100012cc:	b002      	add	sp, #8
100012ce:	e8bd 41f0 	ldmia.w	sp!, {r4, r5, r6, r7, r8, lr}
100012d2:	f000 b8cd 	b.w	10001470 <busy_wait_until>
100012d6:	f000 f8c1 	bl	1000145c <time_us_64>
100012da:	4286      	cmp	r6, r0
100012dc:	eb67 0101 	sbc.w	r1, r7, r1
100012e0:	2900      	cmp	r1, #0
100012e2:	db0a      	blt.n	100012fa <sleep_ms+0x82>
100012e4:	2100      	movs	r1, #0
100012e6:	4b17      	ldr	r3, [pc, #92]	@ (10001344 <sleep_ms+0xcc>)
100012e8:	4632      	mov	r2, r6
100012ea:	9300      	str	r3, [sp, #0]
100012ec:	4816      	ldr	r0, [pc, #88]	@ (10001348 <sleep_ms+0xd0>)
100012ee:	463b      	mov	r3, r7
100012f0:	9101      	str	r1, [sp, #4]
100012f2:	f7ff ff1b 	bl	1000112c <alarm_pool_add_alarm_at_force_in_context>
100012f6:	3001      	adds	r0, #1
100012f8:	d0e6      	beq.n	100012c8 <sleep_ms+0x50>
100012fa:	f04f 0c00 	mov.w	ip, #0
100012fe:	4a13      	ldr	r2, [pc, #76]	@ (1000134c <sleep_ms+0xd4>)
10001300:	4913      	ldr	r1, [pc, #76]	@ (10001350 <sleep_ms+0xd8>)
10001302:	6a53      	ldr	r3, [r2, #36]	@ 0x24
10001304:	429f      	cmp	r7, r3
10001306:	d804      	bhi.n	10001312 <sleep_ms+0x9a>
10001308:	6a90      	ldr	r0, [r2, #40]	@ 0x28
1000130a:	42b0      	cmp	r0, r6
1000130c:	d2dc      	bcs.n	100012c8 <sleep_ms+0x50>
1000130e:	429f      	cmp	r7, r3
10001310:	d1da      	bne.n	100012c8 <sleep_ms+0x50>
10001312:	680b      	ldr	r3, [r1, #0]
10001314:	f3ef 8010 	mrs	r0, PRIMASK
10001318:	b672      	cpsid	i
1000131a:	e8d3 8fcf 	ldaexb	r8, [r3]
1000131e:	f05f 0e01 	movs.w	lr, #1
10001322:	f1b8 0f00 	cmp.w	r8, #0
10001326:	d1f8      	bne.n	1000131a <sleep_ms+0xa2>
10001328:	e8c3 ef48 	strexb	r8, lr, [r3]
1000132c:	f1b8 0f00 	cmp.w	r8, #0
10001330:	d1f3      	bne.n	1000131a <sleep_ms+0xa2>
10001332:	f3bf 8f5f 	dmb	sy
10001336:	680b      	ldr	r3, [r1, #0]
10001338:	e8c3 cf8f 	stlb	ip, [r3]
1000133c:	f380 8810 	msr	PRIMASK, r0
10001340:	bf20      	wfe
10001342:	e7de      	b.n	10001302 <sleep_ms+0x8a>
10001344:	10000c19 	.word	0x10000c19
10001348:	200015d4 	.word	0x200015d4
1000134c:	400b0000 	.word	0x400b0000
10001350:	20002230 	.word	0x20002230

10001354 <best_effort_wfe_or_timeout>:
10001354:	e92d 43f0 	stmdb	sp!, {r4, r5, r6, r7, r8, r9, lr}
10001358:	4606      	mov	r6, r0
1000135a:	460d      	mov	r5, r1
1000135c:	b083      	sub	sp, #12
1000135e:	f3ef 8405 	mrs	r4, IPSR
10001362:	b2e4      	uxtb	r4, r4
10001364:	b13c      	cbz	r4, 10001376 <best_effort_wfe_or_timeout+0x22>
10001366:	4b2d      	ldr	r3, [pc, #180]	@ (1000141c <best_effort_wfe_or_timeout+0xc8>)
10001368:	6a5a      	ldr	r2, [r3, #36]	@ 0x24
1000136a:	42aa      	cmp	r2, r5
1000136c:	d21c      	bcs.n	100013a8 <best_effort_wfe_or_timeout+0x54>
1000136e:	2000      	movs	r0, #0
10001370:	b003      	add	sp, #12
10001372:	e8bd 83f0 	ldmia.w	sp!, {r4, r5, r6, r7, r8, r9, pc}
10001376:	4f2a      	ldr	r7, [pc, #168]	@ (10001420 <best_effort_wfe_or_timeout+0xcc>)
10001378:	f8d7 900c 	ldr.w	r9, [r7, #12]
1000137c:	f897 8000 	ldrb.w	r8, [r7]
10001380:	4648      	mov	r0, r9
10001382:	f000 f863 	bl	1000144c <timer_time_us_64>
10001386:	f108 0804 	add.w	r8, r8, #4
1000138a:	f859 3028 	ldr.w	r3, [r9, r8, lsl #2]
1000138e:	1a1b      	subs	r3, r3, r0
10001390:	1a30      	subs	r0, r6, r0
10001392:	eb65 0101 	sbc.w	r1, r5, r1
10001396:	4298      	cmp	r0, r3
10001398:	f171 0100 	sbcs.w	r1, r1, #0
1000139c:	db10      	blt.n	100013c0 <best_effort_wfe_or_timeout+0x6c>
1000139e:	bf20      	wfe
100013a0:	4b1e      	ldr	r3, [pc, #120]	@ (1000141c <best_effort_wfe_or_timeout+0xc8>)
100013a2:	6a5a      	ldr	r2, [r3, #36]	@ 0x24
100013a4:	42aa      	cmp	r2, r5
100013a6:	d3e2      	bcc.n	1000136e <best_effort_wfe_or_timeout+0x1a>
100013a8:	bf14      	ite	ne
100013aa:	2401      	movne	r4, #1
100013ac:	2400      	moveq	r4, #0
100013ae:	6a9b      	ldr	r3, [r3, #40]	@ 0x28
100013b0:	42b3      	cmp	r3, r6
100013b2:	bf34      	ite	cc
100013b4:	4620      	movcc	r0, r4
100013b6:	f044 0001 	orrcs.w	r0, r4, #1
100013ba:	b003      	add	sp, #12
100013bc:	e8bd 83f0 	ldmia.w	sp!, {r4, r5, r6, r7, r8, r9, pc}
100013c0:	f000 f84c 	bl	1000145c <time_us_64>
100013c4:	4286      	cmp	r6, r0
100013c6:	eb65 0101 	sbc.w	r1, r5, r1
100013ca:	2900      	cmp	r1, #0
100013cc:	db14      	blt.n	100013f8 <best_effort_wfe_or_timeout+0xa4>
100013ce:	4b15      	ldr	r3, [pc, #84]	@ (10001424 <best_effort_wfe_or_timeout+0xd0>)
100013d0:	4638      	mov	r0, r7
100013d2:	e9cd 3400 	strd	r3, r4, [sp]
100013d6:	4632      	mov	r2, r6
100013d8:	462b      	mov	r3, r5
100013da:	f7ff fea7 	bl	1000112c <alarm_pool_add_alarm_at_force_in_context>
100013de:	1e01      	subs	r1, r0, #0
100013e0:	dd0a      	ble.n	100013f8 <best_effort_wfe_or_timeout+0xa4>
100013e2:	4b0e      	ldr	r3, [pc, #56]	@ (1000141c <best_effort_wfe_or_timeout+0xc8>)
100013e4:	6a5a      	ldr	r2, [r3, #36]	@ 0x24
100013e6:	42aa      	cmp	r2, r5
100013e8:	d316      	bcc.n	10001418 <best_effort_wfe_or_timeout+0xc4>
100013ea:	6a9b      	ldr	r3, [r3, #40]	@ 0x28
100013ec:	42b3      	cmp	r3, r6
100013ee:	d311      	bcc.n	10001414 <best_effort_wfe_or_timeout+0xc0>
100013f0:	480b      	ldr	r0, [pc, #44]	@ (10001420 <best_effort_wfe_or_timeout+0xcc>)
100013f2:	f7ff feff 	bl	100011f4 <alarm_pool_cancel_alarm>
100013f6:	e7b6      	b.n	10001366 <best_effort_wfe_or_timeout+0x12>
100013f8:	4b08      	ldr	r3, [pc, #32]	@ (1000141c <best_effort_wfe_or_timeout+0xc8>)
100013fa:	6a5c      	ldr	r4, [r3, #36]	@ 0x24
100013fc:	42ac      	cmp	r4, r5
100013fe:	d3b6      	bcc.n	1000136e <best_effort_wfe_or_timeout+0x1a>
10001400:	1b64      	subs	r4, r4, r5
10001402:	bf18      	it	ne
10001404:	2401      	movne	r4, #1
10001406:	6a9b      	ldr	r3, [r3, #40]	@ 0x28
10001408:	42b3      	cmp	r3, r6
1000140a:	bf34      	ite	cc
1000140c:	4620      	movcc	r0, r4
1000140e:	f044 0001 	orrcs.w	r0, r4, #1
10001412:	e7ad      	b.n	10001370 <best_effort_wfe_or_timeout+0x1c>
10001414:	42aa      	cmp	r2, r5
10001416:	d1eb      	bne.n	100013f0 <best_effort_wfe_or_timeout+0x9c>
10001418:	bf20      	wfe
1000141a:	e7e9      	b.n	100013f0 <best_effort_wfe_or_timeout+0x9c>
1000141c:	400b0000 	.word	0x400b0000
10001420:	200015d4 	.word	0x200015d4
10001424:	10000c19 	.word	0x10000c19

10001428 <timer_hardware_alarm_claim>:
10001428:	b410      	push	{r4}
1000142a:	4b05      	ldr	r3, [pc, #20]	@ (10001440 <timer_hardware_alarm_claim+0x18>)
1000142c:	4c05      	ldr	r4, [pc, #20]	@ (10001444 <timer_hardware_alarm_claim+0x1c>)
1000142e:	4a06      	ldr	r2, [pc, #24]	@ (10001448 <timer_hardware_alarm_claim+0x20>)
10001430:	42a0      	cmp	r0, r4
10001432:	bf14      	ite	ne
10001434:	4618      	movne	r0, r3
10001436:	1c58      	addeq	r0, r3, #1
10001438:	f85d 4b04 	ldr.w	r4, [sp], #4
1000143c:	f7ff b908 	b.w	10000650 <hw_claim_or_assert>
10001440:	20001d7c 	.word	0x20001d7c
10001444:	400b8000 	.word	0x400b8000
10001448:	10006d28 	.word	0x10006d28

1000144c <timer_time_us_64>:
1000144c:	4603      	mov	r3, r0
1000144e:	6a41      	ldr	r1, [r0, #36]	@ 0x24
10001450:	460a      	mov	r2, r1
10001452:	6a98      	ldr	r0, [r3, #40]	@ 0x28
10001454:	6a59      	ldr	r1, [r3, #36]	@ 0x24
10001456:	428a      	cmp	r2, r1
10001458:	d1fa      	bne.n	10001450 <timer_time_us_64+0x4>
1000145a:	4770      	bx	lr

1000145c <time_us_64>:
1000145c:	4b03      	ldr	r3, [pc, #12]	@ (1000146c <time_us_64+0x10>)
1000145e:	6a59      	ldr	r1, [r3, #36]	@ 0x24
10001460:	460a      	mov	r2, r1
10001462:	6a98      	ldr	r0, [r3, #40]	@ 0x28
10001464:	6a59      	ldr	r1, [r3, #36]	@ 0x24
10001466:	4291      	cmp	r1, r2
10001468:	d1fa      	bne.n	10001460 <time_us_64+0x4>
1000146a:	4770      	bx	lr
1000146c:	400b0000 	.word	0x400b0000

10001470 <busy_wait_until>:
10001470:	4a07      	ldr	r2, [pc, #28]	@ (10001490 <busy_wait_until+0x20>)
10001472:	6a53      	ldr	r3, [r2, #36]	@ 0x24
10001474:	4299      	cmp	r1, r3
10001476:	d8fc      	bhi.n	10001472 <busy_wait_until+0x2>
10001478:	4299      	cmp	r1, r3
1000147a:	d107      	bne.n	1000148c <busy_wait_until+0x1c>
1000147c:	4b04      	ldr	r3, [pc, #16]	@ (10001490 <busy_wait_until+0x20>)
1000147e:	e002      	b.n	10001486 <busy_wait_until+0x16>
10001480:	6a5a      	ldr	r2, [r3, #36]	@ 0x24
10001482:	4291      	cmp	r1, r2
10001484:	d102      	bne.n	1000148c <busy_wait_until+0x1c>
10001486:	6a9a      	ldr	r2, [r3, #40]	@ 0x28
10001488:	4290      	cmp	r0, r2
1000148a:	d8f9      	bhi.n	10001480 <busy_wait_until+0x10>
1000148c:	4770      	bx	lr
1000148e:	bf00      	nop
10001490:	400b0000 	.word	0x400b0000

10001494 <clock_configure_undivided>:
10001494:	eb00 0c40 	add.w	ip, r0, r0, lsl #1
10001498:	ea4f 0c8c 	mov.w	ip, ip, lsl #2
1000149c:	f10c 4c80 	add.w	ip, ip, #1073741824	@ 0x40000000
100014a0:	f50c 3c80 	add.w	ip, ip, #65536	@ 0x10000
100014a4:	b5f0      	push	{r4, r5, r6, r7, lr}
100014a6:	4616      	mov	r6, r2
100014a8:	f8dc 2004 	ldr.w	r2, [ip, #4]
100014ac:	1f05      	subs	r5, r0, #4
100014ae:	f5b2 3f80 	cmp.w	r2, #65536	@ 0x10000
100014b2:	bf38      	it	cc
100014b4:	f44f 3280 	movcc.w	r2, #65536	@ 0x10000
100014b8:	b2ed      	uxtb	r5, r5
100014ba:	bf38      	it	cc
100014bc:	f8cc 2004 	strcc.w	r2, [ip, #4]
100014c0:	2d01      	cmp	r5, #1
100014c2:	d92a      	bls.n	1000151a <clock_configure_undivided+0x86>
100014c4:	f44f 6700 	mov.w	r7, #2048	@ 0x800
100014c8:	4c25      	ldr	r4, [pc, #148]	@ (10001560 <clock_configure_undivided+0xcc>)
100014ca:	f50c 5240 	add.w	r2, ip, #12288	@ 0x3000
100014ce:	6017      	str	r7, [r2, #0]
100014d0:	f854 2020 	ldr.w	r2, [r4, r0, lsl #2]
100014d4:	b9b2      	cbnz	r2, 10001504 <clock_configure_undivided+0x70>
100014d6:	f8dc 2000 	ldr.w	r2, [ip]
100014da:	2d01      	cmp	r5, #1
100014dc:	ea82 1246 	eor.w	r2, r2, r6, lsl #5
100014e0:	f002 02e0 	and.w	r2, r2, #224	@ 0xe0
100014e4:	f50c 5680 	add.w	r6, ip, #4096	@ 0x1000
100014e8:	6032      	str	r2, [r6, #0]
100014ea:	d92a      	bls.n	10001542 <clock_configure_undivided+0xae>
100014ec:	f44f 6100 	mov.w	r1, #2048	@ 0x800
100014f0:	f844 3020 	str.w	r3, [r4, r0, lsl #2]
100014f4:	f44f 3380 	mov.w	r3, #65536	@ 0x10000
100014f8:	f50c 5200 	add.w	r2, ip, #8192	@ 0x2000
100014fc:	6011      	str	r1, [r2, #0]
100014fe:	f8cc 3004 	str.w	r3, [ip, #4]
10001502:	bdf0      	pop	{r4, r5, r6, r7, pc}
10001504:	6967      	ldr	r7, [r4, #20]
10001506:	fbb7 fef2 	udiv	lr, r7, r2
1000150a:	f10e 0e01 	add.w	lr, lr, #1
1000150e:	eb0e 0e4e 	add.w	lr, lr, lr, lsl #1
10001512:	f1be 0e03 	subs.w	lr, lr, #3
10001516:	d2fc      	bcs.n	10001512 <clock_configure_undivided+0x7e>
10001518:	e7dd      	b.n	100014d6 <clock_configure_undivided+0x42>
1000151a:	2901      	cmp	r1, #1
1000151c:	d1d2      	bne.n	100014c4 <clock_configure_undivided+0x30>
1000151e:	2403      	movs	r4, #3
10001520:	f50c 5240 	add.w	r2, ip, #12288	@ 0x3000
10001524:	6014      	str	r4, [r2, #0]
10001526:	f8dc 2008 	ldr.w	r2, [ip, #8]
1000152a:	07d2      	lsls	r2, r2, #31
1000152c:	d5fb      	bpl.n	10001526 <clock_configure_undivided+0x92>
1000152e:	f8dc 2000 	ldr.w	r2, [ip]
10001532:	4c0b      	ldr	r4, [pc, #44]	@ (10001560 <clock_configure_undivided+0xcc>)
10001534:	ea82 1246 	eor.w	r2, r2, r6, lsl #5
10001538:	f002 02e0 	and.w	r2, r2, #224	@ 0xe0
1000153c:	f50c 5680 	add.w	r6, ip, #4096	@ 0x1000
10001540:	6032      	str	r2, [r6, #0]
10001542:	2201      	movs	r2, #1
10001544:	f8dc 5000 	ldr.w	r5, [ip]
10001548:	404d      	eors	r5, r1
1000154a:	f005 0503 	and.w	r5, r5, #3
1000154e:	6035      	str	r5, [r6, #0]
10001550:	fa02 f101 	lsl.w	r1, r2, r1
10001554:	f8dc 2008 	ldr.w	r2, [ip, #8]
10001558:	420a      	tst	r2, r1
1000155a:	d0fb      	beq.n	10001554 <clock_configure_undivided+0xc0>
1000155c:	e7c6      	b.n	100014ec <clock_configure_undivided+0x58>
1000155e:	bf00      	nop
10001560:	20001d80 	.word	0x20001d80

10001564 <clock_get_hz>:
10001564:	4b01      	ldr	r3, [pc, #4]	@ (1000156c <clock_get_hz+0x8>)
10001566:	f853 0020 	ldr.w	r0, [r3, r0, lsl #2]
1000156a:	4770      	bx	lr
1000156c:	20001d80 	.word	0x20001d80

10001570 <pll_init>:
10001570:	b470      	push	{r4, r5, r6}
10001572:	9d03      	ldr	r5, [sp, #12]
10001574:	6804      	ldr	r4, [r0, #0]
10001576:	032d      	lsls	r5, r5, #12
10001578:	ea45 4503 	orr.w	r5, r5, r3, lsl #16
1000157c:	4b1b      	ldr	r3, [pc, #108]	@ (100015ec <pll_init+0x7c>)
1000157e:	2c00      	cmp	r4, #0
10001580:	fbb3 f3f1 	udiv	r3, r3, r1
10001584:	fbb2 f6f3 	udiv	r6, r2, r3
10001588:	db1f      	blt.n	100015ca <pll_init+0x5a>
1000158a:	4a19      	ldr	r2, [pc, #100]	@ (100015f0 <pll_init+0x80>)
1000158c:	4b19      	ldr	r3, [pc, #100]	@ (100015f4 <pll_init+0x84>)
1000158e:	4290      	cmp	r0, r2
10001590:	bf14      	ite	ne
10001592:	f44f 4280 	movne.w	r2, #16384	@ 0x4000
10001596:	f44f 4200 	moveq.w	r2, #32768	@ 0x8000
1000159a:	4c17      	ldr	r4, [pc, #92]	@ (100015f8 <pll_init+0x88>)
1000159c:	601a      	str	r2, [r3, #0]
1000159e:	f503 5380 	add.w	r3, r3, #4096	@ 0x1000
100015a2:	601a      	str	r2, [r3, #0]
100015a4:	68a3      	ldr	r3, [r4, #8]
100015a6:	ea32 0303 	bics.w	r3, r2, r3
100015aa:	d1fb      	bne.n	100015a4 <pll_init+0x34>
100015ac:	2221      	movs	r2, #33	@ 0x21
100015ae:	f500 5340 	add.w	r3, r0, #12288	@ 0x3000
100015b2:	3304      	adds	r3, #4
100015b4:	6001      	str	r1, [r0, #0]
100015b6:	6086      	str	r6, [r0, #8]
100015b8:	601a      	str	r2, [r3, #0]
100015ba:	6802      	ldr	r2, [r0, #0]
100015bc:	2a00      	cmp	r2, #0
100015be:	dafc      	bge.n	100015ba <pll_init+0x4a>
100015c0:	2208      	movs	r2, #8
100015c2:	60c5      	str	r5, [r0, #12]
100015c4:	601a      	str	r2, [r3, #0]
100015c6:	bc70      	pop	{r4, r5, r6}
100015c8:	4770      	bx	lr
100015ca:	6803      	ldr	r3, [r0, #0]
100015cc:	f003 033f 	and.w	r3, r3, #63	@ 0x3f
100015d0:	428b      	cmp	r3, r1
100015d2:	d1da      	bne.n	1000158a <pll_init+0x1a>
100015d4:	6883      	ldr	r3, [r0, #8]
100015d6:	f3c3 030b 	ubfx	r3, r3, #0, #12
100015da:	42b3      	cmp	r3, r6
100015dc:	d1d5      	bne.n	1000158a <pll_init+0x1a>
100015de:	68c3      	ldr	r3, [r0, #12]
100015e0:	f403 23ee 	and.w	r3, r3, #487424	@ 0x77000
100015e4:	42ab      	cmp	r3, r5
100015e6:	d1d0      	bne.n	1000158a <pll_init+0x1a>
100015e8:	e7ed      	b.n	100015c6 <pll_init+0x56>
100015ea:	bf00      	nop
100015ec:	00b71b00 	.word	0x00b71b00
100015f0:	40058000 	.word	0x40058000
100015f4:	40022000 	.word	0x40022000
100015f8:	40020000 	.word	0x40020000

100015fc <watchdog_reboot>:
100015fc:	b430      	push	{r4, r5}
100015fe:	f04f 4480 	mov.w	r4, #1073741824	@ 0x40000000
10001602:	4b1c      	ldr	r3, [pc, #112]	@ (10001674 <watchdog_reboot+0x78>)
10001604:	601c      	str	r4, [r3, #0]
10001606:	b1e0      	cbz	r0, 10001642 <watchdog_reboot+0x46>
10001608:	4c1b      	ldr	r4, [pc, #108]	@ (10001678 <watchdog_reboot+0x7c>)
1000160a:	f5a3 5340 	sub.w	r3, r3, #12288	@ 0x3000
1000160e:	61dc      	str	r4, [r3, #28]
10001610:	4c1a      	ldr	r4, [pc, #104]	@ (1000167c <watchdog_reboot+0x80>)
10001612:	f040 0001 	orr.w	r0, r0, #1
10001616:	4044      	eors	r4, r0
10001618:	621c      	str	r4, [r3, #32]
1000161a:	6259      	str	r1, [r3, #36]	@ 0x24
1000161c:	6298      	str	r0, [r3, #40]	@ 0x28
1000161e:	f04f 4580 	mov.w	r5, #1073741824	@ 0x40000000
10001622:	f04f 61e0 	mov.w	r1, #117440512	@ 0x7000000
10001626:	4b13      	ldr	r3, [pc, #76]	@ (10001674 <watchdog_reboot+0x78>)
10001628:	4815      	ldr	r0, [pc, #84]	@ (10001680 <watchdog_reboot+0x84>)
1000162a:	4c16      	ldr	r4, [pc, #88]	@ (10001684 <watchdog_reboot+0x88>)
1000162c:	601d      	str	r5, [r3, #0]
1000162e:	6084      	str	r4, [r0, #8]
10001630:	6019      	str	r1, [r3, #0]
10001632:	b94a      	cbnz	r2, 10001648 <watchdog_reboot+0x4c>
10001634:	bc30      	pop	{r4, r5}
10001636:	f04f 4200 	mov.w	r2, #2147483648	@ 0x80000000
1000163a:	f5a3 5380 	sub.w	r3, r3, #4096	@ 0x1000
1000163e:	601a      	str	r2, [r3, #0]
10001640:	4770      	bx	lr
10001642:	4b11      	ldr	r3, [pc, #68]	@ (10001688 <watchdog_reboot+0x8c>)
10001644:	61d8      	str	r0, [r3, #28]
10001646:	e7ea      	b.n	1000161e <watchdog_reboot+0x22>
10001648:	f44f 737a 	mov.w	r3, #1000	@ 0x3e8
1000164c:	fb03 f202 	mul.w	r2, r3, r2
10001650:	f1b2 7f80 	cmp.w	r2, #16777216	@ 0x1000000
10001654:	bf2a      	itet	cs
10001656:	f06f 437f 	mvncs.w	r3, #4278190080	@ 0xff000000
1000165a:	4613      	movcc	r3, r2
1000165c:	461a      	movcs	r2, r3
1000165e:	f04f 4180 	mov.w	r1, #1073741824	@ 0x40000000
10001662:	4c0a      	ldr	r4, [pc, #40]	@ (1000168c <watchdog_reboot+0x90>)
10001664:	4808      	ldr	r0, [pc, #32]	@ (10001688 <watchdog_reboot+0x8c>)
10001666:	6023      	str	r3, [r4, #0]
10001668:	4b09      	ldr	r3, [pc, #36]	@ (10001690 <watchdog_reboot+0x94>)
1000166a:	6042      	str	r2, [r0, #4]
1000166c:	bc30      	pop	{r4, r5}
1000166e:	6019      	str	r1, [r3, #0]
10001670:	4770      	bx	lr
10001672:	bf00      	nop
10001674:	400db000 	.word	0x400db000
10001678:	b007c0d3 	.word	0xb007c0d3
1000167c:	4ff83f2d 	.word	0x4ff83f2d
10001680:	4001a000 	.word	0x4001a000
10001684:	01fffff3 	.word	0x01fffff3
10001688:	400d8000 	.word	0x400d8000
1000168c:	200021e0 	.word	0x200021e0
10001690:	400da000 	.word	0x400da000

10001694 <tick_start>:
10001694:	2301      	movs	r3, #1
10001696:	eb00 0040 	add.w	r0, r0, r0, lsl #1
1000169a:	0080      	lsls	r0, r0, #2
1000169c:	f100 4080 	add.w	r0, r0, #1073741824	@ 0x40000000
100016a0:	f500 1084 	add.w	r0, r0, #1081344	@ 0x108000
100016a4:	6041      	str	r1, [r0, #4]
100016a6:	6003      	str	r3, [r0, #0]
100016a8:	4770      	bx	lr
100016aa:	bf00      	nop

100016ac <rom_reboot.constprop.0.isra.0>:
100016ac:	2300      	movs	r3, #0
100016ae:	b570      	push	{r4, r5, r6, lr}
100016b0:	8adb      	ldrh	r3, [r3, #22]
100016b2:	4604      	mov	r4, r0
100016b4:	460d      	mov	r5, r1
100016b6:	2200      	movs	r2, #0
100016b8:	e842 f200 	tt	r2, r2
100016bc:	0252      	lsls	r2, r2, #9
100016be:	bf54      	ite	pl
100016c0:	2110      	movpl	r1, #16
100016c2:	2104      	movmi	r1, #4
100016c4:	f244 2052 	movw	r0, #16978	@ 0x4252
100016c8:	4798      	blx	r3
100016ca:	4686      	mov	lr, r0
100016cc:	462b      	mov	r3, r5
100016ce:	4622      	mov	r2, r4
100016d0:	46f4      	mov	ip, lr
100016d2:	e8bd 4070 	ldmia.w	sp!, {r4, r5, r6, lr}
100016d6:	210a      	movs	r1, #10
100016d8:	f44f 7081 	mov.w	r0, #258	@ 0x102
100016dc:	4760      	bx	ip
100016de:	bf00      	nop

100016e0 <rom_func_lookup>:
100016e0:	2300      	movs	r3, #0
100016e2:	8adb      	ldrh	r3, [r3, #22]
100016e4:	2200      	movs	r2, #0
100016e6:	e842 f200 	tt	r2, r2
100016ea:	0252      	lsls	r2, r2, #9
100016ec:	d401      	bmi.n	100016f2 <rom_func_lookup+0x12>
100016ee:	2110      	movs	r1, #16
100016f0:	4718      	bx	r3
100016f2:	2104      	movs	r1, #4
100016f4:	4718      	bx	r3
100016f6:	bf00      	nop

100016f8 <rom_reset_usb_boot_extra>:
100016f8:	b508      	push	{r3, lr}
100016fa:	4603      	mov	r3, r0
100016fc:	4608      	mov	r0, r1
100016fe:	1e19      	subs	r1, r3, #0
10001700:	db02      	blt.n	10001708 <rom_reset_usb_boot_extra+0x10>
10001702:	b11a      	cbz	r2, 1000170c <rom_reset_usb_boot_extra+0x14>
10001704:	f040 0030 	orr.w	r0, r0, #48	@ 0x30
10001708:	f7ff ffd0 	bl	100016ac <rom_reboot.constprop.0.isra.0>
1000170c:	f040 0020 	orr.w	r0, r0, #32
10001710:	e7fa      	b.n	10001708 <rom_reset_usb_boot_extra+0x10>
10001712:	bf00      	nop

10001714 <runtime_init_bootrom_locking_enable>:
10001714:	4a03      	ldr	r2, [pc, #12]	@ (10001724 <runtime_init_bootrom_locking_enable+0x10>)
10001716:	f8d2 3828 	ldr.w	r3, [r2, #2088]	@ 0x828
1000171a:	2b00      	cmp	r3, #0
1000171c:	d0fb      	beq.n	10001716 <runtime_init_bootrom_locking_enable+0x2>
1000171e:	f3bf 8f5f 	dmb	sy
10001722:	4770      	bx	lr
10001724:	400e0000 	.word	0x400e0000

10001728 <runtime_init_boot_locks_reset>:
10001728:	2100      	movs	r1, #0
1000172a:	4b04      	ldr	r3, [pc, #16]	@ (1000173c <runtime_init_boot_locks_reset+0x14>)
1000172c:	4a04      	ldr	r2, [pc, #16]	@ (10001740 <runtime_init_boot_locks_reset+0x18>)
1000172e:	f3bf 8f5f 	dmb	sy
10001732:	f843 1b04 	str.w	r1, [r3], #4
10001736:	4293      	cmp	r3, r2
10001738:	d1f9      	bne.n	1000172e <runtime_init_boot_locks_reset+0x6>
1000173a:	4770      	bx	lr
1000173c:	400e080c 	.word	0x400e080c
10001740:	400e082c 	.word	0x400e082c

10001744 <xosc_init>:
10001744:	b410      	push	{r4}
10001746:	f44f 708d 	mov.w	r0, #282	@ 0x11a
1000174a:	f44f 642a 	mov.w	r4, #2720	@ 0xaa0
1000174e:	4a06      	ldr	r2, [pc, #24]	@ (10001768 <xosc_init+0x24>)
10001750:	4b06      	ldr	r3, [pc, #24]	@ (1000176c <xosc_init+0x28>)
10001752:	4907      	ldr	r1, [pc, #28]	@ (10001770 <xosc_init+0x2c>)
10001754:	6014      	str	r4, [r2, #0]
10001756:	60d0      	str	r0, [r2, #12]
10001758:	6019      	str	r1, [r3, #0]
1000175a:	6853      	ldr	r3, [r2, #4]
1000175c:	2b00      	cmp	r3, #0
1000175e:	dafc      	bge.n	1000175a <xosc_init+0x16>
10001760:	f85d 4b04 	ldr.w	r4, [sp], #4
10001764:	4770      	bx	lr
10001766:	bf00      	nop
10001768:	40048000 	.word	0x40048000
1000176c:	4004a000 	.word	0x4004a000
10001770:	00fab000 	.word	0x00fab000

10001774 <first_per_core_initializer>:
10001774:	4770      	bx	lr
10001776:	bf00      	nop

10001778 <hard_assertion_failure>:
10001778:	b508      	push	{r3, lr}
1000177a:	4801      	ldr	r0, [pc, #4]	@ (10001780 <hard_assertion_failure+0x8>)
1000177c:	f7fe ff50 	bl	10000620 <panic>
10001780:	10006d4c 	.word	0x10006d4c

10001784 <runtime_run_initializers>:
10001784:	b538      	push	{r3, r4, r5, lr}
10001786:	4c05      	ldr	r4, [pc, #20]	@ (1000179c <runtime_run_initializers+0x18>)
10001788:	4d05      	ldr	r5, [pc, #20]	@ (100017a0 <runtime_run_initializers+0x1c>)
1000178a:	42ac      	cmp	r4, r5
1000178c:	d204      	bcs.n	10001798 <runtime_run_initializers+0x14>
1000178e:	f854 3b04 	ldr.w	r3, [r4], #4
10001792:	4798      	blx	r3
10001794:	42ac      	cmp	r4, r5
10001796:	d3fa      	bcc.n	1000178e <runtime_run_initializers+0xa>
10001798:	bd38      	pop	{r3, r4, r5, pc}
1000179a:	bf00      	nop
1000179c:	10006c70 	.word	0x10006c70
100017a0:	10006cb0 	.word	0x10006cb0

100017a4 <runtime_init_early_resets>:
100017a4:	b410      	push	{r4}
100017a6:	4807      	ldr	r0, [pc, #28]	@ (100017c4 <runtime_init_early_resets+0x20>)
100017a8:	4c07      	ldr	r4, [pc, #28]	@ (100017c8 <runtime_init_early_resets+0x24>)
100017aa:	4b08      	ldr	r3, [pc, #32]	@ (100017cc <runtime_init_early_resets+0x28>)
100017ac:	4a08      	ldr	r2, [pc, #32]	@ (100017d0 <runtime_init_early_resets+0x2c>)
100017ae:	4909      	ldr	r1, [pc, #36]	@ (100017d4 <runtime_init_early_resets+0x30>)
100017b0:	6004      	str	r4, [r0, #0]
100017b2:	601a      	str	r2, [r3, #0]
100017b4:	688b      	ldr	r3, [r1, #8]
100017b6:	ea32 0303 	bics.w	r3, r2, r3
100017ba:	d1fb      	bne.n	100017b4 <runtime_init_early_resets+0x10>
100017bc:	f85d 4b04 	ldr.w	r4, [sp], #4
100017c0:	4770      	bx	lr
100017c2:	bf00      	nop
100017c4:	40022000 	.word	0x40022000
100017c8:	efef3b7f 	.word	0xefef3b7f
100017cc:	40023000 	.word	0x40023000
100017d0:	03f3fff6 	.word	0x03f3fff6
100017d4:	40020000 	.word	0x40020000

100017d8 <runtime_init_usb_power_down>:
100017d8:	4b04      	ldr	r3, [pc, #16]	@ (100017ec <runtime_init_usb_power_down+0x14>)
100017da:	6cdb      	ldr	r3, [r3, #76]	@ 0x4c
100017dc:	f5b3 4f00 	cmp.w	r3, #32768	@ 0x8000
100017e0:	d103      	bne.n	100017ea <runtime_init_usb_power_down+0x12>
100017e2:	f44f 2280 	mov.w	r2, #262144	@ 0x40000
100017e6:	4b02      	ldr	r3, [pc, #8]	@ (100017f0 <runtime_init_usb_power_down+0x18>)
100017e8:	64da      	str	r2, [r3, #76]	@ 0x4c
100017ea:	4770      	bx	lr
100017ec:	50110000 	.word	0x50110000
100017f0:	50112000 	.word	0x50112000

100017f4 <runtime_init_per_core_enable_coprocessors>:
100017f4:	f04f 22e0 	mov.w	r2, #3758153728	@ 0xe000e000
100017f8:	4b04      	ldr	r3, [pc, #16]	@ (1000180c <runtime_init_per_core_enable_coprocessors+0x18>)
100017fa:	f8d2 1d88 	ldr.w	r1, [r2, #3464]	@ 0xd88
100017fe:	430b      	orrs	r3, r1
10001800:	f8c2 3d88 	str.w	r3, [r2, #3464]	@ 0xd88
10001804:	ee10 0430 			dcp_rcmp r0
10001808:	4770      	bx	lr
1000180a:	bf00      	nop
1000180c:	00300303 	.word	0x00300303

10001810 <runtime_init_post_clock_resets>:
10001810:	f06f 4160 	mvn.w	r1, #3758096384	@ 0xe0000000
10001814:	4b04      	ldr	r3, [pc, #16]	@ (10001828 <runtime_init_post_clock_resets+0x18>)
10001816:	4a05      	ldr	r2, [pc, #20]	@ (1000182c <runtime_init_post_clock_resets+0x1c>)
10001818:	6019      	str	r1, [r3, #0]
1000181a:	6893      	ldr	r3, [r2, #8]
1000181c:	43db      	mvns	r3, r3
1000181e:	f033 4360 	bics.w	r3, r3, #3758096384	@ 0xe0000000
10001822:	d1fa      	bne.n	1000181a <runtime_init_post_clock_resets+0xa>
10001824:	4770      	bx	lr
10001826:	bf00      	nop
10001828:	40023000 	.word	0x40023000
1000182c:	40020000 	.word	0x40020000

10001830 <runtime_init_bootrom_reset>:
10001830:	b510      	push	{r4, lr}
10001832:	f245 2053 	movw	r0, #21075	@ 0x5253
10001836:	f7ff ff53 	bl	100016e0 <rom_func_lookup>
1000183a:	e8bd 4010 	ldmia.w	sp!, {r4, lr}
1000183e:	4603      	mov	r3, r0
10001840:	2004      	movs	r0, #4
10001842:	4718      	bx	r3

10001844 <runtime_init_per_core_bootrom_reset>:
10001844:	b510      	push	{r4, lr}
10001846:	f245 2053 	movw	r0, #21075	@ 0x5253
1000184a:	f7ff ff49 	bl	100016e0 <rom_func_lookup>
1000184e:	e8bd 4010 	ldmia.w	sp!, {r4, lr}
10001852:	4603      	mov	r3, r0
10001854:	2001      	movs	r0, #1
10001856:	4718      	bx	r3

10001858 <runtime_init_spin_locks_reset>:
10001858:	f7fe bf8a 	b.w	10000770 <spin_locks_reset>

1000185c <runtime_init_install_ram_vector_table>:
1000185c:	4914      	ldr	r1, [pc, #80]	@ (100018b0 <runtime_init_install_ram_vector_table+0x54>)
1000185e:	4b15      	ldr	r3, [pc, #84]	@ (100018b4 <runtime_init_install_ram_vector_table+0x58>)
10001860:	b570      	push	{r4, r5, r6, lr}
10001862:	1a5c      	subs	r4, r3, r1
10001864:	10a6      	asrs	r6, r4, #2
10001866:	2e44      	cmp	r6, #68	@ 0x44
10001868:	4632      	mov	r2, r6
1000186a:	bf28      	it	cs
1000186c:	2244      	movcs	r2, #68	@ 0x44
1000186e:	4d12      	ldr	r5, [pc, #72]	@ (100018b8 <runtime_init_install_ram_vector_table+0x5c>)
10001870:	0092      	lsls	r2, r2, #2
10001872:	4628      	mov	r0, r5
10001874:	f005 f924 	bl	10006ac0 <memcpy>
10001878:	f5b4 7f86 	cmp.w	r4, #268	@ 0x10c
1000187c:	d813      	bhi.n	100018a6 <runtime_init_install_ram_vector_table+0x4a>
1000187e:	4a0f      	ldr	r2, [pc, #60]	@ (100018bc <runtime_init_install_ram_vector_table+0x60>)
10001880:	f1c6 0044 	rsb	r0, r6, #68	@ 0x44
10001884:	d012      	beq.n	100018ac <runtime_init_install_ram_vector_table+0x50>
10001886:	192b      	adds	r3, r5, r4
10001888:	0841      	lsrs	r1, r0, #1
1000188a:	eb03 01c1 	add.w	r1, r3, r1, lsl #3
1000188e:	e9c3 2200 	strd	r2, r2, [r3]
10001892:	3308      	adds	r3, #8
10001894:	428b      	cmp	r3, r1
10001896:	d1fa      	bne.n	1000188e <runtime_init_install_ram_vector_table+0x32>
10001898:	07c3      	lsls	r3, r0, #31
1000189a:	d504      	bpl.n	100018a6 <runtime_init_install_ram_vector_table+0x4a>
1000189c:	f020 0001 	bic.w	r0, r0, #1
100018a0:	4430      	add	r0, r6
100018a2:	f845 2020 	str.w	r2, [r5, r0, lsl #2]
100018a6:	4b06      	ldr	r3, [pc, #24]	@ (100018c0 <runtime_init_install_ram_vector_table+0x64>)
100018a8:	609d      	str	r5, [r3, #8]
100018aa:	bd70      	pop	{r4, r5, r6, pc}
100018ac:	2043      	movs	r0, #67	@ 0x43
100018ae:	e7f8      	b.n	100018a2 <runtime_init_install_ram_vector_table+0x46>
100018b0:	10000000 	.word	0x10000000
100018b4:	10000110 	.word	0x10000110
100018b8:	20000000 	.word	0x20000000
100018bc:	10000111 	.word	0x10000111
100018c0:	e000ed00 	.word	0xe000ed00

100018c4 <runtime_init_clocks>:
100018c4:	2300      	movs	r3, #0
100018c6:	b570      	push	{r4, r5, r6, lr}
100018c8:	4c2b      	ldr	r4, [pc, #172]	@ (10001978 <runtime_init_clocks+0xb4>)
100018ca:	b082      	sub	sp, #8
100018cc:	f8c4 3084 	str.w	r3, [r4, #132]	@ 0x84
100018d0:	f7ff ff38 	bl	10001744 <xosc_init>
100018d4:	2201      	movs	r2, #1
100018d6:	4b29      	ldr	r3, [pc, #164]	@ (1000197c <runtime_init_clocks+0xb8>)
100018d8:	63da      	str	r2, [r3, #60]	@ 0x3c
100018da:	6c63      	ldr	r3, [r4, #68]	@ 0x44
100018dc:	2b01      	cmp	r3, #1
100018de:	d1fc      	bne.n	100018da <runtime_init_clocks+0x16>
100018e0:	2103      	movs	r1, #3
100018e2:	4a26      	ldr	r2, [pc, #152]	@ (1000197c <runtime_init_clocks+0xb8>)
100018e4:	4b24      	ldr	r3, [pc, #144]	@ (10001978 <runtime_init_clocks+0xb4>)
100018e6:	6311      	str	r1, [r2, #48]	@ 0x30
100018e8:	6b9c      	ldr	r4, [r3, #56]	@ 0x38
100018ea:	2c01      	cmp	r4, #1
100018ec:	d1fc      	bne.n	100018e8 <runtime_init_clocks+0x24>
100018ee:	2602      	movs	r6, #2
100018f0:	2505      	movs	r5, #5
100018f2:	4621      	mov	r1, r4
100018f4:	2305      	movs	r3, #5
100018f6:	4a22      	ldr	r2, [pc, #136]	@ (10001980 <runtime_init_clocks+0xbc>)
100018f8:	4822      	ldr	r0, [pc, #136]	@ (10001984 <runtime_init_clocks+0xc0>)
100018fa:	9600      	str	r6, [sp, #0]
100018fc:	f7ff fe38 	bl	10001570 <pll_init>
10001900:	4621      	mov	r1, r4
10001902:	462b      	mov	r3, r5
10001904:	4a20      	ldr	r2, [pc, #128]	@ (10001988 <runtime_init_clocks+0xc4>)
10001906:	4821      	ldr	r0, [pc, #132]	@ (1000198c <runtime_init_clocks+0xc8>)
10001908:	9500      	str	r5, [sp, #0]
1000190a:	f7ff fe31 	bl	10001570 <pll_init>
1000190e:	2200      	movs	r2, #0
10001910:	2004      	movs	r0, #4
10001912:	4631      	mov	r1, r6
10001914:	4b1e      	ldr	r3, [pc, #120]	@ (10001990 <runtime_init_clocks+0xcc>)
10001916:	f7ff fdbd 	bl	10001494 <clock_configure_undivided>
1000191a:	4621      	mov	r1, r4
1000191c:	4628      	mov	r0, r5
1000191e:	2200      	movs	r2, #0
10001920:	4b1c      	ldr	r3, [pc, #112]	@ (10001994 <runtime_init_clocks+0xd0>)
10001922:	f7ff fdb7 	bl	10001494 <clock_configure_undivided>
10001926:	2200      	movs	r2, #0
10001928:	2008      	movs	r0, #8
1000192a:	4611      	mov	r1, r2
1000192c:	4b1a      	ldr	r3, [pc, #104]	@ (10001998 <runtime_init_clocks+0xd4>)
1000192e:	f7ff fdb1 	bl	10001494 <clock_configure_undivided>
10001932:	2200      	movs	r2, #0
10001934:	2009      	movs	r0, #9
10001936:	4611      	mov	r1, r2
10001938:	4b17      	ldr	r3, [pc, #92]	@ (10001998 <runtime_init_clocks+0xd4>)
1000193a:	f7ff fdab 	bl	10001494 <clock_configure_undivided>
1000193e:	2200      	movs	r2, #0
10001940:	2006      	movs	r0, #6
10001942:	4611      	mov	r1, r2
10001944:	4b13      	ldr	r3, [pc, #76]	@ (10001994 <runtime_init_clocks+0xd0>)
10001946:	f7ff fda5 	bl	10001494 <clock_configure_undivided>
1000194a:	2200      	movs	r2, #0
1000194c:	4b11      	ldr	r3, [pc, #68]	@ (10001994 <runtime_init_clocks+0xd0>)
1000194e:	2007      	movs	r0, #7
10001950:	4611      	mov	r1, r2
10001952:	f7ff fd9f 	bl	10001494 <clock_configure_undivided>
10001956:	2004      	movs	r0, #4
10001958:	f7ff fe04 	bl	10001564 <clock_get_hz>
1000195c:	2400      	movs	r4, #0
1000195e:	4b0f      	ldr	r3, [pc, #60]	@ (1000199c <runtime_init_clocks+0xd8>)
10001960:	fba3 3500 	umull	r3, r5, r3, r0
10001964:	0cad      	lsrs	r5, r5, #18
10001966:	b2e0      	uxtb	r0, r4
10001968:	4629      	mov	r1, r5
1000196a:	3401      	adds	r4, #1
1000196c:	f7ff fe92 	bl	10001694 <tick_start>
10001970:	2c06      	cmp	r4, #6
10001972:	d1f8      	bne.n	10001966 <runtime_init_clocks+0xa2>
10001974:	b002      	add	sp, #8
10001976:	bd70      	pop	{r4, r5, r6, pc}
10001978:	40010000 	.word	0x40010000
1000197c:	40013000 	.word	0x40013000
10001980:	59682f00 	.word	0x59682f00
10001984:	40050000 	.word	0x40050000
10001988:	47868c00 	.word	0x47868c00
1000198c:	40058000 	.word	0x40058000
10001990:	00b71b00 	.word	0x00b71b00
10001994:	08f0d180 	.word	0x08f0d180
10001998:	02dc6c00 	.word	0x02dc6c00
1000199c:	431bde83 	.word	0x431bde83

100019a0 <__wrap_fmod>:
100019a0:	e92d 43f0 	stmdb	sp!, {r4, r5, r6, r7, r8, r9, lr}
100019a4:	f240 77ff 	movw	r7, #2047	@ 0x7ff
100019a8:	461c      	mov	r4, r3
100019aa:	f3c1 530a 	ubfx	r3, r1, #20, #11
100019ae:	42bb      	cmp	r3, r7
100019b0:	f3c4 550a 	ubfx	r5, r4, #20, #11
100019b4:	d065      	beq.n	10001a82 <__wrap_fmod+0xe2>
100019b6:	2d00      	cmp	r5, #0
100019b8:	d063      	beq.n	10001a82 <__wrap_fmod+0xe2>
100019ba:	0fcf      	lsrs	r7, r1, #31
100019bc:	b92b      	cbnz	r3, 100019ca <__wrap_fmod+0x2a>
100019be:	2000      	movs	r0, #0
100019c0:	2f00      	cmp	r7, #0
100019c2:	d162      	bne.n	10001a8a <__wrap_fmod+0xea>
100019c4:	2100      	movs	r1, #0
100019c6:	e8bd 83f0 	ldmia.w	sp!, {r4, r5, r6, r7, r8, r9, pc}
100019ca:	42ab      	cmp	r3, r5
100019cc:	dbfb      	blt.n	100019c6 <__wrap_fmod+0x26>
100019ce:	f3c1 0113 	ubfx	r1, r1, #0, #20
100019d2:	f3c4 0413 	ubfx	r4, r4, #0, #20
100019d6:	ebb3 0e05 	subs.w	lr, r3, r5
100019da:	f441 1180 	orr.w	r1, r1, #1048576	@ 0x100000
100019de:	f444 1480 	orr.w	r4, r4, #1048576	@ 0x100000
100019e2:	d056      	beq.n	10001a92 <__wrap_fmod+0xf2>
100019e4:	f04f 36ff 	mov.w	r6, #4294967295	@ 0xffffffff
100019e8:	1123      	asrs	r3, r4, #4
100019ea:	fbb6 f6f3 	udiv	r6, r6, r3
100019ee:	f1be 0f0c 	cmp.w	lr, #12
100019f2:	46f4      	mov	ip, lr
100019f4:	bfa8      	it	ge
100019f6:	f04f 0c0c 	movge.w	ip, #12
100019fa:	118b      	asrs	r3, r1, #6
100019fc:	fb06 f303 	mul.w	r3, r6, r3
10001a00:	fa01 f80c 	lsl.w	r8, r1, ip
10001a04:	f1cc 011d 	rsb	r1, ip, #29
10001a08:	410b      	asrs	r3, r1
10001a0a:	3301      	adds	r3, #1
10001a0c:	ea4f 0963 	mov.w	r9, r3, asr #1
10001a10:	fb09 f104 	mul.w	r1, r9, r4
10001a14:	17db      	asrs	r3, r3, #31
10001a16:	fb02 1103 	mla	r1, r2, r3, r1
10001a1a:	fba9 3902 	umull	r3, r9, r9, r2
10001a1e:	4449      	add	r1, r9
10001a20:	f1ac 0920 	sub.w	r9, ip, #32
10001a24:	fa00 f909 	lsl.w	r9, r0, r9
10001a28:	ea48 0809 	orr.w	r8, r8, r9
10001a2c:	f1cc 0920 	rsb	r9, ip, #32
10001a30:	ebae 0e0c 	sub.w	lr, lr, ip
10001a34:	fa20 f909 	lsr.w	r9, r0, r9
10001a38:	fa00 fc0c 	lsl.w	ip, r0, ip
10001a3c:	ebbc 0003 	subs.w	r0, ip, r3
10001a40:	ea48 0809 	orr.w	r8, r8, r9
10001a44:	eb68 0101 	sbc.w	r1, r8, r1
10001a48:	f1be 0f00 	cmp.w	lr, #0
10001a4c:	dccf      	bgt.n	100019ee <__wrap_fmod+0x4e>
10001a4e:	4290      	cmp	r0, r2
10001a50:	eb71 0304 	sbcs.w	r3, r1, r4
10001a54:	db27      	blt.n	10001aa6 <__wrap_fmod+0x106>
10001a56:	1a80      	subs	r0, r0, r2
10001a58:	eb61 0104 	sbc.w	r1, r1, r4
10001a5c:	4290      	cmp	r0, r2
10001a5e:	eb71 0304 	sbcs.w	r3, r1, r4
10001a62:	db03      	blt.n	10001a6c <__wrap_fmod+0xcc>
10001a64:	1a82      	subs	r2, r0, r2
10001a66:	4610      	mov	r0, r2
10001a68:	eb61 0104 	sbc.w	r1, r1, r4
10001a6c:	b117      	cbz	r7, 10001a74 <__wrap_fmod+0xd4>
10001a6e:	4240      	negs	r0, r0
10001a70:	eb61 0141 	sbc.w	r1, r1, r1, lsl #1
10001a74:	f5c5 6286 	rsb	r2, r5, #1072	@ 0x430
10001a78:	3203      	adds	r2, #3
10001a7a:	e8bd 43f0 	ldmia.w	sp!, {r4, r5, r6, r7, r8, r9, lr}
10001a7e:	f000 bd5c 	b.w	1000253a <fix642double>
10001a82:	2000      	movs	r0, #0
10001a84:	490e      	ldr	r1, [pc, #56]	@ (10001ac0 <__wrap_fmod+0x120>)
10001a86:	e8bd 83f0 	ldmia.w	sp!, {r4, r5, r6, r7, r8, r9, pc}
10001a8a:	f04f 4100 	mov.w	r1, #2147483648	@ 0x80000000
10001a8e:	e8bd 83f0 	ldmia.w	sp!, {r4, r5, r6, r7, r8, r9, pc}
10001a92:	4290      	cmp	r0, r2
10001a94:	eb71 0304 	sbcs.w	r3, r1, r4
10001a98:	dbe8      	blt.n	10001a6c <__wrap_fmod+0xcc>
10001a9a:	1a82      	subs	r2, r0, r2
10001a9c:	eb61 0404 	sbc.w	r4, r1, r4
10001aa0:	4610      	mov	r0, r2
10001aa2:	4621      	mov	r1, r4
10001aa4:	e7e2      	b.n	10001a6c <__wrap_fmod+0xcc>
10001aa6:	2900      	cmp	r1, #0
10001aa8:	dae0      	bge.n	10001a6c <__wrap_fmod+0xcc>
10001aaa:	1810      	adds	r0, r2, r0
10001aac:	eb41 0104 	adc.w	r1, r1, r4
10001ab0:	2900      	cmp	r1, #0
10001ab2:	dadb      	bge.n	10001a6c <__wrap_fmod+0xcc>
10001ab4:	1812      	adds	r2, r2, r0
10001ab6:	4610      	mov	r0, r2
10001ab8:	eb41 0104 	adc.w	r1, r1, r4
10001abc:	e7d6      	b.n	10001a6c <__wrap_fmod+0xcc>
10001abe:	bf00      	nop
10001ac0:	7ff00000 	.word	0x7ff00000

10001ac4 <generic_save_state>:
10001ac4:	b086      	sub	sp, #24
10001ac6:	b403      	push	{r0, r1}
10001ac8:	fc51 0408 	dcp_pxmd r0, r1
10001acc:	e9cd 0102 	strd	r0, r1, [sp, #8]
10001ad0:	fc51 0409 	dcp_pymd r0, r1
10001ad4:	e9cd 0104 	strd	r0, r1, [sp, #16]
10001ad8:	ec51 040a 	dcp_refd r0, r1
10001adc:	e9cd 0106 	strd	r0, r1, [sp, #24]
10001ae0:	bc03      	pop	{r0, r1}
10001ae2:	47f0      	blx	lr

10001ae4 <generic_restore_state>:
10001ae4:	e8bd 5000 	ldmia.w	sp!, {ip, lr}
10001ae8:	ec4e c400 	dcp_wxmd ip, lr
10001aec:	e8bd 5000 	ldmia.w	sp!, {ip, lr}
10001af0:	ec4e c401 	dcp_wymd ip, lr
10001af4:	e8bd 5000 	ldmia.w	sp!, {ip, lr}
10001af8:	ec4e c402 	dcp_wefd ip, lr
10001afc:	bd00      	pop	{pc}
10001afe:	0000      	movs	r0, r0
10001b00:	b500      	push	{lr}
10001b02:	f7ff ffdf 	bl	10001ac4 <generic_save_state>
10001b06:	e002      	b.n	10001b0e <__wrap___aeabi_dadd+0x6>

10001b08 <__wrap___aeabi_dadd>:
10001b08:	fe10 f430 	dcp_pcmp APSR_nzcv
10001b0c:	d4f8      	bmi.n	10001b00 <generic_restore_state+0x1c>
10001b0e:	ec41 0410 	dcp_wxup r0, r1
10001b12:	ec43 2411 	dcp_wyup r2, r3
10001b16:	ee00 0401 			dcp_add0
10001b1a:	ee10 0401 			dcp_add1
10001b1e:	ee80 0420 			dcp_nrdd
10001b22:	ec51 0410 	dcp_rdda r0, r1
10001b26:	4770      	bx	lr
10001b28:	b500      	push	{lr}
10001b2a:	f7ff ffcb 	bl	10001ac4 <generic_save_state>
10001b2e:	e002      	b.n	10001b36 <__wrap___aeabi_dsub+0x6>

10001b30 <__wrap___aeabi_dsub>:
10001b30:	fe10 f430 	dcp_pcmp APSR_nzcv
10001b34:	d4f8      	bmi.n	10001b28 <__wrap___aeabi_dadd+0x20>
10001b36:	ec41 0410 	dcp_wxup r0, r1
10001b3a:	ec43 2411 	dcp_wyup r2, r3
10001b3e:	ee00 0401 			dcp_add0
10001b42:	ee10 0421 			dcp_sub1
10001b46:	ee80 0420 			dcp_nrdd
10001b4a:	ec51 0430 	dcp_rdds r0, r1
10001b4e:	4770      	bx	lr
10001b50:	b500      	push	{lr}
10001b52:	f7ff ffb7 	bl	10001ac4 <generic_save_state>
10001b56:	e002      	b.n	10001b5e <__wrap___aeabi_dmul+0x6>

10001b58 <__wrap___aeabi_dmul>:
10001b58:	fe10 f430 	dcp_pcmp APSR_nzcv
10001b5c:	d4f8      	bmi.n	10001b50 <__wrap___aeabi_dsub+0x20>
10001b5e:	b510      	push	{r4, lr}
10001b60:	ec41 0410 	dcp_wxup r0, r1
10001b64:	ec43 2411 	dcp_wyup r2, r3
10001b68:	ec51 0404 	dcp_rxms r0, r1, #0x0
10001b6c:	ec53 2405 	dcp_ryms r2, r3, #0x0
10001b70:	fba0 4c02 	umull	r4, ip, r0, r2
10001b74:	f05f 0e00 	movs.w	lr, #0
10001b78:	fbe0 ce03 	umlal	ip, lr, r0, r3
10001b7c:	fbe1 ce02 	umlal	ip, lr, r1, r2
10001b80:	ec4c 4420 	dcp_wxms r4, ip
10001b84:	2400      	movs	r4, #0
10001b86:	fbe1 e403 	umlal	lr, r4, r1, r3
10001b8a:	ec44 e430 	dcp_wxmo lr, r4
10001b8e:	ee80 0420 			dcp_nrdd
10001b92:	ec51 0450 	dcp_rddm r0, r1
10001b96:	e8bd 4010 	ldmia.w	sp!, {r4, lr}
10001b9a:	4770      	bx	lr
10001b9c:	b500      	push	{lr}
10001b9e:	f7ff ff91 	bl	10001ac4 <generic_save_state>
10001ba2:	e002      	b.n	10001baa <__wrap___aeabi_ddiv+0x6>

10001ba4 <__wrap___aeabi_ddiv>:
10001ba4:	fe10 f430 	dcp_pcmp APSR_nzcv
10001ba8:	d4f8      	bmi.n	10001b9c <__wrap___aeabi_dmul+0x44>
10001baa:	ec41 0410 	dcp_wxup r0, r1
10001bae:	ec43 2411 	dcp_wyup r2, r3
10001bb2:	ec51 0421 	dcp_rymr r0, r1
10001bb6:	fba0 1201 	umull	r1, r2, r0, r1
10001bba:	ea6f 0282 	mvn.w	r2, r2, lsl #2
10001bbe:	fb52 0010 	smmlar	r0, r2, r0, r0
10001bc2:	fb52 f212 	smmulr	r2, r2, r2
10001bc6:	fb52 0010 	smmlar	r0, r2, r0, r0
10001bca:	eba0 7cd0 	sub.w	ip, r0, r0, lsr #31
10001bce:	ec53 2404 	dcp_rxms r2, r3, #0x0
10001bd2:	fb5c f113 	smmulr	r1, ip, r3
10001bd6:	ec53 2415 	dcp_ryms r2, r3, #0x1
10001bda:	fba1 2002 	umull	r2, r0, r1, r2
10001bde:	fb01 0003 	mla	r0, r1, r3, r0
10001be2:	ec53 2444 	dcp_rxms r2, r3, #0x4
10001be6:	eba2 0000 	sub.w	r0, r2, r0
10001bea:	fb50 f21c 	smmulr	r2, r0, ip
10001bee:	ea4f 1311 	mov.w	r3, r1, lsr #4
10001bf2:	eb12 7001 	adds.w	r0, r2, r1, lsl #28
10001bf6:	eb43 71e2 	adc.w	r1, r3, r2, asr #31
10001bfa:	ea40 5051 	orr.w	r0, r0, r1, lsr #21
10001bfe:	ea20 5091 	bic.w	r0, r0, r1, lsr #22
10001c02:	f020 0007 	bic.w	r0, r0, #7
10001c06:	ec53 2475 	dcp_ryms r2, r3, #0x7
10001c0a:	fba0 3c02 	umull	r3, ip, r0, r2
10001c0e:	ec53 2475 	dcp_ryms r2, r3, #0x7
10001c12:	fb00 cc03 	mla	ip, r0, r3, ip
10001c16:	fb01 cc02 	mla	ip, r1, r2, ip
10001c1a:	ec53 2404 	dcp_rxms r2, r3, #0x0
10001c1e:	ebac 4c82 	sub.w	ip, ip, r2, lsl #18
10001c22:	ea40 705c 	orr.w	r0, r0, ip, lsr #29
10001c26:	f1a0 0001 	sub.w	r0, r0, #1
10001c2a:	ec41 0440 	dcp_wxdd r0, r1
10001c2e:	ee80 0420 			dcp_nrdd
10001c32:	ec51 0470 	dcp_rddd r0, r1
10001c36:	4770      	bx	lr
10001c38:	b500      	push	{lr}
10001c3a:	f7ff ff43 	bl	10001ac4 <generic_save_state>
10001c3e:	e002      	b.n	10001c46 <__wrap___aeabi_d2f+0x6>

10001c40 <__wrap___aeabi_d2f>:
10001c40:	fe10 f430 	dcp_pcmp APSR_nzcv
10001c44:	d4f8      	bmi.n	10001c38 <__wrap___aeabi_ddiv+0x94>
10001c46:	ec41 0410 	dcp_wxup r0, r1
10001c4a:	ee80 0422 			dcp_nrdf
10001c4e:	ee10 04b2 			dcp_rdfg r0
10001c52:	4770      	bx	lr
10001c54:	b500      	push	{lr}
10001c56:	f7ff ff35 	bl	10001ac4 <generic_save_state>
10001c5a:	e002      	b.n	10001c62 <__wrap___aeabi_i2d+0x6>

10001c5c <__wrap___aeabi_i2d>:
10001c5c:	fe10 f430 	dcp_pcmp APSR_nzcv
10001c60:	d4f8      	bmi.n	10001c54 <__wrap___aeabi_d2f+0x14>
10001c62:	ec40 0470 	dcp_wxic r0, r0
10001c66:	ee00 0401 			dcp_add0
10001c6a:	ee10 0421 			dcp_sub1
10001c6e:	ee80 0420 			dcp_nrdd
10001c72:	ec51 0430 	dcp_rdds r0, r1
10001c76:	4770      	bx	lr
10001c78:	b500      	push	{lr}
10001c7a:	f7ff ff23 	bl	10001ac4 <generic_save_state>
10001c7e:	e002      	b.n	10001c86 <__wrap___aeabi_ui2d+0x6>

10001c80 <__wrap___aeabi_ui2d>:
10001c80:	fe10 f430 	dcp_pcmp APSR_nzcv
10001c84:	d4f8      	bmi.n	10001c78 <__wrap___aeabi_i2d+0x1c>
10001c86:	ec40 0460 	dcp_wxuc r0, r0
10001c8a:	ee00 0401 			dcp_add0
10001c8e:	ee10 0421 			dcp_sub1
10001c92:	ee80 0420 			dcp_nrdd
10001c96:	ec51 0430 	dcp_rdds r0, r1
10001c9a:	4770      	bx	lr
10001c9c:	b500      	push	{lr}
10001c9e:	f7ff ff11 	bl	10001ac4 <generic_save_state>
10001ca2:	e002      	b.n	10001caa <double2int_z_entry>

10001ca4 <__wrap___aeabi_d2iz>:
10001ca4:	fe10 f430 	dcp_pcmp APSR_nzcv
10001ca8:	d4f8      	bmi.n	10001c9c <__wrap___aeabi_ui2d+0x1c>

10001caa <double2int_z_entry>:
10001caa:	ec41 0480 	dcp_wxdc r0, r1
10001cae:	ee00 0401 			dcp_add0
10001cb2:	ee10 0401 			dcp_add1
10001cb6:	ee80 0440 			dcp_ntdc
10001cba:	ee10 0413 			dcp_rdic r0
10001cbe:	4770      	bx	lr
10001cc0:	b500      	push	{lr}
10001cc2:	f7ff feff 	bl	10001ac4 <generic_save_state>
10001cc6:	e002      	b.n	10001cce <double2uint_z_entry>

10001cc8 <__wrap___aeabi_d2uiz>:
10001cc8:	fe10 f430 	dcp_pcmp APSR_nzcv
10001ccc:	d4f8      	bmi.n	10001cc0 <double2int_z_entry+0x16>

10001cce <double2uint_z_entry>:
10001cce:	ec41 0480 	dcp_wxdc r0, r1
10001cd2:	ee00 0401 			dcp_add0
10001cd6:	ee10 0401 			dcp_add1
10001cda:	ee80 0440 			dcp_ntdc
10001cde:	ee10 0433 			dcp_rduc r0
10001ce2:	4770      	bx	lr
10001ce4:	b500      	push	{lr}
10001ce6:	f7ff feed 	bl	10001ac4 <generic_save_state>
10001cea:	e002      	b.n	10001cf2 <__wrap___aeabi_dcmpun+0x6>

10001cec <__wrap___aeabi_dcmpun>:
10001cec:	fe10 f430 	dcp_pcmp APSR_nzcv
10001cf0:	d4f8      	bmi.n	10001ce4 <double2uint_z_entry+0x16>
10001cf2:	ec41 0410 	dcp_wxup r0, r1
10001cf6:	ec43 2411 	dcp_wyup r2, r3
10001cfa:	ee00 0401 			dcp_add0
10001cfe:	ee10 0430 			dcp_rcmp r0
10001d02:	f3c0 7000 	ubfx	r0, r0, #28, #1
10001d06:	4770      	bx	lr
10001d08:	b500      	push	{lr}
10001d0a:	f7ff fedb 	bl	10001ac4 <generic_save_state>
10001d0e:	e002      	b.n	10001d16 <__wrap___aeabi_dcmplt+0x6>

10001d10 <__wrap___aeabi_dcmplt>:
10001d10:	fe10 f430 	dcp_pcmp APSR_nzcv
10001d14:	d4f8      	bmi.n	10001d08 <__wrap___aeabi_dcmpun+0x1c>
10001d16:	ec43 2410 	dcp_wxup r2, r3
10001d1a:	ec41 0411 	dcp_wyup r0, r1
10001d1e:	ee00 0401 			dcp_add0
10001d22:	ee10 f430 			dcp_rcmp APSR_nzcv
10001d26:	bf8c      	ite	hi
10001d28:	2001      	movhi	r0, #1
10001d2a:	2000      	movls	r0, #0
10001d2c:	4770      	bx	lr
10001d2e:	bf00      	nop
10001d30:	b500      	push	{lr}
10001d32:	f7ff fec7 	bl	10001ac4 <generic_save_state>
10001d36:	e002      	b.n	10001d3e <__wrap___aeabi_dcmple+0x6>

10001d38 <__wrap___aeabi_dcmple>:
10001d38:	fe10 f430 	dcp_pcmp APSR_nzcv
10001d3c:	d4f8      	bmi.n	10001d30 <__wrap___aeabi_dcmplt+0x20>
10001d3e:	ec43 2410 	dcp_wxup r2, r3
10001d42:	ec41 0411 	dcp_wyup r0, r1
10001d46:	ee00 0401 			dcp_add0
10001d4a:	ee10 f430 			dcp_rcmp APSR_nzcv
10001d4e:	bf2c      	ite	cs
10001d50:	2001      	movcs	r0, #1
10001d52:	2000      	movcc	r0, #0
10001d54:	4770      	bx	lr
10001d56:	bf00      	nop
10001d58:	b500      	push	{lr}
10001d5a:	f7ff feb3 	bl	10001ac4 <generic_save_state>
10001d5e:	e002      	b.n	10001d66 <__wrap___aeabi_dcmpge+0x6>

10001d60 <__wrap___aeabi_dcmpge>:
10001d60:	fe10 f430 	dcp_pcmp APSR_nzcv
10001d64:	d4f8      	bmi.n	10001d58 <__wrap___aeabi_dcmple+0x20>
10001d66:	ec41 0410 	dcp_wxup r0, r1
10001d6a:	ec43 2411 	dcp_wyup r2, r3
10001d6e:	ee00 0401 			dcp_add0
10001d72:	ee10 f430 			dcp_rcmp APSR_nzcv
10001d76:	bf2c      	ite	cs
10001d78:	2001      	movcs	r0, #1
10001d7a:	2000      	movcc	r0, #0
10001d7c:	4770      	bx	lr
10001d7e:	bf00      	nop
10001d80:	b500      	push	{lr}
10001d82:	f7ff fe9f 	bl	10001ac4 <generic_save_state>
10001d86:	e002      	b.n	10001d8e <__wrap___aeabi_dcmpgt+0x6>

10001d88 <__wrap___aeabi_dcmpgt>:
10001d88:	fe10 f430 	dcp_pcmp APSR_nzcv
10001d8c:	d4f8      	bmi.n	10001d80 <__wrap___aeabi_dcmpge+0x20>
10001d8e:	ec41 0410 	dcp_wxup r0, r1
10001d92:	ec43 2411 	dcp_wyup r2, r3
10001d96:	ee00 0401 			dcp_add0
10001d9a:	ee10 f430 			dcp_rcmp APSR_nzcv
10001d9e:	bf8c      	ite	hi
10001da0:	2001      	movhi	r0, #1
10001da2:	2000      	movls	r0, #0
10001da4:	4770      	bx	lr
10001da6:	bf00      	nop
10001da8:	00000000 	.word	0x00000000

10001dac <rtwopi>:
	...
10001db4:	28be60db 	.word	0x28be60db
10001db8:	9391054a 	.word	0x9391054a
10001dbc:	7f09d5f4 	.word	0x7f09d5f4
10001dc0:	7d4d3770 	.word	0x7d4d3770
10001dc4:	36d8a566 	.word	0x36d8a566
10001dc8:	4f10e410 	.word	0x4f10e410
10001dcc:	7f9458ea 	.word	0x7f9458ea
10001dd0:	f7aef158 	.word	0xf7aef158
10001dd4:	6dc91b8e 	.word	0x6dc91b8e
10001dd8:	909374b8 	.word	0x909374b8
10001ddc:	01924bba 	.word	0x01924bba
10001de0:	82746487 	.word	0x82746487
10001de4:	3f877ac7 	.word	0x3f877ac7
10001de8:	2c4a69cf 	.word	0x2c4a69cf
10001dec:	ba208d7d 	.word	0xba208d7d
10001df0:	4baed121 	.word	0x4baed121
10001df4:	3a671c09 	.word	0x3a671c09
10001df8:	ad17df90 	.word	0xad17df90
10001dfc:	4e64758e 	.word	0x4e64758e
10001e00:	60d4ce7d 	.word	0x60d4ce7d
10001e04:	272117e2 	.word	0x272117e2
10001e08:	ef7e4a0e 	.word	0xef7e4a0e
10001e0c:	c7fe25ff 	.word	0xc7fe25ff
10001e10:	f7816603 	.word	0xf7816603
10001e14:	fbcbc462 	.word	0xfbcbc462
10001e18:	d6829b47 	.word	0xd6829b47
10001e1c:	db4d9fb3 	.word	0xdb4d9fb3
10001e20:	c9f2c26d 	.word	0xc9f2c26d
10001e24:	d3d18fd9 	.word	0xd3d18fd9
10001e28:	a797fa8b 	.word	0xa797fa8b
10001e2c:	5d49eeb1 	.word	0x5d49eeb1
10001e30:	faf97c5e 	.word	0xfaf97c5e
10001e34:	cf41ce7d 	.word	0xcf41ce7d
10001e38:	e294a4ba 	.word	0xe294a4ba
10001e3c:	9afed7ec 	.word	0x9afed7ec
10001e40:	47e35742 	.word	0x47e35742
10001e44:	1580cc11 	.word	0x1580cc11

10001e48 <drr_core>:
10001e48:	4b17      	ldr	r3, [pc, #92]	@ (10001ea8 <drr_core+0x60>)
10001e4a:	f002 051f 	and.w	r5, r2, #31
10001e4e:	f04f 0701 	mov.w	r7, #1
10001e52:	40af      	lsls	r7, r5
10001e54:	ea5f 1862 	movs.w	r8, r2, asr #5
10001e58:	fba7 4500 	umull	r4, r5, r7, r0
10001e5c:	2600      	movs	r6, #0
10001e5e:	fbe7 5601 	umlal	r5, r6, r7, r1
10001e62:	eb03 0388 	add.w	r3, r3, r8, lsl #2
10001e66:	f8d3 9010 	ldr.w	r9, [r3, #16]
10001e6a:	fba9 a706 	umull	sl, r7, r9, r6
10001e6e:	f8d3 900c 	ldr.w	r9, [r3, #12]
10001e72:	fba9 a805 	umull	sl, r8, r9, r5
10001e76:	fbe9 7866 	umaal	r7, r8, r9, r6
10001e7a:	f8d3 9008 	ldr.w	r9, [r3, #8]
10001e7e:	fb09 8806 	mla	r8, r9, r6, r8
10001e82:	fbe9 7805 	umlal	r7, r8, r9, r5
10001e86:	fba9 a604 	umull	sl, r6, r9, r4
10001e8a:	f8d3 9004 	ldr.w	r9, [r3, #4]
10001e8e:	fb09 8805 	mla	r8, r9, r5, r8
10001e92:	fbe9 7804 	umlal	r7, r8, r9, r4
10001e96:	f8d3 9000 	ldr.w	r9, [r3]
10001e9a:	fb09 8804 	mla	r8, r9, r4, r8
10001e9e:	19bf      	adds	r7, r7, r6
10001ea0:	f148 0800 	adc.w	r8, r8, #0
10001ea4:	4770      	bx	lr
10001ea6:	0000      	.short	0x0000
10001ea8:	10001dac 	.word	0x10001dac
10001eac:	ea50 3201 	orrs.w	r2, r0, r1, lsl #12
10001eb0:	bf08      	it	eq
10001eb2:	f041 4100 	orreq.w	r1, r1, #2147483648	@ 0x80000000
10001eb6:	f441 2100 	orr.w	r1, r1, #524288	@ 0x80000
10001eba:	000b      	movs	r3, r1
10001ebc:	0002      	movs	r2, r0
10001ebe:	4770      	bx	lr
10001ec0:	b90b      	cbnz	r3, 10001ec6 <drr_core+0x7e>
10001ec2:	2000      	movs	r0, #0
10001ec4:	2100      	movs	r1, #0
10001ec6:	2200      	movs	r2, #0
10001ec8:	f240 0300 	movw	r3, #0
10001ecc:	f6c3 73f0 	movt	r3, #16368	@ 0x3ff0
10001ed0:	f01c 0f02 	tst.w	ip, #2
10001ed4:	bf1c      	itt	ne
10001ed6:	4610      	movne	r0, r2
10001ed8:	4619      	movne	r1, r3
10001eda:	4770      	bx	lr
10001edc:	2200      	movs	r2, #0
10001ede:	2300      	movs	r3, #0
10001ee0:	2400      	movs	r4, #0
10001ee2:	f05f 4500 	movs.w	r5, #2147483648	@ 0x80000000
10001ee6:	e104      	b.n	100020f2 <__wrap_cos+0x8c>
10001ee8:	f84d cd04 	str.w	ip, [sp, #-4]!
10001eec:	f05f 0c00 	movs.w	ip, #0
10001ef0:	f10c 0c04 	add.w	ip, ip, #4
10001ef4:	f102 0204 	add.w	r2, r2, #4
10001ef8:	f7ff ffa6 	bl	10001e48 <drr_core>
10001efc:	ea98 79e8 	eors.w	r9, r8, r8, asr #31
10001f00:	f1b9 7f80 	cmp.w	r9, #16777216	@ 0x1000000
10001f04:	d202      	bcs.n	10001f0c <drr_core+0xc4>
10001f06:	f1bc 0f40 	cmp.w	ip, #64	@ 0x40
10001f0a:	d1f1      	bne.n	10001ef0 <drr_core+0xa8>
10001f0c:	ea97 77e8 	eors.w	r7, r7, r8, asr #31
10001f10:	f241 16a6 	movw	r6, #4518	@ 0x11a6
10001f14:	f6c0 3646 	movt	r6, #2886	@ 0xb46
10001f18:	fba9 a006 	umull	sl, r0, r9, r6
10001f1c:	f24d 5611 	movw	r6, #54545	@ 0xd511
10001f20:	f6c4 067e 	movt	r6, #18558	@ 0x487e
10001f24:	fba7 a106 	umull	sl, r1, r7, r6
10001f28:	fbe9 0166 	umaal	r0, r1, r9, r6
10001f2c:	2606      	movs	r6, #6
10001f2e:	fbe7 0106 	umlal	r0, r1, r7, r6
10001f32:	fb09 1106 	mla	r1, r9, r6, r1
10001f36:	f1dc 0a20 	rsbs	sl, ip, #32
10001f3a:	d457      	bmi.n	10001fec <drr_core+0x1a4>
10001f3c:	fa21 f30c 	lsr.w	r3, r1, ip
10001f40:	fa20 f20c 	lsr.w	r2, r0, ip
10001f44:	fa01 f90a 	lsl.w	r9, r1, sl
10001f48:	ea42 0209 	orr.w	r2, r2, r9
10001f4c:	fba2 9403 	umull	r9, r4, r2, r3
10001f50:	fba2 9503 	umull	r9, r5, r2, r3
10001f54:	fbe3 4563 	umaal	r4, r5, r3, r3
10001f58:	fba4 9605 	umull	r9, r6, r4, r5
10001f5c:	fba4 9705 	umull	r9, r7, r4, r5
10001f60:	fbe5 6765 	umaal	r6, r7, r5, r5
10001f64:	08f6      	lsrs	r6, r6, #3
10001f66:	ea56 7647 	orrs.w	r6, r6, r7, lsl #29
10001f6a:	f04f 39aa 	mov.w	r9, #2863311530	@ 0xaaaaaaaa
10001f6e:	fba6 6709 	umull	r6, r7, r6, r9
10001f72:	ebd4 0607 	rsbs	r6, r4, r7
10001f76:	eb75 0745 	sbcs.w	r7, r5, r5, lsl #1
10001f7a:	ea5f 3927 	movs.w	r9, r7, asr #12
10001f7e:	0b36      	lsrs	r6, r6, #12
10001f80:	eb56 5607 	adcs.w	r6, r6, r7, lsl #20
10001f84:	f159 677f 	adcs.w	r7, r9, #267386880	@ 0xff00000
10001f88:	f117 5740 	adds.w	r7, r7, #805306368	@ 0x30000000
10001f8c:	b4c0      	push	{r6, r7}
10001f8e:	fba0 9205 	umull	r9, r2, r0, r5
10001f92:	fba1 9304 	umull	r9, r3, r1, r4
10001f96:	fbe1 2365 	umaal	r2, r3, r1, r5
10001f9a:	fba2 9605 	umull	r9, r6, r2, r5
10001f9e:	fba3 9704 	umull	r9, r7, r3, r4
10001fa2:	fbe3 6765 	umaal	r6, r7, r3, r5
10001fa6:	f04f 39aa 	mov.w	r9, #2863311530	@ 0xaaaaaaaa
10001faa:	fba2 a409 	umull	sl, r4, r2, r9
10001fae:	2500      	movs	r5, #0
10001fb0:	fbe3 4509 	umlal	r4, r5, r3, r9
10001fb4:	1964      	adds	r4, r4, r5
10001fb6:	f155 0500 	adcs.w	r5, r5, #0
10001fba:	f04f 3988 	mov.w	r9, #2290649224	@ 0x88888888
10001fbe:	fba6 2309 	umull	r2, r3, r6, r9
10001fc2:	ebb4 1413 	subs.w	r4, r4, r3, lsr #4
10001fc6:	f165 0500 	sbc.w	r5, r5, #0
10001fca:	ebb0 0094 	subs.w	r0, r0, r4, lsr #2
10001fce:	eb61 01a5 	sbc.w	r1, r1, r5, asr #2
10001fd2:	ebb0 7085 	subs.w	r0, r0, r5, lsl #30
10001fd6:	f161 0100 	sbc.w	r1, r1, #0
10001fda:	f5cc 6480 	rsb	r4, ip, #1024	@ 0x400
10001fde:	f1a4 040e 	sub.w	r4, r4, #14
10001fe2:	f000 f982 	bl	100022ea <dpack_q>
10001fe6:	e8bd 10c0 	ldmia.w	sp!, {r6, r7, ip}
10001fea:	e00c      	b.n	10002006 <drr_core+0x1be>
10001fec:	f5cc 6480 	rsb	r4, ip, #1024	@ 0x400
10001ff0:	f1a4 040e 	sub.w	r4, r4, #14
10001ff4:	f000 f979 	bl	100022ea <dpack_q>
10001ff8:	f85d cb04 	ldr.w	ip, [sp], #4
10001ffc:	2600      	movs	r6, #0
10001ffe:	f240 0700 	movw	r7, #0
10002002:	f6c3 77f0 	movt	r7, #16368	@ 0x3ff0
10002006:	ea5f 78d8 	movs.w	r8, r8, lsr #31
1000200a:	f368 0c00 	bfi	ip, r8, #0, #1
1000200e:	ea5f 096c 	movs.w	r9, ip, asr #1
10002012:	d40f      	bmi.n	10002034 <drr_core+0x1ec>
10002014:	ea5f 0969 	movs.w	r9, r9, asr #1
10002018:	d306      	bcc.n	10002028 <drr_core+0x1e0>
1000201a:	f01c 0c04 	ands.w	ip, ip, #4
1000201e:	ea57 714c 	orrs.w	r1, r7, ip, lsl #29
10002022:	0030      	movs	r0, r6
10002024:	e8bd 87f0 	ldmia.w	sp!, {r4, r5, r6, r7, r8, r9, sl, pc}
10002028:	ea9c 0c9c 	eors.w	ip, ip, ip, lsr #2
1000202c:	ea51 71cc 	orrs.w	r1, r1, ip, lsl #31
10002030:	e8bd 87f0 	ldmia.w	sp!, {r4, r5, r6, r7, r8, r9, sl, pc}
10002034:	f01c 0404 	ands.w	r4, ip, #4
10002038:	ea97 7744 	eors.w	r7, r7, r4, lsl #29
1000203c:	b4c0      	push	{r6, r7}
1000203e:	e0a6      	b.n	1000218e <__wrap_cos+0x128>

10002040 <__wrap_sincos>:
10002040:	b53c      	push	{r2, r3, r4, r5, lr}
10002042:	f000 f804 	bl	1000204e <sincos_raw>
10002046:	bc30      	pop	{r4, r5}
10002048:	c403      	stmia	r4!, {r0, r1}
1000204a:	c50c      	stmia	r5!, {r2, r3}
1000204c:	bd30      	pop	{r4, r5, pc}

1000204e <sincos_raw>:
1000204e:	f011 4c00 	ands.w	ip, r1, #2147483648	@ 0x80000000
10002052:	ea5f 0c5c 	movs.w	ip, ip, lsr #1
10002056:	f05c 4c00 	orrs.w	ip, ip, #2147483648	@ 0x80000000
1000205a:	e006      	b.n	1000206a <__wrap_cos+0x4>

1000205c <__wrap_sin>:
1000205c:	ea5f 7c51 	movs.w	ip, r1, lsr #29
10002060:	f01c 0c04 	ands.w	ip, ip, #4
10002064:	e001      	b.n	1000206a <__wrap_cos+0x4>

10002066 <__wrap_cos>:
10002066:	f05f 0c02 	movs.w	ip, #2
1000206a:	f3c1 530a 	ubfx	r3, r1, #20, #11
1000206e:	f2a3 32ff 	subw	r2, r3, #1023	@ 0x3ff
10002072:	f5b2 6f80 	cmp.w	r2, #1024	@ 0x400
10002076:	f43f af19 	beq.w	10001eac <drr_core+0x64>
1000207a:	f112 0f20 	cmn.w	r2, #32
1000207e:	f6ff af1f 	blt.w	10001ec0 <drr_core+0x78>
10002082:	2301      	movs	r3, #1
10002084:	f363 511f 	bfi	r1, r3, #20, #12
10002088:	e92d 47f0 	stmdb	sp!, {r4, r5, r6, r7, r8, r9, sl, lr}
1000208c:	f102 020c 	add.w	r2, r2, #12
10002090:	f7ff feda 	bl	10001e48 <drr_core>
10002094:	ea5f 7498 	movs.w	r4, r8, lsr #30
10002098:	f144 0400 	adc.w	r4, r4, #0
1000209c:	eba8 7884 	sub.w	r8, r8, r4, lsl #30
100020a0:	eb0c 0c44 	add.w	ip, ip, r4, lsl #1
100020a4:	ea4c 7cd8 	orr.w	ip, ip, r8, lsr #31
100020a8:	ea97 77e8 	eors.w	r7, r7, r8, asr #31
100020ac:	ea98 78e8 	eors.w	r8, r8, r8, asr #31
100020b0:	f5b8 0f80 	cmp.w	r8, #4194304	@ 0x400000
100020b4:	f4ff af18 	bcc.w	10001ee8 <drr_core+0xa0>
100020b8:	f241 19a6 	movw	r9, #4518	@ 0x11a6
100020bc:	f6c0 3946 	movt	r9, #2886	@ 0xb46
100020c0:	fba8 a009 	umull	sl, r0, r8, r9
100020c4:	f24d 5911 	movw	r9, #54545	@ 0xd511
100020c8:	f6c4 097e 	movt	r9, #18558	@ 0x487e
100020cc:	fba7 a109 	umull	sl, r1, r7, r9
100020d0:	fbe8 0169 	umaal	r0, r1, r8, r9
100020d4:	f05f 0906 	movs.w	r9, #6
100020d8:	fbe7 0109 	umlal	r0, r1, r7, r9
100020dc:	fb08 1109 	mla	r1, r8, r9, r1
100020e0:	f1b1 7f00 	cmp.w	r1, #33554432	@ 0x2000000
100020e4:	f4ff aefa 	bcc.w	10001edc <drr_core+0x94>
100020e8:	0eca      	lsrs	r2, r1, #27
100020ea:	4b7c      	ldr	r3, [pc, #496]	@ (100022dc <dsc_h1c+0x1c>)
100020ec:	eb03 1302 	add.w	r3, r3, r2, lsl #4
100020f0:	cb3c      	ldmia	r3, {r2, r3, r4, r5}
100020f2:	1a80      	subs	r0, r0, r2
100020f4:	4199      	sbcs	r1, r3
100020f6:	d410      	bmi.n	1000211a <__wrap_cos+0xb4>
100020f8:	ea5f 066c 	movs.w	r6, ip, asr #1
100020fc:	d436      	bmi.n	1000216c <__wrap_cos+0x106>
100020fe:	1076      	asrs	r6, r6, #1
10002100:	d21c      	bcs.n	1000213c <__wrap_cos+0xd6>
10002102:	f000 f86c 	bl	100021de <dsc_h0>
10002106:	f000 f8af 	bl	10002268 <dsc_h0s>
1000210a:	f000 f8ec 	bl	100022e6 <dpack_q63>
1000210e:	ea9c 0c9c 	eors.w	ip, ip, ip, lsr #2
10002112:	ea51 71cc 	orrs.w	r1, r1, ip, lsl #31
10002116:	e8bd 87f0 	ldmia.w	sp!, {r4, r5, r6, r7, r8, r9, sl, pc}
1000211a:	ea5f 066c 	movs.w	r6, ip, asr #1
1000211e:	d449      	bmi.n	100021b4 <__wrap_cos+0x14e>
10002120:	1076      	asrs	r6, r6, #1
10002122:	d217      	bcs.n	10002154 <__wrap_cos+0xee>
10002124:	f000 f858 	bl	100021d8 <dsc_h1>
10002128:	f000 f8ac 	bl	10002284 <dsc_h1s>
1000212c:	f000 f8d8 	bl	100022e0 <dnegpack_q63>
10002130:	ea9c 0c9c 	eors.w	ip, ip, ip, lsr #2
10002134:	ea51 71cc 	orrs.w	r1, r1, ip, lsl #31
10002138:	e8bd 87f0 	ldmia.w	sp!, {r4, r5, r6, r7, r8, r9, sl, pc}
1000213c:	f000 f84f 	bl	100021de <dsc_h0>
10002140:	f000 f8af 	bl	100022a2 <dsc_h0c>
10002144:	f000 f8cc 	bl	100022e0 <dnegpack_q63>
10002148:	f01c 0c04 	ands.w	ip, ip, #4
1000214c:	ea51 714c 	orrs.w	r1, r1, ip, lsl #29
10002150:	e8bd 87f0 	ldmia.w	sp!, {r4, r5, r6, r7, r8, r9, sl, pc}
10002154:	f000 f840 	bl	100021d8 <dsc_h1>
10002158:	f000 f8b2 	bl	100022c0 <dsc_h1c>
1000215c:	f000 f8c3 	bl	100022e6 <dpack_q63>
10002160:	f01c 0c04 	ands.w	ip, ip, #4
10002164:	ea51 714c 	orrs.w	r1, r1, ip, lsl #29
10002168:	e8bd 87f0 	ldmia.w	sp!, {r4, r5, r6, r7, r8, r9, sl, pc}
1000216c:	f000 f837 	bl	100021de <dsc_h0>
10002170:	b4fc      	push	{r2, r3, r4, r5, r6, r7}
10002172:	f000 f896 	bl	100022a2 <dsc_h0c>
10002176:	f000 f8b3 	bl	100022e0 <dnegpack_q63>
1000217a:	f01c 0404 	ands.w	r4, ip, #4
1000217e:	ea91 7144 	eors.w	r1, r1, r4, lsl #29
10002182:	bcfc      	pop	{r2, r3, r4, r5, r6, r7}
10002184:	b403      	push	{r0, r1}
10002186:	f000 f86f 	bl	10002268 <dsc_h0s>
1000218a:	f000 f8ac 	bl	100022e6 <dpack_q63>
1000218e:	ea9c 045c 	eors.w	r4, ip, ip, lsr #1
10002192:	ea94 049c 	eors.w	r4, r4, ip, lsr #2
10002196:	ea91 71c4 	eors.w	r1, r1, r4, lsl #31
1000219a:	f01c 0f02 	tst.w	ip, #2
1000219e:	bf1d      	ittte	ne
100021a0:	4602      	movne	r2, r0
100021a2:	460b      	movne	r3, r1
100021a4:	bc03      	popne	{r0, r1}
100021a6:	bc0c      	popeq	{r2, r3}
100021a8:	f01c 4480 	ands.w	r4, ip, #1073741824	@ 0x40000000
100021ac:	ea91 0144 	eors.w	r1, r1, r4, lsl #1
100021b0:	e8bd 87f0 	ldmia.w	sp!, {r4, r5, r6, r7, r8, r9, sl, pc}
100021b4:	f000 f810 	bl	100021d8 <dsc_h1>
100021b8:	b4fc      	push	{r2, r3, r4, r5, r6, r7}
100021ba:	f000 f881 	bl	100022c0 <dsc_h1c>
100021be:	f000 f892 	bl	100022e6 <dpack_q63>
100021c2:	f01c 0404 	ands.w	r4, ip, #4
100021c6:	ea91 7144 	eors.w	r1, r1, r4, lsl #29
100021ca:	bcfc      	pop	{r2, r3, r4, r5, r6, r7}
100021cc:	b403      	push	{r0, r1}
100021ce:	f000 f859 	bl	10002284 <dsc_h1s>
100021d2:	f000 f885 	bl	100022e0 <dnegpack_q63>
100021d6:	e7da      	b.n	1000218e <__wrap_cos+0x128>

100021d8 <dsc_h1>:
100021d8:	4240      	negs	r0, r0
100021da:	eb61 0141 	sbc.w	r1, r1, r1, lsl #1

100021de <dsc_h0>:
100021de:	fba1 6701 	umull	r6, r7, r1, r1
100021e2:	fba0 2301 	umull	r2, r3, r0, r1
100021e6:	087f      	lsrs	r7, r7, #1
100021e8:	ea4f 0636 	mov.w	r6, r6, rrx
100021ec:	18f2      	adds	r2, r6, r3
100021ee:	f147 0300 	adc.w	r3, r7, #0
100021f2:	fba3 7600 	umull	r7, r6, r3, r0
100021f6:	fbe2 7601 	umlal	r7, r6, r2, r1
100021fa:	2700      	movs	r7, #0
100021fc:	fbe3 6701 	umlal	r6, r7, r3, r1
10002200:	f04f 3855 	mov.w	r8, #1431655765	@ 0x55555555
10002204:	fba6 9608 	umull	r9, r6, r6, r8
10002208:	f04f 0900 	mov.w	r9, #0
1000220c:	fbe7 6908 	umlal	r6, r9, r7, r8
10002210:	eb16 0609 	adds.w	r6, r6, r9
10002214:	f159 0700 	adcs.w	r7, r9, #0
10002218:	1b86      	subs	r6, r0, r6
1000221a:	eb71 0707 	sbcs.w	r7, r1, r7
1000221e:	ea4f 3003 	mov.w	r0, r3, lsl #12
10002222:	ea40 5012 	orr.w	r0, r0, r2, lsr #20
10002226:	fba0 0900 	umull	r0, r9, r0, r0
1000222a:	fbe9 0908 	umlal	r0, r9, r9, r8
1000222e:	fba9 0801 	umull	r0, r8, r9, r1
10002232:	f04f 3033 	mov.w	r0, #858993459	@ 0x33333333
10002236:	fba8 0800 	umull	r0, r8, r8, r0
1000223a:	fb58 fa11 	smmulr	sl, r8, r1
1000223e:	f64a 20aa 	movw	r0, #43690	@ 0xaaaa
10002242:	f6c2 20aa 	movt	r0, #10922	@ 0x2aaa
10002246:	fb60 991a 	smmlsr	r9, r0, sl, r9
1000224a:	ebb2 1249 	subs.w	r2, r2, r9, lsl #5
1000224e:	eb73 63d9 	sbcs.w	r3, r3, r9, lsr #27
10002252:	fb5a fa11 	smmulr	sl, sl, r1
10002256:	f04f 60c3 	mov.w	r0, #102236160	@ 0x6180000
1000225a:	fb6a 8810 	smmlsr	r8, sl, r0, r8
1000225e:	eb16 1648 	adds.w	r6, r6, r8, lsl #5
10002262:	eb57 67d8 	adcs.w	r7, r7, r8, lsr #27
10002266:	4770      	bx	lr

10002268 <dsc_h0s>:
10002268:	fba2 8004 	umull	r8, r0, r2, r4
1000226c:	f04f 0100 	mov.w	r1, #0
10002270:	fbe3 0104 	umlal	r0, r1, r3, r4
10002274:	fba6 8305 	umull	r8, r3, r6, r5
10002278:	fbe7 3405 	umlal	r3, r4, r7, r5
1000227c:	1a18      	subs	r0, r3, r0
1000227e:	eb64 0101 	sbc.w	r1, r4, r1
10002282:	4770      	bx	lr

10002284 <dsc_h1s>:
10002284:	fba2 8004 	umull	r8, r0, r2, r4
10002288:	f04f 0100 	mov.w	r1, #0
1000228c:	fbe3 0104 	umlal	r0, r1, r3, r4
10002290:	fba6 8305 	umull	r8, r3, r6, r5
10002294:	4264      	negs	r4, r4
10002296:	fbe7 3405 	umlal	r3, r4, r7, r5
1000229a:	1818      	adds	r0, r3, r0
1000229c:	eb44 0101 	adc.w	r1, r4, r1
100022a0:	4770      	bx	lr

100022a2 <dsc_h0c>:
100022a2:	fba2 8005 	umull	r8, r0, r2, r5
100022a6:	f04f 0100 	mov.w	r1, #0
100022aa:	fbe3 0105 	umlal	r0, r1, r3, r5
100022ae:	fba6 8304 	umull	r8, r3, r6, r4
100022b2:	426d      	negs	r5, r5
100022b4:	fbe7 3504 	umlal	r3, r5, r7, r4
100022b8:	1818      	adds	r0, r3, r0
100022ba:	eb45 0101 	adc.w	r1, r5, r1
100022be:	4770      	bx	lr

100022c0 <dsc_h1c>:
100022c0:	fba2 8005 	umull	r8, r0, r2, r5
100022c4:	f04f 0100 	mov.w	r1, #0
100022c8:	fbe3 0105 	umlal	r0, r1, r3, r5
100022cc:	fba6 8304 	umull	r8, r3, r6, r4
100022d0:	fbe7 3504 	umlal	r3, r5, r7, r4
100022d4:	1a18      	subs	r0, r3, r0
100022d6:	eb65 0101 	sbc.w	r1, r5, r1
100022da:	4770      	bx	lr
100022dc:	10002338 	.word	0x10002338

100022e0 <dnegpack_q63>:
100022e0:	4240      	negs	r0, r0
100022e2:	eb61 0141 	sbc.w	r1, r1, r1, lsl #1

100022e6 <dpack_q63>:
100022e6:	f240 34f3 	movw	r4, #1011	@ 0x3f3

100022ea <dpack_q>:
100022ea:	fab1 f281 	clz	r2, r1
100022ee:	2a0c      	cmp	r2, #12
100022f0:	d20c      	bcs.n	1000230c <dpack_q+0x22>
100022f2:	3215      	adds	r2, #21
100022f4:	fa11 f302 	lsls.w	r3, r1, r2
100022f8:	f1c2 0220 	rsb	r2, r2, #32
100022fc:	40d0      	lsrs	r0, r2
100022fe:	fa21 f102 	lsr.w	r1, r1, r2
10002302:	4422      	add	r2, r4
10002304:	4158      	adcs	r0, r3
10002306:	eb41 5102 	adc.w	r1, r1, r2, lsl #20
1000230a:	4770      	bx	lr
1000230c:	b169      	cbz	r1, 1000232a <dpack_q+0x40>
1000230e:	f1c2 022b 	rsb	r2, r2, #43	@ 0x2b
10002312:	fa30 f302 	lsrs.w	r3, r0, r2
10002316:	f1c2 0220 	rsb	r2, r2, #32
1000231a:	4091      	lsls	r1, r2
1000231c:	4090      	lsls	r0, r2
1000231e:	4319      	orrs	r1, r3
10002320:	eba4 0202 	sub.w	r2, r4, r2
10002324:	eb01 5102 	add.w	r1, r1, r2, lsl #20
10002328:	4770      	bx	lr
1000232a:	0001      	movs	r1, r0
1000232c:	f04f 0000 	mov.w	r0, #0
10002330:	f1a4 0420 	sub.w	r4, r4, #32
10002334:	d1d9      	bne.n	100022ea <dpack_q>
10002336:	4770      	bx	lr

10002338 <trigtab>:
10002338:	25735c0b 	.word	0x25735c0b
1000233c:	03f574a9 	.word	0x03f574a9
10002340:	01fab529 	.word	0x01fab529
10002344:	7ffc1500 	.word	0x7ffc1500
10002348:	00aa2feb 	.word	0x00aa2feb
1000234c:	0c44d954 	.word	0x0c44d954
10002350:	0621d2c8 	.word	0x0621d2c8
10002354:	7fda601f 	.word	0x7fda601f
10002358:	42e86336 	.word	0x42e86336
1000235c:	13d9d3cf 	.word	0x13d9d3cf
10002360:	09ea5e3c 	.word	0x09ea5e3c
10002364:	7f9d88f0 	.word	0x7f9d88f0
10002368:	046dc42f 	.word	0x046dc42f
1000236c:	1c0a86d9 	.word	0x1c0a86d9
10002370:	0dfe171f 	.word	0x0dfe171f
10002374:	7f3b9ed0 	.word	0x7f3b9ed0
10002378:	ec509ba7 	.word	0xec509ba7
1000237c:	23ebf53e 	.word	0x23ebf53e
10002380:	11e6e7bc 	.word	0x11e6e7bc
10002384:	7ebdefc7 	.word	0x7ebdefc7
10002388:	039c1cd2 	.word	0x039c1cd2
1000238c:	2bf112b2 	.word	0x2bf112b2
10002390:	15dcf546 	.word	0x15dcf546
10002394:	7e1e7749 	.word	0x7e1e7749
10002398:	3d7a05ca 	.word	0x3d7a05ca
1000239c:	33f293f4 	.word	0x33f293f4
100023a0:	19cbc014 	.word	0x19cbc014
100023a4:	7d5fac9c 	.word	0x7d5fac9c
100023a8:	7aefa0a0 	.word	0x7aefa0a0
100023ac:	3c19321d 	.word	0x3c19321d
100023b0:	1dc6221d 	.word	0x1dc6221d
100023b4:	7c7d2f2f 	.word	0x7c7d2f2f
100023b8:	12fb0fb5 	.word	0x12fb0fb5
100023bc:	4450ef70 	.word	0x4450ef70
100023c0:	21c10c53 	.word	0x21c10c53
100023c4:	7b782235 	.word	0x7b782235
100023c8:	476b8d5c 	.word	0x476b8d5c
100023cc:	4bf1a045 	.word	0x4bf1a045
100023d0:	256adc18 	.word	0x256adc18
100023d4:	7a68ad16 	.word	0x7a68ad16
100023d8:	576940c1 	.word	0x576940c1
100023dc:	53ead96d 	.word	0x53ead96d
100023e0:	29361639 	.word	0x29361639
100023e4:	792f2d3c 	.word	0x792f2d3c
100023e8:	d34eeadf 	.word	0xd34eeadf
100023ec:	5bb34289 	.word	0x5bb34289
100023f0:	2ce039d6 	.word	0x2ce039d6
100023f4:	77e02625 	.word	0x77e02625
100023f8:	31ea5069 	.word	0x31ea5069
100023fc:	641107d9 	.word	0x641107d9
10002400:	30c4d3c0 	.word	0x30c4d3c0
10002404:	76586270 	.word	0x76586270
10002408:	f36756cb 	.word	0xf36756cb
1000240c:	6bfda2b3 	.word	0x6bfda2b3
10002410:	34687e1c 	.word	0x34687e1c
10002414:	74c77a22 	.word	0x74c77a22
10002418:	2f7aed0e 	.word	0x2f7aed0e
1000241c:	73e07531 	.word	0x73e07531
10002420:	37fae7cc 	.word	0x37fae7cc
10002424:	731c1127 	.word	0x731c1127
10002428:	fcc48ec0 	.word	0xfcc48ec0
1000242c:	7c14790e 	.word	0x7c14790e
10002430:	3ba3a70e 	.word	0x3ba3a70e
10002434:	7141cd8e 	.word	0x7141cd8e
10002438:	3b04b713 	.word	0x3b04b713
1000243c:	83547b8f 	.word	0x83547b8f
10002440:	3ed289d4 	.word	0x3ed289d4
10002444:	6f85d8eb 	.word	0x6f85d8eb
10002448:	135b369a 	.word	0x135b369a
1000244c:	8c0b6fd9 	.word	0x8c0b6fd9
10002450:	4294ead4 	.word	0x4294ead4
10002454:	6d51efa3 	.word	0x6d51efa3
10002458:	4aca525f 	.word	0x4aca525f
1000245c:	9439d326 	.word	0x9439d326
10002460:	460a6e70 	.word	0x460a6e70
10002464:	6b230540 	.word	0x6b230540
10002468:	41c44083 	.word	0x41c44083
1000246c:	9c0e0b34 	.word	0x9c0e0b34
10002470:	4948b03d 	.word	0x4948b03d
10002474:	68f1ef07 	.word	0x68f1ef07
10002478:	a36d08bf 	.word	0xa36d08bf
1000247c:	a47961fd 	.word	0xa47961fd
10002480:	4cb1f285 	.word	0x4cb1f285
10002484:	667a849d 	.word	0x667a849d
10002488:	c8f81636 	.word	0xc8f81636
1000248c:	abe547d2 	.word	0xabe547d2
10002490:	4fa2221e 	.word	0x4fa2221e
10002494:	6436622f 	.word	0x6436622f
10002498:	d0c8c9ad 	.word	0xd0c8c9ad
1000249c:	b3feade1 	.word	0xb3feade1
100024a0:	52c37024 	.word	0x52c37024
100024a4:	61a4af86 	.word	0x61a4af86
100024a8:	64730e73 	.word	0x64730e73
100024ac:	bbfe356a 	.word	0xbbfe356a
100024b0:	55c5f028 	.word	0x55c5f028
100024b4:	5f02a3a3 	.word	0x5f02a3a3
100024b8:	b08ca5c6 	.word	0xb08ca5c6
100024bc:	c412b955 	.word	0xc412b955
100024c0:	58ba9208 	.word	0x58ba9208
100024c4:	5c4194a3 	.word	0x5c4194a3
100024c8:	54530090 	.word	0x54530090
100024cc:	cbb02d37 	.word	0xcbb02d37
100024d0:	5b6ef419 	.word	0x5b6ef419
100024d4:	59938ed8 	.word	0x59938ed8
100024d8:	a18d7c36 	.word	0xa18d7c36
100024dc:	d3aa3c6e 	.word	0xd3aa3c6e
100024e0:	5e2e0225 	.word	0x5e2e0225
100024e4:	56af32fc 	.word	0x56af32fc
100024e8:	48a2c7d0 	.word	0x48a2c7d0
100024ec:	dbff19f6 	.word	0xdbff19f6
100024f0:	60f35332 	.word	0x60f35332
100024f4:	5392ed7e 	.word	0x5392ed7e
100024f8:	7aad9a94 	.word	0x7aad9a94
100024fc:	e422ade1 	.word	0xe422ade1
10002500:	638edfca 	.word	0x638edfca
10002504:	50732bc7 	.word	0x50732bc7
10002508:	19ef15ff 	.word	0x19ef15ff
1000250c:	ebfb85bd 	.word	0xebfb85bd
10002510:	65fa18bb 	.word	0x65fa18bb
10002514:	4d5c61c7 	.word	0x4d5c61c7
10002518:	7e0f96bd 	.word	0x7e0f96bd
1000251c:	f44c4b49 	.word	0xf44c4b49
10002520:	686f81f7 	.word	0x686f81f7
10002524:	4a0217e6 	.word	0x4a0217e6
10002528:	1def09eb 	.word	0x1def09eb
1000252c:	fc4dbdfd 	.word	0xfc4dbdfd
10002530:	6ab2d2c4 	.word	0x6ab2d2c4
10002534:	46b4e413 	.word	0x46b4e413

10002538 <__wrap___aeabi_l2d>:
10002538:	2200      	movs	r2, #0

1000253a <fix642double>:
1000253a:	2900      	cmp	r1, #0
1000253c:	da50      	bge.n	100025e0 <ufix642double>
1000253e:	4240      	negs	r0, r0
10002540:	eb61 0141 	sbc.w	r1, r1, r1, lsl #1
10002544:	b1c9      	cbz	r1, 1000257a <fix642double+0x40>
10002546:	fab1 f381 	clz	r3, r1
1000254a:	3b0b      	subs	r3, #11
1000254c:	d417      	bmi.n	1000257e <fix642double+0x44>
1000254e:	f1d3 0c20 	rsbs	ip, r3, #32
10002552:	fa30 fc0c 	lsrs.w	ip, r0, ip
10002556:	4098      	lsls	r0, r3
10002558:	4099      	lsls	r1, r3
1000255a:	ea51 010c 	orrs.w	r1, r1, ip
1000255e:	441a      	add	r2, r3
10002560:	4252      	negs	r2, r2
10002562:	f202 4232 	addw	r2, r2, #1074	@ 0x432
10002566:	eb01 5102 	add.w	r1, r1, r2, lsl #20
1000256a:	f041 4100 	orr.w	r1, r1, #2147483648	@ 0x80000000
1000256e:	f240 73fe 	movw	r3, #2046	@ 0x7fe
10002572:	429a      	cmp	r2, r3
10002574:	bf38      	it	cc
10002576:	4770      	bxcc	lr
10002578:	e021      	b.n	100025be <fix642double+0x84>
1000257a:	4611      	mov	r1, r2
1000257c:	e07e      	b.n	1000267c <fix2double_neg>
1000257e:	f103 0321 	add.w	r3, r3, #33	@ 0x21
10002582:	fa10 fc03 	lsls.w	ip, r0, r3
10002586:	f1a3 0301 	sub.w	r3, r3, #1
1000258a:	fa01 fc03 	lsl.w	ip, r1, r3
1000258e:	f1c3 0320 	rsb	r3, r3, #32
10002592:	fa20 f003 	lsr.w	r0, r0, r3
10002596:	fa21 f103 	lsr.w	r1, r1, r3
1000259a:	ea40 000c 	orr.w	r0, r0, ip
1000259e:	eba3 0202 	sub.w	r2, r3, r2
100025a2:	f202 4232 	addw	r2, r2, #1074	@ 0x432
100025a6:	d014      	beq.n	100025d2 <fix642double+0x98>
100025a8:	f150 0000 	adcs.w	r0, r0, #0
100025ac:	eb41 5102 	adc.w	r1, r1, r2, lsl #20
100025b0:	f041 4100 	orr.w	r1, r1, #2147483648	@ 0x80000000
100025b4:	f240 73fe 	movw	r3, #2046	@ 0x7fe
100025b8:	429a      	cmp	r2, r3
100025ba:	bf38      	it	cc
100025bc:	4770      	bxcc	lr
100025be:	f04f 0100 	mov.w	r1, #0
100025c2:	bfa8      	it	ge
100025c4:	f6c7 71f0 	movtge	r1, #32752	@ 0x7ff0
100025c8:	f04f 0000 	mov.w	r0, #0
100025cc:	4770      	bx	lr
100025ce:	2100      	movs	r1, #0
100025d0:	4770      	bx	lr
100025d2:	d3eb      	bcc.n	100025ac <fix642double+0x72>
100025d4:	f150 0000 	adcs.w	r0, r0, #0
100025d8:	f020 0001 	bic.w	r0, r0, #1
100025dc:	e7e6      	b.n	100025ac <fix642double+0x72>

100025de <__wrap___aeabi_ul2d>:
100025de:	2200      	movs	r2, #0

100025e0 <ufix642double>:
100025e0:	b1b9      	cbz	r1, 10002612 <ufix642double+0x32>
100025e2:	fab1 f381 	clz	r3, r1
100025e6:	3b0b      	subs	r3, #11
100025e8:	d416      	bmi.n	10002618 <ufix642double+0x38>
100025ea:	f1d3 0c20 	rsbs	ip, r3, #32
100025ee:	fa30 fc0c 	lsrs.w	ip, r0, ip
100025f2:	4098      	lsls	r0, r3
100025f4:	4099      	lsls	r1, r3
100025f6:	ea51 010c 	orrs.w	r1, r1, ip
100025fa:	441a      	add	r2, r3
100025fc:	4252      	negs	r2, r2
100025fe:	f202 4232 	addw	r2, r2, #1074	@ 0x432
10002602:	eb01 5102 	add.w	r1, r1, r2, lsl #20
10002606:	f240 73fe 	movw	r3, #2046	@ 0x7fe
1000260a:	429a      	cmp	r2, r3
1000260c:	bf38      	it	cc
1000260e:	4770      	bxcc	lr
10002610:	e020      	b.n	10002654 <ufix642double+0x74>
10002612:	4611      	mov	r1, r2
10002614:	f000 b866 	b.w	100026e4 <ufix2double>
10002618:	f103 0321 	add.w	r3, r3, #33	@ 0x21
1000261c:	fa10 fc03 	lsls.w	ip, r0, r3
10002620:	f1a3 0301 	sub.w	r3, r3, #1
10002624:	fa01 fc03 	lsl.w	ip, r1, r3
10002628:	f1c3 0320 	rsb	r3, r3, #32
1000262c:	fa20 f003 	lsr.w	r0, r0, r3
10002630:	fa21 f103 	lsr.w	r1, r1, r3
10002634:	ea40 000c 	orr.w	r0, r0, ip
10002638:	eba3 0202 	sub.w	r2, r3, r2
1000263c:	f202 4232 	addw	r2, r2, #1074	@ 0x432
10002640:	d012      	beq.n	10002668 <ufix642double+0x88>
10002642:	f150 0000 	adcs.w	r0, r0, #0
10002646:	eb41 5102 	adc.w	r1, r1, r2, lsl #20
1000264a:	f240 73fe 	movw	r3, #2046	@ 0x7fe
1000264e:	429a      	cmp	r2, r3
10002650:	bf38      	it	cc
10002652:	4770      	bxcc	lr
10002654:	f04f 0100 	mov.w	r1, #0
10002658:	bfa8      	it	ge
1000265a:	f6c7 71f0 	movtge	r1, #32752	@ 0x7ff0
1000265e:	f04f 0000 	mov.w	r0, #0
10002662:	4770      	bx	lr
10002664:	2100      	movs	r1, #0
10002666:	4770      	bx	lr
10002668:	d3ed      	bcc.n	10002646 <ufix642double+0x66>
1000266a:	f150 0000 	adcs.w	r0, r0, #0
1000266e:	f020 0001 	bic.w	r0, r0, #1
10002672:	e7e8      	b.n	10002646 <ufix642double+0x66>

10002674 <fix2double>:
10002674:	2800      	cmp	r0, #0
10002676:	f280 8035 	bge.w	100026e4 <ufix2double>
1000267a:	4240      	negs	r0, r0

1000267c <fix2double_neg>:
1000267c:	fab0 f380 	clz	r3, r0
10002680:	3b0b      	subs	r3, #11
10002682:	d411      	bmi.n	100026a8 <fix2double_neg+0x2c>
10002684:	4098      	lsls	r0, r3
10002686:	eb01 0203 	add.w	r2, r1, r3
1000268a:	4252      	negs	r2, r2
1000268c:	f202 4212 	addw	r2, r2, #1042	@ 0x412
10002690:	eb00 5102 	add.w	r1, r0, r2, lsl #20
10002694:	f041 4100 	orr.w	r1, r1, #2147483648	@ 0x80000000
10002698:	f04f 0000 	mov.w	r0, #0
1000269c:	f240 73fe 	movw	r3, #2046	@ 0x7fe
100026a0:	429a      	cmp	r2, r3
100026a2:	bf38      	it	cc
100026a4:	4770      	bxcc	lr
100026a6:	e013      	b.n	100026d0 <fix2double_neg+0x54>
100026a8:	f1c3 0300 	rsb	r3, r3, #0
100026ac:	fa30 fc03 	lsrs.w	ip, r0, r3
100026b0:	f1c3 0220 	rsb	r2, r3, #32
100026b4:	4090      	lsls	r0, r2
100026b6:	eba3 0201 	sub.w	r2, r3, r1
100026ba:	f202 4212 	addw	r2, r2, #1042	@ 0x412
100026be:	eb0c 5102 	add.w	r1, ip, r2, lsl #20
100026c2:	f041 4100 	orr.w	r1, r1, #2147483648	@ 0x80000000
100026c6:	f240 73fe 	movw	r3, #2046	@ 0x7fe
100026ca:	429a      	cmp	r2, r3
100026cc:	bf38      	it	cc
100026ce:	4770      	bxcc	lr
100026d0:	f04f 4100 	mov.w	r1, #2147483648	@ 0x80000000
100026d4:	bfa8      	it	ge
100026d6:	f6cf 71f0 	movtge	r1, #65520	@ 0xfff0
100026da:	f04f 0000 	mov.w	r0, #0
100026de:	4770      	bx	lr
100026e0:	2100      	movs	r1, #0
100026e2:	4770      	bx	lr

100026e4 <ufix2double>:
100026e4:	b360      	cbz	r0, 10002740 <ufix2double+0x5c>
100026e6:	fab0 f380 	clz	r3, r0
100026ea:	3b0b      	subs	r3, #11
100026ec:	d40f      	bmi.n	1000270e <ufix2double+0x2a>
100026ee:	4098      	lsls	r0, r3
100026f0:	eb01 0203 	add.w	r2, r1, r3
100026f4:	4252      	negs	r2, r2
100026f6:	f202 4212 	addw	r2, r2, #1042	@ 0x412
100026fa:	eb00 5102 	add.w	r1, r0, r2, lsl #20
100026fe:	f04f 0000 	mov.w	r0, #0
10002702:	f240 73fe 	movw	r3, #2046	@ 0x7fe
10002706:	429a      	cmp	r2, r3
10002708:	bf38      	it	cc
1000270a:	4770      	bxcc	lr
1000270c:	e010      	b.n	10002730 <ufix2double+0x4c>
1000270e:	425b      	negs	r3, r3
10002710:	fa30 fc03 	lsrs.w	ip, r0, r3
10002714:	f1c3 0220 	rsb	r2, r3, #32
10002718:	4090      	lsls	r0, r2
1000271a:	eba3 0201 	sub.w	r2, r3, r1
1000271e:	f202 4212 	addw	r2, r2, #1042	@ 0x412
10002722:	eb0c 5102 	add.w	r1, ip, r2, lsl #20
10002726:	f240 73fe 	movw	r3, #2046	@ 0x7fe
1000272a:	429a      	cmp	r2, r3
1000272c:	bf38      	it	cc
1000272e:	4770      	bxcc	lr
10002730:	f04f 0100 	mov.w	r1, #0
10002734:	bfa8      	it	ge
10002736:	f6c7 71f0 	movtge	r1, #32752	@ 0x7ff0
1000273a:	f04f 0000 	mov.w	r0, #0
1000273e:	4770      	bx	lr
10002740:	2100      	movs	r1, #0
10002742:	4770      	bx	lr

10002744 <_out_null>:
10002744:	4770      	bx	lr
10002746:	bf00      	nop

10002748 <_out_rev>:
10002748:	e92d 4ff0 	stmdb	sp!, {r4, r5, r6, r7, r8, r9, sl, fp, lr}
1000274c:	b083      	sub	sp, #12
1000274e:	4699      	mov	r9, r3
10002750:	e9dd ab0d 	ldrd	sl, fp, [sp, #52]	@ 0x34
10002754:	9b0f      	ldr	r3, [sp, #60]	@ 0x3c
10002756:	4688      	mov	r8, r1
10002758:	4611      	mov	r1, r2
1000275a:	079a      	lsls	r2, r3, #30
1000275c:	4607      	mov	r7, r0
1000275e:	d116      	bne.n	1000278e <_out_rev+0x46>
10002760:	45da      	cmp	sl, fp
10002762:	d23a      	bcs.n	100027da <_out_rev+0x92>
10002764:	460c      	mov	r4, r1
10002766:	460d      	mov	r5, r1
10002768:	ebab 060a 	sub.w	r6, fp, sl
1000276c:	440e      	add	r6, r1
1000276e:	4622      	mov	r2, r4
10002770:	464b      	mov	r3, r9
10002772:	4641      	mov	r1, r8
10002774:	2020      	movs	r0, #32
10002776:	3401      	adds	r4, #1
10002778:	47b8      	blx	r7
1000277a:	42b4      	cmp	r4, r6
1000277c:	d1f7      	bne.n	1000276e <_out_rev+0x26>
1000277e:	4629      	mov	r1, r5
10002780:	f1ba 0f00 	cmp.w	sl, #0
10002784:	d108      	bne.n	10002798 <_out_rev+0x50>
10002786:	4620      	mov	r0, r4
10002788:	b003      	add	sp, #12
1000278a:	e8bd 8ff0 	ldmia.w	sp!, {r4, r5, r6, r7, r8, r9, sl, fp, pc}
1000278e:	460c      	mov	r4, r1
10002790:	f1ba 0f00 	cmp.w	sl, #0
10002794:	d010      	beq.n	100027b8 <_out_rev+0x70>
10002796:	460e      	mov	r6, r1
10002798:	4655      	mov	r5, sl
1000279a:	9b0c      	ldr	r3, [sp, #48]	@ 0x30
1000279c:	442e      	add	r6, r5
1000279e:	449a      	add	sl, r3
100027a0:	9101      	str	r1, [sp, #4]
100027a2:	1b72      	subs	r2, r6, r5
100027a4:	464b      	mov	r3, r9
100027a6:	3d01      	subs	r5, #1
100027a8:	4641      	mov	r1, r8
100027aa:	f81a 0d01 	ldrb.w	r0, [sl, #-1]!
100027ae:	4634      	mov	r4, r6
100027b0:	47b8      	blx	r7
100027b2:	2d00      	cmp	r5, #0
100027b4:	d1f5      	bne.n	100027a2 <_out_rev+0x5a>
100027b6:	9901      	ldr	r1, [sp, #4]
100027b8:	9b0f      	ldr	r3, [sp, #60]	@ 0x3c
100027ba:	079b      	lsls	r3, r3, #30
100027bc:	d5e3      	bpl.n	10002786 <_out_rev+0x3e>
100027be:	1a65      	subs	r5, r4, r1
100027c0:	45ab      	cmp	fp, r5
100027c2:	d9e0      	bls.n	10002786 <_out_rev+0x3e>
100027c4:	4622      	mov	r2, r4
100027c6:	464b      	mov	r3, r9
100027c8:	4641      	mov	r1, r8
100027ca:	2020      	movs	r0, #32
100027cc:	3501      	adds	r5, #1
100027ce:	47b8      	blx	r7
100027d0:	455d      	cmp	r5, fp
100027d2:	f104 0401 	add.w	r4, r4, #1
100027d6:	d3f5      	bcc.n	100027c4 <_out_rev+0x7c>
100027d8:	e7d5      	b.n	10002786 <_out_rev+0x3e>
100027da:	460c      	mov	r4, r1
100027dc:	f1ba 0f00 	cmp.w	sl, #0
100027e0:	d1d9      	bne.n	10002796 <_out_rev+0x4e>
100027e2:	e7d0      	b.n	10002786 <_out_rev+0x3e>

100027e4 <_ntoa_format>:
100027e4:	e92d 4ff0 	stmdb	sp!, {r4, r5, r6, r7, r8, r9, sl, fp, lr}
100027e8:	9f0f      	ldr	r7, [sp, #60]	@ 0x3c
100027ea:	f8dd 8024 	ldr.w	r8, [sp, #36]	@ 0x24
100027ee:	f017 0f02 	tst.w	r7, #2
100027f2:	9c0a      	ldr	r4, [sp, #40]	@ 0x28
100027f4:	f89d a02c 	ldrb.w	sl, [sp, #44]	@ 0x2c
100027f8:	9d0e      	ldr	r5, [sp, #56]	@ 0x38
100027fa:	e9dd 960c 	ldrd	r9, r6, [sp, #48]	@ 0x30
100027fe:	d144      	bne.n	1000288a <_ntoa_format+0xa6>
10002800:	bbf5      	cbnz	r5, 10002880 <_ntoa_format+0x9c>
10002802:	42b4      	cmp	r4, r6
10002804:	d241      	bcs.n	1000288a <_ntoa_format+0xa6>
10002806:	f007 0b01 	and.w	fp, r7, #1
1000280a:	f104 3cff 	add.w	ip, r4, #4294967295	@ 0xffffffff
1000280e:	f04f 0e30 	mov.w	lr, #48	@ 0x30
10002812:	44c4      	add	ip, r8
10002814:	e004      	b.n	10002820 <_ntoa_format+0x3c>
10002816:	3401      	adds	r4, #1
10002818:	42a6      	cmp	r6, r4
1000281a:	f80c ef01 	strb.w	lr, [ip, #1]!
1000281e:	d901      	bls.n	10002824 <_ntoa_format+0x40>
10002820:	2c20      	cmp	r4, #32
10002822:	d1f8      	bne.n	10002816 <_ntoa_format+0x32>
10002824:	f1bb 0f00 	cmp.w	fp, #0
10002828:	f000 8088 	beq.w	1000293c <_ntoa_format+0x158>
1000282c:	42a5      	cmp	r5, r4
1000282e:	d92c      	bls.n	1000288a <_ntoa_format+0xa6>
10002830:	f104 3cff 	add.w	ip, r4, #4294967295	@ 0xffffffff
10002834:	f04f 0e30 	mov.w	lr, #48	@ 0x30
10002838:	44c4      	add	ip, r8
1000283a:	e004      	b.n	10002846 <_ntoa_format+0x62>
1000283c:	3401      	adds	r4, #1
1000283e:	42ac      	cmp	r4, r5
10002840:	f80c ef01 	strb.w	lr, [ip, #1]!
10002844:	d021      	beq.n	1000288a <_ntoa_format+0xa6>
10002846:	2c20      	cmp	r4, #32
10002848:	d1f8      	bne.n	1000283c <_ntoa_format+0x58>
1000284a:	f017 0f10 	tst.w	r7, #16
1000284e:	d00e      	beq.n	1000286e <_ntoa_format+0x8a>
10002850:	f417 6f80 	tst.w	r7, #1024	@ 0x400
10002854:	d154      	bne.n	10002900 <_ntoa_format+0x11c>
10002856:	42a6      	cmp	r6, r4
10002858:	d063      	beq.n	10002922 <_ntoa_format+0x13e>
1000285a:	42a5      	cmp	r5, r4
1000285c:	d061      	beq.n	10002922 <_ntoa_format+0x13e>
1000285e:	f1b9 0f10 	cmp.w	r9, #16
10002862:	d050      	beq.n	10002906 <_ntoa_format+0x122>
10002864:	f1b9 0f02 	cmp.w	r9, #2
10002868:	d056      	beq.n	10002918 <_ntoa_format+0x134>
1000286a:	2c20      	cmp	r4, #32
1000286c:	d129      	bne.n	100028c2 <_ntoa_format+0xde>
1000286e:	2420      	movs	r4, #32
10002870:	e9cd 570b 	strd	r5, r7, [sp, #44]	@ 0x2c
10002874:	e9cd 8409 	strd	r8, r4, [sp, #36]	@ 0x24
10002878:	e8bd 4ff0 	ldmia.w	sp!, {r4, r5, r6, r7, r8, r9, sl, fp, lr}
1000287c:	f7ff bf64 	b.w	10002748 <_out_rev>
10002880:	f017 0b01 	ands.w	fp, r7, #1
10002884:	d134      	bne.n	100028f0 <_ntoa_format+0x10c>
10002886:	42b4      	cmp	r4, r6
10002888:	d3bf      	bcc.n	1000280a <_ntoa_format+0x26>
1000288a:	f017 0f10 	tst.w	r7, #16
1000288e:	d01e      	beq.n	100028ce <_ntoa_format+0xea>
10002890:	f417 6f80 	tst.w	r7, #1024	@ 0x400
10002894:	d1e3      	bne.n	1000285e <_ntoa_format+0x7a>
10002896:	2c00      	cmp	r4, #0
10002898:	d1dd      	bne.n	10002856 <_ntoa_format+0x72>
1000289a:	f1b9 0f10 	cmp.w	r9, #16
1000289e:	d063      	beq.n	10002968 <_ntoa_format+0x184>
100028a0:	f1b9 0f02 	cmp.w	r9, #2
100028a4:	d077      	beq.n	10002996 <_ntoa_format+0x1b2>
100028a6:	2430      	movs	r4, #48	@ 0x30
100028a8:	f888 4000 	strb.w	r4, [r8]
100028ac:	2401      	movs	r4, #1
100028ae:	f1ba 0f00 	cmp.w	sl, #0
100028b2:	d111      	bne.n	100028d8 <_ntoa_format+0xf4>
100028b4:	077e      	lsls	r6, r7, #29
100028b6:	d548      	bpl.n	1000294a <_ntoa_format+0x166>
100028b8:	262b      	movs	r6, #43	@ 0x2b
100028ba:	f808 6004 	strb.w	r6, [r8, r4]
100028be:	3401      	adds	r4, #1
100028c0:	e7d6      	b.n	10002870 <_ntoa_format+0x8c>
100028c2:	4626      	mov	r6, r4
100028c4:	3401      	adds	r4, #1
100028c6:	f04f 0c30 	mov.w	ip, #48	@ 0x30
100028ca:	f808 c006 	strb.w	ip, [r8, r6]
100028ce:	2c20      	cmp	r4, #32
100028d0:	d0cd      	beq.n	1000286e <_ntoa_format+0x8a>
100028d2:	f1ba 0f00 	cmp.w	sl, #0
100028d6:	d0ed      	beq.n	100028b4 <_ntoa_format+0xd0>
100028d8:	262d      	movs	r6, #45	@ 0x2d
100028da:	f808 6004 	strb.w	r6, [r8, r4]
100028de:	3401      	adds	r4, #1
100028e0:	e9cd 570b 	strd	r5, r7, [sp, #44]	@ 0x2c
100028e4:	e9cd 8409 	strd	r8, r4, [sp, #36]	@ 0x24
100028e8:	e8bd 4ff0 	ldmia.w	sp!, {r4, r5, r6, r7, r8, r9, sl, fp, lr}
100028ec:	f7ff bf2c 	b.w	10002748 <_out_rev>
100028f0:	f1ba 0f00 	cmp.w	sl, #0
100028f4:	d030      	beq.n	10002958 <_ntoa_format+0x174>
100028f6:	42b4      	cmp	r4, r6
100028f8:	f105 35ff 	add.w	r5, r5, #4294967295	@ 0xffffffff
100028fc:	d385      	bcc.n	1000280a <_ntoa_format+0x26>
100028fe:	e795      	b.n	1000282c <_ntoa_format+0x48>
10002900:	f1b9 0f10 	cmp.w	r9, #16
10002904:	d1b3      	bne.n	1000286e <_ntoa_format+0x8a>
10002906:	06be      	lsls	r6, r7, #26
10002908:	d53b      	bpl.n	10002982 <_ntoa_format+0x19e>
1000290a:	2c20      	cmp	r4, #32
1000290c:	d0af      	beq.n	1000286e <_ntoa_format+0x8a>
1000290e:	2658      	movs	r6, #88	@ 0x58
10002910:	f808 6004 	strb.w	r6, [r8, r4]
10002914:	3401      	adds	r4, #1
10002916:	e7a8      	b.n	1000286a <_ntoa_format+0x86>
10002918:	2c20      	cmp	r4, #32
1000291a:	d0a8      	beq.n	1000286e <_ntoa_format+0x8a>
1000291c:	4626      	mov	r6, r4
1000291e:	3401      	adds	r4, #1
10002920:	e007      	b.n	10002932 <_ntoa_format+0x14e>
10002922:	1e66      	subs	r6, r4, #1
10002924:	d0b9      	beq.n	1000289a <_ntoa_format+0xb6>
10002926:	f1b9 0f10 	cmp.w	r9, #16
1000292a:	d036      	beq.n	1000299a <_ntoa_format+0x1b6>
1000292c:	f1b9 0f02 	cmp.w	r9, #2
10002930:	d1c9      	bne.n	100028c6 <_ntoa_format+0xe2>
10002932:	f04f 0c62 	mov.w	ip, #98	@ 0x62
10002936:	f808 c006 	strb.w	ip, [r8, r6]
1000293a:	e796      	b.n	1000286a <_ntoa_format+0x86>
1000293c:	f017 0f10 	tst.w	r7, #16
10002940:	d0c5      	beq.n	100028ce <_ntoa_format+0xea>
10002942:	f417 6f80 	tst.w	r7, #1024	@ 0x400
10002946:	d086      	beq.n	10002856 <_ntoa_format+0x72>
10002948:	e789      	b.n	1000285e <_ntoa_format+0x7a>
1000294a:	073e      	lsls	r6, r7, #28
1000294c:	d590      	bpl.n	10002870 <_ntoa_format+0x8c>
1000294e:	2620      	movs	r6, #32
10002950:	f808 6004 	strb.w	r6, [r8, r4]
10002954:	3401      	adds	r4, #1
10002956:	e78b      	b.n	10002870 <_ntoa_format+0x8c>
10002958:	f017 0f0c 	tst.w	r7, #12
1000295c:	d000      	beq.n	10002960 <_ntoa_format+0x17c>
1000295e:	3d01      	subs	r5, #1
10002960:	42b4      	cmp	r4, r6
10002962:	f4ff af52 	bcc.w	1000280a <_ntoa_format+0x26>
10002966:	e761      	b.n	1000282c <_ntoa_format+0x48>
10002968:	06bc      	lsls	r4, r7, #26
1000296a:	d412      	bmi.n	10002992 <_ntoa_format+0x1ae>
1000296c:	2478      	movs	r4, #120	@ 0x78
1000296e:	f888 4000 	strb.w	r4, [r8]
10002972:	2430      	movs	r4, #48	@ 0x30
10002974:	f888 4001 	strb.w	r4, [r8, #1]
10002978:	2402      	movs	r4, #2
1000297a:	f1ba 0f00 	cmp.w	sl, #0
1000297e:	d099      	beq.n	100028b4 <_ntoa_format+0xd0>
10002980:	e7aa      	b.n	100028d8 <_ntoa_format+0xf4>
10002982:	2c20      	cmp	r4, #32
10002984:	f43f af73 	beq.w	1000286e <_ntoa_format+0x8a>
10002988:	2678      	movs	r6, #120	@ 0x78
1000298a:	f808 6004 	strb.w	r6, [r8, r4]
1000298e:	3401      	adds	r4, #1
10002990:	e76b      	b.n	1000286a <_ntoa_format+0x86>
10002992:	2458      	movs	r4, #88	@ 0x58
10002994:	e7eb      	b.n	1000296e <_ntoa_format+0x18a>
10002996:	2462      	movs	r4, #98	@ 0x62
10002998:	e7e9      	b.n	1000296e <_ntoa_format+0x18a>
1000299a:	f017 0f20 	tst.w	r7, #32
1000299e:	f1a4 0c02 	sub.w	ip, r4, #2
100029a2:	d004      	beq.n	100029ae <_ntoa_format+0x1ca>
100029a4:	f04f 0e58 	mov.w	lr, #88	@ 0x58
100029a8:	f808 e00c 	strb.w	lr, [r8, ip]
100029ac:	e78b      	b.n	100028c6 <_ntoa_format+0xe2>
100029ae:	f04f 0e78 	mov.w	lr, #120	@ 0x78
100029b2:	f808 e00c 	strb.w	lr, [r8, ip]
100029b6:	e786      	b.n	100028c6 <_ntoa_format+0xe2>

100029b8 <_out_char>:
100029b8:	b900      	cbnz	r0, 100029bc <_out_char+0x4>
100029ba:	4770      	bx	lr
100029bc:	f001 bb70 	b.w	100040a0 <__wrap_putchar>

100029c0 <_out_fct>:
100029c0:	b110      	cbz	r0, 100029c8 <_out_fct+0x8>
100029c2:	e9d1 3100 	ldrd	r3, r1, [r1]
100029c6:	4718      	bx	r3
100029c8:	4770      	bx	lr
100029ca:	bf00      	nop
100029cc:	0000      	movs	r0, r0
	...

100029d0 <_ftoa>:
100029d0:	e92d 4ff0 	stmdb	sp!, {r4, r5, r6, r7, r8, r9, sl, fp, lr}
100029d4:	b097      	sub	sp, #92	@ 0x5c
100029d6:	ed9d 7b20 	vldr	d7, [sp, #128]	@ 0x80
100029da:	e9dd 5b22 	ldrd	r5, fp, [sp, #136]	@ 0x88
100029de:	4607      	mov	r7, r0
100029e0:	4688      	mov	r8, r1
100029e2:	ec51 0b17 	vmov	r0, r1, d7
100029e6:	9c24      	ldr	r4, [sp, #144]	@ 0x90
100029e8:	4699      	mov	r9, r3
100029ea:	920c      	str	r2, [sp, #48]	@ 0x30
100029ec:	460b      	mov	r3, r1
100029ee:	4602      	mov	r2, r0
100029f0:	ed8d 7b04 	vstr	d7, [sp, #16]
100029f4:	9407      	str	r4, [sp, #28]
100029f6:	f7ff f979 	bl	10001cec <__wrap___aeabi_dcmpun>
100029fa:	2800      	cmp	r0, #0
100029fc:	f040 81f4 	bne.w	10002de8 <_ftoa+0x418>
10002a00:	e9dd 0104 	ldrd	r0, r1, [sp, #16]
10002a04:	f04f 32ff 	mov.w	r2, #4294967295	@ 0xffffffff
10002a08:	f46f 1380 	mvn.w	r3, #1048576	@ 0x100000
10002a0c:	f7ff f980 	bl	10001d10 <__wrap___aeabi_dcmplt>
10002a10:	2800      	cmp	r0, #0
10002a12:	f040 811b 	bne.w	10002c4c <_ftoa+0x27c>
10002a16:	e9dd 0104 	ldrd	r0, r1, [sp, #16]
10002a1a:	f04f 32ff 	mov.w	r2, #4294967295	@ 0xffffffff
10002a1e:	4bac      	ldr	r3, [pc, #688]	@ (10002cd0 <_ftoa+0x300>)
10002a20:	f7ff f9b2 	bl	10001d88 <__wrap___aeabi_dcmpgt>
10002a24:	2800      	cmp	r0, #0
10002a26:	f040 80ee 	bne.w	10002c06 <_ftoa+0x236>
10002a2a:	e9dd 0104 	ldrd	r0, r1, [sp, #16]
10002a2e:	a3a4      	add	r3, pc, #656	@ (adr r3, 10002cc0 <_ftoa+0x2f0>)
10002a30:	e9d3 2300 	ldrd	r2, r3, [r3]
10002a34:	f7ff f9a8 	bl	10001d88 <__wrap___aeabi_dcmpgt>
10002a38:	2800      	cmp	r0, #0
10002a3a:	f040 80d3 	bne.w	10002be4 <_ftoa+0x214>
10002a3e:	e9dd 0104 	ldrd	r0, r1, [sp, #16]
10002a42:	a3a1      	add	r3, pc, #644	@ (adr r3, 10002cc8 <_ftoa+0x2f8>)
10002a44:	e9d3 2300 	ldrd	r2, r3, [r3]
10002a48:	f7ff f962 	bl	10001d10 <__wrap___aeabi_dcmplt>
10002a4c:	2800      	cmp	r0, #0
10002a4e:	f040 80c9 	bne.w	10002be4 <_ftoa+0x214>
10002a52:	e9dd 0104 	ldrd	r0, r1, [sp, #16]
10002a56:	2200      	movs	r2, #0
10002a58:	2300      	movs	r3, #0
10002a5a:	f7ff f959 	bl	10001d10 <__wrap___aeabi_dcmplt>
10002a5e:	2800      	cmp	r0, #0
10002a60:	f040 80e8 	bne.w	10002c34 <_ftoa+0x264>
10002a64:	4623      	mov	r3, r4
10002a66:	900d      	str	r0, [sp, #52]	@ 0x34
10002a68:	f413 6f80 	tst.w	r3, #1024	@ 0x400
10002a6c:	bf08      	it	eq
10002a6e:	2506      	moveq	r5, #6
10002a70:	2130      	movs	r1, #48	@ 0x30
10002a72:	462b      	mov	r3, r5
10002a74:	aa0e      	add	r2, sp, #56	@ 0x38
10002a76:	f1a5 0620 	sub.w	r6, r5, #32
10002a7a:	e005      	b.n	10002a88 <_ftoa+0xb8>
10002a7c:	3b01      	subs	r3, #1
10002a7e:	42b3      	cmp	r3, r6
10002a80:	f802 1b01 	strb.w	r1, [r2], #1
10002a84:	f000 8193 	beq.w	10002dae <_ftoa+0x3de>
10002a88:	2b09      	cmp	r3, #9
10002a8a:	d8f7      	bhi.n	10002a7c <_ftoa+0xac>
10002a8c:	461e      	mov	r6, r3
10002a8e:	1aed      	subs	r5, r5, r3
10002a90:	e9dd 0104 	ldrd	r0, r1, [sp, #16]
10002a94:	f7ff f906 	bl	10001ca4 <__wrap___aeabi_d2iz>
10002a98:	4b8e      	ldr	r3, [pc, #568]	@ (10002cd4 <_ftoa+0x304>)
10002a9a:	4604      	mov	r4, r0
10002a9c:	eb03 03c6 	add.w	r3, r3, r6, lsl #3
10002aa0:	ed93 7b00 	vldr	d7, [r3]
10002aa4:	ed8d 7b08 	vstr	d7, [sp, #32]
10002aa8:	f7ff f8d8 	bl	10001c5c <__wrap___aeabi_i2d>
10002aac:	4602      	mov	r2, r0
10002aae:	460b      	mov	r3, r1
10002ab0:	e9dd 0104 	ldrd	r0, r1, [sp, #16]
10002ab4:	f7ff f83c 	bl	10001b30 <__wrap___aeabi_dsub>
10002ab8:	e9dd 2308 	ldrd	r2, r3, [sp, #32]
10002abc:	f7ff f84c 	bl	10001b58 <__wrap___aeabi_dmul>
10002ac0:	4602      	mov	r2, r0
10002ac2:	460b      	mov	r3, r1
10002ac4:	e9cd 230a 	strd	r2, r3, [sp, #40]	@ 0x28
10002ac8:	f7ff f8fe 	bl	10001cc8 <__wrap___aeabi_d2uiz>
10002acc:	4682      	mov	sl, r0
10002ace:	f7ff f8d7 	bl	10001c80 <__wrap___aeabi_ui2d>
10002ad2:	4602      	mov	r2, r0
10002ad4:	460b      	mov	r3, r1
10002ad6:	e9dd 010a 	ldrd	r0, r1, [sp, #40]	@ 0x28
10002ada:	f7ff f829 	bl	10001b30 <__wrap___aeabi_dsub>
10002ade:	4602      	mov	r2, r0
10002ae0:	460b      	mov	r3, r1
10002ae2:	e9cd 230a 	strd	r2, r3, [sp, #40]	@ 0x28
10002ae6:	2200      	movs	r2, #0
10002ae8:	4b7b      	ldr	r3, [pc, #492]	@ (10002cd8 <_ftoa+0x308>)
10002aea:	f7ff f94d 	bl	10001d88 <__wrap___aeabi_dcmpgt>
10002aee:	2800      	cmp	r0, #0
10002af0:	f000 80fe 	beq.w	10002cf0 <_ftoa+0x320>
10002af4:	f10a 0a01 	add.w	sl, sl, #1
10002af8:	4650      	mov	r0, sl
10002afa:	f7ff f8c1 	bl	10001c80 <__wrap___aeabi_ui2d>
10002afe:	4602      	mov	r2, r0
10002b00:	460b      	mov	r3, r1
10002b02:	e9dd 0108 	ldrd	r0, r1, [sp, #32]
10002b06:	f7ff f917 	bl	10001d38 <__wrap___aeabi_dcmple>
10002b0a:	b110      	cbz	r0, 10002b12 <_ftoa+0x142>
10002b0c:	f04f 0a00 	mov.w	sl, #0
10002b10:	3401      	adds	r4, #1
10002b12:	2e00      	cmp	r6, #0
10002b14:	f000 80fd 	beq.w	10002d12 <_ftoa+0x342>
10002b18:	1e68      	subs	r0, r5, #1
10002b1a:	ab0e      	add	r3, sp, #56	@ 0x38
10002b1c:	f8df c1cc 	ldr.w	ip, [pc, #460]	@ 10002cec <_ftoa+0x31c>
10002b20:	4418      	add	r0, r3
10002b22:	e00f      	b.n	10002b44 <_ftoa+0x174>
10002b24:	fbac 210a 	umull	r2, r1, ip, sl
10002b28:	08c9      	lsrs	r1, r1, #3
10002b2a:	eb01 0281 	add.w	r2, r1, r1, lsl #2
10002b2e:	ebaa 0242 	sub.w	r2, sl, r2, lsl #1
10002b32:	3230      	adds	r2, #48	@ 0x30
10002b34:	f1ba 0f09 	cmp.w	sl, #9
10002b38:	f800 2f01 	strb.w	r2, [r0, #1]!
10002b3c:	f240 811c 	bls.w	10002d78 <_ftoa+0x3a8>
10002b40:	468a      	mov	sl, r1
10002b42:	461d      	mov	r5, r3
10002b44:	2d20      	cmp	r5, #32
10002b46:	f105 0301 	add.w	r3, r5, #1
10002b4a:	f106 36ff 	add.w	r6, r6, #4294967295	@ 0xffffffff
10002b4e:	d1e9      	bne.n	10002b24 <_ftoa+0x154>
10002b50:	2520      	movs	r5, #32
10002b52:	1e69      	subs	r1, r5, #1
10002b54:	ab0e      	add	r3, sp, #56	@ 0x38
10002b56:	4861      	ldr	r0, [pc, #388]	@ (10002cdc <_ftoa+0x30c>)
10002b58:	4419      	add	r1, r3
10002b5a:	e010      	b.n	10002b7e <_ftoa+0x1ae>
10002b5c:	fb80 6204 	smull	r6, r2, r0, r4
10002b60:	ebc3 03a2 	rsb	r3, r3, r2, asr #2
10002b64:	eb03 0283 	add.w	r2, r3, r3, lsl #2
10002b68:	eba4 0442 	sub.w	r4, r4, r2, lsl #1
10002b6c:	f104 0230 	add.w	r2, r4, #48	@ 0x30
10002b70:	3501      	adds	r5, #1
10002b72:	461c      	mov	r4, r3
10002b74:	f801 2f01 	strb.w	r2, [r1, #1]!
10002b78:	2b00      	cmp	r3, #0
10002b7a:	f000 80eb 	beq.w	10002d54 <_ftoa+0x384>
10002b7e:	2d20      	cmp	r5, #32
10002b80:	ea4f 73e4 	mov.w	r3, r4, asr #31
10002b84:	d1ea      	bne.n	10002b5c <_ftoa+0x18c>
10002b86:	9b07      	ldr	r3, [sp, #28]
10002b88:	f003 0303 	and.w	r3, r3, #3
10002b8c:	2b01      	cmp	r3, #1
10002b8e:	d118      	bne.n	10002bc2 <_ftoa+0x1f2>
10002b90:	f1bb 0f00 	cmp.w	fp, #0
10002b94:	d015      	beq.n	10002bc2 <_ftoa+0x1f2>
10002b96:	9b0d      	ldr	r3, [sp, #52]	@ 0x34
10002b98:	2b00      	cmp	r3, #0
10002b9a:	f000 810a 	beq.w	10002db2 <_ftoa+0x3e2>
10002b9e:	f10b 3bff 	add.w	fp, fp, #4294967295	@ 0xffffffff
10002ba2:	f1bb 0f20 	cmp.w	fp, #32
10002ba6:	d90c      	bls.n	10002bc2 <_ftoa+0x1f2>
10002ba8:	1e6b      	subs	r3, r5, #1
10002baa:	a90e      	add	r1, sp, #56	@ 0x38
10002bac:	2230      	movs	r2, #48	@ 0x30
10002bae:	440b      	add	r3, r1
10002bb0:	e005      	b.n	10002bbe <_ftoa+0x1ee>
10002bb2:	3501      	adds	r5, #1
10002bb4:	455d      	cmp	r5, fp
10002bb6:	f803 2f01 	strb.w	r2, [r3, #1]!
10002bba:	f080 80d1 	bcs.w	10002d60 <_ftoa+0x390>
10002bbe:	2d20      	cmp	r5, #32
10002bc0:	d1f7      	bne.n	10002bb2 <_ftoa+0x1e2>
10002bc2:	9b07      	ldr	r3, [sp, #28]
10002bc4:	ac0e      	add	r4, sp, #56	@ 0x38
10002bc6:	e9cd b302 	strd	fp, r3, [sp, #8]
10002bca:	4641      	mov	r1, r8
10002bcc:	464b      	mov	r3, r9
10002bce:	4638      	mov	r0, r7
10002bd0:	9a0c      	ldr	r2, [sp, #48]	@ 0x30
10002bd2:	9501      	str	r5, [sp, #4]
10002bd4:	9400      	str	r4, [sp, #0]
10002bd6:	f7ff fdb7 	bl	10002748 <_out_rev>
10002bda:	4682      	mov	sl, r0
10002bdc:	4650      	mov	r0, sl
10002bde:	b017      	add	sp, #92	@ 0x5c
10002be0:	e8bd 8ff0 	ldmia.w	sp!, {r4, r5, r6, r7, r8, r9, sl, fp, pc}
10002be4:	9b07      	ldr	r3, [sp, #28]
10002be6:	ed9d 7b04 	vldr	d7, [sp, #16]
10002bea:	e9cd b323 	strd	fp, r3, [sp, #140]	@ 0x8c
10002bee:	4641      	mov	r1, r8
10002bf0:	464b      	mov	r3, r9
10002bf2:	4638      	mov	r0, r7
10002bf4:	9a0c      	ldr	r2, [sp, #48]	@ 0x30
10002bf6:	ed8d 7b20 	vstr	d7, [sp, #128]	@ 0x80
10002bfa:	9522      	str	r5, [sp, #136]	@ 0x88
10002bfc:	b017      	add	sp, #92	@ 0x5c
10002bfe:	e8bd 4ff0 	ldmia.w	sp!, {r4, r5, r6, r7, r8, r9, sl, fp, lr}
10002c02:	f000 b945 	b.w	10002e90 <_etoa>
10002c06:	0761      	lsls	r1, r4, #29
10002c08:	4623      	mov	r3, r4
10002c0a:	bf4c      	ite	mi
10002c0c:	2304      	movmi	r3, #4
10002c0e:	2303      	movpl	r3, #3
10002c10:	4641      	mov	r1, r8
10002c12:	9321      	str	r3, [sp, #132]	@ 0x84
10002c14:	4638      	mov	r0, r7
10002c16:	464b      	mov	r3, r9
10002c18:	9a07      	ldr	r2, [sp, #28]
10002c1a:	bf48      	it	mi
10002c1c:	4c30      	ldrmi	r4, [pc, #192]	@ (10002ce0 <_ftoa+0x310>)
10002c1e:	e9cd b222 	strd	fp, r2, [sp, #136]	@ 0x88
10002c22:	bf58      	it	pl
10002c24:	4c2f      	ldrpl	r4, [pc, #188]	@ (10002ce4 <_ftoa+0x314>)
10002c26:	9a0c      	ldr	r2, [sp, #48]	@ 0x30
10002c28:	9420      	str	r4, [sp, #128]	@ 0x80
10002c2a:	b017      	add	sp, #92	@ 0x5c
10002c2c:	e8bd 4ff0 	ldmia.w	sp!, {r4, r5, r6, r7, r8, r9, sl, fp, lr}
10002c30:	f7ff bd8a 	b.w	10002748 <_out_rev>
10002c34:	e9dd 2304 	ldrd	r2, r3, [sp, #16]
10002c38:	2000      	movs	r0, #0
10002c3a:	2100      	movs	r1, #0
10002c3c:	f7fe ff78 	bl	10001b30 <__wrap___aeabi_dsub>
10002c40:	2301      	movs	r3, #1
10002c42:	e9cd 0104 	strd	r0, r1, [sp, #16]
10002c46:	930d      	str	r3, [sp, #52]	@ 0x34
10002c48:	4623      	mov	r3, r4
10002c4a:	e70d      	b.n	10002a68 <_ftoa+0x98>
10002c4c:	4623      	mov	r3, r4
10002c4e:	079c      	lsls	r4, r3, #30
10002c50:	f040 80aa 	bne.w	10002da8 <_ftoa+0x3d8>
10002c54:	f1bb 0f04 	cmp.w	fp, #4
10002c58:	f240 80a6 	bls.w	10002da8 <_ftoa+0x3d8>
10002c5c:	9b0c      	ldr	r3, [sp, #48]	@ 0x30
10002c5e:	461d      	mov	r5, r3
10002c60:	1f1c      	subs	r4, r3, #4
10002c62:	eb04 0a0b 	add.w	sl, r4, fp
10002c66:	462a      	mov	r2, r5
10002c68:	464b      	mov	r3, r9
10002c6a:	4641      	mov	r1, r8
10002c6c:	2020      	movs	r0, #32
10002c6e:	3501      	adds	r5, #1
10002c70:	47b8      	blx	r7
10002c72:	45aa      	cmp	sl, r5
10002c74:	d1f7      	bne.n	10002c66 <_ftoa+0x296>
10002c76:	4655      	mov	r5, sl
10002c78:	4c1b      	ldr	r4, [pc, #108]	@ (10002ce8 <_ftoa+0x318>)
10002c7a:	1f26      	subs	r6, r4, #4
10002c7c:	f814 0d01 	ldrb.w	r0, [r4, #-1]!
10002c80:	462a      	mov	r2, r5
10002c82:	464b      	mov	r3, r9
10002c84:	4641      	mov	r1, r8
10002c86:	47b8      	blx	r7
10002c88:	42b4      	cmp	r4, r6
10002c8a:	f105 0501 	add.w	r5, r5, #1
10002c8e:	d1f5      	bne.n	10002c7c <_ftoa+0x2ac>
10002c90:	9b07      	ldr	r3, [sp, #28]
10002c92:	f10a 0a04 	add.w	sl, sl, #4
10002c96:	0798      	lsls	r0, r3, #30
10002c98:	d5a0      	bpl.n	10002bdc <_ftoa+0x20c>
10002c9a:	9c0c      	ldr	r4, [sp, #48]	@ 0x30
10002c9c:	ebaa 0304 	sub.w	r3, sl, r4
10002ca0:	459b      	cmp	fp, r3
10002ca2:	d99b      	bls.n	10002bdc <_ftoa+0x20c>
10002ca4:	4652      	mov	r2, sl
10002ca6:	464b      	mov	r3, r9
10002ca8:	4641      	mov	r1, r8
10002caa:	2020      	movs	r0, #32
10002cac:	f10a 0a01 	add.w	sl, sl, #1
10002cb0:	47b8      	blx	r7
10002cb2:	ebaa 0304 	sub.w	r3, sl, r4
10002cb6:	455b      	cmp	r3, fp
10002cb8:	d3f4      	bcc.n	10002ca4 <_ftoa+0x2d4>
10002cba:	e78f      	b.n	10002bdc <_ftoa+0x20c>
10002cbc:	f3af 8000 	nop.w
10002cc0:	00000000 	.word	0x00000000
10002cc4:	41cdcd65 	.word	0x41cdcd65
10002cc8:	00000000 	.word	0x00000000
10002ccc:	c1cdcd65 	.word	0xc1cdcd65
10002cd0:	7fefffff 	.word	0x7fefffff
10002cd4:	10006ea8 	.word	0x10006ea8
10002cd8:	3fe00000 	.word	0x3fe00000
10002cdc:	66666667 	.word	0x66666667
10002ce0:	10006d94 	.word	0x10006d94
10002ce4:	10006d9c 	.word	0x10006d9c
10002ce8:	10006da8 	.word	0x10006da8
10002cec:	cccccccd 	.word	0xcccccccd
10002cf0:	2200      	movs	r2, #0
10002cf2:	e9dd 010a 	ldrd	r0, r1, [sp, #40]	@ 0x28
10002cf6:	4b63      	ldr	r3, [pc, #396]	@ (10002e84 <_ftoa+0x4b4>)
10002cf8:	f7ff f80a 	bl	10001d10 <__wrap___aeabi_dcmplt>
10002cfc:	2800      	cmp	r0, #0
10002cfe:	f47f af08 	bne.w	10002b12 <_ftoa+0x142>
10002d02:	f1ba 0f00 	cmp.w	sl, #0
10002d06:	d16a      	bne.n	10002dde <_ftoa+0x40e>
10002d08:	f10a 0a01 	add.w	sl, sl, #1
10002d0c:	2e00      	cmp	r6, #0
10002d0e:	f47f af03 	bne.w	10002b18 <_ftoa+0x148>
10002d12:	4620      	mov	r0, r4
10002d14:	f7fe ffa2 	bl	10001c5c <__wrap___aeabi_i2d>
10002d18:	4602      	mov	r2, r0
10002d1a:	460b      	mov	r3, r1
10002d1c:	e9dd 0104 	ldrd	r0, r1, [sp, #16]
10002d20:	f7fe ff06 	bl	10001b30 <__wrap___aeabi_dsub>
10002d24:	4602      	mov	r2, r0
10002d26:	460b      	mov	r3, r1
10002d28:	e9cd 2304 	strd	r2, r3, [sp, #16]
10002d2c:	2200      	movs	r2, #0
10002d2e:	4b55      	ldr	r3, [pc, #340]	@ (10002e84 <_ftoa+0x4b4>)
10002d30:	f7fe ffee 	bl	10001d10 <__wrap___aeabi_dcmplt>
10002d34:	2800      	cmp	r0, #0
10002d36:	f47f af0c 	bne.w	10002b52 <_ftoa+0x182>
10002d3a:	e9dd 0104 	ldrd	r0, r1, [sp, #16]
10002d3e:	2200      	movs	r2, #0
10002d40:	4b50      	ldr	r3, [pc, #320]	@ (10002e84 <_ftoa+0x4b4>)
10002d42:	f7ff f821 	bl	10001d88 <__wrap___aeabi_dcmpgt>
10002d46:	2800      	cmp	r0, #0
10002d48:	f47f af03 	bne.w	10002b52 <_ftoa+0x182>
10002d4c:	3401      	adds	r4, #1
10002d4e:	f024 0401 	bic.w	r4, r4, #1
10002d52:	e6fe      	b.n	10002b52 <_ftoa+0x182>
10002d54:	9b07      	ldr	r3, [sp, #28]
10002d56:	f003 0303 	and.w	r3, r3, #3
10002d5a:	2b01      	cmp	r3, #1
10002d5c:	f000 8082 	beq.w	10002e64 <_ftoa+0x494>
10002d60:	2d20      	cmp	r5, #32
10002d62:	f43f af2e 	beq.w	10002bc2 <_ftoa+0x1f2>
10002d66:	9b0d      	ldr	r3, [sp, #52]	@ 0x34
10002d68:	b37b      	cbz	r3, 10002dca <_ftoa+0x3fa>
10002d6a:	222d      	movs	r2, #45	@ 0x2d
10002d6c:	eb0d 0305 	add.w	r3, sp, r5
10002d70:	f883 2038 	strb.w	r2, [r3, #56]	@ 0x38
10002d74:	3501      	adds	r5, #1
10002d76:	e724      	b.n	10002bc2 <_ftoa+0x1f2>
10002d78:	2b20      	cmp	r3, #32
10002d7a:	f43f aee9 	beq.w	10002b50 <_ftoa+0x180>
10002d7e:	aa0e      	add	r2, sp, #56	@ 0x38
10002d80:	4415      	add	r5, r2
10002d82:	441e      	add	r6, r3
10002d84:	2230      	movs	r2, #48	@ 0x30
10002d86:	e004      	b.n	10002d92 <_ftoa+0x3c2>
10002d88:	2b20      	cmp	r3, #32
10002d8a:	f805 2f01 	strb.w	r2, [r5, #1]!
10002d8e:	f43f aedf 	beq.w	10002b50 <_ftoa+0x180>
10002d92:	429e      	cmp	r6, r3
10002d94:	f103 0301 	add.w	r3, r3, #1
10002d98:	d1f6      	bne.n	10002d88 <_ftoa+0x3b8>
10002d9a:	222e      	movs	r2, #46	@ 0x2e
10002d9c:	eb0d 0306 	add.w	r3, sp, r6
10002da0:	f883 2038 	strb.w	r2, [r3, #56]	@ 0x38
10002da4:	1c75      	adds	r5, r6, #1
10002da6:	e6d4      	b.n	10002b52 <_ftoa+0x182>
10002da8:	f8dd a030 	ldr.w	sl, [sp, #48]	@ 0x30
10002dac:	e763      	b.n	10002c76 <_ftoa+0x2a6>
10002dae:	2520      	movs	r5, #32
10002db0:	e66e      	b.n	10002a90 <_ftoa+0xc0>
10002db2:	9b07      	ldr	r3, [sp, #28]
10002db4:	f013 0f0c 	tst.w	r3, #12
10002db8:	d050      	beq.n	10002e5c <_ftoa+0x48c>
10002dba:	f10b 3bff 	add.w	fp, fp, #4294967295	@ 0xffffffff
10002dbe:	45ab      	cmp	fp, r5
10002dc0:	f63f aef2 	bhi.w	10002ba8 <_ftoa+0x1d8>
10002dc4:	2d20      	cmp	r5, #32
10002dc6:	f43f aefc 	beq.w	10002bc2 <_ftoa+0x1f2>
10002dca:	9b07      	ldr	r3, [sp, #28]
10002dcc:	075a      	lsls	r2, r3, #29
10002dce:	d501      	bpl.n	10002dd4 <_ftoa+0x404>
10002dd0:	222b      	movs	r2, #43	@ 0x2b
10002dd2:	e7cb      	b.n	10002d6c <_ftoa+0x39c>
10002dd4:	071b      	lsls	r3, r3, #28
10002dd6:	f57f aef4 	bpl.w	10002bc2 <_ftoa+0x1f2>
10002dda:	2220      	movs	r2, #32
10002ddc:	e7c6      	b.n	10002d6c <_ftoa+0x39c>
10002dde:	f01a 0f01 	tst.w	sl, #1
10002de2:	f43f ae96 	beq.w	10002b12 <_ftoa+0x142>
10002de6:	e78f      	b.n	10002d08 <_ftoa+0x338>
10002de8:	07a6      	lsls	r6, r4, #30
10002dea:	d134      	bne.n	10002e56 <_ftoa+0x486>
10002dec:	f1bb 0f03 	cmp.w	fp, #3
10002df0:	d931      	bls.n	10002e56 <_ftoa+0x486>
10002df2:	9b0c      	ldr	r3, [sp, #48]	@ 0x30
10002df4:	461d      	mov	r5, r3
10002df6:	1edc      	subs	r4, r3, #3
10002df8:	eb04 0a0b 	add.w	sl, r4, fp
10002dfc:	462a      	mov	r2, r5
10002dfe:	464b      	mov	r3, r9
10002e00:	4641      	mov	r1, r8
10002e02:	2020      	movs	r0, #32
10002e04:	3501      	adds	r5, #1
10002e06:	47b8      	blx	r7
10002e08:	4555      	cmp	r5, sl
10002e0a:	d1f7      	bne.n	10002dfc <_ftoa+0x42c>
10002e0c:	4655      	mov	r5, sl
10002e0e:	4c1e      	ldr	r4, [pc, #120]	@ (10002e88 <_ftoa+0x4b8>)
10002e10:	1ee6      	subs	r6, r4, #3
10002e12:	f814 0d01 	ldrb.w	r0, [r4, #-1]!
10002e16:	462a      	mov	r2, r5
10002e18:	464b      	mov	r3, r9
10002e1a:	4641      	mov	r1, r8
10002e1c:	47b8      	blx	r7
10002e1e:	42a6      	cmp	r6, r4
10002e20:	f105 0501 	add.w	r5, r5, #1
10002e24:	d1f5      	bne.n	10002e12 <_ftoa+0x442>
10002e26:	9b07      	ldr	r3, [sp, #28]
10002e28:	f10a 0a03 	add.w	sl, sl, #3
10002e2c:	079d      	lsls	r5, r3, #30
10002e2e:	f57f aed5 	bpl.w	10002bdc <_ftoa+0x20c>
10002e32:	9c0c      	ldr	r4, [sp, #48]	@ 0x30
10002e34:	ebaa 0304 	sub.w	r3, sl, r4
10002e38:	459b      	cmp	fp, r3
10002e3a:	f67f aecf 	bls.w	10002bdc <_ftoa+0x20c>
10002e3e:	4652      	mov	r2, sl
10002e40:	464b      	mov	r3, r9
10002e42:	4641      	mov	r1, r8
10002e44:	2020      	movs	r0, #32
10002e46:	f10a 0a01 	add.w	sl, sl, #1
10002e4a:	47b8      	blx	r7
10002e4c:	ebaa 0304 	sub.w	r3, sl, r4
10002e50:	459b      	cmp	fp, r3
10002e52:	d8f4      	bhi.n	10002e3e <_ftoa+0x46e>
10002e54:	e6c2      	b.n	10002bdc <_ftoa+0x20c>
10002e56:	f8dd a030 	ldr.w	sl, [sp, #48]	@ 0x30
10002e5a:	e7d7      	b.n	10002e0c <_ftoa+0x43c>
10002e5c:	45ab      	cmp	fp, r5
10002e5e:	f63f aea3 	bhi.w	10002ba8 <_ftoa+0x1d8>
10002e62:	e6ae      	b.n	10002bc2 <_ftoa+0x1f2>
10002e64:	f1bb 0f00 	cmp.w	fp, #0
10002e68:	f43f af7a 	beq.w	10002d60 <_ftoa+0x390>
10002e6c:	9b0d      	ldr	r3, [sp, #52]	@ 0x34
10002e6e:	2b00      	cmp	r3, #0
10002e70:	d09f      	beq.n	10002db2 <_ftoa+0x3e2>
10002e72:	f10b 3bff 	add.w	fp, fp, #4294967295	@ 0xffffffff
10002e76:	455d      	cmp	r5, fp
10002e78:	f4ff ae96 	bcc.w	10002ba8 <_ftoa+0x1d8>
10002e7c:	2d20      	cmp	r5, #32
10002e7e:	f47f af74 	bne.w	10002d6a <_ftoa+0x39a>
10002e82:	e69e      	b.n	10002bc2 <_ftoa+0x1f2>
10002e84:	3fe00000 	.word	0x3fe00000
10002e88:	10006da3 	.word	0x10006da3
10002e8c:	00000000 	.word	0x00000000

10002e90 <_etoa>:
10002e90:	e92d 4ff0 	stmdb	sp!, {r4, r5, r6, r7, r8, r9, sl, fp, lr}
10002e94:	b09f      	sub	sp, #124	@ 0x7c
10002e96:	9e2a      	ldr	r6, [sp, #168]	@ 0xa8
10002e98:	e9dd 4528 	ldrd	r4, r5, [sp, #160]	@ 0xa0
10002e9c:	4607      	mov	r7, r0
10002e9e:	4693      	mov	fp, r2
10002ea0:	9108      	str	r1, [sp, #32]
10002ea2:	9309      	str	r3, [sp, #36]	@ 0x24
10002ea4:	4622      	mov	r2, r4
10002ea6:	462b      	mov	r3, r5
10002ea8:	4620      	mov	r0, r4
10002eaa:	4629      	mov	r1, r5
10002eac:	960e      	str	r6, [sp, #56]	@ 0x38
10002eae:	e9dd a62b 	ldrd	sl, r6, [sp, #172]	@ 0xac
10002eb2:	f7fe ff1b 	bl	10001cec <__wrap___aeabi_dcmpun>
10002eb6:	2800      	cmp	r0, #0
10002eb8:	f040 80be 	bne.w	10003038 <_etoa+0x1a8>
10002ebc:	4620      	mov	r0, r4
10002ebe:	4629      	mov	r1, r5
10002ec0:	f04f 32ff 	mov.w	r2, #4294967295	@ 0xffffffff
10002ec4:	4b78      	ldr	r3, [pc, #480]	@ (100030a8 <_etoa+0x218>)
10002ec6:	f7fe ff5f 	bl	10001d88 <__wrap___aeabi_dcmpgt>
10002eca:	2800      	cmp	r0, #0
10002ecc:	f040 80b4 	bne.w	10003038 <_etoa+0x1a8>
10002ed0:	4620      	mov	r0, r4
10002ed2:	4629      	mov	r1, r5
10002ed4:	f04f 32ff 	mov.w	r2, #4294967295	@ 0xffffffff
10002ed8:	f46f 1380 	mvn.w	r3, #1048576	@ 0x100000
10002edc:	f7fe ff18 	bl	10001d10 <__wrap___aeabi_dcmplt>
10002ee0:	2800      	cmp	r0, #0
10002ee2:	f040 80a9 	bne.w	10003038 <_etoa+0x1a8>
10002ee6:	4620      	mov	r0, r4
10002ee8:	4629      	mov	r1, r5
10002eea:	2200      	movs	r2, #0
10002eec:	2300      	movs	r3, #0
10002eee:	f7fe ff0f 	bl	10001d10 <__wrap___aeabi_dcmplt>
10002ef2:	2800      	cmp	r0, #0
10002ef4:	f040 81d5 	bne.w	100032a2 <_etoa+0x412>
10002ef8:	e9cd 450a 	strd	r4, r5, [sp, #40]	@ 0x28
10002efc:	e9dd 230a 	ldrd	r2, r3, [sp, #40]	@ 0x28
10002f00:	4690      	mov	r8, r2
10002f02:	4699      	mov	r9, r3
10002f04:	f406 6200 	and.w	r2, r6, #2048	@ 0x800
10002f08:	f416 6380 	ands.w	r3, r6, #1024	@ 0x400
10002f0c:	920f      	str	r2, [sp, #60]	@ 0x3c
10002f0e:	9313      	str	r3, [sp, #76]	@ 0x4c
10002f10:	f040 80a1 	bne.w	10003056 <_etoa+0x1c6>
10002f14:	ea58 0309 	orrs.w	r3, r8, r9
10002f18:	f040 80ca 	bne.w	100030b0 <_etoa+0x220>
10002f1c:	2a00      	cmp	r2, #0
10002f1e:	f040 81e3 	bne.w	100032e8 <_etoa+0x458>
10002f22:	2306      	movs	r3, #6
10002f24:	930e      	str	r3, [sp, #56]	@ 0x38
10002f26:	f016 0202 	ands.w	r2, r6, #2
10002f2a:	9210      	str	r2, [sp, #64]	@ 0x40
10002f2c:	f040 81d4 	bne.w	100032d8 <_etoa+0x448>
10002f30:	4653      	mov	r3, sl
10002f32:	2b04      	cmp	r3, #4
10002f34:	bf38      	it	cc
10002f36:	2304      	movcc	r3, #4
10002f38:	920c      	str	r2, [sp, #48]	@ 0x30
10002f3a:	2204      	movs	r2, #4
10002f3c:	3b04      	subs	r3, #4
10002f3e:	9212      	str	r2, [sp, #72]	@ 0x48
10002f40:	930f      	str	r3, [sp, #60]	@ 0x3c
10002f42:	4620      	mov	r0, r4
10002f44:	4629      	mov	r1, r5
10002f46:	2200      	movs	r2, #0
10002f48:	2300      	movs	r3, #0
10002f4a:	f7fe fee1 	bl	10001d10 <__wrap___aeabi_dcmplt>
10002f4e:	2800      	cmp	r0, #0
10002f50:	f040 81f3 	bne.w	1000333a <_etoa+0x4aa>
10002f54:	ed9d 7b0a 	vldr	d7, [sp, #40]	@ 0x28
10002f58:	9b0f      	ldr	r3, [sp, #60]	@ 0x3c
10002f5a:	465a      	mov	r2, fp
10002f5c:	9303      	str	r3, [sp, #12]
10002f5e:	9b0e      	ldr	r3, [sp, #56]	@ 0x38
10002f60:	ed8d 7b00 	vstr	d7, [sp]
10002f64:	9302      	str	r3, [sp, #8]
10002f66:	f426 6300 	bic.w	r3, r6, #2048	@ 0x800
10002f6a:	9304      	str	r3, [sp, #16]
10002f6c:	4638      	mov	r0, r7
10002f6e:	9b09      	ldr	r3, [sp, #36]	@ 0x24
10002f70:	9908      	ldr	r1, [sp, #32]
10002f72:	f7ff fd2d 	bl	100029d0 <_ftoa>
10002f76:	4602      	mov	r2, r0
10002f78:	f016 0f20 	tst.w	r6, #32
10002f7c:	9b09      	ldr	r3, [sp, #36]	@ 0x24
10002f7e:	9908      	ldr	r1, [sp, #32]
10002f80:	bf0c      	ite	eq
10002f82:	2065      	moveq	r0, #101	@ 0x65
10002f84:	2045      	movne	r0, #69	@ 0x45
10002f86:	f102 0801 	add.w	r8, r2, #1
10002f8a:	47b8      	blx	r7
10002f8c:	9a0c      	ldr	r2, [sp, #48]	@ 0x30
10002f8e:	9b12      	ldr	r3, [sp, #72]	@ 0x48
10002f90:	ac16      	add	r4, sp, #88	@ 0x58
10002f92:	1e5d      	subs	r5, r3, #1
10002f94:	ea82 73e2 	eor.w	r3, r2, r2, asr #31
10002f98:	eba3 73e2 	sub.w	r3, r3, r2, asr #31
10002f9c:	0fd1      	lsrs	r1, r2, #31
10002f9e:	2600      	movs	r6, #0
10002fa0:	4622      	mov	r2, r4
10002fa2:	4699      	mov	r9, r3
10002fa4:	f8df c104 	ldr.w	ip, [pc, #260]	@ 100030ac <_etoa+0x21c>
10002fa8:	e001      	b.n	10002fae <_etoa+0x11e>
10002faa:	2e20      	cmp	r6, #32
10002fac:	d010      	beq.n	10002fd0 <_etoa+0x140>
10002fae:	46ce      	mov	lr, r9
10002fb0:	fbac 3009 	umull	r3, r0, ip, r9
10002fb4:	08c0      	lsrs	r0, r0, #3
10002fb6:	eb00 0380 	add.w	r3, r0, r0, lsl #2
10002fba:	eba9 0343 	sub.w	r3, r9, r3, lsl #1
10002fbe:	3330      	adds	r3, #48	@ 0x30
10002fc0:	f1be 0f09 	cmp.w	lr, #9
10002fc4:	4681      	mov	r9, r0
10002fc6:	f106 0601 	add.w	r6, r6, #1
10002fca:	f802 3b01 	strb.w	r3, [r2], #1
10002fce:	d8ec      	bhi.n	10002faa <_etoa+0x11a>
10002fd0:	2305      	movs	r3, #5
10002fd2:	2000      	movs	r0, #0
10002fd4:	9306      	str	r3, [sp, #24]
10002fd6:	230a      	movs	r3, #10
10002fd8:	9505      	str	r5, [sp, #20]
10002fda:	9400      	str	r4, [sp, #0]
10002fdc:	9d09      	ldr	r5, [sp, #36]	@ 0x24
10002fde:	9c08      	ldr	r4, [sp, #32]
10002fe0:	4642      	mov	r2, r8
10002fe2:	e9cd 3003 	strd	r3, r0, [sp, #12]
10002fe6:	e9cd 6101 	strd	r6, r1, [sp, #4]
10002fea:	462b      	mov	r3, r5
10002fec:	4621      	mov	r1, r4
10002fee:	4638      	mov	r0, r7
10002ff0:	f7ff fbf8 	bl	100027e4 <_ntoa_format>
10002ff4:	9a10      	ldr	r2, [sp, #64]	@ 0x40
10002ff6:	4680      	mov	r8, r0
10002ff8:	b1d2      	cbz	r2, 10003030 <_etoa+0x1a0>
10002ffa:	eba0 060b 	sub.w	r6, r0, fp
10002ffe:	45b2      	cmp	sl, r6
10003000:	d916      	bls.n	10003030 <_etoa+0x1a0>
10003002:	eb0b 0206 	add.w	r2, fp, r6
10003006:	462b      	mov	r3, r5
10003008:	4621      	mov	r1, r4
1000300a:	2020      	movs	r0, #32
1000300c:	3601      	adds	r6, #1
1000300e:	47b8      	blx	r7
10003010:	45b2      	cmp	sl, r6
10003012:	d8f6      	bhi.n	10003002 <_etoa+0x172>
10003014:	f10b 33ff 	add.w	r3, fp, #4294967295	@ 0xffffffff
10003018:	4453      	add	r3, sl
1000301a:	f1cb 0201 	rsb	r2, fp, #1
1000301e:	eba3 0308 	sub.w	r3, r3, r8
10003022:	4442      	add	r2, r8
10003024:	4592      	cmp	sl, r2
10003026:	bf38      	it	cc
10003028:	2300      	movcc	r3, #0
1000302a:	f108 0801 	add.w	r8, r8, #1
1000302e:	4498      	add	r8, r3
10003030:	4640      	mov	r0, r8
10003032:	b01f      	add	sp, #124	@ 0x7c
10003034:	e8bd 8ff0 	ldmia.w	sp!, {r4, r5, r6, r7, r8, r9, sl, fp, pc}
10003038:	465a      	mov	r2, fp
1000303a:	4638      	mov	r0, r7
1000303c:	e9cd 4528 	strd	r4, r5, [sp, #160]	@ 0xa0
10003040:	e9cd a62b 	strd	sl, r6, [sp, #172]	@ 0xac
10003044:	9c0e      	ldr	r4, [sp, #56]	@ 0x38
10003046:	9b09      	ldr	r3, [sp, #36]	@ 0x24
10003048:	9908      	ldr	r1, [sp, #32]
1000304a:	942a      	str	r4, [sp, #168]	@ 0xa8
1000304c:	b01f      	add	sp, #124	@ 0x7c
1000304e:	e8bd 4ff0 	ldmia.w	sp!, {r4, r5, r6, r7, r8, r9, sl, fp, lr}
10003052:	f7ff bcbd 	b.w	100029d0 <_ftoa>
10003056:	ea58 0309 	orrs.w	r3, r8, r9
1000305a:	d12b      	bne.n	100030b4 <_etoa+0x224>
1000305c:	2a00      	cmp	r2, #0
1000305e:	f43f af62 	beq.w	10002f26 <_etoa+0x96>
10003062:	2300      	movs	r3, #0
10003064:	930c      	str	r3, [sp, #48]	@ 0x30
10003066:	9b0e      	ldr	r3, [sp, #56]	@ 0x38
10003068:	9a0c      	ldr	r2, [sp, #48]	@ 0x30
1000306a:	4293      	cmp	r3, r2
1000306c:	f300 81b9 	bgt.w	100033e2 <_etoa+0x552>
10003070:	f04f 0800 	mov.w	r8, #0
10003074:	4620      	mov	r0, r4
10003076:	4629      	mov	r1, r5
10003078:	2200      	movs	r2, #0
1000307a:	2300      	movs	r3, #0
1000307c:	f7fe fe48 	bl	10001d10 <__wrap___aeabi_dcmplt>
10003080:	2800      	cmp	r0, #0
10003082:	f040 8113 	bne.w	100032ac <_etoa+0x41c>
10003086:	ed9d 7b0a 	vldr	d7, [sp, #40]	@ 0x28
1000308a:	f426 6600 	bic.w	r6, r6, #2048	@ 0x800
1000308e:	f446 6680 	orr.w	r6, r6, #1024	@ 0x400
10003092:	ed8d 7b28 	vstr	d7, [sp, #160]	@ 0xa0
10003096:	465a      	mov	r2, fp
10003098:	4638      	mov	r0, r7
1000309a:	e9cd 8a2a 	strd	r8, sl, [sp, #168]	@ 0xa8
1000309e:	9b09      	ldr	r3, [sp, #36]	@ 0x24
100030a0:	9908      	ldr	r1, [sp, #32]
100030a2:	962c      	str	r6, [sp, #176]	@ 0xb0
100030a4:	e7d2      	b.n	1000304c <_etoa+0x1bc>
100030a6:	bf00      	nop
100030a8:	7fefffff 	.word	0x7fefffff
100030ac:	cccccccd 	.word	0xcccccccd
100030b0:	2306      	movs	r3, #6
100030b2:	930e      	str	r3, [sp, #56]	@ 0x38
100030b4:	f3c9 500a 	ubfx	r0, r9, #20, #11
100030b8:	f2a0 30ff 	subw	r0, r0, #1023	@ 0x3ff
100030bc:	f7fe fdce 	bl	10001c5c <__wrap___aeabi_i2d>
100030c0:	a3c1      	add	r3, pc, #772	@ (adr r3, 100033c8 <_etoa+0x538>)
100030c2:	e9d3 2300 	ldrd	r2, r3, [r3]
100030c6:	f7fe fd47 	bl	10001b58 <__wrap___aeabi_dmul>
100030ca:	a3c1      	add	r3, pc, #772	@ (adr r3, 100033d0 <_etoa+0x540>)
100030cc:	e9d3 2300 	ldrd	r2, r3, [r3]
100030d0:	f7fe fd1a 	bl	10001b08 <__wrap___aeabi_dadd>
100030d4:	f3c9 0913 	ubfx	r9, r9, #0, #20
100030d8:	e9cd 010c 	strd	r0, r1, [sp, #48]	@ 0x30
100030dc:	f049 517f 	orr.w	r1, r9, #1069547520	@ 0x3fc00000
100030e0:	4640      	mov	r0, r8
100030e2:	2200      	movs	r2, #0
100030e4:	4bb2      	ldr	r3, [pc, #712]	@ (100033b0 <_etoa+0x520>)
100030e6:	f441 1140 	orr.w	r1, r1, #3145728	@ 0x300000
100030ea:	f7fe fd21 	bl	10001b30 <__wrap___aeabi_dsub>
100030ee:	a3a4      	add	r3, pc, #656	@ (adr r3, 10003380 <_etoa+0x4f0>)
100030f0:	e9d3 2300 	ldrd	r2, r3, [r3]
100030f4:	f7fe fd30 	bl	10001b58 <__wrap___aeabi_dmul>
100030f8:	4602      	mov	r2, r0
100030fa:	460b      	mov	r3, r1
100030fc:	e9dd 010c 	ldrd	r0, r1, [sp, #48]	@ 0x30
10003100:	f7fe fd02 	bl	10001b08 <__wrap___aeabi_dadd>
10003104:	f7fe fdce 	bl	10001ca4 <__wrap___aeabi_d2iz>
10003108:	900c      	str	r0, [sp, #48]	@ 0x30
1000310a:	f7fe fda7 	bl	10001c5c <__wrap___aeabi_i2d>
1000310e:	a39e      	add	r3, pc, #632	@ (adr r3, 10003388 <_etoa+0x4f8>)
10003110:	e9d3 2300 	ldrd	r2, r3, [r3]
10003114:	4680      	mov	r8, r0
10003116:	4689      	mov	r9, r1
10003118:	f7fe fd1e 	bl	10001b58 <__wrap___aeabi_dmul>
1000311c:	2200      	movs	r2, #0
1000311e:	4ba5      	ldr	r3, [pc, #660]	@ (100033b4 <_etoa+0x524>)
10003120:	f7fe fcf2 	bl	10001b08 <__wrap___aeabi_dadd>
10003124:	f7fe fdbe 	bl	10001ca4 <__wrap___aeabi_d2iz>
10003128:	4603      	mov	r3, r0
1000312a:	4649      	mov	r1, r9
1000312c:	4640      	mov	r0, r8
1000312e:	9312      	str	r3, [sp, #72]	@ 0x48
10003130:	a397      	add	r3, pc, #604	@ (adr r3, 10003390 <_etoa+0x500>)
10003132:	e9d3 2300 	ldrd	r2, r3, [r3]
10003136:	f7fe fd0f 	bl	10001b58 <__wrap___aeabi_dmul>
1000313a:	4680      	mov	r8, r0
1000313c:	9812      	ldr	r0, [sp, #72]	@ 0x48
1000313e:	4689      	mov	r9, r1
10003140:	f7fe fd8c 	bl	10001c5c <__wrap___aeabi_i2d>
10003144:	a394      	add	r3, pc, #592	@ (adr r3, 10003398 <_etoa+0x508>)
10003146:	e9d3 2300 	ldrd	r2, r3, [r3]
1000314a:	f7fe fd05 	bl	10001b58 <__wrap___aeabi_dmul>
1000314e:	4602      	mov	r2, r0
10003150:	460b      	mov	r3, r1
10003152:	4640      	mov	r0, r8
10003154:	4649      	mov	r1, r9
10003156:	f7fe fceb 	bl	10001b30 <__wrap___aeabi_dsub>
1000315a:	4602      	mov	r2, r0
1000315c:	460b      	mov	r3, r1
1000315e:	4680      	mov	r8, r0
10003160:	4689      	mov	r9, r1
10003162:	f7fe fcf9 	bl	10001b58 <__wrap___aeabi_dmul>
10003166:	4642      	mov	r2, r8
10003168:	464b      	mov	r3, r9
1000316a:	e9cd 0110 	strd	r0, r1, [sp, #64]	@ 0x40
1000316e:	4640      	mov	r0, r8
10003170:	4649      	mov	r1, r9
10003172:	f7fe fcc9 	bl	10001b08 <__wrap___aeabi_dadd>
10003176:	2200      	movs	r2, #0
10003178:	e9cd 0114 	strd	r0, r1, [sp, #80]	@ 0x50
1000317c:	e9dd 0110 	ldrd	r0, r1, [sp, #64]	@ 0x40
10003180:	4b8d      	ldr	r3, [pc, #564]	@ (100033b8 <_etoa+0x528>)
10003182:	f7fe fd0f 	bl	10001ba4 <__wrap___aeabi_ddiv>
10003186:	2200      	movs	r2, #0
10003188:	4b8c      	ldr	r3, [pc, #560]	@ (100033bc <_etoa+0x52c>)
1000318a:	f7fe fcbd 	bl	10001b08 <__wrap___aeabi_dadd>
1000318e:	4602      	mov	r2, r0
10003190:	460b      	mov	r3, r1
10003192:	e9dd 0110 	ldrd	r0, r1, [sp, #64]	@ 0x40
10003196:	f7fe fd05 	bl	10001ba4 <__wrap___aeabi_ddiv>
1000319a:	2200      	movs	r2, #0
1000319c:	4b88      	ldr	r3, [pc, #544]	@ (100033c0 <_etoa+0x530>)
1000319e:	f7fe fcb3 	bl	10001b08 <__wrap___aeabi_dadd>
100031a2:	4602      	mov	r2, r0
100031a4:	460b      	mov	r3, r1
100031a6:	e9dd 0110 	ldrd	r0, r1, [sp, #64]	@ 0x40
100031aa:	f7fe fcfb 	bl	10001ba4 <__wrap___aeabi_ddiv>
100031ae:	4642      	mov	r2, r8
100031b0:	464b      	mov	r3, r9
100031b2:	4680      	mov	r8, r0
100031b4:	4689      	mov	r9, r1
100031b6:	2000      	movs	r0, #0
100031b8:	f04f 4180 	mov.w	r1, #1073741824	@ 0x40000000
100031bc:	f7fe fcb8 	bl	10001b30 <__wrap___aeabi_dsub>
100031c0:	4602      	mov	r2, r0
100031c2:	460b      	mov	r3, r1
100031c4:	4640      	mov	r0, r8
100031c6:	4649      	mov	r1, r9
100031c8:	f7fe fc9e 	bl	10001b08 <__wrap___aeabi_dadd>
100031cc:	4602      	mov	r2, r0
100031ce:	460b      	mov	r3, r1
100031d0:	e9dd 0114 	ldrd	r0, r1, [sp, #80]	@ 0x50
100031d4:	f7fe fce6 	bl	10001ba4 <__wrap___aeabi_ddiv>
100031d8:	2200      	movs	r2, #0
100031da:	4b7a      	ldr	r3, [pc, #488]	@ (100033c4 <_etoa+0x534>)
100031dc:	f7fe fc94 	bl	10001b08 <__wrap___aeabi_dadd>
100031e0:	9b12      	ldr	r3, [sp, #72]	@ 0x48
100031e2:	2200      	movs	r2, #0
100031e4:	f203 3cff 	addw	ip, r3, #1023	@ 0x3ff
100031e8:	ea4f 530c 	mov.w	r3, ip, lsl #20
100031ec:	f7fe fcb4 	bl	10001b58 <__wrap___aeabi_dmul>
100031f0:	4680      	mov	r8, r0
100031f2:	4689      	mov	r9, r1
100031f4:	e9dd 010a 	ldrd	r0, r1, [sp, #40]	@ 0x28
100031f8:	4642      	mov	r2, r8
100031fa:	464b      	mov	r3, r9
100031fc:	f7fe fd88 	bl	10001d10 <__wrap___aeabi_dcmplt>
10003200:	b150      	cbz	r0, 10003218 <_etoa+0x388>
10003202:	9b0c      	ldr	r3, [sp, #48]	@ 0x30
10003204:	4640      	mov	r0, r8
10003206:	3b01      	subs	r3, #1
10003208:	4649      	mov	r1, r9
1000320a:	930c      	str	r3, [sp, #48]	@ 0x30
1000320c:	2200      	movs	r2, #0
1000320e:	4b6b      	ldr	r3, [pc, #428]	@ (100033bc <_etoa+0x52c>)
10003210:	f7fe fcc8 	bl	10001ba4 <__wrap___aeabi_ddiv>
10003214:	4680      	mov	r8, r0
10003216:	4689      	mov	r9, r1
10003218:	9a0c      	ldr	r2, [sp, #48]	@ 0x30
1000321a:	4643      	mov	r3, r8
1000321c:	3263      	adds	r2, #99	@ 0x63
1000321e:	2ac6      	cmp	r2, #198	@ 0xc6
10003220:	f006 0202 	and.w	r2, r6, #2
10003224:	9210      	str	r2, [sp, #64]	@ 0x40
10003226:	4649      	mov	r1, r9
10003228:	9a0f      	ldr	r2, [sp, #60]	@ 0x3c
1000322a:	d82c      	bhi.n	10003286 <_etoa+0x3f6>
1000322c:	2a00      	cmp	r2, #0
1000322e:	d05e      	beq.n	100032ee <_etoa+0x45e>
10003230:	2204      	movs	r2, #4
10003232:	9212      	str	r2, [sp, #72]	@ 0x48
10003234:	430b      	orrs	r3, r1
10003236:	f43f af16 	beq.w	10003066 <_etoa+0x1d6>
1000323a:	e9dd 010a 	ldrd	r0, r1, [sp, #40]	@ 0x28
1000323e:	a358      	add	r3, pc, #352	@ (adr r3, 100033a0 <_etoa+0x510>)
10003240:	e9d3 2300 	ldrd	r2, r3, [r3]
10003244:	f7fe fd8c 	bl	10001d60 <__wrap___aeabi_dcmpge>
10003248:	b148      	cbz	r0, 1000325e <_etoa+0x3ce>
1000324a:	e9dd 010a 	ldrd	r0, r1, [sp, #40]	@ 0x28
1000324e:	a356      	add	r3, pc, #344	@ (adr r3, 100033a8 <_etoa+0x518>)
10003250:	e9d3 2300 	ldrd	r2, r3, [r3]
10003254:	f7fe fd5c 	bl	10001d10 <__wrap___aeabi_dcmplt>
10003258:	2800      	cmp	r0, #0
1000325a:	f47f af04 	bne.w	10003066 <_etoa+0x1d6>
1000325e:	9b0e      	ldr	r3, [sp, #56]	@ 0x38
10003260:	2b00      	cmp	r3, #0
10003262:	d050      	beq.n	10003306 <_etoa+0x476>
10003264:	9a13      	ldr	r2, [sp, #76]	@ 0x4c
10003266:	2a00      	cmp	r2, #0
10003268:	d07d      	beq.n	10003366 <_etoa+0x4d6>
1000326a:	3b01      	subs	r3, #1
1000326c:	930e      	str	r3, [sp, #56]	@ 0x38
1000326e:	9b12      	ldr	r3, [sp, #72]	@ 0x48
10003270:	459a      	cmp	sl, r3
10003272:	d905      	bls.n	10003280 <_etoa+0x3f0>
10003274:	9b10      	ldr	r3, [sp, #64]	@ 0x40
10003276:	2b00      	cmp	r3, #0
10003278:	f000 80ae 	beq.w	100033d8 <_etoa+0x548>
1000327c:	2302      	movs	r3, #2
1000327e:	9310      	str	r3, [sp, #64]	@ 0x40
10003280:	2300      	movs	r3, #0
10003282:	930f      	str	r3, [sp, #60]	@ 0x3c
10003284:	e044      	b.n	10003310 <_etoa+0x480>
10003286:	bb22      	cbnz	r2, 100032d2 <_etoa+0x442>
10003288:	f1ba 0f05 	cmp.w	sl, #5
1000328c:	d94f      	bls.n	1000332e <_etoa+0x49e>
1000328e:	f006 0302 	and.w	r3, r6, #2
10003292:	2b00      	cmp	r3, #0
10003294:	d149      	bne.n	1000332a <_etoa+0x49a>
10003296:	2305      	movs	r3, #5
10003298:	9312      	str	r3, [sp, #72]	@ 0x48
1000329a:	f1aa 0305 	sub.w	r3, sl, #5
1000329e:	930f      	str	r3, [sp, #60]	@ 0x3c
100032a0:	e03a      	b.n	10003318 <_etoa+0x488>
100032a2:	f105 4300 	add.w	r3, r5, #2147483648	@ 0x80000000
100032a6:	940a      	str	r4, [sp, #40]	@ 0x28
100032a8:	930b      	str	r3, [sp, #44]	@ 0x2c
100032aa:	e627      	b.n	10002efc <_etoa+0x6c>
100032ac:	f426 6600 	bic.w	r6, r6, #2048	@ 0x800
100032b0:	f446 6680 	orr.w	r6, r6, #1024	@ 0x400
100032b4:	4638      	mov	r0, r7
100032b6:	962c      	str	r6, [sp, #176]	@ 0xb0
100032b8:	e9dd 670a 	ldrd	r6, r7, [sp, #40]	@ 0x28
100032bc:	4634      	mov	r4, r6
100032be:	f107 4500 	add.w	r5, r7, #2147483648	@ 0x80000000
100032c2:	465a      	mov	r2, fp
100032c4:	e9cd 8a2a 	strd	r8, sl, [sp, #168]	@ 0xa8
100032c8:	e9cd 4528 	strd	r4, r5, [sp, #160]	@ 0xa0
100032cc:	9b09      	ldr	r3, [sp, #36]	@ 0x24
100032ce:	9908      	ldr	r1, [sp, #32]
100032d0:	e6bc      	b.n	1000304c <_etoa+0x1bc>
100032d2:	2205      	movs	r2, #5
100032d4:	9212      	str	r2, [sp, #72]	@ 0x48
100032d6:	e7ad      	b.n	10003234 <_etoa+0x3a4>
100032d8:	2300      	movs	r3, #0
100032da:	2202      	movs	r2, #2
100032dc:	e9cd 320f 	strd	r3, r2, [sp, #60]	@ 0x3c
100032e0:	2204      	movs	r2, #4
100032e2:	930c      	str	r3, [sp, #48]	@ 0x30
100032e4:	9212      	str	r2, [sp, #72]	@ 0x48
100032e6:	e62c      	b.n	10002f42 <_etoa+0xb2>
100032e8:	f04f 0805 	mov.w	r8, #5
100032ec:	e6c2      	b.n	10003074 <_etoa+0x1e4>
100032ee:	f1ba 0f04 	cmp.w	sl, #4
100032f2:	d91f      	bls.n	10003334 <_etoa+0x4a4>
100032f4:	9b10      	ldr	r3, [sp, #64]	@ 0x40
100032f6:	2b00      	cmp	r3, #0
100032f8:	d178      	bne.n	100033ec <_etoa+0x55c>
100032fa:	2304      	movs	r3, #4
100032fc:	9312      	str	r3, [sp, #72]	@ 0x48
100032fe:	f1aa 0304 	sub.w	r3, sl, #4
10003302:	930f      	str	r3, [sp, #60]	@ 0x3c
10003304:	e004      	b.n	10003310 <_etoa+0x480>
10003306:	9b12      	ldr	r3, [sp, #72]	@ 0x48
10003308:	459a      	cmp	sl, r3
1000330a:	d831      	bhi.n	10003370 <_etoa+0x4e0>
1000330c:	9b0e      	ldr	r3, [sp, #56]	@ 0x38
1000330e:	930f      	str	r3, [sp, #60]	@ 0x3c
10003310:	9b0c      	ldr	r3, [sp, #48]	@ 0x30
10003312:	2b00      	cmp	r3, #0
10003314:	f43f ae15 	beq.w	10002f42 <_etoa+0xb2>
10003318:	e9dd 010a 	ldrd	r0, r1, [sp, #40]	@ 0x28
1000331c:	4642      	mov	r2, r8
1000331e:	464b      	mov	r3, r9
10003320:	f7fe fc40 	bl	10001ba4 <__wrap___aeabi_ddiv>
10003324:	e9cd 010a 	strd	r0, r1, [sp, #40]	@ 0x28
10003328:	e60b      	b.n	10002f42 <_etoa+0xb2>
1000332a:	2302      	movs	r3, #2
1000332c:	9310      	str	r3, [sp, #64]	@ 0x40
1000332e:	2305      	movs	r3, #5
10003330:	9312      	str	r3, [sp, #72]	@ 0x48
10003332:	e7f1      	b.n	10003318 <_etoa+0x488>
10003334:	2304      	movs	r3, #4
10003336:	9312      	str	r3, [sp, #72]	@ 0x48
10003338:	e7ea      	b.n	10003310 <_etoa+0x480>
1000333a:	e9dd 450a 	ldrd	r4, r5, [sp, #40]	@ 0x28
1000333e:	46a0      	mov	r8, r4
10003340:	9b0f      	ldr	r3, [sp, #60]	@ 0x3c
10003342:	f105 4900 	add.w	r9, r5, #2147483648	@ 0x80000000
10003346:	9303      	str	r3, [sp, #12]
10003348:	9b0e      	ldr	r3, [sp, #56]	@ 0x38
1000334a:	465a      	mov	r2, fp
1000334c:	9302      	str	r3, [sp, #8]
1000334e:	f426 6300 	bic.w	r3, r6, #2048	@ 0x800
10003352:	9304      	str	r3, [sp, #16]
10003354:	4638      	mov	r0, r7
10003356:	e9cd 8900 	strd	r8, r9, [sp]
1000335a:	9b09      	ldr	r3, [sp, #36]	@ 0x24
1000335c:	9908      	ldr	r1, [sp, #32]
1000335e:	f7ff fb37 	bl	100029d0 <_ftoa>
10003362:	4602      	mov	r2, r0
10003364:	e608      	b.n	10002f78 <_etoa+0xe8>
10003366:	9b12      	ldr	r3, [sp, #72]	@ 0x48
10003368:	459a      	cmp	sl, r3
1000336a:	d844      	bhi.n	100033f6 <_etoa+0x566>
1000336c:	920f      	str	r2, [sp, #60]	@ 0x3c
1000336e:	e7cf      	b.n	10003310 <_etoa+0x480>
10003370:	9b10      	ldr	r3, [sp, #64]	@ 0x40
10003372:	b38b      	cbz	r3, 100033d8 <_etoa+0x548>
10003374:	9b0e      	ldr	r3, [sp, #56]	@ 0x38
10003376:	930f      	str	r3, [sp, #60]	@ 0x3c
10003378:	2302      	movs	r3, #2
1000337a:	9310      	str	r3, [sp, #64]	@ 0x40
1000337c:	e7c8      	b.n	10003310 <_etoa+0x480>
1000337e:	bf00      	nop
10003380:	636f4361 	.word	0x636f4361
10003384:	3fd287a7 	.word	0x3fd287a7
10003388:	0979a371 	.word	0x0979a371
1000338c:	400a934f 	.word	0x400a934f
10003390:	bbb55516 	.word	0xbbb55516
10003394:	40026bb1 	.word	0x40026bb1
10003398:	fefa39ef 	.word	0xfefa39ef
1000339c:	3fe62e42 	.word	0x3fe62e42
100033a0:	eb1c432d 	.word	0xeb1c432d
100033a4:	3f1a36e2 	.word	0x3f1a36e2
100033a8:	00000000 	.word	0x00000000
100033ac:	412e8480 	.word	0x412e8480
100033b0:	3ff80000 	.word	0x3ff80000
100033b4:	3fe00000 	.word	0x3fe00000
100033b8:	402c0000 	.word	0x402c0000
100033bc:	40240000 	.word	0x40240000
100033c0:	40180000 	.word	0x40180000
100033c4:	3ff00000 	.word	0x3ff00000
100033c8:	509f79fb 	.word	0x509f79fb
100033cc:	3fd34413 	.word	0x3fd34413
100033d0:	8b60c8b3 	.word	0x8b60c8b3
100033d4:	3fc68a28 	.word	0x3fc68a28
100033d8:	9b12      	ldr	r3, [sp, #72]	@ 0x48
100033da:	ebaa 0303 	sub.w	r3, sl, r3
100033de:	930f      	str	r3, [sp, #60]	@ 0x3c
100033e0:	e796      	b.n	10003310 <_etoa+0x480>
100033e2:	eba3 0802 	sub.w	r8, r3, r2
100033e6:	f108 38ff 	add.w	r8, r8, #4294967295	@ 0xffffffff
100033ea:	e643      	b.n	10003074 <_etoa+0x1e4>
100033ec:	2304      	movs	r3, #4
100033ee:	9312      	str	r3, [sp, #72]	@ 0x48
100033f0:	2302      	movs	r3, #2
100033f2:	9310      	str	r3, [sp, #64]	@ 0x40
100033f4:	e78c      	b.n	10003310 <_etoa+0x480>
100033f6:	9b10      	ldr	r3, [sp, #64]	@ 0x40
100033f8:	2b00      	cmp	r3, #0
100033fa:	d0ed      	beq.n	100033d8 <_etoa+0x548>
100033fc:	2302      	movs	r3, #2
100033fe:	920f      	str	r2, [sp, #60]	@ 0x3c
10003400:	9310      	str	r3, [sp, #64]	@ 0x40
10003402:	e785      	b.n	10003310 <_etoa+0x480>

10003404 <_vsnprintf>:
10003404:	e92d 4ff0 	stmdb	sp!, {r4, r5, r6, r7, r8, r9, sl, fp, lr}
10003408:	b09b      	sub	sp, #108	@ 0x6c
1000340a:	9c24      	ldr	r4, [sp, #144]	@ 0x90
1000340c:	4d95      	ldr	r5, [pc, #596]	@ (10003664 <_vsnprintf+0x260>)
1000340e:	940a      	str	r4, [sp, #40]	@ 0x28
10003410:	4c95      	ldr	r4, [pc, #596]	@ (10003668 <_vsnprintf+0x264>)
10003412:	f1b1 0a00 	subs.w	sl, r1, #0
10003416:	bf18      	it	ne
10003418:	4683      	movne	fp, r0
1000341a:	6025      	str	r5, [r4, #0]
1000341c:	7818      	ldrb	r0, [r3, #0]
1000341e:	4c93      	ldr	r4, [pc, #588]	@ (1000366c <_vsnprintf+0x268>)
10003420:	4691      	mov	r9, r2
10003422:	bf08      	it	eq
10003424:	46a3      	moveq	fp, r4
10003426:	9309      	str	r3, [sp, #36]	@ 0x24
10003428:	2800      	cmp	r0, #0
1000342a:	f000 8293 	beq.w	10003954 <_vsnprintf+0x550>
1000342e:	f04f 0800 	mov.w	r8, #0
10003432:	e00a      	b.n	1000344a <_vsnprintf+0x46>
10003434:	4642      	mov	r2, r8
10003436:	464b      	mov	r3, r9
10003438:	4651      	mov	r1, sl
1000343a:	f108 0801 	add.w	r8, r8, #1
1000343e:	47d8      	blx	fp
10003440:	9b09      	ldr	r3, [sp, #36]	@ 0x24
10003442:	7818      	ldrb	r0, [r3, #0]
10003444:	2800      	cmp	r0, #0
10003446:	f000 80ce 	beq.w	100035e6 <_vsnprintf+0x1e2>
1000344a:	9b09      	ldr	r3, [sp, #36]	@ 0x24
1000344c:	2825      	cmp	r0, #37	@ 0x25
1000344e:	f103 0301 	add.w	r3, r3, #1
10003452:	9309      	str	r3, [sp, #36]	@ 0x24
10003454:	d1ee      	bne.n	10003434 <_vsnprintf+0x30>
10003456:	461c      	mov	r4, r3
10003458:	2300      	movs	r3, #0
1000345a:	4622      	mov	r2, r4
1000345c:	f812 0b01 	ldrb.w	r0, [r2], #1
10003460:	f1a0 0120 	sub.w	r1, r0, #32
10003464:	2910      	cmp	r1, #16
10003466:	d80a      	bhi.n	1000347e <_vsnprintf+0x7a>
10003468:	e8df f001 	tbb	[pc, r1]
1000346c:	3c090940 	.word	0x3c090940
10003470:	09090909 	.word	0x09090909
10003474:	38090909 	.word	0x38090909
10003478:	09093409 	.word	0x09093409
1000347c:	30          	.byte	0x30
1000347d:	00          	.byte	0x00
1000347e:	f1a0 0130 	sub.w	r1, r0, #48	@ 0x30
10003482:	2909      	cmp	r1, #9
10003484:	9409      	str	r4, [sp, #36]	@ 0x24
10003486:	f240 808a 	bls.w	1000359e <_vsnprintf+0x19a>
1000348a:	282a      	cmp	r0, #42	@ 0x2a
1000348c:	f000 80f0 	beq.w	10003670 <_vsnprintf+0x26c>
10003490:	2500      	movs	r5, #0
10003492:	282e      	cmp	r0, #46	@ 0x2e
10003494:	f000 8096 	beq.w	100035c4 <_vsnprintf+0x1c0>
10003498:	2600      	movs	r6, #0
1000349a:	f1a0 0168 	sub.w	r1, r0, #104	@ 0x68
1000349e:	2912      	cmp	r1, #18
100034a0:	d82d      	bhi.n	100034fe <_vsnprintf+0xfa>
100034a2:	e8df f011 	tbh	[pc, r1, lsl #1]
100034a6:	0149      	.short	0x0149
100034a8:	0143002c 	.word	0x0143002c
100034ac:	0138002c 	.word	0x0138002c
100034b0:	002c002c 	.word	0x002c002c
100034b4:	002c002c 	.word	0x002c002c
100034b8:	002c002c 	.word	0x002c002c
100034bc:	0027002c 	.word	0x0027002c
100034c0:	002c002c 	.word	0x002c002c
100034c4:	002c002c 	.word	0x002c002c
100034c8:	0027002c 	.word	0x0027002c
100034cc:	4614      	mov	r4, r2
100034ce:	f043 0301 	orr.w	r3, r3, #1
100034d2:	e7c2      	b.n	1000345a <_vsnprintf+0x56>
100034d4:	4614      	mov	r4, r2
100034d6:	f043 0302 	orr.w	r3, r3, #2
100034da:	e7be      	b.n	1000345a <_vsnprintf+0x56>
100034dc:	4614      	mov	r4, r2
100034de:	f043 0304 	orr.w	r3, r3, #4
100034e2:	e7ba      	b.n	1000345a <_vsnprintf+0x56>
100034e4:	4614      	mov	r4, r2
100034e6:	f043 0310 	orr.w	r3, r3, #16
100034ea:	e7b6      	b.n	1000345a <_vsnprintf+0x56>
100034ec:	4614      	mov	r4, r2
100034ee:	f043 0308 	orr.w	r3, r3, #8
100034f2:	e7b2      	b.n	1000345a <_vsnprintf+0x56>
100034f4:	9909      	ldr	r1, [sp, #36]	@ 0x24
100034f6:	7848      	ldrb	r0, [r1, #1]
100034f8:	f443 7380 	orr.w	r3, r3, #256	@ 0x100
100034fc:	3201      	adds	r2, #1
100034fe:	2867      	cmp	r0, #103	@ 0x67
10003500:	9209      	str	r2, [sp, #36]	@ 0x24
10003502:	d87e      	bhi.n	10003602 <_vsnprintf+0x1fe>
10003504:	2824      	cmp	r0, #36	@ 0x24
10003506:	f240 80c1 	bls.w	1000368c <_vsnprintf+0x288>
1000350a:	f1a0 0225 	sub.w	r2, r0, #37	@ 0x25
1000350e:	2a42      	cmp	r2, #66	@ 0x42
10003510:	f200 80bc 	bhi.w	1000368c <_vsnprintf+0x288>
10003514:	e8df f012 	tbh	[pc, r2, lsl #1]
10003518:	00ba0150 	.word	0x00ba0150
1000351c:	00ba00ba 	.word	0x00ba00ba
10003520:	00ba00ba 	.word	0x00ba00ba
10003524:	00ba00ba 	.word	0x00ba00ba
10003528:	00ba00ba 	.word	0x00ba00ba
1000352c:	00ba00ba 	.word	0x00ba00ba
10003530:	00ba00ba 	.word	0x00ba00ba
10003534:	00ba00ba 	.word	0x00ba00ba
10003538:	00ba00ba 	.word	0x00ba00ba
1000353c:	00ba00ba 	.word	0x00ba00ba
10003540:	00ba00ba 	.word	0x00ba00ba
10003544:	00ba00ba 	.word	0x00ba00ba
10003548:	00ba00ba 	.word	0x00ba00ba
1000354c:	00ba00ba 	.word	0x00ba00ba
10003550:	00ba00ba 	.word	0x00ba00ba
10003554:	00ba00ba 	.word	0x00ba00ba
10003558:	01370119 	.word	0x01370119
1000355c:	00ba0119 	.word	0x00ba0119
10003560:	00ba00ba 	.word	0x00ba00ba
10003564:	00ba00ba 	.word	0x00ba00ba
10003568:	00ba00ba 	.word	0x00ba00ba
1000356c:	00ba00ba 	.word	0x00ba00ba
10003570:	00ba00ba 	.word	0x00ba00ba
10003574:	00ba00ba 	.word	0x00ba00ba
10003578:	00ba00ba 	.word	0x00ba00ba
1000357c:	01bc00ba 	.word	0x01bc00ba
10003580:	00ba00ba 	.word	0x00ba00ba
10003584:	00ba00ba 	.word	0x00ba00ba
10003588:	00ba00ba 	.word	0x00ba00ba
1000358c:	00ba00ba 	.word	0x00ba00ba
10003590:	01bc00ba 	.word	0x01bc00ba
10003594:	01bc0158 	.word	0x01bc0158
10003598:	01370119 	.word	0x01370119
1000359c:	0119      	.short	0x0119
1000359e:	2500      	movs	r5, #0
100035a0:	e000      	b.n	100035a4 <_vsnprintf+0x1a0>
100035a2:	3201      	adds	r2, #1
100035a4:	eb05 0585 	add.w	r5, r5, r5, lsl #2
100035a8:	eb00 0545 	add.w	r5, r0, r5, lsl #1
100035ac:	7810      	ldrb	r0, [r2, #0]
100035ae:	3d30      	subs	r5, #48	@ 0x30
100035b0:	f1a0 0130 	sub.w	r1, r0, #48	@ 0x30
100035b4:	2909      	cmp	r1, #9
100035b6:	d9f4      	bls.n	100035a2 <_vsnprintf+0x19e>
100035b8:	282e      	cmp	r0, #46	@ 0x2e
100035ba:	9209      	str	r2, [sp, #36]	@ 0x24
100035bc:	f102 0201 	add.w	r2, r2, #1
100035c0:	f47f af6a 	bne.w	10003498 <_vsnprintf+0x94>
100035c4:	9909      	ldr	r1, [sp, #36]	@ 0x24
100035c6:	f443 6380 	orr.w	r3, r3, #1024	@ 0x400
100035ca:	7848      	ldrb	r0, [r1, #1]
100035cc:	4611      	mov	r1, r2
100035ce:	f1a0 0630 	sub.w	r6, r0, #48	@ 0x30
100035d2:	2e09      	cmp	r6, #9
100035d4:	f240 8121 	bls.w	1000381a <_vsnprintf+0x416>
100035d8:	282a      	cmp	r0, #42	@ 0x2a
100035da:	f000 812f 	beq.w	1000383c <_vsnprintf+0x438>
100035de:	9209      	str	r2, [sp, #36]	@ 0x24
100035e0:	2600      	movs	r6, #0
100035e2:	3201      	adds	r2, #1
100035e4:	e759      	b.n	1000349a <_vsnprintf+0x96>
100035e6:	4644      	mov	r4, r8
100035e8:	45c1      	cmp	r9, r8
100035ea:	d801      	bhi.n	100035f0 <_vsnprintf+0x1ec>
100035ec:	f109 38ff 	add.w	r8, r9, #4294967295	@ 0xffffffff
100035f0:	464b      	mov	r3, r9
100035f2:	4642      	mov	r2, r8
100035f4:	4651      	mov	r1, sl
100035f6:	2000      	movs	r0, #0
100035f8:	47d8      	blx	fp
100035fa:	4620      	mov	r0, r4
100035fc:	b01b      	add	sp, #108	@ 0x6c
100035fe:	e8bd 8ff0 	ldmia.w	sp!, {r4, r5, r6, r7, r8, r9, sl, fp, pc}
10003602:	f1a0 0269 	sub.w	r2, r0, #105	@ 0x69
10003606:	b2d2      	uxtb	r2, r2
10003608:	2a0f      	cmp	r2, #15
1000360a:	d83f      	bhi.n	1000368c <_vsnprintf+0x288>
1000360c:	2101      	movs	r1, #1
1000360e:	f249 0741 	movw	r7, #36929	@ 0x9041
10003612:	4091      	lsls	r1, r2
10003614:	4039      	ands	r1, r7
10003616:	f040 80f3 	bne.w	10003800 <_vsnprintf+0x3fc>
1000361a:	2a0a      	cmp	r2, #10
1000361c:	d03d      	beq.n	1000369a <_vsnprintf+0x296>
1000361e:	2a07      	cmp	r2, #7
10003620:	d134      	bne.n	1000368c <_vsnprintf+0x288>
10003622:	9d0a      	ldr	r5, [sp, #40]	@ 0x28
10003624:	f855 2b04 	ldr.w	r2, [r5], #4
10003628:	2a00      	cmp	r2, #0
1000362a:	f000 8113 	beq.w	10003854 <_vsnprintf+0x450>
1000362e:	f043 0021 	orr.w	r0, r3, #33	@ 0x21
10003632:	ab12      	add	r3, sp, #72	@ 0x48
10003634:	461f      	mov	r7, r3
10003636:	930b      	str	r3, [sp, #44]	@ 0x2c
10003638:	e003      	b.n	10003642 <_vsnprintf+0x23e>
1000363a:	2920      	cmp	r1, #32
1000363c:	f000 8114 	beq.w	10003868 <_vsnprintf+0x464>
10003640:	461a      	mov	r2, r3
10003642:	f002 040f 	and.w	r4, r2, #15
10003646:	4623      	mov	r3, r4
10003648:	2c09      	cmp	r4, #9
1000364a:	bf94      	ite	ls
1000364c:	3330      	addls	r3, #48	@ 0x30
1000364e:	3337      	addhi	r3, #55	@ 0x37
10003650:	2a0f      	cmp	r2, #15
10003652:	f807 3b01 	strb.w	r3, [r7], #1
10003656:	f101 0101 	add.w	r1, r1, #1
1000365a:	ea4f 1312 	mov.w	r3, r2, lsr #4
1000365e:	d8ec      	bhi.n	1000363a <_vsnprintf+0x236>
10003660:	e102      	b.n	10003868 <_vsnprintf+0x464>
10003662:	bf00      	nop
10003664:	10003405 	.word	0x10003405
10003668:	200021dc 	.word	0x200021dc
1000366c:	10002745 	.word	0x10002745
10003670:	990a      	ldr	r1, [sp, #40]	@ 0x28
10003672:	9809      	ldr	r0, [sp, #36]	@ 0x24
10003674:	f851 5b04 	ldr.w	r5, [r1], #4
10003678:	7840      	ldrb	r0, [r0, #1]
1000367a:	2d00      	cmp	r5, #0
1000367c:	e9cd 2109 	strd	r2, r1, [sp, #36]	@ 0x24
10003680:	bfbc      	itt	lt
10003682:	f043 0302 	orrlt.w	r3, r3, #2
10003686:	426d      	neglt	r5, r5
10003688:	3201      	adds	r2, #1
1000368a:	e702      	b.n	10003492 <_vsnprintf+0x8e>
1000368c:	4642      	mov	r2, r8
1000368e:	464b      	mov	r3, r9
10003690:	4651      	mov	r1, sl
10003692:	f108 0801 	add.w	r8, r8, #1
10003696:	47d8      	blx	fp
10003698:	e6d2      	b.n	10003440 <_vsnprintf+0x3c>
1000369a:	990a      	ldr	r1, [sp, #40]	@ 0x28
1000369c:	2e00      	cmp	r6, #0
1000369e:	f851 7b04 	ldr.w	r7, [r1], #4
100036a2:	bf18      	it	ne
100036a4:	4632      	movne	r2, r6
100036a6:	7838      	ldrb	r0, [r7, #0]
100036a8:	bf08      	it	eq
100036aa:	f04f 32ff 	moveq.w	r2, #4294967295	@ 0xffffffff
100036ae:	2800      	cmp	r0, #0
100036b0:	f000 837b 	beq.w	10003daa <_vsnprintf+0x9a6>
100036b4:	18bc      	adds	r4, r7, r2
100036b6:	46a4      	mov	ip, r4
100036b8:	463a      	mov	r2, r7
100036ba:	e004      	b.n	100036c6 <_vsnprintf+0x2c2>
100036bc:	f812 4f01 	ldrb.w	r4, [r2, #1]!
100036c0:	2c00      	cmp	r4, #0
100036c2:	f000 813f 	beq.w	10003944 <_vsnprintf+0x540>
100036c6:	4594      	cmp	ip, r2
100036c8:	d1f8      	bne.n	100036bc <_vsnprintf+0x2b8>
100036ca:	4664      	mov	r4, ip
100036cc:	1be4      	subs	r4, r4, r7
100036ce:	055a      	lsls	r2, r3, #21
100036d0:	f140 8122 	bpl.w	10003918 <_vsnprintf+0x514>
100036d4:	42b4      	cmp	r4, r6
100036d6:	bf28      	it	cs
100036d8:	4634      	movcs	r4, r6
100036da:	f013 0302 	ands.w	r3, r3, #2
100036de:	f000 8288 	beq.w	10003bf2 <_vsnprintf+0x7ee>
100036e2:	2302      	movs	r3, #2
100036e4:	e9cd 510a 	strd	r5, r1, [sp, #40]	@ 0x28
100036e8:	4642      	mov	r2, r8
100036ea:	461d      	mov	r5, r3
100036ec:	4446      	add	r6, r8
100036ee:	e008      	b.n	10003702 <_vsnprintf+0x2fe>
100036f0:	464b      	mov	r3, r9
100036f2:	4651      	mov	r1, sl
100036f4:	47d8      	blx	fp
100036f6:	f817 0f01 	ldrb.w	r0, [r7, #1]!
100036fa:	f108 0801 	add.w	r8, r8, #1
100036fe:	b110      	cbz	r0, 10003706 <_vsnprintf+0x302>
10003700:	4642      	mov	r2, r8
10003702:	4546      	cmp	r6, r8
10003704:	d1f4      	bne.n	100036f0 <_vsnprintf+0x2ec>
10003706:	462b      	mov	r3, r5
10003708:	990b      	ldr	r1, [sp, #44]	@ 0x2c
1000370a:	9d0a      	ldr	r5, [sp, #40]	@ 0x28
1000370c:	2b00      	cmp	r3, #0
1000370e:	f040 8141 	bne.w	10003994 <_vsnprintf+0x590>
10003712:	910a      	str	r1, [sp, #40]	@ 0x28
10003714:	e694      	b.n	10003440 <_vsnprintf+0x3c>
10003716:	9909      	ldr	r1, [sp, #36]	@ 0x24
10003718:	7848      	ldrb	r0, [r1, #1]
1000371a:	286c      	cmp	r0, #108	@ 0x6c
1000371c:	f47f aeec 	bne.w	100034f8 <_vsnprintf+0xf4>
10003720:	460a      	mov	r2, r1
10003722:	7888      	ldrb	r0, [r1, #2]
10003724:	f443 7340 	orr.w	r3, r3, #768	@ 0x300
10003728:	3203      	adds	r2, #3
1000372a:	e6e8      	b.n	100034fe <_vsnprintf+0xfa>
1000372c:	9909      	ldr	r1, [sp, #36]	@ 0x24
1000372e:	f443 7300 	orr.w	r3, r3, #512	@ 0x200
10003732:	7848      	ldrb	r0, [r1, #1]
10003734:	3201      	adds	r2, #1
10003736:	e6e2      	b.n	100034fe <_vsnprintf+0xfa>
10003738:	9909      	ldr	r1, [sp, #36]	@ 0x24
1000373a:	7848      	ldrb	r0, [r1, #1]
1000373c:	2868      	cmp	r0, #104	@ 0x68
1000373e:	f000 8103 	beq.w	10003948 <_vsnprintf+0x544>
10003742:	f043 0380 	orr.w	r3, r3, #128	@ 0x80
10003746:	3201      	adds	r2, #1
10003748:	e6d9      	b.n	100034fe <_vsnprintf+0xfa>
1000374a:	2867      	cmp	r0, #103	@ 0x67
1000374c:	f000 80d9 	beq.w	10003902 <_vsnprintf+0x4fe>
10003750:	2847      	cmp	r0, #71	@ 0x47
10003752:	f000 80dc 	beq.w	1000390e <_vsnprintf+0x50a>
10003756:	2845      	cmp	r0, #69	@ 0x45
10003758:	f000 80db 	beq.w	10003912 <_vsnprintf+0x50e>
1000375c:	e9cd 5303 	strd	r5, r3, [sp, #12]
10003760:	9b0a      	ldr	r3, [sp, #40]	@ 0x28
10003762:	9602      	str	r6, [sp, #8]
10003764:	3307      	adds	r3, #7
10003766:	f023 0307 	bic.w	r3, r3, #7
1000376a:	461c      	mov	r4, r3
1000376c:	4642      	mov	r2, r8
1000376e:	e8f4 6702 	ldrd	r6, r7, [r4], #8
10003772:	464b      	mov	r3, r9
10003774:	4651      	mov	r1, sl
10003776:	4658      	mov	r0, fp
10003778:	e9cd 6700 	strd	r6, r7, [sp]
1000377c:	940a      	str	r4, [sp, #40]	@ 0x28
1000377e:	f7ff fb87 	bl	10002e90 <_etoa>
10003782:	4680      	mov	r8, r0
10003784:	e65c      	b.n	10003440 <_vsnprintf+0x3c>
10003786:	2846      	cmp	r0, #70	@ 0x46
10003788:	bf08      	it	eq
1000378a:	f043 0320 	orreq.w	r3, r3, #32
1000378e:	e9cd 5303 	strd	r5, r3, [sp, #12]
10003792:	9b0a      	ldr	r3, [sp, #40]	@ 0x28
10003794:	9602      	str	r6, [sp, #8]
10003796:	3307      	adds	r3, #7
10003798:	f023 0307 	bic.w	r3, r3, #7
1000379c:	461c      	mov	r4, r3
1000379e:	4642      	mov	r2, r8
100037a0:	e8f4 6702 	ldrd	r6, r7, [r4], #8
100037a4:	464b      	mov	r3, r9
100037a6:	4651      	mov	r1, sl
100037a8:	4658      	mov	r0, fp
100037aa:	e9cd 6700 	strd	r6, r7, [sp]
100037ae:	940a      	str	r4, [sp, #40]	@ 0x28
100037b0:	f7ff f90e 	bl	100029d0 <_ftoa>
100037b4:	4680      	mov	r8, r0
100037b6:	e643      	b.n	10003440 <_vsnprintf+0x3c>
100037b8:	4642      	mov	r2, r8
100037ba:	464b      	mov	r3, r9
100037bc:	4651      	mov	r1, sl
100037be:	2025      	movs	r0, #37	@ 0x25
100037c0:	f108 0801 	add.w	r8, r8, #1
100037c4:	47d8      	blx	fp
100037c6:	e63b      	b.n	10003440 <_vsnprintf+0x3c>
100037c8:	9a0a      	ldr	r2, [sp, #40]	@ 0x28
100037ca:	0799      	lsls	r1, r3, #30
100037cc:	f102 0404 	add.w	r4, r2, #4
100037d0:	f108 0601 	add.w	r6, r8, #1
100037d4:	f140 80c6 	bpl.w	10003964 <_vsnprintf+0x560>
100037d8:	7810      	ldrb	r0, [r2, #0]
100037da:	464b      	mov	r3, r9
100037dc:	4642      	mov	r2, r8
100037de:	4651      	mov	r1, sl
100037e0:	47d8      	blx	fp
100037e2:	2d01      	cmp	r5, #1
100037e4:	bf88      	it	hi
100037e6:	44a8      	addhi	r8, r5
100037e8:	f240 81bd 	bls.w	10003b66 <_vsnprintf+0x762>
100037ec:	4632      	mov	r2, r6
100037ee:	464b      	mov	r3, r9
100037f0:	4651      	mov	r1, sl
100037f2:	2020      	movs	r0, #32
100037f4:	3601      	adds	r6, #1
100037f6:	47d8      	blx	fp
100037f8:	4546      	cmp	r6, r8
100037fa:	d1f7      	bne.n	100037ec <_vsnprintf+0x3e8>
100037fc:	940a      	str	r4, [sp, #40]	@ 0x28
100037fe:	e61f      	b.n	10003440 <_vsnprintf+0x3c>
10003800:	286f      	cmp	r0, #111	@ 0x6f
10003802:	f000 8081 	beq.w	10003908 <_vsnprintf+0x504>
10003806:	f240 8248 	bls.w	10003c9a <_vsnprintf+0x896>
1000380a:	2878      	cmp	r0, #120	@ 0x78
1000380c:	f000 8190 	beq.w	10003b30 <_vsnprintf+0x72c>
10003810:	270a      	movs	r7, #10
10003812:	f023 0310 	bic.w	r3, r3, #16
10003816:	46bc      	mov	ip, r7
10003818:	e041      	b.n	1000389e <_vsnprintf+0x49a>
1000381a:	2600      	movs	r6, #0
1000381c:	eb06 0686 	add.w	r6, r6, r6, lsl #2
10003820:	eb00 0046 	add.w	r0, r0, r6, lsl #1
10003824:	f1a0 0630 	sub.w	r6, r0, #48	@ 0x30
10003828:	f811 0f01 	ldrb.w	r0, [r1, #1]!
1000382c:	f1a0 0230 	sub.w	r2, r0, #48	@ 0x30
10003830:	2a09      	cmp	r2, #9
10003832:	d9f3      	bls.n	1000381c <_vsnprintf+0x418>
10003834:	460a      	mov	r2, r1
10003836:	9109      	str	r1, [sp, #36]	@ 0x24
10003838:	3201      	adds	r2, #1
1000383a:	e62e      	b.n	1000349a <_vsnprintf+0x96>
1000383c:	e9dd 2109 	ldrd	r2, r1, [sp, #36]	@ 0x24
10003840:	f851 6b04 	ldr.w	r6, [r1], #4
10003844:	7890      	ldrb	r0, [r2, #2]
10003846:	3202      	adds	r2, #2
10003848:	9209      	str	r2, [sp, #36]	@ 0x24
1000384a:	910a      	str	r1, [sp, #40]	@ 0x28
1000384c:	3201      	adds	r2, #1
1000384e:	ea26 76e6 	bic.w	r6, r6, r6, asr #31
10003852:	e622      	b.n	1000349a <_vsnprintf+0x96>
10003854:	f023 0010 	bic.w	r0, r3, #16
10003858:	f413 6280 	ands.w	r2, r3, #1024	@ 0x400
1000385c:	f040 0021 	orr.w	r0, r0, #33	@ 0x21
10003860:	f43f aee7 	beq.w	10003632 <_vsnprintf+0x22e>
10003864:	ab12      	add	r3, sp, #72	@ 0x48
10003866:	930b      	str	r3, [sp, #44]	@ 0x2c
10003868:	9b0b      	ldr	r3, [sp, #44]	@ 0x2c
1000386a:	9006      	str	r0, [sp, #24]
1000386c:	9300      	str	r3, [sp, #0]
1000386e:	2308      	movs	r3, #8
10003870:	2010      	movs	r0, #16
10003872:	9305      	str	r3, [sp, #20]
10003874:	2300      	movs	r3, #0
10003876:	4642      	mov	r2, r8
10003878:	e9cd 3002 	strd	r3, r0, [sp, #8]
1000387c:	9101      	str	r1, [sp, #4]
1000387e:	464b      	mov	r3, r9
10003880:	4651      	mov	r1, sl
10003882:	4658      	mov	r0, fp
10003884:	9604      	str	r6, [sp, #16]
10003886:	f7fe ffad 	bl	100027e4 <_ntoa_format>
1000388a:	950a      	str	r5, [sp, #40]	@ 0x28
1000388c:	4680      	mov	r8, r0
1000388e:	e5d7      	b.n	10003440 <_vsnprintf+0x3c>
10003890:	2858      	cmp	r0, #88	@ 0x58
10003892:	d062      	beq.n	1000395a <_vsnprintf+0x556>
10003894:	2862      	cmp	r0, #98	@ 0x62
10003896:	f040 808f 	bne.w	100039b8 <_vsnprintf+0x5b4>
1000389a:	2702      	movs	r7, #2
1000389c:	46bc      	mov	ip, r7
1000389e:	f413 6080 	ands.w	r0, r3, #1024	@ 0x400
100038a2:	f000 80dd 	beq.w	10003a60 <_vsnprintf+0x65c>
100038a6:	f023 030d 	bic.w	r3, r3, #13
100038aa:	f413 7200 	ands.w	r2, r3, #512	@ 0x200
100038ae:	f040 8181 	bne.w	10003bb4 <_vsnprintf+0x7b0>
100038b2:	990a      	ldr	r1, [sp, #40]	@ 0x28
100038b4:	1d0f      	adds	r7, r1, #4
100038b6:	f413 7180 	ands.w	r1, r3, #256	@ 0x100
100038ba:	f040 8237 	bne.w	10003d2c <_vsnprintf+0x928>
100038be:	065c      	lsls	r4, r3, #25
100038c0:	9a0a      	ldr	r2, [sp, #40]	@ 0x28
100038c2:	f140 813b 	bpl.w	10003b3c <_vsnprintf+0x738>
100038c6:	7812      	ldrb	r2, [r2, #0]
100038c8:	2a00      	cmp	r2, #0
100038ca:	f040 814e 	bne.w	10003b6a <_vsnprintf+0x766>
100038ce:	f023 0310 	bic.w	r3, r3, #16
100038d2:	2800      	cmp	r0, #0
100038d4:	f000 8149 	beq.w	10003b6a <_vsnprintf+0x766>
100038d8:	4611      	mov	r1, r2
100038da:	aa12      	add	r2, sp, #72	@ 0x48
100038dc:	920b      	str	r2, [sp, #44]	@ 0x2c
100038de:	e9cd 5305 	strd	r5, r3, [sp, #20]
100038e2:	e9cd c603 	strd	ip, r6, [sp, #12]
100038e6:	9101      	str	r1, [sp, #4]
100038e8:	9b0b      	ldr	r3, [sp, #44]	@ 0x2c
100038ea:	4642      	mov	r2, r8
100038ec:	9300      	str	r3, [sp, #0]
100038ee:	2300      	movs	r3, #0
100038f0:	4651      	mov	r1, sl
100038f2:	9302      	str	r3, [sp, #8]
100038f4:	4658      	mov	r0, fp
100038f6:	464b      	mov	r3, r9
100038f8:	f7fe ff74 	bl	100027e4 <_ntoa_format>
100038fc:	970a      	str	r7, [sp, #40]	@ 0x28
100038fe:	4680      	mov	r8, r0
10003900:	e59e      	b.n	10003440 <_vsnprintf+0x3c>
10003902:	f443 6300 	orr.w	r3, r3, #2048	@ 0x800
10003906:	e729      	b.n	1000375c <_vsnprintf+0x358>
10003908:	2708      	movs	r7, #8
1000390a:	46bc      	mov	ip, r7
1000390c:	e7c7      	b.n	1000389e <_vsnprintf+0x49a>
1000390e:	f443 6300 	orr.w	r3, r3, #2048	@ 0x800
10003912:	f043 0320 	orr.w	r3, r3, #32
10003916:	e721      	b.n	1000375c <_vsnprintf+0x358>
10003918:	f013 0302 	ands.w	r3, r3, #2
1000391c:	f000 818e 	beq.w	10003c3c <_vsnprintf+0x838>
10003920:	2302      	movs	r3, #2
10003922:	950a      	str	r5, [sp, #40]	@ 0x28
10003924:	461e      	mov	r6, r3
10003926:	460d      	mov	r5, r1
10003928:	4642      	mov	r2, r8
1000392a:	464b      	mov	r3, r9
1000392c:	4651      	mov	r1, sl
1000392e:	47d8      	blx	fp
10003930:	f817 0f01 	ldrb.w	r0, [r7, #1]!
10003934:	f108 0801 	add.w	r8, r8, #1
10003938:	2800      	cmp	r0, #0
1000393a:	d1f5      	bne.n	10003928 <_vsnprintf+0x524>
1000393c:	4629      	mov	r1, r5
1000393e:	4633      	mov	r3, r6
10003940:	9d0a      	ldr	r5, [sp, #40]	@ 0x28
10003942:	e6e3      	b.n	1000370c <_vsnprintf+0x308>
10003944:	1bd4      	subs	r4, r2, r7
10003946:	e6c2      	b.n	100036ce <_vsnprintf+0x2ca>
10003948:	460a      	mov	r2, r1
1000394a:	7888      	ldrb	r0, [r1, #2]
1000394c:	f043 03c0 	orr.w	r3, r3, #192	@ 0xc0
10003950:	3203      	adds	r2, #3
10003952:	e5d4      	b.n	100034fe <_vsnprintf+0xfa>
10003954:	4604      	mov	r4, r0
10003956:	4680      	mov	r8, r0
10003958:	e646      	b.n	100035e8 <_vsnprintf+0x1e4>
1000395a:	2710      	movs	r7, #16
1000395c:	f043 0320 	orr.w	r3, r3, #32
10003960:	46bc      	mov	ip, r7
10003962:	e79c      	b.n	1000389e <_vsnprintf+0x49a>
10003964:	2d01      	cmp	r5, #1
10003966:	f240 80f8 	bls.w	10003b5a <_vsnprintf+0x756>
1000396a:	4646      	mov	r6, r8
1000396c:	f108 37ff 	add.w	r7, r8, #4294967295	@ 0xffffffff
10003970:	442f      	add	r7, r5
10003972:	4632      	mov	r2, r6
10003974:	464b      	mov	r3, r9
10003976:	4651      	mov	r1, sl
10003978:	2020      	movs	r0, #32
1000397a:	3601      	adds	r6, #1
1000397c:	47d8      	blx	fp
1000397e:	42be      	cmp	r6, r7
10003980:	d1f7      	bne.n	10003972 <_vsnprintf+0x56e>
10003982:	9b0a      	ldr	r3, [sp, #40]	@ 0x28
10003984:	4632      	mov	r2, r6
10003986:	7818      	ldrb	r0, [r3, #0]
10003988:	4651      	mov	r1, sl
1000398a:	464b      	mov	r3, r9
1000398c:	47d8      	blx	fp
1000398e:	44a8      	add	r8, r5
10003990:	940a      	str	r4, [sp, #40]	@ 0x28
10003992:	e555      	b.n	10003440 <_vsnprintf+0x3c>
10003994:	4646      	mov	r6, r8
10003996:	42a5      	cmp	r5, r4
10003998:	f67f aebb 	bls.w	10003712 <_vsnprintf+0x30e>
1000399c:	44a8      	add	r8, r5
1000399e:	eba8 0804 	sub.w	r8, r8, r4
100039a2:	460c      	mov	r4, r1
100039a4:	4632      	mov	r2, r6
100039a6:	464b      	mov	r3, r9
100039a8:	4651      	mov	r1, sl
100039aa:	2020      	movs	r0, #32
100039ac:	3601      	adds	r6, #1
100039ae:	47d8      	blx	fp
100039b0:	4546      	cmp	r6, r8
100039b2:	d1f7      	bne.n	100039a4 <_vsnprintf+0x5a0>
100039b4:	4621      	mov	r1, r4
100039b6:	e6ac      	b.n	10003712 <_vsnprintf+0x30e>
100039b8:	f413 6280 	ands.w	r2, r3, #1024	@ 0x400
100039bc:	f000 80bb 	beq.w	10003b36 <_vsnprintf+0x732>
100039c0:	f44f 6280 	mov.w	r2, #1024	@ 0x400
100039c4:	f023 0c11 	bic.w	ip, r3, #17
100039c8:	f41c 7700 	ands.w	r7, ip, #512	@ 0x200
100039cc:	9b0a      	ldr	r3, [sp, #40]	@ 0x28
100039ce:	d14a      	bne.n	10003a66 <_vsnprintf+0x662>
100039d0:	f41c 7080 	ands.w	r0, ip, #256	@ 0x100
100039d4:	f103 0404 	add.w	r4, r3, #4
100039d8:	f040 8134 	bne.w	10003c44 <_vsnprintf+0x840>
100039dc:	f01c 0f40 	tst.w	ip, #64	@ 0x40
100039e0:	f040 80a3 	bne.w	10003b2a <_vsnprintf+0x726>
100039e4:	f01c 0f80 	tst.w	ip, #128	@ 0x80
100039e8:	f000 81d3 	beq.w	10003d92 <_vsnprintf+0x98e>
100039ec:	f9b3 1000 	ldrsh.w	r1, [r3]
100039f0:	ea81 77e1 	eor.w	r7, r1, r1, asr #31
100039f4:	eba7 77e1 	sub.w	r7, r7, r1, asr #31
100039f8:	b2bf      	uxth	r7, r7
100039fa:	0fcb      	lsrs	r3, r1, #31
100039fc:	2900      	cmp	r1, #0
100039fe:	f000 8156 	beq.w	10003cae <_vsnprintf+0x8aa>
10003a02:	463a      	mov	r2, r7
10003a04:	a912      	add	r1, sp, #72	@ 0x48
10003a06:	460f      	mov	r7, r1
10003a08:	f8df e3d8 	ldr.w	lr, [pc, #984]	@ 10003de4 <_vsnprintf+0x9e0>
10003a0c:	910b      	str	r1, [sp, #44]	@ 0x2c
10003a0e:	930a      	str	r3, [sp, #40]	@ 0x28
10003a10:	950c      	str	r5, [sp, #48]	@ 0x30
10003a12:	e001      	b.n	10003a18 <_vsnprintf+0x614>
10003a14:	2820      	cmp	r0, #32
10003a16:	d00f      	beq.n	10003a38 <_vsnprintf+0x634>
10003a18:	4615      	mov	r5, r2
10003a1a:	fbae 1302 	umull	r1, r3, lr, r2
10003a1e:	08db      	lsrs	r3, r3, #3
10003a20:	eb03 0183 	add.w	r1, r3, r3, lsl #2
10003a24:	eba2 0141 	sub.w	r1, r2, r1, lsl #1
10003a28:	3130      	adds	r1, #48	@ 0x30
10003a2a:	2d09      	cmp	r5, #9
10003a2c:	461a      	mov	r2, r3
10003a2e:	f100 0001 	add.w	r0, r0, #1
10003a32:	f807 1b01 	strb.w	r1, [r7], #1
10003a36:	d8ed      	bhi.n	10003a14 <_vsnprintf+0x610>
10003a38:	9b0a      	ldr	r3, [sp, #40]	@ 0x28
10003a3a:	9d0c      	ldr	r5, [sp, #48]	@ 0x30
10003a3c:	e9cd 5c05 	strd	r5, ip, [sp, #20]
10003a40:	e9cd 0301 	strd	r0, r3, [sp, #4]
10003a44:	9604      	str	r6, [sp, #16]
10003a46:	9b0b      	ldr	r3, [sp, #44]	@ 0x2c
10003a48:	4642      	mov	r2, r8
10003a4a:	9300      	str	r3, [sp, #0]
10003a4c:	230a      	movs	r3, #10
10003a4e:	4651      	mov	r1, sl
10003a50:	9303      	str	r3, [sp, #12]
10003a52:	4658      	mov	r0, fp
10003a54:	464b      	mov	r3, r9
10003a56:	f7fe fec5 	bl	100027e4 <_ntoa_format>
10003a5a:	940a      	str	r4, [sp, #40]	@ 0x28
10003a5c:	4680      	mov	r8, r0
10003a5e:	e4ef      	b.n	10003440 <_vsnprintf+0x3c>
10003a60:	f023 030c 	bic.w	r3, r3, #12
10003a64:	e721      	b.n	100038aa <_vsnprintf+0x4a6>
10003a66:	3307      	adds	r3, #7
10003a68:	f023 0307 	bic.w	r3, r3, #7
10003a6c:	4619      	mov	r1, r3
10003a6e:	4608      	mov	r0, r1
10003a70:	685b      	ldr	r3, [r3, #4]
10003a72:	f850 1b08 	ldr.w	r1, [r0], #8
10003a76:	0fdf      	lsrs	r7, r3, #31
10003a78:	900a      	str	r0, [sp, #40]	@ 0x28
10003a7a:	ea51 0003 	orrs.w	r0, r1, r3
10003a7e:	d162      	bne.n	10003b46 <_vsnprintf+0x742>
10003a80:	2a00      	cmp	r2, #0
10003a82:	f040 819f 	bne.w	10003dc4 <_vsnprintf+0x9c0>
10003a86:	4613      	mov	r3, r2
10003a88:	4611      	mov	r1, r2
10003a8a:	aa12      	add	r2, sp, #72	@ 0x48
10003a8c:	e9cd 750c 	strd	r7, r5, [sp, #48]	@ 0x30
10003a90:	2000      	movs	r0, #0
10003a92:	4615      	mov	r5, r2
10003a94:	e9cd 680e 	strd	r6, r8, [sp, #56]	@ 0x38
10003a98:	f8df e348 	ldr.w	lr, [pc, #840]	@ 10003de4 <_vsnprintf+0x9e0>
10003a9c:	920b      	str	r2, [sp, #44]	@ 0x2c
10003a9e:	e001      	b.n	10003aa4 <_vsnprintf+0x6a0>
10003aa0:	2820      	cmp	r0, #32
10003aa2:	d02d      	beq.n	10003b00 <_vsnprintf+0x6fc>
10003aa4:	185a      	adds	r2, r3, r1
10003aa6:	f142 0200 	adc.w	r2, r2, #0
10003aaa:	fbae 7802 	umull	r7, r8, lr, r2
10003aae:	f028 0703 	bic.w	r7, r8, #3
10003ab2:	eb07 0798 	add.w	r7, r7, r8, lsr #2
10003ab6:	1bd2      	subs	r2, r2, r7
10003ab8:	461e      	mov	r6, r3
10003aba:	1a9b      	subs	r3, r3, r2
10003abc:	f161 0700 	sbc.w	r7, r1, #0
10003ac0:	460c      	mov	r4, r1
10003ac2:	f04f 31cc 	mov.w	r1, #3435973836	@ 0xcccccccc
10003ac6:	fb01 f103 	mul.w	r1, r1, r3
10003aca:	fb0e 1107 	mla	r1, lr, r7, r1
10003ace:	fba3 730e 	umull	r7, r3, r3, lr
10003ad2:	4419      	add	r1, r3
10003ad4:	2305      	movs	r3, #5
10003ad6:	f007 0801 	and.w	r8, r7, #1
10003ada:	fba8 3803 	umull	r3, r8, r8, r3
10003ade:	189b      	adds	r3, r3, r2
10003ae0:	2e0a      	cmp	r6, #10
10003ae2:	f103 0330 	add.w	r3, r3, #48	@ 0x30
10003ae6:	ea4f 0757 	mov.w	r7, r7, lsr #1
10003aea:	f174 0400 	sbcs.w	r4, r4, #0
10003aee:	f805 3b01 	strb.w	r3, [r5], #1
10003af2:	f100 0001 	add.w	r0, r0, #1
10003af6:	ea47 73c1 	orr.w	r3, r7, r1, lsl #31
10003afa:	ea4f 0151 	mov.w	r1, r1, lsr #1
10003afe:	d2cf      	bcs.n	10003aa0 <_vsnprintf+0x69c>
10003b00:	e9dd 750c 	ldrd	r7, r5, [sp, #48]	@ 0x30
10003b04:	e9dd 680e 	ldrd	r6, r8, [sp, #56]	@ 0x38
10003b08:	9b0b      	ldr	r3, [sp, #44]	@ 0x2c
10003b0a:	4642      	mov	r2, r8
10003b0c:	9300      	str	r3, [sp, #0]
10003b0e:	230a      	movs	r3, #10
10003b10:	e9cd 5c05 	strd	r5, ip, [sp, #20]
10003b14:	e9cd 0701 	strd	r0, r7, [sp, #4]
10003b18:	9604      	str	r6, [sp, #16]
10003b1a:	9303      	str	r3, [sp, #12]
10003b1c:	464b      	mov	r3, r9
10003b1e:	4651      	mov	r1, sl
10003b20:	4658      	mov	r0, fp
10003b22:	f7fe fe5f 	bl	100027e4 <_ntoa_format>
10003b26:	4680      	mov	r8, r0
10003b28:	e48a      	b.n	10003440 <_vsnprintf+0x3c>
10003b2a:	7819      	ldrb	r1, [r3, #0]
10003b2c:	460f      	mov	r7, r1
10003b2e:	e764      	b.n	100039fa <_vsnprintf+0x5f6>
10003b30:	2710      	movs	r7, #16
10003b32:	46bc      	mov	ip, r7
10003b34:	e6b3      	b.n	1000389e <_vsnprintf+0x49a>
10003b36:	f023 0c10 	bic.w	ip, r3, #16
10003b3a:	e745      	b.n	100039c8 <_vsnprintf+0x5c4>
10003b3c:	061c      	lsls	r4, r3, #24
10003b3e:	bf4c      	ite	mi
10003b40:	8812      	ldrhmi	r2, [r2, #0]
10003b42:	6812      	ldrpl	r2, [r2, #0]
10003b44:	e6c0      	b.n	100038c8 <_vsnprintf+0x4c4>
10003b46:	460a      	mov	r2, r1
10003b48:	1e19      	subs	r1, r3, #0
10003b4a:	db01      	blt.n	10003b50 <_vsnprintf+0x74c>
10003b4c:	4613      	mov	r3, r2
10003b4e:	e79c      	b.n	10003a8a <_vsnprintf+0x686>
10003b50:	4252      	negs	r2, r2
10003b52:	4613      	mov	r3, r2
10003b54:	eb61 0141 	sbc.w	r1, r1, r1, lsl #1
10003b58:	e797      	b.n	10003a8a <_vsnprintf+0x686>
10003b5a:	4613      	mov	r3, r2
10003b5c:	4651      	mov	r1, sl
10003b5e:	7818      	ldrb	r0, [r3, #0]
10003b60:	4642      	mov	r2, r8
10003b62:	464b      	mov	r3, r9
10003b64:	47d8      	blx	fp
10003b66:	46b0      	mov	r8, r6
10003b68:	e648      	b.n	100037fc <_vsnprintf+0x3f8>
10003b6a:	f013 0f20 	tst.w	r3, #32
10003b6e:	bf14      	ite	ne
10003b70:	2041      	movne	r0, #65	@ 0x41
10003b72:	2061      	moveq	r0, #97	@ 0x61
10003b74:	ac12      	add	r4, sp, #72	@ 0x48
10003b76:	46a6      	mov	lr, r4
10003b78:	940b      	str	r4, [sp, #44]	@ 0x2c
10003b7a:	930a      	str	r3, [sp, #40]	@ 0x28
10003b7c:	f1a0 040a 	sub.w	r4, r0, #10
10003b80:	950c      	str	r5, [sp, #48]	@ 0x30
10003b82:	e002      	b.n	10003b8a <_vsnprintf+0x786>
10003b84:	2920      	cmp	r1, #32
10003b86:	d012      	beq.n	10003bae <_vsnprintf+0x7aa>
10003b88:	462a      	mov	r2, r5
10003b8a:	fbb2 f5fc 	udiv	r5, r2, ip
10003b8e:	fb0c 2015 	mls	r0, ip, r5, r2
10003b92:	b2c3      	uxtb	r3, r0
10003b94:	2809      	cmp	r0, #9
10003b96:	f103 0030 	add.w	r0, r3, #48	@ 0x30
10003b9a:	bf8a      	itet	hi
10003b9c:	191b      	addhi	r3, r3, r4
10003b9e:	b2c3      	uxtbls	r3, r0
10003ba0:	b2db      	uxtbhi	r3, r3
10003ba2:	4562      	cmp	r2, ip
10003ba4:	f80e 3b01 	strb.w	r3, [lr], #1
10003ba8:	f101 0101 	add.w	r1, r1, #1
10003bac:	d2ea      	bcs.n	10003b84 <_vsnprintf+0x780>
10003bae:	9b0a      	ldr	r3, [sp, #40]	@ 0x28
10003bb0:	9d0c      	ldr	r5, [sp, #48]	@ 0x30
10003bb2:	e694      	b.n	100038de <_vsnprintf+0x4da>
10003bb4:	9a0a      	ldr	r2, [sp, #40]	@ 0x28
10003bb6:	3207      	adds	r2, #7
10003bb8:	f022 0207 	bic.w	r2, r2, #7
10003bbc:	6851      	ldr	r1, [r2, #4]
10003bbe:	f852 4b08 	ldr.w	r4, [r2], #8
10003bc2:	468e      	mov	lr, r1
10003bc4:	920a      	str	r2, [sp, #40]	@ 0x28
10003bc6:	ea54 0201 	orrs.w	r2, r4, r1
10003bca:	d176      	bne.n	10003cba <_vsnprintf+0x8b6>
10003bcc:	f023 0310 	bic.w	r3, r3, #16
10003bd0:	2800      	cmp	r0, #0
10003bd2:	d072      	beq.n	10003cba <_vsnprintf+0x8b6>
10003bd4:	2200      	movs	r2, #0
10003bd6:	4611      	mov	r1, r2
10003bd8:	aa12      	add	r2, sp, #72	@ 0x48
10003bda:	920b      	str	r2, [sp, #44]	@ 0x2c
10003bdc:	e9cd 5305 	strd	r5, r3, [sp, #20]
10003be0:	9b0b      	ldr	r3, [sp, #44]	@ 0x2c
10003be2:	4642      	mov	r2, r8
10003be4:	9300      	str	r3, [sp, #0]
10003be6:	2300      	movs	r3, #0
10003be8:	e9cd c603 	strd	ip, r6, [sp, #12]
10003bec:	9101      	str	r1, [sp, #4]
10003bee:	9302      	str	r3, [sp, #8]
10003bf0:	e794      	b.n	10003b1c <_vsnprintf+0x718>
10003bf2:	42a5      	cmp	r5, r4
10003bf4:	bf98      	it	ls
10003bf6:	3401      	addls	r4, #1
10003bf8:	f67f ad74 	bls.w	100036e4 <_vsnprintf+0x2e0>
10003bfc:	f44f 6380 	mov.w	r3, #1024	@ 0x400
10003c00:	e9cd 750a 	strd	r7, r5, [sp, #40]	@ 0x28
10003c04:	eb05 0208 	add.w	r2, r5, r8
10003c08:	461f      	mov	r7, r3
10003c0a:	460d      	mov	r5, r1
10003c0c:	1b14      	subs	r4, r2, r4
10003c0e:	4642      	mov	r2, r8
10003c10:	464b      	mov	r3, r9
10003c12:	4651      	mov	r1, sl
10003c14:	2020      	movs	r0, #32
10003c16:	f108 0801 	add.w	r8, r8, #1
10003c1a:	47d8      	blx	fp
10003c1c:	45a0      	cmp	r8, r4
10003c1e:	d1f6      	bne.n	10003c0e <_vsnprintf+0x80a>
10003c20:	463b      	mov	r3, r7
10003c22:	9f0a      	ldr	r7, [sp, #40]	@ 0x28
10003c24:	4629      	mov	r1, r5
10003c26:	7838      	ldrb	r0, [r7, #0]
10003c28:	9d0b      	ldr	r5, [sp, #44]	@ 0x2c
10003c2a:	1c6c      	adds	r4, r5, #1
10003c2c:	2800      	cmp	r0, #0
10003c2e:	f43f ad70 	beq.w	10003712 <_vsnprintf+0x30e>
10003c32:	2b00      	cmp	r3, #0
10003c34:	f43f ae75 	beq.w	10003922 <_vsnprintf+0x51e>
10003c38:	2300      	movs	r3, #0
10003c3a:	e553      	b.n	100036e4 <_vsnprintf+0x2e0>
10003c3c:	42a5      	cmp	r5, r4
10003c3e:	d8df      	bhi.n	10003c00 <_vsnprintf+0x7fc>
10003c40:	3401      	adds	r4, #1
10003c42:	e66e      	b.n	10003922 <_vsnprintf+0x51e>
10003c44:	6819      	ldr	r1, [r3, #0]
10003c46:	0fcb      	lsrs	r3, r1, #31
10003c48:	2900      	cmp	r1, #0
10003c4a:	f000 80a8 	beq.w	10003d9e <_vsnprintf+0x99a>
10003c4e:	ea81 72e1 	eor.w	r2, r1, r1, asr #31
10003c52:	eba2 72e1 	sub.w	r2, r2, r1, asr #31
10003c56:	a912      	add	r1, sp, #72	@ 0x48
10003c58:	4608      	mov	r0, r1
10003c5a:	f8df e188 	ldr.w	lr, [pc, #392]	@ 10003de4 <_vsnprintf+0x9e0>
10003c5e:	910b      	str	r1, [sp, #44]	@ 0x2c
10003c60:	930a      	str	r3, [sp, #40]	@ 0x28
10003c62:	950c      	str	r5, [sp, #48]	@ 0x30
10003c64:	e001      	b.n	10003c6a <_vsnprintf+0x866>
10003c66:	2f20      	cmp	r7, #32
10003c68:	d00f      	beq.n	10003c8a <_vsnprintf+0x886>
10003c6a:	4615      	mov	r5, r2
10003c6c:	fbae 1302 	umull	r1, r3, lr, r2
10003c70:	08db      	lsrs	r3, r3, #3
10003c72:	eb03 0183 	add.w	r1, r3, r3, lsl #2
10003c76:	eba2 0141 	sub.w	r1, r2, r1, lsl #1
10003c7a:	3130      	adds	r1, #48	@ 0x30
10003c7c:	2d09      	cmp	r5, #9
10003c7e:	461a      	mov	r2, r3
10003c80:	f107 0701 	add.w	r7, r7, #1
10003c84:	f800 1b01 	strb.w	r1, [r0], #1
10003c88:	d8ed      	bhi.n	10003c66 <_vsnprintf+0x862>
10003c8a:	9b0a      	ldr	r3, [sp, #40]	@ 0x28
10003c8c:	9d0c      	ldr	r5, [sp, #48]	@ 0x30
10003c8e:	e9cd 5c05 	strd	r5, ip, [sp, #20]
10003c92:	e9cd 7301 	strd	r7, r3, [sp, #4]
10003c96:	9604      	str	r6, [sp, #16]
10003c98:	e6d5      	b.n	10003a46 <_vsnprintf+0x642>
10003c9a:	2869      	cmp	r0, #105	@ 0x69
10003c9c:	f023 0c10 	bic.w	ip, r3, #16
10003ca0:	f040 808c 	bne.w	10003dbc <_vsnprintf+0x9b8>
10003ca4:	f413 6280 	ands.w	r2, r3, #1024	@ 0x400
10003ca8:	f43f ae8e 	beq.w	100039c8 <_vsnprintf+0x5c4>
10003cac:	e688      	b.n	100039c0 <_vsnprintf+0x5bc>
10003cae:	2a00      	cmp	r2, #0
10003cb0:	f43f aea8 	beq.w	10003a04 <_vsnprintf+0x600>
10003cb4:	aa12      	add	r2, sp, #72	@ 0x48
10003cb6:	920b      	str	r2, [sp, #44]	@ 0x2c
10003cb8:	e6c0      	b.n	10003a3c <_vsnprintf+0x638>
10003cba:	f013 0f20 	tst.w	r3, #32
10003cbe:	bf14      	ite	ne
10003cc0:	2241      	movne	r2, #65	@ 0x41
10003cc2:	2261      	moveq	r2, #97	@ 0x61
10003cc4:	2000      	movs	r0, #0
10003cc6:	a912      	add	r1, sp, #72	@ 0x48
10003cc8:	3a0a      	subs	r2, #10
10003cca:	e9cd 680e 	strd	r6, r8, [sp, #56]	@ 0x38
10003cce:	e9cd 350c 	strd	r3, r5, [sp, #48]	@ 0x30
10003cd2:	f8cd b044 	str.w	fp, [sp, #68]	@ 0x44
10003cd6:	4606      	mov	r6, r0
10003cd8:	4688      	mov	r8, r1
10003cda:	4675      	mov	r5, lr
10003cdc:	4693      	mov	fp, r2
10003cde:	910b      	str	r1, [sp, #44]	@ 0x2c
10003ce0:	f8cd c040 	str.w	ip, [sp, #64]	@ 0x40
10003ce4:	e003      	b.n	10003cee <_vsnprintf+0x8ea>
10003ce6:	2e20      	cmp	r6, #32
10003ce8:	d017      	beq.n	10003d1a <_vsnprintf+0x916>
10003cea:	4604      	mov	r4, r0
10003cec:	460d      	mov	r5, r1
10003cee:	4629      	mov	r1, r5
10003cf0:	463a      	mov	r2, r7
10003cf2:	2300      	movs	r3, #0
10003cf4:	4620      	mov	r0, r4
10003cf6:	f002 ff9f 	bl	10006c38 <____aeabi_uldivmod_veneer>
10003cfa:	b2d2      	uxtb	r2, r2
10003cfc:	2a09      	cmp	r2, #9
10003cfe:	f102 0330 	add.w	r3, r2, #48	@ 0x30
10003d02:	bf88      	it	hi
10003d04:	eb02 030b 	addhi.w	r3, r2, fp
10003d08:	42bc      	cmp	r4, r7
10003d0a:	b2db      	uxtb	r3, r3
10003d0c:	f175 0500 	sbcs.w	r5, r5, #0
10003d10:	f808 3b01 	strb.w	r3, [r8], #1
10003d14:	f106 0601 	add.w	r6, r6, #1
10003d18:	d2e5      	bcs.n	10003ce6 <_vsnprintf+0x8e2>
10003d1a:	4631      	mov	r1, r6
10003d1c:	e9dd 350c 	ldrd	r3, r5, [sp, #48]	@ 0x30
10003d20:	e9dd cb10 	ldrd	ip, fp, [sp, #64]	@ 0x40
10003d24:	f8dd 803c 	ldr.w	r8, [sp, #60]	@ 0x3c
10003d28:	9e0e      	ldr	r6, [sp, #56]	@ 0x38
10003d2a:	e757      	b.n	10003bdc <_vsnprintf+0x7d8>
10003d2c:	990a      	ldr	r1, [sp, #40]	@ 0x28
10003d2e:	6809      	ldr	r1, [r1, #0]
10003d30:	b951      	cbnz	r1, 10003d48 <_vsnprintf+0x944>
10003d32:	f023 0310 	bic.w	r3, r3, #16
10003d36:	b138      	cbz	r0, 10003d48 <_vsnprintf+0x944>
10003d38:	a912      	add	r1, sp, #72	@ 0x48
10003d3a:	910b      	str	r1, [sp, #44]	@ 0x2c
10003d3c:	e9cd 5305 	strd	r5, r3, [sp, #20]
10003d40:	e9cd c603 	strd	ip, r6, [sp, #12]
10003d44:	9201      	str	r2, [sp, #4]
10003d46:	e5cf      	b.n	100038e8 <_vsnprintf+0x4e4>
10003d48:	f013 0f20 	tst.w	r3, #32
10003d4c:	bf14      	ite	ne
10003d4e:	2041      	movne	r0, #65	@ 0x41
10003d50:	2061      	moveq	r0, #97	@ 0x61
10003d52:	ac12      	add	r4, sp, #72	@ 0x48
10003d54:	46a6      	mov	lr, r4
10003d56:	940b      	str	r4, [sp, #44]	@ 0x2c
10003d58:	930a      	str	r3, [sp, #40]	@ 0x28
10003d5a:	f1a0 040a 	sub.w	r4, r0, #10
10003d5e:	950c      	str	r5, [sp, #48]	@ 0x30
10003d60:	e002      	b.n	10003d68 <_vsnprintf+0x964>
10003d62:	2a20      	cmp	r2, #32
10003d64:	d012      	beq.n	10003d8c <_vsnprintf+0x988>
10003d66:	4629      	mov	r1, r5
10003d68:	fbb1 f5fc 	udiv	r5, r1, ip
10003d6c:	fb0c 1015 	mls	r0, ip, r5, r1
10003d70:	b2c3      	uxtb	r3, r0
10003d72:	2809      	cmp	r0, #9
10003d74:	f103 0030 	add.w	r0, r3, #48	@ 0x30
10003d78:	bf8a      	itet	hi
10003d7a:	191b      	addhi	r3, r3, r4
10003d7c:	b2c3      	uxtbls	r3, r0
10003d7e:	b2db      	uxtbhi	r3, r3
10003d80:	4561      	cmp	r1, ip
10003d82:	f80e 3b01 	strb.w	r3, [lr], #1
10003d86:	f102 0201 	add.w	r2, r2, #1
10003d8a:	d2ea      	bcs.n	10003d62 <_vsnprintf+0x95e>
10003d8c:	9b0a      	ldr	r3, [sp, #40]	@ 0x28
10003d8e:	9d0c      	ldr	r5, [sp, #48]	@ 0x30
10003d90:	e7d4      	b.n	10003d3c <_vsnprintf+0x938>
10003d92:	6819      	ldr	r1, [r3, #0]
10003d94:	ea81 77e1 	eor.w	r7, r1, r1, asr #31
10003d98:	eba7 77e1 	sub.w	r7, r7, r1, asr #31
10003d9c:	e62d      	b.n	100039fa <_vsnprintf+0x5f6>
10003d9e:	2a00      	cmp	r2, #0
10003da0:	f43f af59 	beq.w	10003c56 <_vsnprintf+0x852>
10003da4:	aa12      	add	r2, sp, #72	@ 0x48
10003da6:	920b      	str	r2, [sp, #44]	@ 0x2c
10003da8:	e771      	b.n	10003c8e <_vsnprintf+0x88a>
10003daa:	f413 6480 	ands.w	r4, r3, #1024	@ 0x400
10003dae:	d00d      	beq.n	10003dcc <_vsnprintf+0x9c8>
10003db0:	f013 0402 	ands.w	r4, r3, #2
10003db4:	d012      	beq.n	10003ddc <_vsnprintf+0x9d8>
10003db6:	4604      	mov	r4, r0
10003db8:	4646      	mov	r6, r8
10003dba:	e5ec      	b.n	10003996 <_vsnprintf+0x592>
10003dbc:	270a      	movs	r7, #10
10003dbe:	4663      	mov	r3, ip
10003dc0:	46bc      	mov	ip, r7
10003dc2:	e56c      	b.n	1000389e <_vsnprintf+0x49a>
10003dc4:	ab12      	add	r3, sp, #72	@ 0x48
10003dc6:	2000      	movs	r0, #0
10003dc8:	930b      	str	r3, [sp, #44]	@ 0x2c
10003dca:	e69d      	b.n	10003b08 <_vsnprintf+0x704>
10003dcc:	f013 0302 	ands.w	r3, r3, #2
10003dd0:	f47f ade0 	bne.w	10003994 <_vsnprintf+0x590>
10003dd4:	2d00      	cmp	r5, #0
10003dd6:	f47f af13 	bne.w	10003c00 <_vsnprintf+0x7fc>
10003dda:	e49a      	b.n	10003712 <_vsnprintf+0x30e>
10003ddc:	2d00      	cmp	r5, #0
10003dde:	f47f af0d 	bne.w	10003bfc <_vsnprintf+0x7f8>
10003de2:	e496      	b.n	10003712 <_vsnprintf+0x30e>
10003de4:	cccccccd 	.word	0xcccccccd

10003de8 <vfctprintf>:
10003de8:	b570      	push	{r4, r5, r6, lr}
10003dea:	4694      	mov	ip, r2
10003dec:	461e      	mov	r6, r3
10003dee:	4605      	mov	r5, r0
10003df0:	460c      	mov	r4, r1
10003df2:	b084      	sub	sp, #16
10003df4:	f04f 32ff 	mov.w	r2, #4294967295	@ 0xffffffff
10003df8:	4663      	mov	r3, ip
10003dfa:	a902      	add	r1, sp, #8
10003dfc:	9600      	str	r6, [sp, #0]
10003dfe:	4803      	ldr	r0, [pc, #12]	@ (10003e0c <vfctprintf+0x24>)
10003e00:	e9cd 5402 	strd	r5, r4, [sp, #8]
10003e04:	f7ff fafe 	bl	10003404 <_vsnprintf>
10003e08:	b004      	add	sp, #16
10003e0a:	bd70      	pop	{r4, r5, r6, pc}
10003e0c:	100029c1 	.word	0x100029c1

10003e10 <weak_raw_vprintf>:
10003e10:	b510      	push	{r4, lr}
10003e12:	4b09      	ldr	r3, [pc, #36]	@ (10003e38 <weak_raw_vprintf+0x28>)
10003e14:	b084      	sub	sp, #16
10003e16:	681c      	ldr	r4, [r3, #0]
10003e18:	b14c      	cbz	r4, 10003e2e <weak_raw_vprintf+0x1e>
10003e1a:	4603      	mov	r3, r0
10003e1c:	9100      	str	r1, [sp, #0]
10003e1e:	f04f 32ff 	mov.w	r2, #4294967295	@ 0xffffffff
10003e22:	a903      	add	r1, sp, #12
10003e24:	4805      	ldr	r0, [pc, #20]	@ (10003e3c <weak_raw_vprintf+0x2c>)
10003e26:	47a0      	blx	r4
10003e28:	2001      	movs	r0, #1
10003e2a:	b004      	add	sp, #16
10003e2c:	bd10      	pop	{r4, pc}
10003e2e:	f000 f979 	bl	10004124 <__wrap_puts>
10003e32:	4620      	mov	r0, r4
10003e34:	b004      	add	sp, #16
10003e36:	bd10      	pop	{r4, pc}
10003e38:	200021dc 	.word	0x200021dc
10003e3c:	100029b9 	.word	0x100029b9

10003e40 <_exit>:
10003e40:	be00      	bkpt	0x0000
10003e42:	e7fd      	b.n	10003e40 <_exit>

10003e44 <exit>:
10003e44:	b508      	push	{r3, lr}
10003e46:	f7ff fffb 	bl	10003e40 <_exit>
10003e4a:	bf00      	nop

10003e4c <runtime_init>:
10003e4c:	b538      	push	{r3, r4, r5, lr}
10003e4e:	4c06      	ldr	r4, [pc, #24]	@ (10003e68 <runtime_init+0x1c>)
10003e50:	4d06      	ldr	r5, [pc, #24]	@ (10003e6c <runtime_init+0x20>)
10003e52:	f7fd fc97 	bl	10001784 <runtime_run_initializers>
10003e56:	42ac      	cmp	r4, r5
10003e58:	d204      	bcs.n	10003e64 <runtime_init+0x18>
10003e5a:	f854 3b04 	ldr.w	r3, [r4], #4
10003e5e:	4798      	blx	r3
10003e60:	42ac      	cmp	r4, r5
10003e62:	d3fa      	bcc.n	10003e5a <runtime_init+0xe>
10003e64:	bd38      	pop	{r3, r4, r5, pc}
10003e66:	bf00      	nop
10003e68:	10006cb0 	.word	0x10006cb0
10003e6c:	10006cb8 	.word	0x10006cb8

10003e70 <stdio_out_chars_no_crlf>:
10003e70:	6803      	ldr	r3, [r0, #0]
10003e72:	4608      	mov	r0, r1
10003e74:	4611      	mov	r1, r2
10003e76:	4718      	bx	r3

10003e78 <stdio_out_chars_crlf>:
10003e78:	e92d 41f0 	stmdb	sp!, {r4, r5, r6, r7, r8, lr}
10003e7c:	4615      	mov	r5, r2
10003e7e:	7d42      	ldrb	r2, [r0, #21]
10003e80:	4607      	mov	r7, r0
10003e82:	4688      	mov	r8, r1
10003e84:	2a00      	cmp	r2, #0
10003e86:	d046      	beq.n	10003f16 <stdio_out_chars_crlf+0x9e>
10003e88:	2d00      	cmp	r5, #0
10003e8a:	dd1d      	ble.n	10003ec8 <stdio_out_chars_crlf+0x50>
10003e8c:	780b      	ldrb	r3, [r1, #0]
10003e8e:	2b0a      	cmp	r3, #10
10003e90:	d023      	beq.n	10003eda <stdio_out_chars_crlf+0x62>
10003e92:	2d01      	cmp	r5, #1
10003e94:	f04f 0c00 	mov.w	ip, #0
10003e98:	d018      	beq.n	10003ecc <stdio_out_chars_crlf+0x54>
10003e9a:	4646      	mov	r6, r8
10003e9c:	2401      	movs	r4, #1
10003e9e:	f816 2f01 	ldrb.w	r2, [r6, #1]!
10003ea2:	4621      	mov	r1, r4
10003ea4:	2a0a      	cmp	r2, #10
10003ea6:	f104 0401 	add.w	r4, r4, #1
10003eaa:	d022      	beq.n	10003ef2 <stdio_out_chars_crlf+0x7a>
10003eac:	42a5      	cmp	r5, r4
10003eae:	d1f6      	bne.n	10003e9e <stdio_out_chars_crlf+0x26>
10003eb0:	4565      	cmp	r5, ip
10003eb2:	dc0b      	bgt.n	10003ecc <stdio_out_chars_crlf+0x54>
10003eb4:	eb08 0305 	add.w	r3, r8, r5
10003eb8:	f813 3c01 	ldrb.w	r3, [r3, #-1]
10003ebc:	f1a3 030d 	sub.w	r3, r3, #13
10003ec0:	fab3 f383 	clz	r3, r3
10003ec4:	095b      	lsrs	r3, r3, #5
10003ec6:	753b      	strb	r3, [r7, #20]
10003ec8:	e8bd 81f0 	ldmia.w	sp!, {r4, r5, r6, r7, r8, pc}
10003ecc:	683b      	ldr	r3, [r7, #0]
10003ece:	eba5 010c 	sub.w	r1, r5, ip
10003ed2:	eb08 000c 	add.w	r0, r8, ip
10003ed6:	4798      	blx	r3
10003ed8:	e7ec      	b.n	10003eb4 <stdio_out_chars_crlf+0x3c>
10003eda:	7d03      	ldrb	r3, [r0, #20]
10003edc:	2b00      	cmp	r3, #0
10003ede:	d1d8      	bne.n	10003e92 <stdio_out_chars_crlf+0x1a>
10003ee0:	6803      	ldr	r3, [r0, #0]
10003ee2:	2102      	movs	r1, #2
10003ee4:	480f      	ldr	r0, [pc, #60]	@ (10003f24 <stdio_out_chars_crlf+0xac>)
10003ee6:	4798      	blx	r3
10003ee8:	2d01      	cmp	r5, #1
10003eea:	d0e3      	beq.n	10003eb4 <stdio_out_chars_crlf+0x3c>
10003eec:	f04f 0c01 	mov.w	ip, #1
10003ef0:	e7d3      	b.n	10003e9a <stdio_out_chars_crlf+0x22>
10003ef2:	f816 3c01 	ldrb.w	r3, [r6, #-1]
10003ef6:	2b0d      	cmp	r3, #13
10003ef8:	d0d8      	beq.n	10003eac <stdio_out_chars_crlf+0x34>
10003efa:	458c      	cmp	ip, r1
10003efc:	eb08 000c 	add.w	r0, r8, ip
10003f00:	eba1 010c 	sub.w	r1, r1, ip
10003f04:	da01      	bge.n	10003f0a <stdio_out_chars_crlf+0x92>
10003f06:	683b      	ldr	r3, [r7, #0]
10003f08:	4798      	blx	r3
10003f0a:	2102      	movs	r1, #2
10003f0c:	4805      	ldr	r0, [pc, #20]	@ (10003f24 <stdio_out_chars_crlf+0xac>)
10003f0e:	683b      	ldr	r3, [r7, #0]
10003f10:	4798      	blx	r3
10003f12:	46a4      	mov	ip, r4
10003f14:	e7ca      	b.n	10003eac <stdio_out_chars_crlf+0x34>
10003f16:	4629      	mov	r1, r5
10003f18:	4640      	mov	r0, r8
10003f1a:	683b      	ldr	r3, [r7, #0]
10003f1c:	e8bd 41f0 	ldmia.w	sp!, {r4, r5, r6, r7, r8, lr}
10003f20:	4718      	bx	r3
10003f22:	bf00      	nop
10003f24:	10006ef8 	.word	0x10006ef8

10003f28 <stdio_buffered_printer>:
10003f28:	680b      	ldr	r3, [r1, #0]
10003f2a:	e92d 41f0 	stmdb	sp!, {r4, r5, r6, r7, r8, lr}
10003f2e:	2b80      	cmp	r3, #128	@ 0x80
10003f30:	460d      	mov	r5, r1
10003f32:	4606      	mov	r6, r0
10003f34:	d005      	beq.n	10003f42 <stdio_buffered_printer+0x1a>
10003f36:	1c5a      	adds	r2, r3, #1
10003f38:	442b      	add	r3, r5
10003f3a:	602a      	str	r2, [r5, #0]
10003f3c:	711e      	strb	r6, [r3, #4]
10003f3e:	e8bd 81f0 	ldmia.w	sp!, {r4, r5, r6, r7, r8, pc}
10003f42:	4b0f      	ldr	r3, [pc, #60]	@ (10003f80 <stdio_buffered_printer+0x58>)
10003f44:	681c      	ldr	r4, [r3, #0]
10003f46:	b1a4      	cbz	r4, 10003f72 <stdio_buffered_printer+0x4a>
10003f48:	4f0e      	ldr	r7, [pc, #56]	@ (10003f84 <stdio_buffered_printer+0x5c>)
10003f4a:	f101 0804 	add.w	r8, r1, #4
10003f4e:	e001      	b.n	10003f54 <stdio_buffered_printer+0x2c>
10003f50:	6924      	ldr	r4, [r4, #16]
10003f52:	b174      	cbz	r4, 10003f72 <stdio_buffered_printer+0x4a>
10003f54:	6823      	ldr	r3, [r4, #0]
10003f56:	2b00      	cmp	r3, #0
10003f58:	d0fa      	beq.n	10003f50 <stdio_buffered_printer+0x28>
10003f5a:	683b      	ldr	r3, [r7, #0]
10003f5c:	b10b      	cbz	r3, 10003f62 <stdio_buffered_printer+0x3a>
10003f5e:	42a3      	cmp	r3, r4
10003f60:	d1f6      	bne.n	10003f50 <stdio_buffered_printer+0x28>
10003f62:	4620      	mov	r0, r4
10003f64:	4641      	mov	r1, r8
10003f66:	682a      	ldr	r2, [r5, #0]
10003f68:	f7ff ff86 	bl	10003e78 <stdio_out_chars_crlf>
10003f6c:	6924      	ldr	r4, [r4, #16]
10003f6e:	2c00      	cmp	r4, #0
10003f70:	d1f0      	bne.n	10003f54 <stdio_buffered_printer+0x2c>
10003f72:	2300      	movs	r3, #0
10003f74:	2201      	movs	r2, #1
10003f76:	442b      	add	r3, r5
10003f78:	602a      	str	r2, [r5, #0]
10003f7a:	711e      	strb	r6, [r3, #4]
10003f7c:	e8bd 81f0 	ldmia.w	sp!, {r4, r5, r6, r7, r8, pc}
10003f80:	20001dd0 	.word	0x20001dd0
10003f84:	20001dd8 	.word	0x20001dd8

10003f88 <stdio_put_string>:
10003f88:	e92d 47f0 	stmdb	sp!, {r4, r5, r6, r7, r8, r9, sl, lr}
10003f8c:	b082      	sub	sp, #8
10003f8e:	460d      	mov	r5, r1
10003f90:	4691      	mov	r9, r2
10003f92:	461c      	mov	r4, r3
10003f94:	4606      	mov	r6, r0
10003f96:	f7fd fa61 	bl	1000145c <time_us_64>
10003f9a:	f04f 3cff 	mov.w	ip, #4294967295	@ 0xffffffff
10003f9e:	f06f 4700 	mvn.w	r7, #2147483648	@ 0x80000000
10003fa2:	4a2e      	ldr	r2, [pc, #184]	@ (1000405c <stdio_put_string+0xd4>)
10003fa4:	1882      	adds	r2, r0, r2
10003fa6:	f141 0300 	adc.w	r3, r1, #0
10003faa:	4594      	cmp	ip, r2
10003fac:	eb77 0103 	sbcs.w	r1, r7, r3
10003fb0:	bf3c      	itt	cc
10003fb2:	4662      	movcc	r2, ip
10003fb4:	463b      	movcc	r3, r7
10003fb6:	482a      	ldr	r0, [pc, #168]	@ (10004060 <stdio_put_string+0xd8>)
10003fb8:	f002 fe4a 	bl	10006c50 <__mutex_try_enter_block_until_veneer>
10003fbc:	1c6b      	adds	r3, r5, #1
10003fbe:	4680      	mov	r8, r0
10003fc0:	d040      	beq.n	10004044 <stdio_put_string+0xbc>
10003fc2:	b30c      	cbz	r4, 10004008 <stdio_put_string+0x80>
10003fc4:	4f27      	ldr	r7, [pc, #156]	@ (10004064 <stdio_put_string+0xdc>)
10003fc6:	4b28      	ldr	r3, [pc, #160]	@ (10004068 <stdio_put_string+0xe0>)
10003fc8:	681c      	ldr	r4, [r3, #0]
10003fca:	b1b4      	cbz	r4, 10003ffa <stdio_put_string+0x72>
10003fcc:	f1b9 0f00 	cmp.w	r9, #0
10003fd0:	d11c      	bne.n	1000400c <stdio_put_string+0x84>
10003fd2:	f8df 909c 	ldr.w	r9, [pc, #156]	@ 10004070 <stdio_put_string+0xe8>
10003fd6:	e001      	b.n	10003fdc <stdio_put_string+0x54>
10003fd8:	6924      	ldr	r4, [r4, #16]
10003fda:	b174      	cbz	r4, 10003ffa <stdio_put_string+0x72>
10003fdc:	6823      	ldr	r3, [r4, #0]
10003fde:	2b00      	cmp	r3, #0
10003fe0:	d0fa      	beq.n	10003fd8 <stdio_put_string+0x50>
10003fe2:	f8d9 3000 	ldr.w	r3, [r9]
10003fe6:	b10b      	cbz	r3, 10003fec <stdio_put_string+0x64>
10003fe8:	429c      	cmp	r4, r3
10003fea:	d1f5      	bne.n	10003fd8 <stdio_put_string+0x50>
10003fec:	4620      	mov	r0, r4
10003fee:	462a      	mov	r2, r5
10003ff0:	4631      	mov	r1, r6
10003ff2:	47b8      	blx	r7
10003ff4:	6924      	ldr	r4, [r4, #16]
10003ff6:	2c00      	cmp	r4, #0
10003ff8:	d1f0      	bne.n	10003fdc <stdio_put_string+0x54>
10003ffa:	f1b8 0f00 	cmp.w	r8, #0
10003ffe:	d126      	bne.n	1000404e <stdio_put_string+0xc6>
10004000:	4628      	mov	r0, r5
10004002:	b002      	add	sp, #8
10004004:	e8bd 87f0 	ldmia.w	sp!, {r4, r5, r6, r7, r8, r9, sl, pc}
10004008:	4f18      	ldr	r7, [pc, #96]	@ (1000406c <stdio_put_string+0xe4>)
1000400a:	e7dc      	b.n	10003fc6 <stdio_put_string+0x3e>
1000400c:	f04f 0a0a 	mov.w	sl, #10
10004010:	f8df 905c 	ldr.w	r9, [pc, #92]	@ 10004070 <stdio_put_string+0xe8>
10004014:	e002      	b.n	1000401c <stdio_put_string+0x94>
10004016:	6924      	ldr	r4, [r4, #16]
10004018:	2c00      	cmp	r4, #0
1000401a:	d0ee      	beq.n	10003ffa <stdio_put_string+0x72>
1000401c:	6823      	ldr	r3, [r4, #0]
1000401e:	2b00      	cmp	r3, #0
10004020:	d0f9      	beq.n	10004016 <stdio_put_string+0x8e>
10004022:	f8d9 3000 	ldr.w	r3, [r9]
10004026:	b10b      	cbz	r3, 1000402c <stdio_put_string+0xa4>
10004028:	42a3      	cmp	r3, r4
1000402a:	d1f4      	bne.n	10004016 <stdio_put_string+0x8e>
1000402c:	462a      	mov	r2, r5
1000402e:	4631      	mov	r1, r6
10004030:	4620      	mov	r0, r4
10004032:	47b8      	blx	r7
10004034:	2201      	movs	r2, #1
10004036:	4620      	mov	r0, r4
10004038:	f10d 0107 	add.w	r1, sp, #7
1000403c:	f88d a007 	strb.w	sl, [sp, #7]
10004040:	47b8      	blx	r7
10004042:	e7e8      	b.n	10004016 <stdio_put_string+0x8e>
10004044:	4630      	mov	r0, r6
10004046:	f002 fdb1 	bl	10006bac <strlen>
1000404a:	4605      	mov	r5, r0
1000404c:	e7b9      	b.n	10003fc2 <stdio_put_string+0x3a>
1000404e:	4804      	ldr	r0, [pc, #16]	@ (10004060 <stdio_put_string+0xd8>)
10004050:	f002 fdf6 	bl	10006c40 <__mutex_exit_veneer>
10004054:	4628      	mov	r0, r5
10004056:	b002      	add	sp, #8
10004058:	e8bd 87f0 	ldmia.w	sp!, {r4, r5, r6, r7, r8, r9, sl, pc}
1000405c:	000f4240 	.word	0x000f4240
10004060:	20001624 	.word	0x20001624
10004064:	10003e79 	.word	0x10003e79
10004068:	20001dd0 	.word	0x20001dd0
1000406c:	10003e71 	.word	0x10003e71
10004070:	20001dd8 	.word	0x20001dd8

10004074 <stdio_set_driver_enabled>:
10004074:	4a08      	ldr	r2, [pc, #32]	@ (10004098 <stdio_set_driver_enabled+0x24>)
10004076:	6813      	ldr	r3, [r2, #0]
10004078:	b923      	cbnz	r3, 10004084 <stdio_set_driver_enabled+0x10>
1000407a:	e00a      	b.n	10004092 <stdio_set_driver_enabled+0x1e>
1000407c:	f103 0210 	add.w	r2, r3, #16
10004080:	691b      	ldr	r3, [r3, #16]
10004082:	b133      	cbz	r3, 10004092 <stdio_set_driver_enabled+0x1e>
10004084:	4283      	cmp	r3, r0
10004086:	d1f9      	bne.n	1000407c <stdio_set_driver_enabled+0x8>
10004088:	b929      	cbnz	r1, 10004096 <stdio_set_driver_enabled+0x22>
1000408a:	6918      	ldr	r0, [r3, #16]
1000408c:	6010      	str	r0, [r2, #0]
1000408e:	6119      	str	r1, [r3, #16]
10004090:	4770      	bx	lr
10004092:	b101      	cbz	r1, 10004096 <stdio_set_driver_enabled+0x22>
10004094:	6010      	str	r0, [r2, #0]
10004096:	4770      	bx	lr
10004098:	20001dd0 	.word	0x20001dd0

1000409c <stdio_init_all>:
1000409c:	f000 bade 	b.w	1000465c <stdio_usb_init>

100040a0 <__wrap_putchar>:
100040a0:	b5f0      	push	{r4, r5, r6, r7, lr}
100040a2:	b083      	sub	sp, #12
100040a4:	4606      	mov	r6, r0
100040a6:	f88d 0007 	strb.w	r0, [sp, #7]
100040aa:	f7fd f9d7 	bl	1000145c <time_us_64>
100040ae:	f04f 35ff 	mov.w	r5, #4294967295	@ 0xffffffff
100040b2:	f06f 4400 	mvn.w	r4, #2147483648	@ 0x80000000
100040b6:	4a17      	ldr	r2, [pc, #92]	@ (10004114 <__wrap_putchar+0x74>)
100040b8:	1882      	adds	r2, r0, r2
100040ba:	f141 0300 	adc.w	r3, r1, #0
100040be:	4295      	cmp	r5, r2
100040c0:	eb74 0103 	sbcs.w	r1, r4, r3
100040c4:	bf3c      	itt	cc
100040c6:	4623      	movcc	r3, r4
100040c8:	462a      	movcc	r2, r5
100040ca:	4813      	ldr	r0, [pc, #76]	@ (10004118 <__wrap_putchar+0x78>)
100040cc:	f002 fdc0 	bl	10006c50 <__mutex_try_enter_block_until_veneer>
100040d0:	4b12      	ldr	r3, [pc, #72]	@ (1000411c <__wrap_putchar+0x7c>)
100040d2:	4607      	mov	r7, r0
100040d4:	681c      	ldr	r4, [r3, #0]
100040d6:	b19c      	cbz	r4, 10004100 <__wrap_putchar+0x60>
100040d8:	4d11      	ldr	r5, [pc, #68]	@ (10004120 <__wrap_putchar+0x80>)
100040da:	e001      	b.n	100040e0 <__wrap_putchar+0x40>
100040dc:	6924      	ldr	r4, [r4, #16]
100040de:	b17c      	cbz	r4, 10004100 <__wrap_putchar+0x60>
100040e0:	6823      	ldr	r3, [r4, #0]
100040e2:	2b00      	cmp	r3, #0
100040e4:	d0fa      	beq.n	100040dc <__wrap_putchar+0x3c>
100040e6:	682b      	ldr	r3, [r5, #0]
100040e8:	b10b      	cbz	r3, 100040ee <__wrap_putchar+0x4e>
100040ea:	429c      	cmp	r4, r3
100040ec:	d1f6      	bne.n	100040dc <__wrap_putchar+0x3c>
100040ee:	4620      	mov	r0, r4
100040f0:	2201      	movs	r2, #1
100040f2:	f10d 0107 	add.w	r1, sp, #7
100040f6:	f7ff febf 	bl	10003e78 <stdio_out_chars_crlf>
100040fa:	6924      	ldr	r4, [r4, #16]
100040fc:	2c00      	cmp	r4, #0
100040fe:	d1ef      	bne.n	100040e0 <__wrap_putchar+0x40>
10004100:	b917      	cbnz	r7, 10004108 <__wrap_putchar+0x68>
10004102:	4630      	mov	r0, r6
10004104:	b003      	add	sp, #12
10004106:	bdf0      	pop	{r4, r5, r6, r7, pc}
10004108:	4803      	ldr	r0, [pc, #12]	@ (10004118 <__wrap_putchar+0x78>)
1000410a:	f002 fd99 	bl	10006c40 <__mutex_exit_veneer>
1000410e:	4630      	mov	r0, r6
10004110:	b003      	add	sp, #12
10004112:	bdf0      	pop	{r4, r5, r6, r7, pc}
10004114:	000f4240 	.word	0x000f4240
10004118:	20001624 	.word	0x20001624
1000411c:	20001dd0 	.word	0x20001dd0
10004120:	20001dd8 	.word	0x20001dd8

10004124 <__wrap_puts>:
10004124:	b538      	push	{r3, r4, r5, lr}
10004126:	4604      	mov	r4, r0
10004128:	f002 fd40 	bl	10006bac <strlen>
1000412c:	2301      	movs	r3, #1
1000412e:	4605      	mov	r5, r0
10004130:	461a      	mov	r2, r3
10004132:	4620      	mov	r0, r4
10004134:	4629      	mov	r1, r5
10004136:	f7ff ff27 	bl	10003f88 <stdio_put_string>
1000413a:	4b08      	ldr	r3, [pc, #32]	@ (1000415c <__wrap_puts+0x38>)
1000413c:	681c      	ldr	r4, [r3, #0]
1000413e:	b12c      	cbz	r4, 1000414c <__wrap_puts+0x28>
10004140:	6863      	ldr	r3, [r4, #4]
10004142:	b12b      	cbz	r3, 10004150 <__wrap_puts+0x2c>
10004144:	4798      	blx	r3
10004146:	6924      	ldr	r4, [r4, #16]
10004148:	2c00      	cmp	r4, #0
1000414a:	d1f9      	bne.n	10004140 <__wrap_puts+0x1c>
1000414c:	4628      	mov	r0, r5
1000414e:	bd38      	pop	{r3, r4, r5, pc}
10004150:	6924      	ldr	r4, [r4, #16]
10004152:	2c00      	cmp	r4, #0
10004154:	d1f4      	bne.n	10004140 <__wrap_puts+0x1c>
10004156:	4628      	mov	r0, r5
10004158:	bd38      	pop	{r3, r4, r5, pc}
1000415a:	bf00      	nop
1000415c:	20001dd0 	.word	0x20001dd0

10004160 <__wrap_vprintf>:
10004160:	e92d 41f0 	stmdb	sp!, {r4, r5, r6, r7, r8, lr}
10004164:	b0a2      	sub	sp, #136	@ 0x88
10004166:	4604      	mov	r4, r0
10004168:	460d      	mov	r5, r1
1000416a:	f7fd f977 	bl	1000145c <time_us_64>
1000416e:	f04f 37ff 	mov.w	r7, #4294967295	@ 0xffffffff
10004172:	f06f 4600 	mvn.w	r6, #2147483648	@ 0x80000000
10004176:	4a26      	ldr	r2, [pc, #152]	@ (10004210 <__wrap_vprintf+0xb0>)
10004178:	f8df 80a4 	ldr.w	r8, [pc, #164]	@ 10004220 <__wrap_vprintf+0xc0>
1000417c:	1882      	adds	r2, r0, r2
1000417e:	f141 0300 	adc.w	r3, r1, #0
10004182:	4297      	cmp	r7, r2
10004184:	eb76 0103 	sbcs.w	r1, r6, r3
10004188:	bf3c      	itt	cc
1000418a:	463a      	movcc	r2, r7
1000418c:	4633      	movcc	r3, r6
1000418e:	4821      	ldr	r0, [pc, #132]	@ (10004214 <__wrap_vprintf+0xb4>)
10004190:	f002 fd5e 	bl	10006c50 <__mutex_try_enter_block_until_veneer>
10004194:	2700      	movs	r7, #0
10004196:	462b      	mov	r3, r5
10004198:	4622      	mov	r2, r4
1000419a:	4606      	mov	r6, r0
1000419c:	a901      	add	r1, sp, #4
1000419e:	481e      	ldr	r0, [pc, #120]	@ (10004218 <__wrap_vprintf+0xb8>)
100041a0:	9701      	str	r7, [sp, #4]
100041a2:	f7ff fe21 	bl	10003de8 <vfctprintf>
100041a6:	9b01      	ldr	r3, [sp, #4]
100041a8:	4605      	mov	r5, r0
100041aa:	f8d8 4000 	ldr.w	r4, [r8]
100041ae:	b1c3      	cbz	r3, 100041e2 <__wrap_vprintf+0x82>
100041b0:	2c00      	cmp	r4, #0
100041b2:	d02b      	beq.n	1000420c <__wrap_vprintf+0xac>
100041b4:	4f19      	ldr	r7, [pc, #100]	@ (1000421c <__wrap_vprintf+0xbc>)
100041b6:	e001      	b.n	100041bc <__wrap_vprintf+0x5c>
100041b8:	6924      	ldr	r4, [r4, #16]
100041ba:	b174      	cbz	r4, 100041da <__wrap_vprintf+0x7a>
100041bc:	6823      	ldr	r3, [r4, #0]
100041be:	2b00      	cmp	r3, #0
100041c0:	d0fa      	beq.n	100041b8 <__wrap_vprintf+0x58>
100041c2:	683b      	ldr	r3, [r7, #0]
100041c4:	b10b      	cbz	r3, 100041ca <__wrap_vprintf+0x6a>
100041c6:	42a3      	cmp	r3, r4
100041c8:	d1f6      	bne.n	100041b8 <__wrap_vprintf+0x58>
100041ca:	4620      	mov	r0, r4
100041cc:	9a01      	ldr	r2, [sp, #4]
100041ce:	a902      	add	r1, sp, #8
100041d0:	f7ff fe52 	bl	10003e78 <stdio_out_chars_crlf>
100041d4:	6924      	ldr	r4, [r4, #16]
100041d6:	2c00      	cmp	r4, #0
100041d8:	d1f0      	bne.n	100041bc <__wrap_vprintf+0x5c>
100041da:	2300      	movs	r3, #0
100041dc:	f8d8 4000 	ldr.w	r4, [r8]
100041e0:	9301      	str	r3, [sp, #4]
100041e2:	b12c      	cbz	r4, 100041f0 <__wrap_vprintf+0x90>
100041e4:	6863      	ldr	r3, [r4, #4]
100041e6:	b143      	cbz	r3, 100041fa <__wrap_vprintf+0x9a>
100041e8:	4798      	blx	r3
100041ea:	6924      	ldr	r4, [r4, #16]
100041ec:	2c00      	cmp	r4, #0
100041ee:	d1f9      	bne.n	100041e4 <__wrap_vprintf+0x84>
100041f0:	b92e      	cbnz	r6, 100041fe <__wrap_vprintf+0x9e>
100041f2:	4628      	mov	r0, r5
100041f4:	b022      	add	sp, #136	@ 0x88
100041f6:	e8bd 81f0 	ldmia.w	sp!, {r4, r5, r6, r7, r8, pc}
100041fa:	6924      	ldr	r4, [r4, #16]
100041fc:	e7f1      	b.n	100041e2 <__wrap_vprintf+0x82>
100041fe:	4805      	ldr	r0, [pc, #20]	@ (10004214 <__wrap_vprintf+0xb4>)
10004200:	f002 fd1e 	bl	10006c40 <__mutex_exit_veneer>
10004204:	4628      	mov	r0, r5
10004206:	b022      	add	sp, #136	@ 0x88
10004208:	e8bd 81f0 	ldmia.w	sp!, {r4, r5, r6, r7, r8, pc}
1000420c:	9401      	str	r4, [sp, #4]
1000420e:	e7ef      	b.n	100041f0 <__wrap_vprintf+0x90>
10004210:	000f4240 	.word	0x000f4240
10004214:	20001624 	.word	0x20001624
10004218:	10003f29 	.word	0x10003f29
1000421c:	20001dd8 	.word	0x20001dd8
10004220:	20001dd0 	.word	0x20001dd0

10004224 <__wrap_printf>:
10004224:	b40f      	push	{r0, r1, r2, r3}
10004226:	b500      	push	{lr}
10004228:	b083      	sub	sp, #12
1000422a:	a904      	add	r1, sp, #16
1000422c:	f851 0b04 	ldr.w	r0, [r1], #4
10004230:	9101      	str	r1, [sp, #4]
10004232:	f7ff ff95 	bl	10004160 <__wrap_vprintf>
10004236:	b003      	add	sp, #12
10004238:	f85d eb04 	ldr.w	lr, [sp], #4
1000423c:	b004      	add	sp, #16
1000423e:	4770      	bx	lr

10004240 <resetd_init>:
10004240:	4770      	bx	lr
10004242:	bf00      	nop

10004244 <resetd_reset>:
10004244:	2200      	movs	r2, #0
10004246:	4b01      	ldr	r3, [pc, #4]	@ (1000424c <resetd_reset+0x8>)
10004248:	701a      	strb	r2, [r3, #0]
1000424a:	4770      	bx	lr
1000424c:	20002251 	.word	0x20002251

10004250 <resetd_open>:
10004250:	794b      	ldrb	r3, [r1, #5]
10004252:	2bff      	cmp	r3, #255	@ 0xff
10004254:	d10b      	bne.n	1000426e <resetd_open+0x1e>
10004256:	7988      	ldrb	r0, [r1, #6]
10004258:	b948      	cbnz	r0, 1000426e <resetd_open+0x1e>
1000425a:	79cb      	ldrb	r3, [r1, #7]
1000425c:	2b01      	cmp	r3, #1
1000425e:	d107      	bne.n	10004270 <resetd_open+0x20>
10004260:	2a08      	cmp	r2, #8
10004262:	d905      	bls.n	10004270 <resetd_open+0x20>
10004264:	4b03      	ldr	r3, [pc, #12]	@ (10004274 <resetd_open+0x24>)
10004266:	788a      	ldrb	r2, [r1, #2]
10004268:	2009      	movs	r0, #9
1000426a:	701a      	strb	r2, [r3, #0]
1000426c:	4770      	bx	lr
1000426e:	2000      	movs	r0, #0
10004270:	4770      	bx	lr
10004272:	bf00      	nop
10004274:	20002251 	.word	0x20002251

10004278 <resetd_xfer_cb>:
10004278:	2001      	movs	r0, #1
1000427a:	4770      	bx	lr

1000427c <resetd_control_xfer_cb>:
1000427c:	2901      	cmp	r1, #1
1000427e:	d001      	beq.n	10004284 <resetd_control_xfer_cb+0x8>
10004280:	2001      	movs	r0, #1
10004282:	4770      	bx	lr
10004284:	b508      	push	{r3, lr}
10004286:	4b10      	ldr	r3, [pc, #64]	@ (100042c8 <resetd_control_xfer_cb+0x4c>)
10004288:	8891      	ldrh	r1, [r2, #4]
1000428a:	781b      	ldrb	r3, [r3, #0]
1000428c:	4299      	cmp	r1, r3
1000428e:	d001      	beq.n	10004294 <resetd_control_xfer_cb+0x18>
10004290:	2000      	movs	r0, #0
10004292:	bd08      	pop	{r3, pc}
10004294:	7853      	ldrb	r3, [r2, #1]
10004296:	2b01      	cmp	r3, #1
10004298:	d008      	beq.n	100042ac <resetd_control_xfer_cb+0x30>
1000429a:	2b02      	cmp	r3, #2
1000429c:	d1f8      	bne.n	10004290 <resetd_control_xfer_cb+0x14>
1000429e:	2100      	movs	r1, #0
100042a0:	2264      	movs	r2, #100	@ 0x64
100042a2:	4608      	mov	r0, r1
100042a4:	f7fd f9aa 	bl	100015fc <watchdog_reboot>
100042a8:	2001      	movs	r0, #1
100042aa:	bd08      	pop	{r3, pc}
100042ac:	8851      	ldrh	r1, [r2, #2]
100042ae:	05cb      	lsls	r3, r1, #23
100042b0:	bf48      	it	mi
100042b2:	0a48      	lsrmi	r0, r1, #9
100042b4:	f3c1 2240 	ubfx	r2, r1, #9, #1
100042b8:	bf58      	it	pl
100042ba:	f04f 30ff 	movpl.w	r0, #4294967295	@ 0xffffffff
100042be:	f001 017f 	and.w	r1, r1, #127	@ 0x7f
100042c2:	f7fd fa19 	bl	100016f8 <rom_reset_usb_boot_extra>
100042c6:	bf00      	nop
100042c8:	20002251 	.word	0x20002251

100042cc <tud_descriptor_bos_cb>:
100042cc:	4800      	ldr	r0, [pc, #0]	@ (100042d0 <tud_descriptor_bos_cb+0x4>)
100042ce:	4770      	bx	lr
100042d0:	10006fc4 	.word	0x10006fc4

100042d4 <tud_vendor_control_xfer_cb>:
100042d4:	2901      	cmp	r1, #1
100042d6:	d107      	bne.n	100042e8 <tud_vendor_control_xfer_cb+0x14>
100042d8:	7853      	ldrb	r3, [r2, #1]
100042da:	2b01      	cmp	r3, #1
100042dc:	d102      	bne.n	100042e4 <tud_vendor_control_xfer_cb+0x10>
100042de:	8893      	ldrh	r3, [r2, #4]
100042e0:	2b07      	cmp	r3, #7
100042e2:	d003      	beq.n	100042ec <tud_vendor_control_xfer_cb+0x18>
100042e4:	2000      	movs	r0, #0
100042e6:	4770      	bx	lr
100042e8:	2001      	movs	r0, #1
100042ea:	4770      	bx	lr
100042ec:	4611      	mov	r1, r2
100042ee:	23a6      	movs	r3, #166	@ 0xa6
100042f0:	4a01      	ldr	r2, [pc, #4]	@ (100042f8 <tud_vendor_control_xfer_cb+0x24>)
100042f2:	f001 ba39 	b.w	10005768 <tud_control_xfer>
100042f6:	bf00      	nop
100042f8:	10006f1c 	.word	0x10006f1c

100042fc <usbd_app_driver_get_cb>:
100042fc:	4603      	mov	r3, r0
100042fe:	2201      	movs	r2, #1
10004300:	4801      	ldr	r0, [pc, #4]	@ (10004308 <usbd_app_driver_get_cb+0xc>)
10004302:	701a      	strb	r2, [r3, #0]
10004304:	4770      	bx	lr
10004306:	bf00      	nop
10004308:	10006efc 	.word	0x10006efc

1000430c <tud_cdc_line_coding_cb>:
1000430c:	b508      	push	{r3, lr}
1000430e:	680b      	ldr	r3, [r1, #0]
10004310:	f5b3 6f96 	cmp.w	r3, #1200	@ 0x4b0
10004314:	d000      	beq.n	10004318 <tud_cdc_line_coding_cb+0xc>
10004316:	bd08      	pop	{r3, pc}
10004318:	2200      	movs	r2, #0
1000431a:	f04f 30ff 	mov.w	r0, #4294967295	@ 0xffffffff
1000431e:	4611      	mov	r1, r2
10004320:	f7fd f9ea 	bl	100016f8 <rom_reset_usb_boot_extra>

10004324 <stdio_usb_set_chars_available_callback>:
10004324:	4a02      	ldr	r2, [pc, #8]	@ (10004330 <stdio_usb_set_chars_available_callback+0xc>)
10004326:	4b03      	ldr	r3, [pc, #12]	@ (10004334 <stdio_usb_set_chars_available_callback+0x10>)
10004328:	6010      	str	r0, [r2, #0]
1000432a:	6019      	str	r1, [r3, #0]
1000432c:	4770      	bx	lr
1000432e:	bf00      	nop
10004330:	20001d70 	.word	0x20001d70
10004334:	20001d74 	.word	0x20001d74

10004338 <timer_task>:
10004338:	4b18      	ldr	r3, [pc, #96]	@ (1000439c <timer_task+0x64>)
1000433a:	b570      	push	{r4, r5, r6, lr}
1000433c:	681a      	ldr	r2, [r3, #0]
1000433e:	2a00      	cmp	r2, #0
10004340:	d028      	beq.n	10004394 <timer_task+0x5c>
10004342:	f3ef 8110 	mrs	r1, PRIMASK
10004346:	b672      	cpsid	i
10004348:	e8d2 4fcf 	ldaexb	r4, [r2]
1000434c:	2001      	movs	r0, #1
1000434e:	2c00      	cmp	r4, #0
10004350:	d1fa      	bne.n	10004348 <timer_task+0x10>
10004352:	e8c2 0f44 	strexb	r4, r0, [r2]
10004356:	2c00      	cmp	r4, #0
10004358:	d1f6      	bne.n	10004348 <timer_task+0x10>
1000435a:	f3bf 8f5f 	dmb	sy
1000435e:	2200      	movs	r2, #0
10004360:	4c0f      	ldr	r4, [pc, #60]	@ (100043a0 <timer_task+0x68>)
10004362:	6818      	ldr	r0, [r3, #0]
10004364:	6059      	str	r1, [r3, #4]
10004366:	7022      	strb	r2, [r4, #0]
10004368:	e8c0 2f8f 	stlb	r2, [r0]
1000436c:	f381 8810 	msr	PRIMASK, r1
10004370:	2400      	movs	r4, #0
10004372:	2500      	movs	r5, #0
10004374:	4e0b      	ldr	r6, [pc, #44]	@ (100043a4 <timer_task+0x6c>)
10004376:	7830      	ldrb	r0, [r6, #0]
10004378:	f7fc fa3c 	bl	100007f4 <irq_is_enabled>
1000437c:	b920      	cbnz	r0, 10004388 <timer_task+0x50>
1000437e:	2400      	movs	r4, #0
10004380:	2500      	movs	r5, #0
10004382:	4620      	mov	r0, r4
10004384:	4629      	mov	r1, r5
10004386:	bd70      	pop	{r4, r5, r6, pc}
10004388:	7830      	ldrb	r0, [r6, #0]
1000438a:	f7fc fa43 	bl	10000814 <irq_set_pending>
1000438e:	4620      	mov	r0, r4
10004390:	4629      	mov	r1, r5
10004392:	bd70      	pop	{r4, r5, r6, pc}
10004394:	f44f 747a 	mov.w	r4, #1000	@ 0x3e8
10004398:	2500      	movs	r5, #0
1000439a:	e7eb      	b.n	10004374 <timer_task+0x3c>
1000439c:	20002200 	.word	0x20002200
100043a0:	20002253 	.word	0x20002253
100043a4:	20002252 	.word	0x20002252

100043a8 <usb_irq>:
100043a8:	4b01      	ldr	r3, [pc, #4]	@ (100043b0 <usb_irq+0x8>)
100043aa:	7818      	ldrb	r0, [r3, #0]
100043ac:	f7fc ba32 	b.w	10000814 <irq_set_pending>
100043b0:	20002252 	.word	0x20002252

100043b4 <stdio_usb_in_chars>:
100043b4:	b538      	push	{r3, r4, r5, lr}
100043b6:	4604      	mov	r4, r0
100043b8:	2000      	movs	r0, #0
100043ba:	460d      	mov	r5, r1
100043bc:	f001 fb04 	bl	100059c8 <tud_cdc_n_connected>
100043c0:	b3a8      	cbz	r0, 1000442e <stdio_usb_in_chars+0x7a>
100043c2:	2000      	movs	r0, #0
100043c4:	f001 fb16 	bl	100059f4 <tud_cdc_n_available>
100043c8:	b388      	cbz	r0, 1000442e <stdio_usb_in_chars+0x7a>
100043ca:	f7fd f847 	bl	1000145c <time_us_64>
100043ce:	f04f 3eff 	mov.w	lr, #4294967295	@ 0xffffffff
100043d2:	f06f 4c00 	mvn.w	ip, #2147483648	@ 0x80000000
100043d6:	4a17      	ldr	r2, [pc, #92]	@ (10004434 <stdio_usb_in_chars+0x80>)
100043d8:	1882      	adds	r2, r0, r2
100043da:	f141 0300 	adc.w	r3, r1, #0
100043de:	4596      	cmp	lr, r2
100043e0:	eb7c 0103 	sbcs.w	r1, ip, r3
100043e4:	bf3c      	itt	cc
100043e6:	4672      	movcc	r2, lr
100043e8:	4663      	movcc	r3, ip
100043ea:	4813      	ldr	r0, [pc, #76]	@ (10004438 <stdio_usb_in_chars+0x84>)
100043ec:	f002 fc30 	bl	10006c50 <__mutex_try_enter_block_until_veneer>
100043f0:	b1e8      	cbz	r0, 1000442e <stdio_usb_in_chars+0x7a>
100043f2:	2000      	movs	r0, #0
100043f4:	f001 fae8 	bl	100059c8 <tud_cdc_n_connected>
100043f8:	b958      	cbnz	r0, 10004412 <stdio_usb_in_chars+0x5e>
100043fa:	2100      	movs	r1, #0
100043fc:	f04f 30ff 	mov.w	r0, #4294967295	@ 0xffffffff
10004400:	f000 fd0a 	bl	10004e18 <tud_task_ext>
10004404:	f06f 0402 	mvn.w	r4, #2
10004408:	480b      	ldr	r0, [pc, #44]	@ (10004438 <stdio_usb_in_chars+0x84>)
1000440a:	f002 fc19 	bl	10006c40 <__mutex_exit_veneer>
1000440e:	4620      	mov	r0, r4
10004410:	bd38      	pop	{r3, r4, r5, pc}
10004412:	2000      	movs	r0, #0
10004414:	f001 faee 	bl	100059f4 <tud_cdc_n_available>
10004418:	2800      	cmp	r0, #0
1000441a:	d0ee      	beq.n	100043fa <stdio_usb_in_chars+0x46>
1000441c:	4621      	mov	r1, r4
1000441e:	462a      	mov	r2, r5
10004420:	2000      	movs	r0, #0
10004422:	f001 faf1 	bl	10005a08 <tud_cdc_n_read>
10004426:	4604      	mov	r4, r0
10004428:	2800      	cmp	r0, #0
1000442a:	d1ed      	bne.n	10004408 <stdio_usb_in_chars+0x54>
1000442c:	e7ea      	b.n	10004404 <stdio_usb_in_chars+0x50>
1000442e:	f06f 0402 	mvn.w	r4, #2
10004432:	e7ec      	b.n	1000440e <stdio_usb_in_chars+0x5a>
10004434:	000f4240 	.word	0x000f4240
10004438:	20002234 	.word	0x20002234

1000443c <stdio_usb_out_flush>:
1000443c:	b508      	push	{r3, lr}
1000443e:	f7fd f80d 	bl	1000145c <time_us_64>
10004442:	f04f 3eff 	mov.w	lr, #4294967295	@ 0xffffffff
10004446:	f06f 4c00 	mvn.w	ip, #2147483648	@ 0x80000000
1000444a:	4a0f      	ldr	r2, [pc, #60]	@ (10004488 <stdio_usb_out_flush+0x4c>)
1000444c:	1882      	adds	r2, r0, r2
1000444e:	f141 0300 	adc.w	r3, r1, #0
10004452:	4596      	cmp	lr, r2
10004454:	eb7c 0103 	sbcs.w	r1, ip, r3
10004458:	bf3c      	itt	cc
1000445a:	4672      	movcc	r2, lr
1000445c:	4663      	movcc	r3, ip
1000445e:	480b      	ldr	r0, [pc, #44]	@ (1000448c <stdio_usb_out_flush+0x50>)
10004460:	f002 fbf6 	bl	10006c50 <__mutex_try_enter_block_until_veneer>
10004464:	b170      	cbz	r0, 10004484 <stdio_usb_out_flush+0x48>
10004466:	f04f 30ff 	mov.w	r0, #4294967295	@ 0xffffffff
1000446a:	2100      	movs	r1, #0
1000446c:	f000 fcd4 	bl	10004e18 <tud_task_ext>
10004470:	2000      	movs	r0, #0
10004472:	f001 fb11 	bl	10005a98 <tud_cdc_n_write_flush>
10004476:	2800      	cmp	r0, #0
10004478:	d1f5      	bne.n	10004466 <stdio_usb_out_flush+0x2a>
1000447a:	e8bd 4008 	ldmia.w	sp!, {r3, lr}
1000447e:	4803      	ldr	r0, [pc, #12]	@ (1000448c <stdio_usb_out_flush+0x50>)
10004480:	f002 bbde 	b.w	10006c40 <__mutex_exit_veneer>
10004484:	bd08      	pop	{r3, pc}
10004486:	bf00      	nop
10004488:	000f4240 	.word	0x000f4240
1000448c:	20002234 	.word	0x20002234

10004490 <stdio_usb_out_chars>:
10004490:	e92d 43f8 	stmdb	sp!, {r3, r4, r5, r6, r7, r8, r9, lr}
10004494:	4680      	mov	r8, r0
10004496:	460f      	mov	r7, r1
10004498:	f7fc ffe0 	bl	1000145c <time_us_64>
1000449c:	f04f 35ff 	mov.w	r5, #4294967295	@ 0xffffffff
100044a0:	f06f 4400 	mvn.w	r4, #2147483648	@ 0x80000000
100044a4:	4a33      	ldr	r2, [pc, #204]	@ (10004574 <stdio_usb_out_chars+0xe4>)
100044a6:	1882      	adds	r2, r0, r2
100044a8:	f141 0300 	adc.w	r3, r1, #0
100044ac:	4295      	cmp	r5, r2
100044ae:	eb74 0103 	sbcs.w	r1, r4, r3
100044b2:	bf3c      	itt	cc
100044b4:	462a      	movcc	r2, r5
100044b6:	4623      	movcc	r3, r4
100044b8:	482f      	ldr	r0, [pc, #188]	@ (10004578 <stdio_usb_out_chars+0xe8>)
100044ba:	f002 fbc9 	bl	10006c50 <__mutex_try_enter_block_until_veneer>
100044be:	b908      	cbnz	r0, 100044c4 <stdio_usb_out_chars+0x34>
100044c0:	e8bd 83f8 	ldmia.w	sp!, {r3, r4, r5, r6, r7, r8, r9, pc}
100044c4:	2000      	movs	r0, #0
100044c6:	f001 fa7f 	bl	100059c8 <tud_cdc_n_connected>
100044ca:	2800      	cmp	r0, #0
100044cc:	d047      	beq.n	1000455e <stdio_usb_out_chars+0xce>
100044ce:	2f00      	cmp	r7, #0
100044d0:	dd40      	ble.n	10004554 <stdio_usb_out_chars+0xc4>
100044d2:	2500      	movs	r5, #0
100044d4:	f8df 90a8 	ldr.w	r9, [pc, #168]	@ 10004580 <stdio_usb_out_chars+0xf0>
100044d8:	4e28      	ldr	r6, [pc, #160]	@ (1000457c <stdio_usb_out_chars+0xec>)
100044da:	e013      	b.n	10004504 <stdio_usb_out_chars+0x74>
100044dc:	4622      	mov	r2, r4
100044de:	2000      	movs	r0, #0
100044e0:	f001 fb20 	bl	10005b24 <tud_cdc_n_write>
100044e4:	2100      	movs	r1, #0
100044e6:	4604      	mov	r4, r0
100044e8:	f04f 30ff 	mov.w	r0, #4294967295	@ 0xffffffff
100044ec:	f000 fc94 	bl	10004e18 <tud_task_ext>
100044f0:	2000      	movs	r0, #0
100044f2:	f001 fad1 	bl	10005a98 <tud_cdc_n_write_flush>
100044f6:	f7fc ffb1 	bl	1000145c <time_us_64>
100044fa:	e9c9 0100 	strd	r0, r1, [r9]
100044fe:	4425      	add	r5, r4
10004500:	42af      	cmp	r7, r5
10004502:	dd27      	ble.n	10004554 <stdio_usb_out_chars+0xc4>
10004504:	2000      	movs	r0, #0
10004506:	f001 fb2d 	bl	10005b64 <tud_cdc_n_write_available>
1000450a:	1b7c      	subs	r4, r7, r5
1000450c:	4284      	cmp	r4, r0
1000450e:	bfa8      	it	ge
10004510:	4604      	movge	r4, r0
10004512:	eb08 0105 	add.w	r1, r8, r5
10004516:	2c00      	cmp	r4, #0
10004518:	d1e0      	bne.n	100044dc <stdio_usb_out_chars+0x4c>
1000451a:	4621      	mov	r1, r4
1000451c:	f04f 30ff 	mov.w	r0, #4294967295	@ 0xffffffff
10004520:	f000 fc7a 	bl	10004e18 <tud_task_ext>
10004524:	4620      	mov	r0, r4
10004526:	f001 fab7 	bl	10005a98 <tud_cdc_n_write_flush>
1000452a:	4620      	mov	r0, r4
1000452c:	f001 fa4c 	bl	100059c8 <tud_cdc_n_connected>
10004530:	b180      	cbz	r0, 10004554 <stdio_usb_out_chars+0xc4>
10004532:	4620      	mov	r0, r4
10004534:	f001 fb16 	bl	10005b64 <tud_cdc_n_write_available>
10004538:	2800      	cmp	r0, #0
1000453a:	d1e1      	bne.n	10004500 <stdio_usb_out_chars+0x70>
1000453c:	f7fc ff8e 	bl	1000145c <time_us_64>
10004540:	f8d9 3000 	ldr.w	r3, [r9]
10004544:	f8d9 2004 	ldr.w	r2, [r9, #4]
10004548:	199b      	adds	r3, r3, r6
1000454a:	f142 0200 	adc.w	r2, r2, #0
1000454e:	4283      	cmp	r3, r0
10004550:	418a      	sbcs	r2, r1
10004552:	d2d5      	bcs.n	10004500 <stdio_usb_out_chars+0x70>
10004554:	4808      	ldr	r0, [pc, #32]	@ (10004578 <stdio_usb_out_chars+0xe8>)
10004556:	e8bd 43f8 	ldmia.w	sp!, {r3, r4, r5, r6, r7, r8, r9, lr}
1000455a:	f002 bb71 	b.w	10006c40 <__mutex_exit_veneer>
1000455e:	2000      	movs	r0, #0
10004560:	2100      	movs	r1, #0
10004562:	4b07      	ldr	r3, [pc, #28]	@ (10004580 <stdio_usb_out_chars+0xf0>)
10004564:	e9c3 0100 	strd	r0, r1, [r3]
10004568:	e8bd 43f8 	ldmia.w	sp!, {r3, r4, r5, r6, r7, r8, r9, lr}
1000456c:	4802      	ldr	r0, [pc, #8]	@ (10004578 <stdio_usb_out_chars+0xe8>)
1000456e:	f002 bb67 	b.w	10006c40 <__mutex_exit_veneer>
10004572:	bf00      	nop
10004574:	000f4240 	.word	0x000f4240
10004578:	20002234 	.word	0x20002234
1000457c:	0007a120 	.word	0x0007a120
10004580:	200017b0 	.word	0x200017b0

10004584 <low_priority_worker_irq>:
10004584:	b530      	push	{r4, r5, lr}
10004586:	2100      	movs	r1, #0
10004588:	b085      	sub	sp, #20
1000458a:	482e      	ldr	r0, [pc, #184]	@ (10004644 <low_priority_worker_irq+0xc0>)
1000458c:	f002 fb68 	bl	10006c60 <__mutex_try_enter_veneer>
10004590:	b9f0      	cbnz	r0, 100045d0 <low_priority_worker_irq+0x4c>
10004592:	4b2d      	ldr	r3, [pc, #180]	@ (10004648 <low_priority_worker_irq+0xc4>)
10004594:	681a      	ldr	r2, [r3, #0]
10004596:	b1ca      	cbz	r2, 100045cc <low_priority_worker_irq+0x48>
10004598:	f3ef 8110 	mrs	r1, PRIMASK
1000459c:	b672      	cpsid	i
1000459e:	e8d2 5fcf 	ldaexb	r5, [r2]
100045a2:	2401      	movs	r4, #1
100045a4:	2d00      	cmp	r5, #0
100045a6:	d1fa      	bne.n	1000459e <low_priority_worker_irq+0x1a>
100045a8:	e8c2 4f45 	strexb	r5, r4, [r2]
100045ac:	2d00      	cmp	r5, #0
100045ae:	d1f6      	bne.n	1000459e <low_priority_worker_irq+0x1a>
100045b0:	f3bf 8f5f 	dmb	sy
100045b4:	4c25      	ldr	r4, [pc, #148]	@ (1000464c <low_priority_worker_irq+0xc8>)
100045b6:	681d      	ldr	r5, [r3, #0]
100045b8:	7822      	ldrb	r2, [r4, #0]
100045ba:	6059      	str	r1, [r3, #4]
100045bc:	b2d3      	uxtb	r3, r2
100045be:	2201      	movs	r2, #1
100045c0:	7022      	strb	r2, [r4, #0]
100045c2:	e8c5 0f8f 	stlb	r0, [r5]
100045c6:	f381 8810 	msr	PRIMASK, r1
100045ca:	b1cb      	cbz	r3, 10004600 <low_priority_worker_irq+0x7c>
100045cc:	b005      	add	sp, #20
100045ce:	bd30      	pop	{r4, r5, pc}
100045d0:	2100      	movs	r1, #0
100045d2:	f04f 30ff 	mov.w	r0, #4294967295	@ 0xffffffff
100045d6:	f000 fc1f 	bl	10004e18 <tud_task_ext>
100045da:	2000      	movs	r0, #0
100045dc:	f001 fa0a 	bl	100059f4 <tud_cdc_n_available>
100045e0:	4604      	mov	r4, r0
100045e2:	4818      	ldr	r0, [pc, #96]	@ (10004644 <low_priority_worker_irq+0xc0>)
100045e4:	f002 fb2c 	bl	10006c40 <__mutex_exit_veneer>
100045e8:	2c00      	cmp	r4, #0
100045ea:	d0ef      	beq.n	100045cc <low_priority_worker_irq+0x48>
100045ec:	4b18      	ldr	r3, [pc, #96]	@ (10004650 <low_priority_worker_irq+0xcc>)
100045ee:	681b      	ldr	r3, [r3, #0]
100045f0:	2b00      	cmp	r3, #0
100045f2:	d0eb      	beq.n	100045cc <low_priority_worker_irq+0x48>
100045f4:	4a17      	ldr	r2, [pc, #92]	@ (10004654 <low_priority_worker_irq+0xd0>)
100045f6:	6810      	ldr	r0, [r2, #0]
100045f8:	b005      	add	sp, #20
100045fa:	e8bd 4030 	ldmia.w	sp!, {r4, r5, lr}
100045fe:	4718      	bx	r3
10004600:	f7fc fd22 	bl	10001048 <alarm_pool_get_default>
10004604:	4604      	mov	r4, r0
10004606:	f7fc ff29 	bl	1000145c <time_us_64>
1000460a:	f04f 3cff 	mov.w	ip, #4294967295	@ 0xffffffff
1000460e:	f06f 4500 	mvn.w	r5, #2147483648	@ 0x80000000
10004612:	f510 727a 	adds.w	r2, r0, #1000	@ 0x3e8
10004616:	f141 0300 	adc.w	r3, r1, #0
1000461a:	4594      	cmp	ip, r2
1000461c:	eb75 0103 	sbcs.w	r1, r5, r3
10004620:	bf38      	it	cc
10004622:	462b      	movcc	r3, r5
10004624:	f04f 0100 	mov.w	r1, #0
10004628:	f04f 0501 	mov.w	r5, #1
1000462c:	4620      	mov	r0, r4
1000462e:	4c0a      	ldr	r4, [pc, #40]	@ (10004658 <low_priority_worker_irq+0xd4>)
10004630:	bf38      	it	cc
10004632:	4662      	movcc	r2, ip
10004634:	e9cd 1501 	strd	r1, r5, [sp, #4]
10004638:	9400      	str	r4, [sp, #0]
1000463a:	f7fc fd09 	bl	10001050 <alarm_pool_add_alarm_at>
1000463e:	b005      	add	sp, #20
10004640:	bd30      	pop	{r4, r5, pc}
10004642:	bf00      	nop
10004644:	20002234 	.word	0x20002234
10004648:	20002200 	.word	0x20002200
1000464c:	20002253 	.word	0x20002253
10004650:	20001d70 	.word	0x20001d70
10004654:	20001d74 	.word	0x20001d74
10004658:	10004339 	.word	0x10004339

1000465c <stdio_usb_init>:
1000465c:	f04f 4350 	mov.w	r3, #3489660928	@ 0xd0000000
10004660:	b530      	push	{r4, r5, lr}
10004662:	b085      	sub	sp, #20
10004664:	681c      	ldr	r4, [r3, #0]
10004666:	f7fc fcef 	bl	10001048 <alarm_pool_get_default>
1000466a:	f7fc fe03 	bl	10001274 <alarm_pool_core_num>
1000466e:	42a0      	cmp	r0, r4
10004670:	d002      	beq.n	10004678 <stdio_usb_init+0x1c>
10004672:	2000      	movs	r0, #0
10004674:	b005      	add	sp, #20
10004676:	bd30      	pop	{r4, r5, pc}
10004678:	2100      	movs	r1, #0
1000467a:	4b2a      	ldr	r3, [pc, #168]	@ (10004724 <stdio_usb_init+0xc8>)
1000467c:	4608      	mov	r0, r1
1000467e:	781b      	ldrb	r3, [r3, #0]
10004680:	f001 fd38 	bl	100060f4 <tusb_rhport_init>
10004684:	4828      	ldr	r0, [pc, #160]	@ (10004728 <stdio_usb_init+0xcc>)
10004686:	6803      	ldr	r3, [r0, #0]
10004688:	2b00      	cmp	r3, #0
1000468a:	d047      	beq.n	1000471c <stdio_usb_init+0xc0>
1000468c:	2001      	movs	r0, #1
1000468e:	f7fc fa5f 	bl	10000b50 <user_irq_claim_unused>
10004692:	4603      	mov	r3, r0
10004694:	4c25      	ldr	r4, [pc, #148]	@ (1000472c <stdio_usb_init+0xd0>)
10004696:	4926      	ldr	r1, [pc, #152]	@ (10004730 <stdio_usb_init+0xd4>)
10004698:	b2c0      	uxtb	r0, r0
1000469a:	7023      	strb	r3, [r4, #0]
1000469c:	f7fc f8d6 	bl	1000084c <irq_set_exclusive_handler>
100046a0:	7820      	ldrb	r0, [r4, #0]
100046a2:	2101      	movs	r1, #1
100046a4:	f7fc f890 	bl	100007c8 <irq_set_enabled>
100046a8:	200e      	movs	r0, #14
100046aa:	f7fc f8bf 	bl	1000082c <irq_has_shared_handler>
100046ae:	bb40      	cbnz	r0, 10004702 <stdio_usb_init+0xa6>
100046b0:	4b20      	ldr	r3, [pc, #128]	@ (10004734 <stdio_usb_init+0xd8>)
100046b2:	2501      	movs	r5, #1
100046b4:	e9c3 0000 	strd	r0, r0, [r3]
100046b8:	f7fc fcc6 	bl	10001048 <alarm_pool_get_default>
100046bc:	4604      	mov	r4, r0
100046be:	f7fc fecd 	bl	1000145c <time_us_64>
100046c2:	f04f 3eff 	mov.w	lr, #4294967295	@ 0xffffffff
100046c6:	f06f 4c00 	mvn.w	ip, #2147483648	@ 0x80000000
100046ca:	f510 727a 	adds.w	r2, r0, #1000	@ 0x3e8
100046ce:	f141 0300 	adc.w	r3, r1, #0
100046d2:	4596      	cmp	lr, r2
100046d4:	eb7c 0103 	sbcs.w	r1, ip, r3
100046d8:	f04f 0100 	mov.w	r1, #0
100046dc:	4620      	mov	r0, r4
100046de:	4c16      	ldr	r4, [pc, #88]	@ (10004738 <stdio_usb_init+0xdc>)
100046e0:	bf3c      	itt	cc
100046e2:	4672      	movcc	r2, lr
100046e4:	4663      	movcc	r3, ip
100046e6:	e9cd 1501 	strd	r1, r5, [sp, #4]
100046ea:	9400      	str	r4, [sp, #0]
100046ec:	f7fc fcb0 	bl	10001050 <alarm_pool_add_alarm_at>
100046f0:	2800      	cmp	r0, #0
100046f2:	dbbe      	blt.n	10004672 <stdio_usb_init+0x16>
100046f4:	2101      	movs	r1, #1
100046f6:	4811      	ldr	r0, [pc, #68]	@ (1000473c <stdio_usb_init+0xe0>)
100046f8:	f7ff fcbc 	bl	10004074 <stdio_set_driver_enabled>
100046fc:	2001      	movs	r0, #1
100046fe:	b005      	add	sp, #20
10004700:	bd30      	pop	{r4, r5, pc}
10004702:	2001      	movs	r0, #1
10004704:	f7fc f81c 	bl	10000740 <spin_lock_claim_unused>
10004708:	4601      	mov	r1, r0
1000470a:	480a      	ldr	r0, [pc, #40]	@ (10004734 <stdio_usb_init+0xd8>)
1000470c:	f7fc fa7c 	bl	10000c08 <critical_section_init_with_lock_num>
10004710:	2200      	movs	r2, #0
10004712:	200e      	movs	r0, #14
10004714:	490a      	ldr	r1, [pc, #40]	@ (10004740 <stdio_usb_init+0xe4>)
10004716:	f7fc f8c9 	bl	100008ac <irq_add_shared_handler>
1000471a:	e7eb      	b.n	100046f4 <stdio_usb_init+0x98>
1000471c:	f7fc fa58 	bl	10000bd0 <mutex_init>
10004720:	e7b4      	b.n	1000468c <stdio_usb_init+0x30>
10004722:	bf00      	nop
10004724:	100070dc 	.word	0x100070dc
10004728:	20002234 	.word	0x20002234
1000472c:	20002252 	.word	0x20002252
10004730:	10004585 	.word	0x10004585
10004734:	20002200 	.word	0x20002200
10004738:	10004339 	.word	0x10004339
1000473c:	200015ec 	.word	0x200015ec
10004740:	100043a9 	.word	0x100043a9

10004744 <tud_descriptor_device_cb>:
10004744:	4800      	ldr	r0, [pc, #0]	@ (10004748 <tud_descriptor_device_cb+0x4>)
10004746:	4770      	bx	lr
10004748:	10007060 	.word	0x10007060

1000474c <tud_descriptor_configuration_cb>:
1000474c:	4800      	ldr	r0, [pc, #0]	@ (10004750 <tud_descriptor_configuration_cb+0x4>)
1000474e:	4770      	bx	lr
10004750:	1000700c 	.word	0x1000700c

10004754 <tud_descriptor_string_cb>:
10004754:	b538      	push	{r3, r4, r5, lr}
10004756:	4b18      	ldr	r3, [pc, #96]	@ (100047b8 <tud_descriptor_string_cb+0x64>)
10004758:	4604      	mov	r4, r0
1000475a:	781a      	ldrb	r2, [r3, #0]
1000475c:	b30a      	cbz	r2, 100047a2 <tud_descriptor_string_cb+0x4e>
1000475e:	b944      	cbnz	r4, 10004772 <tud_descriptor_string_cb+0x1e>
10004760:	f240 4209 	movw	r2, #1033	@ 0x409
10004764:	f44f 7341 	mov.w	r3, #772	@ 0x304
10004768:	4d14      	ldr	r5, [pc, #80]	@ (100047bc <tud_descriptor_string_cb+0x68>)
1000476a:	806a      	strh	r2, [r5, #2]
1000476c:	4813      	ldr	r0, [pc, #76]	@ (100047bc <tud_descriptor_string_cb+0x68>)
1000476e:	802b      	strh	r3, [r5, #0]
10004770:	bd38      	pop	{r3, r4, r5, pc}
10004772:	2c05      	cmp	r4, #5
10004774:	d81d      	bhi.n	100047b2 <tud_descriptor_string_cb+0x5e>
10004776:	4b12      	ldr	r3, [pc, #72]	@ (100047c0 <tud_descriptor_string_cb+0x6c>)
10004778:	4d10      	ldr	r5, [pc, #64]	@ (100047bc <tud_descriptor_string_cb+0x68>)
1000477a:	f853 1024 	ldr.w	r1, [r3, r4, lsl #2]
1000477e:	4628      	mov	r0, r5
10004780:	2300      	movs	r3, #0
10004782:	3901      	subs	r1, #1
10004784:	e003      	b.n	1000478e <tud_descriptor_string_cb+0x3a>
10004786:	2b13      	cmp	r3, #19
10004788:	f820 2f02 	strh.w	r2, [r0, #2]!
1000478c:	d00e      	beq.n	100047ac <tud_descriptor_string_cb+0x58>
1000478e:	f811 2f01 	ldrb.w	r2, [r1, #1]!
10004792:	3301      	adds	r3, #1
10004794:	b2db      	uxtb	r3, r3
10004796:	2a00      	cmp	r2, #0
10004798:	d1f5      	bne.n	10004786 <tud_descriptor_string_cb+0x32>
1000479a:	005b      	lsls	r3, r3, #1
1000479c:	f443 7340 	orr.w	r3, r3, #768	@ 0x300
100047a0:	e7e4      	b.n	1000476c <tud_descriptor_string_cb+0x18>
100047a2:	2111      	movs	r1, #17
100047a4:	4618      	mov	r0, r3
100047a6:	f000 f825 	bl	100047f4 <pico_get_unique_board_id_string>
100047aa:	e7d8      	b.n	1000475e <tud_descriptor_string_cb+0xa>
100047ac:	f44f 734a 	mov.w	r3, #808	@ 0x328
100047b0:	e7dc      	b.n	1000476c <tud_descriptor_string_cb+0x18>
100047b2:	2000      	movs	r0, #0
100047b4:	bd38      	pop	{r3, r4, r5, pc}
100047b6:	bf00      	nop
100047b8:	2000223c 	.word	0x2000223c
100047bc:	20001da8 	.word	0x20001da8
100047c0:	10006ff4 	.word	0x10006ff4

100047c4 <_retrieve_unique_id_on_boot>:
100047c4:	b500      	push	{lr}
100047c6:	f245 3047 	movw	r0, #21319	@ 0x5347
100047ca:	b08b      	sub	sp, #44	@ 0x2c
100047cc:	f7fc ff88 	bl	100016e0 <rom_func_lookup>
100047d0:	2201      	movs	r2, #1
100047d2:	4603      	mov	r3, r0
100047d4:	2109      	movs	r1, #9
100047d6:	a801      	add	r0, sp, #4
100047d8:	4798      	blx	r3
100047da:	e9dd 3203 	ldrd	r3, r2, [sp, #12]
100047de:	4904      	ldr	r1, [pc, #16]	@ (100047f0 <_retrieve_unique_id_on_boot+0x2c>)
100047e0:	ba12      	rev	r2, r2
100047e2:	ba1b      	rev	r3, r3
100047e4:	e9c1 2300 	strd	r2, r3, [r1]
100047e8:	b00b      	add	sp, #44	@ 0x2c
100047ea:	f85d fb04 	ldr.w	pc, [sp], #4
100047ee:	bf00      	nop
100047f0:	20002228 	.word	0x20002228

100047f4 <pico_get_unique_board_id_string>:
100047f4:	2901      	cmp	r1, #1
100047f6:	f101 33ff 	add.w	r3, r1, #4294967295	@ 0xffffffff
100047fa:	f000 80b3 	beq.w	10004964 <pico_get_unique_board_id_string+0x170>
100047fe:	495d      	ldr	r1, [pc, #372]	@ (10004974 <pico_get_unique_board_id_string+0x180>)
10004800:	780a      	ldrb	r2, [r1, #0]
10004802:	ea4f 1c12 	mov.w	ip, r2, lsr #4
10004806:	2a9f      	cmp	r2, #159	@ 0x9f
10004808:	bf8c      	ite	hi
1000480a:	f10c 0c37 	addhi.w	ip, ip, #55	@ 0x37
1000480e:	f10c 0c30 	addls.w	ip, ip, #48	@ 0x30
10004812:	2b01      	cmp	r3, #1
10004814:	f880 c000 	strb.w	ip, [r0]
10004818:	f000 80a7 	beq.w	1000496a <pico_get_unique_board_id_string+0x176>
1000481c:	f002 020f 	and.w	r2, r2, #15
10004820:	2a09      	cmp	r2, #9
10004822:	bf8c      	ite	hi
10004824:	3237      	addhi	r2, #55	@ 0x37
10004826:	3230      	addls	r2, #48	@ 0x30
10004828:	2b02      	cmp	r3, #2
1000482a:	7042      	strb	r2, [r0, #1]
1000482c:	f000 809d 	beq.w	1000496a <pico_get_unique_board_id_string+0x176>
10004830:	784a      	ldrb	r2, [r1, #1]
10004832:	ea4f 1c12 	mov.w	ip, r2, lsr #4
10004836:	2a9f      	cmp	r2, #159	@ 0x9f
10004838:	bf8c      	ite	hi
1000483a:	f10c 0c37 	addhi.w	ip, ip, #55	@ 0x37
1000483e:	f10c 0c30 	addls.w	ip, ip, #48	@ 0x30
10004842:	2b03      	cmp	r3, #3
10004844:	f880 c002 	strb.w	ip, [r0, #2]
10004848:	f000 808f 	beq.w	1000496a <pico_get_unique_board_id_string+0x176>
1000484c:	f002 020f 	and.w	r2, r2, #15
10004850:	2a09      	cmp	r2, #9
10004852:	bf8c      	ite	hi
10004854:	3237      	addhi	r2, #55	@ 0x37
10004856:	3230      	addls	r2, #48	@ 0x30
10004858:	2b04      	cmp	r3, #4
1000485a:	70c2      	strb	r2, [r0, #3]
1000485c:	f000 8085 	beq.w	1000496a <pico_get_unique_board_id_string+0x176>
10004860:	788a      	ldrb	r2, [r1, #2]
10004862:	ea4f 1c12 	mov.w	ip, r2, lsr #4
10004866:	2a9f      	cmp	r2, #159	@ 0x9f
10004868:	bf8c      	ite	hi
1000486a:	f10c 0c37 	addhi.w	ip, ip, #55	@ 0x37
1000486e:	f10c 0c30 	addls.w	ip, ip, #48	@ 0x30
10004872:	2b05      	cmp	r3, #5
10004874:	f880 c004 	strb.w	ip, [r0, #4]
10004878:	d077      	beq.n	1000496a <pico_get_unique_board_id_string+0x176>
1000487a:	f002 020f 	and.w	r2, r2, #15
1000487e:	2a09      	cmp	r2, #9
10004880:	bf8c      	ite	hi
10004882:	3237      	addhi	r2, #55	@ 0x37
10004884:	3230      	addls	r2, #48	@ 0x30
10004886:	2b06      	cmp	r3, #6
10004888:	7142      	strb	r2, [r0, #5]
1000488a:	d06e      	beq.n	1000496a <pico_get_unique_board_id_string+0x176>
1000488c:	78ca      	ldrb	r2, [r1, #3]
1000488e:	ea4f 1c12 	mov.w	ip, r2, lsr #4
10004892:	2a9f      	cmp	r2, #159	@ 0x9f
10004894:	bf8c      	ite	hi
10004896:	f10c 0c37 	addhi.w	ip, ip, #55	@ 0x37
1000489a:	f10c 0c30 	addls.w	ip, ip, #48	@ 0x30
1000489e:	2b07      	cmp	r3, #7
100048a0:	f880 c006 	strb.w	ip, [r0, #6]
100048a4:	d061      	beq.n	1000496a <pico_get_unique_board_id_string+0x176>
100048a6:	f002 020f 	and.w	r2, r2, #15
100048aa:	2a09      	cmp	r2, #9
100048ac:	bf8c      	ite	hi
100048ae:	3237      	addhi	r2, #55	@ 0x37
100048b0:	3230      	addls	r2, #48	@ 0x30
100048b2:	2b08      	cmp	r3, #8
100048b4:	71c2      	strb	r2, [r0, #7]
100048b6:	d058      	beq.n	1000496a <pico_get_unique_board_id_string+0x176>
100048b8:	790a      	ldrb	r2, [r1, #4]
100048ba:	ea4f 1c12 	mov.w	ip, r2, lsr #4
100048be:	2a9f      	cmp	r2, #159	@ 0x9f
100048c0:	bf8c      	ite	hi
100048c2:	f10c 0c37 	addhi.w	ip, ip, #55	@ 0x37
100048c6:	f10c 0c30 	addls.w	ip, ip, #48	@ 0x30
100048ca:	2b09      	cmp	r3, #9
100048cc:	f880 c008 	strb.w	ip, [r0, #8]
100048d0:	d04b      	beq.n	1000496a <pico_get_unique_board_id_string+0x176>
100048d2:	f002 020f 	and.w	r2, r2, #15
100048d6:	2a09      	cmp	r2, #9
100048d8:	bf8c      	ite	hi
100048da:	3237      	addhi	r2, #55	@ 0x37
100048dc:	3230      	addls	r2, #48	@ 0x30
100048de:	2b0a      	cmp	r3, #10
100048e0:	7242      	strb	r2, [r0, #9]
100048e2:	d042      	beq.n	1000496a <pico_get_unique_board_id_string+0x176>
100048e4:	794a      	ldrb	r2, [r1, #5]
100048e6:	ea4f 1c12 	mov.w	ip, r2, lsr #4
100048ea:	2a9f      	cmp	r2, #159	@ 0x9f
100048ec:	bf8c      	ite	hi
100048ee:	f10c 0c37 	addhi.w	ip, ip, #55	@ 0x37
100048f2:	f10c 0c30 	addls.w	ip, ip, #48	@ 0x30
100048f6:	2b0b      	cmp	r3, #11
100048f8:	f880 c00a 	strb.w	ip, [r0, #10]
100048fc:	d035      	beq.n	1000496a <pico_get_unique_board_id_string+0x176>
100048fe:	f002 020f 	and.w	r2, r2, #15
10004902:	2a09      	cmp	r2, #9
10004904:	bf8c      	ite	hi
10004906:	3237      	addhi	r2, #55	@ 0x37
10004908:	3230      	addls	r2, #48	@ 0x30
1000490a:	2b0c      	cmp	r3, #12
1000490c:	72c2      	strb	r2, [r0, #11]
1000490e:	d02c      	beq.n	1000496a <pico_get_unique_board_id_string+0x176>
10004910:	798a      	ldrb	r2, [r1, #6]
10004912:	ea4f 1c12 	mov.w	ip, r2, lsr #4
10004916:	2a9f      	cmp	r2, #159	@ 0x9f
10004918:	bf8c      	ite	hi
1000491a:	f10c 0c37 	addhi.w	ip, ip, #55	@ 0x37
1000491e:	f10c 0c30 	addls.w	ip, ip, #48	@ 0x30
10004922:	2b0d      	cmp	r3, #13
10004924:	f880 c00c 	strb.w	ip, [r0, #12]
10004928:	d01f      	beq.n	1000496a <pico_get_unique_board_id_string+0x176>
1000492a:	f002 020f 	and.w	r2, r2, #15
1000492e:	2a09      	cmp	r2, #9
10004930:	bf8c      	ite	hi
10004932:	3237      	addhi	r2, #55	@ 0x37
10004934:	3230      	addls	r2, #48	@ 0x30
10004936:	2b0e      	cmp	r3, #14
10004938:	7342      	strb	r2, [r0, #13]
1000493a:	d016      	beq.n	1000496a <pico_get_unique_board_id_string+0x176>
1000493c:	79ca      	ldrb	r2, [r1, #7]
1000493e:	0911      	lsrs	r1, r2, #4
10004940:	2a9f      	cmp	r2, #159	@ 0x9f
10004942:	bf8c      	ite	hi
10004944:	3137      	addhi	r1, #55	@ 0x37
10004946:	3130      	addls	r1, #48	@ 0x30
10004948:	2b0f      	cmp	r3, #15
1000494a:	7381      	strb	r1, [r0, #14]
1000494c:	d00d      	beq.n	1000496a <pico_get_unique_board_id_string+0x176>
1000494e:	f002 020f 	and.w	r2, r2, #15
10004952:	2a09      	cmp	r2, #9
10004954:	bf94      	ite	ls
10004956:	3230      	addls	r2, #48	@ 0x30
10004958:	3237      	addhi	r2, #55	@ 0x37
1000495a:	2b10      	cmp	r3, #16
1000495c:	73c2      	strb	r2, [r0, #15]
1000495e:	bf18      	it	ne
10004960:	3010      	addne	r0, #16
10004962:	d002      	beq.n	1000496a <pico_get_unique_board_id_string+0x176>
10004964:	2300      	movs	r3, #0
10004966:	7003      	strb	r3, [r0, #0]
10004968:	4770      	bx	lr
1000496a:	4418      	add	r0, r3
1000496c:	2300      	movs	r3, #0
1000496e:	7003      	strb	r3, [r0, #0]
10004970:	4770      	bx	lr
10004972:	bf00      	nop
10004974:	20002228 	.word	0x20002228

10004978 <dcd_init>:
10004978:	b570      	push	{r4, r5, r6, lr}
1000497a:	f000 f92d 	bl	10004bd8 <rp2040_usb_init>
1000497e:	230c      	movs	r3, #12
10004980:	2640      	movs	r6, #64	@ 0x40
10004982:	4c19      	ldr	r4, [pc, #100]	@ (100049e8 <dcd_init+0x70>)
10004984:	22ff      	movs	r2, #255	@ 0xff
10004986:	67a3      	str	r3, [r4, #120]	@ 0x78
10004988:	200e      	movs	r0, #14
1000498a:	4918      	ldr	r1, [pc, #96]	@ (100049ec <dcd_init+0x74>)
1000498c:	f7fb ff8e 	bl	100008ac <irq_add_shared_handler>
10004990:	4632      	mov	r2, r6
10004992:	2100      	movs	r1, #0
10004994:	4816      	ldr	r0, [pc, #88]	@ (100049f0 <dcd_init+0x78>)
10004996:	f002 f845 	bl	10006a24 <memset>
1000499a:	2501      	movs	r5, #1
1000499c:	2300      	movs	r3, #0
1000499e:	2180      	movs	r1, #128	@ 0x80
100049a0:	4813      	ldr	r0, [pc, #76]	@ (100049f0 <dcd_init+0x78>)
100049a2:	4a14      	ldr	r2, [pc, #80]	@ (100049f4 <dcd_init+0x7c>)
100049a4:	8441      	strh	r1, [r0, #34]	@ 0x22
100049a6:	7045      	strb	r5, [r0, #1]
100049a8:	8306      	strh	r6, [r0, #24]
100049aa:	8706      	strh	r6, [r0, #56]	@ 0x38
100049ac:	6082      	str	r2, [r0, #8]
100049ae:	6043      	str	r3, [r0, #4]
100049b0:	6013      	str	r3, [r2, #0]
100049b2:	f842 3c04 	str.w	r3, [r2, #-4]
100049b6:	f880 3021 	strb.w	r3, [r0, #33]	@ 0x21
100049ba:	f880 303b 	strb.w	r3, [r0, #59]	@ 0x3b
100049be:	6243      	str	r3, [r0, #36]	@ 0x24
100049c0:	4b0d      	ldr	r3, [pc, #52]	@ (100049f8 <dcd_init+0x80>)
100049c2:	f04f 5600 	mov.w	r6, #536870912	@ 0x20000000
100049c6:	60c3      	str	r3, [r0, #12]
100049c8:	62c3      	str	r3, [r0, #44]	@ 0x2c
100049ca:	3b80      	subs	r3, #128	@ 0x80
100049cc:	6283      	str	r3, [r0, #40]	@ 0x28
100049ce:	f002 f91f 	bl	10006c10 <__reset_non_control_endpoints_veneer>
100049d2:	f44f 3280 	mov.w	r2, #65536	@ 0x10000
100049d6:	4909      	ldr	r1, [pc, #36]	@ (100049fc <dcd_init+0x84>)
100049d8:	4b09      	ldr	r3, [pc, #36]	@ (10004a00 <dcd_init+0x88>)
100049da:	6425      	str	r5, [r4, #64]	@ 0x40
100049dc:	4628      	mov	r0, r5
100049de:	64e6      	str	r6, [r4, #76]	@ 0x4c
100049e0:	f8c4 1090 	str.w	r1, [r4, #144]	@ 0x90
100049e4:	64da      	str	r2, [r3, #76]	@ 0x4c
100049e6:	bd70      	pop	{r4, r5, r6, pc}
100049e8:	50110000 	.word	0x50110000
100049ec:	2000039d 	.word	0x2000039d
100049f0:	20001ddc 	.word	0x20001ddc
100049f4:	50100084 	.word	0x50100084
100049f8:	50100100 	.word	0x50100100
100049fc:	0001d010 	.word	0x0001d010
10004a00:	50112000 	.word	0x50112000

10004a04 <dcd_int_enable>:
10004a04:	2101      	movs	r1, #1
10004a06:	200e      	movs	r0, #14
10004a08:	f7fb bede 	b.w	100007c8 <irq_set_enabled>

10004a0c <dcd_set_address>:
10004a0c:	2200      	movs	r2, #0
10004a0e:	4802      	ldr	r0, [pc, #8]	@ (10004a18 <dcd_set_address+0xc>)
10004a10:	4611      	mov	r1, r2
10004a12:	f000 b901 	b.w	10004c18 <hw_endpoint_xfer_start>
10004a16:	bf00      	nop
10004a18:	20001dfc 	.word	0x20001dfc

10004a1c <dcd_sof_enable>:
10004a1c:	4b04      	ldr	r3, [pc, #16]	@ (10004a30 <dcd_sof_enable+0x14>)
10004a1e:	7019      	strb	r1, [r3, #0]
10004a20:	b121      	cbz	r1, 10004a2c <dcd_sof_enable+0x10>
10004a22:	f44f 3200 	mov.w	r2, #131072	@ 0x20000
10004a26:	4b03      	ldr	r3, [pc, #12]	@ (10004a34 <dcd_sof_enable+0x18>)
10004a28:	f8c3 2090 	str.w	r2, [r3, #144]	@ 0x90
10004a2c:	4770      	bx	lr
10004a2e:	bf00      	nop
10004a30:	2000224e 	.word	0x2000224e
10004a34:	50112000 	.word	0x50112000

10004a38 <dcd_edpt0_status_complete>:
10004a38:	780b      	ldrb	r3, [r1, #0]
10004a3a:	065b      	lsls	r3, r3, #25
10004a3c:	d102      	bne.n	10004a44 <dcd_edpt0_status_complete+0xc>
10004a3e:	784b      	ldrb	r3, [r1, #1]
10004a40:	2b05      	cmp	r3, #5
10004a42:	d000      	beq.n	10004a46 <dcd_edpt0_status_complete+0xe>
10004a44:	4770      	bx	lr
10004a46:	884b      	ldrh	r3, [r1, #2]
10004a48:	4a01      	ldr	r2, [pc, #4]	@ (10004a50 <dcd_edpt0_status_complete+0x18>)
10004a4a:	b2db      	uxtb	r3, r3
10004a4c:	6013      	str	r3, [r2, #0]
10004a4e:	4770      	bx	lr
10004a50:	50110000 	.word	0x50110000

10004a54 <dcd_edpt_open>:
10004a54:	78cb      	ldrb	r3, [r1, #3]
10004a56:	e92d 41f0 	stmdb	sp!, {r4, r5, r6, r7, r8, lr}
10004a5a:	f003 0e03 	and.w	lr, r3, #3
10004a5e:	f1be 0f01 	cmp.w	lr, #1
10004a62:	f3c3 0001 	ubfx	r0, r3, #0, #2
10004a66:	d05b      	beq.n	10004b20 <dcd_edpt_open+0xcc>
10004a68:	2700      	movs	r7, #0
10004a6a:	f891 c002 	ldrb.w	ip, [r1, #2]
10004a6e:	4c34      	ldr	r4, [pc, #208]	@ (10004b40 <dcd_edpt_open+0xec>)
10004a70:	f00c 027f 	and.w	r2, ip, #127	@ 0x7f
10004a74:	0056      	lsls	r6, r2, #1
10004a76:	8889      	ldrh	r1, [r1, #4]
10004a78:	eb06 13dc 	add.w	r3, r6, ip, lsr #7
10004a7c:	eb04 1343 	add.w	r3, r4, r3, lsl #5
10004a80:	ea4f 15dc 	mov.w	r5, ip, lsr #7
10004a84:	76d8      	strb	r0, [r3, #27]
10004a86:	f3c1 010a 	ubfx	r1, r1, #0, #11
10004a8a:	f085 0001 	eor.w	r0, r5, #1
10004a8e:	f883 c002 	strb.w	ip, [r3, #2]
10004a92:	8319      	strh	r1, [r3, #24]
10004a94:	7058      	strb	r0, [r3, #1]
10004a96:	70df      	strb	r7, [r3, #3]
10004a98:	00d3      	lsls	r3, r2, #3
10004a9a:	bb8d      	cbnz	r5, 10004b00 <dcd_edpt_open+0xac>
10004a9c:	4829      	ldr	r0, [pc, #164]	@ (10004b44 <dcd_edpt_open+0xf0>)
10004a9e:	3304      	adds	r3, #4
10004aa0:	eb04 1c82 	add.w	ip, r4, r2, lsl #6
10004aa4:	eb03 0800 	add.w	r8, r3, r0
10004aa8:	f8cc 8008 	str.w	r8, [ip, #8]
10004aac:	501f      	str	r7, [r3, r0]
10004aae:	b382      	cbz	r2, 10004b12 <dcd_edpt_open+0xbe>
10004ab0:	4b25      	ldr	r3, [pc, #148]	@ (10004b48 <dcd_edpt_open+0xf4>)
10004ab2:	00d2      	lsls	r2, r2, #3
10004ab4:	4413      	add	r3, r2
10004ab6:	f8cc 3004 	str.w	r3, [ip, #4]
10004aba:	4b24      	ldr	r3, [pc, #144]	@ (10004b4c <dcd_edpt_open+0xf8>)
10004abc:	313f      	adds	r1, #63	@ 0x3f
10004abe:	681a      	ldr	r2, [r3, #0]
10004ac0:	f021 013f 	bic.w	r1, r1, #63	@ 0x3f
10004ac4:	f1be 0f02 	cmp.w	lr, #2
10004ac8:	bf08      	it	eq
10004aca:	0049      	lsleq	r1, r1, #1
10004acc:	4411      	add	r1, r2
10004ace:	6019      	str	r1, [r3, #0]
10004ad0:	4b1f      	ldr	r3, [pc, #124]	@ (10004b50 <dcd_edpt_open+0xfc>)
10004ad2:	1977      	adds	r7, r6, r5
10004ad4:	eb04 1747 	add.w	r7, r4, r7, lsl #5
10004ad8:	4299      	cmp	r1, r3
10004ada:	60fa      	str	r2, [r7, #12]
10004adc:	d82b      	bhi.n	10004b36 <dcd_edpt_open+0xe2>
10004ade:	442e      	add	r6, r5
10004ae0:	eb04 1346 	add.w	r3, r4, r6, lsl #5
10004ae4:	7ed9      	ldrb	r1, [r3, #27]
10004ae6:	f082 42a0 	eor.w	r2, r2, #1342177280	@ 0x50000000
10004aea:	f482 1280 	eor.w	r2, r2, #1048576	@ 0x100000
10004aee:	685b      	ldr	r3, [r3, #4]
10004af0:	ea42 6281 	orr.w	r2, r2, r1, lsl #26
10004af4:	f042 4200 	orr.w	r2, r2, #2147483648	@ 0x80000000
10004af8:	601a      	str	r2, [r3, #0]
10004afa:	2001      	movs	r0, #1
10004afc:	e8bd 81f0 	ldmia.w	sp!, {r4, r5, r6, r7, r8, pc}
10004b00:	4810      	ldr	r0, [pc, #64]	@ (10004b44 <dcd_edpt_open+0xf0>)
10004b02:	eb04 1c82 	add.w	ip, r4, r2, lsl #6
10004b06:	4403      	add	r3, r0
10004b08:	f8cc 3028 	str.w	r3, [ip, #40]	@ 0x28
10004b0c:	f840 7032 	str.w	r7, [r0, r2, lsl #3]
10004b10:	b94a      	cbnz	r2, 10004b26 <dcd_edpt_open+0xd2>
10004b12:	2200      	movs	r2, #0
10004b14:	490f      	ldr	r1, [pc, #60]	@ (10004b54 <dcd_edpt_open+0x100>)
10004b16:	eb04 1345 	add.w	r3, r4, r5, lsl #5
10004b1a:	60d9      	str	r1, [r3, #12]
10004b1c:	605a      	str	r2, [r3, #4]
10004b1e:	e7ec      	b.n	10004afa <dcd_edpt_open+0xa6>
10004b20:	2000      	movs	r0, #0
10004b22:	e8bd 81f0 	ldmia.w	sp!, {r4, r5, r6, r7, r8, pc}
10004b26:	00d2      	lsls	r2, r2, #3
10004b28:	f102 42a0 	add.w	r2, r2, #1342177280	@ 0x50000000
10004b2c:	f502 1280 	add.w	r2, r2, #1048576	@ 0x100000
10004b30:	f8cc 2024 	str.w	r2, [ip, #36]	@ 0x24
10004b34:	e7c1      	b.n	10004aba <dcd_edpt_open+0x66>
10004b36:	f7fc fe1f 	bl	10001778 <hard_assertion_failure>
10004b3a:	68fa      	ldr	r2, [r7, #12]
10004b3c:	e7cf      	b.n	10004ade <dcd_edpt_open+0x8a>
10004b3e:	bf00      	nop
10004b40:	20001ddc 	.word	0x20001ddc
10004b44:	50100080 	.word	0x50100080
10004b48:	50100004 	.word	0x50100004
10004b4c:	200021e4 	.word	0x200021e4
10004b50:	50100fff 	.word	0x50100fff
10004b54:	50100100 	.word	0x50100100

10004b58 <dcd_edpt_close_all>:
10004b58:	f002 b85a 	b.w	10006c10 <__reset_non_control_endpoints_veneer>

10004b5c <dcd_edpt_xfer>:
10004b5c:	468c      	mov	ip, r1
10004b5e:	b508      	push	{r3, lr}
10004b60:	4611      	mov	r1, r2
10004b62:	4807      	ldr	r0, [pc, #28]	@ (10004b80 <dcd_edpt_xfer+0x24>)
10004b64:	461a      	mov	r2, r3
10004b66:	f00c 037f 	and.w	r3, ip, #127	@ 0x7f
10004b6a:	ea4f 1cdc 	mov.w	ip, ip, lsr #7
10004b6e:	eb0c 0c43 	add.w	ip, ip, r3, lsl #1
10004b72:	eb00 104c 	add.w	r0, r0, ip, lsl #5
10004b76:	f000 f84f 	bl	10004c18 <hw_endpoint_xfer_start>
10004b7a:	2001      	movs	r0, #1
10004b7c:	bd08      	pop	{r3, pc}
10004b7e:	bf00      	nop
10004b80:	20001ddc 	.word	0x20001ddc

10004b84 <dcd_edpt_stall>:
10004b84:	f011 027f 	ands.w	r2, r1, #127	@ 0x7f
10004b88:	d105      	bne.n	10004b96 <dcd_edpt_stall+0x12>
10004b8a:	2900      	cmp	r1, #0
10004b8c:	bf0c      	ite	eq
10004b8e:	2002      	moveq	r0, #2
10004b90:	2001      	movne	r0, #1
10004b92:	4b06      	ldr	r3, [pc, #24]	@ (10004bac <dcd_edpt_stall+0x28>)
10004b94:	6698      	str	r0, [r3, #104]	@ 0x68
10004b96:	09c9      	lsrs	r1, r1, #7
10004b98:	4b05      	ldr	r3, [pc, #20]	@ (10004bb0 <dcd_edpt_stall+0x2c>)
10004b9a:	eb01 0042 	add.w	r0, r1, r2, lsl #1
10004b9e:	eb03 1040 	add.w	r0, r3, r0, lsl #5
10004ba2:	f44f 6200 	mov.w	r2, #2048	@ 0x800
10004ba6:	2100      	movs	r1, #0
10004ba8:	f002 b84e 	b.w	10006c48 <___hw_endpoint_buffer_control_update32_veneer>
10004bac:	50112000 	.word	0x50112000
10004bb0:	20001ddc 	.word	0x20001ddc

10004bb4 <dcd_edpt_clear_stall>:
10004bb4:	f011 037f 	ands.w	r3, r1, #127	@ 0x7f
10004bb8:	d100      	bne.n	10004bbc <dcd_edpt_clear_stall+0x8>
10004bba:	4770      	bx	lr
10004bbc:	2200      	movs	r2, #0
10004bbe:	4805      	ldr	r0, [pc, #20]	@ (10004bd4 <dcd_edpt_clear_stall+0x20>)
10004bc0:	005b      	lsls	r3, r3, #1
10004bc2:	eb03 13d1 	add.w	r3, r3, r1, lsr #7
10004bc6:	eb00 1043 	add.w	r0, r0, r3, lsl #5
10004bca:	f46f 6100 	mvn.w	r1, #2048	@ 0x800
10004bce:	70c2      	strb	r2, [r0, #3]
10004bd0:	f002 b83a 	b.w	10006c48 <___hw_endpoint_buffer_control_update32_veneer>
10004bd4:	20001ddc 	.word	0x20001ddc

10004bd8 <rp2040_usb_init>:
10004bd8:	f04f 5280 	mov.w	r2, #268435456	@ 0x10000000
10004bdc:	4809      	ldr	r0, [pc, #36]	@ (10004c04 <rp2040_usb_init+0x2c>)
10004bde:	490a      	ldr	r1, [pc, #40]	@ (10004c08 <rp2040_usb_init+0x30>)
10004be0:	b508      	push	{r3, lr}
10004be2:	4b0a      	ldr	r3, [pc, #40]	@ (10004c0c <rp2040_usb_init+0x34>)
10004be4:	6002      	str	r2, [r0, #0]
10004be6:	600a      	str	r2, [r1, #0]
10004be8:	6899      	ldr	r1, [r3, #8]
10004bea:	43c9      	mvns	r1, r1
10004bec:	f011 5180 	ands.w	r1, r1, #268435456	@ 0x10000000
10004bf0:	d1fa      	bne.n	10004be8 <rp2040_usb_init+0x10>
10004bf2:	f44f 5280 	mov.w	r2, #4096	@ 0x1000
10004bf6:	4806      	ldr	r0, [pc, #24]	@ (10004c10 <rp2040_usb_init+0x38>)
10004bf8:	f001 ff14 	bl	10006a24 <memset>
10004bfc:	2209      	movs	r2, #9
10004bfe:	4b05      	ldr	r3, [pc, #20]	@ (10004c14 <rp2040_usb_init+0x3c>)
10004c00:	675a      	str	r2, [r3, #116]	@ 0x74
10004c02:	bd08      	pop	{r3, pc}
10004c04:	40022000 	.word	0x40022000
10004c08:	40023000 	.word	0x40023000
10004c0c:	40020000 	.word	0x40020000
10004c10:	50100000 	.word	0x50100000
10004c14:	50110000 	.word	0x50110000

10004c18 <hw_endpoint_xfer_start>:
10004c18:	2300      	movs	r3, #0
10004c1a:	f04f 0c01 	mov.w	ip, #1
10004c1e:	b510      	push	{r4, lr}
10004c20:	f880 c01a 	strb.w	ip, [r0, #26]
10004c24:	8282      	strh	r2, [r0, #20]
10004c26:	82c3      	strh	r3, [r0, #22]
10004c28:	6101      	str	r1, [r0, #16]
10004c2a:	4604      	mov	r4, r0
10004c2c:	f002 f800 	bl	10006c30 <__e15_is_bulkin_ep_veneer>
10004c30:	b120      	cbz	r0, 10004c3c <hw_endpoint_xfer_start+0x24>
10004c32:	f44f 3200 	mov.w	r2, #131072	@ 0x20000
10004c36:	4b07      	ldr	r3, [pc, #28]	@ (10004c54 <hw_endpoint_xfer_start+0x3c>)
10004c38:	f8c3 2090 	str.w	r2, [r3, #144]	@ 0x90
10004c3c:	4620      	mov	r0, r4
10004c3e:	f002 f80b 	bl	10006c58 <__e15_is_critical_frame_period_veneer>
10004c42:	b110      	cbz	r0, 10004c4a <hw_endpoint_xfer_start+0x32>
10004c44:	2301      	movs	r3, #1
10004c46:	7723      	strb	r3, [r4, #28]
10004c48:	bd10      	pop	{r4, pc}
10004c4a:	4620      	mov	r0, r4
10004c4c:	e8bd 4010 	ldmia.w	sp!, {r4, lr}
10004c50:	f001 bfe6 	b.w	10006c20 <__hw_endpoint_start_next_buffer_veneer>
10004c54:	50112000 	.word	0x50112000

10004c58 <configuration_reset>:
10004c58:	e92d 41f0 	stmdb	sp!, {r4, r5, r6, r7, r8, lr}
10004c5c:	2400      	movs	r4, #0
10004c5e:	4e1d      	ldr	r6, [pc, #116]	@ (10004cd4 <configuration_reset+0x7c>)
10004c60:	4605      	mov	r5, r0
10004c62:	4623      	mov	r3, r4
10004c64:	7832      	ldrb	r2, [r6, #0]
10004c66:	f8df 8078 	ldr.w	r8, [pc, #120]	@ 10004ce0 <configuration_reset+0x88>
10004c6a:	4f1b      	ldr	r7, [pc, #108]	@ (10004cd8 <configuration_reset+0x80>)
10004c6c:	e00d      	b.n	10004c8a <configuration_reset+0x32>
10004c6e:	683b      	ldr	r3, [r7, #0]
10004c70:	eb13 1344 	adds.w	r3, r3, r4, lsl #5
10004c74:	d024      	beq.n	10004cc0 <configuration_reset+0x68>
10004c76:	68db      	ldr	r3, [r3, #12]
10004c78:	4628      	mov	r0, r5
10004c7a:	4798      	blx	r3
10004c7c:	7832      	ldrb	r2, [r6, #0]
10004c7e:	3401      	adds	r4, #1
10004c80:	b2e4      	uxtb	r4, r4
10004c82:	1c51      	adds	r1, r2, #1
10004c84:	42a1      	cmp	r1, r4
10004c86:	4623      	mov	r3, r4
10004c88:	db06      	blt.n	10004c98 <configuration_reset+0x40>
10004c8a:	42a2      	cmp	r2, r4
10004c8c:	eba3 0302 	sub.w	r3, r3, r2
10004c90:	d8ed      	bhi.n	10004c6e <configuration_reset+0x16>
10004c92:	eb08 1343 	add.w	r3, r8, r3, lsl #5
10004c96:	e7ee      	b.n	10004c76 <configuration_reset+0x1e>
10004c98:	2254      	movs	r2, #84	@ 0x54
10004c9a:	2100      	movs	r1, #0
10004c9c:	480f      	ldr	r0, [pc, #60]	@ (10004cdc <configuration_reset+0x84>)
10004c9e:	f001 fec1 	bl	10006a24 <memset>
10004ca2:	f04f 33ff 	mov.w	r3, #4294967295	@ 0xffffffff
10004ca6:	480d      	ldr	r0, [pc, #52]	@ (10004cdc <configuration_reset+0x84>)
10004ca8:	2220      	movs	r2, #32
10004caa:	1d04      	adds	r4, r0, #4
10004cac:	6043      	str	r3, [r0, #4]
10004cae:	e9c4 3301 	strd	r3, r3, [r4, #4]
10004cb2:	60e3      	str	r3, [r4, #12]
10004cb4:	21ff      	movs	r1, #255	@ 0xff
10004cb6:	e8bd 41f0 	ldmia.w	sp!, {r4, r5, r6, r7, r8, lr}
10004cba:	3014      	adds	r0, #20
10004cbc:	f001 beb2 	b.w	10006a24 <memset>
10004cc0:	f04f 23e0 	mov.w	r3, #3758153728	@ 0xe000e000
10004cc4:	f8d3 3df0 	ldr.w	r3, [r3, #3568]	@ 0xdf0
10004cc8:	07db      	lsls	r3, r3, #31
10004cca:	d500      	bpl.n	10004cce <configuration_reset+0x76>
10004ccc:	be00      	bkpt	0x0000
10004cce:	e8bd 81f0 	ldmia.w	sp!, {r4, r5, r6, r7, r8, pc}
10004cd2:	bf00      	nop
10004cd4:	2000224d 	.word	0x2000224d
10004cd8:	200017b8 	.word	0x200017b8
10004cdc:	20001988 	.word	0x20001988
10004ce0:	10007074 	.word	0x10007074

10004ce4 <tud_event_hook_cb>:
10004ce4:	4770      	bx	lr
10004ce6:	bf00      	nop

10004ce8 <tud_sof_cb>:
10004ce8:	4770      	bx	lr
10004cea:	bf00      	nop

10004cec <tud_descriptor_device_qualifier_cb>:
10004cec:	2000      	movs	r0, #0
10004cee:	4770      	bx	lr

10004cf0 <tud_descriptor_other_speed_configuration_cb>:
10004cf0:	2000      	movs	r0, #0
10004cf2:	4770      	bx	lr

10004cf4 <tud_mount_cb>:
10004cf4:	4770      	bx	lr
10004cf6:	bf00      	nop

10004cf8 <tud_umount_cb>:
10004cf8:	4770      	bx	lr
10004cfa:	bf00      	nop

10004cfc <tud_suspend_cb>:
10004cfc:	4770      	bx	lr
10004cfe:	bf00      	nop

10004d00 <tud_resume_cb>:
10004d00:	4770      	bx	lr
10004d02:	bf00      	nop

10004d04 <tud_mounted>:
10004d04:	4b02      	ldr	r3, [pc, #8]	@ (10004d10 <tud_mounted+0xc>)
10004d06:	7858      	ldrb	r0, [r3, #1]
10004d08:	3800      	subs	r0, #0
10004d0a:	bf18      	it	ne
10004d0c:	2001      	movne	r0, #1
10004d0e:	4770      	bx	lr
10004d10:	20001988 	.word	0x20001988

10004d14 <tud_suspended>:
10004d14:	4b02      	ldr	r3, [pc, #8]	@ (10004d20 <tud_suspended+0xc>)
10004d16:	7818      	ldrb	r0, [r3, #0]
10004d18:	f3c0 0080 	ubfx	r0, r0, #2, #1
10004d1c:	4770      	bx	lr
10004d1e:	bf00      	nop
10004d20:	20001988 	.word	0x20001988

10004d24 <tud_rhport_init>:
10004d24:	e92d 47f0 	stmdb	sp!, {r4, r5, r6, r7, r8, r9, sl, lr}
10004d28:	f8df a0e4 	ldr.w	sl, [pc, #228]	@ 10004e10 <tud_rhport_init+0xec>
10004d2c:	f89a 3000 	ldrb.w	r3, [sl]
10004d30:	2bff      	cmp	r3, #255	@ 0xff
10004d32:	d156      	bne.n	10004de2 <tud_rhport_init+0xbe>
10004d34:	460e      	mov	r6, r1
10004d36:	2900      	cmp	r1, #0
10004d38:	d03e      	beq.n	10004db8 <tud_rhport_init+0x94>
10004d3a:	2100      	movs	r1, #0
10004d3c:	2254      	movs	r2, #84	@ 0x54
10004d3e:	4607      	mov	r7, r0
10004d40:	4829      	ldr	r0, [pc, #164]	@ (10004de8 <tud_rhport_init+0xc4>)
10004d42:	f001 fe6f 	bl	10006a24 <memset>
10004d46:	2200      	movs	r2, #0
10004d48:	4c28      	ldr	r4, [pc, #160]	@ (10004dec <tud_rhport_init+0xc8>)
10004d4a:	4b29      	ldr	r3, [pc, #164]	@ (10004df0 <tud_rhport_init+0xcc>)
10004d4c:	4620      	mov	r0, r4
10004d4e:	701a      	strb	r2, [r3, #0]
10004d50:	f7fb ff3e 	bl	10000bd0 <mutex_init>
10004d54:	4b27      	ldr	r3, [pc, #156]	@ (10004df4 <tud_rhport_init+0xd0>)
10004d56:	4828      	ldr	r0, [pc, #160]	@ (10004df8 <tud_rhport_init+0xd4>)
10004d58:	601c      	str	r4, [r3, #0]
10004d5a:	4c28      	ldr	r4, [pc, #160]	@ (10004dfc <tud_rhport_init+0xd8>)
10004d5c:	f7fb ff46 	bl	10000bec <critical_section_init>
10004d60:	4620      	mov	r0, r4
10004d62:	f001 fdab 	bl	100068bc <tu_fifo_clear>
10004d66:	4a26      	ldr	r2, [pc, #152]	@ (10004e00 <tud_rhport_init+0xdc>)
10004d68:	4b26      	ldr	r3, [pc, #152]	@ (10004e04 <tud_rhport_init+0xe0>)
10004d6a:	6014      	str	r4, [r2, #0]
10004d6c:	b123      	cbz	r3, 10004d78 <tud_rhport_init+0x54>
10004d6e:	4826      	ldr	r0, [pc, #152]	@ (10004e08 <tud_rhport_init+0xe4>)
10004d70:	f7ff fac4 	bl	100042fc <usbd_app_driver_get_cb>
10004d74:	4b25      	ldr	r3, [pc, #148]	@ (10004e0c <tud_rhport_init+0xe8>)
10004d76:	6018      	str	r0, [r3, #0]
10004d78:	2400      	movs	r4, #0
10004d7a:	4d23      	ldr	r5, [pc, #140]	@ (10004e08 <tud_rhport_init+0xe4>)
10004d7c:	4623      	mov	r3, r4
10004d7e:	782a      	ldrb	r2, [r5, #0]
10004d80:	f8df 9090 	ldr.w	r9, [pc, #144]	@ 10004e14 <tud_rhport_init+0xf0>
10004d84:	f8df 8084 	ldr.w	r8, [pc, #132]	@ 10004e0c <tud_rhport_init+0xe8>
10004d88:	e00e      	b.n	10004da8 <tud_rhport_init+0x84>
10004d8a:	f8d8 3000 	ldr.w	r3, [r8]
10004d8e:	eb13 1344 	adds.w	r3, r3, r4, lsl #5
10004d92:	d011      	beq.n	10004db8 <tud_rhport_init+0x94>
10004d94:	685b      	ldr	r3, [r3, #4]
10004d96:	b17b      	cbz	r3, 10004db8 <tud_rhport_init+0x94>
10004d98:	4798      	blx	r3
10004d9a:	782a      	ldrb	r2, [r5, #0]
10004d9c:	3401      	adds	r4, #1
10004d9e:	b2e4      	uxtb	r4, r4
10004da0:	1c51      	adds	r1, r2, #1
10004da2:	42a1      	cmp	r1, r4
10004da4:	4623      	mov	r3, r4
10004da6:	db11      	blt.n	10004dcc <tud_rhport_init+0xa8>
10004da8:	42a2      	cmp	r2, r4
10004daa:	d8ee      	bhi.n	10004d8a <tud_rhport_init+0x66>
10004dac:	1a9b      	subs	r3, r3, r2
10004dae:	eb09 1343 	add.w	r3, r9, r3, lsl #5
10004db2:	685b      	ldr	r3, [r3, #4]
10004db4:	2b00      	cmp	r3, #0
10004db6:	d1ef      	bne.n	10004d98 <tud_rhport_init+0x74>
10004db8:	f04f 23e0 	mov.w	r3, #3758153728	@ 0xe000e000
10004dbc:	f8d3 3df0 	ldr.w	r3, [r3, #3568]	@ 0xdf0
10004dc0:	07db      	lsls	r3, r3, #31
10004dc2:	d500      	bpl.n	10004dc6 <tud_rhport_init+0xa2>
10004dc4:	be00      	bkpt	0x0000
10004dc6:	2000      	movs	r0, #0
10004dc8:	e8bd 87f0 	ldmia.w	sp!, {r4, r5, r6, r7, r8, r9, sl, pc}
10004dcc:	4631      	mov	r1, r6
10004dce:	4638      	mov	r0, r7
10004dd0:	f88a 7000 	strb.w	r7, [sl]
10004dd4:	f7ff fdd0 	bl	10004978 <dcd_init>
10004dd8:	2800      	cmp	r0, #0
10004dda:	d0ed      	beq.n	10004db8 <tud_rhport_init+0x94>
10004ddc:	4638      	mov	r0, r7
10004dde:	f7ff fe11 	bl	10004a04 <dcd_int_enable>
10004de2:	2001      	movs	r0, #1
10004de4:	e8bd 87f0 	ldmia.w	sp!, {r4, r5, r6, r7, r8, r9, sl, pc}
10004de8:	20001988 	.word	0x20001988
10004dec:	20001980 	.word	0x20001980
10004df0:	2000224f 	.word	0x2000224f
10004df4:	200019dc 	.word	0x200019dc
10004df8:	20001618 	.word	0x20001618
10004dfc:	20001604 	.word	0x20001604
10004e00:	200019e0 	.word	0x200019e0
10004e04:	100042fd 	.word	0x100042fd
10004e08:	2000224d 	.word	0x2000224d
10004e0c:	200017b8 	.word	0x200017b8
10004e10:	20001620 	.word	0x20001620
10004e14:	10007074 	.word	0x10007074

10004e18 <tud_task_ext>:
10004e18:	e92d 4ff0 	stmdb	sp!, {r4, r5, r6, r7, r8, r9, sl, fp, lr}
10004e1c:	f8df 92c8 	ldr.w	r9, [pc, #712]	@ 100050e8 <tud_task_ext+0x2d0>
10004e20:	b08b      	sub	sp, #44	@ 0x2c
10004e22:	f899 3000 	ldrb.w	r3, [r9]
10004e26:	2bff      	cmp	r3, #255	@ 0xff
10004e28:	f000 80f1 	beq.w	1000500e <tud_task_ext+0x1f6>
10004e2c:	4ca8      	ldr	r4, [pc, #672]	@ (100050d0 <tud_task_ext+0x2b8>)
10004e2e:	4da9      	ldr	r5, [pc, #676]	@ (100050d4 <tud_task_ext+0x2bc>)
10004e30:	f8df a2b0 	ldr.w	sl, [pc, #688]	@ 100050e4 <tud_task_ext+0x2cc>
10004e34:	f8df b2b4 	ldr.w	fp, [pc, #692]	@ 100050ec <tud_task_ext+0x2d4>
10004e38:	6826      	ldr	r6, [r4, #0]
10004e3a:	6973      	ldr	r3, [r6, #20]
10004e3c:	f3ef 8210 	mrs	r2, PRIMASK
10004e40:	b672      	cpsid	i
10004e42:	e8d3 0fcf 	ldaexb	r0, [r3]
10004e46:	2101      	movs	r1, #1
10004e48:	2800      	cmp	r0, #0
10004e4a:	d1fa      	bne.n	10004e42 <tud_task_ext+0x2a>
10004e4c:	e8c3 1f40 	strexb	r0, r1, [r3]
10004e50:	2800      	cmp	r0, #0
10004e52:	d1f6      	bne.n	10004e42 <tud_task_ext+0x2a>
10004e54:	f3bf 8f5f 	dmb	sy
10004e58:	61b2      	str	r2, [r6, #24]
10004e5a:	4630      	mov	r0, r6
10004e5c:	a907      	add	r1, sp, #28
10004e5e:	f001 fb77 	bl	10006550 <tu_fifo_read>
10004e62:	2300      	movs	r3, #0
10004e64:	6972      	ldr	r2, [r6, #20]
10004e66:	e8c2 3f8f 	stlb	r3, [r2]
10004e6a:	69b3      	ldr	r3, [r6, #24]
10004e6c:	f383 8810 	msr	PRIMASK, r3
10004e70:	2800      	cmp	r0, #0
10004e72:	f000 80cc 	beq.w	1000500e <tud_task_ext+0x1f6>
10004e76:	f89d 301d 	ldrb.w	r3, [sp, #29]
10004e7a:	3b01      	subs	r3, #1
10004e7c:	2b07      	cmp	r3, #7
10004e7e:	f200 837d 	bhi.w	1000557c <tud_task_ext+0x764>
10004e82:	e8df f003 	tbb	[pc, r3]
10004e86:	b1a7      	.short	0xb1a7
10004e88:	358e9d95 	.word	0x358e9d95
10004e8c:	040a      	.short	0x040a
10004e8e:	9b08      	ldr	r3, [sp, #32]
10004e90:	2b00      	cmp	r3, #0
10004e92:	d0d1      	beq.n	10004e38 <tud_task_ext+0x20>
10004e94:	9809      	ldr	r0, [sp, #36]	@ 0x24
10004e96:	4798      	blx	r3
10004e98:	e7ce      	b.n	10004e38 <tud_task_ext+0x20>
10004e9a:	f89d 1020 	ldrb.w	r1, [sp, #32]
10004e9e:	f001 067f 	and.w	r6, r1, #127	@ 0x7f
10004ea2:	eb05 0046 	add.w	r0, r5, r6, lsl #1
10004ea6:	eb00 10d1 	add.w	r0, r0, r1, lsr #7
10004eaa:	f890 3034 	ldrb.w	r3, [r0, #52]	@ 0x34
10004eae:	f023 0301 	bic.w	r3, r3, #1
10004eb2:	f880 3034 	strb.w	r3, [r0, #52]	@ 0x34
10004eb6:	f890 3034 	ldrb.w	r3, [r0, #52]	@ 0x34
10004eba:	f023 0304 	bic.w	r3, r3, #4
10004ebe:	f880 3034 	strb.w	r3, [r0, #52]	@ 0x34
10004ec2:	2e00      	cmp	r6, #0
10004ec4:	f000 80a6 	beq.w	10005014 <tud_task_ext+0x1fc>
10004ec8:	7d03      	ldrb	r3, [r0, #20]
10004eca:	f89a 2000 	ldrb.w	r2, [sl]
10004ece:	4293      	cmp	r3, r2
10004ed0:	f080 8093 	bcs.w	10004ffa <tud_task_ext+0x1e2>
10004ed4:	4a80      	ldr	r2, [pc, #512]	@ (100050d8 <tud_task_ext+0x2c0>)
10004ed6:	6812      	ldr	r2, [r2, #0]
10004ed8:	eb12 1343 	adds.w	r3, r2, r3, lsl #5
10004edc:	f000 8090 	beq.w	10005000 <tud_task_ext+0x1e8>
10004ee0:	699e      	ldr	r6, [r3, #24]
10004ee2:	f89d 2021 	ldrb.w	r2, [sp, #33]	@ 0x21
10004ee6:	9b09      	ldr	r3, [sp, #36]	@ 0x24
10004ee8:	f89d 001c 	ldrb.w	r0, [sp, #28]
10004eec:	47b0      	blx	r6
10004eee:	e7a3      	b.n	10004e38 <tud_task_ext+0x20>
10004ef0:	f89b 3000 	ldrb.w	r3, [fp]
10004ef4:	2b00      	cmp	r3, #0
10004ef6:	f000 8083 	beq.w	10005000 <tud_task_ext+0x1e8>
10004efa:	f89b 3000 	ldrb.w	r3, [fp]
10004efe:	3b01      	subs	r3, #1
10004f00:	b2db      	uxtb	r3, r3
10004f02:	f88b 3000 	strb.w	r3, [fp]
10004f06:	f89b 3000 	ldrb.w	r3, [fp]
10004f0a:	f003 00ff 	and.w	r0, r3, #255	@ 0xff
10004f0e:	2b00      	cmp	r3, #0
10004f10:	d192      	bne.n	10004e38 <tud_task_ext+0x20>
10004f12:	4f70      	ldr	r7, [pc, #448]	@ (100050d4 <tud_task_ext+0x2bc>)
10004f14:	f89d 801c 	ldrb.w	r8, [sp, #28]
10004f18:	783b      	ldrb	r3, [r7, #0]
10004f1a:	f043 0301 	orr.w	r3, r3, #1
10004f1e:	703b      	strb	r3, [r7, #0]
10004f20:	f897 3034 	ldrb.w	r3, [r7, #52]	@ 0x34
10004f24:	f360 0300 	bfi	r3, r0, #0, #1
10004f28:	f887 3034 	strb.w	r3, [r7, #52]	@ 0x34
10004f2c:	f897 3034 	ldrb.w	r3, [r7, #52]	@ 0x34
10004f30:	f360 0382 	bfi	r3, r0, #2, #1
10004f34:	f887 3034 	strb.w	r3, [r7, #52]	@ 0x34
10004f38:	f897 3035 	ldrb.w	r3, [r7, #53]	@ 0x35
10004f3c:	f360 0300 	bfi	r3, r0, #0, #1
10004f40:	f887 3035 	strb.w	r3, [r7, #53]	@ 0x35
10004f44:	f897 3035 	ldrb.w	r3, [r7, #53]	@ 0x35
10004f48:	f360 0382 	bfi	r3, r0, #2, #1
10004f4c:	f887 3035 	strb.w	r3, [r7, #53]	@ 0x35
10004f50:	f000 fc6c 	bl	1000582c <usbd_control_set_complete_callback>
10004f54:	f89d 3020 	ldrb.w	r3, [sp, #32]
10004f58:	f003 0260 	and.w	r2, r3, #96	@ 0x60
10004f5c:	2a60      	cmp	r2, #96	@ 0x60
10004f5e:	d06c      	beq.n	1000503a <tud_task_ext+0x222>
10004f60:	2a40      	cmp	r2, #64	@ 0x40
10004f62:	d07c      	beq.n	1000505e <tud_task_ext+0x246>
10004f64:	f003 031f 	and.w	r3, r3, #31
10004f68:	2b01      	cmp	r3, #1
10004f6a:	f000 80c1 	beq.w	100050f0 <tud_task_ext+0x2d8>
10004f6e:	2b02      	cmp	r3, #2
10004f70:	f000 8081 	beq.w	10005076 <tud_task_ext+0x25e>
10004f74:	2b00      	cmp	r3, #0
10004f76:	d160      	bne.n	1000503a <tud_task_ext+0x222>
10004f78:	2a20      	cmp	r2, #32
10004f7a:	f000 81e9 	beq.w	10005350 <tud_task_ext+0x538>
10004f7e:	2a00      	cmp	r2, #0
10004f80:	d15b      	bne.n	1000503a <tud_task_ext+0x222>
10004f82:	f89d 3021 	ldrb.w	r3, [sp, #33]	@ 0x21
10004f86:	2b09      	cmp	r3, #9
10004f88:	d857      	bhi.n	1000503a <tud_task_ext+0x222>
10004f8a:	e8df f013 	tbh	[pc, r3, lsl #1]
10004f8e:	01b0      	.short	0x01b0
10004f90:	005601a2 	.word	0x005601a2
10004f94:	005601c1 	.word	0x005601c1
10004f98:	016b0195 	.word	0x016b0195
10004f9c:	01600056 	.word	0x01600056
10004fa0:	00f4      	.short	0x00f4
10004fa2:	782b      	ldrb	r3, [r5, #0]
10004fa4:	07d9      	lsls	r1, r3, #31
10004fa6:	f57f af47 	bpl.w	10004e38 <tud_task_ext+0x20>
10004faa:	f7ff fea9 	bl	10004d00 <tud_resume_cb>
10004fae:	e743      	b.n	10004e38 <tud_task_ext+0x20>
10004fb0:	78eb      	ldrb	r3, [r5, #3]
10004fb2:	07da      	lsls	r2, r3, #31
10004fb4:	f57f af40 	bpl.w	10004e38 <tud_task_ext+0x20>
10004fb8:	9808      	ldr	r0, [sp, #32]
10004fba:	f7ff fe95 	bl	10004ce8 <tud_sof_cb>
10004fbe:	e73b      	b.n	10004e38 <tud_task_ext+0x20>
10004fc0:	782b      	ldrb	r3, [r5, #0]
10004fc2:	07d8      	lsls	r0, r3, #31
10004fc4:	f57f af38 	bpl.w	10004e38 <tud_task_ext+0x20>
10004fc8:	7828      	ldrb	r0, [r5, #0]
10004fca:	f3c0 00c0 	ubfx	r0, r0, #3, #1
10004fce:	f7ff fe95 	bl	10004cfc <tud_suspend_cb>
10004fd2:	e731      	b.n	10004e38 <tud_task_ext+0x20>
10004fd4:	f89d 001c 	ldrb.w	r0, [sp, #28]
10004fd8:	f7ff fe3e 	bl	10004c58 <configuration_reset>
10004fdc:	f000 fc1c 	bl	10005818 <usbd_control_reset>
10004fe0:	f89d 3020 	ldrb.w	r3, [sp, #32]
10004fe4:	70ab      	strb	r3, [r5, #2]
10004fe6:	e727      	b.n	10004e38 <tud_task_ext+0x20>
10004fe8:	f89d 001c 	ldrb.w	r0, [sp, #28]
10004fec:	f7ff fe34 	bl	10004c58 <configuration_reset>
10004ff0:	f000 fc12 	bl	10005818 <usbd_control_reset>
10004ff4:	f7ff fe80 	bl	10004cf8 <tud_umount_cb>
10004ff8:	e71e      	b.n	10004e38 <tud_task_ext+0x20>
10004ffa:	1c50      	adds	r0, r2, #1
10004ffc:	4298      	cmp	r0, r3
10004ffe:	da11      	bge.n	10005024 <tud_task_ext+0x20c>
10005000:	f04f 23e0 	mov.w	r3, #3758153728	@ 0xe000e000
10005004:	f8d3 3df0 	ldr.w	r3, [r3, #3568]	@ 0xdf0
10005008:	07dc      	lsls	r4, r3, #31
1000500a:	d500      	bpl.n	1000500e <tud_task_ext+0x1f6>
1000500c:	be00      	bkpt	0x0000
1000500e:	b00b      	add	sp, #44	@ 0x2c
10005010:	e8bd 8ff0 	ldmia.w	sp!, {r4, r5, r6, r7, r8, r9, sl, fp, pc}
10005014:	9b09      	ldr	r3, [sp, #36]	@ 0x24
10005016:	f89d 2021 	ldrb.w	r2, [sp, #33]	@ 0x21
1000501a:	f89d 001c 	ldrb.w	r0, [sp, #28]
1000501e:	f000 fc19 	bl	10005854 <usbd_control_xfer_cb>
10005022:	e709      	b.n	10004e38 <tud_task_ext+0x20>
10005024:	1a9b      	subs	r3, r3, r2
10005026:	4a2d      	ldr	r2, [pc, #180]	@ (100050dc <tud_task_ext+0x2c4>)
10005028:	eb02 1343 	add.w	r3, r2, r3, lsl #5
1000502c:	e758      	b.n	10004ee0 <tud_task_ext+0xc8>
1000502e:	f7ff fb8d 	bl	1000474c <tud_descriptor_configuration_cb>
10005032:	4602      	mov	r2, r0
10005034:	2800      	cmp	r0, #0
10005036:	f040 8182 	bne.w	1000533e <tud_task_ext+0x526>
1000503a:	f04f 23e0 	mov.w	r3, #3758153728	@ 0xe000e000
1000503e:	f8d3 3df0 	ldr.w	r3, [r3, #3568]	@ 0xdf0
10005042:	07de      	lsls	r6, r3, #31
10005044:	d500      	bpl.n	10005048 <tud_task_ext+0x230>
10005046:	be00      	bkpt	0x0000
10005048:	f89d 001c 	ldrb.w	r0, [sp, #28]
1000504c:	2100      	movs	r1, #0
1000504e:	f7ff fd99 	bl	10004b84 <dcd_edpt_stall>
10005052:	2180      	movs	r1, #128	@ 0x80
10005054:	f89d 001c 	ldrb.w	r0, [sp, #28]
10005058:	f7ff fd94 	bl	10004b84 <dcd_edpt_stall>
1000505c:	e6ec      	b.n	10004e38 <tud_task_ext+0x20>
1000505e:	4820      	ldr	r0, [pc, #128]	@ (100050e0 <tud_task_ext+0x2c8>)
10005060:	f000 fbe4 	bl	1000582c <usbd_control_set_complete_callback>
10005064:	2101      	movs	r1, #1
10005066:	4640      	mov	r0, r8
10005068:	aa08      	add	r2, sp, #32
1000506a:	f7ff f933 	bl	100042d4 <tud_vendor_control_xfer_cb>
1000506e:	2800      	cmp	r0, #0
10005070:	f47f aee2 	bne.w	10004e38 <tud_task_ext+0x20>
10005074:	e7e8      	b.n	10005048 <tud_task_ext+0x230>
10005076:	f89d 1024 	ldrb.w	r1, [sp, #36]	@ 0x24
1000507a:	f011 0f70 	tst.w	r1, #112	@ 0x70
1000507e:	d1dc      	bne.n	1000503a <tud_task_ext+0x222>
10005080:	f001 067f 	and.w	r6, r1, #127	@ 0x7f
10005084:	eb07 0046 	add.w	r0, r7, r6, lsl #1
10005088:	4b16      	ldr	r3, [pc, #88]	@ (100050e4 <tud_task_ext+0x2cc>)
1000508a:	eb00 10d1 	add.w	r0, r0, r1, lsr #7
1000508e:	781b      	ldrb	r3, [r3, #0]
10005090:	7d00      	ldrb	r0, [r0, #20]
10005092:	0076      	lsls	r6, r6, #1
10005094:	9601      	str	r6, [sp, #4]
10005096:	4298      	cmp	r0, r3
10005098:	ea4f 16d1 	mov.w	r6, r1, lsr #7
1000509c:	9600      	str	r6, [sp, #0]
1000509e:	d359      	bcc.n	10005154 <tud_task_ext+0x33c>
100050a0:	1c5e      	adds	r6, r3, #1
100050a2:	4286      	cmp	r6, r0
100050a4:	f2c0 8166 	blt.w	10005374 <tud_task_ext+0x55c>
100050a8:	1ac0      	subs	r0, r0, r3
100050aa:	4b0c      	ldr	r3, [pc, #48]	@ (100050dc <tud_task_ext+0x2c4>)
100050ac:	eb03 1640 	add.w	r6, r3, r0, lsl #5
100050b0:	2a00      	cmp	r2, #0
100050b2:	f000 8163 	beq.w	1000537c <tud_task_ext+0x564>
100050b6:	6970      	ldr	r0, [r6, #20]
100050b8:	f000 fbb8 	bl	1000582c <usbd_control_set_complete_callback>
100050bc:	2101      	movs	r1, #1
100050be:	4640      	mov	r0, r8
100050c0:	6973      	ldr	r3, [r6, #20]
100050c2:	aa08      	add	r2, sp, #32
100050c4:	4798      	blx	r3
100050c6:	2800      	cmp	r0, #0
100050c8:	f47f aeb6 	bne.w	10004e38 <tud_task_ext+0x20>
100050cc:	e7bc      	b.n	10005048 <tud_task_ext+0x230>
100050ce:	bf00      	nop
100050d0:	200019e0 	.word	0x200019e0
100050d4:	20001988 	.word	0x20001988
100050d8:	200017b8 	.word	0x200017b8
100050dc:	10007074 	.word	0x10007074
100050e0:	100042d5 	.word	0x100042d5
100050e4:	2000224d 	.word	0x2000224d
100050e8:	20001620 	.word	0x20001620
100050ec:	2000224f 	.word	0x2000224f
100050f0:	f89d 3024 	ldrb.w	r3, [sp, #36]	@ 0x24
100050f4:	2b0f      	cmp	r3, #15
100050f6:	d8a7      	bhi.n	10005048 <tud_task_ext+0x230>
100050f8:	4aae      	ldr	r2, [pc, #696]	@ (100053b4 <tud_task_ext+0x59c>)
100050fa:	443b      	add	r3, r7
100050fc:	791b      	ldrb	r3, [r3, #4]
100050fe:	7812      	ldrb	r2, [r2, #0]
10005100:	4293      	cmp	r3, r2
10005102:	d332      	bcc.n	1000516a <tud_task_ext+0x352>
10005104:	1c51      	adds	r1, r2, #1
10005106:	4299      	cmp	r1, r3
10005108:	db9e      	blt.n	10005048 <tud_task_ext+0x230>
1000510a:	4eab      	ldr	r6, [pc, #684]	@ (100053b8 <tud_task_ext+0x5a0>)
1000510c:	1a9b      	subs	r3, r3, r2
1000510e:	eb06 1643 	add.w	r6, r6, r3, lsl #5
10005112:	6970      	ldr	r0, [r6, #20]
10005114:	f000 fb8a 	bl	1000582c <usbd_control_set_complete_callback>
10005118:	2101      	movs	r1, #1
1000511a:	4640      	mov	r0, r8
1000511c:	6973      	ldr	r3, [r6, #20]
1000511e:	aa08      	add	r2, sp, #32
10005120:	4798      	blx	r3
10005122:	2800      	cmp	r0, #0
10005124:	f47f ae88 	bne.w	10004e38 <tud_task_ext+0x20>
10005128:	f89d 3020 	ldrb.w	r3, [sp, #32]
1000512c:	f013 0660 	ands.w	r6, r3, #96	@ 0x60
10005130:	d18a      	bne.n	10005048 <tud_task_ext+0x230>
10005132:	f89d 3021 	ldrb.w	r3, [sp, #33]	@ 0x21
10005136:	3b0a      	subs	r3, #10
10005138:	2b01      	cmp	r3, #1
1000513a:	d885      	bhi.n	10005048 <tud_task_ext+0x230>
1000513c:	f000 fb76 	bl	1000582c <usbd_control_set_complete_callback>
10005140:	f89d 3021 	ldrb.w	r3, [sp, #33]	@ 0x21
10005144:	2b0a      	cmp	r3, #10
10005146:	f000 81f2 	beq.w	1000552e <tud_task_ext+0x716>
1000514a:	4640      	mov	r0, r8
1000514c:	a908      	add	r1, sp, #32
1000514e:	f000 faf1 	bl	10005734 <tud_control_status>
10005152:	e671      	b.n	10004e38 <tud_task_ext+0x20>
10005154:	4b99      	ldr	r3, [pc, #612]	@ (100053bc <tud_task_ext+0x5a4>)
10005156:	681b      	ldr	r3, [r3, #0]
10005158:	eb03 1640 	add.w	r6, r3, r0, lsl #5
1000515c:	2a00      	cmp	r2, #0
1000515e:	f000 810d 	beq.w	1000537c <tud_task_ext+0x564>
10005162:	2e00      	cmp	r6, #0
10005164:	f43f af70 	beq.w	10005048 <tud_task_ext+0x230>
10005168:	e7a5      	b.n	100050b6 <tud_task_ext+0x29e>
1000516a:	4a94      	ldr	r2, [pc, #592]	@ (100053bc <tud_task_ext+0x5a4>)
1000516c:	6816      	ldr	r6, [r2, #0]
1000516e:	eb16 1643 	adds.w	r6, r6, r3, lsl #5
10005172:	d1ce      	bne.n	10005112 <tud_task_ext+0x2fa>
10005174:	e768      	b.n	10005048 <tud_task_ext+0x230>
10005176:	787b      	ldrb	r3, [r7, #1]
10005178:	f89d 6022 	ldrb.w	r6, [sp, #34]	@ 0x22
1000517c:	429e      	cmp	r6, r3
1000517e:	f000 814f 	beq.w	10005420 <tud_task_ext+0x608>
10005182:	787b      	ldrb	r3, [r7, #1]
10005184:	2b00      	cmp	r3, #0
10005186:	f040 81be 	bne.w	10005506 <tud_task_ext+0x6ee>
1000518a:	707e      	strb	r6, [r7, #1]
1000518c:	2e00      	cmp	r6, #0
1000518e:	f000 8145 	beq.w	1000541c <tud_task_ext+0x604>
10005192:	1e70      	subs	r0, r6, #1
10005194:	b2c0      	uxtb	r0, r0
10005196:	f7ff fad9 	bl	1000474c <tud_descriptor_configuration_cb>
1000519a:	4603      	mov	r3, r0
1000519c:	2800      	cmp	r0, #0
1000519e:	f000 815f 	beq.w	10005460 <tud_task_ext+0x648>
100051a2:	7842      	ldrb	r2, [r0, #1]
100051a4:	2a02      	cmp	r2, #2
100051a6:	f040 815b 	bne.w	10005460 <tud_task_ext+0x648>
100051aa:	79c1      	ldrb	r1, [r0, #7]
100051ac:	f103 0609 	add.w	r6, r3, #9
100051b0:	f3c1 1240 	ubfx	r2, r1, #5, #1
100051b4:	0112      	lsls	r2, r2, #4
100051b6:	f3c1 1180 	ubfx	r1, r1, #6, #1
100051ba:	ea42 1241 	orr.w	r2, r2, r1, lsl #5
100051be:	4631      	mov	r1, r6
100051c0:	7838      	ldrb	r0, [r7, #0]
100051c2:	f020 0030 	bic.w	r0, r0, #48	@ 0x30
100051c6:	4302      	orrs	r2, r0
100051c8:	703a      	strb	r2, [r7, #0]
100051ca:	885a      	ldrh	r2, [r3, #2]
100051cc:	f8cd 800c 	str.w	r8, [sp, #12]
100051d0:	189a      	adds	r2, r3, r2
100051d2:	9201      	str	r2, [sp, #4]
100051d4:	9b01      	ldr	r3, [sp, #4]
100051d6:	428b      	cmp	r3, r1
100051d8:	f240 81a4 	bls.w	10005524 <tud_task_ext+0x70c>
100051dc:	784a      	ldrb	r2, [r1, #1]
100051de:	2a0b      	cmp	r2, #11
100051e0:	f000 81af 	beq.w	10005542 <tud_task_ext+0x72a>
100051e4:	2301      	movs	r3, #1
100051e6:	2a04      	cmp	r2, #4
100051e8:	f040 813a 	bne.w	10005460 <tud_task_ext+0x648>
100051ec:	2600      	movs	r6, #0
100051ee:	9a01      	ldr	r2, [sp, #4]
100051f0:	9600      	str	r6, [sp, #0]
100051f2:	1a52      	subs	r2, r2, r1
100051f4:	b292      	uxth	r2, r2
100051f6:	9202      	str	r2, [sp, #8]
100051f8:	4a6e      	ldr	r2, [pc, #440]	@ (100053b4 <tud_task_ext+0x59c>)
100051fa:	9304      	str	r3, [sp, #16]
100051fc:	7812      	ldrb	r2, [r2, #0]
100051fe:	e01d      	b.n	1000523c <tud_task_ext+0x424>
10005200:	4b6e      	ldr	r3, [pc, #440]	@ (100053bc <tud_task_ext+0x5a4>)
10005202:	681b      	ldr	r3, [r3, #0]
10005204:	eb13 1846 	adds.w	r8, r3, r6, lsl #5
10005208:	f000 812a 	beq.w	10005460 <tud_task_ext+0x648>
1000520c:	9a02      	ldr	r2, [sp, #8]
1000520e:	f8d8 3010 	ldr.w	r3, [r8, #16]
10005212:	9803      	ldr	r0, [sp, #12]
10005214:	9105      	str	r1, [sp, #20]
10005216:	4798      	blx	r3
10005218:	2808      	cmp	r0, #8
1000521a:	4602      	mov	r2, r0
1000521c:	9905      	ldr	r1, [sp, #20]
1000521e:	f106 0301 	add.w	r3, r6, #1
10005222:	d903      	bls.n	1000522c <tud_task_ext+0x414>
10005224:	9802      	ldr	r0, [sp, #8]
10005226:	4290      	cmp	r0, r2
10005228:	f080 80ff 	bcs.w	1000542a <tud_task_ext+0x612>
1000522c:	b2de      	uxtb	r6, r3
1000522e:	4b61      	ldr	r3, [pc, #388]	@ (100053b4 <tud_task_ext+0x59c>)
10005230:	9600      	str	r6, [sp, #0]
10005232:	781a      	ldrb	r2, [r3, #0]
10005234:	1c53      	adds	r3, r2, #1
10005236:	429e      	cmp	r6, r3
10005238:	f300 8112 	bgt.w	10005460 <tud_task_ext+0x648>
1000523c:	9b00      	ldr	r3, [sp, #0]
1000523e:	42b2      	cmp	r2, r6
10005240:	eba3 0202 	sub.w	r2, r3, r2
10005244:	d8dc      	bhi.n	10005200 <tud_task_ext+0x3e8>
10005246:	4b5c      	ldr	r3, [pc, #368]	@ (100053b8 <tud_task_ext+0x5a0>)
10005248:	eb03 1842 	add.w	r8, r3, r2, lsl #5
1000524c:	e7de      	b.n	1000520c <tud_task_ext+0x3f4>
1000524e:	787b      	ldrb	r3, [r7, #1]
10005250:	4640      	mov	r0, r8
10005252:	f88d 301a 	strb.w	r3, [sp, #26]
10005256:	f10d 021a 	add.w	r2, sp, #26
1000525a:	2301      	movs	r3, #1
1000525c:	a908      	add	r1, sp, #32
1000525e:	f000 fa83 	bl	10005768 <tud_control_xfer>
10005262:	e5e9      	b.n	10004e38 <tud_task_ext+0x20>
10005264:	f8bd 0022 	ldrh.w	r0, [sp, #34]	@ 0x22
10005268:	0a03      	lsrs	r3, r0, #8
1000526a:	3b01      	subs	r3, #1
1000526c:	0a02      	lsrs	r2, r0, #8
1000526e:	b2c0      	uxtb	r0, r0
10005270:	2b0e      	cmp	r3, #14
10005272:	f63f aee9 	bhi.w	10005048 <tud_task_ext+0x230>
10005276:	a101      	add	r1, pc, #4	@ (adr r1, 1000527c <tud_task_ext+0x464>)
10005278:	f851 f023 	ldr.w	pc, [r1, r3, lsl #2]
1000527c:	10005491 	.word	0x10005491
10005280:	1000532d 	.word	0x1000532d
10005284:	100054cd 	.word	0x100054cd
10005288:	10005049 	.word	0x10005049
1000528c:	10005049 	.word	0x10005049
10005290:	100054af 	.word	0x100054af
10005294:	1000532d 	.word	0x1000532d
10005298:	10005049 	.word	0x10005049
1000529c:	10005049 	.word	0x10005049
100052a0:	10005049 	.word	0x10005049
100052a4:	10005049 	.word	0x10005049
100052a8:	10005049 	.word	0x10005049
100052ac:	10005049 	.word	0x10005049
100052b0:	10005049 	.word	0x10005049
100052b4:	10005483 	.word	0x10005483
100052b8:	a808      	add	r0, sp, #32
100052ba:	f000 fabd 	bl	10005838 <usbd_control_set_request>
100052be:	4640      	mov	r0, r8
100052c0:	f89d 1022 	ldrb.w	r1, [sp, #34]	@ 0x22
100052c4:	f7ff fba2 	bl	10004a0c <dcd_set_address>
100052c8:	783b      	ldrb	r3, [r7, #0]
100052ca:	f043 0302 	orr.w	r3, r3, #2
100052ce:	703b      	strb	r3, [r7, #0]
100052d0:	e5b2      	b.n	10004e38 <tud_task_ext+0x20>
100052d2:	f8bd 3022 	ldrh.w	r3, [sp, #34]	@ 0x22
100052d6:	2b01      	cmp	r3, #1
100052d8:	f47f aeb6 	bne.w	10005048 <tud_task_ext+0x230>
100052dc:	783b      	ldrb	r3, [r7, #0]
100052de:	4640      	mov	r0, r8
100052e0:	f023 0308 	bic.w	r3, r3, #8
100052e4:	a908      	add	r1, sp, #32
100052e6:	703b      	strb	r3, [r7, #0]
100052e8:	f000 fa24 	bl	10005734 <tud_control_status>
100052ec:	e5a4      	b.n	10004e38 <tud_task_ext+0x20>
100052ee:	4640      	mov	r0, r8
100052f0:	783b      	ldrb	r3, [r7, #0]
100052f2:	089a      	lsrs	r2, r3, #2
100052f4:	f002 0202 	and.w	r2, r2, #2
100052f8:	f3c3 1340 	ubfx	r3, r3, #5, #1
100052fc:	4313      	orrs	r3, r2
100052fe:	f8ad 301a 	strh.w	r3, [sp, #26]
10005302:	f10d 021a 	add.w	r2, sp, #26
10005306:	2302      	movs	r3, #2
10005308:	a908      	add	r1, sp, #32
1000530a:	f000 fa2d 	bl	10005768 <tud_control_xfer>
1000530e:	e593      	b.n	10004e38 <tud_task_ext+0x20>
10005310:	f8bd 3022 	ldrh.w	r3, [sp, #34]	@ 0x22
10005314:	2b01      	cmp	r3, #1
10005316:	f47f ae97 	bne.w	10005048 <tud_task_ext+0x230>
1000531a:	783b      	ldrb	r3, [r7, #0]
1000531c:	4640      	mov	r0, r8
1000531e:	f043 0308 	orr.w	r3, r3, #8
10005322:	a908      	add	r1, sp, #32
10005324:	703b      	strb	r3, [r7, #0]
10005326:	f000 fa05 	bl	10005734 <tud_control_status>
1000532a:	e585      	b.n	10004e38 <tud_task_ext+0x20>
1000532c:	2a02      	cmp	r2, #2
1000532e:	f43f ae7e 	beq.w	1000502e <tud_task_ext+0x216>
10005332:	f7ff fcdd 	bl	10004cf0 <tud_descriptor_other_speed_configuration_cb>
10005336:	4602      	mov	r2, r0
10005338:	2800      	cmp	r0, #0
1000533a:	f43f ae85 	beq.w	10005048 <tud_task_ext+0x230>
1000533e:	4640      	mov	r0, r8
10005340:	8853      	ldrh	r3, [r2, #2]
10005342:	a908      	add	r1, sp, #32
10005344:	f000 fa10 	bl	10005768 <tud_control_xfer>
10005348:	2800      	cmp	r0, #0
1000534a:	f47f ad75 	bne.w	10004e38 <tud_task_ext+0x20>
1000534e:	e67b      	b.n	10005048 <tud_task_ext+0x230>
10005350:	f89d 3024 	ldrb.w	r3, [sp, #36]	@ 0x24
10005354:	2b0f      	cmp	r3, #15
10005356:	f63f ae77 	bhi.w	10005048 <tud_task_ext+0x230>
1000535a:	4a16      	ldr	r2, [pc, #88]	@ (100053b4 <tud_task_ext+0x59c>)
1000535c:	443b      	add	r3, r7
1000535e:	791b      	ldrb	r3, [r3, #4]
10005360:	7812      	ldrb	r2, [r2, #0]
10005362:	4293      	cmp	r3, r2
10005364:	d21d      	bcs.n	100053a2 <tud_task_ext+0x58a>
10005366:	4a15      	ldr	r2, [pc, #84]	@ (100053bc <tud_task_ext+0x5a4>)
10005368:	6816      	ldr	r6, [r2, #0]
1000536a:	eb16 1643 	adds.w	r6, r6, r3, lsl #5
1000536e:	f47f aea2 	bne.w	100050b6 <tud_task_ext+0x29e>
10005372:	e669      	b.n	10005048 <tud_task_ext+0x230>
10005374:	2a00      	cmp	r2, #0
10005376:	f47f ae67 	bne.w	10005048 <tud_task_ext+0x230>
1000537a:	2600      	movs	r6, #0
1000537c:	f89d 2021 	ldrb.w	r2, [sp, #33]	@ 0x21
10005380:	f002 03fd 	and.w	r3, r2, #253	@ 0xfd
10005384:	2b01      	cmp	r3, #1
10005386:	d01b      	beq.n	100053c0 <tud_task_ext+0x5a8>
10005388:	2a00      	cmp	r2, #0
1000538a:	f47f ae56 	bne.w	1000503a <tud_task_ext+0x222>
1000538e:	9b01      	ldr	r3, [sp, #4]
10005390:	9a00      	ldr	r2, [sp, #0]
10005392:	443b      	add	r3, r7
10005394:	4413      	add	r3, r2
10005396:	f893 3034 	ldrb.w	r3, [r3, #52]	@ 0x34
1000539a:	4640      	mov	r0, r8
1000539c:	f3c3 0340 	ubfx	r3, r3, #1, #1
100053a0:	e7ad      	b.n	100052fe <tud_task_ext+0x4e6>
100053a2:	1c51      	adds	r1, r2, #1
100053a4:	4299      	cmp	r1, r3
100053a6:	f6ff ae4f 	blt.w	10005048 <tud_task_ext+0x230>
100053aa:	4e03      	ldr	r6, [pc, #12]	@ (100053b8 <tud_task_ext+0x5a0>)
100053ac:	1a9b      	subs	r3, r3, r2
100053ae:	eb06 1643 	add.w	r6, r6, r3, lsl #5
100053b2:	e680      	b.n	100050b6 <tud_task_ext+0x29e>
100053b4:	2000224d 	.word	0x2000224d
100053b8:	10007074 	.word	0x10007074
100053bc:	200017b8 	.word	0x200017b8
100053c0:	f8bd 3022 	ldrh.w	r3, [sp, #34]	@ 0x22
100053c4:	b9b3      	cbnz	r3, 100053f4 <tud_task_ext+0x5dc>
100053c6:	2a01      	cmp	r2, #1
100053c8:	f899 0000 	ldrb.w	r0, [r9]
100053cc:	f000 8086 	beq.w	100054dc <tud_task_ext+0x6c4>
100053d0:	f7ff fbd8 	bl	10004b84 <dcd_edpt_stall>
100053d4:	9b01      	ldr	r3, [sp, #4]
100053d6:	9a00      	ldr	r2, [sp, #0]
100053d8:	443b      	add	r3, r7
100053da:	4413      	add	r3, r2
100053dc:	f893 2034 	ldrb.w	r2, [r3, #52]	@ 0x34
100053e0:	f042 0202 	orr.w	r2, r2, #2
100053e4:	f883 2034 	strb.w	r2, [r3, #52]	@ 0x34
100053e8:	f893 2034 	ldrb.w	r2, [r3, #52]	@ 0x34
100053ec:	f042 0201 	orr.w	r2, r2, #1
100053f0:	f883 2034 	strb.w	r2, [r3, #52]	@ 0x34
100053f4:	2e00      	cmp	r6, #0
100053f6:	f43f ad1f 	beq.w	10004e38 <tud_task_ext+0x20>
100053fa:	6970      	ldr	r0, [r6, #20]
100053fc:	f000 fa16 	bl	1000582c <usbd_control_set_complete_callback>
10005400:	6973      	ldr	r3, [r6, #20]
10005402:	2101      	movs	r1, #1
10005404:	aa08      	add	r2, sp, #32
10005406:	4640      	mov	r0, r8
10005408:	4798      	blx	r3
1000540a:	2000      	movs	r0, #0
1000540c:	f000 fa0e 	bl	1000582c <usbd_control_set_complete_callback>
10005410:	f897 3035 	ldrb.w	r3, [r7, #53]	@ 0x35
10005414:	07df      	lsls	r7, r3, #31
10005416:	f53f ad0f 	bmi.w	10004e38 <tud_task_ext+0x20>
1000541a:	e696      	b.n	1000514a <tud_task_ext+0x332>
1000541c:	f7ff fc6c 	bl	10004cf8 <tud_umount_cb>
10005420:	4640      	mov	r0, r8
10005422:	a908      	add	r1, sp, #32
10005424:	f000 f986 	bl	10005734 <tud_control_status>
10005428:	e506      	b.n	10004e38 <tud_task_ext+0x20>
1000542a:	9b04      	ldr	r3, [sp, #16]
1000542c:	2b01      	cmp	r3, #1
1000542e:	f000 809e 	beq.w	1000556e <tud_task_ext+0x756>
10005432:	2b00      	cmp	r3, #0
10005434:	f000 808a 	beq.w	1000554c <tud_task_ext+0x734>
10005438:	2000      	movs	r0, #0
1000543a:	f891 8002 	ldrb.w	r8, [r1, #2]
1000543e:	e005      	b.n	1000544c <tud_task_ext+0x634>
10005440:	f88c 6004 	strb.w	r6, [ip, #4]
10005444:	fa5f fc80 	uxtb.w	ip, r0
10005448:	4563      	cmp	r3, ip
1000544a:	d97f      	bls.n	1000554c <tud_task_ext+0x734>
1000544c:	eb08 0c00 	add.w	ip, r8, r0
10005450:	fa57 fc8c 	uxtab	ip, r7, ip
10005454:	f89c e004 	ldrb.w	lr, [ip, #4]
10005458:	3001      	adds	r0, #1
1000545a:	f1be 0fff 	cmp.w	lr, #255	@ 0xff
1000545e:	d0ef      	beq.n	10005440 <tud_task_ext+0x628>
10005460:	f04f 23e0 	mov.w	r3, #3758153728	@ 0xe000e000
10005464:	f8d3 3df0 	ldr.w	r3, [r3, #3568]	@ 0xdf0
10005468:	07da      	lsls	r2, r3, #31
1000546a:	d500      	bpl.n	1000546e <tud_task_ext+0x656>
1000546c:	be00      	bkpt	0x0000
1000546e:	f04f 23e0 	mov.w	r3, #3758153728	@ 0xe000e000
10005472:	f8d3 3df0 	ldr.w	r3, [r3, #3568]	@ 0xdf0
10005476:	07db      	lsls	r3, r3, #31
10005478:	d500      	bpl.n	1000547c <tud_task_ext+0x664>
1000547a:	be00      	bkpt	0x0000
1000547c:	2300      	movs	r3, #0
1000547e:	707b      	strb	r3, [r7, #1]
10005480:	e5e2      	b.n	10005048 <tud_task_ext+0x230>
10005482:	f7fe ff23 	bl	100042cc <tud_descriptor_bos_cb>
10005486:	4602      	mov	r2, r0
10005488:	2800      	cmp	r0, #0
1000548a:	f47f af58 	bne.w	1000533e <tud_task_ext+0x526>
1000548e:	e5db      	b.n	10005048 <tud_task_ext+0x230>
10005490:	f7ff f958 	bl	10004744 <tud_descriptor_device_cb>
10005494:	4602      	mov	r2, r0
10005496:	2800      	cmp	r0, #0
10005498:	f43f adcf 	beq.w	1000503a <tud_task_ext+0x222>
1000549c:	4640      	mov	r0, r8
1000549e:	2312      	movs	r3, #18
100054a0:	a908      	add	r1, sp, #32
100054a2:	f000 f961 	bl	10005768 <tud_control_xfer>
100054a6:	2800      	cmp	r0, #0
100054a8:	f47f acc6 	bne.w	10004e38 <tud_task_ext+0x20>
100054ac:	e5cc      	b.n	10005048 <tud_task_ext+0x230>
100054ae:	f7ff fc1d 	bl	10004cec <tud_descriptor_device_qualifier_cb>
100054b2:	4602      	mov	r2, r0
100054b4:	2800      	cmp	r0, #0
100054b6:	f43f adc7 	beq.w	10005048 <tud_task_ext+0x230>
100054ba:	4640      	mov	r0, r8
100054bc:	7813      	ldrb	r3, [r2, #0]
100054be:	a908      	add	r1, sp, #32
100054c0:	f000 f952 	bl	10005768 <tud_control_xfer>
100054c4:	2800      	cmp	r0, #0
100054c6:	f47f acb7 	bne.w	10004e38 <tud_task_ext+0x20>
100054ca:	e5bd      	b.n	10005048 <tud_task_ext+0x230>
100054cc:	f8bd 1024 	ldrh.w	r1, [sp, #36]	@ 0x24
100054d0:	f7ff f940 	bl	10004754 <tud_descriptor_string_cb>
100054d4:	4602      	mov	r2, r0
100054d6:	2800      	cmp	r0, #0
100054d8:	d1ef      	bne.n	100054ba <tud_task_ext+0x6a2>
100054da:	e5b5      	b.n	10005048 <tud_task_ext+0x230>
100054dc:	9302      	str	r3, [sp, #8]
100054de:	f7ff fb69 	bl	10004bb4 <dcd_edpt_clear_stall>
100054e2:	9a01      	ldr	r2, [sp, #4]
100054e4:	9b00      	ldr	r3, [sp, #0]
100054e6:	443a      	add	r2, r7
100054e8:	441a      	add	r2, r3
100054ea:	f892 1034 	ldrb.w	r1, [r2, #52]	@ 0x34
100054ee:	9b02      	ldr	r3, [sp, #8]
100054f0:	f363 0141 	bfi	r1, r3, #1, #1
100054f4:	f882 1034 	strb.w	r1, [r2, #52]	@ 0x34
100054f8:	f892 1034 	ldrb.w	r1, [r2, #52]	@ 0x34
100054fc:	f363 0100 	bfi	r1, r3, #0, #1
10005500:	f882 1034 	strb.w	r1, [r2, #52]	@ 0x34
10005504:	e776      	b.n	100053f4 <tud_task_ext+0x5dc>
10005506:	2100      	movs	r1, #0
10005508:	4640      	mov	r0, r8
1000550a:	f7ff fa87 	bl	10004a1c <dcd_sof_enable>
1000550e:	4640      	mov	r0, r8
10005510:	f7ff fb22 	bl	10004b58 <dcd_edpt_close_all>
10005514:	78bb      	ldrb	r3, [r7, #2]
10005516:	4640      	mov	r0, r8
10005518:	9300      	str	r3, [sp, #0]
1000551a:	f7ff fb9d 	bl	10004c58 <configuration_reset>
1000551e:	9b00      	ldr	r3, [sp, #0]
10005520:	70bb      	strb	r3, [r7, #2]
10005522:	e632      	b.n	1000518a <tud_task_ext+0x372>
10005524:	f8dd 800c 	ldr.w	r8, [sp, #12]
10005528:	f7ff fbe4 	bl	10004cf4 <tud_mount_cb>
1000552c:	e778      	b.n	10005420 <tud_task_ext+0x608>
1000552e:	4640      	mov	r0, r8
10005530:	2301      	movs	r3, #1
10005532:	a908      	add	r1, sp, #32
10005534:	f10d 021a 	add.w	r2, sp, #26
10005538:	f88d 601a 	strb.w	r6, [sp, #26]
1000553c:	f000 f914 	bl	10005768 <tud_control_xfer>
10005540:	e47a      	b.n	10004e38 <tud_task_ext+0x20>
10005542:	780a      	ldrb	r2, [r1, #0]
10005544:	78cb      	ldrb	r3, [r1, #3]
10005546:	4411      	add	r1, r2
10005548:	784a      	ldrb	r2, [r1, #1]
1000554a:	e64c      	b.n	100051e6 <tud_task_ext+0x3ce>
1000554c:	4633      	mov	r3, r6
1000554e:	4810      	ldr	r0, [pc, #64]	@ (10005590 <tud_task_ext+0x778>)
10005550:	9204      	str	r2, [sp, #16]
10005552:	9102      	str	r1, [sp, #8]
10005554:	f000 fe76 	bl	10006244 <tu_edpt_bind_driver>
10005558:	4b0e      	ldr	r3, [pc, #56]	@ (10005594 <tud_task_ext+0x77c>)
1000555a:	9a04      	ldr	r2, [sp, #16]
1000555c:	9902      	ldr	r1, [sp, #8]
1000555e:	781b      	ldrb	r3, [r3, #0]
10005560:	4411      	add	r1, r2
10005562:	9a00      	ldr	r2, [sp, #0]
10005564:	3301      	adds	r3, #1
10005566:	4293      	cmp	r3, r2
10005568:	f6bf ae34 	bge.w	100051d4 <tud_task_ext+0x3bc>
1000556c:	e778      	b.n	10005460 <tud_task_ext+0x648>
1000556e:	f8d8 c010 	ldr.w	ip, [r8, #16]
10005572:	4809      	ldr	r0, [pc, #36]	@ (10005598 <tud_task_ext+0x780>)
10005574:	4584      	cmp	ip, r0
10005576:	bf08      	it	eq
10005578:	2302      	moveq	r3, #2
1000557a:	e75d      	b.n	10005438 <tud_task_ext+0x620>
1000557c:	f04f 23e0 	mov.w	r3, #3758153728	@ 0xe000e000
10005580:	f8d3 3df0 	ldr.w	r3, [r3, #3568]	@ 0xdf0
10005584:	07db      	lsls	r3, r3, #31
10005586:	f57f ac57 	bpl.w	10004e38 <tud_task_ext+0x20>
1000558a:	be00      	bkpt	0x0000
1000558c:	e454      	b.n	10004e38 <tud_task_ext+0x20>
1000558e:	bf00      	nop
10005590:	2000199c 	.word	0x2000199c
10005594:	2000224d 	.word	0x2000224d
10005598:	10005c65 	.word	0x10005c65

1000559c <usbd_open_edpt_pair>:
1000559c:	e92d 4ff8 	stmdb	sp!, {r3, r4, r5, r6, r7, r8, r9, sl, fp, lr}
100055a0:	9f0a      	ldr	r7, [sp, #40]	@ 0x28
100055a2:	2a00      	cmp	r2, #0
100055a4:	d040      	beq.n	10005628 <usbd_open_edpt_pair+0x8c>
100055a6:	460c      	mov	r4, r1
100055a8:	461e      	mov	r6, r3
100055aa:	4615      	mov	r5, r2
100055ac:	f04f 0a00 	mov.w	sl, #0
100055b0:	f8df 907c 	ldr.w	r9, [pc, #124]	@ 10005630 <usbd_open_edpt_pair+0x94>
100055b4:	f8df 807c 	ldr.w	r8, [pc, #124]	@ 10005634 <usbd_open_edpt_pair+0x98>
100055b8:	e018      	b.n	100055ec <usbd_open_edpt_pair+0x50>
100055ba:	4620      	mov	r0, r4
100055bc:	f898 1002 	ldrb.w	r1, [r8, #2]
100055c0:	f899 b000 	ldrb.w	fp, [r9]
100055c4:	f000 fe0e 	bl	100061e4 <tu_edpt_validate>
100055c8:	b1e0      	cbz	r0, 10005604 <usbd_open_edpt_pair+0x68>
100055ca:	4621      	mov	r1, r4
100055cc:	4658      	mov	r0, fp
100055ce:	f7ff fa41 	bl	10004a54 <dcd_edpt_open>
100055d2:	b1f0      	cbz	r0, 10005612 <usbd_open_edpt_pair+0x76>
100055d4:	78a2      	ldrb	r2, [r4, #2]
100055d6:	f10a 0a01 	add.w	sl, sl, #1
100055da:	09d1      	lsrs	r1, r2, #7
100055dc:	bf16      	itet	ne
100055de:	9b0b      	ldrne	r3, [sp, #44]	@ 0x2c
100055e0:	703a      	strbeq	r2, [r7, #0]
100055e2:	701a      	strbne	r2, [r3, #0]
100055e4:	7822      	ldrb	r2, [r4, #0]
100055e6:	45aa      	cmp	sl, r5
100055e8:	4414      	add	r4, r2
100055ea:	d01d      	beq.n	10005628 <usbd_open_edpt_pair+0x8c>
100055ec:	7862      	ldrb	r2, [r4, #1]
100055ee:	2a05      	cmp	r2, #5
100055f0:	d10f      	bne.n	10005612 <usbd_open_edpt_pair+0x76>
100055f2:	78e1      	ldrb	r1, [r4, #3]
100055f4:	f001 0103 	and.w	r1, r1, #3
100055f8:	42b1      	cmp	r1, r6
100055fa:	d10a      	bne.n	10005612 <usbd_open_edpt_pair+0x76>
100055fc:	78a2      	ldrb	r2, [r4, #2]
100055fe:	f012 0f70 	tst.w	r2, #112	@ 0x70
10005602:	d0da      	beq.n	100055ba <usbd_open_edpt_pair+0x1e>
10005604:	f04f 23e0 	mov.w	r3, #3758153728	@ 0xe000e000
10005608:	f8d3 3df0 	ldr.w	r3, [r3, #3568]	@ 0xdf0
1000560c:	07da      	lsls	r2, r3, #31
1000560e:	d500      	bpl.n	10005612 <usbd_open_edpt_pair+0x76>
10005610:	be00      	bkpt	0x0000
10005612:	f04f 23e0 	mov.w	r3, #3758153728	@ 0xe000e000
10005616:	f8d3 3df0 	ldr.w	r3, [r3, #3568]	@ 0xdf0
1000561a:	07db      	lsls	r3, r3, #31
1000561c:	d402      	bmi.n	10005624 <usbd_open_edpt_pair+0x88>
1000561e:	2000      	movs	r0, #0
10005620:	e8bd 8ff8 	ldmia.w	sp!, {r3, r4, r5, r6, r7, r8, r9, sl, fp, pc}
10005624:	be00      	bkpt	0x0000
10005626:	e7fa      	b.n	1000561e <usbd_open_edpt_pair+0x82>
10005628:	2001      	movs	r0, #1
1000562a:	e8bd 8ff8 	ldmia.w	sp!, {r3, r4, r5, r6, r7, r8, r9, sl, fp, pc}
1000562e:	bf00      	nop
10005630:	20001620 	.word	0x20001620
10005634:	20001988 	.word	0x20001988

10005638 <usbd_edpt_open>:
10005638:	b538      	push	{r3, r4, r5, lr}
1000563a:	788b      	ldrb	r3, [r1, #2]
1000563c:	f013 0f70 	tst.w	r3, #112	@ 0x70
10005640:	d008      	beq.n	10005654 <usbd_edpt_open+0x1c>
10005642:	f04f 23e0 	mov.w	r3, #3758153728	@ 0xe000e000
10005646:	f8d3 3df0 	ldr.w	r3, [r3, #3568]	@ 0xdf0
1000564a:	07db      	lsls	r3, r3, #31
1000564c:	d500      	bpl.n	10005650 <usbd_edpt_open+0x18>
1000564e:	be00      	bkpt	0x0000
10005650:	2000      	movs	r0, #0
10005652:	bd38      	pop	{r3, r4, r5, pc}
10005654:	4a07      	ldr	r2, [pc, #28]	@ (10005674 <usbd_edpt_open+0x3c>)
10005656:	4b08      	ldr	r3, [pc, #32]	@ (10005678 <usbd_edpt_open+0x40>)
10005658:	460c      	mov	r4, r1
1000565a:	4608      	mov	r0, r1
1000565c:	7891      	ldrb	r1, [r2, #2]
1000565e:	781d      	ldrb	r5, [r3, #0]
10005660:	f000 fdc0 	bl	100061e4 <tu_edpt_validate>
10005664:	2800      	cmp	r0, #0
10005666:	d0ec      	beq.n	10005642 <usbd_edpt_open+0xa>
10005668:	4621      	mov	r1, r4
1000566a:	4628      	mov	r0, r5
1000566c:	e8bd 4038 	ldmia.w	sp!, {r3, r4, r5, lr}
10005670:	f7ff b9f0 	b.w	10004a54 <dcd_edpt_open>
10005674:	20001988 	.word	0x20001988
10005678:	20001620 	.word	0x20001620

1000567c <usbd_edpt_claim>:
1000567c:	460b      	mov	r3, r1
1000567e:	4a06      	ldr	r2, [pc, #24]	@ (10005698 <usbd_edpt_claim+0x1c>)
10005680:	4806      	ldr	r0, [pc, #24]	@ (1000569c <usbd_edpt_claim+0x20>)
10005682:	6811      	ldr	r1, [r2, #0]
10005684:	09da      	lsrs	r2, r3, #7
10005686:	3234      	adds	r2, #52	@ 0x34
10005688:	f003 037f 	and.w	r3, r3, #127	@ 0x7f
1000568c:	eb02 0343 	add.w	r3, r2, r3, lsl #1
10005690:	4418      	add	r0, r3
10005692:	f000 bd61 	b.w	10006158 <tu_edpt_claim>
10005696:	bf00      	nop
10005698:	200019dc 	.word	0x200019dc
1000569c:	20001988 	.word	0x20001988

100056a0 <usbd_edpt_release>:
100056a0:	460b      	mov	r3, r1
100056a2:	4a06      	ldr	r2, [pc, #24]	@ (100056bc <usbd_edpt_release+0x1c>)
100056a4:	4806      	ldr	r0, [pc, #24]	@ (100056c0 <usbd_edpt_release+0x20>)
100056a6:	6811      	ldr	r1, [r2, #0]
100056a8:	09da      	lsrs	r2, r3, #7
100056aa:	3234      	adds	r2, #52	@ 0x34
100056ac:	f003 037f 	and.w	r3, r3, #127	@ 0x7f
100056b0:	eb02 0343 	add.w	r3, r2, r3, lsl #1
100056b4:	4418      	add	r0, r3
100056b6:	f000 bd79 	b.w	100061ac <tu_edpt_release>
100056ba:	bf00      	nop
100056bc:	200019dc 	.word	0x200019dc
100056c0:	20001988 	.word	0x20001988

100056c4 <usbd_edpt_xfer>:
100056c4:	b510      	push	{r4, lr}
100056c6:	4819      	ldr	r0, [pc, #100]	@ (1000572c <usbd_edpt_xfer+0x68>)
100056c8:	f001 0c7f 	and.w	ip, r1, #127	@ 0x7f
100056cc:	eb00 004c 	add.w	r0, r0, ip, lsl #1
100056d0:	eb00 10d1 	add.w	r0, r0, r1, lsr #7
100056d4:	f890 c034 	ldrb.w	ip, [r0, #52]	@ 0x34
100056d8:	f01c 0f01 	tst.w	ip, #1
100056dc:	d008      	beq.n	100056f0 <usbd_edpt_xfer+0x2c>
100056de:	f04f 23e0 	mov.w	r3, #3758153728	@ 0xe000e000
100056e2:	f8d3 3df0 	ldr.w	r3, [r3, #3568]	@ 0xdf0
100056e6:	07da      	lsls	r2, r3, #31
100056e8:	d500      	bpl.n	100056ec <usbd_edpt_xfer+0x28>
100056ea:	be00      	bkpt	0x0000
100056ec:	2000      	movs	r0, #0
100056ee:	bd10      	pop	{r4, pc}
100056f0:	f100 0430 	add.w	r4, r0, #48	@ 0x30
100056f4:	f894 c004 	ldrb.w	ip, [r4, #4]
100056f8:	480d      	ldr	r0, [pc, #52]	@ (10005730 <usbd_edpt_xfer+0x6c>)
100056fa:	f04c 0c01 	orr.w	ip, ip, #1
100056fe:	7800      	ldrb	r0, [r0, #0]
10005700:	f884 c004 	strb.w	ip, [r4, #4]
10005704:	f7ff fa2a 	bl	10004b5c <dcd_edpt_xfer>
10005708:	2800      	cmp	r0, #0
1000570a:	d1f0      	bne.n	100056ee <usbd_edpt_xfer+0x2a>
1000570c:	f04f 21e0 	mov.w	r1, #3758153728	@ 0xe000e000
10005710:	7922      	ldrb	r2, [r4, #4]
10005712:	f360 0200 	bfi	r2, r0, #0, #1
10005716:	7122      	strb	r2, [r4, #4]
10005718:	7922      	ldrb	r2, [r4, #4]
1000571a:	f360 0282 	bfi	r2, r0, #2, #1
1000571e:	7122      	strb	r2, [r4, #4]
10005720:	f8d1 3df0 	ldr.w	r3, [r1, #3568]	@ 0xdf0
10005724:	07db      	lsls	r3, r3, #31
10005726:	d5e1      	bpl.n	100056ec <usbd_edpt_xfer+0x28>
10005728:	be00      	bkpt	0x0000
1000572a:	e7df      	b.n	100056ec <usbd_edpt_xfer+0x28>
1000572c:	20001988 	.word	0x20001988
10005730:	20001620 	.word	0x20001620

10005734 <tud_control_status>:
10005734:	b530      	push	{r4, r5, lr}
10005736:	4c0b      	ldr	r4, [pc, #44]	@ (10005764 <tud_control_status+0x30>)
10005738:	468c      	mov	ip, r1
1000573a:	46a6      	mov	lr, r4
1000573c:	4605      	mov	r5, r0
1000573e:	6808      	ldr	r0, [r1, #0]
10005740:	6849      	ldr	r1, [r1, #4]
10005742:	2300      	movs	r3, #0
10005744:	e8ae 0003 	stmia.w	lr!, {r0, r1}
10005748:	f89c 1000 	ldrb.w	r1, [ip]
1000574c:	4628      	mov	r0, r5
1000574e:	43c9      	mvns	r1, r1
10005750:	e9c4 3302 	strd	r3, r3, [r4, #8]
10005754:	e8bd 4030 	ldmia.w	sp!, {r4, r5, lr}
10005758:	461a      	mov	r2, r3
1000575a:	f001 0180 	and.w	r1, r1, #128	@ 0x80
1000575e:	f7ff bfb1 	b.w	100056c4 <usbd_edpt_xfer>
10005762:	bf00      	nop
10005764:	20001948 	.word	0x20001948

10005768 <tud_control_xfer>:
10005768:	e92d 41f0 	stmdb	sp!, {r4, r5, r6, r7, r8, lr}
1000576c:	4f28      	ldr	r7, [pc, #160]	@ (10005810 <tud_control_xfer+0xa8>)
1000576e:	f04f 0800 	mov.w	r8, #0
10005772:	46be      	mov	lr, r7
10005774:	468c      	mov	ip, r1
10005776:	4606      	mov	r6, r0
10005778:	6808      	ldr	r0, [r1, #0]
1000577a:	6849      	ldr	r1, [r1, #4]
1000577c:	60ba      	str	r2, [r7, #8]
1000577e:	e8ae 0003 	stmia.w	lr!, {r0, r1}
10005782:	f8a7 800e 	strh.w	r8, [r7, #14]
10005786:	4615      	mov	r5, r2
10005788:	f8bc 2006 	ldrh.w	r2, [ip, #6]
1000578c:	4293      	cmp	r3, r2
1000578e:	bf28      	it	cs
10005790:	4613      	movcs	r3, r2
10005792:	81bb      	strh	r3, [r7, #12]
10005794:	b19a      	cbz	r2, 100057be <tud_control_xfer+0x56>
10005796:	461c      	mov	r4, r3
10005798:	b333      	cbz	r3, 100057e8 <tud_control_xfer+0x80>
1000579a:	b1dd      	cbz	r5, 100057d4 <tud_control_xfer+0x6c>
1000579c:	f997 3000 	ldrsb.w	r3, [r7]
100057a0:	2c40      	cmp	r4, #64	@ 0x40
100057a2:	bf28      	it	cs
100057a4:	2440      	movcs	r4, #64	@ 0x40
100057a6:	2b00      	cmp	r3, #0
100057a8:	db29      	blt.n	100057fe <tud_control_xfer+0x96>
100057aa:	4641      	mov	r1, r8
100057ac:	4623      	mov	r3, r4
100057ae:	4630      	mov	r0, r6
100057b0:	4a18      	ldr	r2, [pc, #96]	@ (10005814 <tud_control_xfer+0xac>)
100057b2:	f7ff ff87 	bl	100056c4 <usbd_edpt_xfer>
100057b6:	b168      	cbz	r0, 100057d4 <tud_control_xfer+0x6c>
100057b8:	2001      	movs	r0, #1
100057ba:	e8bd 81f0 	ldmia.w	sp!, {r4, r5, r6, r7, r8, pc}
100057be:	f89c 1000 	ldrb.w	r1, [ip]
100057c2:	4613      	mov	r3, r2
100057c4:	43c9      	mvns	r1, r1
100057c6:	4630      	mov	r0, r6
100057c8:	f001 0180 	and.w	r1, r1, #128	@ 0x80
100057cc:	f7ff ff7a 	bl	100056c4 <usbd_edpt_xfer>
100057d0:	2800      	cmp	r0, #0
100057d2:	d1f1      	bne.n	100057b8 <tud_control_xfer+0x50>
100057d4:	f04f 23e0 	mov.w	r3, #3758153728	@ 0xe000e000
100057d8:	f8d3 3df0 	ldr.w	r3, [r3, #3568]	@ 0xdf0
100057dc:	07db      	lsls	r3, r3, #31
100057de:	d500      	bpl.n	100057e2 <tud_control_xfer+0x7a>
100057e0:	be00      	bkpt	0x0000
100057e2:	2000      	movs	r0, #0
100057e4:	e8bd 81f0 	ldmia.w	sp!, {r4, r5, r6, r7, r8, pc}
100057e8:	461a      	mov	r2, r3
100057ea:	7839      	ldrb	r1, [r7, #0]
100057ec:	f001 0180 	and.w	r1, r1, #128	@ 0x80
100057f0:	4623      	mov	r3, r4
100057f2:	4630      	mov	r0, r6
100057f4:	f7ff ff66 	bl	100056c4 <usbd_edpt_xfer>
100057f8:	2800      	cmp	r0, #0
100057fa:	d1dd      	bne.n	100057b8 <tud_control_xfer+0x50>
100057fc:	e7ea      	b.n	100057d4 <tud_control_xfer+0x6c>
100057fe:	4622      	mov	r2, r4
10005800:	4629      	mov	r1, r5
10005802:	4804      	ldr	r0, [pc, #16]	@ (10005814 <tud_control_xfer+0xac>)
10005804:	f001 f95c 	bl	10006ac0 <memcpy>
10005808:	2180      	movs	r1, #128	@ 0x80
1000580a:	4a02      	ldr	r2, [pc, #8]	@ (10005814 <tud_control_xfer+0xac>)
1000580c:	e7f0      	b.n	100057f0 <tud_control_xfer+0x88>
1000580e:	bf00      	nop
10005810:	20001948 	.word	0x20001948
10005814:	20001908 	.word	0x20001908

10005818 <usbd_control_reset>:
10005818:	2200      	movs	r2, #0
1000581a:	4b03      	ldr	r3, [pc, #12]	@ (10005828 <usbd_control_reset+0x10>)
1000581c:	e9c3 2200 	strd	r2, r2, [r3]
10005820:	e9c3 2202 	strd	r2, r2, [r3, #8]
10005824:	611a      	str	r2, [r3, #16]
10005826:	4770      	bx	lr
10005828:	20001948 	.word	0x20001948

1000582c <usbd_control_set_complete_callback>:
1000582c:	4b01      	ldr	r3, [pc, #4]	@ (10005834 <usbd_control_set_complete_callback+0x8>)
1000582e:	6118      	str	r0, [r3, #16]
10005830:	4770      	bx	lr
10005832:	bf00      	nop
10005834:	20001948 	.word	0x20001948

10005838 <usbd_control_set_request>:
10005838:	b430      	push	{r4, r5}
1000583a:	4602      	mov	r2, r0
1000583c:	4c04      	ldr	r4, [pc, #16]	@ (10005850 <usbd_control_set_request+0x18>)
1000583e:	2500      	movs	r5, #0
10005840:	4623      	mov	r3, r4
10005842:	6800      	ldr	r0, [r0, #0]
10005844:	6851      	ldr	r1, [r2, #4]
10005846:	e9c4 5502 	strd	r5, r5, [r4, #8]
1000584a:	bc30      	pop	{r4, r5}
1000584c:	c303      	stmia	r3!, {r0, r1}
1000584e:	4770      	bx	lr
10005850:	20001948 	.word	0x20001948

10005854 <usbd_control_xfer_cb>:
10005854:	b570      	push	{r4, r5, r6, lr}
10005856:	4c3d      	ldr	r4, [pc, #244]	@ (1000594c <usbd_control_xfer_cb+0xf8>)
10005858:	09c9      	lsrs	r1, r1, #7
1000585a:	7822      	ldrb	r2, [r4, #0]
1000585c:	4606      	mov	r6, r0
1000585e:	ebb1 1fd2 	cmp.w	r1, r2, lsr #7
10005862:	461d      	mov	r5, r3
10005864:	b082      	sub	sp, #8
10005866:	d017      	beq.n	10005898 <usbd_control_xfer_cb+0x44>
10005868:	b153      	cbz	r3, 10005880 <usbd_control_xfer_cb+0x2c>
1000586a:	f04f 23e0 	mov.w	r3, #3758153728	@ 0xe000e000
1000586e:	f8d3 3df0 	ldr.w	r3, [r3, #3568]	@ 0xdf0
10005872:	07db      	lsls	r3, r3, #31
10005874:	d402      	bmi.n	1000587c <usbd_control_xfer_cb+0x28>
10005876:	2000      	movs	r0, #0
10005878:	b002      	add	sp, #8
1000587a:	bd70      	pop	{r4, r5, r6, pc}
1000587c:	be00      	bkpt	0x0000
1000587e:	e7fa      	b.n	10005876 <usbd_control_xfer_cb+0x22>
10005880:	4621      	mov	r1, r4
10005882:	f7ff f8d9 	bl	10004a38 <dcd_edpt0_status_complete>
10005886:	6923      	ldr	r3, [r4, #16]
10005888:	b11b      	cbz	r3, 10005892 <usbd_control_xfer_cb+0x3e>
1000588a:	4622      	mov	r2, r4
1000588c:	2103      	movs	r1, #3
1000588e:	4630      	mov	r0, r6
10005890:	4798      	blx	r3
10005892:	2001      	movs	r0, #1
10005894:	b002      	add	sp, #8
10005896:	bd70      	pop	{r4, r5, r6, pc}
10005898:	f994 3000 	ldrsb.w	r3, [r4]
1000589c:	2b00      	cmp	r3, #0
1000589e:	db06      	blt.n	100058ae <usbd_control_xfer_cb+0x5a>
100058a0:	68a0      	ldr	r0, [r4, #8]
100058a2:	2800      	cmp	r0, #0
100058a4:	d0e7      	beq.n	10005876 <usbd_control_xfer_cb+0x22>
100058a6:	462a      	mov	r2, r5
100058a8:	4929      	ldr	r1, [pc, #164]	@ (10005950 <usbd_control_xfer_cb+0xfc>)
100058aa:	f001 f909 	bl	10006ac0 <memcpy>
100058ae:	89e0      	ldrh	r0, [r4, #14]
100058b0:	68a1      	ldr	r1, [r4, #8]
100058b2:	88e3      	ldrh	r3, [r4, #6]
100058b4:	4428      	add	r0, r5
100058b6:	b280      	uxth	r0, r0
100058b8:	4429      	add	r1, r5
100058ba:	4283      	cmp	r3, r0
100058bc:	81e0      	strh	r0, [r4, #14]
100058be:	60a1      	str	r1, [r4, #8]
100058c0:	d016      	beq.n	100058f0 <usbd_control_xfer_cb+0x9c>
100058c2:	2d3f      	cmp	r5, #63	@ 0x3f
100058c4:	d914      	bls.n	100058f0 <usbd_control_xfer_cb+0x9c>
100058c6:	89a2      	ldrh	r2, [r4, #12]
100058c8:	f994 4000 	ldrsb.w	r4, [r4]
100058cc:	1a13      	subs	r3, r2, r0
100058ce:	b29b      	uxth	r3, r3
100058d0:	2b40      	cmp	r3, #64	@ 0x40
100058d2:	bf28      	it	cs
100058d4:	2340      	movcs	r3, #64	@ 0x40
100058d6:	2c00      	cmp	r4, #0
100058d8:	db27      	blt.n	1000592a <usbd_control_xfer_cb+0xd6>
100058da:	4290      	cmp	r0, r2
100058dc:	f04f 0100 	mov.w	r1, #0
100058e0:	d031      	beq.n	10005946 <usbd_control_xfer_cb+0xf2>
100058e2:	4a1b      	ldr	r2, [pc, #108]	@ (10005950 <usbd_control_xfer_cb+0xfc>)
100058e4:	4630      	mov	r0, r6
100058e6:	f7ff feed 	bl	100056c4 <usbd_edpt_xfer>
100058ea:	2800      	cmp	r0, #0
100058ec:	d1d1      	bne.n	10005892 <usbd_control_xfer_cb+0x3e>
100058ee:	e7bc      	b.n	1000586a <usbd_control_xfer_cb+0x16>
100058f0:	6923      	ldr	r3, [r4, #16]
100058f2:	b123      	cbz	r3, 100058fe <usbd_control_xfer_cb+0xaa>
100058f4:	2102      	movs	r1, #2
100058f6:	4630      	mov	r0, r6
100058f8:	4a14      	ldr	r2, [pc, #80]	@ (1000594c <usbd_control_xfer_cb+0xf8>)
100058fa:	4798      	blx	r3
100058fc:	b160      	cbz	r0, 10005918 <usbd_control_xfer_cb+0xc4>
100058fe:	7821      	ldrb	r1, [r4, #0]
10005900:	2300      	movs	r3, #0
10005902:	43c9      	mvns	r1, r1
10005904:	4630      	mov	r0, r6
10005906:	461a      	mov	r2, r3
10005908:	f001 0180 	and.w	r1, r1, #128	@ 0x80
1000590c:	f7ff feda 	bl	100056c4 <usbd_edpt_xfer>
10005910:	2800      	cmp	r0, #0
10005912:	d0aa      	beq.n	1000586a <usbd_control_xfer_cb+0x16>
10005914:	2001      	movs	r0, #1
10005916:	e7bd      	b.n	10005894 <usbd_control_xfer_cb+0x40>
10005918:	4601      	mov	r1, r0
1000591a:	4630      	mov	r0, r6
1000591c:	f7ff f932 	bl	10004b84 <dcd_edpt_stall>
10005920:	2180      	movs	r1, #128	@ 0x80
10005922:	4630      	mov	r0, r6
10005924:	f7ff f92e 	bl	10004b84 <dcd_edpt_stall>
10005928:	e7b3      	b.n	10005892 <usbd_control_xfer_cb+0x3e>
1000592a:	4290      	cmp	r0, r2
1000592c:	d008      	beq.n	10005940 <usbd_control_xfer_cb+0xec>
1000592e:	461a      	mov	r2, r3
10005930:	4807      	ldr	r0, [pc, #28]	@ (10005950 <usbd_control_xfer_cb+0xfc>)
10005932:	9301      	str	r3, [sp, #4]
10005934:	f001 f8c4 	bl	10006ac0 <memcpy>
10005938:	2180      	movs	r1, #128	@ 0x80
1000593a:	4a05      	ldr	r2, [pc, #20]	@ (10005950 <usbd_control_xfer_cb+0xfc>)
1000593c:	9b01      	ldr	r3, [sp, #4]
1000593e:	e7d1      	b.n	100058e4 <usbd_control_xfer_cb+0x90>
10005940:	2180      	movs	r1, #128	@ 0x80
10005942:	2200      	movs	r2, #0
10005944:	e7ce      	b.n	100058e4 <usbd_control_xfer_cb+0x90>
10005946:	460a      	mov	r2, r1
10005948:	e7cc      	b.n	100058e4 <usbd_control_xfer_cb+0x90>
1000594a:	bf00      	nop
1000594c:	20001948 	.word	0x20001948
10005950:	20001908 	.word	0x20001908

10005954 <_prep_out_transaction.isra.0>:
10005954:	e92d 41f0 	stmdb	sp!, {r4, r5, r6, r7, r8, lr}
10005958:	4604      	mov	r4, r0
1000595a:	f7ff f9d3 	bl	10004d04 <tud_mounted>
1000595e:	b908      	cbnz	r0, 10005964 <_prep_out_transaction.isra.0+0x10>
10005960:	e8bd 81f0 	ldmia.w	sp!, {r4, r5, r6, r7, r8, pc}
10005964:	f7ff f9d6 	bl	10004d14 <tud_suspended>
10005968:	4605      	mov	r5, r0
1000596a:	2800      	cmp	r0, #0
1000596c:	d1f8      	bne.n	10005960 <_prep_out_transaction.isra.0+0xc>
1000596e:	23c8      	movs	r3, #200	@ 0xc8
10005970:	fb04 f303 	mul.w	r3, r4, r3
10005974:	4e12      	ldr	r6, [pc, #72]	@ (100059c0 <_prep_out_transaction.isra.0+0x6c>)
10005976:	18f7      	adds	r7, r6, r3
10005978:	78f9      	ldrb	r1, [r7, #3]
1000597a:	2900      	cmp	r1, #0
1000597c:	d0f0      	beq.n	10005960 <_prep_out_transaction.isra.0+0xc>
1000597e:	3310      	adds	r3, #16
10005980:	441e      	add	r6, r3
10005982:	4630      	mov	r0, r6
10005984:	f000 fdd2 	bl	1000652c <tu_fifo_remaining>
10005988:	283f      	cmp	r0, #63	@ 0x3f
1000598a:	d9e9      	bls.n	10005960 <_prep_out_transaction.isra.0+0xc>
1000598c:	4628      	mov	r0, r5
1000598e:	78f9      	ldrb	r1, [r7, #3]
10005990:	f7ff fe74 	bl	1000567c <usbd_edpt_claim>
10005994:	2800      	cmp	r0, #0
10005996:	d0e3      	beq.n	10005960 <_prep_out_transaction.isra.0+0xc>
10005998:	4630      	mov	r0, r6
1000599a:	f000 fdc7 	bl	1000652c <tu_fifo_remaining>
1000599e:	283f      	cmp	r0, #63	@ 0x3f
100059a0:	78f9      	ldrb	r1, [r7, #3]
100059a2:	d908      	bls.n	100059b6 <_prep_out_transaction.isra.0+0x62>
100059a4:	4a07      	ldr	r2, [pc, #28]	@ (100059c4 <_prep_out_transaction.isra.0+0x70>)
100059a6:	4628      	mov	r0, r5
100059a8:	eb02 12c4 	add.w	r2, r2, r4, lsl #7
100059ac:	2340      	movs	r3, #64	@ 0x40
100059ae:	e8bd 41f0 	ldmia.w	sp!, {r4, r5, r6, r7, r8, lr}
100059b2:	f7ff be87 	b.w	100056c4 <usbd_edpt_xfer>
100059b6:	4628      	mov	r0, r5
100059b8:	e8bd 41f0 	ldmia.w	sp!, {r4, r5, r6, r7, r8, lr}
100059bc:	f7ff be70 	b.w	100056a0 <usbd_edpt_release>
100059c0:	20001840 	.word	0x20001840
100059c4:	200017bc 	.word	0x200017bc

100059c8 <tud_cdc_n_connected>:
100059c8:	b510      	push	{r4, lr}
100059ca:	4604      	mov	r4, r0
100059cc:	f7ff f99a 	bl	10004d04 <tud_mounted>
100059d0:	b908      	cbnz	r0, 100059d6 <tud_cdc_n_connected+0xe>
100059d2:	2000      	movs	r0, #0
100059d4:	bd10      	pop	{r4, pc}
100059d6:	f7ff f99d 	bl	10004d14 <tud_suspended>
100059da:	2800      	cmp	r0, #0
100059dc:	d1f9      	bne.n	100059d2 <tud_cdc_n_connected+0xa>
100059de:	22c8      	movs	r2, #200	@ 0xc8
100059e0:	4b03      	ldr	r3, [pc, #12]	@ (100059f0 <tud_cdc_n_connected+0x28>)
100059e2:	fb02 3304 	mla	r3, r2, r4, r3
100059e6:	7918      	ldrb	r0, [r3, #4]
100059e8:	f000 0001 	and.w	r0, r0, #1
100059ec:	bd10      	pop	{r4, pc}
100059ee:	bf00      	nop
100059f0:	20001840 	.word	0x20001840

100059f4 <tud_cdc_n_available>:
100059f4:	22c8      	movs	r2, #200	@ 0xc8
100059f6:	b508      	push	{r3, lr}
100059f8:	4b02      	ldr	r3, [pc, #8]	@ (10005a04 <tud_cdc_n_available+0x10>)
100059fa:	fb02 3000 	mla	r0, r2, r0, r3
100059fe:	f000 fd7b 	bl	100064f8 <tu_fifo_count>
10005a02:	bd08      	pop	{r3, pc}
10005a04:	20001850 	.word	0x20001850

10005a08 <tud_cdc_n_read>:
10005a08:	e92d 43f8 	stmdb	sp!, {r3, r4, r5, r6, r7, r8, r9, lr}
10005a0c:	f64f 73ff 	movw	r3, #65535	@ 0xffff
10005a10:	24c8      	movs	r4, #200	@ 0xc8
10005a12:	429a      	cmp	r2, r3
10005a14:	bf28      	it	cs
10005a16:	461a      	movcs	r2, r3
10005a18:	fb00 f404 	mul.w	r4, r0, r4
10005a1c:	f8df 8074 	ldr.w	r8, [pc, #116]	@ 10005a94 <tud_cdc_n_read+0x8c>
10005a20:	f104 0510 	add.w	r5, r4, #16
10005a24:	4445      	add	r5, r8
10005a26:	4606      	mov	r6, r0
10005a28:	b292      	uxth	r2, r2
10005a2a:	4628      	mov	r0, r5
10005a2c:	f000 fdda 	bl	100065e4 <tu_fifo_read_n>
10005a30:	4607      	mov	r7, r0
10005a32:	f7ff f967 	bl	10004d04 <tud_mounted>
10005a36:	b910      	cbnz	r0, 10005a3e <tud_cdc_n_read+0x36>
10005a38:	4638      	mov	r0, r7
10005a3a:	e8bd 83f8 	ldmia.w	sp!, {r3, r4, r5, r6, r7, r8, r9, pc}
10005a3e:	f7ff f969 	bl	10004d14 <tud_suspended>
10005a42:	4681      	mov	r9, r0
10005a44:	2800      	cmp	r0, #0
10005a46:	d1f7      	bne.n	10005a38 <tud_cdc_n_read+0x30>
10005a48:	44a0      	add	r8, r4
10005a4a:	f898 3003 	ldrb.w	r3, [r8, #3]
10005a4e:	2b00      	cmp	r3, #0
10005a50:	d0f2      	beq.n	10005a38 <tud_cdc_n_read+0x30>
10005a52:	4628      	mov	r0, r5
10005a54:	f000 fd6a 	bl	1000652c <tu_fifo_remaining>
10005a58:	283f      	cmp	r0, #63	@ 0x3f
10005a5a:	d9ed      	bls.n	10005a38 <tud_cdc_n_read+0x30>
10005a5c:	4648      	mov	r0, r9
10005a5e:	f898 1003 	ldrb.w	r1, [r8, #3]
10005a62:	f7ff fe0b 	bl	1000567c <usbd_edpt_claim>
10005a66:	2800      	cmp	r0, #0
10005a68:	d0e6      	beq.n	10005a38 <tud_cdc_n_read+0x30>
10005a6a:	4628      	mov	r0, r5
10005a6c:	f000 fd5e 	bl	1000652c <tu_fifo_remaining>
10005a70:	283f      	cmp	r0, #63	@ 0x3f
10005a72:	f898 1003 	ldrb.w	r1, [r8, #3]
10005a76:	d907      	bls.n	10005a88 <tud_cdc_n_read+0x80>
10005a78:	4a05      	ldr	r2, [pc, #20]	@ (10005a90 <tud_cdc_n_read+0x88>)
10005a7a:	4648      	mov	r0, r9
10005a7c:	2340      	movs	r3, #64	@ 0x40
10005a7e:	eb02 12c6 	add.w	r2, r2, r6, lsl #7
10005a82:	f7ff fe1f 	bl	100056c4 <usbd_edpt_xfer>
10005a86:	e7d7      	b.n	10005a38 <tud_cdc_n_read+0x30>
10005a88:	4648      	mov	r0, r9
10005a8a:	f7ff fe09 	bl	100056a0 <usbd_edpt_release>
10005a8e:	e7d3      	b.n	10005a38 <tud_cdc_n_read+0x30>
10005a90:	200017bc 	.word	0x200017bc
10005a94:	20001840 	.word	0x20001840

10005a98 <tud_cdc_n_write_flush>:
10005a98:	e92d 41f0 	stmdb	sp!, {r4, r5, r6, r7, r8, lr}
10005a9c:	4604      	mov	r4, r0
10005a9e:	f7ff f931 	bl	10004d04 <tud_mounted>
10005aa2:	b910      	cbnz	r0, 10005aaa <tud_cdc_n_write_flush+0x12>
10005aa4:	2000      	movs	r0, #0
10005aa6:	e8bd 81f0 	ldmia.w	sp!, {r4, r5, r6, r7, r8, pc}
10005aaa:	f7ff f933 	bl	10004d14 <tud_suspended>
10005aae:	4605      	mov	r5, r0
10005ab0:	2800      	cmp	r0, #0
10005ab2:	d1f7      	bne.n	10005aa4 <tud_cdc_n_write_flush+0xc>
10005ab4:	26c8      	movs	r6, #200	@ 0xc8
10005ab6:	fb04 f606 	mul.w	r6, r4, r6
10005aba:	f8df 8064 	ldr.w	r8, [pc, #100]	@ 10005b20 <tud_cdc_n_write_flush+0x88>
10005abe:	f106 0724 	add.w	r7, r6, #36	@ 0x24
10005ac2:	4447      	add	r7, r8
10005ac4:	4638      	mov	r0, r7
10005ac6:	f000 fd17 	bl	100064f8 <tu_fifo_count>
10005aca:	2800      	cmp	r0, #0
10005acc:	d0ea      	beq.n	10005aa4 <tud_cdc_n_write_flush+0xc>
10005ace:	44b0      	add	r8, r6
10005ad0:	4628      	mov	r0, r5
10005ad2:	f898 1002 	ldrb.w	r1, [r8, #2]
10005ad6:	f7ff fdd1 	bl	1000567c <usbd_edpt_claim>
10005ada:	2800      	cmp	r0, #0
10005adc:	d0e2      	beq.n	10005aa4 <tud_cdc_n_write_flush+0xc>
10005ade:	4e0f      	ldr	r6, [pc, #60]	@ (10005b1c <tud_cdc_n_write_flush+0x84>)
10005ae0:	4638      	mov	r0, r7
10005ae2:	eb06 16c4 	add.w	r6, r6, r4, lsl #7
10005ae6:	4631      	mov	r1, r6
10005ae8:	2240      	movs	r2, #64	@ 0x40
10005aea:	f000 fd7b 	bl	100065e4 <tu_fifo_read_n>
10005aee:	f898 1002 	ldrb.w	r1, [r8, #2]
10005af2:	4604      	mov	r4, r0
10005af4:	b168      	cbz	r0, 10005b12 <tud_cdc_n_write_flush+0x7a>
10005af6:	4603      	mov	r3, r0
10005af8:	4632      	mov	r2, r6
10005afa:	4628      	mov	r0, r5
10005afc:	f7ff fde2 	bl	100056c4 <usbd_edpt_xfer>
10005b00:	b950      	cbnz	r0, 10005b18 <tud_cdc_n_write_flush+0x80>
10005b02:	f04f 23e0 	mov.w	r3, #3758153728	@ 0xe000e000
10005b06:	f8d3 3df0 	ldr.w	r3, [r3, #3568]	@ 0xdf0
10005b0a:	07db      	lsls	r3, r3, #31
10005b0c:	d5ca      	bpl.n	10005aa4 <tud_cdc_n_write_flush+0xc>
10005b0e:	be00      	bkpt	0x0000
10005b10:	e7c8      	b.n	10005aa4 <tud_cdc_n_write_flush+0xc>
10005b12:	f7ff fdc5 	bl	100056a0 <usbd_edpt_release>
10005b16:	e7c5      	b.n	10005aa4 <tud_cdc_n_write_flush+0xc>
10005b18:	4620      	mov	r0, r4
10005b1a:	e7c4      	b.n	10005aa6 <tud_cdc_n_write_flush+0xe>
10005b1c:	200017fc 	.word	0x200017fc
10005b20:	20001840 	.word	0x20001840

10005b24 <tud_cdc_n_write>:
10005b24:	b538      	push	{r3, r4, r5, lr}
10005b26:	f64f 75ff 	movw	r5, #65535	@ 0xffff
10005b2a:	23c8      	movs	r3, #200	@ 0xc8
10005b2c:	42aa      	cmp	r2, r5
10005b2e:	bf28      	it	cs
10005b30:	462a      	movcs	r2, r5
10005b32:	4c0b      	ldr	r4, [pc, #44]	@ (10005b60 <tud_cdc_n_write+0x3c>)
10005b34:	b292      	uxth	r2, r2
10005b36:	fb03 4400 	mla	r4, r3, r0, r4
10005b3a:	4605      	mov	r5, r0
10005b3c:	4620      	mov	r0, r4
10005b3e:	f000 fe0f 	bl	10006760 <tu_fifo_write_n>
10005b42:	4603      	mov	r3, r0
10005b44:	4620      	mov	r0, r4
10005b46:	461c      	mov	r4, r3
10005b48:	f000 fcd6 	bl	100064f8 <tu_fifo_count>
10005b4c:	283f      	cmp	r0, #63	@ 0x3f
10005b4e:	d801      	bhi.n	10005b54 <tud_cdc_n_write+0x30>
10005b50:	4620      	mov	r0, r4
10005b52:	bd38      	pop	{r3, r4, r5, pc}
10005b54:	4628      	mov	r0, r5
10005b56:	f7ff ff9f 	bl	10005a98 <tud_cdc_n_write_flush>
10005b5a:	4620      	mov	r0, r4
10005b5c:	bd38      	pop	{r3, r4, r5, pc}
10005b5e:	bf00      	nop
10005b60:	20001864 	.word	0x20001864

10005b64 <tud_cdc_n_write_available>:
10005b64:	22c8      	movs	r2, #200	@ 0xc8
10005b66:	b508      	push	{r3, lr}
10005b68:	4b02      	ldr	r3, [pc, #8]	@ (10005b74 <tud_cdc_n_write_available+0x10>)
10005b6a:	fb02 3000 	mla	r0, r2, r0, r3
10005b6e:	f000 fcdd 	bl	1000652c <tu_fifo_remaining>
10005b72:	bd08      	pop	{r3, pc}
10005b74:	20001864 	.word	0x20001864

10005b78 <cdcd_init>:
10005b78:	b5f0      	push	{r4, r5, r6, r7, lr}
10005b7a:	2400      	movs	r4, #0
10005b7c:	b083      	sub	sp, #12
10005b7e:	22c8      	movs	r2, #200	@ 0xc8
10005b80:	2100      	movs	r1, #0
10005b82:	4817      	ldr	r0, [pc, #92]	@ (10005be0 <cdcd_init+0x68>)
10005b84:	f000 ff4e 	bl	10006a24 <memset>
10005b88:	23ff      	movs	r3, #255	@ 0xff
10005b8a:	f44f 31e1 	mov.w	r1, #115200	@ 0x1c200
10005b8e:	2208      	movs	r2, #8
10005b90:	4814      	ldr	r0, [pc, #80]	@ (10005be4 <cdcd_init+0x6c>)
10005b92:	7004      	strb	r4, [r0, #0]
10005b94:	4812      	ldr	r0, [pc, #72]	@ (10005be0 <cdcd_init+0x68>)
10005b96:	9400      	str	r4, [sp, #0]
10005b98:	4607      	mov	r7, r0
10005b9a:	7143      	strb	r3, [r0, #5]
10005b9c:	6081      	str	r1, [r0, #8]
10005b9e:	7382      	strb	r2, [r0, #14]
10005ba0:	f100 0138 	add.w	r1, r0, #56	@ 0x38
10005ba4:	2301      	movs	r3, #1
10005ba6:	2240      	movs	r2, #64	@ 0x40
10005ba8:	3010      	adds	r0, #16
10005baa:	f000 fc75 	bl	10006498 <tu_fifo_config>
10005bae:	2301      	movs	r3, #1
10005bb0:	2240      	movs	r2, #64	@ 0x40
10005bb2:	f107 0178 	add.w	r1, r7, #120	@ 0x78
10005bb6:	9300      	str	r3, [sp, #0]
10005bb8:	f107 06b8 	add.w	r6, r7, #184	@ 0xb8
10005bbc:	f107 0024 	add.w	r0, r7, #36	@ 0x24
10005bc0:	f000 fc6a 	bl	10006498 <tu_fifo_config>
10005bc4:	f107 05c0 	add.w	r5, r7, #192	@ 0xc0
10005bc8:	4630      	mov	r0, r6
10005bca:	f7fb f801 	bl	10000bd0 <mutex_init>
10005bce:	4628      	mov	r0, r5
10005bd0:	f7fa fffe 	bl	10000bd0 <mutex_init>
10005bd4:	e9c7 4607 	strd	r4, r6, [r7, #28]
10005bd8:	e9c7 540c 	strd	r5, r4, [r7, #48]	@ 0x30
10005bdc:	b003      	add	sp, #12
10005bde:	bdf0      	pop	{r4, r5, r6, r7, pc}
10005be0:	20001840 	.word	0x20001840
10005be4:	2000183c 	.word	0x2000183c

10005be8 <cdcd_deinit>:
10005be8:	4a0a      	ldr	r2, [pc, #40]	@ (10005c14 <cdcd_deinit+0x2c>)
10005bea:	6b11      	ldr	r1, [r2, #48]	@ 0x30
10005bec:	6a13      	ldr	r3, [r2, #32]
10005bee:	b161      	cbz	r1, 10005c0a <cdcd_deinit+0x22>
10005bf0:	b13b      	cbz	r3, 10005c02 <cdcd_deinit+0x1a>
10005bf2:	2300      	movs	r3, #0
10005bf4:	e9c2 330c 	strd	r3, r3, [r2, #48]	@ 0x30
10005bf8:	61d3      	str	r3, [r2, #28]
10005bfa:	2300      	movs	r3, #0
10005bfc:	6213      	str	r3, [r2, #32]
10005bfe:	2001      	movs	r0, #1
10005c00:	4770      	bx	lr
10005c02:	2001      	movs	r0, #1
10005c04:	e9c2 330c 	strd	r3, r3, [r2, #48]	@ 0x30
10005c08:	4770      	bx	lr
10005c0a:	2b00      	cmp	r3, #0
10005c0c:	d0f7      	beq.n	10005bfe <cdcd_deinit+0x16>
10005c0e:	61d1      	str	r1, [r2, #28]
10005c10:	e7f3      	b.n	10005bfa <cdcd_deinit+0x12>
10005c12:	bf00      	nop
10005c14:	20001840 	.word	0x20001840

10005c18 <cdcd_reset>:
10005c18:	2200      	movs	r2, #0
10005c1a:	b510      	push	{r4, lr}
10005c1c:	4c0e      	ldr	r4, [pc, #56]	@ (10005c58 <cdcd_reset+0x40>)
10005c1e:	480f      	ldr	r0, [pc, #60]	@ (10005c5c <cdcd_reset+0x44>)
10005c20:	7823      	ldrb	r3, [r4, #0]
10005c22:	6002      	str	r2, [r0, #0]
10005c24:	7102      	strb	r2, [r0, #4]
10005c26:	07da      	lsls	r2, r3, #31
10005c28:	d507      	bpl.n	10005c3a <cdcd_reset+0x22>
10005c2a:	079b      	lsls	r3, r3, #30
10005c2c:	d50b      	bpl.n	10005c46 <cdcd_reset+0x2e>
10005c2e:	e8bd 4010 	ldmia.w	sp!, {r4, lr}
10005c32:	2101      	movs	r1, #1
10005c34:	480a      	ldr	r0, [pc, #40]	@ (10005c60 <cdcd_reset+0x48>)
10005c36:	f000 be5d 	b.w	100068f4 <tu_fifo_set_overwritable>
10005c3a:	3010      	adds	r0, #16
10005c3c:	f000 fe3e 	bl	100068bc <tu_fifo_clear>
10005c40:	7823      	ldrb	r3, [r4, #0]
10005c42:	079b      	lsls	r3, r3, #30
10005c44:	d4f3      	bmi.n	10005c2e <cdcd_reset+0x16>
10005c46:	4806      	ldr	r0, [pc, #24]	@ (10005c60 <cdcd_reset+0x48>)
10005c48:	f000 fe38 	bl	100068bc <tu_fifo_clear>
10005c4c:	e8bd 4010 	ldmia.w	sp!, {r4, lr}
10005c50:	2101      	movs	r1, #1
10005c52:	4803      	ldr	r0, [pc, #12]	@ (10005c60 <cdcd_reset+0x48>)
10005c54:	f000 be4e 	b.w	100068f4 <tu_fifo_set_overwritable>
10005c58:	2000183c 	.word	0x2000183c
10005c5c:	20001840 	.word	0x20001840
10005c60:	20001864 	.word	0x20001864

10005c64 <cdcd_open>:
10005c64:	b5f0      	push	{r4, r5, r6, r7, lr}
10005c66:	794b      	ldrb	r3, [r1, #5]
10005c68:	b083      	sub	sp, #12
10005c6a:	2b02      	cmp	r3, #2
10005c6c:	d102      	bne.n	10005c74 <cdcd_open+0x10>
10005c6e:	798b      	ldrb	r3, [r1, #6]
10005c70:	2b02      	cmp	r3, #2
10005c72:	d003      	beq.n	10005c7c <cdcd_open+0x18>
10005c74:	2500      	movs	r5, #0
10005c76:	4628      	mov	r0, r5
10005c78:	b003      	add	sp, #12
10005c7a:	bdf0      	pop	{r4, r5, r6, r7, pc}
10005c7c:	4f27      	ldr	r7, [pc, #156]	@ (10005d1c <cdcd_open+0xb8>)
10005c7e:	78bb      	ldrb	r3, [r7, #2]
10005c80:	b13b      	cbz	r3, 10005c92 <cdcd_open+0x2e>
10005c82:	f04f 23e0 	mov.w	r3, #3758153728	@ 0xe000e000
10005c86:	f8d3 3df0 	ldr.w	r3, [r3, #3568]	@ 0xdf0
10005c8a:	07db      	lsls	r3, r3, #31
10005c8c:	d5f2      	bpl.n	10005c74 <cdcd_open+0x10>
10005c8e:	be00      	bkpt	0x0000
10005c90:	e7f0      	b.n	10005c74 <cdcd_open+0x10>
10005c92:	788b      	ldrb	r3, [r1, #2]
10005c94:	4606      	mov	r6, r0
10005c96:	703b      	strb	r3, [r7, #0]
10005c98:	780b      	ldrb	r3, [r1, #0]
10005c9a:	18cc      	adds	r4, r1, r3
10005c9c:	7861      	ldrb	r1, [r4, #1]
10005c9e:	2924      	cmp	r1, #36	@ 0x24
10005ca0:	bf08      	it	eq
10005ca2:	2509      	moveq	r5, #9
10005ca4:	d007      	beq.n	10005cb6 <cdcd_open+0x52>
10005ca6:	e036      	b.n	10005d16 <cdcd_open+0xb2>
10005ca8:	7823      	ldrb	r3, [r4, #0]
10005caa:	441c      	add	r4, r3
10005cac:	7861      	ldrb	r1, [r4, #1]
10005cae:	442b      	add	r3, r5
10005cb0:	2924      	cmp	r1, #36	@ 0x24
10005cb2:	b29d      	uxth	r5, r3
10005cb4:	d107      	bne.n	10005cc6 <cdcd_open+0x62>
10005cb6:	42aa      	cmp	r2, r5
10005cb8:	d2f6      	bcs.n	10005ca8 <cdcd_open+0x44>
10005cba:	2000      	movs	r0, #0
10005cbc:	f7ff fe4a 	bl	10005954 <_prep_out_transaction.isra.0>
10005cc0:	4628      	mov	r0, r5
10005cc2:	b003      	add	sp, #12
10005cc4:	bdf0      	pop	{r4, r5, r6, r7, pc}
10005cc6:	460b      	mov	r3, r1
10005cc8:	2905      	cmp	r1, #5
10005cca:	d016      	beq.n	10005cfa <cdcd_open+0x96>
10005ccc:	2b04      	cmp	r3, #4
10005cce:	d1f4      	bne.n	10005cba <cdcd_open+0x56>
10005cd0:	7963      	ldrb	r3, [r4, #5]
10005cd2:	2b0a      	cmp	r3, #10
10005cd4:	d1f1      	bne.n	10005cba <cdcd_open+0x56>
10005cd6:	4b12      	ldr	r3, [pc, #72]	@ (10005d20 <cdcd_open+0xbc>)
10005cd8:	7827      	ldrb	r7, [r4, #0]
10005cda:	9301      	str	r3, [sp, #4]
10005cdc:	3301      	adds	r3, #1
10005cde:	9300      	str	r3, [sp, #0]
10005ce0:	2302      	movs	r3, #2
10005ce2:	4630      	mov	r0, r6
10005ce4:	461a      	mov	r2, r3
10005ce6:	19e1      	adds	r1, r4, r7
10005ce8:	f7ff fc58 	bl	1000559c <usbd_open_edpt_pair>
10005cec:	2800      	cmp	r0, #0
10005cee:	d0c8      	beq.n	10005c82 <cdcd_open+0x1e>
10005cf0:	350e      	adds	r5, #14
10005cf2:	fa17 f585 	uxtah	r5, r7, r5
10005cf6:	b2ad      	uxth	r5, r5
10005cf8:	e7df      	b.n	10005cba <cdcd_open+0x56>
10005cfa:	4621      	mov	r1, r4
10005cfc:	4630      	mov	r0, r6
10005cfe:	f7ff fc9b 	bl	10005638 <usbd_edpt_open>
10005d02:	2800      	cmp	r0, #0
10005d04:	d0bd      	beq.n	10005c82 <cdcd_open+0x1e>
10005d06:	78a3      	ldrb	r3, [r4, #2]
10005d08:	707b      	strb	r3, [r7, #1]
10005d0a:	7823      	ldrb	r3, [r4, #0]
10005d0c:	195a      	adds	r2, r3, r5
10005d0e:	441c      	add	r4, r3
10005d10:	7863      	ldrb	r3, [r4, #1]
10005d12:	b295      	uxth	r5, r2
10005d14:	e7da      	b.n	10005ccc <cdcd_open+0x68>
10005d16:	460b      	mov	r3, r1
10005d18:	2509      	movs	r5, #9
10005d1a:	e7d5      	b.n	10005cc8 <cdcd_open+0x64>
10005d1c:	20001840 	.word	0x20001840
10005d20:	20001842 	.word	0x20001842

10005d24 <cdcd_control_xfer_cb>:
10005d24:	7813      	ldrb	r3, [r2, #0]
10005d26:	f003 0360 	and.w	r3, r3, #96	@ 0x60
10005d2a:	2b20      	cmp	r3, #32
10005d2c:	d108      	bne.n	10005d40 <cdcd_control_xfer_cb+0x1c>
10005d2e:	b570      	push	{r4, r5, r6, lr}
10005d30:	4c26      	ldr	r4, [pc, #152]	@ (10005dcc <cdcd_control_xfer_cb+0xa8>)
10005d32:	8893      	ldrh	r3, [r2, #4]
10005d34:	f894 c000 	ldrb.w	ip, [r4]
10005d38:	459c      	cmp	ip, r3
10005d3a:	d003      	beq.n	10005d44 <cdcd_control_xfer_cb+0x20>
10005d3c:	2000      	movs	r0, #0
10005d3e:	bd70      	pop	{r4, r5, r6, pc}
10005d40:	2000      	movs	r0, #0
10005d42:	4770      	bx	lr
10005d44:	7853      	ldrb	r3, [r2, #1]
10005d46:	3b20      	subs	r3, #32
10005d48:	2b03      	cmp	r3, #3
10005d4a:	d8f7      	bhi.n	10005d3c <cdcd_control_xfer_cb+0x18>
10005d4c:	e8df f003 	tbb	[pc, r3]
10005d50:	020d2327 	.word	0x020d2327
10005d54:	2901      	cmp	r1, #1
10005d56:	d02e      	beq.n	10005db6 <cdcd_control_xfer_cb+0x92>
10005d58:	2903      	cmp	r1, #3
10005d5a:	d11e      	bne.n	10005d9a <cdcd_control_xfer_cb+0x76>
10005d5c:	4b1c      	ldr	r3, [pc, #112]	@ (10005dd0 <cdcd_control_xfer_cb+0xac>)
10005d5e:	b1e3      	cbz	r3, 10005d9a <cdcd_control_xfer_cb+0x76>
10005d60:	2000      	movs	r0, #0
10005d62:	8851      	ldrh	r1, [r2, #2]
10005d64:	f3af 8000 	nop.w
10005d68:	e017      	b.n	10005d9a <cdcd_control_xfer_cb+0x76>
10005d6a:	2901      	cmp	r1, #1
10005d6c:	d023      	beq.n	10005db6 <cdcd_control_xfer_cb+0x92>
10005d6e:	2903      	cmp	r1, #3
10005d70:	d113      	bne.n	10005d9a <cdcd_control_xfer_cb+0x76>
10005d72:	8855      	ldrh	r5, [r2, #2]
10005d74:	4817      	ldr	r0, [pc, #92]	@ (10005dd4 <cdcd_control_xfer_cb+0xb0>)
10005d76:	f005 0601 	and.w	r6, r5, #1
10005d7a:	f086 0101 	eor.w	r1, r6, #1
10005d7e:	7125      	strb	r5, [r4, #4]
10005d80:	f000 fdb8 	bl	100068f4 <tu_fifo_set_overwritable>
10005d84:	4b14      	ldr	r3, [pc, #80]	@ (10005dd8 <cdcd_control_xfer_cb+0xb4>)
10005d86:	b143      	cbz	r3, 10005d9a <cdcd_control_xfer_cb+0x76>
10005d88:	4631      	mov	r1, r6
10005d8a:	2000      	movs	r0, #0
10005d8c:	f3c5 0240 	ubfx	r2, r5, #1, #1
10005d90:	f3af 8000 	nop.w
10005d94:	e001      	b.n	10005d9a <cdcd_control_xfer_cb+0x76>
10005d96:	2901      	cmp	r1, #1
10005d98:	d011      	beq.n	10005dbe <cdcd_control_xfer_cb+0x9a>
10005d9a:	2001      	movs	r0, #1
10005d9c:	bd70      	pop	{r4, r5, r6, pc}
10005d9e:	2901      	cmp	r1, #1
10005da0:	d00d      	beq.n	10005dbe <cdcd_control_xfer_cb+0x9a>
10005da2:	2903      	cmp	r1, #3
10005da4:	d1f9      	bne.n	10005d9a <cdcd_control_xfer_cb+0x76>
10005da6:	4b0d      	ldr	r3, [pc, #52]	@ (10005ddc <cdcd_control_xfer_cb+0xb8>)
10005da8:	2b00      	cmp	r3, #0
10005daa:	d0f6      	beq.n	10005d9a <cdcd_control_xfer_cb+0x76>
10005dac:	2000      	movs	r0, #0
10005dae:	490c      	ldr	r1, [pc, #48]	@ (10005de0 <cdcd_control_xfer_cb+0xbc>)
10005db0:	f7fe faac 	bl	1000430c <tud_cdc_line_coding_cb>
10005db4:	e7f1      	b.n	10005d9a <cdcd_control_xfer_cb+0x76>
10005db6:	4611      	mov	r1, r2
10005db8:	f7ff fcbc 	bl	10005734 <tud_control_status>
10005dbc:	e7ed      	b.n	10005d9a <cdcd_control_xfer_cb+0x76>
10005dbe:	4611      	mov	r1, r2
10005dc0:	2307      	movs	r3, #7
10005dc2:	4a07      	ldr	r2, [pc, #28]	@ (10005de0 <cdcd_control_xfer_cb+0xbc>)
10005dc4:	f7ff fcd0 	bl	10005768 <tud_control_xfer>
10005dc8:	e7e7      	b.n	10005d9a <cdcd_control_xfer_cb+0x76>
10005dca:	bf00      	nop
10005dcc:	20001840 	.word	0x20001840
10005dd0:	00000000 	.word	0x00000000
10005dd4:	20001864 	.word	0x20001864
10005dd8:	00000000 	.word	0x00000000
10005ddc:	1000430d 	.word	0x1000430d
10005de0:	20001848 	.word	0x20001848

10005de4 <cdcd_xfer_cb>:
10005de4:	e92d 43f8 	stmdb	sp!, {r3, r4, r5, r6, r7, r8, r9, lr}
10005de8:	4e35      	ldr	r6, [pc, #212]	@ (10005ec0 <cdcd_xfer_cb+0xdc>)
10005dea:	460c      	mov	r4, r1
10005dec:	78f2      	ldrb	r2, [r6, #3]
10005dee:	4607      	mov	r7, r0
10005df0:	428a      	cmp	r2, r1
10005df2:	461d      	mov	r5, r3
10005df4:	d03d      	beq.n	10005e72 <cdcd_xfer_cb+0x8e>
10005df6:	78b3      	ldrb	r3, [r6, #2]
10005df8:	428b      	cmp	r3, r1
10005dfa:	d012      	beq.n	10005e22 <cdcd_xfer_cb+0x3e>
10005dfc:	f04f 23e0 	mov.w	r3, #3758153728	@ 0xe000e000
10005e00:	f8d3 3df0 	ldr.w	r3, [r3, #3568]	@ 0xdf0
10005e04:	07db      	lsls	r3, r3, #31
10005e06:	d432      	bmi.n	10005e6e <cdcd_xfer_cb+0x8a>
10005e08:	2000      	movs	r0, #0
10005e0a:	e8bd 83f8 	ldmia.w	sp!, {r3, r4, r5, r6, r7, r8, r9, pc}
10005e0e:	4b2d      	ldr	r3, [pc, #180]	@ (10005ec4 <cdcd_xfer_cb+0xe0>)
10005e10:	b123      	cbz	r3, 10005e1c <cdcd_xfer_cb+0x38>
10005e12:	482d      	ldr	r0, [pc, #180]	@ (10005ec8 <cdcd_xfer_cb+0xe4>)
10005e14:	f000 fb80 	bl	10006518 <tu_fifo_empty>
10005e18:	2800      	cmp	r0, #0
10005e1a:	d04d      	beq.n	10005eb8 <cdcd_xfer_cb+0xd4>
10005e1c:	2000      	movs	r0, #0
10005e1e:	f7ff fd99 	bl	10005954 <_prep_out_transaction.isra.0>
10005e22:	78b3      	ldrb	r3, [r6, #2]
10005e24:	42a3      	cmp	r3, r4
10005e26:	d001      	beq.n	10005e2c <cdcd_xfer_cb+0x48>
10005e28:	2001      	movs	r0, #1
10005e2a:	e7ee      	b.n	10005e0a <cdcd_xfer_cb+0x26>
10005e2c:	4b27      	ldr	r3, [pc, #156]	@ (10005ecc <cdcd_xfer_cb+0xe8>)
10005e2e:	b113      	cbz	r3, 10005e36 <cdcd_xfer_cb+0x52>
10005e30:	2000      	movs	r0, #0
10005e32:	f3af 8000 	nop.w
10005e36:	2000      	movs	r0, #0
10005e38:	f7ff fe2e 	bl	10005a98 <tud_cdc_n_write_flush>
10005e3c:	2800      	cmp	r0, #0
10005e3e:	d1f3      	bne.n	10005e28 <cdcd_xfer_cb+0x44>
10005e40:	4823      	ldr	r0, [pc, #140]	@ (10005ed0 <cdcd_xfer_cb+0xec>)
10005e42:	f000 fb59 	bl	100064f8 <tu_fifo_count>
10005e46:	2800      	cmp	r0, #0
10005e48:	d1ee      	bne.n	10005e28 <cdcd_xfer_cb+0x44>
10005e4a:	2d00      	cmp	r5, #0
10005e4c:	d0ec      	beq.n	10005e28 <cdcd_xfer_cb+0x44>
10005e4e:	f015 053f 	ands.w	r5, r5, #63	@ 0x3f
10005e52:	d1e9      	bne.n	10005e28 <cdcd_xfer_cb+0x44>
10005e54:	4638      	mov	r0, r7
10005e56:	78b1      	ldrb	r1, [r6, #2]
10005e58:	f7ff fc10 	bl	1000567c <usbd_edpt_claim>
10005e5c:	2800      	cmp	r0, #0
10005e5e:	d0e3      	beq.n	10005e28 <cdcd_xfer_cb+0x44>
10005e60:	462b      	mov	r3, r5
10005e62:	462a      	mov	r2, r5
10005e64:	4638      	mov	r0, r7
10005e66:	78b1      	ldrb	r1, [r6, #2]
10005e68:	f7ff fc2c 	bl	100056c4 <usbd_edpt_xfer>
10005e6c:	e7dc      	b.n	10005e28 <cdcd_xfer_cb+0x44>
10005e6e:	be00      	bkpt	0x0000
10005e70:	e7ca      	b.n	10005e08 <cdcd_xfer_cb+0x24>
10005e72:	b29a      	uxth	r2, r3
10005e74:	4917      	ldr	r1, [pc, #92]	@ (10005ed4 <cdcd_xfer_cb+0xf0>)
10005e76:	f106 0010 	add.w	r0, r6, #16
10005e7a:	f000 fc71 	bl	10006760 <tu_fifo_write_n>
10005e7e:	4b16      	ldr	r3, [pc, #88]	@ (10005ed8 <cdcd_xfer_cb+0xf4>)
10005e80:	2b00      	cmp	r3, #0
10005e82:	d0c4      	beq.n	10005e0e <cdcd_xfer_cb+0x2a>
10005e84:	7973      	ldrb	r3, [r6, #5]
10005e86:	2bff      	cmp	r3, #255	@ 0xff
10005e88:	d0c1      	beq.n	10005e0e <cdcd_xfer_cb+0x2a>
10005e8a:	2d00      	cmp	r5, #0
10005e8c:	d0bf      	beq.n	10005e0e <cdcd_xfer_cb+0x2a>
10005e8e:	f8df 8044 	ldr.w	r8, [pc, #68]	@ 10005ed4 <cdcd_xfer_cb+0xf0>
10005e92:	eb08 0905 	add.w	r9, r8, r5
10005e96:	e002      	b.n	10005e9e <cdcd_xfer_cb+0xba>
10005e98:	45c8      	cmp	r8, r9
10005e9a:	d0b8      	beq.n	10005e0e <cdcd_xfer_cb+0x2a>
10005e9c:	7973      	ldrb	r3, [r6, #5]
10005e9e:	f818 2b01 	ldrb.w	r2, [r8], #1
10005ea2:	429a      	cmp	r2, r3
10005ea4:	d1f8      	bne.n	10005e98 <cdcd_xfer_cb+0xb4>
10005ea6:	4808      	ldr	r0, [pc, #32]	@ (10005ec8 <cdcd_xfer_cb+0xe4>)
10005ea8:	f000 fb36 	bl	10006518 <tu_fifo_empty>
10005eac:	2800      	cmp	r0, #0
10005eae:	d1f3      	bne.n	10005e98 <cdcd_xfer_cb+0xb4>
10005eb0:	7971      	ldrb	r1, [r6, #5]
10005eb2:	f3af 8000 	nop.w
10005eb6:	e7ef      	b.n	10005e98 <cdcd_xfer_cb+0xb4>
10005eb8:	f3af 8000 	nop.w
10005ebc:	e7ae      	b.n	10005e1c <cdcd_xfer_cb+0x38>
10005ebe:	bf00      	nop
10005ec0:	20001840 	.word	0x20001840
10005ec4:	00000000 	.word	0x00000000
10005ec8:	20001850 	.word	0x20001850
10005ecc:	00000000 	.word	0x00000000
10005ed0:	20001864 	.word	0x20001864
10005ed4:	200017bc 	.word	0x200017bc
10005ed8:	00000000 	.word	0x00000000

10005edc <vendord_init>:
10005edc:	b5f0      	push	{r4, r5, r6, r7, lr}
10005ede:	f44f 7213 	mov.w	r2, #588	@ 0x24c
10005ee2:	b085      	sub	sp, #20
10005ee4:	2100      	movs	r1, #0
10005ee6:	4812      	ldr	r0, [pc, #72]	@ (10005f30 <vendord_init+0x54>)
10005ee8:	f000 fd9c 	bl	10006a24 <memset>
10005eec:	2640      	movs	r6, #64	@ 0x40
10005eee:	2300      	movs	r3, #0
10005ef0:	f44f 7580 	mov.w	r5, #256	@ 0x100
10005ef4:	4f0e      	ldr	r7, [pc, #56]	@ (10005f30 <vendord_init+0x54>)
10005ef6:	4c0f      	ldr	r4, [pc, #60]	@ (10005f34 <vendord_init+0x58>)
10005ef8:	f507 72a6 	add.w	r2, r7, #332	@ 0x14c
10005efc:	4619      	mov	r1, r3
10005efe:	e9cd 4602 	strd	r4, r6, [sp, #8]
10005f02:	9200      	str	r2, [sp, #0]
10005f04:	9501      	str	r5, [sp, #4]
10005f06:	461a      	mov	r2, r3
10005f08:	f507 7094 	add.w	r0, r7, #296	@ 0x128
10005f0c:	f000 f9c6 	bl	1000629c <tu_edpt_stream_init>
10005f10:	2300      	movs	r3, #0
10005f12:	4638      	mov	r0, r7
10005f14:	f107 0128 	add.w	r1, r7, #40	@ 0x28
10005f18:	4434      	add	r4, r6
10005f1a:	9100      	str	r1, [sp, #0]
10005f1c:	2201      	movs	r2, #1
10005f1e:	4619      	mov	r1, r3
10005f20:	e9cd 4602 	strd	r4, r6, [sp, #8]
10005f24:	9501      	str	r5, [sp, #4]
10005f26:	3004      	adds	r0, #4
10005f28:	f000 f9b8 	bl	1000629c <tu_edpt_stream_init>
10005f2c:	b005      	add	sp, #20
10005f2e:	bdf0      	pop	{r4, r5, r6, r7, pc}
10005f30:	20001b24 	.word	0x20001b24
10005f34:	20001aa4 	.word	0x20001aa4

10005f38 <vendord_deinit>:
10005f38:	b508      	push	{r3, lr}
10005f3a:	4805      	ldr	r0, [pc, #20]	@ (10005f50 <vendord_deinit+0x18>)
10005f3c:	f000 f9da 	bl	100062f4 <tu_edpt_stream_deinit>
10005f40:	4b03      	ldr	r3, [pc, #12]	@ (10005f50 <vendord_deinit+0x18>)
10005f42:	f5a3 7092 	sub.w	r0, r3, #292	@ 0x124
10005f46:	f000 f9d5 	bl	100062f4 <tu_edpt_stream_deinit>
10005f4a:	2001      	movs	r0, #1
10005f4c:	bd08      	pop	{r3, pc}
10005f4e:	bf00      	nop
10005f50:	20001c4c 	.word	0x20001c4c

10005f54 <vendord_reset>:
10005f54:	b538      	push	{r3, r4, r5, lr}
10005f56:	2500      	movs	r5, #0
10005f58:	4c06      	ldr	r4, [pc, #24]	@ (10005f74 <vendord_reset+0x20>)
10005f5a:	f504 7098 	add.w	r0, r4, #304	@ 0x130
10005f5e:	7025      	strb	r5, [r4, #0]
10005f60:	f000 fcac 	bl	100068bc <tu_fifo_clear>
10005f64:	f104 000c 	add.w	r0, r4, #12
10005f68:	f000 fca8 	bl	100068bc <tu_fifo_clear>
10005f6c:	f884 5129 	strb.w	r5, [r4, #297]	@ 0x129
10005f70:	7165      	strb	r5, [r4, #5]
10005f72:	bd38      	pop	{r3, r4, r5, pc}
10005f74:	20001b24 	.word	0x20001b24

10005f78 <vendord_open>:
10005f78:	e92d 43f8 	stmdb	sp!, {r3, r4, r5, r6, r7, r8, r9, lr}
10005f7c:	794b      	ldrb	r3, [r1, #5]
10005f7e:	2bff      	cmp	r3, #255	@ 0xff
10005f80:	d151      	bne.n	10006026 <vendord_open+0xae>
10005f82:	4e35      	ldr	r6, [pc, #212]	@ (10006058 <vendord_open+0xe0>)
10005f84:	f896 3129 	ldrb.w	r3, [r6, #297]	@ 0x129
10005f88:	2b00      	cmp	r3, #0
10005f8a:	d14c      	bne.n	10006026 <vendord_open+0xae>
10005f8c:	f896 8005 	ldrb.w	r8, [r6, #5]
10005f90:	f1b8 0f00 	cmp.w	r8, #0
10005f94:	d147      	bne.n	10006026 <vendord_open+0xae>
10005f96:	788b      	ldrb	r3, [r1, #2]
10005f98:	780c      	ldrb	r4, [r1, #0]
10005f9a:	7033      	strb	r3, [r6, #0]
10005f9c:	790b      	ldrb	r3, [r1, #4]
10005f9e:	460f      	mov	r7, r1
10005fa0:	440c      	add	r4, r1
10005fa2:	b3ab      	cbz	r3, 10006010 <vendord_open+0x98>
10005fa4:	4681      	mov	r9, r0
10005fa6:	18a5      	adds	r5, r4, r2
10005fa8:	e003      	b.n	10005fb2 <vendord_open+0x3a>
10005faa:	42a5      	cmp	r5, r4
10005fac:	d930      	bls.n	10006010 <vendord_open+0x98>
10005fae:	7823      	ldrb	r3, [r4, #0]
10005fb0:	441c      	add	r4, r3
10005fb2:	7863      	ldrb	r3, [r4, #1]
10005fb4:	2b05      	cmp	r3, #5
10005fb6:	d1f8      	bne.n	10005faa <vendord_open+0x32>
10005fb8:	42ac      	cmp	r4, r5
10005fba:	d229      	bcs.n	10006010 <vendord_open+0x98>
10005fbc:	4621      	mov	r1, r4
10005fbe:	4648      	mov	r0, r9
10005fc0:	f7ff fb3a 	bl	10005638 <usbd_edpt_open>
10005fc4:	b340      	cbz	r0, 10006018 <vendord_open+0xa0>
10005fc6:	78a3      	ldrb	r3, [r4, #2]
10005fc8:	09db      	lsrs	r3, r3, #7
10005fca:	d12f      	bne.n	1000602c <vendord_open+0xb4>
10005fcc:	4823      	ldr	r0, [pc, #140]	@ (1000605c <vendord_open+0xe4>)
10005fce:	f000 fc75 	bl	100068bc <tu_fifo_clear>
10005fd2:	78a3      	ldrb	r3, [r4, #2]
10005fd4:	f896 2128 	ldrb.w	r2, [r6, #296]	@ 0x128
10005fd8:	f886 3129 	strb.w	r3, [r6, #297]	@ 0x129
10005fdc:	88a3      	ldrh	r3, [r4, #4]
10005fde:	4648      	mov	r0, r9
10005fe0:	f3c3 030a 	ubfx	r3, r3, #0, #11
10005fe4:	f5a3 7300 	sub.w	r3, r3, #512	@ 0x200
10005fe8:	fab3 f383 	clz	r3, r3
10005fec:	095b      	lsrs	r3, r3, #5
10005fee:	f363 0241 	bfi	r2, r3, #1, #1
10005ff2:	491b      	ldr	r1, [pc, #108]	@ (10006060 <vendord_open+0xe8>)
10005ff4:	f886 2128 	strb.w	r2, [r6, #296]	@ 0x128
10005ff8:	f000 f9ea 	bl	100063d0 <tu_edpt_stream_read_xfer>
10005ffc:	b160      	cbz	r0, 10006018 <vendord_open+0xa0>
10005ffe:	7823      	ldrb	r3, [r4, #0]
10006000:	793a      	ldrb	r2, [r7, #4]
10006002:	f108 0801 	add.w	r8, r8, #1
10006006:	441c      	add	r4, r3
10006008:	fa5f f388 	uxtb.w	r3, r8
1000600c:	429a      	cmp	r2, r3
1000600e:	d8d0      	bhi.n	10005fb2 <vendord_open+0x3a>
10006010:	1be1      	subs	r1, r4, r7
10006012:	b288      	uxth	r0, r1
10006014:	e8bd 83f8 	ldmia.w	sp!, {r3, r4, r5, r6, r7, r8, r9, pc}
10006018:	f04f 23e0 	mov.w	r3, #3758153728	@ 0xe000e000
1000601c:	f8d3 3df0 	ldr.w	r3, [r3, #3568]	@ 0xdf0
10006020:	07db      	lsls	r3, r3, #31
10006022:	d500      	bpl.n	10006026 <vendord_open+0xae>
10006024:	be00      	bkpt	0x0000
10006026:	2000      	movs	r0, #0
10006028:	e8bd 83f8 	ldmia.w	sp!, {r3, r4, r5, r6, r7, r8, r9, pc}
1000602c:	480d      	ldr	r0, [pc, #52]	@ (10006064 <vendord_open+0xec>)
1000602e:	f000 fc45 	bl	100068bc <tu_fifo_clear>
10006032:	78a3      	ldrb	r3, [r4, #2]
10006034:	7932      	ldrb	r2, [r6, #4]
10006036:	7173      	strb	r3, [r6, #5]
10006038:	88a3      	ldrh	r3, [r4, #4]
1000603a:	490b      	ldr	r1, [pc, #44]	@ (10006068 <vendord_open+0xf0>)
1000603c:	f3c3 030a 	ubfx	r3, r3, #0, #11
10006040:	f5a3 7300 	sub.w	r3, r3, #512	@ 0x200
10006044:	fab3 f383 	clz	r3, r3
10006048:	095b      	lsrs	r3, r3, #5
1000604a:	f363 0241 	bfi	r2, r3, #1, #1
1000604e:	2000      	movs	r0, #0
10006050:	7132      	strb	r2, [r6, #4]
10006052:	f000 f985 	bl	10006360 <tu_edpt_stream_write_xfer>
10006056:	e7d2      	b.n	10005ffe <vendord_open+0x86>
10006058:	20001b24 	.word	0x20001b24
1000605c:	20001c54 	.word	0x20001c54
10006060:	20001c4c 	.word	0x20001c4c
10006064:	20001b30 	.word	0x20001b30
10006068:	20001b28 	.word	0x20001b28

1000606c <vendord_xfer_cb>:
1000606c:	b570      	push	{r4, r5, r6, lr}
1000606e:	4c1b      	ldr	r4, [pc, #108]	@ (100060dc <vendord_xfer_cb+0x70>)
10006070:	4606      	mov	r6, r0
10006072:	f894 c129 	ldrb.w	ip, [r4, #297]	@ 0x129
10006076:	461d      	mov	r5, r3
10006078:	458c      	cmp	ip, r1
1000607a:	d011      	beq.n	100060a0 <vendord_xfer_cb+0x34>
1000607c:	7963      	ldrb	r3, [r4, #5]
1000607e:	428b      	cmp	r3, r1
10006080:	d001      	beq.n	10006086 <vendord_xfer_cb+0x1a>
10006082:	2000      	movs	r0, #0
10006084:	bd70      	pop	{r4, r5, r6, pc}
10006086:	4b16      	ldr	r3, [pc, #88]	@ (100060e0 <vendord_xfer_cb+0x74>)
10006088:	b11b      	cbz	r3, 10006092 <vendord_xfer_cb+0x26>
1000608a:	2000      	movs	r0, #0
1000608c:	b2a9      	uxth	r1, r5
1000608e:	f3af 8000 	nop.w
10006092:	4630      	mov	r0, r6
10006094:	4913      	ldr	r1, [pc, #76]	@ (100060e4 <vendord_xfer_cb+0x78>)
10006096:	f000 f963 	bl	10006360 <tu_edpt_stream_write_xfer>
1000609a:	b1c8      	cbz	r0, 100060d0 <vendord_xfer_cb+0x64>
1000609c:	2001      	movs	r0, #1
1000609e:	bd70      	pop	{r4, r5, r6, pc}
100060a0:	f8b4 3134 	ldrh.w	r3, [r4, #308]	@ 0x134
100060a4:	b963      	cbnz	r3, 100060c0 <vendord_xfer_cb+0x54>
100060a6:	4b10      	ldr	r3, [pc, #64]	@ (100060e8 <vendord_xfer_cb+0x7c>)
100060a8:	b123      	cbz	r3, 100060b4 <vendord_xfer_cb+0x48>
100060aa:	2000      	movs	r0, #0
100060ac:	490f      	ldr	r1, [pc, #60]	@ (100060ec <vendord_xfer_cb+0x80>)
100060ae:	b2aa      	uxth	r2, r5
100060b0:	f3af 8000 	nop.w
100060b4:	4630      	mov	r0, r6
100060b6:	490e      	ldr	r1, [pc, #56]	@ (100060f0 <vendord_xfer_cb+0x84>)
100060b8:	f000 f98a 	bl	100063d0 <tu_edpt_stream_read_xfer>
100060bc:	2001      	movs	r0, #1
100060be:	e7ee      	b.n	1000609e <vendord_xfer_cb+0x32>
100060c0:	f8d4 112c 	ldr.w	r1, [r4, #300]	@ 0x12c
100060c4:	b2aa      	uxth	r2, r5
100060c6:	f504 7098 	add.w	r0, r4, #304	@ 0x130
100060ca:	f000 fb49 	bl	10006760 <tu_fifo_write_n>
100060ce:	e7ea      	b.n	100060a6 <vendord_xfer_cb+0x3a>
100060d0:	462a      	mov	r2, r5
100060d2:	4630      	mov	r0, r6
100060d4:	4903      	ldr	r1, [pc, #12]	@ (100060e4 <vendord_xfer_cb+0x78>)
100060d6:	f000 f90f 	bl	100062f8 <tu_edpt_stream_write_zlp_if_needed>
100060da:	e7df      	b.n	1000609c <vendord_xfer_cb+0x30>
100060dc:	20001b24 	.word	0x20001b24
100060e0:	00000000 	.word	0x00000000
100060e4:	20001b28 	.word	0x20001b28
100060e8:	00000000 	.word	0x00000000
100060ec:	20001aa4 	.word	0x20001aa4
100060f0:	20001c4c 	.word	0x20001c4c

100060f4 <tusb_rhport_init>:
100060f4:	b510      	push	{r4, lr}
100060f6:	b082      	sub	sp, #8
100060f8:	b1c9      	cbz	r1, 1000612e <tusb_rhport_init+0x3a>
100060fa:	2801      	cmp	r0, #1
100060fc:	d80c      	bhi.n	10006118 <tusb_rhport_init+0x24>
100060fe:	780b      	ldrb	r3, [r1, #0]
10006100:	b153      	cbz	r3, 10006118 <tusb_rhport_init+0x24>
10006102:	4c14      	ldr	r4, [pc, #80]	@ (10006154 <tusb_rhport_init+0x60>)
10006104:	2b01      	cmp	r3, #1
10006106:	5423      	strb	r3, [r4, r0]
10006108:	d002      	beq.n	10006110 <tusb_rhport_init+0x1c>
1000610a:	2001      	movs	r0, #1
1000610c:	b002      	add	sp, #8
1000610e:	bd10      	pop	{r4, pc}
10006110:	f7fe fe08 	bl	10004d24 <tud_rhport_init>
10006114:	2800      	cmp	r0, #0
10006116:	d1f8      	bne.n	1000610a <tusb_rhport_init+0x16>
10006118:	f04f 23e0 	mov.w	r3, #3758153728	@ 0xe000e000
1000611c:	f8d3 3df0 	ldr.w	r3, [r3, #3568]	@ 0xdf0
10006120:	07db      	lsls	r3, r3, #31
10006122:	d402      	bmi.n	1000612a <tusb_rhport_init+0x36>
10006124:	2000      	movs	r0, #0
10006126:	b002      	add	sp, #8
10006128:	bd10      	pop	{r4, pc}
1000612a:	be00      	bkpt	0x0000
1000612c:	e7fa      	b.n	10006124 <tusb_rhport_init+0x30>
1000612e:	2401      	movs	r4, #1
10006130:	4608      	mov	r0, r1
10006132:	a901      	add	r1, sp, #4
10006134:	f8ad 4004 	strh.w	r4, [sp, #4]
10006138:	f7fe fdf4 	bl	10004d24 <tud_rhport_init>
1000613c:	b938      	cbnz	r0, 1000614e <tusb_rhport_init+0x5a>
1000613e:	f04f 23e0 	mov.w	r3, #3758153728	@ 0xe000e000
10006142:	f8d3 3df0 	ldr.w	r3, [r3, #3568]	@ 0xdf0
10006146:	07da      	lsls	r2, r3, #31
10006148:	d5ed      	bpl.n	10006126 <tusb_rhport_init+0x32>
1000614a:	be00      	bkpt	0x0000
1000614c:	e7eb      	b.n	10006126 <tusb_rhport_init+0x32>
1000614e:	4b01      	ldr	r3, [pc, #4]	@ (10006154 <tusb_rhport_init+0x60>)
10006150:	701c      	strb	r4, [r3, #0]
10006152:	e7e8      	b.n	10006126 <tusb_rhport_init+0x32>
10006154:	2000197c 	.word	0x2000197c

10006158 <tu_edpt_claim>:
10006158:	b5f8      	push	{r3, r4, r5, r6, r7, lr}
1000615a:	7803      	ldrb	r3, [r0, #0]
1000615c:	f013 0401 	ands.w	r4, r3, #1
10006160:	d11a      	bne.n	10006198 <tu_edpt_claim+0x40>
10006162:	7803      	ldrb	r3, [r0, #0]
10006164:	4605      	mov	r5, r0
10006166:	075a      	lsls	r2, r3, #29
10006168:	f3c3 0780 	ubfx	r7, r3, #2, #1
1000616c:	d501      	bpl.n	10006172 <tu_edpt_claim+0x1a>
1000616e:	4620      	mov	r0, r4
10006170:	bdf8      	pop	{r3, r4, r5, r6, r7, pc}
10006172:	460e      	mov	r6, r1
10006174:	f04f 31ff 	mov.w	r1, #4294967295	@ 0xffffffff
10006178:	4630      	mov	r0, r6
1000617a:	f000 fd4d 	bl	10006c18 <__mutex_enter_timeout_ms_veneer>
1000617e:	782b      	ldrb	r3, [r5, #0]
10006180:	f013 0401 	ands.w	r4, r3, #1
10006184:	d10b      	bne.n	1000619e <tu_edpt_claim+0x46>
10006186:	782b      	ldrb	r3, [r5, #0]
10006188:	075b      	lsls	r3, r3, #29
1000618a:	d409      	bmi.n	100061a0 <tu_edpt_claim+0x48>
1000618c:	782b      	ldrb	r3, [r5, #0]
1000618e:	2401      	movs	r4, #1
10006190:	f043 0304 	orr.w	r3, r3, #4
10006194:	702b      	strb	r3, [r5, #0]
10006196:	e003      	b.n	100061a0 <tu_edpt_claim+0x48>
10006198:	2400      	movs	r4, #0
1000619a:	4620      	mov	r0, r4
1000619c:	bdf8      	pop	{r3, r4, r5, r6, r7, pc}
1000619e:	463c      	mov	r4, r7
100061a0:	4630      	mov	r0, r6
100061a2:	f000 fd4d 	bl	10006c40 <__mutex_exit_veneer>
100061a6:	4620      	mov	r0, r4
100061a8:	bdf8      	pop	{r3, r4, r5, r6, r7, pc}
100061aa:	bf00      	nop

100061ac <tu_edpt_release>:
100061ac:	b570      	push	{r4, r5, r6, lr}
100061ae:	460c      	mov	r4, r1
100061b0:	4605      	mov	r5, r0
100061b2:	f04f 31ff 	mov.w	r1, #4294967295	@ 0xffffffff
100061b6:	4620      	mov	r0, r4
100061b8:	f000 fd2e 	bl	10006c18 <__mutex_enter_timeout_ms_veneer>
100061bc:	782b      	ldrb	r3, [r5, #0]
100061be:	f3c3 0680 	ubfx	r6, r3, #2, #1
100061c2:	075b      	lsls	r3, r3, #29
100061c4:	d508      	bpl.n	100061d8 <tu_edpt_release+0x2c>
100061c6:	782b      	ldrb	r3, [r5, #0]
100061c8:	f013 0301 	ands.w	r3, r3, #1
100061cc:	bf11      	iteee	ne
100061ce:	2600      	movne	r6, #0
100061d0:	782a      	ldrbeq	r2, [r5, #0]
100061d2:	f363 0282 	bfieq	r2, r3, #2, #1
100061d6:	702a      	strbeq	r2, [r5, #0]
100061d8:	4620      	mov	r0, r4
100061da:	f000 fd31 	bl	10006c40 <__mutex_exit_veneer>
100061de:	4630      	mov	r0, r6
100061e0:	bd70      	pop	{r4, r5, r6, pc}
100061e2:	bf00      	nop

100061e4 <tu_edpt_validate>:
100061e4:	78c3      	ldrb	r3, [r0, #3]
100061e6:	8882      	ldrh	r2, [r0, #4]
100061e8:	f003 0003 	and.w	r0, r3, #3
100061ec:	2802      	cmp	r0, #2
100061ee:	f3c2 020a 	ubfx	r2, r2, #0, #11
100061f2:	d015      	beq.n	10006220 <tu_edpt_validate+0x3c>
100061f4:	2803      	cmp	r0, #3
100061f6:	d00a      	beq.n	1000620e <tu_edpt_validate+0x2a>
100061f8:	2801      	cmp	r0, #1
100061fa:	d11c      	bne.n	10006236 <tu_edpt_validate+0x52>
100061fc:	2902      	cmp	r1, #2
100061fe:	f240 33ff 	movw	r3, #1023	@ 0x3ff
10006202:	bf08      	it	eq
10006204:	f44f 6380 	moveq.w	r3, #1024	@ 0x400
10006208:	4293      	cmp	r3, r2
1000620a:	d30d      	bcc.n	10006228 <tu_edpt_validate+0x44>
1000620c:	4770      	bx	lr
1000620e:	2902      	cmp	r1, #2
10006210:	bf14      	ite	ne
10006212:	2340      	movne	r3, #64	@ 0x40
10006214:	f44f 6380 	moveq.w	r3, #1024	@ 0x400
10006218:	4293      	cmp	r3, r2
1000621a:	d305      	bcc.n	10006228 <tu_edpt_validate+0x44>
1000621c:	2001      	movs	r0, #1
1000621e:	4770      	bx	lr
10006220:	2902      	cmp	r1, #2
10006222:	d00a      	beq.n	1000623a <tu_edpt_validate+0x56>
10006224:	2a40      	cmp	r2, #64	@ 0x40
10006226:	d9f9      	bls.n	1000621c <tu_edpt_validate+0x38>
10006228:	f04f 23e0 	mov.w	r3, #3758153728	@ 0xe000e000
1000622c:	f8d3 3df0 	ldr.w	r3, [r3, #3568]	@ 0xdf0
10006230:	07db      	lsls	r3, r3, #31
10006232:	d500      	bpl.n	10006236 <tu_edpt_validate+0x52>
10006234:	be00      	bkpt	0x0000
10006236:	2000      	movs	r0, #0
10006238:	4770      	bx	lr
1000623a:	f5b2 7f00 	cmp.w	r2, #512	@ 0x200
1000623e:	d0ed      	beq.n	1000621c <tu_edpt_validate+0x38>
10006240:	e7f2      	b.n	10006228 <tu_edpt_validate+0x44>
10006242:	bf00      	nop

10006244 <tu_edpt_bind_driver>:
10006244:	440a      	add	r2, r1
10006246:	4291      	cmp	r1, r2
10006248:	d226      	bcs.n	10006298 <tu_edpt_bind_driver+0x54>
1000624a:	f891 c001 	ldrb.w	ip, [r1, #1]
1000624e:	f1bc 0f05 	cmp.w	ip, #5
10006252:	d005      	beq.n	10006260 <tu_edpt_bind_driver+0x1c>
10006254:	f891 c000 	ldrb.w	ip, [r1]
10006258:	4461      	add	r1, ip
1000625a:	428a      	cmp	r2, r1
1000625c:	d8f5      	bhi.n	1000624a <tu_edpt_bind_driver+0x6>
1000625e:	4770      	bx	lr
10006260:	b500      	push	{lr}
10006262:	f891 c002 	ldrb.w	ip, [r1, #2]
10006266:	f00c 0e7f 	and.w	lr, ip, #127	@ 0x7f
1000626a:	eb00 0e4e 	add.w	lr, r0, lr, lsl #1
1000626e:	ea4f 1cdc 	mov.w	ip, ip, lsr #7
10006272:	f80e 300c 	strb.w	r3, [lr, ip]
10006276:	f891 c000 	ldrb.w	ip, [r1]
1000627a:	4461      	add	r1, ip
1000627c:	428a      	cmp	r2, r1
1000627e:	d909      	bls.n	10006294 <tu_edpt_bind_driver+0x50>
10006280:	f891 c001 	ldrb.w	ip, [r1, #1]
10006284:	f1bc 0f05 	cmp.w	ip, #5
10006288:	d0eb      	beq.n	10006262 <tu_edpt_bind_driver+0x1e>
1000628a:	f891 c000 	ldrb.w	ip, [r1]
1000628e:	4461      	add	r1, ip
10006290:	428a      	cmp	r2, r1
10006292:	d8f5      	bhi.n	10006280 <tu_edpt_bind_driver+0x3c>
10006294:	f85d fb04 	ldr.w	pc, [sp], #4
10006298:	4770      	bx	lr
1000629a:	bf00      	nop

1000629c <tu_edpt_stream_init>:
1000629c:	e92d 41f0 	stmdb	sp!, {r4, r5, r6, r7, r8, lr}
100062a0:	468e      	mov	lr, r1
100062a2:	b082      	sub	sp, #8
100062a4:	9300      	str	r3, [sp, #0]
100062a6:	f890 c000 	ldrb.w	ip, [r0]
100062aa:	9e08      	ldr	r6, [sp, #32]
100062ac:	f8bd 7024 	ldrh.w	r7, [sp, #36]	@ 0x24
100062b0:	f36e 0c00 	bfi	ip, lr, #0, #1
100062b4:	4604      	mov	r4, r0
100062b6:	4615      	mov	r5, r2
100062b8:	2301      	movs	r3, #1
100062ba:	4631      	mov	r1, r6
100062bc:	463a      	mov	r2, r7
100062be:	f800 cb08 	strb.w	ip, [r0], #8
100062c2:	f8bd 802c 	ldrh.w	r8, [sp, #44]	@ 0x2c
100062c6:	f000 f8e7 	bl	10006498 <tu_fifo_config>
100062ca:	b106      	cbz	r6, 100062ce <tu_edpt_stream_init+0x32>
100062cc:	b93f      	cbnz	r7, 100062de <tu_edpt_stream_init+0x42>
100062ce:	2001      	movs	r0, #1
100062d0:	9b0a      	ldr	r3, [sp, #40]	@ 0x28
100062d2:	f8a4 8002 	strh.w	r8, [r4, #2]
100062d6:	6063      	str	r3, [r4, #4]
100062d8:	b002      	add	sp, #8
100062da:	e8bd 81f0 	ldmia.w	sp!, {r4, r5, r6, r7, r8, pc}
100062de:	f104 061c 	add.w	r6, r4, #28
100062e2:	4630      	mov	r0, r6
100062e4:	f7fa fc74 	bl	10000bd0 <mutex_init>
100062e8:	b10d      	cbz	r5, 100062ee <tu_edpt_stream_init+0x52>
100062ea:	4635      	mov	r5, r6
100062ec:	2600      	movs	r6, #0
100062ee:	e9c4 5605 	strd	r5, r6, [r4, #20]
100062f2:	e7ec      	b.n	100062ce <tu_edpt_stream_init+0x32>

100062f4 <tu_edpt_stream_deinit>:
100062f4:	2001      	movs	r0, #1
100062f6:	4770      	bx	lr

100062f8 <tu_edpt_stream_write_zlp_if_needed>:
100062f8:	b5f8      	push	{r3, r4, r5, r6, r7, lr}
100062fa:	4607      	mov	r7, r0
100062fc:	4608      	mov	r0, r1
100062fe:	f240 13ff 	movw	r3, #511	@ 0x1ff
10006302:	4615      	mov	r5, r2
10006304:	f810 2b08 	ldrb.w	r2, [r0], #8
10006308:	460c      	mov	r4, r1
1000630a:	f012 0f02 	tst.w	r2, #2
1000630e:	bf0c      	ite	eq
10006310:	263f      	moveq	r6, #63	@ 0x3f
10006312:	461e      	movne	r6, r3
10006314:	f000 f8f0 	bl	100064f8 <tu_fifo_count>
10006318:	b928      	cbnz	r0, 10006326 <tu_edpt_stream_write_zlp_if_needed+0x2e>
1000631a:	b125      	cbz	r5, 10006326 <tu_edpt_stream_write_zlp_if_needed+0x2e>
1000631c:	422e      	tst	r6, r5
1000631e:	d102      	bne.n	10006326 <tu_edpt_stream_write_zlp_if_needed+0x2e>
10006320:	7823      	ldrb	r3, [r4, #0]
10006322:	07da      	lsls	r2, r3, #31
10006324:	d501      	bpl.n	1000632a <tu_edpt_stream_write_zlp_if_needed+0x32>
10006326:	2000      	movs	r0, #0
10006328:	bdf8      	pop	{r3, r4, r5, r6, r7, pc}
1000632a:	4638      	mov	r0, r7
1000632c:	7861      	ldrb	r1, [r4, #1]
1000632e:	f7ff f9a5 	bl	1000567c <usbd_edpt_claim>
10006332:	2800      	cmp	r0, #0
10006334:	d0f7      	beq.n	10006326 <tu_edpt_stream_write_zlp_if_needed+0x2e>
10006336:	7823      	ldrb	r3, [r4, #0]
10006338:	f013 0301 	ands.w	r3, r3, #1
1000633c:	d007      	beq.n	1000634e <tu_edpt_stream_write_zlp_if_needed+0x56>
1000633e:	f04f 23e0 	mov.w	r3, #3758153728	@ 0xe000e000
10006342:	f8d3 3df0 	ldr.w	r3, [r3, #3568]	@ 0xdf0
10006346:	07db      	lsls	r3, r3, #31
10006348:	d5ed      	bpl.n	10006326 <tu_edpt_stream_write_zlp_if_needed+0x2e>
1000634a:	be00      	bkpt	0x0000
1000634c:	e7eb      	b.n	10006326 <tu_edpt_stream_write_zlp_if_needed+0x2e>
1000634e:	461a      	mov	r2, r3
10006350:	4638      	mov	r0, r7
10006352:	7861      	ldrb	r1, [r4, #1]
10006354:	f7ff f9b6 	bl	100056c4 <usbd_edpt_xfer>
10006358:	2800      	cmp	r0, #0
1000635a:	d0f0      	beq.n	1000633e <tu_edpt_stream_write_zlp_if_needed+0x46>
1000635c:	bdf8      	pop	{r3, r4, r5, r6, r7, pc}
1000635e:	bf00      	nop

10006360 <tu_edpt_stream_write_xfer>:
10006360:	b570      	push	{r4, r5, r6, lr}
10006362:	f101 0508 	add.w	r5, r1, #8
10006366:	4606      	mov	r6, r0
10006368:	4628      	mov	r0, r5
1000636a:	460c      	mov	r4, r1
1000636c:	f000 f8c4 	bl	100064f8 <tu_fifo_count>
10006370:	b110      	cbz	r0, 10006378 <tu_edpt_stream_write_xfer+0x18>
10006372:	7823      	ldrb	r3, [r4, #0]
10006374:	07da      	lsls	r2, r3, #31
10006376:	d501      	bpl.n	1000637c <tu_edpt_stream_write_xfer+0x1c>
10006378:	2000      	movs	r0, #0
1000637a:	bd70      	pop	{r4, r5, r6, pc}
1000637c:	4630      	mov	r0, r6
1000637e:	7861      	ldrb	r1, [r4, #1]
10006380:	f7ff f97c 	bl	1000567c <usbd_edpt_claim>
10006384:	2800      	cmp	r0, #0
10006386:	d0f7      	beq.n	10006378 <tu_edpt_stream_write_xfer+0x18>
10006388:	4628      	mov	r0, r5
1000638a:	8862      	ldrh	r2, [r4, #2]
1000638c:	6861      	ldr	r1, [r4, #4]
1000638e:	f000 f929 	bl	100065e4 <tu_fifo_read_n>
10006392:	7823      	ldrb	r3, [r4, #0]
10006394:	4605      	mov	r5, r0
10006396:	f003 0301 	and.w	r3, r3, #1
1000639a:	b140      	cbz	r0, 100063ae <tu_edpt_stream_write_xfer+0x4e>
1000639c:	b173      	cbz	r3, 100063bc <tu_edpt_stream_write_xfer+0x5c>
1000639e:	f04f 23e0 	mov.w	r3, #3758153728	@ 0xe000e000
100063a2:	f8d3 3df0 	ldr.w	r3, [r3, #3568]	@ 0xdf0
100063a6:	07db      	lsls	r3, r3, #31
100063a8:	d5e6      	bpl.n	10006378 <tu_edpt_stream_write_xfer+0x18>
100063aa:	be00      	bkpt	0x0000
100063ac:	e7e4      	b.n	10006378 <tu_edpt_stream_write_xfer+0x18>
100063ae:	2b00      	cmp	r3, #0
100063b0:	d1e2      	bne.n	10006378 <tu_edpt_stream_write_xfer+0x18>
100063b2:	4630      	mov	r0, r6
100063b4:	7861      	ldrb	r1, [r4, #1]
100063b6:	f7ff f973 	bl	100056a0 <usbd_edpt_release>
100063ba:	e7dd      	b.n	10006378 <tu_edpt_stream_write_xfer+0x18>
100063bc:	4603      	mov	r3, r0
100063be:	6862      	ldr	r2, [r4, #4]
100063c0:	4630      	mov	r0, r6
100063c2:	7861      	ldrb	r1, [r4, #1]
100063c4:	f7ff f97e 	bl	100056c4 <usbd_edpt_xfer>
100063c8:	2800      	cmp	r0, #0
100063ca:	d0e8      	beq.n	1000639e <tu_edpt_stream_write_xfer+0x3e>
100063cc:	4628      	mov	r0, r5
100063ce:	bd70      	pop	{r4, r5, r6, pc}

100063d0 <tu_edpt_stream_read_xfer>:
100063d0:	898a      	ldrh	r2, [r1, #12]
100063d2:	e92d 41f0 	stmdb	sp!, {r4, r5, r6, r7, r8, lr}
100063d6:	780b      	ldrb	r3, [r1, #0]
100063d8:	460c      	mov	r4, r1
100063da:	4606      	mov	r6, r0
100063dc:	b922      	cbnz	r2, 100063e8 <tu_edpt_stream_read_xfer+0x18>
100063de:	07dd      	lsls	r5, r3, #31
100063e0:	d534      	bpl.n	1000644c <tu_edpt_stream_read_xfer+0x7c>
100063e2:	2000      	movs	r0, #0
100063e4:	e8bd 81f0 	ldmia.w	sp!, {r4, r5, r6, r7, r8, pc}
100063e8:	f104 0708 	add.w	r7, r4, #8
100063ec:	0799      	lsls	r1, r3, #30
100063ee:	4638      	mov	r0, r7
100063f0:	bf47      	ittee	mi
100063f2:	f44f 487e 	movmi.w	r8, #65024	@ 0xfe00
100063f6:	f44f 7500 	movmi.w	r5, #512	@ 0x200
100063fa:	f64f 78c0 	movwpl	r8, #65472	@ 0xffc0
100063fe:	2540      	movpl	r5, #64	@ 0x40
10006400:	f000 f894 	bl	1000652c <tu_fifo_remaining>
10006404:	4285      	cmp	r5, r0
10006406:	d8ec      	bhi.n	100063e2 <tu_edpt_stream_read_xfer+0x12>
10006408:	7823      	ldrb	r3, [r4, #0]
1000640a:	07da      	lsls	r2, r3, #31
1000640c:	d4e9      	bmi.n	100063e2 <tu_edpt_stream_read_xfer+0x12>
1000640e:	4630      	mov	r0, r6
10006410:	7861      	ldrb	r1, [r4, #1]
10006412:	f7ff f933 	bl	1000567c <usbd_edpt_claim>
10006416:	2800      	cmp	r0, #0
10006418:	d0e3      	beq.n	100063e2 <tu_edpt_stream_read_xfer+0x12>
1000641a:	4638      	mov	r0, r7
1000641c:	f000 f886 	bl	1000652c <tu_fifo_remaining>
10006420:	7823      	ldrb	r3, [r4, #0]
10006422:	4285      	cmp	r5, r0
10006424:	f003 0301 	and.w	r3, r3, #1
10006428:	d82d      	bhi.n	10006486 <tu_edpt_stream_read_xfer+0xb6>
1000642a:	b9bb      	cbnz	r3, 1000645c <tu_edpt_stream_read_xfer+0x8c>
1000642c:	8865      	ldrh	r5, [r4, #2]
1000642e:	ea08 0800 	and.w	r8, r8, r0
10006432:	4545      	cmp	r5, r8
10006434:	bf28      	it	cs
10006436:	4645      	movcs	r5, r8
10006438:	7861      	ldrb	r1, [r4, #1]
1000643a:	b35d      	cbz	r5, 10006494 <tu_edpt_stream_read_xfer+0xc4>
1000643c:	6862      	ldr	r2, [r4, #4]
1000643e:	462b      	mov	r3, r5
10006440:	4630      	mov	r0, r6
10006442:	f7ff f93f 	bl	100056c4 <usbd_edpt_xfer>
10006446:	b148      	cbz	r0, 1000645c <tu_edpt_stream_read_xfer+0x8c>
10006448:	4628      	mov	r0, r5
1000644a:	e7cb      	b.n	100063e4 <tu_edpt_stream_read_xfer+0x14>
1000644c:	7849      	ldrb	r1, [r1, #1]
1000644e:	f7ff f915 	bl	1000567c <usbd_edpt_claim>
10006452:	2800      	cmp	r0, #0
10006454:	d0c5      	beq.n	100063e2 <tu_edpt_stream_read_xfer+0x12>
10006456:	7823      	ldrb	r3, [r4, #0]
10006458:	07d8      	lsls	r0, r3, #31
1000645a:	d507      	bpl.n	1000646c <tu_edpt_stream_read_xfer+0x9c>
1000645c:	f04f 23e0 	mov.w	r3, #3758153728	@ 0xe000e000
10006460:	f8d3 3df0 	ldr.w	r3, [r3, #3568]	@ 0xdf0
10006464:	07db      	lsls	r3, r3, #31
10006466:	d5bc      	bpl.n	100063e2 <tu_edpt_stream_read_xfer+0x12>
10006468:	be00      	bkpt	0x0000
1000646a:	e7ba      	b.n	100063e2 <tu_edpt_stream_read_xfer+0x12>
1000646c:	8863      	ldrh	r3, [r4, #2]
1000646e:	7861      	ldrb	r1, [r4, #1]
10006470:	b13b      	cbz	r3, 10006482 <tu_edpt_stream_read_xfer+0xb2>
10006472:	6862      	ldr	r2, [r4, #4]
10006474:	4630      	mov	r0, r6
10006476:	f7ff f925 	bl	100056c4 <usbd_edpt_xfer>
1000647a:	2800      	cmp	r0, #0
1000647c:	d0ee      	beq.n	1000645c <tu_edpt_stream_read_xfer+0x8c>
1000647e:	8860      	ldrh	r0, [r4, #2]
10006480:	e7b0      	b.n	100063e4 <tu_edpt_stream_read_xfer+0x14>
10006482:	461a      	mov	r2, r3
10006484:	e7f6      	b.n	10006474 <tu_edpt_stream_read_xfer+0xa4>
10006486:	2b00      	cmp	r3, #0
10006488:	d1ab      	bne.n	100063e2 <tu_edpt_stream_read_xfer+0x12>
1000648a:	4630      	mov	r0, r6
1000648c:	7861      	ldrb	r1, [r4, #1]
1000648e:	f7ff f907 	bl	100056a0 <usbd_edpt_release>
10006492:	e7a6      	b.n	100063e2 <tu_edpt_stream_read_xfer+0x12>
10006494:	462a      	mov	r2, r5
10006496:	e7d2      	b.n	1000643e <tu_edpt_stream_read_xfer+0x6e>

10006498 <tu_fifo_config>:
10006498:	e92d 41f0 	stmdb	sp!, {r4, r5, r6, r7, r8, lr}
1000649c:	f5b2 4f00 	cmp.w	r2, #32768	@ 0x8000
100064a0:	f89d 8018 	ldrb.w	r8, [sp, #24]
100064a4:	d824      	bhi.n	100064f0 <tu_fifo_config+0x58>
100064a6:	4604      	mov	r4, r0
100064a8:	68c0      	ldr	r0, [r0, #12]
100064aa:	4617      	mov	r7, r2
100064ac:	460e      	mov	r6, r1
100064ae:	461d      	mov	r5, r3
100064b0:	b118      	cbz	r0, 100064ba <tu_fifo_config+0x22>
100064b2:	f04f 31ff 	mov.w	r1, #4294967295	@ 0xffffffff
100064b6:	f000 fbaf 	bl	10006c18 <__mutex_enter_timeout_ms_veneer>
100064ba:	6920      	ldr	r0, [r4, #16]
100064bc:	b118      	cbz	r0, 100064c6 <tu_fifo_config+0x2e>
100064be:	f04f 31ff 	mov.w	r1, #4294967295	@ 0xffffffff
100064c2:	f000 fba9 	bl	10006c18 <__mutex_enter_timeout_ms_veneer>
100064c6:	2200      	movs	r2, #0
100064c8:	f3c5 030e 	ubfx	r3, r5, #0, #15
100064cc:	68e0      	ldr	r0, [r4, #12]
100064ce:	ea43 33c8 	orr.w	r3, r3, r8, lsl #15
100064d2:	8162      	strh	r2, [r4, #10]
100064d4:	6026      	str	r6, [r4, #0]
100064d6:	80a7      	strh	r7, [r4, #4]
100064d8:	80e3      	strh	r3, [r4, #6]
100064da:	8122      	strh	r2, [r4, #8]
100064dc:	b108      	cbz	r0, 100064e2 <tu_fifo_config+0x4a>
100064de:	f000 fbaf 	bl	10006c40 <__mutex_exit_veneer>
100064e2:	6920      	ldr	r0, [r4, #16]
100064e4:	b108      	cbz	r0, 100064ea <tu_fifo_config+0x52>
100064e6:	f000 fbab 	bl	10006c40 <__mutex_exit_veneer>
100064ea:	2001      	movs	r0, #1
100064ec:	e8bd 81f0 	ldmia.w	sp!, {r4, r5, r6, r7, r8, pc}
100064f0:	2000      	movs	r0, #0
100064f2:	e8bd 81f0 	ldmia.w	sp!, {r4, r5, r6, r7, r8, pc}
100064f6:	bf00      	nop

100064f8 <tu_fifo_count>:
100064f8:	8903      	ldrh	r3, [r0, #8]
100064fa:	8942      	ldrh	r2, [r0, #10]
100064fc:	b29b      	uxth	r3, r3
100064fe:	b292      	uxth	r2, r2
10006500:	8880      	ldrh	r0, [r0, #4]
10006502:	4293      	cmp	r3, r2
10006504:	bf36      	itet	cc
10006506:	ebc2 0240 	rsbcc	r2, r2, r0, lsl #1
1000650a:	1a9b      	subcs	r3, r3, r2
1000650c:	189b      	addcc	r3, r3, r2
1000650e:	b29b      	uxth	r3, r3
10006510:	4298      	cmp	r0, r3
10006512:	bf28      	it	cs
10006514:	4618      	movcs	r0, r3
10006516:	4770      	bx	lr

10006518 <tu_fifo_empty>:
10006518:	8902      	ldrh	r2, [r0, #8]
1000651a:	8943      	ldrh	r3, [r0, #10]
1000651c:	b290      	uxth	r0, r2
1000651e:	b29b      	uxth	r3, r3
10006520:	1ac0      	subs	r0, r0, r3
10006522:	fab0 f080 	clz	r0, r0
10006526:	0940      	lsrs	r0, r0, #5
10006528:	4770      	bx	lr
1000652a:	bf00      	nop

1000652c <tu_fifo_remaining>:
1000652c:	8903      	ldrh	r3, [r0, #8]
1000652e:	8942      	ldrh	r2, [r0, #10]
10006530:	b29b      	uxth	r3, r3
10006532:	8880      	ldrh	r0, [r0, #4]
10006534:	b292      	uxth	r2, r2
10006536:	4293      	cmp	r3, r2
10006538:	bf36      	itet	cc
1000653a:	ebc2 0240 	rsbcc	r2, r2, r0, lsl #1
1000653e:	1a9b      	subcs	r3, r3, r2
10006540:	189b      	addcc	r3, r3, r2
10006542:	b29b      	uxth	r3, r3
10006544:	4298      	cmp	r0, r3
10006546:	bf86      	itte	hi
10006548:	1ac0      	subhi	r0, r0, r3
1000654a:	b280      	uxthhi	r0, r0
1000654c:	2000      	movls	r0, #0
1000654e:	4770      	bx	lr

10006550 <tu_fifo_read>:
10006550:	b538      	push	{r3, r4, r5, lr}
10006552:	4604      	mov	r4, r0
10006554:	6900      	ldr	r0, [r0, #16]
10006556:	460d      	mov	r5, r1
10006558:	b118      	cbz	r0, 10006562 <tu_fifo_read+0x12>
1000655a:	f04f 31ff 	mov.w	r1, #4294967295	@ 0xffffffff
1000655e:	f000 fb5b 	bl	10006c18 <__mutex_enter_timeout_ms_veneer>
10006562:	8921      	ldrh	r1, [r4, #8]
10006564:	8963      	ldrh	r3, [r4, #10]
10006566:	b289      	uxth	r1, r1
10006568:	b29b      	uxth	r3, r3
1000656a:	88a2      	ldrh	r2, [r4, #4]
1000656c:	4299      	cmp	r1, r3
1000656e:	bf36      	itet	cc
10006570:	ebc3 0042 	rsbcc	r0, r3, r2, lsl #1
10006574:	1ac8      	subcs	r0, r1, r3
10006576:	1840      	addcc	r0, r0, r1
10006578:	b280      	uxth	r0, r0
1000657a:	b350      	cbz	r0, 100065d2 <tu_fifo_read+0x82>
1000657c:	4282      	cmp	r2, r0
1000657e:	d209      	bcs.n	10006594 <tu_fifo_read+0x44>
10006580:	4291      	cmp	r1, r2
10006582:	bf2c      	ite	cs
10006584:	1a89      	subcs	r1, r1, r2
10006586:	1889      	addcc	r1, r1, r2
10006588:	b28b      	uxth	r3, r1
1000658a:	429a      	cmp	r2, r3
1000658c:	8163      	strh	r3, [r4, #10]
1000658e:	d803      	bhi.n	10006598 <tu_fifo_read+0x48>
10006590:	1a9b      	subs	r3, r3, r2
10006592:	b29b      	uxth	r3, r3
10006594:	429a      	cmp	r2, r3
10006596:	d9fb      	bls.n	10006590 <tu_fifo_read+0x40>
10006598:	88e2      	ldrh	r2, [r4, #6]
1000659a:	6821      	ldr	r1, [r4, #0]
1000659c:	f3c2 020e 	ubfx	r2, r2, #0, #15
100065a0:	fb02 1103 	mla	r1, r2, r3, r1
100065a4:	4628      	mov	r0, r5
100065a6:	f000 fa8b 	bl	10006ac0 <memcpy>
100065aa:	8961      	ldrh	r1, [r4, #10]
100065ac:	2501      	movs	r5, #1
100065ae:	b289      	uxth	r1, r1
100065b0:	1c4b      	adds	r3, r1, #1
100065b2:	b29b      	uxth	r3, r3
100065b4:	4299      	cmp	r1, r3
100065b6:	88a2      	ldrh	r2, [r4, #4]
100065b8:	d90e      	bls.n	100065d8 <tu_fifo_read+0x88>
100065ba:	2300      	movs	r3, #0
100065bc:	fa02 f105 	lsl.w	r1, r2, r5
100065c0:	1a5b      	subs	r3, r3, r1
100065c2:	b29b      	uxth	r3, r3
100065c4:	6920      	ldr	r0, [r4, #16]
100065c6:	8163      	strh	r3, [r4, #10]
100065c8:	b108      	cbz	r0, 100065ce <tu_fifo_read+0x7e>
100065ca:	f000 fb39 	bl	10006c40 <__mutex_exit_veneer>
100065ce:	4628      	mov	r0, r5
100065d0:	bd38      	pop	{r3, r4, r5, pc}
100065d2:	4605      	mov	r5, r0
100065d4:	8963      	ldrh	r3, [r4, #10]
100065d6:	b29b      	uxth	r3, r3
100065d8:	ebb3 0f42 	cmp.w	r3, r2, lsl #1
100065dc:	ea4f 0142 	mov.w	r1, r2, lsl #1
100065e0:	dbf0      	blt.n	100065c4 <tu_fifo_read+0x74>
100065e2:	e7ed      	b.n	100065c0 <tu_fifo_read+0x70>

100065e4 <tu_fifo_read_n>:
100065e4:	e92d 47f0 	stmdb	sp!, {r4, r5, r6, r7, r8, r9, sl, lr}
100065e8:	4606      	mov	r6, r0
100065ea:	6900      	ldr	r0, [r0, #16]
100065ec:	4688      	mov	r8, r1
100065ee:	4691      	mov	r9, r2
100065f0:	b118      	cbz	r0, 100065fa <tu_fifo_read_n+0x16>
100065f2:	f04f 31ff 	mov.w	r1, #4294967295	@ 0xffffffff
100065f6:	f000 fb0f 	bl	10006c18 <__mutex_enter_timeout_ms_veneer>
100065fa:	8933      	ldrh	r3, [r6, #8]
100065fc:	8974      	ldrh	r4, [r6, #10]
100065fe:	b29b      	uxth	r3, r3
10006600:	b2a4      	uxth	r4, r4
10006602:	88b5      	ldrh	r5, [r6, #4]
10006604:	42a3      	cmp	r3, r4
10006606:	bf36      	itet	cc
10006608:	ebc4 0745 	rsbcc	r7, r4, r5, lsl #1
1000660c:	1b1f      	subcs	r7, r3, r4
1000660e:	18ff      	addcc	r7, r7, r3
10006610:	b2bf      	uxth	r7, r7
10006612:	2f00      	cmp	r7, #0
10006614:	d04a      	beq.n	100066ac <tu_fifo_read_n+0xc8>
10006616:	42bd      	cmp	r5, r7
10006618:	d340      	bcc.n	1000669c <tu_fifo_read_n+0xb8>
1000661a:	45b9      	cmp	r9, r7
1000661c:	bf28      	it	cs
1000661e:	46b9      	movcs	r9, r7
10006620:	42a5      	cmp	r5, r4
10006622:	fa1f f789 	uxth.w	r7, r9
10006626:	d803      	bhi.n	10006630 <tu_fifo_read_n+0x4c>
10006628:	1b64      	subs	r4, r4, r5
1000662a:	b2a4      	uxth	r4, r4
1000662c:	42a5      	cmp	r5, r4
1000662e:	d9fb      	bls.n	10006628 <tu_fifo_read_n+0x44>
10006630:	f8b6 a006 	ldrh.w	sl, [r6, #6]
10006634:	1b2b      	subs	r3, r5, r4
10006636:	6831      	ldr	r1, [r6, #0]
10006638:	b29b      	uxth	r3, r3
1000663a:	f3ca 020e 	ubfx	r2, sl, #0, #15
1000663e:	429f      	cmp	r7, r3
10006640:	4692      	mov	sl, r2
10006642:	fb02 1104 	mla	r1, r2, r4, r1
10006646:	d923      	bls.n	10006690 <tu_fifo_read_n+0xac>
10006648:	fb13 f302 	smulbb	r3, r3, r2
1000664c:	fa1f f983 	uxth.w	r9, r3
10006650:	464a      	mov	r2, r9
10006652:	4640      	mov	r0, r8
10006654:	1b7d      	subs	r5, r7, r5
10006656:	f000 fa33 	bl	10006ac0 <memcpy>
1000665a:	1962      	adds	r2, r4, r5
1000665c:	fb12 f20a 	smulbb	r2, r2, sl
10006660:	6831      	ldr	r1, [r6, #0]
10006662:	eb08 0009 	add.w	r0, r8, r9
10006666:	b292      	uxth	r2, r2
10006668:	f000 fa2a 	bl	10006ac0 <memcpy>
1000666c:	8972      	ldrh	r2, [r6, #10]
1000666e:	88b5      	ldrh	r5, [r6, #4]
10006670:	b292      	uxth	r2, r2
10006672:	19d3      	adds	r3, r2, r7
10006674:	b29b      	uxth	r3, r3
10006676:	429a      	cmp	r2, r3
10006678:	d91a      	bls.n	100066b0 <tu_fifo_read_n+0xcc>
1000667a:	006a      	lsls	r2, r5, #1
1000667c:	1a9b      	subs	r3, r3, r2
1000667e:	b29b      	uxth	r3, r3
10006680:	6930      	ldr	r0, [r6, #16]
10006682:	8173      	strh	r3, [r6, #10]
10006684:	b108      	cbz	r0, 1000668a <tu_fifo_read_n+0xa6>
10006686:	f000 fadb 	bl	10006c40 <__mutex_exit_veneer>
1000668a:	4638      	mov	r0, r7
1000668c:	e8bd 87f0 	ldmia.w	sp!, {r4, r5, r6, r7, r8, r9, sl, pc}
10006690:	4640      	mov	r0, r8
10006692:	fb07 f202 	mul.w	r2, r7, r2
10006696:	f000 fa13 	bl	10006ac0 <memcpy>
1000669a:	e7e7      	b.n	1000666c <tu_fifo_read_n+0x88>
1000669c:	42ab      	cmp	r3, r5
1000669e:	bf2c      	ite	cs
100066a0:	1b5b      	subcs	r3, r3, r5
100066a2:	195b      	addcc	r3, r3, r5
100066a4:	b29c      	uxth	r4, r3
100066a6:	462f      	mov	r7, r5
100066a8:	8174      	strh	r4, [r6, #10]
100066aa:	e7b6      	b.n	1000661a <tu_fifo_read_n+0x36>
100066ac:	8973      	ldrh	r3, [r6, #10]
100066ae:	b29b      	uxth	r3, r3
100066b0:	ebb3 0f45 	cmp.w	r3, r5, lsl #1
100066b4:	ea4f 0245 	mov.w	r2, r5, lsl #1
100066b8:	dbe2      	blt.n	10006680 <tu_fifo_read_n+0x9c>
100066ba:	e7df      	b.n	1000667c <tu_fifo_read_n+0x98>

100066bc <tu_fifo_write>:
100066bc:	b5f8      	push	{r3, r4, r5, r6, r7, lr}
100066be:	4604      	mov	r4, r0
100066c0:	68c0      	ldr	r0, [r0, #12]
100066c2:	460e      	mov	r6, r1
100066c4:	b118      	cbz	r0, 100066ce <tu_fifo_write+0x12>
100066c6:	f04f 31ff 	mov.w	r1, #4294967295	@ 0xffffffff
100066ca:	f000 faa5 	bl	10006c18 <__mutex_enter_timeout_ms_veneer>
100066ce:	8925      	ldrh	r5, [r4, #8]
100066d0:	8923      	ldrh	r3, [r4, #8]
100066d2:	8961      	ldrh	r1, [r4, #10]
100066d4:	b29b      	uxth	r3, r3
100066d6:	b289      	uxth	r1, r1
100066d8:	88a2      	ldrh	r2, [r4, #4]
100066da:	428b      	cmp	r3, r1
100066dc:	bf36      	itet	cc
100066de:	ebc1 0142 	rsbcc	r1, r1, r2, lsl #1
100066e2:	1a5b      	subcs	r3, r3, r1
100066e4:	185b      	addcc	r3, r3, r1
100066e6:	b29b      	uxth	r3, r3
100066e8:	429a      	cmp	r2, r3
100066ea:	b2ad      	uxth	r5, r5
100066ec:	d808      	bhi.n	10006700 <tu_fifo_write+0x44>
100066ee:	79e7      	ldrb	r7, [r4, #7]
100066f0:	09ff      	lsrs	r7, r7, #7
100066f2:	d105      	bne.n	10006700 <tu_fifo_write+0x44>
100066f4:	68e0      	ldr	r0, [r4, #12]
100066f6:	b108      	cbz	r0, 100066fc <tu_fifo_write+0x40>
100066f8:	f000 faa2 	bl	10006c40 <__mutex_exit_veneer>
100066fc:	4638      	mov	r0, r7
100066fe:	bdf8      	pop	{r3, r4, r5, r6, r7, pc}
10006700:	4295      	cmp	r5, r2
10006702:	bf28      	it	cs
10006704:	462b      	movcs	r3, r5
10006706:	d318      	bcc.n	1000673a <tu_fifo_write+0x7e>
10006708:	1a9b      	subs	r3, r3, r2
1000670a:	b29b      	uxth	r3, r3
1000670c:	4293      	cmp	r3, r2
1000670e:	d2fb      	bcs.n	10006708 <tu_fifo_write+0x4c>
10006710:	88e2      	ldrh	r2, [r4, #6]
10006712:	6820      	ldr	r0, [r4, #0]
10006714:	f3c2 020e 	ubfx	r2, r2, #0, #15
10006718:	fb02 0003 	mla	r0, r2, r3, r0
1000671c:	4631      	mov	r1, r6
1000671e:	f000 f9cf 	bl	10006ac0 <memcpy>
10006722:	1c6b      	adds	r3, r5, #1
10006724:	b29b      	uxth	r3, r3
10006726:	429d      	cmp	r5, r3
10006728:	88a2      	ldrh	r2, [r4, #4]
1000672a:	d912      	bls.n	10006752 <tu_fifo_write+0x96>
1000672c:	2300      	movs	r3, #0
1000672e:	0051      	lsls	r1, r2, #1
10006730:	1a5b      	subs	r3, r3, r1
10006732:	b29b      	uxth	r3, r3
10006734:	2701      	movs	r7, #1
10006736:	8123      	strh	r3, [r4, #8]
10006738:	e7dc      	b.n	100066f4 <tu_fifo_write+0x38>
1000673a:	88e2      	ldrh	r2, [r4, #6]
1000673c:	6820      	ldr	r0, [r4, #0]
1000673e:	f3c2 020e 	ubfx	r2, r2, #0, #15
10006742:	fb05 0002 	mla	r0, r5, r2, r0
10006746:	4631      	mov	r1, r6
10006748:	f000 f9ba 	bl	10006ac0 <memcpy>
1000674c:	3501      	adds	r5, #1
1000674e:	88a2      	ldrh	r2, [r4, #4]
10006750:	b2ab      	uxth	r3, r5
10006752:	ebb3 0f42 	cmp.w	r3, r2, lsl #1
10006756:	ea4f 0142 	mov.w	r1, r2, lsl #1
1000675a:	dbeb      	blt.n	10006734 <tu_fifo_write+0x78>
1000675c:	e7e8      	b.n	10006730 <tu_fifo_write+0x74>
1000675e:	bf00      	nop

10006760 <tu_fifo_write_n>:
10006760:	e92d 4ff0 	stmdb	sp!, {r4, r5, r6, r7, r8, r9, sl, fp, lr}
10006764:	4617      	mov	r7, r2
10006766:	b083      	sub	sp, #12
10006768:	2a00      	cmp	r2, #0
1000676a:	d075      	beq.n	10006858 <tu_fifo_write_n+0xf8>
1000676c:	4606      	mov	r6, r0
1000676e:	68c0      	ldr	r0, [r0, #12]
10006770:	4689      	mov	r9, r1
10006772:	b118      	cbz	r0, 1000677c <tu_fifo_write_n+0x1c>
10006774:	f04f 31ff 	mov.w	r1, #4294967295	@ 0xffffffff
10006778:	f000 fa4e 	bl	10006c18 <__mutex_enter_timeout_ms_veneer>
1000677c:	79f3      	ldrb	r3, [r6, #7]
1000677e:	f8b6 8008 	ldrh.w	r8, [r6, #8]
10006782:	8972      	ldrh	r2, [r6, #10]
10006784:	09db      	lsrs	r3, r3, #7
10006786:	88b5      	ldrh	r5, [r6, #4]
10006788:	fa1f f888 	uxth.w	r8, r8
1000678c:	b292      	uxth	r2, r2
1000678e:	d13c      	bne.n	1000680a <tu_fifo_write_n+0xaa>
10006790:	4590      	cmp	r8, r2
10006792:	bf36      	itet	cc
10006794:	ebc2 0245 	rsbcc	r2, r2, r5, lsl #1
10006798:	eba8 0202 	subcs.w	r2, r8, r2
1000679c:	4442      	addcc	r2, r8
1000679e:	b292      	uxth	r2, r2
100067a0:	42aa      	cmp	r2, r5
100067a2:	d25e      	bcs.n	10006862 <tu_fifo_write_n+0x102>
100067a4:	1aaa      	subs	r2, r5, r2
100067a6:	b292      	uxth	r2, r2
100067a8:	42ba      	cmp	r2, r7
100067aa:	bf28      	it	cs
100067ac:	463a      	movcs	r2, r7
100067ae:	f8b6 b006 	ldrh.w	fp, [r6, #6]
100067b2:	b297      	uxth	r7, r2
100067b4:	1b7b      	subs	r3, r7, r5
100067b6:	eb08 0a07 	add.w	sl, r8, r7
100067ba:	f3cb 0b0e 	ubfx	fp, fp, #0, #15
100067be:	b29b      	uxth	r3, r3
100067c0:	fa1f fa8a 	uxth.w	sl, sl
100067c4:	45a8      	cmp	r8, r5
100067c6:	4644      	mov	r4, r8
100067c8:	d303      	bcc.n	100067d2 <tu_fifo_write_n+0x72>
100067ca:	1b64      	subs	r4, r4, r5
100067cc:	b2a4      	uxth	r4, r4
100067ce:	42ac      	cmp	r4, r5
100067d0:	d2fb      	bcs.n	100067ca <tu_fifo_write_n+0x6a>
100067d2:	1b2d      	subs	r5, r5, r4
100067d4:	6830      	ldr	r0, [r6, #0]
100067d6:	b2ad      	uxth	r5, r5
100067d8:	42bd      	cmp	r5, r7
100067da:	fb0b 0004 	mla	r0, fp, r4, r0
100067de:	d357      	bcc.n	10006890 <tu_fifo_write_n+0x130>
100067e0:	4649      	mov	r1, r9
100067e2:	fb0b f207 	mul.w	r2, fp, r7
100067e6:	f000 f96b 	bl	10006ac0 <memcpy>
100067ea:	88b2      	ldrh	r2, [r6, #4]
100067ec:	45d0      	cmp	r8, sl
100067ee:	ea4f 0342 	mov.w	r3, r2, lsl #1
100067f2:	d802      	bhi.n	100067fa <tu_fifo_write_n+0x9a>
100067f4:	ebba 0f42 	cmp.w	sl, r2, lsl #1
100067f8:	db03      	blt.n	10006802 <tu_fifo_write_n+0xa2>
100067fa:	ebaa 0303 	sub.w	r3, sl, r3
100067fe:	fa1f fa83 	uxth.w	sl, r3
10006802:	463d      	mov	r5, r7
10006804:	f8a6 a008 	strh.w	sl, [r6, #8]
10006808:	e02c      	b.n	10006864 <tu_fifo_write_n+0x104>
1000680a:	f8b6 b006 	ldrh.w	fp, [r6, #6]
1000680e:	42af      	cmp	r7, r5
10006810:	f3cb 0b0e 	ubfx	fp, fp, #0, #15
10006814:	d22f      	bcs.n	10006876 <tu_fifo_write_n+0x116>
10006816:	4590      	cmp	r8, r2
10006818:	bf36      	itet	cc
1000681a:	ebc2 0145 	rsbcc	r1, r2, r5, lsl #1
1000681e:	eba8 0102 	subcs.w	r1, r8, r2
10006822:	4441      	addcc	r1, r8
10006824:	b289      	uxth	r1, r1
10006826:	0068      	lsls	r0, r5, #1
10006828:	4439      	add	r1, r7
1000682a:	1b7b      	subs	r3, r7, r5
1000682c:	4281      	cmp	r1, r0
1000682e:	b29b      	uxth	r3, r3
10006830:	db0d      	blt.n	1000684e <tu_fifo_write_n+0xee>
10006832:	eb02 0a05 	add.w	sl, r2, r5
10006836:	fa1f fa8a 	uxth.w	sl, sl
1000683a:	ebaa 0807 	sub.w	r8, sl, r7
1000683e:	fa1f f888 	uxth.w	r8, r8
10006842:	4542      	cmp	r2, r8
10006844:	d937      	bls.n	100068b6 <tu_fifo_write_n+0x156>
10006846:	eba8 0000 	sub.w	r0, r8, r0
1000684a:	fa1f f880 	uxth.w	r8, r0
1000684e:	eb07 0a08 	add.w	sl, r7, r8
10006852:	fa1f fa8a 	uxth.w	sl, sl
10006856:	e7b5      	b.n	100067c4 <tu_fifo_write_n+0x64>
10006858:	4615      	mov	r5, r2
1000685a:	4628      	mov	r0, r5
1000685c:	b003      	add	sp, #12
1000685e:	e8bd 8ff0 	ldmia.w	sp!, {r4, r5, r6, r7, r8, r9, sl, fp, pc}
10006862:	2500      	movs	r5, #0
10006864:	68f0      	ldr	r0, [r6, #12]
10006866:	2800      	cmp	r0, #0
10006868:	d0f7      	beq.n	1000685a <tu_fifo_write_n+0xfa>
1000686a:	f000 f9e9 	bl	10006c40 <__mutex_exit_veneer>
1000686e:	4628      	mov	r0, r5
10006870:	b003      	add	sp, #12
10006872:	e8bd 8ff0 	ldmia.w	sp!, {r4, r5, r6, r7, r8, r9, sl, fp, pc}
10006876:	2d00      	cmp	r5, #0
10006878:	d0f4      	beq.n	10006864 <tu_fifo_write_n+0x104>
1000687a:	1b7f      	subs	r7, r7, r5
1000687c:	eb02 0a05 	add.w	sl, r2, r5
10006880:	fb0b 9907 	mla	r9, fp, r7, r9
10006884:	4690      	mov	r8, r2
10006886:	462f      	mov	r7, r5
10006888:	2300      	movs	r3, #0
1000688a:	fa1f fa8a 	uxth.w	sl, sl
1000688e:	e799      	b.n	100067c4 <tu_fifo_write_n+0x64>
10006890:	fb15 f50b 	smulbb	r5, r5, fp
10006894:	b2ad      	uxth	r5, r5
10006896:	462a      	mov	r2, r5
10006898:	4649      	mov	r1, r9
1000689a:	9301      	str	r3, [sp, #4]
1000689c:	f000 f910 	bl	10006ac0 <memcpy>
100068a0:	9b01      	ldr	r3, [sp, #4]
100068a2:	6830      	ldr	r0, [r6, #0]
100068a4:	18e2      	adds	r2, r4, r3
100068a6:	fb12 f20b 	smulbb	r2, r2, fp
100068aa:	eb09 0105 	add.w	r1, r9, r5
100068ae:	b292      	uxth	r2, r2
100068b0:	f000 f906 	bl	10006ac0 <memcpy>
100068b4:	e799      	b.n	100067ea <tu_fifo_write_n+0x8a>
100068b6:	4540      	cmp	r0, r8
100068b8:	dc84      	bgt.n	100067c4 <tu_fifo_write_n+0x64>
100068ba:	e7c4      	b.n	10006846 <tu_fifo_write_n+0xe6>

100068bc <tu_fifo_clear>:
100068bc:	b510      	push	{r4, lr}
100068be:	4604      	mov	r4, r0
100068c0:	68c0      	ldr	r0, [r0, #12]
100068c2:	b118      	cbz	r0, 100068cc <tu_fifo_clear+0x10>
100068c4:	f04f 31ff 	mov.w	r1, #4294967295	@ 0xffffffff
100068c8:	f000 f9a6 	bl	10006c18 <__mutex_enter_timeout_ms_veneer>
100068cc:	6920      	ldr	r0, [r4, #16]
100068ce:	b118      	cbz	r0, 100068d8 <tu_fifo_clear+0x1c>
100068d0:	f04f 31ff 	mov.w	r1, #4294967295	@ 0xffffffff
100068d4:	f000 f9a0 	bl	10006c18 <__mutex_enter_timeout_ms_veneer>
100068d8:	2300      	movs	r3, #0
100068da:	68e0      	ldr	r0, [r4, #12]
100068dc:	8163      	strh	r3, [r4, #10]
100068de:	8123      	strh	r3, [r4, #8]
100068e0:	b108      	cbz	r0, 100068e6 <tu_fifo_clear+0x2a>
100068e2:	f000 f9ad 	bl	10006c40 <__mutex_exit_veneer>
100068e6:	6920      	ldr	r0, [r4, #16]
100068e8:	b108      	cbz	r0, 100068ee <tu_fifo_clear+0x32>
100068ea:	f000 f9a9 	bl	10006c40 <__mutex_exit_veneer>
100068ee:	2001      	movs	r0, #1
100068f0:	bd10      	pop	{r4, pc}
100068f2:	bf00      	nop

100068f4 <tu_fifo_set_overwritable>:
100068f4:	b538      	push	{r3, r4, r5, lr}
100068f6:	4604      	mov	r4, r0
100068f8:	68c0      	ldr	r0, [r0, #12]
100068fa:	460d      	mov	r5, r1
100068fc:	b118      	cbz	r0, 10006906 <tu_fifo_set_overwritable+0x12>
100068fe:	f04f 31ff 	mov.w	r1, #4294967295	@ 0xffffffff
10006902:	f000 f989 	bl	10006c18 <__mutex_enter_timeout_ms_veneer>
10006906:	6920      	ldr	r0, [r4, #16]
10006908:	b118      	cbz	r0, 10006912 <tu_fifo_set_overwritable+0x1e>
1000690a:	f04f 31ff 	mov.w	r1, #4294967295	@ 0xffffffff
1000690e:	f000 f983 	bl	10006c18 <__mutex_enter_timeout_ms_veneer>
10006912:	79e3      	ldrb	r3, [r4, #7]
10006914:	68e0      	ldr	r0, [r4, #12]
10006916:	f365 13c7 	bfi	r3, r5, #7, #1
1000691a:	71e3      	strb	r3, [r4, #7]
1000691c:	b108      	cbz	r0, 10006922 <tu_fifo_set_overwritable+0x2e>
1000691e:	f000 f98f 	bl	10006c40 <__mutex_exit_veneer>
10006922:	6920      	ldr	r0, [r4, #16]
10006924:	b108      	cbz	r0, 1000692a <tu_fifo_set_overwritable+0x36>
10006926:	f000 f98b 	bl	10006c40 <__mutex_exit_veneer>
1000692a:	2001      	movs	r0, #1
1000692c:	bd38      	pop	{r3, r4, r5, pc}
1000692e:	bf00      	nop

10006930 <spi_init>:
10006930:	4b38      	ldr	r3, [pc, #224]	@ (10006a14 <spi_init+0xe4>)
10006932:	e92d 47f0 	stmdb	sp!, {r4, r5, r6, r7, r8, r9, sl, lr}
10006936:	4298      	cmp	r0, r3
10006938:	bf14      	ite	ne
1000693a:	f44f 2300 	movne.w	r3, #524288	@ 0x80000
1000693e:	f44f 2380 	moveq.w	r3, #262144	@ 0x40000
10006942:	4607      	mov	r7, r0
10006944:	460e      	mov	r6, r1
10006946:	4d34      	ldr	r5, [pc, #208]	@ (10006a18 <spi_init+0xe8>)
10006948:	4c34      	ldr	r4, [pc, #208]	@ (10006a1c <spi_init+0xec>)
1000694a:	4a35      	ldr	r2, [pc, #212]	@ (10006a20 <spi_init+0xf0>)
1000694c:	602b      	str	r3, [r5, #0]
1000694e:	6023      	str	r3, [r4, #0]
10006950:	6895      	ldr	r5, [r2, #8]
10006952:	ea33 0505 	bics.w	r5, r3, r5
10006956:	d1fb      	bne.n	10006950 <spi_init+0x20>
10006958:	2006      	movs	r0, #6
1000695a:	f7fa fe03 	bl	10001564 <clock_get_hz>
1000695e:	4639      	mov	r1, r7
10006960:	f04f 0a02 	mov.w	sl, #2
10006964:	f851 ef04 	ldr.w	lr, [r1, #4]!
10006968:	ea4f 59d6 	mov.w	r9, r6, lsr #23
1000696c:	ea4f 2c46 	mov.w	ip, r6, lsl #9
10006970:	f501 5840 	add.w	r8, r1, #12288	@ 0x3000
10006974:	4663      	mov	r3, ip
10006976:	464a      	mov	r2, r9
10006978:	4654      	mov	r4, sl
1000697a:	ea0e 0e0a 	and.w	lr, lr, sl
1000697e:	f8c8 a000 	str.w	sl, [r8]
10006982:	e008      	b.n	10006996 <spi_init+0x66>
10006984:	eb13 030c 	adds.w	r3, r3, ip
10006988:	f104 0402 	add.w	r4, r4, #2
1000698c:	eb42 0209 	adc.w	r2, r2, r9
10006990:	f5b4 7f80 	cmp.w	r4, #256	@ 0x100
10006994:	d003      	beq.n	1000699e <spi_init+0x6e>
10006996:	4298      	cmp	r0, r3
10006998:	eb75 0a02 	sbcs.w	sl, r5, r2
1000699c:	d2f2      	bcs.n	10006984 <spi_init+0x54>
1000699e:	f44f 7380 	mov.w	r3, #256	@ 0x100
100069a2:	ebc4 2204 	rsb	r2, r4, r4, lsl #8
100069a6:	e001      	b.n	100069ac <spi_init+0x7c>
100069a8:	2b01      	cmp	r3, #1
100069aa:	d030      	beq.n	10006a0e <spi_init+0xde>
100069ac:	fbb0 fcf2 	udiv	ip, r0, r2
100069b0:	4566      	cmp	r6, ip
100069b2:	4699      	mov	r9, r3
100069b4:	eba2 0204 	sub.w	r2, r2, r4
100069b8:	f103 33ff 	add.w	r3, r3, #4294967295	@ 0xffffffff
100069bc:	d2f4      	bcs.n	100069a8 <spi_init+0x78>
100069be:	fb09 f904 	mul.w	r9, r9, r4
100069c2:	021d      	lsls	r5, r3, #8
100069c4:	613c      	str	r4, [r7, #16]
100069c6:	2402      	movs	r4, #2
100069c8:	463b      	mov	r3, r7
100069ca:	2603      	movs	r6, #3
100069cc:	683a      	ldr	r2, [r7, #0]
100069ce:	f501 5100 	add.w	r1, r1, #8192	@ 0x2000
100069d2:	406a      	eors	r2, r5
100069d4:	f507 5c80 	add.w	ip, r7, #4096	@ 0x1000
100069d8:	f402 427f 	and.w	r2, r2, #65280	@ 0xff00
100069dc:	f8cc 2000 	str.w	r2, [ip]
100069e0:	f8c1 e000 	str.w	lr, [r1]
100069e4:	687d      	ldr	r5, [r7, #4]
100069e6:	f8c8 4000 	str.w	r4, [r8]
100069ea:	f853 2b24 	ldr.w	r2, [r3], #36
100069ee:	4025      	ands	r5, r4
100069f0:	f082 0207 	eor.w	r2, r2, #7
100069f4:	f002 02cf 	and.w	r2, r2, #207	@ 0xcf
100069f8:	f503 5300 	add.w	r3, r3, #8192	@ 0x2000
100069fc:	f8cc 2000 	str.w	r2, [ip]
10006a00:	fbb0 f0f9 	udiv	r0, r0, r9
10006a04:	600d      	str	r5, [r1, #0]
10006a06:	601e      	str	r6, [r3, #0]
10006a08:	600c      	str	r4, [r1, #0]
10006a0a:	e8bd 87f0 	ldmia.w	sp!, {r4, r5, r6, r7, r8, r9, sl, pc}
10006a0e:	46a1      	mov	r9, r4
10006a10:	e7d8      	b.n	100069c4 <spi_init+0x94>
10006a12:	bf00      	nop
10006a14:	40080000 	.word	0x40080000
10006a18:	40022000 	.word	0x40022000
10006a1c:	40023000 	.word	0x40023000
10006a20:	40020000 	.word	0x40020000

10006a24 <memset>:
10006a24:	0783      	lsls	r3, r0, #30
10006a26:	b530      	push	{r4, r5, lr}
10006a28:	d046      	beq.n	10006ab8 <memset+0x94>
10006a2a:	1884      	adds	r4, r0, r2
10006a2c:	4684      	mov	ip, r0
10006a2e:	e004      	b.n	10006a3a <memset+0x16>
10006a30:	f803 1b01 	strb.w	r1, [r3], #1
10006a34:	079d      	lsls	r5, r3, #30
10006a36:	d004      	beq.n	10006a42 <memset+0x1e>
10006a38:	469c      	mov	ip, r3
10006a3a:	45a4      	cmp	ip, r4
10006a3c:	4663      	mov	r3, ip
10006a3e:	d1f7      	bne.n	10006a30 <memset+0xc>
10006a40:	bd30      	pop	{r4, r5, pc}
10006a42:	3a01      	subs	r2, #1
10006a44:	4402      	add	r2, r0
10006a46:	eba2 020c 	sub.w	r2, r2, ip
10006a4a:	2a03      	cmp	r2, #3
10006a4c:	d929      	bls.n	10006aa2 <memset+0x7e>
10006a4e:	b2cc      	uxtb	r4, r1
10006a50:	2a0f      	cmp	r2, #15
10006a52:	eb04 2404 	add.w	r4, r4, r4, lsl #8
10006a56:	eb04 4404 	add.w	r4, r4, r4, lsl #16
10006a5a:	d92f      	bls.n	10006abc <memset+0x98>
10006a5c:	f1a2 0c10 	sub.w	ip, r2, #16
10006a60:	f103 0510 	add.w	r5, r3, #16
10006a64:	f02c 0c0f 	bic.w	ip, ip, #15
10006a68:	44ac      	add	ip, r5
10006a6a:	e9c3 4400 	strd	r4, r4, [r3]
10006a6e:	e9c3 4402 	strd	r4, r4, [r3, #8]
10006a72:	3310      	adds	r3, #16
10006a74:	4563      	cmp	r3, ip
10006a76:	d1f8      	bne.n	10006a6a <memset+0x46>
10006a78:	f012 0f0c 	tst.w	r2, #12
10006a7c:	f002 0e0f 	and.w	lr, r2, #15
10006a80:	d018      	beq.n	10006ab4 <memset+0x90>
10006a82:	f02e 0c03 	bic.w	ip, lr, #3
10006a86:	f1ae 0504 	sub.w	r5, lr, #4
10006a8a:	461a      	mov	r2, r3
10006a8c:	449c      	add	ip, r3
10006a8e:	f842 4b04 	str.w	r4, [r2], #4
10006a92:	4562      	cmp	r2, ip
10006a94:	d1fb      	bne.n	10006a8e <memset+0x6a>
10006a96:	f025 0403 	bic.w	r4, r5, #3
10006a9a:	3304      	adds	r3, #4
10006a9c:	f00e 0203 	and.w	r2, lr, #3
10006aa0:	4423      	add	r3, r4
10006aa2:	2a00      	cmp	r2, #0
10006aa4:	d0cc      	beq.n	10006a40 <memset+0x1c>
10006aa6:	b2c9      	uxtb	r1, r1
10006aa8:	441a      	add	r2, r3
10006aaa:	f803 1b01 	strb.w	r1, [r3], #1
10006aae:	4293      	cmp	r3, r2
10006ab0:	d1fb      	bne.n	10006aaa <memset+0x86>
10006ab2:	bd30      	pop	{r4, r5, pc}
10006ab4:	4672      	mov	r2, lr
10006ab6:	e7f4      	b.n	10006aa2 <memset+0x7e>
10006ab8:	4603      	mov	r3, r0
10006aba:	e7c6      	b.n	10006a4a <memset+0x26>
10006abc:	4696      	mov	lr, r2
10006abe:	e7e0      	b.n	10006a82 <memset+0x5e>

10006ac0 <memcpy>:
10006ac0:	4684      	mov	ip, r0
10006ac2:	ea41 0300 	orr.w	r3, r1, r0
10006ac6:	f013 0303 	ands.w	r3, r3, #3
10006aca:	d149      	bne.n	10006b60 <memcpy+0xa0>
10006acc:	3a40      	subs	r2, #64	@ 0x40
10006ace:	d323      	bcc.n	10006b18 <memcpy+0x58>
10006ad0:	680b      	ldr	r3, [r1, #0]
10006ad2:	6003      	str	r3, [r0, #0]
10006ad4:	684b      	ldr	r3, [r1, #4]
10006ad6:	6043      	str	r3, [r0, #4]
10006ad8:	688b      	ldr	r3, [r1, #8]
10006ada:	6083      	str	r3, [r0, #8]
10006adc:	68cb      	ldr	r3, [r1, #12]
10006ade:	60c3      	str	r3, [r0, #12]
10006ae0:	690b      	ldr	r3, [r1, #16]
10006ae2:	6103      	str	r3, [r0, #16]
10006ae4:	694b      	ldr	r3, [r1, #20]
10006ae6:	6143      	str	r3, [r0, #20]
10006ae8:	698b      	ldr	r3, [r1, #24]
10006aea:	6183      	str	r3, [r0, #24]
10006aec:	69cb      	ldr	r3, [r1, #28]
10006aee:	61c3      	str	r3, [r0, #28]
10006af0:	6a0b      	ldr	r3, [r1, #32]
10006af2:	6203      	str	r3, [r0, #32]
10006af4:	6a4b      	ldr	r3, [r1, #36]	@ 0x24
10006af6:	6243      	str	r3, [r0, #36]	@ 0x24
10006af8:	6a8b      	ldr	r3, [r1, #40]	@ 0x28
10006afa:	6283      	str	r3, [r0, #40]	@ 0x28
10006afc:	6acb      	ldr	r3, [r1, #44]	@ 0x2c
10006afe:	62c3      	str	r3, [r0, #44]	@ 0x2c
10006b00:	6b0b      	ldr	r3, [r1, #48]	@ 0x30
10006b02:	6303      	str	r3, [r0, #48]	@ 0x30
10006b04:	6b4b      	ldr	r3, [r1, #52]	@ 0x34
10006b06:	6343      	str	r3, [r0, #52]	@ 0x34
10006b08:	6b8b      	ldr	r3, [r1, #56]	@ 0x38
10006b0a:	6383      	str	r3, [r0, #56]	@ 0x38
10006b0c:	6bcb      	ldr	r3, [r1, #60]	@ 0x3c
10006b0e:	63c3      	str	r3, [r0, #60]	@ 0x3c
10006b10:	3040      	adds	r0, #64	@ 0x40
10006b12:	3140      	adds	r1, #64	@ 0x40
10006b14:	3a40      	subs	r2, #64	@ 0x40
10006b16:	d2db      	bcs.n	10006ad0 <memcpy+0x10>
10006b18:	3230      	adds	r2, #48	@ 0x30
10006b1a:	d30b      	bcc.n	10006b34 <memcpy+0x74>
10006b1c:	680b      	ldr	r3, [r1, #0]
10006b1e:	6003      	str	r3, [r0, #0]
10006b20:	684b      	ldr	r3, [r1, #4]
10006b22:	6043      	str	r3, [r0, #4]
10006b24:	688b      	ldr	r3, [r1, #8]
10006b26:	6083      	str	r3, [r0, #8]
10006b28:	68cb      	ldr	r3, [r1, #12]
10006b2a:	60c3      	str	r3, [r0, #12]
10006b2c:	3010      	adds	r0, #16
10006b2e:	3110      	adds	r1, #16
10006b30:	3a10      	subs	r2, #16
10006b32:	d2f3      	bcs.n	10006b1c <memcpy+0x5c>
10006b34:	320c      	adds	r2, #12
10006b36:	d305      	bcc.n	10006b44 <memcpy+0x84>
10006b38:	f851 3b04 	ldr.w	r3, [r1], #4
10006b3c:	f840 3b04 	str.w	r3, [r0], #4
10006b40:	3a04      	subs	r2, #4
10006b42:	d2f9      	bcs.n	10006b38 <memcpy+0x78>
10006b44:	3204      	adds	r2, #4
10006b46:	d008      	beq.n	10006b5a <memcpy+0x9a>
10006b48:	07d2      	lsls	r2, r2, #31
10006b4a:	bf1c      	itt	ne
10006b4c:	f811 3b01 	ldrbne.w	r3, [r1], #1
10006b50:	f800 3b01 	strbne.w	r3, [r0], #1
10006b54:	d301      	bcc.n	10006b5a <memcpy+0x9a>
10006b56:	880b      	ldrh	r3, [r1, #0]
10006b58:	8003      	strh	r3, [r0, #0]
10006b5a:	4660      	mov	r0, ip
10006b5c:	4770      	bx	lr
10006b5e:	bf00      	nop
10006b60:	2a08      	cmp	r2, #8
10006b62:	d313      	bcc.n	10006b8c <memcpy+0xcc>
10006b64:	078b      	lsls	r3, r1, #30
10006b66:	d0b1      	beq.n	10006acc <memcpy+0xc>
10006b68:	f010 0303 	ands.w	r3, r0, #3
10006b6c:	d0ae      	beq.n	10006acc <memcpy+0xc>
10006b6e:	f1c3 0304 	rsb	r3, r3, #4
10006b72:	1ad2      	subs	r2, r2, r3
10006b74:	07db      	lsls	r3, r3, #31
10006b76:	bf1c      	itt	ne
10006b78:	f811 3b01 	ldrbne.w	r3, [r1], #1
10006b7c:	f800 3b01 	strbne.w	r3, [r0], #1
10006b80:	d3a4      	bcc.n	10006acc <memcpy+0xc>
10006b82:	f831 3b02 	ldrh.w	r3, [r1], #2
10006b86:	f820 3b02 	strh.w	r3, [r0], #2
10006b8a:	e79f      	b.n	10006acc <memcpy+0xc>
10006b8c:	3a04      	subs	r2, #4
10006b8e:	d3d9      	bcc.n	10006b44 <memcpy+0x84>
10006b90:	3a01      	subs	r2, #1
10006b92:	f811 3b01 	ldrb.w	r3, [r1], #1
10006b96:	f800 3b01 	strb.w	r3, [r0], #1
10006b9a:	d2f9      	bcs.n	10006b90 <memcpy+0xd0>
10006b9c:	780b      	ldrb	r3, [r1, #0]
10006b9e:	7003      	strb	r3, [r0, #0]
10006ba0:	784b      	ldrb	r3, [r1, #1]
10006ba2:	7043      	strb	r3, [r0, #1]
10006ba4:	788b      	ldrb	r3, [r1, #2]
10006ba6:	7083      	strb	r3, [r0, #2]
10006ba8:	4660      	mov	r0, ip
10006baa:	4770      	bx	lr

10006bac <strlen>:
10006bac:	f020 0103 	bic.w	r1, r0, #3
10006bb0:	f010 0003 	ands.w	r0, r0, #3
10006bb4:	f1c0 0000 	rsb	r0, r0, #0
10006bb8:	f851 3b04 	ldr.w	r3, [r1], #4
10006bbc:	f100 0c04 	add.w	ip, r0, #4
10006bc0:	ea4f 0ccc 	mov.w	ip, ip, lsl #3
10006bc4:	f06f 0200 	mvn.w	r2, #0
10006bc8:	bf1c      	itt	ne
10006bca:	fa22 f20c 	lsrne.w	r2, r2, ip
10006bce:	4313      	orrne	r3, r2
10006bd0:	f04f 0c01 	mov.w	ip, #1
10006bd4:	ea4c 2c0c 	orr.w	ip, ip, ip, lsl #8
10006bd8:	ea4c 4c0c 	orr.w	ip, ip, ip, lsl #16
10006bdc:	eba3 020c 	sub.w	r2, r3, ip
10006be0:	ea22 0203 	bic.w	r2, r2, r3
10006be4:	ea12 12cc 	ands.w	r2, r2, ip, lsl #7
10006be8:	bf04      	itt	eq
10006bea:	f851 3b04 	ldreq.w	r3, [r1], #4
10006bee:	3004      	addeq	r0, #4
10006bf0:	d0f4      	beq.n	10006bdc <strlen+0x30>
10006bf2:	f1c2 0100 	rsb	r1, r2, #0
10006bf6:	ea02 0201 	and.w	r2, r2, r1
10006bfa:	fab2 f282 	clz	r2, r2
10006bfe:	f1c2 021f 	rsb	r2, r2, #31
10006c02:	eb00 00d2 	add.w	r0, r0, r2, lsr #3
10006c06:	4770      	bx	lr

10006c08 <_fini>:
10006c08:	b5f8      	push	{r3, r4, r5, r6, r7, lr}
10006c0a:	bf00      	nop
10006c0c:	0000      	movs	r0, r0
	...

10006c10 <__reset_non_control_endpoints_veneer>:
10006c10:	f85f f000 	ldr.w	pc, [pc]	@ 10006c14 <__reset_non_control_endpoints_veneer+0x4>
10006c14:	200002a9 	.word	0x200002a9

10006c18 <__mutex_enter_timeout_ms_veneer>:
10006c18:	f85f f000 	ldr.w	pc, [pc]	@ 10006c1c <__mutex_enter_timeout_ms_veneer+0x4>
10006c1c:	20000235 	.word	0x20000235

10006c20 <__hw_endpoint_start_next_buffer_veneer>:
10006c20:	f85f f000 	ldr.w	pc, [pc]	@ 10006c24 <__hw_endpoint_start_next_buffer_veneer+0x4>
10006c24:	20000b0d 	.word	0x20000b0d

10006c28 <____aeabi_f2d_veneer>:
10006c28:	f85f f000 	ldr.w	pc, [pc]	@ 10006c2c <____aeabi_f2d_veneer+0x4>
10006c2c:	20001129 	.word	0x20001129

10006c30 <__e15_is_bulkin_ep_veneer>:
10006c30:	f85f f000 	ldr.w	pc, [pc]	@ 10006c34 <__e15_is_bulkin_ep_veneer+0x4>
10006c34:	20000a6d 	.word	0x20000a6d

10006c38 <____aeabi_uldivmod_veneer>:
10006c38:	f85f f000 	ldr.w	pc, [pc]	@ 10006c3c <____aeabi_uldivmod_veneer+0x4>
10006c3c:	200011d9 	.word	0x200011d9

10006c40 <__mutex_exit_veneer>:
10006c40:	f85f f000 	ldr.w	pc, [pc]	@ 10006c44 <__mutex_exit_veneer+0x4>
10006c44:	2000026d 	.word	0x2000026d

10006c48 <___hw_endpoint_buffer_control_update32_veneer>:
10006c48:	f85f f000 	ldr.w	pc, [pc]	@ 10006c4c <___hw_endpoint_buffer_control_update32_veneer+0x4>
10006c4c:	20000ac9 	.word	0x20000ac9

10006c50 <__mutex_try_enter_block_until_veneer>:
10006c50:	f85f f000 	ldr.w	pc, [pc]	@ 10006c54 <__mutex_try_enter_block_until_veneer+0x4>
10006c54:	200001cd 	.word	0x200001cd

10006c58 <__e15_is_critical_frame_period_veneer>:
10006c58:	f85f f000 	ldr.w	pc, [pc]	@ 10006c5c <__e15_is_critical_frame_period_veneer+0x4>
10006c5c:	20000a95 	.word	0x20000a95

10006c60 <__mutex_try_enter_veneer>:
10006c60:	f85f f000 	ldr.w	pc, [pc]	@ 10006c64 <__mutex_try_enter_veneer+0x4>
10006c64:	20000111 	.word	0x20000111

10006c68 <__spi_write_blocking_veneer>:
10006c68:	f85f f000 	ldr.w	pc, [pc]	@ 10006c6c <__spi_write_blocking_veneer+0x4>
10006c6c:	20000dd1 	.word	0x20000dd1

10006c70 <__pre_init_runtime_init_bootrom_reset>:
10006c70:	10001831                                1...

10006c74 <__pre_init_runtime_init_early_resets>:
10006c74:	100017a5                                ....

10006c78 <__pre_init_runtime_init_usb_power_down>:
10006c78:	100017d9                                ....

10006c7c <__pre_init_runtime_init_clocks>:
10006c7c:	100018c5                                ....

10006c80 <__pre_init_runtime_init_post_clock_resets>:
10006c80:	10001811                                ....

10006c84 <__pre_init_runtime_init_boot_locks_reset>:
10006c84:	10001729                                )...

10006c88 <__pre_init_runtime_init_spin_locks_reset>:
10006c88:	10001859                                Y...

10006c8c <__pre_init_runtime_init_bootrom_locking_enable>:
10006c8c:	10001715                                ....

10006c90 <__pre_init_runtime_init_mutex>:
10006c90:	10000b85                                ....

10006c94 <__pre_init_runtime_init_install_ram_vector_table>:
10006c94:	1000185d                                ]...

10006c98 <__pre_init_runtime_init_default_alarm_pool>:
10006c98:	10000f49                                I...

10006c9c <__pre_init_first_per_core_initializer>:
10006c9c:	10001775                                u...

10006ca0 <__pre_init_runtime_init_per_core_bootrom_reset>:
10006ca0:	10001845                                E...

10006ca4 <__pre_init_runtime_init_per_core_enable_coprocessors>:
10006ca4:	100017f5                                ....

10006ca8 <__pre_init_spinlock_set_extexclall>:
10006ca8:	10000761                                a...

10006cac <__pre_init_runtime_init_per_core_irq_priorities>:
10006cac:	10000789                                ....

10006cb0 <__init_array_start>:
10006cb0:	100047c5 	.word	0x100047c5

10006cb4 <__frame_dummy_init_array_entry>:
10006cb4:	10000211                                ....

Disassembly of section .data:

20000110 <mutex_try_enter>:
20000110:	4603      	mov	r3, r0
20000112:	b500      	push	{lr}
20000114:	6802      	ldr	r2, [r0, #0]
20000116:	f3ef 8c10 	mrs	ip, PRIMASK
2000011a:	b672      	cpsid	i
2000011c:	e8d2 efcf 	ldaexb	lr, [r2]
20000120:	2001      	movs	r0, #1
20000122:	f1be 0f00 	cmp.w	lr, #0
20000126:	d1f9      	bne.n	2000011c <mutex_try_enter+0xc>
20000128:	e8c2 0f4e 	strexb	lr, r0, [r2]
2000012c:	f1be 0f00 	cmp.w	lr, #0
20000130:	d1f4      	bne.n	2000011c <mutex_try_enter+0xc>
20000132:	f3bf 8f5f 	dmb	sy
20000136:	f993 2004 	ldrsb.w	r2, [r3, #4]
2000013a:	2a00      	cmp	r2, #0
2000013c:	db0a      	blt.n	20000154 <mutex_try_enter+0x44>
2000013e:	b101      	cbz	r1, 20000142 <mutex_try_enter+0x32>
20000140:	600a      	str	r2, [r1, #0]
20000142:	2000      	movs	r0, #0
20000144:	2200      	movs	r2, #0
20000146:	681b      	ldr	r3, [r3, #0]
20000148:	e8c3 2f8f 	stlb	r2, [r3]
2000014c:	f38c 8810 	msr	PRIMASK, ip
20000150:	f85d fb04 	ldr.w	pc, [sp], #4
20000154:	f04f 4250 	mov.w	r2, #3489660928	@ 0xd0000000
20000158:	6812      	ldr	r2, [r2, #0]
2000015a:	2001      	movs	r0, #1
2000015c:	711a      	strb	r2, [r3, #4]
2000015e:	e7f1      	b.n	20000144 <mutex_try_enter+0x34>

20000160 <mutex_enter_block_until>:
20000160:	f04f 4150 	mov.w	r1, #3489660928	@ 0xd0000000
20000164:	e92d 41f0 	stmdb	sp!, {r4, r5, r6, r7, r8, lr}
20000168:	2700      	movs	r7, #0
2000016a:	4604      	mov	r4, r0
2000016c:	4616      	mov	r6, r2
2000016e:	461d      	mov	r5, r3
20000170:	f8d1 8000 	ldr.w	r8, [r1]
20000174:	e008      	b.n	20000188 <mutex_enter_block_until+0x28>
20000176:	e8c1 7f8f 	stlb	r7, [r1]
2000017a:	f38c 8810 	msr	PRIMASK, ip
2000017e:	4630      	mov	r0, r6
20000180:	4629      	mov	r1, r5
20000182:	f001 f9ed 	bl	20001560 <__best_effort_wfe_or_timeout_veneer>
20000186:	b9e8      	cbnz	r0, 200001c4 <mutex_enter_block_until+0x64>
20000188:	6821      	ldr	r1, [r4, #0]
2000018a:	f3ef 8c10 	mrs	ip, PRIMASK
2000018e:	b672      	cpsid	i
20000190:	e8d1 2fcf 	ldaexb	r2, [r1]
20000194:	2301      	movs	r3, #1
20000196:	2a00      	cmp	r2, #0
20000198:	d1fa      	bne.n	20000190 <mutex_enter_block_until+0x30>
2000019a:	e8c1 3f42 	strexb	r2, r3, [r1]
2000019e:	2a00      	cmp	r2, #0
200001a0:	d1f6      	bne.n	20000190 <mutex_enter_block_until+0x30>
200001a2:	f3bf 8f5f 	dmb	sy
200001a6:	f994 3004 	ldrsb.w	r3, [r4, #4]
200001aa:	6821      	ldr	r1, [r4, #0]
200001ac:	2b00      	cmp	r3, #0
200001ae:	dae2      	bge.n	20000176 <mutex_enter_block_until+0x16>
200001b0:	2300      	movs	r3, #0
200001b2:	f884 8004 	strb.w	r8, [r4, #4]
200001b6:	e8c1 3f8f 	stlb	r3, [r1]
200001ba:	f38c 8810 	msr	PRIMASK, ip
200001be:	2001      	movs	r0, #1
200001c0:	e8bd 81f0 	ldmia.w	sp!, {r4, r5, r6, r7, r8, pc}
200001c4:	2000      	movs	r0, #0
200001c6:	e8bd 81f0 	ldmia.w	sp!, {r4, r5, r6, r7, r8, pc}
200001ca:	bf00      	nop

200001cc <mutex_try_enter_block_until>:
200001cc:	b530      	push	{r4, r5, lr}
200001ce:	6804      	ldr	r4, [r0, #0]
200001d0:	f3ef 8c10 	mrs	ip, PRIMASK
200001d4:	b672      	cpsid	i
200001d6:	e8d4 efcf 	ldaexb	lr, [r4]
200001da:	2501      	movs	r5, #1
200001dc:	f1be 0f00 	cmp.w	lr, #0
200001e0:	d1f9      	bne.n	200001d6 <mutex_try_enter_block_until+0xa>
200001e2:	e8c4 5f4e 	strexb	lr, r5, [r4]
200001e6:	f1be 0f00 	cmp.w	lr, #0
200001ea:	d1f4      	bne.n	200001d6 <mutex_try_enter_block_until+0xa>
200001ec:	f3bf 8f5f 	dmb	sy
200001f0:	f990 4004 	ldrsb.w	r4, [r0, #4]
200001f4:	6805      	ldr	r5, [r0, #0]
200001f6:	2c00      	cmp	r4, #0
200001f8:	db10      	blt.n	2000021c <mutex_try_enter_block_until+0x50>
200001fa:	2100      	movs	r1, #0
200001fc:	e8c5 1f8f 	stlb	r1, [r5]
20000200:	f38c 8810 	msr	PRIMASK, ip
20000204:	f04f 4550 	mov.w	r5, #3489660928	@ 0xd0000000
20000208:	f995 5000 	ldrsb.w	r5, [r5]
2000020c:	42a5      	cmp	r5, r4
2000020e:	d101      	bne.n	20000214 <mutex_try_enter_block_until+0x48>
20000210:	4608      	mov	r0, r1
20000212:	bd30      	pop	{r4, r5, pc}
20000214:	e8bd 4030 	ldmia.w	sp!, {r4, r5, lr}
20000218:	f7ff bfa2 	b.w	20000160 <mutex_enter_block_until>
2000021c:	f04f 4250 	mov.w	r2, #3489660928	@ 0xd0000000
20000220:	6812      	ldr	r2, [r2, #0]
20000222:	2300      	movs	r3, #0
20000224:	7102      	strb	r2, [r0, #4]
20000226:	e8c5 3f8f 	stlb	r3, [r5]
2000022a:	f38c 8810 	msr	PRIMASK, ip
2000022e:	2001      	movs	r0, #1
20000230:	bd30      	pop	{r4, r5, pc}
20000232:	bf00      	nop

20000234 <mutex_enter_timeout_ms>:
20000234:	b570      	push	{r4, r5, r6, lr}
20000236:	4605      	mov	r5, r0
20000238:	460c      	mov	r4, r1
2000023a:	f001 f98d 	bl	20001558 <__time_us_64_veneer>
2000023e:	4602      	mov	r2, r0
20000240:	460b      	mov	r3, r1
20000242:	f44f 707a 	mov.w	r0, #1000	@ 0x3e8
20000246:	f04f 3eff 	mov.w	lr, #4294967295	@ 0xffffffff
2000024a:	f06f 4c00 	mvn.w	ip, #2147483648	@ 0x80000000
2000024e:	fbe4 2300 	umlal	r2, r3, r4, r0
20000252:	4596      	cmp	lr, r2
20000254:	eb7c 0103 	sbcs.w	r1, ip, r3
20000258:	bf38      	it	cc
2000025a:	4672      	movcc	r2, lr
2000025c:	4628      	mov	r0, r5
2000025e:	e8bd 4070 	ldmia.w	sp!, {r4, r5, r6, lr}
20000262:	bf38      	it	cc
20000264:	4663      	movcc	r3, ip
20000266:	f7ff bf7b 	b.w	20000160 <mutex_enter_block_until>
2000026a:	bf00      	nop

2000026c <mutex_exit>:
2000026c:	6803      	ldr	r3, [r0, #0]
2000026e:	f3ef 8210 	mrs	r2, PRIMASK
20000272:	b672      	cpsid	i
20000274:	e8d3 cfcf 	ldaexb	ip, [r3]
20000278:	2101      	movs	r1, #1
2000027a:	f1bc 0f00 	cmp.w	ip, #0
2000027e:	d1f9      	bne.n	20000274 <mutex_exit+0x8>
20000280:	e8c3 1f4c 	strexb	ip, r1, [r3]
20000284:	f1bc 0f00 	cmp.w	ip, #0
20000288:	d1f4      	bne.n	20000274 <mutex_exit+0x8>
2000028a:	f3bf 8f5f 	dmb	sy
2000028e:	f04f 0cff 	mov.w	ip, #255	@ 0xff
20000292:	2300      	movs	r3, #0
20000294:	6801      	ldr	r1, [r0, #0]
20000296:	f880 c004 	strb.w	ip, [r0, #4]
2000029a:	e8c1 3f8f 	stlb	r3, [r1]
2000029e:	f382 8810 	msr	PRIMASK, r2
200002a2:	bf40      	sev
200002a4:	4770      	bx	lr
200002a6:	bf00      	nop

200002a8 <reset_non_control_endpoints>:
200002a8:	2100      	movs	r1, #0
200002aa:	b508      	push	{r3, lr}
200002ac:	4b13      	ldr	r3, [pc, #76]	@ (200002fc <reset_non_control_endpoints+0x54>)
200002ae:	f44f 7270 	mov.w	r2, #960	@ 0x3c0
200002b2:	6099      	str	r1, [r3, #8]
200002b4:	4812      	ldr	r0, [pc, #72]	@ (20000300 <reset_non_control_endpoints+0x58>)
200002b6:	60d9      	str	r1, [r3, #12]
200002b8:	6119      	str	r1, [r3, #16]
200002ba:	6159      	str	r1, [r3, #20]
200002bc:	6199      	str	r1, [r3, #24]
200002be:	61d9      	str	r1, [r3, #28]
200002c0:	6219      	str	r1, [r3, #32]
200002c2:	6259      	str	r1, [r3, #36]	@ 0x24
200002c4:	6299      	str	r1, [r3, #40]	@ 0x28
200002c6:	62d9      	str	r1, [r3, #44]	@ 0x2c
200002c8:	6319      	str	r1, [r3, #48]	@ 0x30
200002ca:	6359      	str	r1, [r3, #52]	@ 0x34
200002cc:	6399      	str	r1, [r3, #56]	@ 0x38
200002ce:	63d9      	str	r1, [r3, #60]	@ 0x3c
200002d0:	6419      	str	r1, [r3, #64]	@ 0x40
200002d2:	6459      	str	r1, [r3, #68]	@ 0x44
200002d4:	6499      	str	r1, [r3, #72]	@ 0x48
200002d6:	64d9      	str	r1, [r3, #76]	@ 0x4c
200002d8:	6519      	str	r1, [r3, #80]	@ 0x50
200002da:	6559      	str	r1, [r3, #84]	@ 0x54
200002dc:	6599      	str	r1, [r3, #88]	@ 0x58
200002de:	65d9      	str	r1, [r3, #92]	@ 0x5c
200002e0:	6619      	str	r1, [r3, #96]	@ 0x60
200002e2:	6659      	str	r1, [r3, #100]	@ 0x64
200002e4:	6699      	str	r1, [r3, #104]	@ 0x68
200002e6:	66d9      	str	r1, [r3, #108]	@ 0x6c
200002e8:	6719      	str	r1, [r3, #112]	@ 0x70
200002ea:	6759      	str	r1, [r3, #116]	@ 0x74
200002ec:	6799      	str	r1, [r3, #120]	@ 0x78
200002ee:	67d9      	str	r1, [r3, #124]	@ 0x7c
200002f0:	f001 f93a 	bl	20001568 <__memset_veneer>
200002f4:	4b03      	ldr	r3, [pc, #12]	@ (20000304 <reset_non_control_endpoints+0x5c>)
200002f6:	4a04      	ldr	r2, [pc, #16]	@ (20000308 <reset_non_control_endpoints+0x60>)
200002f8:	601a      	str	r2, [r3, #0]
200002fa:	bd08      	pop	{r3, pc}
200002fc:	50100000 	.word	0x50100000
20000300:	20001e1c 	.word	0x20001e1c
20000304:	200021e4 	.word	0x200021e4
20000308:	50100180 	.word	0x50100180

2000030c <hw_handle_buff_status>:
2000030c:	e92d 4ff0 	stmdb	sp!, {r4, r5, r6, r7, r8, r9, sl, fp, lr}
20000310:	4b1f      	ldr	r3, [pc, #124]	@ (20000390 <hw_handle_buff_status+0x84>)
20000312:	b085      	sub	sp, #20
20000314:	f8d3 a058 	ldr.w	sl, [r3, #88]	@ 0x58
20000318:	f1ba 0f00 	cmp.w	sl, #0
2000031c:	d022      	beq.n	20000364 <hw_handle_buff_status+0x58>
2000031e:	2400      	movs	r4, #0
20000320:	2501      	movs	r5, #1
20000322:	f44f 69e0 	mov.w	r9, #1792	@ 0x700
20000326:	f8df 8070 	ldr.w	r8, [pc, #112]	@ 20000398 <hw_handle_buff_status+0x8c>
2000032a:	4f1a      	ldr	r7, [pc, #104]	@ (20000394 <hw_handle_buff_status+0x88>)
2000032c:	e001      	b.n	20000332 <hw_handle_buff_status+0x26>
2000032e:	2c20      	cmp	r4, #32
20000330:	d018      	beq.n	20000364 <hw_handle_buff_status+0x58>
20000332:	ea0a 0205 	and.w	r2, sl, r5
20000336:	1c61      	adds	r1, r4, #1
20000338:	4623      	mov	r3, r4
2000033a:	46ab      	mov	fp, r5
2000033c:	b2cc      	uxtb	r4, r1
2000033e:	006d      	lsls	r5, r5, #1
20000340:	2a00      	cmp	r2, #0
20000342:	d0f4      	beq.n	2000032e <hw_handle_buff_status+0x22>
20000344:	f004 0201 	and.w	r2, r4, #1
20000348:	f003 06fe 	and.w	r6, r3, #254	@ 0xfe
2000034c:	4416      	add	r6, r2
2000034e:	eb07 1646 	add.w	r6, r7, r6, lsl #5
20000352:	4630      	mov	r0, r6
20000354:	f8c8 b058 	str.w	fp, [r8, #88]	@ 0x58
20000358:	f000 fc0a 	bl	20000b70 <hw_endpoint_xfer_continue>
2000035c:	b928      	cbnz	r0, 2000036a <hw_handle_buff_status+0x5e>
2000035e:	ea3a 0a0b 	bics.w	sl, sl, fp
20000362:	d1e4      	bne.n	2000032e <hw_handle_buff_status+0x22>
20000364:	b005      	add	sp, #20
20000366:	e8bd 8ff0 	ldmia.w	sp!, {r4, r5, r6, r7, r8, r9, sl, fp, pc}
2000036a:	2300      	movs	r3, #0
2000036c:	f88d 3009 	strb.w	r3, [sp, #9]
20000370:	78b3      	ldrb	r3, [r6, #2]
20000372:	a801      	add	r0, sp, #4
20000374:	f88d 3008 	strb.w	r3, [sp, #8]
20000378:	8af3      	ldrh	r3, [r6, #22]
2000037a:	2101      	movs	r1, #1
2000037c:	f8ad 9004 	strh.w	r9, [sp, #4]
20000380:	9303      	str	r3, [sp, #12]
20000382:	f000 fc13 	bl	20000bac <dcd_event_handler>
20000386:	4630      	mov	r0, r6
20000388:	f000 fb98 	bl	20000abc <hw_endpoint_reset_transfer>
2000038c:	e7e7      	b.n	2000035e <hw_handle_buff_status+0x52>
2000038e:	bf00      	nop
20000390:	50110000 	.word	0x50110000
20000394:	20001ddc 	.word	0x20001ddc
20000398:	50113000 	.word	0x50113000

2000039c <dcd_rp2040_irq>:
2000039c:	b5f0      	push	{r4, r5, r6, r7, lr}
2000039e:	4bbb      	ldr	r3, [pc, #748]	@ (2000068c <dcd_rp2040_irq+0x2f0>)
200003a0:	b085      	sub	sp, #20
200003a2:	f8d3 5098 	ldr.w	r5, [r3, #152]	@ 0x98
200003a6:	f415 3600 	ands.w	r6, r5, #131072	@ 0x20000
200003aa:	d074      	beq.n	20000496 <dcd_rp2040_irq+0xfa>
200003ac:	4bb8      	ldr	r3, [pc, #736]	@ (20000690 <dcd_rp2040_irq+0x2f4>)
200003ae:	4cb9      	ldr	r4, [pc, #740]	@ (20000694 <dcd_rp2040_irq+0x2f8>)
200003b0:	6a99      	ldr	r1, [r3, #40]	@ 0x28
200003b2:	f894 303b 	ldrb.w	r3, [r4, #59]	@ 0x3b
200003b6:	4ab8      	ldr	r2, [pc, #736]	@ (20000698 <dcd_rp2040_irq+0x2fc>)
200003b8:	2b02      	cmp	r3, #2
200003ba:	6011      	str	r1, [r2, #0]
200003bc:	f000 80d4 	beq.w	20000568 <dcd_rp2040_irq+0x1cc>
200003c0:	2600      	movs	r6, #0
200003c2:	f894 307b 	ldrb.w	r3, [r4, #123]	@ 0x7b
200003c6:	2b02      	cmp	r3, #2
200003c8:	f000 813b 	beq.w	20000642 <dcd_rp2040_irq+0x2a6>
200003cc:	f894 30bb 	ldrb.w	r3, [r4, #187]	@ 0xbb
200003d0:	2b02      	cmp	r3, #2
200003d2:	f000 817d 	beq.w	200006d0 <dcd_rp2040_irq+0x334>
200003d6:	f894 30fb 	ldrb.w	r3, [r4, #251]	@ 0xfb
200003da:	2b02      	cmp	r3, #2
200003dc:	f000 816c 	beq.w	200006b8 <dcd_rp2040_irq+0x31c>
200003e0:	f894 313b 	ldrb.w	r3, [r4, #315]	@ 0x13b
200003e4:	2b02      	cmp	r3, #2
200003e6:	f000 8144 	beq.w	20000672 <dcd_rp2040_irq+0x2d6>
200003ea:	f894 317b 	ldrb.w	r3, [r4, #379]	@ 0x17b
200003ee:	2b02      	cmp	r3, #2
200003f0:	f000 8133 	beq.w	2000065a <dcd_rp2040_irq+0x2be>
200003f4:	f894 31bb 	ldrb.w	r3, [r4, #443]	@ 0x1bb
200003f8:	2b02      	cmp	r3, #2
200003fa:	f000 81b6 	beq.w	2000076a <dcd_rp2040_irq+0x3ce>
200003fe:	f894 31fb 	ldrb.w	r3, [r4, #507]	@ 0x1fb
20000402:	2b02      	cmp	r3, #2
20000404:	f000 81a6 	beq.w	20000754 <dcd_rp2040_irq+0x3b8>
20000408:	f894 323b 	ldrb.w	r3, [r4, #571]	@ 0x23b
2000040c:	2b02      	cmp	r3, #2
2000040e:	f000 8196 	beq.w	2000073e <dcd_rp2040_irq+0x3a2>
20000412:	f894 327b 	ldrb.w	r3, [r4, #635]	@ 0x27b
20000416:	2b02      	cmp	r3, #2
20000418:	f000 8186 	beq.w	20000728 <dcd_rp2040_irq+0x38c>
2000041c:	f894 32bb 	ldrb.w	r3, [r4, #699]	@ 0x2bb
20000420:	2b02      	cmp	r3, #2
20000422:	f000 8176 	beq.w	20000712 <dcd_rp2040_irq+0x376>
20000426:	f894 32fb 	ldrb.w	r3, [r4, #763]	@ 0x2fb
2000042a:	2b02      	cmp	r3, #2
2000042c:	f000 8166 	beq.w	200006fc <dcd_rp2040_irq+0x360>
20000430:	f894 333b 	ldrb.w	r3, [r4, #827]	@ 0x33b
20000434:	2b02      	cmp	r3, #2
20000436:	f000 8156 	beq.w	200006e6 <dcd_rp2040_irq+0x34a>
2000043a:	f894 337b 	ldrb.w	r3, [r4, #891]	@ 0x37b
2000043e:	2b02      	cmp	r3, #2
20000440:	f000 80a4 	beq.w	2000058c <dcd_rp2040_irq+0x1f0>
20000444:	f894 33bb 	ldrb.w	r3, [r4, #955]	@ 0x3bb
20000448:	2b02      	cmp	r3, #2
2000044a:	f000 8199 	beq.w	20000780 <dcd_rp2040_irq+0x3e4>
2000044e:	f894 33fb 	ldrb.w	r3, [r4, #1019]	@ 0x3fb
20000452:	2b02      	cmp	r3, #2
20000454:	f000 80b4 	beq.w	200005c0 <dcd_rp2040_irq+0x224>
20000458:	b93e      	cbnz	r6, 2000046a <dcd_rp2040_irq+0xce>
2000045a:	4b90      	ldr	r3, [pc, #576]	@ (2000069c <dcd_rp2040_irq+0x300>)
2000045c:	781b      	ldrb	r3, [r3, #0]
2000045e:	b923      	cbnz	r3, 2000046a <dcd_rp2040_irq+0xce>
20000460:	f44f 3200 	mov.w	r2, #131072	@ 0x20000
20000464:	4b8e      	ldr	r3, [pc, #568]	@ (200006a0 <dcd_rp2040_irq+0x304>)
20000466:	f8c3 2090 	str.w	r2, [r3, #144]	@ 0x90
2000046a:	f44f 7240 	mov.w	r2, #768	@ 0x300
2000046e:	4b87      	ldr	r3, [pc, #540]	@ (2000068c <dcd_rp2040_irq+0x2f0>)
20000470:	2101      	movs	r1, #1
20000472:	6c9b      	ldr	r3, [r3, #72]	@ 0x48
20000474:	a801      	add	r0, sp, #4
20000476:	f3c3 030a 	ubfx	r3, r3, #0, #11
2000047a:	f8ad 2004 	strh.w	r2, [sp, #4]
2000047e:	9302      	str	r3, [sp, #8]
20000480:	f000 fb94 	bl	20000bac <dcd_event_handler>
20000484:	06ea      	lsls	r2, r5, #27
20000486:	f44f 3600 	mov.w	r6, #131072	@ 0x20000
2000048a:	4c86      	ldr	r4, [pc, #536]	@ (200006a4 <dcd_rp2040_irq+0x308>)
2000048c:	d507      	bpl.n	2000049e <dcd_rp2040_irq+0x102>
2000048e:	f7ff ff3d 	bl	2000030c <hw_handle_buff_status>
20000492:	4626      	mov	r6, r4
20000494:	e003      	b.n	2000049e <dcd_rp2040_irq+0x102>
20000496:	06ea      	lsls	r2, r5, #27
20000498:	f04f 0410 	mov.w	r4, #16
2000049c:	d4f7      	bmi.n	2000048e <dcd_rp2040_irq+0xf2>
2000049e:	03eb      	lsls	r3, r5, #15
200004a0:	d522      	bpl.n	200004e8 <dcd_rp2040_irq+0x14c>
200004a2:	4c7c      	ldr	r4, [pc, #496]	@ (20000694 <dcd_rp2040_irq+0x2f8>)
200004a4:	f446 3680 	orr.w	r6, r6, #65536	@ 0x10000
200004a8:	7ea3      	ldrb	r3, [r4, #26]
200004aa:	2b00      	cmp	r3, #0
200004ac:	f040 8099 	bne.w	200005e2 <dcd_rp2040_irq+0x246>
200004b0:	2301      	movs	r3, #1
200004b2:	f894 203a 	ldrb.w	r2, [r4, #58]	@ 0x3a
200004b6:	70e3      	strb	r3, [r4, #3]
200004b8:	2a00      	cmp	r2, #0
200004ba:	f040 80ad 	bne.w	20000618 <dcd_rp2040_irq+0x27c>
200004be:	2301      	movs	r3, #1
200004c0:	f44f 61c0 	mov.w	r1, #1536	@ 0x600
200004c4:	4a78      	ldr	r2, [pc, #480]	@ (200006a8 <dcd_rp2040_irq+0x30c>)
200004c6:	f884 3023 	strb.w	r3, [r4, #35]	@ 0x23
200004ca:	f8ad 1004 	strh.w	r1, [sp, #4]
200004ce:	e892 0003 	ldmia.w	r2, {r0, r1}
200004d2:	aa04      	add	r2, sp, #16
200004d4:	e902 0003 	stmdb	r2, {r0, r1}
200004d8:	4619      	mov	r1, r3
200004da:	a801      	add	r0, sp, #4
200004dc:	f000 fb66 	bl	20000bac <dcd_event_handler>
200004e0:	f44f 3200 	mov.w	r2, #131072	@ 0x20000
200004e4:	4b6e      	ldr	r3, [pc, #440]	@ (200006a0 <dcd_rp2040_irq+0x304>)
200004e6:	651a      	str	r2, [r3, #80]	@ 0x50
200004e8:	04e9      	lsls	r1, r5, #19
200004ea:	d408      	bmi.n	200004fe <dcd_rp2040_irq+0x162>
200004ec:	046a      	lsls	r2, r5, #17
200004ee:	d41d      	bmi.n	2000052c <dcd_rp2040_irq+0x190>
200004f0:	042b      	lsls	r3, r5, #16
200004f2:	d42a      	bmi.n	2000054a <dcd_rp2040_irq+0x1ae>
200004f4:	42ae      	cmp	r6, r5
200004f6:	f040 81c5 	bne.w	20000884 <dcd_rp2040_irq+0x4e8>
200004fa:	b005      	add	sp, #20
200004fc:	bdf0      	pop	{r4, r5, r6, r7, pc}
200004fe:	2400      	movs	r4, #0
20000500:	4b62      	ldr	r3, [pc, #392]	@ (2000068c <dcd_rp2040_irq+0x2f0>)
20000502:	f446 5680 	orr.w	r6, r6, #4096	@ 0x1000
20000506:	601c      	str	r4, [r3, #0]
20000508:	f7ff fece 	bl	200002a8 <reset_non_control_endpoints>
2000050c:	f44f 7380 	mov.w	r3, #256	@ 0x100
20000510:	2101      	movs	r1, #1
20000512:	a801      	add	r0, sp, #4
20000514:	f8ad 3004 	strh.w	r3, [sp, #4]
20000518:	f88d 4008 	strb.w	r4, [sp, #8]
2000051c:	f000 fb46 	bl	20000bac <dcd_event_handler>
20000520:	f44f 2200 	mov.w	r2, #524288	@ 0x80000
20000524:	4b5e      	ldr	r3, [pc, #376]	@ (200006a0 <dcd_rp2040_irq+0x304>)
20000526:	651a      	str	r2, [r3, #80]	@ 0x50
20000528:	046a      	lsls	r2, r5, #17
2000052a:	d5e1      	bpl.n	200004f0 <dcd_rp2040_irq+0x154>
2000052c:	f44f 6380 	mov.w	r3, #1024	@ 0x400
20000530:	2101      	movs	r1, #1
20000532:	a801      	add	r0, sp, #4
20000534:	f8ad 3004 	strh.w	r3, [sp, #4]
20000538:	f000 fb38 	bl	20000bac <dcd_event_handler>
2000053c:	2210      	movs	r2, #16
2000053e:	4b58      	ldr	r3, [pc, #352]	@ (200006a0 <dcd_rp2040_irq+0x304>)
20000540:	f446 4680 	orr.w	r6, r6, #16384	@ 0x4000
20000544:	651a      	str	r2, [r3, #80]	@ 0x50
20000546:	042b      	lsls	r3, r5, #16
20000548:	d5d4      	bpl.n	200004f4 <dcd_rp2040_irq+0x158>
2000054a:	f44f 63a0 	mov.w	r3, #1280	@ 0x500
2000054e:	2101      	movs	r1, #1
20000550:	a801      	add	r0, sp, #4
20000552:	f8ad 3004 	strh.w	r3, [sp, #4]
20000556:	f000 fb29 	bl	20000bac <dcd_event_handler>
2000055a:	f44f 6200 	mov.w	r2, #2048	@ 0x800
2000055e:	4b50      	ldr	r3, [pc, #320]	@ (200006a0 <dcd_rp2040_irq+0x304>)
20000560:	f446 4600 	orr.w	r6, r6, #32768	@ 0x8000
20000564:	651a      	str	r2, [r3, #80]	@ 0x50
20000566:	e7c5      	b.n	200004f4 <dcd_rp2040_irq+0x158>
20000568:	f894 603a 	ldrb.w	r6, [r4, #58]	@ 0x3a
2000056c:	2e00      	cmp	r6, #0
2000056e:	f43f af28 	beq.w	200003c2 <dcd_rp2040_irq+0x26>
20000572:	f894 303c 	ldrb.w	r3, [r4, #60]	@ 0x3c
20000576:	2b00      	cmp	r3, #0
20000578:	f43f af23 	beq.w	200003c2 <dcd_rp2040_irq+0x26>
2000057c:	2300      	movs	r3, #0
2000057e:	f104 0020 	add.w	r0, r4, #32
20000582:	f884 303c 	strb.w	r3, [r4, #60]	@ 0x3c
20000586:	f000 fac1 	bl	20000b0c <hw_endpoint_start_next_buffer>
2000058a:	e71a      	b.n	200003c2 <dcd_rp2040_irq+0x26>
2000058c:	f894 737a 	ldrb.w	r7, [r4, #890]	@ 0x37a
20000590:	2f00      	cmp	r7, #0
20000592:	f43f af57 	beq.w	20000444 <dcd_rp2040_irq+0xa8>
20000596:	f894 337c 	ldrb.w	r3, [r4, #892]	@ 0x37c
2000059a:	2b00      	cmp	r3, #0
2000059c:	f040 8164 	bne.w	20000868 <dcd_rp2040_irq+0x4cc>
200005a0:	f894 33bb 	ldrb.w	r3, [r4, #955]	@ 0x3bb
200005a4:	2b02      	cmp	r3, #2
200005a6:	f040 80f4 	bne.w	20000792 <dcd_rp2040_irq+0x3f6>
200005aa:	f894 33ba 	ldrb.w	r3, [r4, #954]	@ 0x3ba
200005ae:	2b00      	cmp	r3, #0
200005b0:	f040 80eb 	bne.w	2000078a <dcd_rp2040_irq+0x3ee>
200005b4:	f894 33fb 	ldrb.w	r3, [r4, #1019]	@ 0x3fb
200005b8:	2b02      	cmp	r3, #2
200005ba:	f47f af56 	bne.w	2000046a <dcd_rp2040_irq+0xce>
200005be:	463e      	mov	r6, r7
200005c0:	f894 33fa 	ldrb.w	r3, [r4, #1018]	@ 0x3fa
200005c4:	2b00      	cmp	r3, #0
200005c6:	f43f af47 	beq.w	20000458 <dcd_rp2040_irq+0xbc>
200005ca:	f894 33fc 	ldrb.w	r3, [r4, #1020]	@ 0x3fc
200005ce:	2b00      	cmp	r3, #0
200005d0:	f43f af4b 	beq.w	2000046a <dcd_rp2040_irq+0xce>
200005d4:	2300      	movs	r3, #0
200005d6:	4835      	ldr	r0, [pc, #212]	@ (200006ac <dcd_rp2040_irq+0x310>)
200005d8:	f884 33fc 	strb.w	r3, [r4, #1020]	@ 0x3fc
200005dc:	f000 fa96 	bl	20000b0c <hw_endpoint_start_next_buffer>
200005e0:	e743      	b.n	2000046a <dcd_rp2040_irq+0xce>
200005e2:	2102      	movs	r1, #2
200005e4:	4b32      	ldr	r3, [pc, #200]	@ (200006b0 <dcd_rp2040_irq+0x314>)
200005e6:	4a29      	ldr	r2, [pc, #164]	@ (2000068c <dcd_rp2040_irq+0x2f0>)
200005e8:	6619      	str	r1, [r3, #96]	@ 0x60
200005ea:	6e53      	ldr	r3, [r2, #100]	@ 0x64
200005ec:	079f      	lsls	r7, r3, #30
200005ee:	d5fc      	bpl.n	200005ea <dcd_rp2040_irq+0x24e>
200005f0:	f44f 5240 	mov.w	r2, #12288	@ 0x3000
200005f4:	2100      	movs	r1, #0
200005f6:	4827      	ldr	r0, [pc, #156]	@ (20000694 <dcd_rp2040_irq+0x2f8>)
200005f8:	f000 fa66 	bl	20000ac8 <_hw_endpoint_buffer_control_update32>
200005fc:	4825      	ldr	r0, [pc, #148]	@ (20000694 <dcd_rp2040_irq+0x2f8>)
200005fe:	f000 fa5d 	bl	20000abc <hw_endpoint_reset_transfer>
20000602:	2202      	movs	r2, #2
20000604:	4b26      	ldr	r3, [pc, #152]	@ (200006a0 <dcd_rp2040_irq+0x304>)
20000606:	665a      	str	r2, [r3, #100]	@ 0x64
20000608:	661a      	str	r2, [r3, #96]	@ 0x60
2000060a:	2301      	movs	r3, #1
2000060c:	f894 203a 	ldrb.w	r2, [r4, #58]	@ 0x3a
20000610:	70e3      	strb	r3, [r4, #3]
20000612:	2a00      	cmp	r2, #0
20000614:	f43f af53 	beq.w	200004be <dcd_rp2040_irq+0x122>
20000618:	4a25      	ldr	r2, [pc, #148]	@ (200006b0 <dcd_rp2040_irq+0x314>)
2000061a:	6613      	str	r3, [r2, #96]	@ 0x60
2000061c:	f5a2 5200 	sub.w	r2, r2, #8192	@ 0x2000
20000620:	6e53      	ldr	r3, [r2, #100]	@ 0x64
20000622:	07d8      	lsls	r0, r3, #31
20000624:	d5fc      	bpl.n	20000620 <dcd_rp2040_irq+0x284>
20000626:	f44f 5240 	mov.w	r2, #12288	@ 0x3000
2000062a:	2100      	movs	r1, #0
2000062c:	4821      	ldr	r0, [pc, #132]	@ (200006b4 <dcd_rp2040_irq+0x318>)
2000062e:	f000 fa4b 	bl	20000ac8 <_hw_endpoint_buffer_control_update32>
20000632:	4820      	ldr	r0, [pc, #128]	@ (200006b4 <dcd_rp2040_irq+0x318>)
20000634:	f000 fa42 	bl	20000abc <hw_endpoint_reset_transfer>
20000638:	2201      	movs	r2, #1
2000063a:	4b19      	ldr	r3, [pc, #100]	@ (200006a0 <dcd_rp2040_irq+0x304>)
2000063c:	665a      	str	r2, [r3, #100]	@ 0x64
2000063e:	661a      	str	r2, [r3, #96]	@ 0x60
20000640:	e73d      	b.n	200004be <dcd_rp2040_irq+0x122>
20000642:	f894 707a 	ldrb.w	r7, [r4, #122]	@ 0x7a
20000646:	2f00      	cmp	r7, #0
20000648:	f43f aec0 	beq.w	200003cc <dcd_rp2040_irq+0x30>
2000064c:	f894 307c 	ldrb.w	r3, [r4, #124]	@ 0x7c
20000650:	2b00      	cmp	r3, #0
20000652:	f040 8101 	bne.w	20000858 <dcd_rp2040_irq+0x4bc>
20000656:	463e      	mov	r6, r7
20000658:	e6b8      	b.n	200003cc <dcd_rp2040_irq+0x30>
2000065a:	f894 717a 	ldrb.w	r7, [r4, #378]	@ 0x17a
2000065e:	2f00      	cmp	r7, #0
20000660:	f43f aec8 	beq.w	200003f4 <dcd_rp2040_irq+0x58>
20000664:	f894 317c 	ldrb.w	r3, [r4, #380]	@ 0x17c
20000668:	2b00      	cmp	r3, #0
2000066a:	f040 80ed 	bne.w	20000848 <dcd_rp2040_irq+0x4ac>
2000066e:	463e      	mov	r6, r7
20000670:	e6c0      	b.n	200003f4 <dcd_rp2040_irq+0x58>
20000672:	f894 713a 	ldrb.w	r7, [r4, #314]	@ 0x13a
20000676:	2f00      	cmp	r7, #0
20000678:	f43f aeb7 	beq.w	200003ea <dcd_rp2040_irq+0x4e>
2000067c:	f894 313c 	ldrb.w	r3, [r4, #316]	@ 0x13c
20000680:	2b00      	cmp	r3, #0
20000682:	f040 80d9 	bne.w	20000838 <dcd_rp2040_irq+0x49c>
20000686:	463e      	mov	r6, r7
20000688:	e6af      	b.n	200003ea <dcd_rp2040_irq+0x4e>
2000068a:	bf00      	nop
2000068c:	50110000 	.word	0x50110000
20000690:	400b0000 	.word	0x400b0000
20000694:	20001ddc 	.word	0x20001ddc
20000698:	20001dd4 	.word	0x20001dd4
2000069c:	2000224e 	.word	0x2000224e
200006a0:	50113000 	.word	0x50113000
200006a4:	00020010 	.word	0x00020010
200006a8:	50100000 	.word	0x50100000
200006ac:	200021bc 	.word	0x200021bc
200006b0:	50112000 	.word	0x50112000
200006b4:	20001dfc 	.word	0x20001dfc
200006b8:	f894 70fa 	ldrb.w	r7, [r4, #250]	@ 0xfa
200006bc:	2f00      	cmp	r7, #0
200006be:	f43f ae8f 	beq.w	200003e0 <dcd_rp2040_irq+0x44>
200006c2:	f894 30fc 	ldrb.w	r3, [r4, #252]	@ 0xfc
200006c6:	2b00      	cmp	r3, #0
200006c8:	f040 808e 	bne.w	200007e8 <dcd_rp2040_irq+0x44c>
200006cc:	463e      	mov	r6, r7
200006ce:	e687      	b.n	200003e0 <dcd_rp2040_irq+0x44>
200006d0:	f894 70ba 	ldrb.w	r7, [r4, #186]	@ 0xba
200006d4:	2f00      	cmp	r7, #0
200006d6:	f43f ae7e 	beq.w	200003d6 <dcd_rp2040_irq+0x3a>
200006da:	f894 30bc 	ldrb.w	r3, [r4, #188]	@ 0xbc
200006de:	2b00      	cmp	r3, #0
200006e0:	d17a      	bne.n	200007d8 <dcd_rp2040_irq+0x43c>
200006e2:	463e      	mov	r6, r7
200006e4:	e677      	b.n	200003d6 <dcd_rp2040_irq+0x3a>
200006e6:	f894 733a 	ldrb.w	r7, [r4, #826]	@ 0x33a
200006ea:	2f00      	cmp	r7, #0
200006ec:	f43f aea5 	beq.w	2000043a <dcd_rp2040_irq+0x9e>
200006f0:	f894 333c 	ldrb.w	r3, [r4, #828]	@ 0x33c
200006f4:	2b00      	cmp	r3, #0
200006f6:	d157      	bne.n	200007a8 <dcd_rp2040_irq+0x40c>
200006f8:	463e      	mov	r6, r7
200006fa:	e69e      	b.n	2000043a <dcd_rp2040_irq+0x9e>
200006fc:	f894 72fa 	ldrb.w	r7, [r4, #762]	@ 0x2fa
20000700:	2f00      	cmp	r7, #0
20000702:	f43f ae95 	beq.w	20000430 <dcd_rp2040_irq+0x94>
20000706:	f894 32fc 	ldrb.w	r3, [r4, #764]	@ 0x2fc
2000070a:	2b00      	cmp	r3, #0
2000070c:	d15c      	bne.n	200007c8 <dcd_rp2040_irq+0x42c>
2000070e:	463e      	mov	r6, r7
20000710:	e68e      	b.n	20000430 <dcd_rp2040_irq+0x94>
20000712:	f894 72ba 	ldrb.w	r7, [r4, #698]	@ 0x2ba
20000716:	2f00      	cmp	r7, #0
20000718:	f43f ae85 	beq.w	20000426 <dcd_rp2040_irq+0x8a>
2000071c:	f894 32bc 	ldrb.w	r3, [r4, #700]	@ 0x2bc
20000720:	2b00      	cmp	r3, #0
20000722:	d149      	bne.n	200007b8 <dcd_rp2040_irq+0x41c>
20000724:	463e      	mov	r6, r7
20000726:	e67e      	b.n	20000426 <dcd_rp2040_irq+0x8a>
20000728:	f894 727a 	ldrb.w	r7, [r4, #634]	@ 0x27a
2000072c:	2f00      	cmp	r7, #0
2000072e:	f43f ae75 	beq.w	2000041c <dcd_rp2040_irq+0x80>
20000732:	f894 327c 	ldrb.w	r3, [r4, #636]	@ 0x27c
20000736:	2b00      	cmp	r3, #0
20000738:	d176      	bne.n	20000828 <dcd_rp2040_irq+0x48c>
2000073a:	463e      	mov	r6, r7
2000073c:	e66e      	b.n	2000041c <dcd_rp2040_irq+0x80>
2000073e:	f894 723a 	ldrb.w	r7, [r4, #570]	@ 0x23a
20000742:	2f00      	cmp	r7, #0
20000744:	f43f ae65 	beq.w	20000412 <dcd_rp2040_irq+0x76>
20000748:	f894 323c 	ldrb.w	r3, [r4, #572]	@ 0x23c
2000074c:	2b00      	cmp	r3, #0
2000074e:	d163      	bne.n	20000818 <dcd_rp2040_irq+0x47c>
20000750:	463e      	mov	r6, r7
20000752:	e65e      	b.n	20000412 <dcd_rp2040_irq+0x76>
20000754:	f894 71fa 	ldrb.w	r7, [r4, #506]	@ 0x1fa
20000758:	2f00      	cmp	r7, #0
2000075a:	f43f ae55 	beq.w	20000408 <dcd_rp2040_irq+0x6c>
2000075e:	f894 31fc 	ldrb.w	r3, [r4, #508]	@ 0x1fc
20000762:	2b00      	cmp	r3, #0
20000764:	d150      	bne.n	20000808 <dcd_rp2040_irq+0x46c>
20000766:	463e      	mov	r6, r7
20000768:	e64e      	b.n	20000408 <dcd_rp2040_irq+0x6c>
2000076a:	f894 71ba 	ldrb.w	r7, [r4, #442]	@ 0x1ba
2000076e:	2f00      	cmp	r7, #0
20000770:	f43f ae45 	beq.w	200003fe <dcd_rp2040_irq+0x62>
20000774:	f894 31bc 	ldrb.w	r3, [r4, #444]	@ 0x1bc
20000778:	2b00      	cmp	r3, #0
2000077a:	d13d      	bne.n	200007f8 <dcd_rp2040_irq+0x45c>
2000077c:	463e      	mov	r6, r7
2000077e:	e63e      	b.n	200003fe <dcd_rp2040_irq+0x62>
20000780:	f894 33ba 	ldrb.w	r3, [r4, #954]	@ 0x3ba
20000784:	2b00      	cmp	r3, #0
20000786:	f43f ae62 	beq.w	2000044e <dcd_rp2040_irq+0xb2>
2000078a:	f894 33bc 	ldrb.w	r3, [r4, #956]	@ 0x3bc
2000078e:	2b00      	cmp	r3, #0
20000790:	d171      	bne.n	20000876 <dcd_rp2040_irq+0x4da>
20000792:	f894 33fb 	ldrb.w	r3, [r4, #1019]	@ 0x3fb
20000796:	2b02      	cmp	r3, #2
20000798:	f47f ae67 	bne.w	2000046a <dcd_rp2040_irq+0xce>
2000079c:	f894 33fa 	ldrb.w	r3, [r4, #1018]	@ 0x3fa
200007a0:	2b00      	cmp	r3, #0
200007a2:	f43f ae62 	beq.w	2000046a <dcd_rp2040_irq+0xce>
200007a6:	e710      	b.n	200005ca <dcd_rp2040_irq+0x22e>
200007a8:	2300      	movs	r3, #0
200007aa:	4839      	ldr	r0, [pc, #228]	@ (20000890 <dcd_rp2040_irq+0x4f4>)
200007ac:	f884 333c 	strb.w	r3, [r4, #828]	@ 0x33c
200007b0:	463e      	mov	r6, r7
200007b2:	f000 f9ab 	bl	20000b0c <hw_endpoint_start_next_buffer>
200007b6:	e640      	b.n	2000043a <dcd_rp2040_irq+0x9e>
200007b8:	2300      	movs	r3, #0
200007ba:	4836      	ldr	r0, [pc, #216]	@ (20000894 <dcd_rp2040_irq+0x4f8>)
200007bc:	f884 32bc 	strb.w	r3, [r4, #700]	@ 0x2bc
200007c0:	463e      	mov	r6, r7
200007c2:	f000 f9a3 	bl	20000b0c <hw_endpoint_start_next_buffer>
200007c6:	e62e      	b.n	20000426 <dcd_rp2040_irq+0x8a>
200007c8:	2300      	movs	r3, #0
200007ca:	4833      	ldr	r0, [pc, #204]	@ (20000898 <dcd_rp2040_irq+0x4fc>)
200007cc:	f884 32fc 	strb.w	r3, [r4, #764]	@ 0x2fc
200007d0:	463e      	mov	r6, r7
200007d2:	f000 f99b 	bl	20000b0c <hw_endpoint_start_next_buffer>
200007d6:	e62b      	b.n	20000430 <dcd_rp2040_irq+0x94>
200007d8:	2300      	movs	r3, #0
200007da:	4830      	ldr	r0, [pc, #192]	@ (2000089c <dcd_rp2040_irq+0x500>)
200007dc:	f884 30bc 	strb.w	r3, [r4, #188]	@ 0xbc
200007e0:	463e      	mov	r6, r7
200007e2:	f000 f993 	bl	20000b0c <hw_endpoint_start_next_buffer>
200007e6:	e5f6      	b.n	200003d6 <dcd_rp2040_irq+0x3a>
200007e8:	2300      	movs	r3, #0
200007ea:	482d      	ldr	r0, [pc, #180]	@ (200008a0 <dcd_rp2040_irq+0x504>)
200007ec:	f884 30fc 	strb.w	r3, [r4, #252]	@ 0xfc
200007f0:	463e      	mov	r6, r7
200007f2:	f000 f98b 	bl	20000b0c <hw_endpoint_start_next_buffer>
200007f6:	e5f3      	b.n	200003e0 <dcd_rp2040_irq+0x44>
200007f8:	2300      	movs	r3, #0
200007fa:	482a      	ldr	r0, [pc, #168]	@ (200008a4 <dcd_rp2040_irq+0x508>)
200007fc:	f884 31bc 	strb.w	r3, [r4, #444]	@ 0x1bc
20000800:	463e      	mov	r6, r7
20000802:	f000 f983 	bl	20000b0c <hw_endpoint_start_next_buffer>
20000806:	e5fa      	b.n	200003fe <dcd_rp2040_irq+0x62>
20000808:	2300      	movs	r3, #0
2000080a:	4827      	ldr	r0, [pc, #156]	@ (200008a8 <dcd_rp2040_irq+0x50c>)
2000080c:	f884 31fc 	strb.w	r3, [r4, #508]	@ 0x1fc
20000810:	463e      	mov	r6, r7
20000812:	f000 f97b 	bl	20000b0c <hw_endpoint_start_next_buffer>
20000816:	e5f7      	b.n	20000408 <dcd_rp2040_irq+0x6c>
20000818:	2300      	movs	r3, #0
2000081a:	4824      	ldr	r0, [pc, #144]	@ (200008ac <dcd_rp2040_irq+0x510>)
2000081c:	f884 323c 	strb.w	r3, [r4, #572]	@ 0x23c
20000820:	463e      	mov	r6, r7
20000822:	f000 f973 	bl	20000b0c <hw_endpoint_start_next_buffer>
20000826:	e5f4      	b.n	20000412 <dcd_rp2040_irq+0x76>
20000828:	2300      	movs	r3, #0
2000082a:	4821      	ldr	r0, [pc, #132]	@ (200008b0 <dcd_rp2040_irq+0x514>)
2000082c:	f884 327c 	strb.w	r3, [r4, #636]	@ 0x27c
20000830:	463e      	mov	r6, r7
20000832:	f000 f96b 	bl	20000b0c <hw_endpoint_start_next_buffer>
20000836:	e5f1      	b.n	2000041c <dcd_rp2040_irq+0x80>
20000838:	2300      	movs	r3, #0
2000083a:	481e      	ldr	r0, [pc, #120]	@ (200008b4 <dcd_rp2040_irq+0x518>)
2000083c:	f884 313c 	strb.w	r3, [r4, #316]	@ 0x13c
20000840:	463e      	mov	r6, r7
20000842:	f000 f963 	bl	20000b0c <hw_endpoint_start_next_buffer>
20000846:	e5d0      	b.n	200003ea <dcd_rp2040_irq+0x4e>
20000848:	2300      	movs	r3, #0
2000084a:	481b      	ldr	r0, [pc, #108]	@ (200008b8 <dcd_rp2040_irq+0x51c>)
2000084c:	f884 317c 	strb.w	r3, [r4, #380]	@ 0x17c
20000850:	463e      	mov	r6, r7
20000852:	f000 f95b 	bl	20000b0c <hw_endpoint_start_next_buffer>
20000856:	e5cd      	b.n	200003f4 <dcd_rp2040_irq+0x58>
20000858:	2300      	movs	r3, #0
2000085a:	4818      	ldr	r0, [pc, #96]	@ (200008bc <dcd_rp2040_irq+0x520>)
2000085c:	f884 307c 	strb.w	r3, [r4, #124]	@ 0x7c
20000860:	463e      	mov	r6, r7
20000862:	f000 f953 	bl	20000b0c <hw_endpoint_start_next_buffer>
20000866:	e5b1      	b.n	200003cc <dcd_rp2040_irq+0x30>
20000868:	2300      	movs	r3, #0
2000086a:	4815      	ldr	r0, [pc, #84]	@ (200008c0 <dcd_rp2040_irq+0x524>)
2000086c:	f884 337c 	strb.w	r3, [r4, #892]	@ 0x37c
20000870:	f000 f94c 	bl	20000b0c <hw_endpoint_start_next_buffer>
20000874:	e694      	b.n	200005a0 <dcd_rp2040_irq+0x204>
20000876:	2300      	movs	r3, #0
20000878:	4812      	ldr	r0, [pc, #72]	@ (200008c4 <dcd_rp2040_irq+0x528>)
2000087a:	f884 33bc 	strb.w	r3, [r4, #956]	@ 0x3bc
2000087e:	f000 f945 	bl	20000b0c <hw_endpoint_start_next_buffer>
20000882:	e786      	b.n	20000792 <dcd_rp2040_irq+0x3f6>
20000884:	4810      	ldr	r0, [pc, #64]	@ (200008c8 <dcd_rp2040_irq+0x52c>)
20000886:	ea86 0105 	eor.w	r1, r6, r5
2000088a:	f000 fe71 	bl	20001570 <__panic_veneer>
2000088e:	bf00      	nop
20000890:	200020fc 	.word	0x200020fc
20000894:	2000207c 	.word	0x2000207c
20000898:	200020bc 	.word	0x200020bc
2000089c:	20001e7c 	.word	0x20001e7c
200008a0:	20001ebc 	.word	0x20001ebc
200008a4:	20001f7c 	.word	0x20001f7c
200008a8:	20001fbc 	.word	0x20001fbc
200008ac:	20001ffc 	.word	0x20001ffc
200008b0:	2000203c 	.word	0x2000203c
200008b4:	20001efc 	.word	0x20001efc
200008b8:	20001f3c 	.word	0x20001f3c
200008bc:	20001e3c 	.word	0x20001e3c
200008c0:	2000213c 	.word	0x2000213c
200008c4:	2000217c 	.word	0x2000217c
200008c8:	10006dec 	.word	0x10006dec

200008cc <prepare_ep_buffer>:
200008cc:	e92d 47f0 	stmdb	sp!, {r4, r5, r6, r7, r8, r9, sl, lr}
200008d0:	8a84      	ldrh	r4, [r0, #20]
200008d2:	8b05      	ldrh	r5, [r0, #24]
200008d4:	78c2      	ldrb	r2, [r0, #3]
200008d6:	42a5      	cmp	r5, r4
200008d8:	bf28      	it	cs
200008da:	4625      	movcs	r5, r4
200008dc:	1e17      	subs	r7, r2, #0
200008de:	bf18      	it	ne
200008e0:	2701      	movne	r7, #1
200008e2:	1b64      	subs	r4, r4, r5
200008e4:	7846      	ldrb	r6, [r0, #1]
200008e6:	f082 0201 	eor.w	r2, r2, #1
200008ea:	b2a4      	uxth	r4, r4
200008ec:	4603      	mov	r3, r0
200008ee:	70c2      	strb	r2, [r0, #3]
200008f0:	8284      	strh	r4, [r0, #20]
200008f2:	f445 6080 	orr.w	r0, r5, #1024	@ 0x400
200008f6:	ea40 3047 	orr.w	r0, r0, r7, lsl #13
200008fa:	bba6      	cbnz	r6, 20000966 <prepare_ep_buffer+0x9a>
200008fc:	e9d3 2603 	ldrd	r2, r6, [r3, #12]
20000900:	1e6f      	subs	r7, r5, #1
20000902:	eb02 1e81 	add.w	lr, r2, r1, lsl #6
20000906:	b355      	cbz	r5, 2000095e <prepare_ep_buffer+0x92>
20000908:	2f05      	cmp	r7, #5
2000090a:	bf98      	it	ls
2000090c:	1c72      	addls	r2, r6, #1
2000090e:	d931      	bls.n	20000974 <prepare_ep_buffer+0xa8>
20000910:	eb02 1c81 	add.w	ip, r2, r1, lsl #6
20000914:	1c72      	adds	r2, r6, #1
20000916:	ebac 0402 	sub.w	r4, ip, r2
2000091a:	2c02      	cmp	r4, #2
2000091c:	d92a      	bls.n	20000974 <prepare_ep_buffer+0xa8>
2000091e:	4632      	mov	r2, r6
20000920:	ea4f 0995 	mov.w	r9, r5, lsr #2
20000924:	ea4f 0a89 	mov.w	sl, r9, lsl #2
20000928:	eb06 0889 	add.w	r8, r6, r9, lsl #2
2000092c:	f852 4b04 	ldr.w	r4, [r2], #4
20000930:	4542      	cmp	r2, r8
20000932:	f84c 4b04 	str.w	r4, [ip], #4
20000936:	d1f9      	bne.n	2000092c <prepare_ep_buffer+0x60>
20000938:	4555      	cmp	r5, sl
2000093a:	eba7 070a 	sub.w	r7, r7, sl
2000093e:	eb0e 040a 	add.w	r4, lr, sl
20000942:	d00a      	beq.n	2000095a <prepare_ep_buffer+0x8e>
20000944:	f816 6029 	ldrb.w	r6, [r6, r9, lsl #2]
20000948:	f80e 6029 	strb.w	r6, [lr, r9, lsl #2]
2000094c:	b12f      	cbz	r7, 2000095a <prepare_ep_buffer+0x8e>
2000094e:	7856      	ldrb	r6, [r2, #1]
20000950:	2f01      	cmp	r7, #1
20000952:	7066      	strb	r6, [r4, #1]
20000954:	d001      	beq.n	2000095a <prepare_ep_buffer+0x8e>
20000956:	7892      	ldrb	r2, [r2, #2]
20000958:	70a2      	strb	r2, [r4, #2]
2000095a:	691e      	ldr	r6, [r3, #16]
2000095c:	8a9c      	ldrh	r4, [r3, #20]
2000095e:	442e      	add	r6, r5
20000960:	611e      	str	r6, [r3, #16]
20000962:	f440 4000 	orr.w	r0, r0, #32768	@ 0x8000
20000966:	b90c      	cbnz	r4, 2000096c <prepare_ep_buffer+0xa0>
20000968:	f440 4080 	orr.w	r0, r0, #16384	@ 0x4000
2000096c:	b101      	cbz	r1, 20000970 <prepare_ep_buffer+0xa4>
2000096e:	0400      	lsls	r0, r0, #16
20000970:	e8bd 87f0 	ldmia.w	sp!, {r4, r5, r6, r7, r8, r9, sl, pc}
20000974:	f10e 3eff 	add.w	lr, lr, #4294967295	@ 0xffffffff
20000978:	442e      	add	r6, r5
2000097a:	e000      	b.n	2000097e <prepare_ep_buffer+0xb2>
2000097c:	3201      	adds	r2, #1
2000097e:	f812 4c01 	ldrb.w	r4, [r2, #-1]
20000982:	42b2      	cmp	r2, r6
20000984:	f80e 4f01 	strb.w	r4, [lr, #1]!
20000988:	d1f8      	bne.n	2000097c <prepare_ep_buffer+0xb0>
2000098a:	e7e6      	b.n	2000095a <prepare_ep_buffer+0x8e>

2000098c <sync_ep_buffer>:
2000098c:	6883      	ldr	r3, [r0, #8]
2000098e:	4602      	mov	r2, r0
20000990:	6818      	ldr	r0, [r3, #0]
20000992:	b101      	cbz	r1, 20000996 <sync_ep_buffer+0xa>
20000994:	0c00      	lsrs	r0, r0, #16
20000996:	7853      	ldrb	r3, [r2, #1]
20000998:	f3c0 0009 	ubfx	r0, r0, #0, #10
2000099c:	2b00      	cmp	r3, #0
2000099e:	d03c      	beq.n	20000a1a <sync_ep_buffer+0x8e>
200009a0:	e92d 41f0 	stmdb	sp!, {r4, r5, r6, r7, r8, lr}
200009a4:	e9d2 3403 	ldrd	r3, r4, [r2, #12]
200009a8:	1e46      	subs	r6, r0, #1
200009aa:	eb03 1e81 	add.w	lr, r3, r1, lsl #6
200009ae:	b340      	cbz	r0, 20000a02 <sync_ep_buffer+0x76>
200009b0:	2e05      	cmp	r6, #5
200009b2:	d93b      	bls.n	20000a2c <sync_ep_buffer+0xa0>
200009b4:	0189      	lsls	r1, r1, #6
200009b6:	1c4d      	adds	r5, r1, #1
200009b8:	441d      	add	r5, r3
200009ba:	1b65      	subs	r5, r4, r5
200009bc:	2d02      	cmp	r5, #2
200009be:	d935      	bls.n	20000a2c <sync_ep_buffer+0xa0>
200009c0:	4673      	mov	r3, lr
200009c2:	4621      	mov	r1, r4
200009c4:	f400 777f 	and.w	r7, r0, #1020	@ 0x3fc
200009c8:	ea4f 0890 	mov.w	r8, r0, lsr #2
200009cc:	18fd      	adds	r5, r7, r3
200009ce:	f853 cb04 	ldr.w	ip, [r3], #4
200009d2:	42ab      	cmp	r3, r5
200009d4:	f841 cb04 	str.w	ip, [r1], #4
200009d8:	d1f9      	bne.n	200009ce <sync_ep_buffer+0x42>
200009da:	42b8      	cmp	r0, r7
200009dc:	eba6 0607 	sub.w	r6, r6, r7
200009e0:	eb04 0307 	add.w	r3, r4, r7
200009e4:	eb0e 0107 	add.w	r1, lr, r7
200009e8:	d00a      	beq.n	20000a00 <sync_ep_buffer+0x74>
200009ea:	f81e 5028 	ldrb.w	r5, [lr, r8, lsl #2]
200009ee:	f804 5028 	strb.w	r5, [r4, r8, lsl #2]
200009f2:	b12e      	cbz	r6, 20000a00 <sync_ep_buffer+0x74>
200009f4:	784c      	ldrb	r4, [r1, #1]
200009f6:	2e01      	cmp	r6, #1
200009f8:	705c      	strb	r4, [r3, #1]
200009fa:	d001      	beq.n	20000a00 <sync_ep_buffer+0x74>
200009fc:	7889      	ldrb	r1, [r1, #2]
200009fe:	7099      	strb	r1, [r3, #2]
20000a00:	6914      	ldr	r4, [r2, #16]
20000a02:	8ad3      	ldrh	r3, [r2, #22]
20000a04:	4404      	add	r4, r0
20000a06:	4403      	add	r3, r0
20000a08:	82d3      	strh	r3, [r2, #22]
20000a0a:	8b13      	ldrh	r3, [r2, #24]
20000a0c:	6114      	str	r4, [r2, #16]
20000a0e:	4283      	cmp	r3, r0
20000a10:	bf84      	itt	hi
20000a12:	2300      	movhi	r3, #0
20000a14:	8293      	strhhi	r3, [r2, #20]
20000a16:	e8bd 81f0 	ldmia.w	sp!, {r4, r5, r6, r7, r8, pc}
20000a1a:	8ad3      	ldrh	r3, [r2, #22]
20000a1c:	4403      	add	r3, r0
20000a1e:	82d3      	strh	r3, [r2, #22]
20000a20:	8b13      	ldrh	r3, [r2, #24]
20000a22:	4283      	cmp	r3, r0
20000a24:	bf84      	itt	hi
20000a26:	2300      	movhi	r3, #0
20000a28:	8293      	strhhi	r3, [r2, #20]
20000a2a:	4770      	bx	lr
20000a2c:	3c01      	subs	r4, #1
20000a2e:	eb0e 0100 	add.w	r1, lr, r0
20000a32:	f81e 3b01 	ldrb.w	r3, [lr], #1
20000a36:	4571      	cmp	r1, lr
20000a38:	f804 3f01 	strb.w	r3, [r4, #1]!
20000a3c:	d1f9      	bne.n	20000a32 <sync_ep_buffer+0xa6>
20000a3e:	e7df      	b.n	20000a00 <sync_ep_buffer+0x74>

20000a40 <_hw_endpoint_xfer_sync>:
20000a40:	b510      	push	{r4, lr}
20000a42:	4604      	mov	r4, r0
20000a44:	6883      	ldr	r3, [r0, #8]
20000a46:	2100      	movs	r1, #0
20000a48:	681b      	ldr	r3, [r3, #0]
20000a4a:	f7ff ff9f 	bl	2000098c <sync_ep_buffer>
20000a4e:	6863      	ldr	r3, [r4, #4]
20000a50:	681b      	ldr	r3, [r3, #0]
20000a52:	005b      	lsls	r3, r3, #1
20000a54:	d502      	bpl.n	20000a5c <_hw_endpoint_xfer_sync+0x1c>
20000a56:	8b23      	ldrh	r3, [r4, #24]
20000a58:	4283      	cmp	r3, r0
20000a5a:	d000      	beq.n	20000a5e <_hw_endpoint_xfer_sync+0x1e>
20000a5c:	bd10      	pop	{r4, pc}
20000a5e:	4620      	mov	r0, r4
20000a60:	e8bd 4010 	ldmia.w	sp!, {r4, lr}
20000a64:	2101      	movs	r1, #1
20000a66:	f7ff bf91 	b.w	2000098c <sync_ep_buffer>
20000a6a:	bf00      	nop

20000a6c <e15_is_bulkin_ep>:
20000a6c:	4b08      	ldr	r3, [pc, #32]	@ (20000a90 <e15_is_bulkin_ep+0x24>)
20000a6e:	6c1b      	ldr	r3, [r3, #64]	@ 0x40
20000a70:	f013 0302 	ands.w	r3, r3, #2
20000a74:	d102      	bne.n	20000a7c <e15_is_bulkin_ep+0x10>
20000a76:	7882      	ldrb	r2, [r0, #2]
20000a78:	09d2      	lsrs	r2, r2, #7
20000a7a:	d101      	bne.n	20000a80 <e15_is_bulkin_ep+0x14>
20000a7c:	2000      	movs	r0, #0
20000a7e:	4770      	bx	lr
20000a80:	7ec0      	ldrb	r0, [r0, #27]
20000a82:	f1a0 0002 	sub.w	r0, r0, #2
20000a86:	fab0 f080 	clz	r0, r0
20000a8a:	0940      	lsrs	r0, r0, #5
20000a8c:	4770      	bx	lr
20000a8e:	bf00      	nop
20000a90:	50110000 	.word	0x50110000

20000a94 <e15_is_critical_frame_period>:
20000a94:	b508      	push	{r3, lr}
20000a96:	f7ff ffe9 	bl	20000a6c <e15_is_bulkin_ep>
20000a9a:	b150      	cbz	r0, 20000ab2 <e15_is_critical_frame_period+0x1e>
20000a9c:	4a05      	ldr	r2, [pc, #20]	@ (20000ab4 <e15_is_critical_frame_period+0x20>)
20000a9e:	4b06      	ldr	r3, [pc, #24]	@ (20000ab8 <e15_is_critical_frame_period+0x24>)
20000aa0:	6a90      	ldr	r0, [r2, #40]	@ 0x28
20000aa2:	681b      	ldr	r3, [r3, #0]
20000aa4:	f5a0 7048 	sub.w	r0, r0, #800	@ 0x320
20000aa8:	1ac0      	subs	r0, r0, r3
20000aaa:	28c6      	cmp	r0, #198	@ 0xc6
20000aac:	bf8c      	ite	hi
20000aae:	2000      	movhi	r0, #0
20000ab0:	2001      	movls	r0, #1
20000ab2:	bd08      	pop	{r3, pc}
20000ab4:	400b0000 	.word	0x400b0000
20000ab8:	20001dd4 	.word	0x20001dd4

20000abc <hw_endpoint_reset_transfer>:
20000abc:	2300      	movs	r3, #0
20000abe:	e9c0 3304 	strd	r3, r3, [r0, #16]
20000ac2:	7683      	strb	r3, [r0, #26]
20000ac4:	4770      	bx	lr
20000ac6:	bf00      	nop

20000ac8 <_hw_endpoint_buffer_control_update32>:
20000ac8:	b510      	push	{r4, lr}
20000aca:	6883      	ldr	r3, [r0, #8]
20000acc:	b109      	cbz	r1, 20000ad2 <_hw_endpoint_buffer_control_update32+0xa>
20000ace:	681c      	ldr	r4, [r3, #0]
20000ad0:	4021      	ands	r1, r4
20000ad2:	b182      	cbz	r2, 20000af6 <_hw_endpoint_buffer_control_update32+0x2e>
20000ad4:	4311      	orrs	r1, r2
20000ad6:	0552      	lsls	r2, r2, #21
20000ad8:	d50d      	bpl.n	20000af6 <_hw_endpoint_buffer_control_update32+0x2e>
20000ada:	681a      	ldr	r2, [r3, #0]
20000adc:	0554      	lsls	r4, r2, #21
20000ade:	d40c      	bmi.n	20000afa <_hw_endpoint_buffer_control_update32+0x32>
20000ae0:	4a08      	ldr	r2, [pc, #32]	@ (20000b04 <_hw_endpoint_buffer_control_update32+0x3c>)
20000ae2:	f421 6480 	bic.w	r4, r1, #1024	@ 0x400
20000ae6:	601c      	str	r4, [r3, #0]
20000ae8:	6c12      	ldr	r2, [r2, #64]	@ 0x40
20000aea:	0792      	lsls	r2, r2, #30
20000aec:	d403      	bmi.n	20000af6 <_hw_endpoint_buffer_control_update32+0x2e>
20000aee:	230c      	movs	r3, #12
20000af0:	3b03      	subs	r3, #3
20000af2:	d2fd      	bcs.n	20000af0 <_hw_endpoint_buffer_control_update32+0x28>
20000af4:	6883      	ldr	r3, [r0, #8]
20000af6:	6019      	str	r1, [r3, #0]
20000af8:	bd10      	pop	{r4, pc}
20000afa:	7881      	ldrb	r1, [r0, #2]
20000afc:	4802      	ldr	r0, [pc, #8]	@ (20000b08 <_hw_endpoint_buffer_control_update32+0x40>)
20000afe:	f000 fd37 	bl	20001570 <__panic_veneer>
20000b02:	bf00      	nop
20000b04:	50110000 	.word	0x50110000
20000b08:	10006e00 	.word	0x10006e00

20000b0c <hw_endpoint_start_next_buffer>:
20000b0c:	b530      	push	{r4, r5, lr}
20000b0e:	6843      	ldr	r3, [r0, #4]
20000b10:	2100      	movs	r1, #0
20000b12:	b083      	sub	sp, #12
20000b14:	4604      	mov	r4, r0
20000b16:	681d      	ldr	r5, [r3, #0]
20000b18:	f7ff fed8 	bl	200008cc <prepare_ep_buffer>
20000b1c:	4b13      	ldr	r3, [pc, #76]	@ (20000b6c <hw_endpoint_start_next_buffer+0x60>)
20000b1e:	f440 5280 	orr.w	r2, r0, #4096	@ 0x1000
20000b22:	6c19      	ldr	r1, [r3, #64]	@ 0x40
20000b24:	78a3      	ldrb	r3, [r4, #2]
20000b26:	0789      	lsls	r1, r1, #30
20000b28:	d50e      	bpl.n	20000b48 <hw_endpoint_start_next_buffer+0x3c>
20000b2a:	065b      	lsls	r3, r3, #25
20000b2c:	d00e      	beq.n	20000b4c <hw_endpoint_start_next_buffer+0x40>
20000b2e:	f025 45a0 	bic.w	r5, r5, #1342177280	@ 0x50000000
20000b32:	f045 5500 	orr.w	r5, r5, #536870912	@ 0x20000000
20000b36:	2100      	movs	r1, #0
20000b38:	4620      	mov	r0, r4
20000b3a:	6863      	ldr	r3, [r4, #4]
20000b3c:	601d      	str	r5, [r3, #0]
20000b3e:	b003      	add	sp, #12
20000b40:	e8bd 4030 	ldmia.w	sp!, {r4, r5, lr}
20000b44:	f7ff bfc0 	b.w	20000ac8 <_hw_endpoint_buffer_control_update32>
20000b48:	09db      	lsrs	r3, r3, #7
20000b4a:	d0f0      	beq.n	20000b2e <hw_endpoint_start_next_buffer+0x22>
20000b4c:	8aa3      	ldrh	r3, [r4, #20]
20000b4e:	2b00      	cmp	r3, #0
20000b50:	d0ed      	beq.n	20000b2e <hw_endpoint_start_next_buffer+0x22>
20000b52:	2101      	movs	r1, #1
20000b54:	4620      	mov	r0, r4
20000b56:	9201      	str	r2, [sp, #4]
20000b58:	f7ff feb8 	bl	200008cc <prepare_ep_buffer>
20000b5c:	9a01      	ldr	r2, [sp, #4]
20000b5e:	f025 5500 	bic.w	r5, r5, #536870912	@ 0x20000000
20000b62:	4302      	orrs	r2, r0
20000b64:	f045 45a0 	orr.w	r5, r5, #1342177280	@ 0x50000000
20000b68:	e7e5      	b.n	20000b36 <hw_endpoint_start_next_buffer+0x2a>
20000b6a:	bf00      	nop
20000b6c:	50110000 	.word	0x50110000

20000b70 <hw_endpoint_xfer_continue>:
20000b70:	b538      	push	{r3, r4, r5, lr}
20000b72:	7e85      	ldrb	r5, [r0, #26]
20000b74:	4604      	mov	r4, r0
20000b76:	b195      	cbz	r5, 20000b9e <hw_endpoint_xfer_continue+0x2e>
20000b78:	f7ff ff62 	bl	20000a40 <_hw_endpoint_xfer_sync>
20000b7c:	8aa3      	ldrh	r3, [r4, #20]
20000b7e:	b90b      	cbnz	r3, 20000b84 <hw_endpoint_xfer_continue+0x14>
20000b80:	4628      	mov	r0, r5
20000b82:	bd38      	pop	{r3, r4, r5, pc}
20000b84:	4620      	mov	r0, r4
20000b86:	f7ff ff85 	bl	20000a94 <e15_is_critical_frame_period>
20000b8a:	b120      	cbz	r0, 20000b96 <hw_endpoint_xfer_continue+0x26>
20000b8c:	2301      	movs	r3, #1
20000b8e:	7723      	strb	r3, [r4, #28]
20000b90:	2500      	movs	r5, #0
20000b92:	4628      	mov	r0, r5
20000b94:	bd38      	pop	{r3, r4, r5, pc}
20000b96:	4620      	mov	r0, r4
20000b98:	f7ff ffb8 	bl	20000b0c <hw_endpoint_start_next_buffer>
20000b9c:	e7f8      	b.n	20000b90 <hw_endpoint_xfer_continue+0x20>
20000b9e:	7881      	ldrb	r1, [r0, #2]
20000ba0:	4801      	ldr	r0, [pc, #4]	@ (20000ba8 <hw_endpoint_xfer_continue+0x38>)
20000ba2:	f000 fce5 	bl	20001570 <__panic_veneer>
20000ba6:	bf00      	nop
20000ba8:	10006e20 	.word	0x10006e20

20000bac <dcd_event_handler>:
20000bac:	e92d 43f0 	stmdb	sp!, {r4, r5, r6, r7, r8, r9, lr}
20000bb0:	7843      	ldrb	r3, [r0, #1]
20000bb2:	4681      	mov	r9, r0
20000bb4:	3b02      	subs	r3, #2
20000bb6:	460d      	mov	r5, r1
20000bb8:	b085      	sub	sp, #20
20000bba:	2b04      	cmp	r3, #4
20000bbc:	d813      	bhi.n	20000be6 <dcd_event_handler+0x3a>
20000bbe:	e8df f003 	tbb	[pc, r3]
20000bc2:	4a03      	.short	0x4a03
20000bc4:	736a      	.short	0x736a
20000bc6:	44          	.byte	0x44
20000bc7:	00          	.byte	0x00
20000bc8:	2100      	movs	r1, #0
20000bca:	4b7b      	ldr	r3, [pc, #492]	@ (20000db8 <dcd_event_handler+0x20c>)
20000bcc:	781a      	ldrb	r2, [r3, #0]
20000bce:	f022 0201 	bic.w	r2, r2, #1
20000bd2:	701a      	strb	r2, [r3, #0]
20000bd4:	781a      	ldrb	r2, [r3, #0]
20000bd6:	f022 0202 	bic.w	r2, r2, #2
20000bda:	701a      	strb	r2, [r3, #0]
20000bdc:	7059      	strb	r1, [r3, #1]
20000bde:	781a      	ldrb	r2, [r3, #0]
20000be0:	f361 0282 	bfi	r2, r1, #2, #1
20000be4:	701a      	strb	r2, [r3, #0]
20000be6:	4b75      	ldr	r3, [pc, #468]	@ (20000dbc <dcd_event_handler+0x210>)
20000be8:	681c      	ldr	r4, [r3, #0]
20000bea:	6963      	ldr	r3, [r4, #20]
20000bec:	f3ef 8210 	mrs	r2, PRIMASK
20000bf0:	b672      	cpsid	i
20000bf2:	e8d3 0fcf 	ldaexb	r0, [r3]
20000bf6:	2101      	movs	r1, #1
20000bf8:	2800      	cmp	r0, #0
20000bfa:	d1fa      	bne.n	20000bf2 <dcd_event_handler+0x46>
20000bfc:	e8c3 1f40 	strexb	r0, r1, [r3]
20000c00:	2800      	cmp	r0, #0
20000c02:	d1f6      	bne.n	20000bf2 <dcd_event_handler+0x46>
20000c04:	f3bf 8f5f 	dmb	sy
20000c08:	61a2      	str	r2, [r4, #24]
20000c0a:	4649      	mov	r1, r9
20000c0c:	4620      	mov	r0, r4
20000c0e:	f000 fcb7 	bl	20001580 <__tu_fifo_write_veneer>
20000c12:	2300      	movs	r3, #0
20000c14:	6962      	ldr	r2, [r4, #20]
20000c16:	e8c2 3f8f 	stlb	r3, [r2]
20000c1a:	69a3      	ldr	r3, [r4, #24]
20000c1c:	f383 8810 	msr	PRIMASK, r3
20000c20:	b948      	cbnz	r0, 20000c36 <dcd_event_handler+0x8a>
20000c22:	f04f 23e0 	mov.w	r3, #3758153728	@ 0xe000e000
20000c26:	f8d3 3df0 	ldr.w	r3, [r3, #3568]	@ 0xdf0
20000c2a:	07db      	lsls	r3, r3, #31
20000c2c:	d50a      	bpl.n	20000c44 <dcd_event_handler+0x98>
20000c2e:	be00      	bkpt	0x0000
20000c30:	b005      	add	sp, #20
20000c32:	e8bd 83f0 	ldmia.w	sp!, {r4, r5, r6, r7, r8, r9, pc}
20000c36:	462a      	mov	r2, r5
20000c38:	f899 1001 	ldrb.w	r1, [r9, #1]
20000c3c:	f899 0000 	ldrb.w	r0, [r9]
20000c40:	f000 fc9a 	bl	20001578 <__tud_event_hook_cb_veneer>
20000c44:	b005      	add	sp, #20
20000c46:	e8bd 83f0 	ldmia.w	sp!, {r4, r5, r6, r7, r8, r9, pc}
20000c4a:	4a5d      	ldr	r2, [pc, #372]	@ (20000dc0 <dcd_event_handler+0x214>)
20000c4c:	7813      	ldrb	r3, [r2, #0]
20000c4e:	3301      	adds	r3, #1
20000c50:	b2db      	uxtb	r3, r3
20000c52:	7013      	strb	r3, [r2, #0]
20000c54:	e7c7      	b.n	20000be6 <dcd_event_handler+0x3a>
20000c56:	2400      	movs	r4, #0
20000c58:	4e5a      	ldr	r6, [pc, #360]	@ (20000dc4 <dcd_event_handler+0x218>)
20000c5a:	4623      	mov	r3, r4
20000c5c:	7831      	ldrb	r1, [r6, #0]
20000c5e:	f8df 816c 	ldr.w	r8, [pc, #364]	@ 20000dcc <dcd_event_handler+0x220>
20000c62:	4f59      	ldr	r7, [pc, #356]	@ (20000dc8 <dcd_event_handler+0x21c>)
20000c64:	e011      	b.n	20000c8a <dcd_event_handler+0xde>
20000c66:	683b      	ldr	r3, [r7, #0]
20000c68:	eb13 1344 	adds.w	r3, r3, r4, lsl #5
20000c6c:	d007      	beq.n	20000c7e <dcd_event_handler+0xd2>
20000c6e:	69db      	ldr	r3, [r3, #28]
20000c70:	b12b      	cbz	r3, 20000c7e <dcd_event_handler+0xd2>
20000c72:	f8d9 1004 	ldr.w	r1, [r9, #4]
20000c76:	f899 0000 	ldrb.w	r0, [r9]
20000c7a:	4798      	blx	r3
20000c7c:	7831      	ldrb	r1, [r6, #0]
20000c7e:	3401      	adds	r4, #1
20000c80:	b2e4      	uxtb	r4, r4
20000c82:	1c4a      	adds	r2, r1, #1
20000c84:	42a2      	cmp	r2, r4
20000c86:	4623      	mov	r3, r4
20000c88:	db17      	blt.n	20000cba <dcd_event_handler+0x10e>
20000c8a:	42a1      	cmp	r1, r4
20000c8c:	d8eb      	bhi.n	20000c66 <dcd_event_handler+0xba>
20000c8e:	1a5b      	subs	r3, r3, r1
20000c90:	eb08 1343 	add.w	r3, r8, r3, lsl #5
20000c94:	e7eb      	b.n	20000c6e <dcd_event_handler+0xc2>
20000c96:	4b48      	ldr	r3, [pc, #288]	@ (20000db8 <dcd_event_handler+0x20c>)
20000c98:	781a      	ldrb	r2, [r3, #0]
20000c9a:	07d6      	lsls	r6, r2, #31
20000c9c:	d5d2      	bpl.n	20000c44 <dcd_event_handler+0x98>
20000c9e:	781a      	ldrb	r2, [r3, #0]
20000ca0:	f042 0204 	orr.w	r2, r2, #4
20000ca4:	701a      	strb	r2, [r3, #0]
20000ca6:	e79e      	b.n	20000be6 <dcd_event_handler+0x3a>
20000ca8:	4b43      	ldr	r3, [pc, #268]	@ (20000db8 <dcd_event_handler+0x20c>)
20000caa:	781a      	ldrb	r2, [r3, #0]
20000cac:	07d4      	lsls	r4, r2, #31
20000cae:	d5c9      	bpl.n	20000c44 <dcd_event_handler+0x98>
20000cb0:	781a      	ldrb	r2, [r3, #0]
20000cb2:	f022 0204 	bic.w	r2, r2, #4
20000cb6:	701a      	strb	r2, [r3, #0]
20000cb8:	e795      	b.n	20000be6 <dcd_event_handler+0x3a>
20000cba:	4c3f      	ldr	r4, [pc, #252]	@ (20000db8 <dcd_event_handler+0x20c>)
20000cbc:	7823      	ldrb	r3, [r4, #0]
20000cbe:	0758      	lsls	r0, r3, #29
20000cc0:	d43a      	bmi.n	20000d38 <dcd_event_handler+0x18c>
20000cc2:	78e3      	ldrb	r3, [r4, #3]
20000cc4:	07da      	lsls	r2, r3, #31
20000cc6:	d5bd      	bpl.n	20000c44 <dcd_event_handler+0x98>
20000cc8:	2303      	movs	r3, #3
20000cca:	2600      	movs	r6, #0
20000ccc:	4a3b      	ldr	r2, [pc, #236]	@ (20000dbc <dcd_event_handler+0x210>)
20000cce:	f899 1000 	ldrb.w	r1, [r9]
20000cd2:	6814      	ldr	r4, [r2, #0]
20000cd4:	f8d9 2004 	ldr.w	r2, [r9, #4]
20000cd8:	f88d 1004 	strb.w	r1, [sp, #4]
20000cdc:	f88d 3005 	strb.w	r3, [sp, #5]
20000ce0:	6963      	ldr	r3, [r4, #20]
20000ce2:	f8cd 6006 	str.w	r6, [sp, #6]
20000ce6:	f8cd 600a 	str.w	r6, [sp, #10]
20000cea:	f8ad 600e 	strh.w	r6, [sp, #14]
20000cee:	9202      	str	r2, [sp, #8]
20000cf0:	f3ef 8210 	mrs	r2, PRIMASK
20000cf4:	b672      	cpsid	i
20000cf6:	e8d3 0fcf 	ldaexb	r0, [r3]
20000cfa:	2101      	movs	r1, #1
20000cfc:	2800      	cmp	r0, #0
20000cfe:	d1fa      	bne.n	20000cf6 <dcd_event_handler+0x14a>
20000d00:	e8c3 1f40 	strexb	r0, r1, [r3]
20000d04:	2800      	cmp	r0, #0
20000d06:	d1f6      	bne.n	20000cf6 <dcd_event_handler+0x14a>
20000d08:	f3bf 8f5f 	dmb	sy
20000d0c:	4620      	mov	r0, r4
20000d0e:	61a2      	str	r2, [r4, #24]
20000d10:	a901      	add	r1, sp, #4
20000d12:	f000 fc35 	bl	20001580 <__tu_fifo_write_veneer>
20000d16:	6963      	ldr	r3, [r4, #20]
20000d18:	e8c3 6f8f 	stlb	r6, [r3]
20000d1c:	69a3      	ldr	r3, [r4, #24]
20000d1e:	f383 8810 	msr	PRIMASK, r3
20000d22:	2800      	cmp	r0, #0
20000d24:	f43f af7d 	beq.w	20000c22 <dcd_event_handler+0x76>
20000d28:	462a      	mov	r2, r5
20000d2a:	f89d 1005 	ldrb.w	r1, [sp, #5]
20000d2e:	f89d 0004 	ldrb.w	r0, [sp, #4]
20000d32:	f000 fc21 	bl	20001578 <__tud_event_hook_cb_veneer>
20000d36:	e785      	b.n	20000c44 <dcd_event_handler+0x98>
20000d38:	7823      	ldrb	r3, [r4, #0]
20000d3a:	2700      	movs	r7, #0
20000d3c:	f023 0304 	bic.w	r3, r3, #4
20000d40:	7023      	strb	r3, [r4, #0]
20000d42:	2305      	movs	r3, #5
20000d44:	4a1d      	ldr	r2, [pc, #116]	@ (20000dbc <dcd_event_handler+0x210>)
20000d46:	f88d 3005 	strb.w	r3, [sp, #5]
20000d4a:	6816      	ldr	r6, [r2, #0]
20000d4c:	f899 2000 	ldrb.w	r2, [r9]
20000d50:	f8ad 700e 	strh.w	r7, [sp, #14]
20000d54:	f88d 2004 	strb.w	r2, [sp, #4]
20000d58:	6973      	ldr	r3, [r6, #20]
20000d5a:	f8cd 7006 	str.w	r7, [sp, #6]
20000d5e:	f8cd 700a 	str.w	r7, [sp, #10]
20000d62:	f3ef 8210 	mrs	r2, PRIMASK
20000d66:	b672      	cpsid	i
20000d68:	e8d3 0fcf 	ldaexb	r0, [r3]
20000d6c:	2101      	movs	r1, #1
20000d6e:	2800      	cmp	r0, #0
20000d70:	d1fa      	bne.n	20000d68 <dcd_event_handler+0x1bc>
20000d72:	e8c3 1f40 	strexb	r0, r1, [r3]
20000d76:	2800      	cmp	r0, #0
20000d78:	d1f6      	bne.n	20000d68 <dcd_event_handler+0x1bc>
20000d7a:	f3bf 8f5f 	dmb	sy
20000d7e:	4630      	mov	r0, r6
20000d80:	61b2      	str	r2, [r6, #24]
20000d82:	a901      	add	r1, sp, #4
20000d84:	f000 fbfc 	bl	20001580 <__tu_fifo_write_veneer>
20000d88:	6973      	ldr	r3, [r6, #20]
20000d8a:	e8c3 7f8f 	stlb	r7, [r3]
20000d8e:	69b3      	ldr	r3, [r6, #24]
20000d90:	f383 8810 	msr	PRIMASK, r3
20000d94:	b938      	cbnz	r0, 20000da6 <dcd_event_handler+0x1fa>
20000d96:	f04f 23e0 	mov.w	r3, #3758153728	@ 0xe000e000
20000d9a:	f8d3 3df0 	ldr.w	r3, [r3, #3568]	@ 0xdf0
20000d9e:	07d9      	lsls	r1, r3, #31
20000da0:	d58f      	bpl.n	20000cc2 <dcd_event_handler+0x116>
20000da2:	be00      	bkpt	0x0000
20000da4:	e78d      	b.n	20000cc2 <dcd_event_handler+0x116>
20000da6:	462a      	mov	r2, r5
20000da8:	f89d 1005 	ldrb.w	r1, [sp, #5]
20000dac:	f89d 0004 	ldrb.w	r0, [sp, #4]
20000db0:	f000 fbe2 	bl	20001578 <__tud_event_hook_cb_veneer>
20000db4:	e785      	b.n	20000cc2 <dcd_event_handler+0x116>
20000db6:	bf00      	nop
20000db8:	20001988 	.word	0x20001988
20000dbc:	200019e0 	.word	0x200019e0
20000dc0:	2000224f 	.word	0x2000224f
20000dc4:	2000224d 	.word	0x2000224d
20000dc8:	200017b8 	.word	0x200017b8
20000dcc:	10007074 	.word	0x10007074

20000dd0 <spi_write_blocking>:
20000dd0:	4684      	mov	ip, r0
20000dd2:	4610      	mov	r0, r2
20000dd4:	b36a      	cbz	r2, 20000e32 <spi_write_blocking+0x62>
20000dd6:	3901      	subs	r1, #1
20000dd8:	b500      	push	{lr}
20000dda:	eb01 0e02 	add.w	lr, r1, r2
20000dde:	f8dc 300c 	ldr.w	r3, [ip, #12]
20000de2:	079b      	lsls	r3, r3, #30
20000de4:	d5fb      	bpl.n	20000dde <spi_write_blocking+0xe>
20000de6:	f811 3f01 	ldrb.w	r3, [r1, #1]!
20000dea:	4571      	cmp	r1, lr
20000dec:	f8cc 3008 	str.w	r3, [ip, #8]
20000df0:	d1f5      	bne.n	20000dde <spi_write_blocking+0xe>
20000df2:	f8dc 300c 	ldr.w	r3, [ip, #12]
20000df6:	0759      	lsls	r1, r3, #29
20000df8:	d505      	bpl.n	20000e06 <spi_write_blocking+0x36>
20000dfa:	f8dc 3008 	ldr.w	r3, [ip, #8]
20000dfe:	f8dc 300c 	ldr.w	r3, [ip, #12]
20000e02:	0759      	lsls	r1, r3, #29
20000e04:	d4f9      	bmi.n	20000dfa <spi_write_blocking+0x2a>
20000e06:	f8dc 300c 	ldr.w	r3, [ip, #12]
20000e0a:	06da      	lsls	r2, r3, #27
20000e0c:	d506      	bpl.n	20000e1c <spi_write_blocking+0x4c>
20000e0e:	f8dc 300c 	ldr.w	r3, [ip, #12]
20000e12:	06da      	lsls	r2, r3, #27
20000e14:	d4f7      	bmi.n	20000e06 <spi_write_blocking+0x36>
20000e16:	e001      	b.n	20000e1c <spi_write_blocking+0x4c>
20000e18:	f8dc 3008 	ldr.w	r3, [ip, #8]
20000e1c:	f8dc 300c 	ldr.w	r3, [ip, #12]
20000e20:	075b      	lsls	r3, r3, #29
20000e22:	d4f9      	bmi.n	20000e18 <spi_write_blocking+0x48>
20000e24:	2301      	movs	r3, #1
20000e26:	f8cc 3020 	str.w	r3, [ip, #32]
20000e2a:	f85d fb04 	ldr.w	pc, [sp], #4
20000e2e:	f8dc 3008 	ldr.w	r3, [ip, #8]
20000e32:	f8dc 300c 	ldr.w	r3, [ip, #12]
20000e36:	0759      	lsls	r1, r3, #29
20000e38:	d4f9      	bmi.n	20000e2e <spi_write_blocking+0x5e>
20000e3a:	f8dc 300c 	ldr.w	r3, [ip, #12]
20000e3e:	06da      	lsls	r2, r3, #27
20000e40:	d506      	bpl.n	20000e50 <spi_write_blocking+0x80>
20000e42:	f8dc 300c 	ldr.w	r3, [ip, #12]
20000e46:	06da      	lsls	r2, r3, #27
20000e48:	d4f7      	bmi.n	20000e3a <spi_write_blocking+0x6a>
20000e4a:	e001      	b.n	20000e50 <spi_write_blocking+0x80>
20000e4c:	f8dc 3008 	ldr.w	r3, [ip, #8]
20000e50:	f8dc 300c 	ldr.w	r3, [ip, #12]
20000e54:	075b      	lsls	r3, r3, #29
20000e56:	d4f9      	bmi.n	20000e4c <spi_write_blocking+0x7c>
20000e58:	2301      	movs	r3, #1
20000e5a:	f8cc 3020 	str.w	r3, [ip, #32]
20000e5e:	4770      	bx	lr

20000e60 <__aeabi_drsub>:
20000e60:	f081 4100 	eor.w	r1, r1, #2147483648	@ 0x80000000
20000e64:	e002      	b.n	20000e6c <__adddf3>
20000e66:	bf00      	nop

20000e68 <__aeabi_dsub>:
20000e68:	f083 4300 	eor.w	r3, r3, #2147483648	@ 0x80000000

20000e6c <__adddf3>:
20000e6c:	b530      	push	{r4, r5, lr}
20000e6e:	ea4f 0441 	mov.w	r4, r1, lsl #1
20000e72:	ea4f 0543 	mov.w	r5, r3, lsl #1
20000e76:	ea94 0f05 	teq	r4, r5
20000e7a:	bf08      	it	eq
20000e7c:	ea90 0f02 	teqeq	r0, r2
20000e80:	bf1f      	itttt	ne
20000e82:	ea54 0c00 	orrsne.w	ip, r4, r0
20000e86:	ea55 0c02 	orrsne.w	ip, r5, r2
20000e8a:	ea7f 5c64 	mvnsne.w	ip, r4, asr #21
20000e8e:	ea7f 5c65 	mvnsne.w	ip, r5, asr #21
20000e92:	f000 80e2 	beq.w	2000105a <__adddf3+0x1ee>
20000e96:	ea4f 5454 	mov.w	r4, r4, lsr #21
20000e9a:	ebd4 5555 	rsbs	r5, r4, r5, lsr #21
20000e9e:	bfb8      	it	lt
20000ea0:	426d      	neglt	r5, r5
20000ea2:	dd0c      	ble.n	20000ebe <__adddf3+0x52>
20000ea4:	442c      	add	r4, r5
20000ea6:	ea80 0202 	eor.w	r2, r0, r2
20000eaa:	ea81 0303 	eor.w	r3, r1, r3
20000eae:	ea82 0000 	eor.w	r0, r2, r0
20000eb2:	ea83 0101 	eor.w	r1, r3, r1
20000eb6:	ea80 0202 	eor.w	r2, r0, r2
20000eba:	ea81 0303 	eor.w	r3, r1, r3
20000ebe:	2d36      	cmp	r5, #54	@ 0x36
20000ec0:	bf88      	it	hi
20000ec2:	bd30      	pophi	{r4, r5, pc}
20000ec4:	f011 4f00 	tst.w	r1, #2147483648	@ 0x80000000
20000ec8:	ea4f 3101 	mov.w	r1, r1, lsl #12
20000ecc:	f44f 1c80 	mov.w	ip, #1048576	@ 0x100000
20000ed0:	ea4c 3111 	orr.w	r1, ip, r1, lsr #12
20000ed4:	d002      	beq.n	20000edc <__adddf3+0x70>
20000ed6:	4240      	negs	r0, r0
20000ed8:	eb61 0141 	sbc.w	r1, r1, r1, lsl #1
20000edc:	f013 4f00 	tst.w	r3, #2147483648	@ 0x80000000
20000ee0:	ea4f 3303 	mov.w	r3, r3, lsl #12
20000ee4:	ea4c 3313 	orr.w	r3, ip, r3, lsr #12
20000ee8:	d002      	beq.n	20000ef0 <__adddf3+0x84>
20000eea:	4252      	negs	r2, r2
20000eec:	eb63 0343 	sbc.w	r3, r3, r3, lsl #1
20000ef0:	ea94 0f05 	teq	r4, r5
20000ef4:	f000 80a7 	beq.w	20001046 <__adddf3+0x1da>
20000ef8:	f1a4 0401 	sub.w	r4, r4, #1
20000efc:	f1d5 0e20 	rsbs	lr, r5, #32
20000f00:	db0d      	blt.n	20000f1e <__adddf3+0xb2>
20000f02:	fa02 fc0e 	lsl.w	ip, r2, lr
20000f06:	fa22 f205 	lsr.w	r2, r2, r5
20000f0a:	1880      	adds	r0, r0, r2
20000f0c:	f141 0100 	adc.w	r1, r1, #0
20000f10:	fa03 f20e 	lsl.w	r2, r3, lr
20000f14:	1880      	adds	r0, r0, r2
20000f16:	fa43 f305 	asr.w	r3, r3, r5
20000f1a:	4159      	adcs	r1, r3
20000f1c:	e00e      	b.n	20000f3c <__adddf3+0xd0>
20000f1e:	f1a5 0520 	sub.w	r5, r5, #32
20000f22:	f10e 0e20 	add.w	lr, lr, #32
20000f26:	2a01      	cmp	r2, #1
20000f28:	fa03 fc0e 	lsl.w	ip, r3, lr
20000f2c:	bf28      	it	cs
20000f2e:	f04c 0c02 	orrcs.w	ip, ip, #2
20000f32:	fa43 f305 	asr.w	r3, r3, r5
20000f36:	18c0      	adds	r0, r0, r3
20000f38:	eb51 71e3 	adcs.w	r1, r1, r3, asr #31
20000f3c:	f001 4500 	and.w	r5, r1, #2147483648	@ 0x80000000
20000f40:	d507      	bpl.n	20000f52 <__adddf3+0xe6>
20000f42:	f04f 0e00 	mov.w	lr, #0
20000f46:	f1dc 0c00 	rsbs	ip, ip, #0
20000f4a:	eb7e 0000 	sbcs.w	r0, lr, r0
20000f4e:	eb6e 0101 	sbc.w	r1, lr, r1
20000f52:	f5b1 1f80 	cmp.w	r1, #1048576	@ 0x100000
20000f56:	d31b      	bcc.n	20000f90 <__adddf3+0x124>
20000f58:	f5b1 1f00 	cmp.w	r1, #2097152	@ 0x200000
20000f5c:	d30c      	bcc.n	20000f78 <__adddf3+0x10c>
20000f5e:	0849      	lsrs	r1, r1, #1
20000f60:	ea5f 0030 	movs.w	r0, r0, rrx
20000f64:	ea4f 0c3c 	mov.w	ip, ip, rrx
20000f68:	f104 0401 	add.w	r4, r4, #1
20000f6c:	ea4f 5244 	mov.w	r2, r4, lsl #21
20000f70:	f512 0f80 	cmn.w	r2, #4194304	@ 0x400000
20000f74:	f080 809a 	bcs.w	200010ac <__adddf3+0x240>
20000f78:	f1bc 4f00 	cmp.w	ip, #2147483648	@ 0x80000000
20000f7c:	bf08      	it	eq
20000f7e:	ea5f 0c50 	movseq.w	ip, r0, lsr #1
20000f82:	f150 0000 	adcs.w	r0, r0, #0
20000f86:	eb41 5104 	adc.w	r1, r1, r4, lsl #20
20000f8a:	ea41 0105 	orr.w	r1, r1, r5
20000f8e:	bd30      	pop	{r4, r5, pc}
20000f90:	ea5f 0c4c 	movs.w	ip, ip, lsl #1
20000f94:	4140      	adcs	r0, r0
20000f96:	eb41 0101 	adc.w	r1, r1, r1
20000f9a:	3c01      	subs	r4, #1
20000f9c:	bf28      	it	cs
20000f9e:	f5b1 1f80 	cmpcs.w	r1, #1048576	@ 0x100000
20000fa2:	d2e9      	bcs.n	20000f78 <__adddf3+0x10c>
20000fa4:	f091 0f00 	teq	r1, #0
20000fa8:	bf04      	itt	eq
20000faa:	4601      	moveq	r1, r0
20000fac:	2000      	moveq	r0, #0
20000fae:	fab1 f381 	clz	r3, r1
20000fb2:	bf08      	it	eq
20000fb4:	3320      	addeq	r3, #32
20000fb6:	f1a3 030b 	sub.w	r3, r3, #11
20000fba:	f1b3 0220 	subs.w	r2, r3, #32
20000fbe:	da0c      	bge.n	20000fda <__adddf3+0x16e>
20000fc0:	320c      	adds	r2, #12
20000fc2:	dd08      	ble.n	20000fd6 <__adddf3+0x16a>
20000fc4:	f102 0c14 	add.w	ip, r2, #20
20000fc8:	f1c2 020c 	rsb	r2, r2, #12
20000fcc:	fa01 f00c 	lsl.w	r0, r1, ip
20000fd0:	fa21 f102 	lsr.w	r1, r1, r2
20000fd4:	e00c      	b.n	20000ff0 <__adddf3+0x184>
20000fd6:	f102 0214 	add.w	r2, r2, #20
20000fda:	bfd8      	it	le
20000fdc:	f1c2 0c20 	rsble	ip, r2, #32
20000fe0:	fa01 f102 	lsl.w	r1, r1, r2
20000fe4:	fa20 fc0c 	lsr.w	ip, r0, ip
20000fe8:	bfdc      	itt	le
20000fea:	ea41 010c 	orrle.w	r1, r1, ip
20000fee:	4090      	lslle	r0, r2
20000ff0:	1ae4      	subs	r4, r4, r3
20000ff2:	bfa2      	ittt	ge
20000ff4:	eb01 5104 	addge.w	r1, r1, r4, lsl #20
20000ff8:	4329      	orrge	r1, r5
20000ffa:	bd30      	popge	{r4, r5, pc}
20000ffc:	ea6f 0404 	mvn.w	r4, r4
20001000:	3c1f      	subs	r4, #31
20001002:	da1c      	bge.n	2000103e <__adddf3+0x1d2>
20001004:	340c      	adds	r4, #12
20001006:	dc0e      	bgt.n	20001026 <__adddf3+0x1ba>
20001008:	f104 0414 	add.w	r4, r4, #20
2000100c:	f1c4 0220 	rsb	r2, r4, #32
20001010:	fa20 f004 	lsr.w	r0, r0, r4
20001014:	fa01 f302 	lsl.w	r3, r1, r2
20001018:	ea40 0003 	orr.w	r0, r0, r3
2000101c:	fa21 f304 	lsr.w	r3, r1, r4
20001020:	ea45 0103 	orr.w	r1, r5, r3
20001024:	bd30      	pop	{r4, r5, pc}
20001026:	f1c4 040c 	rsb	r4, r4, #12
2000102a:	f1c4 0220 	rsb	r2, r4, #32
2000102e:	fa20 f002 	lsr.w	r0, r0, r2
20001032:	fa01 f304 	lsl.w	r3, r1, r4
20001036:	ea40 0003 	orr.w	r0, r0, r3
2000103a:	4629      	mov	r1, r5
2000103c:	bd30      	pop	{r4, r5, pc}
2000103e:	fa21 f004 	lsr.w	r0, r1, r4
20001042:	4629      	mov	r1, r5
20001044:	bd30      	pop	{r4, r5, pc}
20001046:	f094 0f00 	teq	r4, #0
2000104a:	f483 1380 	eor.w	r3, r3, #1048576	@ 0x100000
2000104e:	bf06      	itte	eq
20001050:	f481 1180 	eoreq.w	r1, r1, #1048576	@ 0x100000
20001054:	3401      	addeq	r4, #1
20001056:	3d01      	subne	r5, #1
20001058:	e74e      	b.n	20000ef8 <__adddf3+0x8c>
2000105a:	ea7f 5c64 	mvns.w	ip, r4, asr #21
2000105e:	bf18      	it	ne
20001060:	ea7f 5c65 	mvnsne.w	ip, r5, asr #21
20001064:	d029      	beq.n	200010ba <__adddf3+0x24e>
20001066:	ea94 0f05 	teq	r4, r5
2000106a:	bf08      	it	eq
2000106c:	ea90 0f02 	teqeq	r0, r2
20001070:	d005      	beq.n	2000107e <__adddf3+0x212>
20001072:	ea54 0c00 	orrs.w	ip, r4, r0
20001076:	bf04      	itt	eq
20001078:	4619      	moveq	r1, r3
2000107a:	4610      	moveq	r0, r2
2000107c:	bd30      	pop	{r4, r5, pc}
2000107e:	ea91 0f03 	teq	r1, r3
20001082:	bf1e      	ittt	ne
20001084:	2100      	movne	r1, #0
20001086:	2000      	movne	r0, #0
20001088:	bd30      	popne	{r4, r5, pc}
2000108a:	ea5f 5c54 	movs.w	ip, r4, lsr #21
2000108e:	d105      	bne.n	2000109c <__adddf3+0x230>
20001090:	0040      	lsls	r0, r0, #1
20001092:	4149      	adcs	r1, r1
20001094:	bf28      	it	cs
20001096:	f041 4100 	orrcs.w	r1, r1, #2147483648	@ 0x80000000
2000109a:	bd30      	pop	{r4, r5, pc}
2000109c:	f514 0480 	adds.w	r4, r4, #4194304	@ 0x400000
200010a0:	bf3c      	itt	cc
200010a2:	f501 1180 	addcc.w	r1, r1, #1048576	@ 0x100000
200010a6:	bd30      	popcc	{r4, r5, pc}
200010a8:	f001 4500 	and.w	r5, r1, #2147483648	@ 0x80000000
200010ac:	f045 41fe 	orr.w	r1, r5, #2130706432	@ 0x7f000000
200010b0:	f441 0170 	orr.w	r1, r1, #15728640	@ 0xf00000
200010b4:	f04f 0000 	mov.w	r0, #0
200010b8:	bd30      	pop	{r4, r5, pc}
200010ba:	ea7f 5c64 	mvns.w	ip, r4, asr #21
200010be:	bf1a      	itte	ne
200010c0:	4619      	movne	r1, r3
200010c2:	4610      	movne	r0, r2
200010c4:	ea7f 5c65 	mvnseq.w	ip, r5, asr #21
200010c8:	bf1c      	itt	ne
200010ca:	460b      	movne	r3, r1
200010cc:	4602      	movne	r2, r0
200010ce:	ea50 3401 	orrs.w	r4, r0, r1, lsl #12
200010d2:	bf06      	itte	eq
200010d4:	ea52 3503 	orrseq.w	r5, r2, r3, lsl #12
200010d8:	ea91 0f03 	teqeq	r1, r3
200010dc:	f441 2100 	orrne.w	r1, r1, #524288	@ 0x80000
200010e0:	bd30      	pop	{r4, r5, pc}
200010e2:	bf00      	nop

200010e4 <__aeabi_ui2d>:
200010e4:	f090 0f00 	teq	r0, #0
200010e8:	bf04      	itt	eq
200010ea:	2100      	moveq	r1, #0
200010ec:	4770      	bxeq	lr
200010ee:	b530      	push	{r4, r5, lr}
200010f0:	f44f 6480 	mov.w	r4, #1024	@ 0x400
200010f4:	f104 0432 	add.w	r4, r4, #50	@ 0x32
200010f8:	f04f 0500 	mov.w	r5, #0
200010fc:	f04f 0100 	mov.w	r1, #0
20001100:	e750      	b.n	20000fa4 <__adddf3+0x138>
20001102:	bf00      	nop

20001104 <__aeabi_i2d>:
20001104:	f090 0f00 	teq	r0, #0
20001108:	bf04      	itt	eq
2000110a:	2100      	moveq	r1, #0
2000110c:	4770      	bxeq	lr
2000110e:	b530      	push	{r4, r5, lr}
20001110:	f44f 6480 	mov.w	r4, #1024	@ 0x400
20001114:	f104 0432 	add.w	r4, r4, #50	@ 0x32
20001118:	f010 4500 	ands.w	r5, r0, #2147483648	@ 0x80000000
2000111c:	bf48      	it	mi
2000111e:	4240      	negmi	r0, r0
20001120:	f04f 0100 	mov.w	r1, #0
20001124:	e73e      	b.n	20000fa4 <__adddf3+0x138>
20001126:	bf00      	nop

20001128 <__aeabi_f2d>:
20001128:	0042      	lsls	r2, r0, #1
2000112a:	ea4f 01e2 	mov.w	r1, r2, asr #3
2000112e:	ea4f 0131 	mov.w	r1, r1, rrx
20001132:	ea4f 7002 	mov.w	r0, r2, lsl #28
20001136:	bf1f      	itttt	ne
20001138:	f012 437f 	andsne.w	r3, r2, #4278190080	@ 0xff000000
2000113c:	f093 4f7f 	teqne	r3, #4278190080	@ 0xff000000
20001140:	f081 5160 	eorne.w	r1, r1, #939524096	@ 0x38000000
20001144:	4770      	bxne	lr
20001146:	f032 427f 	bics.w	r2, r2, #4278190080	@ 0xff000000
2000114a:	bf08      	it	eq
2000114c:	4770      	bxeq	lr
2000114e:	f093 4f7f 	teq	r3, #4278190080	@ 0xff000000
20001152:	bf04      	itt	eq
20001154:	f441 2100 	orreq.w	r1, r1, #524288	@ 0x80000
20001158:	4770      	bxeq	lr
2000115a:	b530      	push	{r4, r5, lr}
2000115c:	f44f 7460 	mov.w	r4, #896	@ 0x380
20001160:	f001 4500 	and.w	r5, r1, #2147483648	@ 0x80000000
20001164:	f021 4100 	bic.w	r1, r1, #2147483648	@ 0x80000000
20001168:	e71c      	b.n	20000fa4 <__adddf3+0x138>
2000116a:	bf00      	nop

2000116c <__aeabi_ul2d>:
2000116c:	ea50 0201 	orrs.w	r2, r0, r1
20001170:	bf08      	it	eq
20001172:	4770      	bxeq	lr
20001174:	b530      	push	{r4, r5, lr}
20001176:	f04f 0500 	mov.w	r5, #0
2000117a:	e00a      	b.n	20001192 <__aeabi_l2d+0x16>

2000117c <__aeabi_l2d>:
2000117c:	ea50 0201 	orrs.w	r2, r0, r1
20001180:	bf08      	it	eq
20001182:	4770      	bxeq	lr
20001184:	b530      	push	{r4, r5, lr}
20001186:	f011 4500 	ands.w	r5, r1, #2147483648	@ 0x80000000
2000118a:	d502      	bpl.n	20001192 <__aeabi_l2d+0x16>
2000118c:	4240      	negs	r0, r0
2000118e:	eb61 0141 	sbc.w	r1, r1, r1, lsl #1
20001192:	f44f 6480 	mov.w	r4, #1024	@ 0x400
20001196:	f104 0432 	add.w	r4, r4, #50	@ 0x32
2000119a:	ea5f 5c91 	movs.w	ip, r1, lsr #22
2000119e:	f43f aed8 	beq.w	20000f52 <__adddf3+0xe6>
200011a2:	f04f 0203 	mov.w	r2, #3
200011a6:	ea5f 0cdc 	movs.w	ip, ip, lsr #3
200011aa:	bf18      	it	ne
200011ac:	3203      	addne	r2, #3
200011ae:	ea5f 0cdc 	movs.w	ip, ip, lsr #3
200011b2:	bf18      	it	ne
200011b4:	3203      	addne	r2, #3
200011b6:	eb02 02dc 	add.w	r2, r2, ip, lsr #3
200011ba:	f1c2 0320 	rsb	r3, r2, #32
200011be:	fa00 fc03 	lsl.w	ip, r0, r3
200011c2:	fa20 f002 	lsr.w	r0, r0, r2
200011c6:	fa01 fe03 	lsl.w	lr, r1, r3
200011ca:	ea40 000e 	orr.w	r0, r0, lr
200011ce:	fa21 f102 	lsr.w	r1, r1, r2
200011d2:	4414      	add	r4, r2
200011d4:	e6bd      	b.n	20000f52 <__adddf3+0xe6>
200011d6:	bf00      	nop

200011d8 <__aeabi_uldivmod>:
200011d8:	b953      	cbnz	r3, 200011f0 <__aeabi_uldivmod+0x18>
200011da:	b94a      	cbnz	r2, 200011f0 <__aeabi_uldivmod+0x18>
200011dc:	2900      	cmp	r1, #0
200011de:	bf08      	it	eq
200011e0:	2800      	cmpeq	r0, #0
200011e2:	bf1c      	itt	ne
200011e4:	f04f 31ff 	movne.w	r1, #4294967295	@ 0xffffffff
200011e8:	f04f 30ff 	movne.w	r0, #4294967295	@ 0xffffffff
200011ec:	f000 b9b2 	b.w	20001554 <__aeabi_idiv0>
200011f0:	f1ad 0c08 	sub.w	ip, sp, #8
200011f4:	e96d ce04 	strd	ip, lr, [sp, #-16]!
200011f8:	f000 f806 	bl	20001208 <__udivmoddi4>
200011fc:	f8dd e004 	ldr.w	lr, [sp, #4]
20001200:	e9dd 2302 	ldrd	r2, r3, [sp, #8]
20001204:	b004      	add	sp, #16
20001206:	4770      	bx	lr

20001208 <__udivmoddi4>:
20001208:	e92d 4ff0 	stmdb	sp!, {r4, r5, r6, r7, r8, r9, sl, fp, lr}
2000120c:	468c      	mov	ip, r1
2000120e:	9e09      	ldr	r6, [sp, #36]	@ 0x24
20001210:	4604      	mov	r4, r0
20001212:	460f      	mov	r7, r1
20001214:	2b00      	cmp	r3, #0
20001216:	d148      	bne.n	200012aa <__udivmoddi4+0xa2>
20001218:	428a      	cmp	r2, r1
2000121a:	4615      	mov	r5, r2
2000121c:	d95e      	bls.n	200012dc <__udivmoddi4+0xd4>
2000121e:	fab2 f382 	clz	r3, r2
20001222:	b13b      	cbz	r3, 20001234 <__udivmoddi4+0x2c>
20001224:	f1c3 0220 	rsb	r2, r3, #32
20001228:	409f      	lsls	r7, r3
2000122a:	409d      	lsls	r5, r3
2000122c:	409c      	lsls	r4, r3
2000122e:	fa20 f202 	lsr.w	r2, r0, r2
20001232:	4317      	orrs	r7, r2
20001234:	ea4f 4e15 	mov.w	lr, r5, lsr #16
20001238:	fa1f fc85 	uxth.w	ip, r5
2000123c:	0c22      	lsrs	r2, r4, #16
2000123e:	fbb7 f1fe 	udiv	r1, r7, lr
20001242:	fb0e 7711 	mls	r7, lr, r1, r7
20001246:	fb01 f00c 	mul.w	r0, r1, ip
2000124a:	ea42 4207 	orr.w	r2, r2, r7, lsl #16
2000124e:	4290      	cmp	r0, r2
20001250:	d907      	bls.n	20001262 <__udivmoddi4+0x5a>
20001252:	18aa      	adds	r2, r5, r2
20001254:	f101 37ff 	add.w	r7, r1, #4294967295	@ 0xffffffff
20001258:	d202      	bcs.n	20001260 <__udivmoddi4+0x58>
2000125a:	4290      	cmp	r0, r2
2000125c:	f200 8158 	bhi.w	20001510 <__udivmoddi4+0x308>
20001260:	4639      	mov	r1, r7
20001262:	1a12      	subs	r2, r2, r0
20001264:	b2a4      	uxth	r4, r4
20001266:	fbb2 f0fe 	udiv	r0, r2, lr
2000126a:	fb0e 2210 	mls	r2, lr, r0, r2
2000126e:	fb00 fc0c 	mul.w	ip, r0, ip
20001272:	ea44 4402 	orr.w	r4, r4, r2, lsl #16
20001276:	45a4      	cmp	ip, r4
20001278:	d90b      	bls.n	20001292 <__udivmoddi4+0x8a>
2000127a:	192c      	adds	r4, r5, r4
2000127c:	f100 32ff 	add.w	r2, r0, #4294967295	@ 0xffffffff
20001280:	bf2c      	ite	cs
20001282:	2701      	movcs	r7, #1
20001284:	2700      	movcc	r7, #0
20001286:	45a4      	cmp	ip, r4
20001288:	d902      	bls.n	20001290 <__udivmoddi4+0x88>
2000128a:	2f00      	cmp	r7, #0
2000128c:	f000 8143 	beq.w	20001516 <__udivmoddi4+0x30e>
20001290:	4610      	mov	r0, r2
20001292:	ea40 4001 	orr.w	r0, r0, r1, lsl #16
20001296:	eba4 040c 	sub.w	r4, r4, ip
2000129a:	2100      	movs	r1, #0
2000129c:	b11e      	cbz	r6, 200012a6 <__udivmoddi4+0x9e>
2000129e:	40dc      	lsrs	r4, r3
200012a0:	2300      	movs	r3, #0
200012a2:	e9c6 4300 	strd	r4, r3, [r6]
200012a6:	e8bd 8ff0 	ldmia.w	sp!, {r4, r5, r6, r7, r8, r9, sl, fp, pc}
200012aa:	428b      	cmp	r3, r1
200012ac:	d906      	bls.n	200012bc <__udivmoddi4+0xb4>
200012ae:	b10e      	cbz	r6, 200012b4 <__udivmoddi4+0xac>
200012b0:	e9c6 0100 	strd	r0, r1, [r6]
200012b4:	2100      	movs	r1, #0
200012b6:	4608      	mov	r0, r1
200012b8:	e8bd 8ff0 	ldmia.w	sp!, {r4, r5, r6, r7, r8, r9, sl, fp, pc}
200012bc:	fab3 f183 	clz	r1, r3
200012c0:	2900      	cmp	r1, #0
200012c2:	d151      	bne.n	20001368 <__udivmoddi4+0x160>
200012c4:	4563      	cmp	r3, ip
200012c6:	f0c0 8116 	bcc.w	200014f6 <__udivmoddi4+0x2ee>
200012ca:	4282      	cmp	r2, r0
200012cc:	f240 8113 	bls.w	200014f6 <__udivmoddi4+0x2ee>
200012d0:	4608      	mov	r0, r1
200012d2:	2e00      	cmp	r6, #0
200012d4:	d0e7      	beq.n	200012a6 <__udivmoddi4+0x9e>
200012d6:	e9c6 4700 	strd	r4, r7, [r6]
200012da:	e7e4      	b.n	200012a6 <__udivmoddi4+0x9e>
200012dc:	2a00      	cmp	r2, #0
200012de:	f000 80af 	beq.w	20001440 <__udivmoddi4+0x238>
200012e2:	fab2 f382 	clz	r3, r2
200012e6:	2b00      	cmp	r3, #0
200012e8:	f040 80c2 	bne.w	20001470 <__udivmoddi4+0x268>
200012ec:	1a8a      	subs	r2, r1, r2
200012ee:	ea4f 4e15 	mov.w	lr, r5, lsr #16
200012f2:	b2af      	uxth	r7, r5
200012f4:	2101      	movs	r1, #1
200012f6:	0c20      	lsrs	r0, r4, #16
200012f8:	fbb2 fcfe 	udiv	ip, r2, lr
200012fc:	fb0e 221c 	mls	r2, lr, ip, r2
20001300:	ea40 4202 	orr.w	r2, r0, r2, lsl #16
20001304:	fb07 f00c 	mul.w	r0, r7, ip
20001308:	4290      	cmp	r0, r2
2000130a:	d90e      	bls.n	2000132a <__udivmoddi4+0x122>
2000130c:	18aa      	adds	r2, r5, r2
2000130e:	f10c 38ff 	add.w	r8, ip, #4294967295	@ 0xffffffff
20001312:	bf2c      	ite	cs
20001314:	f04f 0901 	movcs.w	r9, #1
20001318:	f04f 0900 	movcc.w	r9, #0
2000131c:	4290      	cmp	r0, r2
2000131e:	d903      	bls.n	20001328 <__udivmoddi4+0x120>
20001320:	f1b9 0f00 	cmp.w	r9, #0
20001324:	f000 80f0 	beq.w	20001508 <__udivmoddi4+0x300>
20001328:	46c4      	mov	ip, r8
2000132a:	1a12      	subs	r2, r2, r0
2000132c:	b2a4      	uxth	r4, r4
2000132e:	fbb2 f0fe 	udiv	r0, r2, lr
20001332:	fb0e 2210 	mls	r2, lr, r0, r2
20001336:	fb00 f707 	mul.w	r7, r0, r7
2000133a:	ea44 4402 	orr.w	r4, r4, r2, lsl #16
2000133e:	42a7      	cmp	r7, r4
20001340:	d90e      	bls.n	20001360 <__udivmoddi4+0x158>
20001342:	192c      	adds	r4, r5, r4
20001344:	f100 32ff 	add.w	r2, r0, #4294967295	@ 0xffffffff
20001348:	bf2c      	ite	cs
2000134a:	f04f 0e01 	movcs.w	lr, #1
2000134e:	f04f 0e00 	movcc.w	lr, #0
20001352:	42a7      	cmp	r7, r4
20001354:	d903      	bls.n	2000135e <__udivmoddi4+0x156>
20001356:	f1be 0f00 	cmp.w	lr, #0
2000135a:	f000 80d2 	beq.w	20001502 <__udivmoddi4+0x2fa>
2000135e:	4610      	mov	r0, r2
20001360:	1be4      	subs	r4, r4, r7
20001362:	ea40 400c 	orr.w	r0, r0, ip, lsl #16
20001366:	e799      	b.n	2000129c <__udivmoddi4+0x94>
20001368:	f1c1 0520 	rsb	r5, r1, #32
2000136c:	408b      	lsls	r3, r1
2000136e:	fa0c f401 	lsl.w	r4, ip, r1
20001372:	fa00 f901 	lsl.w	r9, r0, r1
20001376:	fa22 f705 	lsr.w	r7, r2, r5
2000137a:	fa2c fc05 	lsr.w	ip, ip, r5
2000137e:	408a      	lsls	r2, r1
20001380:	431f      	orrs	r7, r3
20001382:	fa20 f305 	lsr.w	r3, r0, r5
20001386:	0c38      	lsrs	r0, r7, #16
20001388:	4323      	orrs	r3, r4
2000138a:	fa1f fe87 	uxth.w	lr, r7
2000138e:	0c1c      	lsrs	r4, r3, #16
20001390:	fbbc f8f0 	udiv	r8, ip, r0
20001394:	fb00 cc18 	mls	ip, r0, r8, ip
20001398:	ea44 440c 	orr.w	r4, r4, ip, lsl #16
2000139c:	fb08 fc0e 	mul.w	ip, r8, lr
200013a0:	45a4      	cmp	ip, r4
200013a2:	d90e      	bls.n	200013c2 <__udivmoddi4+0x1ba>
200013a4:	193c      	adds	r4, r7, r4
200013a6:	f108 3aff 	add.w	sl, r8, #4294967295	@ 0xffffffff
200013aa:	bf2c      	ite	cs
200013ac:	f04f 0b01 	movcs.w	fp, #1
200013b0:	f04f 0b00 	movcc.w	fp, #0
200013b4:	45a4      	cmp	ip, r4
200013b6:	d903      	bls.n	200013c0 <__udivmoddi4+0x1b8>
200013b8:	f1bb 0f00 	cmp.w	fp, #0
200013bc:	f000 80b8 	beq.w	20001530 <__udivmoddi4+0x328>
200013c0:	46d0      	mov	r8, sl
200013c2:	eba4 040c 	sub.w	r4, r4, ip
200013c6:	fa1f fc83 	uxth.w	ip, r3
200013ca:	fbb4 f3f0 	udiv	r3, r4, r0
200013ce:	fb00 4413 	mls	r4, r0, r3, r4
200013d2:	fb03 fe0e 	mul.w	lr, r3, lr
200013d6:	ea4c 4404 	orr.w	r4, ip, r4, lsl #16
200013da:	45a6      	cmp	lr, r4
200013dc:	d90e      	bls.n	200013fc <__udivmoddi4+0x1f4>
200013de:	193c      	adds	r4, r7, r4
200013e0:	f103 30ff 	add.w	r0, r3, #4294967295	@ 0xffffffff
200013e4:	bf2c      	ite	cs
200013e6:	f04f 0c01 	movcs.w	ip, #1
200013ea:	f04f 0c00 	movcc.w	ip, #0
200013ee:	45a6      	cmp	lr, r4
200013f0:	d903      	bls.n	200013fa <__udivmoddi4+0x1f2>
200013f2:	f1bc 0f00 	cmp.w	ip, #0
200013f6:	f000 809f 	beq.w	20001538 <__udivmoddi4+0x330>
200013fa:	4603      	mov	r3, r0
200013fc:	ea43 4008 	orr.w	r0, r3, r8, lsl #16
20001400:	eba4 040e 	sub.w	r4, r4, lr
20001404:	fba0 ec02 	umull	lr, ip, r0, r2
20001408:	4564      	cmp	r4, ip
2000140a:	4673      	mov	r3, lr
2000140c:	46e0      	mov	r8, ip
2000140e:	d302      	bcc.n	20001416 <__udivmoddi4+0x20e>
20001410:	d107      	bne.n	20001422 <__udivmoddi4+0x21a>
20001412:	45f1      	cmp	r9, lr
20001414:	d205      	bcs.n	20001422 <__udivmoddi4+0x21a>
20001416:	ebbe 0302 	subs.w	r3, lr, r2
2000141a:	eb6c 0c07 	sbc.w	ip, ip, r7
2000141e:	3801      	subs	r0, #1
20001420:	46e0      	mov	r8, ip
20001422:	b15e      	cbz	r6, 2000143c <__udivmoddi4+0x234>
20001424:	ebb9 0203 	subs.w	r2, r9, r3
20001428:	eb64 0408 	sbc.w	r4, r4, r8
2000142c:	fa04 f505 	lsl.w	r5, r4, r5
20001430:	fa22 f301 	lsr.w	r3, r2, r1
20001434:	40cc      	lsrs	r4, r1
20001436:	431d      	orrs	r5, r3
20001438:	e9c6 5400 	strd	r5, r4, [r6]
2000143c:	2100      	movs	r1, #0
2000143e:	e732      	b.n	200012a6 <__udivmoddi4+0x9e>
20001440:	0842      	lsrs	r2, r0, #1
20001442:	462f      	mov	r7, r5
20001444:	084b      	lsrs	r3, r1, #1
20001446:	46ac      	mov	ip, r5
20001448:	ea42 72c1 	orr.w	r2, r2, r1, lsl #31
2000144c:	46ae      	mov	lr, r5
2000144e:	07c4      	lsls	r4, r0, #31
20001450:	0c11      	lsrs	r1, r2, #16
20001452:	b292      	uxth	r2, r2
20001454:	ea41 4103 	orr.w	r1, r1, r3, lsl #16
20001458:	ea42 4201 	orr.w	r2, r2, r1, lsl #16
2000145c:	fbb1 f1f5 	udiv	r1, r1, r5
20001460:	fbb3 f0f5 	udiv	r0, r3, r5
20001464:	231f      	movs	r3, #31
20001466:	eba2 020c 	sub.w	r2, r2, ip
2000146a:	ea41 4100 	orr.w	r1, r1, r0, lsl #16
2000146e:	e742      	b.n	200012f6 <__udivmoddi4+0xee>
20001470:	409d      	lsls	r5, r3
20001472:	f1c3 0220 	rsb	r2, r3, #32
20001476:	4099      	lsls	r1, r3
20001478:	409c      	lsls	r4, r3
2000147a:	fa2c fc02 	lsr.w	ip, ip, r2
2000147e:	ea4f 4e15 	mov.w	lr, r5, lsr #16
20001482:	fa20 f202 	lsr.w	r2, r0, r2
20001486:	b2af      	uxth	r7, r5
20001488:	fbbc f8fe 	udiv	r8, ip, lr
2000148c:	430a      	orrs	r2, r1
2000148e:	fb0e cc18 	mls	ip, lr, r8, ip
20001492:	0c11      	lsrs	r1, r2, #16
20001494:	ea41 410c 	orr.w	r1, r1, ip, lsl #16
20001498:	fb08 fc07 	mul.w	ip, r8, r7
2000149c:	458c      	cmp	ip, r1
2000149e:	d950      	bls.n	20001542 <__udivmoddi4+0x33a>
200014a0:	1869      	adds	r1, r5, r1
200014a2:	f108 30ff 	add.w	r0, r8, #4294967295	@ 0xffffffff
200014a6:	bf2c      	ite	cs
200014a8:	f04f 0901 	movcs.w	r9, #1
200014ac:	f04f 0900 	movcc.w	r9, #0
200014b0:	458c      	cmp	ip, r1
200014b2:	d902      	bls.n	200014ba <__udivmoddi4+0x2b2>
200014b4:	f1b9 0f00 	cmp.w	r9, #0
200014b8:	d030      	beq.n	2000151c <__udivmoddi4+0x314>
200014ba:	eba1 010c 	sub.w	r1, r1, ip
200014be:	fbb1 f8fe 	udiv	r8, r1, lr
200014c2:	fb08 fc07 	mul.w	ip, r8, r7
200014c6:	fb0e 1118 	mls	r1, lr, r8, r1
200014ca:	b292      	uxth	r2, r2
200014cc:	ea42 4201 	orr.w	r2, r2, r1, lsl #16
200014d0:	4562      	cmp	r2, ip
200014d2:	d234      	bcs.n	2000153e <__udivmoddi4+0x336>
200014d4:	18aa      	adds	r2, r5, r2
200014d6:	f108 31ff 	add.w	r1, r8, #4294967295	@ 0xffffffff
200014da:	bf2c      	ite	cs
200014dc:	f04f 0901 	movcs.w	r9, #1
200014e0:	f04f 0900 	movcc.w	r9, #0
200014e4:	4562      	cmp	r2, ip
200014e6:	d2be      	bcs.n	20001466 <__udivmoddi4+0x25e>
200014e8:	f1b9 0f00 	cmp.w	r9, #0
200014ec:	d1bb      	bne.n	20001466 <__udivmoddi4+0x25e>
200014ee:	f1a8 0102 	sub.w	r1, r8, #2
200014f2:	442a      	add	r2, r5
200014f4:	e7b7      	b.n	20001466 <__udivmoddi4+0x25e>
200014f6:	1a84      	subs	r4, r0, r2
200014f8:	eb6c 0203 	sbc.w	r2, ip, r3
200014fc:	2001      	movs	r0, #1
200014fe:	4617      	mov	r7, r2
20001500:	e6e7      	b.n	200012d2 <__udivmoddi4+0xca>
20001502:	442c      	add	r4, r5
20001504:	3802      	subs	r0, #2
20001506:	e72b      	b.n	20001360 <__udivmoddi4+0x158>
20001508:	f1ac 0c02 	sub.w	ip, ip, #2
2000150c:	442a      	add	r2, r5
2000150e:	e70c      	b.n	2000132a <__udivmoddi4+0x122>
20001510:	3902      	subs	r1, #2
20001512:	442a      	add	r2, r5
20001514:	e6a5      	b.n	20001262 <__udivmoddi4+0x5a>
20001516:	442c      	add	r4, r5
20001518:	3802      	subs	r0, #2
2000151a:	e6ba      	b.n	20001292 <__udivmoddi4+0x8a>
2000151c:	eba5 0c0c 	sub.w	ip, r5, ip
20001520:	f1a8 0002 	sub.w	r0, r8, #2
20001524:	4461      	add	r1, ip
20001526:	fbb1 f8fe 	udiv	r8, r1, lr
2000152a:	fb08 fc07 	mul.w	ip, r8, r7
2000152e:	e7ca      	b.n	200014c6 <__udivmoddi4+0x2be>
20001530:	f1a8 0802 	sub.w	r8, r8, #2
20001534:	443c      	add	r4, r7
20001536:	e744      	b.n	200013c2 <__udivmoddi4+0x1ba>
20001538:	3b02      	subs	r3, #2
2000153a:	443c      	add	r4, r7
2000153c:	e75e      	b.n	200013fc <__udivmoddi4+0x1f4>
2000153e:	4641      	mov	r1, r8
20001540:	e791      	b.n	20001466 <__udivmoddi4+0x25e>
20001542:	eba1 010c 	sub.w	r1, r1, ip
20001546:	4640      	mov	r0, r8
20001548:	fbb1 f8fe 	udiv	r8, r1, lr
2000154c:	fb08 fc07 	mul.w	ip, r8, r7
20001550:	e7b9      	b.n	200014c6 <__udivmoddi4+0x2be>
20001552:	bf00      	nop

20001554 <__aeabi_idiv0>:
20001554:	4770      	bx	lr
20001556:	bf00      	nop

20001558 <__time_us_64_veneer>:
20001558:	f85f f000 	ldr.w	pc, [pc]	@ 2000155c <__time_us_64_veneer+0x4>
2000155c:	1000145d 	.word	0x1000145d

20001560 <__best_effort_wfe_or_timeout_veneer>:
20001560:	f85f f000 	ldr.w	pc, [pc]	@ 20001564 <__best_effort_wfe_or_timeout_veneer+0x4>
20001564:	10001355 	.word	0x10001355

20001568 <__memset_veneer>:
20001568:	f85f f000 	ldr.w	pc, [pc]	@ 2000156c <__memset_veneer+0x4>
2000156c:	10006a25 	.word	0x10006a25

20001570 <__panic_veneer>:
20001570:	f85f f000 	ldr.w	pc, [pc]	@ 20001574 <__panic_veneer+0x4>
20001574:	10000621 	.word	0x10000621

20001578 <__tud_event_hook_cb_veneer>:
20001578:	f85f f000 	ldr.w	pc, [pc]	@ 2000157c <__tud_event_hook_cb_veneer+0x4>
2000157c:	10004ce5 	.word	0x10004ce5

20001580 <__tu_fifo_write_veneer>:
20001580:	f85f f000 	ldr.w	pc, [pc]	@ 20001584 <__tu_fifo_write_veneer+0x4>
20001584:	100066bd 	.word	0x100066bd

20001588 <striped_spin_lock_num>:
20001588:	00000010                                ....

2000158c <irq_handler_chain_slots>:
2000158c:	00000000 	.word	0x00000000
20001590:	00010000 	.word	0x00010000
	...
2000159c:	00020000 	.word	0x00020000
	...
200015a8:	00030000 	.word	0x00030000
	...
200015b4:	00ff0000 	.word	0x00ff0000
200015b8:	00000000 	.word	0x00000000

200015bc <irq_handler_chain_first_slot>:
200015bc:	b501      	push	{r0, lr}
200015be:	6848      	ldr	r0, [r1, #4]
200015c0:	3101      	adds	r1, #1
200015c2:	468e      	mov	lr, r1
200015c4:	4700      	bx	r0

200015c6 <irq_handler_chain_remove_tail>:
200015c6:	4670      	mov	r0, lr
200015c8:	3809      	subs	r0, #9
200015ca:	4901      	ldr	r1, [pc, #4]	@ (200015d0 <irq_handler_chain_remove_tail+0xa>)
200015cc:	4788      	blx	r1
200015ce:	bd01      	pop	{r0, pc}
200015d0:	10000a95 	.word	0x10000a95

200015d4 <default_alarm_pool>:
	...
200015e8:	20001630                                0.. 

200015ec <stdio_usb>:
200015ec:	10004491 1000443d 100043b5 10004325     .D..=D...C..%C..
200015fc:	00000000 00000100                       ........

20001604 <_usbd_qdef>:
20001604:	200019e4 000c0010 00000000 00000000     ... ............
	...

20001620 <_usbd_rhport>:
20001620:	000000ff                                ....

20001624 <print_mutex>:
	...
